v 0.06603429 1.13862920 -0.09721169
v 0.06103466 1.12614822 -0.08716647
v 0.07268656 1.12113261 -0.09396623
v 0.07901270 1.12983847 -0.10461983
v 0.06938294 1.11338806 -0.08579275
v 0.05870707 1.11543083 -0.08012813
v 0.08103456 1.11342764 -0.10141292
v 0.08719124 1.11804676 -0.11234871
v 0.08879220 1.07599163 -0.10359152
v 0.09385822 1.06979132 -0.11145270
v 0.09294234 1.08241796 -0.11323851
v 0.08716668 1.08521867 -0.10512531
v 0.08857545 1.04952431 -0.10068516
v 0.08193668 1.04170513 -0.09073639
v 0.08512405 1.03063202 -0.09769821
v 0.09088645 1.03767562 -0.10832566
v 0.04728378 1.05959487 -0.07410851
v 0.05287910 1.05291772 -0.07306540
v 0.05673075 1.05959368 -0.07570612
v 0.05052765 1.06536961 -0.07667568
v 0.03779171 1.07090330 -0.07035214
v 0.03914288 1.07552719 -0.07515427
v 0.03397952 1.08061075 -0.07105067
v 0.03353982 1.07557511 -0.06508034
v 0.04201418 1.05407715 -0.07221508
v 0.04799110 1.04703426 -0.07151020
v 0.04246356 1.06560969 -0.07399824
v 0.04047281 1.06174231 -0.07040846
v 0.03722432 1.05839896 -0.05790076
v 0.03877291 1.06291080 -0.06061925
v 0.03502333 1.06558847 -0.05433458
v 0.03373463 1.05981851 -0.05345893
v 0.04053477 1.05509806 -0.06710304
v 0.04085288 1.05901980 -0.06498063
v 0.03829353 1.05572152 -0.06180266
v 0.03692095 1.05249763 -0.06451978
v 0.03718948 1.06739950 -0.06618489
v 0.03384587 1.07106447 -0.05975051
v 0.02923209 1.07421517 -0.05322692
v 0.02986440 1.06685638 -0.04759970
v 0.06438317 1.03813291 -0.07465160
v 0.05902345 1.04595447 -0.07312515
v 0.05405008 1.04076362 -0.07108855
v 0.05918355 1.03468609 -0.07200307
v 0.03830444 1.04852223 -0.06720766
v 0.04195011 1.03217864 -0.06225500
v 0.04236099 1.03634715 -0.06287184
v 0.03592737 1.03790879 -0.05948943
v 0.03627006 1.03399420 -0.05888441
v 0.07017329 1.02178073 -0.07957262
v 0.06440832 1.02142096 -0.07473660
v 0.06469437 1.01375222 -0.07599060
v 0.07017229 1.01262450 -0.08134574
v 0.06216841 1.00737906 -0.07573017
v 0.06821924 1.00368333 -0.08259502
v 0.05807498 0.98811108 -0.07952192
v 0.06335449 0.99494427 -0.08104490
v 0.05790325 1.00119996 -0.07406992
v 0.05185547 0.99604309 -0.07007560
v 0.03925043 1.00226235 -0.06339762
v 0.03339542 1.00167251 -0.06036639
v 0.03777670 0.98892152 -0.05936959
v 0.04441860 0.99161094 -0.06403607
v 0.04142348 1.02497077 -0.06578544
v 0.04563245 1.02461910 -0.06835169
v 0.04599167 1.02672505 -0.06617504
v 0.04151634 1.02842784 -0.06338604
v 0.04968137 1.02408719 -0.06976603
v 0.05149063 1.02382135 -0.07028314
v 0.05124735 1.02539158 -0.06923634
v 0.04961669 1.02488518 -0.06926891
v 0.04748170 1.02450013 -0.06881337
v 0.04622898 1.02248740 -0.06828354
v 0.04864083 1.02325892 -0.06924793
v 0.04219157 1.02202153 -0.06565632
v 0.02922197 1.02141786 -0.05771053
v 0.03319772 1.02156091 -0.05882955
v 0.03169783 1.02606893 -0.06118920
v 0.02848567 1.02623487 -0.06024097
v 0.04942931 1.02753520 -0.06805326
v 0.05216070 1.02922034 -0.06845373
v 0.04821012 1.03261709 -0.06584351
v 0.04679117 1.02964163 -0.06602608
v 0.05516186 1.03123593 -0.06907652
v 0.05374412 1.02664161 -0.06993367
v 0.05711172 1.02743363 -0.07059200
v 0.05077720 1.02192235 -0.07016870
v 0.05369206 1.02011657 -0.07112156
v 0.05450606 1.02308440 -0.07029353
v 0.05133405 1.01658010 -0.07031393
v 0.04796141 1.01990199 -0.06897673
v 0.04400197 1.01831055 -0.06606624
v 0.03922991 1.01716256 -0.06233659
v 0.04164363 1.01159739 -0.06438908
v 0.04712921 1.01363301 -0.06766564
v 0.05028176 1.03663969 -0.06785049
v 0.05893894 1.02228856 -0.07193558
v 0.06226668 1.02894139 -0.07365015
v 0.05859879 1.01706791 -0.07236716
v 0.05621710 1.01222658 -0.07204568
v 0.05163176 1.00780010 -0.07011962
v 0.04553682 1.00456095 -0.06675190
v 0.03987867 0.97727531 -0.06882535
v 0.04864491 0.98160911 -0.07298951
v 0.05676764 1.10773778 -0.08114557
v 0.06589013 1.10652542 -0.08332998
v 0.06649405 1.09808517 -0.08666995
v 0.06839778 1.10031366 -0.08701724
v 0.06281018 1.10234499 -0.08450362
v 0.06226018 1.09949470 -0.08482018
v 0.08106209 1.08790088 -0.09998484
v 0.07591999 1.09054542 -0.09606743
v 0.07629324 1.08646202 -0.09668922
v 0.08263570 1.08124733 -0.09924710
v 0.06855310 1.07996941 -0.08858386
v 0.07299066 1.08074331 -0.09178004
v 0.06908608 1.08778882 -0.09054060
v 0.06583230 1.08728790 -0.08812600
v 0.06194030 1.08716393 -0.08636571
v 0.05763119 1.08751369 -0.08550590
v 0.05814841 1.08183956 -0.08482875
v 0.06329533 1.08054233 -0.08611631
v 0.05616827 1.10344982 -0.08386305
v 0.04906820 1.10265970 -0.08455548
v 0.05046961 1.09952068 -0.08491223
v 0.05651987 1.10022879 -0.08391830
v 0.04082449 1.09186912 -0.08904850
v 0.04188330 1.09461117 -0.08865416
v 0.03819618 1.09611082 -0.08776894
v 0.03756911 1.09147882 -0.08752914
v 0.03998003 1.08850908 -0.08664058
v 0.04214930 1.09032345 -0.08809882
v 0.05761168 1.15868139 -0.10238191
v 0.05217475 1.14434028 -0.09185255
v 0.07312248 1.15059805 -0.11162899
v 0.08487045 1.13815022 -0.11858775
v 0.09334933 1.12282968 -0.12478618
v 0.07766362 1.02519846 -0.08745107
v 0.07943957 1.01497388 -0.09135927
v 0.08776848 1.02013493 -0.10460222
v 0.08583347 1.00830722 -0.10677183
v 0.07670503 1.00345731 -0.09285916
v 0.06136502 0.98280883 -0.09136075
v 0.07059565 0.99186116 -0.09252614
v 0.08038031 0.99602801 -0.10920788
v 0.09088568 1.00567269 -0.12649305
v 0.09317362 1.01588583 -0.12091100
v 0.09553111 1.01914930 -0.14247756
v 0.08726715 0.99513143 -0.13508016
v 0.09350415 1.01619720 -0.15067852
v 0.06698149 0.96085769 -0.12268804
v 0.06889933 0.94935089 -0.12200440
v 0.08485967 0.95482635 -0.13292848
v 0.08282501 0.96588540 -0.13399982
v 0.09340242 1.02613854 -0.11560684
v 0.09528719 1.09157896 -0.12215464
v 0.09038391 1.09343219 -0.11159378
v 0.09760438 1.07803392 -0.12311858
v 0.09719320 1.14549422 -0.15101528
v 0.09106169 1.14407730 -0.13412440
v 0.09895404 1.12777376 -0.13744558
v 0.10386919 1.13180017 -0.15308860
v 0.06795511 1.17987204 -0.14941213
v 0.06469958 1.17196679 -0.12400389
v 0.07820875 1.16091132 -0.12856433
v 0.08235727 1.16609359 -0.14943385
v 0.10662986 1.13101888 -0.16632977
v 0.10909531 1.12870502 -0.18497601
v 0.10501681 1.14419961 -0.19371012
v 0.10123307 1.14737010 -0.17121333
v 0.09371327 1.16227508 -0.20510459
v 0.08851404 1.16776323 -0.17751661
v 0.09279262 1.00014234 -0.15636051
v 0.09378872 1.01907206 -0.16423360
v 0.08119790 0.97952145 -0.13385001
v 0.09179197 0.98394918 -0.15038377
v 0.07546980 1.17701697 -0.21498010
v 0.07028726 1.18347716 -0.18169808
v 0.10318217 1.09654617 -0.23040107
v 0.10533929 1.11658025 -0.22457901
v 0.10942467 1.10666156 -0.20671275
v 0.10768180 1.08988595 -0.21381870
v 0.09494630 1.10246515 -0.24797562
v 0.09682985 1.12605739 -0.24225265
v 0.09386285 1.03901100 -0.22075549
v 0.08793489 1.02238727 -0.21115229
v 0.08140256 1.02085352 -0.22476193
v 0.08535193 1.03793764 -0.23640597
v 0.07706117 1.10855365 -0.09220600
v 0.07258846 1.10354495 -0.08753875
v 0.07694528 1.09943414 -0.09236442
v 0.08186423 1.10206938 -0.09802845
v 0.08642085 1.10380459 -0.10740668
v 0.09165772 1.10541296 -0.11837643
v 0.10195440 1.11342478 -0.14194256
v 0.10687066 1.11905885 -0.15581709
v 0.11079009 1.11578107 -0.18059945
v 0.10932373 1.11821508 -0.16642436
v 0.11075312 1.09534454 -0.19698364
v 0.10968813 1.08455801 -0.20139471
v 0.09608357 1.02677989 -0.18191043
v 0.09370898 1.00439358 -0.17471167
v 0.09084895 1.00523400 -0.19035745
v 0.09241764 1.02518511 -0.19786844
v 0.07775594 1.00462127 -0.21464607
v 0.08464182 1.00570631 -0.20305336
v 0.09347916 0.97196323 -0.16432297
v 0.09571973 0.95890439 -0.16310069
v 0.09555483 0.96076906 -0.17976788
v 0.09148568 0.97262579 -0.18031031
v 0.09354232 0.95918095 -0.19399697
v 0.08694729 0.95800382 -0.20613125
v 0.08247765 0.97166151 -0.20721909
v 0.08786348 0.97302061 -0.19531703
v 0.04053769 0.94070739 -0.11181708
v 0.04189526 0.93076605 -0.11381534
v 0.05619653 0.93453050 -0.11634165
v 0.05340575 0.94465154 -0.11599392
v 0.10078196 0.94881397 -0.16332769
v 0.10231711 0.95188183 -0.17994639
v 0.09880494 1.04042673 -0.20482564
v 0.10046801 1.04427719 -0.19325936
v 0.10044514 0.94962162 -0.19520974
v 0.08579642 0.98758835 -0.19751078
v 0.09012748 0.98695761 -0.18449137
v 0.06878377 1.00456834 -0.22486162
v 0.07125607 1.01983714 -0.23660406
v 0.04472087 1.07043743 -0.07693952
v 0.04805535 1.08505416 -0.08527979
v 0.04863989 1.08891964 -0.08614607
v 0.04480652 1.08962059 -0.08708118
v 0.04362936 1.08651662 -0.08594804
v 0.03468993 1.12703323 -0.07944374
v 0.03368625 1.11052418 -0.07624297
v 0.04669973 1.11448717 -0.07653427
v 0.04807142 1.12792015 -0.08181667
v 0.07634700 1.05548000 -0.08465505
v 0.06637503 1.06185198 -0.08009937
v 0.06350411 1.05296350 -0.07599686
v 0.07005022 1.04496217 -0.07880712
v 0.07273995 1.09224343 -0.09348120
v 0.07447955 1.09445643 -0.09344013
v 0.07152358 1.09438539 -0.09130350
v 0.06760188 1.03068066 -0.07676640
v 0.07426988 1.03496647 -0.08280009
v 0.09798193 1.06298089 -0.12166221
v 0.08467294 1.09434605 -0.10307714
v 0.04578806 1.19111729 -0.14908397
v 0.04390983 1.18041444 -0.11880109
v 0.05312503 1.18740630 -0.22215545
v 0.04859165 1.19348526 -0.18508729
v 0.08145214 1.13394713 -0.25778437
v 0.08009090 1.10751247 -0.26445931
v 0.06007706 1.10954475 -0.27602378
v 0.06004161 1.13996577 -0.26902235
v 0.07415457 1.03711295 -0.24901226
v 0.07789128 0.95643413 -0.21576473
v 0.07297391 0.97203553 -0.21751627
v 0.04238871 1.16278243 -0.09902263
v 0.03730132 1.14402103 -0.08856760
v 0.09784751 1.10858750 -0.13074347
v 0.08805804 1.06731105 -0.09902303
v 0.08269523 1.07505965 -0.09578677
v 0.08010972 1.07132244 -0.09122659
v 0.08502712 1.06090760 -0.09372747
v 0.09195225 1.05779099 -0.10624141
v 0.09525736 1.04823780 -0.11703853
v 0.09913974 1.03845787 -0.12974268
v 0.09756935 1.02608609 -0.13632749
v 0.10949028 1.12107706 -0.19969538
v 0.10590676 1.13327384 -0.21282735
v 0.09662059 1.14765382 -0.22799820
v 0.08056508 1.15967298 -0.24166429
v 0.11085504 1.11097407 -0.19322357
v 0.05810963 1.16879606 -0.25211814
v 0.03526320 1.04267049 -0.06145850
v 0.04272185 1.04201913 -0.06617825
v 0.03340044 1.04708338 -0.06263414
v 0.03434686 1.01640129 -0.05952479
v 0.02988955 1.01607847 -0.05824348
v 0.03079972 1.00985551 -0.06096366
v 0.03585656 1.01037145 -0.06225795
v 0.04001734 0.97103196 -0.08408442
v 0.05014572 0.97592491 -0.08799730
v 0.03986008 0.95038444 -0.10890061
v 0.05185420 0.95492560 -0.11442818
v 0.03280982 1.05680394 -0.05949271
v 0.03102136 1.05714321 -0.05927363
v 0.03085246 1.05578709 -0.06136340
v 0.03311510 1.05578184 -0.06167562
v 0.04791048 1.02582836 -0.06784117
v 0.03100973 1.03416705 -0.05695255
v 0.02767972 1.03394699 -0.05659303
v 0.02792481 1.03014803 -0.05823243
v 0.03125680 1.03026485 -0.05862783
v 0.06986669 0.98224491 -0.11169313
v 0.06648757 0.97228003 -0.12033366
v 0.09276863 0.95595855 -0.14480588
v 0.09172564 0.96913701 -0.14701313
v 0.09290379 0.98693645 -0.16845307
v 0.07847228 0.98928893 -0.21089995
v 0.07097466 0.98764223 -0.22027653
v 0.04613890 0.98771113 -0.23260406
v 0.04294641 1.00318003 -0.23758894
v 0.05706310 1.00381541 -0.23308951
v 0.05830518 0.98807019 -0.22780639
v 0.05237035 0.97111636 -0.10204186
v 0.04088360 0.96641403 -0.09745440
v 0.04074314 0.96013266 -0.10517439
v 0.05198831 0.96482980 -0.11056176
v 0.02734083 1.05359864 -0.05800369
v 0.02585880 1.05277944 -0.05636361
v 0.02651626 1.05014968 -0.05889872
v 0.02843501 1.05231237 -0.05981919
v 0.03417810 1.05354166 -0.06332164
v 0.03184559 1.05242538 -0.06305793
v 0.03234605 1.05032325 -0.06290793
v 0.03447235 1.05679297 -0.05869374
v 0.03507189 1.05512691 -0.06144789
v 0.02924977 1.05788088 -0.05413572
v 0.03233508 1.05772495 -0.05569324
v 0.02913577 1.05862927 -0.04906330
v 0.02890311 1.05467820 -0.05964154
v 0.02967031 1.05330133 -0.06112288
v 0.03291016 1.05459237 -0.06296632
v 0.03114847 1.05420852 -0.06265184
v 0.02958716 1.05774355 -0.05630830
v 0.03158350 1.05747676 -0.05755107
v 0.02881151 1.07998276 -0.05975801
v 0.02229554 1.08113027 -0.05756894
v 0.02204407 1.07480907 -0.05099210
v 0.02204579 1.06720686 -0.04492906
v 0.02260682 1.05855274 -0.04645211
v 0.03078413 0.95669752 -0.10273093
v 0.02956322 0.94749886 -0.10638860
v 0.02143992 1.14276814 -0.08738042
v 0.02153070 1.12503934 -0.07968812
v 0.04882874 1.02444100 -0.06942144
v 0.04794999 1.10663915 -0.08183271
v 0.07349020 1.06985712 -0.08613193
v 0.05213623 1.07123303 -0.08005367
v 0.05866487 1.06687379 -0.07963485
v 0.05875731 1.07452536 -0.08280674
v 0.05264565 1.07741404 -0.08279601
v 0.03870315 1.10361242 -0.08219568
v 0.02976394 1.10005951 -0.07687885
v 0.03387022 1.09779334 -0.08329323
v 0.03362215 1.09130502 -0.08273183
v 0.03023086 1.09149146 -0.07406357
v 0.03498723 1.08415079 -0.07720438
v 0.03683391 1.08607006 -0.08331412
v 0.06943963 1.09628916 -0.08891216
v 0.07198215 1.09772134 -0.09014045
v 0.04028837 1.07920122 -0.07958093
v 0.04599237 1.07512283 -0.08044517
v 0.04693852 1.07996941 -0.08347034
v 0.04162733 1.08256936 -0.08376051
v 0.06555948 1.07161522 -0.08368662
v 0.07933270 1.09443045 -0.09711468
v 0.07547987 1.08299398 -0.09489027
v 0.10196177 1.05077124 -0.18509904
v 0.09812316 1.03921938 -0.17780852
v 0.10381656 1.02975535 -0.15619072
v 0.10169540 1.02628326 -0.15281722
v 0.09588253 1.02886200 -0.15797848
v 0.10138484 1.03193235 -0.16111359
v 0.11151676 1.08535528 -0.17927361
v 0.11097171 1.09287238 -0.18325493
v 0.11060663 1.09456420 -0.17583087
v 0.11054260 1.08656025 -0.17651543
v 0.10950517 1.09027910 -0.17003977
v 0.10930385 1.09381437 -0.16746965
v 0.10864966 1.08504248 -0.16567647
v 0.10927253 1.08520460 -0.16935179
v 0.10994307 1.10541701 -0.16683069
v 0.10776591 1.10360980 -0.15642002
v 0.10722937 1.09078479 -0.15940166
v 0.10077319 1.08956385 -0.13607404
v 0.10224643 1.07699966 -0.14783728
v 0.10416263 1.08542895 -0.15315247
v 0.10353559 1.09833717 -0.14701080
v 0.10089690 1.03255510 -0.14941844
v 0.09985133 1.04113317 -0.14656007
v 0.09532252 1.03246045 -0.16715112
v 0.03548773 1.11035872 -0.28135535
v 0.03367867 1.14258361 -0.27384672
v 0.10047074 1.07608962 -0.23109564
v 0.09200472 1.07921410 -0.24770191
v 0.10507490 1.07341790 -0.21504217
v 0.10778042 1.07148409 -0.20178899
v 0.07824307 1.08160138 -0.26331273
v 0.05999141 1.08211708 -0.27471218
v 0.10129555 1.07207942 -0.13471207
v 0.10132205 1.06517482 -0.14593393
v 0.09707185 1.05712271 -0.22748730
v 0.08830675 1.05830336 -0.24376258
v 0.10246606 1.05651808 -0.21229336
v 0.10538884 1.05812860 -0.19949251
v 0.07549241 1.05837822 -0.25787148
v 0.05747890 1.03476429 -0.25696626
v 0.05906043 1.05631661 -0.26712409
v 0.10410314 1.04182339 -0.15850386
v 0.10157757 1.04130530 -0.15396473
v 0.10254997 1.03453803 -0.15430212
v 0.10584784 1.03614831 -0.15604302
v 0.10115198 1.05639338 -0.13339701
v 0.10099800 1.05309248 -0.14611074
v 0.02956441 1.08563733 -0.06596199
v 0.02256787 1.09391093 -0.07003461
v 0.02252682 1.08736897 -0.06379394
v 0.02266666 1.10101366 -0.07483175
v 0.02519300 1.19551420 -0.18697649
v 0.02290880 1.19311976 -0.14970073
v 0.03106000 1.17098927 -0.25625587
v 0.02803762 1.18956447 -0.22526178
v 0.02816662 1.00148010 -0.05884507
v 0.03051414 0.98752320 -0.05764922
v 0.03014953 1.04274297 -0.05875516
v 0.02696797 1.04193044 -0.05830339
v 0.02739096 1.03781223 -0.05702569
v 0.03070989 1.03842616 -0.05744006
v 0.04265261 1.10016704 -0.08654433
v 0.05693305 1.01833916 -0.24519688
v 0.06107258 0.97207046 -0.22480726
v 0.06544937 0.95615774 -0.22334483
v 0.09379750 0.94620872 -0.20741621
v 0.08344759 0.94380486 -0.21732324
v 0.02652300 1.04609537 -0.05908176
v 0.02937583 1.04676604 -0.05990767
v 0.02880306 1.05678153 -0.05772352
v 0.03618037 1.02981091 -0.06018507
v 0.02916192 1.04984426 -0.06062159
v 0.02983085 1.05199957 -0.06126902
v 0.02441902 1.04951978 -0.05834015
v 0.02483889 1.04566002 -0.05909491
v 0.05293764 1.08348918 -0.08457953
v 0.05310120 1.08818984 -0.08544289
v 0.02654237 1.05495667 -0.05275464
v 0.02735337 1.05578518 -0.05549560
v 0.02309492 1.05418944 -0.05241971
v 0.07222663 0.93856442 -0.12188813
v 0.08745376 0.94313139 -0.13196038
v 0.02541274 1.03375244 -0.05679876
v 0.02562955 1.02983546 -0.05816744
v 0.02144544 1.18143797 -0.11917515
v 0.03969702 1.03222108 -0.26010263
v 0.03891563 1.05290985 -0.27143815
v 0.10305825 1.06920695 -0.15535563
v 0.10529313 1.06433654 -0.16013750
v 0.10671972 1.07154989 -0.16274363
v 0.10511893 1.07671762 -0.15792501
v 0.02987240 0.93797958 -0.10995173
v 0.09596045 0.94566244 -0.14702326
v 0.07082895 0.94256431 -0.22600925
v 0.07253610 1.09037757 -0.09381822
v 0.07121405 1.08884978 -0.09274530
v 0.04535414 1.09755182 -0.08705273
v 0.03678045 1.08094049 -0.28043067
v 0.03782057 1.02167296 -0.06156638
v 0.03619684 1.02571988 -0.06294510
v 0.04816563 0.97245699 -0.22938946
v 0.03168552 0.96373183 -0.09545587
v 0.02431365 1.05226707 -0.05559787
v 0.04165895 1.01721644 -0.24891764
v 0.11010543 1.07761478 -0.17127359
v 0.11121661 1.07626033 -0.16779539
v 0.11049885 1.07277060 -0.16776645
v 0.10930181 1.07328629 -0.16931269
v 0.11176806 1.08006048 -0.16347808
v 0.11293756 1.07630348 -0.16517806
v 0.11474323 1.07927227 -0.16642720
v 0.11352258 1.08336830 -0.16572297
v 0.10723265 1.08204818 -0.16148889
v 0.10970296 1.07603741 -0.16226333
v 0.11605299 1.08126783 -0.16854003
v 0.11604539 1.08435869 -0.16757852
v 0.11357077 1.08611822 -0.16918322
v 0.11013325 1.08627582 -0.17307630
v 0.11879701 1.08504796 -0.17112270
v 0.11542033 1.08725524 -0.17346877
v 0.12188310 1.08428693 -0.17620742
v 0.11727962 1.08650160 -0.17907876
v 0.12369377 1.08091378 -0.18160358
v 0.11823208 1.08220172 -0.18418387
v 0.10241722 1.04905105 -0.15421414
v 0.10371258 1.04842019 -0.16106927
v 0.12451999 1.07521319 -0.18468389
v 0.11805118 1.07545948 -0.18690607
v 0.12452322 1.06766438 -0.18612421
v 0.11811119 1.06771135 -0.18774012
v 0.12307961 1.06019163 -0.18502328
v 0.11773593 1.05952191 -0.18661243
v 0.12188042 1.05256724 -0.18228018
v 0.11669146 1.05107808 -0.18360853
v 0.11937115 1.04561186 -0.17770857
v 0.11427701 1.04168916 -0.17886835
v 0.11845804 1.08208299 -0.17727786
v 0.11996397 1.07866406 -0.18097302
v 0.10975504 1.08114672 -0.18085098
v 0.11690861 1.08306217 -0.17253962
v 0.10988392 1.06693745 -0.17395532
v 0.10757855 1.07007241 -0.17580554
v 0.10777166 1.06842971 -0.17508331
v 0.10746773 1.06662178 -0.17733154
v 0.10458823 1.05648375 -0.16009757
v 0.10537585 1.05593896 -0.16365170
v 0.10594872 1.06155896 -0.16368231
v 0.10436680 1.05147362 -0.16397890
v 0.10311823 1.05274630 -0.16527596
v 0.10261462 1.05649233 -0.16522345
v 0.10250949 1.06124520 -0.16603133
v 0.10396568 1.05094981 -0.16730231
v 0.10569989 1.04915333 -0.16639253
v 0.10254961 1.05226398 -0.16796523
v 0.10198921 1.05327392 -0.16680807
v 0.10110341 1.05570006 -0.16809922
v 0.10235050 1.05929112 -0.17069644
v 0.10268641 1.05960250 -0.15437394
v 0.10576477 1.05458093 -0.17886609
v 0.10293429 1.04529047 -0.17453367
v 0.11591465 1.04046488 -0.17196211
v 0.11251574 1.03398490 -0.17172629
v 0.10971359 1.03205132 -0.15815741
v 0.11203462 1.02950668 -0.16390887
v 0.10858429 1.07548642 -0.18244869
v 0.10877074 1.06881881 -0.18330249
v 0.10141375 1.03868794 -0.16713285
v 0.10827607 1.06201816 -0.18248066
v 0.11721227 1.04990387 -0.17691025
v 0.11354696 1.04650378 -0.17321113
v 0.11978479 1.05476522 -0.18040565
v 0.10712253 1.04552460 -0.16450536
v 0.10878325 1.03942466 -0.16175529
v 0.11266205 1.03848863 -0.16646233
v 0.10980411 1.04487038 -0.16926345
v 0.11547153 1.05314016 -0.17508900
v 0.11136957 1.05037975 -0.17322895
v 0.11193027 1.05600333 -0.17523444
v 0.10803296 1.05369473 -0.17372528
v 0.10536869 1.05160069 -0.17053938
v 0.10759341 1.04885983 -0.17004547
v 0.10363046 1.05635953 -0.17462561
v 0.10786903 1.05955577 -0.17579684
v 0.10255947 1.05342913 -0.17075497
v 0.11492563 1.05918360 -0.17585102
v 0.11725999 1.06326151 -0.17707941
v 0.11441603 1.06590295 -0.17456996
v 0.11137860 1.06264806 -0.17537123
v 0.12042753 1.06095171 -0.18304643
v 0.11990234 1.06169176 -0.17955124
v 0.11822966 1.05696082 -0.17759511
v 0.12036483 1.06732559 -0.18074387
v 0.12072141 1.06773520 -0.18406424
v 0.11839493 1.06748509 -0.17831182
v 0.11649630 1.06864047 -0.17622766
v 0.11922405 1.07660198 -0.17862344
v 0.11999593 1.07247329 -0.18032712
v 0.12091434 1.07399607 -0.18325922
v 0.11867394 1.07136631 -0.17786065
v 0.11762536 1.07453823 -0.17679536
v 0.11608443 1.07275796 -0.17584866
v 0.11713243 1.07106543 -0.17701346
v 0.11419705 1.08077455 -0.16998103
v 0.11264833 1.07922649 -0.16823667
v 0.11563783 1.08068776 -0.17278710
v 0.11327718 1.08171606 -0.17252982
v 0.11405479 1.07851195 -0.17293507
v 0.11178229 1.08064842 -0.17215383
v 0.11292813 1.07645607 -0.17223001
v 0.11094896 1.07336640 -0.17168188
v 0.04681122 0.90979415 -0.11472516
v 0.04391234 0.92068595 -0.11489485
v 0.03101714 0.91765159 -0.11545804
v 0.03287537 0.90729350 -0.11713284
v 0.11453730 1.07451272 -0.17391670
v 0.11588978 1.07680035 -0.17512146
v 0.11745054 1.07950640 -0.17629626
v 0.11228358 1.06965494 -0.17341164
v 0.11396895 1.06881309 -0.17402577
v 0.11485121 1.07054973 -0.17476445
v 0.11304823 1.07196474 -0.17331636
v 0.10638440 1.06596327 -0.16473100
v 0.10493244 1.06401372 -0.16820404
v 0.10579588 1.06159687 -0.17216608
v 0.09185763 0.89855182 -0.11285758
v 0.11196963 0.90618753 -0.11897647
v 0.10500077 0.91367137 -0.12657507
v 0.08685650 0.90731066 -0.11962026
v 0.09636891 0.87827551 -0.08576235
v 0.09226971 0.86142594 -0.07205740
v 0.11714839 0.86351097 -0.07013799
v 0.12843439 0.88287377 -0.09099391
v 0.10808625 0.84706801 -0.05413362
v 0.08635172 0.84527057 -0.05890022
v 0.08642613 0.80098790 -0.02023128
v 0.09307636 0.81581706 -0.03002125
v 0.07416352 0.81512839 -0.03604051
v 0.06829762 0.80046988 -0.02580321
v 0.09367848 0.72596848 0.01906262
v 0.08091729 0.72747451 0.01728591
v 0.07499949 0.71125388 0.01391941
v 0.08977601 0.70795953 0.01464022
v 0.17263095 0.80577916 -0.02750802
v 0.18229449 0.79333359 -0.02689639
v 0.18670632 0.80655909 -0.03409280
v 0.17784771 0.82049203 -0.03722467
v 0.16400504 0.91347444 -0.13121678
v 0.15245482 0.91888523 -0.14037879
v 0.13810569 0.90745324 -0.12193356
v 0.14929318 0.90080613 -0.11022487
v 0.15784082 0.73510039 -0.00724266
v 0.14895022 0.74524605 0.00041842
v 0.14051557 0.73441148 0.00501305
v 0.14804415 0.72442156 -0.00110747
v 0.13398987 0.63483673 -0.00114891
v 0.11343892 0.63462424 0.00862260
v 0.11455748 0.61031431 0.00754985
v 0.13601628 0.61076236 -0.00290460
v 0.19708410 0.65654129 -0.05643190
v 0.19508302 0.63593376 -0.05667301
v 0.20571049 0.63422275 -0.08406353
v 0.20891450 0.65210325 -0.08380523
v 0.12056926 0.79834270 -0.01251695
v 0.12851559 0.81199890 -0.02255547
v 0.11143417 0.81471765 -0.02540620
v 0.10409857 0.80042130 -0.01584019
v 0.28200018 0.66399992 -0.03943831
v 0.27054080 0.68672925 -0.04112417
v 0.25899339 0.67784268 -0.04863727
v 0.27079260 0.65607828 -0.04818478
v 0.19301979 0.53218061 -0.05713560
v 0.19460805 0.51290321 -0.05559039
v 0.20489946 0.51752204 -0.08260143
v 0.20160651 0.53633446 -0.08281541
v 0.24151680 0.81408137 -0.04152131
v 0.25945091 0.82615441 -0.05094871
v 0.25274885 0.84458160 -0.05520460
v 0.23529693 0.83231992 -0.04330488
v 0.17163368 0.77460188 -0.01442400
v 0.17721476 0.78351152 -0.01997820
v 0.16743916 0.79399246 -0.01871866
v 0.16155699 0.78333783 -0.01146138
v 0.21681340 0.68307298 -0.08917899
v 0.22103100 0.69742274 -0.09317611
v 0.21107806 0.70239818 -0.07360385
v 0.20636274 0.68850607 -0.06658986
v 0.20163263 0.67307854 -0.06097794
v 0.21262841 0.66791791 -0.08581799
v 0.14942887 0.78998184 -0.01025495
v 0.15656888 0.80221146 -0.01960148
v 0.14368004 0.80783623 -0.02070010
v 0.13567486 0.79484588 -0.01067460
v 0.06938961 0.69610232 0.00873568
v 0.08724755 0.69238079 0.00963008
v 0.17743227 0.50709438 -0.03251745
v 0.17744756 0.52710921 -0.03409997
v 0.15750942 0.52152604 -0.01626590
v 0.15618892 0.50092560 -0.01542017
v 0.09073322 0.65723735 0.01171593
v 0.11068691 0.65664411 0.00747892
v 0.10607182 0.67579210 0.00618498
v 0.08788776 0.67677546 0.00881951
v 0.13236156 0.49594766 -0.00325923
v 0.13436323 0.51680022 -0.00356853
v 0.11026105 0.51384479 0.00638580
v 0.10836181 0.49141139 0.00706216
v 0.10022830 0.83112997 -0.04113969
v 0.08018113 0.82998693 -0.04694468
v 0.11739051 0.72520369 0.01490700
v 0.10607145 0.72534305 0.01822871
v 0.10341669 0.70738876 0.01367466
v 0.11585647 0.70822483 0.01128900
v 0.19633521 0.76249856 -0.04230799
v 0.20114793 0.76740277 -0.04847121
v 0.19656479 0.78733015 -0.03632787
v 0.19090852 0.77823937 -0.03113639
v 0.20626272 0.49871099 -0.08149688
v 0.19474760 0.49376613 -0.05423462
v 0.13079998 0.47458535 -0.00377104
v 0.10737747 0.46929455 0.00642572
v 0.23859170 0.75228202 -0.11756824
v 0.23208806 0.75455803 -0.10472895
v 0.22814776 0.74980825 -0.10210407
v 0.23617300 0.74765021 -0.11540709
v 0.04250374 0.72763389 0.00239855
v 0.05290253 0.70720607 0.00597133
v 0.06295828 0.72102565 0.01205155
v 0.05656055 0.73769122 0.00820617
v 0.11758088 0.69244134 0.00509505
v 0.10344491 0.69160324 0.00805753
v 0.12251204 0.67686629 0.00158359
v 0.02962795 0.71612400 -0.00685664
v 0.04203306 0.68916589 0.00030629
v 0.05989319 0.82755905 -0.05322768
v 0.05471458 0.81318909 -0.04260457
v 0.06451035 0.84234858 -0.06414330
v 0.06830046 0.85751325 -0.07575616
v 0.04672217 0.85438901 -0.08009215
v 0.04355033 0.83937353 -0.06926614
v 0.07065579 0.87348962 -0.08651450
v 0.04855272 0.86964971 -0.09017761
v 0.07001756 0.89338583 -0.11011133
v 0.06699038 0.90279430 -0.11617918
v 0.18566033 0.77069259 -0.02578898
v 0.18029316 0.76312774 -0.02134538
v 0.15468633 0.48050380 -0.01546207
v 0.20536424 0.82741922 -0.21057579
v 0.22046337 0.83019954 -0.19650882
v 0.21826729 0.81241280 -0.20200837
v 0.20357153 0.80861896 -0.21505284
v 0.16506478 0.89857471 -0.09978369
v 0.17646050 0.91108066 -0.12339655
v 0.24948838 0.76031494 -0.15903398
v 0.24748962 0.75296861 -0.15534562
v 0.24389444 0.74634290 -0.15919802
v 0.24542934 0.75542349 -0.16439131
v 0.24887079 0.75175792 -0.13804469
v 0.25259560 0.75342172 -0.14455390
v 0.25798643 0.74581528 -0.14816609
v 0.25338230 0.74226797 -0.14219056
v 0.20815085 0.52136207 -0.10939014
v 0.20407349 0.53983080 -0.10963082
v 0.21079469 0.65756041 -0.15823835
v 0.21697533 0.67390710 -0.15474838
v 0.22048217 0.66902763 -0.13323790
v 0.21556324 0.65265995 -0.13495874
v 0.11027449 0.80190450 -0.25095657
v 0.13018332 0.80547184 -0.24705461
v 0.13038698 0.78875023 -0.24836287
v 0.11107754 0.78595382 -0.25132549
v 0.17108074 0.83462709 -0.23304039
v 0.15069857 0.82741016 -0.24149448
v 0.14928743 0.84345156 -0.23905948
v 0.16996232 0.85189337 -0.22868365
v 0.18855545 0.82253116 -0.22433588
v 0.18775310 0.80317223 -0.22787446
v 0.22320284 0.68219852 -0.11112201
v 0.22719504 0.69664186 -0.11262687
v 0.23304473 0.71430916 -0.11710431
v 0.23469877 0.72209179 -0.11890845
v 0.22848542 0.72283155 -0.10332373
v 0.22678165 0.71569175 -0.10070854
v 0.14189684 0.92452317 -0.14882568
v 0.16133073 0.92218655 -0.16308427
v 0.14865166 0.92673981 -0.17137951
v 0.13070899 0.89769679 -0.22602236
v 0.13950396 0.90309453 -0.21722782
v 0.14628386 0.89668912 -0.21887663
v 0.13335386 0.89076895 -0.22915486
v 0.13762233 0.71445513 -0.23977450
v 0.13949254 0.69333035 -0.23394063
v 0.11676707 0.69392282 -0.23948193
v 0.11625669 0.71408224 -0.24437061
v 0.23999079 0.73051745 -0.13388890
v 0.24152565 0.73403984 -0.14441501
v 0.24382284 0.74158031 -0.14477330
v 0.24178046 0.73740298 -0.13635179
v 0.23982735 0.72639608 -0.14473771
v 0.23818021 0.72312880 -0.13264321
v 0.23612495 0.71528262 -0.13190815
v 0.23729979 0.71837807 -0.14569314
v 0.22348025 0.68909180 -0.15134934
v 0.22993349 0.70201063 -0.14820144
v 0.23055394 0.69839549 -0.13083646
v 0.22561985 0.68450731 -0.13176344
v 0.11135355 0.62711626 -0.22268644
v 0.11384415 0.65056264 -0.22811154
v 0.13486844 0.64858162 -0.22373196
v 0.13138078 0.62478924 -0.21930602
v 0.22214559 0.75233680 -0.08155213
v 0.22648266 0.73875719 -0.08688301
v 0.21813160 0.74294972 -0.07092097
v 0.21425182 0.75477844 -0.06680095
v 0.27625272 0.75423092 -0.15273130
v 0.28026557 0.75927073 -0.15182391
v 0.28774399 0.75305146 -0.14919075
v 0.28385812 0.74879396 -0.15096781
v 0.23943466 0.71684062 -0.10580021
v 0.24604407 0.69893289 -0.10901201
v 0.23780705 0.70255214 -0.09291750
v 0.23079985 0.72186661 -0.09071195
v 0.19839568 0.90665287 -0.14335136
v 0.18642625 0.91247898 -0.14954811
v 0.18903297 0.90955001 -0.11514200
v 0.24672675 0.72884840 -0.12727123
v 0.25243050 0.73005557 -0.13855766
v 0.25968373 0.71712625 -0.14298157
v 0.25236818 0.71425962 -0.13276961
v 0.29764163 0.67280227 -0.03766507
v 0.28660309 0.69561803 -0.04063547
v 0.26328582 0.67972815 -0.12389211
v 0.25329500 0.69675338 -0.12361008
v 0.26117337 0.69791573 -0.13545744
v 0.27347684 0.68135285 -0.13428630
v 0.21081765 0.63603610 -0.13692045
v 0.20475172 0.64073336 -0.16081071
v 0.19374409 0.52544206 -0.15644315
v 0.19003804 0.54528618 -0.15675530
v 0.19945161 0.54293430 -0.13493153
v 0.20394826 0.52394110 -0.13459939
v 0.21017210 0.50223231 -0.10937813
v 0.19601475 0.50484705 -0.15609992
v 0.20633142 0.50429529 -0.13447410
v 0.12339868 0.93699580 -0.17880350
v 0.13603678 0.93163818 -0.17590663
v 0.13121197 0.92675549 -0.19632930
v 0.11944037 0.93398029 -0.19712499
v 0.21608137 0.38421342 -0.11053725
v 0.21240319 0.38112465 -0.08081131
v 0.21476839 0.35184383 -0.08606622
v 0.21571499 0.35501346 -0.11632121
v 0.10624332 0.91249806 -0.22661480
v 0.09745298 0.92274505 -0.22349977
v 0.10998080 0.92798859 -0.21123388
v 0.12036192 0.91929764 -0.21269426
v 0.21522573 0.41141218 -0.10817386
v 0.21006721 0.40696466 -0.07896426
v 0.11969304 0.93396705 -0.15877739
v 0.13118380 0.92890257 -0.15447685
v 0.11010024 0.92748725 -0.14370742
v 0.12006177 0.92120391 -0.13857114
v 0.09719201 0.92232174 -0.13092861
v 0.20399208 0.37302297 -0.05557194
v 0.20920205 0.34467527 -0.05910909
v 0.10883610 0.94154686 -0.19662765
v 0.10083364 0.93671685 -0.21017852
v 0.08994108 0.93279892 -0.22109333
v 0.07644965 0.93100697 -0.23006997
v 0.06142274 0.92971855 -0.23789972
v 0.05648734 0.94163209 -0.23305187
v 0.20475598 0.48023897 -0.08058438
v 0.20974328 0.48313004 -0.10863629
v 0.18089852 0.25328487 -0.19842044
v 0.18002728 0.23599148 -0.18897617
v 0.15186238 0.23526064 -0.20151708
v 0.15652110 0.25064039 -0.21137282
v 0.09413175 0.26203454 -0.22280061
v 0.12714708 0.25279751 -0.21943036
v 0.12048892 0.23956469 -0.20766905
v 0.08641126 0.24868032 -0.20797426
v 0.11637606 0.38171366 -0.24837312
v 0.11629961 0.40343454 -0.24202555
v 0.14292973 0.40357006 -0.23341057
v 0.14370087 0.38168347 -0.24021494
v 0.20622924 0.48485264 -0.13426726
v 0.19664779 0.48517373 -0.15611315
v 0.19217089 0.47524822 -0.05444674
v 0.21615636 0.21214929 -0.05764431
v 0.21859668 0.17880744 -0.06349310
v 0.22539777 0.18660116 -0.10075451
v 0.22550462 0.21943095 -0.09582797
v 0.20226264 0.19309321 -0.16335589
v 0.17517161 0.19341558 -0.18256119
v 0.17698896 0.21610257 -0.18434709
v 0.20417838 0.21940160 -0.16375369
v 0.08430845 0.46513820 0.01612315
v 0.08347744 0.44317353 0.01174332
v 0.10658413 0.44830418 0.00343876
v 0.02002202 0.45564732 0.01848468
v 0.01976112 0.43322301 0.01257090
v 0.03965400 0.43561029 0.01674685
v 0.04127271 0.45803002 0.02333320
v 0.02985083 0.31585172 -0.00025611
v 0.03502841 0.34111631 -0.00067336
v 0.01868882 0.34080976 -0.00269412
v 0.01620609 0.31721649 -0.00128368
v 0.18963671 0.36328799 -0.03268030
v 0.18432981 0.38876712 -0.03268690
v 0.16158196 0.37941259 -0.01780312
v 0.16638336 0.35411352 -0.01692608
v 0.11128321 0.22772688 -0.19636276
v 0.07981984 0.23795417 -0.19106737
v 0.19460267 0.20669997 -0.02534157
v 0.19930848 0.17194095 -0.02965285
v 0.16910249 0.16737533 -0.00740949
v 0.16547652 0.20168129 -0.00488140
v 0.13294642 0.19923156 0.00071304
v 0.13548572 0.16732547 -0.00322955
v 0.02877186 0.22740296 -0.03466833
v 0.03556798 0.22301656 -0.04102232
v 0.04540963 0.23820171 -0.01577746
v 0.03520990 0.24864140 -0.00955169
v 0.10447023 0.29570478 -0.24435616
v 0.13497661 0.29105061 -0.23931012
v 0.13136950 0.27071303 -0.23089078
v 0.09963052 0.27820411 -0.23581019
v 0.18244453 0.48409420 -0.17416948
v 0.18106580 0.50464642 -0.17364478
v 0.16392794 0.50467461 -0.18704441
v 0.16223067 0.52734488 -0.18665287
v 0.17931551 0.52637589 -0.17337385
v 0.17689721 0.65712857 -0.20049232
v 0.18546496 0.67478091 -0.20038408
v 0.20049021 0.66420728 -0.18005723
v 0.19312142 0.64801496 -0.18162307
v 0.15122345 0.81051993 -0.24374819
v 0.15095973 0.79279983 -0.24529216
v 0.14112982 0.19868422 -0.19205898
v 0.14489797 0.17051509 -0.19082236
v 0.10885134 0.17439762 -0.18692008
v 0.09647378 0.20838559 -0.18687353
v 0.20113985 0.16482288 -0.16466975
v 0.21979746 0.19142395 -0.13567820
v 0.21722752 0.16164893 -0.13837864
v 0.21906009 0.14563242 -0.06729773
v 0.22418697 0.15447676 -0.10478400
v 0.17014962 0.13372487 -0.01187003
v 0.13690773 0.13446429 -0.00885041
v 0.06003863 0.17192104 -0.05599467
v 0.06352226 0.14720613 -0.06629318
v 0.08199839 0.14253575 -0.04244098
v 0.07932562 0.16918162 -0.03390715
v 0.07326527 0.30829760 0.00080496
v 0.08611894 0.28478384 0.00126755
v 0.11448439 0.30492759 -0.00181161
v 0.10946427 0.32964417 -0.00337145
v 0.04234748 0.48237062 0.02658454
v 0.02438316 0.47895533 0.02295449
v 0.08506552 0.48845255 0.01757732
v 0.06252816 0.48551622 0.02486625
v 0.06206229 0.46079636 0.02216370
v 0.04288644 0.58384854 0.02416578
v 0.04191303 0.55846751 0.02523201
v 0.06572270 0.55935669 0.02374154
v 0.06734659 0.58439183 0.02286216
v 0.06836780 0.61078644 0.02147345
v 0.04358602 0.61005396 0.02122818
v 0.04328618 0.66117615 0.00711444
v 0.06804434 0.65897101 0.01172486
v 0.06621839 0.67982858 0.00803306
v 0.03958394 0.82432753 -0.05918586
v 0.03544987 0.80958855 -0.04990005
v 0.19510114 0.33577567 -0.03469759
v 0.06412812 0.20072904 -0.16401914
v 0.07693711 0.17176092 -0.17081141
v 0.05824596 0.16566783 -0.14567395
v 0.05098356 0.19080514 -0.13600488
v 0.19979312 0.39798474 -0.05396536
v 0.17660186 0.48731506 -0.03183734
v 0.17385116 0.46837160 -0.03338537
v 0.17415741 0.66582882 -0.02824646
v 0.17635477 0.63879448 -0.03165960
v 0.07110550 0.73116606 0.01455648
v 0.07031491 0.74360323 0.01177488
v 0.22186403 0.22281748 -0.13314360
v 0.16987699 0.10201508 -0.01775268
v 0.13752246 0.10227727 -0.01646112
v 0.13652837 0.07223737 -0.02481207
v 0.16819768 0.07294124 -0.02514553
v 0.06088687 0.12459602 -0.10181685
v 0.06987327 0.09524959 -0.11128893
v 0.07601378 0.09111481 -0.08674090
v 0.06909025 0.12003607 -0.07678503
v 0.07854959 0.06500983 -0.11816476
v 0.08437409 0.03518951 -0.12472130
v 0.08572089 0.02960354 -0.10189687
v 0.08247387 0.06008619 -0.09349629
v 0.20047854 0.13756090 -0.03311075
v 0.21526639 0.08275151 -0.07032046
v 0.21802157 0.11294007 -0.06815365
v 0.19947243 0.10562915 -0.03703910
v 0.19752926 0.07586986 -0.04189223
v 0.17636782 0.16784605 -0.18255833
v 0.04894683 0.17512077 -0.07970196
v 0.05362613 0.15187019 -0.09079657
v 0.08184762 0.10238689 -0.15765515
v 0.06993526 0.13424399 -0.15293786
v 0.08947759 0.13845319 -0.17521203
v 0.10075375 0.10612684 -0.17770115
v 0.20276548 0.10601270 -0.16394845
v 0.20183241 0.13559526 -0.16475847
v 0.21629152 0.13063323 -0.13817450
v 0.21599807 0.10062795 -0.13741457
v 0.22196902 0.12235960 -0.10445699
v 0.21928225 0.09221392 -0.10471344
v 0.20926809 0.02447999 -0.07584232
v 0.21231018 0.05337971 -0.07311483
v 0.19411588 0.04666018 -0.04681656
v 0.18977661 0.01807206 -0.05207576
v 0.21443641 0.03372103 -0.10760105
v 0.21639083 0.06294572 -0.10612917
v 0.21402530 0.04260052 -0.13694489
v 0.21466573 0.07169175 -0.13726474
v 0.20316158 0.04861170 -0.15987545
v 0.20327426 0.07760704 -0.16226858
v 0.18616691 0.05175507 -0.17685664
v 0.18399386 0.08003610 -0.18008366
v 0.16011393 0.08028573 -0.18877491
v 0.16478442 0.05193001 -0.18558472
v 0.14184707 0.05067658 -0.18517160
v 0.13444975 0.07920367 -0.18715450
v 0.10173871 0.04357957 -0.16448840
v 0.09270962 0.07232540 -0.16127658
v 0.11048345 0.07623590 -0.17817736
v 0.11935433 0.04760623 -0.17868003
v 0.13614264 -0.06624973 -0.17557988
v 0.12566975 -0.03740412 -0.17428821
v 0.14407600 -0.03344845 -0.17829466
v 0.15296486 -0.06209165 -0.17886162
v 0.16905355 -0.05887663 -0.18244958
v 0.16125903 -0.03096586 -0.18021241
v 0.17809936 -0.02941472 -0.17831165
v 0.18687680 -0.05686038 -0.18039659
v 0.20639189 -0.03336614 -0.15476930
v 0.21327321 -0.06058509 -0.15583175
v 0.20179801 -0.05714405 -0.17139694
v 0.19336849 -0.02997458 -0.16963238
v 0.22003421 -0.03824031 -0.13674212
v 0.22446342 -0.06524997 -0.13660659
v 0.21703713 -0.04638832 -0.11242655
v 0.21781769 -0.07329267 -0.11230119
v 0.20173021 -0.05481749 -0.08595778
v 0.20475772 -0.08065581 -0.08549301
v 0.09883072 -0.05546821 -0.12898117
v 0.09958050 -0.04952830 -0.14805356
v 0.10933516 -0.07721431 -0.15431169
v 0.10674237 -0.08335298 -0.13577037
v 0.12210361 -0.06215262 -0.08852816
v 0.12790607 -0.08842201 -0.09725668
v 0.14011151 -0.08911561 -0.07353418
v 0.13619170 -0.06330544 -0.06490628
v 0.20558088 -0.00276125 -0.07979293
v 0.21315289 0.00619101 -0.10967267
v 0.21405201 0.01467984 -0.13678515
v 0.20242314 0.02055055 -0.15724981
v 0.10990349 0.01669407 -0.16809759
v 0.12807591 0.02080441 -0.17875645
v 0.08940063 0.00032061 -0.11067906
v 0.08886702 0.00639879 -0.13188002
v 0.15933956 -0.03825713 -0.04911295
v 0.18480876 -0.03528190 -0.05947641
v 0.18586646 -0.00893218 -0.05650008
v 0.15963130 -0.01199365 -0.04493016
v 0.21507105 -0.02043569 -0.11071931
v 0.21592495 -0.01189775 -0.13697070
v 0.20306307 -0.00659657 -0.15533754
v 0.17294635 -0.00243187 -0.17903492
v 0.18962148 -0.00300611 -0.17078909
v 0.15505344 -0.00370032 -0.18039539
v 0.11754286 -0.01001055 -0.17164159
v 0.13600719 -0.00590528 -0.17858866
v 0.09420118 -0.02811790 -0.12022050
v 0.09371397 -0.02182264 -0.13996731
v 0.16369644 -0.08842325 -0.06018282
v 0.18945116 -0.08543617 -0.06532933
v 0.18696168 -0.06079549 -0.06179541
v 0.16045186 -0.06390417 -0.05282488
v 0.16774005 -0.10999095 -0.07073385
v 0.14876360 -0.11070610 -0.08326194
v 0.19633523 -0.08597404 -0.18224534
v 0.17940709 -0.08761895 -0.18566483
v 0.21111384 -0.08643448 -0.17295659
v 0.22062095 -0.10061098 -0.10902888
v 0.22864889 -0.09299880 -0.13613085
v 0.20570397 -0.10746223 -0.08553883
v 0.18900456 -0.10774565 -0.07146102
v 0.13400620 -0.13461226 -0.15859973
v 0.13045263 -0.13864636 -0.14105694
v 0.11841721 -0.11001480 -0.13926342
v 0.12304090 -0.10504264 -0.15619537
v 0.15534034 -0.12720579 -0.18360740
v 0.14811432 -0.09558325 -0.17573091
v 0.16195638 -0.09141695 -0.18237889
v 0.17137241 -0.12230390 -0.19278538
v 0.20750318 -0.11678410 -0.18798542
v 0.18977278 -0.11857914 -0.19347680
v 0.22344235 -0.11586391 -0.17714003
v 0.23487039 -0.12255377 -0.13389793
v 0.23525189 -0.11701018 -0.15915003
v 0.22396415 -0.08820087 -0.15762377
v 0.22720779 -0.12888038 -0.10372660
v 0.21006753 -0.16784358 -0.08588167
v 0.23461722 -0.15952945 -0.10082197
v 0.20339808 -0.13762289 -0.08429453
v 0.19992328 -0.27127910 -0.09541304
v 0.20510770 -0.30680066 -0.09904787
v 0.22639719 -0.30180264 -0.09598231
v 0.22419550 -0.26626909 -0.09136911
v 0.13959232 -0.16731870 -0.16326705
v 0.13769305 -0.16905522 -0.14330795
v 0.17899457 -0.15534353 -0.20010737
v 0.16060866 -0.16053718 -0.19183269
v 0.25480118 -0.18435627 -0.13192190
v 0.25512895 -0.18031514 -0.16100994
v 0.24665771 -0.14768356 -0.15930650
v 0.24621257 -0.15265799 -0.13121927
v 0.14969429 -0.27110243 -0.14843965
v 0.14199588 -0.23715246 -0.14748222
v 0.14521973 -0.23573214 -0.16973302
v 0.15250085 -0.26997745 -0.16883549
v 0.18287382 -0.18983716 -0.20558783
v 0.18812652 -0.22473508 -0.20722699
v 0.16915105 -0.22952580 -0.19954005
v 0.16425346 -0.19508767 -0.19712609
v 0.25956208 -0.25558430 -0.13368693
v 0.26095629 -0.25333565 -0.15976211
v 0.25979093 -0.21558994 -0.16122505
v 0.25903779 -0.21872395 -0.13274594
v 0.21642122 -0.19870239 -0.08582172
v 0.22193983 -0.23175782 -0.08790122
v 0.24601483 -0.22437006 -0.10413530
v 0.24176103 -0.19103205 -0.10194221
v 0.19005644 -0.20372725 -0.09059076
v 0.19551894 -0.23639446 -0.09222794
v 0.17624313 -0.34267795 -0.16081846
v 0.17384762 -0.34593332 -0.14493352
v 0.16197588 -0.30773222 -0.14678249
v 0.16484398 -0.30522305 -0.16473913
v 0.19503205 -0.26062310 -0.20328942
v 0.20157953 -0.29811406 -0.19503006
v 0.18513525 -0.30106318 -0.18897298
v 0.17600314 -0.26468945 -0.19695720
v 0.25874737 -0.33455569 -0.13428313
v 0.25827023 -0.33345735 -0.15528899
v 0.26023355 -0.29320985 -0.15742519
v 0.25925964 -0.29441512 -0.13433234
v 0.22924441 -0.34055090 -0.10111684
v 0.24904802 -0.33675313 -0.11249612
v 0.24887393 -0.29712033 -0.10898143
v 0.21031810 -0.34480649 -0.10299772
v 0.21506907 -0.38226885 -0.10440126
v 0.23096445 -0.37867743 -0.10311003
v 0.18521777 -0.37936813 -0.15731308
v 0.18481421 -0.38149375 -0.14224842
v 0.19710541 -0.37607771 -0.17727676
v 0.19235934 -0.33893347 -0.18214902
v 0.20665132 -0.33601302 -0.18831715
v 0.20995371 -0.37301016 -0.18360981
v 0.24018113 -0.33478993 -0.18252310
v 0.24046494 -0.37169713 -0.17738473
v 0.22582309 -0.37147558 -0.18372604
v 0.22372046 -0.33480650 -0.18860823
v 0.25611663 -0.37048286 -0.15289801
v 0.24999745 -0.37082237 -0.16707414
v 0.25192794 -0.33381057 -0.17149127
v 0.25737530 -0.37116003 -0.13323653
v 0.24847144 -0.37438816 -0.11282232
v 0.04663447 0.22135654 -0.13629410
v 0.05455332 0.21778044 -0.15076426
v 0.04602408 0.20623353 -0.12307286
v 0.04125924 0.21255860 -0.10912365
v 0.08991747 0.08320689 -0.06005079
v 0.08584964 0.11383169 -0.05095905
v 0.09454175 0.02286422 -0.07773714
v 0.09293981 0.05249966 -0.06809014
v 0.09776044 -0.00575144 -0.08786741
v 0.10780575 -0.06080974 -0.10957605
v 0.10295000 -0.03337348 -0.09917010
v 0.11462718 -0.08780373 -0.11677776
v 0.12505093 -0.11417056 -0.12054764
v 0.13589475 -0.14193034 -0.12118849
v 0.14859834 -0.20237231 -0.12356241
v 0.14520672 -0.17069638 -0.12281340
v 0.13958445 -0.20275331 -0.14548430
v 0.15869591 -0.27186316 -0.12537217
v 0.15180387 -0.23646235 -0.12425232
v 0.18048504 -0.34782451 -0.12764879
v 0.16885227 -0.30969578 -0.12651905
v 0.19175583 -0.38323480 -0.12657264
v 0.10074481 0.22276393 -0.00480372
v 0.09745359 0.24503744 -0.00095035
v 0.07261850 0.23193446 -0.01042123
v 0.07511741 0.21504411 -0.01808715
v 0.02872658 0.22024781 -0.07053000
v 0.03166626 0.21919814 -0.07646939
v 0.03249540 0.21910852 -0.06026572
v 0.02806714 0.22076347 -0.05497742
v 0.20307373 -0.02915293 -0.08360952
v 0.18791658 0.02405399 -0.17309913
v 0.14887956 0.02345550 -0.18239373
v 0.16903713 0.02454143 -0.18157747
v 0.11425785 -0.03788335 -0.07604773
v 0.13369060 -0.03862346 -0.05733907
v 0.13273460 -0.01277686 -0.04912250
v 0.11257658 -0.01051200 -0.06594589
v 0.18419753 -0.17497784 -0.08906834
v 0.16185030 -0.17339563 -0.10429758
v 0.16802618 -0.20380032 -0.10646659
v 0.17897657 -0.14916843 -0.08540498
v 0.23590034 -0.14631248 -0.18107000
v 0.21921797 -0.14778244 -0.19448176
v 0.20609917 -0.18454915 -0.20661601
v 0.19955575 -0.15091521 -0.20046225
v 0.22711998 -0.18090481 -0.19972840
v 0.10991107 0.04521983 -0.04671723
v 0.11050110 0.01736056 -0.05610457
v 0.13393289 0.01489913 -0.04192503
v 0.13466191 0.04306668 -0.03334139
v 0.18687387 0.56468195 -0.15738270
v 0.19564937 0.56150144 -0.13599947
v 0.14488572 0.70195526 -0.00391716
v 0.13121240 0.69585115 0.00115217
v 0.13963205 0.67996418 -0.00484997
v 0.15680656 0.68671203 -0.01329814
v 0.16972518 0.69718301 -0.02099381
v 0.15686114 0.71111041 -0.00971756
v 0.17883888 0.70937437 -0.02934578
v 0.16679093 0.72253072 -0.01698007
v 0.20140852 0.75171554 -0.05932727
v 0.20541988 0.75590050 -0.06545728
v 0.01992763 0.65810037 0.00020421
v 0.01994800 0.63334328 0.00898015
v 0.04380327 0.63599902 0.01558713
v 0.06086215 0.43852112 0.01623502
v 0.07803005 0.34576353 -0.00062585
v 0.05424064 0.34191656 0.00009422
v 0.04767185 0.31188667 0.00127771
v 0.01877761 0.24618903 -0.01532952
v 0.01329731 0.23473036 -0.02996942
v 0.01884918 0.22344115 -0.05265774
v 0.02303885 0.22127038 -0.06940073
v 0.15001778 0.62053120 -0.21047112
v 0.15417610 0.64414275 -0.21406493
v 0.10917971 0.81707489 -0.25008097
v 0.12948920 0.82131910 -0.24560866
v 0.12605511 0.85079300 -0.24256763
v 0.10589132 0.84589726 -0.24790376
v 0.10343152 0.85893768 -0.24667040
v 0.12280376 0.86385506 -0.24117672
v 0.08266973 0.91947967 -0.23427302
v 0.08923710 0.90761524 -0.23774761
v 0.03321795 0.22221392 -0.09413746
v 0.03640790 0.22205475 -0.10544497
v 0.03417395 0.21832272 -0.08467926
v 0.05775785 0.19265792 -0.04656869
v 0.05603208 0.20852000 -0.03743976
v 0.04448378 0.20589632 -0.05977532
v 0.04645330 0.19313216 -0.06935832
v 0.22416867 0.25268424 -0.08794753
v 0.21234928 0.24467859 -0.05069779
v 0.14568454 0.21832091 -0.19566751
v 0.30004033 0.64557695 -0.12654248
v 0.28656787 0.66392267 -0.13080712
v 0.29987511 0.66772711 -0.13562074
v 0.31326306 0.64961684 -0.12946342
v 0.15939194 0.71613091 -0.23232594
v 0.16578114 0.69109613 -0.22047859
v 0.12893571 0.91494966 -0.13118798
v 0.21540304 0.90037864 -0.09254596
v 0.20191796 0.90629774 -0.10458043
v 0.19179142 0.89502519 -0.07941085
v 0.20235449 0.89060825 -0.06948908
v 0.23338224 0.84774667 -0.17335227
v 0.22180142 0.84848338 -0.18718040
v 0.22164185 0.86756802 -0.17443520
v 0.23228036 0.86485064 -0.16076222
v 0.14286962 0.35829312 -0.24510118
v 0.11487606 0.35856730 -0.25253114
v 0.12322829 0.55430251 -0.20750421
v 0.12488818 0.57774603 -0.21171126
v 0.14358824 0.57422173 -0.20311338
v 0.14282916 0.55158395 -0.19914007
v 0.18662004 0.70405775 -0.21200833
v 0.19809557 0.69010514 -0.19459936
v 0.02460627 0.74126589 -0.01395472
v 0.03976285 0.74947554 -0.00491270
v 0.04176924 0.76723856 -0.01423493
v 0.02545656 0.76168364 -0.02305090
v 0.30887651 0.70720249 -0.13941956
v 0.29941061 0.69341719 -0.14223193
v 0.28386104 0.70892131 -0.14696896
v 0.29058272 0.71833682 -0.14771795
v 0.20462888 0.24326977 -0.16721243
v 0.22262886 0.25814801 -0.13120215
v 0.20368002 0.59596986 -0.11261085
v 0.20065667 0.57647026 -0.11225200
v 0.19637541 0.57992488 -0.13797782
v 0.20046324 0.59909129 -0.13913465
v 0.21498913 0.65096092 -0.11009835
v 0.21104367 0.63412362 -0.11145703
v 0.21894531 0.66682196 -0.11020559
v 0.24420507 0.75120366 -0.12987383
v 0.24141648 0.74844766 -0.12765674
v 0.24487294 0.75032330 -0.13669714
v 0.07726379 0.19432795 -0.02566527
v 0.06258702 0.26058611 -0.00143093
v 0.05193643 0.27452999 0.00143477
v 0.03032709 0.22276789 -0.08555090
v 0.02692051 0.22272909 -0.08309823
v 0.09096801 0.93293470 -0.13234776
v 0.10104942 0.93608421 -0.14692640
v 0.24602790 0.71425563 -0.11985025
v 0.24111053 0.73041654 -0.11457980
v 0.23029841 0.72997749 -0.10638128
v 0.23329407 0.73660451 -0.11126548
v 0.22433715 0.73972934 -0.09640805
v 0.22082934 0.73397768 -0.09093364
v 0.23652148 0.72898483 -0.12097862
v 0.23901352 0.73567837 -0.12496524
v 0.16213372 0.81513351 -0.03046381
v 0.16810687 0.83021855 -0.04174018
v 0.15696564 0.83639783 -0.04565337
v 0.15052745 0.82167131 -0.03296970
v 0.13639985 0.82635713 -0.03499401
v 0.14427328 0.84122753 -0.04893866
v 0.12805596 0.84529102 -0.05151378
v 0.11938564 0.82977468 -0.03716084
v 0.11908757 0.89824110 -0.10690877
v 0.09547888 0.89175898 -0.09900007
v 0.07111551 0.88558698 -0.09788162
v 0.04966418 0.88128293 -0.10012114
v 0.09475823 0.89580834 -0.24084479
v 0.11679246 0.90099376 -0.22974524
v 0.11669618 0.88786370 -0.23589677
v 0.09795699 0.88332313 -0.24359146
v 0.08048974 0.88002002 -0.25050625
v 0.07681549 0.89246517 -0.24841884
v 0.08154263 0.91781753 -0.12221341
v 0.06350759 0.91335899 -0.11738902
v 0.04865580 0.89914089 -0.11379346
v 0.31471521 0.67907161 -0.04231289
v 0.30462724 0.70152098 -0.04618186
v 0.11126515 0.94398433 -0.18024629
v 0.10846982 0.94122130 -0.16257420
v 0.33081937 0.68336511 -0.05237561
v 0.32137346 0.70662361 -0.05634740
v 0.16644718 0.87811798 -0.07330094
v 0.17903456 0.87660813 -0.06416667
v 0.17932644 0.89736563 -0.08975238
v 0.07664666 0.92861563 -0.12229460
v 0.05964798 0.92416584 -0.11676215
v 0.21975157 0.28524223 -0.07621250
v 0.20599939 0.27656597 -0.04397903
v 0.19125853 0.55118471 -0.05820817
v 0.17717618 0.54705292 -0.03508478
v -0.00158615 0.58092016 0.01115339
v -0.00149180 0.55731130 0.01398442
v 0.01964020 0.55728954 0.02127114
v 0.02019921 0.58252323 0.01944212
v -0.00225639 0.65325230 -0.01060683
v -0.00228914 0.62952077 -0.00163615
v 0.03029963 0.92789328 -0.11299776
v 0.04109783 0.50804353 0.02685232
v 0.04123080 0.53320003 0.02606688
v 0.01911778 0.53141356 0.02199629
v 0.01900573 0.50395358 0.02184364
v 0.01167283 0.47712874 0.01705977
v 0.01039066 0.46462613 0.01534344
v 0.02553908 0.29425168 0.00174396
v 0.01483341 0.29599822 0.00064711
v 0.24321707 0.74884337 -0.04195328
v 0.25990844 0.76001132 -0.04366393
v 0.25293377 0.77937329 -0.04253876
v 0.23717427 0.76678067 -0.04145806
v 0.08641616 0.51230270 0.01691926
v 0.06320179 0.51067442 0.02493683
v 0.19150248 0.75669390 -0.03795025
v 0.19833483 0.74553072 -0.05461279
v 0.01927404 0.68319315 -0.00924771
v 0.05556504 0.75519550 0.00175714
v 0.05851145 0.77104765 -0.00709734
v 0.07163836 0.75826126 0.00561751
v 0.07525463 0.77290618 -0.00187029
v 0.03075868 0.22595465 -0.09669605
v 0.03281549 0.22563919 -0.09697399
v 0.30125701 0.77766412 -0.12716748
v 0.29991627 0.77114427 -0.13408493
v 0.29268301 0.77948171 -0.14003001
v 0.29487628 0.78674167 -0.13274547
v 0.04643118 0.18164244 -0.10710928
v 0.04372373 0.19753021 -0.09541935
v 0.06797738 0.23112723 -0.17060181
v 0.05066176 0.22990534 -0.15511817
v 0.04872225 0.23801464 -0.16246367
v 0.05095425 0.24406034 -0.17485189
v 0.10718884 0.13677314 -0.02197951
v 0.10481833 0.16823584 -0.01436771
v 0.10848563 0.10547698 -0.03030124
v 0.10936584 0.07501698 -0.03879319
v 0.13748093 -0.11426473 -0.10226128
v 0.15306175 -0.14262545 -0.09965171
v 0.17314342 -0.23713493 -0.10789269
v 0.17887650 -0.27224308 -0.10972917
v 0.18631607 -0.30947345 -0.11235116
v 0.20223755 -0.38395125 -0.11321305
v 0.19469406 -0.34780359 -0.11398819
v 0.34130055 0.68340021 -0.06632853
v 0.34726536 0.68012500 -0.08217329
v 0.33782548 0.70378745 -0.08891624
v 0.33283955 0.70861763 -0.07184929
v 0.25571021 0.68088698 -0.10956585
v 0.26688784 0.66303742 -0.10846926
v 0.25947985 0.66433990 -0.09309430
v 0.24803638 0.68334067 -0.09332973
v 0.27867633 0.64409530 -0.10745424
v 0.27530903 0.66240793 -0.12176681
v 0.28836930 0.64404064 -0.11897886
v 0.32595193 0.65613735 -0.12785986
v 0.31332272 0.67440557 -0.13527869
v 0.32426575 0.68409514 -0.12967524
v 0.33706582 0.66363734 -0.12182970
v 0.34876755 0.67589426 -0.09811473
v 0.34516808 0.67006063 -0.11200739
v 0.33386415 0.69155365 -0.11873108
v 0.33843026 0.69753975 -0.10478538
v 0.26487803 0.65005600 -0.06139836
v 0.25322977 0.67095172 -0.06130564
v 0.25366417 0.66661406 -0.07666326
v 0.26521736 0.64658964 -0.07670632
v 0.27755928 0.76905364 -0.04985030
v 0.27088237 0.78946763 -0.04886682
v 0.20514208 0.76993960 -0.05759062
v 0.20948420 0.76729304 -0.06396517
v 0.20703398 0.77132624 -0.04823489
v 0.20341220 0.78053033 -0.04446296
v 0.27541089 0.71842057 -0.04318297
v 0.29448870 0.72496438 -0.04954633
v 0.28464678 0.74730623 -0.05070889
v 0.26629314 0.73980808 -0.04390357
v 0.24138299 0.69210511 -0.06157660
v 0.22927131 0.71212649 -0.06057191
v 0.23063080 0.70658016 -0.07598422
v 0.24195650 0.68690282 -0.07656729
v 0.27177981 0.70248187 -0.14308354
v 0.28593892 0.68596333 -0.14050534
v 0.22320494 0.75454199 -0.04453076
v 0.22891746 0.73804760 -0.04647486
v 0.18662880 0.75001734 -0.03467298
v 0.21882136 0.72767651 -0.08706698
v 0.21702641 0.72072339 -0.08349800
v 0.12726812 0.71095794 0.00777501
v 0.12724222 0.72540009 0.01112957
v 0.19904700 0.71057194 -0.05426583
v 0.19313784 0.69742268 -0.04598212
v 0.13473049 0.72576350 0.00750406
v 0.13783929 0.71583295 0.00375564
v 0.09207973 0.63530570 0.01457551
v 0.04968102 0.88959926 -0.10932244
v 0.23617487 0.72035772 -0.04832429
v 0.24964792 0.72986424 -0.04228653
v 0.27718219 0.72868359 -0.15092385
v 0.26917708 0.72214884 -0.14867830
v 0.25884268 0.73354638 -0.14691430
v 0.26606297 0.73811424 -0.15118042
v 0.21481904 0.72675794 -0.19383740
v 0.22064357 0.71645176 -0.18007994
v 0.20950045 0.70415658 -0.18715897
v 0.20168664 0.71574181 -0.20251319
v 0.30350918 0.78342402 -0.10917158
v 0.29709563 0.79653853 -0.11277288
v 0.29633391 0.79871774 -0.09889382
v 0.30334106 0.78268677 -0.09636587
v 0.29313838 0.79894853 -0.08182931
v 0.28615814 0.79589087 -0.06289391
v 0.29288280 0.77540064 -0.06282234
v 0.30051422 0.77995914 -0.08025336
v 0.21780445 0.32279629 -0.09496629
v 0.21676031 0.32790241 -0.12495753
v 0.12922020 0.45419472 -0.00655743
v 0.15236330 0.46066067 -0.01801820
v 0.10623609 0.35684210 -0.00417944
v 0.03934387 0.21924135 -0.04678380
v 0.04974488 0.22929958 -0.02124001
v 0.05147056 0.15804648 -0.11772138
v 0.21374942 0.31599915 -0.06587207
v 0.07191924 0.09894043 -0.13466837
v 0.06135754 0.12927595 -0.12712431
v 0.12708552 0.10849220 -0.18874165
v 0.11862365 0.14049602 -0.18860757
v 0.15004630 0.13949841 -0.19087157
v 0.15530440 0.10904735 -0.19070074
v 0.17915726 0.13822922 -0.18266046
v 0.18155245 0.10831971 -0.18236899
v 0.16239785 0.01565963 -0.04000613
v 0.21080551 -0.22030967 -0.20786485
v 0.23575945 -0.25513083 -0.19599798
v 0.21595797 -0.25761956 -0.20327961
v 0.23233776 -0.21658403 -0.20068103
v 0.24441826 -0.17922926 -0.18422154
v 0.24964851 -0.21485943 -0.18433046
v 0.24751930 -0.25965697 -0.10600427
v 0.22037600 -0.29579383 -0.19534540
v 0.23830862 -0.29484814 -0.18861252
v 0.25197464 -0.25308508 -0.18107352
v 0.25265351 -0.29323930 -0.17602578
v 0.04071625 0.20704445 -0.08414064
v 0.05581614 0.24805743 -0.18944439
v 0.18301901 0.26912218 -0.01869494
v 0.18942131 0.23864472 -0.02167785
v 0.09302044 0.26497528 0.00055940
v 0.12040506 0.28027076 -0.00022330
v 0.13617757 0.53787315 -0.00374271
v 0.11222385 0.53597981 0.00576697
v 0.13701800 0.58551097 -0.00391327
v 0.13725355 0.56080449 -0.00372775
v 0.15860948 0.56460744 -0.01698967
v 0.15834945 0.58824307 -0.01702186
v 0.19171895 0.59218144 -0.05804583
v 0.19070798 0.57112670 -0.05851294
v 0.19875874 0.57353437 -0.08490814
v 0.20069750 0.59362954 -0.08499613
v 0.20069227 0.55786204 -0.11085783
v 0.19911557 0.55455279 -0.08412635
v 0.16255061 0.59294587 -0.19396031
v 0.16644976 0.61530757 -0.19717348
v 0.18031199 0.60986692 -0.18098214
v 0.17646888 0.58861864 -0.17820200
v 0.03814926 0.28652725 0.00259207
v 0.03492437 0.21719062 -0.06704310
v 0.10287979 0.19745576 -0.00882508
v 0.12964016 0.22914988 0.00167052
v 0.16080767 0.23343220 -0.00301279
v 0.23479812 0.73371273 -0.10114832
v 0.23979391 0.73909658 -0.16382363
v 0.23972514 0.74884266 -0.17092392
v 0.30092442 0.75467044 -0.06296240
v 0.30979520 0.76089346 -0.07987720
v 0.22001885 0.73025298 -0.05762555
v 0.24686098 0.79677910 -0.04124393
v 0.22497983 0.79894215 -0.03901121
v 0.23126526 0.78310221 -0.04027465
v 0.13952684 0.34341589 -0.00804541
v 0.14424923 0.31731367 -0.00629489
v 0.17206287 0.32722557 -0.01582161
v 0.04430091 0.22801909 -0.13870366
v 0.04534136 0.23396337 -0.14623258
v 0.06920630 0.24666867 -0.00474245
v 0.08952844 0.03944803 -0.14584683
v 0.08160509 0.06858938 -0.14049126
v 0.09595042 0.01190120 -0.15177101
v 0.10257115 -0.01559955 -0.15831617
v 0.10978181 -0.04302466 -0.16421831
v 0.12049446 -0.07073379 -0.16806844
v 0.13357756 -0.09924769 -0.16800812
v 0.14305045 -0.13079429 -0.17240366
v 0.14158523 -0.20147502 -0.16725048
v 0.14739661 -0.16433519 -0.17929712
v 0.15047172 -0.19863957 -0.18424872
v 0.15475576 -0.23323023 -0.18671104
v 0.17322986 -0.30344403 -0.17863840
v 0.16168189 -0.26791912 -0.18509355
v 0.18279082 -0.34052253 -0.17270499
v 0.18986714 -0.37749243 -0.16844031
v 0.03542774 0.22559494 -0.10760079
v 0.03982683 0.22649026 -0.12220941
v 0.15127377 0.87873083 -0.08333473
v 0.21029960 0.74223858 -0.07573827
v 0.21379234 0.74663574 -0.08109061
v 0.21415332 0.74568564 -0.05480182
v 0.06118543 0.25778291 -0.20468834
v 0.06624825 0.26992035 -0.22040391
v 0.32764867 0.71743256 -0.11279523
v 0.32883519 0.72602421 -0.09828699
v 0.22261603 0.72628301 -0.07404232
v 0.21092084 0.76159060 -0.07295310
v 0.21580891 0.76399004 -0.07899317
v 0.37954000 0.49597564 0.00135925
v 0.37965456 0.47515982 0.00520721
v 0.39242360 0.47630358 0.00172744
v 0.39274269 0.49733391 -0.00364536
v 0.36552078 0.49343926 -0.00001273
v 0.36678368 0.47302160 0.00315280
v 0.34186545 0.47267216 -0.05871555
v 0.34978873 0.45346391 -0.05333626
v 0.34457374 0.45776659 -0.04002994
v 0.33756837 0.47756058 -0.04448783
v 0.35805702 0.45055830 -0.00002742
v 0.35566849 0.47030774 -0.00330286
v 0.34802696 0.46679586 -0.01406555
v 0.35189497 0.44704527 -0.01079366
v 0.36863416 0.47091144 -0.07736292
v 0.35993618 0.48892289 -0.08459051
v 0.37578344 0.49285010 -0.08579211
v 0.38335490 0.47495088 -0.07688749
v 0.31584999 0.55527782 -0.06759688
v 0.31075528 0.57155836 -0.06681536
v 0.31123915 0.56475371 -0.08042088
v 0.31804076 0.54872358 -0.08151537
v 0.37838084 0.53945190 -0.00810403
v 0.37902638 0.51749253 -0.00307438
v 0.39244562 0.51908886 -0.00970346
v 0.39127290 0.54093605 -0.01705067
v 0.33693156 0.52935165 -0.02317196
v 0.33505976 0.55191475 -0.02699523
v 0.32699597 0.54708385 -0.04069272
v 0.32927772 0.52480835 -0.03749438
v 0.38874865 0.56207252 -0.02591212
v 0.37814704 0.56192893 -0.01407972
v 0.34357664 0.48710564 -0.01669325
v 0.33950016 0.50772882 -0.01960796
v 0.33315930 0.50352889 -0.03361167
v 0.33886641 0.48291066 -0.03018144
v 0.38233781 0.43563968 -0.05928083
v 0.37611672 0.45319638 -0.06874192
v 0.38960597 0.45716804 -0.06718242
v 0.39460242 0.43941891 -0.05681956
v 0.34983215 0.44317052 -0.02259141
v 0.34457228 0.46269381 -0.02674511
v 0.35142970 0.43878740 -0.03501838
v 0.40898365 0.45356458 -0.01131213
v 0.40953097 0.47429696 -0.02043401
v 0.40288001 0.47610486 -0.00727618
v 0.40223065 0.45542163 -0.00011985
v 0.32675651 0.51377124 -0.06585169
v 0.33396760 0.49298793 -0.06248283
v 0.33098432 0.49827901 -0.04803520
v 0.32540038 0.51927894 -0.05170837
v 0.36277401 0.53680289 -0.00664443
v 0.36408359 0.51477939 -0.00311628
v 0.40915602 0.49502653 -0.02998301
v 0.40715820 0.51592261 -0.04000878
v 0.40132669 0.51838994 -0.02313977
v 0.40264228 0.49713531 -0.01482302
v 0.40103692 0.53098696 -0.06781361
v 0.40623128 0.51156992 -0.05704616
v 0.39898440 0.50566298 -0.07067931
v 0.39269891 0.52438784 -0.08126427
v 0.32620898 0.52949631 -0.08164588
v 0.32100230 0.53501874 -0.06756684
v 0.35020885 0.50778157 -0.09033269
v 0.33963442 0.52685040 -0.09425266
v 0.35645816 0.52936453 -0.10009184
v 0.36664951 0.51100373 -0.09364116
v 0.34390035 0.59460688 -0.02456583
v 0.34553826 0.57820594 -0.02000841
v 0.36145437 0.58148533 -0.01697332
v 0.35975096 0.59849972 -0.02359617
v 0.37677798 0.58306253 -0.02252612
v 0.37418467 0.60028654 -0.03178954
v 0.37269801 0.62277710 -0.06012802
v 0.37715280 0.61279392 -0.05490431
v 0.37696505 0.61158890 -0.07141283
v 0.37306321 0.62130326 -0.07580142
v 0.38926756 0.56669450 -0.09208883
v 0.39580727 0.54958946 -0.07992962
v 0.38507435 0.54242069 -0.09194693
v 0.37591249 0.55965328 -0.10235390
v 0.35080969 0.56691009 -0.11189482
v 0.36128896 0.55255163 -0.10655303
v 0.34509084 0.54619223 -0.10485254
v 0.33454198 0.56057239 -0.10743561
v 0.31318459 0.61228275 -0.11583328
v 0.32190493 0.59991217 -0.11605063
v 0.30855095 0.59701544 -0.10692510
v 0.30141753 0.61014861 -0.10674788
v 0.29347348 0.60059041 -0.07856205
v 0.29373759 0.60426652 -0.06445432
v 0.28613311 0.61592042 -0.06321594
v 0.28637481 0.61264408 -0.07797632
v 0.33305183 0.63826197 -0.03560215
v 0.33598244 0.62662435 -0.03314462
v 0.35165688 0.63159198 -0.03837168
v 0.34827679 0.64312488 -0.04363409
v 0.38217887 0.58072376 -0.10183141
v 0.36556220 0.57597685 -0.11162627
v 0.29906705 0.58925474 -0.07928009
v 0.30498308 0.57819086 -0.08002684
v 0.30474469 0.58425087 -0.06639853
v 0.29942530 0.59430832 -0.06552982
v 0.31329936 0.60626173 -0.04559046
v 0.31830204 0.59635240 -0.04641461
v 0.32753280 0.60143548 -0.03617555
v 0.32400441 0.61093897 -0.03676456
v 0.33813027 0.61703265 -0.03105569
v 0.34097031 0.60696977 -0.02847324
v 0.35686347 0.61126834 -0.02936719
v 0.35410127 0.62177742 -0.03401759
v 0.37744114 0.59070802 -0.10696737
v 0.37138668 0.59833342 -0.11055212
v 0.37582460 0.60497373 -0.09949940
v 0.38197502 0.59775943 -0.09505454
v 0.32503560 0.57329601 -0.10825700
v 0.34025335 0.57861137 -0.11412793
v 0.32316661 0.58392793 -0.04551536
v 0.31012025 0.59029365 -0.05521032
v 0.31556314 0.57803637 -0.05545595
v 0.37044591 0.61320239 -0.03897899
v 0.32511014 0.61531633 -0.12079701
v 0.31414652 0.62789249 -0.12249295
v 0.32607549 0.63236851 -0.12475416
v 0.33657056 0.61955833 -0.12229301
v 0.30232897 0.62520057 -0.11626962
v 0.29181647 0.62443596 -0.10638319
v 0.27657247 0.63058025 -0.06176209
v 0.27710140 0.62709206 -0.07706445
v 0.28231353 0.63581622 -0.04899514
v 0.29231811 0.62087291 -0.05071703
v 0.30219021 0.62693721 -0.04160765
v 0.29247618 0.64284080 -0.03993112
v 0.32458711 0.65713555 -0.03912842
v 0.34004557 0.66144222 -0.04823944
v 0.35762426 0.64399093 -0.05652893
v 0.34985551 0.66079599 -0.06154984
v 0.29860675 0.59726655 -0.09340954
v 0.30484724 0.58565247 -0.09420508
v 0.40989751 0.49140701 -0.04638419
v 0.41164163 0.47119692 -0.03560749
v 0.40735087 0.46727979 -0.04939605
v 0.40402699 0.48661748 -0.06006712
v 0.40016323 0.46237421 -0.06027932
v 0.40358374 0.44395593 -0.04940993
v 0.35023713 0.51134765 -0.00867349
v 0.35283896 0.49041918 -0.00596512
v 0.36760053 0.45340788 0.00709006
v 0.33134353 0.58943886 -0.03381246
v 0.33382311 0.57335836 -0.03087460
v 0.37294355 0.61816180 -0.09007442
v 0.36882436 0.62696350 -0.09428151
v 0.36909053 0.63040709 -0.08010241
v 0.38825047 0.58920813 -0.08604994
v 0.38312492 0.59842658 -0.06829065
v 0.38986102 0.58005536 -0.05427003
v 0.39420179 0.57481402 -0.07423446
v 0.36389956 0.60622692 -0.11336809
v 0.35601157 0.61488342 -0.11587045
v 0.36397886 0.62128466 -0.10656157
v 0.36994618 0.61257440 -0.10288063
v 0.31600732 0.63252461 -0.03615414
v 0.32039776 0.62057543 -0.03643994
v 0.35784030 0.65517175 -0.09175226
v 0.35576379 0.65756565 -0.07678375
v 0.36225298 0.64244288 -0.07066986
v 0.36413947 0.64081627 -0.08504930
v 0.36775297 0.63228881 -0.06518418
v 0.35534868 0.65122586 -0.10550140
v 0.36306778 0.63741142 -0.09923743
v 0.30718893 0.65052611 -0.03619795
v 0.34771755 0.62576342 -0.11892326
v 0.33798584 0.63875979 -0.12273410
v 0.34827465 0.64543587 -0.11584549
v 0.35694462 0.63196683 -0.11081269
v 0.39526027 0.48082975 -0.07055920
v 0.38886294 0.49920776 -0.08040568
v 0.31943712 0.55974633 -0.09612563
v 0.32833165 0.54427713 -0.09662306
v 0.31192866 0.57355142 -0.09515679
v 0.35312212 0.47008023 -0.07081252
v 0.36155289 0.45168644 -0.06387478
v 0.33497828 0.50908089 -0.08003019
v 0.34402671 0.48898178 -0.07628953
v 0.40358728 0.53647476 -0.05054620
v 0.34310254 0.59401637 -0.11858541
v 0.35246766 0.58516765 -0.11659113
v 0.33082780 0.58874404 -0.11604296
v 0.28263465 0.62546974 -0.09237537
v 0.29184240 0.61031282 -0.09329747
v 0.36903167 0.58688325 -0.11342555
v 0.27087283 0.64489549 -0.09277534
v 0.38158256 0.59998959 -0.04787625
v 0.36247671 0.63297880 -0.05045319
v 0.36641181 0.62336421 -0.04487956
v 0.39196557 0.45594290 0.00748108
v 0.34819603 0.53322798 -0.01203972
v 0.32550484 0.56799781 -0.04349358
v 0.31918815 0.56180763 -0.05535117
v 0.33453885 0.60390854 -0.11979547
v 0.34552494 0.60855114 -0.12028460
v 0.35385954 0.59980929 -0.11838824
v 0.29928029 0.60947114 -0.05242988
v 0.30835545 0.61555952 -0.04361792
v 0.36889908 0.43422526 -0.05584978
v 0.30469266 0.59985536 -0.05421858
v 0.38535169 0.58257103 -0.03677267
v 0.10782533 0.83196467 -0.24886885
v 0.09199297 0.81451303 -0.25577506
v 0.09029466 0.82888407 -0.25519943
v 0.18538050 0.68297380 -0.03796673
v 0.12976034 0.65753073 0.00006250
v 0.15037331 0.66006023 -0.01075933
v 0.20787494 0.73604411 -0.07111874
v 0.20543090 0.72872090 -0.06658441
v 0.22392225 0.75866622 -0.09302136
v 0.21887420 0.75448960 -0.08822000
v 0.18617685 0.72045058 -0.03789306
v 0.11028655 1.08763146 -0.18842512
v 0.10917564 1.07994175 -0.19103536
v 0.11137968 1.10180211 -0.18829653
v 0.01013283 0.49089852 0.01660126
v -0.00058864 0.46320131 0.00895062
v -0.00059178 0.44952780 0.00837944
v 0.10972341 1.07028389 -0.17235836
v 0.10806233 1.06405449 -0.17757100
v 0.11197399 1.06730938 -0.17388028
v 0.10953720 1.07228684 -0.17034858
v 0.10917246 1.07128668 -0.17063919
v 0.11128759 1.10482883 -0.17754629
v 0.10728572 1.07131863 -0.19111055
v 0.10514303 1.06179547 -0.18917322
v 0.10992381 1.09085083 -0.17268530
v 0.12633348 0.48022014 -0.20517170
v 0.13041550 0.46118739 -0.20945889
v 0.10675261 0.46075124 -0.21827570
v 0.10361417 0.47929889 -0.21217179
v 0.08266195 0.44594073 -0.23503882
v 0.08064269 0.46227708 -0.22676265
v 0.11136343 0.44265389 -0.22666994
v 0.20651731 0.40826398 -0.16474232
v 0.20298903 0.43020961 -0.16132584
v 0.21004690 0.43212724 -0.13527946
v 0.21383187 0.41052863 -0.13704033
v 0.20737998 0.44953328 -0.10777232
v 0.21114212 0.43202704 -0.10739338
v 0.20569499 0.45084733 -0.13437606
v 0.20220880 0.44595802 -0.07969482
v 0.20603049 0.42783573 -0.07905704
v 0.19095570 0.43942145 -0.05489010
v 0.19519444 0.42007458 -0.05398953
v 0.17900971 0.41078228 -0.03349602
v 0.15730654 0.40192530 -0.01833168
v 0.13578600 0.36857831 -0.00925881
v 0.13201930 0.39246172 -0.00904180
v 0.10595480 0.38325691 -0.00360506
v 0.08010982 0.37533945 0.00010055
v 0.05723599 0.37087396 0.00138576
v 0.03752514 0.36816093 0.00092901
v 0.02011472 0.36696148 -0.00124988
v 0.00522706 0.36604568 -0.00535161
v 0.00541106 0.34035754 -0.00587749
v 0.13843837 0.86096007 -0.06764501
v 0.16105980 0.91569185 -0.18570170
v 0.17380190 0.91778475 -0.15491962
v 0.17423512 0.91036010 -0.18013075
v 0.20742865 0.84668821 -0.20320809
v 0.18992294 0.84170979 -0.21927664
v 0.19049473 0.86059415 -0.21233243
v 0.20792255 0.86719471 -0.19231755
v 0.15615104 0.90521806 -0.20394981
v 0.14749369 0.90873015 -0.20592362
v 0.16692513 0.89952338 -0.20255011
v 0.15421200 0.88933486 -0.22057465
v 0.13782956 0.88193977 -0.23119545
v 0.22422294 0.89631855 -0.11981496
v 0.23704146 0.88947904 -0.10689263
v 0.23932268 0.87711471 -0.13113190
v 0.22983345 0.88239402 -0.14288798
v 0.23286647 0.83116001 -0.18312803
v 0.24292709 0.83040762 -0.17181581
v 0.24192394 0.81516224 -0.17859450
v 0.23135936 0.81477350 -0.18938366
v 0.26437116 0.85013676 -0.07543612
v 0.27263924 0.83269829 -0.06910588
v 0.27865583 0.83290064 -0.09040420
v 0.26971731 0.84790462 -0.09780870
v 0.24254528 0.84594542 -0.16192508
v 0.17937163 0.72141707 -0.22518805
v 0.19518207 0.72948140 -0.21564943
v 0.20873758 0.73852152 -0.20559192
v 0.23952439 0.76013380 -0.17634878
v 0.23288117 0.74148881 -0.17786950
v 0.23159458 0.75431669 -0.18441790
v 0.24638584 0.76550269 -0.16933566
v 0.25089058 0.76906955 -0.16267294
v 0.21888761 0.81496638 -0.03921348
v 0.20648240 0.79642856 -0.03756866
v 0.21220650 0.78391176 -0.03971556
v 0.25896925 0.76576179 -0.15280235
v 0.25719506 0.76115936 -0.15142602
v 0.25138775 0.76284707 -0.15222993
v 0.25258237 0.76716501 -0.15434796
v 0.21013056 0.90171790 -0.13283443
v 0.28105688 0.82785070 -0.10887530
v 0.28182697 0.82040137 -0.12363268
v 0.27151203 0.82998991 -0.13086981
v 0.27107242 0.83991063 -0.11625096
v 0.28072304 0.81236565 -0.13549529
v 0.27828813 0.80391008 -0.14465737
v 0.26927292 0.80948746 -0.15143356
v 0.27114895 0.81987733 -0.14255254
v 0.26243594 0.77018660 -0.15421784
v 0.25428045 0.77290684 -0.15645814
v 0.26521164 0.80790359 -0.04887331
v 0.23738305 0.87993211 -0.06930178
v 0.22765218 0.89247322 -0.07989459
v 0.21176548 0.88144201 -0.05960648
v 0.21988727 0.86773151 -0.05258796
v 0.23016106 0.74913150 -0.09570563
v 0.23751099 0.74504304 -0.10870290
v 0.24348597 0.74191803 -0.12240805
v 0.24769016 0.75374085 -0.14438914
v 0.24864292 0.74027675 -0.13379993
v 0.21026106 0.75934660 -0.05157748
v 0.21822920 0.76963443 -0.04264526
v 0.19695571 0.86101633 -0.04997361
v 0.20467484 0.84774333 -0.04516381
v 0.27964044 0.81453294 -0.06477876
v 0.28640801 0.81627715 -0.08505088
v 0.27326900 0.74946445 -0.15291250
v 0.26484054 0.75436038 -0.15242210
v 0.26755553 0.75928819 -0.15308359
v 0.24565199 0.74693865 -0.15111104
v 0.24968994 0.75815362 -0.14942333
v 0.24736717 0.87895495 -0.09462726
v 0.29013699 0.80904150 -0.11824673
v 0.28910667 0.81432593 -0.10320306
v 0.26128131 0.82501912 -0.15150654
v 0.25200212 0.82838553 -0.16157568
v 0.25140795 0.84245324 -0.15075049
v 0.26092559 0.83710009 -0.14022660
v 0.28434896 0.78714019 -0.14549197
v 0.28750113 0.79597229 -0.13852344
v 0.25125051 0.81460309 -0.16857222
v 0.26019871 0.81290871 -0.15939057
v 0.27119011 0.76483822 -0.15336692
v 0.18908682 0.87103111 -0.05611446
v 0.16710946 0.85462993 -0.05634505
v 0.17773271 0.84913474 -0.05041413
v 0.18601942 0.83915281 -0.04492542
v 0.19380899 0.82603317 -0.04023126
v 0.20094045 0.81009161 -0.03733163
v 0.15459228 0.85768652 -0.06240027
v 0.36226588 0.59226269 -0.11656044
v 0.27076381 0.74365640 -0.15267068
v 0.28223842 0.74310279 -0.15149847
v 0.28073543 0.73611766 -0.15143108
v 0.32171583 0.71155822 -0.12654854
v 0.02648898 1.01595926 -0.05779342
v 0.02685254 1.00984287 -0.06020023
v 0.02514441 1.04144454 -0.05858257
v 0.02528763 1.03756022 -0.05747646
v 0.37690732 0.60979456 -0.08641240
v 0.38136256 0.60274678 -0.08353865
v 0.39906365 0.55624437 -0.06167552
v 0.39528263 0.56023973 -0.04249340
v 0.39900610 0.53964621 -0.03228995
v 0.36220297 0.55970353 -0.01083778
v 0.34677967 0.55633509 -0.01569629
v 0.32181832 0.54100591 -0.05428982
v 0.37175107 0.53532404 -0.09853336
v 0.37837845 0.41643894 0.02157557
v 0.37767270 0.39683682 0.02673101
v 0.38920203 0.39708877 0.02757455
v 0.39025432 0.41683483 0.02053892
v 0.37578577 0.37810746 0.03233206
v 0.36861101 0.39534533 0.02051742
v 0.36785266 0.37750870 0.02442975
v 0.36348993 0.39341706 0.01121596
v 0.36438656 0.37630144 0.01464218
v 0.36487386 0.37425554 0.00448912
v 0.36242929 0.39092904 0.00085975
v 0.36458769 0.38781399 -0.00889297
v 0.36841226 0.37165257 -0.00477194
v 0.36388656 0.40238324 -0.02390744
v 0.37093779 0.39998910 -0.03298879
v 0.37677827 0.38300413 -0.02534786
v 0.36952034 0.38493645 -0.01790639
v 0.40028828 0.36749783 -0.02069217
v 0.39702207 0.38349614 -0.03029436
v 0.40560827 0.38609940 -0.02522816
v 0.40778473 0.36914626 -0.01610175
v 0.41306099 0.40986133 -0.01633802
v 0.41575715 0.39116222 -0.00619265
v 0.41182473 0.38876104 -0.01653226
v 0.40908152 0.40708518 -0.02723014
v 0.41912946 0.37327182 0.00211528
v 0.41428170 0.39295232 0.00458270
v 0.41645512 0.37529573 0.01335829
v 0.36790717 0.43401778 0.01187664
v 0.37905306 0.43598059 0.01589474
v 0.37960798 0.45526671 0.00991995
v 0.35884666 0.40893146 -0.00308006
v 0.36161774 0.41205147 0.00731340
v 0.35986260 0.43121022 0.00352070
v 0.35549995 0.42790660 -0.00693117
v 0.35761848 0.43543464 -0.04701802
v 0.36461455 0.41757718 -0.04009135
v 0.35786933 0.42062074 -0.02959073
v 0.35987902 0.40569252 -0.01361950
v 0.35495546 0.42432195 -0.01819152
v 0.38116804 0.39928439 -0.03906544
v 0.38662314 0.38242620 -0.03012259
v 0.40039819 0.41568625 0.01459073
v 0.39991257 0.39605758 0.02241698
v 0.40830213 0.39439771 0.01425285
v 0.40791261 0.41397628 0.00607776
v 0.37536880 0.41675532 -0.04738012
v 0.40113541 0.43536276 0.00715908
v 0.40838099 0.43354887 -0.00235154
v 0.41277650 0.41208515 -0.00466163
v 0.41243571 0.43134439 -0.01447709
v 0.39979437 0.37782833 0.03053422
v 0.38791105 0.37827921 0.03449699
v 0.39116046 0.43637955 0.01393823
v 0.39267030 0.40068412 -0.04017359
v 0.38776255 0.41813037 -0.04975086
v 0.39885589 0.42155835 -0.04640627
v 0.40255901 0.40375859 -0.03584287
v 0.40947938 0.44784153 -0.03834316
v 0.41114396 0.42861381 -0.02725753
v 0.40629196 0.42536432 -0.03833151
v 0.41458556 0.37115204 -0.00818627
v 0.41209918 0.45100617 -0.02490707
v 0.36389565 0.29033342 0.02265736
v 0.35541192 0.28709716 0.02861154
v 0.35183662 0.29545206 0.02342536
v 0.36128271 0.29910213 0.01759745
v 0.34177378 0.31645113 0.01454635
v 0.33447224 0.31023523 0.02354021
v 0.33200911 0.32003260 0.02875021
v 0.33864370 0.32767731 0.02005145
v 0.34946397 0.28599089 0.03646163
v 0.34530738 0.29335839 0.03026177
v 0.34780392 0.28904572 0.04405850
v 0.35272199 0.27960458 0.04260869
v 0.35415769 0.28214422 0.05081023
v 0.35668820 0.27518690 0.05501382
v 0.36517787 0.27723157 0.05993424
v 0.36281723 0.28904969 0.05781421
v 0.39027792 0.29191211 0.05040835
v 0.38712984 0.27710342 0.05249776
v 0.39705166 0.27717683 0.04591319
v 0.39920619 0.29227224 0.04305030
v 0.40989408 0.28067192 0.02747541
v 0.41071820 0.29546511 0.02634099
v 0.40523106 0.29352885 0.03493474
v 0.40326762 0.27777034 0.03690276
v 0.37804851 0.29440549 0.01481558
v 0.37238994 0.29341948 0.01817864
v 0.37121579 0.30225900 0.01328059
v 0.37759352 0.30379847 0.00984743
v 0.34227744 0.29437903 0.05238895
v 0.34130993 0.29177865 0.04873124
v 0.35122260 0.29188100 0.05136893
v 0.35255522 0.29870206 0.05375497
v 0.38466913 0.32563490 -0.01119009
v 0.37846357 0.32765958 -0.00634696
v 0.37776643 0.33908921 -0.00635201
v 0.38483751 0.33801767 -0.01202111
v 0.35310480 0.33967343 0.00866934
v 0.35417169 0.34771106 0.02210185
v 0.35917631 0.35298535 0.01794700
v 0.36145824 0.34386167 0.00537544
v 0.34580275 0.33441263 0.01341083
v 0.34182128 0.33413306 0.03117245
v 0.34805107 0.34191847 0.02600503
v 0.33474848 0.32505882 0.03802538
v 0.39527136 0.33826870 -0.01616599
v 0.39683819 0.32876024 -0.01749863
v 0.34359583 0.22973278 0.05264443
v 0.34514296 0.23507491 0.05248524
v 0.34835792 0.23249322 0.04801352
v 0.34665835 0.22718394 0.04859343
v 0.41537681 0.33236068 -0.00756124
v 0.41286641 0.33957630 -0.00895369
v 0.41794392 0.34017006 -0.00049557
v 0.41846669 0.33294216 0.00237605
v 0.41792369 0.32284382 -0.00579743
v 0.41906106 0.32329223 0.00551926
v 0.34926122 0.22747621 0.06509182
v 0.35206196 0.23298541 0.06514844
v 0.34774745 0.23506936 0.06238940
v 0.34537563 0.22960991 0.06215332
v 0.36450112 0.28221455 0.02758050
v 0.35669541 0.27979004 0.03370769
v 0.35811180 0.26331106 0.03832049
v 0.35449520 0.26614901 0.04347385
v 0.35573947 0.27269357 0.03876073
v 0.36343774 0.27254471 0.03212053
v 0.38078928 0.27575341 0.01918861
v 0.37430829 0.27303290 0.02436322
v 0.37516972 0.28313598 0.02155451
v 0.38176474 0.28562054 0.01616595
v 0.38979498 0.28592801 0.00584272
v 0.39342487 0.28447425 0.00053936
v 0.39395472 0.27587366 0.00300686
v 0.38983276 0.27637157 0.00896705
v 0.38373077 0.25792247 0.01865254
v 0.38816389 0.25785434 0.01475401
v 0.38793403 0.24928156 0.01909752
v 0.38390243 0.24903724 0.02258317
v 0.41153064 0.34649256 -0.01020296
v 0.41742074 0.34771445 -0.00204258
v 0.41949615 0.28517929 0.00845295
v 0.42011598 0.27407527 0.00825834
v 0.42110792 0.27584365 -0.00280318
v 0.41999525 0.28718463 -0.00268835
v 0.41703150 0.33273709 0.01375036
v 0.41771194 0.34047940 0.01123853
v 0.35420752 0.22435820 0.06452419
v 0.35718268 0.22989890 0.06468466
v 0.34229037 0.32389507 0.04651908
v 0.35071751 0.33390176 0.04053783
v 0.35745284 0.34226948 0.03549632
v 0.36226651 0.34856293 0.03214948
v 0.36474836 0.35473824 0.03035289
v 0.36671445 0.26686826 0.03042885
v 0.37120447 0.28641796 0.02227105
v 0.38189763 0.29530367 0.01160162
v 0.40096259 0.29292381 -0.01323837
v 0.39533892 0.29199347 -0.00733006
v 0.39287823 0.29948634 -0.00893711
v 0.40121424 0.30120730 -0.01588134
v 0.41550121 0.28669444 -0.01124266
v 0.41600537 0.27611679 -0.01021793
v 0.40864262 0.27549976 -0.01124597
v 0.40803126 0.28473586 -0.01306118
v 0.34085140 0.29808250 0.05593815
v 0.35014847 0.30577758 0.05442153
v 0.40791473 0.33089942 -0.01508029
v 0.40519002 0.33872533 -0.01489452
v 0.40356043 0.34614962 -0.01426548
v 0.37833571 0.31570783 0.00096391
v 0.37425697 0.31470084 0.00365856
v 0.36808819 0.32815796 -0.00097345
v 0.37420821 0.32854241 -0.00355272
v 0.35652953 0.30873752 0.01064117
v 0.34687638 0.30441284 0.01737544
v 0.35096371 0.32181758 0.00711621
v 0.37100974 0.34093282 -0.00171933
v 0.37092268 0.35024598 -0.00037590
v 0.37841669 0.34820640 -0.00598788
v 0.38631132 0.34680128 -0.01158440
v 0.39525792 0.34609044 -0.01503739
v 0.37063673 0.35907459 -0.00163600
v 0.37766725 0.35698804 -0.00778498
v 0.38617790 0.35543391 -0.01295835
v 0.39480016 0.35457513 -0.01585460
v 0.41922414 0.35958132 0.00696599
v 0.41856748 0.34903684 0.00907217
v 0.41679585 0.35739964 -0.00393526
v 0.36282367 0.36264560 0.01734360
v 0.36567515 0.36107311 0.00689542
v 0.36425227 0.35226840 0.00750740
v 0.36674201 0.36288214 0.02805077
v 0.32981974 0.30595779 0.03166461
v 0.33561602 0.29859054 0.03243392
v 0.33114466 0.29516491 0.03769021
v 0.32581991 0.30111721 0.03778335
v 0.35408098 0.27375573 0.04730262
v 0.35408792 0.26766217 0.05071325
v 0.35758910 0.26813957 0.05740705
v 0.39932889 0.31901103 -0.01805264
v 0.38896111 0.31636113 -0.01201457
v 0.36220813 0.26008382 0.03551329
v 0.35509729 0.23961949 0.06463705
v 0.35922056 0.25125000 0.06323355
v 0.35401887 0.25331384 0.05988525
v 0.35022151 0.24160981 0.06175153
v 0.36518392 0.25151542 0.03879441
v 0.36312130 0.24466050 0.04242556
v 0.35810605 0.24835607 0.04171555
v 0.36035782 0.25509623 0.03932610
v 0.39290398 0.25801203 0.00934111
v 0.39279777 0.25102997 0.01295637
v 0.38122261 0.26218322 0.05078017
v 0.37725279 0.27802038 0.05919109
v 0.37438098 0.26619276 0.05970348
v 0.38582703 0.27648476 0.01402865
v 0.38904595 0.26684088 0.01164345
v 0.38484642 0.26702297 0.01611033
v 0.36822185 0.26328829 0.02990292
v 0.37303820 0.26558709 0.02625975
v 0.37137648 0.25879028 0.02948324
v 0.36605862 0.25812843 0.03335747
v 0.41367397 0.29888225 -0.01427862
v 0.41984516 0.29985479 -0.00322181
v 0.34530583 0.23592687 0.05781336
v 0.34345716 0.23041567 0.05768910
v 0.41013613 0.35560513 -0.01146466
v 0.40271831 0.35470197 -0.01529432
v 0.38613504 0.28641272 0.01126234
v 0.37850767 0.29146996 0.05605876
v 0.38526800 0.29599246 0.00727503
v 0.40873170 0.25860655 0.01892492
v 0.40761521 0.25049838 0.02061148
v 0.40504044 0.25034416 0.01404202
v 0.40747619 0.25701702 0.01127344
v 0.35994464 0.23382893 0.04658876
v 0.35799754 0.22703910 0.04870710
v 0.35313734 0.22953141 0.04693778
v 0.35483110 0.23669583 0.04513962
v 0.35658577 0.25821570 0.04179007
v 0.35382360 0.25121450 0.04375866
v 0.35104555 0.25338197 0.04849328
v 0.35364309 0.26072690 0.04659436
v 0.35376137 0.26188609 0.05286565
v 0.35145903 0.25402552 0.05453330
v 0.36393088 0.23223001 0.05193890
v 0.36718479 0.24277949 0.04856762
v 0.36897087 0.24478301 0.05636568
v 0.36415806 0.23378074 0.05912408
v 0.41125962 0.30990332 0.02522948
v 0.41586417 0.29676887 0.01716980
v 0.41600841 0.31080264 0.01655312
v 0.40783590 0.26680893 0.02799159
v 0.41229367 0.26905221 0.01635991
v 0.41542846 0.28272495 0.01776030
v 0.41923428 0.29830986 0.00833669
v 0.37527266 0.25183088 0.04320635
v 0.38046807 0.25261182 0.04725556
v 0.37356350 0.25359517 0.05180678
v 0.38914037 0.29592866 0.00058642
v 0.34769031 0.24238878 0.05689984
v 0.38356909 0.34431231 0.04215275
v 0.38152233 0.33556938 0.04362063
v 0.39641595 0.33225602 0.04126337
v 0.39655083 0.34259748 0.03972135
v 0.35019499 0.23935997 0.04694566
v 0.34707078 0.24158499 0.05116477
v 0.39819342 0.25656590 0.00527835
v 0.40307331 0.25360799 0.00480729
v 0.40180448 0.24938050 0.00892815
v 0.39757919 0.25082457 0.00961002
v 0.41935748 0.31157485 0.00766568
v 0.42075983 0.26558748 0.00724461
v 0.42134488 0.26626971 -0.00308210
v 0.41666982 0.32323274 0.01553052
v 0.41235051 0.33285561 0.02400416
v 0.41190773 0.32284668 0.02447392
v 0.39777347 0.26115674 0.03655311
v 0.40644932 0.30839461 0.03300057
v 0.40680826 0.32181895 0.03208055
v 0.40633282 0.33303523 0.03230725
v 0.40649933 0.34187451 0.03171178
v 0.41299927 0.34106353 0.02266140
v 0.36058351 0.23660621 0.06407702
v 0.36095878 0.22704715 0.05996021
v 0.41513747 0.36122423 0.01806919
v 0.41392246 0.35022885 0.02074672
v 0.40816218 0.36241776 0.02724370
v 0.40736943 0.35111639 0.03009389
v 0.39258641 0.32052597 0.04503220
v 0.40063143 0.32082164 0.03934444
v 0.39203805 0.30632818 0.04750959
v 0.40067339 0.30716988 0.04063099
v 0.39293998 0.26303086 0.04685831
v 0.35485205 0.21238202 0.05607007
v 0.35347655 0.21283555 0.05150428
v 0.35613409 0.22079781 0.04984247
v 0.35812446 0.21992826 0.05483646
v 0.36098406 0.22590753 0.05367757
v 0.35792765 0.22140077 0.06066198
v 0.37950304 0.30550686 0.05264896
v 0.37058908 0.25221556 0.03383482
v 0.37639520 0.32157332 0.04788613
v 0.36185330 0.31307751 0.05380472
v 0.36527810 0.30211857 0.05672598
v 0.36170647 0.33012396 0.04678032
v 0.36814207 0.33996475 0.04251691
v 0.37321055 0.35379043 0.03792029
v 0.37179315 0.34723920 0.03927203
v 0.37433439 0.36312360 0.03610767
v 0.35227311 0.32030505 0.05156410
v 0.34518477 0.21956152 0.04880678
v 0.34147996 0.22223580 0.05243636
v 0.38464308 0.35225168 0.04075721
v 0.38611281 0.36298576 0.03867310
v 0.34003264 0.30061197 0.02528184
v 0.38360399 0.30550545 0.00324075
v 0.38628301 0.30593926 -0.00238179
v 0.39094105 0.30734825 -0.01058812
v 0.40068102 0.30959564 -0.01753773
v 0.39883351 0.36309904 0.03556202
v 0.37442970 0.36911115 -0.01213847
v 0.38256285 0.36755249 -0.01787360
v 0.40888324 0.37660360 0.02249400
v 0.34088877 0.22292238 0.05723257
v 0.39006615 0.24645436 0.02613856
v 0.38793916 0.24557123 0.02723565
v 0.32729766 0.31383488 0.03542000
v 0.32364634 0.30667886 0.04154607
v 0.32965207 0.30625206 0.05495550
v 0.33514044 0.31549096 0.05109545
v 0.32917526 0.31734490 0.04343453
v 0.32522151 0.30821347 0.04817034
v 0.38105023 0.31587446 -0.00172754
v 0.38438085 0.31552872 -0.00588666
v 0.41951770 0.31194431 -0.00408368
v 0.41324702 0.31083485 -0.01474335
v 0.35685560 0.26156294 0.05861239
v 0.36275294 0.26016143 0.06153817
v 0.36477745 0.26770377 0.06099346
v 0.36572698 0.24820682 0.06209941
v 0.36957496 0.24968654 0.04474787
v 0.37161756 0.25047407 0.03995454
v 0.36681363 0.31238380 0.00664277
v 0.36013100 0.32560953 0.00221431
v 0.33812311 0.29182351 0.04197526
v 0.34140515 0.29347757 0.03647819
v 0.37930939 0.26704469 0.02119821
v 0.39288834 0.24953493 0.04052626
v 0.38933021 0.25221521 0.04766465
v 0.37806076 0.25915739 0.02388985
v 0.34230274 0.22185659 0.06159577
v 0.34598616 0.21976054 0.06459540
v 0.37029222 0.25735044 0.06022902
v 0.39355481 0.26654509 0.00572446
v 0.39116448 0.24665082 0.03363634
v 0.39664298 0.25228068 0.03202897
v 0.41611141 0.26844177 -0.00904459
v 0.39734083 0.35152975 0.03811742
v 0.35168722 0.22374195 0.04729679
v 0.34987018 0.21602827 0.04803277
v 0.35437009 0.21410057 0.06066009
v 0.35116383 0.21703097 0.06420779
v 0.41101798 0.32143757 -0.01493867
v 0.38105792 0.30479926 0.00694704
v 0.39155346 0.36700785 -0.02108631
v 0.34354281 0.31183478 0.05513707
v 0.33616257 0.30246821 0.05798837
v 0.37747923 0.25199348 0.02699141
v 0.41384777 0.26185903 0.01140985
v 0.39835614 0.24755651 0.03207868
v 0.40546784 0.24950632 0.02900754
v 0.40634462 0.25710291 0.02830674
v 0.39339280 0.24515906 0.02960481
v 0.34860322 0.21029544 0.06431699
v 0.35190201 0.20757025 0.06095348
v 0.34338695 0.21282172 0.06475326
v 0.34027001 0.21541286 0.06143097
v 0.33929294 0.21700770 0.05730775
v 0.35251951 0.20617834 0.05665670
v 0.35136446 0.20688939 0.05238384
v 0.34813252 0.21043187 0.04893064
v 0.35061517 0.20068893 0.05660924
v 0.34947872 0.20093527 0.06095080
v 0.33771592 0.20042387 0.06392439
v 0.34004393 0.19806427 0.06472649
v 0.34183225 0.20138353 0.06481564
v 0.34097755 0.20534965 0.06494011
v 0.33621749 0.19545877 0.06306265
v 0.33867362 0.19351116 0.06443609
v 0.34373799 0.19627419 0.06416833
v 0.34496188 0.20072439 0.06422067
v 0.34235388 0.19134632 0.06406720
v 0.34510165 0.19021416 0.06135510
v 0.34631795 0.19502354 0.06140749
v 0.34703499 0.19898331 0.06210547
v 0.34637955 0.20433679 0.06438531
v 0.33636120 0.19066405 0.06213221
v 0.33936676 0.18669039 0.06077777
v 0.34087187 0.18746263 0.06349407
v 0.33807343 0.19019985 0.06399563
v 0.33833385 0.20918655 0.06151116
v 0.33635503 0.20249519 0.06088051
v 0.33518431 0.19669828 0.05993727
v 0.33564416 0.19152188 0.05896161
v 0.33566946 0.20302245 0.05703930
v 0.33525333 0.19674417 0.05663244
v 0.33596703 0.19240192 0.05602759
v 0.33674508 0.20211527 0.05325551
v 0.33649054 0.19587243 0.05388337
v 0.33759820 0.21106312 0.05731128
v 0.33864266 0.21092296 0.05306837
v 0.33688387 0.19294709 0.05432875
v 0.33874881 0.18764880 0.05769972
v 0.34813744 0.19489244 0.05891737
v 0.34621042 0.18990669 0.05842355
v 0.34849745 0.19499031 0.05596025
v 0.34614137 0.19007111 0.05578381
v 0.34391561 0.18693087 0.06149626
v 0.34373328 0.18634042 0.05899431
v 0.34017476 0.21681830 0.05277774
v 0.34406134 0.21410435 0.04942183
v 0.34233519 0.20853883 0.04986296
v 0.34028825 0.19997552 0.05008499
v 0.34656090 0.20504060 0.04964156
v 0.34955031 0.20146027 0.05266855
v 0.34730363 0.19552603 0.05292411
v 0.34464437 0.19752485 0.05024469
v 0.34483522 0.19107097 0.05330489
v 0.34262902 0.19249302 0.05154393
v 0.33933479 0.19415617 0.05178375
v 0.34214705 0.18875861 0.05395543
v 0.34315354 0.18719038 0.05618991
v 0.33876613 0.18945700 0.05513446
v 0.33893469 0.19136384 0.05333346
v 0.34119654 0.19044161 0.05275717
v 0.36711961 0.21303800 0.03708282
v 0.36861765 0.22060359 0.03724235
v 0.37227681 0.21914279 0.03336410
v 0.37084234 0.21138841 0.03329667
v 0.37151530 0.21349207 0.05061379
v 0.37405434 0.22024217 0.05106942
v 0.36954197 0.22121784 0.04704429
v 0.36728051 0.21420974 0.04630106
v 0.37808180 0.21159422 0.04964784
v 0.38075262 0.21829045 0.05015120
v 0.37646669 0.22841015 0.05104436
v 0.37912542 0.24210721 0.04884507
v 0.37463978 0.24249992 0.04400775
v 0.37180057 0.22913530 0.04664786
v 0.38600278 0.23772043 0.02912861
v 0.38169634 0.24021778 0.02755412
v 0.36802402 0.22118518 0.04193905
v 0.36595044 0.21390212 0.04145014
v 0.38332579 0.22409412 0.03144561
v 0.38150769 0.21526143 0.03258906
v 0.37693918 0.21713796 0.03158751
v 0.37863117 0.22594178 0.03025942
v 0.37641394 0.24244043 0.02994488
v 0.37166533 0.24349666 0.03446224
v 0.37177178 0.24306932 0.03948770
v 0.38677645 0.22312275 0.03626050
v 0.38957182 0.23662454 0.03488575
v 0.39033875 0.23797730 0.04247379
v 0.38704664 0.22403020 0.04351258
v 0.36962527 0.22949496 0.04147270
v 0.37377009 0.22806630 0.03238674
v 0.36980799 0.22934377 0.03647589
v 0.38345087 0.22649765 0.04998049
v 0.38439628 0.21588308 0.04373988
v 0.37873384 0.19845042 0.03867723
v 0.37734655 0.19802880 0.03401747
v 0.37980023 0.20767298 0.03297922
v 0.38179633 0.20749828 0.03771619
v 0.38405499 0.21469873 0.03710099
v 0.38171789 0.20912090 0.04399647
v 0.36881801 0.20058164 0.03308135
v 0.36487767 0.20267510 0.03670901
v 0.36350864 0.20357537 0.04086274
v 0.38694069 0.24036816 0.04930763
v 0.36471638 0.20412126 0.04527145
v 0.36850971 0.20388249 0.04965140
v 0.37551275 0.20934841 0.03148258
v 0.37346870 0.19913045 0.03169602
v 0.37844205 0.20011637 0.04406012
v 0.37503028 0.20248449 0.04911412
v 0.37255001 0.19435397 0.04826480
v 0.37585539 0.19245008 0.04363578
v 0.36648935 0.19563758 0.04914982
v 0.36309126 0.19670817 0.04510991
v 0.36227939 0.19695342 0.04094248
v 0.37647852 0.19117621 0.03922702
v 0.37553042 0.19112521 0.03510886
v 0.37208161 0.19277099 0.03248973
v 0.37460279 0.18408087 0.03930758
v 0.37372789 0.18402243 0.04344196
v 0.36117813 0.17527947 0.04654850
v 0.36365664 0.17412516 0.04826942
v 0.36486003 0.17928815 0.04827149
v 0.36230382 0.18114862 0.04773550
v 0.36640823 0.18281549 0.04847701
v 0.36495996 0.18690163 0.04884113
v 0.36872613 0.17786065 0.04745434
v 0.36954576 0.18238491 0.04727754
v 0.36783376 0.17214423 0.04782726
v 0.37053367 0.17163971 0.04473747
v 0.37103498 0.17766574 0.04456536
v 0.37156016 0.18145722 0.04479447
v 0.36161393 0.16986138 0.04589492
v 0.36323833 0.17005128 0.04800799
v 0.37078756 0.18679246 0.04773123
v 0.36209279 0.18999603 0.04514910
v 0.36043265 0.18266961 0.04470503
v 0.35977638 0.17573631 0.04376741
v 0.36071202 0.17034182 0.04288481
v 0.35975069 0.18325353 0.04055096
v 0.35945791 0.17612490 0.04044908
v 0.36100581 0.17149541 0.03995999
v 0.36124980 0.18271238 0.03633310
v 0.36107123 0.17572275 0.03711982
v 0.36131528 0.19116837 0.04079092
v 0.36282381 0.19103006 0.03660823
v 0.36185926 0.17234275 0.03795958
v 0.36422274 0.16726941 0.04189496
v 0.36507553 0.16631815 0.04497249
v 0.36664870 0.16710487 0.04801871
v 0.37201488 0.17761901 0.04200503
v 0.37050557 0.17150024 0.04197344
v 0.37277687 0.17716241 0.03925887
v 0.37070063 0.17127186 0.03961238
v 0.36972880 0.16735688 0.04521043
v 0.36893213 0.16703182 0.04298073
v 0.36382675 0.19628131 0.03679527
v 0.36753196 0.19468832 0.03354044
v 0.36648282 0.18952718 0.03342418
v 0.36529577 0.18115976 0.03347468
v 0.37111041 0.18731296 0.03280045
v 0.37417030 0.18477461 0.03554326
v 0.37227786 0.17786863 0.03620252
v 0.36981171 0.17942184 0.03353512
v 0.37000096 0.17221501 0.03726662
v 0.36816582 0.17344543 0.03514522
v 0.36456269 0.17466891 0.03483259
v 0.36756346 0.16907889 0.03820957
v 0.36821353 0.16753232 0.04041092
v 0.36408448 0.16900435 0.03906478
v 0.36420411 0.17117500 0.03688971
v 0.36684492 0.17080081 0.03650479
v 0.38678259 0.21643597 0.02111557
v 0.38799414 0.22262877 0.02140030
v 0.39054939 0.22282222 0.01655319
v 0.38936099 0.21645299 0.01609428
v 0.39367566 0.21519709 0.03094849
v 0.39517882 0.22238845 0.03222060
v 0.39092782 0.22210106 0.03021207
v 0.38991347 0.21544099 0.02941200
v 0.39854217 0.21458921 0.02901332
v 0.40069249 0.22212729 0.02984388
v 0.39635962 0.22969750 0.03270457
v 0.39782232 0.23986772 0.03232313
v 0.39276099 0.23908576 0.02926297
v 0.39153138 0.22904405 0.03031961
v 0.38849452 0.22218087 0.02631525
v 0.38748330 0.21580714 0.02591310
v 0.39964810 0.22936472 0.01278239
v 0.39871049 0.22164884 0.01381762
v 0.39468962 0.22237229 0.01381904
v 0.39562079 0.23007926 0.01307127
v 0.39261350 0.24265215 0.01488231
v 0.38961157 0.24150828 0.01978847
v 0.39011949 0.23992130 0.02456971
v 0.40379852 0.22868928 0.01634729
v 0.40470195 0.24083632 0.01535028
v 0.40702736 0.24052539 0.02205178
v 0.40551040 0.22913820 0.02329493
v 0.38898057 0.22890177 0.02583335
v 0.39110571 0.23025841 0.01574978
v 0.38847369 0.22966084 0.02078965
v 0.40232417 0.22990704 0.02997594
v 0.40359223 0.22153071 0.02352861
v 0.39870536 0.20355418 0.01841749
v 0.39651749 0.20394918 0.01453690
v 0.39786798 0.21460831 0.01368541
v 0.40090969 0.21397391 0.01755906
v 0.40243557 0.22113326 0.01694785
v 0.40142724 0.21398625 0.02359175
v 0.38810688 0.20668009 0.01578543
v 0.38530216 0.20710760 0.02010752
v 0.38587278 0.20662031 0.02472980
v 0.40420920 0.24035117 0.02968875
v 0.40058002 0.24166811 0.01140414
v 0.38779193 0.20608857 0.02790339
v 0.39105469 0.20543513 0.02964991
v 0.39368805 0.21574369 0.01340511
v 0.39251542 0.20564845 0.01349428
v 0.39871609 0.20397294 0.02368505
v 0.39596561 0.20491090 0.02839255
v 0.39412710 0.19775492 0.02790755
v 0.39729819 0.19696409 0.02363902
v 0.38921708 0.19806233 0.02929109
v 0.38625991 0.19908217 0.02710022
v 0.38474092 0.20020458 0.02399775
v 0.39724213 0.19665110 0.01875597
v 0.39528304 0.19709748 0.01540880
v 0.39163148 0.19944972 0.01398217
v 0.39632088 0.19134715 0.01853330
v 0.39560035 0.19049430 0.02317783
v 0.38439766 0.18034381 0.02705857
v 0.38665679 0.17963001 0.02776168
v 0.38733169 0.18444085 0.02741545
v 0.38518322 0.18542168 0.02770744
v 0.38862354 0.18791327 0.02791522
v 0.38782182 0.19116196 0.02865921
v 0.39120510 0.18375561 0.02687968
v 0.39180535 0.18811336 0.02703118
v 0.39062664 0.17876777 0.02669583
v 0.39308950 0.17923066 0.02326788
v 0.39344996 0.18423548 0.02344768
v 0.39397645 0.18775231 0.02452470
v 0.38511705 0.17585689 0.02629697
v 0.38678482 0.17611462 0.02729698
v 0.39268747 0.19202766 0.02733263
v 0.38515532 0.19341677 0.02661823
v 0.38336515 0.18687826 0.02584514
v 0.38270169 0.18121624 0.02506880
v 0.38362339 0.17684400 0.02369329
v 0.38257840 0.18805686 0.02264607
v 0.38223106 0.18217015 0.02204394
v 0.38322937 0.17848477 0.02099551
v 0.38289234 0.18889898 0.01912230
v 0.38288060 0.18282315 0.01915571
v 0.38392994 0.19477969 0.02326496
v 0.38419971 0.19601125 0.01948024
v 0.38368446 0.17983994 0.01930843
v 0.38720357 0.17462075 0.02119958
v 0.38863683 0.17357630 0.02418922
v 0.39012000 0.17457747 0.02647483
v 0.39491031 0.18482390 0.02082687
v 0.39369479 0.17951974 0.02039759
v 0.39470276 0.18567848 0.01798200
v 0.39313954 0.18012473 0.01812875
v 0.39238733 0.17577589 0.02379833
v 0.39210039 0.17549598 0.02175241
v 0.38481158 0.20111263 0.02004899
v 0.38742414 0.20097047 0.01612445
v 0.38661927 0.19602227 0.01612535
v 0.38559636 0.18856648 0.01593688
v 0.39087483 0.19472072 0.01425926
v 0.39428595 0.19254732 0.01564812
v 0.39294520 0.18660805 0.01534411
v 0.38975370 0.18791962 0.01450482
v 0.39143619 0.18108985 0.01621835
v 0.38882127 0.18212879 0.01536934
v 0.38541284 0.18263000 0.01648013
v 0.38950720 0.17779014 0.01731433
v 0.39111295 0.17632023 0.01926821
v 0.38606465 0.17686638 0.01917420
v 0.38557461 0.17920029 0.01776853
v 0.38805303 0.17932081 0.01642754
v 0.39681602 0.24270353 0.01210181
v 0.40933770 0.23058686 -0.00130368
v 0.40920684 0.23577738 -0.00032045
v 0.41086286 0.23667061 -0.00405541
v 0.41101193 0.23157182 -0.00504925
v 0.41726166 0.22879145 0.00617042
v 0.41754135 0.23473647 0.00771178
v 0.41286775 0.23444310 0.00700250
v 0.41284049 0.22858635 0.00568891
v 0.42163208 0.22970876 0.00301490
v 0.42226762 0.23584503 0.00429465
v 0.41707566 0.24192971 0.00859026
v 0.41578037 0.25336647 0.01017369
v 0.41063312 0.25118372 0.00855845
v 0.41216400 0.24132258 0.00771266
v 0.41606030 0.26235583 -0.00794496
v 0.41641086 0.25476825 -0.00783779
v 0.41210499 0.25361869 -0.00687118
v 0.41086859 0.26197290 -0.00776805
v 0.40982854 0.23489133 0.00384583
v 0.41015312 0.22935289 0.00260915
v 0.41730216 0.24423265 -0.00789422
v 0.41790023 0.23769531 -0.00797935
v 0.41389108 0.23724768 -0.00677601
v 0.41308108 0.24333981 -0.00686733
v 0.40666550 0.25998771 -0.00490399
v 0.40879381 0.25230327 -0.00398095
v 0.40708449 0.25154731 0.00004783
v 0.40362641 0.25764379 -0.00059716
v 0.40752760 0.25066379 0.00407888
v 0.42147222 0.24477813 -0.00600342
v 0.42044154 0.25563905 -0.00593527
v 0.42327425 0.25651705 -0.00105229
v 0.42380899 0.24429178 -0.00110260
v 0.40921181 0.24122596 0.00419548
v 0.41011205 0.24256679 -0.00401944
v 0.40853986 0.24183360 -0.00007275
v 0.42204607 0.24346170 0.00530899
v 0.42375144 0.23692164 -0.00145516
v 0.42146051 0.22466123 -0.00817347
v 0.41836247 0.22518823 -0.00979389
v 0.41811097 0.23215786 -0.00882903
v 0.42191911 0.23184079 -0.00707819
v 0.42198282 0.23769158 -0.00626405
v 0.42333776 0.23082939 -0.00244588
v 0.41127411 0.22495356 -0.00643761
v 0.40943196 0.22364724 -0.00274611
v 0.41008046 0.22255045 0.00100265
v 0.42159393 0.25594375 0.00691402
v 0.41247812 0.22148558 0.00370067
v 0.41643837 0.22142154 0.00421001
v 0.41411769 0.23206306 -0.00775631
v 0.41450313 0.22535115 -0.00892590
v 0.42257893 0.22360024 -0.00400451
v 0.42069876 0.22255266 0.00123844
v 0.42025575 0.21659130 0.00030138
v 0.42222956 0.21757427 -0.00481473
v 0.41587240 0.21578193 0.00296482
v 0.41218889 0.21634850 0.00239968
v 0.41019121 0.21775725 -0.00041427
v 0.42095068 0.21916491 -0.00908073
v 0.41820094 0.22000009 -0.01016137
v 0.41480097 0.22055274 -0.00917137
v 0.42061695 0.21377406 -0.00942378
v 0.42153299 0.21157566 -0.00540351
v 0.41286787 0.20154193 -0.00051019
v 0.41504350 0.20156893 -0.00035970
v 0.41526186 0.20493278 -0.00000951
v 0.41319934 0.20571661 0.00071640
v 0.41632873 0.20819226 0.00059289
v 0.41517395 0.21049836 0.00172633
v 0.41857153 0.20537910 -0.00135279
v 0.41890785 0.20899868 -0.00097227
v 0.41854355 0.20123762 -0.00194617
v 0.41999936 0.20201221 -0.00612487
v 0.42047685 0.20590869 -0.00534876
v 0.42066589 0.20886189 -0.00393279
v 0.41370654 0.19795212 -0.00207302
v 0.41534990 0.19854277 -0.00106390
v 0.41946307 0.21203214 -0.00040342
v 0.41195509 0.21174547 0.00134068
v 0.41111532 0.20655906 0.00005542
v 0.41082373 0.20127034 -0.00173654
v 0.41218564 0.19805840 -0.00422405
v 0.40991938 0.20796102 -0.00212425
v 0.41004646 0.20282432 -0.00391984
v 0.41126394 0.19985813 -0.00596236
v 0.40975440 0.20987383 -0.00479092
v 0.41010448 0.20456296 -0.00601197
v 0.41017893 0.21360952 -0.00083329
v 0.41001135 0.21554855 -0.00376846
v 0.41097918 0.20171258 -0.00687101
v 0.41468850 0.19765374 -0.00675239
v 0.41649640 0.19692713 -0.00492905
v 0.41835508 0.19772181 -0.00283924
v 0.42088675 0.20686245 -0.00788392
v 0.41984230 0.20233187 -0.00867046
v 0.41973034 0.20854843 -0.01014325
v 0.41826448 0.20296654 -0.01035771
v 0.41966429 0.19902593 -0.00585665
v 0.41859454 0.19877777 -0.00767165
v 0.40980086 0.21914834 -0.00367117
v 0.41142833 0.22022626 -0.00675059
v 0.41149646 0.21664998 -0.00725327
v 0.41112423 0.21107376 -0.00790375
v 0.41468740 0.21656746 -0.00974448
v 0.41800097 0.21557966 -0.01063834
v 0.41731811 0.20984948 -0.01111903
v 0.41414565 0.21091878 -0.01044632
v 0.41608727 0.20422477 -0.01098727
v 0.41357580 0.20513800 -0.01030459
v 0.41119945 0.20535877 -0.00839788
v 0.41476220 0.20068303 -0.00955984
v 0.41667116 0.19938931 -0.00905495
v 0.41315770 0.19939953 -0.00783679
v 0.41204691 0.20164382 -0.00829339
v 0.41339844 0.20205677 -0.00954704
v 0.41962707 0.26230073 -0.00617832
v 0.33441913 0.28887269 0.06015458
v 0.33628970 0.28586408 0.05611077
v 0.33087441 0.28536633 0.04541889
v 0.32526240 0.28889236 0.04256722
v 0.32034701 0.29377815 0.04384117
v 0.31871104 0.29686216 0.04846695
v 0.31995946 0.29782301 0.05421249
v 0.33492467 0.28439182 0.05101153
v 0.33014339 0.29306710 0.06233832
v 0.32416075 0.29664978 0.06001293
v 0.31872675 0.28820121 0.06507768
v 0.32524046 0.28523192 0.06732775
v 0.31429222 0.28968105 0.05929871
v 0.31357086 0.28948185 0.05284503
v 0.31601340 0.28772497 0.04767585
v 0.33047512 0.28170785 0.06458671
v 0.33247557 0.27954143 0.05961300
v 0.33079159 0.27916920 0.05352865
v 0.32586810 0.27513051 0.06890517
v 0.31966114 0.27558541 0.07298191
v 0.30316716 0.27091792 0.06750779
v 0.30429590 0.27144724 0.07184915
v 0.30625486 0.27509382 0.06972143
v 0.30494094 0.27566689 0.06524576
v 0.30837852 0.27733186 0.06883991
v 0.30872867 0.28058857 0.06442650
v 0.30970970 0.27377424 0.07485160
v 0.31145260 0.27603662 0.07272223
v 0.31447360 0.27101630 0.07741252
v 0.31488582 0.27418241 0.07550651
v 0.30727974 0.27045915 0.07746071
v 0.30316156 0.26802188 0.07403363
v 0.30565783 0.26654479 0.07793672
v 0.30256668 0.26634103 0.07128406
v 0.31376028 0.27960157 0.06993407
v 0.30925494 0.28230768 0.05686986
v 0.30562264 0.27562946 0.06024033
v 0.30379221 0.26950568 0.06371079
v 0.30401009 0.26427823 0.06793824
v 0.30862719 0.27379391 0.05609271
v 0.30702436 0.26738176 0.06097753
v 0.30720073 0.26344106 0.06540193
v 0.31350362 0.27127999 0.05457288
v 0.31084180 0.26583126 0.06043313
v 0.31258002 0.28153127 0.05068171
v 0.31785089 0.27926669 0.04853996
v 0.30980211 0.26322210 0.06423877
v 0.30725628 0.26123777 0.07261293
v 0.30521518 0.26277080 0.07622218
v 0.31822598 0.26936090 0.07616895
v 0.31195006 0.26807186 0.07965653
v 0.31508768 0.26538578 0.07813206
v 0.32172364 0.26838949 0.07246144
v 0.31714883 0.26359305 0.07464786
v 0.30931613 0.26549539 0.08005920
v 0.31074139 0.26278496 0.07859534
v 0.32125601 0.28440288 0.04571472
v 0.32658291 0.28102562 0.04808333
v 0.32340959 0.27627116 0.05128869
v 0.31874233 0.26923969 0.05723251
v 0.32750201 0.27402443 0.05713117
v 0.32863316 0.27385724 0.06374764
v 0.32307234 0.26736894 0.06784838
v 0.32229206 0.26752451 0.06216544
v 0.31793985 0.26290810 0.07040045
v 0.31724355 0.26319641 0.06626642
v 0.31441057 0.26428899 0.06270494
v 0.31348920 0.26118267 0.07098167
v 0.31223190 0.26115352 0.07496232
v 0.30956656 0.26141369 0.06913458
v 0.31175548 0.26221725 0.06636967
v 0.31413126 0.26179114 0.06812058
v 0.40927082 0.26822171 -0.00967625
v 0.40399557 0.26664168 -0.00636535
v 0.40310934 0.27475309 -0.00795387
v 0.40201581 0.28386122 -0.01053961
v 0.40722066 0.29241231 -0.01502094
v 0.39723387 0.28362978 -0.00517426
v 0.39848793 0.27448517 -0.00295758
v 0.39935619 0.26426181 -0.00020528
v 0.39247689 0.29074118 -0.00197451
v 0.06187716 1.09761095 -0.08616513
v 0.06550653 1.09660697 -0.08769453
v 0.06734549 1.09047461 -0.09010725
v 0.06462289 1.09018469 -0.08848678
v 0.06120957 1.09009910 -0.08718602
v 0.05725865 1.09027839 -0.08658440
v 0.05155124 1.09778094 -0.08595403
v 0.05699229 1.09832001 -0.08525757
v 0.04248993 1.09185243 -0.08948632
v 0.04436676 1.09332228 -0.08940275
v 0.04325602 1.09095430 -0.08897084
v 0.04915684 1.09077001 -0.08733824
v 0.04558557 1.09103107 -0.08864816
v 0.06984791 1.09404874 -0.09118098
v 0.07081147 1.09285474 -0.09230763
v 0.06799637 1.09529734 -0.08941962
v 0.05312558 1.09054017 -0.08659448
v 0.07068473 1.09170365 -0.09254044
v 0.06943681 1.09090805 -0.09174734
v 0.04720741 1.09600019 -0.08779149
v 0.06157184 1.09243250 -0.08713341
v 0.05739617 1.09261131 -0.08637458
v 0.05247682 1.09547138 -0.08598839
v 0.05742262 1.09560990 -0.08582026
v 0.04931776 1.09258103 -0.08703415
v 0.04705119 1.09228396 -0.08804312
v 0.06472921 1.09222388 -0.08846435
v 0.05304377 1.09284520 -0.08628295
v 0.06195407 1.09513068 -0.08676966
v 0.04649597 1.09334588 -0.08826675
v 0.04845577 1.09449339 -0.08707374
v 0.06994330 1.09263992 -0.09176865
v 0.06981234 1.09219027 -0.09186210
v 0.02822050 0.85091597 -0.08628754
v 0.02455320 0.83541578 -0.07537866
v 0.06514955 1.09443927 -0.08824009
v 0.06878161 1.09200263 -0.09114259
v 0.06700438 1.09207201 -0.08985189
v 0.06732813 1.09369755 -0.08971652
v 0.06898391 1.09309769 -0.09098971
v 0.25891051 0.70896435 -0.04241821
v 0.24728516 0.69961160 -0.04895425
v 0.31162566 0.73178238 -0.06091875
v 0.32273504 0.73805952 -0.08096644
v 0.06416894 0.53494227 0.02408649
v 0.18781106 0.58414024 -0.15983188
v 0.19201526 0.60402006 -0.16195405
v 0.12781401 0.60106099 -0.21522337
v 0.14616582 0.59721684 -0.20681965
v 0.17711519 0.59078914 -0.03486598
v 0.17696406 0.56830400 -0.03544936
v 0.11472438 0.58454037 0.00646823
v 0.11377500 0.55919492 0.00585555
v 0.15846305 0.54219121 -0.01679074
v 0.16110116 0.54944509 -0.18834686
v 0.16055921 0.57113802 -0.19109350
v 0.17508006 0.56811678 -0.17560053
v 0.17703018 0.54735756 -0.17444697
v 0.10460562 0.58058494 -0.21423373
v 0.10796700 0.60380751 -0.21783349
v 0.19349945 0.61451590 -0.05746564
v 0.20334814 0.61468339 -0.08483332
v 0.20587979 0.61853015 -0.13901830
v 0.19816689 0.62336677 -0.16254607
v 0.17125313 0.63732815 -0.19949511
v 0.18607937 0.63027143 -0.18214843
v 0.09229022 0.61070377 0.01605750
v 0.06873889 0.63603032 0.01729558
v 0.17716604 0.61436278 -0.03357887
v 0.02009106 0.60821211 0.01540896
v 0.13738821 0.67132264 -0.22892284
v 0.15835524 0.66671073 -0.21774217
v 0.20753051 0.61589658 -0.11251539
v 0.03155042 0.79428351 -0.04095100
v 0.02816295 0.77845544 -0.03230312
v 0.04557224 0.78356957 -0.02333872
v 0.04980382 0.79869801 -0.03266922
v 0.06298353 0.78598738 -0.01611564
v 0.08026396 0.78682166 -0.01074076
v 0.09699284 0.78656721 -0.00678750
v 0.14110294 0.77835047 -0.00276056
v 0.12758453 0.78237242 -0.00261519
v 0.16514632 0.76546234 -0.00916538
v 0.15363845 0.77298683 -0.00469825
v 0.17418003 0.75463343 -0.01765615
v 0.18122420 0.74225819 -0.03075162
v 0.19080731 0.72969097 -0.04481369
v 0.19494398 0.73838818 -0.05028665
v 0.17511475 0.73274010 -0.02490133
v 0.16668484 0.74545777 -0.01313129
v 0.15715373 0.75602365 -0.00422964
v 0.01186907 0.73300350 -0.02636483
v 0.01509957 0.70888984 -0.01894632
v 0.03127145 0.86535758 -0.09696880
v 0.38102010 0.51749974 -0.08974977
v 0.36824635 0.41463268 0.01642379
v 0.11938816 0.87599158 -0.23943514
v 0.10052008 0.87116367 -0.24531999
v 0.08567967 0.85593796 -0.25320569
v 0.08355548 0.86797726 -0.25187773
v 0.18709548 0.90291744 -0.17717144
v 0.17772552 0.89115620 -0.20262128
v 0.16173829 0.87999016 -0.22244781
v 0.14249720 0.87086225 -0.23414189
v 0.15480173 0.63688856 -0.01407621
v 0.12791884 0.83677006 -0.24407378
v 0.14652519 0.85841906 -0.23637956
v 0.16721261 0.86760253 -0.22482961
v 0.18703273 0.87859249 -0.20536932
v 0.20365019 0.89068824 -0.17519939
v 0.21848063 0.88728017 -0.15686744
v 0.24115987 0.86201018 -0.14829883
v 0.25015986 0.85662431 -0.13692749
v 0.24997707 0.86962545 -0.11877736
v 0.25997603 0.86009055 -0.10742283
v 0.26041150 0.84931910 -0.12592399
v 0.31124324 0.76719767 -0.09617551
v 0.31819117 0.75287592 -0.09992206
v 0.32083973 0.74202681 -0.10941365
v 0.31903771 0.73328441 -0.12086473
v 0.31312254 0.72751492 -0.13222256
v 0.30356923 0.72584850 -0.14167097
v 0.29177040 0.72973019 -0.14801627
v 0.26244429 0.75019473 -0.15148196
v 0.25545239 0.75746095 -0.14953095
v 0.24280736 0.73899436 -0.15274480
v 0.24004121 0.73178583 -0.15510124
v 0.21744850 0.69478655 -0.17024818
v 0.22616516 0.70806551 -0.16479069
v 0.20877993 0.68025923 -0.17544961
v 0.17186984 0.44559717 -0.19446209
v 0.16733634 0.46425533 -0.18944958
v 0.18307048 0.46605331 -0.17469805
v 0.18614294 0.44752413 -0.17821029
v 0.10214924 0.50369424 -0.20951390
v 0.12460268 0.50399661 -0.20414847
v 0.20146716 0.46306723 -0.08021951
v 0.20692815 0.46587914 -0.10795987
v 0.20420057 0.46680307 -0.13364449
v 0.19579297 0.46717554 -0.15583241
v 0.18926078 0.45738056 -0.05537727
v 0.08212947 0.42237505 0.00742766
v 0.10549034 0.42788136 0.00073550
v 0.01968537 0.41316044 0.00751311
v 0.03878366 0.41503620 0.01031129
v 0.17224818 0.44979340 -0.03540383
v 0.05951014 0.41797423 0.01052934
v 0.12869292 0.43462211 -0.00831746
v 0.15174128 0.44200566 -0.02012417
v 0.16550398 0.48309892 -0.18784121
v 0.14689180 0.48186168 -0.19778019
v 0.14503646 0.50443882 -0.19690800
v 0.13409168 0.73484522 -0.24427566
v 0.15427238 0.73652869 -0.23967427
v 0.17373461 0.73977464 -0.23431408
v 0.18813968 0.76405066 -0.22863773
v 0.20323537 0.77113289 -0.21656698
v 0.20489109 0.75365520 -0.21310952
v 0.18997604 0.74573672 -0.22438526
v 0.22916588 0.78280073 -0.19187933
v 0.23953989 0.78588891 -0.18263939
v 0.23927915 0.77244872 -0.18057430
v 0.23002557 0.76803970 -0.18917072
v 0.24704759 0.77615851 -0.17272219
v 0.25294116 0.77877223 -0.16474834
v 0.25771040 0.77956474 -0.15756503
v 0.26667941 0.77618712 -0.15477392
v 0.27523249 0.79401928 -0.15071395
v 0.26602024 0.79890150 -0.15631196
v 0.22964598 0.79856551 -0.19215572
v 0.21687202 0.79445100 -0.20445606
v 0.13074279 0.77149004 -0.24895591
v 0.11195735 0.76959622 -0.25102353
v 0.20253401 0.71997863 -0.06108914
v 0.21446030 0.71184444 -0.07904413
v 0.22428811 0.70714420 -0.09722969
v 0.23045440 0.70566219 -0.11483335
v 0.23377514 0.70705575 -0.13117854
v 0.23403817 0.71026582 -0.14677185
v 0.23192899 0.71611351 -0.16115341
v 0.23642476 0.72371179 -0.15825701
v 0.22866817 0.72417212 -0.17380580
v 0.23466717 0.73168230 -0.16893476
v 0.22476891 0.73400980 -0.18534586
v 0.22085916 0.74629712 -0.19497800
v 0.21816835 0.76118004 -0.20095232
v 0.21687081 0.77751154 -0.20381370
v 0.18767580 0.78360909 -0.22931629
v 0.20295903 0.78983420 -0.21697259
v 0.17099077 0.79780215 -0.23926255
v 0.17142884 0.81688237 -0.23641875
v 0.17092676 0.75817353 -0.23934647
v 0.17057011 0.77772039 -0.24030688
v 0.14539959 0.91871095 -0.19526762
v 0.13128422 0.91082472 -0.21430850
v 0.29454267 0.74608421 -0.14603838
v 0.29930991 0.73745078 -0.14358412
v 0.29104084 0.73857987 -0.14848849
v 0.28964502 0.74461347 -0.14888296
v 0.30638182 0.73993570 -0.13674718
v 0.30433339 0.75544423 -0.13461159
v 0.31160265 0.74569035 -0.12832293
v 0.30008909 0.74985498 -0.14108042
v 0.31358334 0.75326306 -0.11968413
v 0.30683494 0.76244837 -0.12753500
v 0.31255770 0.76194203 -0.11248648
v 0.30707848 0.76927930 -0.12103179
v 0.30632281 0.77446240 -0.11625959
v 0.30888075 0.77183127 -0.10869405
v 0.28929311 0.80318183 -0.12961711
v 0.29634446 0.79269242 -0.12370937
v 0.30234659 0.78214836 -0.11906244
v 0.27572149 0.77099901 -0.15263784
v 0.28523007 0.76490635 -0.14941961
v 0.29312313 0.75780934 -0.14558452
v 0.29752022 0.76399153 -0.14018740
v 0.28957996 0.77171075 -0.14539082
v 0.28033862 0.77849466 -0.15006998
v 0.13145697 0.75402647 -0.24779823
v 0.15091324 0.75566638 -0.24409437
v 0.24819642 0.78818941 -0.17380893
v 0.25484535 0.78905147 -0.16564292
v 0.26154998 0.78800434 -0.15840167
v 0.27062926 0.78412229 -0.15384668
v 0.25777948 0.80070043 -0.16401511
v 0.24971128 0.80112630 -0.17266849
v 0.24046098 0.80027038 -0.18206781
v 0.15055680 0.77426666 -0.24560270
v 0.11301129 0.75232929 -0.25024635
v 0.21209185 0.83180517 -0.04100640
v 0.22777146 0.85068363 -0.04696214
v 0.24524550 0.86281055 -0.06122881
v 0.25604942 0.86546117 -0.08394057
v 0.07203358 0.90503579 -0.24584046
v 0.31619671 0.58522779 -0.10808916
v 0.09757996 0.69413966 -0.24375108
v 0.09803005 0.71377397 -0.24886677
v 0.09190463 0.62845612 -0.22408855
v 0.09451281 0.65116113 -0.23076883
v 0.12307467 0.52959388 -0.20379841
v 0.10157029 0.53094375 -0.20851862
v 0.10208875 0.55663383 -0.21058968
v 0.07917778 0.47943175 -0.21902129
v 0.07885996 0.50419170 -0.21401706
v 0.08171789 0.55846322 -0.21178362
v 0.08527384 0.58314520 -0.21527353
v 0.11564324 0.67286313 -0.23365209
v 0.11462034 0.73374838 -0.24813336
v 0.09738952 0.75150841 -0.25478548
v 0.09651285 0.76838392 -0.25553188
v 0.09527812 0.78446072 -0.25598291
v 0.10067954 0.75784022 0.01075056
v 0.10613722 0.77187628 0.00369005
v 0.09128270 0.77296513 0.00157847
v 0.08688358 0.75885558 0.00909631
v 0.12644029 0.75487524 0.00885835
v 0.13332056 0.76708978 0.00337335
v 0.12032174 0.76996833 0.00437324
v 0.11391238 0.75664777 0.01046085
v 0.14556836 0.76251060 0.00087048
v 0.13804869 0.75137955 0.00566019
v 0.09655596 0.74277759 0.01717609
v 0.10926855 0.74202353 0.01587263
v 0.08359662 0.74340069 0.01507605
v 0.13139482 0.73874921 0.00966616
v 0.12082369 0.74081850 0.01328617
v 0.03178342 0.96876687 -0.08251177
v 0.03149337 0.97544450 -0.06791508
v 0.02622899 1.02125049 -0.05738989
v 0.02598683 1.02594018 -0.05988464
v 0.02189540 0.95493978 -0.10261948
v 0.02071767 0.94576490 -0.10585225
v 0.02327960 1.00145769 -0.05885711
v 0.02343134 0.98685402 -0.05792961
v 0.02336974 1.04937077 -0.05840012
v 0.02347291 1.04544425 -0.05931339
v 0.02359418 1.03368306 -0.05710700
v 0.02393983 1.02962685 -0.05830127
v 0.02037913 0.93605691 -0.11042023
v 0.02313288 0.96202916 -0.09606247
v 0.02053788 0.91582453 -0.11788647
v 0.02138150 0.90544587 -0.12086552
v 0.03411032 0.89726645 -0.11682647
v 0.03413308 0.88733536 -0.11331812
v 0.01174195 0.75394738 -0.03435484
v 0.01754948 0.80412424 -0.05807753
v 0.01533245 0.78847343 -0.05018605
v 0.02064746 0.81965429 -0.06615524
v 0.03319186 0.87731433 -0.10615876
v 0.02024172 0.92600554 -0.11440024
v 0.02386079 1.01605439 -0.05790304
v 0.02360702 1.00980163 -0.06012557
v 0.02355503 1.04128766 -0.05896109
v 0.02360049 1.03755379 -0.05793901
v 0.01214955 0.84753108 -0.09376356
v 0.00768347 0.83219796 -0.08273865
v 0.01320994 0.77165765 -0.04219067
v -0.00151910 0.72727293 -0.03751083
v -0.00150381 0.70283848 -0.03022641
v 0.01627097 0.86233789 -0.10420018
v -0.00240495 0.67776805 -0.01992971
v 0.21364510 0.27834460 -0.15570498
v 0.20005904 0.26192939 -0.17893413
v 0.19650172 0.27862111 -0.19104579
v 0.20675665 0.29081300 -0.17438027
v 0.21263453 0.33172271 -0.15271869
v 0.21306609 0.35720959 -0.14534372
v 0.21399522 0.38466272 -0.14035939
v 0.18057325 0.27156395 -0.20745960
v 0.16125694 0.28887895 -0.22851035
v 0.15949997 0.26823789 -0.22069651
v 0.20722546 0.38304919 -0.16777080
v 0.20645241 0.35695881 -0.17217207
v 0.20222768 0.29838860 -0.18568569
v 0.20403942 0.31168050 -0.18196177
v 0.21136500 0.30821595 -0.16188788
v 0.18111885 0.29049817 -0.21407896
v 0.19425243 0.29395327 -0.19842064
v 0.13569579 0.44285387 -0.21700898
v 0.14014198 0.42338794 -0.22471392
v 0.11473197 0.42354226 -0.23369274
v 0.19823876 0.44966829 -0.15787640
v 0.19159932 0.42822397 -0.18303367
v 0.07059029 0.28436017 -0.23435378
v 0.19536236 0.31101117 -0.20042899
v 0.16269815 0.31074262 -0.23346651
v 0.18195602 0.31052604 -0.21791688
v 0.16609527 0.38179368 -0.22761840
v 0.18358654 0.38159540 -0.21153709
v 0.18334027 0.35713223 -0.21660307
v 0.16579318 0.35815537 -0.23268270
v 0.19694161 0.38153142 -0.19168320
v 0.19561699 0.40634304 -0.18756679
v 0.16437095 0.40420491 -0.22150266
v 0.18161967 0.40517357 -0.20621493
v 0.17732462 0.42642835 -0.20034826
v 0.19691628 0.35632002 -0.19626290
v 0.16422345 0.33381385 -0.23493180
v 0.13971812 0.33462980 -0.24697748
v 0.11175862 0.33620793 -0.25319254
v 0.08312871 0.33489981 -0.25846198
v 0.08496081 0.35852838 -0.25951388
v 0.16027635 0.42504293 -0.21432027
v 0.15002626 0.46282497 -0.20078796
v 0.15515399 0.44432309 -0.20701727
v 0.14330560 0.52844203 -0.19632429
v 0.16513264 0.04397339 -0.03348884
v 0.04077111 0.22192198 -0.11982201
v 0.03718849 0.21614406 -0.09543552
v 0.20031726 0.30721217 -0.03826061
v 0.22239397 0.29282627 -0.10883923
v 0.21748698 0.30205253 -0.13767804
v 0.04192439 0.21418050 -0.05223832
v 0.05341344 0.22047496 -0.02864319
v 0.17671253 0.29867011 -0.01685015
v 0.12577209 0.25581014 0.00142179
v 0.03736551 0.21335363 -0.07437530
v 0.20609413 0.33277625 -0.17678279
v 0.19616781 0.33223242 -0.19933358
v 0.18287495 0.33291602 -0.21871984
v 0.13752720 0.31224588 -0.24469972
v 0.10835445 0.31468681 -0.25021300
v 0.07987914 0.31489849 -0.25378773
v 0.02820293 0.26926059 -0.00058696
v 0.01484984 0.27830294 -0.00098887
v 0.02230360 0.28070119 0.00075616
v 0.00523459 0.29518810 -0.00150831
v 0.00614613 0.27711990 -0.00386982
v 0.01745705 0.26229325 -0.00568508
v 0.00820573 0.26101840 -0.00972427
v 0.01055462 0.24675336 -0.01825464
v 0.08113369 0.40056375 0.00303271
v 0.10508245 0.40663213 -0.00200646
v 0.02007416 0.39158702 0.00231541
v 0.03817111 0.39322060 0.00476429
v 0.17445165 0.43117362 -0.03466903
v 0.05838928 0.39600065 0.00515153
v 0.12930937 0.41407001 -0.00904875
v 0.15386662 0.42275754 -0.01953280
v 0.08502893 0.40503925 -0.25059423
v 0.08377158 0.42594856 -0.24311221
v 0.00389436 0.39043444 -0.00253947
v 0.02361866 0.97495031 -0.06824136
v 0.02356265 0.96753317 -0.08345729
v 0.02165446 1.16227913 -0.09866959
v 0.05146816 0.95654184 -0.22898808
v 0.02208331 1.11114788 -0.07622251
v 0.02406915 1.02560925 -0.06012145
v 0.02328710 1.05214500 -0.05586018
v 0.02245037 0.89536756 -0.12275065
v 0.02226044 0.88431948 -0.12063561
v 0.03550550 0.22860166 -0.11252026
v 0.01968409 0.87407762 -0.11320674
v 0.04058801 0.23108888 -0.12817889
v 0.08870848 0.60586214 -0.21859747
v 0.19387075 -0.41327959 -0.13725713
v 0.19293830 -0.41197020 -0.15225336
v 0.19863953 -0.44187695 -0.14538269
v 0.19763079 -0.44281608 -0.13027412
v 0.21176995 -0.40661138 -0.17981717
v 0.20014545 -0.40962821 -0.17249554
v 0.22653951 -0.40471703 -0.18036732
v 0.23962346 -0.40398818 -0.17343345
v 0.23741539 -0.43491989 -0.17008105
v 0.22641990 -0.43591934 -0.17844367
v 0.24820912 -0.40338856 -0.16322419
v 0.25367558 -0.43330306 -0.14886346
v 0.25380489 -0.40326482 -0.15046686
v 0.25422063 -0.40356153 -0.13122284
v 0.25245705 -0.43272740 -0.13005829
v 0.24702503 -0.40753001 -0.11137624
v 0.24663404 -0.43590158 -0.11042646
v 0.23241299 -0.41149670 -0.10115413
v 0.19971842 -0.41506177 -0.12099962
v 0.20176296 -0.44360644 -0.11302768
v 0.21283194 -0.43784803 -0.17800722
v 0.20463392 -0.44061309 -0.16725984
v 0.20106292 -0.44127291 -0.15598318
v 0.19518194 -0.41123539 -0.16330057
v 0.20013542 -0.47188574 -0.13760707
v 0.19454490 -0.47145313 -0.12220198
v 0.21336888 -0.46865672 -0.17629057
v 0.20904006 -0.47031528 -0.16078061
v 0.23514502 -0.46515340 -0.16675824
v 0.22621071 -0.46612912 -0.17876703
v 0.25748116 -0.46180564 -0.14833477
v 0.24719268 -0.46332246 -0.15848994
v 0.24648020 -0.43390459 -0.16056678
v 0.25686452 -0.46063298 -0.12940210
v 0.25094411 -0.46153420 -0.10627252
v 0.20059501 -0.47028035 -0.10287711
v 0.20524822 -0.47144455 -0.14833727
v 0.29829991 -0.53487879 0.05383074
v 0.29618898 -0.53057665 0.05274364
v 0.29182503 -0.53093284 0.05427933
v 0.29152620 -0.53611356 0.05648418
v 0.25937176 -0.53884321 0.07494032
v 0.25636783 -0.52802676 0.07575443
v 0.24756089 -0.53113955 0.07515182
v 0.24773470 -0.54364282 0.07508919
v 0.27716017 -0.53702039 0.06887048
v 0.27802426 -0.54076093 0.06573634
v 0.28296256 -0.54019552 0.06412819
v 0.28533429 -0.53610796 0.06694445
v 0.31326678 -0.53428787 0.01654956
v 0.31365749 -0.53938323 0.01469116
v 0.31759903 -0.53882033 0.01205063
v 0.31846651 -0.53459734 0.01263531
v 0.30360982 -0.53612846 0.03898687
v 0.30383521 -0.54099447 0.03659732
v 0.30769217 -0.54007679 0.03421409
v 0.30952141 -0.53627914 0.03548297
v 0.25387314 -0.52778608 0.04970172
v 0.23920786 -0.52840644 0.04956478
v 0.24344362 -0.53084677 0.06505746
v 0.25609240 -0.52698857 0.06465214
v 0.23739663 -0.54133755 0.06348576
v 0.23282544 -0.54092437 0.04686574
v 0.24039467 -0.54834312 0.04527953
v 0.24436027 -0.54585546 0.05997303
v 0.25417551 -0.54642504 0.04634176
v 0.25649902 -0.54435164 0.05958740
v 0.26113093 -0.53808409 0.04880941
v 0.26535642 -0.53531128 0.06294517
v 0.28139886 -0.53396934 0.04522760
v 0.27602625 -0.52688092 0.04588727
v 0.28076696 -0.52877122 0.05884264
v 0.28731692 -0.53458840 0.05749589
v 0.26534849 -0.52858752 0.04996389
v 0.27289915 -0.52989036 0.06167176
v 0.26270682 -0.53950340 0.05144939
v 0.26784092 -0.54454619 0.04709406
v 0.27344272 -0.54223365 0.05961387
v 0.26827711 -0.53735322 0.06401207
v 0.27715820 -0.54254705 0.04432736
v 0.28239965 -0.54138619 0.05657285
v 0.29229558 -0.52604121 0.03413405
v 0.28270370 -0.52795595 0.03908747
v 0.28832591 -0.53034133 0.04889741
v 0.29552424 -0.52921385 0.04621558
v 0.28473109 -0.53859001 0.05075896
v 0.28065950 -0.53849059 0.04108793
v 0.28578800 -0.54266185 0.03757893
v 0.28989026 -0.54138178 0.04792739
v 0.29450744 -0.54079932 0.03395214
v 0.29760003 -0.54066211 0.04588811
v 0.29800940 -0.53221518 0.03383480
v 0.30116045 -0.53421921 0.04554960
v 0.31025156 -0.53239268 0.01611333
v 0.30573970 -0.52572221 0.01684780
v 0.30783254 -0.52953225 0.02811746
v 0.31158334 -0.53529721 0.02718150
v 0.29892898 -0.52673668 0.02239640
v 0.30208027 -0.52953833 0.03093588
v 0.29821098 -0.53445286 0.03329399
v 0.29703403 -0.53265828 0.02578716
v 0.29963964 -0.54149908 0.02248826
v 0.30081415 -0.54206020 0.03126639
v 0.30715817 -0.54097599 0.01706105
v 0.30837595 -0.54167455 0.02820861
v 0.31698972 -0.52616924 -0.00302406
v 0.31797940 -0.52811724 0.00605058
v 0.32032028 -0.53416699 0.00482668
v 0.31875214 -0.53378767 -0.00553176
v 0.31114879 -0.52580756 0.00324556
v 0.31255451 -0.52771932 0.00980189
v 0.30922157 -0.53318328 0.01146428
v 0.30923361 -0.53183275 0.00596839
v 0.31003079 -0.54107732 0.00333101
v 0.31082538 -0.54114634 0.00975722
v 0.31577343 -0.54037243 -0.00246975
v 0.31795108 -0.54068333 0.00658824
v 0.25526887 -0.52861398 0.03397049
v 0.23595886 -0.52647477 0.03377919
v 0.24869803 -0.54416734 0.06971873
v 0.23046041 -0.54082245 0.03100196
v 0.25566491 -0.54323882 0.06941277
v 0.25664970 -0.54759938 0.03262159
v 0.23901948 -0.54965359 0.02938215
v 0.25910681 -0.53869873 0.04254953
v 0.28249139 -0.53082627 0.06615266
v 0.27681220 -0.54502505 0.02652054
v 0.27824688 -0.53717917 0.03548009
v 0.27757305 -0.53146654 0.06751180
v 0.27410728 -0.52684563 0.02826096
v 0.29051155 -0.52694410 0.01543183
v 0.29321605 -0.54026586 0.05407135
v 0.29739702 -0.53988105 0.05278392
v 0.29397398 -0.54342693 0.01526071
v 0.29642910 -0.53192109 0.02375608
v 0.30814344 -0.53175384 0.03467076
v 0.30687344 -0.54261166 0.00062915
v 0.30950758 -0.53147477 0.00613263
v 0.30467904 -0.53170985 0.03629410
v 0.30487037 -0.52502650 0.00002053
v 0.31678668 -0.53090543 0.01139880
v 0.31476551 -0.54213303 -0.01328190
v 0.31823614 -0.53393346 -0.01811879
v 0.31396300 -0.53033739 0.01373239
v 0.31466541 -0.52509123 -0.01398109
v 0.21067654 -0.44334465 -0.10045885
v 0.20764895 -0.41571623 -0.10853171
v 0.21887499 -0.41497892 -0.10138358
v 0.22217053 -0.44211859 -0.09489322
v 0.23417950 -0.43917674 -0.09782586
v 0.21277088 -0.46792847 -0.08971378
v 0.22605732 -0.46551174 -0.08563726
v 0.23847157 -0.46421713 -0.09163585
v 0.26386142 -0.48350328 -0.13167194
v 0.26149362 -0.48410958 -0.15112171
v 0.24774069 -0.48620433 -0.15981030
v 0.23722741 -0.48825485 -0.16995847
v 0.22762299 -0.48981255 -0.18105826
v 0.20438470 -0.49268728 -0.09451944
v 0.21598122 -0.48671728 -0.07758299
v 0.23026173 -0.48184007 -0.07356155
v 0.24592289 -0.48121125 -0.08141351
v 0.22791499 -0.52388805 0.01650834
v 0.24689867 -0.51948553 0.01426803
v 0.23822978 -0.51292843 -0.00595814
v 0.22445416 -0.52591413 -0.00591443
v 0.26508954 -0.52069265 0.00729668
v 0.25662467 -0.51166874 -0.01304390
v 0.28159562 -0.52178603 -0.00393188
v 0.27300158 -0.51455396 -0.02353393
v 0.29667777 -0.52245909 -0.01709010
v 0.28765529 -0.51812977 -0.03526650
v 0.30991676 -0.52400380 -0.02860087
v 0.30157924 -0.52270180 -0.04661340
v 0.31755510 -0.53307039 -0.03368714
v 0.31145921 -0.53217012 -0.05278951
v 0.22381711 -0.54243976 0.01338230
v 0.22187467 -0.54283792 -0.00933827
v 0.23452853 -0.55361110 0.01003391
v 0.23279938 -0.55581051 -0.01218488
v 0.25175726 -0.55167967 0.00619790
v 0.24868071 -0.55431074 -0.01662521
v 0.30847454 -0.54559582 -0.04927868
v 0.31319588 -0.54486650 -0.02921201
v 0.27024490 -0.54958421 -0.00166157
v 0.26627415 -0.55123073 -0.02447036
v 0.28726530 -0.54883689 -0.01131575
v 0.28283769 -0.55053729 -0.03363459
v 0.30142337 -0.54782373 -0.02103929
v 0.29704365 -0.54950601 -0.04230717
v 0.22818619 -0.50916976 -0.03026408
v 0.24652790 -0.50139183 -0.03441535
v 0.26241985 -0.50514418 -0.04522634
v 0.27768603 -0.51073736 -0.05749059
v 0.29192385 -0.52000004 -0.06902757
v 0.30319804 -0.53095931 -0.07537451
v 0.27151489 -0.50041288 -0.08592321
v 0.28309363 -0.52032083 -0.09439223
v 0.29212669 -0.53300589 -0.09815304
v 0.28277874 -0.53513235 -0.12100641
v 0.27702016 -0.52142733 -0.11954556
v 0.26377285 -0.52604908 -0.16088358
v 0.27020001 -0.52312952 -0.14238644
v 0.27644327 -0.53684431 -0.14422476
v 0.26999992 -0.54129010 -0.16362181
v 0.27040762 -0.50298899 -0.11310986
v 0.26537633 -0.50406426 -0.13754833
v 0.25746605 -0.50522429 -0.15450111
v 0.25046265 -0.54679519 -0.18536043
v 0.24760428 -0.52917987 -0.18589184
v 0.25705823 -0.52783662 -0.17451784
v 0.26218295 -0.54429787 -0.17664665
v 0.23258679 -0.55173415 -0.18769681
v 0.23008844 -0.53360361 -0.19116053
v 0.21436018 -0.53751606 -0.17710561
v 0.21622162 -0.55488032 -0.17553788
v 0.24233483 -0.50796586 -0.17759892
v 0.24972434 -0.50728136 -0.16586077
v 0.22892614 -0.51085633 -0.18514457
v 0.21487552 -0.51446027 -0.17413607
v 0.20984544 -0.53772122 -0.15642044
v 0.21130900 -0.51475912 -0.15588763
v 0.20999257 -0.55470699 -0.15586832
v 0.22016543 -0.52772194 -0.03181450
v 0.22119881 -0.54219228 -0.03527847
v 0.25438568 -0.49219269 -0.06541599
v 0.23691572 -0.49158698 -0.05555484
v 0.21808188 -0.50331384 -0.06035365
v 0.21288016 -0.52823931 -0.05996034
v 0.21910916 -0.54361159 -0.06322007
v 0.20822331 -0.53224880 -0.08605671
v 0.21669854 -0.54566687 -0.08813894
v 0.23106617 -0.55216843 -0.03861457
v 0.22972727 -0.54978126 -0.06644905
v 0.22650170 -0.55164295 -0.09081379
v 0.20676957 -0.53464204 -0.10854448
v 0.21342564 -0.54836851 -0.10931477
v 0.20845200 -0.53550631 -0.12651187
v 0.21158376 -0.55048925 -0.12640613
v 0.21004947 -0.55265337 -0.14051038
v 0.20980427 -0.53640252 -0.14083835
v 0.20619749 -0.51536530 -0.12924035
v 0.20836371 -0.51475674 -0.14244068
v 0.20448713 -0.51569670 -0.11047091
v 0.20663954 -0.51211172 -0.08699149
v 0.30169797 -0.54509121 -0.07289650
v 0.29210034 -0.54516512 -0.09639357
v 0.28184649 -0.54585391 -0.11907442
v 0.27456242 -0.54975528 -0.14168938
v 0.26644278 -0.55412823 -0.15913272
v 0.25875103 -0.55674082 -0.16997293
v 0.24866700 -0.55856019 -0.17750090
v 0.23414874 -0.56068701 -0.17809406
v 0.22235855 -0.56294316 -0.16989452
v 0.21786390 -0.56400889 -0.15443504
v 0.21769032 -0.56377035 -0.14077124
v 0.22243682 -0.55627781 -0.11155644
v 0.21912065 -0.56122833 -0.12738882
v 0.19819613 -0.49571985 -0.11474836
v 0.20062356 -0.49529392 -0.13295017
v 0.20491265 -0.49429113 -0.14479351
v 0.21464230 -0.49263614 -0.17300493
v 0.21051094 -0.49327356 -0.15659997
v 0.24576016 -0.55410677 -0.04332966
v 0.26251984 -0.55150288 -0.05072343
v 0.27819589 -0.55076271 -0.05920172
v 0.29146862 -0.54973453 -0.06681380
v 0.28395933 -0.55024725 -0.09151775
v 0.27194965 -0.55165690 -0.08537039
v 0.25700337 -0.55290228 -0.07801270
v 0.24212460 -0.55215329 -0.07092947
v 0.27465051 -0.55226129 -0.11425246
v 0.26407474 -0.55448872 -0.10845932
v 0.25051653 -0.55581146 -0.10246594
v 0.23765992 -0.55524629 -0.09534457
v 0.23225333 -0.56069189 -0.11596647
v 0.24324371 -0.56054264 -0.12320076
v 0.25538984 -0.55870038 -0.12871803
v 0.26535517 -0.55599171 -0.13527738
v 0.25772211 -0.55905944 -0.15154797
v 0.24841788 -0.56112534 -0.14453332
v 0.23757946 -0.56313533 -0.13877530
v 0.22846048 -0.56393713 -0.13226415
v 0.25187635 -0.56063813 -0.16111001
v 0.23610047 -0.56340593 -0.16955608
v 0.24509142 -0.56191593 -0.16740018
v 0.22819921 -0.56536192 -0.16499344
v 0.22612241 -0.56568068 -0.15432096
v 0.22672018 -0.56528419 -0.14362350
v 0.23317434 -0.56437963 -0.15590838
v 0.23493443 -0.56396872 -0.14830339
v 0.24432303 -0.56207186 -0.15389764
v 0.24048404 -0.56271392 -0.16028836
v 0.23267721 -0.56433076 -0.16185299
v 0.23642279 -0.56349820 -0.16396198
v 0.25725269 -0.48495477 -0.10305627
v 0.06623580 0.91809326 -0.24220285
v 0.08827212 0.84288096 -0.25431117
v 0.15945268 -0.12648779 -0.08855277
v 0.17391451 -0.12794435 -0.08039182
v 0.18901117 -0.12498313 -0.07706791
v 0.14904928 0.29070771 -0.00386146
v 0.08829260 0.53574824 0.01600523
v 0.09175757 0.58462834 0.01595023
v 0.09024115 0.55951291 0.01596333
v 0.15535980 0.26255327 -0.00267792
v 0.15715688 0.61252004 -0.01597569
v 0.07547953 0.29873586 -0.24528763
v 0.09376328 0.79968196 -0.25615850
v 0.11301193 0.78510183 -0.00417605
v 0.08552310 0.38247508 -0.25623932
v 0.11049453 1.07347727 -0.16499671
v 0.10797805 1.07183099 -0.16697469
v 0.10758204 1.06794238 -0.16765502
v 0.10673209 1.06623888 -0.17213604
v 0.10669452 1.06424141 -0.17540970
v 0.10708614 1.06304097 -0.17738113
v 0.10923328 1.06861758 -0.17009583
v 0.10777199 1.07141232 -0.17360005
v 0.10888327 1.07112217 -0.16963795
v 0.10965406 1.07051396 -0.16843811
v 0.00434093 0.81577247 -0.07403080
v 0.00247671 0.79941404 -0.06643994
v 0.00095926 0.78367168 -0.05887291
v -0.00013044 0.76658654 -0.05143863
v 0.02381855 1.02111459 -0.05753264
v -0.00076270 0.47722900 0.00941066
v -0.00027288 0.49291492 0.00916563
v 0.07949030 0.53195238 -0.21079326
v 0.00010013 0.43156114 0.00599892
v -0.00142063 0.50992548 0.01220600
v 0.09627501 0.67320156 -0.23744681
v -0.00105009 0.74846023 -0.04454240
v 0.00206353 0.41208577 0.00189473
v 0.09793371 0.73334199 -0.25276080
v -0.00170189 0.53251266 0.01438151
v 0.00548612 0.31662911 -0.00343392
v -0.00235316 0.60511690 0.00569401
v -0.02124953 1.13199854 -0.10516880
v -0.03066483 1.12186742 -0.11529829
v -0.02607984 1.11492944 -0.10346138
v -0.01609985 1.12119102 -0.09415489
v -0.02277847 1.10846543 -0.09488887
v -0.01328479 1.11206961 -0.08805060
v -0.03609929 1.10989451 -0.12448020
v -0.03208174 1.10645866 -0.11267106
v -0.03725856 1.06985044 -0.11529416
v -0.03540640 1.07909942 -0.11659253
v -0.04043422 1.07467842 -0.12502185
v -0.04094460 1.06240606 -0.12397932
v -0.03601547 1.04299593 -0.11172077
v -0.03743836 1.03204942 -0.12111120
v -0.03258797 1.02606392 -0.10909295
v -0.03015047 1.03716755 -0.10191357
v 0.00039727 1.05835271 -0.07925586
v -0.00286876 1.06385398 -0.08240280
v -0.00851722 1.05768943 -0.08265276
v -0.00467009 1.05144477 -0.07926042
v 0.00875966 1.07039785 -0.07432166
v 0.01256820 1.07532501 -0.06811675
v 0.01229541 1.07983136 -0.07420316
v 0.00761837 1.07460928 -0.07910585
v 0.00553068 1.05336547 -0.07611543
v 0.00025890 1.04614854 -0.07633072
v 0.00635795 1.06103349 -0.07405202
v 0.00468972 1.06467891 -0.07824615
v 0.00930312 1.05790281 -0.06131396
v 0.01213423 1.05953789 -0.05639896
v 0.01091981 1.06520486 -0.05748960
v 0.00788190 1.06238675 -0.06401625
v 0.00644793 1.05446863 -0.07095276
v 0.01005273 1.05208755 -0.06768478
v 0.00840133 1.05521274 -0.06539887
v 0.00616581 1.05839920 -0.06878094
v 0.00906058 1.06638455 -0.06915914
v 0.01207990 1.07055759 -0.06234497
v 0.01570299 1.07345676 -0.05539519
v 0.01523364 1.06626320 -0.05012044
v -0.01482357 1.03630590 -0.08279148
v -0.01015415 1.03317285 -0.07856420
v -0.00553250 1.03964162 -0.07709113
v -0.01024611 1.04403543 -0.08035627
v 0.00925385 1.04810023 -0.07041493
v 0.00597637 1.03151107 -0.06535280
v 0.01146129 1.03350306 -0.06119433
v 0.01128321 1.03785300 -0.06225199
v 0.00531452 1.03585768 -0.06644052
v -0.01990859 1.01919127 -0.08898526
v -0.01996894 1.00983357 -0.09125397
v -0.01410914 1.01166010 -0.08335537
v -0.01440554 1.01905513 -0.08233824
v -0.01179086 1.00470281 -0.08302078
v -0.01781780 1.00063181 -0.09167929
v -0.00830847 0.98540252 -0.08476940
v -0.00306177 0.99447489 -0.07504016
v -0.00784345 0.99925357 -0.08024345
v -0.01371928 0.99247497 -0.08955371
v 0.00874531 1.00206542 -0.06650665
v 0.00277977 0.99033505 -0.06839448
v 0.00912007 0.98772293 -0.06235166
v 0.01408076 1.00124526 -0.06264040
v 0.00747282 1.02442408 -0.06850705
v 0.00681517 1.02776909 -0.06628437
v 0.00301433 1.02608705 -0.06988683
v 0.00368438 1.02356648 -0.07134223
v -0.00053418 1.02254820 -0.07432579
v -0.00044570 1.02351975 -0.07369655
v -0.00217171 1.02421308 -0.07397778
v -0.00234581 1.02219868 -0.07512350
v 0.00141778 1.02303600 -0.07320133
v 0.00066895 1.02161622 -0.07380901
v 0.00296793 1.02100015 -0.07170361
v 0.00604019 1.02085328 -0.06839803
v 0.01849549 1.02095151 -0.05920136
v 0.01968605 1.02577257 -0.06118882
v 0.01665792 1.02551198 -0.06261951
v 0.01467585 1.02092338 -0.06087723
v -0.00075972 1.02634263 -0.07212099
v 0.00178738 1.02887774 -0.06938595
v 0.00027234 1.03231883 -0.06992859
v -0.00316745 1.02843761 -0.07280546
v -0.00626823 1.03075171 -0.07490551
v -0.00852490 1.02545094 -0.07702766
v -0.00488074 1.02483702 -0.07492942
v -0.00120400 1.02011657 -0.07496469
v -0.00523310 1.02135682 -0.07641852
v -0.00423786 1.01786876 -0.07679486
v -0.00194764 1.01500368 -0.07507607
v 0.00098178 1.01849127 -0.07301025
v 0.00414891 1.01733565 -0.06937286
v 0.00142364 1.01270342 -0.07169664
v 0.00635435 1.01101804 -0.06761733
v 0.00849747 1.01627398 -0.06485464
v -0.00197391 1.03599310 -0.07268173
v -0.00938595 1.02014470 -0.07861322
v -0.01289511 1.02633953 -0.08059278
v -0.00866383 1.01479101 -0.07918152
v -0.00646326 1.01020765 -0.07796901
v 0.00256687 1.00384808 -0.07084258
v -0.00264545 1.00660253 -0.07494667
v -0.00154448 0.97943980 -0.07818733
v 0.00692233 0.97586018 -0.07249236
v -0.01846659 1.10254407 -0.09317811
v -0.01024853 1.10502982 -0.08959778
v -0.01824273 1.09452486 -0.09643093
v -0.01478512 1.09612989 -0.09397466
v -0.01553501 1.09885240 -0.09386936
v -0.01976569 1.09644103 -0.09734282
v -0.02979224 1.08288193 -0.11109987
v -0.03176378 1.07620668 -0.11011168
v -0.02606303 1.08185077 -0.10674441
v -0.02526508 1.08603001 -0.10652880
v -0.01940915 1.07616043 -0.09712832
v -0.01711615 1.08343339 -0.09660541
v -0.02001986 1.08364677 -0.09948193
v -0.02347918 1.07654929 -0.10077827
v -0.01354408 1.08368826 -0.09422494
v -0.01466716 1.07699656 -0.09417476
v -0.00997196 1.07875896 -0.09200996
v -0.00957884 1.08446789 -0.09252140
v -0.00889823 1.10044575 -0.09156257
v -0.00939097 1.09734416 -0.09216619
v -0.00316546 1.09727526 -0.09212743
v -0.00155311 1.10062528 -0.09119278
v 0.00717664 1.09042144 -0.09364542
v 0.01007940 1.09060097 -0.09143788
v 0.00949834 1.09493637 -0.09212068
v 0.00618538 1.09294295 -0.09376791
v 0.00557847 1.08849955 -0.09274995
v 0.00741838 1.08715796 -0.09093077
v -0.01279260 1.15394711 -0.11165087
v -0.02700491 1.14340162 -0.12045173
v -0.00804177 1.13901901 -0.09669918
v -0.03631324 1.12922597 -0.13000363
v -0.04115649 1.11364412 -0.13792023
v -0.03323875 1.01521659 -0.11533751
v -0.02690283 1.01096606 -0.10246241
v -0.02618686 1.02153540 -0.09827831
v -0.03127032 1.00356174 -0.11976503
v -0.02464161 0.99988824 -0.10421948
v -0.01176269 0.97942477 -0.10178728
v -0.02009411 0.98859280 -0.10435094
v -0.03674304 1.01018405 -0.13728772
v -0.03271814 1.00011992 -0.14372565
v -0.02587256 0.99129707 -0.12404740
v -0.03602567 1.01170897 -0.15997544
v -0.03252955 1.00686550 -0.16892105
v -0.02672249 0.98889565 -0.15416408
v -0.01380109 0.95377403 -0.14299472
v -0.02324528 0.95747054 -0.15968773
v -0.02367301 0.94456536 -0.16462889
v -0.01623668 0.94181800 -0.14713877
v -0.03831591 1.02115726 -0.13069037
v -0.04224355 1.08405256 -0.13530007
v -0.04391380 1.06933713 -0.13622575
v -0.03803813 1.08670163 -0.12376705
v -0.04528356 1.14029050 -0.16654533
v -0.04969101 1.12143779 -0.16845161
v -0.04583453 1.11839986 -0.15221113
v -0.04090969 1.13612580 -0.14684936
v -0.01844555 1.17662454 -0.15952054
v -0.03407171 1.16004729 -0.16364178
v -0.03061255 1.15299153 -0.14028697
v -0.01580302 1.16705537 -0.13265394
v -0.05183318 1.12143350 -0.18578503
v -0.04727072 1.13984680 -0.18821490
v -0.04741412 1.13373113 -0.21003863
v -0.05146889 1.11713028 -0.20234644
v -0.03623901 1.16051865 -0.19120720
v -0.03694163 1.15315723 -0.21875674
v -0.03119011 1.00915122 -0.18285593
v -0.02945494 0.99056500 -0.17715940
v -0.02770278 0.97473949 -0.17531198
v -0.02264082 0.97239369 -0.15564275
v -0.01915969 1.17012978 -0.22472283
v -0.01890382 1.17779469 -0.19180325
v -0.03614300 1.08582640 -0.24398491
v -0.04310191 1.07825899 -0.22944698
v -0.04731581 1.09447622 -0.22227940
v -0.04074441 1.10497379 -0.23819974
v -0.02524746 1.09313989 -0.25902572
v -0.03027006 1.11632800 -0.25365558
v -0.01943103 1.03091264 -0.23508757
v -0.00834260 1.03177309 -0.24786809
v -0.00072256 1.01541352 -0.23714069
v -0.01148971 1.01480269 -0.22595087
v -0.02853096 1.10274506 -0.10286759
v -0.03148735 1.09599543 -0.10990363
v -0.02630519 1.09461880 -0.10402445
v -0.02358590 1.09903121 -0.09853409
v -0.03895319 1.09754848 -0.13138975
v -0.03544445 1.09687662 -0.11957854
v -0.04704338 1.10239315 -0.15749654
v -0.05073564 1.10553288 -0.17075256
v -0.05257434 1.10392523 -0.19759825
v -0.05255605 1.10622096 -0.18425840
v -0.04622617 1.07259941 -0.21769443
v -0.04844689 1.08316588 -0.21330100
v -0.02972035 1.01536179 -0.19933280
v -0.02207077 1.01318884 -0.21300039
v -0.01651240 0.99617451 -0.20795751
v -0.02549003 0.99437886 -0.19534296
v 0.00420939 0.99896747 -0.22826773
v -0.00616321 0.99770731 -0.21936223
v -0.02125395 0.96264011 -0.19567883
v -0.01086408 0.96538872 -0.20934743
v -0.00978268 0.95154506 -0.21411502
v -0.01869381 0.94938165 -0.20020670
v 0.00236060 0.95224804 -0.22502017
v 0.00076624 0.96683329 -0.21993241
v 0.01240966 0.96688110 -0.22799811
v 0.01508204 0.95161098 -0.23133355
v 0.00327623 0.93698376 -0.12174684
v -0.00551698 0.93923301 -0.13315621
v -0.00793900 0.92821193 -0.13737626
v 0.00226920 0.92692733 -0.12642944
v -0.01681333 0.93705618 -0.20690820
v -0.00911367 0.94014847 -0.22218630
v -0.02751399 1.03077626 -0.22148833
v -0.03464431 1.03322053 -0.21044299
v 0.00321759 0.94005328 -0.23304203
v -0.01285027 0.97969973 -0.20791203
v -0.00193750 0.98161680 -0.21804312
v 0.01577086 0.99936342 -0.23531038
v 0.01129256 1.01542759 -0.24558172
v 0.00252203 1.06928468 -0.08180496
v -0.00053960 1.08288121 -0.09068143
v 0.00370963 1.08482766 -0.09070617
v 0.00269329 1.08762169 -0.09210244
v -0.00111437 1.08651781 -0.09172514
v 0.00860661 1.12484431 -0.08107603
v -0.00437589 1.12460423 -0.08617964
v -0.00185122 1.11247039 -0.08282039
v 0.01086024 1.10955930 -0.07949188
v -0.02580279 1.05144644 -0.09462944
v -0.02023953 1.04198122 -0.08802941
v -0.01456663 1.05048561 -0.08420351
v -0.01737332 1.05896735 -0.08851634
v -0.02271739 1.08796978 -0.10350074
v -0.02178797 1.09027529 -0.10149390
v -0.02389492 1.09004378 -0.10425788
v -0.01803800 1.02802300 -0.08579746
v -0.02394016 1.03187752 -0.09307869
v -0.04324114 1.05456710 -0.13534370
v -0.03321701 1.08822060 -0.11498702
v 0.00163988 1.18763876 -0.15474066
v 0.00179383 1.17662191 -0.12512922
v 0.00220433 1.18929124 -0.19052804
v 0.00239417 1.18250871 -0.22724065
v -0.01495993 1.12633276 -0.26608407
v 0.00679638 1.13583207 -0.27364030
v 0.01085472 1.10622120 -0.28049082
v -0.00988511 1.10028172 -0.27239904
v 0.00499880 1.03315759 -0.25726950
v 0.02394237 0.96848327 -0.23095366
v 0.02688695 0.95236498 -0.23288688
v 0.00322464 1.16000009 -0.10390419
v 0.00635002 1.14199495 -0.09037219
v -0.04321998 1.09848619 -0.14449044
v -0.03673690 1.06169009 -0.11122513
v -0.03309996 1.05524468 -0.10432538
v -0.02951968 1.06696820 -0.10115798
v -0.03217017 1.07071447 -0.10656121
v -0.03929411 1.05140543 -0.11977731
v -0.04079913 1.04111075 -0.13138574
v -0.04176006 1.03128934 -0.14589970
v -0.03959914 1.01912332 -0.15294173
v -0.04477312 1.12225533 -0.22754022
v -0.04929917 1.10912085 -0.21561888
v -0.01883077 1.15151596 -0.25111768
v -0.03495140 1.13731575 -0.24096599
v -0.05086020 1.09916830 -0.20969528
v 0.00466012 1.16381693 -0.25643364
v 0.01187810 1.04239821 -0.06401615
v 0.01369959 1.04694843 -0.06509337
v 0.00481211 1.04162550 -0.06978646
v 0.01324259 1.01571584 -0.06149150
v 0.01165584 1.00991631 -0.06447738
v 0.01650705 1.00964952 -0.06241295
v 0.01774594 1.01575780 -0.05949405
v 0.00751005 0.96891576 -0.08807592
v -0.00205527 0.97285837 -0.09461980
v 0.00419585 0.94661266 -0.11586311
v -0.00429789 0.94963330 -0.12787634
v 0.01349646 1.05635524 -0.06196231
v 0.01322954 1.05542588 -0.06398752
v 0.01518993 1.05587482 -0.06328741
v 0.01503806 1.05681133 -0.06142429
v 0.00079314 1.02478051 -0.07222614
v 0.01636057 1.03409410 -0.05867019
v 0.01639978 1.02992272 -0.06016728
v 0.01967190 1.02980614 -0.05906230
v 0.01969025 1.03376198 -0.05776399
v -0.01626478 0.97728157 -0.12615792
v -0.01331555 0.96596867 -0.13739921
v -0.02370081 0.94708186 -0.18307981
v -0.02574232 0.96027392 -0.17833641
v -0.02329933 0.97735053 -0.19429410
v 0.00791538 0.98184282 -0.22711772
v 0.01939148 0.98348564 -0.23211110
v 0.03246424 0.98513573 -0.23451510
v 0.02912783 1.00038600 -0.23937306
v -0.00346899 0.96724987 -0.11114278
v -0.00405988 0.95942789 -0.12159286
v 0.00522775 0.95590371 -0.11085129
v 0.00704503 0.96338153 -0.10230654
v 0.01940712 1.05398107 -0.05936339
v 0.01853202 1.05251360 -0.06145152
v 0.02037909 1.05016828 -0.06004131
v 0.02077068 1.05293345 -0.05742046
v 0.01253963 1.05330610 -0.06570050
v 0.01469990 1.05025315 -0.06531483
v 0.01505444 1.05248547 -0.06544454
v 0.01154834 1.05473351 -0.06430413
v 0.01198044 1.05642223 -0.06167418
v 0.01664340 1.05769372 -0.05640188
v 0.01696168 1.05883241 -0.05109257
v 0.01367042 1.05740547 -0.05840257
v 0.01742548 1.05517697 -0.06117772
v 0.01736163 1.05375075 -0.06299397
v 0.01537886 1.05437112 -0.06499648
v 0.01355684 1.05443978 -0.06518102
v 0.01635971 1.05734396 -0.05853012
v 0.01457261 1.05705571 -0.06002961
v 0.01665257 1.07903051 -0.06171423
v 0.01258222 0.94541222 -0.10897301
v 0.01421028 0.95455748 -0.10509977
v 0.00034033 1.02301383 -0.07375208
v -0.00086457 1.10531926 -0.08762121
v -0.02397683 1.06603265 -0.09538120
v -0.00460653 1.06949115 -0.08587877
v -0.00507750 1.07516289 -0.08882919
v -0.01076652 1.07177067 -0.09005770
v -0.01046064 1.06456685 -0.08674280
v 0.00784933 1.10261297 -0.08674589
v 0.01313387 1.09706259 -0.08688454
v 0.01647916 1.09935498 -0.07987586
v 0.01354084 1.09059048 -0.08610228
v 0.01020169 1.08521199 -0.08719009
v 0.01148879 1.08332229 -0.08065119
v 0.01606378 1.09052706 -0.07667369
v -0.02211433 1.09350395 -0.10103349
v -0.02032342 1.09243393 -0.09905769
v 0.00664175 1.07817721 -0.08377114
v 0.00559018 1.08139420 -0.08797911
v 0.00054179 1.07831573 -0.08836912
v 0.00120298 1.07375503 -0.08526543
v -0.01705680 1.06844854 -0.09199363
v -0.02795208 1.08928084 -0.10867701
v -0.02566711 1.07845235 -0.10448813
v -0.03560976 1.02944231 -0.19452202
v -0.03987194 1.03968453 -0.20236358
v -0.03975707 1.02503920 -0.17264819
v -0.03866135 1.02700043 -0.17707488
v -0.03364810 1.02039766 -0.17511362
v -0.03650872 1.02086401 -0.16966584
v -0.05014629 1.07493639 -0.19730255
v -0.04958597 1.07568979 -0.19281355
v -0.05078512 1.08223486 -0.19233879
v -0.05030648 1.08056664 -0.20037162
v -0.05026022 1.07870030 -0.18602487
v -0.04992329 1.07531428 -0.18586969
v -0.04944351 1.07516360 -0.18219572
v -0.05001041 1.08219624 -0.18392989
v -0.04809494 1.08042026 -0.17598510
v -0.04957306 1.09152079 -0.17291400
v -0.05151419 1.09288383 -0.18371359
v -0.04475777 1.08034277 -0.15116411
v -0.04662470 1.08753800 -0.16292000
v -0.04611532 1.07519746 -0.16930348
v -0.04461917 1.06710672 -0.16374922
v -0.04210953 1.03200936 -0.16086230
v -0.04022624 1.02418590 -0.16440681
v -0.03343681 1.02324772 -0.18371603
v -0.02060080 1.07117677 -0.25929695
v -0.03110250 1.06630969 -0.24456564
v -0.03877991 1.06245613 -0.23105460
v -0.04342473 1.05989838 -0.21876168
v -0.00603701 1.07556534 -0.27183792
v 0.01386158 1.07862377 -0.27894476
v -0.04541942 1.06265545 -0.14940414
v -0.04434758 1.05506778 -0.16119882
v -0.02610105 1.04788017 -0.24172097
v -0.01528216 1.05090594 -0.25558236
v -0.03419641 1.04612374 -0.22817531
v -0.03953911 1.04696655 -0.21606961
v -0.00089860 1.05399537 -0.26646385
v 0.01804040 1.05398226 -0.27174103
v 0.02155934 1.03345799 -0.26088321
v -0.04595713 1.03229904 -0.17250991
v -0.04629342 1.02692366 -0.17131236
v -0.04300071 1.02596450 -0.16968513
v -0.04377376 1.03142309 -0.16795081
v -0.04361854 1.04294181 -0.16064796
v -0.04374138 1.04720712 -0.14857417
v 0.01626987 1.08470941 -0.06826630
v 0.01626818 0.98688680 -0.05907026
v 0.01862998 1.00136399 -0.06000075
v 0.01687346 1.04252911 -0.06066217
v 0.01641228 1.03827882 -0.05934402
v 0.01984666 1.03766131 -0.05838552
v 0.02019366 1.04180193 -0.05948313
v 0.00513119 1.09877181 -0.09187840
v 0.02540512 1.01662564 -0.24973544
v 0.03596170 0.97052258 -0.23137307
v 0.03903993 0.95411974 -0.23211375
v 0.01722487 0.93850487 -0.23840576
v 0.03026357 0.93839967 -0.23876491
v 0.02059903 1.04605222 -0.06021550
v 0.01760610 1.04654670 -0.06166682
v 0.01699269 1.05668688 -0.05956733
v 0.01186709 1.02921677 -0.06252062
v 0.01727362 1.05213857 -0.06327146
v 0.01785913 1.04978776 -0.06241694
v 0.02242461 1.04956794 -0.05872640
v 0.02225728 1.04565215 -0.05951418
v -0.00521798 1.08094954 -0.09082912
v -0.00529920 1.08545828 -0.09179425
v 0.01859725 1.05593991 -0.05709651
v 0.01971062 1.05525112 -0.05412716
v -0.01785302 0.92980540 -0.15230587
v -0.02301198 0.93208283 -0.17099580
v 0.02196463 1.02975583 -0.05864644
v 0.02183149 1.03358793 -0.05735767
v -0.04442082 1.05882621 -0.17152545
v -0.04598924 1.06640887 -0.17439282
v -0.04760062 1.06032705 -0.17925259
v -0.04675826 1.05403996 -0.17703542
v 0.01166582 0.93591219 -0.11414726
v -0.02145449 0.93413222 -0.18991563
v 0.04278415 0.93979198 -0.23659936
v -0.02207620 1.08449864 -0.10199931
v -0.02289527 1.08597684 -0.10360497
v 0.00236065 1.09578013 -0.09313828
v 0.01034361 1.02086735 -0.06389478
v 0.01221989 1.02517843 -0.06514362
v 0.01566567 0.96181208 -0.09759830
v 0.02234149 1.05233765 -0.05606011
v -0.04820848 1.06809974 -0.18926230
v -0.04765090 1.06449437 -0.18829361
v -0.05057332 1.06315255 -0.18611962
v -0.05077729 1.06672502 -0.18589431
v -0.05224030 1.07087255 -0.18103394
v -0.05391400 1.07426429 -0.18312970
v -0.05466581 1.07033229 -0.18476614
v -0.05302271 1.06738806 -0.18365571
v -0.04830752 1.07222056 -0.17793685
v -0.04982214 1.06656861 -0.18007791
v -0.05631008 1.07550502 -0.18549466
v -0.05568241 1.07245541 -0.18666103
v -0.04981044 1.07575989 -0.18833613
v -0.05328938 1.07691669 -0.18643290
v -0.05449728 1.07825875 -0.19139752
v -0.05909230 1.07622123 -0.18963385
v -0.05633426 1.07733631 -0.19798481
v -0.06157393 1.07468247 -0.19543517
v -0.05650664 1.07215548 -0.20313466
v -0.06222875 1.07051635 -0.20086253
v -0.04489695 1.03967738 -0.16852930
v -0.04405969 1.03976345 -0.17560709
v -0.05648599 1.06532240 -0.20511889
v -0.06239722 1.06460571 -0.20407188
v -0.05531124 1.05756879 -0.20603323
v -0.06124287 1.05701375 -0.20475096
v -0.05424014 1.04939222 -0.20452467
v -0.05968203 1.04946494 -0.20340768
v -0.05292080 1.04146862 -0.20106313
v -0.05815574 1.04264116 -0.19969639
v -0.05077045 1.03294683 -0.19548312
v -0.05623624 1.03653669 -0.19404155
v -0.05815903 1.06880808 -0.19948462
v -0.05711222 1.07256413 -0.19576803
v -0.04929379 1.07051945 -0.19885823
v -0.05629814 1.07379985 -0.19070929
v -0.04583496 1.05816770 -0.19562438
v -0.04530372 1.05528569 -0.19369033
v -0.04865094 1.05590200 -0.19008949
v -0.04590321 1.05857158 -0.19257584
v -0.04779976 1.05158710 -0.18101129
v -0.04792774 1.04605007 -0.18015704
v -0.04699434 1.04652357 -0.17555749
v -0.04581609 1.04225612 -0.17994648
v -0.04469056 1.04650307 -0.18194380
v -0.04491863 1.04344320 -0.18178228
v -0.04371610 1.05013156 -0.18260929
v -0.04523978 1.04188490 -0.18293411
v -0.04631189 1.04044318 -0.18149945
v -0.04402240 1.04274964 -0.18372717
v -0.04362067 1.04382038 -0.18307862
v -0.04259519 1.04542851 -0.18409476
v -0.04206251 1.04792762 -0.18668503
v -0.04544149 1.04906487 -0.16940510
v -0.04096968 1.03692961 -0.19104251
v -0.04497582 1.04371810 -0.19633228
v -0.05350190 1.03214574 -0.18745124
v -0.04905636 1.02718592 -0.18707713
v -0.04757904 1.02430201 -0.17334184
v -0.04888318 1.02417564 -0.17920718
v -0.04821415 1.06497788 -0.19976434
v -0.04805103 1.05822015 -0.20097998
v -0.03896986 1.03197289 -0.18316504
v -0.04697952 1.05116940 -0.19971991
v -0.05476550 1.04060984 -0.19274396
v -0.05231594 1.03745651 -0.18792835
v -0.05699044 1.04503727 -0.19706285
v -0.04747620 1.03755689 -0.17884719
v -0.05014203 1.03673959 -0.18290624
v -0.05189597 1.03132010 -0.18078309
v -0.04933873 1.03158331 -0.17574963
v -0.05018253 1.04136491 -0.18769431
v -0.05345582 1.04405022 -0.19061247
v -0.04634411 1.04320216 -0.18915996
v -0.04923064 1.04603362 -0.19218996
v -0.04565018 1.04187250 -0.18552211
v -0.04778893 1.04004335 -0.18431392
v -0.04220767 1.04457617 -0.18992734
v -0.04451542 1.04878569 -0.19377396
v -0.04314595 1.04312062 -0.18574575
v -0.05241553 1.04934525 -0.19307581
v -0.04847854 1.05224514 -0.19457525
v -0.05248450 1.05574393 -0.19294545
v -0.05519612 1.05304766 -0.19331536
v -0.05577037 1.04738355 -0.19385520
v -0.05760238 1.05146432 -0.19622916
v -0.05744025 1.05070281 -0.20019573
v -0.05783159 1.05676126 -0.19796827
v -0.05818662 1.05720711 -0.20150894
v -0.05626445 1.05678201 -0.19488555
v -0.05460007 1.05808043 -0.19258970
v -0.05870402 1.06373787 -0.20135632
v -0.05771888 1.06208467 -0.19799978
v -0.05693246 1.06650138 -0.19687968
v -0.05648402 1.06079769 -0.19509035
v -0.05572971 1.06425643 -0.19426891
v -0.05538760 1.06026316 -0.19317207
v -0.05458888 1.06221533 -0.19207013
v -0.05280057 1.07154274 -0.18788978
v -0.05162036 1.06968594 -0.18613520
v -0.05426019 1.07138729 -0.19099662
v -0.05282196 1.06868863 -0.19046131
v -0.05167419 1.06997800 -0.18898278
v -0.05036885 1.06885862 -0.18848309
v -0.05195250 1.06629872 -0.18955511
v -0.04961500 1.06446147 -0.19081873
v -0.00087431 0.90516192 -0.13257584
v 0.01085305 0.90534341 -0.12556140
v 0.01107348 0.91586226 -0.12255359
v 0.00066781 0.91639477 -0.13024995
v -0.05429126 1.06684780 -0.19247299
v -0.05347551 1.06413603 -0.19057158
v -0.05564317 1.06975245 -0.19443557
v -0.05078466 1.06024623 -0.19305837
v -0.05187573 1.06197786 -0.19129083
v -0.05343597 1.06008434 -0.19152844
v -0.05230667 1.05872655 -0.19252971
v -0.04678980 1.05557370 -0.18236688
v -0.04441927 1.05362272 -0.18561178
v -0.04375995 1.05079579 -0.18946815
v -0.02926555 0.88494438 -0.17026067
v -0.02301216 0.89501697 -0.16934213
v -0.03195447 0.89758557 -0.19064787
v -0.03984400 0.88834471 -0.19302413
v -0.04955678 0.86226064 -0.15873176
v -0.06702059 0.86198092 -0.18984678
v -0.07196168 0.84183627 -0.16603607
v -0.05462402 0.84401673 -0.14633664
v -0.07531252 0.82543355 -0.14720318
v -0.05819882 0.82829708 -0.13228315
v -0.08100232 0.78208286 -0.10604614
v -0.06567810 0.78512603 -0.09494451
v -0.06336301 0.79926878 -0.10665375
v -0.07951724 0.79611951 -0.11818039
v -0.10206058 0.70448083 -0.08345902
v -0.09332532 0.68842453 -0.08025725
v -0.08423258 0.69417202 -0.06980398
v -0.09320702 0.70849192 -0.07476503
v -0.13034815 0.77452987 -0.17996424
v -0.12852947 0.78929526 -0.19251010
v -0.13484272 0.77463037 -0.19637305
v -0.13450864 0.76113504 -0.18532598
v -0.06479794 0.88764626 -0.24878424
v -0.06862729 0.87693435 -0.22225276
v -0.05388032 0.88520879 -0.21953782
v -0.05288266 0.89475197 -0.24402002
v -0.12218478 0.70683944 -0.14749324
v -0.11943433 0.69699955 -0.13620284
v -0.12084948 0.70755619 -0.12824491
v -0.12366491 0.71770436 -0.13771696
v -0.09481867 0.62051308 -0.10628031
v -0.09366073 0.60078198 -0.10313816
v -0.08652449 0.60097384 -0.08046554
v -0.08767305 0.62136453 -0.08450083
v -0.10080533 0.63449556 -0.19443876
v -0.08993893 0.63029754 -0.22215316
v -0.08865700 0.61673927 -0.21579570
v -0.09953883 0.61854255 -0.18795708
v -0.10669985 0.77315789 -0.12858424
v -0.09476922 0.77804095 -0.11745703
v -0.09421394 0.79152697 -0.12990266
v -0.10672799 0.78592366 -0.14171262
v -0.20357302 0.63995022 -0.26293683
v -0.19055459 0.63164568 -0.25549182
v -0.18229923 0.65381932 -0.24972707
v -0.19434798 0.66235512 -0.25796691
v -0.10556722 0.53537720 -0.16749731
v -0.09615710 0.54030162 -0.19245198
v -0.10168884 0.52355975 -0.19211024
v -0.11037339 0.51801026 -0.16581377
v -0.16513070 0.78739256 -0.25360054
v -0.15952323 0.80422157 -0.25058255
v -0.15796873 0.81485623 -0.27448532
v -0.16570464 0.79753411 -0.27634719
v -0.13169147 0.74349970 -0.16646621
v -0.12944643 0.75305903 -0.15832135
v -0.13047341 0.76297373 -0.16889656
v -0.13326749 0.75141436 -0.17542273
v -0.09249664 0.65454876 -0.23700887
v -0.10166470 0.65980095 -0.21518174
v -0.10129919 0.67133439 -0.22530153
v -0.09339936 0.66667533 -0.24542990
v -0.10158501 0.64734161 -0.20463154
v -0.09121094 0.64231956 -0.22921237
v -0.12419500 0.76129234 -0.14946905
v -0.11655817 0.76756907 -0.13935030
v -0.11715849 0.77951330 -0.15267780
v -0.12499364 0.77244776 -0.16198286
v -0.08527528 0.67449141 -0.07791394
v -0.07447199 0.68159217 -0.06508388
v -0.11187968 0.51160586 -0.13883238
v -0.10751387 0.50500274 -0.11336780
v -0.10556779 0.52485752 -0.11561549
v -0.10856409 0.53018618 -0.14101444
v -0.07987779 0.64286852 -0.06998633
v -0.08114441 0.66048723 -0.07406926
v -0.09005954 0.65693897 -0.09006330
v -0.08897182 0.64012831 -0.08814530
v -0.09823909 0.49877429 -0.08940636
v -0.08655431 0.49329507 -0.06592038
v -0.08547000 0.51552880 -0.06774345
v -0.09692992 0.51967371 -0.09121686
v -0.07784147 0.81045896 -0.13156992
v -0.06088516 0.81345147 -0.11898154
v -0.11321450 0.70027286 -0.10461985
v -0.10672028 0.68446243 -0.10326955
v -0.10083727 0.68550962 -0.09167528
v -0.10872049 0.70182699 -0.09402126
v -0.12649189 0.72962004 -0.20047149
v -0.13356441 0.74490887 -0.19189784
v -0.13665643 0.75517195 -0.20355308
v -0.12621485 0.73299319 -0.20944139
v -0.10573070 0.50644892 -0.19094023
v -0.11298185 0.50055361 -0.16409287
v -0.09788202 0.47787702 -0.08892973
v -0.08586337 0.47174484 -0.06600080
v -0.09698000 0.70764816 -0.27851957
v -0.09438799 0.70436203 -0.27325034
v -0.10204799 0.70709461 -0.25726429
v -0.10406120 0.71271485 -0.26414031
v -0.05874462 0.71680635 -0.05268669
v -0.07371033 0.72377771 -0.06198183
v -0.07732173 0.70612442 -0.06269297
v -0.06384705 0.69556081 -0.05558383
v -0.10039323 0.66974241 -0.10450247
v -0.09703661 0.65606493 -0.10643411
v -0.09373374 0.67095149 -0.09123859
v -0.04096877 0.70847011 -0.04538292
v -0.04887629 0.68074489 -0.04594830
v -0.04416940 0.81541723 -0.10637774
v -0.04679932 0.80122697 -0.09522118
v -0.04123090 0.83016092 -0.11751896
v -0.02470596 0.83145934 -0.10367444
v -0.01987577 0.84661722 -0.11380538
v -0.03668924 0.84540683 -0.12858972
v -0.01451517 0.86223161 -0.12184611
v -0.03117895 0.86181682 -0.13710362
v -0.01576738 0.88428420 -0.14971539
v -0.01158890 0.89473146 -0.15003929
v -0.13185106 0.73809129 -0.18318090
v -0.12963861 0.73181695 -0.17564353
v -0.10790009 0.48509759 -0.11245686
v -0.01023720 0.80407161 -0.31644061
v -0.00256869 0.78744251 -0.31534073
v -0.02118284 0.78593332 -0.32049718
v -0.02913144 0.80209088 -0.32139158
v -0.07668681 0.88333207 -0.25454161
v -0.08438028 0.87262297 -0.22940436
v -0.06519629 0.72136629 -0.31353548
v -0.05683076 0.71960920 -0.31336680
v -0.06034414 0.71021366 -0.30822933
v -0.06661598 0.71364766 -0.30889222
v -0.08564566 0.70516133 -0.29717430
v -0.08825628 0.69595456 -0.29983339
v -0.08676311 0.69890034 -0.30788624
v -0.08311852 0.70856327 -0.30323723
v -0.08708049 0.52749652 -0.21404120
v -0.08079339 0.54404521 -0.21394333
v -0.03577772 0.63902092 -0.27611807
v -0.05698810 0.63272339 -0.26311567
v -0.06149825 0.64553964 -0.26777032
v -0.04314879 0.65253127 -0.27992719
v 0.07975888 0.79958677 -0.26764593
v 0.08198455 0.78371894 -0.26710424
v 0.06804268 0.78384155 -0.28039205
v 0.06495968 0.79995471 -0.28125468
v 0.02407470 0.82099026 -0.30323038
v 0.01833493 0.83720618 -0.30247563
v 0.04035074 0.83355540 -0.29318646
v 0.04426003 0.81815606 -0.29375800
v 0.00994859 0.80496490 -0.31079084
v 0.01687047 0.78793937 -0.31041208
v -0.08313590 0.66617566 -0.26280734
v -0.08097780 0.65444386 -0.25665101
v -0.08527989 0.68108666 -0.27193549
v -0.09390330 0.68276733 -0.25647342
v -0.09364597 0.68759179 -0.26012397
v -0.08531546 0.68587106 -0.27512071
v -0.04262923 0.90254223 -0.24000296
v -0.03151610 0.90585738 -0.25989923
v -0.04296678 0.89802784 -0.26585466
v 0.02665466 0.88869375 -0.27725092
v 0.02957431 0.88175160 -0.28066304
v 0.01314764 0.88454175 -0.28492382
v 0.01381032 0.89145619 -0.27930871
v 0.06824689 0.70967084 -0.27292225
v 0.08428995 0.71201724 -0.26029605
v 0.08333898 0.69216472 -0.25551829
v 0.06531508 0.68813848 -0.26928666
v -0.07736429 0.69163585 -0.28842947
v -0.07861787 0.69602478 -0.29031709
v -0.07332381 0.70058036 -0.29785022
v -0.07030266 0.69599944 -0.29656079
v -0.06818279 0.69178903 -0.29518518
v -0.06553509 0.68686038 -0.29331222
v -0.07561551 0.68281555 -0.28400207
v -0.07686400 0.68776256 -0.28652379
v -0.05102137 0.66495609 -0.28408653
v -0.06710259 0.65861380 -0.27244785
v -0.07126228 0.66922158 -0.27707809
v -0.05738579 0.67460173 -0.28813264
v 0.07726143 0.62618971 -0.23835436
v 0.05963819 0.62247849 -0.25171506
v 0.06222022 0.64510345 -0.25762784
v 0.08022231 0.64898658 -0.24415609
v -0.12356267 0.71806437 -0.24239221
v -0.13098839 0.72387296 -0.23037681
v -0.13325490 0.71250826 -0.23531097
v -0.12422133 0.70468080 -0.24920735
v -0.09477267 0.70443875 -0.32785526
v -0.10156674 0.69802588 -0.33235180
v -0.10512688 0.70240313 -0.33565360
v -0.09767061 0.70935839 -0.33177027
v -0.11747352 0.68018550 -0.26659080
v -0.12611279 0.68879718 -0.25368077
v -0.13012955 0.66990960 -0.25801381
v -0.12032732 0.66201526 -0.27152842
v -0.07158072 0.87488574 -0.28427562
v -0.08911167 0.87879294 -0.26063177
v -0.06281333 0.88299364 -0.27814862
v -0.09963816 0.68501472 -0.28458342
v -0.10093627 0.67099160 -0.29015490
v -0.09672832 0.67114341 -0.30207095
v -0.09349710 0.68426734 -0.29581288
v -0.21214801 0.64701861 -0.27796778
v -0.20181793 0.66904849 -0.27335793
v -0.11878137 0.63846147 -0.28994456
v -0.11563804 0.63648927 -0.30384049
v -0.10621329 0.65404838 -0.29672596
v -0.11192774 0.65626663 -0.28396478
v -0.03129461 0.62676513 -0.27105644
v -0.05382515 0.62073368 -0.25804684
v -0.04576910 0.53096497 -0.24199697
v -0.06781193 0.52998114 -0.23084339
v -0.06088126 0.54723686 -0.23056886
v -0.03941017 0.54930025 -0.24195704
v -0.09151722 0.51018924 -0.21361893
v -0.05012988 0.51089370 -0.24131379
v -0.07222811 0.51103449 -0.23058435
v -0.01462563 0.92090327 -0.24242702
v 0.00064200 0.92095262 -0.25213504
v -0.00354008 0.91251558 -0.26153013
v -0.02208860 0.91319460 -0.25200498
v -0.11276715 0.39708844 -0.20936334
v -0.11306155 0.36774787 -0.20954999
v -0.12889490 0.36719286 -0.18245184
v -0.12711263 0.39566594 -0.18298921
v 0.03620018 0.90583748 -0.26082233
v 0.01605734 0.90911394 -0.26339272
v 0.01793999 0.91835880 -0.25479409
v 0.03472576 0.91607064 -0.25272974
v -0.12233240 0.41993979 -0.18363145
v -0.10862730 0.42365029 -0.20992368
v -0.02502833 0.91684562 -0.22428039
v -0.03366519 0.90943885 -0.23352781
v -0.03541698 0.90291160 -0.21179149
v -0.02718577 0.91096818 -0.20498940
v -0.02528969 0.90762830 -0.18488199
v -0.13961822 0.36220631 -0.15464595
v -0.13500683 0.38824749 -0.15505353
v 0.00333831 0.92992336 -0.24218553
v 0.01878253 0.92784137 -0.24612001
v 0.03340814 0.92665154 -0.24556389
v 0.04704420 0.92767376 -0.24266121
v -0.09331502 0.49256891 -0.21136820
v -0.10650755 0.48917887 -0.18862393
v -0.05195069 0.25383985 -0.25103959
v -0.02334666 0.24854961 -0.25326917
v -0.02796868 0.23097652 -0.23930788
v -0.06044566 0.23521051 -0.23832652
v 0.04214139 0.25837258 -0.23709777
v 0.03869397 0.24517140 -0.21959242
v 0.00592264 0.23478508 -0.23218441
v 0.00821303 0.24965400 -0.24860233
v 0.05438276 0.38289848 -0.26640490
v 0.02610837 0.38382947 -0.27411291
v 0.02583453 0.40638337 -0.26786286
v 0.05357891 0.40527362 -0.26074690
v -0.05314107 0.49245250 -0.23957589
v -0.07456151 0.49295169 -0.22859898
v -0.11234235 0.48308706 -0.16236946
v -0.15695995 0.23293564 -0.12235646
v -0.14939840 0.23543075 -0.16219133
v -0.15089716 0.20200485 -0.15824661
v -0.15965696 0.19885105 -0.12048285
v -0.10065142 0.19471240 -0.20879129
v -0.09786697 0.22297972 -0.21766293
v -0.06425887 0.21457118 -0.22719663
v -0.06738774 0.19025186 -0.21781135
v -0.07330745 0.46642739 -0.04322767
v -0.08383280 0.45159876 -0.06696692
v -0.07079349 0.44527566 -0.04516131
v -0.02377223 0.45559102 0.00294349
v -0.04392520 0.45824999 -0.00840572
v -0.03845695 0.43666160 -0.01163231
v -0.01984423 0.43359065 -0.00121424
v -0.01940669 0.31939238 -0.01433973
v -0.00654537 0.31886813 -0.00765930
v -0.00734820 0.34264371 -0.01123980
v -0.02247810 0.34467688 -0.01863180
v -0.13457105 0.37868086 -0.12686867
v -0.12328560 0.36937761 -0.09943995
v -0.11878570 0.39028853 -0.10468864
v -0.12907949 0.40114769 -0.13000943
v 0.03417794 0.23551449 -0.20086190
v 0.00536835 0.22273096 -0.21624744
v -0.15564285 0.19503146 -0.08058152
v -0.15163063 0.23038271 -0.08316684
v -0.13552782 0.19227886 -0.04753536
v -0.10291529 0.19161978 -0.03080401
v -0.10202115 0.22297361 -0.03392723
v -0.13274011 0.22551420 -0.05163813
v 0.00238555 0.23229665 -0.04201847
v -0.01464273 0.25418630 -0.02292886
v -0.01927179 0.24764851 -0.03166002
v 0.00121946 0.23165119 -0.05014482
v 0.04950606 0.29434761 -0.25973076
v 0.04584333 0.27628043 -0.25036508
v 0.01348673 0.26839021 -0.26088056
v 0.01922910 0.28952467 -0.26982665
v -0.02722804 0.51004905 -0.24600649
v -0.03042137 0.49032730 -0.24512973
v -0.00506474 0.50859231 -0.24611634
v -0.02290908 0.53045255 -0.24699208
v -0.00098227 0.53023636 -0.24627122
v 0.01730964 0.64838475 -0.27626321
v -0.00713030 0.63643587 -0.27680317
v -0.01179931 0.64897299 -0.28327304
v 0.01265299 0.66260892 -0.28423572
v 0.05293966 0.78503662 -0.29355863
v 0.04880416 0.80194342 -0.29405269
v -0.02996510 0.19233945 -0.21679091
v 0.00849407 0.20264205 -0.19863513
v -0.00808454 0.16631573 -0.19593561
v -0.04033875 0.16304281 -0.20898941
v -0.10385331 0.16498709 -0.20106423
v -0.13072556 0.16833723 -0.18370029
v -0.12994906 0.20085377 -0.18999133
v -0.15105957 0.16804704 -0.15304941
v -0.16136378 0.16464293 -0.11539653
v -0.13576329 0.15863630 -0.04379599
v -0.10241733 0.15907720 -0.02815238
v -0.01072599 0.18573347 -0.05483006
v -0.03653377 0.18734533 -0.03958672
v -0.03667834 0.16055492 -0.04293610
v -0.01160667 0.16059455 -0.06069031
v -0.05430252 0.31835422 -0.03491384
v -0.08246874 0.34098569 -0.05645472
v -0.08700060 0.31984058 -0.05185111
v -0.06226227 0.29842520 -0.03623997
v -0.02991983 0.47905278 0.00380094
v -0.04682700 0.48245007 -0.00644151
v -0.05949566 0.46201718 -0.02310000
v -0.06126511 0.48575562 -0.02153482
v -0.07423903 0.48933506 -0.04246712
v -0.04567446 0.58104658 -0.01274589
v -0.06309215 0.58023179 -0.03127649
v -0.06086314 0.55717725 -0.02641015
v -0.04380900 0.55714387 -0.00832736
v -0.04744310 0.60550338 -0.01960166
v -0.06461184 0.60394377 -0.03801653
v -0.04858179 0.65395725 -0.03686875
v -0.06767489 0.66717106 -0.05871928
v -0.06647522 0.64767557 -0.05287221
v -0.02766363 0.81636071 -0.09398741
v -0.03001927 0.80176300 -0.08414705
v -0.13957010 0.35386506 -0.12415028
v 0.02577687 0.19768691 -0.16569126
v 0.02711398 0.19053510 -0.13407400
v 0.02077515 0.16397470 -0.13995662
v 0.01337669 0.16621184 -0.17059800
v -0.12900491 0.41181585 -0.15648621
v -0.11336885 0.49317563 -0.13730381
v -0.11141951 0.47517169 -0.13648728
v -0.10632142 0.64335704 -0.16154513
v -0.10318289 0.62103462 -0.15846431
v -0.08568240 0.72673148 -0.07146448
v -0.08615633 0.71421450 -0.06934859
v -0.12833436 0.23304185 -0.19696176
v -0.13388327 0.12614158 -0.04168959
v -0.13070945 0.09554583 -0.04067186
v -0.09895477 0.09510475 -0.02772442
v -0.10099963 0.12618810 -0.02723025
v 0.00035762 0.13163483 -0.08931993
v -0.01486582 0.13164389 -0.06605110
v -0.01986413 0.10183991 -0.07058410
v -0.00737105 0.10103065 -0.09415823
v -0.01532503 0.07061535 -0.09703141
v -0.02568986 0.07004070 -0.07225262
v -0.02879860 0.03909690 -0.07536963
v -0.02101620 0.04090095 -0.09900802
v -0.15751611 0.16004348 -0.07598937
v -0.16178642 0.10006022 -0.10323900
v -0.15487856 0.09646236 -0.06818905
v -0.15704727 0.12725288 -0.07208547
v -0.16236061 0.13167331 -0.10925332
v -0.07352258 0.16215461 -0.20955092
v 0.00592921 0.16001961 -0.08262980
v 0.00833236 0.18408346 -0.07565796
v -0.00281924 0.09980273 -0.14465477
v -0.01349393 0.09986532 -0.16943994
v 0.00014987 0.13185644 -0.17185891
v 0.01005997 0.13166538 -0.14365506
v -0.11411158 0.10609877 -0.18665400
v -0.13631378 0.10727639 -0.16652498
v -0.13394846 0.13744801 -0.17451420
v -0.10917475 0.13558942 -0.19402254
v -0.15252386 0.13581592 -0.14487538
v -0.15240087 0.10448104 -0.13737102
v -0.15774754 0.03999608 -0.09089933
v -0.14614026 0.03683364 -0.06028998
v -0.15108258 0.06630808 -0.06439395
v -0.16004837 0.06970484 -0.09657383
v -0.15200086 0.04517430 -0.12263054
v -0.15214337 0.07477909 -0.12976970
v -0.13844372 0.07793509 -0.15884182
v -0.14071243 0.04908001 -0.15054616
v -0.12174613 0.05035400 -0.16947591
v -0.11851073 0.07817317 -0.17886287
v -0.09428553 0.07621372 -0.18977043
v -0.10003304 0.04967993 -0.18079284
v -0.06875316 0.07444227 -0.19059855
v -0.04508673 0.07329506 -0.18199265
v -0.05610365 0.04686743 -0.17520273
v -0.07743157 0.04803998 -0.18223023
v -0.02543462 0.04323756 -0.14393747
v -0.03753264 0.04496152 -0.16232461
v -0.02609734 0.07179540 -0.16604576
v -0.01516599 0.07077950 -0.14423192
v -0.06284776 -0.06271923 -0.14584149
v -0.07814243 -0.05840755 -0.15329155
v -0.06736886 -0.03196317 -0.15369129
v -0.05117293 -0.03605008 -0.14488828
v -0.09347140 -0.05521762 -0.16053611
v -0.11080789 -0.05260539 -0.16171592
v -0.10084287 -0.02701450 -0.16242638
v -0.08362596 -0.02913845 -0.15981045
v -0.13477965 -0.02793175 -0.14618117
v -0.11826243 -0.02655702 -0.15788507
v -0.12795256 -0.05199147 -0.15622941
v -0.14339243 -0.05343610 -0.14396119
v -0.15872413 -0.05570536 -0.12663779
v -0.15299200 -0.03008151 -0.13025011
v -0.16179205 -0.06113899 -0.10145037
v -0.16023999 -0.03548307 -0.10523602
v -0.15193710 -0.04169137 -0.07502265
v -0.15483263 -0.06708211 -0.07201827
v -0.03870682 -0.04777414 -0.09198341
v -0.04622702 -0.07577199 -0.09724998
v -0.04379421 -0.07159281 -0.11676072
v -0.03430165 -0.04449135 -0.11148062
v -0.07030921 -0.05011392 -0.05571832
v -0.08978903 -0.04933732 -0.03309786
v -0.09161064 -0.07658386 -0.04160035
v -0.07350561 -0.07845342 -0.06249654
v -0.15268289 0.01729899 -0.11633903
v -0.15476815 0.01167571 -0.08474892
v -0.12501188 0.02384675 -0.15932700
v -0.14292035 0.02181274 -0.14239182
v -0.03425460 0.01635898 -0.14345868
v -0.04801019 0.01884395 -0.15856108
v -0.03178982 0.00925803 -0.08005771
v -0.02549970 0.01161783 -0.10224324
v -0.11994434 -0.02086991 -0.02929942
v -0.12058955 0.00695717 -0.03406949
v -0.14279978 0.00846523 -0.05505478
v -0.14316534 -0.01935362 -0.04878423
v -0.15655243 -0.00959534 -0.11075975
v -0.14700657 -0.00433821 -0.13554308
v -0.12886706 -0.00204605 -0.15112969
v -0.11130650 -0.00118471 -0.16316041
v -0.09289403 -0.00203431 -0.16651431
v -0.07494365 -0.00398148 -0.16335830
v -0.05761523 -0.00634337 -0.15611288
v -0.04251225 -0.00943465 -0.14352565
v -0.02918872 -0.01665837 -0.10648116
v -0.03481773 -0.02007652 -0.08595487
v -0.11887050 -0.07440566 -0.03444526
v -0.11887423 -0.04837770 -0.02821290
v -0.14433716 -0.04553914 -0.04508793
v -0.14416991 -0.07109290 -0.04612990
v -0.11987019 -0.09721739 -0.04484896
v -0.09841521 -0.09926379 -0.05316761
v -0.10410574 -0.08077770 -0.16275418
v -0.12147494 -0.07845796 -0.16266349
v -0.13808019 -0.07808971 -0.15679711
v -0.16549636 -0.08167934 -0.12481038
v -0.16511792 -0.08796483 -0.09739861
v -0.15541166 -0.09398419 -0.07061759
v -0.14185776 -0.09448516 -0.05157107
v -0.06662775 -0.12538016 -0.12667201
v -0.05681486 -0.09751570 -0.12184013
v -0.05858435 -0.10159540 -0.10421166
v -0.06948750 -0.12811965 -0.10917366
v -0.08278676 -0.11788458 -0.15557769
v -0.09658914 -0.11304837 -0.16672161
v -0.08843544 -0.08487458 -0.15658477
v -0.07525597 -0.08887566 -0.14609835
v -0.11409488 -0.10943835 -0.17160699
v -0.13250884 -0.10688143 -0.16905522
v -0.14993934 -0.10517716 -0.16228065
v -0.17419407 -0.10955960 -0.12434632
v -0.15407300 -0.07859200 -0.14463627
v -0.16567589 -0.10566813 -0.14737305
v -0.17155270 -0.11655468 -0.09243473
v -0.15833037 -0.15514195 -0.06849152
v -0.15292136 -0.12418938 -0.06632961
v -0.17961477 -0.14673972 -0.09121859
v -0.14447573 -0.25878114 -0.07826206
v -0.17096037 -0.25373632 -0.07920021
v -0.17160136 -0.28982121 -0.08577023
v -0.14857654 -0.29446369 -0.08464852
v -0.07490214 -0.15778720 -0.11346518
v -0.07138003 -0.15625012 -0.13306081
v -0.08692975 -0.14960003 -0.16519418
v -0.10323250 -0.14410168 -0.17603809
v -0.19302300 -0.17027026 -0.12728420
v -0.18491150 -0.13881046 -0.12396960
v -0.17775014 -0.13466775 -0.15010628
v -0.18640012 -0.16612947 -0.15420830
v -0.08538128 -0.25830394 -0.12534897
v -0.08377124 -0.25756907 -0.14550461
v -0.07624791 -0.22324729 -0.14356983
v -0.07836857 -0.22422546 -0.12177667
v -0.10709406 -0.17723870 -0.18303755
v -0.08990819 -0.18290949 -0.17242828
v -0.09443590 -0.21691984 -0.17676085
v -0.11225894 -0.21184266 -0.18719339
v -0.19807890 -0.24127722 -0.13079765
v -0.19756323 -0.20441669 -0.12946704
v -0.19180983 -0.20075822 -0.15630010
v -0.19334829 -0.23877782 -0.15572318
v -0.16406022 -0.18593216 -0.07051654
v -0.18661813 -0.17745477 -0.09478019
v -0.19007042 -0.21047300 -0.09832951
v -0.16920824 -0.21889555 -0.07465824
v -0.13538365 -0.19110364 -0.06952114
v -0.14051910 -0.22364312 -0.07294172
v -0.10970487 -0.32969749 -0.14447558
v -0.09711529 -0.29245299 -0.14516820
v -0.09793426 -0.29491001 -0.12723392
v -0.11076185 -0.33286136 -0.12895042
v -0.11981741 -0.24765939 -0.18549189
v -0.10203392 -0.25185400 -0.17644441
v -0.11326073 -0.28795487 -0.17162371
v -0.12820381 -0.28478241 -0.17986804
v -0.19564199 -0.32179302 -0.13136978
v -0.19684106 -0.28067839 -0.13144833
v -0.19233459 -0.27919865 -0.15428814
v -0.19067645 -0.32019413 -0.15210342
v -0.17272814 -0.32866329 -0.09231901
v -0.19081300 -0.28436184 -0.10409693
v -0.19062272 -0.32465738 -0.10812551
v -0.17317855 -0.36746526 -0.09526163
v -0.15639527 -0.37084156 -0.09387922
v -0.15236062 -0.33241647 -0.09083702
v -0.12162750 -0.36936361 -0.12936385
v -0.11933882 -0.36712593 -0.14383930
v -0.12828307 -0.36326075 -0.16422889
v -0.13939424 -0.35991013 -0.17218637
v -0.13477059 -0.32269847 -0.17516232
v -0.12209255 -0.32576984 -0.16717041
v -0.16799985 -0.32100236 -0.17505816
v -0.15118186 -0.32107121 -0.17786735
v -0.15457582 -0.35841703 -0.17467970
v -0.16974930 -0.35871536 -0.17118397
v -0.18882544 -0.35801321 -0.15000242
v -0.18148570 -0.32016850 -0.16668946
v -0.18103611 -0.35806102 -0.16293964
v -0.19388780 -0.35913813 -0.13095970
v -0.18961322 -0.36304462 -0.10872844
v 0.03575872 0.22337258 -0.13980657
v 0.02806768 0.21734962 -0.11074880
v 0.02916441 0.20819733 -0.12413834
v 0.03431936 0.21773404 -0.15533161
v -0.04115108 0.09929585 -0.04827504
v -0.03871390 0.13121936 -0.04559833
v -0.04490098 0.03685844 -0.05296269
v -0.04392093 0.06716353 -0.04932146
v -0.04659852 0.00687766 -0.05759631
v -0.04862188 -0.02233678 -0.06509525
v -0.05073187 -0.05117518 -0.07278323
v -0.05713109 -0.07896805 -0.07947731
v -0.06793655 -0.10452359 -0.08596034
v -0.07920135 -0.13104457 -0.09042065
v -0.08966232 -0.19007742 -0.09799697
v -0.07624386 -0.19051611 -0.11813682
v -0.08737562 -0.15930188 -0.09486639
v -0.09794614 -0.25918883 -0.10371411
v -0.09201942 -0.22371852 -0.10029875
v -0.10804657 -0.29681295 -0.10805956
v -0.11937419 -0.33502245 -0.11251724
v -0.13004594 -0.37117505 -0.11419536
v -0.06832268 0.24318972 -0.03259888
v -0.03882114 0.23263234 -0.03574239
v -0.04105563 0.24841738 -0.03329843
v -0.06787430 0.26378939 -0.03420684
v 0.01961007 0.22456264 -0.07398538
v 0.01282653 0.22565269 -0.05997434
v 0.01223144 0.22652856 -0.06654841
v 0.02016190 0.22540450 -0.08100602
v -0.15233833 -0.01536668 -0.07938391
v -0.10557985 0.02398605 -0.17107499
v -0.08549432 0.02281302 -0.17363605
v -0.06635363 0.02129973 -0.16800541
v -0.06647798 -0.02356094 -0.04429647
v -0.06758567 0.00539046 -0.03900826
v -0.09189589 0.00584268 -0.02827573
v -0.09095588 -0.02171433 -0.02967808
v -0.13050258 -0.16307056 -0.06628427
v -0.11108145 -0.19102377 -0.08304822
v -0.10651549 -0.16169959 -0.07826467
v -0.12681460 -0.13789570 -0.06068122
v -0.14337678 -0.13579899 -0.17763215
v -0.16235285 -0.13381267 -0.16832507
v -0.12885113 -0.17142934 -0.18778411
v -0.15132201 -0.16720474 -0.18530673
v -0.12274239 -0.13884395 -0.17977098
v -0.06797799 0.06432813 -0.03268228
v -0.09649272 0.06442779 -0.02874833
v -0.09448285 0.03465908 -0.02934617
v -0.06750461 0.03485090 -0.03528035
v -0.05394249 0.56296337 -0.23161197
v -0.03302503 0.56592560 -0.24265105
v -0.11162732 0.67576146 -0.13248551
v -0.10854059 0.66126877 -0.14360157
v -0.10321305 0.65716034 -0.12421405
v -0.10635830 0.67119867 -0.11821796
v -0.11213380 0.66976613 -0.15942627
v -0.11567128 0.68333417 -0.14584872
v -0.11804397 0.69368750 -0.15840802
v -0.11371592 0.68053901 -0.17280203
v -0.11545525 0.71729183 -0.21393129
v -0.11450226 0.71998620 -0.22096077
v -0.04862201 0.62970728 -0.02766451
v -0.02696886 0.63026404 -0.01293503
v -0.02701160 0.65431333 -0.02184853
v -0.05557375 0.44014362 -0.02659236
v -0.05858508 0.35202137 -0.04244459
v -0.03407512 0.31830809 -0.02316511
v -0.03924405 0.34700730 -0.02919853
v 0.00175725 0.24798086 -0.02028607
v 0.03887259 0.61689746 -0.26015410
v 0.04104295 0.63880813 -0.26578149
v 0.06169170 0.81554240 -0.28111777
v 0.07740986 0.81463003 -0.26765722
v 0.05578496 0.84450287 -0.27957526
v 0.05312558 0.85786575 -0.27775776
v 0.06992240 0.85610640 -0.26504728
v 0.07242509 0.84302497 -0.26644629
v 0.05107804 0.91611129 -0.24845424
v 0.05456597 0.90471208 -0.25408402
v 0.02651282 0.22640556 -0.09614763
v 0.02182381 0.22511780 -0.08826441
v 0.02948770 0.22648153 -0.10731766
v -0.01167350 0.20710328 -0.05001456
v 0.00734080 0.20336458 -0.06892261
v 0.00497918 0.21745721 -0.06360108
v -0.01396039 0.22368991 -0.04624322
v -0.15364538 0.26509604 -0.12316504
v -0.14708178 0.27042818 -0.16322982
v -0.02933046 0.21427959 -0.22653717
v -0.14047731 0.59796828 -0.31738624
v -0.14465016 0.59963942 -0.33071956
v -0.13052022 0.61901623 -0.32537058
v -0.12747186 0.61790347 -0.31083396
v 0.04937883 0.70806217 -0.28514746
v 0.03878161 0.68187141 -0.28118578
v -0.04392695 0.89500672 -0.21674773
v -0.11509991 0.86546105 -0.26866704
v -0.12455412 0.85803956 -0.24224439
v -0.11201460 0.86418504 -0.23951298
v -0.10172880 0.87282723 -0.26513052
v -0.05556877 0.81507289 -0.32277825
v -0.06705586 0.83115041 -0.31706372
v -0.05131008 0.83657497 -0.31519368
v -0.03914971 0.81894368 -0.31993958
v 0.05537479 0.35968786 -0.26939991
v 0.02669409 0.36026940 -0.27814838
v 0.04658066 0.55404812 -0.23664102
v 0.02583585 0.55238932 -0.24432433
v 0.03174292 0.57338542 -0.24854800
v 0.05203877 0.57667303 -0.24056858
v 0.01939318 0.69098318 -0.29441342
v -0.00001241 0.67434555 -0.29217091
v -0.03871474 0.73385698 -0.04889648
v -0.03672612 0.75408858 -0.05683406
v -0.05427353 0.75621372 -0.06506178
v -0.05645658 0.73832208 -0.05738628
v -0.12805891 0.65724570 -0.34180218
v -0.11006537 0.66973406 -0.33094266
v -0.10743460 0.66027337 -0.32338327
v -0.12195053 0.64407110 -0.33246318
v -0.12348375 0.27038470 -0.20428807
v -0.09260714 0.24875337 -0.22838405
v -0.07094821 0.58958507 -0.22629526
v -0.05004922 0.59332567 -0.24428186
v -0.05085394 0.57811779 -0.23727095
v -0.07140962 0.57445180 -0.22010481
v -0.07502120 0.62988603 -0.24532643
v -0.07305302 0.61696666 -0.23912039
v -0.07794290 0.64190054 -0.25083810
v -0.08247980 0.70673764 -0.29307204
v -0.08725088 0.70395154 -0.28447637
v -0.08994780 0.70551533 -0.28831953
v -0.03736214 0.21237114 -0.03763431
v -0.04117551 0.27256712 -0.02684268
v -0.03525785 0.28385925 -0.02205691
v 0.02512861 0.22592619 -0.08760722
v -0.02193187 0.92179936 -0.19712636
v -0.02282164 0.91986197 -0.17814010
v -0.10792094 0.68921691 -0.27300242
v -0.10847978 0.67397243 -0.27834460
v -0.09368040 0.69146711 -0.26316574
v -0.10045592 0.69719428 -0.24662605
v -0.10035577 0.69903779 -0.25108188
v -0.09292446 0.69449079 -0.26786140
v -0.08545893 0.69390577 -0.28097215
v -0.08545624 0.68968463 -0.27752361
v -0.12351372 0.78505760 -0.17455038
v -0.11551706 0.79292244 -0.16694662
v -0.11179788 0.80801171 -0.18175647
v -0.12052683 0.80014247 -0.18810228
v -0.10548922 0.79962856 -0.15653306
v -0.09293040 0.80568236 -0.14420617
v -0.09026907 0.82054675 -0.16148373
v -0.10222327 0.81441015 -0.17322496
v -0.05165976 0.87935263 -0.19254702
v -0.04035748 0.87686402 -0.16597795
v -0.02376341 0.87523693 -0.14415050
v -0.00862876 0.87458545 -0.12846692
v 0.05853392 0.89263231 -0.25899181
v 0.06320609 0.88018924 -0.26151261
v 0.04542439 0.88116574 -0.27260056
v 0.03698305 0.89369780 -0.26972935
v -0.01964014 0.90625048 -0.16486692
v -0.01072635 0.90566939 -0.14675856
v -0.00187741 0.89421958 -0.13393620
v -0.21566424 0.65005851 -0.29632965
v -0.20476437 0.67170262 -0.29277334
v -0.01002700 0.93003827 -0.23129845
v -0.01870263 0.92633134 -0.21500346
v -0.20334521 0.67180097 -0.31308198
v -0.21426004 0.64961141 -0.31614265
v -0.10087322 0.85077494 -0.21236697
v -0.09881819 0.86862564 -0.23532107
v -0.11377523 0.84698731 -0.21783391
v -0.01866309 0.91805249 -0.15904984
v -0.01038931 0.91683823 -0.14197887
v -0.14458703 0.30325571 -0.15955254
v -0.14878234 0.29607034 -0.12216423
v -0.10502322 0.54811072 -0.14338857
v -0.10095600 0.55228543 -0.16933739
v -0.02473293 0.58084184 0.00139460
v -0.02288038 0.55675751 0.00549553
v 0.01108030 0.92592651 -0.11869970
v -0.04454947 0.50784677 -0.00530227
v -0.02372436 0.50402862 0.00629444
v -0.02271614 0.53126669 0.00646760
v -0.04311565 0.53276998 -0.00606576
v -0.01556558 0.47712120 0.00787620
v -0.01387169 0.46495932 0.00698408
v -0.01528679 0.29816553 -0.01083105
v -0.00519076 0.29751679 -0.00544780
v -0.17177579 0.72280568 -0.24753371
v -0.16646530 0.74083996 -0.24441063
v -0.17318356 0.75273860 -0.25904235
v -0.17809013 0.73278469 -0.26322925
v -0.06029280 0.51085842 -0.02220786
v -0.07358786 0.51301879 -0.04392740
v -0.12487068 0.72512096 -0.19362515
v -0.11518193 0.71391428 -0.20789889
v -0.02555357 0.67933589 -0.03141183
v -0.07143570 0.74087495 -0.06668626
v -0.06984328 0.75632197 -0.07453474
v -0.08378978 0.75488991 -0.08515713
v -0.08488588 0.74081510 -0.07700542
v 0.02893263 0.22791398 -0.09782335
v -0.12817107 0.73214555 -0.34179908
v -0.11894021 0.74163264 -0.34110472
v -0.11268602 0.73264086 -0.34089550
v -0.12259909 0.72381383 -0.34235260
v 0.02022886 0.20292366 -0.09446192
v 0.01992352 0.18554991 -0.10330358
v 0.03391397 0.22938842 -0.17940935
v 0.04131749 0.23059911 -0.15877151
v -0.06786006 0.15930453 -0.03052711
v -0.06872461 0.18997690 -0.03020930
v -0.06788123 0.12727776 -0.03018177
v -0.06781941 0.09538227 -0.03121072
v -0.08346688 -0.10448719 -0.07025763
v -0.09879286 -0.13177836 -0.07099563
v -0.11587781 -0.22388530 -0.08650574
v -0.12110842 -0.25905901 -0.09087603
v -0.12791857 -0.29642332 -0.09555459
v -0.13499565 -0.33526731 -0.10047734
v -0.14184791 -0.37219495 -0.10163929
v -0.20806569 0.64486605 -0.33330995
v -0.19632584 0.66870052 -0.33245477
v -0.18594983 0.65929854 -0.34437022
v -0.19919652 0.63651007 -0.34539628
v -0.12666740 0.64334291 -0.27701929
v -0.13666447 0.65011179 -0.26371261
v -0.14456426 0.63018918 -0.26986805
v -0.13557276 0.62477267 -0.28332761
v -0.14546904 0.60486645 -0.28984112
v -0.14123370 0.60047263 -0.30354032
v -0.12930463 0.62038654 -0.29655161
v -0.15225376 0.60497355 -0.34276259
v -0.16237678 0.61184168 -0.35104397
v -0.14678358 0.63325435 -0.34696478
v -0.13738813 0.62398535 -0.33807626
v -0.18765794 0.62763488 -0.35335743
v -0.17434530 0.64955860 -0.35108107
v -0.16082738 0.64095962 -0.35226041
v -0.17486519 0.61912560 -0.35525325
v -0.17606159 0.62339419 -0.25649545
v -0.16299802 0.61605817 -0.26453444
v -0.15515029 0.63711607 -0.25779474
v -0.16855079 0.64498836 -0.25001222
v -0.17675018 0.76101857 -0.27968797
v -0.18112665 0.73928857 -0.28300181
v -0.12578617 0.73792356 -0.21898296
v -0.13683778 0.75014043 -0.21410879
v -0.13930278 0.74247259 -0.21948668
v -0.12810759 0.73540288 -0.22593403
v -0.19136819 0.69109100 -0.26933709
v -0.18380065 0.71231818 -0.26602331
v -0.18620095 0.71672404 -0.28595349
v -0.19425842 0.69388878 -0.28927204
v -0.16061731 0.66637975 -0.24396679
v -0.14806730 0.65804297 -0.25149661
v -0.14119208 0.67846125 -0.24548659
v -0.15340042 0.68659854 -0.23756370
v -0.11697508 0.63807678 -0.31857058
v -0.10490673 0.65536547 -0.31012034
v -0.15715833 0.72808516 -0.23250619
v -0.16139974 0.71153349 -0.23591101
v -0.12258244 0.71947008 -0.18715486
v -0.10101699 0.68878847 -0.23807076
v -0.10074599 0.69386238 -0.24245951
v -0.11153200 0.68562436 -0.11436339
v -0.11645628 0.69973034 -0.11443204
v -0.10894122 0.66874427 -0.19258288
v -0.10840168 0.67989105 -0.20396611
v -0.11573534 0.68949556 -0.12538084
v -0.11819322 0.69955021 -0.12207992
v -0.07856099 0.62359101 -0.06438062
v -0.00341837 0.88415211 -0.13314652
v -0.17733660 0.70415246 -0.25016585
v -0.16621774 0.69535124 -0.23986056
v -0.09857326 0.68023765 -0.32252955
v -0.09080958 0.69024837 -0.31495833
v -0.09070897 0.68638068 -0.30619770
v -0.09673658 0.67447186 -0.31383356
v -0.01440863 0.70569277 -0.30685544
v 0.00199764 0.69887930 -0.30258611
v -0.01424854 0.68491715 -0.29805496
v -0.02806607 0.69326055 -0.30215636
v -0.14342742 0.74165440 -0.33686975
v -0.15460607 0.74286914 -0.33127555
v -0.14739656 0.76005578 -0.32978699
v -0.13582368 0.75503772 -0.33594388
v -0.16038519 0.76394981 -0.31939486
v -0.16675699 0.74304193 -0.32151857
v -0.17705368 0.74195331 -0.30483091
v -0.17187059 0.76421118 -0.30226400
v -0.11166380 0.33952326 -0.21241322
v -0.13013326 0.33762676 -0.18548554
v -0.10532201 0.46635866 -0.11250907
v -0.09548212 0.45846063 -0.08988079
v -0.08049106 0.36451253 -0.06064814
v -0.01816994 0.24218225 -0.03709231
v 0.00228083 0.22965628 -0.05525227
v 0.01609482 0.16118267 -0.11025715
v -0.14292267 0.33318016 -0.15585637
v 0.00853855 0.13158137 -0.11498523
v -0.00164755 0.10046977 -0.11879215
v -0.03403880 0.10090237 -0.18839142
v -0.05997995 0.10217006 -0.19784048
v -0.05054223 0.13177899 -0.20345289
v -0.02183915 0.13146108 -0.19297647
v -0.08793239 0.10393543 -0.19727132
v -0.08086447 0.13290834 -0.20346212
v -0.12300526 0.03575898 -0.03861487
v -0.13420591 -0.20672739 -0.19152492
v -0.16112636 -0.24082744 -0.18574622
v -0.15673509 -0.20237827 -0.18855953
v -0.14027566 -0.24406898 -0.18910664
v -0.17700039 -0.20004457 -0.17642558
v -0.17143323 -0.16507566 -0.17398965
v -0.19097984 -0.24618256 -0.10028367
v -0.14649370 -0.28206074 -0.18311140
v -0.16495594 -0.28074521 -0.17985004
v -0.17977443 -0.23852479 -0.17432162
v -0.18121493 -0.27921528 -0.17032778
v 0.01814373 0.21472898 -0.08542967
v -0.14685470 0.26141843 -0.08506030
v -0.14105438 0.29039371 -0.08699870
v -0.09194247 0.29835454 -0.04714075
v -0.06638028 0.28116608 -0.03501204
v -0.08434526 0.53631848 -0.07019359
v -0.09512929 0.53932935 -0.09359749
v -0.09329910 0.58027619 -0.09954011
v -0.09957486 0.58183974 -0.12397064
v -0.10043969 0.56270438 -0.12082103
v -0.09356391 0.55945814 -0.09626982
v -0.09751005 0.58497500 -0.17690593
v -0.08694991 0.58666855 -0.20325845
v -0.08770595 0.57125068 -0.19772148
v -0.09797817 0.56866252 -0.17230135
v -0.09069864 0.55570745 -0.19425836
v -0.07421454 0.55914205 -0.21557853
v 0.01404690 0.59081459 -0.25704300
v -0.00791210 0.58659714 -0.25505427
v -0.00530633 0.60472554 -0.26165238
v 0.01690621 0.61096883 -0.26296198
v -0.02486130 0.29387477 -0.01673900
v 0.01407652 0.22532952 -0.07223716
v -0.06867876 0.21859181 -0.03089550
v -0.09887118 0.25157970 -0.03742960
v -0.12793913 0.25646281 -0.05525772
v -0.11633893 0.69610006 -0.26140851
v -0.04847362 0.71716636 -0.31214714
v -0.05381230 0.70656472 -0.30739021
v -0.17310245 0.72135460 -0.32496902
v -0.18298057 0.71940702 -0.30732176
v -0.14824367 0.70380658 -0.23170540
v -0.16923764 0.77015352 -0.25556496
v -0.16234583 0.75688291 -0.23995039
v -0.15822099 0.77258205 -0.23610720
v -0.10554675 0.35535342 -0.07645978
v -0.12983817 0.34370914 -0.09441522
v -0.11151576 0.33349851 -0.07043222
v 0.03924799 0.22945806 -0.13962922
v -0.04253086 0.26108024 -0.03011000
v -0.01147453 0.07065994 -0.12060209
v -0.01942444 0.04177713 -0.12206562
v -0.02630001 0.01391668 -0.12402946
v -0.03251339 -0.01329095 -0.12658823
v -0.03937192 -0.04040099 -0.13029586
v -0.05025803 -0.06684887 -0.13398345
v -0.06318388 -0.09268563 -0.13495086
v -0.07219924 -0.12151747 -0.14229631
v -0.07317802 -0.18914825 -0.13920557
v -0.07842086 -0.18635076 -0.15768591
v -0.07593122 -0.15297735 -0.15120539
v -0.08216282 -0.22086883 -0.16214308
v -0.09014850 -0.25521588 -0.16243935
v -0.10314770 -0.29044193 -0.15986270
v -0.11432076 -0.32744825 -0.15692168
v -0.12208424 -0.36498255 -0.15480033
v 0.03143559 0.22805649 -0.10820454
v 0.03512038 0.22889128 -0.12269546
v -0.08584511 0.85375845 -0.20483652
v -0.10651721 0.70682842 -0.22976586
v -0.10627409 0.70885634 -0.23522943
v -0.14493898 0.71862054 -0.22703746
v -0.16055188 0.66906643 -0.34888658
v -0.17125915 0.68029368 -0.34472606
v -0.13613862 0.69716197 -0.24003181
v -0.11645729 0.72681874 -0.22777507
v -0.11983783 0.73024696 -0.23578835
v -0.31040078 0.51916653 -0.25423503
v -0.31371155 0.51191920 -0.26749292
v -0.32198825 0.49952182 -0.25132737
v -0.31761429 0.50603467 -0.23923668
v -0.30170035 0.52209097 -0.24189395
v -0.30876085 0.50824678 -0.22845021
v -0.24710685 0.48028302 -0.23390150
v -0.25395414 0.49397829 -0.22869819
v -0.26560846 0.48001736 -0.21919608
v -0.25965983 0.46664953 -0.22483113
v -0.30487087 0.49285728 -0.20861983
v -0.29385185 0.48681140 -0.20592138
v -0.28478175 0.50043887 -0.21681809
v -0.29720375 0.50619066 -0.22084105
v -0.25126034 0.45863891 -0.25902572
v -0.26012516 0.45675021 -0.27226588
v -0.24531519 0.46746582 -0.28211632
v -0.23709175 0.47038707 -0.26774064
v -0.20660549 0.54125816 -0.27212694
v -0.19937971 0.52728367 -0.27723435
v -0.19317618 0.54017943 -0.28234509
v -0.20138508 0.55289978 -0.27751687
v -0.29327363 0.54542887 -0.28395715
v -0.29366282 0.53666115 -0.29856616
v -0.30446768 0.52443904 -0.28308120
v -0.30260560 0.53265196 -0.26887676
v -0.25864786 0.54511487 -0.25091800
v -0.24426663 0.53571957 -0.24857011
v -0.23553127 0.55066353 -0.26119742
v -0.25006402 0.55994189 -0.26410750
v -0.28315407 0.55776000 -0.29958197
v -0.28115416 0.54836106 -0.31335691
v -0.27621654 0.51508129 -0.22741106
v -0.26356333 0.50564963 -0.22662324
v -0.25365457 0.52067411 -0.23689288
v -0.26757869 0.52999020 -0.23864517
v -0.27967480 0.43861327 -0.23822966
v -0.28856850 0.43767869 -0.24902251
v -0.27457851 0.44689798 -0.26118901
v -0.26566979 0.44823584 -0.24916318
v -0.28462207 0.47803706 -0.20661825
v -0.27725077 0.46705520 -0.20945835
v -0.27409545 0.49140292 -0.21682593
v -0.32762027 0.46854684 -0.25429240
v -0.33073777 0.47874171 -0.24587405
v -0.32161912 0.49012685 -0.26283062
v -0.31695792 0.47903466 -0.27151519
v -0.22351933 0.51013768 -0.25263679
v -0.23184913 0.52376759 -0.24883121
v -0.24231884 0.50879246 -0.23807320
v -0.23489395 0.49489048 -0.24297619
v -0.28583562 0.55048972 -0.26935068
v -0.29416257 0.53635639 -0.25525448
v -0.30543071 0.48992091 -0.28776345
v -0.31188932 0.50167561 -0.27943465
v -0.30040839 0.51323658 -0.29510847
v -0.29261366 0.50077361 -0.30315852
v -0.26684868 0.49800426 -0.31871235
v -0.25336882 0.48828945 -0.31338966
v -0.26893428 0.47805992 -0.30179974
v -0.28164998 0.48809218 -0.30558616
v -0.21382886 0.52584410 -0.26295015
v -0.20806056 0.51136148 -0.26944450
v -0.22314799 0.48368877 -0.27583370
v -0.23035121 0.47914046 -0.29114744
v -0.21556005 0.49227738 -0.29900280
v -0.20915031 0.49856740 -0.28278619
v -0.25126964 0.58741045 -0.29406652
v -0.25938082 0.58523524 -0.30935627
v -0.26815021 0.57675630 -0.29849079
v -0.25742701 0.57860005 -0.28463116
v -0.27129704 0.56912380 -0.31426635
v -0.26009205 0.57796371 -0.32557431
v -0.23607144 0.58259022 -0.34691006
v -0.22652406 0.57392782 -0.35291320
v -0.23414418 0.56600696 -0.35016075
v -0.24389067 0.57516551 -0.34352580
v -0.23530671 0.51627880 -0.34316555
v -0.22079074 0.50982642 -0.33440813
v -0.23736522 0.49881542 -0.32429418
v -0.25151712 0.50699663 -0.33168113
v -0.19554305 0.51725459 -0.32590753
v -0.19008845 0.51807433 -0.30850670
v -0.20168471 0.50568062 -0.30487797
v -0.20969042 0.50572675 -0.32085654
v -0.16105090 0.56533676 -0.31653437
v -0.16244616 0.56812179 -0.30260298
v -0.16851220 0.55341983 -0.30611685
v -0.16830491 0.55016702 -0.32073379
v -0.18063518 0.56887203 -0.28195021
v -0.17638060 0.58090019 -0.27792051
v -0.18795362 0.58807480 -0.27079687
v -0.19160613 0.57682359 -0.27560771
v -0.23385054 0.61183918 -0.30427733
v -0.23418346 0.61156160 -0.32323101
v -0.24088708 0.60334861 -0.32266062
v -0.23883802 0.60415757 -0.30475587
v -0.22074834 0.52525294 -0.35197803
v -0.20417011 0.52090174 -0.34290883
v -0.18423258 0.55940187 -0.28393230
v -0.19403639 0.56865478 -0.27831492
v -0.19707975 0.56119406 -0.27963829
v -0.18797126 0.55033880 -0.28447101
v -0.21791106 0.58551878 -0.28363481
v -0.23084307 0.59342790 -0.29090485
v -0.23369420 0.58914208 -0.28854659
v -0.22007418 0.57981426 -0.28317606
v -0.24222943 0.59907442 -0.30294445
v -0.24621388 0.59736395 -0.32072070
v -0.25229546 0.59210217 -0.31608394
v -0.24615383 0.59409666 -0.29948154
v -0.21123159 0.53293633 -0.35755387
v -0.22225776 0.54205662 -0.35792705
v -0.21296301 0.54852653 -0.35922638
v -0.20253041 0.54002839 -0.35850736
v -0.18433274 0.52828616 -0.32637408
v -0.18119153 0.52995890 -0.31012961
v -0.22424319 0.57266110 -0.28018537
v -0.21196225 0.56359881 -0.27711055
v -0.20822471 0.57132787 -0.27893320
v -0.25112844 0.58497363 -0.33232111
v -0.16308923 0.56426579 -0.32950208
v -0.16762273 0.56606877 -0.34126303
v -0.15773016 0.58067298 -0.33626983
v -0.15353973 0.57879782 -0.32416919
v -0.15318815 0.58023739 -0.31124714
v -0.15590183 0.58362079 -0.29702726
v -0.17104666 0.59594005 -0.27191320
v -0.18319656 0.60305673 -0.26410094
v -0.19723636 0.61111635 -0.26301038
v -0.21011996 0.61868870 -0.26886091
v -0.21483654 0.60259938 -0.27510184
v -0.20156962 0.59555346 -0.26958439
v -0.22491345 0.62890053 -0.30041400
v -0.22438085 0.62832648 -0.31970194
v -0.22876060 0.60683751 -0.33782917
v -0.21910849 0.62278384 -0.33566639
v -0.17690073 0.54937994 -0.29449007
v -0.17253515 0.56039876 -0.29263622
v -0.29553029 0.47765249 -0.29171264
v -0.28328648 0.46794575 -0.28905651
v -0.29680559 0.45798433 -0.27504951
v -0.30825919 0.46749848 -0.27609438
v -0.29882267 0.44148743 -0.25631183
v -0.28532094 0.45062390 -0.26996318
v -0.28976643 0.52060533 -0.23269933
v -0.28173348 0.53516668 -0.24500531
v -0.31588745 0.49545187 -0.21490896
v -0.23783219 0.58202797 -0.28429082
v -0.24288973 0.57301784 -0.27635446
v -0.21573067 0.56493765 -0.35781088
v -0.21874467 0.58241248 -0.35472089
v -0.20767370 0.57374936 -0.35883775
v -0.23431808 0.53689981 -0.35316619
v -0.24882510 0.52987576 -0.34348139
v -0.25821155 0.54570818 -0.33566988
v -0.24201521 0.55434412 -0.34724444
v -0.19427204 0.54839289 -0.35666907
v -0.20486730 0.55621654 -0.35905138
v -0.19640771 0.56580752 -0.35814223
v -0.18576300 0.55876428 -0.35370675
v -0.22580940 0.60807163 -0.28726062
v -0.22870985 0.59889334 -0.29006708
v -0.19979119 0.60684031 -0.35459033
v -0.20987397 0.59316164 -0.35491437
v -0.22014984 0.59992892 -0.34769627
v -0.21076295 0.61408222 -0.34688362
v -0.22838995 0.59033042 -0.34801409
v -0.18741882 0.59989536 -0.35737774
v -0.19824678 0.58554989 -0.35863745
v -0.22001928 0.62537020 -0.28207853
v -0.17594510 0.57158542 -0.35071889
v -0.18670166 0.57816911 -0.35670328
v -0.17563640 0.59278250 -0.35444263
v -0.16526344 0.58621532 -0.34680596
v -0.27125430 0.46055228 -0.28248557
v -0.25652263 0.47100428 -0.29360271
v -0.18847707 0.52645832 -0.29247299
v -0.19692144 0.51317859 -0.28828135
v -0.18197244 0.53867853 -0.29469427
v -0.24592814 0.46678656 -0.24457404
v -0.25998166 0.45497400 -0.23586532
v -0.21972603 0.49517873 -0.26117438
v -0.23251787 0.48026899 -0.25290227
v -0.27897009 0.51157528 -0.31696126
v -0.17962967 0.53905350 -0.33778790
v -0.17559485 0.53805536 -0.32410243
v -0.18943761 0.52975661 -0.34091613
v -0.16153815 0.58982265 -0.28349039
v -0.16766845 0.57367665 -0.28909048
v -0.20194098 0.52835995 -0.35267618
v -0.15259773 0.61025119 -0.27625725
v -0.25316444 0.56708533 -0.33780256
v -0.24331966 0.59083593 -0.33644578
v -0.23631901 0.59775889 -0.33795357
v -0.33006102 0.48784921 -0.23501787
v -0.27327508 0.55015671 -0.25783902
v -0.22872990 0.56359220 -0.27317679
v -0.21641859 0.55304146 -0.27121630
v -0.18547183 0.54223609 -0.34937689
v -0.17662020 0.55285454 -0.34563041
v -0.17119585 0.55021316 -0.33416706
v -0.21686268 0.59223628 -0.28036532
v -0.20440060 0.58484983 -0.27488133
v -0.27397421 0.44457352 -0.22636256
v -0.20579079 0.57754600 -0.27808324
v -0.26694381 0.55882835 -0.32665095
v 0.07501170 0.82902378 -0.26722831
v -0.10856722 0.65625733 -0.17939600
v -0.09594516 0.63988185 -0.10815808
v -0.10225908 0.64076835 -0.13106480
v -0.10758997 0.69773704 -0.21886003
v -0.10715571 0.70371056 -0.22450528
v -0.10916432 0.71531737 -0.24083683
v -0.11185875 0.72185451 -0.24900711
v -0.11391605 0.69042784 -0.18476617
v -0.04894399 1.07564902 -0.20497793
v -0.04698107 1.06824303 -0.20762083
v -0.05123094 1.08916259 -0.20492634
v -0.01333106 0.49125823 0.00849062
v -0.04714052 1.06277204 -0.19356894
v -0.04460087 1.05374503 -0.19537339
v -0.05003404 1.05774784 -0.19407979
v -0.04684196 1.06410098 -0.19172239
v -0.04703631 1.06538939 -0.19129843
v -0.05259486 1.09222603 -0.19454351
v -0.04496475 1.05952001 -0.20829242
v -0.04310478 1.05001926 -0.20642152
v -0.05022646 1.07918525 -0.18843958
v 0.03312531 0.48219109 -0.23713711
v 0.05565421 0.48049283 -0.22956100
v 0.05442803 0.46211165 -0.23615891
v 0.02990536 0.46393710 -0.24215156
v 0.05387683 0.44434881 -0.24484158
v -0.06778115 0.41765869 -0.24886855
v -0.08984493 0.42176196 -0.23179963
v -0.08397597 0.44297490 -0.22842869
v -0.06311871 0.43954912 -0.24468976
v -0.09677460 0.45987266 -0.20784953
v -0.07910661 0.46022320 -0.22606394
v -0.10223676 0.44356719 -0.20797893
v -0.11530286 0.43954718 -0.18354756
v -0.10951496 0.45645607 -0.18447363
v -0.12212276 0.43187824 -0.15769181
v -0.11576457 0.44964772 -0.15879688
v -0.12254814 0.42204249 -0.13256896
v -0.11466544 0.41128820 -0.10842073
v -0.10237492 0.37818053 -0.08190307
v -0.08026848 0.38947195 -0.06442825
v -0.09906344 0.39971471 -0.08534724
v -0.04226631 0.37432086 -0.03145753
v -0.06078905 0.38020700 -0.04587412
v -0.00929690 0.36834335 -0.01160336
v -0.02533357 0.37081915 -0.02030976
v -0.08747176 0.83622307 -0.18173042
v -0.02339091 0.89512402 -0.27891824
v -0.03276302 0.88676095 -0.28548530
v -0.05389597 0.89073515 -0.27190349
v -0.01989830 0.82170427 -0.31608644
v -0.03181659 0.84013915 -0.31318453
v -0.00704139 0.84009737 -0.30942556
v 0.00157844 0.82238740 -0.31081384
v -0.00483732 0.88924581 -0.28472611
v 0.00008157 0.89423090 -0.27971318
v -0.00992033 0.88148421 -0.29130563
v 0.03161699 0.87210160 -0.28478646
v 0.01198809 0.87630737 -0.29075828
v -0.09820100 0.86106849 -0.29129204
v -0.08079085 0.84749073 -0.30708438
v -0.09405741 0.84149647 -0.30845657
v -0.11232486 0.85407907 -0.29402724
v -0.04591972 0.79944080 -0.32505092
v -0.03819548 0.78429818 -0.32457897
v -0.05115548 0.78135967 -0.32779762
v -0.05880523 0.79587448 -0.32784888
v -0.14762610 0.81835699 -0.29779637
v -0.13166307 0.81359607 -0.31436250
v -0.14289235 0.79895234 -0.31656879
v -0.15731865 0.80181408 -0.29929283
v -0.06830792 0.81056547 -0.32528502
v 0.03170794 0.71018451 -0.29773089
v 0.01407324 0.71481097 -0.30600777
v -0.00309779 0.71973658 -0.30990174
v -0.04437966 0.72918320 -0.31600696
v -0.03423791 0.72733659 -0.31424713
v -0.03943956 0.71360290 -0.31075898
v -0.05357230 0.73038328 -0.31801608
v -0.06346354 0.72982639 -0.31812778
v -0.15001644 0.75668317 -0.22366476
v -0.14630058 0.76750892 -0.21718428
v -0.15386245 0.78735280 -0.23140529
v -0.08069783 0.72010195 -0.31623206
v -0.07293680 0.72559267 -0.31381974
v -0.07390816 0.72008771 -0.30993944
v -0.08123713 0.71596295 -0.31264862
v -0.08398498 0.86788708 -0.28783113
v -0.12845877 0.79031235 -0.32652852
v -0.11694352 0.80306786 -0.32354829
v -0.10515780 0.79048330 -0.33002612
v -0.11710418 0.77993429 -0.33271942
v -0.10655814 0.77007866 -0.33625719
v -0.09475685 0.77900422 -0.33405423
v -0.08593453 0.76808393 -0.33481005
v -0.09765407 0.76043254 -0.33665255
v -0.08080684 0.72452670 -0.32099885
v -0.07253761 0.73211557 -0.31761941
v -0.17204745 0.77968389 -0.27707958
v -0.13911293 0.84640306 -0.27162501
v -0.14407572 0.83696693 -0.24527273
v -0.13507421 0.84912819 -0.24355173
v -0.12774558 0.85744077 -0.27049962
v -0.10738581 0.70352995 -0.26819375
v -0.11549663 0.71088153 -0.25510022
v -0.09886893 0.69790852 -0.27993777
v -0.07847270 0.71046484 -0.30060324
v -0.09223377 0.69513160 -0.29082903
v -0.14208636 0.73170662 -0.22366723
v -0.15357369 0.74353957 -0.22908458
v -0.14062370 0.81752348 -0.22518367
v -0.13300385 0.83013111 -0.22285673
v -0.16572961 0.78379107 -0.30012473
v -0.15286475 0.78213191 -0.31785068
v -0.08796189 0.71106136 -0.32181248
v -0.08721767 0.70671296 -0.31791505
v -0.09327645 0.69971371 -0.32443234
v -0.06932874 0.70674306 -0.30362815
v -0.07558922 0.71521294 -0.30610207
v -0.12501380 0.84511805 -0.29579630
v -0.13847855 0.77587533 -0.32856831
v -0.12675217 0.76779193 -0.33488992
v -0.08314916 0.78620017 -0.33205184
v -0.09292402 0.79912513 -0.32779443
v -0.08075951 0.80582243 -0.32631409
v -0.07115719 0.79161686 -0.33003137
v -0.10857214 0.75167638 -0.33931768
v -0.10203348 0.74124849 -0.33874035
v -0.06344148 0.77738470 -0.33089492
v -0.07482200 0.77309722 -0.33313105
v -0.08941218 0.71642166 -0.32618925
v -0.12444488 0.84028178 -0.22102100
v -0.12107728 0.81921965 -0.20447007
v -0.11090606 0.82640713 -0.19981110
v -0.13672797 0.79552305 -0.20937809
v -0.12937938 0.80874246 -0.20697704
v -0.14253204 0.78006148 -0.21226785
v -0.10006627 0.83071679 -0.19236633
v -0.19384819 0.53377730 -0.35193667
v -0.09223963 0.69501382 -0.32080057
v -0.09981177 0.68698597 -0.32733491
v -0.10046431 0.69322419 -0.32992864
v -0.14585112 0.66150522 -0.34871730
v 0.02046138 1.00966740 -0.06085369
v 0.02098383 1.01587725 -0.05846700
v 0.02186664 1.03742647 -0.05806358
v 0.02202795 1.04136944 -0.05910158
v -0.22316083 0.55752873 -0.35618320
v -0.22910970 0.55131763 -0.35471621
v -0.26417553 0.52135301 -0.33040604
v -0.28759673 0.52515888 -0.30954850
v -0.27354649 0.53622240 -0.32300076
v -0.27722591 0.56452721 -0.28414887
v -0.26501003 0.56536067 -0.27150878
v -0.22304142 0.53870744 -0.26094419
v -0.22522861 0.49363506 -0.31311861
v -0.34072176 0.47242755 -0.19313875
v -0.34676191 0.46645385 -0.20272943
v -0.35606390 0.45652029 -0.18618655
v -0.34855211 0.46175128 -0.17767617
v -0.35676196 0.45212853 -0.16260320
v -0.34592563 0.45111525 -0.15796626
v -0.33836430 0.46130890 -0.17193359
v -0.33634490 0.44544396 -0.15790889
v -0.32849509 0.45639047 -0.17028648
v -0.32910851 0.43766475 -0.16078776
v -0.32459331 0.42933124 -0.16442183
v -0.31524590 0.44062763 -0.17471379
v -0.32075727 0.44924167 -0.17180300
v -0.30072606 0.44308418 -0.18944159
v -0.31201887 0.43131524 -0.17931372
v -0.31149480 0.42213854 -0.18593258
v -0.29867300 0.43284512 -0.19607583
v -0.33299455 0.40191627 -0.18961629
v -0.34086555 0.40214148 -0.19489291
v -0.32899734 0.41074044 -0.20881590
v -0.32028446 0.41037762 -0.20250705
v -0.33501744 0.43013793 -0.22868434
v -0.32540563 0.42368948 -0.22739437
v -0.33851930 0.41466016 -0.21260008
v -0.34780991 0.42064381 -0.21380958
v -0.36010981 0.41100407 -0.20081598
v -0.36677760 0.41927370 -0.19658974
v -0.35497651 0.42834520 -0.21123412
v -0.32491925 0.49362996 -0.22430030
v -0.33279166 0.48280585 -0.20884943
v -0.32344115 0.48389149 -0.20045295
v -0.31176585 0.46162432 -0.18278831
v -0.30277163 0.47412694 -0.19427592
v -0.31261700 0.48048866 -0.19567207
v -0.32056212 0.46846002 -0.18283427
v -0.27275497 0.45471722 -0.21586022
v -0.28909189 0.45490170 -0.19955707
v -0.28594357 0.44372135 -0.20611086
v -0.30537474 0.45295119 -0.18522066
v -0.29510063 0.46534067 -0.19586965
v -0.30081934 0.42439505 -0.20538005
v -0.31443065 0.41480100 -0.19436094
v -0.34897739 0.45757255 -0.21200827
v -0.34780261 0.44791207 -0.22034800
v -0.35822126 0.43754834 -0.20391205
v -0.35872963 0.44731534 -0.19557309
v -0.28767291 0.43471023 -0.21595418
v -0.33786982 0.45811403 -0.23728153
v -0.33981949 0.46802315 -0.22884253
v -0.34311950 0.43847853 -0.22641137
v -0.33154598 0.44820973 -0.24248776
v -0.36857519 0.43805218 -0.18017700
v -0.36510095 0.44703865 -0.17056111
v -0.33841798 0.47705054 -0.21878305
v -0.30674586 0.41961676 -0.21508098
v -0.31569004 0.41967911 -0.22284064
v -0.30216706 0.42877147 -0.23604244
v -0.29327518 0.42913824 -0.22679105
v -0.30978850 0.44851768 -0.25971279
v -0.31211326 0.43257633 -0.24180156
v -0.32229552 0.43928909 -0.24399859
v -0.35007459 0.40544033 -0.19899157
v -0.31995854 0.45763779 -0.25931278
v -0.36826551 0.39058727 -0.09747155
v -0.36019048 0.39486426 -0.10256967
v -0.36034089 0.40034607 -0.09213711
v -0.36886376 0.39598432 -0.08789620
v -0.34172389 0.41395944 -0.10004503
v -0.34084994 0.42635852 -0.10372612
v -0.34589705 0.42908835 -0.09150055
v -0.34640798 0.41839501 -0.08857113
v -0.37145266 0.40219253 -0.08078817
v -0.36248076 0.40589327 -0.08439611
v -0.37440094 0.40909731 -0.07955715
v -0.38558480 0.40542081 -0.07680570
v -0.37971503 0.39974877 -0.07675585
v -0.39259186 0.40152818 -0.07239872
v -0.39355972 0.40965039 -0.08581509
v -0.40066844 0.40143043 -0.07844579
v -0.40407890 0.39412683 -0.10805884
v -0.40401721 0.38582504 -0.11663686
v -0.40939927 0.37787703 -0.10424155
v -0.40805268 0.38649619 -0.09533341
v -0.40245923 0.36344334 -0.12113549
v -0.40665570 0.37001047 -0.11186427
v -0.40183568 0.37915891 -0.12417786
v -0.39806131 0.37289453 -0.13196598
v -0.36875597 0.38196915 -0.11200978
v -0.36169070 0.38559708 -0.11926287
v -0.36132500 0.38974354 -0.11285867
v -0.36864874 0.38594842 -0.10667484
v -0.37407908 0.42023128 -0.07689810
v -0.38064665 0.41908455 -0.08635755
v -0.38046962 0.41367394 -0.08176717
v -0.37209091 0.41662276 -0.07533580
v -0.34324747 0.38380828 -0.14443383
v -0.33932829 0.39182901 -0.15361080
v -0.33905196 0.39937961 -0.14766023
v -0.34303972 0.39111310 -0.14029756
v -0.33651543 0.42062700 -0.12575094
v -0.33755863 0.41748708 -0.13559610
v -0.34296665 0.43247342 -0.13679722
v -0.34485480 0.43336564 -0.12767234
v -0.33756703 0.42345884 -0.11538960
v -0.34637907 0.43467218 -0.11862817
v -0.34909636 0.43545645 -0.10728045
v -0.35251445 0.43659723 -0.09410365
v -0.34226537 0.38447574 -0.16189530
v -0.34469822 0.37661225 -0.15655726
v -0.39580742 0.36996442 -0.03250882
v -0.39445508 0.36434340 -0.03479853
v -0.39415267 0.36804312 -0.03935249
v -0.39544478 0.37379771 -0.03708211
v -0.36283690 0.37620562 -0.16910332
v -0.37254164 0.38090140 -0.16907662
v -0.36794442 0.38489550 -0.17467770
v -0.35802975 0.38152957 -0.17288637
v -0.36870191 0.36929074 -0.16396794
v -0.37849078 0.37597799 -0.16211796
v -0.40896177 0.37117803 -0.03162639
v -0.40425548 0.37385470 -0.03062323
v -0.40468949 0.37720999 -0.03584421
v -0.40955123 0.37430739 -0.03727707
v -0.37573683 0.39294496 -0.08230911
v -0.37471581 0.38738909 -0.09096247
v -0.38514724 0.38299134 -0.07061923
v -0.38059795 0.38360995 -0.08238576
v -0.38123569 0.39117235 -0.07521057
v -0.38608715 0.38967803 -0.06813642
v -0.37934265 0.36994058 -0.09997113
v -0.37438542 0.37472567 -0.10805936
v -0.37594131 0.37946200 -0.10064901
v -0.38071260 0.37435114 -0.09244990
v -0.37037668 0.36421499 -0.11627509
v -0.37581217 0.35944998 -0.10904007
v -0.37353417 0.35365355 -0.11321551
v -0.36874101 0.35847440 -0.11929804
v -0.38581896 0.35484439 -0.09052223
v -0.39100513 0.35023251 -0.08392642
v -0.39082509 0.34612185 -0.08811444
v -0.38513315 0.35031834 -0.09451215
v -0.36398447 0.38948560 -0.18057588
v -0.35393193 0.38709494 -0.17782345
v -0.39179349 0.35090449 -0.13633105
v -0.38266599 0.34608588 -0.14093094
v -0.38547531 0.33789277 -0.13388598
v -0.39453557 0.34283736 -0.12924480
v -0.38062549 0.38801929 -0.16503173
v -0.37687269 0.39193088 -0.17198086
v -0.41161025 0.36590606 -0.03384246
v -0.41221672 0.36904755 -0.03955522
v -0.36073959 0.43619615 -0.11107621
v -0.36259192 0.43707365 -0.09687869
v -0.35873976 0.43584821 -0.12268424
v -0.35712329 0.43629864 -0.13095899
v -0.35526723 0.43882626 -0.13846684
v -0.38316727 0.37707999 -0.08136281
v -0.37327376 0.38400567 -0.09998265
v -0.36774749 0.37861019 -0.11587846
v -0.36104432 0.35289979 -0.13377191
v -0.35715634 0.35670397 -0.14001633
v -0.35744908 0.36320090 -0.13124841
v -0.36192665 0.35821813 -0.12771383
v -0.37302393 0.34336925 -0.13924466
v -0.36782113 0.34455538 -0.13318598
v -0.37174067 0.33901802 -0.12711087
v -0.37639150 0.33651143 -0.13252729
v -0.37475851 0.42548645 -0.07722834
v -0.37744001 0.42544463 -0.08927776
v -0.35276592 0.37409437 -0.16492191
v -0.34896335 0.38106388 -0.16874233
v -0.34600168 0.38780779 -0.17330223
v -0.35180992 0.38766593 -0.13003561
v -0.34261072 0.39575481 -0.13702713
v -0.34113264 0.40033472 -0.13140318
v -0.35175726 0.39099520 -0.12568426
v -0.34902486 0.39965546 -0.10714850
v -0.33927828 0.40893251 -0.11219937
v -0.35014582 0.40502447 -0.09571370
v -0.33820024 0.40674648 -0.14266191
v -0.33646944 0.40614164 -0.15451968
v -0.33608842 0.41437346 -0.14883009
v -0.33776766 0.39790133 -0.16092426
v -0.34081173 0.39124739 -0.16752848
v -0.33176175 0.41233504 -0.16119942
v -0.33191627 0.42078644 -0.15578222
v -0.33368498 0.40412560 -0.16796231
v -0.33713764 0.39777711 -0.17426854
v -0.36923707 0.40334851 -0.18961033
v -0.35870624 0.39710122 -0.18890432
v -0.37345290 0.39659199 -0.17980713
v -0.34184197 0.43775970 -0.14670351
v -0.33797625 0.42364436 -0.14307763
v -0.33526191 0.42903620 -0.15077037
v -0.35244775 0.44366142 -0.14669618
v -0.35032767 0.42171544 -0.08064441
v -0.35315439 0.42355382 -0.07285012
v -0.35809818 0.41710111 -0.07273015
v -0.35644746 0.41485956 -0.07975771
v -0.39770713 0.39681101 -0.06736189
v -0.39065343 0.39505786 -0.06626968
v -0.38581502 0.39774385 -0.07168308
v -0.34771669 0.37462240 -0.14069940
v -0.34888521 0.36834061 -0.15148160
v -0.38646534 0.37698197 -0.07200706
v -0.40932834 0.37822580 -0.04398659
v -0.40417457 0.38109714 -0.04221562
v -0.40217277 0.38771898 -0.05319010
v -0.40799528 0.38473958 -0.05477020
v -0.39251044 0.37009513 -0.06708804
v -0.38934925 0.37570018 -0.06575215
v -0.39091870 0.37211633 -0.05849692
v -0.39530468 0.36729661 -0.05967471
v -0.38782609 0.34194270 -0.09425455
v -0.38326931 0.34510282 -0.09951718
v -0.40724587 0.37701762 -0.08190519
v -0.40901762 0.38873971 -0.07717910
v -0.40699086 0.39635068 -0.08738551
v -0.37769651 0.36465418 -0.10507551
v -0.38179803 0.35961601 -0.09764266
v -0.38052654 0.35467771 -0.10154507
v -0.38476878 0.37326178 -0.08027925
v -0.38752291 0.37225506 -0.07414946
v -0.38716474 0.36796623 -0.07951403
v -0.38379148 0.37054196 -0.08615346
v -0.37894243 0.35437056 -0.14940569
v -0.36646569 0.35050839 -0.14677727
v -0.39955628 0.37335676 -0.03108339
v -0.39957961 0.37702611 -0.03579426
v -0.34910262 0.39443970 -0.18472672
v -0.34195945 0.39450118 -0.17975888
v -0.37249506 0.36995253 -0.11265028
v -0.40126532 0.40299118 -0.09840348
v -0.36593232 0.37458605 -0.11951287
v -0.40021530 0.34300140 -0.10858536
v -0.39362058 0.33796695 -0.10921471
v -0.39564559 0.33615053 -0.10233296
v -0.40237144 0.33834648 -0.10243045
v -0.39878601 0.36207941 -0.04971978
v -0.39431307 0.36642018 -0.04786478
v -0.39604804 0.36233133 -0.04174350
v -0.40049252 0.35853752 -0.04348345
v -0.38825321 0.38152266 -0.06450200
v -0.38964313 0.38748309 -0.06253305
v -0.39168343 0.38355941 -0.05479667
v -0.38978124 0.37784365 -0.05672051
v -0.39424163 0.39147013 -0.06110647
v -0.39636126 0.38720441 -0.05330390
v -0.40551206 0.36124772 -0.05025224
v -0.41088346 0.36582518 -0.04908299
v -0.40926141 0.37132388 -0.06022725
v -0.40275639 0.36658946 -0.06004198
v -0.39320174 0.38172299 -0.14229302
v -0.38902918 0.37523520 -0.14862981
v -0.39355162 0.36603794 -0.13899498
v -0.39763904 0.35649928 -0.12922552
v -0.39813718 0.34736791 -0.11844629
v -0.40509227 0.35477322 -0.11053398
v -0.38825569 0.36035278 -0.14489874
v -0.40151846 0.36785194 -0.07263070
v -0.40635216 0.37438414 -0.07036889
v -0.40720877 0.36827010 -0.07576200
v -0.36318132 0.36814958 -0.12391885
v -0.39886382 0.38091913 -0.04201388
v -0.37799305 0.42811018 -0.14148323
v -0.38374698 0.41943055 -0.14987946
v -0.38818526 0.41318452 -0.14192037
v -0.38075066 0.42423737 -0.13320318
v -0.39287487 0.37198174 -0.04565653
v -0.39416251 0.37749311 -0.04320595
v -0.38325694 0.33966315 -0.10371569
v -0.38774991 0.33785114 -0.09848563
v -0.38984647 0.33456749 -0.10090888
v -0.38633865 0.33482230 -0.10574618
v -0.38403895 0.36914939 -0.15393755
v -0.38695958 0.33154774 -0.12812617
v -0.39599466 0.33614951 -0.12438957
v -0.38475728 0.38270023 -0.15774503
v -0.38899109 0.38975441 -0.15159145
v -0.38548732 0.39617956 -0.15902230
v -0.40728506 0.35998878 -0.09734078
v -0.39633629 0.38759547 -0.13538122
v -0.39147398 0.39581066 -0.14495896
v -0.38729858 0.40381095 -0.15221894
v -0.38383481 0.40963572 -0.15888011
v -0.38209367 0.40117651 -0.16595376
v -0.41221449 0.37255949 -0.04647700
v -0.41118628 0.36254945 -0.04216370
v -0.37844738 0.40638256 -0.17411309
v -0.37388289 0.41229013 -0.18414089
v -0.37575671 0.42129642 -0.17653409
v -0.38040483 0.41517818 -0.16655126
v -0.39272711 0.40226001 -0.13763712
v -0.39239562 0.40919143 -0.13033971
v -0.39812744 0.39380530 -0.12819187
v -0.39833152 0.40125948 -0.11967263
v -0.41153526 0.36997598 -0.09187211
v -0.40746328 0.35147247 -0.03012967
v -0.40675375 0.35560110 -0.03776650
v -0.40141064 0.35490474 -0.03814334
v -0.40291455 0.35036328 -0.03067151
v -0.40635803 0.35842693 -0.04367192
v -0.41099235 0.35960484 -0.03635484
v -0.39500231 0.41017419 -0.10957503
v -0.39182925 0.36547461 -0.07322869
v -0.38508725 0.42008528 -0.11957467
v -0.39004883 0.41713059 -0.09680809
v -0.38242933 0.42471462 -0.10278104
v -0.37081978 0.43311760 -0.12699263
v -0.37216389 0.43206143 -0.11566058
v -0.36658105 0.43803912 -0.14269473
v -0.36880898 0.43489099 -0.13530321
v -0.36319715 0.44378185 -0.15125719
v -0.37259781 0.43268400 -0.10089906
v -0.39590898 0.36458164 -0.02632697
v -0.39512062 0.35888171 -0.02873778
v -0.37515160 0.43241566 -0.14915499
v -0.37138042 0.43852925 -0.15827554
v -0.35344604 0.41028523 -0.08636722
v -0.35652819 0.37436652 -0.12950474
v -0.35914201 0.37914264 -0.12602887
v -0.35317692 0.36138374 -0.14561966
v -0.35286829 0.36817047 -0.13535908
v -0.37583962 0.43044892 -0.16762486
v -0.32311577 0.42066073 -0.16934207
v -0.32430482 0.41242054 -0.17618629
v -0.36844924 0.42842266 -0.18864900
v -0.39932588 0.36809003 -0.02427492
v -0.39765266 0.34772766 -0.08334921
v -0.39827213 0.34646943 -0.08568144
v -0.34950936 0.43082324 -0.08218956
v -0.35336068 0.43051910 -0.07353944
v -0.36495677 0.43538254 -0.07486063
v -0.35793760 0.43468201 -0.07387663
v -0.35504925 0.43676233 -0.08345366
v -0.36368567 0.43729898 -0.08531505
v -0.35108116 0.38433176 -0.13273990
v -0.34986752 0.37976086 -0.13560611
v -0.37426847 0.36215213 -0.15737253
v -0.36234915 0.35819909 -0.15473258
v -0.40061769 0.39234889 -0.06142962
v -0.40449923 0.39466032 -0.07116298
v -0.40641508 0.38950405 -0.06396531
v -0.41099817 0.37879276 -0.05802187
v -0.39747953 0.36664084 -0.07049528
v -0.39978868 0.36927912 -0.06700660
v -0.33968243 0.40439892 -0.12289484
v -0.35049072 0.39482796 -0.11789681
v -0.36432922 0.41096896 -0.07960916
v -0.36626893 0.41410464 -0.07457328
v -0.38273600 0.36549088 -0.09267396
v -0.40974295 0.35529500 -0.08539979
v -0.41253531 0.36358917 -0.08205174
v -0.38631392 0.36172140 -0.08580330
v -0.40840188 0.36612582 -0.02418754
v -0.40369597 0.36864531 -0.02331507
v -0.40980995 0.38335741 -0.06789997
v -0.37834606 0.34891912 -0.10626584
v -0.40538451 0.35087410 -0.09219581
v -0.40443411 0.35004589 -0.08459939
v -0.37880376 0.33247826 -0.12758273
v -0.38003340 0.42414683 -0.15785116
v -0.39644387 0.35827729 -0.03710520
v -0.39743412 0.35299450 -0.03069849
v -0.41051489 0.35528666 -0.02896418
v -0.41107702 0.36114311 -0.02669761
v -0.35748419 0.36592215 -0.16056460
v -0.36085030 0.38259345 -0.12291528
v -0.32800198 0.40561152 -0.18339220
v -0.37208450 0.43310344 -0.08812422
v -0.37175697 0.43175098 -0.07630214
v -0.39004797 0.35819823 -0.07975858
v -0.39640677 0.33865446 -0.11625738
v -0.40674230 0.34814072 -0.10324001
v -0.40823492 0.34286088 -0.09790905
v -0.40762168 0.34626314 -0.09036347
v -0.40351582 0.34558648 -0.08599445
v -0.41074830 0.35151300 -0.02327394
v -0.41117322 0.35715371 -0.02077838
v -0.40861937 0.36193666 -0.01801163
v -0.40389347 0.36441395 -0.01768005
v -0.39969325 0.36398634 -0.01942877
v -0.40793923 0.34801897 -0.02447395
v -0.40351075 0.34724134 -0.02532160
v -0.39829472 0.34984618 -0.02567023
v -0.40786660 0.34481981 -0.01980150
v -0.41077465 0.34769943 -0.01746899
v -0.40734893 0.35486773 -0.00665276
v -0.40890330 0.35747737 -0.01186422
v -0.40989691 0.35371354 -0.01035975
v -0.40959057 0.35202196 -0.00704831
v -0.40942705 0.34919870 -0.00355402
v -0.40666178 0.35131451 -0.00301941
v -0.41104800 0.35135907 -0.01268595
v -0.41121894 0.34857163 -0.00926547
v -0.41073743 0.34500429 -0.01149485
v -0.41095108 0.34222567 -0.00799048
v -0.41142195 0.34561989 -0.00564371
v -0.41086906 0.34795761 -0.01400027
v -0.41132516 0.35370979 -0.01578239
v -0.40696502 0.34706783 -0.00080206
v -0.40940753 0.34677622 -0.00143071
v -0.41083145 0.34333500 -0.00231005
v -0.40821970 0.34212881 -0.00123456
v -0.40424371 0.36054739 -0.01283981
v -0.40384179 0.35596648 -0.00767644
v -0.40351659 0.35134548 -0.00377092
v -0.40390629 0.34664568 -0.00146577
v -0.40048987 0.35470560 -0.00895569
v -0.40102810 0.34973040 -0.00521199
v -0.40165111 0.34564313 -0.00340559
v -0.39819878 0.35142949 -0.01059391
v -0.39951405 0.34715986 -0.00669806
v -0.39717823 0.35714063 -0.01703624
v -0.40008354 0.36026630 -0.01476619
v -0.40062106 0.34484720 -0.00500694
v -0.40522867 0.34160244 -0.00219305
v -0.40966573 0.34290931 -0.01366715
v -0.40938273 0.33999950 -0.00936307
v -0.40738499 0.34129217 -0.01489255
v -0.40694425 0.33870092 -0.01016319
v -0.40910128 0.33895570 -0.00495291
v -0.41093966 0.34071332 -0.00482838
v -0.39646050 0.36074948 -0.02190121
v -0.39613003 0.35508904 -0.02425051
v -0.39666957 0.35164154 -0.01944487
v -0.39746907 0.34652415 -0.01306750
v -0.39903021 0.34691048 -0.02114064
v -0.40370384 0.34426028 -0.02074233
v -0.40408334 0.34109685 -0.01550059
v -0.40014499 0.34263688 -0.01522850
v -0.40398958 0.33894068 -0.01057504
v -0.40122375 0.34042010 -0.01008911
v -0.39955160 0.34354183 -0.00829858
v -0.40365773 0.33888698 -0.00654963
v -0.40636444 0.33833978 -0.00553505
v -0.40283787 0.34172818 -0.00388384
v -0.40197310 0.34014016 -0.00726710
v -0.40121990 0.34237069 -0.00580600
v -0.40016419 0.33808970 -0.04464263
v -0.39893821 0.33304805 -0.04784697
v -0.39876974 0.33832178 -0.05344060
v -0.39983675 0.34324172 -0.05024342
v -0.41309190 0.34251523 -0.04386228
v -0.40737939 0.34373429 -0.04191406
v -0.40787929 0.34854910 -0.04742639
v -0.41362476 0.34700286 -0.04966789
v -0.41576537 0.33752900 -0.04828209
v -0.41632450 0.34172550 -0.05427222
v -0.41340742 0.35251540 -0.05627520
v -0.40737334 0.35384616 -0.05400196
v -0.40409443 0.36166120 -0.06559432
v -0.41042256 0.36150742 -0.06745151
v -0.39445955 0.34692147 -0.07509488
v -0.39911610 0.34389579 -0.07654625
v -0.40291283 0.34171203 -0.04237506
v -0.40296617 0.34664124 -0.04800515
v -0.40228486 0.33622319 -0.06531343
v -0.39822277 0.33900696 -0.06307746
v -0.39994323 0.33379421 -0.05637805
v -0.40369505 0.33094916 -0.05854794
v -0.39482585 0.35802308 -0.06790765
v -0.39337847 0.35262564 -0.07179615
v -0.39896855 0.36038730 -0.06584843
v -0.40825713 0.33594522 -0.06635851
v -0.41382164 0.33965033 -0.06500745
v -0.41220713 0.34875417 -0.07613072
v -0.40620100 0.34423351 -0.07709888
v -0.40201697 0.35210735 -0.05457538
v -0.39703706 0.34393954 -0.06008342
v -0.39816481 0.34883934 -0.05667746
v -0.41611949 0.34695879 -0.06109682
v -0.41379997 0.33455509 -0.05818811
v -0.41016275 0.32157075 -0.04521163
v -0.40932298 0.32684255 -0.05332389
v -0.40431702 0.32595775 -0.05298594
v -0.40557611 0.31999379 -0.04495125
v -0.40874985 0.33099955 -0.05927245
v -0.41377223 0.33075133 -0.05202906
v -0.40055090 0.33092290 -0.03658262
v -0.39977658 0.32584625 -0.03988379
v -0.40310997 0.33471122 -0.03444716
v -0.41482839 0.35618410 -0.07235008
v -0.41261575 0.33606735 -0.03597391
v -0.40714082 0.33670270 -0.03413278
v -0.40028766 0.32850367 -0.05083044
v -0.40127140 0.32172886 -0.04319635
v -0.41400889 0.32546556 -0.04387939
v -0.41546708 0.33175296 -0.04038030
v -0.41392016 0.32067433 -0.03736100
v -0.41516414 0.32629865 -0.03389077
v -0.41276893 0.33044565 -0.02974133
v -0.40741444 0.33142045 -0.02866043
v -0.40368801 0.32978716 -0.02970788
v -0.41060460 0.31723171 -0.03897460
v -0.40652865 0.31614330 -0.03933319
v -0.40229794 0.31787312 -0.03829935
v -0.41087255 0.31260869 -0.03330466
v -0.41415763 0.31523052 -0.03097621
v -0.41153291 0.31669131 -0.01438786
v -0.41192102 0.32115114 -0.01838659
v -0.41401643 0.31843796 -0.01952851
v -0.41439772 0.31521973 -0.01541940
v -0.41324878 0.32466590 -0.02370971
v -0.41440076 0.32045403 -0.02277935
v -0.41513667 0.31801301 -0.02519736
v -0.41569802 0.31498235 -0.02193752
v -0.41465515 0.31160578 -0.02454516
v -0.41537365 0.30824688 -0.02087181
v -0.41663608 0.31157380 -0.01784880
v -0.41461688 0.31482324 -0.02713802
v -0.41472206 0.31204933 -0.01299213
v -0.41222683 0.31161612 -0.01248474
v -0.41540259 0.32124147 -0.02853727
v -0.40812188 0.32692426 -0.02385309
v -0.40810493 0.32194239 -0.01873961
v -0.40819019 0.31627721 -0.01500873
v -0.40897414 0.31069785 -0.01336434
v -0.40453306 0.32008538 -0.02010342
v -0.40536270 0.31453863 -0.01631588
v -0.40667090 0.30991000 -0.01496138
v -0.40205044 0.31672546 -0.02230096
v -0.40361050 0.31191987 -0.01805067
v -0.40159750 0.32266101 -0.02829194
v -0.40415791 0.32583928 -0.02563182
v -0.40527201 0.30938813 -0.01653986
v -0.41399762 0.30676183 -0.01337992
v -0.41062549 0.30615699 -0.01422118
v -0.41692719 0.30843431 -0.01390019
v -0.41302523 0.31000677 -0.02639750
v -0.41339782 0.30643317 -0.02225821
v -0.41116849 0.30820435 -0.02804673
v -0.41159591 0.30467674 -0.02319470
v -0.41426858 0.30445236 -0.01769876
v -0.41609448 0.30610824 -0.01748890
v -0.40128741 0.32650778 -0.03212547
v -0.40065807 0.32196197 -0.03539525
v -0.40077874 0.31808984 -0.03149724
v -0.40127271 0.31223208 -0.02536094
v -0.40268511 0.31442672 -0.03427753
v -0.40702677 0.31221458 -0.03439642
v -0.40773517 0.30771628 -0.02874765
v -0.40371796 0.30897561 -0.02804181
v -0.40848935 0.30457422 -0.02359167
v -0.40512276 0.30573049 -0.02304302
v -0.40322596 0.30841935 -0.02074340
v -0.40858832 0.30375677 -0.01910794
v -0.41163447 0.30338258 -0.01825080
v -0.40771762 0.30625054 -0.01596675
v -0.40620190 0.30481735 -0.01978107
v -0.40554091 0.30681819 -0.01791236
v -0.39840838 0.32167223 -0.06631947
v -0.39537057 0.31807131 -0.06989631
v -0.39532039 0.32265422 -0.07452108
v -0.39819071 0.32609633 -0.07073925
v -0.41055194 0.32248715 -0.06746496
v -0.40737832 0.32359514 -0.06528446
v -0.40719140 0.32863420 -0.06965010
v -0.41094208 0.32805294 -0.07245633
v -0.41175634 0.31882435 -0.07167944
v -0.41188544 0.32423899 -0.07750905
v -0.41064477 0.33335170 -0.07747254
v -0.40622804 0.33370233 -0.07414740
v -0.40395704 0.34082603 -0.08184303
v -0.40912211 0.34075594 -0.08511779
v -0.40299559 0.32321510 -0.06478252
v -0.40263212 0.32790452 -0.06914733
v -0.39556730 0.32214269 -0.08601774
v -0.39337581 0.32432690 -0.08333865
v -0.39505678 0.31917933 -0.07820100
v -0.39726844 0.31708968 -0.08071232
v -0.39379245 0.33942398 -0.08439316
v -0.39088497 0.33642042 -0.08851944
v -0.39851344 0.34042880 -0.08206291
v -0.40104079 0.32145816 -0.08778074
v -0.40771800 0.32409352 -0.08743027
v -0.40501362 0.33192587 -0.09574349
v -0.39815512 0.33010638 -0.09592889
v -0.40126875 0.33272883 -0.07363647
v -0.39339578 0.32776058 -0.07938790
v -0.39655009 0.33111379 -0.07544816
v -0.41142252 0.32946652 -0.08324987
v -0.40834042 0.31921750 -0.08166090
v -0.40438980 0.30490145 -0.06904605
v -0.40304890 0.31188858 -0.07718579
v -0.39776742 0.31196970 -0.07619846
v -0.39962929 0.30462012 -0.06858040
v -0.40221712 0.31648928 -0.08240639
v -0.40867203 0.31427297 -0.07569413
v -0.39869657 0.31439313 -0.05960986
v -0.39605713 0.31076792 -0.06307381
v -0.40289265 0.31598899 -0.05809361
v -0.40997714 0.33681551 -0.09131344
v -0.39227527 0.33044964 -0.09461091
v -0.41013318 0.31508651 -0.05986118
v -0.40709311 0.31627932 -0.05811767
v -0.39499864 0.31429639 -0.07382618
v -0.39621732 0.30692291 -0.06671679
v -0.40920374 0.30739701 -0.06749308
v -0.41178194 0.31186703 -0.06383690
v -0.40957215 0.30238390 -0.06213062
v -0.41173804 0.30676508 -0.05837065
v -0.41041079 0.30994537 -0.05427200
v -0.40690935 0.31120026 -0.05300519
v -0.40285468 0.31096527 -0.05368669
v -0.40503997 0.29997554 -0.06341454
v -0.40091449 0.30012891 -0.06321511
v -0.39737371 0.30277255 -0.06212085
v -0.40534562 0.29618567 -0.05947661
v -0.40953586 0.29799062 -0.05715883
v -0.40966344 0.29729432 -0.04046965
v -0.40958372 0.30123934 -0.04392722
v -0.41052762 0.29932708 -0.04540484
v -0.41124055 0.29607201 -0.04202256
v -0.41054684 0.30489668 -0.04921089
v -0.41094533 0.30162895 -0.04842781
v -0.41150752 0.29983497 -0.05139297
v -0.41191557 0.29668462 -0.04828167
v -0.40989304 0.29423568 -0.05169952
v -0.41039512 0.29099077 -0.04847607
v -0.41229710 0.29338777 -0.04490671
v -0.41054466 0.29724509 -0.05373242
v -0.41149113 0.29338497 -0.04030000
v -0.40995559 0.29329997 -0.03896703
v -0.41162351 0.30259958 -0.05411968
v -0.40680438 0.30705571 -0.04859012
v -0.40654185 0.30264375 -0.04381374
v -0.40663147 0.29781350 -0.04013871
v -0.40678948 0.29346308 -0.03916025
v -0.40287149 0.30232468 -0.04515085
v -0.40325695 0.29757243 -0.04156044
v -0.40368402 0.29373315 -0.04062214
v -0.39979628 0.30092421 -0.04748431
v -0.40083256 0.29639575 -0.04368675
v -0.39956596 0.30571625 -0.05228788
v -0.40282619 0.30702510 -0.04992601
v -0.40197876 0.29385176 -0.04235682
v -0.41013095 0.28947783 -0.04114009
v -0.40668663 0.28920993 -0.04156721
v -0.41226527 0.29070616 -0.04220462
v -0.40822867 0.29312184 -0.05381694
v -0.40835401 0.28982145 -0.04998967
v -0.40520528 0.29248983 -0.05494359
v -0.40572003 0.28920859 -0.05050668
v -0.40915775 0.28811175 -0.04593825
v -0.41090655 0.28925759 -0.04562311
v -0.39929038 0.30954590 -0.05578040
v -0.39706576 0.30662951 -0.05911924
v -0.39754450 0.30305463 -0.05545913
v -0.39797929 0.29792979 -0.05042182
v -0.39788947 0.29956776 -0.05840796
v -0.40134820 0.29694176 -0.05926082
v -0.40191942 0.29300377 -0.05475047
v -0.39880833 0.29486734 -0.05350131
v -0.40283537 0.28974432 -0.05036867
v -0.40017149 0.29117629 -0.04919195
v -0.39946026 0.29376531 -0.04632205
v -0.40358353 0.28847992 -0.04637541
v -0.40638632 0.28771907 -0.04623693
v -0.40371385 0.29018718 -0.04264569
v -0.40155214 0.28986913 -0.04652286
v -0.40153250 0.29158124 -0.04401858
v -0.39063272 0.33308890 -0.09231269
v -0.38866174 0.31123886 -0.09855133
v -0.38585436 0.30986518 -0.10148877
v -0.38570184 0.31411213 -0.10402274
v -0.38844237 0.31552240 -0.10136303
v -0.39999434 0.31025714 -0.10038643
v -0.39705521 0.31164494 -0.09741639
v -0.39712036 0.31658942 -0.10032728
v -0.40048456 0.31537250 -0.10366423
v -0.39916956 0.30759028 -0.10550790
v -0.39966410 0.31257010 -0.10907142
v -0.39982432 0.32145885 -0.10701507
v -0.39624256 0.32232517 -0.10336481
v -0.39432457 0.33101133 -0.10839427
v -0.39819995 0.33112675 -0.11256377
v -0.38054499 0.32923958 -0.12352771
v -0.37823680 0.33120778 -0.11960205
v -0.38052222 0.32504553 -0.11556217
v -0.38181326 0.32346296 -0.11966109
v -0.39276081 0.31175393 -0.09707856
v -0.39254117 0.31641197 -0.09982939
v -0.38403761 0.31506121 -0.11394899
v -0.38296109 0.31669304 -0.11009938
v -0.38446942 0.31220302 -0.10738741
v -0.38537648 0.31036159 -0.11082453
v -0.37841499 0.33302617 -0.11481827
v -0.38113701 0.33461848 -0.10989530
v -0.38482234 0.32902607 -0.10858831
v -0.38162532 0.32683674 -0.11159071
v -0.38889441 0.32986662 -0.10748035
v -0.38785285 0.31453624 -0.11649491
v -0.39379510 0.31566915 -0.11622083
v -0.39139208 0.32496738 -0.12300773
v -0.38565862 0.32332397 -0.12221244
v -0.39150816 0.32151189 -0.10276648
v -0.38427061 0.31869775 -0.10656205
v -0.38743764 0.32056519 -0.10374101
v -0.39913243 0.31863624 -0.11274713
v -0.39472333 0.31013629 -0.11246100
v -0.38938513 0.29903185 -0.10584244
v -0.38930255 0.30503201 -0.11022101
v -0.38537079 0.30594036 -0.10857962
v -0.38578174 0.29991540 -0.10477076
v -0.38908023 0.30947387 -0.11299896
v -0.39459831 0.30552506 -0.10918109
v -0.38888550 0.30542111 -0.09454504
v -0.38587508 0.30415377 -0.09786366
v -0.39273950 0.30588183 -0.09316732
v -0.39797723 0.32862061 -0.11906114
v -0.39947996 0.30413002 -0.09590943
v -0.39659452 0.30548999 -0.09330241
v -0.38465813 0.30790251 -0.10503507
v -0.38475063 0.30198413 -0.10165988
v -0.39439097 0.29955131 -0.10459518
v -0.39872819 0.30174482 -0.10086474
v -0.39448696 0.29460135 -0.10083929
v -0.39884925 0.29689255 -0.09719248
v -0.39932185 0.29950106 -0.09226862
v -0.39656046 0.30123138 -0.08998424
v -0.39281526 0.30186477 -0.09052247
v -0.38957894 0.29414704 -0.10210082
v -0.38648862 0.29551908 -0.10118107
v -0.38556865 0.29797649 -0.09872922
v -0.39016473 0.29047978 -0.09853120
v -0.39505365 0.29019442 -0.09683941
v -0.39729548 0.28789407 -0.08185388
v -0.39778572 0.29153511 -0.08432065
v -0.39839211 0.28996548 -0.08604084
v -0.39856157 0.28704518 -0.08353058
v -0.39883614 0.29495865 -0.08880821
v -0.39889458 0.29217932 -0.08874178
v -0.39849842 0.29099202 -0.09184703
v -0.39872652 0.28823185 -0.08932161
v -0.39620182 0.28639540 -0.09220614
v -0.39604372 0.28320459 -0.08959746
v -0.39916071 0.28500637 -0.08677739
v -0.39682290 0.28908235 -0.09391698
v -0.39879391 0.28455758 -0.08220658
v -0.39726126 0.28428206 -0.08084689
v -0.39868182 0.29331768 -0.09399819
v -0.39629328 0.29722548 -0.08722827
v -0.39579245 0.29275134 -0.08353740
v -0.39519995 0.28810599 -0.08097491
v -0.39445987 0.28418535 -0.08063975
v -0.39302787 0.29354292 -0.08449860
v -0.39265767 0.28862631 -0.08172369
v -0.39216161 0.28494611 -0.08155857
v -0.38988695 0.29361850 -0.08648032
v -0.39031771 0.28877482 -0.08352976
v -0.38960657 0.29814041 -0.08995780
v -0.39309838 0.29816192 -0.08790348
v -0.39073497 0.28584826 -0.08260733
v -0.39627737 0.28117421 -0.08329377
v -0.39342862 0.28156295 -0.08289224
v -0.39877775 0.28217739 -0.08469924
v -0.39369237 0.28594503 -0.09395367
v -0.39360365 0.28225538 -0.09040585
v -0.39039764 0.28662848 -0.09481138
v -0.39078757 0.28270054 -0.09036647
v -0.39449745 0.28050488 -0.08691518
v -0.39656159 0.28126720 -0.08741787
v -0.38925618 0.30155984 -0.09228113
v -0.38651124 0.30023146 -0.09541075
v -0.38679928 0.29690263 -0.09298736
v -0.38728550 0.29248920 -0.08938846
v -0.38581830 0.29454464 -0.09597144
v -0.38698873 0.29206306 -0.09809038
v -0.38764375 0.28774786 -0.09402508
v -0.38620588 0.29003784 -0.09205174
v -0.38865829 0.28397441 -0.08949868
v -0.38755801 0.28582108 -0.08789419
v -0.38826963 0.28781408 -0.08570363
v -0.39015627 0.28241450 -0.08571710
v -0.39198634 0.28096804 -0.08624882
v -0.39133081 0.28294516 -0.08308876
v -0.38906282 0.28391862 -0.08546449
v -0.38976946 0.28469199 -0.08377472
v -0.38397759 0.32836893 -0.12530497
v -0.37634709 0.42499465 -0.06546101
v -0.37593055 0.41965139 -0.06537145
v -0.35947326 0.41809449 -0.06335500
v -0.36590609 0.41509324 -0.06397790
v -0.35606861 0.42416382 -0.06303921
v -0.36068460 0.43340415 -0.06298053
v -0.35703731 0.42967018 -0.06269273
v -0.37246990 0.41578603 -0.06469770
v -0.37366349 0.43090373 -0.06478685
v -0.36711740 0.43444300 -0.06384371
v -0.37643152 0.43080360 -0.05437857
v -0.36975285 0.43458766 -0.05303390
v -0.36253402 0.43355277 -0.05231932
v -0.35852578 0.42923301 -0.05343717
v -0.35738993 0.42382735 -0.05505693
v -0.37929600 0.42473906 -0.05611116
v -0.37820607 0.41922304 -0.05724278
v -0.37318808 0.41581488 -0.05744417
v -0.38182634 0.42466569 -0.04694049
v -0.37986672 0.43032461 -0.04213715
v -0.36807314 0.43072683 -0.02935627
v -0.36608374 0.43142933 -0.03461757
v -0.36991942 0.43319863 -0.03375798
v -0.37112063 0.43332925 -0.02951729
v -0.36562067 0.43282801 -0.04089013
v -0.36976400 0.43350857 -0.03699172
v -0.37457556 0.43364295 -0.03732142
v -0.37561533 0.43397635 -0.03391430
v -0.37894699 0.43236563 -0.03753760
v -0.38096091 0.43210077 -0.03451829
v -0.37661284 0.43455780 -0.02956358
v -0.37290648 0.43318877 -0.02581811
v -0.37728590 0.43362623 -0.02552512
v -0.37135327 0.43060082 -0.02488059
v -0.37303230 0.43347508 -0.04224125
v -0.36048147 0.42891726 -0.04438126
v -0.36310217 0.42808521 -0.03628384
v -0.36630097 0.42711830 -0.02953881
v -0.37116200 0.42652598 -0.02501547
v -0.36246607 0.42297998 -0.03798503
v -0.36697647 0.42262763 -0.03095332
v -0.37124756 0.42301583 -0.02739987
v -0.36578241 0.41853100 -0.03969379
v -0.36965352 0.41969922 -0.03265008
v -0.36186594 0.41834319 -0.04956222
v -0.35899141 0.42358357 -0.04709865
v -0.37196645 0.42088246 -0.02941391
v -0.37708601 0.43023998 -0.02299562
v -0.37651700 0.42580146 -0.02417359
v -0.38304302 0.42857251 -0.03612360
v -0.38171360 0.43226162 -0.03042150
v -0.38380232 0.42840451 -0.03077318
v -0.38358647 0.42414621 -0.03854065
v -0.38353872 0.42413723 -0.03170541
v -0.38232097 0.42909676 -0.02608097
v -0.38148385 0.43259114 -0.02672970
v -0.36007780 0.41849089 -0.05657184
v -0.36618522 0.41567117 -0.05712351
v -0.36845261 0.41546410 -0.05048679
v -0.37132308 0.41605020 -0.04113179
v -0.37546158 0.41573852 -0.05058503
v -0.38091734 0.41931570 -0.04934609
v -0.38205338 0.41955912 -0.04005207
v -0.37756729 0.41641074 -0.04106462
v -0.38172540 0.42051375 -0.03272761
v -0.37807772 0.41839102 -0.03373006
v -0.37362972 0.41830587 -0.03356157
v -0.37959248 0.42178187 -0.02846530
v -0.38149291 0.42493093 -0.02669853
v -0.37572524 0.42266703 -0.02672490
v -0.37769273 0.42010522 -0.03020780
v -0.37482139 0.42050982 -0.02954045
v -0.37478638 0.33479559 -0.12272371
v -0.37470338 0.33785206 -0.11708765
v -0.37108225 0.34264988 -0.12189068
v -0.36607218 0.34783030 -0.12780221
v -0.36383495 0.34880200 -0.13811184
v -0.36706334 0.35296598 -0.12299059
v -0.37208414 0.34741777 -0.11722827
v -0.37740886 0.34152341 -0.11061257
v -0.36442906 0.36171475 -0.12360589
v -0.01691101 1.09297514 -0.09720670
v -0.01407395 1.09432268 -0.09516095
v -0.01608361 1.08662224 -0.09685224
v -0.01848054 1.08666229 -0.09893972
v -0.00916060 1.08728647 -0.09357764
v -0.01326168 1.08674359 -0.09467129
v -0.00952038 1.09527874 -0.09355193
v -0.00416734 1.09518480 -0.09324598
v 0.00393578 1.09137106 -0.09480175
v 0.00565145 1.09004354 -0.09428120
v 0.00477227 1.08909011 -0.09379108
v 0.00246957 1.08891082 -0.09383033
v -0.00134444 1.08831859 -0.09312567
v -0.02103925 1.08876896 -0.10211028
v -0.02027702 1.09017801 -0.10104607
v -0.01887676 1.09166789 -0.09919393
v -0.00520617 1.08780718 -0.09297225
v -0.02019389 1.08702803 -0.10080725
v -0.02102264 1.08764982 -0.10202357
v 0.00046274 1.09393668 -0.09410942
v -0.00948898 1.08972335 -0.09376261
v -0.01335394 1.08922148 -0.09513730
v -0.00976506 1.09254956 -0.09373304
v -0.00512687 1.09272933 -0.09316695
v 0.00074789 1.09003615 -0.09366886
v -0.00181977 1.09009647 -0.09318970
v -0.01619862 1.08873272 -0.09703906
v -0.00547410 1.09004951 -0.09316581
v -0.01379667 1.09177923 -0.09524317
v -0.00112689 1.09213567 -0.09345004
v 0.00131711 1.09121871 -0.09398755
v -0.02034612 1.08874416 -0.10137041
v -0.02035169 1.08830166 -0.10130955
v -0.00358140 0.84679985 -0.10254729
v -0.00844990 0.83147389 -0.09197751
v -0.01646722 1.09086275 -0.09721123
v -0.01956893 1.08833647 -0.10035044
v -0.01821228 1.08849406 -0.09883381
v -0.01833899 1.09010458 -0.09909917
v -0.01962036 1.08934522 -0.10053846
v -0.17341764 0.67547756 -0.24477014
v -0.18464831 0.68419170 -0.25373235
v -0.19185078 0.69581217 -0.31103331
v -0.18057191 0.69612330 -0.33296630
v -0.05995002 0.53441924 -0.02390435
v -0.02922347 0.58211553 -0.24884465
v -0.02776729 0.59835196 -0.25625506
v 0.05631244 0.59968221 -0.24606237
v 0.03589788 0.59505481 -0.25401911
v -0.10241462 0.56588483 -0.14614835
v -0.10159913 0.58360696 -0.14984626
v -0.08433839 0.55714625 -0.07282689
v -0.08542240 0.57927430 -0.07639430
v -0.10284714 0.54370779 -0.11804691
v 0.00418157 0.55153131 -0.24901199
v -0.01767085 0.55054736 -0.24834242
v -0.01180874 0.56938547 -0.24994400
v 0.00980501 0.57151586 -0.25225976
v 0.07352318 0.60318428 -0.23288944
v 0.06966335 0.58055556 -0.22907820
v -0.09808200 0.60191429 -0.18225452
v -0.08745573 0.60246289 -0.20937136
v -0.05122820 0.60800207 -0.25146744
v -0.02851322 0.61349636 -0.26391646
v -0.00528784 0.62182879 -0.26901263
v 0.01784948 0.63085705 -0.26892471
v -0.07753835 0.60221940 -0.05881584
v -0.06581060 0.62650388 -0.04541592
v -0.10160870 0.60223174 -0.15400997
v -0.02605533 0.60582697 -0.00514288
v 0.04160839 0.65979820 -0.27223748
v 0.06453075 0.66691500 -0.26365069
v -0.07160341 0.60440814 -0.23285410
v -0.03202146 0.78677380 -0.07458463
v -0.04926167 0.78701729 -0.08442588
v -0.05184930 0.77214658 -0.07425559
v -0.03431445 0.77090478 -0.06554729
v -0.06778605 0.77094251 -0.08414379
v -0.08241320 0.76839495 -0.09500001
v -0.09527978 0.76496559 -0.10603409
v -0.12221501 0.75097805 -0.13767372
v -0.11507567 0.75619853 -0.12747017
v -0.12938093 0.73571515 -0.15749761
v -0.12722239 0.74431700 -0.14761448
v -0.12711069 0.72472399 -0.16774979
v -0.12047983 0.71246725 -0.17950550
v -0.11436541 0.70797443 -0.20145336
v -0.11400170 0.69952971 -0.19322667
v -0.11917310 0.70355773 -0.17022014
v -0.12451733 0.71664798 -0.15842292
v -0.12656355 0.72737312 -0.14794871
v -0.02136135 0.70472646 -0.03918220
v -0.01923698 0.72914523 -0.04453616
v 0.00152137 0.86146039 -0.11226892
v -0.24095109 0.48191458 -0.30394652
v -0.33089411 0.47278249 -0.18613487
v 0.06701689 0.86829972 -0.26340070
v 0.04981898 0.86992002 -0.27530965
v -0.01410056 0.87106079 -0.29796484
v -0.03969687 0.87690377 -0.29305723
v 0.01164754 0.86593008 -0.29596356
v 0.03397486 0.86110789 -0.28851995
v -0.10067366 0.62111914 -0.13073826
v 0.05841035 0.83069468 -0.28056410
v 0.03665704 0.84818083 -0.29147694
v 0.01393822 0.85248220 -0.30020490
v -0.01376178 0.85677087 -0.30535528
v -0.04616251 0.86179978 -0.30374518
v -0.06588755 0.85442084 -0.30542025
v -0.07973532 0.82618332 -0.31820139
v -0.09216573 0.81997973 -0.31946915
v -0.10442283 0.81248051 -0.32114509
v -0.11964615 0.82534713 -0.31245121
v -0.10705756 0.83419818 -0.31067756
v -0.15973169 0.72555542 -0.33468911
v -0.16155434 0.70883632 -0.33949432
v -0.15644857 0.69526470 -0.34463969
v -0.14758791 0.68468565 -0.34711528
v -0.13523649 0.67799723 -0.34615913
v -0.12183771 0.67574525 -0.34142503
v -0.10965834 0.67974991 -0.33418593
v -0.08693249 0.70275885 -0.31410950
v -0.08229820 0.71218187 -0.30919889
v -0.06502914 0.70253164 -0.30275217
v -0.06055224 0.69795007 -0.30180570
v -0.04261608 0.68254572 -0.29609853
v -0.03245210 0.67356414 -0.29220358
v -0.02145629 0.66206342 -0.28782824
v -0.01475451 0.45185524 -0.25282475
v -0.03645485 0.45501435 -0.24865714
v -0.03326900 0.47250271 -0.24461186
v -0.01123828 0.46909142 -0.24716875
v 0.03714936 0.50563359 -0.23551145
v 0.05813667 0.50399202 -0.22588286
v -0.09355228 0.47528422 -0.20847270
v -0.10630311 0.47212502 -0.18613282
v -0.05493598 0.47496587 -0.23781452
v -0.07546094 0.47603232 -0.22594717
v -0.11175912 0.46606970 -0.16042247
v -0.08118465 0.43223032 -0.06711859
v -0.06657454 0.42555225 -0.04666825
v -0.03302176 0.41594189 -0.01525398
v -0.01542942 0.41393346 -0.00525451
v -0.11130146 0.45829153 -0.13527285
v -0.05038513 0.41987276 -0.02881899
v -0.10539005 0.44862014 -0.11222795
v -0.09438517 0.43976033 -0.08947071
v 0.01645190 0.50686103 -0.24226600
v 0.01248129 0.48512876 -0.24311647
v -0.00818823 0.48781312 -0.24613017
v 0.07080960 0.73006618 -0.27557033
v 0.05525536 0.72919613 -0.28808603
v 0.03928212 0.72984999 -0.30023035
v 0.02401637 0.75065637 -0.30952919
v 0.02132976 0.73220325 -0.30812040
v 0.00337019 0.73583519 -0.31176931
v 0.00500449 0.75312322 -0.31299147
v -0.03052012 0.75491351 -0.31996337
v -0.03003296 0.74184084 -0.31586131
v -0.04207136 0.74166560 -0.31952220
v -0.04263362 0.75437617 -0.32289350
v -0.05255399 0.74180210 -0.32175127
v -0.06299111 0.74063909 -0.32252255
v -0.07310366 0.73839581 -0.32225600
v -0.08237851 0.73148286 -0.32587293
v -0.09058487 0.75134015 -0.33486608
v -0.07920959 0.75712848 -0.33296973
v -0.03286292 0.76964635 -0.32232428
v -0.01587189 0.76999843 -0.31846848
v 0.07071394 0.76729286 -0.27909279
v 0.08384804 0.76749748 -0.26608348
v -0.10812194 0.68925220 -0.21176699
v -0.10122897 0.68064857 -0.23227361
v -0.09373174 0.67550451 -0.25134879
v -0.08414350 0.67412651 -0.26808208
v -0.07385243 0.67656511 -0.28076336
v -0.06185580 0.68112606 -0.29092965
v -0.05546654 0.69330037 -0.30047873
v -0.04980692 0.68838996 -0.29862019
v -0.04664274 0.70246440 -0.30630377
v -0.03868812 0.69795293 -0.30456778
v -0.02907834 0.70968080 -0.30935502
v -0.02026096 0.72337848 -0.31227759
v -0.01495432 0.73882902 -0.31373003
v -0.01376251 0.75440699 -0.31620440
v 0.00275667 0.77057976 -0.31436351
v 0.02171286 0.76952547 -0.31018847
v 0.03604354 0.78677911 -0.30441830
v 0.03037578 0.80424929 -0.30381563
v 0.04028033 0.76837176 -0.30373403
v 0.04221381 0.74904913 -0.30193785
v -0.00907532 0.90255481 -0.27246839
v 0.01471206 0.89959073 -0.27223554
v -0.11206508 0.69587731 -0.33840612
v -0.10704499 0.69407505 -0.33511570
v -0.10839774 0.68850696 -0.33498058
v -0.11719962 0.68745875 -0.34008834
v -0.12690254 0.69028562 -0.34405884
v -0.12606493 0.70661378 -0.34374270
v -0.11954058 0.69979048 -0.34184387
v -0.13599087 0.69671261 -0.34597585
v -0.14311101 0.70606995 -0.34494320
v -0.13219820 0.71508455 -0.34363851
v -0.14750424 0.71686852 -0.34212455
v -0.13692127 0.72390360 -0.34222522
v -0.14770603 0.72881281 -0.33902964
v -0.13959023 0.73088181 -0.34045210
v -0.11675870 0.76003379 -0.33830968
v -0.12605776 0.74973637 -0.33927760
v -0.13424192 0.73913652 -0.33988458
v -0.09204368 0.72340447 -0.33078608
v -0.10181488 0.71602613 -0.33569682
v -0.11069461 0.70806235 -0.33967170
v -0.11646370 0.71567535 -0.34184200
v -0.10687972 0.72391182 -0.33892253
v -0.09641396 0.73177868 -0.33541784
v 0.07186721 0.74957645 -0.27755085
v 0.05771483 0.74904722 -0.29002711
v -0.05405757 0.75315171 -0.32552001
v -0.06421395 0.75145638 -0.32686999
v -0.07467086 0.74742728 -0.32781544
v -0.08553468 0.74026078 -0.33136001
v -0.06864823 0.76190358 -0.33081576
v -0.05766579 0.76528269 -0.32859549
v -0.04559276 0.76766568 -0.32583883
v 0.05628160 0.76745135 -0.29209247
v 0.08487732 0.75033969 -0.26510617
v -0.14775130 0.80279887 -0.22793776
v -0.15206046 0.82133824 -0.24776322
v -0.14913760 0.83150941 -0.27274051
v -0.13703236 0.83287340 -0.29662153
v -0.17389981 0.54126698 -0.30878112
v 0.06502546 0.55637258 -0.22545251
v 0.06112471 0.53089684 -0.22403944
v 0.04110277 0.53079247 -0.23465171
v 0.08201974 0.67129481 -0.24991590
v 0.08480533 0.73168278 -0.26342955
v -0.10563951 0.73500836 -0.09727389
v -0.09646716 0.73818940 -0.08733405
v -0.09584176 0.75190485 -0.09600961
v -0.10566176 0.74838251 -0.10650158
v -0.11837637 0.72891921 -0.11794013
v -0.11288143 0.73213738 -0.10761827
v -0.11383153 0.74480486 -0.11703897
v -0.12017933 0.74058247 -0.12737073
v -0.12217378 0.72445899 -0.12791231
v -0.12475815 0.73518682 -0.13751075
v -0.11199067 0.71770167 -0.09952879
v -0.10577167 0.72035658 -0.08903213
v -0.09657649 0.72372437 -0.07985228
v -0.11973564 0.71240413 -0.11948249
v -0.11655105 0.71535778 -0.10991146
v 0.01604434 0.96780503 -0.08454560
v 0.01548190 0.97497672 -0.06965734
v 0.02148085 1.02103662 -0.05814242
v 0.02196500 1.02561235 -0.06042156
v 0.00903653 0.88448054 -0.12515177
v 0.01039402 0.89517182 -0.12688586
v -0.01784122 0.75002581 -0.05108222
v -0.01447202 0.78438056 -0.06653851
v -0.01320576 0.79994571 -0.07455063
v -0.01145482 0.81574160 -0.08294126
v 0.00555695 0.87378567 -0.11982179
v -0.01614969 0.76773340 -0.05850378
v -0.09973430 0.28618979 -0.22910038
v -0.07851980 0.26663038 -0.24246153
v -0.08122551 0.29586864 -0.24553335
v -0.06568526 0.28185141 -0.25433984
v -0.09299811 0.36720678 -0.23251304
v -0.09208789 0.34017339 -0.23525310
v -0.09347264 0.39526823 -0.23215032
v -0.04341353 0.27253678 -0.26184875
v -0.01671000 0.26769331 -0.26465473
v -0.01040856 0.28878206 -0.27271816
v -0.07106972 0.39170882 -0.25072750
v -0.07196325 0.36513138 -0.25164032
v -0.06981362 0.30245450 -0.25444078
v -0.08894886 0.31590748 -0.23912606
v -0.07108965 0.31739318 -0.25429830
v -0.03622948 0.29141614 -0.26931506
v -0.05669608 0.29673520 -0.26198485
v 0.02808754 0.44602406 -0.25048447
v 0.05301178 0.42584640 -0.25283921
v 0.02641802 0.42682531 -0.25940895
v -0.05850025 0.45819390 -0.23991421
v -0.04083791 0.43604401 -0.25495967
v -0.05307212 0.31495795 -0.26558873
v -0.03112168 0.31287646 -0.27448073
v -0.00501829 0.31186801 -0.27870044
v -0.00010478 0.38490981 -0.27611342
v -0.00054253 0.36129141 -0.27995446
v -0.02597816 0.36127430 -0.27569515
v -0.02472400 0.38633049 -0.27260819
v -0.04487967 0.41395855 -0.26068056
v -0.04794592 0.38845915 -0.26419780
v 0.00092899 0.40810364 -0.27000201
v -0.02258677 0.41084820 -0.26743093
v -0.01868008 0.43285549 -0.26028991
v -0.04973277 0.36207545 -0.26613078
v 0.02694893 0.33604074 -0.27885032
v -0.00153782 0.33643529 -0.28099665
v 0.05522482 0.33612239 -0.26929453
v 0.00367621 0.42954212 -0.26211438
v 0.00658926 0.44880861 -0.25298211
v 0.00931525 0.46673304 -0.24588984
v 0.02031943 0.53008968 -0.24141279
v -0.12685588 0.06535863 -0.04020536
v 0.02490668 0.22271919 -0.09773436
v 0.03321223 0.22547388 -0.12189573
v -0.14386797 0.32743374 -0.12249297
v -0.12950078 0.30766574 -0.19244611
v -0.10864466 0.31263641 -0.21915367
v -0.01654926 0.23497009 -0.04200494
v 0.00309072 0.22585118 -0.05924460
v -0.13629128 0.31829768 -0.09080812
v -0.09565883 0.27619740 -0.04205376
v 0.01574612 0.22226670 -0.07812011
v -0.07169769 0.33940396 -0.25274497
v -0.05122886 0.33700159 -0.26672176
v -0.02801255 0.33623666 -0.27653363
v 0.02387464 0.31217071 -0.27601475
v 0.05292828 0.31411636 -0.26601660
v -0.01393797 0.27390736 -0.01343003
v -0.01118083 0.28448352 -0.00964592
v -0.00312662 0.28053883 -0.00660089
v -0.00201214 0.26449072 -0.01163143
v -0.07947300 0.41152936 -0.06650336
v -0.06255082 0.40408927 -0.04731855
v -0.02833330 0.39489985 -0.01856869
v -0.01186942 0.39251965 -0.00918763
v -0.11579768 0.44048238 -0.13448985
v -0.04544003 0.39882499 -0.03098571
v -0.10945240 0.43032128 -0.11114919
v -0.09598925 0.42004669 -0.08824819
v -0.13168442 -0.40092570 -0.12655781
v -0.13529044 -0.42980951 -0.12164402
v -0.13568085 -0.42894226 -0.13696091
v -0.12892909 -0.39967388 -0.14136086
v -0.14251171 -0.39388102 -0.17008054
v -0.13207847 -0.39723736 -0.16182780
v -0.15645140 -0.39203769 -0.17260534
v -0.15783964 -0.42401785 -0.17154562
v -0.16998784 -0.42338413 -0.16490197
v -0.17020479 -0.39166027 -0.16837570
v -0.18043299 -0.39128727 -0.15943524
v -0.18761916 -0.42257088 -0.14547864
v -0.18959585 -0.42164510 -0.12669875
v -0.19064981 -0.39180785 -0.12877066
v -0.18759724 -0.39117485 -0.14749402
v -0.18740350 -0.39616066 -0.10760689
v -0.18698445 -0.42434961 -0.10609061
v -0.17323482 -0.40044886 -0.09544413
v -0.13800243 -0.40262264 -0.11081186
v -0.13990213 -0.43030351 -0.10444772
v -0.14398840 -0.42561215 -0.16966027
v -0.13603169 -0.42783779 -0.15850046
v -0.12780902 -0.39923126 -0.15173569
v -0.13579297 -0.42840618 -0.14743102
v -0.13674822 -0.45771629 -0.13103881
v -0.13296007 -0.45732242 -0.11444560
v -0.14487825 -0.45531386 -0.16880867
v -0.14165261 -0.45631367 -0.15450191
v -0.16862662 -0.45336610 -0.16183665
v -0.15781429 -0.45394558 -0.17220068
v -0.19096139 -0.45180279 -0.14448676
v -0.18001115 -0.42294484 -0.15657741
v -0.18117546 -0.45281011 -0.15466073
v -0.19421914 -0.44939166 -0.12546724
v -0.19037177 -0.44994158 -0.10215837
v -0.13825287 -0.45567805 -0.09533659
v -0.13999720 -0.45727450 -0.14279562
v -0.22427249 -0.53469962 0.06311652
v -0.21735635 -0.53580326 0.06594074
v -0.21763203 -0.53046149 0.06418595
v -0.22225365 -0.53030747 0.06250441
v -0.18486334 -0.53686661 0.07969010
v -0.17240326 -0.54152161 0.07948372
v -0.17295071 -0.52895576 0.08090562
v -0.18149626 -0.52661818 0.08107278
v -0.20316112 -0.53684074 0.07690018
v -0.21116266 -0.53632122 0.07494830
v -0.20914286 -0.54007894 0.07204986
v -0.20403069 -0.54025966 0.07320894
v -0.24239907 -0.53259951 0.02734517
v -0.24767038 -0.53253263 0.02366319
v -0.24666646 -0.53671604 0.02254875
v -0.24281415 -0.53740090 0.02462460
v -0.23152095 -0.53550059 0.04905404
v -0.23744965 -0.53559178 0.04518416
v -0.23580152 -0.53940970 0.04355606
v -0.23227620 -0.54029793 0.04583514
v -0.18170537 -0.52246839 0.05742822
v -0.18306546 -0.52313894 0.07225819
v -0.16920024 -0.52647871 0.07201855
v -0.16560525 -0.52234620 0.05724032
v -0.16308597 -0.53708822 0.06901130
v -0.17199105 -0.54225987 0.06503329
v -0.16884835 -0.54314846 0.05024524
v -0.15952909 -0.53521901 0.05286719
v -0.18520465 -0.54161972 0.06546506
v -0.18383375 -0.54230744 0.05145763
v -0.19102767 -0.53340262 0.05445744
v -0.19401017 -0.53231889 0.07000372
v -0.21055460 -0.53111726 0.05377392
v -0.21491048 -0.53355795 0.06599168
v -0.20845127 -0.52767187 0.06788060
v -0.20481083 -0.52349728 0.05523945
v -0.20032385 -0.52840012 0.07027707
v -0.19326374 -0.52488595 0.05824855
v -0.19110987 -0.53569597 0.05694814
v -0.19466615 -0.53572172 0.07136226
v -0.19985271 -0.54073125 0.06647025
v -0.19614708 -0.54091769 0.05277934
v -0.20537391 -0.53979915 0.05152663
v -0.20916292 -0.54032069 0.06429850
v -0.22147575 -0.52319080 0.04456933
v -0.22236416 -0.52829736 0.05622864
v -0.21471751 -0.52883464 0.05838792
v -0.21090463 -0.52456754 0.04857784
v -0.21122196 -0.53717190 0.05939014
v -0.21702531 -0.54029959 0.05675544
v -0.21372974 -0.53982669 0.04601586
v -0.20847598 -0.53539938 0.04949842
v -0.22335914 -0.53829390 0.04325284
v -0.22461033 -0.54004055 0.05476665
v -0.22738355 -0.52971214 0.04467709
v -0.22832450 -0.53356427 0.05513790
v -0.24108690 -0.53011078 0.02737817
v -0.24025419 -0.53432947 0.03747369
v -0.23667285 -0.52871138 0.03909969
v -0.23711887 -0.52296811 0.02840903
v -0.23078367 -0.52807456 0.04211934
v -0.22923684 -0.52374309 0.03404965
v -0.22713560 -0.53345186 0.04366873
v -0.23020428 -0.54063386 0.04076212
v -0.22961602 -0.53899223 0.03218259
v -0.22672942 -0.53069466 0.03695792
v -0.23704055 -0.54049736 0.03765940
v -0.23738238 -0.53836828 0.02717102
v -0.24831858 -0.52330834 0.00863978
v -0.24985820 -0.53063208 0.00559102
v -0.25021893 -0.53178674 0.01607639
v -0.24795020 -0.52619451 0.01756519
v -0.24278128 -0.52571183 0.02118650
v -0.24242094 -0.52271408 0.01491230
v -0.23933849 -0.53104323 0.02226160
v -0.24071953 -0.53828806 0.01968566
v -0.24065360 -0.53753501 0.01341824
v -0.24046835 -0.52922219 0.01709249
v -0.24724129 -0.53770703 0.01673912
v -0.24642053 -0.53653163 0.00800133
v -0.16365770 -0.51923603 0.04200601
v -0.18404493 -0.52188939 0.04269872
v -0.17502533 -0.54166645 0.07466812
v -0.15817873 -0.53427881 0.03723190
v -0.18247667 -0.54134542 0.07453765
v -0.18617283 -0.54227048 0.03792992
v -0.16790940 -0.54341763 0.03450496
v -0.18875457 -0.53392988 0.04790716
v -0.20898458 -0.53096849 0.07441202
v -0.20708665 -0.53301507 0.04390751
v -0.20634887 -0.54061002 0.03406511
v -0.20436275 -0.53136152 0.07578138
v -0.20349342 -0.52064449 0.03809882
v -0.22148949 -0.52112049 0.02585822
v -0.21941328 -0.53998953 0.06284304
v -0.22340581 -0.53984863 0.06155185
v -0.22471720 -0.53967696 0.02448329
v -0.22708848 -0.52895111 0.03486471
v -0.23614690 -0.53136295 0.04502414
v -0.24125648 -0.52835864 0.01735541
v -0.23816842 -0.53871328 0.01053166
v -0.23263574 -0.53094608 0.04665169
v -0.23720416 -0.51989716 0.01129396
v -0.24613625 -0.52902216 0.02267794
v -0.25004181 -0.53006929 -0.00732963
v -0.24642488 -0.53798240 -0.00309763
v -0.24339902 -0.52839750 0.02491008
v -0.24722248 -0.52084810 -0.00262222
v -0.14691411 -0.40366739 -0.09846047
v -0.14984813 -0.42972821 -0.09169351
v -0.15933403 -0.40324157 -0.09278361
v -0.17478384 -0.42758387 -0.09293745
v -0.16246966 -0.42971748 -0.08857280
v -0.15217873 -0.45319253 -0.08171655
v -0.17821762 -0.45200258 -0.08720306
v -0.16653760 -0.45205945 -0.07976757
v -0.19434521 -0.47374982 -0.14754385
v -0.19889724 -0.47265238 -0.12778281
v -0.18078355 -0.47505003 -0.15550438
v -0.15781666 -0.47680682 -0.17550096
v -0.16880815 -0.47627085 -0.16511494
v -0.15430409 -0.47237664 -0.06982401
v -0.14150783 -0.47739047 -0.08825825
v -0.17004406 -0.46963114 -0.06599259
v -0.18524542 -0.46925336 -0.07574667
v -0.15642057 -0.51537710 0.02473144
v -0.15419647 -0.51586467 0.00211863
v -0.16888312 -0.50303727 0.00375889
v -0.17648603 -0.51151341 0.02386969
v -0.18951194 -0.50337571 -0.00370163
v -0.19579265 -0.51385576 0.01661835
v -0.20757315 -0.50576895 -0.01422264
v -0.21393552 -0.51429707 0.00579976
v -0.22277367 -0.50985616 -0.02620229
v -0.23014146 -0.51570982 -0.00695414
v -0.23549393 -0.51718169 -0.03762090
v -0.24322718 -0.51902241 -0.01833279
v -0.24390975 -0.52809423 -0.04406033
v -0.25017440 -0.52946740 -0.02395512
v -0.15214160 -0.53444880 0.01965457
v -0.15063493 -0.53348774 -0.00227490
v -0.16425282 -0.54583567 0.01548439
v -0.16179268 -0.54748446 -0.00621556
v -0.18257479 -0.54503685 0.01225900
v -0.17913868 -0.54693586 -0.01027926
v -0.23978132 -0.54176670 -0.04069932
v -0.24502543 -0.54124838 -0.01994574
v -0.20167896 -0.54371721 0.00566417
v -0.19748458 -0.54481524 -0.01716091
v -0.21912289 -0.54375035 -0.00299110
v -0.21430027 -0.54496986 -0.02557606
v -0.23346174 -0.54357582 -0.01206948
v -0.22837174 -0.54508799 -0.03385261
v -0.16192122 -0.49794966 -0.02087754
v -0.18221809 -0.49097997 -0.02466968
v -0.19984999 -0.49459761 -0.03631523
v -0.21404344 -0.50202113 -0.04943499
v -0.22537422 -0.51404375 -0.06101891
v -0.23526722 -0.52555829 -0.06717998
v -0.20855778 -0.49066800 -0.07871234
v -0.21574193 -0.51312870 -0.08710945
v -0.22379637 -0.52631837 -0.09055355
v -0.20782846 -0.51328868 -0.11356549
v -0.21359226 -0.52715248 -0.11428379
v -0.19313774 -0.51612681 -0.15573892
v -0.19950631 -0.53134471 -0.15776047
v -0.20600730 -0.52795821 -0.13815348
v -0.19962791 -0.51416558 -0.13731341
v -0.20308393 -0.49277943 -0.10854256
v -0.19650647 -0.49387378 -0.13331343
v -0.18890721 -0.49520391 -0.15061539
v -0.18008600 -0.53441304 -0.17970657
v -0.19180322 -0.53336602 -0.17085567
v -0.18676901 -0.51725179 -0.16871279
v -0.17770813 -0.51728946 -0.17956439
v -0.16037053 -0.51925236 -0.18510130
v -0.16259012 -0.53682154 -0.18128148
v -0.14435713 -0.52183646 -0.17245677
v -0.14630412 -0.53890187 -0.17053589
v -0.17232743 -0.49653250 -0.17230672
v -0.18028040 -0.49654335 -0.16175404
v -0.15908049 -0.49738151 -0.18001124
v -0.14502683 -0.49945670 -0.16966945
v -0.14491871 -0.50010675 -0.15200970
v -0.14226192 -0.52242583 -0.15244162
v -0.14115882 -0.53890592 -0.15127999
v -0.15190591 -0.51581365 -0.02400587
v -0.15204239 -0.53029448 -0.02788399
v -0.19358191 -0.48127085 -0.05749913
v -0.17470303 -0.47974998 -0.04615535
v -0.15447541 -0.49050301 -0.05155486
v -0.14741774 -0.51454180 -0.05232802
v -0.15236872 -0.52970034 -0.05589324
v -0.15086637 -0.53087550 -0.08128721
v -0.14385723 -0.51767462 -0.07920155
v -0.16071668 -0.54191297 -0.03192949
v -0.16137964 -0.53725845 -0.05928749
v -0.15882687 -0.53766388 -0.08405602
v -0.14658879 -0.53349811 -0.10311207
v -0.14172235 -0.51995140 -0.10231289
v -0.14431731 -0.53516108 -0.12093803
v -0.14214478 -0.52024752 -0.12137893
v -0.14250804 -0.52087528 -0.13642710
v -0.14231305 -0.53686804 -0.13555697
v -0.14107083 -0.49989098 -0.12376587
v -0.14302231 -0.49961644 -0.13734721
v -0.14044677 -0.49995345 -0.10434523
v -0.14269033 -0.49720401 -0.08031878
v -0.23224297 -0.53990752 -0.06456162
v -0.22259203 -0.53857785 -0.08841082
v -0.21250856 -0.53773218 -0.11205032
v -0.20422131 -0.54000980 -0.13527539
v -0.19545302 -0.54293627 -0.15310010
v -0.18781351 -0.54469675 -0.16406542
v -0.16354106 -0.54607838 -0.17226088
v -0.17777874 -0.54541153 -0.17153063
v -0.15208977 -0.54769188 -0.16476515
v -0.14845277 -0.54859644 -0.14972284
v -0.14894816 -0.54824549 -0.13539217
v -0.15420768 -0.54195434 -0.10533631
v -0.15085381 -0.54614002 -0.12178369
v -0.13478139 -0.48047441 -0.10907581
v -0.13668641 -0.48058051 -0.12762839
v -0.14043903 -0.47985393 -0.14006616
v -0.14528298 -0.47827572 -0.16784135
v -0.14375354 -0.47898799 -0.15202716
v -0.17564328 -0.54535645 -0.03642257
v -0.19270188 -0.54398364 -0.04312435
v -0.20842966 -0.54421514 -0.05109423
v -0.22155565 -0.54397696 -0.05852368
v -0.21388361 -0.54297584 -0.08343035
v -0.20193428 -0.54350239 -0.07748270
v -0.18733656 -0.54380125 -0.07045723
v -0.17273961 -0.54153138 -0.06370538
v -0.20455733 -0.54325229 -0.10701028
v -0.19414267 -0.54463464 -0.10128601
v -0.18098994 -0.54501694 -0.09537113
v -0.16871206 -0.54305512 -0.08849946
v -0.16315360 -0.54747301 -0.10937113
v -0.17367794 -0.54828733 -0.11645526
v -0.18532185 -0.54734653 -0.12216432
v -0.19506744 -0.54535192 -0.12887999
v -0.18721442 -0.54707485 -0.14559577
v -0.17828517 -0.54855400 -0.13832870
v -0.16811001 -0.54971629 -0.13276398
v -0.15952846 -0.54964238 -0.12614956
v -0.18105021 -0.54795212 -0.15505359
v -0.16562384 -0.54922360 -0.16376740
v -0.17434117 -0.54853112 -0.16144493
v -0.15811543 -0.55052274 -0.15952525
v -0.15657343 -0.55081350 -0.14893687
v -0.15752402 -0.55060560 -0.13794591
v -0.16527998 -0.55003589 -0.14227566
v -0.16349350 -0.55012733 -0.15016729
v -0.17423837 -0.54889101 -0.14801466
v -0.17025706 -0.54905242 -0.15430516
v -0.16277106 -0.54994422 -0.15618604
v -0.16628599 -0.54941255 -0.15823600
v -0.19472197 -0.47320408 -0.09790193
v -0.12298843 -0.11673713 -0.05459706
v -0.10685004 -0.11554986 -0.05975306
v -0.13914241 -0.11251253 -0.05583522
v -0.11728019 0.30955383 -0.06421277
v -0.07340708 0.53538412 -0.04640545
v -0.07591401 0.57934046 -0.05377427
v -0.07433547 0.55711538 -0.04938871
v -0.12270982 0.28420639 -0.05918059
v -0.09934097 0.60144484 -0.12737484
v -0.10613006 0.76095837 -0.11696094
v -0.05116843 1.06373191 -0.18291616
v -0.04921158 1.06024861 -0.18342522
v -0.04817393 1.05711412 -0.18519256
v -0.04750595 1.05430269 -0.18766722
v -0.04635587 1.05233002 -0.19087452
v -0.04393327 1.05227256 -0.19429380
v -0.04981345 1.05823016 -0.18824941
v -0.04667869 1.06099939 -0.19137111
v -0.04724721 1.06294799 -0.18986395
v -0.05013396 1.06066895 -0.18675458
f 2 3 1
f 1 3 4
f 3 2 5
f 5 2 6
f 3 7 4
f 4 7 8
f 10 11 9
f 9 11 12
f 14 15 13
f 13 15 16
f 18 19 17
f 17 19 20
f 22 23 21
f 21 23 24
f 26 18 25
f 25 18 17
f 27 28 17
f 17 28 25
f 30 31 29
f 29 31 32
f 34 35 33
f 33 35 36
f 21 24 37
f 37 24 38
f 40 31 39
f 39 31 38
f 34 33 28
f 28 33 25
f 41 42 44
f 44 42 43
f 36 45 33
f 33 45 25
f 46 47 49
f 49 47 48
f 51 52 50
f 50 52 53
f 55 53 54
f 54 53 52
f 57 58 56
f 56 58 59
f 61 62 60
f 60 62 63
f 65 66 64
f 64 66 67
f 69 70 68
f 68 70 71
f 65 73 72
f 72 73 74
f 64 75 65
f 65 75 73
f 77 78 76
f 76 78 79
f 80 81 83
f 83 81 82
f 81 85 84
f 84 85 86
f 88 89 87
f 87 89 69
f 88 87 90
f 90 87 91
f 93 94 92
f 92 94 95
f 96 84 43
f 43 84 44
f 51 98 97
f 97 98 86
f 97 99 51
f 51 99 52
f 54 52 100
f 100 52 99
f 58 101 59
f 59 101 102
f 62 103 63
f 63 103 104
f 105 106 6
f 6 106 5
f 108 109 107
f 107 109 110
f 112 113 111
f 111 113 114
f 116 117 115
f 115 117 118
f 120 121 119
f 119 121 122
f 124 125 123
f 123 125 126
f 128 129 127
f 127 129 130
f 130 131 127
f 127 131 132
f 134 1 133
f 133 1 135
f 1 4 135
f 135 4 136
f 4 8 136
f 136 8 137
f 138 139 15
f 15 139 140
f 140 139 141
f 141 139 142
f 144 57 143
f 143 57 56
f 145 146 141
f 141 146 147
f 146 149 148
f 148 149 150
f 152 153 151
f 151 153 154
f 141 147 140
f 140 147 155
f 157 11 156
f 156 11 158
f 160 161 159
f 159 161 162
f 164 165 163
f 163 165 166
f 165 160 166
f 166 160 159
f 168 169 167
f 167 169 170
f 169 171 170
f 170 171 172
f 149 173 150
f 150 173 174
f 175 176 149
f 149 176 173
f 178 172 177
f 177 172 171
f 180 181 179
f 179 181 182
f 184 180 183
f 183 180 179
f 186 187 185
f 185 187 188
f 190 191 189
f 189 191 192
f 7 193 8
f 8 193 194
f 196 162 195
f 195 162 161
f 197 168 198
f 198 168 167
f 181 199 182
f 182 199 200
f 202 203 201
f 201 203 204
f 187 186 205
f 205 186 206
f 208 209 207
f 207 209 210
f 212 213 211
f 211 213 214
f 215 216 218
f 218 216 217
f 220 209 219
f 219 209 208
f 204 186 221
f 221 186 185
f 201 204 222
f 222 204 221
f 223 211 220
f 220 211 209
f 224 225 214
f 214 225 210
f 203 206 204
f 204 206 186
f 227 187 226
f 226 187 205
f 27 228 21
f 21 228 22
f 230 231 229
f 229 231 232
f 234 235 233
f 233 235 236
f 238 239 237
f 237 239 240
f 119 122 118
f 118 122 115
f 112 242 241
f 241 242 243
f 98 51 244
f 244 51 50
f 245 138 14
f 14 138 15
f 11 10 158
f 158 10 246
f 89 85 69
f 69 85 70
f 11 157 12
f 12 157 247
f 249 164 248
f 248 164 163
f 177 250 178
f 178 250 251
f 253 254 252
f 252 254 255
f 187 227 188
f 188 227 256
f 212 257 213
f 213 257 258
f 260 134 259
f 259 134 133
f 165 164 135
f 135 164 133
f 160 165 136
f 136 165 135
f 136 137 160
f 160 137 161
f 137 261 161
f 161 261 195
f 263 264 262
f 262 264 265
f 13 16 266
f 266 16 267
f 268 267 155
f 155 267 16
f 147 269 155
f 155 269 268
f 162 196 167
f 167 196 198
f 167 170 162
f 162 170 159
f 170 172 159
f 159 172 166
f 172 178 166
f 166 178 163
f 178 251 163
f 163 251 248
f 168 270 169
f 169 270 271
f 272 273 171
f 171 273 177
f 271 272 169
f 169 272 171
f 168 197 270
f 270 197 274
f 250 177 275
f 275 177 273
f 277 45 276
f 276 45 278
f 280 281 279
f 279 281 282
f 284 104 283
f 283 104 103
f 285 215 286
f 286 215 218
f 288 289 287
f 287 289 290
f 291 80 66
f 66 80 83
f 293 294 292
f 292 294 295
f 73 91 74
f 74 91 87
f 91 73 92
f 92 73 75
f 279 77 280
f 280 77 76
f 80 291 70
f 70 291 71
f 277 47 96
f 96 47 82
f 297 175 296
f 296 175 149
f 299 154 298
f 298 154 153
f 225 300 210
f 210 300 207
f 224 301 206
f 206 301 205
f 210 209 214
f 214 209 211
f 226 205 302
f 302 205 301
f 304 305 303
f 303 305 306
f 308 309 307
f 307 309 310
f 72 291 65
f 65 291 66
f 66 83 67
f 67 83 46
f 312 313 311
f 311 313 314
f 316 317 315
f 315 317 36
f 29 318 35
f 35 318 319
f 321 32 320
f 320 32 322
f 311 314 323
f 323 314 324
f 315 325 316
f 316 325 326
f 318 287 319
f 319 287 290
f 328 321 327
f 327 321 320
f 329 330 39
f 39 330 331
f 332 333 40
f 40 333 322
f 309 334 285
f 285 334 335
f 236 2 134
f 134 2 1
f 260 336 233
f 233 336 337
f 237 14 265
f 265 14 13
f 84 86 44
f 44 86 98
f 189 192 7
f 7 192 193
f 44 98 41
f 41 98 244
f 237 240 14
f 14 240 245
f 7 3 189
f 189 3 5
f 338 71 72
f 72 71 291
f 262 265 266
f 266 265 13
f 124 123 339
f 339 123 105
f 123 109 105
f 105 109 106
f 189 5 190
f 190 5 106
f 111 114 12
f 12 114 9
f 264 340 265
f 265 340 237
f 342 343 341
f 341 343 344
f 6 235 105
f 105 235 339
f 234 346 345
f 345 346 347
f 349 350 348
f 348 350 351
f 107 352 108
f 108 352 353
f 355 356 354
f 354 356 357
f 237 340 238
f 238 340 358
f 12 247 111
f 111 247 359
f 264 263 116
f 116 263 360
f 361 362 222
f 222 362 201
f 364 365 363
f 363 365 366
f 368 369 367
f 367 369 370
f 372 373 371
f 371 373 374
f 375 376 372
f 372 376 377
f 378 379 381
f 381 379 380
f 382 383 269
f 269 383 268
f 150 174 365
f 365 174 384
f 380 377 381
f 381 377 376
f 271 270 180
f 180 270 181
f 273 272 252
f 252 272 184
f 272 271 184
f 184 271 180
f 181 270 274
f 252 255 273
f 273 255 275
f 254 385 255
f 255 385 386
f 387 388 179
f 179 388 183
f 389 387 182
f 182 387 179
f 182 200 389
f 389 200 390
f 388 391 183
f 183 391 253
f 391 392 253
f 253 392 254
f 394 379 393
f 393 379 378
f 185 188 395
f 395 188 396
f 221 185 397
f 397 185 395
f 222 221 398
f 398 221 397
f 188 256 396
f 396 256 399
f 400 401 256
f 256 401 399
f 402 403 405
f 405 403 404
f 148 150 364
f 364 150 365
f 393 406 394
f 394 406 407
f 158 246 393
f 393 246 406
f 342 19 238
f 238 19 239
f 23 22 350
f 350 22 354
f 244 50 245
f 245 50 138
f 55 142 53
f 53 142 139
f 145 144 296
f 296 144 143
f 355 228 341
f 341 228 20
f 41 240 42
f 42 240 239
f 283 308 284
f 284 308 307
f 349 409 408
f 408 409 410
f 244 245 41
f 41 245 240
f 268 383 406
f 406 383 407
f 346 411 349
f 349 411 409
f 251 412 248
f 248 412 413
f 275 414 250
f 250 414 415
f 25 45 26
f 26 45 277
f 43 26 96
f 96 26 277
f 416 417 61
f 61 417 62
f 329 24 408
f 408 24 23
f 31 40 32
f 32 40 322
f 39 38 329
f 329 38 24
f 37 38 30
f 30 38 31
f 418 419 421
f 421 419 420
f 78 295 79
f 79 295 294
f 124 339 422
f 422 339 345
f 232 131 357
f 357 131 351
f 2 236 6
f 6 236 235
f 252 184 253
f 253 184 183
f 227 423 256
f 256 423 400
f 423 227 305
f 305 227 226
f 424 258 425
f 425 258 257
f 426 427 212
f 212 427 257
f 259 133 249
f 249 133 164
f 419 418 428
f 428 418 429
f 327 430 328
f 328 430 288
f 49 431 46
f 46 431 67
f 306 302 424
f 424 302 258
f 313 432 314
f 314 432 433
f 32 321 29
f 29 321 318
f 324 314 433
f 287 318 328
f 328 318 321
f 134 260 236
f 236 260 233
f 345 339 234
f 234 339 235
f 357 351 354
f 354 351 350
f 408 23 349
f 349 23 350
f 317 278 36
f 36 278 45
f 432 313 429
f 429 313 428
f 435 428 434
f 434 428 313
f 42 239 18
f 18 239 19
f 43 42 26
f 26 42 18
f 121 120 436
f 436 120 437
f 302 301 258
f 258 301 213
f 110 109 126
f 126 109 123
f 238 358 342
f 342 358 343
f 341 20 342
f 342 20 19
f 322 438 320
f 320 438 439
f 320 439 327
f 327 439 430
f 333 440 322
f 322 440 438
f 289 288 323
f 323 288 430
f 115 340 116
f 116 340 264
f 146 145 149
f 149 145 296
f 15 140 16
f 16 140 155
f 441 442 152
f 152 442 153
f 225 224 203
f 203 224 206
f 175 297 154
f 154 297 151
f 293 443 294
f 294 443 444
f 248 413 249
f 249 413 445
f 446 447 400
f 400 447 401
f 388 387 396
f 396 387 395
f 387 389 395
f 395 389 397
f 391 388 399
f 399 388 396
f 401 392 399
f 399 392 391
f 255 386 275
f 275 386 414
f 449 450 448
f 448 450 451
f 335 452 285
f 285 452 215
f 453 298 442
f 442 298 153
f 211 223 212
f 212 223 426
f 425 257 454
f 454 257 427
f 266 10 262
f 262 10 9
f 360 113 456
f 456 113 455
f 8 194 137
f 137 194 261
f 10 266 246
f 246 266 267
f 203 202 225
f 225 202 300
f 262 9 263
f 263 9 114
f 108 353 190
f 190 353 191
f 389 390 397
f 397 390 398
f 457 422 128
f 128 422 129
f 156 158 378
f 378 158 393
f 347 346 348
f 348 346 349
f 447 458 401
f 401 458 392
f 364 382 148
f 148 382 269
f 55 54 57
f 57 54 58
f 75 64 459
f 459 64 460
f 100 90 101
f 101 90 95
f 101 58 100
f 100 58 54
f 142 55 144
f 144 55 57
f 147 146 269
f 269 146 148
f 459 93 75
f 75 93 92
f 144 145 142
f 142 145 141
f 228 27 20
f 20 27 17
f 154 299 175
f 175 299 176
f 214 213 224
f 224 213 301
f 424 461 306
f 306 461 303
f 285 286 309
f 309 286 310
f 462 334 308
f 308 334 309
f 302 306 226
f 226 306 305
f 37 28 21
f 21 28 27
f 29 35 30
f 30 35 34
f 30 34 37
f 37 34 28
f 344 436 356
f 356 436 229
f 325 290 326
f 326 290 289
f 311 439 312
f 312 439 438
f 35 319 36
f 36 319 315
f 439 311 430
f 430 311 323
f 315 319 325
f 325 319 290
f 440 463 438
f 438 463 312
f 341 344 355
f 355 344 356
f 360 456 116
f 116 456 117
f 354 22 355
f 355 22 228
f 326 289 324
f 324 289 323
f 74 87 68
f 68 87 69
f 50 53 138
f 138 53 139
f 268 406 267
f 267 406 246
f 190 106 108
f 108 106 109
f 241 455 112
f 112 455 113
f 358 122 343
f 343 122 121
f 129 347 130
f 130 347 348
f 348 351 130
f 130 351 131
f 229 232 356
f 356 232 357
f 340 115 358
f 358 115 122
f 111 359 112
f 112 359 242
f 125 124 457
f 457 124 422
f 231 132 232
f 232 132 131
f 343 121 344
f 344 121 436
f 263 114 360
f 360 114 113
f 347 129 345
f 345 129 422
f 230 229 437
f 437 229 436
f 464 446 423
f 423 446 400
f 465 466 468
f 468 466 467
f 470 471 469
f 469 471 472
f 469 472 373
f 373 472 374
f 474 469 473
f 473 469 373
f 471 475 472
f 472 475 476
f 472 477 374
f 374 477 478
f 477 472 476
f 479 480 476
f 476 480 477
f 473 373 377
f 377 373 372
f 481 482 479
f 479 482 480
f 483 484 481
f 481 484 482
f 403 402 485
f 485 402 486
f 487 488 483
f 483 488 484
f 487 489 488
f 488 489 490
f 489 491 490
f 490 491 492
f 491 493 492
f 492 493 494
f 493 495 494
f 494 495 496
f 497 498 481
f 481 498 483
f 484 499 482
f 482 499 367
f 370 480 367
f 367 480 482
f 480 370 477
f 477 370 478
f 500 497 479
f 479 497 481
f 451 473 380
f 380 473 377
f 448 451 379
f 379 451 380
f 501 502 504
f 504 502 503
f 449 505 507
f 507 505 506
f 486 508 505
f 505 508 506
f 508 509 506
f 506 509 510
f 511 507 510
f 510 507 506
f 509 508 512
f 512 508 513
f 515 509 514
f 514 509 512
f 509 515 510
f 510 515 516
f 510 516 511
f 511 516 517
f 486 505 485
f 485 505 518
f 505 449 518
f 518 449 448
f 383 382 403
f 403 382 404
f 363 404 364
f 364 404 382
f 403 485 383
f 383 485 407
f 519 520 361
f 361 520 362
f 522 496 521
f 521 496 495
f 450 474 451
f 451 474 473
f 363 366 523
f 523 366 524
f 525 499 488
f 488 499 484
f 488 490 525
f 525 490 526
f 496 522 520
f 520 522 527
f 494 496 519
f 519 496 520
f 492 494 528
f 528 494 519
f 529 530 495
f 495 530 521
f 490 492 526
f 526 492 528
f 529 495 531
f 531 495 493
f 533 534 532
f 532 534 535
f 523 524 533
f 533 524 534
f 486 402 532
f 532 402 533
f 529 536 530
f 530 536 537
f 536 538 537
f 537 538 539
f 540 541 539
f 539 541 537
f 530 537 535
f 535 537 541
f 542 539 543
f 543 539 538
f 539 542 540
f 540 542 544
f 541 540 513
f 513 540 512
f 540 544 512
f 512 544 514
f 546 547 545
f 545 547 548
f 549 550 531
f 531 550 551
f 550 549 552
f 552 549 553
f 546 550 554
f 554 550 552
f 547 546 555
f 555 546 554
f 498 556 558
f 558 556 557
f 559 557 560
f 560 557 556
f 561 562 560
f 560 562 559
f 557 559 552
f 552 559 554
f 559 562 554
f 554 562 555
f 558 557 553
f 553 557 552
f 475 471 563
f 563 471 564
f 565 563 567
f 567 563 566
f 471 470 564
f 564 470 466
f 564 466 568
f 568 466 465
f 568 465 569
f 569 465 570
f 572 573 571
f 571 573 574
f 569 575 567
f 567 575 576
f 577 565 576
f 576 565 567
f 578 579 581
f 581 579 580
f 575 561 576
f 576 561 560
f 556 577 560
f 560 577 576
f 577 556 497
f 497 556 498
f 565 577 500
f 500 577 497
f 563 565 475
f 475 565 500
f 553 489 558
f 558 489 487
f 531 493 549
f 549 493 491
f 489 553 491
f 491 553 549
f 394 407 518
f 518 407 485
f 518 448 394
f 394 448 379
f 545 548 538
f 538 548 543
f 551 545 536
f 536 545 538
f 536 529 551
f 551 529 531
f 507 582 449
f 449 582 450
f 511 583 507
f 507 583 582
f 511 517 583
f 583 517 584
f 585 586 588
f 588 586 587
f 590 591 589
f 589 591 592
f 591 590 593
f 593 590 594
f 596 597 595
f 595 597 598
f 599 600 602
f 602 600 601
f 604 605 603
f 603 605 606
f 608 609 607
f 607 609 610
f 612 613 611
f 611 613 614
f 615 616 618
f 618 616 617
f 620 621 619
f 619 621 622
f 624 625 623
f 623 625 626
f 628 629 627
f 627 629 630
f 632 633 631
f 631 633 634
f 635 636 638
f 638 636 637
f 639 640 642
f 642 640 641
f 644 645 643
f 643 645 646
f 619 622 647
f 647 622 648
f 650 651 649
f 649 651 652
f 601 653 602
f 602 653 654
f 656 657 655
f 655 657 658
f 660 661 659
f 659 661 662
f 664 665 663
f 663 665 666
f 593 594 667
f 667 594 668
f 669 670 672
f 672 670 671
f 673 674 676
f 676 674 675
f 633 632 677
f 677 632 678
f 663 666 679
f 679 666 680
f 681 682 684
f 684 682 683
f 686 687 685
f 685 687 688
f 690 661 689
f 689 661 691
f 693 686 692
f 692 686 685
f 695 597 694
f 694 597 668
f 594 696 668
f 668 696 694
f 697 698 696
f 696 698 699
f 700 701 697
f 697 701 698
f 702 585 703
f 703 585 588
f 671 690 672
f 672 690 689
f 640 639 704
f 704 639 705
f 679 706 663
f 663 706 658
f 708 709 707
f 707 709 710
f 711 712 610
f 610 712 607
f 713 714 716
f 716 714 715
f 717 718 720
f 720 718 719
f 722 634 721
f 721 634 633
f 724 725 723
f 723 725 726
f 728 729 727
f 727 729 730
f 732 733 731
f 731 733 734
f 707 710 735
f 735 710 736
f 643 737 644
f 644 737 738
f 740 741 739
f 739 741 742
f 608 744 743
f 743 744 745
f 747 748 746
f 746 748 749
f 751 752 750
f 750 752 753
f 754 755 757
f 757 755 756
f 758 759 761
f 761 759 760
f 763 764 762
f 762 764 765
f 767 768 766
f 766 768 769
f 771 772 770
f 770 772 773
f 775 776 774
f 774 776 777
f 779 780 778
f 778 780 781
f 783 712 782
f 782 712 784
f 785 786 788
f 788 786 787
f 790 628 789
f 789 628 627
f 792 793 791
f 791 793 794
f 795 796 726
f 726 796 723
f 798 799 797
f 797 799 800
f 721 633 801
f 801 633 677
f 797 800 802
f 802 800 803
f 805 806 804
f 804 806 807
f 809 810 808
f 808 810 811
f 813 814 812
f 812 814 815
f 809 808 817
f 817 808 816
f 818 819 804
f 804 819 805
f 820 821 818
f 818 821 819
f 821 820 587
f 587 820 822
f 809 823 810
f 810 823 824
f 814 807 815
f 815 807 806
f 826 426 825
f 825 426 223
f 426 826 427
f 427 826 827
f 828 829 454
f 454 829 830
f 831 832 677
f 677 832 801
f 834 835 833
f 833 835 836
f 838 839 837
f 837 839 840
f 841 842 844
f 844 842 843
f 845 846 803
f 803 846 802
f 847 831 678
f 678 831 677
f 848 849 851
f 851 849 850
f 853 854 852
f 852 854 855
f 857 858 856
f 856 858 680
f 860 861 859
f 859 861 862
f 864 865 863
f 863 865 866
f 868 869 867
f 867 869 870
f 839 871 840
f 840 871 872
f 849 848 874
f 874 848 873
f 876 877 875
f 875 877 878
f 880 881 879
f 879 881 882
f 883 884 886
f 886 884 885
f 846 887 802
f 802 887 888
f 890 891 889
f 889 891 888
f 893 894 892
f 892 894 895
f 896 897 728
f 728 897 729
f 899 900 898
f 898 900 901
f 902 852 904
f 904 852 903
f 849 905 850
f 850 905 906
f 875 878 907
f 907 878 908
f 910 911 909
f 909 911 912
f 914 915 913
f 913 915 916
f 917 918 862
f 862 918 859
f 919 920 856
f 856 920 921
f 923 924 922
f 922 924 925
f 926 927 925
f 925 927 922
f 929 930 928
f 928 930 693
f 932 695 931
f 931 695 694
f 823 867 824
f 824 867 933
f 935 936 934
f 934 936 937
f 938 868 823
f 823 868 867
f 940 847 939
f 939 847 678
f 632 655 678
f 678 655 939
f 941 942 619
f 619 942 620
f 687 943 688
f 688 943 944
f 851 850 945
f 945 850 903
f 850 906 903
f 903 906 904
f 946 947 949
f 949 947 948
f 951 952 950
f 950 952 953
f 955 956 954
f 954 956 957
f 907 958 875
f 875 958 874
f 960 961 959
f 959 961 962
f 963 853 902
f 902 853 852
f 909 964 910
f 910 964 965
f 967 968 966
f 966 968 969
f 971 972 970
f 970 972 973
f 974 960 975
f 975 960 959
f 977 978 976
f 976 978 979
f 981 977 980
f 980 977 976
f 980 982 981
f 981 982 983
f 985 983 984
f 984 983 982
f 984 986 985
f 985 986 987
f 989 990 988
f 988 990 991
f 993 994 992
f 992 994 995
f 997 998 996
f 996 998 999
f 1001 1002 1000
f 1000 1002 1003
f 1005 1006 1004
f 1004 1006 1007
f 1004 1008 1005
f 1005 1008 1009
f 1008 1010 1009
f 1009 1010 1011
f 1013 1011 1012
f 1012 1011 1010
f 1014 1015 1017
f 1017 1015 1016
f 1019 1020 1018
f 1018 1020 1021
f 1022 1023 976
f 976 1023 980
f 1024 1025 982
f 982 1025 984
f 992 995 1026
f 1026 995 1027
f 956 955 1028
f 1028 955 1029
f 1030 1031 1033
f 1033 1031 1032
f 1010 1008 1034
f 1034 1008 1035
f 1008 1004 1035
f 1035 1004 1036
f 1037 1038 1002
f 1002 1038 1007
f 1002 1001 1037
f 1037 1001 1039
f 1040 1041 997
f 997 1041 998
f 1015 1014 1043
f 1043 1014 1042
f 1044 1045 1047
f 1047 1045 1046
f 1044 1020 1048
f 1048 1020 1049
f 1050 1051 1003
f 1003 1051 1000
f 1052 1050 1006
f 1006 1050 1003
f 1053 1054 1011
f 1011 1054 1009
f 1013 1045 1055
f 1055 1045 1056
f 1058 1059 1057
f 1057 1059 1060
f 1062 1063 1061
f 1061 1063 1064
f 1065 1066 1050
f 1050 1066 1051
f 1067 1065 1052
f 1052 1065 1050
f 1068 1069 1054
f 1054 1069 1070
f 1071 1068 1053
f 1053 1068 1054
f 1073 1071 1072
f 1072 1071 1074
f 1074 1071 1055
f 1055 1071 1053
f 1076 1077 1075
f 1075 1077 1078
f 1079 1080 1057
f 1057 1080 1058
f 1081 1082 1064
f 1064 1082 1061
f 1084 1085 1083
f 1083 1085 1086
f 1088 1089 1087
f 1087 1089 1090
f 1092 1093 1091
f 1091 1093 1094
f 1096 1097 1095
f 1095 1097 1098
f 1099 1100 1102
f 1102 1100 1101
f 1103 1104 1099
f 1099 1104 1100
f 1106 1107 1105
f 1105 1107 1108
f 1110 1111 1109
f 1109 1111 1112
f 1114 1115 1113
f 1113 1115 1116
f 1118 1119 1117
f 1117 1119 1077
f 1117 1120 1122
f 1122 1120 1121
f 1105 1123 1106
f 1106 1123 1124
f 1125 1126 1128
f 1128 1126 1127
f 1130 1131 1129
f 1129 1131 1132
f 1134 1135 1133
f 1133 1135 1114
f 1113 1136 1114
f 1114 1136 1133
f 1118 1137 1113
f 1113 1137 1136
f 1118 1117 1137
f 1137 1117 1122
f 1139 1140 1138
f 1138 1140 1141
f 1143 953 1142
f 1142 953 952
f 1145 957 1144
f 1144 957 956
f 1028 1146 956
f 956 1146 1144
f 1014 1147 1042
f 1042 1147 1148
f 1014 1017 1147
f 1147 1017 1149
f 1059 1058 1150
f 1150 1058 1151
f 1153 1080 1152
f 1152 1080 1154
f 1156 1088 1155
f 1155 1088 1087
f 1157 1158 1106
f 1106 1158 1107
f 1106 1124 1157
f 1157 1124 1159
f 1161 1162 1160
f 1160 1162 1163
f 1165 1166 1164
f 1164 1166 1167
f 1168 1031 1012
f 1012 1031 1046
f 1024 1023 1035
f 1035 1023 1034
f 1036 1038 1025
f 1025 1038 1169
f 1170 1171 1039
f 1039 1171 1037
f 1028 1029 1042
f 1042 1029 1043
f 1172 1173 1175
f 1175 1173 1174
f 1055 1053 1013
f 1013 1053 1011
f 1005 1009 1070
f 1070 1009 1054
f 996 999 1062
f 1062 999 1063
f 1016 1060 1017
f 1017 1060 1059
f 1017 1059 1149
f 1149 1059 1150
f 1177 1178 1176
f 1176 1178 1103
f 1176 1072 1179
f 1179 1072 1074
f 1073 1102 1086
f 1086 1102 1083
f 1180 1181 1067
f 1067 1181 1065
f 1182 1183 1184
f 1184 1183 1181
f 1186 1187 1185
f 1185 1187 1188
f 1189 1190 798
f 798 1190 799
f 1192 1193 1191
f 1191 1193 1194
f 1195 1196 1194
f 1194 1196 1191
f 1196 1195 1198
f 1198 1195 1197
f 1200 674 1199
f 1199 674 673
f 928 1201 1203
f 1203 1201 1202
f 861 1204 862
f 862 1204 921
f 1205 1206 913
f 913 1206 1207
f 882 1208 879
f 879 1208 1209
f 1210 1211 1167
f 1167 1211 1164
f 1212 769 1213
f 1213 769 768
f 727 1214 728
f 728 1214 1215
f 1217 1218 1216
f 1216 1218 1219
f 1220 813 1221
f 1221 813 812
f 827 828 427
f 427 828 454
f 1223 1224 1222
f 1222 1224 1165
f 1226 1227 1225
f 1225 1227 1228
f 851 1229 848
f 848 1229 1230
f 834 854 835
f 835 854 1231
f 1233 1234 1232
f 1232 1234 1235
f 1237 751 1236
f 1236 751 750
f 743 819 1238
f 1238 819 821
f 1240 1241 1239
f 1239 1241 1242
f 1244 1245 1243
f 1243 1245 1246
f 844 1247 841
f 841 1247 1248
f 1250 1251 1249
f 1249 1251 1252
f 1254 893 1253
f 1253 893 1237
f 1255 1256 1258
f 1258 1256 1257
f 1260 1261 1259
f 1259 1261 1262
f 945 903 855
f 855 903 852
f 855 1263 945
f 945 1263 1264
f 832 845 801
f 801 845 803
f 800 721 803
f 803 721 801
f 721 800 722
f 722 800 799
f 1266 1267 1265
f 1265 1267 1268
f 1270 795 1269
f 1269 795 726
f 725 1271 726
f 726 1271 1269
f 737 765 738
f 738 765 764
f 759 740 760
f 760 740 739
f 717 1272 1274
f 1274 1272 1273
f 1163 1226 1275
f 1275 1226 1225
f 1277 882 1276
f 1276 882 881
f 1041 1040 1027
f 1027 1040 1026
f 900 935 901
f 901 935 934
f 1164 1278 1165
f 1165 1278 1222
f 1211 1279 1164
f 1164 1279 1278
f 442 1280 453
f 453 1280 1281
f 788 1282 785
f 785 1282 1283
f 1285 1286 1284
f 1284 1286 1287
f 1284 1288 1285
f 1285 1288 1289
f 757 1289 754
f 754 1289 1288
f 605 604 675
f 675 604 676
f 1290 1291 1293
f 1293 1291 1292
f 1295 1296 1294
f 1294 1296 1297
f 696 699 694
f 694 699 931
f 1298 1299 592
f 592 1299 589
f 1299 1300 589
f 589 1300 700
f 1300 1301 700
f 700 1301 701
f 743 745 819
f 819 745 805
f 1303 1304 1302
f 1302 1304 1305
f 1306 1307 1305
f 1305 1307 1302
f 609 1298 610
f 610 1298 592
f 587 822 588
f 588 822 1308
f 703 588 1309
f 1309 588 1308
f 1310 703 571
f 571 703 1309
f 1311 1312 789
f 789 1312 790
f 825 223 1313
f 1313 223 220
f 219 1314 220
f 220 1314 1313
f 1315 1316 1311
f 1311 1316 1312
f 1317 1318 1319
f 1319 1318 1241
f 441 1320 442
f 442 1320 1280
f 1321 217 572
f 572 217 216
f 1323 1230 1322
f 1322 1230 1229
f 1324 1325 631
f 631 1325 656
f 1034 1168 1010
f 1010 1168 1012
f 1327 1328 1326
f 1326 1328 1329
f 1331 1202 1330
f 1330 1202 1201
f 571 1309 572
f 572 1309 1321
f 573 572 1332
f 1332 572 216
f 1334 1335 1333
f 1333 1335 1336
f 1337 1338 918
f 918 1338 859
f 1339 863 1340
f 1340 863 866
f 1341 1342 1344
f 1344 1342 1343
f 1345 1346 919
f 919 1346 920
f 1347 1348 673
f 673 1348 1199
f 693 1349 928
f 928 1349 1201
f 1351 1257 1350
f 1350 1257 1256
f 1350 1352 1351
f 1351 1352 1353
f 653 930 654
f 654 930 662
f 1279 1354 1278
f 1278 1354 1355
f 1357 1358 1356
f 1356 1358 1359
f 937 1360 1140
f 1140 1360 1361
f 1225 1228 909
f 909 1228 964
f 901 934 1362
f 1362 934 1139
f 1364 1365 1363
f 1363 1365 1362
f 1367 912 1366
f 1366 912 911
f 1143 1142 1368
f 1368 1142 1369
f 1144 1186 1145
f 1145 1186 1185
f 1146 1175 1144
f 1144 1175 1186
f 1175 1146 1172
f 1172 1146 1148
f 1147 1018 1148
f 1148 1018 1172
f 1018 1147 1019
f 1019 1147 1149
f 1149 1150 1019
f 1019 1150 1370
f 1150 1151 1370
f 1370 1151 1371
f 1151 1153 1371
f 1371 1153 1177
f 1152 1156 1178
f 1178 1156 1372
f 1155 1158 1373
f 1373 1158 1374
f 1157 1159 1376
f 1376 1159 1375
f 1378 1379 1377
f 1377 1379 1380
f 1382 1383 1381
f 1381 1383 1384
f 1382 1386 1385
f 1385 1386 1387
f 1386 1233 1387
f 1387 1233 1232
f 1389 1390 1388
f 1388 1390 1391
f 1393 1394 1392
f 1392 1394 1395
f 1397 1398 1396
f 1396 1398 1399
f 629 1397 630
f 630 1397 1396
f 1342 1400 1343
f 1343 1400 1401
f 1403 1404 1402
f 1402 1404 1405
f 1407 1408 1406
f 1406 1408 1409
f 1411 1412 1410
f 1410 1412 1413
f 793 1414 794
f 794 1414 1415
f 1417 1341 1416
f 1416 1341 1344
f 704 705 1347
f 1347 705 1418
f 741 1419 742
f 742 1419 1420
f 1422 669 1421
f 1421 669 672
f 645 1423 646
f 646 1423 1424
f 1196 1198 614
f 614 1198 611
f 613 1425 614
f 614 1425 1426
f 1427 616 659
f 659 616 660
f 614 1426 1196
f 1196 1426 1191
f 696 594 697
f 697 594 590
f 697 590 700
f 700 590 589
f 703 1310 702
f 702 1310 1428
f 1421 672 1192
f 1192 672 689
f 1271 648 1269
f 1269 648 622
f 621 1270 622
f 622 1270 1269
f 1429 1430 1417
f 1417 1430 1341
f 1431 1432 1434
f 1434 1432 1433
f 1436 1437 1435
f 1435 1437 1438
f 1440 1441 1439
f 1439 1441 1442
f 1443 1444 1446
f 1446 1444 1445
f 823 809 938
f 938 809 817
f 810 1447 811
f 811 1447 1448
f 1449 1450 679
f 679 1450 706
f 913 916 1205
f 1205 916 1451
f 1275 1225 912
f 912 1225 909
f 1452 1453 880
f 880 1453 881
f 1444 1401 1445
f 1445 1401 1400
f 936 1454 937
f 937 1454 1360
f 824 1455 810
f 810 1455 1447
f 631 656 632
f 632 656 655
f 966 1456 967
f 967 1456 1457
f 1459 1460 1458
f 1458 1460 1461
f 1460 1462 1461
f 1461 1462 1463
f 972 974 973
f 973 974 975
f 990 995 991
f 991 995 994
f 1464 1187 1033
f 1033 1187 1174
f 1018 1021 1172
f 1172 1021 1173
f 1000 999 1001
f 1001 999 998
f 976 979 1022
f 1022 979 1032
f 1023 1024 980
f 980 1024 982
f 989 986 1171
f 1171 986 1169
f 1171 1170 989
f 989 1170 990
f 1170 1027 990
f 990 1027 995
f 1041 1039 998
f 998 1039 1001
f 1051 1063 1000
f 1000 1063 999
f 1066 1064 1051
f 1051 1064 1063
f 1183 1081 1066
f 1066 1081 1064
f 1178 1372 1103
f 1103 1372 1104
f 1092 1091 1465
f 1465 1091 1182
f 1467 1465 1466
f 1466 1465 1468
f 1469 1470 1184
f 1184 1470 1468
f 1095 1098 1471
f 1471 1098 1101
f 1076 1374 1120
f 1120 1374 1376
f 1110 1472 1127
f 1127 1472 1132
f 1472 1473 1132
f 1132 1473 1129
f 1474 1475 1466
f 1466 1475 1473
f 1119 1118 1116
f 1116 1118 1113
f 1375 1121 1376
f 1376 1121 1120
f 1127 1132 1128
f 1128 1132 1131
f 1227 1476 1228
f 1228 1476 1361
f 1365 1477 1362
f 1362 1477 872
f 1478 1479 1323
f 1323 1479 1230
f 1480 1481 914
f 914 1481 915
f 913 1277 914
f 914 1277 1276
f 1168 1034 1022
f 1022 1034 1023
f 1035 1036 1024
f 1024 1036 1025
f 1039 1041 1170
f 1170 1041 1027
f 1042 1148 1028
f 1028 1148 1146
f 968 1459 969
f 969 1459 1458
f 1482 1483 664
f 664 1483 665
f 1485 1486 1484
f 1484 1486 1487
f 1489 1490 1488
f 1488 1490 1491
f 1492 1493 722
f 722 1493 634
f 1495 1496 1494
f 1494 1496 1497
f 1498 1207 1339
f 1339 1207 863
f 1224 1499 1165
f 1165 1499 1166
f 1160 1163 1500
f 1500 1163 1275
f 1500 877 1160
f 1160 877 1501
f 876 873 1502
f 1502 873 1479
f 945 1264 851
f 851 1264 1229
f 835 1231 839
f 839 1231 871
f 1503 1283 778
f 778 1283 1282
f 716 715 1505
f 1505 715 1504
f 1446 1445 1507
f 1507 1445 1506
f 779 792 1381
f 1381 792 791
f 1430 1409 1341
f 1341 1409 1342
f 1411 1429 1508
f 1508 1429 1417
f 635 1510 1509
f 1509 1510 1511
f 1377 1380 1315
f 1315 1380 1316
f 1445 1400 1506
f 1506 1400 1408
f 918 917 1336
f 1336 917 1333
f 1513 1514 1512
f 1512 1514 870
f 1515 1516 1363
f 1363 1516 1364
f 1453 1517 881
f 881 1517 1276
f 992 1518 993
f 993 1518 1519
f 1520 1029 1518
f 1518 1029 955
f 1520 1026 1521
f 1521 1026 1040
f 1522 1015 1521
f 1521 1015 1043
f 996 1523 997
f 997 1523 1522
f 1060 1016 1524
f 1524 1016 1523
f 1061 1525 1062
f 1062 1525 1524
f 1079 1527 1526
f 1526 1527 1528
f 1093 1529 1094
f 1094 1529 1528
f 1111 1530 1112
f 1112 1530 1531
f 1532 1533 1105
f 1105 1533 1123
f 934 937 1139
f 1139 937 1140
f 1138 1363 1139
f 1139 1363 1362
f 1534 1222 1355
f 1355 1222 1278
f 1535 1223 1534
f 1534 1223 1222
f 821 587 1238
f 1238 587 586
f 1319 711 1317
f 1317 711 1536
f 1538 1200 1537
f 1537 1200 1199
f 1508 1417 1539
f 1539 1417 1416
f 1540 1541 840
f 840 1541 837
f 1231 898 871
f 871 898 901
f 1500 1275 1367
f 1367 1275 912
f 1543 1379 1542
f 1542 1379 1395
f 1539 772 1508
f 1508 772 1544
f 1546 1403 1545
f 1545 1403 1402
f 1548 1549 1547
f 1547 1549 1550
f 1552 1548 1551
f 1551 1548 1547
f 1554 1555 1553
f 1553 1555 1556
f 1558 1559 1557
f 1557 1559 1560
f 1562 1563 1561
f 1561 1563 1564
f 1566 1567 1565
f 1565 1567 1568
f 1570 1571 1569
f 1569 1571 1572
f 1574 1575 1573
f 1573 1575 1576
f 1577 1578 1572
f 1572 1578 1569
f 1580 1581 1579
f 1579 1581 1582
f 1584 1585 1583
f 1583 1585 1586
f 1588 1555 1587
f 1587 1555 1589
f 1591 1592 1590
f 1590 1592 1593
f 1595 1596 1594
f 1594 1596 1597
f 1596 1581 1597
f 1597 1581 1576
f 1599 1570 1598
f 1598 1570 1569
f 1601 1602 1600
f 1600 1602 1603
f 1605 1606 1604
f 1604 1606 1607
f 1608 1609 1568
f 1568 1609 1565
f 1611 1612 1610
f 1610 1612 1613
f 1615 1616 1614
f 1614 1616 1617
f 1619 1617 1618
f 1618 1617 1616
f 1621 1622 1620
f 1620 1622 1623
f 1625 1626 1624
f 1624 1626 1627
f 1629 1630 1628
f 1628 1630 1631
f 1633 1634 1632
f 1632 1634 1635
f 1636 1637 1639
f 1639 1637 1638
f 1641 1642 1640
f 1640 1642 1643
f 1624 1627 1644
f 1644 1627 1645
f 1647 1648 1646
f 1646 1648 1649
f 1651 1652 1650
f 1650 1652 1653
f 1655 1656 1654
f 1654 1656 1657
f 1659 1660 1658
f 1658 1660 1661
f 1662 1663 1631
f 1631 1663 1628
f 1651 1665 1664
f 1664 1665 1666
f 1667 1656 1619
f 1619 1656 1617
f 1669 1670 1668
f 1668 1670 1671
f 1632 1635 1672
f 1672 1635 1673
f 1674 1675 1638
f 1638 1675 1639
f 1677 1678 1676
f 1676 1678 1679
f 1680 1640 1681
f 1681 1640 1643
f 1682 1683 1643
f 1643 1683 1681
f 1670 1669 1235
f 1235 1669 1232
f 1396 1399 1674
f 1674 1399 1675
f 627 630 1679
f 1679 630 1676
f 1681 1315 1680
f 1680 1315 1311
f 1683 1377 1681
f 1681 1377 1315
f 1672 1673 1387
f 1387 1673 1385
f 1636 1684 1646
f 1646 1684 1685
f 1687 1688 1686
f 1686 1688 1689
f 1585 1690 1586
f 1586 1690 1691
f 1599 1692 1551
f 1551 1692 1693
f 1552 1558 1694
f 1694 1558 1557
f 1696 1615 1695
f 1695 1615 1614
f 1698 1699 1697
f 1697 1699 1623
f 1700 1701 1703
f 1703 1701 1702
f 1705 1706 1704
f 1704 1706 1707
f 1708 1709 1640
f 1640 1709 1641
f 1710 1711 1713
f 1713 1711 1712
f 1652 1655 1653
f 1653 1655 1654
f 1714 1699 1712
f 1712 1699 1713
f 1715 1710 1716
f 1716 1710 1713
f 1717 1708 1680
f 1680 1708 1640
f 1393 1392 1715
f 1715 1392 1710
f 1719 1720 1718
f 1718 1720 1721
f 1680 1311 1717
f 1717 1311 789
f 1378 1711 1392
f 1392 1711 1710
f 1388 1391 1719
f 1719 1391 1720
f 1723 1606 1722
f 1722 1606 1689
f 1725 1568 1724
f 1724 1568 1567
f 1726 1647 1685
f 1685 1647 1646
f 1728 1554 1727
f 1727 1554 1553
f 1591 1687 1600
f 1600 1687 1686
f 1730 1595 1729
f 1729 1595 1594
f 1601 1605 1731
f 1731 1605 1604
f 1733 1663 1732
f 1732 1663 1734
f 1736 1639 1735
f 1735 1639 1675
f 1658 1644 1737
f 1737 1644 1645
f 1726 1662 1724
f 1724 1662 1631
f 1399 1738 1675
f 1675 1738 1735
f 1621 1667 1739
f 1739 1667 1619
f 1714 1740 1620
f 1620 1740 1741
f 1592 1549 1593
f 1593 1549 1742
f 1602 1571 1603
f 1603 1571 1550
f 1688 1690 1689
f 1689 1690 1722
f 1588 1559 1582
f 1582 1559 1579
f 1673 1735 1385
f 1385 1735 1738
f 1387 1232 1672
f 1672 1232 1669
f 1580 1692 1573
f 1573 1692 1743
f 1377 1683 1378
f 1378 1683 1711
f 1664 1666 1744
f 1744 1666 1745
f 1744 1696 1664
f 1664 1696 1695
f 1746 1747 1732
f 1732 1747 1748
f 1749 1750 1677
f 1677 1750 1678
f 1709 1708 1750
f 1750 1708 1678
f 1668 1632 1669
f 1669 1632 1672
f 1633 1746 1734
f 1734 1746 1732
f 1679 1678 1717
f 1717 1678 1708
f 789 627 1717
f 1717 627 1679
f 1563 1723 1564
f 1564 1723 1722
f 1728 1584 1751
f 1751 1584 1583
f 1674 1676 1396
f 1396 1676 630
f 1666 1566 1745
f 1745 1566 1565
f 1627 1629 1645
f 1645 1629 1628
f 1637 1749 1638
f 1638 1749 1677
f 1648 1665 1649
f 1649 1665 1752
f 1740 1642 1741
f 1741 1642 1657
f 1676 1674 1677
f 1677 1674 1638
f 1683 1682 1711
f 1711 1682 1712
f 1618 1753 1619
f 1619 1753 1739
f 1701 1739 1702
f 1702 1739 1753
f 1754 1214 1756
f 1756 1214 1755
f 647 1757 619
f 619 1757 941
f 1759 1193 1758
f 1758 1193 691
f 1419 1760 1420
f 1420 1760 1761
f 682 1762 683
f 683 1762 1763
f 1412 780 1413
f 1413 780 1384
f 1383 1398 1384
f 1384 1398 1413
f 1197 1424 1764
f 1764 1424 1423
f 1537 1287 1538
f 1538 1287 1286
f 1634 1684 1635
f 1635 1684 1736
f 1724 1631 1725
f 1725 1631 1630
f 1562 1730 1610
f 1610 1730 1729
f 1735 1673 1736
f 1736 1673 1635
f 1757 1195 941
f 941 1195 1194
f 1766 200 1765
f 1765 200 199
f 475 500 476
f 476 500 479
f 498 558 483
f 483 558 487
f 545 551 546
f 546 551 550
f 453 1281 219
f 219 1281 1314
f 298 453 208
f 208 453 219
f 368 1765 1767
f 1767 1765 199
f 523 405 363
f 363 405 404
f 523 533 405
f 405 533 402
f 298 208 299
f 299 208 207
f 299 207 176
f 176 207 300
f 176 300 173
f 173 300 202
f 173 202 174
f 174 202 201
f 1337 918 1768
f 1768 918 1336
f 1769 1770 1338
f 1338 1770 859
f 581 570 578
f 578 570 1771
f 555 562 580
f 580 562 561
f 504 1772 501
f 501 1772 548
f 517 542 584
f 584 542 543
f 515 514 516
f 516 514 544
f 542 517 544
f 544 517 516
f 561 575 580
f 580 575 581
f 575 569 581
f 581 569 570
f 501 548 1773
f 1773 548 547
f 1774 1775 570
f 570 1775 1771
f 369 368 1776
f 1776 368 1767
f 372 369 375
f 375 369 1776
f 822 1280 1308
f 1308 1280 1320
f 820 1281 822
f 822 1281 1280
f 818 1314 820
f 820 1314 1281
f 1314 818 1313
f 1313 818 804
f 807 814 825
f 825 814 826
f 814 813 826
f 826 813 827
f 813 1220 827
f 827 1220 828
f 580 579 555
f 555 579 547
f 1477 1540 872
f 872 1540 840
f 367 499 368
f 368 499 1765
f 1766 1765 525
f 525 1765 499
f 1777 1766 526
f 526 1766 525
f 520 527 362
f 362 527 384
f 361 1778 519
f 519 1778 528
f 371 1779 372
f 372 1779 369
f 369 1779 370
f 370 1779 478
f 1779 371 478
f 478 371 374
f 1778 1777 528
f 528 1777 526
f 1781 1782 1780
f 1780 1782 1783
f 431 460 67
f 67 460 64
f 68 338 74
f 74 338 72
f 1785 1782 1784
f 1784 1782 1786
f 1787 1788 1790
f 1790 1788 1789
f 1792 1789 1791
f 1791 1789 1793
f 1791 1794 1792
f 1792 1794 1795
f 1794 1796 1795
f 1795 1796 1797
f 1797 1798 938
f 938 1798 868
f 1798 1799 868
f 868 1799 869
f 1801 1802 1800
f 1800 1802 1451
f 1803 1804 1205
f 1205 1804 1206
f 1805 1806 864
f 864 1806 865
f 1806 1807 865
f 865 1807 1808
f 68 71 338
f 287 328 288
f 1320 1321 1308
f 1308 1321 1309
f 1320 441 1321
f 1321 441 217
f 441 152 217
f 217 152 218
f 151 286 152
f 152 286 218
f 297 310 151
f 151 310 286
f 296 307 297
f 297 307 310
f 296 143 307
f 307 143 284
f 143 56 284
f 284 56 104
f 56 59 104
f 104 59 63
f 59 102 63
f 63 102 60
f 102 94 60
f 60 94 282
f 93 459 279
f 279 459 77
f 459 460 77
f 77 460 78
f 460 431 78
f 78 431 295
f 431 49 295
f 295 49 292
f 48 421 49
f 49 421 292
f 276 278 418
f 418 278 429
f 317 432 278
f 278 432 429
f 432 317 433
f 433 317 316
f 326 324 316
f 316 324 433
f 1536 592 1809
f 1809 592 591
f 1810 744 1812
f 1812 744 1811
f 1814 1815 1813
f 1813 1815 1816
f 1817 748 1818
f 1818 748 747
f 1812 1819 1810
f 1810 1819 1817
f 1820 1821 748
f 748 1821 749
f 1823 1824 1822
f 1822 1824 1825
f 1827 1828 1826
f 1826 1828 1829
f 1831 1832 1830
f 1830 1832 1833
f 1834 1827 1243
f 1243 1827 1826
f 1313 804 825
f 825 804 807
f 1835 1253 1236
f 1236 1253 1237
f 1836 1837 1438
f 1438 1837 1435
f 1838 1505 1840
f 1840 1505 1839
f 1841 1842 716
f 716 1842 713
f 1843 1844 1510
f 1510 1844 1845
f 1847 1848 1846
f 1846 1848 1849
f 1850 1240 1822
f 1822 1240 1239
f 636 1831 637
f 637 1831 1830
f 1852 1853 1851
f 1851 1853 1854
f 1855 1856 1858
f 1858 1856 1857
f 1846 1849 1859
f 1859 1849 1860
f 1343 1401 1509
f 1509 1401 1861
f 1509 1861 635
f 635 1861 636
f 1863 1864 1862
f 1862 1864 1865
f 1283 1503 1867
f 1867 1503 1866
f 1868 1867 681
f 681 1867 682
f 1286 1285 683
f 683 1285 684
f 757 756 1274
f 1274 756 1869
f 1274 1869 717
f 717 1869 718
f 1434 1433 719
f 719 1433 720
f 1200 1538 1545
f 1545 1538 1763
f 1285 1289 684
f 684 1289 1273
f 684 1273 681
f 681 1273 1272
f 785 1283 1868
f 1868 1283 1867
f 786 785 1870
f 1870 785 1868
f 1289 757 1273
f 1273 757 1274
f 1539 1416 1871
f 1871 1416 1872
f 773 1871 1403
f 1403 1871 1404
f 675 674 1405
f 1405 674 1402
f 1864 1873 1865
f 1865 1873 1874
f 638 1843 635
f 635 1843 1510
f 1344 1343 1511
f 1511 1343 1509
f 772 1539 773
f 773 1539 1871
f 674 1200 1402
f 1402 1200 1545
f 1538 1286 1763
f 1763 1286 683
f 1444 1443 1875
f 1875 1443 1876
f 1875 1876 1831
f 1831 1876 1832
f 1416 1344 1872
f 1872 1344 1511
f 1877 1878 774
f 774 1878 1879
f 1878 1847 1879
f 1879 1847 1846
f 1880 714 1881
f 1881 714 1848
f 1401 1444 1861
f 1861 1444 1875
f 1861 1875 636
f 636 1875 1831
f 1823 1863 1882
f 1882 1863 1862
f 1441 1440 1884
f 1884 1440 1883
f 1883 1852 1884
f 1884 1852 1851
f 1886 1887 1885
f 1885 1887 1888
f 1358 1889 1359
f 1359 1889 1890
f 1891 1886 1892
f 1892 1886 1885
f 774 1879 775
f 775 1879 1893
f 1859 1893 1846
f 1846 1893 1879
f 713 1842 1849
f 1849 1842 1860
f 1318 1895 1894
f 1894 1895 1896
f 1873 1897 1874
f 1874 1897 1898
f 1898 605 1899
f 1899 605 675
f 1405 1844 675
f 675 1844 1899
f 1404 1845 1405
f 1405 1845 1844
f 593 1296 591
f 591 1296 1809
f 1295 1292 1900
f 1900 1292 1895
f 606 1897 1291
f 1291 1897 1896
f 1510 1845 1511
f 1511 1845 1872
f 1871 1872 1404
f 1404 1872 1845
f 1866 770 1762
f 1762 770 1546
f 1762 682 1866
f 1866 682 1867
f 1870 1868 1272
f 1272 1868 681
f 1272 717 1870
f 1870 717 720
f 1870 720 786
f 786 720 1433
f 786 1433 787
f 787 1433 1432
f 1261 1414 1432
f 1432 1414 787
f 1389 1234 1260
f 1260 1234 1415
f 1719 1670 1388
f 1388 1670 1235
f 1718 1671 1719
f 1719 1671 1670
f 1705 1747 1718
f 1718 1747 1671
f 1659 1901 1704
f 1704 1901 1748
f 1877 1903 1902
f 1902 1903 1904
f 1259 1905 1390
f 1390 1905 1394
f 1715 1720 1393
f 1393 1720 1391
f 1716 1721 1715
f 1715 1721 1720
f 1698 1706 1716
f 1716 1706 1721
f 277 276 47
f 47 276 48
f 84 96 81
f 81 96 82
f 80 70 81
f 81 70 85
f 99 97 88
f 88 97 89
f 90 100 88
f 88 100 99
f 101 95 102
f 102 95 94
f 1906 1907 280
f 280 1907 281
f 97 86 89
f 89 86 85
f 60 282 61
f 61 282 281
f 83 82 46
f 46 82 47
f 293 292 420
f 420 292 421
f 419 1908 420
f 420 1908 1909
f 92 95 91
f 91 95 90
f 279 282 93
f 93 282 94
f 276 418 48
f 48 418 421
f 1910 1660 1697
f 1697 1660 1707
f 1703 1624 1700
f 1700 1624 1644
f 1622 1910 1623
f 1623 1910 1697
f 1701 1700 1911
f 1911 1700 1661
f 1700 1644 1661
f 1661 1644 1658
f 1901 1737 1733
f 1733 1737 1645
f 1625 1912 1604
f 1604 1912 1731
f 1912 1913 1731
f 1731 1913 1914
f 1913 1577 1914
f 1914 1577 1572
f 1915 1578 1616
f 1616 1578 1618
f 1915 1916 1598
f 1598 1916 1743
f 1916 1574 1743
f 1743 1574 1573
f 1575 1917 1576
f 1576 1917 1597
f 1917 1609 1597
f 1597 1609 1594
f 1608 1611 1729
f 1729 1611 1610
f 1918 1612 1629
f 1629 1612 1630
f 1626 1918 1627
f 1627 1918 1629
f 1920 1921 1919
f 1919 1921 1922
f 1920 1924 1923
f 1923 1924 1925
f 1926 1927 1924
f 1924 1927 1925
f 1929 1930 1928
f 1928 1930 1931
f 1932 1933 1935
f 1935 1933 1934
f 1937 1938 1936
f 1936 1938 1939
f 1941 1942 1940
f 1940 1942 1943
f 1941 1945 1944
f 1944 1945 1946
f 1947 1948 1694
f 1694 1948 1949
f 1950 1951 1953
f 1953 1951 1952
f 1955 1956 1954
f 1954 1956 1589
f 1958 1956 1957
f 1957 1956 1932
f 1960 1934 1959
f 1959 1934 1933
f 1962 1963 1961
f 1961 1963 1964
f 1965 1955 1751
f 1751 1955 1954
f 1935 1930 1932
f 1932 1930 1957
f 1951 1950 1926
f 1926 1950 1929
f 1966 1967 1593
f 1593 1967 1590
f 1969 1967 1968
f 1968 1967 1964
f 1962 1921 1970
f 1970 1921 1971
f 1963 1945 1964
f 1964 1945 1968
f 1972 1948 1922
f 1922 1948 1919
f 1966 1972 1961
f 1961 1972 1922
f 1958 1953 1587
f 1587 1953 1560
f 1974 1975 1973
f 1973 1975 1976
f 1978 1979 1977
f 1977 1979 1691
f 1979 1975 1691
f 1691 1975 1586
f 1938 1942 1939
f 1939 1942 1980
f 1952 1947 1557
f 1557 1947 1694
f 1969 1978 1981
f 1981 1978 1977
f 1983 1984 1982
f 1982 1984 1985
f 1986 1987 1989
f 1989 1987 1988
f 1990 1991 1983
f 1983 1991 1984
f 1990 1993 1992
f 1992 1993 1994
f 1995 1996 1994
f 1994 1996 1997
f 1999 2000 1998
f 1998 2000 2001
f 2003 2004 2002
f 2002 2004 2005
f 2007 2008 2006
f 2006 2008 2009
f 2011 2012 2010
f 2010 2012 2013
f 2014 2015 2017
f 2017 2015 2016
f 2018 2019 2021
f 2021 2019 2020
f 2022 1989 2024
f 2024 1989 2023
f 1989 1988 2023
f 2023 1988 2025
f 2026 2027 2017
f 2017 2027 2014
f 2029 2030 2028
f 2028 2030 2031
f 2033 2034 2032
f 2032 2034 2035
f 2032 2035 2036
f 2036 2035 2037
f 2039 2040 2038
f 2038 2040 2041
f 1982 2042 1983
f 1983 2042 2043
f 2045 2046 2044
f 2044 2046 2047
f 2049 2050 2048
f 2048 2050 2051
f 2053 2054 2052
f 2052 2054 2055
f 2057 2058 2056
f 2056 2058 2059
f 2060 2061 2033
f 2033 2061 2034
f 2063 2064 2062
f 2062 2064 2065
f 2066 2035 2067
f 2067 2035 2034
f 2069 2039 2068
f 2068 2039 2038
f 2025 2070 2023
f 2023 2070 2071
f 2072 2024 2071
f 2071 2024 2023
f 2074 2020 2073
f 2073 2020 2019
f 2050 2049 2047
f 2047 2049 2075
f 1983 2043 1990
f 1990 2043 1993
f 2006 2050 2007
f 2007 2050 2076
f 2050 2006 2051
f 2051 2006 2077
f 2079 2080 2078
f 2078 2080 2081
f 2082 2083 2085
f 2085 2083 2084
f 2010 2013 2086
f 2086 2013 2087
f 2089 2033 2088
f 2088 2033 2032
f 2090 2060 2089
f 2089 2060 2033
f 2092 2093 2091
f 2091 2093 2094
f 2096 1986 2095
f 2095 1986 2097
f 2097 1986 2022
f 2022 1986 1989
f 2015 2094 2016
f 2016 2094 2098
f 2016 2098 2100
f 2100 2098 2099
f 2017 2016 2101
f 2101 2016 2100
f 2017 2101 2026
f 2026 2101 2102
f 2100 2099 2104
f 2104 2099 2103
f 2104 2105 2100
f 2100 2105 2101
f 2105 2106 2101
f 2101 2106 2102
f 2108 2061 2107
f 2107 2061 2109
f 2111 2112 2110
f 2110 2112 2020
f 2020 2074 2110
f 2110 2074 2113
f 2115 2116 2114
f 2114 2116 2117
f 2118 2119 1995
f 1995 2119 2120
f 2121 2122 2027
f 2027 2122 2014
f 2047 2075 2044
f 2044 2075 2123
f 2124 2125 2127
f 2127 2125 2126
f 2129 2130 2128
f 2128 2130 2131
f 2132 2133 2057
f 2057 2133 2058
f 2134 1999 2136
f 2136 1999 2135
f 2055 2138 2137
f 2137 2138 2139
f 2141 2142 2140
f 2140 2142 2143
f 2083 2082 2064
f 2064 2082 2065
f 2082 2144 2065
f 2065 2144 2145
f 2040 2146 2041
f 2041 2146 2147
f 2060 2090 2148
f 2148 2090 2149
f 2048 2051 2137
f 2137 2051 2150
f 2151 1997 2135
f 2135 1997 1996
f 2152 2150 2077
f 2077 2150 2051
f 2046 2045 2118
f 2118 2045 2119
f 2154 2155 2153
f 2153 2155 2156
f 2158 2159 2157
f 2157 2159 2160
f 2162 2163 2161
f 2161 2163 2164
f 2164 2163 2165
f 2165 2163 2166
f 2168 2169 2167
f 2167 2169 2170
f 2003 2172 2171
f 2171 2172 2173
f 2174 2175 2002
f 2002 2175 2176
f 2145 2177 2065
f 2065 2177 2062
f 2178 2179 2180
f 2180 2179 2134
f 2181 2052 2152
f 2152 2052 2150
f 2040 2127 2146
f 2146 2127 2182
f 2130 2162 2131
f 2131 2162 2161
f 2052 2055 2150
f 2150 2055 2137
f 2184 2185 2183
f 2183 2185 2186
f 2159 2030 2160
f 2160 2030 2187
f 2146 2182 2029
f 2029 2182 2188
f 2189 2190 2192
f 2192 2190 2191
f 2172 2003 2176
f 2176 2003 2002
f 1998 2151 1999
f 1999 2151 2135
f 2177 2172 2062
f 2062 2172 2176
f 2172 2177 2173
f 2173 2177 2193
f 2063 2194 2064
f 2064 2194 2195
f 2066 2197 2196
f 2196 2197 2198
f 2002 2005 2174
f 2174 2005 2199
f 2004 2003 2200
f 2200 2003 2171
f 2198 2201 2171
f 2171 2201 2200
f 2197 2202 2198
f 2198 2202 2201
f 2202 2197 2203
f 2203 2197 2204
f 2196 2198 2173
f 2173 2198 2171
f 2205 2069 2170
f 2170 2069 2206
f 2197 2066 2204
f 2204 2066 2067
f 2107 2207 2108
f 2108 2207 2208
f 2210 2208 2209
f 2209 2208 2207
f 2185 2211 2212
f 2213 2214 2211
f 2211 2214 2212
f 1998 2001 2213
f 2213 2001 2214
f 2134 2215 1999
f 1999 2215 2000
f 2216 2217 2219
f 2219 2217 2218
f 2206 2220 2170
f 2170 2220 2167
f 2069 2068 2206
f 2206 2068 2221
f 2151 1998 2222
f 2222 1998 2213
f 2124 2039 2205
f 2205 2039 2069
f 2142 2223 2143
f 2143 2223 2128
f 2203 2186 2202
f 2202 2186 2185
f 2185 2184 2211
f 2211 2184 2224
f 2224 2225 2222
f 2222 2225 2226
f 2071 2227 2072
f 2072 2227 2228
f 2229 2074 2230
f 2230 2074 2073
f 2074 2229 2113
f 2113 2229 2231
f 2232 2225 2227
f 2227 2225 2224
f 2233 2234 2031
f 2031 2234 2028
f 2236 2231 2235
f 2235 2231 2229
f 2230 2183 2229
f 2229 2183 2235
f 2237 1987 2096
f 2096 1987 1986
f 2152 2238 2181
f 2181 2238 2239
f 2080 2240 2081
f 2081 2240 2241
f 2236 2242 1971
f 1971 2242 1970
f 1925 2113 1923
f 1923 2113 2231
f 2110 1927 2111
f 2111 1927 1928
f 2103 2111 1931
f 1931 2111 1928
f 1931 2243 2103
f 2103 2243 2104
f 2105 2104 2244
f 2244 2104 2243
f 1939 1980 2148
f 2148 1980 2109
f 1980 1944 2109
f 2109 1944 2107
f 1946 2245 2207
f 2207 2245 2209
f 2245 1970 2209
f 2209 1970 2242
f 2231 2236 1923
f 1923 2236 1971
f 2113 1925 2110
f 2110 1925 1927
f 2234 2246 2028
f 2028 2246 2147
f 2247 2248 2058
f 2058 2248 2059
f 2114 2117 2249
f 2249 2117 2250
f 2252 2253 2251
f 2251 2253 2254
f 2094 2015 2091
f 2091 2015 2255
f 2256 2255 2014
f 2014 2255 2015
f 2257 2145 2258
f 2258 2145 2144
f 2131 2161 2123
f 2123 2161 2044
f 2045 2044 2164
f 2164 2044 2161
f 2045 2164 2119
f 2119 2164 2165
f 2259 2120 2165
f 2165 2120 2119
f 2260 2261 2259
f 2259 2261 2120
f 2205 2262 2124
f 2124 2262 2125
f 2180 2263 2178
f 2178 2263 2264
f 2265 2266 2092
f 2092 2266 2093
f 1992 2267 2268
f 2184 2228 2224
f 2224 2228 2227
f 2048 2269 2049
f 2049 2269 2141
f 2129 2168 2157
f 2157 2168 2167
f 2049 2141 2075
f 2075 2141 2140
f 2199 2215 2270
f 2270 2215 2271
f 2142 2141 2272
f 2272 2141 2269
f 2089 2026 2090
f 2090 2026 2102
f 2146 2029 2147
f 2147 2029 2028
f 2111 2103 2112
f 2112 2103 2099
f 2061 2060 2109
f 2109 2060 2148
f 2273 2274 2041
f 2041 2274 2038
f 2260 2275 2261
f 2261 2275 2136
f 2057 2138 2132
f 2132 2138 2276
f 2272 2269 2056
f 2056 2269 2139
f 2277 2278 2270
f 2270 2278 2199
f 2029 2188 2030
f 2030 2188 2187
f 2040 2039 2127
f 2127 2039 2124
f 2064 2195 2083
f 2083 2195 2279
f 2056 2139 2057
f 2057 2139 2138
f 2278 2277 2247
f 2247 2277 2248
f 2062 2176 2063
f 2063 2176 2175
f 2280 2210 2242
f 2242 2210 2209
f 2282 2233 2281
f 2281 2233 2031
f 2216 2219 2283
f 2283 2219 2221
f 2158 2220 2218
f 2218 2220 2219
f 2217 2282 2218
f 2218 2282 2281
f 2220 2158 2167
f 2167 2158 2157
f 2223 2264 2128
f 2128 2264 2263
f 2261 1996 2120
f 2120 1996 1995
f 2213 2211 2222
f 2222 2211 2224
f 2283 2221 2284
f 2284 2221 2068
f 2135 1996 2136
f 2136 1996 2261
f 2144 2081 2258
f 2258 2081 2241
f 2235 2280 2236
f 2236 2280 2242
f 2246 2273 2147
f 2147 2273 2041
f 2036 2285 2032
f 2032 2285 2088
f 2077 2286 2152
f 2152 2286 2238
f 1937 1960 1973
f 1973 1960 1959
f 2070 2232 2071
f 2071 2232 2227
f 2244 2287 2105
f 2105 2287 2106
f 1936 1939 2149
f 2149 1939 2148
f 1944 1946 2107
f 2107 1946 2207
f 2285 2121 2088
f 2088 2121 2027
f 2253 2249 2254
f 2254 2249 2250
f 2006 2009 2077
f 2077 2009 2286
f 2289 2086 2288
f 2288 2086 2087
f 2223 2142 2290
f 2290 2142 2272
f 2128 2131 2143
f 2143 2131 2123
f 2156 2291 2153
f 2153 2291 2175
f 2292 2293 2278
f 2278 2293 2294
f 2075 2140 2123
f 2123 2140 2143
f 2262 2169 2275
f 2275 2169 2180
f 2275 2180 2136
f 2136 2180 2134
f 2274 2284 2038
f 2038 2284 2068
f 2127 2126 2182
f 2182 2126 2166
f 2094 2093 2098
f 2098 2093 2021
f 2098 2021 2099
f 2099 2021 2112
f 2018 2021 2266
f 2266 2021 2093
f 2251 2289 2252
f 2252 2289 2288
f 1997 2151 2226
f 2226 2151 2222
f 2206 2221 2220
f 2220 2221 2219
f 2269 2048 2139
f 2139 2048 2137
f 2159 2158 2281
f 2281 2158 2218
f 2156 2155 2190
f 2190 2155 2191
f 1974 1965 1583
f 1583 1965 1751
f 2088 2027 2089
f 2089 2027 2026
f 2030 2159 2031
f 2031 2159 2281
f 2106 2149 2102
f 2102 2149 2090
f 2287 1936 2106
f 2106 1936 2149
f 2293 2154 2294
f 2294 2154 2153
f 2021 2020 2112
f 2247 2295 2278
f 2278 2295 2292
f 2284 2296 2283
f 2283 2296 2297
f 2298 2296 2274
f 2274 2296 2284
f 2273 2299 2274
f 2274 2299 2298
f 2246 2300 2273
f 2273 2300 2299
f 2283 2297 2216
f 2216 2297 2301
f 2216 2301 2217
f 2217 2301 2302
f 2302 2303 2217
f 2217 2303 2282
f 2304 2301 2305
f 2305 2301 2297
f 2307 2308 2306
f 2306 2308 2309
f 2306 2310 2307
f 2307 2310 2311
f 2307 2312 2308
f 2308 2312 2313
f 2314 2315 2312
f 2312 2315 2316
f 2316 2317 2312
f 2312 2317 2313
f 2317 2305 2313
f 2313 2305 2318
f 2314 2312 2311
f 2311 2312 2307
f 2319 2320 2322
f 2322 2320 2321
f 2322 2311 2319
f 2319 2311 2310
f 2313 2318 2308
f 2308 2318 2309
f 2296 2298 2318
f 2318 2298 2309
f 2309 2298 2323
f 2323 2298 2299
f 2306 2309 2324
f 2324 2309 2323
f 2310 2306 2325
f 2325 2306 2324
f 2296 2318 2297
f 2297 2318 2305
f 2319 2310 2326
f 2326 2310 2325
f 2328 2325 2327
f 2327 2325 2324
f 2325 2328 2326
f 2326 2328 2329
f 2331 2328 2330
f 2330 2328 2327
f 2332 2333 2327
f 2327 2333 2330
f 2328 2331 2329
f 2329 2331 2334
f 2324 2323 2327
f 2327 2323 2332
f 2300 2332 2299
f 2299 2332 2323
f 2326 2335 2319
f 2319 2335 2320
f 2305 2317 2336
f 2336 2317 2316
f 2336 2316 2337
f 2337 2316 2315
f 2338 2304 2336
f 2336 2304 2305
f 2337 2339 2336
f 2336 2339 2338
f 2337 2315 2341
f 2341 2315 2340
f 2342 2300 2234
f 2234 2300 2246
f 2303 2343 2282
f 2282 2343 2233
f 2234 2233 2342
f 2342 2233 2343
f 2342 2343 2333
f 2333 2343 2344
f 2333 2344 2330
f 2330 2344 2345
f 2346 2344 2303
f 2303 2344 2343
f 2332 2300 2333
f 2333 2300 2342
f 2347 2346 2302
f 2302 2346 2303
f 2301 2304 2302
f 2302 2304 2347
f 2304 2338 2347
f 2347 2338 2348
f 2348 2349 2347
f 2347 2349 2346
f 2350 2351 2348
f 2348 2351 2349
f 2349 2345 2346
f 2346 2345 2344
f 2345 2349 2352
f 2352 2349 2351
f 2338 2339 2348
f 2348 2339 2350
f 2350 2339 2353
f 2353 2339 2354
f 2356 2357 2355
f 2355 2357 2353
f 2351 2350 2357
f 2357 2350 2353
f 2353 2354 2355
f 2355 2354 2335
f 2320 2335 2341
f 2341 2335 2354
f 2339 2337 2354
f 2354 2337 2341
f 2352 2331 2345
f 2345 2331 2330
f 2356 2334 2352
f 2352 2334 2331
f 2356 2352 2357
f 2357 2352 2351
f 2355 2329 2356
f 2356 2329 2334
f 2335 2326 2355
f 2355 2326 2329
f 2321 2314 2322
f 2322 2314 2311
f 2321 2320 2340
f 2340 2320 2341
f 2315 2314 2340
f 2340 2314 2321
f 2125 2260 2126
f 2126 2260 2259
f 2157 2160 2129
f 2129 2160 2130
f 2188 2163 2187
f 2187 2163 2162
f 2182 2166 2188
f 2188 2166 2163
f 2180 2169 2263
f 2263 2169 2168
f 2160 2187 2130
f 2130 2187 2162
f 2275 2260 2262
f 2262 2260 2125
f 2128 2263 2129
f 2129 2263 2168
f 2262 2205 2169
f 2169 2205 2170
f 2165 2166 2259
f 2259 2166 2126
f 2359 2360 2358
f 2358 2360 2361
f 2363 2364 2362
f 2362 2364 2365
f 2367 2363 2366
f 2366 2363 2362
f 2368 2369 2371
f 2371 2369 2370
f 2372 2373 2248
f 2248 2373 2059
f 2364 2374 2365
f 2365 2374 2375
f 2377 2378 2376
f 2376 2378 2379
f 2290 2380 2223
f 2223 2380 2381
f 2223 2381 2264
f 2264 2381 2382
f 2384 2385 2383
f 2383 2385 2386
f 2364 2371 2374
f 2374 2371 2387
f 2059 2373 2290
f 2290 2373 2380
f 2378 2360 2379
f 2379 2360 2388
f 2374 2387 2359
f 2359 2387 2389
f 2390 2367 2386
f 2386 2367 2391
f 2393 2394 2392
f 2392 2394 2395
f 2386 2391 2383
f 2383 2391 2396
f 2367 2366 2391
f 2391 2366 2397
f 2363 2367 2368
f 2368 2367 2390
f 2398 2399 2361
f 2361 2399 2358
f 2399 2400 2358
f 2358 2400 2375
f 2390 2401 2368
f 2368 2401 2369
f 2372 2384 2376
f 2376 2384 2383
f 2374 2359 2375
f 2375 2359 2358
f 2402 2403 2365
f 2365 2403 2362
f 2359 2389 2360
f 2360 2389 2388
f 2364 2363 2371
f 2371 2363 2368
f 2405 2398 2404
f 2404 2398 2361
f 2392 2395 2406
f 2406 2395 2397
f 2377 2396 2394
f 2394 2396 2395
f 2394 2393 2404
f 2404 2393 2405
f 2396 2377 2383
f 2383 2377 2376
f 2406 2397 2407
f 2407 2397 2366
f 2400 2402 2375
f 2375 2402 2365
f 2385 2270 2401
f 2401 2270 2271
f 2403 2407 2362
f 2362 2407 2366
f 2371 2370 2387
f 2387 2370 2382
f 2391 2397 2396
f 2396 2397 2395
f 2378 2377 2404
f 2404 2377 2394
f 2360 2378 2361
f 2361 2378 2404
f 2407 2408 2406
f 2406 2408 2409
f 2410 2408 2403
f 2403 2408 2407
f 2411 2410 2402
f 2402 2410 2403
f 2412 2411 2400
f 2400 2411 2402
f 2406 2409 2392
f 2392 2409 2413
f 2392 2413 2393
f 2393 2413 2414
f 2415 2405 2414
f 2414 2405 2393
f 2416 2413 2417
f 2417 2413 2409
f 2419 2420 2418
f 2418 2420 2421
f 2420 2422 2421
f 2421 2422 2423
f 2420 2424 2422
f 2422 2424 2425
f 2426 2427 2424
f 2424 2427 2428
f 2428 2429 2424
f 2424 2429 2425
f 2426 2424 2419
f 2419 2424 2420
f 2419 2418 2431
f 2431 2418 2430
f 2425 2432 2422
f 2422 2432 2423
f 2408 2410 2432
f 2432 2410 2423
f 2423 2410 2433
f 2433 2410 2411
f 2421 2423 2434
f 2434 2423 2433
f 2435 2418 2434
f 2434 2418 2421
f 2429 2417 2425
f 2425 2417 2432
f 2408 2432 2409
f 2409 2432 2417
f 2418 2435 2430
f 2430 2435 2436
f 2438 2435 2437
f 2437 2435 2434
f 2435 2438 2436
f 2436 2438 2439
f 2441 2438 2440
f 2440 2438 2437
f 2442 2443 2437
f 2437 2443 2440
f 2439 2438 2444
f 2444 2438 2441
f 2433 2442 2434
f 2434 2442 2437
f 2412 2442 2411
f 2411 2442 2433
f 2436 2445 2430
f 2430 2445 2446
f 2430 2446 2431
f 2431 2446 2447
f 2417 2429 2448
f 2448 2429 2428
f 2427 2449 2428
f 2428 2449 2448
f 2450 2416 2448
f 2448 2416 2417
f 2451 2450 2449
f 2449 2450 2448
f 2427 2452 2449
f 2449 2452 2453
f 2447 2446 2452
f 2452 2446 2453
f 2454 2412 2399
f 2399 2412 2400
f 2415 2455 2405
f 2405 2455 2398
f 2399 2398 2454
f 2454 2398 2455
f 2454 2455 2443
f 2443 2455 2456
f 2443 2456 2440
f 2440 2456 2457
f 2458 2456 2415
f 2415 2456 2455
f 2443 2442 2454
f 2454 2442 2412
f 2459 2458 2414
f 2414 2458 2415
f 2413 2416 2414
f 2414 2416 2459
f 2459 2416 2460
f 2460 2416 2450
f 2460 2461 2459
f 2459 2461 2458
f 2462 2463 2460
f 2460 2463 2461
f 2461 2457 2458
f 2458 2457 2456
f 2457 2461 2464
f 2464 2461 2463
f 2451 2462 2450
f 2450 2462 2460
f 2462 2451 2465
f 2465 2451 2466
f 2468 2469 2467
f 2467 2469 2465
f 2463 2462 2469
f 2469 2462 2465
f 2465 2466 2467
f 2467 2466 2445
f 2446 2445 2453
f 2453 2445 2466
f 2451 2449 2466
f 2466 2449 2453
f 2464 2441 2457
f 2457 2441 2440
f 2468 2444 2464
f 2464 2444 2441
f 2468 2464 2469
f 2469 2464 2463
f 2467 2439 2468
f 2468 2439 2444
f 2445 2436 2467
f 2467 2436 2439
f 2447 2426 2431
f 2431 2426 2419
f 2427 2426 2452
f 2452 2426 2447
f 2369 2179 2370
f 2370 2179 2178
f 2376 2379 2372
f 2372 2379 2373
f 2389 2381 2388
f 2388 2381 2380
f 2387 2382 2389
f 2389 2382 2381
f 2270 2385 2277
f 2277 2385 2384
f 2379 2388 2373
f 2373 2388 2380
f 2401 2271 2369
f 2369 2271 2179
f 2248 2277 2372
f 2372 2277 2384
f 2401 2390 2385
f 2385 2390 2386
f 2264 2382 2178
f 2178 2382 2370
f 2215 2134 2271
f 2271 2134 2179
f 2005 2000 2199
f 2199 2000 2215
f 2004 2001 2005
f 2005 2001 2000
f 2200 2214 2004
f 2004 2214 2001
f 2470 2471 2473
f 2473 2471 2472
f 2475 2476 2474
f 2474 2476 2477
f 2479 2475 2478
f 2478 2475 2474
f 2481 2482 2480
f 2480 2482 2483
f 2476 2484 2477
f 2477 2484 2485
f 2487 2488 2486
f 2486 2488 2489
f 2133 2490 2058
f 2058 2490 2491
f 2058 2491 2247
f 2247 2491 2492
f 2494 2495 2493
f 2493 2495 2496
f 2476 2483 2484
f 2484 2483 2497
f 2472 2498 2488
f 2488 2498 2489
f 2484 2497 2471
f 2471 2497 2499
f 2500 2479 2496
f 2496 2479 2501
f 2502 2503 2505
f 2505 2503 2504
f 2496 2501 2493
f 2493 2501 2506
f 2479 2478 2501
f 2501 2478 2507
f 2475 2479 2480
f 2480 2479 2500
f 2508 2509 2473
f 2473 2509 2470
f 2509 2510 2470
f 2470 2510 2485
f 2511 2481 2500
f 2500 2481 2480
f 2512 2494 2486
f 2486 2494 2493
f 2485 2484 2470
f 2470 2484 2471
f 2513 2514 2477
f 2477 2514 2474
f 2471 2499 2472
f 2472 2499 2498
f 2476 2475 2483
f 2483 2475 2480
f 2516 2508 2515
f 2515 2508 2473
f 2502 2505 2517
f 2517 2505 2507
f 2504 2487 2505
f 2505 2487 2506
f 2503 2516 2504
f 2504 2516 2515
f 2506 2487 2493
f 2493 2487 2486
f 2517 2507 2518
f 2518 2507 2478
f 2510 2513 2485
f 2485 2513 2477
f 2511 2495 2293
f 2293 2495 2154
f 2514 2518 2474
f 2474 2518 2478
f 2483 2482 2497
f 2497 2482 2492
f 2501 2507 2506
f 2506 2507 2505
f 2488 2487 2515
f 2515 2487 2504
f 2472 2488 2473
f 2473 2488 2515
f 2518 2519 2517
f 2517 2519 2520
f 2521 2519 2514
f 2514 2519 2518
f 2522 2521 2513
f 2513 2521 2514
f 2523 2522 2510
f 2510 2522 2513
f 2517 2520 2502
f 2502 2520 2524
f 2502 2524 2503
f 2503 2524 2525
f 2525 2526 2503
f 2503 2526 2516
f 2527 2524 2528
f 2528 2524 2520
f 2530 2531 2529
f 2529 2531 2532
f 2531 2533 2532
f 2532 2533 2534
f 2531 2535 2533
f 2533 2535 2536
f 2537 2538 2535
f 2535 2538 2539
f 2539 2540 2535
f 2535 2540 2536
f 2537 2535 2530
f 2530 2535 2531
f 2529 2541 2530
f 2530 2541 2542
f 2543 2534 2536
f 2536 2534 2533
f 2519 2521 2543
f 2543 2521 2534
f 2534 2521 2544
f 2544 2521 2522
f 2532 2534 2545
f 2545 2534 2544
f 2529 2532 2546
f 2546 2532 2545
f 2536 2540 2543
f 2543 2540 2528
f 2519 2543 2520
f 2520 2543 2528
f 2541 2529 2547
f 2547 2529 2546
f 2548 2549 2545
f 2545 2549 2546
f 2549 2550 2546
f 2546 2550 2547
f 2551 2552 2548
f 2548 2552 2549
f 2548 2553 2551
f 2551 2553 2554
f 2550 2549 2555
f 2555 2549 2552
f 2545 2544 2548
f 2548 2544 2553
f 2523 2553 2522
f 2522 2553 2544
f 2547 2556 2541
f 2541 2556 2557
f 2541 2557 2542
f 2542 2557 2558
f 2528 2540 2559
f 2559 2540 2539
f 2538 2560 2539
f 2539 2560 2559
f 2561 2527 2559
f 2559 2527 2528
f 2560 2562 2559
f 2559 2562 2561
f 2560 2538 2564
f 2564 2538 2563
f 2558 2557 2563
f 2563 2557 2564
f 2565 2523 2509
f 2509 2523 2510
f 2526 2566 2516
f 2516 2566 2508
f 2509 2508 2565
f 2565 2508 2566
f 2565 2566 2554
f 2554 2566 2567
f 2554 2567 2551
f 2551 2567 2568
f 2569 2567 2526
f 2526 2567 2566
f 2553 2523 2554
f 2554 2523 2565
f 2570 2569 2525
f 2525 2569 2526
f 2524 2527 2525
f 2525 2527 2570
f 2527 2561 2570
f 2570 2561 2571
f 2571 2572 2570
f 2570 2572 2569
f 2573 2574 2571
f 2571 2574 2572
f 2572 2568 2569
f 2569 2568 2567
f 2568 2572 2575
f 2575 2572 2574
f 2562 2573 2561
f 2561 2573 2571
f 2573 2562 2576
f 2576 2562 2577
f 2579 2580 2578
f 2578 2580 2576
f 2574 2573 2580
f 2580 2573 2576
f 2576 2577 2578
f 2578 2577 2556
f 2557 2556 2564
f 2564 2556 2577
f 2562 2560 2577
f 2577 2560 2564
f 2575 2552 2568
f 2568 2552 2551
f 2579 2555 2575
f 2575 2555 2552
f 2579 2575 2580
f 2580 2575 2574
f 2550 2555 2578
f 2578 2555 2579
f 2556 2547 2578
f 2578 2547 2550
f 2558 2537 2542
f 2542 2537 2530
f 2538 2537 2563
f 2563 2537 2558
f 2292 2295 2481
f 2481 2295 2482
f 2486 2489 2512
f 2512 2489 2581
f 2499 2491 2498
f 2498 2491 2490
f 2497 2492 2499
f 2499 2492 2491
f 2155 2154 2494
f 2494 2154 2495
f 2581 2489 2490
f 2490 2489 2498
f 2293 2292 2511
f 2511 2292 2481
f 2191 2155 2512
f 2512 2155 2494
f 2500 2496 2511
f 2511 2496 2495
f 2247 2492 2295
f 2295 2492 2482
f 2583 2584 2582
f 2582 2584 2585
f 2587 2588 2586
f 2586 2588 2589
f 2591 2587 2590
f 2590 2587 2586
f 2593 2594 2592
f 2592 2594 2595
f 2596 2597 2599
f 2599 2597 2598
f 2588 2600 2589
f 2589 2600 2601
f 2602 2603 2605
f 2605 2603 2604
f 2606 2607 2609
f 2609 2607 2608
f 2609 2608 2190
f 2190 2608 2610
f 2611 2612 2614
f 2614 2612 2613
f 2600 2588 2615
f 2615 2588 2595
f 2599 2598 2606
f 2606 2598 2607
f 2584 2616 2604
f 2604 2616 2605
f 2600 2615 2583
f 2583 2615 2617
f 2591 2619 2618
f 2618 2619 2614
f 2621 2622 2620
f 2620 2622 2623
f 2619 2624 2614
f 2614 2624 2611
f 2591 2590 2619
f 2619 2590 2625
f 2587 2591 2592
f 2592 2591 2618
f 2626 2627 2585
f 2585 2627 2582
f 2627 2628 2582
f 2582 2628 2601
f 2629 2593 2618
f 2618 2593 2592
f 2602 2597 2611
f 2611 2597 2612
f 2600 2583 2601
f 2601 2583 2582
f 2630 2631 2589
f 2589 2631 2586
f 2583 2617 2584
f 2584 2617 2616
f 2588 2587 2595
f 2595 2587 2592
f 2633 2626 2632
f 2632 2626 2585
f 2620 2623 2634
f 2634 2623 2625
f 2622 2603 2623
f 2623 2603 2624
f 2621 2633 2622
f 2622 2633 2632
f 2611 2624 2602
f 2602 2624 2603
f 2634 2625 2635
f 2635 2625 2590
f 2628 2630 2601
f 2601 2630 2589
f 2613 2195 2629
f 2629 2195 2194
f 2631 2635 2586
f 2586 2635 2590
f 2595 2594 2615
f 2615 2594 2610
f 2619 2625 2624
f 2624 2625 2623
f 2632 2604 2622
f 2622 2604 2603
f 2585 2584 2632
f 2632 2584 2604
f 2635 2636 2634
f 2634 2636 2637
f 2638 2636 2631
f 2631 2636 2635
f 2639 2638 2630
f 2630 2638 2631
f 2640 2639 2628
f 2628 2639 2630
f 2634 2637 2620
f 2620 2637 2641
f 2620 2641 2621
f 2621 2641 2642
f 2642 2643 2621
f 2621 2643 2633
f 2641 2637 2644
f 2644 2637 2645
f 2646 2647 2649
f 2649 2647 2648
f 2648 2650 2649
f 2649 2650 2651
f 2648 2652 2650
f 2650 2652 2653
f 2652 2654 2656
f 2656 2654 2655
f 2656 2657 2652
f 2652 2657 2653
f 2654 2652 2647
f 2647 2652 2648
f 2647 2646 2659
f 2659 2646 2658
f 2660 2651 2653
f 2653 2651 2650
f 2636 2638 2660
f 2660 2638 2651
f 2651 2638 2661
f 2661 2638 2639
f 2651 2661 2649
f 2649 2661 2662
f 2663 2646 2662
f 2662 2646 2649
f 2653 2657 2660
f 2660 2657 2645
f 2636 2660 2637
f 2637 2660 2645
f 2646 2663 2658
f 2658 2663 2664
f 2665 2666 2662
f 2662 2666 2663
f 2666 2667 2663
f 2663 2667 2664
f 2668 2669 2665
f 2665 2669 2666
f 2665 2670 2668
f 2668 2670 2671
f 2667 2666 2672
f 2672 2666 2669
f 2662 2661 2665
f 2665 2661 2670
f 2640 2670 2639
f 2639 2670 2661
f 2673 2674 2664
f 2664 2674 2658
f 2658 2674 2659
f 2659 2674 2675
f 2645 2657 2676
f 2676 2657 2656
f 2677 2676 2655
f 2655 2676 2656
f 2676 2678 2645
f 2645 2678 2644
f 2677 2679 2676
f 2676 2679 2678
f 2655 2680 2677
f 2677 2680 2681
f 2675 2674 2680
f 2680 2674 2681
f 2682 2640 2627
f 2627 2640 2628
f 2643 2683 2633
f 2633 2683 2626
f 2682 2627 2683
f 2683 2627 2626
f 2683 2684 2682
f 2682 2684 2671
f 2684 2685 2671
f 2671 2685 2668
f 2686 2684 2643
f 2643 2684 2683
f 2670 2640 2671
f 2671 2640 2682
f 2687 2686 2642
f 2642 2686 2643
f 2642 2641 2687
f 2687 2641 2644
f 2687 2644 2688
f 2688 2644 2678
f 2688 2689 2687
f 2687 2689 2686
f 2690 2691 2688
f 2688 2691 2689
f 2689 2685 2686
f 2686 2685 2684
f 2685 2689 2692
f 2692 2689 2691
f 2679 2690 2678
f 2678 2690 2688
f 2690 2679 2693
f 2693 2679 2694
f 2696 2697 2695
f 2695 2697 2693
f 2691 2690 2697
f 2697 2690 2693
f 2693 2694 2695
f 2695 2694 2673
f 2674 2673 2681
f 2681 2673 2694
f 2679 2677 2694
f 2694 2677 2681
f 2685 2692 2668
f 2668 2692 2669
f 2696 2672 2692
f 2692 2672 2669
f 2696 2692 2697
f 2697 2692 2691
f 2695 2667 2696
f 2696 2667 2672
f 2673 2664 2695
f 2695 2664 2667
f 2675 2654 2659
f 2659 2654 2647
f 2655 2654 2680
f 2680 2654 2675
f 2291 2156 2593
f 2593 2156 2594
f 2597 2602 2598
f 2598 2602 2605
f 2616 2617 2607
f 2607 2617 2608
f 2615 2610 2617
f 2617 2610 2608
f 2597 2596 2612
f 2612 2596 2698
f 2598 2605 2607
f 2607 2605 2616
f 2194 2291 2629
f 2629 2291 2593
f 2629 2618 2613
f 2613 2618 2614
f 2190 2610 2156
f 2156 2610 2594
f 2700 2010 2699
f 2699 2010 2086
f 2267 2701 2116
f 2116 2701 2702
f 2116 2702 2117
f 2117 2702 2703
f 2704 2705 2250
f 2250 2705 2254
f 2011 2706 2267
f 2267 2706 2701
f 2699 2086 2707
f 2707 2086 2289
f 2010 2700 2011
f 2011 2700 2706
f 2708 2707 2251
f 2251 2707 2289
f 2703 2704 2117
f 2117 2704 2250
f 2705 2708 2254
f 2254 2708 2251
f 2709 2710 2708
f 2708 2710 2707
f 2711 2709 2705
f 2705 2709 2708
f 2712 2711 2704
f 2704 2711 2705
f 2713 2712 2703
f 2703 2712 2704
f 2707 2710 2699
f 2699 2710 2714
f 2699 2714 2700
f 2700 2714 2715
f 2716 2706 2715
f 2715 2706 2700
f 2714 2710 2717
f 2717 2710 2718
f 2720 2721 2719
f 2719 2721 2722
f 2721 2723 2722
f 2722 2723 2724
f 2721 2725 2723
f 2723 2725 2726
f 2727 2728 2725
f 2725 2728 2726
f 2729 2725 2720
f 2720 2725 2721
f 2731 2729 2730
f 2730 2729 2720
f 2719 2732 2720
f 2720 2732 2730
f 2726 2733 2723
f 2723 2733 2724
f 2709 2711 2733
f 2733 2711 2724
f 2724 2711 2734
f 2734 2711 2712
f 2722 2724 2735
f 2735 2724 2734
f 2719 2722 2736
f 2736 2722 2735
f 2726 2728 2733
f 2733 2728 2718
f 2709 2733 2710
f 2710 2733 2718
f 2732 2719 2737
f 2737 2719 2736
f 2738 2739 2735
f 2735 2739 2736
f 2739 2740 2736
f 2736 2740 2737
f 2741 2742 2738
f 2738 2742 2739
f 2738 2743 2741
f 2741 2743 2744
f 2740 2739 2745
f 2745 2739 2742
f 2735 2734 2738
f 2738 2734 2743
f 2713 2743 2712
f 2712 2743 2734
f 2737 2746 2732
f 2732 2746 2747
f 2732 2747 2730
f 2730 2747 2731
f 2718 2728 2748
f 2748 2728 2727
f 2749 2750 2727
f 2727 2750 2748
f 2748 2751 2718
f 2718 2751 2717
f 2750 2752 2748
f 2748 2752 2751
f 2750 2749 2754
f 2754 2749 2753
f 2731 2747 2753
f 2753 2747 2754
f 2727 2725 2749
f 2749 2725 2729
f 2749 2729 2753
f 2753 2729 2731
f 2702 2755 2703
f 2703 2755 2713
f 2706 2716 2701
f 2701 2716 2756
f 2755 2702 2756
f 2756 2702 2701
f 2756 2757 2755
f 2755 2757 2744
f 2757 2758 2744
f 2744 2758 2741
f 2759 2757 2716
f 2716 2757 2756
f 2743 2713 2744
f 2744 2713 2755
f 2760 2759 2715
f 2715 2759 2716
f 2715 2714 2760
f 2760 2714 2717
f 2760 2717 2761
f 2761 2717 2751
f 2761 2762 2760
f 2760 2762 2759
f 2763 2764 2761
f 2761 2764 2762
f 2762 2758 2759
f 2759 2758 2757
f 2758 2762 2765
f 2765 2762 2764
f 2752 2763 2751
f 2751 2763 2761
f 2763 2752 2766
f 2766 2752 2767
f 2768 2769 2766
f 2766 2769 2770
f 2764 2763 2770
f 2770 2763 2766
f 2766 2767 2768
f 2768 2767 2746
f 2747 2746 2754
f 2754 2746 2767
f 2752 2750 2767
f 2767 2750 2754
f 2758 2765 2741
f 2741 2765 2742
f 2769 2745 2765
f 2765 2745 2742
f 2769 2765 2770
f 2770 2765 2764
f 2768 2740 2769
f 2769 2740 2745
f 2746 2737 2768
f 2768 2737 2740
f 2201 2212 2200
f 2200 2212 2214
f 2201 2202 2212
f 2212 2202 2185
f 2512 2581 2191
f 2191 2581 2192
f 2059 2290 2056
f 2056 2290 2272
f 2174 2199 2294
f 2294 2199 2278
f 2063 2175 2194
f 2194 2175 2291
f 2192 2581 2133
f 2133 2581 2490
f 2133 2132 2192
f 2192 2132 2189
f 2054 2276 2055
f 2055 2276 2138
f 2083 2279 2084
f 2084 2279 2771
f 2771 2279 2599
f 2599 2279 2596
f 2606 2772 2599
f 2599 2772 2771
f 2772 2773 2771
f 2771 2773 2084
f 2773 2774 2084
f 2084 2774 2085
f 2085 2775 2082
f 2082 2775 2144
f 2774 2078 2085
f 2085 2078 2775
f 2078 2774 2079
f 2079 2774 2776
f 2774 2773 2776
f 2776 2773 2777
f 2773 2772 2777
f 2777 2772 2778
f 2190 2189 2609
f 2609 2189 2778
f 2053 2052 2779
f 2779 2052 2181
f 2144 2775 2081
f 2081 2775 2078
f 2294 2153 2174
f 2174 2153 2175
f 2132 2276 2189
f 2189 2276 2778
f 2606 2609 2772
f 2772 2609 2778
f 2195 2613 2698
f 2698 2613 2612
f 2596 2279 2698
f 2698 2279 2195
f 2054 2777 2276
f 2276 2777 2778
f 2777 2054 2776
f 2776 2054 2053
f 2053 2779 2776
f 2776 2779 2079
f 2779 2181 2079
f 2079 2181 2080
f 2181 2239 2080
f 2080 2239 2240
f 2122 2256 2014
f 2042 1982 2076
f 2076 1982 2007
f 1982 1985 2007
f 2007 1985 2008
f 2095 2097 2265
f 2265 2097 2266
f 2076 2050 2042
f 2042 2050 2047
f 2046 2043 2047
f 2047 2043 2042
f 2118 1993 2046
f 2046 1993 2043
f 1995 1994 2118
f 2118 1994 1993
f 2267 1992 2011
f 2011 1992 2012
f 1997 2012 1994
f 1994 2012 1992
f 2226 2013 1997
f 1997 2013 2012
f 2225 2087 2226
f 2226 2087 2013
f 2225 2232 2087
f 2087 2232 2288
f 2232 2070 2288
f 2288 2070 2252
f 2070 2025 2252
f 2252 2025 2253
f 1988 2249 2025
f 2025 2249 2253
f 2116 2115 2267
f 2267 2115 2268
f 2096 1984 2237
f 2237 1984 1991
f 2095 1985 2096
f 2096 1985 1984
f 2265 2008 2095
f 2095 2008 1985
f 2092 2009 2265
f 2265 2009 2008
f 2091 2286 2092
f 2092 2286 2009
f 2255 2238 2091
f 2091 2238 2286
f 2256 2239 2255
f 2255 2239 2238
f 2122 2240 2256
f 2256 2240 2239
f 2121 2241 2122
f 2122 2241 2240
f 2022 2018 2097
f 2097 2018 2266
f 2022 2024 2018
f 2018 2024 2019
f 2024 2072 2019
f 2019 2072 2073
f 2072 2228 2073
f 2073 2228 2230
f 2228 2184 2230
f 2230 2184 2183
f 2121 2285 2241
f 2241 2285 2258
f 2285 2036 2258
f 2258 2036 2257
f 2177 2145 2193
f 2193 2145 2257
f 2173 2193 2196
f 2196 2193 2037
f 2036 2037 2257
f 2257 2037 2193
f 2196 2037 2066
f 2066 2037 2035
f 2061 2108 2034
f 2034 2108 2067
f 2108 2208 2067
f 2067 2208 2204
f 2208 2210 2204
f 2204 2210 2203
f 2210 2280 2203
f 2203 2280 2186
f 2183 2186 2235
f 2235 2186 2280
f 1987 2114 1988
f 1988 2114 2249
f 2237 2115 1987
f 1987 2115 2114
f 1991 2268 2237
f 2237 2268 2115
f 1991 1990 2268
f 2268 1990 1992
f 107 110 2781
f 2781 110 2780
f 117 2782 118
f 118 2782 2783
f 119 2784 120
f 120 2784 2785
f 125 2786 126
f 126 2786 2787
f 127 2788 128
f 128 2788 2789
f 127 132 2788
f 2788 132 2790
f 231 230 2792
f 2792 230 2791
f 118 2783 119
f 119 2783 2784
f 241 243 2794
f 2794 243 2793
f 2781 2795 107
f 107 2795 352
f 120 2785 437
f 437 2785 2796
f 126 2787 110
f 110 2787 2780
f 455 2797 456
f 456 2797 2798
f 128 2789 457
f 457 2789 2799
f 456 2798 117
f 117 2798 2782
f 2794 2797 241
f 241 2797 455
f 457 2799 125
f 125 2799 2786
f 132 231 2790
f 2790 231 2792
f 230 437 2791
f 2791 437 2796
f 2792 2789 2790
f 2790 2789 2788
f 2785 2784 2801
f 2801 2784 2800
f 2786 2802 2787
f 2787 2802 2803
f 2792 2791 2805
f 2805 2791 2804
f 2784 2783 2800
f 2800 2783 2806
f 2785 2801 2796
f 2796 2801 2807
f 2787 2803 2780
f 2780 2803 2808
f 2789 2809 2799
f 2799 2809 2810
f 2799 2810 2786
f 2786 2810 2802
f 2791 2796 2804
f 2804 2796 2807
f 2789 2792 2809
f 2809 2792 2805
f 2812 2797 2811
f 2811 2797 2794
f 2809 2805 2810
f 2810 2805 2804
f 2810 2804 2802
f 2802 2804 2807
f 2802 2807 2803
f 2803 2807 2801
f 2808 2803 2800
f 2800 2803 2801
f 2814 699 2813
f 2813 699 698
f 2808 2815 2780
f 2780 2815 2781
f 2817 2782 2816
f 2816 2782 2798
f 2815 2818 2781
f 2781 2818 2795
f 2797 2812 2798
f 2798 2812 2816
f 2783 2782 2806
f 2806 2782 2817
f 2800 2806 2808
f 2808 2806 2815
f 2794 2793 2811
f 2811 2793 2819
f 174 201 384
f 384 201 362
f 200 1766 390
f 390 1766 1777
f 1777 1778 390
f 390 1778 398
f 1778 361 398
f 398 361 222
f 2820 2821 628
f 628 2821 629
f 1406 2820 790
f 790 2820 628
f 794 1415 1233
f 1233 1415 1234
f 1406 790 1407
f 1407 790 1312
f 1407 1312 2822
f 2822 1312 1316
f 2823 1380 1543
f 1543 1380 1379
f 1385 1738 1382
f 1382 1738 1383
f 1381 791 1382
f 1382 791 1386
f 791 794 1386
f 1386 794 1233
f 1259 1390 1260
f 1260 1390 1389
f 1905 1542 1394
f 1394 1542 1395
f 1410 1413 1397
f 1397 1413 1398
f 2821 1410 629
f 629 1410 1397
f 2823 2822 1380
f 1380 2822 1316
f 1392 1395 1378
f 1378 1395 1379
f 1738 1399 1383
f 1383 1399 1398
f 1388 1235 1389
f 1389 1235 1234
f 1393 1391 1394
f 1394 1391 1390
f 1381 1384 779
f 779 1384 780
f 1282 788 792
f 792 788 793
f 1431 1262 1432
f 1432 1262 1261
f 1400 1342 1408
f 1408 1342 1409
f 1508 1544 1411
f 1411 1544 1412
f 788 787 793
f 793 787 1414
f 2821 2820 1429
f 1429 2820 1430
f 2822 2823 1506
f 1506 2823 1507
f 778 1282 779
f 779 1282 792
f 2820 1406 1430
f 1430 1406 1409
f 1410 2821 1411
f 1411 2821 1429
f 1407 2822 1408
f 1408 2822 1506
f 1544 781 1412
f 1412 781 780
f 1260 1415 1261
f 1261 1415 1414
f 1334 2824 923
f 923 2824 924
f 2826 1268 2825
f 2825 1268 1267
f 769 1212 2827
f 2827 1212 2828
f 1492 1190 1266
f 1266 1190 1267
f 1488 2829 1489
f 1489 2829 2830
f 922 1329 923
f 923 1329 1328
f 1484 2831 1485
f 1485 2831 2832
f 1482 2833 1485
f 1485 2833 1486
f 1324 1493 1489
f 1489 1493 1490
f 1265 1491 1266
f 1266 1491 1490
f 2835 2836 2834
f 2834 2836 2837
f 1250 2838 2827
f 2827 2838 2839
f 1488 1491 2840
f 2840 1491 2841
f 1268 2826 2842
f 2842 2826 2843
f 2844 2845 1495
f 1495 2845 1496
f 1427 2847 2846
f 2846 2847 926
f 2829 1488 2848
f 2848 1488 2840
f 1329 922 2849
f 2849 922 927
f 2850 2851 768
f 768 2851 1213
f 1265 1268 2852
f 2852 1268 2842
f 1491 1265 2841
f 2841 1265 2852
f 2854 2855 2853
f 2853 2855 2856
f 2855 2857 2856
f 2856 2857 598
f 2857 2858 598
f 598 2858 595
f 2858 2859 595
f 595 2859 626
f 649 652 2860
f 2860 652 2861
f 639 642 2862
f 2862 642 2863
f 2864 705 2862
f 2862 705 639
f 2865 1418 2864
f 2864 1418 705
f 2866 2867 2865
f 2865 2867 1418
f 1760 1348 1761
f 1761 1348 2867
f 1764 2868 1197
f 1197 2868 1198
f 2869 611 2868
f 2868 611 1198
f 2870 612 2869
f 2869 612 611
f 1352 1350 944
f 944 1350 688
f 1350 1256 688
f 688 1256 685
f 1256 1255 685
f 685 1255 692
f 1255 2871 692
f 692 2871 2872
f 701 2873 698
f 698 2873 2813
f 2872 1349 692
f 692 1349 693
f 1696 1744 1574
f 1574 1744 1575
f 1753 1618 1577
f 1577 1618 1578
f 1729 1594 1608
f 1608 1594 1609
f 1725 1630 1611
f 1611 1630 1612
f 1604 1607 1625
f 1625 1607 1626
f 1624 1703 1625
f 1625 1703 1912
f 1703 1702 1912
f 1912 1702 1913
f 1702 1753 1913
f 1913 1753 1577
f 1598 1569 1915
f 1915 1569 1578
f 1616 1615 1915
f 1915 1615 1916
f 1615 1696 1916
f 1916 1696 1574
f 1744 1745 1575
f 1575 1745 1917
f 1745 1565 1917
f 1917 1565 1609
f 1568 1725 1608
f 1608 1725 1611
f 2874 1613 1918
f 1918 1613 1612
f 1607 2874 1626
f 1626 2874 1918
f 1610 1613 1562
f 1562 1613 1563
f 1547 1550 1570
f 1570 1550 1571
f 1573 1576 1580
f 1580 1576 1581
f 1553 1556 1595
f 1595 1556 1596
f 1556 1582 1596
f 1596 1582 1581
f 1551 1547 1599
f 1599 1547 1570
f 1731 1914 1601
f 1601 1914 1602
f 1686 1689 1605
f 1605 1689 1606
f 1598 1743 1599
f 1599 1743 1692
f 2874 1607 1723
f 1723 1607 1606
f 1727 1553 1730
f 1730 1553 1595
f 1600 1686 1601
f 1601 1686 1605
f 1914 1572 1602
f 1602 1572 1571
f 1579 1693 1580
f 1580 1693 1692
f 1613 2874 1563
f 1563 2874 1723
f 1561 1727 1562
f 1562 1727 1730
f 1949 1742 1548
f 1548 1742 1549
f 1694 1949 1552
f 1552 1949 1548
f 1954 1589 1554
f 1554 1589 1555
f 1693 1579 1558
f 1558 1579 1559
f 1561 1564 1584
f 1584 1564 1585
f 1582 1556 1588
f 1588 1556 1555
f 1600 1603 1591
f 1591 1603 1592
f 1981 1977 1687
f 1687 1977 1688
f 1564 1722 1585
f 1585 1722 1690
f 1551 1693 1552
f 1552 1693 1558
f 1751 1954 1728
f 1728 1954 1554
f 1590 1981 1591
f 1591 1981 1687
f 1603 1550 1592
f 1592 1550 1549
f 1977 1691 1688
f 1688 1691 1690
f 1587 1560 1588
f 1588 1560 1559
f 1727 1561 1728
f 1728 1561 1584
f 2875 1919 1947
f 1947 1919 1948
f 1557 1560 1952
f 1952 1560 1953
f 1933 1932 1955
f 1955 1932 1956
f 1587 1589 1958
f 1958 1589 1956
f 1959 1933 1965
f 1965 1933 1955
f 1961 1964 1966
f 1966 1964 1967
f 1981 1590 1969
f 1969 1590 1967
f 1742 1949 1972
f 1972 1949 1948
f 1593 1742 1966
f 1966 1742 1972
f 1957 1950 1958
f 1958 1950 1953
f 1583 1586 1974
f 1974 1586 1975
f 1940 1943 1978
f 1978 1943 1979
f 1943 1976 1979
f 1979 1976 1975
f 1951 2875 1952
f 1952 2875 1947
f 1968 1940 1969
f 1969 1940 1978
f 1973 1959 1974
f 1974 1959 1965
f 1923 1971 1920
f 1920 1971 1921
f 1919 2875 1920
f 1920 2875 1924
f 2875 1951 1924
f 1924 1951 1926
f 1950 1957 1929
f 1929 1957 1930
f 2244 2243 1934
f 1934 2243 1935
f 1973 1976 1937
f 1937 1976 1938
f 1944 1980 1941
f 1941 1980 1942
f 1940 1968 1941
f 1941 1968 1945
f 2287 2244 1960
f 1960 2244 1934
f 1970 2245 1962
f 1962 2245 1963
f 2243 1931 1935
f 1935 1931 1930
f 1927 1926 1928
f 1928 1926 1929
f 1961 1922 1962
f 1962 1922 1921
f 2245 1946 1963
f 1963 1946 1945
f 1976 1943 1938
f 1938 1943 1942
f 1936 2287 1937
f 1937 2287 1960
f 743 1238 608
f 608 1238 609
f 607 1811 608
f 608 1811 744
f 1304 2876 1305
f 1305 2876 2877
f 586 585 1298
f 1298 585 1299
f 585 702 1299
f 1299 702 1300
f 702 1428 1300
f 1300 1428 1301
f 1238 586 609
f 609 586 1298
f 2878 2879 1218
f 1218 2879 2877
f 2880 2881 1812
f 1812 2881 1819
f 2883 1821 2882
f 2882 1821 1820
f 2840 2841 620
f 620 2841 621
f 2842 2843 795
f 795 2843 796
f 892 895 2844
f 2844 895 2845
f 2848 2840 942
f 942 2840 620
f 2849 927 1202
f 1202 927 1203
f 2852 2842 1270
f 1270 2842 795
f 2841 2852 621
f 621 2852 1270
f 941 1759 942
f 942 1759 2884
f 659 929 1427
f 1427 929 2847
f 1237 2851 751
f 751 2851 2850
f 1216 2885 1217
f 1217 2885 1754
f 2887 734 2886
f 2886 734 733
f 2889 1816 2888
f 2888 1816 1815
f 2890 1245 2889
f 2889 1245 1816
f 1824 2891 1825
f 1825 2891 1246
f 2892 2893 2895
f 2895 2893 2894
f 1854 1833 1851
f 1851 1833 1832
f 1851 1832 1884
f 1884 1832 1876
f 1884 1876 1441
f 1441 1876 1443
f 1441 1443 1442
f 1442 1443 1446
f 1442 1446 2896
f 2896 1446 1507
f 2897 2823 2898
f 2898 2823 1543
f 1542 2899 1543
f 1543 2899 2898
f 1542 1905 2899
f 2899 1905 2900
f 1905 1259 2900
f 2900 1259 2901
f 1262 1431 2902
f 2902 1431 1904
f 1431 1434 1904
f 1904 1434 1902
f 1902 1434 2903
f 2903 1434 719
f 2903 719 2904
f 2904 719 718
f 1869 1881 718
f 718 1881 2904
f 1881 1869 1880
f 1880 1869 756
f 1880 756 2905
f 2905 756 755
f 2905 755 2906
f 2906 755 758
f 762 2907 763
f 763 2907 2908
f 724 723 2909
f 2909 723 894
f 796 895 723
f 723 895 894
f 2843 2845 796
f 796 2845 895
f 2826 1496 2843
f 2843 1496 2845
f 2825 1497 2826
f 2826 1497 1496
f 1189 2836 2825
f 2825 2836 1497
f 797 891 798
f 798 891 2837
f 802 888 797
f 797 888 891
f 2910 2911 2913
f 2913 2911 2912
f 1780 1783 2915
f 2915 1783 2914
f 2916 2917 831
f 831 2917 832
f 2918 2919 845
f 845 2919 846
f 2920 2916 847
f 847 2916 831
f 2921 2922 857
f 857 2922 858
f 2923 2924 860
f 860 2924 861
f 2919 2912 846
f 846 2912 887
f 2925 2920 940
f 940 2920 847
f 2924 2926 861
f 861 2926 1204
f 2917 2918 832
f 832 2918 845
f 2927 2928 1449
f 1449 2928 1450
f 2929 2930 889
f 889 2930 2931
f 2896 1507 2897
f 2897 1507 2823
f 2902 2901 1262
f 1262 2901 1259
f 2932 2933 750
f 750 2933 1236
f 2933 2934 1236
f 1236 2934 1835
f 2936 2937 2935
f 2935 2937 2938
f 2940 2941 2939
f 2939 2941 2942
f 2943 2944 1841
f 1841 2944 1842
f 2945 1860 2944
f 2944 1860 1842
f 2945 2946 1860
f 1860 2946 1859
f 1889 2947 1890
f 1890 2947 1856
f 1856 2947 1857
f 1857 2947 2948
f 2950 709 2949
f 2949 709 1829
f 2952 730 2951
f 2951 730 729
f 2866 2953 2867
f 2867 2953 1761
f 2953 2954 1761
f 1761 2954 1420
f 2954 2955 1420
f 1420 2955 742
f 2955 2956 742
f 742 2956 739
f 2956 2957 739
f 739 2957 760
f 2957 2958 760
f 760 2958 761
f 2958 2959 761
f 761 2959 2960
f 2959 2961 2960
f 2960 2961 2962
f 2963 2964 1839
f 1839 2964 1840
f 2964 2965 1840
f 1840 2965 2942
f 2966 2950 2939
f 2939 2950 2949
f 2935 2967 2936
f 2936 2967 2968
f 2969 2970 736
f 736 2970 735
f 734 2887 1815
f 1815 2887 2888
f 2887 2882 2888
f 2888 2882 2881
f 1819 1820 1817
f 1817 1820 748
f 1195 1757 1197
f 1197 1757 1424
f 1757 647 1424
f 1424 647 646
f 647 648 646
f 646 648 643
f 648 1271 643
f 643 1271 737
f 1271 725 737
f 737 725 765
f 725 724 765
f 765 724 762
f 762 724 2907
f 2907 724 2909
f 1254 1437 2909
f 2909 1437 2907
f 1438 1253 1836
f 1836 1253 1835
f 1836 1835 2938
f 2938 1835 2934
f 2971 2972 2935
f 2935 2972 2967
f 897 896 2969
f 2969 896 2970
f 1815 1814 734
f 734 1814 731
f 728 1215 896
f 896 1215 732
f 2885 1216 733
f 733 1216 2886
f 1216 1219 2886
f 2886 1219 2883
f 2876 1304 1821
f 1821 1304 749
f 1304 1303 749
f 749 1303 746
f 1818 2973 1817
f 1817 2973 1810
f 747 2974 1818
f 1818 2974 2973
f 747 746 2974
f 2974 746 1303
f 2976 2977 2975
f 2975 2977 2978
f 2976 2979 2901
f 2901 2979 2900
f 2980 2981 2982
f 2982 2981 2979
f 2981 2980 2983
f 2983 2980 2984
f 2985 2897 2983
f 2983 2897 2898
f 2987 2988 2986
f 2986 2988 2985
f 2896 2988 1442
f 1442 2988 1439
f 1903 2977 1904
f 1904 2977 2902
f 1856 1855 1890
f 1890 1855 2989
f 2989 2990 1890
f 1890 2990 1359
f 2990 2991 1359
f 1359 2991 1356
f 2946 2992 1859
f 1859 2992 1893
f 2992 2993 1893
f 1893 2993 775
f 2993 2994 775
f 775 2994 776
f 2986 1356 2987
f 2987 1356 2991
f 2975 2978 776
f 776 2978 777
f 2982 2994 2980
f 2980 2994 2995
f 1357 2984 2995
f 2995 2984 2980
f 2995 2996 1357
f 1357 2996 1358
f 2996 2997 1358
f 1358 2997 1889
f 2998 2999 2932
f 2932 2999 2933
f 2999 2971 2933
f 2933 2971 2934
f 1837 1836 2937
f 2937 1836 2938
f 2943 1841 2941
f 2941 1841 1838
f 3001 2944 3000
f 3000 2944 2943
f 3001 3002 2944
f 2944 3002 2945
f 3002 3003 2945
f 2945 3003 2946
f 2997 3003 1889
f 1889 3003 2947
f 2947 3003 2948
f 2948 3003 3002
f 3001 3004 3002
f 3002 3004 2948
f 3000 3005 3001
f 3001 3005 3004
f 2940 3006 3000
f 3000 3006 3005
f 2999 3007 2971
f 2971 3007 2972
f 2998 2951 2999
f 2999 2951 3007
f 3008 2952 2998
f 2998 2952 2951
f 2966 2965 2936
f 2936 2965 2937
f 2935 2938 2971
f 2971 2938 2934
f 3003 2997 2946
f 2946 2997 2992
f 2997 2996 2992
f 2992 2996 2993
f 2996 2995 2993
f 2993 2995 2994
f 1356 2986 1357
f 1357 2986 2984
f 2982 2975 2994
f 2994 2975 776
f 1844 1843 1899
f 1899 1843 3009
f 1843 638 3009
f 3009 638 3010
f 638 637 3010
f 3010 637 3011
f 637 1830 3011
f 3011 1830 3012
f 1830 1833 3012
f 3012 1833 2894
f 1833 1854 2894
f 2894 1854 2895
f 1854 1853 2895
f 2895 1853 1888
f 1858 1857 1885
f 1885 1857 1892
f 1899 3009 1898
f 1898 3009 1874
f 3009 3010 1874
f 1874 3010 1865
f 3010 3011 1865
f 1865 3011 1862
f 3011 3012 1862
f 1862 3012 1882
f 3012 2894 1882
f 1882 2894 2893
f 1850 2890 782
f 782 2890 2889
f 783 2880 1811
f 1811 2880 1812
f 744 1810 745
f 745 1810 2973
f 745 2973 805
f 805 2973 806
f 2973 2974 806
f 806 2974 815
f 1303 812 2974
f 2974 812 815
f 1303 1302 812
f 812 1302 1221
f 1307 3013 1302
f 1302 3013 1221
f 1734 3014 1633
f 1633 3014 1634
f 1646 1649 1636
f 1636 1649 1637
f 1654 1657 1641
f 1641 1657 1642
f 1639 1736 1636
f 1636 1736 1684
f 1716 1713 1698
f 1698 1713 1699
f 1718 1721 1705
f 1705 1721 1706
f 1653 1654 1709
f 1709 1654 1641
f 1620 1623 1714
f 1714 1623 1699
f 1712 1682 1714
f 1714 1682 1740
f 1668 1671 1746
f 1746 1671 1747
f 1752 1650 1749
f 1749 1650 1750
f 1750 1650 1709
f 1709 1650 1653
f 1632 1668 1633
f 1633 1668 1746
f 1649 1752 1637
f 1637 1752 1749
f 1682 1643 1740
f 1740 1643 1642
f 3014 1685 1634
f 1634 1685 1684
f 1704 1748 1705
f 1705 1748 1747
f 1697 1707 1698
f 1698 1707 1706
f 1739 1701 1621
f 1621 1701 1622
f 1567 1566 1647
f 1647 1566 1648
f 1664 1695 1651
f 1651 1695 1652
f 1614 1617 1655
f 1655 1617 1656
f 1704 1707 1659
f 1659 1707 1660
f 3014 1734 1662
f 1662 1734 1663
f 1650 1752 1651
f 1651 1752 1665
f 1741 1657 1667
f 1667 1657 1656
f 1695 1614 1652
f 1652 1614 1655
f 1724 1567 1726
f 1726 1567 1647
f 1645 1628 1733
f 1733 1628 1663
f 1685 3014 1726
f 1726 3014 1662
f 1620 1741 1621
f 1621 1741 1667
f 1566 1666 1648
f 1648 1666 1665
f 1658 1737 1659
f 1659 1737 1901
f 1911 1661 1910
f 1910 1661 1660
f 1701 1911 1622
f 1622 1911 1910
f 1732 1748 1733
f 1733 1748 1901
f 1857 2948 1892
f 1892 2948 3004
f 1892 3004 1891
f 1891 3004 3005
f 1828 3006 1829
f 1829 3006 2949
f 2967 736 2968
f 2968 736 710
f 2972 2969 2967
f 2967 2969 736
f 2969 2972 897
f 897 2972 3007
f 897 3007 729
f 729 3007 2951
f 3016 753 3015
f 3015 753 752
f 3018 767 3017
f 3017 767 766
f 3019 3020 1249
f 1249 3020 3021
f 2915 2914 3019
f 3019 2914 3020
f 3023 2914 3022
f 3022 2914 1783
f 2827 2839 769
f 769 2839 766
f 3025 2838 3024
f 3024 2838 3021
f 768 767 2850
f 2850 767 3026
f 2850 3026 751
f 751 3026 752
f 750 753 2932
f 2932 753 3027
f 3008 2998 3027
f 3027 2998 2932
f 3028 3029 3008
f 3008 3029 2952
f 3029 3030 2952
f 2952 3030 730
f 3032 3033 3031
f 3031 3033 3034
f 3036 3037 3035
f 3035 3037 3038
f 2870 3039 612
f 612 3039 3040
f 3041 3042 3031
f 3031 3042 3038
f 3034 1352 3043
f 3043 1352 944
f 612 3040 613
f 613 3040 3044
f 613 3044 1425
f 1425 3044 1422
f 3045 3042 669
f 669 3042 670
f 3041 3043 599
f 599 3043 600
f 772 771 1544
f 1544 771 781
f 1503 771 1866
f 1866 771 770
f 771 1503 781
f 781 1503 778
f 61 281 416
f 416 281 1907
f 283 103 3046
f 3046 103 3047
f 76 79 3048
f 3048 79 3049
f 280 76 1906
f 1906 76 3048
f 3051 335 3050
f 3050 335 334
f 3053 417 3052
f 3052 417 416
f 3055 435 3054
f 3054 435 434
f 428 435 419
f 419 435 1908
f 420 1909 293
f 293 1909 443
f 79 294 3049
f 3049 294 444
f 3057 444 3056
f 3056 444 443
f 3051 3058 335
f 335 3058 452
f 216 215 1332
f 1332 215 452
f 308 283 462
f 462 283 3046
f 3050 334 3059
f 3059 334 462
f 103 62 3047
f 3047 62 417
f 313 312 434
f 434 312 463
f 3061 574 3060
f 3060 574 573
f 1310 3062 1428
f 1428 3062 3063
f 1258 3064 1255
f 1255 3064 2871
f 932 3065 2853
f 2853 3065 3066
f 699 2814 931
f 931 2814 3067
f 3068 1301 3063
f 3063 1301 1428
f 571 574 1310
f 1310 574 3062
f 3060 573 3069
f 3069 573 1332
f 3070 3071 1906
f 1906 3071 1907
f 3072 3073 1908
f 1908 3073 1909
f 3075 2814 3074
f 3074 2814 2813
f 2854 3076 1258
f 1258 3076 3064
f 2871 3077 2872
f 2872 3077 3078
f 3074 2813 3079
f 3079 2813 2873
f 2872 3078 1349
f 1349 3078 3080
f 2873 701 3068
f 3068 701 1301
f 1330 1201 3080
f 3080 1201 1349
f 1264 1263 3081
f 3081 1263 3082
f 3083 3084 3082
f 3082 3084 3081
f 811 1448 3086
f 3086 1448 3085
f 808 811 3087
f 3087 811 3086
f 3088 3083 833
f 833 3083 3082
f 884 3089 885
f 885 3089 3090
f 3087 1790 808
f 808 1790 816
f 1790 3087 1787
f 1787 3087 3091
f 3092 3091 3086
f 3086 3091 3087
f 3093 3094 3084
f 3084 3094 3095
f 3089 3096 3090
f 3090 3096 3088
f 3097 3093 3083
f 3083 3093 3084
f 3099 3100 3098
f 3098 3100 1786
f 3101 1788 2913
f 2913 1788 3102
f 838 837 885
f 885 837 886
f 886 837 3103
f 3103 837 1541
f 3094 3093 3104
f 3104 3093 3097
f 3105 3106 3089
f 3089 3106 3096
f 3108 3109 3107
f 3107 3109 3110
f 3111 3112 3091
f 3091 3112 1787
f 3114 3108 3113
f 3113 3108 3107
f 3114 3115 3112
f 3112 3115 3102
f 3091 3092 3111
f 3111 3092 3116
f 839 838 835
f 835 838 836
f 885 3090 838
f 838 3090 836
f 3110 3117 1247
f 1247 3117 3118
f 1247 3118 1248
f 1248 3118 3119
f 3120 3121 3119
f 3119 3121 1248
f 1247 844 3110
f 3110 844 3107
f 844 843 3107
f 3107 843 3113
f 843 3099 3113
f 3113 3099 3122
f 1781 3123 3098
f 3098 3123 3124
f 2915 2931 1780
f 1780 2931 2930
f 3019 3125 2915
f 2915 3125 2931
f 890 3125 2834
f 2834 3125 1252
f 3125 3019 1252
f 1252 3019 1249
f 907 908 946
f 946 908 947
f 1185 1188 1369
f 1369 1188 948
f 954 957 951
f 951 957 952
f 910 965 953
f 953 965 950
f 905 958 960
f 960 958 961
f 3126 978 949
f 949 978 962
f 936 935 967
f 967 935 968
f 994 993 969
f 969 993 966
f 902 904 971
f 971 904 972
f 983 985 973
f 973 985 970
f 906 905 974
f 974 905 960
f 977 981 959
f 959 981 975
f 911 910 1143
f 1143 910 953
f 952 957 1142
f 1142 957 1145
f 911 1143 1366
f 1366 1143 1368
f 1185 1369 1145
f 1145 1369 1142
f 993 1519 966
f 966 1519 1456
f 965 1454 950
f 950 1454 1457
f 900 899 1459
f 1459 899 1460
f 988 991 1461
f 1461 991 1458
f 899 963 1460
f 1460 963 1462
f 985 987 970
f 970 987 1463
f 904 906 972
f 972 906 974
f 981 983 975
f 975 983 973
f 935 900 968
f 968 900 1459
f 991 994 1458
f 1458 994 969
f 1154 1526 1088
f 1088 1526 1089
f 1109 1112 1092
f 1092 1112 1093
f 1083 1098 1084
f 1084 1098 1097
f 1078 1471 1100
f 1100 1471 1101
f 1075 1078 1104
f 1104 1078 1100
f 1152 1154 1156
f 1156 1154 1088
f 1156 1155 1372
f 1372 1155 1373
f 1372 1373 1104
f 1104 1373 1075
f 1467 1109 1465
f 1465 1109 1092
f 1465 1182 1468
f 1468 1182 1184
f 1474 1470 1096
f 1096 1470 1097
f 1102 1101 1083
f 1083 1101 1098
f 1112 1531 1093
f 1093 1531 1529
f 1102 1073 1099
f 1099 1073 1072
f 1526 1154 1079
f 1079 1154 1080
f 1081 1091 1082
f 1082 1091 1094
f 1069 1068 1085
f 1085 1068 1086
f 1153 1151 1080
f 1080 1151 1058
f 1371 1177 1179
f 1179 1177 1176
f 1099 1072 1103
f 1103 1072 1176
f 1068 1071 1086
f 1086 1071 1073
f 1085 1084 1180
f 1180 1084 1469
f 1066 1065 1183
f 1183 1065 1181
f 1153 1152 1177
f 1177 1152 1178
f 1091 1081 1182
f 1182 1081 1183
f 1057 1525 1079
f 1079 1525 1527
f 1120 1117 1076
f 1076 1117 1077
f 1087 1090 1107
f 1107 1090 1108
f 1127 1126 1110
f 1110 1126 1111
f 1095 1116 1096
f 1096 1116 1115
f 1471 1078 1119
f 1119 1078 1077
f 1087 1107 1155
f 1155 1107 1158
f 1376 1374 1157
f 1157 1374 1158
f 1076 1075 1374
f 1374 1075 1373
f 1109 1467 1110
f 1110 1467 1472
f 1467 1466 1472
f 1472 1466 1473
f 1135 1475 1114
f 1114 1475 1115
f 1471 1119 1095
f 1095 1119 1116
f 1126 1532 1111
f 1111 1532 1530
f 914 1276 1480
f 1480 1276 1517
f 3127 3128 1223
f 1223 3128 1224
f 824 933 1455
f 1455 933 3129
f 3131 1448 3130
f 3130 1448 1447
f 3132 3133 1452
f 1452 3133 1453
f 3130 1447 1322
f 1322 1447 1455
f 933 1514 3129
f 3129 1514 3134
f 1161 3135 1480
f 1480 3135 1481
f 3128 3136 1224
f 1224 3136 1499
f 3133 1162 1453
f 1453 1162 1517
f 1515 3127 1535
f 1535 3127 1223
f 3095 3085 3131
f 3131 3085 1448
f 3137 3092 3085
f 3085 3092 3086
f 3138 3116 3137
f 3137 3116 3092
f 3110 3109 3117
f 3117 3109 3139
f 3105 3140 3117
f 3117 3140 3118
f 3140 3141 3118
f 3118 3141 3119
f 3142 3120 3141
f 3141 3120 3119
f 1498 3143 1277
f 1277 3143 882
f 3144 3145 1340
f 1340 3145 1339
f 1340 3146 3144
f 3144 3146 3147
f 3145 3144 3143
f 3143 3144 3148
f 871 901 872
f 872 901 1362
f 3149 3148 3147
f 3147 3148 3144
f 1208 3150 1209
f 3098 1786 1781
f 1781 1786 1782
f 2930 2929 3123
f 3123 2929 2911
f 1794 1791 2916
f 2916 1791 2917
f 1793 3101 2918
f 2918 3101 2919
f 1796 1794 2920
f 2920 1794 2916
f 3151 3152 2921
f 2921 3152 2922
f 3153 3154 2923
f 2923 3154 2924
f 2919 3101 2912
f 2912 3101 2913
f 3155 1796 2925
f 2925 1796 2920
f 3154 3156 2924
f 2924 3156 2926
f 1791 1793 2917
f 2917 1793 2918
f 3157 3158 2927
f 2927 3158 2928
f 1780 2930 1781
f 1781 2930 3123
f 2825 1267 1189
f 1189 1267 1190
f 2827 2828 1250
f 1250 2828 1251
f 1489 2830 1324
f 1324 2830 1325
f 923 1328 1334
f 1334 1328 1335
f 1485 2832 1482
f 1482 2832 1483
f 1266 1490 1492
f 1492 1490 1493
f 1333 1346 1334
f 1334 1346 2824
f 722 799 1492
f 1492 799 1190
f 664 657 1482
f 1482 657 2833
f 631 634 1324
f 1324 634 1493
f 2828 1494 1251
f 1251 1494 2835
f 1249 3021 1250
f 1250 3021 2838
f 798 2837 1189
f 1189 2837 2836
f 3100 842 3160
f 3160 842 3159
f 1788 3101 1789
f 1789 3101 1793
f 1792 816 1789
f 1789 816 1790
f 817 816 1795
f 1795 816 1792
f 938 817 1797
f 1797 817 1795
f 1796 3155 1797
f 1797 3155 1798
f 3155 3158 1798
f 1798 3158 1799
f 3157 3152 1801
f 1801 3152 1802
f 3151 3156 1803
f 1803 3156 1804
f 3154 3153 1805
f 1805 3153 1806
f 3153 3161 1806
f 1806 3161 1807
f 3099 843 3100
f 3100 843 842
f 1788 1787 3102
f 3102 1787 3112
f 2910 3115 3124
f 3124 3115 3122
f 3099 3098 3122
f 3122 3098 3124
f 416 1907 3052
f 3052 1907 3071
f 3046 3047 3163
f 3163 3047 3162
f 249 445 259
f 259 445 3164
f 425 3165 424
f 424 3165 461
f 408 410 329
f 329 410 330
f 39 331 40
f 40 331 332
f 305 304 423
f 423 304 464
f 385 254 458
f 458 254 392
f 250 415 251
f 251 415 412
f 233 337 234
f 234 337 3166
f 435 3055 1908
f 1908 3055 3072
f 443 1909 3056
f 3056 1909 3073
f 3167 3049 3057
f 3057 3049 444
f 452 3058 1332
f 1332 3058 3069
f 234 3166 346
f 346 3166 411
f 3046 3163 462
f 462 3163 3059
f 259 3164 260
f 260 3164 336
f 3047 417 3162
f 3162 417 3053
f 463 3168 434
f 434 3168 3054
f 454 830 425
f 425 830 3165
f 3062 3169 3063
f 3063 3169 3170
f 1355 1354 1534
f 1534 1354 3171
f 3063 3170 3068
f 3068 3170 3172
f 574 3061 3062
f 3062 3061 3169
f 1534 3171 1535
f 1535 3171 3173
f 3079 2873 3172
f 3172 2873 3068
f 2838 3025 2839
f 2839 3025 3174
f 3176 3177 3175
f 3175 3177 3178
f 3180 1125 3179
f 3179 1125 1128
f 3182 3183 3181
f 3181 3183 3184
f 1134 3185 1130
f 1130 3185 3182
f 3186 3187 3189
f 3189 3187 3188
f 3191 3189 3190
f 3190 3189 3188
f 1137 1122 3190
f 3190 1122 3192
f 3175 3178 3193
f 3193 3178 3194
f 3181 3184 3179
f 3179 3184 3195
f 3197 3198 3196
f 3196 3198 3180
f 3200 3178 3199
f 3199 3178 3177
f 3202 3196 3201
f 3201 3196 3195
f 3204 3184 3203
f 3203 3184 3183
f 3206 3207 3205
f 3205 3207 3186
f 3205 3186 3208
f 3208 3186 3189
f 3209 3208 3191
f 3191 3208 3189
f 3210 3194 3200
f 3200 3194 3178
f 3201 3195 3204
f 3204 3195 3184
f 3197 3211 3177
f 3177 3211 3199
f 3213 3214 3212
f 3212 3214 3215
f 3217 3218 3216
f 3216 3218 3219
f 3221 3222 3220
f 3220 3222 3223
f 3225 3226 3224
f 3224 3226 3227
f 3229 3230 3228
f 3228 3230 3231
f 3233 3234 3232
f 3232 3234 3235
f 3237 3238 3236
f 3236 3238 3239
f 3238 3240 3239
f 3239 3240 3241
f 3232 3235 3242
f 3242 3235 3243
f 3245 3246 3244
f 3244 3246 3247
f 3248 3249 3245
f 3245 3249 3246
f 3251 3252 3250
f 3250 3252 3253
f 3255 3252 3254
f 3254 3252 3251
f 3256 3257 3259
f 3259 3257 3258
f 3261 3262 3260
f 3260 3262 3263
f 3265 3263 3264
f 3264 3263 3262
f 3256 3259 3266
f 3266 3259 3267
f 3269 3270 3268
f 3268 3270 3271
f 3269 3272 3270
f 3270 3272 3273
f 3274 3275 3277
f 3277 3275 3276
f 3278 3279 3276
f 3276 3279 3277
f 3281 3282 3280
f 3280 3282 3283
f 3280 3284 3281
f 3281 3284 3285
f 3287 3288 3286
f 3286 3288 3289
f 3290 3291 3288
f 3288 3291 3289
f 3234 3218 3235
f 3235 3218 3217
f 3232 3292 3233
f 3233 3292 3293
f 3239 3294 3236
f 3236 3294 3219
f 3233 3293 3237
f 3237 3293 3295
f 3296 3294 3241
f 3241 3294 3239
f 3240 3238 3297
f 3297 3238 3298
f 3217 3216 3235
f 3235 3216 3243
f 3297 3299 3240
f 3240 3299 3242
f 3246 3300 3247
f 3247 3300 3223
f 3301 3302 3254
f 3254 3302 3244
f 3249 3303 3246
f 3246 3303 3300
f 3245 3304 3248
f 3248 3304 3292
f 3252 3221 3253
f 3253 3221 3220
f 3250 3248 3299
f 3299 3248 3292
f 3222 3221 3255
f 3255 3221 3252
f 3297 3301 3251
f 3251 3301 3254
f 3258 3214 3259
f 3259 3214 3213
f 3257 3256 3304
f 3304 3256 3305
f 3263 3306 3260
f 3260 3306 3215
f 3261 3257 3302
f 3302 3257 3304
f 3307 3306 3265
f 3265 3306 3263
f 3262 3301 3264
f 3264 3301 3308
f 3259 3213 3267
f 3267 3213 3212
f 3308 3309 3264
f 3264 3309 3266
f 3270 3310 3271
f 3271 3310 3231
f 3311 3312 3278
f 3278 3312 3268
f 3270 3273 3310
f 3310 3273 3313
f 3272 3269 3305
f 3305 3269 3314
f 3277 3229 3274
f 3274 3229 3228
f 3275 3272 3309
f 3309 3272 3305
f 3279 3230 3277
f 3277 3230 3229
f 3276 3308 3278
f 3278 3308 3311
f 3281 3315 3282
f 3282 3315 3227
f 3290 3316 3283
f 3283 3316 3317
f 3281 3285 3315
f 3315 3285 3318
f 3284 3280 3314
f 3314 3280 3319
f 3289 3225 3286
f 3286 3225 3224
f 3287 3284 3312
f 3284 3314 3312
f 3291 3226 3289
f 3289 3226 3225
f 3288 3311 3290
f 3290 3311 3316
f 3212 3215 3307
f 3307 3215 3306
f 3294 3296 3219
f 3219 3296 3216
f 3303 3220 3300
f 3300 3220 3223
f 3224 3227 3318
f 3318 3227 3315
f 3228 3231 3313
f 3313 3231 3310
f 3234 3233 3236
f 3236 3233 3237
f 3243 3241 3242
f 3242 3241 3240
f 3247 3255 3244
f 3244 3255 3254
f 3253 3249 3250
f 3250 3249 3248
f 3260 3258 3261
f 3261 3258 3257
f 3266 3267 3264
f 3264 3267 3265
f 3268 3271 3278
f 3278 3271 3279
f 3274 3273 3275
f 3275 3273 3272
f 3283 3282 3290
f 3290 3282 3291
f 3286 3285 3287
f 3287 3285 3284
f 3218 3234 3219
f 3219 3234 3236
f 3295 3298 3237
f 3237 3298 3238
f 3216 3296 3243
f 3243 3296 3241
f 3242 3299 3232
f 3232 3299 3292
f 3223 3222 3247
f 3247 3222 3255
f 3244 3302 3245
f 3245 3302 3304
f 3303 3249 3220
f 3220 3249 3253
f 3297 3251 3299
f 3299 3251 3250
f 3215 3214 3260
f 3260 3214 3258
f 3301 3262 3302
f 3302 3262 3261
f 3212 3307 3267
f 3267 3307 3265
f 3266 3309 3256
f 3256 3309 3305
f 3271 3231 3279
f 3279 3231 3230
f 3268 3312 3269
f 3269 3312 3314
f 3228 3313 3274
f 3274 3313 3273
f 3308 3276 3309
f 3309 3276 3275
f 3282 3227 3291
f 3291 3227 3226
f 3317 3319 3283
f 3283 3319 3280
f 3224 3318 3286
f 3286 3318 3285
f 3312 3311 3287
f 3311 3288 3287
f 3320 3321 3194
f 3194 3321 3193
f 1375 3321 1121
f 1121 3321 3322
f 3323 3324 3322
f 3322 3324 3192
f 3175 1124 3176
f 3176 1124 1123
f 3179 3195 3180
f 3180 3195 3196
f 3181 1131 3182
f 3182 1131 1130
f 3207 3185 3186
f 3186 3185 3187
f 1136 3188 1133
f 1133 3188 3187
f 3190 3188 1137
f 1137 3188 1136
f 3193 1159 3175
f 3175 1159 1124
f 3179 1128 3181
f 3181 1128 1131
f 1533 3198 1123
f 1123 3198 3176
f 3321 1375 3193
f 3193 1375 1159
f 3321 3320 3322
f 3322 3320 3323
f 1122 1121 3192
f 3192 1121 3322
f 3194 3210 3320
f 3320 3210 3325
f 3324 3323 3327
f 3327 3323 3326
f 3320 3325 3323
f 3323 3325 3326
f 3208 3328 3205
f 3205 3328 3329
f 3330 3206 3329
f 3329 3206 3205
f 3203 3331 3204
f 3204 3331 3332
f 3210 3333 3325
f 3325 3333 3334
f 3325 3334 3326
f 3326 3334 3335
f 3327 3326 3336
f 3336 3326 3335
f 3327 3209 3324
f 3324 3209 3191
f 3190 3192 3191
f 3191 3192 3324
f 3338 3339 3337
f 3337 3339 3340
f 3338 3341 3339
f 3339 3341 3342
f 3341 3343 3342
f 3342 3343 3344
f 3343 3345 3344
f 3344 3345 3346
f 3345 3347 3346
f 3346 3347 3348
f 3347 3349 3348
f 3348 3349 3350
f 3337 3340 3351
f 3351 3340 3352
f 3351 3352 3353
f 3353 3352 3354
f 3353 3354 3355
f 3355 3354 3356
f 3350 3349 3357
f 3357 3349 3358
f 3355 3356 3359
f 3359 3356 3360
f 3359 3360 3361
f 3361 3360 3362
f 3361 3362 3363
f 3363 3362 3364
f 3363 3364 3358
f 3358 3364 3357
f 3339 3342 3365
f 3365 3342 3366
f 3342 3344 3366
f 3366 3344 3367
f 3344 3346 3367
f 3367 3346 3368
f 3346 3348 3368
f 3368 3348 3369
f 3348 3350 3369
f 3369 3350 3370
f 3368 3369 3371
f 3371 3369 3372
f 3369 3370 3372
f 3372 3370 3373
f 3373 3374 3372
f 3372 3374 3375
f 3377 3378 3376
f 3376 3378 3379
f 3377 3375 3378
f 3378 3375 3374
f 3375 3380 3372
f 3372 3380 3371
f 3377 3381 3375
f 3375 3381 3380
f 3376 3382 3377
f 3377 3382 3381
f 3384 3385 3383
f 3383 3385 3386
f 3384 3383 3388
f 3388 3383 3387
f 3388 3387 3389
f 3389 3387 3390
f 3392 3385 3391
f 3391 3385 3384
f 3388 3393 3384
f 3384 3393 3391
f 3389 3394 3388
f 3388 3394 3393
f 3389 3395 3394
f 3394 3395 3396
f 3395 3389 3397
f 3397 3389 3390
f 3339 3365 3340
f 3340 3365 3398
f 3340 3398 3352
f 3352 3398 3399
f 3371 3400 3368
f 3368 3400 3367
f 3400 3401 3367
f 3367 3401 3366
f 3366 3401 3365
f 3365 3401 3402
f 3398 3365 3403
f 3403 3365 3402
f 3398 3403 3399
f 3399 3403 3404
f 3403 3405 3404
f 3404 3405 3406
f 3352 3399 3354
f 3354 3399 3407
f 3399 3404 3407
f 3407 3404 3408
f 3404 3406 3408
f 3408 3406 3409
f 3405 3410 3406
f 3406 3410 3411
f 3410 3412 3411
f 3411 3412 3413
f 3397 3414 3395
f 3395 3414 3415
f 3417 3415 3416
f 3416 3415 3412
f 3410 3418 3412
f 3412 3418 3416
f 3410 3405 3418
f 3418 3405 3419
f 3405 3403 3419
f 3419 3403 3402
f 3370 3350 3420
f 3420 3350 3357
f 3373 3370 3421
f 3421 3370 3420
f 3374 3373 3422
f 3422 3373 3421
f 3378 3374 3423
f 3423 3374 3422
f 3378 3423 3379
f 3379 3423 3424
f 3424 3425 3379
f 3379 3425 3386
f 3383 3426 3387
f 3387 3426 3427
f 3387 3427 3390
f 3390 3427 3428
f 3390 3428 3397
f 3397 3428 3429
f 3429 3430 3397
f 3397 3430 3414
f 3411 3413 3431
f 3431 3413 3432
f 3406 3411 3409
f 3409 3411 3431
f 3401 3400 3335
f 3335 3400 3336
f 3401 3335 3402
f 3402 3335 3334
f 3402 3334 3419
f 3419 3334 3333
f 3419 3333 3418
f 3418 3333 3433
f 3418 3433 3416
f 3416 3433 3434
f 3435 3417 3434
f 3434 3417 3416
f 3394 3396 3436
f 3436 3396 3437
f 3393 3394 3332
f 3332 3394 3436
f 3393 3332 3391
f 3391 3332 3331
f 3330 3392 3331
f 3331 3392 3391
f 3382 3329 3381
f 3381 3329 3328
f 3354 3407 3356
f 3356 3407 3438
f 3356 3438 3360
f 3360 3438 3439
f 3360 3439 3362
f 3362 3439 3440
f 3362 3440 3364
f 3364 3440 3441
f 3364 3441 3357
f 3357 3441 3420
f 3421 3420 3442
f 3442 3420 3441
f 3442 3441 3443
f 3443 3441 3440
f 3443 3440 3444
f 3444 3440 3439
f 3444 3439 3445
f 3445 3439 3438
f 3445 3438 3408
f 3408 3438 3407
f 3422 3421 3446
f 3446 3421 3442
f 3446 3442 3447
f 3447 3442 3443
f 3447 3443 3448
f 3448 3443 3444
f 3448 3444 3449
f 3449 3444 3445
f 3449 3445 3409
f 3409 3445 3408
f 3409 3431 3449
f 3449 3431 3450
f 3449 3450 3448
f 3448 3450 3451
f 3451 3452 3448
f 3448 3452 3447
f 3447 3452 3446
f 3446 3452 3453
f 3446 3453 3422
f 3422 3453 3423
f 3424 3423 3454
f 3454 3423 3453
f 3452 3455 3453
f 3453 3455 3454
f 3452 3451 3455
f 3455 3451 3456
f 3450 3457 3451
f 3451 3457 3456
f 3431 3432 3450
f 3450 3432 3457
f 3454 3458 3424
f 3424 3458 3425
f 3427 3426 3459
f 3459 3426 3460
f 3428 3427 3461
f 3461 3427 3459
f 3428 3461 3429
f 3429 3461 3462
f 3462 3463 3429
f 3429 3463 3430
f 3464 3465 3462
f 3462 3465 3463
f 3455 3466 3454
f 3454 3466 3458
f 3465 3464 3466
f 3466 3464 3467
f 3461 3459 3468
f 3468 3459 3469
f 3468 3469 3464
f 3464 3469 3467
f 3464 3462 3468
f 3468 3462 3461
f 3459 3460 3469
f 3469 3460 3467
f 3295 3351 3298
f 3298 3351 3353
f 3353 3355 3298
f 3298 3355 3297
f 3297 3355 3301
f 3301 3355 3359
f 3301 3359 3308
f 3308 3359 3361
f 3308 3361 3311
f 3311 3361 3363
f 3311 3363 3316
f 3316 3363 3358
f 3316 3358 3317
f 3317 3358 3349
f 3349 3347 3317
f 3317 3347 3319
f 3347 3345 3319
f 3319 3345 3314
f 3345 3343 3314
f 3314 3343 3305
f 3343 3341 3305
f 3305 3341 3304
f 3304 3341 3292
f 3292 3341 3338
f 3292 3338 3293
f 3293 3338 3337
f 3293 3337 3295
f 3295 3337 3351
f 3437 3202 3436
f 3436 3202 3201
f 3436 3201 3332
f 3332 3201 3204
f 3433 3200 3434
f 3434 3200 3199
f 3211 3435 3199
f 3199 3435 3434
f 3333 3210 3433
f 3433 3210 3200
f 3380 3470 3371
f 3400 3371 3336
f 3336 3371 3470
f 3381 3328 3380
f 3380 3328 3470
f 3470 3328 3209
f 3209 3328 3208
f 3336 3470 3327
f 3327 3470 3209
f 1545 1763 1546
f 1546 1763 1762
f 1403 1546 773
f 773 1546 770
f 1221 3013 1220
f 1220 3013 3471
f 1305 2877 1306
f 1306 2877 2879
f 1220 3471 828
f 828 3471 829
f 1217 1754 3472
f 3472 1754 1756
f 1049 3473 1048
f 1048 3473 3474
f 1371 1179 3473
f 3473 1179 3474
f 1074 3475 1179
f 1179 3475 3474
f 3474 3475 1048
f 1048 3475 1056
f 919 666 1345
f 1345 666 665
f 856 680 919
f 919 680 666
f 679 680 1449
f 1449 680 858
f 1367 878 1500
f 1500 878 877
f 1366 908 1367
f 1367 908 878
f 1512 916 1513
f 1513 916 915
f 947 1368 948
f 948 1368 1369
f 1047 1021 1044
f 1044 1021 1020
f 1370 1049 1019
f 1019 1049 1020
f 1173 1030 1174
f 1174 1030 1033
f 3126 1188 1464
f 1464 1188 1187
f 1800 1451 1512
f 1512 1451 916
f 1175 1174 1186
f 1186 1174 1187
f 1030 1173 1047
f 1047 1173 1021
f 1513 915 3476
f 3476 915 1481
f 1345 665 3477
f 3477 665 1483
f 1502 1501 876
f 876 1501 877
f 1205 1451 1803
f 1803 1451 1802
f 3479 2832 3478
f 3478 2832 2831
f 1449 858 2927
f 2927 858 2922
f 908 1366 947
f 947 1366 1368
f 949 948 3126
f 3126 948 1188
f 3480 3135 1502
f 1502 3135 1501
f 2927 2922 3157
f 3157 2922 3152
f 3477 1483 3479
f 3479 1483 2832
f 1803 1802 3151
f 3151 1802 3152
f 663 658 664
f 664 658 657
f 655 658 939
f 939 658 706
f 1512 870 1800
f 1800 870 869
f 875 874 876
f 876 874 873
f 849 874 905
f 905 874 958
f 949 962 946
f 946 962 961
f 978 3126 979
f 979 3126 1464
f 1031 1168 1032
f 1032 1168 1022
f 1045 1013 1046
f 1046 1013 1012
f 1045 1044 1056
f 1056 1044 1048
f 1047 1046 1030
f 1030 1046 1031
f 939 706 940
f 940 706 1450
f 979 1464 1032
f 1032 1464 1033
f 3480 1478 3476
f 3476 1478 3134
f 2829 1487 2830
f 2830 1487 1486
f 848 1230 873
f 873 1230 1479
f 867 870 933
f 933 870 1514
f 1800 869 1801
f 1801 869 1799
f 2830 1486 1325
f 1325 1486 2833
f 940 1450 2925
f 2925 1450 2928
f 946 961 907
f 907 961 958
f 959 962 977
f 977 962 978
f 3476 3134 1513
f 1513 3134 1514
f 2925 2928 3155
f 3155 2928 3158
f 1325 2833 656
f 656 2833 657
f 1801 1799 3157
f 3157 1799 3158
f 1074 1055 3475
f 3475 1055 1056
f 1371 3473 1370
f 1370 3473 1049
f 2884 615 3481
f 3481 615 618
f 3478 2831 2846
f 2846 2831 617
f 2831 1484 617
f 617 1484 618
f 1484 1487 618
f 618 1487 3481
f 2848 3481 2829
f 2829 3481 1487
f 1480 1517 1161
f 1161 1517 1162
f 3129 1323 1455
f 1455 1323 1322
f 3129 3134 1323
f 1323 3134 1478
f 1535 3173 1515
f 1515 3173 1516
f 3085 3095 3137
f 3137 3095 3094
f 3137 3094 3138
f 3138 3094 3104
f 3117 3139 3105
f 3105 3139 3106
f 1138 1141 3127
f 3127 1141 3128
f 3081 3131 1264
f 1264 3131 3130
f 1227 1226 3132
f 3132 1226 3133
f 1264 3130 1229
f 1229 3130 1322
f 1160 1501 1161
f 1161 1501 3135
f 1141 1476 3128
f 3128 1476 3136
f 1226 1163 3133
f 3133 1163 1162
f 1363 1138 1515
f 1515 1138 3127
f 3084 3095 3081
f 3081 3095 3131
f 3089 884 3105
f 3105 884 3140
f 884 883 3140
f 3140 883 3141
f 883 3482 3141
f 3141 3482 3142
f 3476 1481 3480
f 3480 1481 3135
f 1502 1479 3480
f 3480 1479 1478
f 3168 463 440
f 714 1880 715
f 715 1880 2905
f 896 732 2970
f 2970 732 731
f 1263 834 3082
f 3082 834 833
f 898 1231 853
f 853 1231 854
f 3125 890 2931
f 2931 890 889
f 1237 893 2851
f 2851 893 892
f 898 853 899
f 899 853 963
f 988 987 989
f 989 987 986
f 1002 1007 1003
f 1003 1007 1006
f 1038 1036 1007
f 1007 1036 1004
f 1070 1052 1005
f 1005 1052 1006
f 1069 1067 1070
f 1070 1067 1052
f 1130 1129 1134
f 1134 1129 1135
f 879 1167 880
f 880 1167 1166
f 1171 1169 1037
f 1037 1169 1038
f 1085 1180 1069
f 1069 1180 1067
f 1209 1210 879
f 879 1210 1167
f 2885 1215 1754
f 1754 1215 1214
f 1263 855 834
f 834 855 854
f 708 1244 1826
f 1826 1244 1243
f 2909 894 1254
f 1254 894 893
f 1228 1361 964
f 964 1361 1360
f 2908 2907 1436
f 1436 2907 1437
f 2990 1440 2991
f 2991 1440 1439
f 964 1360 965
f 965 1360 1454
f 950 1457 951
f 951 1457 1456
f 970 1463 971
f 971 1463 1462
f 1025 1169 984
f 984 1169 986
f 1084 1097 1469
f 1469 1097 1470
f 1096 1115 1474
f 1474 1115 1475
f 1140 1361 1141
f 1141 1361 1476
f 1212 1495 2828
f 2828 1495 1494
f 880 1166 1452
f 1452 1166 1499
f 715 2905 1504
f 1504 2905 2906
f 954 1519 955
f 955 1519 1518
f 1026 1520 992
f 992 1520 1518
f 1029 1520 1043
f 1043 1520 1521
f 997 1522 1040
f 1040 1522 1521
f 1015 1522 1016
f 1016 1522 1523
f 1523 996 1524
f 1524 996 1062
f 1057 1060 1525
f 1525 1060 1524
f 1094 1528 1082
f 1082 1528 1527
f 1526 1528 1089
f 1089 1528 1529
f 1090 1531 1108
f 1108 1531 1530
f 1125 1533 1126
f 1126 1533 1532
f 3483 1755 727
f 727 1755 1214
f 735 1814 707
f 707 1814 1813
f 2891 1834 1246
f 1246 1834 1243
f 2904 1881 1847
f 1847 1881 1848
f 1852 1855 1853
f 1853 1855 1858
f 1902 2903 1877
f 1877 2903 1878
f 2903 2904 1878
f 1878 2904 1847
f 714 713 1848
f 1848 713 1849
f 1440 2990 1883
f 1883 2990 2989
f 1883 2989 1852
f 1852 2989 1855
f 2895 1888 2892
f 2892 1888 1887
f 774 777 1877
f 1877 777 1903
f 1251 2835 1252
f 1252 2835 2834
f 1213 2844 1212
f 1212 2844 1495
f 2851 892 1213
f 1213 892 2844
f 3123 2911 3124
f 3124 2911 2910
f 887 2929 888
f 888 2929 889
f 1435 2963 1436
f 1436 2963 2961
f 1253 1438 1254
f 1254 1438 1437
f 2970 731 735
f 735 731 1814
f 733 732 2885
f 2885 732 1215
f 2901 2902 2976
f 2976 2902 2977
f 2975 2982 2976
f 2976 2982 2979
f 2899 2900 2981
f 2981 2900 2979
f 2899 2981 2898
f 2898 2981 2983
f 2986 2985 2984
f 2984 2985 2983
f 2897 2985 2896
f 2896 2985 2988
f 2991 1439 2987
f 2987 1439 2988
f 777 2978 1903
f 1903 2978 2977
f 1885 1888 1858
f 1858 1888 1853
f 3090 3088 836
f 836 3088 833
f 3083 3088 3097
f 3097 3088 3096
f 3097 3096 3104
f 3104 3096 3106
f 3111 3116 3108
f 3108 3116 3109
f 3112 3111 3114
f 3114 3111 3108
f 3113 3122 3114
f 3114 3122 3115
f 891 890 2837
f 2837 890 2834
f 951 1456 954
f 954 1456 1519
f 967 1457 936
f 936 1457 1454
f 971 1462 902
f 902 1462 963
f 1461 1463 988
f 988 1463 987
f 1466 1468 1474
f 1474 1468 1470
f 1089 1529 1090
f 1090 1529 1531
f 1184 1181 1469
f 1469 1181 1180
f 1082 1527 1061
f 1061 1527 1525
f 1129 1473 1135
f 1135 1473 1475
f 1108 1530 1105
f 1105 1530 1532
f 1452 1499 3132
f 3132 1499 3136
f 3109 3116 3139
f 3139 3116 3138
f 2912 2911 887
f 887 2911 2929
f 2836 2835 1497
f 1497 2835 1494
f 2913 3102 2910
f 2910 3102 3115
f 1133 3187 1134
f 1134 3187 3185
f 3177 3176 3197
f 3197 3176 3198
f 3203 3183 3206
f 3206 3183 3207
f 3196 3202 3197
f 3197 3202 3211
f 3183 3182 3207
f 3207 3182 3185
f 1125 3180 1533
f 1533 3180 3198
f 3331 3203 3330
f 3330 3203 3206
f 3376 3379 3385
f 3385 3379 3386
f 3382 3376 3392
f 3392 3376 3385
f 3412 3415 3413
f 3413 3415 3414
f 3417 3396 3415
f 3415 3396 3395
f 3383 3386 3426
f 3426 3386 3425
f 3413 3414 3432
f 3432 3414 3430
f 3437 3396 3435
f 3435 3396 3417
f 3329 3382 3330
f 3330 3382 3392
f 3426 3425 3460
f 3460 3425 3458
f 3432 3430 3457
f 3457 3430 3463
f 3457 3463 3456
f 3456 3463 3465
f 3460 3458 3467
f 3467 3458 3466
f 3466 3455 3465
f 3465 3455 3456
f 3202 3437 3211
f 3211 3437 3435
f 3104 3106 3138
f 3138 3106 3139
f 3132 3136 1227
f 1227 3136 1476
f 943 687 600
f 600 687 601
f 596 625 667
f 667 625 1297
f 687 686 601
f 601 686 653
f 1319 784 711
f 711 784 712
f 1811 607 783
f 783 607 712
f 862 921 917
f 917 921 920
f 3478 925 3479
f 3479 925 924
f 2846 926 3478
f 3478 926 925
f 659 662 929
f 929 662 930
f 856 921 857
f 857 921 1204
f 1206 864 1207
f 1207 864 863
f 2876 1219 2877
f 2877 1219 1218
f 667 1297 593
f 593 1297 1296
f 917 920 1333
f 1333 920 1346
f 686 693 653
f 653 693 930
f 1277 913 1498
f 1498 913 1207
f 592 1536 610
f 610 1536 711
f 864 1206 1805
f 1805 1206 1804
f 1317 1536 1900
f 1900 1536 1809
f 1900 1809 1295
f 1295 1809 1296
f 3479 924 3477
f 3477 924 2824
f 927 926 1203
f 1203 926 2847
f 3484 2859 3032
f 3032 2859 3033
f 3472 2878 1217
f 1217 2878 1218
f 2889 2888 2880
f 2880 2888 2881
f 2886 2883 2887
f 2887 2883 2882
f 929 928 2847
f 2847 928 1203
f 857 1204 2921
f 2921 1204 2926
f 1820 1819 2882
f 2882 1819 2881
f 1821 2883 2876
f 2876 2883 1219
f 782 2889 783
f 783 2889 2880
f 1352 3034 1353
f 1353 3034 3033
f 3031 3034 3041
f 3041 3034 3043
f 944 943 3043
f 3043 943 600
f 1339 3145 1498
f 1498 3145 3143
f 1208 882 3148
f 3148 882 3143
f 2921 2926 3151
f 3151 2926 3156
f 3477 2824 1345
f 1345 2824 1346
f 1805 1804 3154
f 3154 1804 3156
f 886 3103 883
f 883 3103 3482
f 841 1248 3485
f 3485 1248 3121
f 2811 2819 2812
f 2812 2819 2816
f 2818 2815 2817
f 2817 2815 2806
f 2817 2816 2818
f 2818 2816 2819
f 2793 2795 2819
f 2819 2795 2818
f 243 352 2793
f 2793 352 2795
f 242 353 243
f 243 353 352
f 359 191 242
f 242 191 353
f 247 192 359
f 359 192 191
f 157 193 247
f 247 193 192
f 156 194 157
f 157 194 193
f 378 261 156
f 156 261 194
f 378 381 261
f 261 381 195
f 195 381 196
f 196 381 376
f 196 376 198
f 198 376 375
f 375 1776 198
f 198 1776 197
f 1776 1767 197
f 197 1767 274
f 181 274 199
f 199 274 1767
f 568 566 564
f 564 566 563
f 568 569 566
f 566 569 567
f 501 1773 1771
f 1771 1773 578
f 547 579 1773
f 1773 579 578
f 3486 470 474
f 474 470 469
f 450 582 3487
f 3487 582 3488
f 582 583 3488
f 3488 583 3489
f 583 584 3489
f 3489 584 3490
f 3490 584 3491
f 3491 584 543
f 470 3486 466
f 466 3486 467
f 3489 3490 503
f 503 3490 504
f 503 3492 3489
f 3489 3492 3488
f 3492 503 3493
f 3493 503 502
f 3495 3492 3494
f 3494 3492 3493
f 3487 3488 3495
f 3495 3488 3492
f 468 1774 465
f 465 1774 570
f 3494 3493 1775
f 1775 3493 1771
f 3490 3491 504
f 504 3491 1772
f 3491 543 1772
f 1772 543 548
f 450 3487 474
f 474 3487 3486
f 3495 467 3487
f 3487 467 3486
f 3494 468 3495
f 3495 468 467
f 468 3494 1774
f 1774 3494 1775
f 501 1771 502
f 502 1771 3493
f 527 366 384
f 384 366 365
f 522 524 527
f 527 524 366
f 521 534 522
f 522 534 524
f 530 535 521
f 521 535 534
f 508 486 513
f 513 486 532
f 513 532 541
f 541 532 535
f 667 668 596
f 596 668 597
f 1294 1297 624
f 624 1297 625
f 603 641 604
f 604 641 640
f 1290 1293 650
f 650 1293 651
f 1758 691 660
f 660 691 661
f 602 671 599
f 599 671 670
f 654 662 690
f 690 662 661
f 2856 598 695
f 695 598 597
f 602 654 671
f 671 654 690
f 604 640 676
f 676 640 704
f 1826 1829 708
f 708 1829 709
f 1288 1284 740
f 740 1284 741
f 755 754 758
f 758 754 759
f 2853 2856 932
f 932 2856 695
f 689 691 1192
f 1192 691 1193
f 784 1319 1240
f 1240 1319 1241
f 1813 1816 1244
f 1244 1816 1245
f 754 1288 759
f 759 1288 740
f 1894 1242 1318
f 1318 1242 1241
f 2867 1348 1418
f 1418 1348 1347
f 676 704 673
f 673 704 1347
f 1284 1287 741
f 741 1287 1419
f 1421 1426 1422
f 1422 1426 1425
f 1758 660 615
f 615 660 616
f 1192 1191 1421
f 1421 1191 1426
f 2962 1839 1504
f 1504 1839 1505
f 941 1194 1759
f 1759 1194 1193
f 1287 1537 1419
f 1419 1537 1760
f 1882 2893 1823
f 1823 2893 1824
f 1886 1891 1827
f 1827 1891 1828
f 1887 1886 1834
f 1834 1886 1827
f 1841 716 1838
f 1838 716 1505
f 782 784 1850
f 1850 784 1240
f 1239 1242 1863
f 1863 1242 1864
f 1242 1894 1864
f 1864 1894 1873
f 1822 1239 1823
f 1823 1239 1863
f 1318 1317 1895
f 1895 1317 1900
f 1894 1896 1873
f 1873 1896 1897
f 1291 1896 1292
f 1292 1896 1895
f 605 1898 606
f 606 1898 1897
f 1258 1257 2854
f 2854 1257 2855
f 1257 1351 2855
f 2855 1351 2857
f 1351 1353 2857
f 2857 1353 2858
f 1353 3033 2858
f 2858 3033 2859
f 2860 2861 3036
f 3036 2861 3037
f 2862 2863 2870
f 2870 2863 3039
f 2870 2869 2862
f 2862 2869 2864
f 2868 2865 2869
f 2869 2865 2864
f 1764 2866 2868
f 2868 2866 2865
f 1537 1199 1760
f 1760 1199 1348
f 615 2884 1758
f 1758 2884 1759
f 1825 1246 2890
f 2890 1246 1245
f 2893 2892 1824
f 1824 2892 2891
f 761 2960 758
f 758 2960 2906
f 3000 2943 2940
f 2940 2943 2941
f 2968 710 2950
f 2950 710 709
f 1764 1423 2866
f 2866 1423 2953
f 1423 645 2953
f 2953 645 2954
f 645 644 2954
f 2954 644 2955
f 644 738 2955
f 2955 738 2956
f 738 764 2956
f 2956 764 2957
f 764 763 2957
f 2957 763 2958
f 763 2908 2958
f 2958 2908 2959
f 2908 1436 2959
f 2959 1436 2961
f 1837 2964 1435
f 1435 2964 2963
f 1837 2937 2964
f 2964 2937 2965
f 2936 2968 2966
f 2966 2968 2950
f 1840 2942 1838
f 1838 2942 2941
f 2939 2949 2940
f 2940 2949 3006
f 2939 2942 2966
f 2966 2942 2965
f 1822 1825 1850
f 1850 1825 2890
f 1891 3005 1828
f 1828 3005 3006
f 3035 3038 3045
f 3045 3038 3042
f 3045 3044 3035
f 3035 3044 3040
f 669 1422 3045
f 3045 1422 3044
f 599 670 3041
f 3041 670 3042
f 931 3067 932
f 932 3067 3065
f 2853 3066 2854
f 2854 3066 3076
f 3067 3496 3065
f 3065 3496 3497
f 3066 3498 3076
f 3076 3498 3499
f 707 1813 708
f 708 1813 1244
f 2960 2962 2906
f 2906 2962 1504
f 2892 1887 2891
f 2891 1887 1834
f 1839 2962 2963
f 2963 2962 2961
f 595 626 596
f 596 626 625
f 623 626 3484
f 3484 626 2859
f 1291 1290 606
f 606 1290 603
f 1290 650 603
f 603 650 641
f 641 650 642
f 642 650 649
f 2860 2863 649
f 649 2863 642
f 3036 3039 2860
f 2860 3039 2863
f 3035 3040 3036
f 3036 3040 3039
f 1294 1293 1295
f 1295 1293 1292
f 624 651 1294
f 1294 651 1293
f 623 652 624
f 624 652 651
f 3484 2861 623
f 623 2861 652
f 3032 3037 3484
f 3484 3037 2861
f 3031 3038 3032
f 3032 3038 3037
f 3481 2848 2884
f 2884 2848 942
f 2846 617 1427
f 1427 617 616
f 3049 3167 3048
f 3048 3167 3500
f 1906 3048 3070
f 3070 3048 3500
f 1337 1768 3501
f 3501 1768 3502
f 3020 3503 3021
f 3021 3503 3024
f 2914 3023 3020
f 3020 3023 3503
f 859 1770 860
f 860 1770 3504
f 1336 3505 1768
f 1768 3505 3502
f 3065 3497 3066
f 3066 3497 3498
f 2814 3075 3067
f 3067 3075 3496
f 2839 3174 766
f 766 3174 3017
f 1337 3501 1338
f 1338 3501 1769
f 767 3018 3026
f 3026 3018 3506
f 3076 3499 3064
f 3064 3499 3507
f 727 730 3483
f 3483 730 3030
f 3064 3507 2871
f 2871 3507 3077
f 3100 3160 1786
f 1786 3160 1784
f 3026 3506 752
f 752 3506 3015
f 860 3504 2923
f 2923 3504 3508
f 753 3016 3027
f 3027 3016 3509
f 3027 3509 3008
f 3008 3509 3028
f 1782 1785 1783
f 1783 1785 3022
f 2923 3508 3153
f 3153 3508 3161
f 3148 3149 1208
f 1208 3149 3150
f 1335 1328 3510
f 3510 1328 1327
f 1336 1335 3505
f 3505 1335 3510
f 866 3511 1340
f 1340 3511 3146
f 865 1808 866
f 866 1808 3511
f 842 841 3159
f 3159 841 3485
f 2849 3512 1329
f 1329 3512 1326
f 1202 1331 2849
f 2849 1331 3512
f 3514 3515 3513
f 3513 3515 3516
f 3518 3516 3517
f 3517 3516 3515
f 3519 3520 3514
f 3514 3520 3515
f 3522 3523 3521
f 3521 3523 3524
f 3526 3527 3525
f 3525 3527 3528
f 3530 3531 3529
f 3529 3531 3532
f 3534 3535 3533
f 3533 3535 3536
f 3529 3532 3537
f 3537 3532 3538
f 3537 3539 3529
f 3529 3539 3540
f 3542 3543 3541
f 3541 3543 3544
f 3546 3547 3545
f 3545 3547 3548
f 3550 3534 3549
f 3549 3534 3533
f 3550 3543 3551
f 3551 3543 3552
f 3537 3545 3539
f 3539 3545 3548
f 3553 3554 3556
f 3556 3554 3555
f 3537 3557 3545
f 3545 3557 3546
f 3558 3559 3561
f 3561 3559 3560
f 3563 3564 3562
f 3562 3564 3565
f 3564 3563 3566
f 3566 3563 3567
f 3569 3570 3568
f 3568 3570 3571
f 3573 3574 3572
f 3572 3574 3575
f 3577 3578 3576
f 3576 3578 3579
f 3581 3582 3580
f 3580 3582 3583
f 3585 3586 3584
f 3584 3586 3579
f 3586 3587 3579
f 3579 3587 3576
f 3589 3590 3588
f 3588 3590 3591
f 3592 3593 3595
f 3595 3593 3594
f 3597 3598 3596
f 3596 3598 3595
f 3583 3600 3599
f 3599 3600 3601
f 3603 3599 3602
f 3602 3599 3601
f 3605 3606 3604
f 3604 3606 3607
f 3608 3555 3596
f 3596 3555 3554
f 3597 3610 3609
f 3609 3610 3565
f 3564 3611 3565
f 3565 3611 3609
f 3611 3564 3612
f 3612 3564 3566
f 3613 3614 3569
f 3569 3614 3570
f 3615 3616 3573
f 3573 3616 3574
f 3517 3617 3518
f 3518 3617 3618
f 3620 3621 3619
f 3619 3621 3622
f 3624 3625 3623
f 3623 3625 3626
f 3628 3629 3627
f 3627 3629 3630
f 3632 3633 3631
f 3631 3633 3634
f 3636 3637 3635
f 3635 3637 3638
f 3640 3641 3639
f 3639 3641 3642
f 3643 3644 3639
f 3639 3644 3640
f 3646 3513 3645
f 3645 3513 3647
f 3648 3514 3646
f 3646 3514 3513
f 3649 3519 3648
f 3648 3519 3514
f 3650 3651 3527
f 3527 3651 3652
f 3654 3651 3653
f 3653 3651 3650
f 3568 3571 3655
f 3655 3571 3656
f 3657 3658 3653
f 3653 3658 3659
f 3661 3662 3660
f 3660 3662 3658
f 3664 3665 3663
f 3663 3665 3666
f 3667 3657 3650
f 3650 3657 3653
f 3669 3523 3668
f 3668 3523 3670
f 3672 3673 3671
f 3671 3673 3674
f 3676 3677 3675
f 3675 3677 3678
f 3671 3674 3676
f 3676 3674 3677
f 3680 3681 3679
f 3679 3681 3682
f 3683 3684 3680
f 3680 3684 3681
f 3685 3686 3661
f 3661 3686 3662
f 3686 3687 3662
f 3662 3687 3688
f 3684 3683 3689
f 3689 3683 3690
f 3692 3693 3691
f 3691 3693 3694
f 3691 3694 3695
f 3695 3694 3696
f 3698 3699 3697
f 3697 3699 3700
f 3702 3703 3701
f 3701 3703 3704
f 3705 3706 3519
f 3519 3706 3520
f 3673 3672 3707
f 3707 3672 3708
f 3709 3710 3682
f 3682 3710 3679
f 3711 3712 3692
f 3692 3712 3693
f 3714 3715 3713
f 3713 3715 3716
f 3718 3700 3717
f 3717 3700 3699
f 3720 3721 3719
f 3719 3721 3722
f 3724 3725 3723
f 3723 3725 3726
f 3727 3728 3730
f 3730 3728 3729
f 3722 3721 3731
f 3731 3721 3732
f 3697 3700 3733
f 3733 3700 3714
f 3733 3714 3734
f 3734 3714 3713
f 3721 3723 3732
f 3732 3723 3735
f 3720 3736 3724
f 3724 3736 3737
f 3700 3718 3714
f 3714 3718 3715
f 3717 3699 3738
f 3738 3699 3739
f 3536 3740 3533
f 3533 3740 3540
f 3742 3743 3741
f 3741 3743 3744
f 3746 3747 3745
f 3745 3747 3748
f 3750 3751 3749
f 3749 3751 3752
f 3627 3632 3628
f 3628 3632 3631
f 3754 3755 3753
f 3753 3755 3626
f 3562 3565 3756
f 3756 3565 3610
f 3527 3652 3528
f 3528 3652 3757
f 3758 3524 3669
f 3669 3524 3523
f 3582 3598 3583
f 3583 3598 3600
f 3759 3670 3522
f 3522 3670 3523
f 3675 3678 3760
f 3760 3678 3761
f 3762 3763 3690
f 3690 3763 3689
f 3765 3766 3764
f 3764 3766 3767
f 3768 3739 3698
f 3698 3739 3699
f 3726 3725 3770
f 3770 3725 3769
f 3645 3647 3771
f 3771 3647 3772
f 3645 3678 3646
f 3646 3678 3677
f 3646 3677 3648
f 3648 3677 3674
f 3673 3649 3674
f 3674 3649 3648
f 3707 3773 3673
f 3673 3773 3649
f 3775 3776 3774
f 3774 3776 3777
f 3779 3526 3778
f 3778 3526 3525
f 3526 3779 3667
f 3667 3779 3780
f 3780 3781 3667
f 3667 3781 3657
f 3672 3679 3708
f 3708 3679 3710
f 3671 3680 3672
f 3672 3680 3679
f 3676 3683 3671
f 3671 3683 3680
f 3675 3690 3676
f 3676 3690 3683
f 3760 3762 3675
f 3675 3762 3690
f 3682 3681 3783
f 3783 3681 3782
f 3689 3784 3684
f 3684 3784 3785
f 3684 3785 3681
f 3681 3785 3782
f 3786 3709 3783
f 3783 3709 3682
f 3784 3689 3787
f 3787 3689 3763
f 3789 3557 3788
f 3788 3557 3790
f 3792 3793 3791
f 3791 3793 3794
f 3616 3615 3795
f 3795 3615 3796
f 3797 3798 3727
f 3727 3798 3728
f 3800 3801 3799
f 3799 3801 3802
f 3803 3578 3592
f 3592 3578 3593
f 3805 3806 3804
f 3804 3806 3807
f 3599 3603 3585
f 3585 3603 3586
f 3587 3586 3604
f 3604 3586 3603
f 3588 3591 3794
f 3794 3591 3791
f 3581 3803 3582
f 3582 3803 3592
f 3594 3561 3608
f 3608 3561 3790
f 3662 3688 3808
f 3808 3688 3809
f 3665 3664 3810
f 3810 3664 3811
f 3719 3812 3720
f 3720 3812 3736
f 3717 3813 3718
f 3718 3813 3737
f 3723 3721 3724
f 3724 3721 3720
f 3813 3717 3814
f 3814 3717 3738
f 3815 3816 303
f 303 3816 304
f 3818 3819 3817
f 3817 3819 3820
f 3578 3803 3579
f 3579 3803 3584
f 3558 3593 3577
f 3577 3593 3578
f 3822 3823 3821
f 3821 3823 3824
f 3546 3826 3825
f 3825 3826 3827
f 3828 3829 3547
f 3547 3829 3541
f 3831 3542 3830
f 3830 3542 3832
f 3834 3822 3833
f 3833 3822 3821
f 3835 3836 3827
f 3827 3836 3825
f 3800 3799 3828
f 3828 3799 3829
f 3830 3832 3837
f 3837 3832 3838
f 331 330 3551
f 3551 330 3839
f 3831 333 3552
f 3552 333 332
f 3819 3797 3841
f 3841 3797 3840
f 3513 3516 3647
f 3647 3516 3746
f 337 336 3745
f 3745 336 3772
f 3525 3528 3775
f 3775 3528 3749
f 3610 3597 3554
f 3554 3597 3596
f 3706 3702 3520
f 3520 3702 3701
f 3756 3610 3553
f 3553 3610 3554
f 3757 3750 3528
f 3528 3750 3749
f 3517 3515 3701
f 3701 3515 3520
f 3842 3584 3581
f 3581 3584 3803
f 3525 3775 3778
f 3778 3775 3774
f 3638 3843 3635
f 3635 3843 3618
f 3617 3621 3618
f 3618 3621 3635
f 3617 3517 3704
f 3704 3517 3701
f 3521 3624 3522
f 3522 3624 3623
f 3749 3844 3775
f 3775 3844 3776
f 3846 3847 3845
f 3845 3847 3848
f 3843 3747 3618
f 3618 3747 3518
f 3850 3851 3849
f 3849 3851 3748
f 3853 3854 3852
f 3852 3854 3855
f 3856 3857 3622
f 3622 3857 3619
f 3859 3860 3858
f 3858 3860 3861
f 3862 3844 3752
f 3752 3844 3749
f 3863 3759 3623
f 3623 3759 3522
f 3864 3777 3630
f 3630 3777 3776
f 3713 3865 3734
f 3734 3865 3866
f 3868 3869 3867
f 3867 3869 3870
f 3872 3873 3871
f 3871 3873 3874
f 3876 3877 3875
f 3875 3877 3878
f 3879 3880 3878
f 3878 3880 3881
f 3882 3883 3885
f 3885 3883 3884
f 3780 3886 3781
f 3781 3886 3887
f 3888 3685 3869
f 3869 3685 3661
f 3880 3879 3883
f 3883 3879 3884
f 3693 3783 3694
f 3694 3783 3782
f 3696 3785 3764
f 3764 3785 3784
f 3694 3782 3696
f 3696 3782 3785
f 3693 3786 3783
f 3787 3765 3784
f 3784 3765 3764
f 386 385 3765
f 3765 385 3766
f 3695 3889 3691
f 3691 3889 3890
f 3691 3890 3692
f 3692 3890 3891
f 3892 3711 3891
f 3891 3711 3692
f 3767 3893 3695
f 3695 3893 3889
f 3766 3894 3767
f 3767 3894 3893
f 3882 3885 3895
f 3895 3885 3896
f 3898 3698 3897
f 3897 3698 3697
f 3897 3697 3899
f 3899 3697 3733
f 3899 3733 3900
f 3900 3733 3734
f 3901 3768 3898
f 3898 3768 3698
f 3901 3902 3768
f 3768 3902 3903
f 3904 3905 3907
f 3907 3905 3906
f 3869 3661 3870
f 3870 3661 3660
f 3908 3909 3896
f 3896 3909 3895
f 3909 3758 3895
f 3895 3758 3669
f 3751 3531 3752
f 3752 3531 3848
f 3858 3536 3854
f 3854 3536 3535
f 3652 3562 3757
f 3757 3562 3756
f 3651 3654 3563
f 3563 3654 3567
f 3655 3656 3808
f 3808 3656 3659
f 3530 3740 3845
f 3845 3740 3861
f 3751 3750 3556
f 3556 3750 3553
f 3817 3820 3796
f 3796 3820 3795
f 410 409 3910
f 3910 409 3855
f 3750 3757 3553
f 3553 3757 3756
f 3908 3886 3909
f 3909 3886 3780
f 409 411 3855
f 3855 411 3851
f 413 412 3760
f 3760 412 3762
f 415 414 3763
f 3763 414 3787
f 3790 3557 3538
f 3538 3557 3537
f 3555 3608 3538
f 3538 3608 3790
f 3574 3911 3575
f 3575 3911 3912
f 3535 3534 3910
f 3910 3534 3839
f 3831 3552 3542
f 3542 3552 3543
f 3534 3550 3839
f 3839 3550 3551
f 3543 3550 3544
f 3544 3550 3549
f 3913 3914 3916
f 3916 3914 3915
f 3806 3805 3589
f 3589 3805 3590
f 3849 3843 3917
f 3917 3843 3638
f 3853 3644 3859
f 3859 3644 3742
f 3747 3746 3518
f 3518 3746 3516
f 3695 3696 3767
f 3767 3696 3764
f 3903 3918 3768
f 3768 3918 3739
f 3738 3739 3816
f 3816 3739 3918
f 3919 3920 3769
f 3769 3920 3770
f 3921 3726 3922
f 3922 3726 3770
f 3678 3645 3761
f 3761 3645 3771
f 3924 3913 3923
f 3923 3913 3916
f 3802 3925 3838
f 3838 3925 3837
f 3577 3926 3558
f 3558 3926 3559
f 3815 3919 3814
f 3814 3919 3769
f 3927 3928 3822
f 3822 3928 3823
f 3829 3832 3541
f 3541 3832 3542
f 3834 3927 3822
f 3832 3829 3838
f 3838 3829 3799
f 3745 3772 3746
f 3746 3772 3647
f 3849 3748 3843
f 3843 3748 3747
f 3854 3853 3858
f 3858 3853 3859
f 3854 3535 3855
f 3855 3535 3910
f 3557 3789 3546
f 3546 3789 3826
f 3923 3823 3924
f 3924 3823 3928
f 3823 3923 3929
f 3929 3923 3930
f 3531 3751 3532
f 3532 3751 3556
f 3532 3556 3538
f 3538 3556 3555
f 3932 3634 3931
f 3931 3634 3633
f 3814 3769 3813
f 3813 3769 3725
f 3620 3636 3621
f 3621 3636 3635
f 3847 3862 3848
f 3848 3862 3752
f 3531 3530 3848
f 3848 3530 3845
f 3933 3934 3830
f 3830 3934 3831
f 3925 3933 3837
f 3837 3933 3830
f 3934 440 3831
f 3831 440 333
f 3925 3802 3833
f 3833 3802 3801
f 3776 3844 3630
f 3630 3844 3627
f 3808 3659 3662
f 3662 3659 3658
f 3667 3650 3526
f 3526 3650 3527
f 3935 3666 3936
f 3936 3666 3665
f 3718 3737 3715
f 3715 3737 3736
f 3663 3809 3664
f 3664 3809 3688
f 3807 3806 3938
f 3938 3806 3937
f 445 413 3761
f 3761 413 3760
f 3902 447 3903
f 3903 447 446
f 3897 3890 3898
f 3898 3890 3889
f 3899 3891 3897
f 3897 3891 3890
f 3898 3889 3901
f 3901 3889 3893
f 3893 3894 3901
f 3901 3894 3902
f 414 386 3787
f 3787 386 3765
f 3940 3941 3939
f 3939 3941 3942
f 3840 3797 3943
f 3943 3797 3727
f 3665 3810 3936
f 3936 3810 3944
f 3921 3735 3726
f 3726 3735 3723
f 3920 3945 3770
f 3770 3945 3922
f 3521 3524 3774
f 3774 3524 3778
f 3864 3946 3625
f 3625 3946 3947
f 3773 3705 3649
f 3649 3705 3519
f 3779 3778 3758
f 3758 3778 3524
f 3812 3716 3736
f 3736 3716 3715
f 3624 3521 3777
f 3777 3521 3774
f 3703 3856 3704
f 3704 3856 3622
f 3900 3892 3899
f 3899 3892 3891
f 3641 3917 3642
f 3642 3917 3948
f 3895 3669 3882
f 3882 3669 3668
f 3855 3851 3852
f 3852 3851 3850
f 3894 458 3902
f 3902 458 447
f 3781 3887 3660
f 3660 3887 3870
f 3570 3566 3571
f 3571 3566 3567
f 3950 3576 3949
f 3949 3576 3587
f 3605 3602 3614
f 3614 3602 3612
f 3614 3612 3570
f 3570 3612 3566
f 3571 3567 3656
f 3656 3567 3654
f 3660 3658 3781
f 3781 3658 3657
f 3604 3607 3587
f 3587 3607 3949
f 3653 3659 3654
f 3654 3659 3656
f 3529 3540 3530
f 3530 3540 3740
f 3687 3811 3688
f 3688 3811 3664
f 3813 3725 3737
f 3737 3725 3724
f 3919 3815 461
f 461 3815 303
f 3818 3798 3819
f 3819 3798 3797
f 3819 3841 3820
f 3820 3841 3951
f 3816 3815 3738
f 3738 3815 3814
f 3540 3539 3533
f 3533 3539 3549
f 3548 3547 3544
f 3544 3547 3541
f 3539 3548 3549
f 3549 3548 3544
f 3741 3931 3860
f 3860 3931 3846
f 3801 3800 3835
f 3835 3800 3836
f 3934 3933 3824
f 3824 3933 3821
f 3825 3828 3546
f 3546 3828 3547
f 3833 3821 3925
f 3925 3821 3933
f 3800 3828 3836
f 3836 3828 3825
f 3824 3952 3934
f 3934 3952 440
f 3860 3846 3861
f 3861 3846 3845
f 3629 3946 3630
f 3630 3946 3864
f 3740 3536 3861
f 3861 3536 3858
f 3833 3801 3834
f 3834 3801 3835
f 3583 3599 3580
f 3580 3599 3585
f 3651 3563 3652
f 3652 3563 3562
f 3758 3909 3779
f 3779 3909 3780
f 3621 3617 3622
f 3622 3617 3704
f 3625 3947 3626
f 3626 3947 3753
f 3633 3632 3847
f 3847 3632 3862
f 3852 3850 3640
f 3640 3850 3641
f 3644 3853 3640
f 3640 3853 3852
f 3859 3742 3860
f 3860 3742 3741
f 3632 3627 3862
f 3862 3627 3844
f 3755 3863 3626
f 3626 3863 3623
f 3917 3638 3948
f 3948 3638 3637
f 3644 3643 3742
f 3742 3643 3743
f 3931 3633 3846
f 3846 3633 3847
f 3625 3624 3864
f 3864 3624 3777
f 3917 3641 3849
f 3849 3641 3850
f 3744 3932 3741
f 3741 3932 3931
f 3903 446 3918
f 3918 446 464
f 3953 3954 3956
f 3956 3954 3955
f 3958 3959 3957
f 3957 3959 3960
f 3876 3958 3877
f 3877 3958 3957
f 3877 3957 3961
f 3961 3957 3962
f 3963 3964 3958
f 3958 3964 3959
f 3965 3966 3876
f 3876 3966 3958
f 3966 3963 3958
f 3966 3967 3963
f 3963 3967 3968
f 3878 3877 3879
f 3879 3877 3961
f 3967 3969 3968
f 3968 3969 3970
f 3969 3971 3970
f 3970 3971 3972
f 3974 3904 3973
f 3973 3904 3907
f 3971 3975 3972
f 3972 3975 3976
f 3976 3975 3978
f 3978 3975 3977
f 3979 3980 3977
f 3977 3980 3978
f 3981 3982 3979
f 3979 3982 3980
f 3983 3984 3981
f 3981 3984 3982
f 3972 3985 3970
f 3970 3985 3986
f 3871 3987 3969
f 3969 3987 3971
f 3872 3871 3967
f 3967 3871 3969
f 3965 3872 3966
f 3966 3872 3967
f 3970 3986 3968
f 3968 3986 3988
f 3879 3961 3884
f 3884 3961 3940
f 3884 3940 3885
f 3885 3940 3939
f 3989 3990 3992
f 3992 3990 3991
f 3942 3993 3995
f 3995 3993 3994
f 3994 3996 3995
f 3995 3996 3974
f 3997 3998 3994
f 3994 3998 3996
f 3999 3997 3993
f 3993 3997 3994
f 4001 3996 4000
f 4000 3996 3998
f 4000 3998 4002
f 4002 3998 4003
f 4004 4003 3997
f 3997 4003 3998
f 3997 3999 4004
f 4004 3999 4005
f 4006 3995 3973
f 3973 3995 3974
f 3939 3942 4006
f 4006 3942 3995
f 3906 3887 3907
f 3907 3887 3886
f 3887 3906 3870
f 3870 3906 3867
f 3908 3973 3886
f 3886 3973 3907
f 3865 4007 3866
f 3866 4007 4008
f 3984 3983 4009
f 4009 3983 4010
f 3961 3962 3940
f 3940 3962 3941
f 4012 3868 4011
f 4011 3868 3867
f 4013 3975 3987
f 3987 3975 3971
f 4014 3977 4013
f 4013 3977 3975
f 4015 4010 4007
f 4007 4010 3983
f 4007 3983 4008
f 4008 3983 3981
f 4008 3981 4016
f 4016 3981 3979
f 4017 3984 4018
f 4018 3984 4009
f 3977 4014 3979
f 3979 4014 4016
f 3982 3984 4019
f 4019 3984 4017
f 4021 4022 4020
f 4020 4022 4023
f 4022 4012 4023
f 4023 4012 4011
f 4023 3904 4020
f 4020 3904 3974
f 4024 4025 4018
f 4018 4025 4017
f 4026 4027 4024
f 4024 4027 4025
f 4028 4026 4029
f 4029 4026 4024
f 4018 4021 4024
f 4024 4021 4029
f 4030 4031 4026
f 4026 4031 4027
f 4032 4030 4028
f 4028 4030 4026
f 4029 4001 4028
f 4028 4001 4000
f 4028 4000 4032
f 4032 4000 4002
f 4034 4035 4033
f 4033 4035 4036
f 4037 4038 4019
f 4019 4038 4039
f 4041 4039 4040
f 4040 4039 4038
f 4040 4038 4042
f 4042 4038 4036
f 4042 4036 4043
f 4043 4036 4035
f 3985 4044 4046
f 4046 4044 4045
f 4047 4048 4045
f 4045 4048 4046
f 4047 4049 4048
f 4048 4049 4050
f 4042 4047 4040
f 4040 4047 4045
f 4043 4049 4042
f 4042 4049 4047
f 4040 4045 4041
f 4041 4045 4044
f 4052 3959 4051
f 4051 3959 3964
f 4053 4054 4051
f 4051 4054 4055
f 3956 3960 4052
f 4052 3960 3959
f 3953 3956 4056
f 4056 3956 4052
f 4058 3953 4057
f 4057 3953 4056
f 4060 4061 4059
f 4059 4061 4062
f 4063 4064 4054
f 4054 4064 4057
f 4054 4053 4063
f 4063 4053 4065
f 4066 4067 4069
f 4069 4067 4068
f 4048 4050 4063
f 4063 4050 4064
f 4063 4065 4048
f 4048 4065 4046
f 3985 4046 3986
f 3986 4046 4065
f 3986 4065 3988
f 3988 4065 4053
f 3988 4053 3964
f 3964 4053 4051
f 3976 3978 4044
f 4044 3978 4041
f 3980 3982 4039
f 4039 3982 4019
f 4039 4041 3980
f 3980 4041 3978
f 3973 3908 4006
f 4006 3908 3896
f 3885 3939 3896
f 3896 3939 4006
f 4031 4034 4027
f 4027 4034 4033
f 4027 4033 4025
f 4025 4033 4037
f 4019 4017 4037
f 4037 4017 4025
f 3993 3942 4070
f 4070 3942 3941
f 3999 3993 4071
f 4071 3993 4070
f 3999 4071 4005
f 4005 4071 4072
f 4073 4074 4076
f 4076 4074 4075
f 4078 4079 4077
f 4077 4079 4080
f 4082 4080 4081
f 4081 4080 4079
f 4084 4085 4083
f 4083 4085 4086
f 4087 4088 4090
f 4090 4088 4089
f 4092 4093 4091
f 4091 4093 4094
f 4096 4097 4095
f 4095 4097 4098
f 4100 4101 4099
f 4099 4101 4102
f 4103 4104 4106
f 4106 4104 4105
f 4108 4109 4107
f 4107 4109 4110
f 4112 4113 4111
f 4111 4113 4114
f 4116 4117 4115
f 4115 4117 4118
f 4120 4121 4119
f 4119 4121 4122
f 4123 4124 4126
f 4126 4124 4125
f 4127 4128 4130
f 4130 4128 4129
f 4132 4133 4131
f 4131 4133 4134
f 4136 4108 4135
f 4135 4108 4107
f 4138 4139 4137
f 4137 4139 4140
f 4141 4142 4088
f 4088 4142 4089
f 4144 4145 4143
f 4143 4145 4146
f 4148 4149 4147
f 4147 4149 4150
f 4152 4153 4151
f 4151 4153 4154
f 4156 4082 4155
f 4155 4082 4081
f 4157 4158 4160
f 4160 4158 4159
f 4161 4162 4164
f 4164 4162 4163
f 4166 4122 4165
f 4165 4122 4121
f 4168 4152 4167
f 4167 4152 4151
f 4169 4170 4172
f 4172 4170 4171
f 4174 4175 4173
f 4173 4175 4176
f 4178 4149 4177
f 4177 4149 4179
f 4173 4176 4180
f 4180 4176 4181
f 4156 4085 4182
f 4182 4085 4183
f 4182 4184 4156
f 4156 4184 4082
f 4185 4186 4184
f 4184 4186 4187
f 4186 4188 4187
f 4187 4188 4189
f 4190 4191 4073
f 4073 4191 4074
f 4177 4179 4158
f 4158 4179 4159
f 4193 4127 4192
f 4192 4127 4130
f 4144 4194 4151
f 4151 4194 4167
f 4196 4197 4195
f 4195 4197 4198
f 4095 4199 4096
f 4096 4199 4200
f 4201 4202 4204
f 4204 4202 4203
f 4205 4206 4208
f 4208 4206 4207
f 4121 4120 4209
f 4209 4120 4210
f 4212 4213 4211
f 4211 4213 4214
f 4216 4217 4215
f 4215 4217 4218
f 4220 4221 4219
f 4219 4221 4222
f 4224 4196 4223
f 4223 4196 4195
f 4225 4226 4134
f 4134 4226 4131
f 4228 4229 4227
f 4227 4229 4230
f 4232 4233 4231
f 4231 4233 4098
f 4235 4236 4234
f 4234 4236 4237
f 4239 4240 4238
f 4238 4240 4241
f 4242 4243 4245
f 4245 4243 4244
f 4246 4247 4249
f 4249 4247 4248
f 4251 4252 4250
f 4250 4252 4253
f 4255 4256 4254
f 4254 4256 4257
f 4259 4260 4258
f 4258 4260 4261
f 4263 4264 4262
f 4262 4264 4265
f 4267 4268 4266
f 4266 4268 4269
f 4271 4199 4270
f 4270 4199 4272
f 4273 4274 4276
f 4276 4274 4275
f 4115 4118 4277
f 4277 4118 4278
f 4280 4281 4279
f 4279 4281 4282
f 4211 4283 4212
f 4212 4283 4284
f 4286 4287 4285
f 4285 4287 4288
f 4165 4121 4289
f 4289 4121 4209
f 4291 4286 4290
f 4290 4286 4285
f 4293 4294 4292
f 4292 4294 4295
f 4297 4298 4296
f 4296 4298 4299
f 4301 4302 4300
f 4300 4302 4303
f 4299 4304 4296
f 4296 4304 4305
f 4306 4292 4307
f 4307 4292 4295
f 4307 4308 4306
f 4306 4308 4309
f 4310 4309 4075
f 4075 4309 4308
f 4299 4298 4312
f 4312 4298 4311
f 4302 4301 4293
f 4293 4301 4294
f 3735 3921 4313
f 4313 3921 4314
f 4315 4314 3922
f 3922 4314 3921
f 4316 3945 829
f 829 3945 830
f 4289 4317 4165
f 4165 4317 4318
f 4320 4321 4319
f 4319 4321 4322
f 4324 4325 4323
f 4323 4325 4326
f 4327 4328 4330
f 4330 4328 4329
f 4290 4331 4291
f 4291 4331 4332
f 4165 4318 4166
f 4166 4318 4333
f 4334 4335 4337
f 4337 4335 4336
f 4339 4340 4338
f 4338 4340 4341
f 4168 4343 4342
f 4342 4343 4344
f 4346 4347 4345
f 4345 4347 4348
f 4350 4351 4349
f 4349 4351 4352
f 4354 4355 4353
f 4353 4355 4356
f 4357 4358 4324
f 4324 4358 4325
f 4337 4359 4334
f 4334 4359 4360
f 4362 4363 4361
f 4361 4363 4364
f 4366 4367 4365
f 4365 4367 4368
f 4369 4370 4372
f 4372 4370 4371
f 4331 4290 4374
f 4374 4290 4373
f 4373 4376 4375
f 4375 4376 4377
f 4379 4380 4378
f 4378 4380 4381
f 4217 4382 4218
f 4218 4382 4383
f 4385 4386 4384
f 4384 4386 4387
f 4388 4389 4338
f 4338 4389 4390
f 4337 4336 4392
f 4392 4336 4391
f 4394 4362 4393
f 4393 4362 4361
f 4396 4397 4395
f 4395 4397 4398
f 4400 4401 4399
f 4399 4401 4402
f 4345 4403 4346
f 4346 4403 4404
f 4405 4406 4342
f 4342 4406 4407
f 4409 4410 4408
f 4408 4410 4411
f 4408 4412 4409
f 4409 4412 4413
f 4181 4415 4414
f 4414 4415 4416
f 4182 4183 4417
f 4417 4183 4418
f 4419 4353 4311
f 4311 4353 4312
f 4421 4422 4420
f 4420 4422 4423
f 4353 4356 4312
f 4312 4356 4424
f 4166 4333 4425
f 4425 4333 4426
f 4425 4143 4166
f 4166 4143 4122
f 4427 4107 4428
f 4428 4107 4110
f 4429 4430 4174
f 4174 4430 4175
f 4335 4431 4336
f 4336 4431 4390
f 4336 4390 4391
f 4391 4390 4389
f 4432 4433 4435
f 4435 4433 4434
f 4437 4438 4436
f 4436 4438 4439
f 4441 4442 4440
f 4440 4442 4443
f 4359 4444 4361
f 4361 4444 4393
f 4446 4447 4445
f 4445 4447 4448
f 4338 4341 4388
f 4388 4341 4449
f 4450 4451 4398
f 4398 4451 4395
f 4453 4454 4452
f 4452 4454 4455
f 4457 4458 4456
f 4456 4458 4459
f 4460 4461 4448
f 4448 4461 4445
f 4463 4464 4462
f 4462 4464 4465
f 4462 4465 4466
f 4466 4465 4467
f 4468 4469 4467
f 4467 4469 4466
f 4469 4468 4470
f 4470 4468 4471
f 4472 4473 4471
f 4471 4473 4470
f 4475 4476 4474
f 4474 4476 4477
f 4479 4480 4478
f 4478 4480 4481
f 4483 4484 4482
f 4482 4484 4485
f 4487 4488 4486
f 4486 4488 4489
f 4491 4492 4490
f 4490 4492 4493
f 4494 4495 4493
f 4493 4495 4490
f 4496 4497 4494
f 4494 4497 4495
f 4497 4496 4498
f 4498 4496 4499
f 4500 4501 4503
f 4503 4501 4502
f 4505 4506 4504
f 4504 4506 4507
f 4466 4508 4462
f 4462 4508 4509
f 4470 4510 4469
f 4469 4510 4511
f 4513 4479 4512
f 4512 4479 4478
f 4515 4443 4514
f 4514 4443 4442
f 4516 4517 4519
f 4519 4517 4518
f 4521 4495 4520
f 4520 4495 4497
f 4522 4490 4521
f 4521 4490 4495
f 4491 4523 4488
f 4488 4523 4524
f 4525 4489 4524
f 4524 4489 4488
f 4484 4526 4485
f 4485 4526 4527
f 4503 4528 4500
f 4500 4528 4529
f 4530 4531 4533
f 4533 4531 4532
f 4535 4506 4534
f 4534 4506 4530
f 4486 4536 4487
f 4487 4536 4537
f 4487 4537 4492
f 4492 4537 4538
f 4494 4539 4496
f 4496 4539 4540
f 4542 4533 4541
f 4541 4533 4499
f 4544 4545 4543
f 4543 4545 4546
f 4548 4549 4547
f 4547 4549 4550
f 4536 4551 4537
f 4537 4551 4552
f 4537 4552 4538
f 4538 4552 4553
f 4554 4539 4556
f 4556 4539 4555
f 4557 4540 4554
f 4554 4540 4539
f 4559 4557 4558
f 4558 4557 4560
f 4540 4557 4541
f 4541 4557 4559
f 4562 4563 4561
f 4561 4563 4564
f 4546 4565 4543
f 4543 4565 4566
f 4547 4567 4548
f 4548 4567 4568
f 4570 4571 4569
f 4569 4571 4572
f 4574 4575 4573
f 4573 4575 4576
f 4578 4579 4577
f 4577 4579 4580
f 4582 4583 4581
f 4581 4583 4584
f 4585 4586 4588
f 4588 4586 4587
f 4589 4585 4590
f 4590 4585 4588
f 4592 4593 4591
f 4591 4593 4594
f 4596 4597 4595
f 4595 4597 4598
f 4600 4601 4599
f 4599 4601 4602
f 4563 4604 4603
f 4603 4604 4605
f 4603 4606 4608
f 4608 4606 4607
f 4609 4610 4594
f 4594 4610 4591
f 4611 4612 4614
f 4614 4612 4613
f 4616 4617 4615
f 4615 4617 4618
f 4602 4620 4619
f 4619 4620 4621
f 4619 4622 4602
f 4602 4622 4599
f 4605 4599 4623
f 4623 4599 4622
f 4605 4623 4603
f 4603 4623 4606
f 4625 4626 4624
f 4624 4626 4627
f 4438 4437 4628
f 4628 4437 4629
f 4442 4441 4630
f 4630 4441 4631
f 4630 4632 4442
f 4442 4632 4514
f 4633 4634 4529
f 4529 4634 4500
f 4500 4634 4501
f 4501 4634 4635
f 4637 4546 4636
f 4636 4546 4545
f 4639 4565 4638
f 4638 4565 4640
f 4573 4576 4641
f 4641 4576 4642
f 4593 4643 4594
f 4594 4643 4644
f 4645 4609 4644
f 4644 4609 4594
f 4647 4648 4646
f 4646 4648 4649
f 4651 4652 4650
f 4650 4652 4653
f 4654 4498 4519
f 4519 4498 4532
f 4520 4508 4521
f 4521 4508 4511
f 4522 4510 4523
f 4523 4510 4655
f 4524 4656 4525
f 4525 4656 4657
f 4514 4529 4515
f 4515 4529 4528
f 4658 4659 4661
f 4661 4659 4660
f 4496 4540 4499
f 4499 4540 4541
f 4493 4555 4494
f 4494 4555 4539
f 4549 4483 4550
f 4550 4483 4482
f 4545 4544 4501
f 4501 4544 4502
f 4636 4545 4635
f 4635 4545 4501
f 4589 4663 4662
f 4662 4663 4664
f 4662 4665 4558
f 4558 4665 4559
f 4569 4586 4570
f 4570 4586 4560
f 4552 4666 4553
f 4553 4666 4667
f 4668 4669 4670
f 4670 4669 4666
f 4672 4673 4671
f 4671 4673 4674
f 4287 4675 4288
f 4288 4675 4676
f 4678 4679 4677
f 4677 4679 4680
f 4681 4678 4682
f 4682 4678 4677
f 4682 4683 4681
f 4681 4683 4684
f 4161 4164 4685
f 4685 4164 4686
f 4414 4687 4689
f 4689 4687 4688
f 4405 4690 4346
f 4346 4690 4347
f 4691 4399 4693
f 4693 4399 4692
f 1209 4694 4365
f 4365 4694 4366
f 4650 1211 4651
f 4651 1211 1210
f 4695 4696 4255
f 4255 4696 4256
f 4697 4698 4218
f 4218 4698 4215
f 4700 4701 4699
f 4699 4701 4702
f 4703 4704 4303
f 4303 4704 4300
f 4315 3922 4316
f 4316 3922 3945
f 4653 4706 4705
f 4705 4706 4707
f 4709 4710 4708
f 4708 4710 4711
f 4335 4334 4713
f 4713 4334 4712
f 4714 4340 4321
f 4321 4340 4322
f 4716 4717 4715
f 4715 4717 4718
f 4238 4241 4719
f 4719 4241 4720
f 4231 4721 4307
f 4307 4721 4308
f 4723 4724 4722
f 4722 4724 4725
f 4727 4728 4726
f 4726 4728 4729
f 4730 4731 4327
f 4327 4731 4328
f 4733 4734 4732
f 4732 4734 4735
f 4720 4381 4736
f 4736 4381 4737
f 4738 4739 4741
f 4741 4739 4740
f 4743 4744 4742
f 4742 4744 4745
f 4338 4390 4339
f 4339 4390 4431
f 4746 4747 4431
f 4431 4747 4339
f 4291 4332 4289
f 4289 4332 4317
f 4289 4209 4291
f 4291 4209 4286
f 4287 4286 4210
f 4210 4286 4209
f 4749 4750 4748
f 4748 4750 4751
f 4212 4284 4752
f 4752 4284 4753
f 4752 4754 4212
f 4212 4754 4213
f 4252 4251 4225
f 4225 4251 4226
f 4227 4230 4248
f 4248 4230 4249
f 4205 4755 4757
f 4757 4755 4756
f 4708 4711 4758
f 4758 4711 4647
f 4367 4366 4759
f 4759 4366 4760
f 4526 4513 4527
f 4527 4513 4512
f 4420 4423 4385
f 4385 4423 4386
f 4705 4761 4653
f 4653 4761 4650
f 4761 1279 4650
f 4650 1279 1211
f 4762 4763 3944
f 3944 4763 3936
f 4274 4273 4765
f 4765 4273 4764
f 4767 4768 4766
f 4766 4768 4769
f 4770 4771 4769
f 4769 4771 4766
f 4771 4770 4242
f 4242 4770 4243
f 4093 4163 4094
f 4094 4163 4162
f 4772 4773 4775
f 4775 4773 4774
f 4777 4778 4776
f 4776 4778 4779
f 4417 4185 4182
f 4182 4185 4184
f 4780 4078 4781
f 4781 4078 4077
f 4781 4077 4782
f 4782 4077 4189
f 4188 4783 4189
f 4189 4783 4782
f 4295 4232 4307
f 4307 4232 4231
f 4785 4786 4784
f 4784 4786 4787
f 4784 1307 4785
f 4785 1307 1306
f 4078 4780 4096
f 4096 4780 4097
f 4075 4074 4310
f 4310 4074 4788
f 4788 4074 4789
f 4789 4074 4191
f 4789 4191 4059
f 4059 4191 4790
f 4791 4277 4792
f 4792 4277 4278
f 3732 3735 4793
f 4793 3735 4313
f 4793 4794 3732
f 3732 4794 3731
f 4792 4795 4791
f 4791 4795 4796
f 4797 4798 4799
f 4799 4798 4724
f 4763 4800 3936
f 3936 4800 3935
f 4801 4062 3729
f 3729 4062 3730
f 4713 4712 4802
f 4802 4712 4803
f 4146 4804 4119
f 4119 4804 4805
f 4498 4654 4497
f 4497 4654 4520
f 4806 4807 1326
f 1326 4807 1327
f 4689 4688 1330
f 1330 4688 1331
f 4801 4789 4062
f 4062 4789 4059
f 3730 4062 4808
f 4808 4062 4061
f 4810 4811 4809
f 4809 4811 4812
f 4813 4403 4814
f 4814 4403 4345
f 4815 4816 4349
f 4349 4816 4350
f 4817 4818 4820
f 4820 4818 4819
f 4406 4821 4407
f 4407 4821 4822
f 4823 4161 4824
f 4824 4161 4685
f 4181 4414 4825
f 4825 4414 4689
f 4741 4740 4826
f 4826 4740 4827
f 4828 4829 4827
f 4827 4829 4826
f 4142 4141 4415
f 4415 4141 4148
f 4830 1354 4761
f 4761 1354 1279
f 4832 4833 4831
f 4831 4833 4834
f 4835 4836 4626
f 4626 4836 4421
f 4451 4709 4395
f 4395 4709 4708
f 4627 4420 4837
f 4837 4420 4385
f 4837 1365 4838
f 4838 1365 1364
f 4397 4396 4839
f 4839 4396 4840
f 4842 4628 4841
f 4841 4628 4629
f 4671 4674 4631
f 4631 4674 4630
f 4674 4659 4630
f 4630 4659 4632
f 4633 4632 4658
f 4658 4632 4659
f 4658 4504 4633
f 4633 4504 4634
f 4635 4634 4507
f 4507 4634 4504
f 4843 4636 4507
f 4507 4636 4635
f 4844 4637 4843
f 4843 4637 4636
f 4637 4844 4640
f 4640 4844 4664
f 4638 4663 4642
f 4642 4663 4845
f 4847 4643 4846
f 4846 4643 4641
f 4644 4848 4645
f 4645 4848 4849
f 4851 4852 4850
f 4850 4852 4853
f 4855 4856 4854
f 4854 4856 4857
f 4859 4860 4858
f 4858 4860 4857
f 4715 4718 4859
f 4859 4718 4860
f 4862 4863 4861
f 4861 4863 4864
f 4866 4867 4865
f 4865 4867 4868
f 4870 4871 4869
f 4869 4871 4872
f 4869 4872 4116
f 4116 4872 4117
f 4820 4819 4874
f 4874 4819 4873
f 4876 4877 4875
f 4875 4877 4878
f 4880 4881 4879
f 4879 4881 4882
f 4884 4885 4883
f 4883 4885 4886
f 4887 4888 4280
f 4280 4888 4281
f 4818 4817 4889
f 4889 4817 4890
f 4891 4193 4823
f 4823 4193 4192
f 4892 4893 4228
f 4228 4893 4229
f 4158 4157 4894
f 4894 4157 4895
f 4896 4897 4132
f 4132 4897 4133
f 4099 4683 4100
f 4100 4683 4682
f 4101 4100 4899
f 4899 4100 4898
f 4150 4106 4147
f 4147 4106 4900
f 4100 4682 4898
f 4898 4682 4677
f 4080 4082 4187
f 4187 4082 4184
f 4077 4080 4189
f 4189 4080 4187
f 4191 4190 4790
f 4790 4190 4901
f 4177 4158 4680
f 4680 4158 4894
f 4108 4136 4752
f 4752 4136 4754
f 4752 4753 4108
f 4108 4753 4109
f 4817 4902 4890
f 4890 4902 4903
f 4904 4905 4907
f 4907 4905 4906
f 4909 4910 4908
f 4908 4910 4911
f 4913 4914 4912
f 4912 4914 4915
f 4916 4917 4919
f 4919 4917 4918
f 4312 4424 4299
f 4299 4424 4304
f 4920 4921 4297
f 4297 4921 4298
f 4194 4922 4167
f 4167 4922 4923
f 4924 4400 4691
f 4691 4400 4399
f 4395 4708 4396
f 4396 4708 4758
f 4367 4925 4368
f 4368 4925 4926
f 4919 4918 4873
f 4873 4918 4874
f 4836 4927 4421
f 4421 4927 4422
f 4921 4928 4298
f 4298 4928 4311
f 4143 4146 4122
f 4122 4146 4119
f 4929 4930 4455
f 4455 4930 4452
f 4932 4933 4931
f 4931 4933 4934
f 4935 4936 4932
f 4932 4936 4933
f 4461 4460 4457
f 4457 4460 4458
f 4480 4479 4475
f 4475 4479 4476
f 4660 4673 4517
f 4517 4673 4937
f 4661 4505 4658
f 4658 4505 4504
f 4484 4483 4489
f 4489 4483 4486
f 4462 4509 4463
f 4463 4509 4518
f 4469 4511 4466
f 4466 4511 4508
f 4655 4473 4656
f 4656 4473 4477
f 4476 4657 4477
f 4477 4657 4656
f 4479 4513 4476
f 4476 4513 4657
f 4489 4525 4484
f 4484 4525 4526
f 4483 4549 4486
f 4486 4549 4536
f 4549 4548 4536
f 4536 4548 4551
f 4548 4568 4551
f 4551 4568 4670
f 4663 4589 4845
f 4845 4589 4590
f 4668 4577 4938
f 4938 4577 4580
f 4940 4938 4939
f 4939 4938 4941
f 4940 4942 4669
f 4669 4942 4943
f 4587 4582 4944
f 4944 4582 4581
f 4848 4847 4608
f 4608 4847 4564
f 4616 4945 4613
f 4613 4945 4598
f 4615 4946 4616
f 4616 4946 4945
f 4947 4939 4948
f 4948 4939 4946
f 4599 4605 4600
f 4600 4605 4604
f 4608 4607 4848
f 4848 4607 4849
f 4613 4612 4616
f 4616 4612 4617
f 4835 4949 4709
f 4709 4949 4710
f 4357 1477 4837
f 4837 1477 1365
f 4712 4950 4803
f 4803 4950 4951
f 4401 4952 4402
f 4402 4952 4953
f 4759 4760 4402
f 4402 4760 4399
f 4508 4520 4509
f 4509 4520 4654
f 4510 4522 4511
f 4511 4522 4521
f 4513 4526 4657
f 4657 4526 4525
f 4632 4633 4514
f 4514 4633 4529
f 4931 4934 4453
f 4453 4934 4454
f 4153 4954 4154
f 4154 4954 4955
f 4957 4958 4956
f 4956 4958 4959
f 4961 4962 4960
f 4960 4962 4963
f 4120 4964 4210
f 4210 4964 4965
f 4967 4968 4966
f 4966 4968 4969
f 4349 4692 4815
f 4815 4692 4970
f 4652 4971 4653
f 4653 4971 4706
f 4758 4647 4972
f 4972 4647 4646
f 4973 4363 4646
f 4646 4363 4972
f 4950 4360 4974
f 4974 4360 4364
f 4431 4335 4746
f 4746 4335 4713
f 4358 4714 4325
f 4325 4714 4321
f 4765 4764 4266
f 4266 4764 4975
f 4202 4976 4203
f 4203 4976 4977
f 4917 4978 4918
f 4918 4978 4979
f 4279 4282 4854
f 4854 4282 4269
f 4820 4880 4817
f 4817 4880 4902
f 4890 4903 4980
f 4980 4903 4886
f 4982 4983 4981
f 4981 4983 4123
f 4795 4851 4796
f 4796 4851 4850
f 4918 4979 4874
f 4874 4979 4881
f 4809 4404 4810
f 4810 4404 4403
f 4354 4985 4984
f 4984 4985 4986
f 1364 1516 4838
f 4838 1516 4987
f 4759 4988 4367
f 4367 4988 4925
f 4989 4990 4481
f 4481 4990 4478
f 4443 4515 4990
f 4990 4515 4991
f 4527 4512 4992
f 4992 4512 4991
f 4528 4503 4992
f 4992 4503 4993
f 4993 4994 4485
f 4485 4994 4482
f 4544 4995 4502
f 4502 4995 4994
f 4995 4996 4550
f 4550 4996 4547
f 4998 4999 4997
f 4997 4999 4566
f 4998 5000 4578
f 4578 5000 4579
f 5001 5002 4596
f 4596 5002 4597
f 5003 4591 5004
f 5004 4591 4610
f 4626 4421 4627
f 4627 4421 4420
f 4837 4838 4627
f 4627 4838 4624
f 4761 4705 4830
f 4830 4705 5005
f 4705 4707 5005
f 5005 4707 5006
f 4308 4721 4075
f 4075 4721 4076
f 5007 4200 4797
f 4797 4200 4798
f 4685 4686 5008
f 5008 4686 5009
f 4889 4890 5010
f 5010 4890 4980
f 4323 1541 4324
f 4324 1541 1540
f 4385 4384 4358
f 4358 4384 4714
f 4396 4758 4840
f 4840 4758 4972
f 4866 4852 5011
f 5011 4852 5012
f 5013 4260 4980
f 4980 4260 5010
f 4875 4878 5014
f 5014 4878 5015
f 5017 5018 5016
f 5016 5018 5019
f 5016 5019 5020
f 5020 5019 5021
f 5023 5024 5022
f 5022 5024 5025
f 5027 5028 5026
f 5026 5028 5029
f 5031 5032 5030
f 5030 5032 5033
f 5035 5036 5034
f 5034 5036 5037
f 5039 5040 5038
f 5038 5040 5041
f 5043 5044 5042
f 5042 5044 5045
f 5038 5046 5039
f 5039 5046 5047
f 5049 5050 5048
f 5048 5050 5051
f 5053 5054 5052
f 5052 5054 5055
f 5057 5024 5056
f 5056 5024 5058
f 5060 5061 5059
f 5059 5061 5062
f 5064 5065 5063
f 5063 5065 5066
f 5043 5050 5064
f 5064 5050 5065
f 5038 5041 5067
f 5067 5041 5068
f 5070 5071 5069
f 5069 5071 5072
f 5074 5075 5073
f 5073 5075 5076
f 5034 5077 5035
f 5035 5077 5078
f 5080 5081 5079
f 5079 5081 5082
f 5084 5085 5083
f 5083 5085 5086
f 5085 5084 5087
f 5087 5084 5088
f 5090 5091 5089
f 5089 5091 5092
f 5094 5095 5093
f 5093 5095 5096
f 5098 5099 5097
f 5097 5099 5100
f 5102 5103 5101
f 5101 5103 5104
f 5105 5106 5108
f 5108 5106 5107
f 5110 5111 5109
f 5109 5111 5112
f 5114 5094 5113
f 5113 5094 5093
f 5116 5117 5115
f 5115 5117 5118
f 5120 5121 5119
f 5119 5121 5122
f 5124 5125 5123
f 5123 5125 5126
f 5128 5129 5127
f 5127 5129 5130
f 5097 5131 5098
f 5098 5131 5132
f 5134 5135 5133
f 5133 5135 5122
f 5084 5125 5088
f 5088 5125 5136
f 5138 5139 5137
f 5137 5139 5140
f 5142 5102 5141
f 5141 5102 5101
f 5106 5143 5107
f 5107 5143 5144
f 5146 5147 5145
f 5145 5147 5148
f 5149 5150 5109
f 5109 5150 5110
f 5151 5110 5152
f 5152 5110 5150
f 4715 5140 4716
f 4716 5140 5139
f 5143 4870 5144
f 5144 4870 4869
f 4115 5146 4116
f 4116 5146 5145
f 4791 4796 5149
f 5149 4796 5150
f 4796 4850 5150
f 5150 4850 5152
f 4858 5142 4859
f 4859 5142 5141
f 5153 5154 5115
f 5115 5154 5105
f 5156 5157 5155
f 5155 5157 5158
f 5159 5160 5053
f 5053 5160 5054
f 5161 5162 5020
f 5020 5162 5068
f 5026 5029 5163
f 5163 5029 5021
f 5083 5086 5164
f 5164 5086 5165
f 5090 5167 5166
f 5166 5167 5168
f 5169 5170 5172
f 5172 5170 5171
f 5174 5175 5173
f 5173 5175 5176
f 5177 5109 5178
f 5178 5109 5112
f 5179 5180 5182
f 5182 5180 5181
f 5123 5126 5120
f 5120 5126 5121
f 5180 5167 5181
f 5181 5167 5183
f 5184 5185 5179
f 5179 5185 5180
f 5186 5149 5177
f 5177 5149 5109
f 4868 5184 4865
f 4865 5184 5179
f 5188 5189 5187
f 5187 5189 5190
f 4277 4791 5186
f 5186 4791 5149
f 5179 5182 4865
f 4865 5182 4853
f 5189 4862 5190
f 5190 4862 4861
f 5156 5075 5191
f 5191 5075 5192
f 5036 5035 5193
f 5193 5035 5194
f 5115 5118 5153
f 5153 5118 5195
f 5022 5025 5196
f 5196 5025 5197
f 5155 5158 5069
f 5069 5158 5062
f 5063 5066 5198
f 5198 5066 5199
f 5073 5076 5200
f 5200 5076 5072
f 5202 5131 5201
f 5201 5131 5203
f 5143 5106 5204
f 5204 5106 5205
f 5114 5113 5206
f 5206 5113 5127
f 5098 5132 5193
f 5193 5132 5195
f 5204 5207 5143
f 5143 5207 4870
f 5088 5136 5208
f 5208 5136 5092
f 5209 5210 5089
f 5089 5210 5183
f 5211 5018 5060
f 5060 5018 5061
f 5017 5040 5070
f 5070 5040 5071
f 5191 5160 5156
f 5156 5160 5157
f 5048 5028 5049
f 5049 5028 5058
f 5207 5204 4858
f 4858 5204 5142
f 4859 5141 4715
f 4715 5141 5140
f 5212 5162 5042
f 5042 5162 5051
f 5182 5152 4853
f 4853 5152 4850
f 5214 5134 5213
f 5213 5134 5133
f 5164 5165 5133
f 5133 5165 5213
f 5215 5216 5201
f 5201 5216 5217
f 5147 5218 5148
f 5148 5218 5219
f 5147 5177 5218
f 5218 5177 5178
f 5141 5101 5140
f 5140 5101 5137
f 5201 5217 5202
f 5202 5217 5104
f 5146 5186 5147
f 5147 5186 5177
f 4277 5186 4115
f 4115 5186 5146
f 5191 5192 5031
f 5031 5192 5032
f 5052 5055 5220
f 5220 5055 5197
f 4116 5145 4869
f 4869 5145 5144
f 5034 5037 5214
f 5214 5037 5134
f 5097 5100 5114
f 5114 5100 5094
f 5108 5107 5219
f 5219 5107 5148
f 5221 5135 5116
f 5116 5135 5117
f 5124 5111 5209
f 5209 5111 5210
f 5107 5144 5148
f 5148 5144 5145
f 5152 5182 5151
f 5151 5182 5181
f 5208 5222 5088
f 5088 5222 5087
f 5222 5208 5171
f 5171 5208 5172
f 5223 1756 4698
f 4698 1756 1755
f 4427 5224 4107
f 4107 5224 4135
f 4178 4679 5225
f 5225 4679 5226
f 5227 5228 4892
f 4892 5228 4893
f 5229 5230 4171
f 4171 5230 4172
f 4855 4268 4884
f 4884 4268 4885
f 4884 4871 4855
f 4855 4871 4856
f 4684 5231 4896
f 4896 5231 4897
f 4768 4767 5009
f 5009 4767 5008
f 5205 5154 5102
f 5102 5154 5103
f 5099 5098 5194
f 5194 5098 5193
f 5198 5199 5079
f 5079 5199 5033
f 5102 5142 5205
f 5205 5142 5204
f 5224 4427 4681
f 4681 4427 4678
f 3712 3711 5232
f 5232 3711 5233
f 3968 3988 3963
f 3963 3988 3964
f 3976 4044 3972
f 3972 4044 3985
f 4038 4037 4036
f 4036 4037 4033
f 4794 4762 3731
f 3731 4762 3944
f 3731 3944 3722
f 3722 3944 3810
f 3874 5234 5232
f 5232 5234 3712
f 3906 3905 3867
f 3867 3905 4011
f 3904 4023 3905
f 3905 4023 4011
f 3719 3722 3811
f 3811 3722 3810
f 3812 3719 3687
f 3687 3719 3811
f 3716 3812 3686
f 3686 3812 3687
f 3713 3716 3685
f 3685 3716 3686
f 4810 4403 5235
f 5235 4403 4813
f 4345 1770 4814
f 4814 1770 1769
f 4067 4066 4058
f 4058 4066 5236
f 4043 4068 4049
f 4049 4068 4050
f 4034 5237 3989
f 3989 5237 3990
f 4031 4030 4072
f 4072 4030 4005
f 4003 4004 4002
f 4002 4004 4032
f 4004 4005 4032
f 4032 4005 4030
f 4067 4064 4068
f 4068 4064 4050
f 4058 4057 4067
f 4067 4057 4064
f 4035 4034 5238
f 5238 4034 3989
f 5236 5239 4058
f 4058 5239 5240
f 5234 3874 5241
f 5241 3874 3873
f 5241 3873 3881
f 3881 3873 3878
f 4800 4763 4788
f 4788 4763 4310
f 4763 4762 4310
f 4310 4762 4309
f 4762 4794 4309
f 4309 4794 4306
f 4794 4793 4306
f 4306 4793 4292
f 4293 4313 4302
f 4302 4313 4314
f 4302 4314 4303
f 4303 4314 4315
f 4303 4315 4703
f 4703 4315 4316
f 4035 4069 4043
f 4043 4069 4068
f 4324 1540 4357
f 4357 1540 1477
f 5232 3987 3874
f 3874 3987 3871
f 3987 5232 4013
f 4013 5232 5233
f 4013 5233 4014
f 4014 5233 5242
f 3888 4015 3865
f 3865 4015 4007
f 3866 4008 5243
f 5243 4008 4016
f 3873 5244 3878
f 3878 5244 3875
f 3965 5244 3872
f 3872 5244 3873
f 3876 3875 3965
f 3965 3875 5244
f 5243 4016 5242
f 5242 4016 4014
f 5246 5247 5245
f 5245 5247 5248
f 3576 3950 3577
f 3577 3950 3926
f 3584 3842 3585
f 3585 3842 3580
f 5249 5247 1784
f 1784 5247 1785
f 5250 5251 5253
f 5253 5251 5252
f 5255 5252 5254
f 5254 5252 5256
f 5254 5256 5258
f 5258 5256 5257
f 5258 5257 5260
f 5260 5257 5259
f 4356 5261 4424
f 4424 5261 5259
f 4355 5262 4356
f 4356 5262 5261
f 4924 5264 5263
f 5263 5264 5265
f 4693 5266 4691
f 4691 5266 5267
f 4351 5268 4352
f 4352 5268 5269
f 1808 1807 4351
f 4351 1807 5268
f 3580 3842 3581
f 3799 3802 3838
f 4800 4788 4801
f 4801 4788 4789
f 3729 3935 4801
f 4801 3935 4800
f 3728 3666 3729
f 3729 3666 3935
f 3728 3798 3666
f 3666 3798 3663
f 3798 3818 3663
f 3663 3818 3809
f 3818 3817 3809
f 3809 3817 3808
f 3796 3655 3817
f 3817 3655 3808
f 3615 3568 3796
f 3796 3568 3655
f 3573 3569 3615
f 3615 3569 3568
f 3572 3613 3573
f 3573 3613 3569
f 3792 3606 3572
f 3572 3606 3613
f 3607 3791 3949
f 3949 3791 3591
f 3590 3950 3591
f 3591 3950 3949
f 3805 3926 3590
f 3590 3926 3950
f 3804 3559 3805
f 3805 3559 3926
f 3804 3914 3559
f 3559 3914 3560
f 3924 3789 3913
f 3913 3789 3788
f 3924 3928 3789
f 3789 3928 3826
f 3928 3927 3826
f 3826 3927 3827
f 3927 3834 3827
f 3827 3834 3835
f 4079 4078 5270
f 5270 4078 5007
f 5271 5272 4233
f 4233 5272 5273
f 5275 5276 5274
f 5274 5276 5277
f 5278 5279 4236
f 4236 5279 4237
f 5278 5280 5271
f 5271 5280 5272
f 4235 5281 4236
f 4236 5281 5282
f 5284 5285 5283
f 5283 5285 5286
f 5288 5289 5287
f 5287 5289 5290
f 5292 5293 5291
f 5291 5293 5294
f 5287 5290 4726
f 4726 5290 5295
f 4293 4292 4313
f 4313 4292 4793
f 4720 4736 4719
f 4719 4736 5296
f 5297 4909 5298
f 5298 4909 4908
f 5299 5300 4976
f 4976 5300 5301
f 5302 4202 5303
f 5303 4202 4201
f 5304 5305 4983
f 4983 5305 5306
f 5308 5309 5307
f 5307 5309 5310
f 4722 4725 5283
f 5283 4725 5311
f 5291 5294 4125
f 4125 5294 4126
f 5313 5314 5312
f 5312 5314 5315
f 5316 5317 5319
f 5319 5317 5318
f 5321 5308 5320
f 5320 5308 5307
f 4819 4981 4873
f 4873 4981 5322
f 4981 4123 5322
f 5322 4123 4126
f 5324 5325 5323
f 5323 5325 5326
f 4764 5327 4975
f 4975 5327 5328
f 4172 5327 4169
f 4169 5327 5329
f 4768 4171 4769
f 4769 4171 4170
f 4243 4755 4244
f 4244 4755 5330
f 4755 4205 5330
f 5330 4205 4208
f 4206 4906 4207
f 4207 4906 4905
f 4686 5014 5009
f 5009 5014 5229
f 4756 4770 4170
f 4170 4770 4769
f 4170 4169 4756
f 4756 4169 4757
f 4273 5329 4764
f 4764 5329 5327
f 4276 5331 4273
f 4273 5331 5329
f 4770 4756 4243
f 4243 4756 4755
f 5333 4889 5332
f 5332 4889 5010
f 4877 5332 4878
f 4878 5332 4259
f 4875 4164 4876
f 4876 4164 4163
f 5334 5335 5324
f 5324 5335 5325
f 4983 5306 4123
f 4123 5306 4124
f 4818 4982 4819
f 4819 4982 4981
f 5332 5010 4259
f 4259 5010 4260
f 5014 4686 4875
f 4875 4686 4164
f 4171 4768 5229
f 5229 4768 5009
f 5337 4916 5336
f 5336 4916 4919
f 5293 5337 5294
f 5294 5337 5336
f 4982 4818 5333
f 5333 4818 4889
f 5338 5339 4262
f 4262 5339 5340
f 5307 5310 5338
f 5338 5310 5339
f 5341 5342 4204
f 4204 5342 5309
f 5336 4919 5322
f 5322 4919 4873
f 5294 5336 4126
f 4126 5336 5322
f 5323 5326 5343
f 5343 5326 5286
f 4914 5344 4915
f 4915 5344 5345
f 5312 5315 5344
f 5344 5315 5345
f 5347 5348 5346
f 5346 5348 5349
f 5350 5351 4832
f 4832 5351 4833
f 5352 5353 5349
f 5349 5353 5346
f 5354 5338 4265
f 4265 5338 4262
f 5320 5307 5354
f 5354 5307 5338
f 4201 5308 5303
f 5303 5308 5321
f 5356 5357 5355
f 5355 5357 4799
f 5358 5359 5334
f 5334 5359 5335
f 5358 5360 4093
f 4093 5360 4163
f 5360 5305 4163
f 4163 5305 4876
f 5305 5304 4876
f 4876 5304 4877
f 5270 4778 4079
f 4079 4778 4081
f 4779 5361 4774
f 4774 5361 5357
f 5356 5359 4775
f 4775 5359 4092
f 5333 5304 4982
f 4982 5304 4983
f 5332 4877 5333
f 5333 4877 5304
f 5015 4258 5230
f 5230 4258 5328
f 5327 4172 5328
f 5328 4172 5230
f 4169 5329 4757
f 4757 5329 5331
f 4757 5331 4205
f 4205 5331 4206
f 5331 4276 4206
f 4206 4276 4906
f 4276 4275 4906
f 4906 4275 4907
f 4275 4888 4907
f 4907 4888 4744
f 4887 4717 4745
f 4745 4717 4864
f 4716 5139 4861
f 4861 5139 5190
f 5139 5138 5190
f 5190 5138 5187
f 5138 5216 5187
f 5187 5216 5176
f 5215 5362 5173
f 5173 5362 5130
f 5364 5365 5363
f 5363 5365 5340
f 4742 4863 5366
f 5366 4863 4867
f 4862 5189 4868
f 4868 5189 5184
f 5189 5188 5184
f 5184 5188 5185
f 5188 5175 5185
f 5185 5175 5168
f 3560 3788 3561
f 3561 3788 3790
f 3596 3595 3608
f 3608 3595 3594
f 3598 3582 3595
f 3595 3582 3592
f 3600 3609 3601
f 3601 3609 3611
f 3602 3601 3612
f 3612 3601 3611
f 3606 3605 3613
f 3613 3605 3614
f 3793 5367 3794
f 3794 5367 5368
f 3598 3597 3600
f 3600 3597 3609
f 3793 3792 3575
f 3575 3792 3572
f 3561 3594 3558
f 3558 3594 3593
f 3807 3915 3804
f 3804 3915 3914
f 3916 3915 5370
f 5370 3915 5369
f 3602 3605 3603
f 3603 3605 3604
f 3606 3792 3607
f 3607 3792 3791
f 3914 3913 3560
f 3560 3913 3788
f 5174 5129 5166
f 5166 5129 5371
f 5170 5169 5093
f 5093 5169 5113
f 5166 5371 5090
f 5090 5371 5091
f 5128 5169 5372
f 5372 5169 5172
f 5127 5113 5128
f 5128 5113 5169
f 5114 5206 5203
f 5203 5206 5362
f 5200 5373 5073
f 5073 5373 5096
f 5374 5375 5200
f 5200 5375 5373
f 5039 5047 5374
f 5374 5047 5375
f 5087 5046 5085
f 5085 5046 5376
f 5212 5377 5067
f 5067 5377 5376
f 5042 5045 5212
f 5212 5045 5377
f 5064 5378 5043
f 5043 5378 5044
f 5063 5077 5064
f 5064 5077 5378
f 5079 5082 5198
f 5198 5082 5078
f 5099 5081 5100
f 5100 5081 5379
f 5100 5379 5094
f 5094 5379 5095
f 5381 5382 5380
f 5380 5382 5383
f 5385 5386 5384
f 5384 5386 5383
f 5385 5387 5386
f 5386 5387 5388
f 5390 5391 5389
f 5389 5391 5392
f 5393 5394 5396
f 5396 5394 5395
f 5398 5399 5397
f 5397 5399 5400
f 5402 5403 5401
f 5401 5403 5404
f 5406 5407 5405
f 5405 5407 5404
f 5408 5409 5163
f 5163 5409 5410
f 5411 5412 5414
f 5414 5412 5413
f 5057 5416 5415
f 5415 5416 5417
f 5393 5416 5418
f 5418 5416 5419
f 5396 5395 5420
f 5420 5395 5421
f 5423 5424 5422
f 5422 5424 5425
f 5415 5417 5220
f 5220 5417 5426
f 5418 5391 5393
f 5393 5391 5394
f 5414 5388 5411
f 5411 5388 5392
f 5059 5427 5060
f 5060 5427 5428
f 5423 5427 5429
f 5429 5427 5430
f 5432 5382 5431
f 5431 5382 5425
f 5429 5407 5423
f 5423 5407 5424
f 5380 5409 5381
f 5381 5409 5433
f 5381 5433 5422
f 5422 5433 5428
f 5027 5412 5056
f 5056 5412 5419
f 5435 5436 5434
f 5434 5436 5437
f 5159 5439 5438
f 5438 5439 5440
f 5053 5436 5159
f 5159 5436 5439
f 5441 5403 5398
f 5398 5403 5399
f 5163 5410 5026
f 5026 5410 5413
f 5438 5440 5442
f 5442 5440 5430
f 5444 5445 5443
f 5443 5445 5446
f 5447 5448 5450
f 5450 5448 5449
f 5451 5446 5452
f 5452 5446 5445
f 5454 5455 5453
f 5453 5455 5451
f 5456 5454 5458
f 5458 5454 5457
f 5460 5461 5459
f 5459 5461 5462
f 5464 5465 5463
f 5463 5465 5466
f 5468 5469 5467
f 5467 5469 5470
f 5472 5473 5471
f 5471 5473 5474
f 5475 5476 5478
f 5478 5476 5477
f 5479 5480 5482
f 5482 5480 5481
f 5483 5484 5448
f 5448 5484 5485
f 5448 5485 5449
f 5449 5485 5486
f 5487 5476 5488
f 5488 5476 5475
f 5490 5491 5489
f 5489 5491 5492
f 5494 5495 5493
f 5493 5495 5496
f 5498 5494 5497
f 5497 5494 5493
f 5500 5501 5499
f 5499 5501 5502
f 5503 5504 5446
f 5446 5504 5443
f 5506 5507 5505
f 5505 5507 5508
f 5510 5511 5509
f 5509 5511 5512
f 5514 5515 5513
f 5513 5515 5516
f 5518 5519 5517
f 5517 5519 5520
f 5495 5521 5496
f 5496 5521 5522
f 5524 5525 5523
f 5523 5525 5526
f 5527 5528 5494
f 5494 5528 5495
f 5499 5502 5529
f 5529 5502 5530
f 5531 5532 5485
f 5485 5532 5486
f 5485 5484 5531
f 5531 5484 5533
f 5482 5481 5534
f 5534 5481 5535
f 5536 5512 5506
f 5506 5512 5511
f 5455 5503 5451
f 5451 5503 5446
f 5467 5470 5511
f 5511 5470 5537
f 5538 5467 5510
f 5510 5467 5511
f 5540 5541 5539
f 5539 5541 5542
f 5543 5544 5546
f 5546 5544 5545
f 5548 5472 5547
f 5547 5472 5471
f 5493 5496 5549
f 5549 5496 5550
f 5496 5522 5550
f 5550 5522 5551
f 5553 5554 5552
f 5552 5554 5555
f 5557 5447 5556
f 5556 5447 5558
f 5557 5483 5447
f 5447 5483 5448
f 5478 5477 5553
f 5553 5477 5559
f 5477 5560 5559
f 5559 5560 5561
f 5476 5562 5477
f 5477 5562 5560
f 5476 5487 5562
f 5562 5487 5563
f 5560 5564 5561
f 5561 5564 5565
f 5564 5560 5566
f 5566 5560 5562
f 5563 5567 5562
f 5562 5567 5566
f 5569 5521 5568
f 5568 5521 5570
f 5481 5572 5571
f 5571 5572 5573
f 5574 5535 5571
f 5571 5535 5481
f 5576 5577 5575
f 5575 5577 5578
f 5579 5580 5456
f 5456 5580 5581
f 5475 5582 5488
f 5488 5582 5583
f 5584 5536 5505
f 5505 5536 5506
f 5585 5586 5588
f 5588 5586 5587
f 5590 5591 5589
f 5589 5591 5592
f 5519 5593 5520
f 5520 5593 5594
f 5595 5596 5462
f 5462 5596 5597
f 5599 5600 5598
f 5598 5600 5514
f 5602 5603 5601
f 5601 5603 5604
f 5524 5543 5525
f 5525 5543 5546
f 5543 5524 5606
f 5606 5524 5605
f 5607 5608 5500
f 5500 5608 5501
f 5610 5551 5609
f 5609 5551 5522
f 5611 5510 5598
f 5598 5510 5509
f 5612 5597 5457
f 5457 5597 5458
f 5510 5611 5538
f 5538 5611 5613
f 5580 5508 5581
f 5581 5508 5507
f 5615 5616 5614
f 5614 5616 5617
f 5619 5620 5618
f 5618 5620 5621
f 5623 5624 5622
f 5622 5624 5625
f 5627 5624 5626
f 5626 5624 5623
f 5629 5630 5628
f 5628 5630 5631
f 5633 5634 5632
f 5632 5634 5466
f 5635 5636 5463
f 5463 5636 5637
f 5523 5638 5524
f 5524 5638 5605
f 5639 5640 5641
f 5641 5640 5595
f 5611 5513 5613
f 5613 5513 5642
f 5643 5586 5608
f 5608 5586 5501
f 5622 5625 5590
f 5590 5625 5591
f 5598 5514 5611
f 5611 5514 5513
f 5645 5646 5644
f 5644 5646 5647
f 5620 5619 5491
f 5491 5619 5648
f 5649 5643 5492
f 5492 5643 5608
f 5650 5651 5653
f 5653 5651 5652
f 5463 5466 5635
f 5635 5466 5634
f 5597 5612 5462
f 5462 5612 5459
f 5635 5634 5523
f 5523 5634 5638
f 5654 5638 5633
f 5633 5638 5634
f 5655 5656 5525
f 5525 5656 5526
f 5658 5659 5657
f 5657 5659 5527
f 5660 5464 5637
f 5637 5464 5463
f 5632 5466 5661
f 5661 5466 5465
f 5661 5662 5632
f 5632 5662 5658
f 5662 5663 5658
f 5658 5663 5659
f 5665 5659 5664
f 5664 5659 5663
f 5632 5658 5633
f 5633 5658 5657
f 5666 5629 5530
f 5530 5629 5667
f 5528 5527 5665
f 5665 5527 5659
f 5668 5669 5570
f 5570 5669 5568
f 5669 5668 5670
f 5670 5668 5671
f 5646 5672 5673
f 5672 5674 5673
f 5673 5674 5675
f 5674 5460 5675
f 5675 5460 5459
f 5461 5676 5462
f 5462 5676 5595
f 5677 5678 5680
f 5680 5678 5679
f 5628 5681 5629
f 5629 5681 5667
f 5682 5529 5667
f 5667 5529 5530
f 5675 5459 5683
f 5683 5459 5612
f 5585 5666 5502
f 5502 5666 5530
f 5589 5684 5602
f 5602 5684 5603
f 5646 5645 5663
f 5663 5645 5664
f 5685 5647 5673
f 5673 5647 5646
f 5686 5687 5683
f 5683 5687 5685
f 5688 5689 5533
f 5533 5689 5531
f 5690 5691 5535
f 5535 5691 5534
f 5692 5690 5574
f 5574 5690 5535
f 5685 5687 5689
f 5689 5687 5693
f 5489 5694 5490
f 5490 5694 5695
f 5690 5692 5696
f 5696 5692 5697
f 5696 5644 5690
f 5690 5644 5691
f 5447 5450 5558
f 5558 5450 5698
f 5699 5700 5642
f 5642 5700 5613
f 5701 5702 5540
f 5540 5702 5541
f 5431 5703 5432
f 5432 5703 5697
f 5385 5384 5574
f 5574 5384 5692
f 5389 5387 5573
f 5573 5387 5571
f 5565 5390 5573
f 5573 5390 5389
f 5390 5565 5704
f 5704 5565 5564
f 5566 5705 5564
f 5564 5705 5704
f 5569 5441 5609
f 5609 5441 5398
f 5568 5405 5569
f 5569 5405 5441
f 5670 5706 5669
f 5669 5706 5406
f 5703 5431 5670
f 5670 5431 5706
f 5432 5697 5384
f 5384 5697 5692
f 5574 5571 5385
f 5385 5571 5387
f 5607 5707 5489
f 5489 5707 5694
f 5518 5708 5519
f 5519 5708 5709
f 5711 5576 5710
f 5710 5576 5575
f 5713 5714 5712
f 5712 5714 5715
f 5553 5552 5478
f 5478 5552 5716
f 5717 5475 5716
f 5716 5475 5478
f 5718 5719 5605
f 5605 5719 5606
f 5505 5622 5584
f 5584 5622 5590
f 5508 5623 5505
f 5505 5623 5622
f 5626 5623 5580
f 5580 5623 5508
f 5580 5579 5626
f 5626 5579 5720
f 5579 5721 5720
f 5720 5721 5722
f 5666 5585 5723
f 5723 5585 5588
f 5724 5725 5639
f 5639 5725 5640
f 5554 5726 5555
f 5555 5726 5727
f 5453 5728 5729
f 5689 5688 5685
f 5685 5688 5647
f 5604 5730 5512
f 5512 5730 5509
f 5628 5631 5618
f 5618 5631 5592
f 5601 5604 5536
f 5536 5604 5512
f 5732 5676 5731
f 5731 5676 5660
f 5730 5604 5733
f 5733 5604 5603
f 5563 5487 5551
f 5551 5487 5550
f 5489 5492 5607
f 5607 5492 5608
f 5573 5572 5565
f 5565 5572 5561
f 5609 5522 5569
f 5569 5522 5521
f 5499 5734 5500
f 5500 5734 5735
f 5596 5736 5721
f 5721 5736 5722
f 5737 5600 5594
f 5594 5600 5520
f 5599 5730 5517
f 5517 5730 5733
f 5660 5738 5731
f 5731 5738 5739
f 5648 5649 5491
f 5491 5649 5492
f 5501 5586 5502
f 5502 5586 5585
f 5525 5546 5655
f 5655 5546 5740
f 5600 5599 5520
f 5520 5599 5517
f 5708 5739 5709
f 5709 5739 5738
f 5636 5635 5526
f 5526 5635 5523
f 5670 5671 5703
f 5703 5671 5741
f 5490 5695 5742
f 5742 5695 5743
f 5682 5678 5744
f 5744 5678 5677
f 5678 5681 5679
f 5679 5681 5621
f 5742 5743 5679
f 5679 5743 5680
f 5618 5621 5628
f 5628 5621 5681
f 5725 5724 5589
f 5589 5724 5684
f 5456 5458 5579
f 5579 5458 5721
f 5675 5683 5673
f 5673 5683 5685
f 5529 5682 5745
f 5745 5682 5744
f 5721 5458 5596
f 5596 5458 5597
f 5701 5540 5719
f 5719 5540 5606
f 5703 5741 5697
f 5697 5741 5696
f 5500 5735 5607
f 5607 5735 5707
f 5549 5746 5493
f 5493 5746 5497
f 5700 5747 5613
f 5613 5747 5538
f 5420 5421 5434
f 5434 5421 5400
f 5689 5693 5531
f 5531 5693 5532
f 5705 5566 5748
f 5748 5566 5567
f 5609 5398 5610
f 5610 5398 5397
f 5669 5406 5568
f 5568 5406 5405
f 5488 5583 5549
f 5549 5583 5746
f 5714 5713 5710
f 5710 5713 5711
f 5747 5468 5538
f 5538 5468 5467
f 5548 5547 5749
f 5749 5547 5750
f 5733 5603 5751
f 5751 5603 5684
f 5589 5602 5590
f 5590 5602 5584
f 5636 5752 5614
f 5614 5752 5615
f 5753 5754 5738
f 5738 5754 5755
f 5602 5601 5584
f 5584 5601 5536
f 5723 5736 5630
f 5630 5736 5640
f 5595 5640 5596
f 5596 5640 5736
f 5734 5499 5745
f 5745 5499 5529
f 5627 5587 5643
f 5643 5587 5586
f 5553 5559 5554
f 5554 5559 5480
f 5559 5561 5480
f 5480 5561 5572
f 5554 5480 5726
f 5726 5480 5479
f 5749 5750 5715
f 5715 5750 5712
f 5683 5612 5686
f 5686 5612 5457
f 5678 5682 5681
f 5681 5682 5667
f 5598 5509 5599
f 5599 5509 5730
f 5679 5621 5742
f 5742 5621 5620
f 5652 5616 5653
f 5653 5616 5615
f 5220 5426 5052
f 5052 5426 5437
f 5487 5488 5550
f 5550 5488 5549
f 5742 5620 5490
f 5490 5620 5491
f 5551 5610 5563
f 5563 5610 5567
f 5610 5397 5567
f 5567 5397 5748
f 5614 5617 5753
f 5753 5617 5754
f 5480 5572 5481
f 5755 5756 5738
f 5738 5756 5709
f 5745 5744 5758
f 5758 5744 5757
f 5745 5758 5734
f 5734 5758 5759
f 5735 5734 5760
f 5760 5734 5759
f 5707 5735 5761
f 5761 5735 5760
f 5744 5677 5757
f 5757 5677 5762
f 5677 5680 5762
f 5762 5680 5763
f 5763 5680 5764
f 5764 5680 5743
f 5765 5766 5762
f 5762 5766 5757
f 5768 5769 5767
f 5767 5769 5770
f 5771 5772 5770
f 5770 5772 5767
f 5770 5769 5774
f 5774 5769 5773
f 5775 5776 5774
f 5774 5776 5777
f 5773 5778 5774
f 5774 5778 5775
f 5779 5766 5773
f 5773 5766 5778
f 5777 5771 5774
f 5774 5771 5770
f 5780 5781 5783
f 5783 5781 5782
f 5781 5780 5771
f 5771 5780 5772
f 5773 5769 5779
f 5779 5769 5768
f 5768 5759 5779
f 5779 5759 5758
f 5768 5784 5759
f 5759 5784 5760
f 5767 5785 5768
f 5768 5785 5784
f 5785 5767 5786
f 5786 5767 5772
f 5766 5779 5757
f 5757 5779 5758
f 5780 5787 5772
f 5772 5787 5786
f 5785 5786 5788
f 5788 5786 5789
f 5786 5787 5789
f 5789 5787 5790
f 5788 5789 5791
f 5791 5789 5792
f 5791 5793 5788
f 5788 5793 5794
f 5795 5792 5790
f 5790 5792 5789
f 5785 5788 5784
f 5784 5788 5794
f 5784 5794 5760
f 5760 5794 5761
f 5787 5780 5796
f 5796 5780 5783
f 5775 5778 5797
f 5797 5778 5766
f 5797 5798 5775
f 5775 5798 5776
f 5766 5765 5797
f 5797 5765 5799
f 5798 5797 5800
f 5800 5797 5799
f 5798 5801 5776
f 5776 5801 5802
f 5707 5761 5694
f 5694 5761 5803
f 5695 5804 5743
f 5743 5804 5764
f 5804 5695 5803
f 5803 5695 5694
f 5803 5793 5804
f 5804 5793 5805
f 5793 5791 5805
f 5805 5791 5806
f 5804 5805 5764
f 5764 5805 5807
f 5803 5761 5793
f 5793 5761 5794
f 5808 5763 5807
f 5807 5763 5764
f 5808 5765 5763
f 5763 5765 5762
f 5809 5799 5808
f 5808 5799 5765
f 5809 5808 5810
f 5810 5808 5807
f 5811 5809 5812
f 5812 5809 5810
f 5805 5806 5807
f 5807 5806 5810
f 5806 5813 5810
f 5810 5813 5812
f 5799 5809 5800
f 5800 5809 5811
f 5815 5800 5814
f 5814 5800 5811
f 5814 5817 5816
f 5816 5817 5818
f 5814 5811 5817
f 5817 5811 5812
f 5814 5816 5815
f 5815 5816 5796
f 5815 5796 5801
f 5801 5796 5783
f 5801 5798 5815
f 5815 5798 5800
f 5791 5792 5806
f 5806 5792 5813
f 5818 5813 5795
f 5795 5813 5792
f 5818 5817 5813
f 5813 5817 5812
f 5816 5818 5790
f 5790 5818 5795
f 5790 5787 5816
f 5816 5787 5796
f 5771 5777 5781
f 5781 5777 5782
f 5782 5802 5783
f 5783 5802 5801
f 5782 5777 5802
f 5802 5777 5776
f 5588 5587 5722
f 5722 5587 5720
f 5591 5619 5592
f 5592 5619 5618
f 5625 5624 5648
f 5648 5624 5649
f 5624 5627 5649
f 5649 5627 5643
f 5631 5630 5725
f 5725 5630 5640
f 5625 5648 5591
f 5591 5648 5619
f 5588 5722 5723
f 5723 5722 5736
f 5631 5725 5592
f 5592 5725 5589
f 5723 5630 5666
f 5666 5630 5629
f 5587 5627 5720
f 5720 5627 5626
f 5820 5821 5819
f 5819 5821 5822
f 5824 5825 5823
f 5823 5825 5826
f 5823 5826 5827
f 5827 5826 5828
f 5829 5830 5832
f 5832 5830 5831
f 5518 5833 5708
f 5708 5833 5834
f 5835 5836 5824
f 5824 5836 5825
f 5838 5839 5837
f 5837 5839 5840
f 5751 5684 5842
f 5842 5684 5841
f 5843 5841 5724
f 5724 5841 5684
f 5845 5846 5844
f 5844 5846 5847
f 5848 5830 5836
f 5836 5830 5825
f 5518 5751 5833
f 5833 5751 5842
f 5839 5838 5821
f 5821 5838 5849
f 5850 5848 5822
f 5822 5848 5836
f 5851 5845 5828
f 5828 5845 5852
f 5854 5855 5853
f 5853 5855 5856
f 5845 5844 5852
f 5852 5844 5857
f 5858 5827 5852
f 5852 5827 5828
f 5851 5828 5829
f 5829 5828 5826
f 5819 5859 5820
f 5820 5859 5860
f 5835 5861 5819
f 5819 5861 5859
f 5851 5829 5862
f 5862 5829 5832
f 5844 5847 5837
f 5837 5847 5834
f 5819 5822 5835
f 5835 5822 5836
f 5823 5863 5824
f 5824 5863 5864
f 5849 5850 5821
f 5821 5850 5822
f 5825 5830 5826
f 5826 5830 5829
f 5820 5860 5865
f 5865 5860 5866
f 5858 5854 5867
f 5867 5854 5853
f 5854 5857 5855
f 5855 5857 5840
f 5855 5865 5856
f 5856 5865 5866
f 5837 5840 5844
f 5844 5840 5857
f 5827 5858 5868
f 5868 5858 5867
f 5824 5864 5835
f 5835 5864 5861
f 5732 5731 5862
f 5862 5731 5846
f 5863 5823 5868
f 5868 5823 5827
f 5843 5831 5848
f 5848 5831 5830
f 5854 5858 5857
f 5857 5858 5852
f 5855 5840 5865
f 5865 5840 5839
f 5865 5839 5820
f 5820 5839 5821
f 5868 5867 5870
f 5870 5867 5869
f 5868 5870 5863
f 5863 5870 5871
f 5863 5871 5864
f 5864 5871 5872
f 5864 5872 5861
f 5861 5872 5873
f 5867 5853 5869
f 5869 5853 5874
f 5853 5856 5874
f 5874 5856 5875
f 5856 5866 5875
f 5875 5866 5876
f 5877 5878 5874
f 5874 5878 5869
f 5880 5881 5879
f 5879 5881 5882
f 5883 5884 5880
f 5880 5884 5881
f 5881 5884 5886
f 5886 5884 5885
f 5887 5888 5886
f 5886 5888 5889
f 5885 5890 5886
f 5886 5890 5887
f 5889 5882 5886
f 5886 5882 5881
f 5882 5891 5879
f 5879 5891 5892
f 5885 5884 5893
f 5893 5884 5883
f 5883 5871 5893
f 5893 5871 5870
f 5883 5894 5871
f 5871 5894 5872
f 5880 5895 5883
f 5883 5895 5894
f 5896 5895 5879
f 5879 5895 5880
f 5893 5878 5885
f 5885 5878 5890
f 5878 5893 5869
f 5869 5893 5870
f 5897 5896 5892
f 5892 5896 5879
f 5895 5896 5898
f 5898 5896 5899
f 5896 5897 5899
f 5899 5897 5900
f 5898 5899 5901
f 5901 5899 5902
f 5901 5903 5898
f 5898 5903 5904
f 5900 5905 5899
f 5899 5905 5902
f 5898 5904 5895
f 5895 5904 5894
f 5894 5904 5872
f 5872 5904 5873
f 5897 5892 5907
f 5907 5892 5906
f 5892 5891 5906
f 5906 5891 5908
f 5887 5890 5909
f 5909 5890 5878
f 5888 5887 5910
f 5910 5887 5909
f 5878 5877 5909
f 5909 5877 5911
f 5909 5911 5910
f 5910 5911 5912
f 5913 5914 5910
f 5910 5914 5888
f 5908 5914 5906
f 5906 5914 5913
f 5861 5873 5859
f 5859 5873 5915
f 5860 5916 5866
f 5866 5916 5876
f 5916 5860 5915
f 5915 5860 5859
f 5915 5903 5916
f 5916 5903 5917
f 5903 5901 5917
f 5917 5901 5918
f 5916 5917 5876
f 5876 5917 5919
f 5903 5915 5904
f 5904 5915 5873
f 5920 5875 5919
f 5919 5875 5876
f 5920 5877 5875
f 5875 5877 5874
f 5920 5921 5877
f 5877 5921 5911
f 5921 5920 5922
f 5922 5920 5919
f 5923 5921 5924
f 5924 5921 5922
f 5917 5918 5919
f 5919 5918 5922
f 5918 5925 5922
f 5922 5925 5924
f 5921 5923 5911
f 5911 5923 5912
f 5927 5912 5926
f 5926 5912 5923
f 5926 5929 5928
f 5928 5929 5930
f 5926 5923 5929
f 5929 5923 5924
f 5926 5928 5927
f 5927 5928 5907
f 5927 5907 5913
f 5913 5907 5906
f 5913 5910 5927
f 5927 5910 5912
f 5901 5902 5918
f 5918 5902 5925
f 5930 5925 5905
f 5905 5925 5902
f 5930 5929 5925
f 5925 5929 5924
f 5928 5930 5900
f 5900 5930 5905
f 5900 5897 5928
f 5928 5897 5907
f 5882 5889 5891
f 5891 5889 5908
f 5908 5889 5914
f 5914 5889 5888
f 5832 5831 5641
f 5641 5831 5639
f 5833 5838 5834
f 5834 5838 5837
f 5842 5841 5849
f 5849 5841 5850
f 5841 5843 5850
f 5850 5843 5848
f 5847 5846 5739
f 5739 5846 5731
f 5842 5849 5833
f 5833 5849 5838
f 5862 5832 5732
f 5732 5832 5641
f 5847 5739 5834
f 5834 5739 5708
f 5862 5846 5851
f 5851 5846 5845
f 5831 5843 5639
f 5639 5843 5724
f 5676 5732 5595
f 5595 5732 5641
f 5676 5461 5660
f 5660 5461 5464
f 5461 5460 5464
f 5464 5460 5465
f 5460 5674 5465
f 5465 5674 5661
f 5931 5932 5934
f 5934 5932 5933
f 5936 5937 5935
f 5935 5937 5938
f 5935 5938 5939
f 5939 5938 5940
f 5942 5943 5941
f 5941 5943 5944
f 5945 5946 5936
f 5936 5946 5937
f 5948 5949 5947
f 5947 5949 5950
f 5951 5952 5519
f 5519 5952 5593
f 5953 5951 5709
f 5709 5951 5519
f 5955 5956 5954
f 5954 5956 5957
f 5958 5942 5946
f 5946 5942 5937
f 5948 5959 5949
f 5949 5959 5933
f 5960 5958 5934
f 5934 5958 5946
f 5961 5955 5940
f 5940 5955 5962
f 5963 5964 5966
f 5966 5964 5965
f 5955 5954 5962
f 5962 5954 5967
f 5968 5939 5962
f 5962 5939 5940
f 5961 5940 5941
f 5941 5940 5938
f 5931 5969 5932
f 5932 5969 5970
f 5945 5971 5931
f 5931 5971 5969
f 5941 5944 5961
f 5961 5944 5972
f 5954 5957 5947
f 5947 5957 5973
f 5945 5931 5946
f 5946 5931 5934
f 5935 5974 5936
f 5936 5974 5975
f 5959 5960 5933
f 5933 5960 5934
f 5937 5942 5938
f 5938 5942 5941
f 5932 5970 5976
f 5976 5970 5977
f 5968 5964 5978
f 5978 5964 5963
f 5965 5964 5950
f 5950 5964 5967
f 5976 5977 5965
f 5965 5977 5966
f 5947 5950 5954
f 5954 5950 5967
f 5939 5968 5979
f 5979 5968 5978
f 5936 5975 5945
f 5945 5975 5971
f 5972 5754 5956
f 5956 5754 5617
f 5974 5935 5979
f 5979 5935 5939
f 5953 5943 5958
f 5958 5943 5942
f 5964 5968 5967
f 5967 5968 5962
f 5965 5950 5976
f 5976 5950 5949
f 5976 5949 5932
f 5932 5949 5933
f 5979 5978 5981
f 5981 5978 5980
f 5979 5981 5974
f 5974 5981 5982
f 5974 5982 5975
f 5975 5982 5983
f 5975 5983 5971
f 5971 5983 5984
f 5978 5963 5980
f 5980 5963 5985
f 5963 5966 5985
f 5985 5966 5986
f 5986 5966 5987
f 5987 5966 5977
f 5988 5989 5985
f 5985 5989 5980
f 5991 5992 5990
f 5990 5992 5993
f 5994 5995 5991
f 5991 5995 5992
f 5992 5995 5997
f 5997 5995 5996
f 5998 5999 5997
f 5997 5999 6000
f 5996 6001 5997
f 5997 6001 5998
f 6000 5993 5997
f 5997 5993 5992
f 6002 6003 5993
f 5993 6003 5990
f 5995 5994 5996
f 5996 5994 6004
f 5994 5982 6004
f 6004 5982 5981
f 5994 6005 5982
f 5982 6005 5983
f 5991 6006 5994
f 5994 6006 6005
f 6006 5991 6007
f 6007 5991 5990
f 5996 6004 6001
f 6001 6004 5989
f 5989 6004 5980
f 5980 6004 5981
f 6003 6008 5990
f 5990 6008 6007
f 6009 6006 6010
f 6010 6006 6007
f 6008 6011 6007
f 6007 6011 6010
f 6012 6009 6013
f 6013 6009 6010
f 6009 6012 6015
f 6015 6012 6014
f 6011 6016 6010
f 6010 6016 6013
f 6006 6009 6005
f 6005 6009 6015
f 6005 6015 5983
f 5983 6015 5984
f 6008 6003 6018
f 6018 6003 6017
f 6003 6002 6017
f 6017 6002 6019
f 5998 6001 6020
f 6020 6001 5989
f 5999 5998 6021
f 6021 5998 6020
f 5989 5988 6020
f 6020 5988 6022
f 6021 6020 6023
f 6023 6020 6022
f 6021 6024 5999
f 5999 6024 6025
f 6019 6025 6017
f 6017 6025 6024
f 5971 5984 5969
f 5969 5984 6026
f 5970 6027 5977
f 5977 6027 5987
f 6027 5970 6026
f 6026 5970 5969
f 6026 6014 6027
f 6027 6014 6028
f 6014 6012 6028
f 6028 6012 6029
f 6027 6028 5987
f 5987 6028 6030
f 6026 5984 6014
f 6014 5984 6015
f 6031 5986 6030
f 6030 5986 5987
f 6031 5988 5986
f 5986 5988 5985
f 6032 6022 6031
f 6031 6022 5988
f 6032 6031 6033
f 6033 6031 6030
f 6034 6032 6035
f 6035 6032 6033
f 6028 6029 6030
f 6030 6029 6033
f 6029 6036 6033
f 6033 6036 6035
f 6032 6034 6022
f 6022 6034 6023
f 6038 6023 6037
f 6037 6023 6034
f 6037 6040 6039
f 6039 6040 6041
f 6037 6034 6040
f 6040 6034 6035
f 6037 6039 6038
f 6038 6039 6018
f 6038 6018 6024
f 6024 6018 6017
f 6024 6021 6038
f 6038 6021 6023
f 6012 6013 6029
f 6029 6013 6036
f 6041 6036 6016
f 6016 6036 6013
f 6041 6040 6036
f 6036 6040 6035
f 6041 6016 6039
f 6039 6016 6011
f 6011 6008 6039
f 6039 6008 6018
f 5993 6000 6002
f 6002 6000 6019
f 6019 6000 6025
f 6025 6000 5999
f 5943 5756 5944
f 5944 5756 5755
f 6042 5948 5973
f 5973 5948 5947
f 5952 5951 5959
f 5959 5951 5960
f 5951 5953 5960
f 5960 5953 5958
f 5616 5957 5617
f 5617 5957 5956
f 6042 5952 5948
f 5948 5952 5959
f 5944 5755 5972
f 5972 5755 5754
f 5957 5616 5973
f 5973 5616 5652
f 5956 5955 5972
f 5972 5955 5961
f 5943 5953 5756
f 5756 5953 5709
f 6044 6045 6043
f 6043 6045 6046
f 6048 6049 6047
f 6047 6049 6050
f 6047 6050 6051
f 6051 6050 6052
f 6054 6055 6053
f 6053 6055 6056
f 6057 6058 6060
f 6060 6058 6059
f 6061 6062 6048
f 6048 6062 6049
f 6063 6064 6066
f 6066 6064 6065
f 6067 6068 6070
f 6070 6068 6069
f 6071 6069 5653
f 5653 6069 6068
f 6072 6073 6075
f 6075 6073 6074
f 6062 6076 6049
f 6049 6076 6054
f 6058 6067 6059
f 6059 6067 6070
f 6064 6077 6065
f 6065 6077 6045
f 6078 6076 6046
f 6046 6076 6062
f 6073 6080 6079
f 6079 6080 6052
f 6082 6083 6081
f 6081 6083 6084
f 6072 6085 6073
f 6073 6085 6080
f 6086 6051 6080
f 6080 6051 6052
f 6079 6052 6053
f 6053 6052 6050
f 6043 6087 6044
f 6044 6087 6088
f 6061 6089 6043
f 6043 6089 6087
f 6053 6056 6079
f 6079 6056 6090
f 6063 6072 6060
f 6060 6072 6075
f 6043 6046 6061
f 6061 6046 6062
f 6047 6091 6048
f 6048 6091 6092
f 6077 6078 6045
f 6045 6078 6046
f 6049 6054 6050
f 6050 6054 6053
f 6044 6088 6093
f 6093 6088 6094
f 6086 6082 6095
f 6095 6082 6081
f 6083 6082 6066
f 6066 6082 6085
f 6093 6094 6083
f 6083 6094 6084
f 6072 6063 6085
f 6085 6063 6066
f 6051 6086 6096
f 6096 6086 6095
f 6048 6092 6061
f 6061 6092 6089
f 5656 5655 6090
f 6090 5655 6074
f 6091 6047 6096
f 6096 6047 6051
f 6071 6055 6076
f 6076 6055 6054
f 6082 6086 6085
f 6085 6086 6080
f 6093 6083 6065
f 6065 6083 6066
f 6044 6093 6045
f 6045 6093 6065
f 6096 6095 6098
f 6098 6095 6097
f 6096 6098 6091
f 6091 6098 6099
f 6091 6099 6092
f 6092 6099 6100
f 6092 6100 6089
f 6089 6100 6101
f 6095 6081 6097
f 6097 6081 6102
f 6081 6084 6102
f 6102 6084 6103
f 6103 6084 6104
f 6104 6084 6094
f 6106 6097 6105
f 6105 6097 6102
f 6107 6108 6110
f 6110 6108 6109
f 6111 6112 6108
f 6108 6112 6109
f 6109 6112 6114
f 6114 6112 6113
f 6114 6115 6117
f 6117 6115 6116
f 6113 6118 6114
f 6114 6118 6115
f 6117 6110 6114
f 6114 6110 6109
f 6110 6119 6107
f 6107 6119 6120
f 6112 6111 6113
f 6113 6111 6121
f 6111 6099 6121
f 6121 6099 6098
f 6111 6122 6099
f 6099 6122 6100
f 6123 6122 6108
f 6108 6122 6111
f 6124 6123 6107
f 6107 6123 6108
f 6113 6121 6118
f 6118 6121 6106
f 6106 6121 6097
f 6097 6121 6098
f 6125 6124 6120
f 6120 6124 6107
f 6126 6123 6127
f 6127 6123 6124
f 6125 6128 6124
f 6124 6128 6127
f 6129 6126 6130
f 6130 6126 6127
f 6126 6129 6132
f 6132 6129 6131
f 6128 6133 6127
f 6127 6133 6130
f 6123 6126 6122
f 6122 6126 6132
f 6122 6132 6100
f 6100 6132 6101
f 6120 6134 6125
f 6125 6134 6135
f 6120 6119 6134
f 6134 6119 6136
f 6115 6118 6137
f 6137 6118 6106
f 6115 6137 6116
f 6116 6137 6138
f 6137 6106 6139
f 6139 6106 6105
f 6138 6137 6140
f 6140 6137 6139
f 6141 6142 6138
f 6138 6142 6116
f 6136 6142 6134
f 6134 6142 6141
f 6089 6101 6087
f 6087 6101 6143
f 6088 6144 6094
f 6094 6144 6104
f 6143 6144 6087
f 6087 6144 6088
f 6131 6145 6143
f 6143 6145 6144
f 6129 6146 6131
f 6131 6146 6145
f 6144 6145 6104
f 6104 6145 6147
f 6143 6101 6131
f 6131 6101 6132
f 6148 6103 6147
f 6147 6103 6104
f 6103 6148 6102
f 6102 6148 6105
f 6148 6149 6105
f 6105 6149 6139
f 6149 6148 6150
f 6150 6148 6147
f 6151 6149 6152
f 6152 6149 6150
f 6145 6146 6147
f 6147 6146 6150
f 6146 6153 6150
f 6150 6153 6152
f 6149 6151 6139
f 6139 6151 6140
f 6155 6140 6154
f 6154 6140 6151
f 6154 6157 6156
f 6156 6157 6158
f 6154 6151 6157
f 6157 6151 6152
f 6154 6156 6155
f 6155 6156 6135
f 6155 6135 6141
f 6141 6135 6134
f 6141 6138 6155
f 6155 6138 6140
f 6146 6129 6153
f 6153 6129 6130
f 6158 6153 6133
f 6133 6153 6130
f 6158 6157 6153
f 6153 6157 6152
f 6156 6158 6128
f 6128 6158 6133
f 6128 6125 6156
f 6156 6125 6135
f 6110 6117 6119
f 6119 6117 6136
f 6136 6117 6142
f 6142 6117 6116
f 6055 5615 6056
f 6056 5615 5752
f 6060 6059 6063
f 6063 6059 6064
f 6077 6070 6078
f 6078 6070 6069
f 6069 6071 6078
f 6078 6071 6076
f 6159 6057 6075
f 6075 6057 6060
f 6059 6070 6064
f 6064 6070 6077
f 6056 5752 6090
f 6090 5752 5656
f 6090 6074 6079
f 6079 6074 6073
f 6055 6071 5615
f 5615 6071 5653
f 5547 5471 6160
f 6160 5471 6161
f 5729 5577 6163
f 6163 5577 6162
f 5577 5576 6162
f 6162 5576 6164
f 5713 6165 5711
f 5711 6165 6166
f 5474 5729 6167
f 6167 5729 6163
f 5750 5547 6168
f 6168 5547 6160
f 5471 5474 6161
f 6161 5474 6167
f 6169 5712 6168
f 6168 5712 5750
f 5711 6166 5576
f 5576 6166 6164
f 6165 5713 6169
f 6169 5713 5712
f 6168 6170 6169
f 6169 6170 6171
f 6169 6171 6165
f 6165 6171 6172
f 6165 6172 6166
f 6166 6172 6173
f 6166 6173 6164
f 6164 6173 6174
f 6168 6160 6170
f 6170 6160 6175
f 6160 6161 6175
f 6175 6161 6176
f 6161 6167 6176
f 6176 6167 6177
f 6179 6170 6178
f 6178 6170 6175
f 6181 6182 6180
f 6180 6182 6183
f 6184 6185 6181
f 6181 6185 6182
f 6186 6187 6185
f 6185 6187 6182
f 6186 6188 6187
f 6187 6188 6189
f 6190 6183 6187
f 6187 6183 6182
f 6183 6190 6191
f 6191 6190 6192
f 6191 6193 6183
f 6183 6193 6180
f 6186 6185 6194
f 6194 6185 6184
f 6184 6172 6194
f 6194 6172 6171
f 6184 6195 6172
f 6172 6195 6173
f 6181 6196 6184
f 6184 6196 6195
f 6196 6181 6197
f 6197 6181 6180
f 6186 6194 6188
f 6188 6194 6179
f 6179 6194 6170
f 6170 6194 6171
f 6193 6198 6180
f 6180 6198 6197
f 6199 6196 6200
f 6200 6196 6197
f 6198 6201 6197
f 6197 6201 6200
f 6202 6199 6203
f 6203 6199 6200
f 6199 6202 6205
f 6205 6202 6204
f 6201 6206 6200
f 6200 6206 6203
f 6196 6199 6195
f 6195 6199 6205
f 6195 6205 6173
f 6173 6205 6174
f 6198 6193 6208
f 6208 6193 6207
f 6193 6191 6207
f 6207 6191 6192
f 6189 6188 6209
f 6209 6188 6179
f 6210 6189 6211
f 6211 6189 6209
f 6209 6179 6212
f 6212 6179 6178
f 6211 6209 6213
f 6213 6209 6212
f 6211 6214 6210
f 6210 6214 6215
f 6192 6215 6207
f 6207 6215 6214
f 6190 6187 6210
f 6210 6187 6189
f 6192 6190 6215
f 6215 6190 6210
f 6162 6164 6216
f 6216 6164 6174
f 6167 6163 6177
f 6177 6163 6217
f 6216 6217 6162
f 6162 6217 6163
f 6204 6218 6216
f 6216 6218 6217
f 6202 6219 6204
f 6204 6219 6218
f 6217 6218 6177
f 6177 6218 6220
f 6216 6174 6204
f 6204 6174 6205
f 6221 6176 6220
f 6220 6176 6177
f 6176 6221 6175
f 6175 6221 6178
f 6221 6222 6178
f 6178 6222 6212
f 6222 6221 6223
f 6223 6221 6220
f 6224 6222 6225
f 6225 6222 6223
f 6218 6219 6220
f 6220 6219 6223
f 6219 6226 6223
f 6223 6226 6225
f 6222 6224 6212
f 6212 6224 6213
f 6228 6213 6227
f 6227 6213 6224
f 6229 6227 6231
f 6231 6227 6230
f 6227 6224 6230
f 6230 6224 6225
f 6227 6229 6228
f 6228 6229 6208
f 6228 6208 6214
f 6214 6208 6207
f 6214 6211 6228
f 6228 6211 6213
f 6219 6202 6226
f 6226 6202 6203
f 6231 6226 6206
f 6206 6226 6203
f 6231 6230 6226
f 6226 6230 6225
f 6229 6231 6201
f 6201 6231 6206
f 6201 6198 6229
f 6229 6198 6208
f 5674 5672 5661
f 5661 5672 5662
f 5662 5672 5663
f 5663 5672 5646
f 5651 6042 5652
f 5652 6042 5973
f 5518 5517 5751
f 5751 5517 5733
f 5738 5660 5753
f 5753 5660 5637
f 5752 5636 5656
f 5656 5636 5526
f 5952 6042 5593
f 5593 6042 5651
f 5593 5651 5594
f 5594 5651 5650
f 5600 5737 5514
f 5514 5737 5515
f 5546 5545 5740
f 5740 5545 6232
f 6232 6058 5740
f 5740 6058 6057
f 6067 6058 6233
f 6233 6058 6232
f 6233 6232 6234
f 6234 6232 5545
f 6234 5545 6235
f 6235 5545 5544
f 5606 6236 5543
f 5543 6236 5544
f 6235 5544 5539
f 5539 5544 6236
f 6237 6235 5542
f 5542 6235 5539
f 6235 6237 6234
f 6234 6237 6238
f 6234 6238 6233
f 6233 6238 6239
f 5653 6068 5650
f 5650 6068 6239
f 5642 5513 6240
f 6240 5513 5516
f 5539 6236 5540
f 5540 6236 5606
f 5636 5614 5637
f 5637 5614 5753
f 6239 5737 5650
f 5650 5737 5594
f 6239 6068 6233
f 6233 6068 6067
f 6075 6074 6159
f 6159 6074 5655
f 6057 6159 5740
f 5740 6159 5655
f 5515 5737 6238
f 6238 5737 6239
f 6238 6237 5515
f 5515 6237 5516
f 5542 6240 6237
f 6237 6240 5516
f 6240 5542 5642
f 5642 5542 5541
f 5702 5699 5541
f 5541 5699 5642
f 5582 5475 5717
f 5470 5443 5537
f 5537 5443 5504
f 5469 5444 5470
f 5470 5444 5443
f 5726 5557 5727
f 5727 5557 5556
f 5537 5504 5511
f 5511 5504 5506
f 5504 5503 5506
f 5506 5503 5507
f 5503 5455 5507
f 5507 5455 5581
f 5455 5454 5581
f 5581 5454 5456
f 5473 5453 5474
f 5474 5453 5729
f 5457 5454 5473
f 5473 5454 5453
f 5473 5472 5457
f 5457 5472 5686
f 5472 5548 5686
f 5686 5548 5687
f 5749 5693 5548
f 5548 5693 5687
f 5715 5532 5749
f 5749 5532 5693
f 5714 5486 5715
f 5715 5486 5532
f 5714 5710 5486
f 5486 5710 5449
f 5728 5578 5729
f 5729 5578 5577
f 5452 5445 5698
f 5698 5445 5558
f 5445 5444 5558
f 5558 5444 5556
f 5444 5469 5556
f 5556 5469 5727
f 5469 5468 5727
f 5727 5468 5555
f 5468 5747 5555
f 5555 5747 5552
f 5747 5700 5552
f 5552 5700 5716
f 5700 5699 5716
f 5716 5699 5717
f 5699 5702 5717
f 5717 5702 5582
f 5702 5701 5582
f 5582 5701 5583
f 5726 5479 5557
f 5557 5479 5483
f 5483 5479 5484
f 5484 5479 5482
f 5534 5533 5482
f 5482 5533 5484
f 5691 5688 5534
f 5534 5688 5533
f 5644 5647 5691
f 5691 5647 5688
f 5719 5746 5701
f 5701 5746 5583
f 5718 5497 5719
f 5719 5497 5746
f 5718 5605 5654
f 5654 5605 5638
f 5498 5654 5657
f 5657 5654 5633
f 5497 5718 5498
f 5498 5718 5654
f 5657 5527 5498
f 5498 5527 5494
f 5528 5570 5495
f 5495 5570 5521
f 5665 5668 5528
f 5528 5668 5570
f 5664 5671 5665
f 5665 5671 5668
f 5645 5741 5664
f 5664 5741 5671
f 5644 5696 5645
f 5645 5696 5741
f 5710 5575 5449
f 5449 5575 5450
f 5575 5578 5450
f 5450 5578 5698
f 5578 5728 5698
f 5698 5728 5452
f 5452 5728 5451
f 5451 5728 5453
f 3619 6241 3620
f 3620 6241 6242
f 6243 6244 3628
f 3628 6244 3629
f 6245 6246 3634
f 3634 6246 3631
f 6247 6248 3636
f 3636 6248 3637
f 6249 6250 3642
f 3642 6250 3639
f 3639 6250 3643
f 3643 6250 6251
f 3743 6252 3744
f 3744 6252 6253
f 6246 6243 3631
f 3631 6243 3628
f 3753 6254 3754
f 3754 6254 6255
f 3857 6256 3619
f 3619 6256 6241
f 6257 6245 3932
f 3932 6245 3634
f 6242 6247 3620
f 3620 6247 3636
f 6258 6259 3946
f 3946 6259 3947
f 6260 6249 3948
f 3948 6249 3642
f 6244 6258 3629
f 3629 6258 3946
f 3947 6259 3753
f 3753 6259 6254
f 6248 6260 3637
f 3637 6260 3948
f 3643 6251 3743
f 3743 6251 6252
f 3744 6253 3932
f 3932 6253 6257
f 6250 6249 6251
f 6251 6249 6252
f 6245 6261 6246
f 6246 6261 6262
f 6263 6264 6247
f 6247 6264 6248
f 6252 6265 6253
f 6253 6265 6266
f 6246 6262 6243
f 6243 6262 6267
f 6268 6261 6257
f 6257 6261 6245
f 6269 6263 6242
f 6242 6263 6247
f 6270 6271 6260
f 6260 6271 6249
f 6264 6270 6248
f 6248 6270 6260
f 6253 6266 6257
f 6257 6266 6268
f 6249 6271 6252
f 6252 6271 6265
f 6254 6259 6272
f 6272 6259 6273
f 6266 6265 6270
f 6270 6265 6271
f 6268 6266 6264
f 6264 6266 6270
f 6261 6268 6263
f 6263 6268 6264
f 6269 6262 6263
f 6263 6262 6261
f 4186 4185 6274
f 6274 4185 6275
f 6241 6276 6242
f 6242 6276 6269
f 6258 6244 6277
f 6277 6244 6278
f 6256 6279 6241
f 6241 6279 6276
f 6259 6258 6273
f 6273 6258 6277
f 6243 6267 6244
f 6244 6267 6278
f 6276 6267 6269
f 6269 6267 6262
f 6254 6272 6255
f 6255 6272 6280
f 3865 3713 3888
f 3888 3713 3685
f 5242 5233 3892
f 3892 5233 3711
f 3900 5243 3892
f 3892 5243 5242
f 3734 3866 3900
f 3900 3866 5243
f 4117 6281 4118
f 4118 6281 6282
f 4118 6282 4278
f 4278 6282 4879
f 4717 4887 4718
f 4718 4887 4280
f 4792 4278 4882
f 4882 4278 4879
f 4795 4792 6283
f 6283 4792 4882
f 4852 4851 5012
f 5012 4851 6284
f 4856 5207 4857
f 4857 5207 4858
f 4860 4279 4857
f 4857 4279 4854
f 4718 4280 4860
f 4860 4280 4279
f 4864 4863 4745
f 4745 4863 4742
f 5366 4867 5011
f 5011 4867 4866
f 4871 4884 4872
f 4872 4884 4883
f 4872 4883 4117
f 4117 4883 6281
f 6284 4851 6283
f 6283 4851 4795
f 4852 4866 4853
f 4853 4866 4865
f 4871 4870 4856
f 4856 4870 5207
f 4717 4716 4864
f 4864 4716 4861
f 4868 4867 4862
f 4862 4867 4863
f 4268 4855 4269
f 4269 4855 4854
f 4281 4274 4282
f 4282 4274 4765
f 4744 4743 4907
f 4907 4743 4904
f 4874 4881 4820
f 4820 4881 4880
f 4885 5013 4886
f 4886 5013 4980
f 4888 4275 4281
f 4281 4275 4274
f 4902 6282 4903
f 4903 6282 6281
f 6283 4979 6284
f 6284 4979 4978
f 4282 4765 4269
f 4269 4765 4266
f 4880 4879 4902
f 4902 4879 6282
f 4903 6281 4886
f 4886 6281 4883
f 4882 4881 6283
f 6283 4881 4979
f 5013 4885 4267
f 4267 4885 4268
f 4888 4887 4744
f 4744 4887 4745
f 4410 6285 4411
f 4411 6285 4812
f 4750 4749 6286
f 6286 4749 6287
f 6289 4695 6288
f 6288 4695 4255
f 4750 4675 4751
f 4751 4675 4965
f 6290 6291 4963
f 4963 6291 4960
f 4807 4806 4411
f 4411 4806 4408
f 6292 6293 4959
f 4959 6293 4956
f 4958 6294 4959
f 4959 6294 4955
f 4962 4964 4963
f 4963 4964 4805
f 4962 4961 4751
f 4751 4961 4748
f 6296 6297 6295
f 6295 6297 6298
f 6299 6300 6288
f 6288 6300 4735
f 6302 4961 6301
f 6301 4961 4960
f 6304 6287 6303
f 6303 6287 4749
f 4968 6305 4969
f 4969 6305 6306
f 4413 6308 6307
f 6307 6308 4900
f 6301 4960 6309
f 6309 4960 6291
f 4412 4408 6310
f 6310 4408 4806
f 4696 6311 4256
f 4256 6311 6312
f 6303 4749 6313
f 6313 4749 4748
f 6313 4748 6302
f 6302 4748 4961
f 6315 6316 6314
f 6314 6316 6317
f 4084 6318 6315
f 6315 6318 6316
f 4083 6319 4084
f 4084 6319 6318
f 4112 6320 4083
f 4083 6320 6319
f 6322 4138 6321
f 6321 4138 4137
f 6324 4128 6323
f 6323 4128 4127
f 4127 4193 6323
f 6323 4193 6325
f 4193 4891 6325
f 6325 4891 6326
f 4891 6327 6326
f 6326 6327 6328
f 6327 4824 5227
f 5227 4824 5228
f 5231 4684 6329
f 6329 4684 4683
f 4683 4099 6329
f 6329 4099 6330
f 4099 4102 6330
f 6330 4102 6331
f 4174 4826 4429
f 4429 4826 4829
f 4173 4741 4174
f 4174 4741 4826
f 4180 4738 4173
f 4173 4738 4741
f 6332 6333 4180
f 4180 6333 4738
f 6274 6334 4186
f 4186 6334 4188
f 4181 4825 4180
f 4180 4825 6332
f 5044 5213 5045
f 5045 5213 5165
f 5046 5087 5047
f 5047 5087 5222
f 5077 5063 5078
f 5078 5063 5198
f 5081 5099 5082
f 5082 5099 5194
f 5095 5074 5096
f 5096 5074 5073
f 5373 5170 5096
f 5096 5170 5093
f 5375 5171 5373
f 5373 5171 5170
f 5047 5222 5375
f 5375 5222 5171
f 5046 5038 5376
f 5376 5038 5067
f 5377 5086 5376
f 5376 5086 5085
f 5045 5165 5377
f 5377 5165 5086
f 5378 5214 5044
f 5044 5214 5213
f 5077 5034 5378
f 5378 5034 5214
f 5082 5194 5078
f 5078 5194 5035
f 5081 5080 5379
f 5379 5080 6335
f 5379 6335 5095
f 5095 6335 5074
f 5032 5080 5033
f 5033 5080 5079
f 5040 5017 5041
f 5041 5017 5016
f 5050 5043 5051
f 5051 5043 5042
f 5065 5023 5066
f 5066 5023 5022
f 5050 5049 5065
f 5065 5049 5023
f 5041 5016 5068
f 5068 5016 5020
f 5071 5374 5072
f 5072 5374 5200
f 5075 5156 5076
f 5076 5156 5155
f 5162 5212 5068
f 5068 5212 5067
f 5075 5074 5192
f 5192 5074 6335
f 5066 5022 5199
f 5199 5022 5196
f 5076 5155 5072
f 5072 5155 5069
f 5040 5039 5071
f 5071 5039 5374
f 5162 5161 5051
f 5051 5161 5048
f 5192 6335 5032
f 5032 6335 5080
f 5199 5196 5033
f 5033 5196 5030
f 5018 5211 5019
f 5019 5211 5408
f 5019 5408 5021
f 5021 5408 5163
f 5024 5057 5025
f 5025 5057 5415
f 5028 5048 5029
f 5029 5048 5161
f 5054 5031 5055
f 5055 5031 5030
f 5024 5023 5058
f 5058 5023 5049
f 5061 5070 5062
f 5062 5070 5069
f 5157 5438 5158
f 5158 5438 5442
f 5160 5191 5054
f 5054 5191 5031
f 5029 5161 5021
f 5021 5161 5020
f 5025 5415 5197
f 5197 5415 5220
f 5158 5442 5062
f 5062 5442 5059
f 5018 5017 5061
f 5061 5017 5070
f 5160 5159 5157
f 5157 5159 5438
f 5028 5027 5058
f 5058 5027 5056
f 5055 5030 5197
f 5197 5030 5196
f 5409 5380 5410
f 5410 5380 6336
f 5026 5413 5027
f 5027 5413 5412
f 5396 5417 5393
f 5393 5417 5416
f 5416 5057 5419
f 5419 5057 5056
f 5417 5396 5426
f 5426 5396 5420
f 5427 5423 5428
f 5428 5423 5422
f 5427 5059 5430
f 5430 5059 5442
f 5409 5408 5433
f 5433 5408 5211
f 5433 5211 5428
f 5428 5211 5060
f 5412 5411 5419
f 5419 5411 5418
f 5436 5053 5437
f 5437 5053 5052
f 5439 5402 5440
f 5440 5402 5401
f 5436 5435 5439
f 5439 5435 5402
f 5410 6336 5413
f 5413 6336 5414
f 5440 5401 5430
f 5430 5401 5429
f 5426 5420 5437
f 5437 5420 5434
f 5382 5432 5383
f 5383 5432 5384
f 5386 6336 5383
f 5383 6336 5380
f 6336 5386 5414
f 5414 5386 5388
f 5391 5418 5392
f 5392 5418 5411
f 5705 5395 5704
f 5704 5395 5394
f 5399 5435 5400
f 5400 5435 5434
f 5403 5441 5404
f 5404 5441 5405
f 5407 5429 5404
f 5404 5429 5401
f 5395 5705 5421
f 5421 5705 5748
f 5424 5706 5425
f 5425 5706 5431
f 5391 5390 5394
f 5394 5390 5704
f 5392 5388 5389
f 5389 5388 5387
f 5382 5381 5425
f 5425 5381 5422
f 5407 5406 5424
f 5424 5406 5706
f 5403 5402 5399
f 5399 5402 5435
f 5421 5748 5400
f 5400 5748 5397
f 4097 4721 4098
f 4098 4721 4231
f 4233 5273 4098
f 4098 5273 4095
f 6337 6338 4785
f 4785 6338 4786
f 4076 4780 4073
f 4073 4780 4781
f 4782 4190 4781
f 4781 4190 4073
f 4783 4901 4782
f 4782 4901 4190
f 4780 4076 4097
f 4097 4076 4721
f 6337 2879 4701
f 4701 2879 2878
f 5280 6339 5272
f 5272 6339 6340
f 5282 5281 6341
f 6341 5281 6342
f 4109 6302 4110
f 4110 6302 6301
f 4283 6304 4284
f 4284 6304 6303
f 6305 4379 6306
f 6306 4379 4378
f 4110 6301 4428
f 4428 6301 6309
f 6310 4688 4412
f 4412 4688 4687
f 4284 6303 4753
f 4753 6303 6313
f 4753 6313 4109
f 4109 6313 6302
f 6343 5226 4428
f 4428 5226 4427
f 4147 4900 4416
f 4416 4900 6308
f 6312 6311 4241
f 4241 6311 4720
f 5223 6344 4702
f 4702 6344 4699
f 4221 4220 6345
f 6345 4220 6346
f 5276 5275 6347
f 6347 5275 6348
f 5275 4728 6348
f 6348 4728 6349
f 4727 6350 5284
f 5284 6350 5285
f 6351 6352 6354
f 6354 6352 6353
f 5313 5312 5292
f 5292 5312 5293
f 5312 5344 5293
f 5293 5344 5337
f 5344 4914 5337
f 5337 4914 4916
f 4914 4913 4916
f 4916 4913 4917
f 4913 6355 4917
f 4917 6355 4978
f 6356 6357 6284
f 6284 6357 5012
f 6357 6358 5012
f 5012 6358 5011
f 5011 6358 5366
f 5366 6358 6359
f 6360 4742 6359
f 6359 4742 5366
f 4743 6361 4904
f 4904 6361 5364
f 5363 4905 5364
f 5364 4905 4904
f 5363 6362 4905
f 4905 6362 4207
f 6362 6363 4207
f 4207 6363 4208
f 6363 5342 4208
f 4208 5342 5330
f 5342 5341 5330
f 5330 5341 4244
f 5341 6364 4244
f 4244 6364 4245
f 6364 6365 4245
f 4245 6365 4246
f 6366 6367 4253
f 4253 6367 4250
f 4214 6368 4211
f 4211 6368 4380
f 4380 4379 4211
f 4211 4379 4283
f 4379 6305 4283
f 4283 6305 6304
f 6305 4968 6304
f 6304 4968 6287
f 4968 4967 6287
f 6287 4967 6286
f 4967 6297 6286
f 6286 6297 4676
f 6296 4376 4288
f 4288 4376 4285
f 4376 4373 4285
f 4285 4373 4290
f 6369 6370 6372
f 6372 6370 6371
f 5245 6373 5246
f 5246 6373 6374
f 4317 6375 4318
f 4318 6375 6376
f 4331 6377 4332
f 4332 6377 6378
f 6379 4333 6376
f 6376 4333 4318
f 4343 6380 4344
f 4344 6380 6381
f 4347 6382 4348
f 4348 6382 6383
f 4374 6371 4331
f 4331 6371 6377
f 4333 6379 4426
f 4426 6379 6384
f 4690 6385 4347
f 4347 6385 6382
f 4332 6378 4317
f 4317 6378 6375
f 4922 6386 4923
f 4923 6386 6387
f 6388 6389 4375
f 4375 6389 6390
f 6355 6356 4978
f 4978 6356 6284
f 4742 6360 4743
f 4743 6360 6361
f 6391 4238 6392
f 6392 4238 4719
f 6392 4719 6393
f 6393 4719 5296
f 6395 6396 6394
f 6394 6396 6397
f 6399 6400 6398
f 6398 6400 6401
f 6402 5302 6403
f 6403 5302 5303
f 5303 5321 6403
f 6403 5321 6404
f 5320 6405 5321
f 5321 6405 6404
f 5319 6406 5350
f 5350 6406 5351
f 5319 5318 6406
f 6406 5318 6407
f 5288 4197 6408
f 6408 4197 6409
f 4217 4216 6410
f 6410 4216 6411
f 5227 6412 6327
f 6327 6412 6328
f 4892 6413 5227
f 5227 6413 6412
f 4228 6414 4892
f 4892 6414 6413
f 4227 6415 4228
f 4228 6415 6414
f 4248 6416 4227
f 4227 6416 6415
f 4247 6417 4248
f 4248 6417 6416
f 6417 4247 6419
f 6419 4247 6418
f 6419 6418 6421
f 6421 6418 6420
f 6422 5301 6423
f 6423 5301 5300
f 6423 5300 6424
f 6424 5300 6399
f 6408 6409 6398
f 6398 6409 6425
f 6426 6427 6397
f 6397 6427 6394
f 6428 4224 6429
f 6429 4224 4223
f 6347 6346 5276
f 5276 6346 4220
f 6346 6347 6341
f 6341 6347 6339
f 5280 5278 5282
f 5282 5278 4236
f 4896 5224 4684
f 4684 5224 4681
f 4132 4135 4896
f 4896 4135 5224
f 4131 4136 4132
f 4132 4136 4135
f 4226 4754 4131
f 4131 4754 4136
f 4251 4213 4226
f 4226 4213 4754
f 4250 4214 4251
f 4251 4214 4213
f 4250 6367 4214
f 4214 6367 6368
f 6367 4910 6368
f 6368 4910 4737
f 4909 5297 4736
f 4736 5297 5296
f 5297 6395 5296
f 5296 6395 6393
f 6427 6430 6394
f 6394 6430 6431
f 6429 4383 6428
f 6428 4383 4382
f 4219 5277 4220
f 4220 5277 5276
f 4222 4697 4383
f 4383 4697 4218
f 6345 4699 4221
f 4221 4699 6344
f 6342 4700 6345
f 6345 4700 4699
f 4235 4786 5281
f 5281 4786 6338
f 4234 4787 4235
f 4235 4787 4786
f 5279 5278 6432
f 6432 5278 5271
f 4237 5279 6433
f 6433 5279 6432
f 4787 4234 6433
f 6433 4234 4237
f 6435 6436 6434
f 6434 6436 6437
f 6359 6438 6360
f 6360 6438 6437
f 6439 6440 6441
f 6441 6440 6438
f 6443 6439 6442
f 6442 6439 6441
f 6357 6356 6442
f 6442 6356 6444
f 6444 6446 6445
f 6445 6446 6447
f 4912 6446 4913
f 4913 6446 6355
f 6361 6436 5364
f 5364 6436 5365
f 5319 5350 5316
f 5316 5350 6448
f 4832 6449 5350
f 5350 6449 6448
f 4831 6450 4832
f 4832 6450 6449
f 5354 6451 5320
f 5320 6451 6405
f 4265 6452 5354
f 5354 6452 6451
f 4264 6453 4265
f 4265 6453 6452
f 6450 4831 6447
f 6447 4831 6445
f 4263 6435 4264
f 4264 6435 6434
f 6454 6453 6439
f 6439 6453 6440
f 6439 6443 6454
f 6454 6443 4834
f 4833 6455 4834
f 4834 6455 6454
f 5351 6456 4833
f 4833 6456 6455
f 6457 6391 6458
f 6458 6391 6392
f 6458 6392 6431
f 6431 6392 6393
f 5298 6396 5297
f 5297 6396 6395
f 6402 6400 5302
f 5302 6400 5299
f 6402 6403 6459
f 6459 6403 6460
f 6460 6403 6461
f 6461 6403 6404
f 6405 6462 6404
f 6404 6462 6461
f 6406 6462 5351
f 5351 6462 6456
f 6406 6407 6462
f 6462 6407 6461
f 6407 6463 6461
f 6461 6463 6460
f 6463 6464 6460
f 6460 6464 6459
f 6464 6465 6459
f 6459 6465 6401
f 6430 6466 6431
f 6431 6466 6458
f 6466 6410 6458
f 6458 6410 6457
f 6410 6411 6457
f 6457 6411 6467
f 6396 6424 6397
f 6397 6424 6425
f 6393 6395 6431
f 6431 6395 6394
f 6451 6456 6405
f 6405 6456 6462
f 6452 6455 6451
f 6451 6455 6456
f 6453 6454 6452
f 6452 6454 6455
f 6443 6445 4834
f 4834 6445 4831
f 6440 6453 6434
f 6434 6453 4264
f 6468 5306 5360
f 5360 5306 5305
f 6469 4124 6468
f 6468 4124 5306
f 6470 4125 6469
f 6469 4125 4124
f 6471 5291 6470
f 6470 5291 4125
f 6353 5292 6471
f 6471 5292 5291
f 5292 6353 5313
f 5313 6353 6352
f 5347 5314 6352
f 6352 5314 5313
f 5353 5318 5346
f 5346 5318 5317
f 5334 6468 5358
f 5358 6468 5360
f 5324 6469 5334
f 5334 6469 6468
f 5323 6470 5324
f 5324 6470 6469
f 5343 6471 5323
f 5323 6471 6470
f 6354 6353 5343
f 5343 6353 6471
f 6348 6349 4270
f 4270 6349 5311
f 5272 6340 5273
f 5273 6340 4272
f 6432 5271 4232
f 4232 5271 4233
f 4294 6432 4295
f 4295 6432 4232
f 6432 4294 6433
f 6433 4294 4301
f 4301 4300 6433
f 6433 4300 4787
f 4704 4784 4300
f 4300 4784 4787
f 4704 3013 4784
f 4784 3013 1307
f 5103 6472 5104
f 5104 6472 5202
f 5108 5116 5105
f 5105 5116 5115
f 5111 5124 5112
f 5112 5124 5123
f 5154 5205 5105
f 5105 5205 5106
f 5167 5180 5168
f 5168 5180 5185
f 5175 5188 5176
f 5176 5188 5187
f 5112 5123 5178
f 5178 5123 5120
f 5167 5090 5183
f 5183 5090 5089
f 5210 5151 5183
f 5183 5151 5181
f 5216 5138 5217
f 5217 5138 5137
f 5218 5119 5219
f 5219 5119 5221
f 5218 5178 5119
f 5119 5178 5120
f 5217 5137 5104
f 5104 5137 5101
f 5116 5108 5221
f 5221 5108 5219
f 5111 5110 5210
f 5210 5110 5151
f 5154 5153 5103
f 5103 5153 6472
f 5216 5215 5176
f 5176 5215 5173
f 5175 5174 5168
f 5168 5174 5166
f 5091 5172 5092
f 5092 5172 5208
f 5117 5037 5118
f 5118 5037 5036
f 5121 5164 5122
f 5122 5164 5133
f 5125 5084 5126
f 5126 5084 5083
f 5129 5174 5130
f 5130 5174 5173
f 5131 5202 5132
f 5132 5202 6472
f 5135 5221 5122
f 5122 5221 5119
f 5125 5124 5136
f 5136 5124 5209
f 5126 5083 5121
f 5121 5083 5164
f 5118 5036 5195
f 5195 5036 5193
f 5131 5097 5203
f 5203 5097 5114
f 5132 6472 5195
f 5195 6472 5153
f 5136 5209 5092
f 5092 5209 5089
f 5135 5134 5117
f 5117 5134 5037
f 5362 5206 5130
f 5130 5206 5127
f 5372 5371 5128
f 5128 5371 5129
f 5371 5372 5091
f 5091 5372 5172
f 5362 5215 5203
f 5203 5215 5201
f 6463 6407 5353
f 5353 6407 5318
f 6464 6463 5352
f 5352 6463 5353
f 6408 6465 5288
f 5288 6465 5289
f 4196 4224 6426
f 6426 4224 6427
f 6430 6427 6428
f 6428 6427 4224
f 6466 6430 4382
f 4382 6430 6428
f 6410 6466 4217
f 4217 6466 4382
f 4240 4239 3015
f 3015 4239 3016
f 4254 4257 3017
f 3017 4257 3018
f 6473 6474 4732
f 4732 6474 6475
f 6474 6374 6475
f 6475 6374 6373
f 5246 6374 3022
f 3022 6374 3023
f 4254 6299 4255
f 4255 6299 6288
f 6473 6300 3024
f 3024 6300 3025
f 6476 4257 6312
f 6312 4257 4256
f 4240 6476 4241
f 4241 6476 6312
f 6477 4239 6391
f 6391 4239 4238
f 6467 6477 6457
f 6457 6477 6391
f 6411 3029 6467
f 6467 3029 3028
f 4216 3030 6411
f 6411 3030 3029
f 6479 6480 6478
f 6478 6480 6481
f 6483 6484 6482
f 6482 6484 6485
f 6486 6487 4102
f 4102 6487 6331
f 6483 6488 6478
f 6478 6488 6489
f 4429 4829 6490
f 6490 4829 6479
f 6491 6486 4101
f 4101 6486 4102
f 4895 6491 4899
f 4899 6491 4101
f 4160 6488 4157
f 4157 6488 6492
f 6489 4087 6490
f 6490 4087 4090
f 4267 4261 5013
f 5013 4261 4260
f 4258 4261 5328
f 5328 4261 4975
f 4261 4267 4975
f 4975 4267 4266
f 5367 3793 3912
f 3912 3793 3575
f 6494 3616 6493
f 6493 3616 3795
f 6496 3589 6495
f 6495 3589 3588
f 6495 3588 5368
f 5368 3588 3794
f 3841 3840 3050
f 3050 3840 3051
f 3912 3911 3052
f 3052 3911 3053
f 3929 3930 3054
f 3054 3930 3055
f 5370 3930 3916
f 3916 3930 3923
f 3938 5369 3807
f 3807 5369 3915
f 3589 6496 3806
f 3806 6496 3937
f 3938 3937 3056
f 3056 3937 3057
f 3051 3840 3058
f 3058 3840 3943
f 3730 4808 3727
f 3727 4808 3943
f 3820 3951 3795
f 3795 3951 6493
f 3951 3841 3059
f 3059 3841 3050
f 3911 3574 6494
f 6494 3574 3616
f 3823 3929 3824
f 3824 3929 3952
f 4061 4060 3060
f 3060 4060 3061
f 6497 6498 4901
f 4901 6498 4790
f 6333 6499 4738
f 4738 6499 4739
f 6500 6501 6314
f 6314 6501 4418
f 6502 6275 4417
f 4417 6275 4185
f 6503 6497 4783
f 4783 6497 4901
f 6498 4060 4790
f 4790 4060 4059
f 4808 4061 3069
f 3069 4061 3060
f 5367 3071 5368
f 5368 3071 3070
f 5369 3073 5370
f 5370 3073 3072
f 6274 6275 3074
f 3074 6275 3075
f 6499 6504 4739
f 4739 6504 6317
f 6333 6332 3077
f 3077 6332 3078
f 6334 6274 3079
f 3079 6274 3074
f 6332 4825 3078
f 3078 4825 3080
f 6334 6503 4188
f 4188 6503 4783
f 4825 4689 3080
f 3080 4689 1330
f 6506 4747 6505
f 6505 4747 4746
f 6505 6507 6506
f 6506 6507 6508
f 4297 6509 4920
f 4920 6509 6510
f 4296 6511 4297
f 4297 6511 6509
f 6506 6508 4319
f 4319 6508 6512
f 4372 4371 6514
f 6514 4371 6513
f 6511 4296 5251
f 5251 4296 4305
f 5251 5250 6511
f 6511 5250 6515
f 6516 6509 6515
f 6515 6509 6511
f 6517 6507 6519
f 6519 6507 6518
f 6512 6520 6513
f 6513 6520 6514
f 6507 6517 6508
f 6508 6517 6521
f 5249 6523 6522
f 6522 6523 6524
f 6525 6370 5253
f 5253 6370 6526
f 4370 4323 4371
f 4371 4323 4326
f 4370 3103 4323
f 4323 3103 1541
f 6521 6517 6527
f 6527 6517 6519
f 6520 6528 6514
f 6514 6528 6529
f 6531 6532 6530
f 6530 6532 6533
f 5250 6534 6515
f 6515 6534 6535
f 6530 6533 6536
f 6536 6533 6537
f 6526 6538 6534
f 6534 6538 6537
f 6515 6535 6516
f 6516 6535 6539
f 4325 4321 4326
f 4326 4321 4320
f 4371 4326 6513
f 6513 4326 4320
f 6531 4731 6541
f 6541 4731 6540
f 4731 4730 6540
f 6540 4730 6542
f 4730 3121 6542
f 6542 3121 3120
f 6530 4328 6531
f 6531 4328 4731
f 4328 6530 4329
f 4329 6530 6536
f 4329 6536 6524
f 6524 6536 6543
f 6544 6545 6522
f 6522 6545 5248
f 6389 6388 5245
f 5245 6388 6373
f 6388 6546 6373
f 6373 6546 6475
f 4733 6546 6295
f 6295 6546 4377
f 4732 6475 4733
f 4733 6475 6546
f 4393 4432 4394
f 4394 4432 4435
f 4434 4672 4842
f 4842 4672 4671
f 4440 4439 4441
f 4441 4439 4438
f 4436 4450 4437
f 4437 4450 4398
f 4447 4444 4448
f 4448 4444 4392
f 4446 4464 4433
f 4433 4464 6547
f 4454 4423 4455
f 4455 4423 4422
f 4452 4481 4453
f 4453 4481 4480
f 4458 4389 4459
f 4459 4389 4388
f 4456 4471 4457
f 4457 4471 4468
f 4391 4460 4392
f 4392 4460 4448
f 4461 4467 4445
f 4445 4467 4465
f 4437 4398 4629
f 4629 4398 4397
f 4438 4628 4441
f 4441 4628 4631
f 4841 4629 4839
f 4839 4629 4397
f 4628 4842 4631
f 4631 4842 4671
f 4930 4989 4452
f 4452 4989 4481
f 4929 4927 4436
f 4436 4927 4450
f 4933 4387 4934
f 4934 4387 4386
f 4931 4475 4932
f 4932 4475 4474
f 4936 4449 4933
f 4933 4449 4387
f 4935 4472 4456
f 4456 4472 4471
f 4389 4458 4391
f 4391 4458 4460
f 4457 4468 4461
f 4461 4468 4467
f 4934 4386 4454
f 4454 4386 4423
f 4453 4480 4931
f 4931 4480 4475
f 4575 4997 4576
f 4576 4997 4639
f 4579 4596 4580
f 4580 4596 4595
f 4583 4582 4572
f 4572 4582 4569
f 4587 4944 4588
f 4588 4944 4562
f 4588 4562 4590
f 4590 4562 4561
f 4576 4639 4642
f 4642 4639 4638
f 4642 4845 4641
f 4641 4845 4846
f 4845 4590 4846
f 4846 4590 4561
f 4941 4938 4595
f 4595 4938 4580
f 4938 4940 4668
f 4668 4940 4669
f 4583 4942 4584
f 4584 4942 4947
f 4582 4587 4569
f 4569 4587 4586
f 5000 5001 4579
f 4579 5001 4596
f 4558 4560 4585
f 4585 4560 4586
f 4565 4639 4566
f 4566 4639 4997
f 4568 4567 4577
f 4577 4567 4578
f 4570 4554 4571
f 4571 4554 4556
f 4640 4565 4637
f 4637 4565 4546
f 4662 4664 4665
f 4665 4664 4844
f 4662 4558 4589
f 4589 4558 4585
f 4554 4570 4557
f 4557 4570 4560
f 4571 4667 4572
f 4572 4667 4943
f 4551 4670 4552
f 4552 4670 4666
f 4640 4664 4638
f 4638 4664 4663
f 4670 4568 4668
f 4668 4568 4577
f 4999 4996 4566
f 4566 4996 4543
f 4608 4564 4603
f 4603 4564 4563
f 4573 4593 4574
f 4574 4593 4592
f 4597 4614 4598
f 4598 4614 4613
f 4601 4600 4584
f 4584 4600 4581
f 4563 4562 4604
f 4604 4562 4944
f 4643 4593 4641
f 4641 4593 4573
f 4643 4847 4644
f 4644 4847 4848
f 4564 4847 4561
f 4561 4847 4846
f 4945 4941 4598
f 4598 4941 4595
f 4941 4945 4939
f 4939 4945 4946
f 4601 4948 4602
f 4602 4948 4620
f 4600 4604 4581
f 4581 4604 4944
f 5002 5003 4597
f 4597 5003 4614
f 4988 4759 4953
f 4953 4759 4402
f 4706 6548 4707
f 4707 6548 6549
f 4311 4928 4419
f 4419 4928 6550
f 4921 4920 6551
f 6551 4920 6552
f 4925 6553 4926
f 4926 6553 6554
f 4928 4921 4802
f 4802 4921 6551
f 6555 4985 6550
f 6550 4985 4419
f 4952 6556 4953
f 4953 6556 4649
f 4971 6557 4706
f 4706 6557 6548
f 4988 4648 4925
f 4925 4648 6553
f 4707 6549 5006
f 5006 6549 4987
f 4920 6510 6552
f 6552 6510 6518
f 6558 6510 6516
f 6516 6510 6509
f 6559 6558 6539
f 6539 6558 6516
f 6531 6541 6532
f 6532 6541 6560
f 6540 6561 6541
f 6541 6561 6529
f 6542 6562 6540
f 6540 6562 6561
f 6542 3120 6562
f 6562 3120 3142
f 4366 6563 4760
f 4760 6563 4970
f 4815 6564 4816
f 4816 6564 6565
f 3147 3146 6565
f 6565 3146 4816
f 6564 6563 6565
f 6565 6563 6566
f 4837 4385 4357
f 4357 4385 4358
f 6565 6566 3147
f 3147 6566 3149
f 4694 1209 3150
f 5247 5249 5248
f 5248 5249 6522
f 6372 6390 6545
f 6545 6390 6389
f 6375 5254 6376
f 6376 5254 5258
f 6377 6525 6378
f 6378 6525 5255
f 5260 6379 5258
f 5258 6379 6376
f 6380 6567 6381
f 6381 6567 6568
f 6382 6569 6383
f 6383 6569 6570
f 6377 6371 6525
f 6525 6371 6370
f 6379 5260 6384
f 6384 5260 6571
f 6385 6572 6382
f 6382 6572 6569
f 6378 5255 6375
f 6375 5255 5254
f 6386 6573 6387
f 6387 6573 6574
f 6545 6389 5248
f 5248 6389 5245
f 4675 4750 4676
f 4676 4750 6286
f 4734 6289 4735
f 4735 6289 6288
f 4804 6290 4805
f 4805 6290 4963
f 4811 4807 4812
f 4812 4807 4411
f 4954 6292 4955
f 4955 6292 4959
f 4964 4962 4965
f 4965 4962 4751
f 6285 4821 4812
f 4812 4821 4809
f 4675 4287 4965
f 4965 4287 4210
f 6294 4145 4955
f 4955 4145 4154
f 4964 4120 4805
f 4805 4120 4119
f 6298 4966 4734
f 4734 4966 6289
f 6300 6473 4735
f 4735 6473 4732
f 6297 6296 4676
f 4676 6296 4288
f 6523 3160 4330
f 4330 3160 3159
f 5253 5252 6525
f 6525 5252 5255
f 5256 5252 4305
f 4305 5252 5251
f 4304 5257 4305
f 4305 5257 5256
f 4424 5259 4304
f 4304 5259 5257
f 5261 6571 5259
f 5259 6571 5260
f 5262 6573 5261
f 5261 6573 6571
f 5264 6567 5265
f 5265 6567 6574
f 5266 6572 5267
f 5267 6572 6568
f 5268 6570 5269
f 5269 6570 6569
f 1807 3161 5268
f 5268 3161 6570
f 6524 6523 4329
f 4329 6523 4330
f 5253 6526 5250
f 5250 6526 6534
f 6543 6538 6544
f 6544 6538 6369
f 6524 6543 6522
f 6522 6543 6544
f 3071 5367 3052
f 3052 5367 3912
f 6493 3163 6494
f 6494 3163 3162
f 3164 445 3771
f 3771 445 3761
f 461 3165 3919
f 3919 3165 3920
f 330 410 3839
f 3839 410 3910
f 332 331 3552
f 3552 331 3551
f 464 304 3918
f 3918 304 3816
f 385 458 3766
f 3766 458 3894
f 412 415 3762
f 3762 415 3763
f 3166 337 3748
f 3748 337 3745
f 3072 3055 5370
f 5370 3055 3930
f 3073 5369 3056
f 3056 5369 3938
f 3167 3057 6496
f 6496 3057 3937
f 3069 3058 4808
f 4808 3058 3943
f 411 3166 3851
f 3851 3166 3748
f 3059 3163 3951
f 3951 3163 6493
f 336 3164 3772
f 3772 3164 3771
f 3053 3911 3162
f 3162 3911 6494
f 3054 3168 3929
f 3929 3168 3952
f 3165 830 3920
f 3920 830 3945
f 3170 3169 6497
f 6497 3169 6498
f 3171 1354 5005
f 5005 1354 4830
f 3172 3170 6503
f 6503 3170 6497
f 3169 3061 6498
f 6498 3061 4060
f 3173 3171 5006
f 5006 3171 5005
f 3079 3172 6334
f 6334 3172 6503
f 3174 3025 6299
f 6299 3025 6300
f 6576 6577 6575
f 6575 6577 6578
f 4612 4611 6579
f 6579 4611 6580
f 6582 6583 6581
f 6581 6583 6584
f 6584 6585 4618
f 4618 6585 4621
f 6586 6587 6589
f 6589 6587 6588
f 6588 6587 6590
f 6590 6587 6591
f 6592 4606 6590
f 6590 4606 4623
f 6594 6576 6593
f 6593 6576 6575
f 6595 6582 6579
f 6579 6582 6581
f 6580 6597 6596
f 6596 6597 6598
f 6577 6576 6599
f 6599 6576 6600
f 6595 6596 6601
f 6601 6596 6602
f 6583 6582 6603
f 6603 6582 6604
f 6586 6606 6605
f 6605 6606 6607
f 6587 6586 6608
f 6608 6586 6605
f 6587 6608 6591
f 6591 6608 6609
f 6576 6594 6600
f 6600 6594 6610
f 6582 6595 6604
f 6604 6595 6601
f 6599 6611 6577
f 6577 6611 6598
f 6613 6614 6612
f 6612 6614 6615
f 6617 6618 6616
f 6616 6618 6619
f 6621 6622 6620
f 6620 6622 6623
f 6625 6626 6624
f 6624 6626 6627
f 6629 6630 6628
f 6628 6630 6631
f 6633 6634 6632
f 6632 6634 6635
f 6637 6638 6636
f 6636 6638 6639
f 6640 6641 6637
f 6637 6641 6638
f 6643 6633 6642
f 6642 6633 6632
f 6645 6646 6644
f 6644 6646 6647
f 6646 6648 6647
f 6647 6648 6649
f 6651 6652 6650
f 6650 6652 6653
f 6653 6652 6654
f 6654 6652 6655
f 6656 6657 6659
f 6659 6657 6658
f 6661 6662 6660
f 6660 6662 6663
f 6662 6661 6664
f 6664 6661 6665
f 6667 6657 6666
f 6666 6657 6656
f 6669 6670 6668
f 6668 6670 6671
f 6672 6673 6670
f 6670 6673 6671
f 6674 6675 6677
f 6677 6675 6676
f 6675 6678 6676
f 6676 6678 6679
f 6681 6682 6680
f 6680 6682 6683
f 6684 6685 6683
f 6683 6685 6680
f 6687 6688 6686
f 6686 6688 6689
f 6687 6690 6688
f 6688 6690 6691
f 6619 6618 6633
f 6633 6618 6634
f 6632 6635 6693
f 6693 6635 6692
f 6617 6694 6636
f 6636 6694 6637
f 6695 6692 6639
f 6639 6692 6635
f 6637 6694 6640
f 6640 6694 6696
f 6698 6638 6697
f 6697 6638 6641
f 6643 6616 6633
f 6633 6616 6619
f 6642 6699 6641
f 6641 6699 6697
f 6646 6645 6700
f 6700 6645 6621
f 6644 6701 6654
f 6654 6701 6702
f 6700 6703 6646
f 6646 6703 6648
f 6693 6704 6649
f 6649 6704 6647
f 6620 6623 6651
f 6651 6623 6652
f 6693 6649 6699
f 6699 6649 6650
f 6652 6623 6655
f 6655 6623 6622
f 6654 6702 6653
f 6653 6702 6697
f 6615 6614 6657
f 6657 6614 6658
f 6705 6656 6704
f 6704 6656 6659
f 6613 6706 6660
f 6660 6706 6661
f 6704 6659 6701
f 6701 6659 6663
f 6661 6706 6665
f 6665 6706 6707
f 6708 6702 6664
f 6664 6702 6662
f 6612 6615 6667
f 6667 6615 6657
f 6666 6709 6664
f 6664 6709 6708
f 6629 6710 6669
f 6669 6710 6670
f 6668 6711 6679
f 6679 6711 6712
f 6713 6672 6710
f 6710 6672 6670
f 6714 6671 6705
f 6705 6671 6673
f 6628 6631 6674
f 6674 6631 6675
f 6705 6673 6709
f 6709 6673 6677
f 6631 6630 6675
f 6675 6630 6678
f 6712 6708 6679
f 6679 6708 6676
f 6625 6715 6682
f 6682 6715 6683
f 6716 6717 6681
f 6681 6717 6691
f 6718 6684 6715
f 6715 6684 6683
f 6719 6680 6714
f 6714 6680 6685
f 6624 6627 6686
f 6686 6627 6687
f 6689 6711 6685
f 6685 6711 6714
f 6627 6626 6687
f 6687 6626 6690
f 6717 6712 6691
f 6691 6712 6688
f 6612 6707 6613
f 6613 6707 6706
f 6616 6696 6617
f 6617 6696 6694
f 6703 6700 6620
f 6620 6700 6621
f 6715 6625 6718
f 6718 6625 6624
f 6710 6629 6713
f 6713 6629 6628
f 6639 6635 6636
f 6636 6635 6634
f 6641 6640 6642
f 6642 6640 6643
f 6654 6655 6644
f 6644 6655 6645
f 6651 6650 6648
f 6648 6650 6649
f 6659 6658 6663
f 6663 6658 6660
f 6665 6667 6664
f 6664 6667 6666
f 6678 6669 6679
f 6679 6669 6668
f 6673 6672 6677
f 6677 6672 6674
f 6690 6682 6691
f 6691 6682 6681
f 6685 6684 6689
f 6689 6684 6686
f 6636 6634 6617
f 6617 6634 6618
f 6638 6698 6639
f 6639 6698 6695
f 6640 6696 6643
f 6643 6696 6616
f 6693 6699 6632
f 6632 6699 6642
f 6655 6622 6645
f 6645 6622 6621
f 6704 6701 6647
f 6647 6701 6644
f 6651 6648 6620
f 6620 6648 6703
f 6650 6653 6699
f 6699 6653 6697
f 6613 6660 6614
f 6614 6660 6658
f 6663 6662 6701
f 6701 6662 6702
f 6665 6707 6667
f 6667 6707 6612
f 6705 6709 6656
f 6656 6709 6666
f 6630 6629 6678
f 6678 6629 6669
f 6714 6711 6671
f 6671 6711 6668
f 6672 6713 6674
f 6674 6713 6628
f 6677 6676 6709
f 6709 6676 6708
f 6626 6625 6690
f 6690 6625 6682
f 6680 6719 6681
f 6681 6719 6716
f 6684 6718 6686
f 6686 6718 6624
f 6711 6689 6712
f 6689 6688 6712
f 6593 6720 6594
f 6594 6720 6721
f 6722 6720 4607
f 4607 6720 4849
f 6592 6723 6722
f 6722 6723 6724
f 4610 4609 6578
f 6578 4609 6575
f 6596 6595 6580
f 6580 6595 6579
f 4618 4617 6584
f 6584 4617 6581
f 6589 6585 6586
f 6586 6585 6606
f 4622 4619 6588
f 6588 4619 6589
f 4622 6588 4623
f 4623 6588 6590
f 4609 4645 6575
f 6575 4645 6593
f 4617 4612 6581
f 6581 4612 6579
f 5004 4610 6597
f 6597 4610 6578
f 4645 4849 6593
f 6593 4849 6720
f 6724 6721 6722
f 6722 6721 6720
f 6722 4607 6592
f 6592 4607 4606
f 6725 6610 6721
f 6721 6610 6594
f 6723 6726 6724
f 6724 6726 6727
f 6727 6725 6724
f 6724 6725 6721
f 6728 6729 6605
f 6605 6729 6608
f 6605 6607 6728
f 6728 6607 6730
f 6731 6732 6604
f 6604 6732 6603
f 6733 6734 6725
f 6725 6734 6610
f 6735 6733 6727
f 6727 6733 6725
f 6735 6727 6736
f 6736 6727 6726
f 6591 6609 6723
f 6723 6609 6726
f 6723 6592 6591
f 6591 6592 6590
f 6738 6739 6737
f 6737 6739 6740
f 6740 6739 6742
f 6742 6739 6741
f 6743 6744 6741
f 6741 6744 6742
f 6745 6746 6743
f 6743 6746 6744
f 6747 6748 6745
f 6745 6748 6746
f 6749 6750 6747
f 6747 6750 6748
f 6752 6738 6751
f 6751 6738 6737
f 6754 6752 6753
f 6753 6752 6751
f 6756 6754 6755
f 6755 6754 6753
f 6758 6750 6757
f 6757 6750 6749
f 6760 6756 6759
f 6759 6756 6755
f 6762 6760 6761
f 6761 6760 6759
f 6764 6762 6763
f 6763 6762 6761
f 6757 6764 6758
f 6758 6764 6763
f 6766 6741 6765
f 6765 6741 6739
f 6767 6743 6766
f 6766 6743 6741
f 6768 6745 6767
f 6767 6745 6743
f 6769 6747 6768
f 6768 6747 6745
f 6770 6749 6769
f 6769 6749 6747
f 6772 6769 6771
f 6771 6769 6768
f 6773 6770 6772
f 6772 6770 6769
f 6774 6775 6772
f 6772 6775 6773
f 6777 6778 6776
f 6776 6778 6779
f 6775 6774 6778
f 6778 6774 6779
f 6771 6780 6772
f 6772 6780 6774
f 6780 6781 6774
f 6774 6781 6779
f 6781 6782 6779
f 6779 6782 6776
f 6784 6785 6783
f 6783 6785 6786
f 6786 6787 6783
f 6783 6787 6788
f 6790 6788 6789
f 6789 6788 6787
f 6786 6785 6791
f 6791 6785 6792
f 6791 6793 6786
f 6786 6793 6787
f 6793 6794 6787
f 6787 6794 6789
f 6795 6796 6794
f 6794 6796 6789
f 6790 6789 6797
f 6797 6789 6796
f 6798 6765 6738
f 6738 6765 6739
f 6799 6798 6752
f 6752 6798 6738
f 6767 6800 6768
f 6768 6800 6771
f 6766 6801 6767
f 6767 6801 6800
f 6802 6801 6765
f 6765 6801 6766
f 6798 6803 6765
f 6765 6803 6802
f 6804 6803 6799
f 6799 6803 6798
f 6805 6806 6804
f 6804 6806 6803
f 6807 6799 6754
f 6754 6799 6752
f 6808 6804 6807
f 6807 6804 6799
f 6809 6805 6808
f 6808 6805 6804
f 6810 6811 6805
f 6805 6811 6806
f 6812 6813 6810
f 6810 6813 6811
f 6814 6815 6796
f 6796 6815 6797
f 6813 6814 6816
f 6816 6814 6817
f 6816 6818 6813
f 6813 6818 6811
f 6819 6806 6818
f 6818 6806 6811
f 6802 6803 6819
f 6819 6803 6806
f 6757 6749 6820
f 6820 6749 6770
f 6820 6770 6821
f 6821 6770 6773
f 6821 6773 6822
f 6822 6773 6775
f 6822 6775 6823
f 6823 6775 6778
f 6824 6823 6777
f 6777 6823 6778
f 6784 6825 6777
f 6777 6825 6824
f 6826 6827 6788
f 6788 6827 6783
f 6828 6826 6790
f 6790 6826 6788
f 6829 6828 6797
f 6797 6828 6790
f 6815 6830 6797
f 6797 6830 6829
f 6832 6812 6831
f 6831 6812 6810
f 6831 6810 6809
f 6809 6810 6805
f 6736 6800 6735
f 6735 6800 6801
f 6733 6735 6802
f 6802 6735 6801
f 6734 6733 6819
f 6819 6733 6802
f 6833 6734 6818
f 6818 6734 6819
f 6834 6833 6816
f 6816 6833 6818
f 6816 6817 6834
f 6834 6817 6835
f 6837 6795 6836
f 6836 6795 6794
f 6836 6794 6731
f 6731 6794 6793
f 6732 6731 6791
f 6791 6731 6793
f 6791 6792 6732
f 6732 6792 6730
f 6729 6728 6781
f 6781 6728 6782
f 6838 6807 6756
f 6756 6807 6754
f 6839 6838 6760
f 6760 6838 6756
f 6840 6839 6762
f 6762 6839 6760
f 6841 6840 6764
f 6764 6840 6762
f 6820 6841 6757
f 6757 6841 6764
f 6841 6820 6842
f 6842 6820 6821
f 6840 6841 6843
f 6843 6841 6842
f 6839 6840 6844
f 6844 6840 6843
f 6838 6839 6845
f 6845 6839 6844
f 6807 6838 6808
f 6808 6838 6845
f 6842 6821 6846
f 6846 6821 6822
f 6843 6842 6847
f 6847 6842 6846
f 6844 6843 6848
f 6848 6843 6847
f 6845 6844 6849
f 6849 6844 6848
f 6808 6845 6809
f 6809 6845 6849
f 6850 6831 6849
f 6849 6831 6809
f 6851 6850 6848
f 6848 6850 6849
f 6847 6852 6848
f 6848 6852 6851
f 6853 6852 6846
f 6846 6852 6847
f 6846 6822 6853
f 6853 6822 6823
f 6853 6823 6854
f 6854 6823 6824
f 6854 6855 6853
f 6853 6855 6852
f 6856 6851 6855
f 6855 6851 6852
f 6856 6857 6851
f 6851 6857 6850
f 6857 6832 6850
f 6850 6832 6831
f 6825 6858 6824
f 6824 6858 6854
f 6860 6827 6859
f 6859 6827 6826
f 6859 6826 6861
f 6861 6826 6828
f 6862 6861 6829
f 6829 6861 6828
f 6830 6863 6829
f 6829 6863 6862
f 6863 6864 6862
f 6862 6864 6865
f 6858 6866 6854
f 6854 6866 6855
f 6867 6865 6866
f 6866 6865 6864
f 6869 6859 6868
f 6868 6859 6861
f 6867 6869 6865
f 6865 6869 6868
f 6861 6862 6868
f 6868 6862 6865
f 6867 6860 6869
f 6869 6860 6859
f 6753 6751 6698
f 6698 6751 6695
f 6697 6755 6698
f 6698 6755 6753
f 6759 6755 6702
f 6702 6755 6697
f 6761 6759 6708
f 6708 6759 6702
f 6763 6761 6712
f 6712 6761 6708
f 6758 6763 6717
f 6717 6763 6712
f 6750 6758 6716
f 6716 6758 6717
f 6719 6748 6716
f 6716 6748 6750
f 6714 6746 6719
f 6719 6746 6748
f 6705 6744 6714
f 6714 6744 6746
f 6704 6742 6705
f 6705 6742 6744
f 6740 6742 6693
f 6693 6742 6704
f 6737 6740 6692
f 6692 6740 6693
f 6751 6737 6695
f 6695 6737 6692
f 6601 6602 6836
f 6836 6602 6837
f 6604 6601 6731
f 6731 6601 6836
f 6599 6600 6834
f 6834 6600 6833
f 6834 6835 6599
f 6599 6835 6611
f 6600 6610 6833
f 6833 6610 6734
f 6780 6771 6870
f 6870 6771 6736
f 6736 6771 6800
f 6870 6729 6780
f 6780 6729 6781
f 6608 6729 6609
f 6609 6729 6870
f 6609 6870 6726
f 6726 6870 6736
f 5014 5015 5229
f 5229 5015 5230
f 4258 5015 4259
f 4259 5015 4878
f 3471 3013 4703
f 4703 3013 4704
f 2879 6337 1306
f 1306 6337 4785
f 829 3471 4316
f 4316 3471 4703
f 4702 3472 5223
f 5223 3472 1756
f 6871 6872 4534
f 4534 6872 4535
f 6871 4665 6872
f 6872 4665 4844
f 6871 6873 4665
f 4665 6873 4559
f 6871 4534 6873
f 6873 4534 4542
f 4153 4152 4822
f 4822 4152 4407
f 4152 4168 4407
f 4407 4168 4342
f 4343 4168 4923
f 4923 4168 4167
f 4363 4362 4972
f 4972 4362 4840
f 4362 4394 4840
f 4840 4394 4839
f 4401 4400 4986
f 4986 4400 4984
f 4435 4434 4841
f 4841 4434 4842
f 4506 4505 4530
f 4530 4505 4531
f 4506 4535 4507
f 4507 4535 4843
f 4661 4660 4516
f 4516 4660 4517
f 4673 4672 4937
f 4937 4672 6547
f 4400 4924 4984
f 4984 4924 5263
f 4673 4660 4674
f 4674 4660 4659
f 4505 4661 4531
f 4531 4661 4516
f 4952 4401 6874
f 6874 4401 4986
f 4954 4153 6875
f 6875 4153 4822
f 4363 4973 4364
f 4364 4973 4974
f 5264 4924 5267
f 5267 4924 4691
f 6293 6292 6876
f 6876 6292 6877
f 6380 4343 6387
f 6387 4343 4923
f 4394 4435 4839
f 4839 4435 4841
f 4672 4434 6547
f 6547 4434 4433
f 4973 6556 4974
f 4974 6556 6878
f 6567 6380 6574
f 6574 6380 6387
f 6292 4954 6877
f 6877 4954 6875
f 6567 5264 6568
f 6568 5264 5267
f 4145 4144 4154
f 4154 4144 4151
f 4194 4144 4425
f 4425 4144 4143
f 4355 4354 5263
f 5263 4354 4984
f 4360 4359 4364
f 4364 4359 4361
f 4444 4359 4392
f 4392 4359 4337
f 4447 4446 4432
f 4432 4446 4433
f 4464 4463 6547
f 6547 4463 4937
f 4519 4518 4654
f 4654 4518 4509
f 4533 4532 4499
f 4499 4532 4498
f 4533 4542 4530
f 4530 4542 4534
f 4519 4532 4516
f 4516 4532 4531
f 4922 4194 4426
f 4426 4194 4425
f 4463 4518 4937
f 4937 4518 4517
f 6555 4951 6874
f 6874 4951 6878
f 4958 4957 6290
f 6290 4957 6291
f 4334 4360 4712
f 4712 4360 4950
f 4985 4354 4419
f 4419 4354 4353
f 5262 4355 5265
f 5265 4355 5263
f 6294 4958 4804
f 4804 4958 6290
f 6386 4922 6384
f 6384 4922 4426
f 4444 4447 4393
f 4393 4447 4432
f 4464 4446 4465
f 4465 4446 4445
f 4985 6555 4986
f 4986 6555 6874
f 6573 6386 6571
f 6571 6386 6384
f 4145 6294 4146
f 4146 6294 4804
f 6573 5262 6574
f 6574 5262 5265
f 4542 4541 6873
f 6873 4541 4559
f 4535 6872 4843
f 4843 6872 4844
f 4104 4103 6879
f 6879 4103 6343
f 4105 6293 6307
f 6307 6293 6876
f 4104 4956 4105
f 4105 4956 6293
f 4956 4104 4957
f 4957 4104 6879
f 4957 6879 6291
f 6291 6879 6309
f 4648 4988 4649
f 4649 4988 4953
f 4802 4803 4928
f 4928 4803 6550
f 6550 4803 6555
f 6555 4803 4951
f 1516 3173 4987
f 4987 3173 5006
f 6519 6518 6558
f 6558 6518 6510
f 6527 6519 6559
f 6559 6519 6558
f 6528 6560 6529
f 6529 6560 6541
f 6548 4625 6549
f 6549 4625 4624
f 6551 6552 4746
f 4746 6552 6505
f 6553 4711 6554
f 6554 4711 4710
f 4802 6551 4713
f 4713 6551 4746
f 6556 4973 4649
f 4649 4973 4646
f 6557 4949 6548
f 6548 4949 4625
f 4648 4647 6553
f 6553 4647 4711
f 6549 4624 4987
f 4987 4624 4838
f 6552 6518 6505
f 6505 6518 6507
f 6561 4372 6529
f 6529 4372 6514
f 6562 4369 6561
f 6561 4369 4372
f 3142 3482 6562
f 6562 3482 4369
f 6556 4952 6878
f 6878 4952 6874
f 4951 4950 6878
f 6878 4950 4974
f 3168 440 3952
f 4204 4203 5341
f 5341 4203 6364
f 4219 4222 6429
f 6429 4222 4383
f 4319 4322 6506
f 6506 4322 4747
f 4340 4714 4341
f 4341 4714 4384
f 4375 4377 6388
f 6388 4377 6546
f 4378 4381 6311
f 6311 4381 4720
f 4449 4341 4387
f 4387 4341 4384
f 4473 4472 4477
f 4477 4472 4474
f 4492 4491 4487
f 4487 4491 4488
f 4523 4491 4522
f 4522 4491 4490
f 4492 4538 4493
f 4493 4538 4555
f 4538 4553 4555
f 4555 4553 4556
f 4620 4615 4621
f 4621 4615 4618
f 4652 4651 4368
f 4368 4651 4365
f 4523 4655 4524
f 4524 4655 4656
f 4553 4667 4556
f 4556 4667 4571
f 4651 1210 4365
f 4365 1210 1209
f 4698 4697 5223
f 5223 4697 6344
f 4340 4339 4322
f 4322 4339 4747
f 4726 4729 5287
f 5287 4729 4198
f 4381 4380 4737
f 4737 4380 6368
f 4836 4835 4451
f 4451 4835 4709
f 4910 6367 4911
f 4911 6367 6366
f 4912 4915 6450
f 6450 4915 6449
f 4927 4836 4450
f 4450 4836 4451
f 4930 4929 4439
f 4439 4929 4436
f 4936 4935 4459
f 4459 4935 4456
f 4473 4655 4470
f 4470 4655 4510
f 4942 4583 4943
f 4943 4583 4572
f 4948 4601 4947
f 4947 4601 4584
f 4949 4835 4625
f 4625 4835 4626
f 4966 4969 6289
f 6289 4969 4695
f 4971 4652 4926
f 4926 4652 4368
f 4203 4977 6364
f 6364 4977 6365
f 4990 4989 4443
f 4443 4989 4440
f 4990 4991 4478
f 4478 4991 4512
f 4992 4991 4528
f 4528 4991 4515
f 4992 4993 4527
f 4527 4993 4485
f 4994 4993 4502
f 4502 4993 4503
f 4994 4995 4482
f 4482 4995 4550
f 4543 4996 4544
f 4544 4996 4995
f 4999 4998 4567
f 4567 4998 4578
f 5000 4998 4575
f 4575 4998 4997
f 5002 5001 4592
f 4592 5001 4574
f 5003 5004 4614
f 4614 5004 4611
f 3483 4215 1755
f 1755 4215 4698
f 5274 5277 4195
f 4195 5277 4223
f 4726 5295 4727
f 4727 5295 6350
f 5309 5342 5310
f 5310 5342 6363
f 5315 5314 5316
f 5316 5314 5317
f 5339 6362 5340
f 5340 6362 5363
f 5310 6363 5339
f 5339 6363 6362
f 4204 5309 4201
f 4201 5309 5308
f 4915 5345 6449
f 6449 5345 6448
f 5345 5315 6448
f 6448 5315 5316
f 5348 5347 6351
f 6351 5347 6352
f 5365 4263 5340
f 5340 4263 4262
f 6295 6298 4733
f 4733 6298 4734
f 4969 6306 4695
f 4695 6306 4696
f 6306 4378 4696
f 4696 4378 6311
f 6369 6372 6544
f 6544 6372 6545
f 4375 6390 4373
f 4373 6390 4374
f 6421 6422 4911
f 4911 6422 4908
f 4910 4909 4737
f 4737 4909 4736
f 5277 4219 4223
f 4223 4219 6429
f 4697 4222 6344
f 6344 4222 4221
f 6436 6361 6437
f 6437 6361 6360
f 6438 6440 6437
f 6437 6440 6434
f 6438 6359 6441
f 6441 6359 6358
f 6442 6441 6357
f 6357 6441 6358
f 6442 6444 6443
f 6443 6444 6445
f 6446 6444 6355
f 6355 6444 6356
f 6446 4912 6447
f 6447 4912 6450
f 6436 6435 5365
f 5365 6435 4263
f 5314 5347 5317
f 5317 5347 5346
f 4319 6512 4320
f 4320 6512 6513
f 6520 6512 6521
f 6521 6512 6508
f 6528 6520 6527
f 6527 6520 6521
f 6532 6539 6533
f 6533 6539 6535
f 6533 6535 6537
f 6537 6535 6534
f 6538 6543 6537
f 6537 6543 6536
f 6295 4377 6296
f 6296 4377 4376
f 4989 4930 4440
f 4440 4930 4439
f 4927 4929 4422
f 4422 4929 4455
f 4449 4936 4388
f 4388 4936 4459
f 4472 4935 4474
f 4474 4935 4932
f 4942 4940 4947
f 4947 4940 4939
f 5001 5000 4574
f 4574 5000 4575
f 4669 4943 4666
f 4666 4943 4667
f 4996 4999 4547
f 4547 4999 4567
f 4948 4946 4620
f 4620 4946 4615
f 5003 5002 4591
f 4591 5002 4592
f 6557 4971 6554
f 6554 4971 4926
f 6532 6560 6539
f 6539 6560 6559
f 6390 6372 4374
f 4374 6372 6371
f 4966 6298 4967
f 4967 6298 6297
f 6538 6526 6369
f 6369 6526 6370
f 6585 6589 4621
f 4621 6589 4619
f 6597 6578 6598
f 6598 6578 6577
f 6606 6583 6607
f 6607 6583 6603
f 6611 6602 6598
f 6598 6602 6596
f 6585 6584 6606
f 6606 6584 6583
f 6597 6580 5004
f 5004 6580 4611
f 6607 6603 6730
f 6730 6603 6732
f 6776 6785 6777
f 6777 6785 6784
f 6785 6776 6792
f 6792 6776 6782
f 6815 6814 6812
f 6812 6814 6813
f 6817 6814 6795
f 6795 6814 6796
f 6825 6784 6827
f 6827 6784 6783
f 6830 6815 6832
f 6832 6815 6812
f 6817 6795 6835
f 6835 6795 6837
f 6792 6782 6730
f 6730 6782 6728
f 6858 6825 6860
f 6860 6825 6827
f 6863 6830 6857
f 6857 6830 6832
f 6864 6863 6856
f 6856 6863 6857
f 6866 6858 6867
f 6867 6858 6860
f 6866 6864 6855
f 6855 6864 6856
f 6835 6837 6611
f 6611 6837 6602
f 6560 6528 6559
f 6559 6528 6527
f 4949 6557 4710
f 4710 6557 6554
f 4430 4090 4175
f 4175 4090 4089
f 4777 4113 4155
f 4155 4113 4086
f 4175 4089 4176
f 4176 4089 4142
f 4199 4271 4200
f 4200 4271 4798
f 4199 4095 4272
f 4272 4095 5273
f 4406 4405 4404
f 4404 4405 4346
f 4410 4409 6877
f 6877 4409 6876
f 4409 4413 6876
f 6876 4413 6307
f 4415 4148 4416
f 4416 4148 4147
f 4690 4405 4344
f 4344 4405 4342
f 4693 4692 4352
f 4352 4692 4349
f 4701 4700 6337
f 6337 4700 6338
f 4778 4777 4081
f 4081 4777 4155
f 4821 4406 4809
f 4809 4406 4404
f 4176 4142 4181
f 4181 4142 4415
f 4760 4970 4399
f 4399 4970 4692
f 4200 5007 4096
f 4096 5007 4078
f 5266 4693 5269
f 5269 4693 4352
f 5270 5007 5361
f 5361 5007 4797
f 4778 5270 4779
f 4779 5270 5361
f 6285 4410 6875
f 6875 4410 6877
f 6308 4413 4687
f 4687 4413 4412
f 6480 6320 6481
f 6481 6320 6880
f 4701 2878 4702
f 4702 2878 3472
f 6339 6347 6340
f 6340 6347 6348
f 6341 6342 6346
f 6346 6342 6345
f 4416 6308 4414
f 4414 6308 4687
f 6385 4690 6381
f 6381 4690 4344
f 5282 6341 5280
f 5280 6341 6339
f 4700 6342 6338
f 6338 6342 5281
f 6340 6348 4272
f 4272 6348 4270
f 6480 6479 4828
f 4828 6479 4829
f 6490 6479 6489
f 6489 6479 6478
f 4090 4430 6490
f 6490 4430 4429
f 6563 6564 4970
f 4970 6564 4815
f 4694 6566 4366
f 4366 6566 6563
f 6572 6385 6568
f 6568 6385 6381
f 4821 6285 4822
f 4822 6285 6875
f 6572 5266 6569
f 6569 5266 5269
f 3482 3103 4369
f 4369 3103 4370
f 3121 4730 3485
f 3485 4730 4327
f 6277 6280 6273
f 6273 6280 6272
f 6267 6276 6278
f 6278 6276 6279
f 6278 6279 6277
f 6277 6279 6280
f 6279 6256 6280
f 6280 6256 6255
f 6256 3857 6255
f 6255 3857 3754
f 3857 3856 3754
f 3754 3856 3755
f 3856 3703 3755
f 3755 3703 3863
f 3703 3702 3863
f 3863 3702 3759
f 3702 3706 3759
f 3759 3706 3670
f 3706 3705 3670
f 3670 3705 3668
f 3705 3773 3668
f 3668 3773 3882
f 3882 3773 3883
f 3883 3773 3707
f 3707 3708 3883
f 3883 3708 3880
f 3708 3710 3880
f 3880 3710 3881
f 3709 5241 3710
f 3710 5241 3881
f 5241 3709 5234
f 5234 3709 3786
f 3693 3712 3786
f 3786 3712 5234
f 4051 4055 4052
f 4052 4055 4056
f 4056 4055 4057
f 4057 4055 4054
f 4066 5238 5236
f 5236 5238 3989
f 4066 4069 5238
f 5238 4069 4035
f 6881 3962 3960
f 3960 3962 3957
f 6883 4070 6882
f 6882 4070 3941
f 4070 6883 4071
f 4071 6883 6884
f 4071 6884 4072
f 4072 6884 6885
f 6885 6886 4072
f 4072 6886 4031
f 3955 6881 3956
f 3956 6881 3960
f 6884 3991 6885
f 6885 3991 3990
f 6883 6887 6884
f 6884 6887 3991
f 6887 6888 3991
f 3991 6888 3992
f 6888 6887 6889
f 6889 6887 6890
f 6887 6883 6890
f 6890 6883 6882
f 4058 5240 3953
f 3953 5240 3954
f 5236 6888 5239
f 5239 6888 6889
f 5237 6886 3990
f 3990 6886 6885
f 4034 4031 5237
f 5237 4031 6886
f 6881 6882 3962
f 3962 6882 3941
f 6881 3955 6882
f 6882 3955 6890
f 3955 3954 6890
f 6890 3954 6889
f 5239 6889 5240
f 5240 6889 3954
f 6888 5236 3992
f 3992 5236 3989
f 3869 3868 3888
f 3888 3868 4015
f 3868 4012 4015
f 4015 4012 4010
f 4012 4022 4010
f 4010 4022 4009
f 4022 4021 4009
f 4009 4021 4018
f 4020 3974 4001
f 4001 3974 3996
f 4021 4020 4029
f 4029 4020 4001
f 4085 4156 4086
f 4086 4156 4155
f 4113 4777 4114
f 4114 4777 4776
f 4130 4129 4094
f 4094 4129 4091
f 4139 4773 4140
f 4140 4773 4772
f 4149 4178 4150
f 4150 4178 5225
f 4160 4159 4087
f 4087 4159 4088
f 4149 4148 4179
f 4179 4148 4141
f 4085 4084 4183
f 4183 4084 6315
f 4179 4141 4159
f 4159 4141 4088
f 4192 4130 4162
f 4162 4130 4094
f 4197 5288 4198
f 4198 5288 5287
f 4229 4766 4230
f 4230 4766 4771
f 4245 4246 4242
f 4242 4246 4249
f 4183 6315 4418
f 4418 6315 6314
f 4679 4178 4680
f 4680 4178 4177
f 4724 4798 4725
f 4725 4798 4271
f 4728 5275 4729
f 4729 5275 5274
f 4230 4771 4249
f 4249 4771 4242
f 4724 4723 4799
f 4799 4723 5355
f 4823 4824 4891
f 4891 4824 6327
f 4823 4192 4161
f 4161 4192 4162
f 4893 4767 4229
f 4229 4767 4766
f 4894 4895 4898
f 4898 4895 4899
f 4106 4150 4103
f 4103 4150 5225
f 4680 4894 4677
f 4677 4894 4898
f 6420 4977 5301
f 5301 4977 4976
f 4679 4678 5226
f 5226 4678 4427
f 5228 5008 4893
f 4893 5008 4767
f 5285 6354 5286
f 5286 6354 5343
f 5289 5352 5290
f 5290 5352 5349
f 5290 5349 5295
f 5295 5349 5348
f 5302 5299 4202
f 4202 5299 4976
f 4725 4271 5311
f 5311 4271 4270
f 5325 4723 5326
f 5326 4723 4722
f 5335 5355 5325
f 5325 5355 4723
f 5326 4722 5286
f 5286 4722 5283
f 4799 5357 4797
f 4797 5357 5361
f 5359 5356 5335
f 5335 5356 5355
f 4775 4774 5356
f 5356 4774 5357
f 5359 5358 4092
f 4092 5358 4093
f 6316 4740 6317
f 6317 4740 4739
f 6318 4827 6316
f 6316 4827 4740
f 6319 4828 6318
f 6318 4828 4827
f 6320 6480 6319
f 6319 6480 4828
f 6484 6322 6485
f 6485 6322 6321
f 6487 6324 6331
f 6331 6324 6323
f 6331 6323 6330
f 6330 6323 6325
f 6325 6326 6330
f 6330 6326 6329
f 6326 6328 6329
f 6329 6328 5231
f 4824 4685 5228
f 5228 4685 5008
f 5226 6343 5225
f 5225 6343 4103
f 4728 4727 6349
f 6349 4727 5284
f 6350 6351 5285
f 5285 6351 6354
f 4247 4246 6418
f 6418 4246 6365
f 6400 6402 6401
f 6401 6402 6459
f 4197 4196 6409
f 6409 4196 6426
f 6412 4897 6328
f 6328 4897 5231
f 6413 4133 6412
f 6412 4133 4897
f 6414 4134 6413
f 6413 4134 4133
f 6415 4225 6414
f 6414 4225 4134
f 6416 4252 6415
f 6415 4252 4225
f 6417 4253 6416
f 6416 4253 4252
f 4253 6417 6366
f 6366 6417 6419
f 6366 6419 4911
f 4911 6419 6421
f 6422 6423 4908
f 4908 6423 5298
f 5298 6423 6396
f 6396 6423 6424
f 6409 6426 6425
f 6425 6426 6397
f 5300 5299 6399
f 6399 5299 6400
f 6465 6408 6401
f 6401 6408 6398
f 6424 6399 6425
f 6425 6399 6398
f 6349 5284 5311
f 5311 5284 5283
f 6465 6464 5289
f 5289 6464 5352
f 6488 6483 6492
f 6492 6483 6482
f 6486 6491 6482
f 6482 6491 6492
f 6491 4895 6492
f 6492 4895 4157
f 6488 4160 6489
f 6489 4160 4087
f 6501 6502 4418
f 4418 6502 4417
f 6504 6500 6317
f 6317 6500 6314
f 3497 3496 6501
f 6501 3496 6502
f 3499 3498 6504
f 6504 3498 6500
f 4729 5274 4198
f 4198 5274 4195
f 6418 6365 6420
f 6420 6365 4977
f 5295 5348 6350
f 6350 5348 6351
f 5301 6422 6420
f 6420 6422 6421
f 4113 4112 4086
f 4086 4112 4083
f 6320 4112 6880
f 6880 4112 4111
f 4091 4772 4092
f 4092 4772 4775
f 4129 4140 4091
f 4091 4140 4772
f 4137 4140 4128
f 4128 4140 4129
f 4128 6324 4137
f 4137 6324 6321
f 6324 6487 6321
f 6321 6487 6485
f 6487 6486 6485
f 6485 6486 6482
f 4774 4773 4779
f 4779 4773 4776
f 4773 4139 4776
f 4776 4139 4114
f 4139 4138 4114
f 4114 4138 4111
f 4138 6322 4111
f 4111 6322 6880
f 6322 6484 6880
f 6880 6484 6481
f 6484 6483 6481
f 6481 6483 6478
f 6879 6343 6309
f 6309 6343 4428
f 4106 4105 4900
f 4900 4105 6307
f 3500 3167 6495
f 6495 3167 6496
f 3500 6495 3070
f 3070 6495 5368
f 3502 5235 3501
f 3501 5235 4813
f 3024 3503 6473
f 6473 3503 6474
f 3503 3023 6474
f 6474 3023 6374
f 3504 1770 4348
f 4348 1770 4345
f 3502 3505 5235
f 5235 3505 4810
f 3498 3497 6500
f 6500 3497 6501
f 3496 3075 6502
f 6502 3075 6275
f 6299 4254 3174
f 3174 4254 3017
f 1769 3501 4814
f 4814 3501 4813
f 3506 3018 6476
f 6476 3018 4257
f 3507 3499 6499
f 6499 3499 6504
f 3030 4216 3483
f 3483 4216 4215
f 3077 3507 6333
f 6333 3507 6499
f 1784 3160 5249
f 5249 3160 6523
f 3015 3506 4240
f 4240 3506 6476
f 3508 3504 6383
f 6383 3504 4348
f 3509 3016 6477
f 6477 3016 4239
f 3028 3509 6467
f 6467 3509 6477
f 3022 1785 5246
f 5246 1785 5247
f 3161 3508 6570
f 6570 3508 6383
f 3150 3149 4694
f 4694 3149 6566
f 1327 4807 3510
f 3510 4807 4811
f 3510 4811 3505
f 3505 4811 4810
f 3146 3511 4816
f 4816 3511 4350
f 3511 1808 4350
f 4350 1808 4351
f 3485 4327 3159
f 3159 4327 4330
f 1326 3512 4806
f 4806 3512 6310
f 3512 1331 6310
f 6310 1331 4688
