v -0.10375694 1.07120049 0.08086812
v -0.10398714 1.05621958 0.08869288
v -0.09385003 1.05559766 0.07847638
v -0.09185999 1.06773829 0.06924333
v -0.09309964 1.04617631 0.08533629
v -0.10214283 1.04438186 0.09328122
v -0.08634692 1.05179024 0.06791734
v -0.08390784 1.05977941 0.05745538
v -0.07137285 1.01843846 0.05615404
v -0.06720068 1.01530945 0.04619534
v -0.07110508 1.02733624 0.04760084
v -0.07508568 1.02708781 0.05703006
v -0.06554242 0.99299204 0.05273476
v -0.06784107 0.98252755 0.06189670
v -0.06420190 0.97411430 0.05224214
v -0.06275827 0.98411250 0.04241429
v -0.10034206 0.98711991 0.08889874
v -0.09326196 0.98209369 0.08715063
v -0.09171180 0.98982918 0.08547914
v -0.09898064 0.99391830 0.08723143
v -0.11074766 0.99514002 0.09694232
v -0.11144146 1.00043142 0.09315946
v -0.11629722 1.00332081 0.09908159
v -0.11444545 0.99737489 0.10370428
v -0.10383146 0.98038411 0.09053960
v -0.09628793 0.97484469 0.08817140
v -0.10606536 0.99190271 0.09139020
v -0.10659183 0.98703051 0.09426107
v -0.10583965 0.98050463 0.10619692
v -0.10614506 0.98583591 0.10422252
v -0.10885744 0.98614597 0.11137662
v -0.10845263 0.98031461 0.11128179
v -0.10430224 0.97996557 0.09591920
v -0.10446286 0.98345125 0.09880350
v -0.10521155 0.97892803 0.10172419
v -0.10641833 0.97618783 0.09860931
v -0.10981120 0.99090832 0.10019274
v -0.11205813 0.99242210 0.10774652
v -0.11587916 0.99287695 0.11540766
v -0.11239442 0.98508084 0.11899332
v -0.07941107 0.97149241 0.07984668
v -0.08587991 0.97701645 0.08415186
v -0.08894990 0.97036052 0.08572447
v -0.08301316 0.96611375 0.08228116
v -0.10496636 0.97290766 0.09460942
v -0.09634265 0.95801508 0.09465661
v -0.09718511 0.96202636 0.09486110
v -0.10274670 0.96143413 0.09987317
v -0.10144200 0.95786500 0.09928034
v -0.07170881 0.95853162 0.07052170
v -0.07568093 0.95557392 0.07625940
v -0.07390790 0.94857943 0.07332359
v -0.06979523 0.94986659 0.06708124
v -0.07448296 0.94182557 0.07282490
v -0.06969134 0.94082701 0.06393112
v -0.07510105 0.92318732 0.06510472
v -0.07187551 0.93125534 0.06459443
v -0.07698526 0.93467164 0.07383692
v -0.08083153 0.92797565 0.07743461
v -0.09249095 0.92950082 0.08794999
v -0.09777421 0.92636150 0.09155690
v -0.09046251 0.91546977 0.08826239
v -0.08541276 0.92068517 0.08382542
v -0.09568375 0.95159900 0.09021100
v -0.09194925 0.95257849 0.08701696
v -0.09170180 0.95419157 0.08929878
v -0.09588045 0.95437711 0.09310474
v -0.08842339 0.95341283 0.08480057
v -0.08684406 0.95366275 0.08386385
v -0.08711568 0.95483828 0.08515076
v -0.08850376 0.95405495 0.08538909
v -0.09039011 0.95313674 0.08619287
v -0.09104455 0.95096612 0.08653028
v -0.08912045 0.95238793 0.08531443
v -0.09450926 0.94900072 0.08953322
v -0.10456275 0.94385612 0.09961843
v -0.10121795 0.94525248 0.09752418
v -0.10426035 0.94932038 0.09679035
v -0.10706706 0.94838989 0.09851462
v -0.08902500 0.95620775 0.08703336
v -0.08704949 0.95864046 0.08624706
v -0.09126799 0.96057642 0.09015260
v -0.09182045 0.95728374 0.08965547
v -0.08510354 0.96154356 0.08537812
v -0.08530618 0.95680881 0.08425615
v -0.08275224 0.95875573 0.08305272
v -0.08702105 0.95177466 0.08381988
v -0.08428253 0.95093632 0.08188678
v -0.08394992 0.95376635 0.08311821
v -0.08549000 0.94701827 0.08237195
v -0.08905029 0.94911730 0.08501825
v -0.09209876 0.94615519 0.08807338
v -0.09550323 0.94322860 0.09223285
v -0.09235796 0.93907058 0.08870447
v -0.08821583 0.94298410 0.08505472
v -0.09073597 0.96506095 0.08863164
v -0.08020938 0.95438564 0.08035477
v -0.07928096 0.96192110 0.07914194
v -0.07929950 0.94951510 0.07902272
v -0.08023220 0.94418919 0.07883645
v -0.08342638 0.93889427 0.08048515
v -0.08770683 0.93393254 0.08410346
v -0.08735649 0.90692550 0.07666814
v -0.08120639 0.91395879 0.07208557
v -0.10250887 1.03676236 0.09092794
v -0.09431428 1.03832304 0.08677512
v -0.09267779 1.03086185 0.08193925
v -0.09138033 1.03349090 0.08168232
v -0.09640242 1.03363431 0.08570167
v -0.09655078 1.03095472 0.08475102
v -0.08027764 1.02737284 0.06380392
v -0.08467700 1.02766109 0.06918418
v -0.08371151 1.02424824 0.06765587
v -0.07725529 1.02136302 0.06271581
v -0.08773472 1.01456773 0.07541376
v -0.08446190 1.01721811 0.07167634
v -0.08920387 1.02249193 0.07533094
v -0.09163118 1.02075219 0.07814040
v -0.09485438 1.01930583 0.08047739
v -0.09875535 1.01839221 0.08225275
v -0.09700646 1.01319444 0.08152587
v -0.09214423 1.01359427 0.07905003
v -0.10276642 1.03325260 0.08765675
v -0.10940175 1.03075373 0.08827121
v -0.10760718 1.02836132 0.08696065
v -0.10194022 1.03037727 0.08686877
v -0.11628252 1.01897216 0.08328241
v -0.11568590 1.02186835 0.08407792
v -0.11928156 1.02208591 0.08590139
v -0.11896636 1.01746345 0.08521485
v -0.11585081 1.01519549 0.08480152
v -0.11444656 1.01776755 0.08344109
v -0.11763527 1.08918619 0.08237156
v -0.11666968 1.07251918 0.09057867
v -0.10338523 1.08722365 0.06817985
v -0.09153651 1.07978642 0.05640743
v -0.08225500 1.06821525 0.04483525
v -0.06737381 0.96508926 0.06221806
v -0.06471673 0.95636058 0.05576143
v -0.06072876 0.96576428 0.04263698
v -0.05999179 0.95413071 0.03810041
v -0.06407689 0.94420683 0.05222973
v -0.07275105 0.92065620 0.05202737
v -0.06666537 0.93181884 0.05090126
v -0.06232584 0.94122177 0.03358120
v -0.05968735 0.95639038 0.01733259
v -0.05859885 0.96567929 0.02500230
v -0.06202873 0.97274697 0.00405648
v -0.06231234 0.94587755 0.00573730
v -0.06553704 0.97089279 -0.00464550
v -0.06927145 0.90433490 0.01118427
v -0.06578588 0.89391017 0.00639808
v -0.05685416 0.90517092 -0.00804669
v -0.06025364 0.91520643 -0.00341133
v -0.05937490 0.97472119 0.03273357
v -0.07228270 1.03800309 0.04089852
v -0.07514215 1.03680205 0.05220252
v -0.06776769 1.02622306 0.03638820
v -0.08975711 1.09531498 0.02482971
v -0.09165563 1.08932960 0.04135823
v -0.08218084 1.07634127 0.03267220
v -0.08179253 1.08446479 0.01786243
v -0.12363833 1.12099218 0.03991946
v -0.11953475 1.10762227 0.06211352
v -0.10572086 1.10158050 0.05317815
v -0.10769585 1.11139977 0.03413340
v -0.08170061 1.08648860 0.00520494
v -0.08299960 1.08827972 -0.01396426
v -0.09187742 1.10375953 -0.01819386
v -0.09090334 1.10185993 0.00459161
v -0.10916518 1.12115681 -0.02308572
v -0.10857201 1.12010634 0.00593748
v -0.06474466 0.95572001 -0.01511184
v -0.06909695 0.97551709 -0.01766702
v -0.06412231 0.92839730 0.00289964
v -0.06170498 0.93851435 -0.01498437
v -0.13205065 1.13217413 -0.02491724
v -0.13013154 1.13080823 0.00966845
v -0.09287304 1.06351340 -0.06400045
v -0.09423581 1.08239293 -0.05402067
v -0.08386514 1.07080901 -0.04001714
v -0.08360992 1.05552697 -0.05065604
v -0.10657003 1.07028925 -0.07712748
v -0.10875609 1.09238064 -0.06606570
v -0.08922902 1.00438726 -0.06625465
v -0.09142228 0.98545784 -0.05909497
v -0.10023431 0.98466325 -0.07040258
v -0.10099777 1.00393605 -0.07960665
v -0.08691301 1.04449737 0.07645440
v -0.08857284 1.03769505 0.08083848
v -0.08481499 1.03572357 0.07453590
v -0.08235676 1.04058921 0.06850759
v -0.08072694 1.04512274 0.05905256
v -0.07835135 1.04970491 0.04749284
v -0.07680772 1.06420279 0.02467402
v -0.07718454 1.07375848 0.01151640
v -0.07712871 1.07580853 -0.01296338
v -0.07639012 1.07528043 0.00129702
v -0.07762969 1.05879796 -0.03362011
v -0.07829195 1.04862058 -0.04016946
v -0.07280645 0.98663181 -0.03320625
v -0.07089876 0.96306264 -0.03204425
v -0.07978219 0.96626276 -0.04562677
v -0.08308878 0.98729086 -0.04715317
v -0.09856570 0.96688837 -0.06461684
v -0.09002318 0.96736968 -0.05531790
v -0.06451170 0.93043685 -0.03403047
v -0.06139909 0.91921771 -0.03895462
v -0.06946547 0.92520618 -0.05429855
v -0.07341156 0.93429452 -0.04813518
v -0.07808738 0.92673898 -0.06698059
v -0.08978494 0.92711318 -0.07508561
v -0.09200217 0.93698347 -0.06979520
v -0.08280893 0.93731380 -0.06088853
v -0.08689021 0.87597859 0.02391947
v -0.08481520 0.86731589 0.01806850
v -0.07336476 0.87520915 0.01111939
v -0.07697368 0.88372904 0.01631450
v -0.05762862 0.91262472 -0.04601613
v -0.06509267 0.92064810 -0.06116787
v -0.08001219 1.00495243 -0.05152930
v -0.07562722 1.00666499 -0.04061677
v -0.07397383 0.92108846 -0.07387287
v -0.08536640 0.95003033 -0.05673874
v -0.07643422 0.94731063 -0.04566441
v -0.10976165 0.96586597 -0.07220896
v -0.11102440 0.98321724 -0.08114412
v -0.10557079 0.99756908 0.08926388
v -0.10723574 1.01351333 0.08389276
v -0.10757727 1.01755750 0.08395047
v -0.11158878 1.01762104 0.08387570
v -0.11186288 1.01410723 0.08442001
v -0.12678738 1.04930437 0.10107977
v -0.12349594 1.03283691 0.10070525
v -0.11235054 1.04010010 0.09857998
v -0.11486641 1.05379665 0.09706296
v -0.07444555 0.99276948 0.07190076
v -0.08404592 0.99525863 0.07979977
v -0.08403801 0.98534930 0.08215151
v -0.07674784 0.98002899 0.07632017
v -0.08724474 1.02799833 0.07283922
v -0.08602714 1.03057182 0.07295915
v -0.08821048 1.02934229 0.07567593
v -0.07549457 0.96548784 0.07546411
v -0.07127193 0.97269928 0.06955729
v -0.06452320 1.01171005 0.03417192
v -0.07889398 1.03482330 0.06151740
v -0.14710325 1.12527645 0.04680926
v -0.13997540 1.10920298 0.07356795
v -0.15698713 1.13724351 -0.02464489
v -0.15386805 1.13474083 0.01250705
v -0.12789768 1.09860241 -0.07578436
v -0.12531069 1.07414591 -0.08780112
v -0.14812633 1.07293117 -0.09445981
v -0.15227868 1.10079277 -0.08047668
v -0.11430663 1.00218689 -0.08845995
v -0.10058303 0.92399883 -0.08028960
v -0.10356251 0.93673760 -0.07545055
v -0.13278508 1.08845770 0.08881631
v -0.12967166 1.06753635 0.09686363
v -0.07657565 1.05680037 0.03519884
v -0.06934798 1.00921476 0.05867904
v -0.07494683 1.01459992 0.06458423
v -0.07544356 1.00977981 0.06849792
v -0.06947774 1.00171804 0.06252632
v -0.06529375 1.00255942 0.04889850
v -0.06299412 0.99611211 0.03577860
v -0.06019726 0.99006695 0.02083474
v -0.06063543 0.97939169 0.01180744
v -0.08453933 1.08345270 -0.02980602
v -0.09360574 1.09686077 -0.03874213
v -0.11014608 1.11092865 -0.04782163
v -0.13041148 1.12074769 -0.05499143
v -0.07962208 1.07325351 -0.02638601
v -0.15606724 1.12522781 -0.05808807
v -0.10517208 0.96585828 0.09934003
v -0.09909380 0.96776974 0.09306961
v -0.10821982 0.96964937 0.09959891
v -0.09926119 0.94083238 0.09579220
v -0.10307094 0.93904352 0.09791244
v -0.10159691 0.93397462 0.09390011
v -0.09703881 0.93607497 0.09189752
v -0.08832972 0.90352511 0.06135487
v -0.08073255 0.91075695 0.05628034
v -0.08802930 0.88441068 0.03029520
v -0.07943112 0.89304942 0.02216066
v -0.10993837 0.97823507 0.10523338
v -0.11170056 0.97789091 0.10575859
v -0.11200731 0.97708553 0.10356022
v -0.10996406 0.97766566 0.10291342
v -0.09003267 0.95417207 0.08725452
v -0.10593562 0.95639211 0.10225133
v -0.10885475 0.95530176 0.10333598
v -0.10791718 0.95179057 0.10112987
v -0.10503960 0.95292294 0.09997864
v -0.06967269 0.92488110 0.02967394
v -0.07143842 0.91531706 0.01815170
v -0.05562710 0.91085327 -0.02148643
v -0.05841534 0.92327857 -0.01774368
v -0.06740756 0.94485146 -0.03186534
v -0.09569740 0.95278174 -0.06658556
v -0.10608294 0.95061475 -0.07318923
v -0.13160092 0.94622958 -0.07728948
v -0.13573626 0.96072054 -0.07865591
v -0.12178370 0.96357584 -0.07780888
v -0.11985914 0.94926345 -0.07611372
v -0.07963697 0.90784323 0.04058456
v -0.08816476 0.89964902 0.04711679
v -0.08810514 0.89374232 0.03712527
v -0.07986034 0.90225619 0.02964451
v -0.11410165 0.97371954 0.10683675
v -0.11496768 0.97239357 0.10846547
v -0.11439063 0.97058010 0.10527695
v -0.11327579 0.97308362 0.10457861
v -0.10884950 0.97626317 0.10060263
v -0.11070933 0.97451830 0.10109053
v -0.10984627 0.97271872 0.10046531
v -0.10815308 0.97837055 0.10567055
v -0.10790996 0.97746825 0.10261328
v -0.11249314 0.97736174 0.11104099
v -0.10976516 0.97800374 0.10898827
v -0.11151970 0.97725773 0.11594809
v -0.11331429 0.97508621 0.10520875
v -0.11254725 0.97423184 0.10334630
v -0.11016347 0.97676802 0.10146544
v -0.11163784 0.97588837 0.10198040
v -0.11258601 0.97764534 0.10891902
v -0.11084787 0.97803414 0.10735857
v -0.11867885 0.99950397 0.11051185
v -0.12459654 0.99859929 0.11418813
v -0.12217709 0.99138403 0.11915071
v -0.11903265 0.98306406 0.12314356
v -0.11689129 0.97543395 0.11990030
v -0.09603737 0.88762391 0.04169381
v -0.09610876 0.87865925 0.03529806
v -0.14441538 1.06305456 0.09922210
v -0.13882378 1.04441059 0.10281907
v -0.08918667 0.95349622 0.08537380
v -0.11054031 1.03371382 0.09187385
v -0.08023497 1.00591671 0.07452398
v -0.09941923 1.00052702 0.08510417
v -0.09228545 0.99792886 0.08313840
v -0.09441900 1.00583184 0.08197892
v -0.10074835 1.00698912 0.08387562
v -0.11891913 1.02817595 0.09269575
v -0.12557150 1.02170789 0.09874628
v -0.12273242 1.02156782 0.09125711
v -0.12171122 1.01517951 0.09042994
v -0.12295194 1.01306546 0.09938542
v -0.11763705 1.00785065 0.09387509
v -0.11765342 1.01145375 0.08821737
v -0.09004501 1.03050423 0.07886862
v -0.08819330 1.03267801 0.07744389
v -0.11210857 1.00521410 0.08961209
v -0.10608180 1.00296533 0.08680205
v -0.10683223 1.00831449 0.08478539
v -0.11247783 1.00943673 0.08606368
v -0.08760060 1.00523615 0.07898238
v -0.08250254 1.03244662 0.06830701
v -0.08333181 1.02048135 0.06874576
v -0.07391273 1.01209676 -0.03092449
v -0.07201111 0.99868894 -0.02608814
v -0.05912454 0.98814952 -0.00778972
v -0.05966686 0.98324764 -0.00537500
v -0.06745557 0.98533195 -0.00907508
v -0.06326904 0.99042243 -0.01209683
v -0.07074834 1.04603374 -0.01883530
v -0.07388536 1.05391705 -0.02061084
v -0.07267571 1.05440342 -0.01328904
v -0.07112191 1.04663873 -0.01576892
v -0.07155102 1.04908192 -0.00852973
v -0.07147743 1.05217278 -0.00520868
v -0.06975164 1.04302013 -0.00553318
v -0.07016548 1.04389989 -0.00906532
v -0.07314681 1.06327248 -0.00216245
v -0.07298058 1.05908203 0.00750854
v -0.07071780 1.04718006 0.00227808
v -0.07125504 1.03977180 0.02545191
v -0.06923909 1.03065372 0.01104496
v -0.07072893 1.04042602 0.00748541
v -0.07265469 1.05122411 0.01652846
v -0.06081870 0.98867095 -0.00027098
v -0.06370109 0.99579632 0.00501590
v -0.07061984 0.98976672 -0.01677248
v -0.17269889 1.06856143 -0.09450061
v -0.17934401 1.09742403 -0.07980836
v -0.09148788 1.04333007 -0.06886844
v -0.10460260 1.04720557 -0.08143400
v -0.08258448 1.03943336 -0.05531551
v -0.07655921 1.03645921 -0.04337358
v -0.12172796 1.04859138 -0.09237415
v -0.14214866 1.04643178 -0.09981329
v -0.06653815 1.02324736 0.02280794
v -0.06658521 1.01873410 0.01045195
v -0.08986785 1.02378535 -0.06913842
v -0.10294987 1.02552116 -0.08211181
v -0.08067440 1.02227795 -0.05587268
v -0.07538866 1.02229583 -0.04382277
v -0.11828140 1.02452838 -0.09299278
v -0.13062511 0.99795759 -0.09251788
v -0.13645130 1.01963937 -0.09772128
v -0.06254903 0.99996471 -0.00721616
v -0.06304652 0.99795598 -0.00242764
v -0.06104551 0.99220479 -0.00446885
v -0.05878674 0.99511993 -0.00642722
v -0.06303777 1.00835037 0.02072998
v -0.06459717 1.00739586 0.00771337
v -0.12042268 1.00618994 0.10576347
v -0.12965319 1.01296484 0.10545839
v -0.12701367 1.00572932 0.10970424
v -0.13200799 1.02048695 0.10234029
v -0.17643440 1.13063586 0.01565983
v -0.16942021 1.12067044 0.05087774
v -0.18353543 1.12120152 -0.05628425
v -0.18188581 1.13286102 -0.02263016
v -0.10178913 0.92521739 0.09437650
v -0.09615695 0.91223788 0.09255832
v -0.10927656 0.96453953 0.10283092
v -0.11193991 0.96299064 0.10375596
v -0.11019058 0.95893633 0.10387574
v -0.10733189 0.96032119 0.10294072
v -0.11538333 1.02653837 0.08726586
v -0.12573969 0.97964311 -0.08624690
v -0.11646678 0.93479723 -0.07806880
v -0.11348637 0.92088002 -0.08276107
v -0.08547036 0.91912544 -0.08307352
v -0.09833671 0.91568220 -0.08804277
v -0.11356042 0.96681178 0.10399368
v -0.11130571 0.96816450 0.10274286
v -0.11348380 0.97700381 0.10758082
v -0.10066558 0.95414203 0.09750004
v -0.11232734 0.97109681 0.10296373
v -0.11219516 0.97332412 0.10290460
v -0.11605631 0.96941960 0.10610700
v -0.11495086 0.96604896 0.10428367
v -0.10213436 1.01321256 0.08316385
v -0.10304888 1.01787913 0.08349533
v -0.11406031 0.97383714 0.11219583
v -0.11412079 0.97518444 0.10967880
v -0.11697815 0.97235179 0.11300921
v -0.06150957 0.88459420 0.00104336
v -0.05346059 0.89541286 -0.01311036
v -0.11086181 0.95458174 0.10369981
v -0.10993563 0.95095670 0.10160521
v -0.16169444 1.10428667 0.07748346
v -0.14639731 0.99192607 -0.09376139
v -0.15481292 1.01314366 -0.09872106
v -0.06776311 1.02468896 0.00211645
v -0.06581244 1.02141511 -0.00421554
v -0.06666514 1.02910447 -0.00541737
v -0.06863716 1.03294289 0.00090637
v -0.09555540 0.87040883 0.02866301
v -0.05307041 0.90381134 -0.02952568
v -0.11175737 0.91170335 -0.09099900
v -0.08719228 1.02623069 0.07213064
v -0.08791047 1.02433527 0.07305197
v -0.11244489 1.02526891 0.08571580
v -0.16562532 1.04037213 -0.10096382
v -0.09771310 0.94696593 0.09405389
v -0.10038134 0.95053023 0.09409289
v -0.12922271 0.93225443 -0.07808328
v -0.09581936 0.89439523 0.05098736
v -0.11610460 0.97149873 0.10938768
v -0.14172882 0.97566766 -0.08562252
v -0.06622872 1.03707349 -0.01259463
v -0.06424676 1.03534722 -0.00991165
v -0.06395435 1.03178668 -0.01052511
v -0.06532370 1.03223419 -0.01156119
v -0.06419616 1.03858364 -0.00493405
v -0.06218343 1.03530836 -0.00777738
v -0.06188987 1.03919649 -0.00871595
v -0.06428032 1.04287410 -0.00684354
v -0.06871653 1.03923333 -0.00173539
v -0.06483330 1.03392470 -0.00438300
v -0.06178039 1.04173017 -0.01063161
v -0.06271440 1.04460204 -0.00898992
v -0.06599014 1.04572856 -0.00959190
v -0.07040214 1.04592586 -0.01253675
v -0.06124171 1.04635334 -0.01265069
v -0.06556083 1.04810703 -0.01363130
v -0.05978564 1.04660845 -0.01839950
v -0.06551023 1.04843438 -0.01940454
v -0.05848158 1.04459298 -0.02445352
v -0.06463411 1.04506981 -0.02579053
v -0.06476165 1.00506711 -0.00133527
v -0.06557231 1.00590420 -0.00845132
v -0.05689248 1.04022563 -0.02886607
v -0.06354740 1.03900540 -0.02949346
v -0.05524474 1.03342259 -0.03199951
v -0.06158998 1.03221333 -0.03265361
v -0.05425581 1.02593637 -0.03222285
v -0.05942822 1.02434409 -0.03343812
v -0.05315484 1.01802742 -0.03126712
v -0.05791973 1.01571071 -0.03141385
v -0.05287012 1.01018131 -0.02795939
v -0.05744343 1.00554276 -0.02882065
v -0.06193286 1.04397666 -0.01899845
v -0.06071249 1.04177141 -0.02352004
v -0.07165089 1.04178703 -0.02102374
v -0.06231972 1.04386723 -0.01406211
v -0.06487094 1.02694082 -0.01732731
v -0.06845271 1.02996314 -0.01823102
v -0.06796849 1.02848983 -0.01825367
v -0.06836800 1.02688503 -0.02061488
v -0.06537261 1.01377726 -0.00569606
v -0.06552354 1.01406801 -0.00958026
v -0.06579410 1.01949191 -0.00832586
v -0.06591962 1.00953376 -0.01066802
v -0.06748088 1.01076722 -0.01144319
v -0.06854265 1.01422727 -0.01039169
v -0.06952479 1.01896405 -0.00994540
v -0.06690829 1.00953567 -0.01395824
v -0.06466621 1.00804436 -0.01386214
v -0.06852096 1.01066458 -0.01398112
v -0.06890319 1.01128399 -0.01249765
v -0.07041205 1.01358020 -0.01294794
v -0.07024691 1.01766670 -0.01478064
v -0.06580756 1.01540768 0.00119523
v -0.06846683 1.01580751 -0.02484878
v -0.06776409 1.00558352 -0.02217068
v -0.05348292 1.00366938 -0.02281537
v -0.05568776 0.99686903 -0.02326653
v -0.05450280 0.99261665 -0.01018265
v -0.05321534 0.99144411 -0.01658400
v -0.07128427 1.03642476 -0.02411558
v -0.06977800 1.03057086 -0.02679179
v -0.06581613 0.99740875 -0.01660617
v -0.06864540 1.02375984 -0.02743152
v -0.05568814 1.01350057 -0.02583542
v -0.05750421 1.00889552 -0.02246361
v -0.05527021 1.01924491 -0.02867167
v -0.06182198 1.00497437 -0.01300268
v -0.05776101 0.99974418 -0.01157311
v -0.05508303 1.00025237 -0.01728288
v -0.06000108 1.00578988 -0.01826038
v -0.05774011 1.01569545 -0.02334285
v -0.06079003 1.01194656 -0.02119263
v -0.06168806 1.01742327 -0.02230494
v -0.06484260 1.01412785 -0.02041855
v -0.06646127 1.01093125 -0.01734554
v -0.06366570 1.00923038 -0.01799438
v -0.06967509 1.01573515 -0.01961563
v -0.06650595 1.01988947 -0.02102661
v -0.06934743 1.01207757 -0.01638502
v -0.05954242 1.02128565 -0.02244124
v -0.05877812 1.02603590 -0.02329742
v -0.06097251 1.02734995 -0.01916706
v -0.06334463 1.02356660 -0.02013054
v -0.05670074 1.02561414 -0.02993398
v -0.05638420 1.02559006 -0.02648704
v -0.05652550 1.02043474 -0.02534083
v -0.05768426 1.03167939 -0.02630836
v -0.05820537 1.03258765 -0.02916014
v -0.05910680 1.03092790 -0.02374600
v -0.06029195 1.03122032 -0.02098279
v -0.06030440 1.03974116 -0.02182497
v -0.05906110 1.03646946 -0.02458075
v -0.05941675 1.03842461 -0.02706031
v -0.05953780 1.03468812 -0.02238267
v -0.06094862 1.03725147 -0.02049660
v -0.06154554 1.03506398 -0.01962434
v -0.06069458 1.03390443 -0.02149207
v -0.06339855 1.04114330 -0.01174321
v -0.06393114 1.03904426 -0.01010524
v -0.06295489 1.04181921 -0.01468523
v -0.06521545 1.04245603 -0.01378744
v -0.06385639 1.03950429 -0.01503583
v -0.06611490 1.04112875 -0.01327085
v -0.06406212 1.03725493 -0.01458590
v -0.06473333 1.03319001 -0.01400874
v -0.07752805 0.84865189 0.00780348
v -0.08154059 0.85842633 0.01279643
v -0.09261136 0.85174131 0.01632449
v -0.09004822 0.84240055 0.01070298
v -0.06252314 1.03570044 -0.01696075
v -0.06245650 1.03838003 -0.01795537
v -0.06185143 1.04138470 -0.01859098
v -0.06321301 1.03024113 -0.01677926
v -0.06171636 1.03000951 -0.01787456
v -0.06153134 1.03213656 -0.01856754
v -0.06296547 1.03275990 -0.01641302
v -0.06627253 1.02407897 -0.00836853
v -0.06799076 1.02242911 -0.01184720
v -0.06782866 1.02096355 -0.01651903
v -0.04004455 0.85495454 -0.01385572
v -0.02854513 0.86959863 -0.02717947
v -0.03707466 0.87511289 -0.02733375
v -0.04691323 0.86223340 -0.01391967
v -0.02408223 0.83252352 -0.00074892
v -0.01939637 0.81274092 0.00822825
v -0.00012170 0.82490748 0.00221037
v -0.00160376 0.85051906 -0.01681108
v 0.00127072 0.80271530 0.01253999
v -0.01631743 0.79252326 0.01536056
v 0.00715210 0.74262804 0.02912420
v 0.00513565 0.76153541 0.02507694
v -0.01101962 0.75466067 0.02647031
v -0.00846696 0.73632085 0.03075504
v 0.04250007 0.66825747 0.03004041
v 0.03138591 0.66610992 0.03334308
v 0.02803929 0.64974004 0.02839983
v 0.04089858 0.65079719 0.02353255
v 0.07159495 0.79318368 0.00845673
v 0.08173762 0.78618157 0.00239215
v 0.08266441 0.80484247 0.00231283
v 0.07175809 0.81228191 0.00467418
v 0.00503705 0.89740187 -0.06176825
v -0.00882623 0.90037823 -0.06185995
v -0.01007829 0.88108265 -0.04320011
v 0.00449657 0.87797397 -0.03978778
v 0.08264118 0.70447075 -0.01077056
v 0.07564533 0.70959157 0.00083091
v 0.07343204 0.69469267 0.00394667
v 0.07967108 0.68853998 -0.00567748
v 0.08558151 0.59435099 -0.02680537
v 0.07076518 0.58615565 -0.01120294
v 0.07496428 0.56331164 -0.01868044
v 0.09026370 0.57190669 -0.03536133
v 0.11711417 0.64719009 -0.09075131
v 0.11810908 0.62566078 -0.09629126
v 0.11904106 0.63412046 -0.12421779
v 0.11909960 0.65417355 -0.11911968
v 0.03566796 0.75283718 0.02323363
v 0.03493005 0.77243203 0.01990224
v 0.02042653 0.76745605 0.02281978
v 0.02175045 0.74829048 0.02652853
v 0.17691612 0.74614221 0.04486784
v 0.16066112 0.76128066 0.03361962
v 0.15146840 0.74622774 0.02961429
v 0.16872740 0.73145908 0.04050785
v 0.13062620 0.52318013 -0.12159329
v 0.13547699 0.50326347 -0.12498897
v 0.13506082 0.51579911 -0.15189925
v 0.12880790 0.53487796 -0.14680941
v 0.11408923 0.84660798 -0.01078638
v 0.12642770 0.86127687 -0.02520007
v 0.11657015 0.87208396 -0.03032673
v 0.10634919 0.85645509 -0.01381702
v 0.07879741 0.75565910 0.00085413
v 0.08019955 0.76999086 0.00171987
v 0.07079457 0.77564549 0.00942760
v 0.07034653 0.75923049 0.00947827
v 0.11688939 0.69392633 -0.11228359
v 0.11465441 0.71321398 -0.10894533
v 0.11301822 0.70892978 -0.08897680
v 0.11585862 0.68897355 -0.08922707
v 0.11757817 0.66837519 -0.08976489
v 0.11859857 0.67412812 -0.11536280
v 0.06034543 0.75859475 0.01518431
v 0.06045448 0.77829731 0.01381219
v 0.04862811 0.77612460 0.01699380
v 0.04856206 0.75625092 0.01958531
v 0.02461523 0.63417250 0.02287560
v 0.04023869 0.63538837 0.01687334
v 0.12847444 0.48887813 -0.09976085
v 0.12552920 0.50972426 -0.09670148
v 0.11432098 0.49564967 -0.07514919
v 0.11578090 0.47433144 -0.07837961
v 0.04900083 0.60155654 0.00589729
v 0.06461645 0.60744005 -0.00531559
v 0.05670793 0.62524974 0.00136792
v 0.04241259 0.62039596 0.01039347
v 0.09953479 0.46133435 -0.05997257
v 0.09850421 0.48268163 -0.05673777
v 0.08072004 0.47191450 -0.03979509
v 0.08204150 0.44910792 -0.04293160
v 0.00305301 0.78151280 0.01952038
v -0.01362240 0.77347243 0.02126538
v 0.05984413 0.67609775 0.01855984
v 0.05229397 0.67153424 0.02511012
v 0.05179393 0.65419406 0.01817373
v 0.06069328 0.65939432 0.01219843
v 0.09225909 0.76392245 -0.02854900
v 0.09506804 0.77485174 -0.02844740
v 0.09253485 0.79203707 -0.00791738
v 0.08926401 0.77555633 -0.00973653
v 0.13957435 0.49651080 -0.15633978
v 0.13831057 0.48399645 -0.12879483
v 0.09982104 0.44202587 -0.06541193
v 0.08290149 0.42944247 -0.04882187
v 0.11515456 0.77098221 -0.08486375
v 0.11134495 0.77330685 -0.07341179
v 0.11031394 0.76795739 -0.07841893
v 0.11484485 0.76746601 -0.08929464
v -0.00420447 0.65753788 0.03442731
v 0.00854076 0.64118928 0.02876794
v 0.01659869 0.65567732 0.03318880
v 0.00794427 0.66969395 0.03752061
v 0.06375331 0.64499849 0.00231909
v 0.05309422 0.63952816 0.00954015
v 0.06902117 0.63210613 -0.00829468
v -0.01660102 0.64574271 0.02902937
v -0.00011419 0.62211800 0.02264716
v -0.03080563 0.76476324 0.02255775
v -0.02780516 0.74697864 0.02702093
v -0.03407171 0.78267527 0.01791259
v -0.03838034 0.80036438 0.01274831
v -0.05599103 0.79030716 0.01556666
v -0.05156910 0.77306408 0.01964870
v -0.04324950 0.81755340 0.00750635
v -0.06088308 0.80650353 0.01156945
v -0.05533082 0.84109885 -0.00447353
v -0.06071924 0.84989810 -0.00443046
v 0.08694457 0.76194930 -0.01113891
v 0.08543011 0.74928963 -0.01246684
v 0.11620603 0.45501375 -0.08352537
v 0.03193738 0.85250294 -0.16740952
v 0.05007111 0.85409737 -0.15624107
v 0.04997534 0.83875334 -0.16438645
v 0.03274854 0.83693373 -0.17562184
v 0.01980312 0.87989020 -0.03860682
v 0.01789772 0.89819455 -0.06124270
v 0.11094990 0.78564632 -0.13445643
v 0.11276200 0.77897459 -0.13225819
v 0.10646403 0.77814579 -0.14134309
v 0.10437001 0.78605068 -0.14363194
v 0.12213162 0.77048612 -0.10424765
v 0.12404785 0.77281022 -0.10876355
v 0.13086464 0.76596904 -0.10177401
v 0.12871160 0.76350033 -0.09750821
v 0.12856983 0.52636641 -0.17662500
v 0.12116101 0.54487252 -0.17131865
v 0.08720824 0.68217081 -0.18076873
v 0.09012596 0.70264465 -0.17132039
v 0.10381450 0.69216728 -0.15604369
v 0.10317434 0.67176402 -0.16392536
v -0.07766051 0.80898899 -0.17430663
v -0.05671185 0.81859565 -0.17694239
v -0.05408474 0.80480534 -0.18352886
v -0.07465746 0.79589581 -0.18100570
v -0.01356875 0.85452294 -0.17330725
v -0.03739126 0.84268379 -0.17303087
v -0.04053253 0.85517180 -0.16637048
v -0.01593457 0.86817843 -0.16504902
v 0.01119354 0.84798580 -0.17657557
v 0.01308563 0.83233476 -0.18427743
v 0.11222447 0.70197868 -0.13181096
v 0.11139374 0.71985734 -0.12674482
v 0.11157908 0.74337041 -0.11940437
v 0.11254539 0.75096852 -0.11555821
v 0.11200366 0.74702913 -0.10118231
v 0.11218426 0.73888224 -0.10403351
v -0.02204758 0.90376568 -0.06144712
v -0.01170412 0.91349423 -0.08224309
v -0.02740824 0.91512752 -0.08189026
v -0.06072052 0.89213300 -0.12832013
v -0.05029440 0.89823961 -0.12251373
v -0.04322837 0.89562875 -0.12971461
v -0.05808611 0.88767225 -0.13464782
v -0.02967456 0.73735988 -0.21050563
v -0.01985199 0.71476144 -0.21548766
v -0.04505112 0.70969337 -0.21219039
v -0.05248209 0.73162431 -0.20708470
v 0.11274794 0.76070642 -0.12256011
v 0.11066320 0.76512325 -0.13076039
v 0.11485468 0.76801413 -0.12407995
v 0.11562593 0.76367831 -0.11677998
v 0.10743038 0.76118791 -0.13667612
v 0.11050752 0.75570250 -0.12732959
v 0.10865290 0.74860179 -0.13208690
v 0.10412610 0.75493747 -0.14259106
v 0.09301460 0.72073519 -0.16224729
v 0.09781233 0.73598444 -0.15394139
v 0.10590322 0.72802538 -0.14142498
v 0.10434107 0.71130413 -0.14811169
v -0.02543354 0.63350415 -0.22148912
v -0.03076988 0.66007048 -0.21883394
v -0.00820533 0.66311383 -0.22254600
v -0.00395308 0.63641948 -0.22554170
v 0.10744516 0.77670932 -0.05037013
v 0.11124756 0.76813334 -0.04457019
v 0.10396078 0.77396983 -0.03102457
v 0.10178194 0.78063738 -0.03571963
v 0.14522421 0.77608603 -0.10291388
v 0.14744726 0.78205538 -0.10319700
v 0.15688418 0.77777636 -0.09548517
v 0.15453348 0.77242219 -0.09616877
v 0.12511100 0.74727774 -0.04688369
v 0.13396546 0.72989649 -0.03713139
v 0.12554082 0.73823333 -0.02471492
v 0.11658435 0.75426435 -0.03600901
v 0.02986270 0.90743881 -0.08693060
v 0.01709354 0.90973401 -0.08577972
v 0.03016699 0.90052772 -0.05976668
v 0.12779649 0.75253916 -0.07535531
v 0.13205634 0.75133073 -0.08418740
v 0.14204928 0.73733437 -0.07772893
v 0.13619217 0.73714954 -0.06839065
v 0.19040954 0.75908929 0.04237045
v 0.17430381 0.77406842 0.03062401
v 0.15469520 0.70866781 -0.03805310
v 0.14099309 0.72339684 -0.04876682
v 0.14852718 0.72085500 -0.05985149
v 0.16493684 0.70741987 -0.04834422
v 0.10164599 0.65145844 -0.17069773
v 0.08414263 0.66084522 -0.18764903
v 0.09886376 0.53866392 -0.21574605
v 0.09093934 0.55846381 -0.20956160
v 0.10754156 0.55307388 -0.19248341
v 0.11575562 0.53427738 -0.19847487
v 0.13374178 0.50706446 -0.18280475
v 0.10556602 0.51727092 -0.22203863
v 0.12209251 0.51386809 -0.20486139
v -0.05086157 0.91620195 -0.07381205
v -0.04014760 0.91586196 -0.07901257
v -0.05239164 0.91402733 -0.09567225
v -0.06180215 0.91586959 -0.08881924
v 0.15709519 0.39489183 -0.20852740
v 0.16094261 0.39212513 -0.17910701
v 0.16783820 0.36576778 -0.18227087
v 0.16064152 0.36676562 -0.21311702
v -0.08431590 0.89763749 -0.11498564
v -0.09076680 0.90357935 -0.10575891
v -0.07552759 0.91027302 -0.09928022
v -0.06744356 0.90611356 -0.10728341
v 0.15241501 0.41974697 -0.20341906
v 0.15548503 0.41332889 -0.17480990
v -0.04382813 0.90679848 -0.05653042
v -0.03356744 0.90566134 -0.06008919
v -0.04180232 0.89295101 -0.04017249
v -0.03276530 0.88963699 -0.04295561
v -0.04494783 0.88088846 -0.02422590
v 0.16042471 0.38520110 -0.15072270
v 0.16942616 0.36270911 -0.15237984
v -0.06904033 0.91816390 -0.08152897
v -0.08146595 0.91385531 -0.09094013
v -0.09506307 0.90875179 -0.09673426
v -0.10976824 0.90436590 -0.09944648
v -0.12506005 0.89944625 -0.09983141
v -0.12563986 0.90676570 -0.09107435
v 0.13991578 0.47767064 -0.15967041
v 0.13606496 0.48670107 -0.18672308
v 0.12130457 0.25518054 -0.26819986
v 0.12895620 0.23584533 -0.25133246
v 0.09676693 0.22883162 -0.26059532
v 0.09361339 0.24751085 -0.27856535
v 0.02517070 0.24454197 -0.27917400
v 0.06183957 0.24333182 -0.28146988
v 0.06094804 0.22655371 -0.26363301
v 0.02462486 0.23021990 -0.25912848
v 0.02354001 0.38161665 -0.31475401
v 0.02185737 0.40585575 -0.30585662
v 0.04984098 0.40904611 -0.30348724
v 0.05193439 0.38508862 -0.31297472
v 0.12476839 0.49368417 -0.20950119
v 0.10943086 0.49653339 -0.22720473
v 0.13660838 0.46699622 -0.13323985
v 0.20489284 0.25317392 -0.11829463
v 0.21362612 0.22420889 -0.11494213
v 0.20812060 0.21947223 -0.15490039
v 0.20244186 0.24940625 -0.15917851
v 0.16886447 0.20213991 -0.21486977
v 0.13702424 0.19214097 -0.23024435
v 0.13175663 0.21605438 -0.23957221
v 0.16319381 0.22940931 -0.22385900
v 0.06587340 0.41767356 -0.03343301
v 0.06332728 0.40045926 -0.04373760
v 0.08067925 0.41305527 -0.05735026
v 0.00565025 0.39172012 -0.01494825
v 0.00392347 0.37536946 -0.02739689
v 0.02440162 0.38140523 -0.02820865
v 0.02770758 0.39784539 -0.01541734
v 0.01284068 0.29492727 -0.05389231
v 0.01613385 0.31477287 -0.05376189
v -0.00055611 0.31136376 -0.05387890
v -0.00047568 0.29280648 -0.05353950
v 0.15398295 0.37580088 -0.12261438
v 0.14480850 0.39309740 -0.12383089
v 0.12731028 0.38087159 -0.10222938
v 0.13572443 0.36481744 -0.09788026
v 0.05897620 0.21223629 -0.24493350
v 0.02475711 0.21919647 -0.23744772
v 0.19321515 0.25563899 -0.08127527
v 0.20535418 0.22579011 -0.07677007
v 0.18034816 0.22307432 -0.04714338
v 0.16936806 0.25257415 -0.05530708
v 0.13748746 0.24347827 -0.04342899
v 0.14770681 0.21615833 -0.03595752
v 0.01290934 0.20891660 -0.07004501
v 0.02039378 0.21054474 -0.07875829
v 0.03498854 0.23007557 -0.05768991
v 0.02443965 0.23393187 -0.05179049
v 0.02499957 0.28529930 -0.30832264
v 0.05620256 0.28521380 -0.30936915
v 0.05880599 0.26292786 -0.29756808
v 0.02484367 0.26509419 -0.29670271
v 0.09115479 0.49606499 -0.24072544
v 0.08610164 0.51767635 -0.23445867
v 0.06545029 0.51710886 -0.24276607
v 0.05912638 0.54062253 -0.23530163
v 0.08004200 0.54037327 -0.22779456
v 0.03816519 0.67995298 -0.20802814
v 0.04230028 0.70269102 -0.20328675
v 0.06685918 0.69135404 -0.19385713
v 0.06268854 0.67050207 -0.19940725
v -0.03410168 0.82948869 -0.17907570
v -0.03165632 0.81494147 -0.18535155
v 0.09909604 0.18751818 -0.23319390
v 0.11345392 0.16068423 -0.22424895
v 0.07952949 0.15723842 -0.21454327
v 0.05429424 0.19041288 -0.22158134
v 0.17470600 0.17433351 -0.20568076
v 0.19388719 0.21348810 -0.19011489
v 0.19868927 0.18375510 -0.18353103
v 0.22231835 0.19438413 -0.10692631
v 0.21486551 0.18982300 -0.14859517
v 0.18983907 0.19214228 -0.03854889
v 0.15745284 0.18635529 -0.02912665
v 0.06246617 0.18624046 -0.07789039
v 0.07237790 0.16263211 -0.07761806
v 0.09534614 0.17009994 -0.05523231
v 0.08522418 0.19489726 -0.05773726
v 0.05749843 0.29801354 -0.05136372
v 0.07360423 0.28579929 -0.05118404
v 0.09719654 0.31200099 -0.06158311
v 0.08806066 0.32793167 -0.06342945
v 0.02835364 0.41915202 -0.00533113
v 0.00990797 0.41228941 -0.00408327
v 0.06508940 0.43824971 -0.02622289
v 0.04693016 0.42782551 -0.01245796
v 0.04695936 0.40625703 -0.02141607
v 0.01972805 0.51495957 0.01566788
v 0.02113579 0.49100316 0.01040941
v 0.04278179 0.49853015 0.00118349
v 0.04223140 0.52237403 0.00676374
v 0.04038446 0.54767942 0.01157407
v 0.01722967 0.54045826 0.01946555
v 0.00680000 0.59360969 0.02007290
v 0.02944770 0.59719706 0.01475407
v 0.02372949 0.61815476 0.01799309
v -0.04806307 0.75571442 0.02358508
v -0.04466065 0.73878002 0.02634495
v 0.16418840 0.35528284 -0.12040169
v 0.03313700 0.18002203 -0.19033590
v 0.05371314 0.15326059 -0.18887311
v 0.04421316 0.15207344 -0.15809725
v 0.03092927 0.17636350 -0.15806791
v 0.15358233 0.40343666 -0.14818703
v 0.12957314 0.46969664 -0.10422174
v 0.12697726 0.45352006 -0.11010281
v 0.10598818 0.64277613 -0.05630795
v 0.11075384 0.61720663 -0.06786856
v 0.02260320 0.66658306 0.03477554
v 0.01894488 0.67786217 0.03665350
v 0.18801711 0.24212521 -0.19754325
v 0.19732103 0.16140223 -0.03212295
v 0.16598792 0.15524787 -0.02449265
v 0.17275290 0.12449625 -0.01941941
v 0.20359184 0.13126153 -0.02667650
v 0.06986319 0.13080344 -0.10025796
v 0.08504594 0.10334337 -0.09777747
v 0.09711160 0.10950115 -0.07405606
v 0.08412159 0.13611272 -0.07607532
v 0.10032651 0.07600342 -0.09295721
v 0.11288984 0.04859643 -0.08838605
v 0.12052975 0.05023450 -0.06426431
v 0.11044609 0.07977051 -0.06824329
v 0.21503720 0.19425234 -0.06805699
v 0.23615223 0.13406634 -0.08601264
v 0.23010966 0.16336897 -0.09627979
v 0.22128779 0.16393167 -0.05965558
v 0.22701773 0.13377786 -0.05192167
v 0.14497653 0.16664109 -0.22062425
v 0.04564089 0.17939082 -0.10031204
v 0.05657236 0.15729690 -0.10084241
v 0.08256332 0.09650636 -0.14845073
v 0.06294490 0.12436369 -0.15471831
v 0.07457917 0.12433657 -0.18347472
v 0.09462015 0.09612388 -0.17454886
v 0.19473907 0.12348399 -0.18062931
v 0.18425210 0.14895096 -0.19297864
v 0.20769304 0.15740728 -0.16939741
v 0.21656370 0.13003269 -0.15626176
v 0.22339448 0.16139776 -0.13588558
v 0.23055619 0.13273492 -0.12370320
v 0.24726638 0.07631213 -0.06673665
v 0.24212185 0.10508910 -0.07621867
v 0.23204926 0.10364825 -0.04395665
v 0.23609468 0.07359791 -0.03639170
v 0.24351475 0.07665324 -0.10139211
v 0.23712942 0.10442782 -0.11225376
v 0.23234704 0.07638979 -0.13233343
v 0.22469908 0.10334766 -0.14393827
v 0.21285699 0.07278413 -0.15326421
v 0.20406342 0.09842730 -0.16680104
v 0.19199316 0.06745702 -0.16705072
v 0.18102510 0.09046805 -0.18116581
v 0.15641503 0.08243138 -0.18628123
v 0.16984515 0.06006825 -0.17266315
v 0.14859162 0.05421406 -0.16755907
v 0.13353384 0.07582688 -0.18056077
v 0.11746731 0.04640054 -0.13507508
v 0.10155866 0.07134813 -0.14113475
v 0.11351910 0.07175541 -0.16439536
v 0.12951498 0.04884863 -0.15508971
v 0.17003727 -0.04756600 -0.12670860
v 0.15618737 -0.02434468 -0.12729149
v 0.17157114 -0.01703919 -0.13635527
v 0.18419053 -0.03961135 -0.13448966
v 0.19823575 -0.03193235 -0.14124814
v 0.18713064 -0.01019478 -0.14196546
v 0.20446034 -0.00500977 -0.14384472
v 0.21527913 -0.02603067 -0.14240186
v 0.23802325 0.00159073 -0.12638129
v 0.24854094 -0.02114982 -0.12533866
v 0.23229718 -0.02226228 -0.13746606
v 0.22189555 -0.00078696 -0.13888870
v 0.25399446 0.00233108 -0.10815360
v 0.26289186 -0.02180672 -0.10544017
v 0.26281109 -0.00100225 -0.08015141
v 0.26772687 -0.02776320 -0.07793085
v 0.26047522 -0.00754524 -0.04849324
v 0.26541451 -0.03472197 -0.04885609
v 0.14917456 -0.03460377 -0.06965079
v 0.14310142 -0.03364129 -0.09116542
v 0.15444607 -0.05819327 -0.09687816
v 0.15871516 -0.06064022 -0.07601197
v 0.18045355 -0.03214151 -0.02915938
v 0.18779884 -0.05883081 -0.03997122
v 0.20742014 -0.05279345 -0.01940904
v 0.20254441 -0.02652843 -0.00891342
v 0.25199303 0.04794430 -0.05848227
v 0.24900535 0.05028987 -0.09204111
v 0.23902816 0.05092162 -0.12165698
v 0.22107843 0.04884683 -0.14083426
v 0.13132496 0.02229154 -0.13094682
v 0.14510322 0.02652550 -0.14745088
v 0.13023920 0.02073801 -0.06273864
v 0.12336028 0.02006888 -0.08565755
v 0.22526160 0.00928628 -0.00438694
v 0.24739796 0.01464164 -0.02183559
v 0.24117309 0.04328245 -0.02871861
v 0.21846566 0.03833311 -0.00984608
v 0.25616157 0.02414875 -0.08494337
v 0.24565285 0.02674042 -0.11350463
v 0.22893026 0.02518195 -0.13155492
v 0.19396891 0.01657229 -0.15041664
v 0.21185449 0.02217411 -0.14459646
v 0.17599511 0.01094276 -0.14857709
v 0.14384407 -0.00077855 -0.12866889
v 0.15891883 0.00472045 -0.14177263
v 0.14016613 -0.00775456 -0.06541734
v 0.13377801 -0.00722344 -0.08680378
v 0.23492974 -0.04675388 -0.01091685
v 0.25740963 -0.04068261 -0.02315717
v 0.25488353 -0.01270057 -0.01876869
v 0.23176405 -0.01984411 -0.00304686
v 0.23596010 -0.07134402 -0.02595218
v 0.21475601 -0.07594377 -0.03293323
v 0.22614771 -0.04620254 -0.14706171
v 0.20865241 -0.05107313 -0.14650570
v 0.24307615 -0.04360497 -0.14121744
v 0.27420530 -0.05577267 -0.07867789
v 0.27211025 -0.04741257 -0.10699289
v 0.26822665 -0.06380302 -0.05139504
v 0.25572085 -0.06626814 -0.03142393
v 0.17807484 -0.10198700 -0.11032921
v 0.18222515 -0.10596305 -0.09175638
v 0.17046788 -0.08231455 -0.08328764
v 0.16774189 -0.07886386 -0.10211624
v 0.18829075 -0.08881777 -0.14204343
v 0.18216135 -0.06681579 -0.12857285
v 0.19335538 -0.05879217 -0.14002047
v 0.20038103 -0.08054685 -0.15473337
v 0.23671389 -0.06933147 -0.16045529
v 0.21760854 -0.07375616 -0.16092776
v 0.25557151 -0.06697827 -0.15324174
v 0.28091136 -0.07614112 -0.11179644
v 0.27272364 -0.06856006 -0.13706718
v 0.26037416 -0.04342289 -0.12861338
v 0.28214255 -0.08543468 -0.08059422
v 0.27208471 -0.12826443 -0.06804030
v 0.29079401 -0.11679327 -0.08793689
v 0.26679027 -0.09737158 -0.05569384
v 0.26169631 -0.23139673 -0.10238402
v 0.26584443 -0.26527864 -0.11656979
v 0.28653142 -0.25948870 -0.11787731
v 0.28568450 -0.22544384 -0.10376019
v 0.18215875 -0.12916142 -0.12227792
v 0.18779267 -0.13264191 -0.10163956
v 0.20644945 -0.10697788 -0.17079060
v 0.19201189 -0.11554104 -0.15769556
v 0.30168435 -0.13606435 -0.13075943
v 0.29369980 -0.12750512 -0.15909189
v 0.28537259 -0.09689867 -0.14732675
v 0.29326144 -0.10527587 -0.11970188
v 0.19695804 -0.22820103 -0.13625757
v 0.19058435 -0.19621503 -0.12465850
v 0.18632521 -0.19123173 -0.14696962
v 0.19313616 -0.22345525 -0.15706626
v 0.20958467 -0.13693601 -0.18529703
v 0.21479473 -0.16918421 -0.19605540
v 0.19921152 -0.17724907 -0.18308114
v 0.19478616 -0.14577574 -0.17139445
v 0.30656087 -0.20502597 -0.15148470
v 0.30001605 -0.19821900 -0.17735675
v 0.29842931 -0.16107291 -0.16966613
v 0.30611980 -0.16932374 -0.14167872
v 0.27893531 -0.15954310 -0.07878456
v 0.28433132 -0.19191658 -0.09122922
v 0.30154672 -0.18041772 -0.11144982
v 0.29779273 -0.14789748 -0.09977229
v 0.25343686 -0.16575038 -0.07702605
v 0.25830349 -0.19796020 -0.08879415
v 0.21939728 -0.29104465 -0.17447600
v 0.22206846 -0.29739767 -0.15927437
v 0.20933311 -0.26185232 -0.14792942
v 0.20624937 -0.25605500 -0.16567925
v 0.22326097 -0.20366210 -0.20257945
v 0.23293331 -0.24006772 -0.20528148
v 0.21857068 -0.24570489 -0.19514348
v 0.20652652 -0.21075398 -0.19135597
v 0.30621883 -0.28137159 -0.17082408
v 0.29938424 -0.27658403 -0.19054720
v 0.30009043 -0.23702133 -0.18412676
v 0.30611065 -0.24210936 -0.16151895
v 0.28836495 -0.29579479 -0.13311774
v 0.30361852 -0.28822011 -0.14848292
v 0.30393565 -0.25048727 -0.13546646
v 0.27028364 -0.30109715 -0.13124292
v 0.27464747 -0.33692813 -0.14247049
v 0.28978750 -0.33267438 -0.14438614
v 0.22962320 -0.32631505 -0.18279059
v 0.23366946 -0.33143109 -0.16864373
v 0.23571739 -0.31818777 -0.20483741
v 0.22909999 -0.28223145 -0.19955869
v 0.24091348 -0.27699667 -0.20895274
v 0.24636975 -0.31305486 -0.21409105
v 0.27447653 -0.27416885 -0.21239099
v 0.27756229 -0.31066221 -0.21677019
v 0.26161811 -0.30998975 -0.21838318
v 0.25714788 -0.27384710 -0.21353929
v 0.29957199 -0.31289476 -0.19694404
v 0.28959265 -0.31080294 -0.20931728
v 0.28894341 -0.27385741 -0.20492138
v 0.30580616 -0.31675506 -0.17829809
v 0.30309480 -0.32445657 -0.15721446
v 0.00899380 0.19880301 -0.17186563
v 0.01764941 0.19704425 -0.18401377
v 0.02050094 0.19037294 -0.15358223
v 0.01354763 0.19645470 -0.14365311
v 0.11748777 0.11315942 -0.04748634
v 0.10631818 0.14286518 -0.05175075
v 0.13546996 0.05208414 -0.04008976
v 0.12774058 0.08239091 -0.04296415
v 0.14470083 0.02206909 -0.03967065
v 0.16245048 -0.03568155 -0.05046907
v 0.15442753 -0.00751406 -0.04392684
v 0.17165400 -0.06161160 -0.05740990
v 0.18240656 -0.08474422 -0.06495839
v 0.19399568 -0.10874581 -0.07380812
v 0.20466742 -0.16486561 -0.09407491
v 0.20209651 -0.13456589 -0.08420809
v 0.18880713 -0.16373390 -0.11309714
v 0.21319191 -0.23157954 -0.11732788
v 0.20711334 -0.19777441 -0.10506063
v 0.23395357 -0.30179435 -0.14582680
v 0.22268027 -0.26665187 -0.13158946
v 0.24541405 -0.33511835 -0.15680908
v 0.09649689 0.25012979 -0.05073943
v 0.08896781 0.26529956 -0.05267318
v 0.06430454 0.24432817 -0.05651848
v 0.07001694 0.23337960 -0.05956341
v 0.00272745 0.19825795 -0.10151418
v 0.00721127 0.20033881 -0.10908675
v 0.01271008 0.20346308 -0.09479790
v 0.00672888 0.20072687 -0.08806860
v 0.25657189 0.01988387 -0.05202727
v 0.20237423 0.04498278 -0.15407698
v 0.16310342 0.03287923 -0.15650688
v 0.18254082 0.03823810 -0.16001487
v 0.17212094 -0.00532710 -0.01920586
v 0.19751981 0.00144756 -0.00388100
v 0.19033001 0.03152918 -0.00522459
v 0.16526283 0.02510523 -0.01868119
v 0.24858296 -0.13724607 -0.06550775
v 0.22341716 -0.13648427 -0.07236455
v 0.22848448 -0.16584414 -0.08424635
v 0.24466762 -0.11225581 -0.05206166
v 0.26815310 -0.09332317 -0.16661827
v 0.24743104 -0.09472638 -0.17612356
v 0.23137122 -0.12914902 -0.19183747
v 0.22603330 -0.09970653 -0.17699842
v 0.25478306 -0.12422198 -0.19111854
v 0.15086699 0.08615106 -0.02294539
v 0.15739201 0.05580676 -0.02004554
v 0.18441375 0.06238120 -0.01031812
v 0.17851934 0.09363097 -0.01481064
v 0.08408225 0.57713360 -0.20331897
v 0.10043270 0.57107460 -0.18730015
v 0.08142150 0.66503990 -0.01243814
v 0.07284161 0.65325850 -0.00520355
v 0.08105648 0.64142722 -0.01884197
v 0.09212930 0.65497458 -0.02999276
v 0.09836199 0.67143387 -0.03753845
v 0.08738636 0.67960185 -0.01859741
v 0.09952732 0.69010770 -0.04311164
v 0.08995582 0.69653749 -0.02460265
v 0.09405149 0.75902551 -0.04822358
v 0.09681114 0.76726758 -0.04831325
v -0.01618193 0.58584309 0.02176851
v -0.01122250 0.55938160 0.02254648
v 0.01301573 0.56699491 0.02120116
v 0.04392605 0.38922751 -0.03304239
v 0.05639074 0.32928690 -0.05874925
v 0.03501103 0.31959209 -0.05467638
v 0.03163164 0.29511166 -0.05205378
v 0.00431864 0.22658917 -0.05552287
v -0.00746802 0.21226147 -0.06585296
v -0.00746523 0.19970685 -0.08548895
v -0.00792264 0.19662574 -0.10020234
v 0.01815074 0.63549095 -0.22386293
v 0.01495822 0.66206557 -0.21975031
v -0.08075842 0.82136029 -0.16796803
v -0.05949172 0.83127993 -0.17038658
v -0.06632428 0.85415280 -0.15763371
v -0.08730079 0.84399158 -0.15524212
v -0.09048550 0.85376978 -0.14863449
v -0.07032908 0.86375916 -0.15077418
v -0.10699272 0.89704198 -0.10829397
v -0.10268208 0.88925481 -0.11749614
v 0.00258450 0.19974104 -0.12598276
v 0.00394538 0.19991314 -0.13847551
v 0.00905920 0.20141953 -0.11876301
v 0.05388357 0.20540664 -0.07769010
v 0.04775361 0.21766928 -0.07436953
v 0.03177692 0.20589775 -0.09480390
v 0.03740958 0.19624639 -0.09809452
v 0.19534953 0.27892604 -0.16029778
v 0.19592674 0.28049839 -0.11864918
v 0.09727283 0.20957270 -0.24645416
v 0.20332530 0.68172431 -0.01908605
v 0.18348163 0.69466519 -0.03459141
v 0.19636777 0.69911492 -0.04104844
v 0.21629351 0.68702370 -0.02451519
v -0.00481309 0.74456668 -0.20864449
v 0.01174752 0.71835840 -0.21010926
v -0.02224981 0.88615286 -0.04421032
v 0.05867393 0.90079474 -0.05271956
v 0.04346441 0.90169537 -0.05691388
v 0.04604352 0.88569522 -0.03289638
v 0.05796964 0.88619643 -0.02896932
v 0.06768180 0.86937857 -0.13614343
v 0.05224773 0.87005919 -0.14504763
v 0.05163474 0.88497078 -0.13023354
v 0.06517188 0.88295299 -0.12250125
v 0.05304947 0.35930377 -0.31917450
v 0.02442640 0.35595912 -0.32005727
v 0.00957097 0.56221318 -0.23550877
v 0.00483305 0.58601278 -0.23190460
v 0.02555586 0.58627462 -0.23089908
v 0.03123754 0.56314927 -0.23481721
v 0.03351229 0.73730397 -0.20160754
v 0.05383652 0.72224331 -0.19464010
v -0.02601420 0.66786748 0.03230488
v -0.01188202 0.67730361 0.03686102
v -0.01734886 0.69501150 0.03543743
v -0.03209088 0.68725544 0.03217406
v 0.19352035 0.73830378 -0.06490710
v 0.18786037 0.72062737 -0.06074301
v 0.16753265 0.73138022 -0.07422727
v 0.17093936 0.74300379 -0.07861158
v 0.15692684 0.25198665 -0.23597325
v 0.18246774 0.27470261 -0.20601611
v 0.11147498 0.60205579 -0.15984385
v 0.11112733 0.58191818 -0.16360052
v 0.09721717 0.59028572 -0.18416132
v 0.09761991 0.61045915 -0.18115099
v 0.11427000 0.66272312 -0.14332314
v 0.11390162 0.64285743 -0.14918137
v 0.11365373 0.68261820 -0.13732110
v 0.11873812 0.76951396 -0.09669133
v 0.11701488 0.76860476 -0.10051474
v 0.11825366 0.77078819 -0.10901703
v 0.07697172 0.21699110 -0.05956113
v 0.05366471 0.25739548 -0.04733118
v 0.04216067 0.26409733 -0.04638258
v -0.00074578 0.19799134 -0.11492794
v -0.00792196 0.19611064 -0.11185734
v -0.05002638 0.88788283 -0.01925381
v -0.04891232 0.89762759 -0.03583477
v 0.13086838 0.74086237 -0.05784296
v 0.12338707 0.75661540 -0.06584541
v 0.11274038 0.75366265 -0.09852204
v 0.11417416 0.75956500 -0.09505712
v 0.10947803 0.75952870 -0.08128654
v 0.10810374 0.75253689 -0.08285885
v 0.11383402 0.75671530 -0.11172553
v 0.11585599 0.76102751 -0.10702056
v 0.06014777 0.79682285 0.01072937
v 0.06042812 0.81581110 0.00482401
v 0.04793423 0.81650406 0.00537803
v 0.04839047 0.79709399 0.01241254
v 0.03451584 0.79361588 0.01470333
v 0.03415139 0.81470251 0.00664688
v 0.01842107 0.81033432 0.00933890
v 0.01916291 0.78831422 0.01734745
v -0.01761921 0.86329532 -0.02321569
v -0.03170254 0.84671587 -0.00783018
v -0.04895601 0.83133513 0.00144174
v -0.06548960 0.81951720 0.00724340
v -0.09862324 0.88122010 -0.12644611
v -0.07542051 0.89111644 -0.12589312
v -0.07655016 0.88093495 -0.13642949
v -0.09623159 0.87206411 -0.13472489
v -0.11473466 0.86476767 -0.13353817
v -0.11780366 0.87396741 -0.12563895
v -0.05278523 0.86953384 -0.01054469
v -0.06503394 0.85835969 0.00005218
v -0.07390647 0.83952641 0.00370915
v 0.20677602 0.76634341 0.03321011
v 0.19098343 0.78042328 0.02131879
v -0.05909727 0.91710865 -0.06777034
v -0.05176220 0.90856832 -0.05171872
v 0.22205546 0.76736790 0.02062239
v 0.20552783 0.78127873 0.00794421
v 0.03581507 0.85951048 -0.01910051
v 0.04818609 0.86298001 -0.01708887
v 0.03349347 0.88291574 -0.03677934
v -0.05693775 0.87690520 -0.00520951
v -0.06867331 0.86671382 0.00582031
v 0.18886626 0.30932674 -0.15504114
v 0.18556564 0.30760378 -0.11669952
v 0.12535603 0.54202855 -0.11809256
v 0.12180057 0.52948618 -0.09364206
v -0.02756543 0.50339878 0.01752454
v -0.02434916 0.48142081 0.01382669
v -0.00166602 0.48479301 0.01406393
v -0.00377355 0.50874722 0.01853214
v -0.03976902 0.57772964 0.01949499
v -0.03532654 0.55222702 0.02022805
v -0.09449507 0.86147726 0.02245050
v 0.02551448 0.44391647 0.00091281
v 0.02275529 0.46773583 0.00521543
v 0.00033962 0.46108145 0.00816939
v 0.00253888 0.43593800 0.00257281
v -0.00382076 0.40881294 -0.00654778
v -0.00489848 0.39758450 -0.01159481
v 0.01180558 0.27615792 -0.05022031
v 0.00066231 0.27475908 -0.05064457
v 0.12374485 0.80142272 0.00261074
v 0.13730681 0.81637371 0.00032211
v 0.12735564 0.82787049 -0.00445548
v 0.11604585 0.81184608 -0.00242585
v 0.06313425 0.46226022 -0.02255989
v 0.04493570 0.45279813 -0.00766062
v 0.09063126 0.75294060 -0.02944992
v 0.09478094 0.74873328 -0.04917742
v -0.02251276 0.61222976 0.02063826
v 0.00191697 0.68545604 0.03830332
v -0.00255968 0.70226401 0.03625350
v 0.01473807 0.69282937 0.03634999
v 0.01173441 0.70857882 0.03538331
v -0.00794513 0.19583213 -0.12205467
v -0.00227708 0.20129704 -0.12961379
v 0.16600728 0.80971467 -0.08527683
v 0.16503225 0.80080688 -0.08861110
v 0.15527400 0.80641639 -0.09958385
v 0.15710662 0.81605315 -0.09582006
v 0.03508510 0.17739269 -0.12640981
v 0.02694512 0.19152141 -0.12383784
v 0.01926553 0.20779923 -0.21084890
v 0.00404053 0.20228794 -0.19174130
v -0.00401141 0.21087363 -0.20389210
v -0.00411265 0.21594250 -0.21601368
v 0.12622276 0.17667517 -0.03825296
v 0.11494797 0.20579123 -0.04227138
v 0.13523263 0.14756581 -0.03346024
v 0.14340784 0.11708400 -0.02810791
v 0.19896221 -0.08239722 -0.04951994
v 0.21598747 -0.10741699 -0.05717208
v 0.23261619 -0.19818413 -0.09643582
v 0.23735428 -0.23181117 -0.10937172
v 0.24420255 -0.26728380 -0.12374235
v 0.25982994 -0.33750939 -0.14768496
v 0.25197160 -0.30343813 -0.13744609
v 0.23374313 0.76082742 0.00750468
v 0.24224392 0.74948061 -0.00443514
v 0.22439843 0.76385456 -0.02046745
v 0.21598247 0.77603149 -0.00738183
v 0.14636986 0.71474618 -0.02557646
v 0.16230206 0.70174569 -0.01423170
v 0.15449405 0.71041960 -0.00128930
v 0.13892558 0.72376883 -0.01288461
v 0.18041453 0.68787032 -0.00190053
v 0.17183198 0.69591439 -0.02569794
v 0.19120944 0.68285501 -0.01160662
v 0.22780129 0.69765806 -0.02679505
v 0.20807092 0.70876300 -0.04449076
v 0.21715054 0.72341961 -0.04459359
v 0.23673159 0.71044588 -0.02576998
v 0.24508220 0.73619390 -0.01401365
v 0.24288768 0.72290671 -0.02117396
v 0.22501045 0.73680472 -0.03866311
v 0.22773248 0.75000590 -0.03031523
v 0.16529486 0.71792108 0.03217174
v 0.14762260 0.73206085 0.02134877
v 0.14910616 0.72033387 0.01071195
v 0.16659407 0.70650494 0.02207541
v 0.15230565 0.82539666 -0.00890026
v 0.14155382 0.83927083 -0.01479216
v 0.09690881 0.78168714 -0.03442452
v 0.09859140 0.78481340 -0.03884319
v 0.09707184 0.79195213 -0.02020027
v 0.09582748 0.79287612 -0.01701566
v 0.15932299 0.78863025 0.01817062
v 0.17585167 0.79517776 0.00865319
v 0.16257323 0.81095135 -0.00159070
v 0.14705497 0.80308992 0.00796811
v 0.13192901 0.74602634 0.00969712
v 0.11716601 0.75920939 -0.00082867
v 0.11899723 0.74740970 -0.01186437
v 0.13319978 0.73390609 -0.00070377
v 0.15744190 0.72383082 -0.06872565
v 0.17633602 0.71137965 -0.05617555
v 0.10621869 0.79469943 -0.00691504
v 0.11267692 0.78493154 -0.00088901
v 0.08993868 0.74191523 -0.03084107
v 0.10796671 0.74481785 -0.08438805
v 0.10881873 0.73583347 -0.08642101
v 0.06860831 0.66639751 0.00587178
v 0.06647818 0.68012357 0.01190350
v 0.10706650 0.70723593 -0.06756264
v 0.10935506 0.68739688 -0.06527621
v 0.07136331 0.68374825 0.00593753
v 0.07482927 0.67550105 -0.00017824
v 0.05472339 0.57957399 0.00269599
v -0.07022665 0.82973105 0.00330406
v 0.12197126 0.77374876 0.00708317
v 0.13280220 0.78922987 0.01088128
v 0.15462044 0.74966884 -0.08800808
v 0.14931856 0.74187744 -0.08406958
v 0.13647939 0.75312370 -0.09106882
v 0.14103037 0.75738871 -0.09528352
v 0.06551528 0.76482368 -0.18214720
v 0.07675686 0.75388479 -0.17398499
v 0.06517398 0.73903769 -0.18502919
v 0.05021739 0.75154859 -0.19361745
v 0.17022106 0.82188314 -0.07141393
v 0.16130349 0.83169782 -0.08051233
v 0.16087817 0.83838403 -0.06775744
v 0.17051823 0.82594228 -0.05882300
v 0.15937971 0.84336960 -0.05099721
v 0.15452667 0.84504622 -0.03116340
v 0.16447438 0.82984561 -0.02362593
v 0.16982527 0.82881343 -0.04231477
v 0.17464501 0.33934298 -0.18642133
v 0.16398986 0.34117994 -0.21841829
v 0.09714991 0.42600685 -0.07316101
v 0.11359187 0.43902469 -0.09073937
v 0.08133225 0.34736621 -0.06868993
v 0.02407943 0.21148351 -0.08506041
v 0.03910764 0.22793943 -0.06342426
v 0.04667176 0.15288630 -0.12770753
v 0.17831814 0.33597922 -0.15122302
v 0.08039579 0.09908110 -0.12239181
v 0.06280528 0.12697366 -0.12612377
v 0.11691181 0.09962624 -0.19379477
v 0.09849930 0.12691706 -0.20437610
v 0.12781516 0.13162756 -0.21226212
v 0.14239296 0.10560271 -0.20070209
v 0.15712519 0.13953912 -0.20822982
v 0.16951096 0.11419800 -0.19560985
v 0.21205239 0.06920344 -0.01660248
v 0.23652172 -0.16245323 -0.20282897
v 0.26498792 -0.19562501 -0.20589371
v 0.24330035 -0.19850743 -0.20812878
v 0.26010102 -0.15806442 -0.20143357
v 0.27708220 -0.12333685 -0.17993622
v 0.28195035 -0.15716839 -0.18988027
v 0.30302763 -0.21486318 -0.12212124
v 0.25101998 -0.23613870 -0.21013086
v 0.27022254 -0.23494351 -0.20813344
v 0.28497466 -0.19502753 -0.19539559
v 0.28768173 -0.23446959 -0.20007814
v 0.02135192 0.19937122 -0.11849611
v -0.00175290 0.22305104 -0.23341154
v 0.16930972 0.30507010 -0.08721111
v 0.18215813 0.28069997 -0.08445551
v 0.08249777 0.27628908 -0.05302201
v 0.10688669 0.29808477 -0.05930847
v 0.09810103 0.50346452 -0.05337884
v 0.08024543 0.49344596 -0.03679223
v 0.09412170 0.54868633 -0.04251696
v 0.09702667 0.52522194 -0.04861841
v 0.10994356 0.53749162 -0.06732699
v 0.10734136 0.55976039 -0.06137199
v 0.12044156 0.58153057 -0.10848469
v 0.12153251 0.56115150 -0.11374924
v 0.11929847 0.57188654 -0.13935132
v 0.11877897 0.59202653 -0.13491771
v 0.11450105 0.56289047 -0.16712037
v 0.12291738 0.55304623 -0.14328955
v 0.04242346 0.60763931 -0.22144842
v 0.03971279 0.63156480 -0.21758558
v 0.06013159 0.62582660 -0.20851977
v 0.06194852 0.60301042 -0.21196339
v 0.02695043 0.27131838 -0.04691532
v 0.01502039 0.20469543 -0.10313930
v 0.10534965 0.23127249 -0.04701842
v 0.12671325 0.26661155 -0.05095015
v 0.15767790 0.27644837 -0.06175957
v 0.11842819 0.76239538 -0.05542870
v 0.09958172 0.77521694 -0.14915869
v 0.09557181 0.78432685 -0.15228994
v 0.17619662 0.81389242 -0.01603652
v 0.18232329 0.81307149 -0.03411774
v 0.10641169 0.77121329 -0.00925296
v 0.12011287 0.83709764 -0.00780994
v 0.10497596 0.82752395 -0.00507221
v 0.11031588 0.82029104 -0.00513475
v 0.11280409 0.34851128 -0.07837268
v 0.12273412 0.33061388 -0.07248320
v 0.14634700 0.34471887 -0.09185074
v 0.00047870 0.20080107 -0.17348471
v -0.00414330 0.20483366 -0.18261024
v 0.06031730 0.25179294 -0.05240392
v 0.11167397 0.04637450 -0.11189209
v 0.09749842 0.07253391 -0.11645534
v 0.12390714 0.02008229 -0.10939793
v 0.13507138 -0.00508791 -0.10956815
v 0.14571780 -0.03018386 -0.11175663
v 0.15860179 -0.05315673 -0.11403862
v 0.17180468 -0.07328611 -0.11722264
v 0.18034570 -0.09614611 -0.12721004
v 0.18339628 -0.15940022 -0.13534129
v 0.18395741 -0.12301534 -0.14117064
v 0.18609720 -0.15307021 -0.15463136
v 0.18983865 -0.18455368 -0.16667382
v 0.21018125 -0.25067896 -0.18203367
v 0.19661926 -0.21727520 -0.17606495
v 0.22217754 -0.28563631 -0.18790366
v 0.23076293 -0.32127327 -0.19447832
v -0.00126969 0.19923231 -0.13723749
v -0.00005967 0.19976237 -0.15441179
v 0.02076603 0.85500419 -0.02014193
v 0.10059890 0.75490594 -0.06597788
v 0.10260862 0.76208884 -0.06558504
v 0.10081416 0.78191423 -0.01515009
v -0.00147356 0.23473305 -0.25202090
v -0.00236648 0.25001252 -0.27018848
v 0.20995097 0.76199472 -0.04606380
v 0.20739323 0.77667147 -0.03732751
v 0.10939635 0.76204598 -0.02267298
v 0.09929155 0.77535105 -0.05065214
v 0.10144247 0.78049642 -0.05349514
v 0.23957312 0.76620060 0.14058313
v 0.23129317 0.77147186 0.15828666
v 0.24384820 0.77204555 0.16185269
v 0.25309184 0.76544070 0.14403269
v 0.22657225 0.76119715 0.13898158
v 0.21952894 0.76580191 0.15672347
v 0.21187864 0.70014453 0.15804613
v 0.21057360 0.70963639 0.17773342
v 0.20426209 0.72013080 0.17012203
v 0.20647632 0.71210766 0.15026668
v 0.20442672 0.76189184 0.17480484
v 0.21048626 0.75673300 0.15702277
v 0.20510349 0.74483013 0.15922448
v 0.20028517 0.75061530 0.17771637
v 0.23943412 0.69007730 0.17094296
v 0.24035600 0.67863518 0.15136158
v 0.25634870 0.68222505 0.15292391
v 0.25408533 0.69453847 0.17180073
v 0.22058341 0.67628556 0.07867832
v 0.22074363 0.67533034 0.06757186
v 0.22485217 0.66230112 0.06848737
v 0.22574982 0.66411138 0.08268294
v 0.25565702 0.75623631 0.10383184
v 0.24753436 0.76116830 0.12214900
v 0.26182416 0.75885141 0.12555295
v 0.27055502 0.75178379 0.10691983
v 0.21838394 0.72901267 0.10318605
v 0.22441360 0.72327083 0.08554343
v 0.21935216 0.70737439 0.08817954
v 0.21379679 0.71285790 0.10621966
v 0.27792636 0.74299103 0.08863633
v 0.26442999 0.75108141 0.08614167
v 0.20920375 0.73928654 0.14075133
v 0.21316603 0.73420900 0.12169672
v 0.20916164 0.71919364 0.12493601
v 0.20632437 0.72565633 0.14462236
v 0.23385242 0.71488678 0.20601761
v 0.23728913 0.70239151 0.18898708
v 0.25047883 0.70718575 0.18921283
v 0.24550626 0.72003424 0.20605975
v 0.19943185 0.73938262 0.18276632
v 0.20300207 0.73226631 0.16370726
v 0.20186476 0.72866082 0.18931898
v 0.25330031 0.76541102 0.18983200
v 0.26345310 0.75575548 0.17261690
v 0.25519040 0.76619899 0.16677409
v 0.24529308 0.77416337 0.18405837
v 0.21566826 0.68517369 0.11666865
v 0.21340626 0.69212788 0.13771194
v 0.20900176 0.70485890 0.13055840
v 0.21225631 0.69801390 0.11054663
v 0.23995912 0.75274217 0.10195500
v 0.23326781 0.75692689 0.12033356
v 0.27328134 0.74559975 0.15480849
v 0.28222644 0.73461938 0.13636678
v 0.27331564 0.74893612 0.13035175
v 0.26458156 0.75784194 0.14871532
v 0.29007387 0.70503420 0.12273667
v 0.28446880 0.71809816 0.14206991
v 0.27916691 0.70294088 0.14697024
v 0.28398266 0.68965799 0.12746978
v 0.22534925 0.66785961 0.10215954
v 0.21830389 0.67975295 0.09616954
v 0.24104461 0.66849488 0.13029930
v 0.24020150 0.65957230 0.10821081
v 0.25834373 0.65890795 0.11061693
v 0.25791577 0.67051911 0.13252066
v 0.24409345 0.73379576 0.06006274
v 0.23888886 0.73578954 0.06905235
v 0.25436264 0.74566817 0.06871488
v 0.26013610 0.74190009 0.05824610
v 0.27138445 0.74489212 0.06991789
v 0.27661663 0.73866475 0.05679552
v 0.28501245 0.72165030 0.03635795
v 0.28737018 0.72146696 0.04453736
v 0.29125032 0.70461112 0.03999833
v 0.28727108 0.70572513 0.03050866
v 0.29989141 0.67635435 0.08274075
v 0.29591149 0.69037461 0.10324259
v 0.28771070 0.67522168 0.10724258
v 0.28991964 0.66094935 0.08508034
v 0.27092484 0.64255464 0.06735487
v 0.27462363 0.65219629 0.08719265
v 0.25668421 0.64970380 0.08861130
v 0.25236583 0.64365047 0.06998269
v 0.22770748 0.65879232 0.01423512
v 0.24052182 0.64948040 0.02690088
v 0.22668010 0.65240461 0.03307002
v 0.21532780 0.66116416 0.02161638
v 0.20878312 0.67318213 0.04629511
v 0.20746921 0.68618530 0.05252828
v 0.19710462 0.69345427 0.04763217
v 0.19826491 0.68075645 0.03965034
v 0.23931420 0.74193478 0.04807094
v 0.24534333 0.73720181 0.04992826
v 0.26149598 0.74221808 0.04379129
v 0.25496164 0.74676913 0.03955352
v 0.30035558 0.66584551 0.06371047
v 0.28899661 0.64725536 0.06353965
v 0.21650147 0.66798025 0.05244333
v 0.22173741 0.66345662 0.05898055
v 0.21828771 0.67691672 0.05990691
v 0.21440646 0.68105203 0.05595957
v 0.22442469 0.70923746 0.05814938
v 0.22688693 0.70554513 0.05996414
v 0.23545370 0.71948397 0.05711269
v 0.23455474 0.72187293 0.05520009
v 0.24781513 0.73437285 0.05192021
v 0.24747625 0.73287511 0.05418804
v 0.26336694 0.73973340 0.05122457
v 0.26405191 0.74015713 0.04746912
v 0.29789823 0.66316974 0.04927961
v 0.29170066 0.66207820 0.03768095
v 0.29435432 0.67619568 0.03598922
v 0.30025202 0.67848378 0.04715122
v 0.24589029 0.64217824 0.05546033
v 0.26214805 0.64088589 0.05168095
v 0.22707462 0.70259029 0.06385764
v 0.22051024 0.69151002 0.05999325
v 0.22220704 0.68864089 0.06584483
v 0.27840564 0.73584944 0.04817053
v 0.23967472 0.66083807 0.00924307
v 0.22378799 0.67006129 -0.00333545
v 0.23555711 0.67592418 -0.00759206
v 0.25074562 0.66653460 0.00529524
v 0.21180205 0.66931981 0.00343960
v 0.20004830 0.67293710 0.01135399
v 0.18311824 0.70437127 0.04111671
v 0.18390562 0.69223011 0.03233413
v 0.18675634 0.71776807 0.04828204
v 0.20157999 0.70731556 0.05364431
v 0.20903274 0.72058028 0.05735464
v 0.19401279 0.73135358 0.05210493
v 0.22395533 0.75267297 0.04280084
v 0.23960653 0.75483853 0.03148612
v 0.26614720 0.73941445 0.03001876
v 0.25121972 0.74776453 0.02033938
v 0.21546602 0.66140234 0.03978216
v 0.22429773 0.65550667 0.04812545
v 0.27703321 0.73007661 0.16087666
v 0.26782945 0.74218452 0.17852050
v 0.26624432 0.72808939 0.18325204
v 0.27351713 0.71560717 0.16545743
v 0.26026687 0.71622777 0.18687099
v 0.25365120 0.72883576 0.20366186
v 0.22139281 0.74736917 0.12015868
v 0.21607649 0.75186020 0.13887751
v 0.21182509 0.77145332 0.17418101
v 0.23402447 0.71772134 0.06210139
v 0.23006043 0.71883661 0.07091784
v 0.28830487 0.69109887 0.02718678
v 0.28175986 0.69482309 0.01782837
v 0.28172773 0.70888543 0.02236290
v 0.30228099 0.68541282 0.06002630
v 0.29463428 0.70345801 0.05309839
v 0.29237559 0.71639824 0.07327402
v 0.30031493 0.69662035 0.07696300
v 0.28344622 0.66331589 0.02659030
v 0.27315706 0.66827530 0.01528890
v 0.27906176 0.68112779 0.01507703
v 0.28748813 0.67698336 0.02569900
v 0.22195464 0.73232788 0.05672731
v 0.22983855 0.72605485 0.05554596
v 0.26184538 0.72312164 0.00112722
v 0.25959936 0.73524594 0.01010946
v 0.27194524 0.72736436 0.02130033
v 0.27360952 0.71471870 0.01314431
v 0.27982986 0.72350657 0.02913776
v 0.26004478 0.71046329 -0.00620692
v 0.27273750 0.70145226 0.00701384
v 0.20671697 0.74394041 0.05092213
v 0.26092398 0.67613637 0.00255003
v 0.24618867 0.68573755 -0.01089584
v 0.25468591 0.69784111 -0.01010432
v 0.26836523 0.68834364 0.00321964
v 0.26563281 0.70358646 0.16926149
v 0.26964283 0.69085175 0.15071934
v 0.23569113 0.65005511 0.07033572
v 0.23830631 0.65277195 0.08714470
v 0.23118982 0.65113395 0.05775405
v 0.22380495 0.69175768 0.16610464
v 0.22280902 0.70291656 0.18506539
v 0.22489771 0.67392957 0.12412947
v 0.22432026 0.68228066 0.14542666
v 0.28960603 0.72272736 0.11712999
v 0.26477307 0.64589560 0.03488494
v 0.27616438 0.64337271 0.04720665
v 0.25182551 0.64273620 0.03885452
v 0.18990111 0.68155003 0.02166658
v 0.20481698 0.66932428 0.03061282
v 0.29239082 0.65206784 0.05000306
v 0.17185371 0.69646132 0.00991183
v 0.28715867 0.72438931 0.05557377
v 0.27371630 0.73615968 0.03683072
v 0.27777579 0.73516643 0.04240704
v 0.23443145 0.77882534 0.17903659
v 0.22713146 0.74289507 0.10164646
v 0.22450417 0.70329571 0.07338297
v 0.22076973 0.68916273 0.07562668
v 0.25317028 0.65180707 0.02248999
v 0.26381764 0.65806091 0.01864363
v 0.27495080 0.65256190 0.03066042
v 0.21102223 0.70040995 0.05739456
v 0.21838197 0.71401131 0.05886392
v 0.22095451 0.71450430 0.20282805
v 0.21718067 0.69534451 0.05848595
v 0.28360265 0.73343241 0.07165977
v -0.08384013 0.83307385 -0.16156483
v -0.09979951 0.81395972 -0.16552238
v -0.10299533 0.82535958 -0.15933576
v 0.10968774 0.66677523 -0.06185398
v 0.07817855 0.61538607 -0.01841674
v 0.09234776 0.62642831 -0.03426900
v 0.10069588 0.74633098 -0.06699723
v 0.10210057 0.73606694 -0.06794021
v 0.10601314 0.77571994 -0.06469619
v 0.10428926 0.77039987 -0.06567933
v 0.09842666 0.70794624 -0.04716378
v -0.07455132 1.04973793 -0.02688440
v -0.07483876 1.04296196 -0.03120408
v -0.07574704 1.06385994 -0.02369419
v -0.00658566 0.42248586 -0.00256140
v -0.01761334 0.39531738 -0.01499889
v -0.01774772 0.38423604 -0.02059544
v -0.06536987 1.02963591 -0.01498896
v -0.06757023 1.02435935 -0.02146444
v -0.06341852 1.02778709 -0.01758332
v -0.06524531 1.03117192 -0.01261592
v -0.06552166 1.03014839 -0.01305929
v -0.07400861 1.06494677 -0.01272810
v -0.07448188 1.03389919 -0.03324693
v -0.07409561 1.02392519 -0.03294232
v -0.07178906 1.05006325 -0.01102666
v 0.02844291 0.48706508 -0.25702360
v 0.03454354 0.46771717 -0.26778856
v 0.00909445 0.46380731 -0.26919350
v 0.00438586 0.48246813 -0.25732318
v -0.01574762 0.44479892 -0.28246763
v -0.01869148 0.46107846 -0.26984736
v 0.01431307 0.44583714 -0.28284284
v 0.12897667 0.41948849 -0.25417227
v 0.12385599 0.44179189 -0.24709444
v 0.13756192 0.44239277 -0.22399279
v 0.14321853 0.42086208 -0.22979304
v 0.13921252 0.45496368 -0.19360772
v 0.14648239 0.43860647 -0.19838363
v 0.12988129 0.46007985 -0.21810819
v 0.14291012 0.44686279 -0.16692379
v 0.14956045 0.43068790 -0.17124528
v 0.13976569 0.43658736 -0.14214028
v 0.14641452 0.42059737 -0.14581980
v 0.13744681 0.40891439 -0.12307883
v 0.12102159 0.39590424 -0.10296430
v 0.10572583 0.36512429 -0.08363222
v 0.09962142 0.38098991 -0.08614878
v 0.07837054 0.36546826 -0.07216294
v 0.05643114 0.35142410 -0.06080756
v 0.03599003 0.34156886 -0.05403759
v 0.01738866 0.33494356 -0.05081517
v -0.00021474 0.33063096 -0.04976089
v -0.01593592 0.32707524 -0.05046067
v -0.01416932 0.30831426 -0.05425387
v 0.01930164 0.83182645 -0.00405351
v -0.02039509 0.91207743 -0.10402081
v 0.00344461 0.91177297 -0.08340229
v -0.00482958 0.91032022 -0.10659330
v 0.03364247 0.86857891 -0.15625916
v 0.01139643 0.86372304 -0.16695841
v 0.01056767 0.87828219 -0.15549195
v 0.03314006 0.88439429 -0.14141014
v -0.03002387 0.90416700 -0.11983360
v -0.03979741 0.90460682 -0.11606394
v -0.01784251 0.90201277 -0.12553486
v -0.03489811 0.89238149 -0.13730377
v -0.05358031 0.88251764 -0.14337502
v 0.06058265 0.90460300 -0.07970607
v 0.07735510 0.90150702 -0.07423218
v 0.07722992 0.89413512 -0.09785710
v 0.06397121 0.89654326 -0.10352498
v 0.06780031 0.85471523 -0.14611830
v 0.08208386 0.85412753 -0.13867544
v 0.08184460 0.84008259 -0.14545186
v 0.06722485 0.83982086 -0.15343957
v 0.12298931 0.87917733 -0.05307721
v 0.13540314 0.86845827 -0.04538124
v 0.13821490 0.86723989 -0.06700761
v 0.12422802 0.87774038 -0.07543467
v 0.07995121 0.86786175 -0.12931684
v 0.01696378 0.75551695 -0.20382273
v 0.03690755 0.76663452 -0.19688813
v 0.05401967 0.77638197 -0.18773930
v 0.09147579 0.79356533 -0.15387054
v 0.08650795 0.77979708 -0.16103065
v 0.08152424 0.79072046 -0.16276358
v 0.10053332 0.79518235 -0.14530019
v 0.10845748 0.79483092 -0.13702273
v 0.09841493 0.83544922 -0.00547186
v 0.09564971 0.81137836 -0.00370256
v 0.09940975 0.80662352 -0.00731624
v 0.12440971 0.78599072 -0.11758596
v 0.12517495 0.78079426 -0.11490022
v 0.11769590 0.78304213 -0.12263788
v 0.11614086 0.78795213 -0.12508707
v 0.04350618 0.90582210 -0.08407921
v 0.13897346 0.86003602 -0.08547764
v 0.13983046 0.84917772 -0.09779787
v 0.12450141 0.85635936 -0.10674616
v 0.12376934 0.86934769 -0.09326037
v 0.13749392 0.83984280 -0.10757234
v 0.13441117 0.82992053 -0.11536627
v 0.12138482 0.83428365 -0.12373144
v 0.12366129 0.84569985 -0.11609090
v 0.12634140 0.79151881 -0.11902741
v 0.11455158 0.79442656 -0.12753686
v 0.13373886 0.85073251 -0.01994689
v 0.08984076 0.89176404 -0.04186364
v 0.07495300 0.89808404 -0.04738425
v 0.07101042 0.88205004 -0.02472130
v 0.08327288 0.87537271 -0.02087255
v 0.11232123 0.77251971 -0.06247904
v 0.11745463 0.76836395 -0.07260561
v 0.12181202 0.76466346 -0.08282924
v 0.11858190 0.77421361 -0.11627182
v 0.12593777 0.76260459 -0.09134660
v 0.09830599 0.78802222 -0.02055264
v 0.10201430 0.80189019 -0.00976709
v 0.06888694 0.85815310 -0.01151626
v 0.07966218 0.85167658 -0.00896532
v 0.14530522 0.85751808 -0.03869487
v 0.14950529 0.85584033 -0.05989850
v 0.14342308 0.77024943 -0.10167370
v 0.13363473 0.77458453 -0.10768948
v 0.13432735 0.78020734 -0.11014643
v 0.11403508 0.77305514 -0.12949727
v 0.11821547 0.77772313 -0.12028087
v 0.09306917 0.89591241 -0.06765685
v 0.15120189 0.84033000 -0.09040705
v 0.15126161 0.84876090 -0.07779119
v 0.10877130 0.84978688 -0.12426207
v 0.09475798 0.85241783 -0.13191484
v 0.09376719 0.86545146 -0.12175038
v 0.10864303 0.86207616 -0.11425347
v 0.14498968 0.81173122 -0.10975767
v 0.14781383 0.82208776 -0.10637105
v 0.09440690 0.83932865 -0.13882039
v 0.10806855 0.83744246 -0.13156295
v 0.13596639 0.78614056 -0.11161320
v 0.05921724 0.86312950 -0.01442841
v 0.04819296 0.83874297 -0.00512754
v 0.05944861 0.83904219 -0.00369707
v 0.06950966 0.83440226 -0.00127467
v 0.08018097 0.82759571 -0.00040444
v 0.08975030 0.81868112 -0.00131695
v 0.03490812 0.83611894 -0.00478303
v 0.28495765 0.65014231 0.04037390
v 0.14328964 0.76360726 -0.09826306
v 0.15477230 0.76599681 -0.09441618
v 0.15547660 0.75830132 -0.09150963
v 0.20577528 0.74971169 -0.05512957
v -0.10613409 0.93797445 0.09873123
v -0.10502644 0.93277431 0.09523804
v -0.11347800 0.96196949 0.10382600
v -0.11213764 0.95821786 0.10403262
v 0.29359421 0.69004071 0.03652591
v 0.29711369 0.69021279 0.04547226
v 0.29555947 0.70991445 0.09711618
v 0.28808326 0.72867668 0.09209345
v 0.28146860 0.73945755 0.11138372
v 0.24724415 0.74902970 0.08429332
v 0.23311305 0.73858088 0.08402357
v 0.21682367 0.69283950 0.09174144
v 0.27466458 0.66512519 0.10961078
v 0.20379579 0.79113692 0.20806766
v 0.19374819 0.79750580 0.22494838
v 0.20438580 0.80147064 0.22783461
v 0.21490300 0.79390669 0.21139139
v 0.18340176 0.80354989 0.24111539
v 0.18704425 0.78893948 0.22547373
v 0.17848572 0.79421842 0.24160826
v 0.18433017 0.77913713 0.22766486
v 0.17738739 0.78469932 0.24407342
v 0.17917976 0.77605712 0.24800366
v 0.18462649 0.76974523 0.23174077
v 0.18784194 0.76189148 0.23723891
v 0.18376608 0.76909435 0.25358883
v 0.19671290 0.74637389 0.22557554
v 0.20425886 0.74018568 0.23155248
v 0.20148544 0.75120437 0.24834451
v 0.19370818 0.75565934 0.24301621
v 0.21541560 0.76378751 0.26930532
v 0.22033894 0.75187492 0.25441748
v 0.22786742 0.75838232 0.25347471
v 0.22166187 0.76963699 0.26849285
v 0.24205920 0.76553082 0.23216608
v 0.23520651 0.77761984 0.24818516
v 0.23260221 0.76739639 0.25100240
v 0.23947856 0.75457531 0.23531505
v 0.22946039 0.78865528 0.26375845
v 0.23157081 0.78672624 0.24378610
v 0.22468069 0.79760593 0.25833675
v 0.20356485 0.77737105 0.19097108
v 0.21323684 0.78439462 0.19162753
v 0.22244954 0.77737236 0.17541724
v 0.18962725 0.76335889 0.21434379
v 0.19087896 0.77339202 0.21034464
v 0.19771713 0.76765656 0.19271749
v 0.19498356 0.75701082 0.19636822
v 0.20919816 0.71942496 0.19683340
v 0.20713025 0.72993612 0.21444520
v 0.19948700 0.73733687 0.20775306
v 0.19180337 0.75432396 0.21959394
v 0.19573082 0.74676955 0.20164701
v 0.21452641 0.73757148 0.23642409
v 0.21110052 0.74961513 0.25258386
v 0.22526070 0.79076439 0.21661586
v 0.21526775 0.79948813 0.23276973
v 0.22425407 0.79395431 0.23846987
v 0.23358986 0.78465831 0.22245336
v 0.21797714 0.72629547 0.21976274
v 0.23526815 0.78242493 0.20042333
v 0.24330255 0.77511579 0.20619327
v 0.23995593 0.77597761 0.22773734
v 0.24888182 0.76491970 0.21177110
v 0.20602584 0.80815768 0.24776372
v 0.19418375 0.80900764 0.24387726
v 0.22487718 0.78631395 0.19517082
v 0.22549504 0.73912746 0.23889789
v 0.22973907 0.72703272 0.22265878
v 0.23988757 0.73266798 0.22227961
v 0.23420039 0.74524820 0.23813978
v 0.25788909 0.74041384 0.20002136
v 0.24971345 0.75289273 0.21641919
v 0.24641436 0.74167770 0.21969104
v 0.22703069 0.77830708 0.26698640
v 0.25808135 0.75360525 0.19545987
v 0.14891066 0.80948400 0.32312348
v 0.13888946 0.81271493 0.32261297
v 0.13921537 0.80436540 0.31646898
v 0.15024178 0.80160528 0.31624529
v 0.13783595 0.78778052 0.29803529
v 0.12717858 0.79492831 0.30007949
v 0.12592445 0.79616201 0.28859040
v 0.13642564 0.78878629 0.28492549
v 0.13092332 0.81774735 0.32062081
v 0.13080586 0.80880916 0.31549111
v 0.12824155 0.82310301 0.31526724
v 0.13007084 0.82594848 0.32486722
v 0.12930387 0.83331507 0.32028720
v 0.12791786 0.83958369 0.32521024
v 0.13446549 0.84691143 0.32353404
v 0.13685694 0.84129167 0.31367472
v 0.16398561 0.84354866 0.31883714
v 0.15597720 0.84761167 0.33096704
v 0.16688412 0.84494376 0.33523771
v 0.17423873 0.83977318 0.32267079
v 0.18420398 0.83121347 0.34042761
v 0.18984976 0.82711768 0.32728311
v 0.18223846 0.83381611 0.32531539
v 0.17494276 0.83830345 0.33877859
v 0.16458185 0.80604607 0.32443365
v 0.15847443 0.80758476 0.32312432
v 0.16116028 0.80029380 0.31633845
v 0.16800641 0.79882371 0.31718490
v 0.12223355 0.82737160 0.30776849
v 0.12155761 0.82431966 0.31101850
v 0.12953421 0.83026958 0.31133536
v 0.13197966 0.83115637 0.30467358
v 0.18584777 0.77539217 0.30493662
v 0.17929232 0.77754128 0.30012146
v 0.18190259 0.77501917 0.28891191
v 0.18972611 0.77192104 0.29320446
v 0.15579641 0.78068739 0.27934989
v 0.15530014 0.79204977 0.26814929
v 0.16216081 0.78954291 0.26574221
v 0.16527200 0.77974367 0.27776822
v 0.14659603 0.78337300 0.28119323
v 0.13789563 0.79806626 0.27547905
v 0.14710802 0.79406989 0.27075866
v 0.12695000 0.80376887 0.28068265
v 0.20071617 0.77135390 0.29622629
v 0.19980644 0.77318305 0.30613288
v 0.10138066 0.83703923 0.36069253
v 0.10487302 0.83718991 0.35643628
v 0.10809982 0.83518034 0.36163196
v 0.10439297 0.83494318 0.36535403
v 0.21446735 0.78868604 0.30372027
v 0.21489340 0.78398460 0.29645303
v 0.21688169 0.79400599 0.29497275
v 0.21423638 0.79887760 0.30100551
v 0.21339589 0.79369104 0.31263545
v 0.21087192 0.80437422 0.30926105
v 0.10089436 0.85047877 0.36084285
v 0.10548967 0.85131484 0.35682133
v 0.10348891 0.84681058 0.35420617
v 0.09933511 0.84612280 0.35852274
v 0.14588940 0.81633377 0.32888886
v 0.13653013 0.81952870 0.32783195
v 0.13155557 0.82736963 0.34102753
v 0.12744714 0.82999849 0.33616427
v 0.13198376 0.82514900 0.33236715
v 0.14085349 0.82198960 0.33599600
v 0.16041018 0.81507516 0.34079906
v 0.15269934 0.81841904 0.34009913
v 0.15711907 0.81417483 0.33193830
v 0.16496213 0.81054324 0.33292750
v 0.17487922 0.80343533 0.33775076
v 0.17904946 0.80005592 0.34162739
v 0.17619929 0.80422127 0.34897342
v 0.17116067 0.80827272 0.34561750
v 0.15718116 0.81807554 0.35750374
v 0.16205721 0.81603330 0.35988912
v 0.15755868 0.82141185 0.36581680
v 0.15332809 0.82313478 0.36423078
v 0.21615466 0.78051221 0.29000065
v 0.21953714 0.78970730 0.28782603
v 0.19972096 0.81632662 0.34399709
v 0.19650695 0.81879777 0.35455266
v 0.20152909 0.80910909 0.35668567
v 0.20441480 0.80609161 0.34558091
v 0.20958331 0.80815512 0.29733309
v 0.21347037 0.80398500 0.29096046
v 0.10413121 0.85235149 0.36563274
v 0.10882481 0.85332572 0.36149576
v 0.13108863 0.81505287 0.28092882
v 0.14324231 0.81028891 0.27484843
v 0.15331203 0.80628902 0.26989332
v 0.16040276 0.80380762 0.26649353
v 0.16501324 0.80176753 0.26145345
v 0.14254504 0.82256311 0.34204814
v 0.15435769 0.81267923 0.32805869
v 0.16903333 0.80398703 0.32547066
v 0.19214372 0.78809488 0.33965722
v 0.18512432 0.79169816 0.33756182
v 0.18548585 0.78739250 0.33057949
v 0.19565029 0.78355849 0.33271852
v 0.20290966 0.79682547 0.34781066
v 0.19968110 0.80047470 0.35765144
v 0.19344935 0.79692066 0.35671529
v 0.19619969 0.79285771 0.34860483
v 0.12069952 0.82867301 0.30330810
v 0.13134572 0.82923788 0.29744443
v 0.20959887 0.77937925 0.30585840
v 0.20933115 0.77643114 0.29782185
v 0.20987447 0.77439100 0.29027799
v 0.17413436 0.78753990 0.30907652
v 0.16964319 0.78916883 0.30823722
v 0.16885428 0.77954161 0.29577538
v 0.17511527 0.77895820 0.29737166
v 0.15031196 0.79103768 0.30856469
v 0.13869603 0.79471773 0.30924556
v 0.14962040 0.78265017 0.29634032
v 0.17504600 0.77694035 0.28447607
v 0.17731355 0.77664131 0.27519175
v 0.18504240 0.77395040 0.28018257
v 0.19338419 0.77129680 0.28486511
v 0.20251268 0.77076191 0.28863791
v 0.18039280 0.77432340 0.26632956
v 0.18780267 0.77094918 0.27148041
v 0.19635089 0.76875854 0.27631894
v 0.20468181 0.76859260 0.27988788
v 0.22303444 0.79596210 0.27507880
v 0.21768162 0.80007571 0.28375039
v 0.22299385 0.78544950 0.27948692
v 0.16926433 0.78884542 0.25704342
v 0.17424628 0.78051329 0.26124215
v 0.16959406 0.78146362 0.26980165
v 0.17052753 0.79891700 0.25440499
v 0.11970436 0.80106795 0.30086026
v 0.12289850 0.80578810 0.30854216
v 0.11642800 0.80937827 0.30997321
v 0.11270679 0.80585414 0.30351028
v 0.12775223 0.83190048 0.32856581
v 0.12492015 0.83589709 0.33233848
v 0.12579603 0.84323144 0.33039138
v 0.19958971 0.77618855 0.31606314
v 0.18751587 0.77863944 0.31478736
v 0.13491008 0.82656097 0.34525940
v 0.11088991 0.85162282 0.35197619
v 0.11939663 0.85074681 0.34313026
v 0.11679608 0.84548199 0.34071341
v 0.10833403 0.84675473 0.34931096
v 0.13315779 0.83142161 0.35182157
v 0.12725002 0.83487952 0.35671982
v 0.12495907 0.83149147 0.35191986
v 0.13030386 0.82976770 0.34764406
v 0.16788413 0.81297708 0.36259118
v 0.16425706 0.81730622 0.36747876
v 0.14646545 0.84625202 0.34361711
v 0.14562780 0.85086584 0.32570472
v 0.13908590 0.85170215 0.33559850
v 0.16639178 0.81168628 0.34295389
v 0.16673444 0.81210232 0.35321614
v 0.16194436 0.81481028 0.35064188
v 0.14277992 0.82295907 0.34541050
v 0.14875059 0.82094693 0.34575191
v 0.14407362 0.82402331 0.35013536
v 0.13804087 0.82589507 0.34813204
v 0.20551695 0.79041487 0.33674046
v 0.20774424 0.80244780 0.33356449
v 0.10341358 0.84171605 0.35413930
v 0.09965543 0.84132409 0.35846701
v 0.21818617 0.77685612 0.28154936
v 0.21202490 0.77124989 0.28158268
v 0.17031701 0.80707407 0.33476266
v 0.15178372 0.84529346 0.31485257
v 0.17331710 0.80078787 0.32696423
v 0.17796776 0.82744515 0.36294463
v 0.17345756 0.82975364 0.36960939
v 0.17344038 0.82293063 0.37095925
v 0.17871925 0.82002991 0.36633185
v 0.11908810 0.83804983 0.36427364
v 0.11398306 0.83965492 0.36931631
v 0.11144546 0.83594865 0.36599407
v 0.11640195 0.83450216 0.36052397
v 0.12737986 0.83031064 0.34341624
v 0.12172136 0.83151883 0.34778306
v 0.11834292 0.83440340 0.34367731
v 0.12398856 0.83314443 0.33915207
v 0.12216991 0.83839554 0.33585712
v 0.11673295 0.83967632 0.34110114
v 0.12010515 0.84465629 0.36553660
v 0.12810239 0.84181601 0.35764942
v 0.12771276 0.84945858 0.35420915
v 0.11842509 0.85096598 0.36203828
v 0.19477710 0.82275182 0.31423023
v 0.19727871 0.82011354 0.32979718
v 0.20164341 0.81612813 0.31686023
v 0.17753643 0.83374941 0.35251471
v 0.18530385 0.82397026 0.35477212
v 0.19239178 0.82365763 0.34263745
v 0.20337854 0.81294167 0.33161095
v 0.14025733 0.83854043 0.35297385
v 0.14365232 0.84390754 0.35266843
v 0.13672405 0.84612292 0.34903666
v 0.17857645 0.79593325 0.32998386
v 0.10828408 0.84139502 0.34954682
v 0.17549346 0.82077265 0.27190295
v 0.17049564 0.82358664 0.27915034
v 0.18353643 0.82702392 0.28583160
v 0.18730697 0.82303333 0.27686790
v 0.11295518 0.83431447 0.35630324
v 0.10952920 0.83630008 0.35186186
v 0.17302652 0.81144834 0.36636004
v 0.17606220 0.81338233 0.37038001
v 0.17213565 0.81715387 0.37243173
v 0.16914858 0.81611288 0.36990568
v 0.20740888 0.80912155 0.31950411
v 0.19421217 0.82005131 0.36324832
v 0.19835064 0.81118667 0.36588928
v 0.20583980 0.81219965 0.30579969
v 0.20240900 0.81579971 0.29348233
v 0.19905661 0.81893808 0.30268607
v 0.16458830 0.83918041 0.35278764
v 0.18802352 0.82883096 0.31246594
v 0.19232750 0.82458943 0.30015251
v 0.19495280 0.82179558 0.28970721
v 0.19809985 0.81910086 0.28171119
v 0.20598419 0.81257385 0.28636912
v 0.11463594 0.85364568 0.35665068
v 0.11220448 0.85115451 0.36629739
v 0.21668753 0.80452645 0.26935658
v 0.21053410 0.80898637 0.27846208
v 0.20816776 0.81047904 0.26430628
v 0.20240460 0.81559038 0.27370980
v 0.17566001 0.83210206 0.29457977
v 0.18451001 0.82950544 0.29761747
v 0.17048763 0.83792889 0.30675581
v 0.18044536 0.83423698 0.30984828
v 0.15816458 0.84657764 0.34684774
v 0.10258562 0.84625959 0.37925175
v 0.10313252 0.84145206 0.37978682
v 0.10932385 0.84037811 0.37393484
v 0.10878391 0.84588051 0.37379774
v 0.11422720 0.84549862 0.36976549
v 0.10750212 0.85072941 0.37085435
v 0.15748122 0.83910233 0.30369475
v 0.13975948 0.82842511 0.35409555
v 0.16054145 0.83023298 0.28958800
v 0.14385647 0.83173066 0.29272911
v 0.14292498 0.83823752 0.30258307
v 0.15016539 0.82158679 0.27923712
v 0.15990335 0.81775212 0.27321044
v 0.17053899 0.81155640 0.26214531
v 0.16650040 0.81423569 0.26790091
v 0.17584269 0.80822521 0.25408679
v 0.13781892 0.82432801 0.28483161
v 0.09997215 0.83499753 0.37175485
v 0.09660727 0.83652794 0.36685821
v 0.17948654 0.81804675 0.26510158
v 0.18541466 0.81465447 0.25575042
v 0.12934554 0.80050212 0.30941173
v 0.17544004 0.79396534 0.31901976
v 0.17947599 0.78943503 0.32100412
v 0.18629245 0.78295636 0.32338294
v 0.19801138 0.77969539 0.32517424
v 0.19784163 0.81507897 0.25953266
v 0.19040462 0.76447046 0.25920805
v 0.19884625 0.76186997 0.26397511
v 0.21588036 0.80349433 0.25296953
v 0.09466177 0.84046495 0.36443117
v 0.15603213 0.82893223 0.36684349
v 0.15387438 0.82932091 0.36695257
v 0.11805428 0.80132699 0.29164681
v 0.11080906 0.80694765 0.29651734
v 0.11246985 0.82156080 0.29385915
v 0.12079514 0.81832629 0.28659847
v 0.11803156 0.80843633 0.28593370
v 0.11061676 0.81323278 0.29325917
v 0.17715392 0.78562725 0.31044140
v 0.18115406 0.78285426 0.31284013
v 0.21131510 0.79841983 0.32240346
v 0.20877899 0.78658932 0.32553497
v 0.12269933 0.84477592 0.33495799
v 0.12638144 0.84959549 0.33691016
v 0.13078544 0.84903079 0.33126470
v 0.12429313 0.85267282 0.34838405
v 0.13408387 0.83857667 0.35301617
v 0.13777351 0.83444464 0.35399118
v 0.16163403 0.79000306 0.30805156
v 0.16017969 0.78042471 0.29566345
v 0.12078062 0.81681490 0.31226423
v 0.12576842 0.81288034 0.31270841
v 0.15589371 0.81787294 0.34765247
v 0.15524811 0.84276128 0.36117753
v 0.15087768 0.84746701 0.35549358
v 0.15152575 0.82097054 0.35347429
v 0.09383270 0.84501386 0.36448976
v 0.09513053 0.84938502 0.36680785
v 0.13237907 0.85182559 0.34219834
v 0.17227134 0.80841053 0.35636672
v 0.15496317 0.83616436 0.36524323
v 0.16175339 0.83597684 0.36186913
v 0.19681835 0.80339450 0.36436722
v 0.19140555 0.81965107 0.26916274
v 0.10770111 0.83600247 0.37067655
v 0.10278170 0.83644652 0.37688681
v 0.10149662 0.84989107 0.37629732
v 0.09868488 0.85141873 0.37134746
v 0.20981567 0.78281069 0.31511125
v 0.17204617 0.79688209 0.31794372
v 0.20762417 0.76133615 0.26744756
v 0.12656441 0.82605565 0.29025736
v 0.11684456 0.82764077 0.29789534
v 0.14780568 0.82462347 0.35856858
v 0.18569961 0.82164133 0.36352888
v 0.16097736 0.83705723 0.36627796
v 0.16852209 0.83661127 0.36750260
v 0.17254823 0.83528334 0.36104164
v 0.15694022 0.83324552 0.36780986
v 0.09370911 0.85105050 0.37653372
v 0.09657931 0.84961224 0.38125029
v 0.09009104 0.84902000 0.37216374
v 0.08957274 0.84456480 0.36984989
v 0.09087312 0.84034574 0.36926731
v 0.09803447 0.84617394 0.38407698
v 0.09879735 0.84172785 0.38435218
v 0.09869318 0.83692575 0.38099429
v 0.09403448 0.84578860 0.38831499
v 0.09178817 0.84913045 0.38640168
v 0.08060571 0.84700161 0.38179186
v 0.08132712 0.84892845 0.38447812
v 0.08416723 0.84939039 0.38211849
v 0.08501049 0.84878576 0.37812868
v 0.07760610 0.84609520 0.38606271
v 0.07844354 0.84853202 0.38835308
v 0.08393277 0.85006672 0.38767311
v 0.08678374 0.85017371 0.38399550
v 0.08079694 0.84995127 0.39171007
v 0.08356251 0.84880424 0.39453998
v 0.08650705 0.84879345 0.39055488
v 0.08849709 0.84929967 0.38698229
v 0.08940099 0.85064137 0.38118353
v 0.07608636 0.84579951 0.39085326
v 0.07744615 0.84626877 0.39591148
v 0.07818264 0.84920299 0.39485362
v 0.07676037 0.84819746 0.39128634
v 0.08548827 0.84433812 0.37478843
v 0.08133488 0.84358525 0.38055065
v 0.07825373 0.84279078 0.38565519
v 0.07681400 0.84257209 0.39080557
v 0.08229229 0.83983594 0.38092121
v 0.07938801 0.83981740 0.38668069
v 0.07844321 0.83997679 0.39100268
v 0.08405662 0.83685970 0.38325396
v 0.08100581 0.83786571 0.38871691
v 0.08703625 0.84014511 0.37409356
v 0.08933272 0.83677673 0.37583980
v 0.07999369 0.83873165 0.39136699
v 0.07836273 0.84317237 0.39572665
v 0.08885500 0.84734052 0.39201555
v 0.08536085 0.84665108 0.39603218
v 0.09016190 0.84483880 0.39296040
v 0.08622309 0.84428155 0.39672682
v 0.08117069 0.84878343 0.39704463
v 0.08160718 0.84653592 0.39829037
v 0.09319519 0.83673453 0.37115279
v 0.09659088 0.83546036 0.37605664
v 0.09264851 0.83550048 0.38038167
v 0.08725592 0.83554679 0.38745871
v 0.09489124 0.83728588 0.38520101
v 0.09484152 0.84170353 0.38851497
v 0.09020635 0.84169579 0.39285305
v 0.08989669 0.83774596 0.39119866
v 0.08632094 0.84135592 0.39616290
v 0.08564112 0.83864629 0.39467493
v 0.08343315 0.83730626 0.39194492
v 0.08291323 0.84105831 0.39711377
v 0.08238036 0.84368408 0.39819977
v 0.07991937 0.84063315 0.39494488
v 0.08143015 0.83885032 0.39385709
v 0.08317058 0.83937132 0.39565143
v 0.11966963 0.83281732 0.38672021
v 0.12414771 0.83319855 0.38037637
v 0.12808309 0.83139271 0.38408402
v 0.12345418 0.83093596 0.39063063
v 0.11869864 0.84668267 0.38355407
v 0.12360699 0.84774148 0.37823269
v 0.12162086 0.84208089 0.37709120
v 0.11699578 0.84094596 0.38287297
v 0.12385102 0.84865320 0.38781670
v 0.12876858 0.84987515 0.38237873
v 0.12910651 0.84825659 0.37169185
v 0.13772120 0.84591907 0.36103222
v 0.13573399 0.83980423 0.36074194
v 0.12691550 0.84219116 0.37080356
v 0.14878610 0.83103412 0.37317649
v 0.14669153 0.82787162 0.37006322
v 0.12217736 0.83695984 0.37822488
v 0.11746138 0.83609700 0.38420096
v 0.14015672 0.83335036 0.38388988
v 0.13443407 0.83408582 0.39095077
v 0.13174996 0.83135229 0.38805571
v 0.13742897 0.83044416 0.38105002
v 0.14243068 0.82784843 0.36577407
v 0.13712744 0.82999361 0.36182937
v 0.13507017 0.83455396 0.36057219
v 0.14101061 0.83905548 0.38448575
v 0.14947280 0.83762932 0.37367007
v 0.14782006 0.84466541 0.37021843
v 0.13890739 0.84563631 0.38135692
v 0.12701885 0.83666855 0.37132344
v 0.13359050 0.83064860 0.37691900
v 0.12908153 0.83240986 0.37316373
v 0.13463913 0.85022748 0.37595585
v 0.13298854 0.84536326 0.38767543
v 0.12263583 0.83966768 0.40316418
v 0.12302828 0.83488071 0.40465745
v 0.12953201 0.83415133 0.39711300
v 0.12932691 0.83928555 0.39632443
v 0.13459182 0.83917975 0.39080003
v 0.12766834 0.84486115 0.39277288
v 0.11718248 0.83063114 0.39973131
v 0.11346961 0.83223164 0.39534119
v 0.11116487 0.83528548 0.39276132
v 0.14350869 0.84930742 0.36489215
v 0.11085396 0.83969611 0.39132103
v 0.11239094 0.84531212 0.39140895
v 0.12718110 0.83095539 0.39467362
v 0.12098219 0.83113688 0.40309909
v 0.12108073 0.84424508 0.39978895
v 0.11754601 0.84759861 0.39505449
v 0.11224572 0.84636319 0.40179482
v 0.11574800 0.84337008 0.40590504
v 0.10728870 0.84454048 0.39826438
v 0.10631903 0.83933938 0.39741948
v 0.10722675 0.83526993 0.39822760
v 0.11742620 0.83978415 0.40883777
v 0.11807194 0.83566797 0.40991083
v 0.11672541 0.83176684 0.40804389
v 0.11262795 0.83966398 0.41441819
v 0.11033593 0.84290957 0.41278991
v 0.09481124 0.84166509 0.41557899
v 0.09599541 0.84413254 0.41669413
v 0.09912731 0.84417117 0.41248944
v 0.09792633 0.84259862 0.41009668
v 0.10183802 0.84467310 0.40975526
v 0.10226808 0.84418565 0.40553609
v 0.10208990 0.84509796 0.41527340
v 0.10476474 0.84487450 0.41158184
v 0.09884136 0.84558088 0.41996673
v 0.10190803 0.84386891 0.42227957
v 0.10491957 0.84341574 0.41705891
v 0.10690454 0.84349823 0.41384205
v 0.09324781 0.84150875 0.42051795
v 0.09402551 0.84405637 0.42027214
v 0.10760798 0.84557807 0.40802702
v 0.10250088 0.83943778 0.40297565
v 0.09801584 0.83895338 0.40907922
v 0.09484001 0.83834845 0.41537657
v 0.09366377 0.83834350 0.42078754
v 0.09910710 0.83477318 0.40959671
v 0.09579858 0.83508360 0.41593412
v 0.09534869 0.83563983 0.42077819
v 0.10164200 0.83147919 0.41192892
v 0.09816509 0.83268785 0.41786048
v 0.10386363 0.83511388 0.40301368
v 0.10655890 0.83187556 0.40496072
v 0.09708638 0.83407700 0.42091450
v 0.09572341 0.83917552 0.42496416
v 0.09502283 0.84238440 0.42510435
v 0.09567851 0.84570110 0.42399278
v 0.10658910 0.84152544 0.41823903
v 0.10276712 0.84146428 0.42328998
v 0.10797545 0.83944494 0.41983256
v 0.10358781 0.83944708 0.42431113
v 0.09932239 0.84439063 0.42570898
v 0.09924029 0.84208977 0.42640641
v 0.10972379 0.83222532 0.40064785
v 0.11328595 0.83082885 0.40435991
v 0.11012760 0.83053720 0.40857431
v 0.10544380 0.83061939 0.41560850
v 0.11334863 0.83196366 0.41242853
v 0.11388891 0.83604467 0.41484931
v 0.10901388 0.83644599 0.42009839
v 0.10855661 0.83279127 0.41872999
v 0.10427333 0.83696771 0.42408654
v 0.10400643 0.83416820 0.42304054
v 0.10152873 0.83216476 0.42078301
v 0.10056499 0.83707893 0.42573997
v 0.09968037 0.83945721 0.42654577
v 0.09725668 0.83637768 0.42432424
v 0.09901126 0.83423519 0.42314252
v 0.10129192 0.83510244 0.42450187
v 0.14129686 0.82646406 0.39352152
v 0.14520216 0.82655287 0.38837472
v 0.14915769 0.82342094 0.39044735
v 0.14531162 0.82310545 0.39582643
v 0.14311635 0.83820385 0.39390680
v 0.14719991 0.83909029 0.38766286
v 0.14417496 0.83555287 0.38710746
v 0.14054658 0.83525938 0.39287683
v 0.14758974 0.83839160 0.39657071
v 0.15246907 0.83911008 0.39031175
v 0.15133223 0.83905613 0.38136694
v 0.15709259 0.83800542 0.37288108
v 0.15382281 0.83330095 0.37303898
v 0.14788024 0.83496952 0.38117757
v 0.14360511 0.83108538 0.38747111
v 0.13993318 0.83109736 0.39286992
v 0.16074236 0.82252443 0.38851932
v 0.15616715 0.82400036 0.39487138
v 0.15327159 0.82256091 0.39294025
v 0.15783870 0.82133818 0.38659003
v 0.16010480 0.82007933 0.37413564
v 0.15553394 0.82355565 0.37280521
v 0.15381728 0.82819045 0.37302324
v 0.16265327 0.82732767 0.38940057
v 0.16889410 0.82517231 0.37907240
v 0.16829054 0.83212030 0.37803105
v 0.16177902 0.83407271 0.38739756
v 0.14738260 0.83009094 0.38185462
v 0.15329255 0.82199371 0.38427773
v 0.14909784 0.82539439 0.38253656
v 0.15720402 0.83876336 0.38376305
v 0.15675665 0.83458138 0.39355889
v 0.14634416 0.83031344 0.40947804
v 0.14602385 0.82589471 0.40959355
v 0.15226783 0.82438171 0.40091106
v 0.15320896 0.82916832 0.40133199
v 0.15790679 0.82833731 0.39557680
v 0.15149628 0.83467758 0.39958754
v 0.13991071 0.82326585 0.40408978
v 0.13631146 0.82598352 0.40151808
v 0.13491409 0.83042514 0.40072450
v 0.16328460 0.83781844 0.37505195
v 0.16722575 0.81987619 0.37831309
v 0.13520220 0.83403349 0.40087661
v 0.13703284 0.83709115 0.40201971
v 0.14936367 0.82248521 0.39857003
v 0.14389428 0.82311314 0.40714505
v 0.14478332 0.83493584 0.40754530
v 0.14142570 0.83806527 0.40453902
v 0.13687348 0.83757555 0.41037706
v 0.14061648 0.83507359 0.41337880
v 0.13226581 0.83672798 0.40795633
v 0.13106833 0.83338821 0.40676984
v 0.13139345 0.82996041 0.40625104
v 0.14194003 0.83072662 0.41501328
v 0.14160140 0.82691705 0.41498086
v 0.14014287 0.82389659 0.41214862
v 0.13893928 0.83060241 0.41950288
v 0.13641857 0.83448458 0.41865095
v 0.12092304 0.83475363 0.42303190
v 0.12258642 0.83588940 0.42400989
v 0.12515374 0.83567941 0.42023841
v 0.12366203 0.83500147 0.41854921
v 0.12757508 0.83630311 0.41743276
v 0.12805749 0.83642709 0.41403124
v 0.12833659 0.83671397 0.42223480
v 0.13067281 0.83673877 0.41852829
v 0.12579952 0.83690536 0.42654774
v 0.12932129 0.83452845 0.42778733
v 0.13165322 0.83430827 0.42332235
v 0.13325168 0.83529437 0.42024770
v 0.12000666 0.83463413 0.42742249
v 0.12112975 0.83625728 0.42747322
v 0.13318910 0.83698344 0.41528806
v 0.12754992 0.83332658 0.41180906
v 0.12339094 0.83250374 0.41726056
v 0.12066486 0.83205485 0.42226490
v 0.12005351 0.83161944 0.42689779
v 0.12437917 0.82928473 0.41699865
v 0.12164147 0.82913852 0.42219415
v 0.12131009 0.82891560 0.42618969
v 0.12628002 0.82609499 0.41739061
v 0.12352691 0.82667315 0.42279252
v 0.12831357 0.82975274 0.41128513
v 0.13042851 0.82633209 0.41139314
v 0.12288349 0.82732475 0.42563692
v 0.12302943 0.83098960 0.43080547
v 0.12279546 0.83442789 0.43126783
v 0.12373041 0.83694559 0.43013641
v 0.13401084 0.83270448 0.42429802
v 0.13080627 0.83242464 0.42878082
v 0.13530008 0.82993221 0.42420492
v 0.13152026 0.82992470 0.42858920
v 0.12719031 0.83506441 0.43041942
v 0.12751088 0.83317095 0.43124768
v 0.13320826 0.82642072 0.40662190
v 0.13659105 0.82392782 0.40875646
v 0.13371782 0.82404816 0.41286501
v 0.12961686 0.82401609 0.41927984
v 0.13730313 0.82423252 0.41599241
v 0.13865641 0.82711446 0.41861215
v 0.13475333 0.82695854 0.42309424
v 0.13313729 0.82459641 0.42146149
v 0.13114929 0.82738525 0.42777702
v 0.12968554 0.82543969 0.42624637
v 0.12652388 0.82510012 0.42451355
v 0.12774390 0.82788974 0.42971829
v 0.12780990 0.83048230 0.43094239
v 0.12382790 0.82825845 0.42881992
v 0.12487987 0.82652509 0.42702946
v 0.12746841 0.82633007 0.42816094
v 0.16443577 0.81896031 0.37611911
v 0.17297892 0.81278646 0.39487883
v 0.17495331 0.81296134 0.38977924
v 0.17787756 0.81010503 0.39058819
v 0.17591304 0.80981743 0.39556333
v 0.17593171 0.82289219 0.39665064
v 0.17838244 0.82354140 0.39077923
v 0.17473346 0.82109606 0.38982639
v 0.17237675 0.82074249 0.39556906
v 0.18091184 0.82169110 0.39806303
v 0.18383390 0.82230830 0.39217332
v 0.18103290 0.82329071 0.38373140
v 0.18435159 0.82263017 0.37234893
v 0.17999716 0.81939793 0.37340531
v 0.17718801 0.82048577 0.38310382
v 0.19443496 0.80538517 0.36986187
v 0.19158781 0.80658019 0.37685910
v 0.18733124 0.80594230 0.37644508
v 0.19004884 0.80356914 0.36885288
v 0.17357446 0.81699634 0.38945737
v 0.17163928 0.81676680 0.39498934
v 0.18765253 0.80829936 0.38666847
v 0.18515496 0.80920517 0.39293668
v 0.18137431 0.80874234 0.39178678
v 0.18358350 0.80774665 0.38593826
v 0.18477306 0.80474746 0.36863998
v 0.18312836 0.80745941 0.37582484
v 0.18019313 0.81056517 0.37475589
v 0.17994046 0.80797493 0.36856750
v 0.17886630 0.81445932 0.37439868
v 0.19060086 0.81155807 0.38674721
v 0.19440651 0.80979770 0.37646827
v 0.19534941 0.81512183 0.37491176
v 0.19054766 0.81691098 0.38637063
v 0.17597145 0.81634909 0.38335171
v 0.17997853 0.80913961 0.38494727
v 0.17722118 0.81228781 0.38394275
v 0.18670778 0.82215130 0.38464811
v 0.18736976 0.81760746 0.39337042
v 0.18211058 0.81209195 0.40597722
v 0.18039787 0.80928063 0.40503487
v 0.18302153 0.80916333 0.39838287
v 0.18536036 0.81238395 0.39931235
v 0.18786198 0.81248176 0.39363810
v 0.18456657 0.81730199 0.39924517
v 0.17348094 0.80964988 0.40207657
v 0.17033544 0.81239569 0.40151116
v 0.16907786 0.81615019 0.40157130
v 0.19112471 0.82157433 0.37250414
v 0.16951931 0.81970239 0.40243289
v 0.17259105 0.82177436 0.40354881
v 0.17946002 0.80855227 0.39688793
v 0.17707655 0.80857676 0.40335158
v 0.18127233 0.81646991 0.40596125
v 0.17755336 0.82059807 0.40472302
v 0.17484032 0.82033652 0.41020539
v 0.17854796 0.81637663 0.41147509
v 0.16999134 0.82109660 0.40875545
v 0.16747709 0.81903994 0.40725139
v 0.16741714 0.81558079 0.40641692
v 0.17958191 0.81170905 0.41092464
v 0.17808773 0.80953687 0.40965196
v 0.17526376 0.80910695 0.40777668
v 0.17696066 0.81201088 0.41570863
v 0.17538111 0.81632316 0.41671750
v 0.16229580 0.81839025 0.42122868
v 0.16404980 0.81942701 0.42184857
v 0.16555585 0.81943244 0.41890922
v 0.16398190 0.81915319 0.41732857
v 0.16768828 0.82004458 0.41623655
v 0.16737139 0.82026601 0.41352907
v 0.16890036 0.81955767 0.41999605
v 0.17062011 0.81955731 0.41682991
v 0.16723843 0.81946158 0.42375353
v 0.17007975 0.81614554 0.42471036
v 0.17197905 0.81665301 0.42129484
v 0.17295434 0.81763315 0.41836640
v 0.16188008 0.81768191 0.42510650
v 0.16316220 0.81922138 0.42481992
v 0.17226556 0.81993681 0.41420498
v 0.16544162 0.81850606 0.41151956
v 0.16285144 0.81757945 0.41613600
v 0.16085908 0.81642824 0.42121044
v 0.16135955 0.81508631 0.42518595
v 0.16316068 0.81496567 0.41531554
v 0.16153628 0.81397027 0.42037901
v 0.16197667 0.81292176 0.42382172
v 0.16483249 0.81229734 0.41439298
v 0.16308434 0.81193101 0.41949567
v 0.16566470 0.81561691 0.40999040
v 0.16736925 0.81275827 0.40921745
v 0.16275112 0.81187612 0.42255923
v 0.16408221 0.81389624 0.42702815
v 0.16463329 0.81634951 0.42767671
v 0.16581437 0.81890380 0.42696330
v 0.17348747 0.81438518 0.42130479
v 0.17091583 0.81375670 0.42511562
v 0.17407064 0.81166428 0.42017528
v 0.17045096 0.81153929 0.42460111
v 0.16840261 0.81659102 0.42708299
v 0.16806847 0.81453025 0.42747989
v 0.16886781 0.81226802 0.40586373
v 0.17161393 0.81004220 0.40627554
v 0.17021334 0.81006801 0.40959564
v 0.16760345 0.80998355 0.41456714
v 0.17358041 0.80906987 0.41142514
v 0.17610407 0.80960029 0.41363612
v 0.17306994 0.80964631 0.41854385
v 0.17077905 0.80882692 0.41639122
v 0.16948950 0.80994684 0.42297885
v 0.16761670 0.80937731 0.42122230
v 0.16518639 0.81011897 0.41972271
v 0.16636361 0.81104380 0.42526934
v 0.16717137 0.81243384 0.42682502
v 0.16394848 0.81208575 0.42536733
v 0.16417697 0.81095195 0.42319337
v 0.16586521 0.81034350 0.42363599
v 0.19664539 0.80843246 0.37014040
v 0.11162802 0.83238542 0.31034002
v 0.11370014 0.83061141 0.31442615
v 0.11156832 0.81863332 0.31726345
v 0.10784432 0.81312114 0.31470481
v 0.10383015 0.81120616 0.30890986
v 0.10190146 0.81384230 0.30383614
v 0.10153001 0.81929862 0.30134991
v 0.11338329 0.82561892 0.31674686
v 0.10801665 0.83136177 0.30535391
v 0.10373107 0.82631648 0.30147794
v 0.09558038 0.83081084 0.30847481
v 0.10040706 0.83576679 0.31165901
v 0.09314653 0.82373679 0.30797735
v 0.09396636 0.81730670 0.30968425
v 0.09743953 0.81394118 0.31332877
v 0.10503280 0.83676535 0.31624666
v 0.10763209 0.83378613 0.31971732
v 0.10772011 0.82728672 0.32122496
v 0.09799953 0.84085858 0.32184455
v 0.09119905 0.84190214 0.31994459
v 0.07596783 0.83189040 0.32400140
v 0.07603885 0.83619404 0.32278284
v 0.07951584 0.83399820 0.31995919
v 0.07960904 0.82929540 0.32009593
v 0.08243887 0.83343661 0.31828180
v 0.08461753 0.82873011 0.31590816
v 0.08096624 0.84027672 0.32048461
v 0.08387534 0.83837688 0.31892475
v 0.08391523 0.84528327 0.32306412
v 0.08583879 0.84260815 0.32035992
v 0.07699846 0.84268230 0.32290378
v 0.07339673 0.83859110 0.32539150
v 0.07415432 0.84347200 0.32620284
v 0.07298602 0.83624774 0.32746747
v 0.08766436 0.83577818 0.31607166
v 0.08704945 0.82102627 0.31541345
v 0.08107120 0.82466888 0.32116768
v 0.07705182 0.82882071 0.32616451
v 0.07465161 0.83414906 0.33043805
v 0.08429323 0.82179850 0.32403639
v 0.07997943 0.82769752 0.32923391
v 0.07804699 0.83315510 0.33225235
v 0.08880790 0.82340372 0.32828853
v 0.08338810 0.82933068 0.33145699
v 0.09131175 0.81710470 0.31901667
v 0.09663309 0.81778169 0.32255545
v 0.08074666 0.83305943 0.33284298
v 0.07551239 0.84050620 0.33280805
v 0.07303663 0.84261870 0.33007988
v 0.08737382 0.84611356 0.32522503
v 0.08004546 0.84691584 0.32507369
v 0.08268668 0.84755182 0.32836792
v 0.09136192 0.84439874 0.32742545
v 0.08509689 0.84590894 0.33123323
v 0.07660420 0.84711039 0.32718483
v 0.07756850 0.84697723 0.33030835
v 0.10214009 0.81504607 0.31804672
v 0.10577486 0.81999981 0.32076421
v 0.10060348 0.82282746 0.32454684
v 0.09292570 0.82834786 0.32941529
v 0.10213864 0.83037305 0.32542512
v 0.10156302 0.83735400 0.32422003
v 0.09370240 0.84064990 0.32940635
v 0.09446885 0.83497918 0.33034799
v 0.08675446 0.84233785 0.33284894
v 0.08729085 0.83811778 0.33335742
v 0.08578630 0.83324111 0.33252922
v 0.08193220 0.84154236 0.33401224
v 0.07958599 0.84472901 0.33304736
v 0.07879900 0.83816946 0.33379897
v 0.08179837 0.83614546 0.33375272
v 0.08347386 0.83895278 0.33400258
v 0.19129653 0.80005181 0.36308774
v 0.18496621 0.80109239 0.36226699
v 0.18727897 0.79782575 0.35519639
v 0.18976699 0.79312778 0.34742352
v 0.19820392 0.78903985 0.34180173
v 0.18378468 0.79628706 0.34501049
v 0.18154754 0.80057275 0.35295752
v 0.17817521 0.80518007 0.36152795
v 0.18080780 0.79604495 0.33636871
v -0.09702024 1.02913988 0.08337369
v -0.09359773 1.02944601 0.08086900
v -0.09124359 1.02442884 0.07681347
v -0.09335397 1.02317142 0.07884043
v -0.09626114 1.02201092 0.08068215
v -0.09981321 1.02110040 0.08209614
v -0.10653631 1.02694023 0.08577096
v -0.10131445 1.02875638 0.08545351
v -0.11484546 1.01921380 0.08248214
v -0.11326946 1.02140117 0.08269162
v -0.11380973 1.01848400 0.08266659
v -0.10774557 1.01959467 0.08316944
v -0.11150088 1.01911962 0.08261018
v -0.08984237 1.02860379 0.07609264
v -0.08894856 1.02788782 0.07452691
v -0.09141230 1.02905977 0.07844366
v -0.10373296 1.02027786 0.08308036
v -0.08890791 1.02683008 0.07412872
v -0.08975375 1.02567136 0.07496291
v -0.11068155 1.02442300 0.08435672
v -0.09619326 1.02456987 0.08151295
v -0.09995627 1.02357018 0.08304132
v -0.10515375 1.02497375 0.08522075
v -0.10036156 1.02629316 0.08450959
v -0.10780068 1.02159810 0.08391099
v -0.11017691 1.02091646 0.08336766
v -0.09356061 1.02513921 0.07940508
v -0.10410298 1.02263534 0.08411372
v -0.09622507 1.02719223 0.08250061
v -0.11097670 1.02151179 0.08333693
v -0.10903978 1.02318466 0.08455890
v -0.08954883 1.02766585 0.07522876
v -0.08962593 1.02725029 0.07504329
v -0.07178902 0.78206831 0.01618894
v -0.06757001 0.76428670 0.02057921
v -0.09353749 1.02759719 0.08009779
v -0.09036472 1.02669013 0.07604124
v -0.09173284 1.02608871 0.07761307
v -0.09175874 1.02769411 0.07801410
v -0.09037784 1.02774370 0.07629212
v 0.14491092 0.77552277 0.02135248
v 0.13555932 0.76063073 0.01763951
v 0.18969610 0.79719120 -0.00570953
v 0.19805090 0.79342085 -0.02695470
v 0.04329095 0.47599900 -0.00394072
v 0.08017485 0.59716350 -0.19981714
v 0.07948122 0.61861873 -0.19692992
v -0.00018202 0.61059773 -0.22860354
v 0.02107750 0.61032617 -0.22737369
v 0.11626258 0.57102334 -0.08339867
v 0.11827753 0.54980081 -0.08934106
v 0.07821442 0.53937751 -0.02573746
v 0.08000478 0.51539218 -0.03182486
v 0.11248451 0.51624393 -0.07191614
v 0.05236899 0.56330055 -0.23055732
v 0.04633531 0.58519375 -0.22581422
v 0.06591289 0.58210278 -0.21635610
v 0.07245187 0.56159717 -0.22210002
v -0.01654407 0.58374053 -0.22697674
v -0.02094890 0.60805893 -0.22357987
v 0.11935002 0.60347903 -0.10265679
v 0.11894163 0.61325824 -0.12991467
v 0.09921121 0.63159961 -0.17647384
v 0.08098812 0.64017349 -0.19272779
v 0.03817799 0.65615380 -0.21269564
v 0.06041805 0.64876211 -0.20394860
v 0.05939281 0.55558324 -0.00232991
v 0.03580141 0.57340097 0.01407709
v 0.11372840 0.59329480 -0.07601612
v -0.00681672 0.53361601 0.02111427
v -0.01296341 0.68980688 -0.21905026
v 0.01231093 0.68924677 -0.21533965
v 0.11279854 0.62279689 -0.15516968
v -0.04068241 0.72130144 0.02879086
v -0.03682518 0.70434529 0.03044678
v -0.02117912 0.71240306 0.03337019
v -0.02466979 0.72942221 0.03069643
v -0.00571498 0.71889549 0.03411233
v 0.00918721 0.72486651 0.03271043
v 0.02322665 0.73023856 0.02983027
v 0.05965256 0.74034190 0.01583799
v 0.04855461 0.73803991 0.02127847
v 0.07806207 0.74114203 0.00027926
v 0.06954010 0.74170864 0.00940757
v 0.08471517 0.73598057 -0.01366550
v 0.09007165 0.72888213 -0.03114362
v 0.09700462 0.72244143 -0.04991587
v 0.09541354 0.73700833 -0.05014583
v 0.09037025 0.71346951 -0.02945755
v 0.08402116 0.72111893 -0.01344696
v 0.07707735 0.72538972 -0.00013888
v -0.03962370 0.65982103 0.02485312
v -0.03189484 0.63730443 0.02255332
v -0.07662375 0.79853863 0.01120415
v 0.27275652 0.67819691 0.13089368
v 0.19542876 0.78345805 0.20800781
v -0.07376803 0.87240040 -0.14362712
v -0.09372158 0.86289120 -0.14185761
v -0.10915937 0.84658134 -0.14679091
v -0.11168063 0.85569817 -0.14037359
v 0.00991677 0.90643024 -0.11174692
v -0.00496251 0.89824986 -0.13205142
v -0.02610437 0.88752085 -0.14622512
v -0.04853610 0.87531763 -0.15102878
v 0.09894005 0.60492039 -0.04497100
v -0.06237750 0.84352458 -0.16367438
v -0.04342924 0.86655730 -0.15872517
v -0.01863970 0.87979561 -0.15530922
v 0.00626363 0.89089477 -0.14230429
v 0.02930608 0.90030169 -0.11916965
v 0.04876738 0.89875185 -0.10992270
v 0.07934786 0.88139629 -0.11497668
v 0.09272648 0.87845933 -0.10844598
v 0.09337851 0.89074993 -0.09137800
v 0.10893895 0.88561034 -0.08397759
v 0.10910363 0.87494409 -0.10106979
v 0.18150628 0.81229508 -0.05227030
v 0.18990782 0.79815948 -0.04950222
v 0.19479388 0.78443193 -0.05325152
v 0.19548185 0.77174532 -0.05961902
v 0.19069237 0.76167881 -0.06685589
v 0.18078469 0.75531262 -0.07519194
v 0.16788568 0.75492346 -0.08389780
v 0.13264953 0.76942801 -0.10461627
v 0.12391494 0.77591282 -0.11212412
v 0.10853650 0.77118158 -0.13707641
v 0.10357338 0.76763296 -0.14384910
v 0.07957192 0.72932947 -0.17388296
v 0.08787380 0.74437469 -0.16480017
v 0.07357624 0.71129787 -0.18447889
v 0.08269524 0.45623276 -0.26760733
v 0.07605969 0.47455382 -0.25706878
v 0.09479704 0.47701585 -0.24621178
v 0.10084392 0.45886746 -0.25539732
v -0.00119592 0.50692832 -0.24675159
v 0.02212608 0.51112932 -0.24827115
v 0.13917364 0.46170747 -0.16284803
v 0.13563974 0.47000244 -0.18986201
v 0.12564550 0.47516054 -0.21305914
v 0.11152677 0.47742844 -0.23169573
v 0.13532467 0.45172581 -0.13769439
v 0.05999893 0.38629812 -0.05176020
v 0.07805367 0.39841655 -0.06526689
v 0.00183232 0.36318809 -0.03618842
v 0.02161674 0.36813986 -0.03775539
v 0.12581176 0.43923005 -0.11604241
v 0.04095402 0.37567377 -0.04240239
v 0.09562855 0.41165328 -0.07979468
v 0.11264565 0.42528677 -0.09702213
v 0.07112786 0.49462587 -0.24970271
v 0.05019097 0.49164641 -0.25506118
v 0.04420204 0.51481515 -0.24740468
v -0.03922455 0.75738889 -0.20363657
v -0.01664179 0.76498550 -0.20453252
v 0.00516698 0.77349854 -0.20234971
v 0.01984197 0.79894412 -0.19443625
v 0.03976157 0.80580056 -0.18565086
v 0.04556222 0.79081684 -0.18818828
v 0.02568073 0.78256285 -0.19716348
v 0.07034124 0.81260198 -0.16271122
v 0.08367580 0.81440187 -0.15304160
v 0.08663014 0.80340672 -0.15461203
v 0.07603525 0.80117023 -0.16376650
v 0.09716371 0.80485618 -0.14587042
v 0.10755322 0.80401754 -0.13725482
v 0.11625048 0.80173296 -0.12805270
v 0.12885892 0.79827523 -0.11992083
v 0.13371581 0.81835085 -0.11892547
v 0.12004188 0.82284963 -0.12769549
v 0.06779797 0.82568550 -0.15880822
v 0.05210023 0.82397985 -0.17020488
v -0.05119934 0.79047507 -0.19068457
v -0.07108262 0.78240526 -0.18780588
v 0.10431840 0.72218674 -0.06875160
v 0.11079544 0.72358525 -0.08829324
v 0.11307108 0.72742426 -0.10686737
v 0.11127819 0.73281872 -0.12305778
v 0.10717922 0.73950744 -0.13645051
v 0.10109515 0.74640328 -0.14806148
v 0.09353940 0.75431526 -0.15759851
v 0.09816256 0.76208329 -0.15077138
v 0.08520053 0.76292193 -0.16519780
v 0.09223246 0.77001721 -0.15725064
v 0.07654305 0.77296102 -0.17147762
v 0.06848409 0.78485548 -0.17555313
v 0.06179982 0.79703426 -0.17633741
v 0.05602700 0.80998510 -0.17439051
v 0.01608422 0.81571329 -0.19038925
v 0.03552224 0.82121754 -0.18188658
v -0.00919480 0.82446671 -0.18733925
v -0.01138553 0.83983535 -0.18077677
v -0.00250586 0.79138833 -0.19844629
v -0.00621598 0.80807924 -0.19339298
v -0.03908949 0.91156983 -0.10389911
v -0.05781440 0.90220892 -0.11553777
v 0.16564207 0.77256310 -0.08812398
v 0.17296065 0.76560968 -0.08158805
v 0.16478176 0.76389098 -0.08775284
v 0.16158053 0.76972336 -0.09096516
v 0.17943785 0.77103293 -0.07578084
v 0.17304792 0.78624487 -0.08053812
v 0.18324526 0.77952611 -0.07095882
v 0.16967809 0.77802896 -0.08432923
v 0.18399465 0.79021060 -0.06653360
v 0.17484459 0.79529357 -0.07758592
v 0.18201426 0.80108702 -0.06415005
v 0.17482474 0.80425090 -0.07508004
v 0.17367779 0.81108761 -0.07341499
v 0.17718109 0.81169313 -0.06548043
v 0.14930631 0.83202952 -0.09986130
v 0.15963870 0.82472563 -0.08973031
v 0.16827740 0.81702179 -0.08016773
v 0.13927566 0.79313755 -0.11160851
v 0.15063401 0.78890842 -0.10228949
v 0.16066501 0.78367680 -0.09316719
v 0.16391304 0.79202843 -0.09055756
v 0.15368567 0.79708779 -0.10098437
v 0.14237915 0.80177295 -0.11130656
v -0.04698592 0.77559149 -0.19681795
v -0.02544599 0.78310519 -0.19860338
v 0.09569304 0.81500769 -0.14469507
v 0.10624524 0.81436110 -0.13711661
v 0.11799113 0.81207830 -0.12923767
v 0.13088901 0.80743438 -0.12070920
v 0.10769618 0.82544160 -0.13519457
v 0.09520970 0.82678115 -0.14244384
v 0.08205382 0.82665086 -0.15012977
v -0.02928799 0.79950428 -0.19210938
v -0.06662154 0.76806062 -0.19437061
v 0.09075732 0.84326386 -0.00617136
v 0.09610675 0.86587203 -0.01693275
v 0.10429268 0.88266122 -0.03599422
v 0.10856442 0.88879067 -0.06051015
v -0.12087518 0.88316977 -0.11711112
v 0.23700124 0.64583439 0.04333796
v -0.06699196 0.70587599 -0.20761952
v -0.07407442 0.72640324 -0.20318514
v -0.04564600 0.62965065 -0.21434055
v -0.05200474 0.65610290 -0.21317312
v 0.01520389 0.53744721 -0.23972102
v -0.00680111 0.53423691 -0.23741321
v -0.01213619 0.55942613 -0.23106642
v -0.02120581 0.47886986 -0.25648293
v -0.02478438 0.50303918 -0.24407198
v -0.03264781 0.55554259 -0.22361870
v -0.03599939 0.58042067 -0.21940441
v -0.03749764 0.68591791 -0.21572058
v -0.05993701 0.75105602 -0.20100592
v -0.08500299 0.76217246 -0.19136624
v -0.08863399 0.77669334 -0.18469265
v -0.09220024 0.78999674 -0.17809789
v 0.03897519 0.70136487 0.03040596
v 0.03744661 0.71768707 0.02827371
v 0.02516281 0.71358478 0.03265398
v 0.02769517 0.69800293 0.03440527
v 0.05871103 0.70816624 0.01860268
v 0.05911699 0.72401780 0.01682387
v 0.04893915 0.72128999 0.02296026
v 0.04926164 0.70502335 0.02506600
v 0.06849240 0.72549975 0.00952853
v 0.06745992 0.71006793 0.01086045
v 0.04083988 0.68509102 0.03198873
v 0.05057086 0.68891209 0.02648051
v 0.03013200 0.68177778 0.03496160
v 0.06660621 0.69456786 0.01250548
v 0.05898524 0.69211137 0.02014374
v -0.09537558 0.89944053 0.06415559
v -0.09462187 0.90311742 0.07948510
v -0.10722238 0.94288206 0.10040960
v -0.10918637 0.94754648 0.09904812
v -0.10360195 0.88360542 0.04366621
v -0.10401534 0.87512457 0.03771695
v -0.10606665 0.92414218 0.09536413
v -0.10248311 0.91019475 0.09325293
v -0.11701515 0.96903020 0.10620172
v -0.11623608 0.96558499 0.10427866
v -0.11260183 0.95411098 0.10381399
v -0.11158050 0.95046800 0.10184532
v -0.10419866 0.86671722 0.03094613
v -0.10288723 0.88996160 0.05221380
v -0.10233992 0.84771466 0.01739381
v -0.10063869 0.83847213 0.01152251
v -0.08720385 0.83323944 0.00625127
v -0.08391277 0.82286012 0.00482155
v -0.04570790 0.67920786 0.02540503
v -0.06042796 0.73001182 0.02424965
v -0.05543898 0.71328777 0.02538776
v -0.06425015 0.74680626 0.02342395
v -0.08029628 0.81147200 0.00723312
v -0.10373221 0.85745901 0.02374407
v -0.10828827 0.93754721 0.09937788
v -0.10797047 0.93218672 0.09585205
v -0.11506023 0.96149850 0.10366241
v -0.11383352 0.95786107 0.10381866
v -0.08686324 0.77612191 0.01537698
v -0.08292360 0.75822616 0.02009759
v -0.05049910 0.69601798 0.02593059
v -0.05484420 0.65387654 0.01988178
v -0.05021641 0.63043809 0.01864224
v -0.09082028 0.79292083 0.01100082
v -0.04491691 0.60453767 0.01893277
v 0.15973882 0.28923449 -0.23805960
v 0.14436233 0.26878008 -0.25472680
v 0.13274162 0.28453028 -0.27133659
v 0.14524327 0.29967475 -0.25966489
v 0.15031919 0.34222001 -0.24602295
v 0.14823061 0.36780125 -0.24111639
v 0.14616619 0.39502704 -0.23584343
v 0.11356100 0.27395508 -0.28318456
v 0.08562771 0.28848618 -0.30430409
v 0.08988210 0.26672503 -0.29236543
v 0.13238508 0.39298731 -0.25956398
v 0.13420774 0.36661416 -0.26499125
v 0.13604744 0.30654526 -0.27157754
v 0.13711199 0.32017463 -0.27031696
v 0.15148999 0.31834280 -0.25159508
v 0.10835783 0.29404566 -0.29379147
v 0.12527184 0.29995513 -0.28165284
v 0.04094779 0.44930521 -0.28019643
v 0.04646359 0.43042070 -0.29219472
v 0.01914992 0.42722598 -0.29437014
v 0.11686166 0.46059439 -0.23887788
v 0.10746794 0.43979305 -0.26431635
v -0.00414128 0.26766637 -0.28747386
v 0.12332076 0.31782970 -0.28568915
v 0.08187812 0.31200328 -0.31104264
v 0.10551324 0.31554136 -0.29954526
v 0.07685117 0.38770288 -0.30530268
v 0.09817933 0.38910633 -0.29379091
v 0.10006029 0.36325610 -0.29976186
v 0.07845706 0.36227721 -0.31150094
v 0.11638570 0.39038670 -0.27876893
v 0.11248934 0.41678894 -0.27229521
v 0.07343829 0.41168335 -0.29691100
v 0.09415978 0.41445643 -0.28629306
v 0.08883350 0.43745607 -0.27721080
v 0.11847808 0.36404139 -0.28422508
v 0.08010729 0.33634654 -0.31359076
v 0.05279453 0.33314103 -0.32046151
v 0.02412164 0.33112794 -0.32001063
v -0.00459766 0.32726765 -0.31727517
v -0.00615990 0.35304353 -0.31775400
v 0.06870338 0.43408865 -0.28661874
v 0.05602987 0.47189507 -0.26425868
v 0.06271227 0.45353609 -0.27532688
v 0.03752048 0.53965664 -0.23907165
v 0.20774037 0.10051280 -0.02239401
v 0.00516089 0.19943306 -0.15457134
v 0.01053614 0.20012861 -0.13060148
v 0.17383410 0.33328593 -0.11819576
v 0.18073688 0.31030911 -0.19309500
v 0.16523483 0.31562719 -0.22647102
v 0.02700653 0.21061462 -0.09043986
v 0.04283933 0.22509933 -0.06964161
v 0.15750322 0.32702014 -0.08845136
v 0.11674974 0.28419557 -0.05628482
v 0.01739124 0.20353267 -0.11124384
v 0.13595948 0.34281000 -0.26854771
v 0.12070221 0.33983397 -0.28671411
v 0.10245253 0.33835739 -0.30188900
v 0.05412558 0.30854946 -0.31682608
v 0.02422141 0.30724311 -0.31598908
v -0.00417121 0.30561692 -0.31205165
v 0.01797375 0.25330931 -0.04764035
v 0.00211891 0.25862858 -0.04889955
v 0.01031020 0.26345876 -0.04886352
v -0.01018721 0.27117783 -0.04970442
v -0.00903525 0.25435999 -0.04939365
v 0.00528332 0.24318525 -0.04959154
v -0.00813698 0.23935267 -0.05062455
v -0.00748781 0.22667494 -0.05816758
v 0.05770456 0.37070650 -0.05910457
v 0.07728021 0.38234833 -0.07081375
v 0.00062513 0.34905112 -0.04445025
v 0.01885389 0.35400099 -0.04628848
v 0.13067591 0.42442071 -0.12033581
v 0.03793222 0.36071372 -0.05069280
v 0.09654103 0.39566642 -0.08447209
v 0.11563118 0.41090834 -0.10148012
v -0.01025216 0.40312392 -0.30577746
v -0.01334343 0.42486510 -0.29473612
v -0.01681678 0.34517583 -0.04528233
v -0.10161555 0.90090907 0.08088136
v -0.10228168 0.89582336 0.06519174
v -0.15259263 1.08320928 0.09146180
v -0.12627716 0.91795814 -0.08252541
v -0.13479760 1.03041101 0.10315121
v -0.11097530 0.94714153 0.09929715
v -0.11712846 0.97099113 0.10922692
v -0.09892017 0.82927841 0.00608867
v -0.09645096 0.81808436 0.00378574
v -0.00671994 0.19919553 -0.14161144
v -0.09365270 0.80620682 0.00668175
v -0.00504276 0.20172381 -0.16072962
v -0.04065767 0.60458589 -0.21612546
v 0.24352634 -0.36182797 -0.17399192
v 0.23860896 -0.35762084 -0.18792361
v 0.24568564 -0.38703787 -0.19031371
v 0.24905953 -0.39068538 -0.17602292
v 0.24980760 -0.34531337 -0.21860735
v 0.24053174 -0.35050690 -0.20880274
v 0.26429236 -0.34227306 -0.22337043
v 0.27883872 -0.34220153 -0.22064067
v 0.27847284 -0.37252957 -0.22393538
v 0.26544592 -0.37272084 -0.22858690
v 0.29007688 -0.34339923 -0.21303597
v 0.29917639 -0.37458831 -0.20800482
v 0.29898593 -0.34546000 -0.20228346
v 0.30368176 -0.34896022 -0.18359898
v 0.30301622 -0.37740195 -0.18924205
v 0.30243149 -0.35731840 -0.16398475
v 0.30246535 -0.38487971 -0.16961880
v 0.29159299 -0.36452967 -0.15067315
v 0.25426680 -0.36599219 -0.16116554
v 0.25791642 -0.39446044 -0.16117641
v 0.25253180 -0.37572497 -0.22439732
v 0.24650514 -0.38061678 -0.21278994
v 0.24553058 -0.38430214 -0.20143934
v 0.23845595 -0.35434854 -0.19942544
v 0.24942645 -0.41612762 -0.19080786
v 0.24927652 -0.41942340 -0.17478596
v 0.25359452 -0.40465826 -0.22986321
v 0.25202572 -0.40974313 -0.21495454
v 0.27730367 -0.40151411 -0.22737765
v 0.26542929 -0.40099984 -0.23549594
v 0.30320007 -0.40114969 -0.21462882
v 0.29062918 -0.40094167 -0.22180237
v 0.28910100 -0.37317336 -0.21709284
v 0.30713117 -0.40425366 -0.19604431
v 0.30714521 -0.41002029 -0.17333777
v 0.26098171 -0.42100066 -0.15861474
v 0.25107938 -0.41340476 -0.20256709
v 0.38662881 -0.51089460 -0.05041994
v 0.38424903 -0.50623435 -0.05080620
v 0.38015085 -0.50692660 -0.04852518
v 0.38018164 -0.51265067 -0.04683635
v 0.35154450 -0.51959318 -0.02427513
v 0.34859073 -0.50846833 -0.02208308
v 0.33964768 -0.51165527 -0.02148760
v 0.34013927 -0.52434295 -0.02270046
v 0.36785454 -0.51575035 -0.03255975
v 0.36821997 -0.51935583 -0.03618377
v 0.37287474 -0.51861578 -0.03858768
v 0.37562323 -0.51445788 -0.03580991
v 0.39439774 -0.50667125 -0.08981400
v 0.39442387 -0.51159567 -0.09209472
v 0.39798993 -0.51069611 -0.09533303
v 0.39888769 -0.50641805 -0.09462830
v 0.38878626 -0.51090771 -0.06602731
v 0.38851404 -0.51557583 -0.06884416
v 0.39204088 -0.51428860 -0.07175696
v 0.39404851 -0.51044422 -0.07047025
v 0.34136805 -0.50470120 -0.04671768
v 0.32676509 -0.50546151 -0.04426380
v 0.33357129 -0.50992209 -0.03021760
v 0.34626970 -0.50605208 -0.03264947
v 0.32745600 -0.52046865 -0.03166367
v 0.32013381 -0.51754373 -0.04672905
v 0.32769519 -0.52514142 -0.05078733
v 0.33396265 -0.52502400 -0.03690731
v 0.34122679 -0.52376384 -0.05196206
v 0.34572020 -0.52349383 -0.03922630
v 0.34835452 -0.51553339 -0.04983959
v 0.35520875 -0.51452845 -0.03669631
v 0.36801276 -0.50964409 -0.05628942
v 0.36257666 -0.50246865 -0.05396803
v 0.36973149 -0.50575668 -0.04224338
v 0.37617755 -0.51165527 -0.04551353
v 0.35277748 -0.50499982 -0.04844709
v 0.36225837 -0.50738078 -0.03825378
v 0.35051572 -0.51662093 -0.04743171
v 0.35484233 -0.52113360 -0.05322556
v 0.36268008 -0.52028221 -0.04161713
v 0.35816067 -0.51560766 -0.03583357
v 0.36346856 -0.51847464 -0.05726387
v 0.37111226 -0.51880449 -0.04622386
v 0.37689519 -0.49961954 -0.06812457
v 0.36807725 -0.50246638 -0.06175848
v 0.37544811 -0.50584084 -0.05324449
v 0.38226461 -0.50396842 -0.05709204
v 0.37244409 -0.51470405 -0.05152090
v 0.36645555 -0.51369005 -0.06041230
v 0.37108633 -0.51746339 -0.06528954
v 0.37716171 -0.51726145 -0.05557418
v 0.37909541 -0.51491803 -0.07022714
v 0.38431042 -0.51618057 -0.05890884
v 0.38284916 -0.50608248 -0.07010691
v 0.38794866 -0.50924546 -0.05924992
v 0.39158058 -0.50448924 -0.08956441
v 0.38715595 -0.49758142 -0.08753648
v 0.39105889 -0.50267833 -0.07708627
v 0.39454970 -0.50849217 -0.07904464
v 0.38146850 -0.49945599 -0.08102832
v 0.38634467 -0.50325435 -0.07331736
v 0.38252851 -0.50860435 -0.07059667
v 0.37997267 -0.50600702 -0.07779028
v 0.38196006 -0.51455575 -0.08238007
v 0.38470119 -0.51617450 -0.07379965
v 0.38839307 -0.51328319 -0.08901533
v 0.39136752 -0.51507920 -0.07812284
v 0.39455503 -0.49626929 -0.10914323
v 0.39748019 -0.49927753 -0.10056524
v 0.39949059 -0.50505251 -0.10281139
v 0.39538136 -0.50359303 -0.11277399
v 0.39015776 -0.49670368 -0.10200414
v 0.39279267 -0.49935120 -0.09584423
v 0.38970646 -0.50505275 -0.09404675
v 0.38863623 -0.50298196 -0.09956506
v 0.38884199 -0.51199669 -0.10313670
v 0.39091951 -0.51286799 -0.09669195
v 0.39310616 -0.51046067 -0.10986193
v 0.39698830 -0.51172811 -0.10120016
v 0.34030345 -0.50306839 -0.06229403
v 0.32140368 -0.50111777 -0.05821522
v 0.33993173 -0.52441543 -0.02808706
v 0.31593716 -0.51516396 -0.06136609
v 0.34664914 -0.52345449 -0.02943567
v 0.34142065 -0.52273923 -0.06598338
v 0.32424378 -0.52381092 -0.06603808
v 0.34525841 -0.51495045 -0.05566129
v 0.37278339 -0.50864500 -0.03572048
v 0.36028132 -0.51906163 -0.07506295
v 0.36302102 -0.51176149 -0.06558402
v 0.36800936 -0.50958878 -0.03346601
v 0.35767478 -0.50003546 -0.07087195
v 0.37177709 -0.49876064 -0.08632656
v 0.38147643 -0.51659662 -0.05011366
v 0.38552991 -0.51598114 -0.05199511
v 0.37516189 -0.51598066 -0.08899292
v 0.37904841 -0.50482935 -0.07979136
v 0.39261383 -0.50569206 -0.07068767
v 0.38513568 -0.51334184 -0.10569296
v 0.38902879 -0.50247866 -0.09940616
v 0.38945886 -0.50596172 -0.06842569
v 0.38326442 -0.49535567 -0.10388077
v 0.39728302 -0.50265425 -0.09526196
v 0.38972262 -0.51099294 -0.12084170
v 0.39201024 -0.50188786 -0.12514879
v 0.39493877 -0.50239879 -0.09237165
v 0.38997382 -0.49367362 -0.11920852
v 0.27096114 -0.39598864 -0.15227044
v 0.26598480 -0.36856097 -0.15178046
v 0.27901229 -0.36870396 -0.14777365
v 0.28412354 -0.39560628 -0.14922027
v 0.29512739 -0.39164656 -0.15505186
v 0.27578378 -0.42074460 -0.14875624
v 0.29034528 -0.41897112 -0.14769243
v 0.30033076 -0.41562098 -0.15650426
v 0.31228015 -0.42562026 -0.20474286
v 0.30560714 -0.42155284 -0.22336161
v 0.29057246 -0.42243236 -0.22878818
v 0.27792963 -0.42281836 -0.23609933
v 0.26540360 -0.42254895 -0.24342327
v 0.26675171 -0.44398731 -0.15751000
v 0.28233254 -0.44127208 -0.14341219
v 0.29808715 -0.43754584 -0.14233014
v 0.31005639 -0.43384105 -0.15351939
v 0.31188598 -0.49651545 -0.07217784
v 0.32930979 -0.49150747 -0.07820407
v 0.31914437 -0.48185021 -0.09283318
v 0.30582204 -0.49488407 -0.09130035
v 0.34593114 -0.49178785 -0.08852818
v 0.33573493 -0.47986788 -0.10285537
v 0.36016524 -0.49151474 -0.10240770
v 0.34927711 -0.48096710 -0.11658380
v 0.37239051 -0.49040455 -0.11783525
v 0.36026904 -0.48249370 -0.13142270
v 0.38246906 -0.49017352 -0.13152818
v 0.37056559 -0.48431510 -0.14585991
v 0.38847050 -0.49758297 -0.13978882
v 0.37799859 -0.49200171 -0.15592247
v 0.30769268 -0.51422817 -0.07653840
v 0.30229545 -0.51103407 -0.09651542
v 0.31718087 -0.52503997 -0.08405783
v 0.31189749 -0.52358204 -0.10451695
v 0.33266804 -0.52381247 -0.09111523
v 0.32616436 -0.52165323 -0.11222573
v 0.37627327 -0.50626868 -0.15508659
v 0.38508448 -0.51021630 -0.13675280
v 0.34922817 -0.52069443 -0.10197850
v 0.34138310 -0.51764971 -0.12308768
v 0.36406910 -0.51822454 -0.11447547
v 0.35540941 -0.51542574 -0.13524158
v 0.37561959 -0.51532429 -0.12669657
v 0.36704436 -0.51241833 -0.14655602
v 0.30592424 -0.47421688 -0.11042888
v 0.32295474 -0.46560639 -0.11678988
v 0.33527490 -0.46691304 -0.13096620
v 0.34668839 -0.46891779 -0.14713876
v 0.35639778 -0.47534686 -0.16347423
v 0.36460957 -0.48488158 -0.17462362
v 0.33351442 -0.45164663 -0.16896002
v 0.34186146 -0.46908802 -0.18501495
v 0.34885383 -0.48108262 -0.19396295
v 0.33362851 -0.47776252 -0.21311943
v 0.32877064 -0.46462208 -0.20686576
v 0.30484778 -0.45980376 -0.24292789
v 0.31597042 -0.46121103 -0.22667153
v 0.32107106 -0.47406369 -0.23324087
v 0.30953896 -0.47369069 -0.25053227
v 0.32524985 -0.44734281 -0.19506429
v 0.31289509 -0.44382018 -0.21628703
v 0.30108875 -0.44140047 -0.23056915
v 0.28516904 -0.47496897 -0.26743045
v 0.28260615 -0.45802027 -0.26318222
v 0.29488114 -0.45871288 -0.25445223
v 0.29870963 -0.47394043 -0.26149312
v 0.26737094 -0.47990960 -0.26591858
v 0.26441237 -0.46179229 -0.26440707
v 0.25268340 -0.46938270 -0.24813046
v 0.25495398 -0.48635370 -0.25097090
v 0.27984017 -0.43991679 -0.24873273
v 0.29026291 -0.44117337 -0.23975201
v 0.26476830 -0.44133037 -0.25330469
v 0.25402924 -0.44803292 -0.23986651
v 0.25399390 -0.47445899 -0.22752042
v 0.25513527 -0.45246679 -0.22186849
v 0.25440297 -0.49095196 -0.23118533
v 0.29684356 -0.49172062 -0.11355833
v 0.29665086 -0.50495654 -0.11989535
v 0.32269037 -0.44900769 -0.14397590
v 0.30921969 -0.45147485 -0.13066344
v 0.28906903 -0.46220559 -0.13266507
v 0.28406796 -0.48639411 -0.13707186
v 0.28860909 -0.50025815 -0.14515057
v 0.27309173 -0.48424071 -0.16054556
v 0.27969041 -0.49680513 -0.16789569
v 0.30524591 -0.51399714 -0.12733296
v 0.29781595 -0.50538975 -0.15214469
v 0.28815374 -0.50174814 -0.17437190
v 0.26497650 -0.48188668 -0.18134868
v 0.27035287 -0.49492508 -0.18717676
v 0.26139161 -0.47889549 -0.19848168
v 0.26378298 -0.49338371 -0.20298518
v 0.25865671 -0.49239939 -0.21641073
v 0.25855467 -0.47665209 -0.21249680
v 0.25859538 -0.45889276 -0.19535060
v 0.25672305 -0.45559710 -0.20827374
v 0.26242349 -0.46289450 -0.17763256
v 0.27066272 -0.46435672 -0.15582578
v 0.36402041 -0.49979430 -0.17522560
v 0.34909391 -0.49389404 -0.19505641
v 0.33310688 -0.48897976 -0.21366698
v 0.31965354 -0.48715395 -0.23339291
v 0.30719092 -0.48742384 -0.24860774
v 0.29702699 -0.48771459 -0.25736466
v 0.28531593 -0.48826700 -0.26233298
v 0.27110571 -0.49088377 -0.25970438
v 0.26191080 -0.49529332 -0.24949835
v 0.26174250 -0.49996990 -0.23414731
v 0.26558593 -0.50268596 -0.22133933
v 0.27824676 -0.50176197 -0.19357838
v 0.27058405 -0.50328606 -0.20855071
v 0.25509667 -0.44334072 -0.17502588
v 0.25205079 -0.43921310 -0.19247690
v 0.25246063 -0.43577939 -0.20459676
v 0.25484103 -0.42783457 -0.23321693
v 0.25447148 -0.43221706 -0.21712822
v 0.31828383 -0.51459879 -0.13574211
v 0.33251715 -0.51117975 -0.14630547
v 0.34533662 -0.50959498 -0.15803728
v 0.35612887 -0.50668949 -0.16828328
v 0.34255108 -0.50075072 -0.18949966
v 0.33275199 -0.50388652 -0.18100089
v 0.32054818 -0.50608784 -0.17055614
v 0.30836222 -0.50678068 -0.15996762
v 0.32742050 -0.49687582 -0.20867491
v 0.31893745 -0.50079280 -0.20103203
v 0.30755973 -0.50332004 -0.19226977
v 0.29740062 -0.50403696 -0.18229347
v 0.28629676 -0.50504035 -0.20121872
v 0.29472086 -0.50351900 -0.21079262
v 0.30502832 -0.50023013 -0.21862303
v 0.31267086 -0.49552053 -0.22664903
v 0.30087268 -0.49481350 -0.24053322
v 0.29392591 -0.49918467 -0.23215865
v 0.28494799 -0.50270790 -0.22446387
v 0.27800289 -0.50482816 -0.21618591
v 0.29264292 -0.49420601 -0.24836014
v 0.27511898 -0.49536675 -0.25285342
v 0.28440166 -0.49413890 -0.25277910
v 0.26865661 -0.49855107 -0.24697100
v 0.26946205 -0.50154334 -0.23655374
v 0.27304772 -0.50363427 -0.22663672
v 0.27582577 -0.49987727 -0.23961239
v 0.27966669 -0.50134856 -0.23288454
v 0.28725180 -0.49796969 -0.24009366
v 0.28175834 -0.49703473 -0.24521916
v 0.27377605 -0.49828058 -0.24499772
v 0.27684939 -0.49691159 -0.24776776
v 0.31517550 -0.43246001 -0.17728961
v -0.12395957 0.89185524 -0.10836444
v -0.10623825 0.83642489 -0.15311272
v 0.22431907 -0.09148717 -0.04326906
v 0.24026006 -0.09118408 -0.03981821
v 0.25468895 -0.08589500 -0.04094633
v 0.13384522 0.31618416 -0.06949097
v 0.06221392 0.48488703 -0.01923390
v 0.06168437 0.53083289 -0.00850414
v 0.06246236 0.50712651 -0.01447094
v 0.14526653 0.29729569 -0.06626751
v 0.10380241 0.58234823 -0.05383617
v -0.00408004 0.28685844 -0.30200136
v -0.09593421 0.80247992 -0.17150863
v 0.03644390 0.73479259 0.02564446
v -0.00806196 0.37854993 -0.31329724
v -0.06357042 1.03190386 -0.00776214
v -0.06617782 1.03041232 -0.00967233
v -0.06578687 1.02664196 -0.01100418
v -0.06756152 1.02572501 -0.01573617
v -0.06822374 1.02425313 -0.01937242
v -0.06821542 1.02327955 -0.02158641
v -0.06495363 1.02794266 -0.01352619
v -0.06773522 1.03094399 -0.01587754
v -0.06532122 1.03000176 -0.01224928
v -0.06441074 1.02955306 -0.01155894
v -0.07890184 0.74036717 0.02238801
v -0.07426070 0.72329777 0.02256427
v -0.06877901 0.70719039 0.02283902
v -0.06386028 0.69023210 0.02221977
v -0.10935298 0.94229704 0.10087154
v -0.01824752 0.40776524 -0.00998717
v -0.01922115 0.42329428 -0.00612680
v -0.02826036 0.52996987 -0.23168428
v -0.01785472 0.37247556 -0.02922810
v -0.02040999 0.43857273 0.00032635
v -0.05944859 0.68210071 -0.21094610
v -0.05916156 0.67358112 0.02123689
v -0.01751725 0.35994816 -0.03765821
v -0.08034042 0.74531806 -0.19782706
v -0.02204557 0.45893949 0.00772990
v -0.01162347 0.28978512 -0.05265161
v -0.03144452 0.52683985 0.01940867
v -0.18682469 1.04519820 0.08778995
v -0.19608861 1.03455484 0.07811705
v -0.18754379 1.02663255 0.08691065
v -0.17745344 1.03394151 0.09493846
v -0.18125385 1.01991141 0.09325399
v -0.17120969 1.02471006 0.09816512
v -0.20096061 1.02315795 0.06826863
v -0.19394532 1.01854110 0.07808376
v -0.19205786 0.98328805 0.06937800
v -0.19243659 0.99270779 0.06977230
v -0.19838160 0.98873484 0.06204008
v -0.19637887 0.97675085 0.06044557
v -0.18456438 0.95756173 0.06753939
v -0.18598104 0.94870865 0.05701184
v -0.17720614 0.94207883 0.06613187
v -0.17542639 0.95198107 0.07417928
v -0.14543274 0.97534180 0.09307411
v -0.15030992 0.98029363 0.09196275
v -0.15440090 0.97316706 0.09169701
v -0.14854178 0.96764123 0.09245292
v -0.13871779 0.98802388 0.09854234
v -0.13464914 0.99251866 0.10480649
v -0.13722664 0.99775362 0.10017319
v -0.14167942 0.99253750 0.09524142
v -0.13885285 0.97129846 0.09395499
v -0.14195658 0.96330822 0.09278790
v -0.13933453 0.97843325 0.09748239
v -0.14230400 0.98227805 0.09443816
v -0.13284504 0.97400129 0.10818020
v -0.12937286 0.97545451 0.11261098
v -0.13198064 0.98071641 0.11309100
v -0.13583985 0.97842079 0.10688610
v -0.13701200 0.97173762 0.09895117
v -0.13237733 0.96971041 0.10086746
v -0.13408512 0.97181159 0.10401649
v -0.13762151 0.97502053 0.10183145
v -0.13653556 0.98327482 0.10264093
v -0.13291863 0.98690319 0.10938198
v -0.12871714 0.98921585 0.11588458
v -0.12663439 0.98128825 0.11937324
v -0.15595441 0.95151877 0.08840442
v -0.14952028 0.94903243 0.09036089
v -0.14608404 0.95593810 0.09177133
v -0.15257792 0.95947242 0.09094518
v -0.13275695 0.96615815 0.09735031
v -0.13056880 0.94921446 0.09910793
v -0.12492391 0.95182145 0.10236559
v -0.12643901 0.95584506 0.10228525
v -0.13252507 0.95321143 0.09901104
v -0.15880698 0.93524283 0.08073016
v -0.15705591 0.92666721 0.07675141
v -0.15000494 0.92839187 0.08340638
v -0.15168591 0.93519604 0.08546188
v -0.14599003 0.92217821 0.08209520
v -0.15277393 0.91812122 0.07442392
v -0.13756195 0.90431595 0.07573789
v -0.13298662 0.91320324 0.08518266
v -0.13998914 0.91759175 0.08249580
v -0.14623059 0.91092819 0.07390936
v -0.12137502 0.92255831 0.09179896
v -0.12479083 0.90961021 0.08933078
v -0.11672939 0.90764976 0.09310381
v -0.11550482 0.92216152 0.09410861
v -0.12811249 0.94335854 0.09465965
v -0.12910564 0.94608355 0.09734718
v -0.13319866 0.94423765 0.09436009
v -0.13220577 0.94220579 0.09245814
v -0.13690862 0.94074023 0.09024801
v -0.13685693 0.94152725 0.09109717
v -0.13882078 0.94185019 0.09127424
v -0.13886788 0.94006366 0.08983489
v -0.13480347 0.94134867 0.09114898
v -0.13540180 0.93997073 0.09038572
v -0.13247325 0.93968445 0.09170312
v -0.12885077 0.93948972 0.09445683
v -0.11480288 0.94092500 0.10067941
v -0.11536887 0.94609857 0.09922300
v -0.11827745 0.94549632 0.09854499
v -0.11886524 0.94025338 0.09993977
v -0.13747908 0.94394445 0.09305125
v -0.13491420 0.94639009 0.09563158
v -0.13712046 0.94948781 0.09603214
v -0.14041008 0.94540775 0.09337094
v -0.14442053 0.94719219 0.09252503
v -0.14613073 0.94193733 0.09003327
v -0.14185780 0.94190145 0.09108707
v -0.13719289 0.93841612 0.08922730
v -0.14180808 0.93880820 0.08895095
v -0.14013182 0.93581814 0.08780564
v -0.13671787 0.93337309 0.08856184
v -0.13421589 0.93704242 0.09060476
v -0.13003097 0.93605947 0.09319132
v -0.13208564 0.93140572 0.09072053
v -0.12600221 0.93049711 0.09309461
v -0.12457472 0.93532670 0.09637443
v -0.14084516 0.95264888 0.09459893
v -0.14603131 0.93700910 0.08769042
v -0.15131937 0.94225478 0.08791438
v -0.14429310 0.93218911 0.08612081
v -0.14071804 0.92817235 0.08600182
v -0.12877180 0.92310321 0.08933779
v -0.13542922 0.92515671 0.08734630
v -0.12831219 0.89968014 0.07907471
v -0.11813197 0.89760423 0.08147113
v -0.17546393 1.01499164 0.09309217
v -0.16725008 1.01849973 0.09539672
v -0.17421085 1.00806105 0.08816497
v -0.17064527 1.00982809 0.09025834
v -0.17202520 1.01236296 0.09081259
v -0.17646751 1.00956523 0.08805390
v -0.18649988 0.99668735 0.07447883
v -0.18665993 0.98979592 0.07431866
v -0.18167828 0.99590862 0.07754066
v -0.18169923 0.99998677 0.07846157
v -0.17154901 0.99052513 0.08381773
v -0.17079377 0.99779904 0.08541676
v -0.17427132 0.99781168 0.08332139
v -0.17643191 0.99049461 0.08132109
v -0.16695459 0.99838716 0.08715370
v -0.16666512 0.99188066 0.08586619
v -0.16202149 0.99428773 0.08732615
v -0.16296259 0.99982750 0.08808260
v -0.16559653 1.01497853 0.09192500
v -0.16546129 1.01177251 0.09126962
v -0.15952568 1.01316023 0.09014742
v -0.15853466 1.01683295 0.09115442
v -0.14863761 1.00963295 0.08506028
v -0.14537208 1.01020396 0.08651411
v -0.14726317 1.01407468 0.08698250
v -0.15032208 1.01166403 0.08572812
v -0.14966249 1.00724387 0.08570912
v -0.14725533 1.00615489 0.08677971
v -0.18517655 1.06865656 0.08486199
v -0.19821712 1.05656147 0.07633699
v -0.17397235 1.05314195 0.09519923
v -0.20647648 1.04209149 0.06701071
v -0.21058567 1.02747440 0.05773363
v -0.17680754 0.93270028 0.05850901
v -0.16667362 0.92814982 0.06837232
v -0.16764474 0.93760425 0.07412013
v -0.17373396 0.92256910 0.05192640
v -0.16210943 0.91832936 0.06393094
v -0.14411193 0.90025479 0.05970433
v -0.15506178 0.90818834 0.06100985
v -0.18553735 0.93056649 0.03756675
v -0.18147019 0.92273319 0.02972580
v -0.16708228 0.91260940 0.04501253
v -0.19204897 0.93492079 0.01702201
v -0.18980551 0.93312401 0.00758896
v -0.17640311 0.91433537 0.01802973
v -0.15128426 0.88147348 0.01879404
v -0.16706079 0.88672674 0.00766491
v -0.16738695 0.87490439 0.00101684
v -0.15286227 0.87055552 0.01326556
v -0.18736102 0.93989408 0.04595288
v -0.20458525 0.99932158 0.05448487
v -0.20339219 0.98511147 0.05129313
v -0.19812681 1.00043094 0.06520034
v -0.22687830 1.05716646 0.03728516
v -0.22810672 1.03832698 0.03271811
v -0.22026093 1.03358757 0.04651166
v -0.21708520 1.05122256 0.05477197
v -0.20677204 1.09690309 0.04630349
v -0.21969037 1.07769787 0.04213632
v -0.20950828 1.06789958 0.06159575
v -0.19590054 1.08380163 0.06935313
v -0.23405920 1.04052830 0.01633945
v -0.23357157 1.05983245 0.01689188
v -0.23695430 1.05738091 -0.00494242
v -0.23708084 1.03925145 -0.00057023
v -0.22786564 1.08222675 0.01605907
v -0.23357879 1.07972276 -0.01146712
v -0.19292271 0.93745345 -0.00493728
v -0.18614605 0.91975427 -0.00203673
v -0.18115510 0.90506613 -0.00275873
v -0.16840677 0.90008539 0.01340903
v -0.22260530 1.10085428 -0.01720730
v -0.21627522 1.10349405 0.01607884
v -0.22434898 1.02116561 -0.04890730
v -0.22702783 1.00974584 -0.03562129
v -0.23309545 1.02227771 -0.02495973
v -0.23225553 1.03659761 -0.03900973
v -0.22010814 1.03290880 -0.06425836
v -0.22843885 1.05209982 -0.05382207
v -0.19862950 0.97139394 -0.05515681
v -0.19152783 0.97710353 -0.06942881
v -0.17977202 0.96162945 -0.06367283
v -0.18640584 0.95722723 -0.05033158
v -0.18730460 1.01444995 0.08569936
v -0.19063336 1.00830853 0.07857492
v -0.18393469 1.00726283 0.08275641
v -0.18091680 1.01131320 0.08815191
v -0.20337626 1.01194406 0.06048068
v -0.19687864 1.00984490 0.07085712
v -0.21914439 1.01940620 0.03832140
v -0.22668825 1.02278697 0.02787980
v -0.23368004 1.02580035 0.00158040
v -0.23123221 1.02549303 0.01485703
v -0.22675671 1.00146830 -0.02511208
v -0.22978598 1.00992930 -0.01840729
v -0.19569580 0.94838440 -0.02088091
v -0.19184105 0.95163095 -0.03649440
v -0.18311235 0.93502241 -0.03435525
v -0.18849221 0.92838860 -0.02002553
v -0.17070185 0.94626963 -0.05879939
v -0.17752172 0.94120860 -0.04762629
v -0.18108700 0.89984596 -0.02459492
v -0.17575219 0.90699649 -0.03951035
v -0.17659594 0.89515877 -0.04525238
v -0.17821790 0.88812065 -0.03077650
v -0.17114559 0.90113914 -0.05897542
v -0.17012636 0.91266030 -0.05242939
v -0.16275494 0.91788161 -0.06373011
v -0.16268653 0.90547442 -0.06943619
v -0.12462986 0.86569512 0.02687931
v -0.13751560 0.86760718 0.02099211
v -0.13909969 0.85761338 0.01513613
v -0.12529384 0.85647094 0.02043537
v -0.17868310 0.87895304 -0.03851210
v -0.17988814 0.88728809 -0.05325687
v -0.20181467 0.96787757 -0.04036219
v -0.20510595 0.96661156 -0.02773643
v -0.17491543 0.89315009 -0.06751020
v -0.17906983 0.91970181 -0.03608534
v -0.17229384 0.92607105 -0.04825821
v -0.16139273 0.95083034 -0.06829738
v -0.17017001 0.96653682 -0.07464975
v -0.14600791 0.98674977 0.09255734
v -0.15376963 1.00014520 0.08761687
v -0.15022486 1.00299633 0.08713800
v -0.15209283 1.00558412 0.08671115
v -0.15533952 1.00356483 0.08762244
v -0.15183988 1.04095435 0.10318155
v -0.16519549 1.03863132 0.10086278
v -0.15917678 1.02654302 0.10109005
v -0.14591597 1.02603257 0.10163457
v -0.17237590 0.96506518 0.08264447
v -0.16362548 0.95642495 0.08595788
v -0.15899947 0.96516407 0.09005447
v -0.16442473 0.97324663 0.08841307
v -0.17886716 1.00194979 0.08116839
v -0.17802548 1.00396776 0.08340561
v -0.18065733 1.00368869 0.08122268
v -0.15805693 0.94378006 0.08476287
v -0.16633888 0.94691271 0.08019825
v -0.19993958 0.97109765 0.04875915
v -0.19171432 1.00150907 0.07273579
v -0.18890192 1.11177456 0.04948699
v -0.17973571 1.09573698 0.07514169
v -0.19771010 1.11983168 0.01554262
v -0.20448805 1.11913526 -0.02130779
v -0.21946573 1.06780183 -0.06671258
v -0.20309372 1.08382249 -0.07600163
v -0.19449265 1.05762231 -0.08997607
v -0.21121079 1.04548895 -0.07912342
v -0.18140419 0.98346186 -0.08244478
v -0.15258561 0.92297781 -0.07102998
v -0.15210287 0.90973711 -0.07608407
v -0.16935799 1.07738054 0.09003658
v -0.15972485 1.05883014 0.09776271
v -0.21065050 1.01413000 0.04916274
v -0.18891592 0.97505236 0.07135069
v -0.18209070 0.96869856 0.07598190
v -0.18024889 0.98012048 0.08034946
v -0.18497245 0.98400366 0.07651075
v -0.19169663 0.96638393 0.06195769
v -0.19369952 0.95840824 0.04935519
v -0.19695714 0.95102966 0.03419217
v -0.19459453 0.94074011 0.02506832
v -0.23750052 1.05021262 -0.02493075
v -0.23638450 1.03427041 -0.01528149
v -0.22532356 1.08864272 -0.04697233
v -0.23450156 1.06927621 -0.03662948
v -0.23414767 1.02363741 -0.01138956
v -0.20688756 1.10730207 -0.05348326
v -0.12732682 0.96053660 0.10168847
v -0.12708203 0.96550161 0.10136236
v -0.13492702 0.95914185 0.09718467
v -0.11912623 0.93532670 0.09849826
v -0.12001088 0.93018705 0.09459843
v -0.11499049 0.93059677 0.09533517
v -0.11442359 0.93610334 0.09931580
v -0.11896001 0.89321792 0.06533211
v -0.13076180 0.89522076 0.06250560
v -0.12356256 0.87428212 0.03428560
v -0.13619529 0.87673259 0.02742676
v -0.12886749 0.97372323 0.10656838
v -0.12943515 0.97320604 0.10450752
v -0.12754793 0.97388220 0.10493196
v -0.12744151 0.97412866 0.10678310
v -0.13550416 0.94291449 0.09242440
v -0.11986232 0.95313108 0.10369719
v -0.11903174 0.94950628 0.10145099
v -0.11581021 0.94989073 0.10181475
v -0.11647405 0.95343029 0.10384592
v -0.15447439 0.90018284 0.03862555
v -0.15157381 0.89226794 0.02586433
v -0.17617144 0.88113213 -0.01504587
v -0.17798804 0.89197016 -0.00760709
v -0.18406029 0.91286558 -0.02084333
v -0.16578481 0.93131149 -0.05979470
v -0.15685487 0.93700063 -0.06826172
v -0.14525232 0.94211102 -0.07380497
v -0.14963453 0.95618463 -0.07559782
v -0.13464555 0.89089394 0.04668424
v -0.13588715 0.88524997 0.03552768
v -0.12305269 0.88232613 0.04162171
v -0.12110746 0.88850677 0.05120235
v -0.12217256 0.97215462 0.10735835
v -0.12311181 0.97099519 0.10520036
v -0.12037793 0.96901584 0.10553185
v -0.12005213 0.97125280 0.10854167
v -0.12996401 0.97106719 0.10248588
v -0.12707239 0.96859854 0.10166837
v -0.12733689 0.97087157 0.10198409
v -0.13085361 0.97199547 0.10432383
v -0.13018644 0.97320199 0.10708163
v -0.12482411 0.97457004 0.11141267
v -0.12338355 0.97505093 0.11657917
v -0.12796469 0.97407913 0.11010135
v -0.12476963 0.97333479 0.10633574
v -0.12481372 0.97244883 0.10425882
v -0.12738280 0.97292209 0.10286582
v -0.12912042 0.97255069 0.10310514
v -0.12548348 0.97458291 0.10944363
v -0.12747659 0.97421324 0.10831153
v -0.13024548 0.99597871 0.11085784
v -0.11286219 0.87386447 0.03745262
v -0.11214823 0.88200974 0.04404394
v -0.13590556 0.94133806 0.09081344
v -0.15788130 1.02077079 0.09569278
v -0.17346819 0.97952765 0.08438253
v -0.15379353 0.98587298 0.09029352
v -0.15593107 0.99154663 0.08872285
v -0.16098689 0.98723960 0.08801415
v -0.15856759 0.97993791 0.08971731
v -0.14884964 1.01997256 0.09420077
v -0.14278114 1.01625252 0.09176401
v -0.13847674 1.01809847 0.09831095
v -0.14082216 1.01015413 0.09087392
v -0.14319022 1.00449622 0.08941820
v -0.14003934 1.00192142 0.09488703
v -0.13644242 1.00916934 0.09937380
v -0.17900161 1.00684977 0.08448211
v -0.17657803 1.00594044 0.08576909
v -0.14444648 0.99645209 0.09185585
v -0.14698568 0.99989957 0.08870406
v -0.15121841 0.99581707 0.08859032
v -0.14894347 0.99117613 0.09049971
v -0.16676362 0.98292184 0.08681040
v -0.18546247 1.00265563 0.07783177
v -0.17995131 0.99244082 0.07886728
v -0.20235212 0.95898300 -0.01309690
v -0.21020509 0.96933413 -0.01801628
v -0.19983421 0.94965911 0.00697372
v -0.20008093 0.95208156 0.00311690
v -0.19465770 0.94615793 0.00329855
v -0.19585553 0.94509637 0.00906950
v -0.22538488 0.99968094 -0.00496862
v -0.22387277 0.99966103 -0.00057811
v -0.22594161 1.00499535 0.00153644
v -0.22698969 1.00528014 -0.00636387
v -0.22404692 1.00063300 0.00687178
v -0.22327764 0.99779946 0.00615312
v -0.22182563 0.99696422 0.00958508
v -0.22385983 1.00360632 0.00937153
v -0.21983819 1.00110006 0.01589101
v -0.22313184 1.01054335 0.02190205
v -0.22721232 1.01331031 0.01254740
v -0.21033688 0.99786532 0.03905552
v -0.21666332 1.00630605 0.02979053
v -0.21532856 0.99551207 0.02106572
v -0.21067488 0.98753566 0.02470068
v -0.20054384 0.95441556 0.02006615
v -0.19876404 0.94707000 0.01532346
v -0.19720285 0.95159674 -0.00434260
v -0.21170719 1.01374090 -0.07016353
v -0.21712783 1.00419986 -0.05496767
v -0.22059716 0.99631101 -0.04109211
v -0.22149457 0.99078327 -0.02919910
v -0.20220923 1.02327192 -0.08448539
v -0.18653479 1.03197980 -0.09554385
v -0.20720731 0.98014635 0.03772315
v -0.20748739 0.97536367 0.02458983
v -0.20836523 0.98749214 -0.05684786
v -0.20190658 0.99511397 -0.07155886
v -0.21267755 0.98153335 -0.04219332
v -0.21438120 0.97943944 -0.02950495
v -0.19154902 1.00336182 -0.08460647
v -0.17615859 1.00884748 -0.09494116
v -0.16562164 0.98714697 -0.09105929
v -0.20678513 0.95572937 0.00945028
v -0.20574117 0.94985878 0.00944359
v -0.20252091 0.94920295 0.01083013
v -0.20333102 0.95457608 0.01335941
v -0.20419192 0.96435219 0.02269315
v -0.20283087 0.96601135 0.03519867
v -0.13309796 1.00231802 0.10599108
v -0.10938258 0.90849227 0.09427392
v -0.11059576 0.92286748 0.09550118
v -0.12193936 0.96129203 0.10370962
v -0.12099150 0.95709622 0.10398266
v -0.11743344 0.95712864 0.10404865
v -0.11843824 0.96122479 0.10385641
v -0.15185167 1.01662862 0.08909623
v -0.15683404 0.97187293 -0.08255556
v -0.14115627 0.92780459 -0.07542058
v -0.13981524 0.91374075 -0.08012385
v -0.16543390 0.89644128 -0.07834249
v -0.15362717 0.89960933 -0.08479954
v -0.11924763 0.96550101 0.10434256
v -0.12251531 0.96548533 0.10361106
v -0.12509942 0.97429407 0.10823447
v -0.12363638 0.94811451 0.10016329
v -0.12461531 0.97090769 0.10372943
v -0.12324345 0.96868122 0.10373033
v -0.11802337 0.96899498 0.10619904
v -0.11747607 0.96549308 0.10444174
v -0.15766256 0.99731493 0.08793601
v -0.15889211 1.00169802 0.08819295
v -0.12275362 0.97363591 0.11005748
v -0.12080643 0.97275513 0.11245219
v -0.15449749 0.86002779 0.00620098
v -0.16806400 0.86503935 -0.00735185
v -0.11357296 0.95021868 0.10187678
v -0.11428131 0.95362091 0.10392399
v -0.21085300 0.98137701 0.01549927
v -0.21500120 0.98812985 0.01441778
v -0.21578246 0.98339939 0.00870232
v -0.21263532 0.97769701 0.00931181
v -0.11367814 0.86522937 0.03045950
v -0.17522344 0.87133956 -0.02351716
v -0.14071223 0.90325165 -0.08876646
v -0.17704938 0.99854863 0.08164535
v -0.17860755 1.00006533 0.08064232
v -0.15410408 1.01334715 0.08784261
v -0.12353945 0.93992358 0.09794847
v -0.12279874 0.94447672 0.09722484
v -0.11112229 0.88858628 0.05316509
v -0.11809164 0.97109634 0.10940094
v -0.21992557 0.99263829 0.00051921
v -0.21845835 0.98946774 0.00053116
v -0.22056960 0.98702973 0.00297008
v -0.22154483 0.99012166 0.00400887
v -0.22298150 0.99243653 0.00998920
v -0.22561622 0.99576247 0.00910662
v -0.22582592 0.99220037 0.00661529
v -0.22345841 0.98976457 0.00676369
v -0.21924822 0.99360728 0.01261031
v -0.21955556 0.98897088 0.00937621
v -0.22835952 0.99709445 0.00751936
v -0.22741871 0.99456429 0.00556664
v -0.22326767 0.99887341 0.00397267
v -0.22614402 0.99923879 0.00647510
v -0.22854100 1.00104582 0.00206944
v -0.23184779 0.99768889 0.00389443
v -0.23183662 1.00074267 -0.00418307
v -0.23513611 0.99667531 -0.00135622
v -0.23262751 0.99706388 -0.01001941
v -0.23630202 0.99363327 -0.00698246
v -0.20589240 0.96237314 0.01473635
v -0.20674601 0.96418464 0.00748541
v -0.23117369 0.99059886 -0.01329564
v -0.23587067 0.98840761 -0.01106823
v -0.22863851 0.98337722 -0.01553302
v -0.23365901 0.98166621 -0.01361819
v -0.22560456 0.97585815 -0.01612351
v -0.23027974 0.97464478 -0.01399173
v -0.22206813 0.96816611 -0.01470121
v -0.22664754 0.96796602 -0.01240357
v -0.21688984 0.95968080 -0.01154405
v -0.22224376 0.96168953 -0.00880661
v -0.23179509 0.99273694 -0.00708712
v -0.23076454 0.99553978 -0.00290475
v -0.22430545 0.99592179 -0.00768120
v -0.22903484 0.99624336 0.00203375
v -0.21689682 0.98529887 -0.00817481
v -0.21555875 0.98177934 -0.00635626
v -0.21844374 0.98097157 -0.00196784
v -0.21668732 0.98445141 -0.00468404
v -0.21414246 0.97566187 0.00539472
v -0.21275705 0.97040093 0.00503177
v -0.21035089 0.97027040 0.00964990
v -0.21008578 0.96721327 0.00401885
v -0.21077855 0.97172606 0.00270724
v -0.21029754 0.96882308 0.00211639
v -0.21079277 0.97525054 0.00235204
v -0.21061279 0.96743155 0.00081758
v -0.21080489 0.96557474 0.00234046
v -0.21002157 0.96865189 -0.00006597
v -0.20975941 0.96972930 0.00060343
v -0.20947361 0.97152209 -0.00033765
v -0.20995010 0.97427207 -0.00221409
v -0.20893385 0.97149897 0.01587316
v -0.20774153 0.96459031 -0.00781157
v -0.21421339 0.97114503 -0.01118666
v -0.21717928 0.95694184 -0.00366658
v -0.21195053 0.95264590 -0.00477629
v -0.20664822 0.94746208 0.00744289
v -0.20897870 0.94849479 0.00208656
v -0.22232762 0.99142742 -0.00993400
v -0.22099735 0.98511916 -0.01195494
v -0.20291804 0.95824254 -0.00157512
v -0.21852297 0.97838497 -0.01213110
v -0.22119354 0.96589506 -0.00752165
v -0.21726443 0.96246135 -0.00363905
v -0.22543296 0.97023785 -0.00990595
v -0.21047378 0.96176577 0.00465497
v -0.21374370 0.96112633 0.00118321
v -0.21324845 0.95511621 0.00230729
v -0.21014656 0.95457673 0.00675491
v -0.21596745 0.96663606 -0.00324546
v -0.22005667 0.96907771 -0.00538366
v -0.21332794 0.96933150 -0.00497151
v -0.21724910 0.97213125 -0.00678102
v -0.21166113 0.96773553 -0.00152515
v -0.21275195 0.96534204 -0.00023589
v -0.21010940 0.97155863 -0.00589873
v -0.21382622 0.97595227 -0.00812041
v -0.20980719 0.96943378 -0.00222566
v -0.22100200 0.97471857 -0.00687115
v -0.21822605 0.97868693 -0.00791692
v -0.22211999 0.98087156 -0.00511605
v -0.22425792 0.97760844 -0.00548400
v -0.22383001 0.97217071 -0.00705319
v -0.22686389 0.97609490 -0.00771633
v -0.22774503 0.97596180 -0.01125976
v -0.22871140 0.98121309 -0.00803750
v -0.23007758 0.98205888 -0.01107231
v -0.22668710 0.98093688 -0.00553777
v -0.22451520 0.98235458 -0.00353228
v -0.23157568 0.98820257 -0.00973608
v -0.22959322 0.98633468 -0.00703581
v -0.22955431 0.99048328 -0.00539208
v -0.22765712 0.98486072 -0.00478176
v -0.22740012 0.98813748 -0.00359431
v -0.22597927 0.98419744 -0.00337132
v -0.22534770 0.98607212 -0.00224752
v -0.22477753 0.99445462 0.00346535
v -0.22305453 0.99255282 0.00446462
v -0.22672378 0.99457645 0.00076453
v -0.22470403 0.99221003 0.00026419
v -0.22356759 0.99310076 0.00193020
v -0.22200748 0.99226725 0.00196172
v -0.22328904 0.98990452 0.00041311
v -0.22082652 0.98926425 -0.00162976
v -0.12558609 0.83589470 0.01018498
v -0.11212318 0.83695865 0.01190365
v -0.11302199 0.84676248 0.01752987
v -0.12576991 0.84676450 0.01481072
v -0.22613867 0.99055994 -0.00167378
v -0.22431467 0.98784184 -0.00072757
v -0.22843288 0.99324012 -0.00269224
v -0.22157334 0.98543793 -0.00446281
v -0.22257048 0.98639357 -0.00232259
v -0.22359252 0.98440188 -0.00247519
v -0.22250986 0.98354971 -0.00393151
v -0.21462227 0.97975421 0.00450377
v -0.21268970 0.97909570 0.00053420
v -0.21241404 0.97721350 -0.00387948
v -0.16437097 0.81870043 -0.01325255
v -0.16037282 0.83021593 -0.01339363
v -0.17898400 0.83524752 -0.02569867
v -0.18560350 0.82479078 -0.02526602
v -0.16995139 0.78902137 0.00086985
v -0.20169526 0.79137516 -0.01392815
v -0.18905252 0.76649654 0.00277242
v -0.16392472 0.76800680 0.00711375
v -0.17769508 0.74616325 0.01130381
v -0.15655662 0.74889958 0.01287841
v -0.15334217 0.69435406 0.02426643
v -0.13636816 0.69775212 0.02575445
v -0.14247312 0.71406388 0.02203901
v -0.16013005 0.71061766 0.02098504
v -0.15627018 0.62069923 0.01770527
v -0.14768654 0.60706306 0.01092448
v -0.13547304 0.61163849 0.01747012
v -0.14520431 0.62401623 0.02234187
v -0.23688780 0.69251889 0.00281313
v -0.24751870 0.70827532 -0.00130970
v -0.25354642 0.69409913 -0.00555568
v -0.24192709 0.68061990 -0.00413806
v -0.23699862 0.82861352 -0.05451311
v -0.22393650 0.81239879 -0.03434268
v -0.21111880 0.82349348 -0.03911801
v -0.22497192 0.83797514 -0.05591827
v -0.19957039 0.62915921 -0.02090410
v -0.19251709 0.61922026 -0.01855885
v -0.18942158 0.62520289 -0.00732297
v -0.19606717 0.63506359 -0.00803223
v -0.15966097 0.54592907 -0.03890122
v -0.15698574 0.52672857 -0.04552070
v -0.14130484 0.52344370 -0.02861186
v -0.14449345 0.54338723 -0.02307359
v -0.20473795 0.57794642 -0.10107728
v -0.20894760 0.58401775 -0.12846531
v -0.20223321 0.57009947 -0.13320924
v -0.19798647 0.56274903 -0.10642605
v -0.18374005 0.68622607 0.01880015
v -0.16913711 0.69070667 0.02185589
v -0.17699830 0.70635641 0.01936458
v -0.19287089 0.70111454 0.01689951
v -0.31037971 0.56057233 -0.04458728
v -0.29248440 0.55544132 -0.04580297
v -0.28727022 0.57840365 -0.04142065
v -0.30466664 0.58358973 -0.04142255
v -0.18451634 0.47992739 -0.12767918
v -0.18574144 0.49268892 -0.15197261
v -0.18837190 0.47599298 -0.15712836
v -0.18592542 0.46268147 -0.13203117
v -0.30495271 0.70684433 -0.03028953
v -0.30273873 0.72386622 -0.02675552
v -0.31512576 0.73761690 -0.04484014
v -0.31902328 0.71880388 -0.04651885
v -0.22074892 0.66293794 -0.00566999
v -0.21575165 0.66973478 0.00347445
v -0.22630493 0.68046296 0.00405818
v -0.23060626 0.67125565 -0.00454888
v -0.22225830 0.61027157 -0.12160891
v -0.21886285 0.60669810 -0.09841602
v -0.22481947 0.62080389 -0.09810891
v -0.22897936 0.62388742 -0.11888605
v -0.21200731 0.59218019 -0.09976246
v -0.21543360 0.59689051 -0.12490659
v -0.20770915 0.67616898 0.00997428
v -0.19658503 0.68124753 0.01490290
v -0.20729087 0.69536227 0.01359169
v -0.21891262 0.68910980 0.00942519
v -0.13982825 0.59410554 0.00431697
v -0.12493536 0.59995621 0.01268090
v -0.17704354 0.45024866 -0.10843074
v -0.16327322 0.43936941 -0.08797003
v -0.16468439 0.45833689 -0.08322671
v -0.17706530 0.46833253 -0.10406147
v -0.13174894 0.56223613 -0.00494850
v -0.13455354 0.58040482 -0.00071270
v -0.14923702 0.57857746 -0.01131496
v -0.14755221 0.56167847 -0.01744576
v -0.14588986 0.43037215 -0.06973133
v -0.12708148 0.42238194 -0.05185989
v -0.12883776 0.44353682 -0.04668240
v -0.14783491 0.45006374 -0.06439677
v -0.16803497 0.72781664 0.01685920
v -0.14921290 0.73115146 0.01779912
v -0.17409074 0.61847103 0.00426745
v -0.16891822 0.60566354 -0.00318094
v -0.15889062 0.60540342 0.00401356
v -0.16607375 0.61898559 0.01122838
v -0.23800732 0.66162187 -0.03449032
v -0.24260584 0.66914535 -0.01668083
v -0.25718799 0.67726117 -0.01676122
v -0.24792649 0.66384882 -0.03633130
v -0.18912335 0.45960677 -0.16368210
v -0.18587877 0.44677290 -0.13836837
v -0.14478996 0.41270477 -0.07770104
v -0.12588210 0.40429378 -0.05970600
v -0.25537795 0.65791005 -0.10964634
v -0.25160801 0.65676814 -0.10861677
v -0.24998440 0.65422463 -0.09161635
v -0.25427368 0.65859067 -0.09369225
v -0.10631377 0.63245267 0.02841170
v -0.12297904 0.63671398 0.02985478
v -0.12622373 0.62139708 0.02463233
v -0.11171457 0.61291528 0.02080880
v -0.16423887 0.59298670 -0.01275924
v -0.16221790 0.57981700 -0.02184008
v -0.15280904 0.59252417 -0.00439011
v -0.08874111 0.62765718 0.02371117
v -0.09491740 0.60011977 0.01642818
v -0.13039820 0.73379928 0.01913259
v -0.12470281 0.71730399 0.02290120
v -0.13606669 0.75082505 0.01532247
v -0.11670771 0.75302744 0.01840628
v -0.12022963 0.77078438 0.01435765
v -0.14046986 0.76903450 0.01109024
v -0.12250942 0.78852814 0.01161941
v -0.14338343 0.78784209 0.00770485
v -0.14262965 0.81561071 -0.00292893
v -0.14148416 0.82711071 -0.00217255
v -0.23139581 0.66266870 -0.01740696
v -0.22252241 0.65614736 -0.01918769
v -0.16217041 0.42250612 -0.09552336
v -0.22479694 0.78179228 -0.16429621
v -0.21681397 0.76960731 -0.17411944
v -0.23291765 0.76163530 -0.16636713
v -0.24141167 0.77367270 -0.15680684
v -0.24944289 0.82192796 -0.05331640
v -0.23934893 0.80456626 -0.03219663
v -0.25412145 0.68849379 -0.15305808
v -0.24932648 0.69090700 -0.16024326
v -0.24814577 0.68192357 -0.15715949
v -0.25255594 0.68055087 -0.15145640
v -0.25611290 0.66196328 -0.13147169
v -0.25454187 0.65289009 -0.13240504
v -0.25784606 0.65700036 -0.13776219
v -0.25746328 0.66673863 -0.13630459
v -0.18303528 0.48855215 -0.18109196
v -0.17999114 0.50486159 -0.17542984
v -0.19096979 0.62150812 -0.19063894
v -0.20097372 0.60692400 -0.17363341
v -0.21066867 0.61884910 -0.16665660
v -0.20373324 0.63366961 -0.18114358
v -0.11570410 0.79986078 -0.17360821
v -0.11132587 0.78707039 -0.18013826
v -0.13251878 0.78556418 -0.18290988
v -0.13795248 0.79832470 -0.17608275
v -0.19192295 0.80639613 -0.16766067
v -0.19807549 0.81852299 -0.15862043
v -0.17192192 0.82184762 -0.16329752
v -0.16707651 0.80973488 -0.17099696
v -0.20622845 0.78891766 -0.17170753
v -0.19888093 0.77612531 -0.18080592
v -0.23014306 0.63085467 -0.13696666
v -0.22255714 0.61908865 -0.14190869
v -0.24037941 0.64497131 -0.13062735
v -0.23860401 0.63987607 -0.11426186
v -0.24140061 0.64485335 -0.11240687
v -0.24303098 0.64951551 -0.12833706
v -0.21479891 0.84780109 -0.05615311
v -0.21807674 0.85907614 -0.07589471
v -0.23061426 0.84905905 -0.07637325
v -0.17660105 0.86212564 -0.12466945
v -0.17585117 0.85749787 -0.13109671
v -0.19304483 0.85555381 -0.12490764
v -0.18879065 0.86101562 -0.11852964
v -0.11464007 0.71817899 -0.21093370
v -0.09312543 0.72260368 -0.20652524
v -0.08625623 0.70157391 -0.21198243
v -0.10940274 0.69475192 -0.21660617
v -0.24642877 0.65864170 -0.13782814
v -0.24940850 0.65966660 -0.13419726
v -0.25040388 0.66615689 -0.14219329
v -0.24639075 0.66600853 -0.14654598
v -0.24259606 0.66445029 -0.15006332
v -0.23799402 0.66172135 -0.15391557
v -0.23985484 0.65263808 -0.14358786
v -0.24372286 0.65641463 -0.14045368
v -0.21508887 0.64475656 -0.17162630
v -0.22019309 0.63112551 -0.15862577
v -0.22907060 0.64089763 -0.15193924
v -0.22533551 0.65288228 -0.16413787
v -0.06453166 0.62692600 -0.22160408
v -0.08587380 0.62210423 -0.22752096
v -0.09323952 0.64697802 -0.22462140
v -0.07110876 0.65243894 -0.21955268
v -0.25369442 0.65435165 -0.06381419
v -0.25334767 0.65443540 -0.04766543
v -0.25285932 0.64579064 -0.05004653
v -0.25236458 0.64360225 -0.06842591
v -0.27381557 0.66005415 -0.14568956
v -0.27889594 0.65131986 -0.14633252
v -0.28435180 0.65444869 -0.14628828
v -0.27913669 0.66422629 -0.14632162
v -0.24979605 0.62453318 -0.08918960
v -0.25125310 0.62886924 -0.07172588
v -0.25079137 0.60908455 -0.07458868
v -0.24853258 0.60503250 -0.09316319
v -0.26163235 0.82192308 -0.08132914
v -0.26135221 0.81627977 -0.05183078
v -0.25249407 0.83030194 -0.07923390
v -0.25017312 0.63678801 -0.11494327
v -0.24756618 0.62210506 -0.11863836
v -0.25046363 0.62400198 -0.12992744
v -0.25066251 0.63847220 -0.12650602
v -0.32775459 0.56589925 -0.05232646
v -0.32085434 0.58870387 -0.04988164
v -0.24953328 0.58299541 -0.11232223
v -0.25390279 0.58238000 -0.12607594
v -0.24809311 0.60331559 -0.12267704
v -0.24783175 0.60327584 -0.10885442
v -0.17970845 0.60941064 -0.19686241
v -0.19174950 0.59460473 -0.17934041
v -0.15440625 0.50813186 -0.21903585
v -0.17103250 0.49952042 -0.20186955
v -0.16782366 0.51660639 -0.19563930
v -0.15215230 0.52632338 -0.21225518
v -0.18399037 0.47187465 -0.18825099
v -0.15551354 0.48812357 -0.22513773
v -0.17254312 0.48067063 -0.20870726
v -0.19538827 0.87471843 -0.06841749
v -0.18725030 0.88066638 -0.08402836
v -0.19516794 0.87329650 -0.09068633
v -0.20612623 0.86749011 -0.07320998
v -0.18760172 0.36601576 -0.21830682
v -0.18462090 0.33775997 -0.22337443
v -0.19384952 0.33394605 -0.19321738
v -0.19237646 0.36076632 -0.19046031
v -0.16007979 0.87719655 -0.11220456
v -0.17881304 0.87539577 -0.10315688
v -0.17324390 0.88298404 -0.09548528
v -0.15742615 0.88417768 -0.10286220
v -0.19104604 0.38360190 -0.18668219
v -0.18744338 0.39174026 -0.21385388
v -0.19297068 0.86316633 -0.05106590
v -0.20434630 0.85586268 -0.05441067
v -0.19304225 0.84425688 -0.03959095
v -0.18446162 0.85277355 -0.03704815
v -0.17275470 0.84545207 -0.02226306
v -0.19510338 0.32834232 -0.16274178
v -0.19127208 0.35055435 -0.16228162
v -0.18041472 0.88698936 -0.07613754
v -0.16859420 0.88961840 -0.08727841
v -0.15516458 0.89158505 -0.09410948
v -0.14083247 0.89511043 -0.09786751
v -0.18214405 0.45536259 -0.19426598
v -0.18653418 0.44418731 -0.17030752
v -0.12460099 0.23068848 -0.27718481
v -0.09659830 0.22755226 -0.28675488
v -0.09913856 0.20654079 -0.26917475
v -0.13105668 0.21101731 -0.26192728
v -0.02945553 0.23941979 -0.28250587
v -0.02838244 0.22261885 -0.26283088
v -0.06391217 0.21118957 -0.26906231
v -0.06499906 0.22946385 -0.28770968
v -0.04073530 0.37648827 -0.31467241
v -0.07021675 0.37484044 -0.31539807
v -0.07206839 0.39913458 -0.30574355
v -0.04345417 0.40052599 -0.30639073
v -0.15421671 0.47007853 -0.23127119
v -0.17110984 0.46332771 -0.21459076
v -0.18242492 0.43216342 -0.14577445
v -0.21660614 0.22241703 -0.13547175
v -0.21060738 0.22023070 -0.17454714
v -0.21475768 0.19042030 -0.17076847
v -0.22297347 0.19161907 -0.13275222
v -0.16823964 0.17467895 -0.22629951
v -0.16428101 0.20113990 -0.23479074
v -0.13338679 0.19043276 -0.24895136
v -0.13597921 0.16659907 -0.23886915
v -0.10591485 0.39704001 -0.04251965
v -0.12343684 0.38938630 -0.06882196
v -0.10337366 0.38123992 -0.05266006
v -0.04157365 0.38547784 -0.01755237
v -0.06507041 0.38702527 -0.02067097
v -0.06057343 0.37173331 -0.03243409
v -0.03916562 0.37079763 -0.02910523
v -0.04094626 0.28906330 -0.05545413
v -0.02510492 0.29008773 -0.05411121
v -0.02815849 0.30838054 -0.05578075
v -0.04545650 0.30780080 -0.05777945
v -0.18407030 0.34135869 -0.13543607
v -0.16798952 0.33232430 -0.10992102
v -0.16482849 0.34898257 -0.11491103
v -0.18053277 0.36018139 -0.13723464
v -0.02876297 0.21143726 -0.24075361
v -0.06145432 0.19832453 -0.25014988
v -0.21965985 0.19216040 -0.09456713
v -0.20964988 0.22339302 -0.09861653
v -0.19758390 0.19160640 -0.06273540
v -0.16329859 0.18759713 -0.04871803
v -0.15577307 0.21673650 -0.05563007
v -0.18884319 0.22125286 -0.07003150
v -0.02851071 0.20541981 -0.07411005
v -0.04289202 0.22570115 -0.05533366
v -0.05454930 0.22107995 -0.06247772
v -0.03679309 0.20658040 -0.08394203
v -0.03160115 0.28099602 -0.31056753
v -0.03063235 0.26086649 -0.29957375
v -0.06384786 0.25060019 -0.30232224
v -0.06292064 0.27438065 -0.31391785
v -0.13518631 0.49352852 -0.23714913
v -0.13400684 0.47369766 -0.24391480
v -0.11418530 0.49681985 -0.24477775
v -0.13576466 0.51372409 -0.23028696
v -0.11518530 0.51853210 -0.23729259
v -0.14551215 0.64373624 -0.21584563
v -0.16432513 0.62612081 -0.21023725
v -0.17642942 0.63942516 -0.20475525
v -0.15927108 0.65949327 -0.21190020
v -0.15544772 0.78424317 -0.18503822
v -0.16146602 0.79717839 -0.17816761
v -0.09755418 0.16683745 -0.24229394
v -0.05633766 0.17607394 -0.22803536
v -0.07702804 0.14145190 -0.22010005
v -0.10975877 0.13998160 -0.23184282
v -0.17290382 0.14648670 -0.21763518
v -0.19889839 0.15384978 -0.19617395
v -0.19506195 0.18425217 -0.20390566
v -0.21928260 0.15811878 -0.16494697
v -0.23027672 0.16020000 -0.12521458
v -0.20326909 0.15994674 -0.05454667
v -0.16819075 0.15730736 -0.04133886
v -0.06937127 0.17165828 -0.08315180
v -0.09509020 0.17643914 -0.06459729
v -0.10103028 0.15023497 -0.06339554
v -0.07569175 0.14698389 -0.08425827
v -0.08584051 0.28353527 -0.05836505
v -0.11918017 0.30462921 -0.07415086
v -0.12533259 0.29031989 -0.07173590
v -0.09786034 0.27050972 -0.06208031
v -0.04828332 0.40471059 -0.00673718
v -0.06795941 0.40654916 -0.01008185
v -0.08495925 0.39090121 -0.02870852
v -0.08740032 0.41040164 -0.01898389
v -0.10781690 0.41578114 -0.03378405
v -0.07596446 0.49875146 0.00989894
v -0.09862831 0.49810266 -0.00133145
v -0.09384225 0.47700179 -0.00486023
v -0.07137600 0.47657320 0.00633491
v -0.08151811 0.52238727 0.01268132
v -0.10419810 0.52126944 0.00185473
v -0.09074136 0.57275093 0.01494212
v -0.11651068 0.58650148 0.00868101
v -0.11276072 0.56618649 0.00621061
v -0.11203445 0.73612332 0.02119541
v -0.10688171 0.71985197 0.02379280
v -0.18880069 0.32171509 -0.13401763
v -0.03706514 0.17221832 -0.19557717
v -0.03396913 0.16657346 -0.16470152
v -0.04554274 0.13985497 -0.16618821
v -0.05445312 0.14064404 -0.19549690
v -0.18907270 0.37179500 -0.16092998
v -0.17626184 0.43389308 -0.11508211
v -0.17265877 0.42003673 -0.12354582
v -0.19343817 0.57625711 -0.06821654
v -0.18756859 0.55682081 -0.07987088
v -0.13741450 0.63873363 0.02872188
v -0.13664012 0.62780935 0.02582727
v -0.19145228 0.21259263 -0.20974410
v -0.20685992 0.12790844 -0.04752731
v -0.20856629 0.09635013 -0.04165015
v -0.17578650 0.09458375 -0.03042525
v -0.17210764 0.12600172 -0.03523467
v -0.07027002 0.11496112 -0.10865308
v -0.08484595 0.11843944 -0.08417822
v -0.09551351 0.08974695 -0.08246061
v -0.08272053 0.08467561 -0.10753683
v -0.09550968 0.05495542 -0.10300075
v -0.10658722 0.05805992 -0.07660009
v -0.11363464 0.02666580 -0.07352834
v -0.10511497 0.02550006 -0.09845055
v -0.22699633 0.15994450 -0.08668194
v -0.24034357 0.09793419 -0.10472082
v -0.23362683 0.09721798 -0.06942549
v -0.23120761 0.12836295 -0.07794608
v -0.23617235 0.12879601 -0.11517926
v -0.14337890 0.14112502 -0.22998066
v -0.05831127 0.14270315 -0.10768024
v -0.05093110 0.16664794 -0.10600980
v -0.07878473 0.07759279 -0.15794984
v -0.08945882 0.07724482 -0.18228945
v -0.07225631 0.10826200 -0.19101651
v -0.06166100 0.10853723 -0.16332248
v -0.18995498 0.09214050 -0.19193457
v -0.21253076 0.09690488 -0.17034633
v -0.20606625 0.12605190 -0.18391687
v -0.18155709 0.11950544 -0.20524696
v -0.22563277 0.12844223 -0.15261832
v -0.23013209 0.09814370 -0.14088264
v -0.24442796 0.03845036 -0.08443658
v -0.23327893 0.03619330 -0.05316775
v -0.23387314 0.06636489 -0.06126029
v -0.24298477 0.06783359 -0.09429957
v -0.23781899 0.04035591 -0.11699193
v -0.23412575 0.06893867 -0.12848228
v -0.21828198 0.06845993 -0.15771377
v -0.22332184 0.04086614 -0.14518878
v -0.20410793 0.03933090 -0.16500773
v -0.19756870 0.06586439 -0.17857239
v -0.17377043 0.06040686 -0.19170080
v -0.18235680 0.03569859 -0.17777778
v -0.14782417 0.05540317 -0.19533181
v -0.12474439 0.05263478 -0.18797036
v -0.13855624 0.02839267 -0.17562599
v -0.15950297 0.03157388 -0.18147722
v -0.10864437 0.02481114 -0.14399749
v -0.12042397 0.02575427 -0.16241983
v -0.10575329 0.05092793 -0.17203927
v -0.09467260 0.05034547 -0.15069032
v -0.15011749 -0.07491481 -0.13261415
v -0.16344261 -0.06850707 -0.14168918
v -0.15376806 -0.04506928 -0.14320175
v -0.13883422 -0.05083830 -0.13381252
v -0.17743547 -0.06286341 -0.14979433
v -0.19506834 -0.05830222 -0.15170524
v -0.18688625 -0.03569568 -0.15171401
v -0.16928475 -0.03998148 -0.14941174
v -0.22256167 -0.03349227 -0.13745293
v -0.20514698 -0.03384478 -0.14837216
v -0.21282095 -0.05581475 -0.14744622
v -0.22979617 -0.05599105 -0.13644548
v -0.24563767 -0.05656433 -0.11996109
v -0.24034174 -0.03271788 -0.12096021
v -0.25368538 -0.06227882 -0.09552431
v -0.25080135 -0.03713119 -0.09521510
v -0.24994729 -0.04523749 -0.06478116
v -0.25273806 -0.07120043 -0.06638052
v -0.13267644 -0.06126666 -0.07907178
v -0.14035642 -0.08792984 -0.08455541
v -0.13555944 -0.08415949 -0.10420825
v -0.12561862 -0.05913687 -0.10001666
v -0.16554312 -0.06305975 -0.04028787
v -0.18946084 -0.06156832 -0.01952407
v -0.19176546 -0.08778947 -0.03162204
v -0.17043380 -0.09098893 -0.05026305
v -0.24135177 0.01299364 -0.10737180
v -0.24532174 0.00968027 -0.07451845
v -0.20943874 0.01491881 -0.15206075
v -0.22821701 0.01507293 -0.13403244
v -0.11973876 -0.00061720 -0.13906361
v -0.13299781 0.00194699 -0.15433519
v -0.12005864 -0.00423765 -0.07297070
v -0.11266045 -0.00359046 -0.09653636
v -0.21863858 -0.02830810 -0.01431195
v -0.21448271 0.00240296 -0.02175455
v -0.23655879 0.00598473 -0.04331488
v -0.24186711 -0.02380604 -0.03487723
v -0.24628206 -0.01304543 -0.09958320
v -0.23394950 -0.00901884 -0.12567210
v -0.21550521 -0.00911081 -0.14261259
v -0.19754218 -0.01082022 -0.15443513
v -0.17870249 -0.01335811 -0.15800796
v -0.16088982 -0.01794923 -0.15500914
v -0.14429776 -0.02172578 -0.14762929
v -0.12962689 -0.02528358 -0.13536918
v -0.11899643 -0.03165133 -0.09703969
v -0.12546679 -0.03442485 -0.07527803
v -0.22046235 -0.08470285 -0.02516112
v -0.22024260 -0.05804032 -0.01429761
v -0.24558137 -0.05198938 -0.03296462
v -0.24531116 -0.07865935 -0.03837384
v -0.22094035 -0.10780221 -0.04085746
v -0.19814505 -0.10993689 -0.04680719
v -0.18548703 -0.08000989 -0.15482610
v -0.20270476 -0.07646453 -0.15595405
v -0.22070822 -0.07475996 -0.15181313
v -0.25352770 -0.07893854 -0.12419810
v -0.25773922 -0.08877438 -0.09880430
v -0.25354645 -0.09973937 -0.07079867
v -0.24192905 -0.10314810 -0.04880603
v -0.15344833 -0.12837142 -0.11871924
v -0.14597587 -0.10582518 -0.10933986
v -0.15137246 -0.11077058 -0.09234119
v -0.16066489 -0.13317609 -0.10243677
v -0.16259551 -0.11462986 -0.14909351
v -0.17403387 -0.10649019 -0.16212249
v -0.17040947 -0.08720727 -0.14687560
v -0.15930407 -0.09416425 -0.13495816
v -0.19236466 -0.10090441 -0.16901629
v -0.21091893 -0.09660214 -0.17001264
v -0.22961107 -0.09491145 -0.16544113
v -0.26108044 -0.10530954 -0.13343613
v -0.23879434 -0.07492399 -0.14191458
v -0.24802329 -0.09765965 -0.15373465
v -0.26369348 -0.11803973 -0.10422155
v -0.25532585 -0.16123825 -0.09003497
v -0.25130793 -0.13120013 -0.07558528
v -0.27145216 -0.14781028 -0.11448468
v -0.23636466 -0.26201797 -0.12922411
v -0.26253310 -0.25613999 -0.13504693
v -0.25957114 -0.28942323 -0.15228774
v -0.23724033 -0.29471576 -0.14726926
v -0.16409498 -0.15910721 -0.11446894
v -0.15571259 -0.15405732 -0.13212700
v -0.16362807 -0.13877022 -0.16588967
v -0.17758527 -0.12993652 -0.17918243
v -0.27612445 -0.16192001 -0.16056187
v -0.27072006 -0.13286507 -0.14503738
v -0.25785497 -0.12322211 -0.16809551
v -0.26364794 -0.15106910 -0.18452492
v -0.16669938 -0.25199598 -0.15657535
v -0.15987052 -0.24635446 -0.17541222
v -0.15532567 -0.21413958 -0.16131040
v -0.16263276 -0.22044921 -0.14140634
v -0.17840527 -0.15754765 -0.19533361
v -0.16361688 -0.16697919 -0.18177216
v -0.16500868 -0.19750202 -0.19654106
v -0.18002778 -0.18909544 -0.20993684
v -0.27493528 -0.22939390 -0.18714969
v -0.27681282 -0.19431615 -0.17485529
v -0.26570019 -0.18353385 -0.19835858
v -0.26467475 -0.21986538 -0.20981003
v -0.26015580 -0.19190311 -0.10429303
v -0.27642018 -0.17739648 -0.12989882
v -0.27779844 -0.20861048 -0.14455515
v -0.26348883 -0.22335857 -0.12000246
v -0.23225024 -0.19752973 -0.09777237
v -0.23546804 -0.22894543 -0.11266682
v -0.18154214 -0.31406420 -0.20242198
v -0.17079715 -0.27853149 -0.18918622
v -0.17672904 -0.28568125 -0.17304634
v -0.18656686 -0.32124573 -0.18942942
v -0.18573967 -0.22362947 -0.22059804
v -0.16970907 -0.23116601 -0.20868509
v -0.18067369 -0.26609391 -0.21697949
v -0.19349344 -0.26017487 -0.22762872
v -0.26876661 -0.30631626 -0.21110798
v -0.27172065 -0.26676601 -0.19917038
v -0.26251036 -0.25902683 -0.21964712
v -0.25868094 -0.29916984 -0.22924897
v -0.25671420 -0.32530528 -0.17027903
v -0.27316356 -0.27834731 -0.17268527
v -0.26977172 -0.31582421 -0.18887810
v -0.25514629 -0.36197114 -0.18479998
v -0.23970295 -0.36652452 -0.17993373
v -0.23724440 -0.32992852 -0.16561814
v -0.19665073 -0.35595340 -0.20311116
v -0.19049811 -0.34983492 -0.21480589
v -0.19221002 -0.33978790 -0.23505677
v -0.20129804 -0.33395225 -0.24430673
v -0.19842003 -0.29751706 -0.23573507
v -0.18777838 -0.30313796 -0.22589153
v -0.23068039 -0.29468274 -0.24414654
v -0.21380426 -0.29454005 -0.24216495
v -0.21533230 -0.33126360 -0.25015864
v -0.23067524 -0.33197957 -0.25085697
v -0.25485408 -0.33650517 -0.23670515
v -0.24606545 -0.29553753 -0.24024026
v -0.24415140 -0.33298379 -0.24648722
v -0.26527882 -0.34215420 -0.22128545
v -0.26677433 -0.35260302 -0.20085362
v -0.01976775 0.19768095 -0.17619248
v -0.02566616 0.19471994 -0.14826085
v -0.02814123 0.18536988 -0.15859836
v -0.02437374 0.19232878 -0.18953855
v -0.11662006 0.09102887 -0.05714045
v -0.10857865 0.12201318 -0.06082015
v -0.13012467 0.02734791 -0.04877412
v -0.12493850 0.05911200 -0.05081424
v -0.13566343 -0.00430667 -0.04855547
v -0.14091527 -0.03480984 -0.05295587
v -0.14539661 -0.06470281 -0.05868718
v -0.15326546 -0.09178018 -0.06632134
v -0.16319551 -0.11471839 -0.07597503
v -0.17410389 -0.13779628 -0.08706688
v -0.18145451 -0.19202518 -0.11157516
v -0.16371243 -0.18904793 -0.12763911
v -0.18086882 -0.16317117 -0.09977384
v -0.18461601 -0.25759238 -0.14039500
v -0.18206547 -0.22417897 -0.12427289
v -0.19180347 -0.29205757 -0.15908614
v -0.19972588 -0.32734060 -0.17754434
v -0.20852500 -0.36160249 -0.19209450
v -0.11576237 0.23105481 -0.06015130
v -0.08653569 0.21770775 -0.06705339
v -0.08357166 0.23005900 -0.06521643
v -0.11071853 0.24729106 -0.06342437
v -0.01809056 0.19782561 -0.10547470
v -0.02183284 0.19944850 -0.09195852
v -0.02823189 0.20147088 -0.10098858
v -0.02303791 0.20006782 -0.11518820
v -0.24708201 -0.01856714 -0.06739349
v -0.19046099 0.01212250 -0.16419682
v -0.17031425 0.00867384 -0.16780038
v -0.15096360 0.00563502 -0.16369312
v -0.16057876 -0.03553361 -0.03055809
v -0.15732758 -0.00455028 -0.02763716
v -0.18416001 -0.00150525 -0.01567317
v -0.18754196 -0.03271383 -0.01340557
v -0.22913940 -0.17084038 -0.08437002
v -0.20574024 -0.19468796 -0.10414045
v -0.20322418 -0.16773754 -0.08950171
v -0.22694623 -0.14743578 -0.06885488
v -0.21790616 -0.11942702 -0.18719502
v -0.23897557 -0.11837447 -0.18235838
v -0.19881308 -0.15070295 -0.20334345
v -0.22164407 -0.14613289 -0.20538370
v -0.19584268 -0.12358790 -0.18517052
v -0.14936949 0.05917728 -0.03193156
v -0.17862239 0.06215680 -0.02563843
v -0.18113333 0.03086429 -0.02089590
v -0.15297408 0.02824724 -0.02823885
v -0.16628782 0.53218353 -0.19125244
v -0.15176311 0.54289043 -0.20694242
v -0.18626541 0.60211849 -0.02768645
v -0.18871333 0.59048122 -0.04398140
v -0.17544778 0.58362859 -0.03290833
v -0.17540130 0.59603089 -0.02056660
v -0.19893104 0.60096240 -0.05037520
v -0.19529760 0.61086112 -0.03296319
v -0.20262884 0.62196600 -0.03646872
v -0.20686240 0.61316413 -0.05372380
v -0.23543818 0.65688366 -0.05482432
v -0.24204686 0.65895081 -0.05650228
v -0.08670674 0.54743755 0.01453393
v -0.06160726 0.54946250 0.01961378
v -0.06616676 0.57494128 0.01971402
v -0.08230103 0.37499774 -0.04042333
v -0.08969162 0.31388295 -0.06668402
v -0.05979201 0.28608671 -0.05647982
v -0.06627067 0.30971986 -0.06020804
v -0.01984975 0.22360215 -0.05803115
v -0.10731375 0.61334115 -0.22746123
v -0.11491282 0.63726759 -0.22383763
v -0.14283550 0.81065583 -0.16968560
v -0.11995555 0.81186849 -0.16708896
v -0.14987554 0.83344710 -0.15567414
v -0.15240322 0.84362698 -0.14843898
v -0.12967363 0.84433603 -0.14779437
v -0.12702461 0.83423406 -0.15449552
v -0.14032367 0.88742042 -0.10712922
v -0.14019550 0.87935805 -0.11607993
v -0.01859501 0.19964105 -0.12909192
v -0.02492327 0.20064163 -0.12509154
v -0.01905201 0.20007783 -0.14183566
v -0.06480923 0.19172004 -0.08212669
v -0.04700100 0.18535614 -0.10287819
v -0.04521000 0.19823763 -0.10062938
v -0.06239838 0.20686811 -0.08111328
v -0.20993848 0.25054997 -0.13646443
v -0.20634624 0.24935722 -0.17420605
v -0.09799007 0.18784571 -0.25360623
v -0.27241859 0.53696352 -0.12865201
v -0.28325015 0.53801137 -0.13852437
v -0.27372554 0.56157225 -0.13904330
v -0.26326922 0.56048751 -0.12817463
v -0.13806741 0.71370149 -0.21029760
v -0.13907056 0.68444639 -0.21404570
v -0.20219761 0.83512354 -0.04028341
v -0.28324166 0.79897702 -0.04744647
v -0.27483356 0.78442430 -0.02342415
v -0.26403305 0.79280931 -0.02634916
v -0.27228722 0.80855817 -0.04991146
v -0.26393762 0.77715123 -0.13897857
v -0.27110627 0.78761804 -0.12313417
v -0.25927544 0.79742479 -0.12909003
v -0.25054675 0.78582096 -0.14496593
v -0.03770541 0.35190529 -0.31969753
v -0.06733432 0.35037228 -0.32171512
v -0.07335156 0.54917210 -0.23499443
v -0.09465016 0.54464662 -0.23571958
v -0.09657848 0.56699693 -0.23263125
v -0.07588579 0.57291120 -0.23205520
v -0.16668469 0.69135600 -0.20751594
v -0.17825361 0.66979438 -0.20410515
v -0.08979149 0.65148550 0.02826291
v -0.09303900 0.67042607 0.02812230
v -0.11053746 0.66895795 0.03061017
v -0.10742509 0.65199673 0.03089001
v -0.29107848 0.60158092 -0.14787327
v -0.27599627 0.62041062 -0.14526837
v -0.26640806 0.61189997 -0.14172156
v -0.27736911 0.58988631 -0.14554220
v -0.18702358 0.24626043 -0.21575375
v -0.16046925 0.22566310 -0.24478661
v -0.18588229 0.55113071 -0.16590351
v -0.17534114 0.56448865 -0.18722628
v -0.16962893 0.54822564 -0.18961297
v -0.18065372 0.53559136 -0.16904716
v -0.20677188 0.59413981 -0.15298256
v -0.19938919 0.58050328 -0.15798333
v -0.21475227 0.60653853 -0.14737140
v -0.25317371 0.66503727 -0.13068859
v -0.25179020 0.66042495 -0.12205669
v -0.25461715 0.65966934 -0.12207974
v -0.08997346 0.19886208 -0.06629305
v -0.07626195 0.24536577 -0.05604483
v -0.06538121 0.25360721 -0.05116358
v -0.01556359 0.19813326 -0.11753649
v -0.17761636 0.86175835 -0.03153180
v -0.16957304 0.85536635 -0.01586293
v -0.25239831 0.63771284 -0.10081575
v -0.24821632 0.62197113 -0.10517778
v -0.24451737 0.64810920 -0.11061277
v -0.24124865 0.64762205 -0.09271098
v -0.24511845 0.64900905 -0.09190630
v -0.24755068 0.65044409 -0.10961954
v -0.24920090 0.65433133 -0.12358571
v -0.24614577 0.65216267 -0.12605870
v -0.22910568 0.70289469 0.00653208
v -0.21843585 0.71085376 0.00968280
v -0.22848487 0.72710901 0.00316965
v -0.23903243 0.71911258 0.00103317
v -0.20368965 0.71725416 0.01297222
v -0.18645395 0.72320342 0.01532624
v -0.19760309 0.74124277 0.00896152
v -0.21482940 0.73471367 0.00632016
v -0.19344157 0.81221628 -0.02047216
v -0.16954248 0.80692077 -0.00565714
v -0.14416921 0.80418843 0.00299307
v -0.12375118 0.80324978 0.00837068
v -0.13868098 0.87139130 -0.12524876
v -0.13559113 0.86211109 -0.13349555
v -0.15755805 0.86011755 -0.13324089
v -0.16373144 0.86826098 -0.12277333
v -0.15799810 0.84060687 -0.00878348
v -0.14125323 0.83755434 0.00272056
v -0.12494916 0.82521415 0.00645235
v -0.34059894 0.56864566 -0.06650949
v -0.33368269 0.59139609 -0.06473424
v -0.18587849 0.88082492 -0.06115206
v -0.18396896 0.87087017 -0.04555883
v -0.34226185 0.59267622 -0.08310262
v -0.34845367 0.56948841 -0.08477404
v -0.24073838 0.77634084 -0.01459860
v -0.25255778 0.79903698 -0.02941095
v -0.25250632 0.77125072 -0.01250406
v -0.15669569 0.85023081 -0.00198953
v -0.14088632 0.84738147 0.00895553
v -0.20283782 0.27790049 -0.16974868
v -0.20246509 0.27551767 -0.13417576
v -0.17703296 0.48580238 -0.10064249
v -0.18317194 0.49671432 -0.12387330
v -0.05205629 0.50037646 0.01615765
v -0.04754030 0.47801322 0.01222604
v -0.11387105 0.85631067 0.02363295
v -0.06763920 0.43109679 -0.00243508
v -0.04364761 0.42912638 0.00106672
v -0.04514562 0.45481110 0.00729815
v -0.06854928 0.45487303 0.00190117
v -0.03300972 0.40478390 -0.00774967
v -0.03074395 0.39454544 -0.01272108
v -0.03640259 0.27006537 -0.05210917
v -0.02323039 0.27146307 -0.05083376
v -0.29289371 0.64543569 -0.03487740
v -0.29129496 0.66262794 -0.03158686
v -0.30674148 0.67311591 -0.03796662
v -0.30882856 0.65379322 -0.04273196
v -0.08870699 0.43408582 -0.01295239
v -0.10921755 0.43816480 -0.02877677
v -0.22961815 0.65655303 -0.03532810
v -0.22941932 0.65255547 -0.05533105
v -0.06974869 0.60169965 0.01861678
v -0.12386483 0.65260130 0.03142425
v -0.12723090 0.66740155 0.03067585
v -0.14312181 0.66536015 0.02891431
v -0.13965188 0.65195477 0.02978520
v -0.01345819 0.20142013 -0.13100323
v -0.31153625 0.67553508 -0.13362277
v -0.30698514 0.68863261 -0.13586164
v -0.30029950 0.68205577 -0.14087766
v -0.30568561 0.66929114 -0.13865596
v -0.03495308 0.18267682 -0.12905915
v -0.04020451 0.16570640 -0.13387002
v -0.02602960 0.20301419 -0.21548039
v -0.01410696 0.20213273 -0.19510201
v -0.13227835 0.15249947 -0.04718894
v -0.12682649 0.18241486 -0.05098327
v -0.13923155 0.12304023 -0.04184946
v -0.14429744 0.09084755 -0.03730258
v -0.18113191 -0.11571306 -0.06209232
v -0.19706018 -0.14055264 -0.07201694
v -0.20807528 -0.22613168 -0.11906186
v -0.21091533 -0.25938267 -0.13538808
v -0.21412192 -0.29421812 -0.15315825
v -0.21828653 -0.33058989 -0.17058606
v -0.22318360 -0.36602116 -0.18383449
v -0.34892568 0.56713182 -0.10399611
v -0.34446132 0.59223020 -0.10381150
v -0.33865610 0.58642006 -0.12060160
v -0.34441757 0.56170082 -0.12009626
v -0.25126100 0.58520615 -0.09569870
v -0.25409666 0.58832633 -0.07763616
v -0.25883070 0.56644022 -0.08081240
v -0.25623295 0.56374931 -0.09825303
v -0.26310346 0.54087472 -0.10081499
v -0.26514319 0.53792495 -0.11611579
v -0.25723845 0.56174749 -0.11438998
v -0.29680267 0.54200631 -0.14474960
v -0.31108877 0.54686064 -0.14599268
v -0.30243090 0.57209677 -0.14687710
v -0.28779134 0.56513494 -0.14557637
v -0.33577582 0.55626750 -0.13348718
v -0.32935086 0.58059531 -0.13347879
v -0.31762150 0.57609802 -0.14269701
v -0.32449743 0.55106264 -0.14252864
v -0.27789238 0.55105412 -0.05461004
v -0.26914808 0.54765975 -0.06839632
v -0.26313773 0.56998152 -0.06404279
v -0.27355170 0.57380694 -0.04978906
v -0.32230186 0.68146574 -0.05170403
v -0.32297596 0.66002858 -0.05650683
v -0.25334588 0.66673952 -0.03987882
v -0.26059362 0.67384923 -0.02580434
v -0.26078990 0.66747010 -0.03032863
v -0.25442535 0.66413933 -0.04474828
v -0.31426361 0.61169302 -0.04771573
v -0.31083220 0.63328624 -0.04560047
v -0.32403228 0.63773638 -0.06043863
v -0.32754654 0.61452901 -0.06308504
v -0.26850525 0.59606314 -0.04554925
v -0.25918132 0.59182930 -0.05966482
v -0.25541908 0.61330837 -0.05601794
v -0.26377416 0.61696541 -0.04132152
v -0.26419169 0.58469319 -0.13771458
v -0.25494540 0.60594779 -0.13396110
v -0.27452949 0.65308839 -0.02982960
v -0.27563661 0.63722992 -0.03260321
v -0.22215046 0.65084666 -0.03744189
v -0.23404315 0.63917315 -0.09518087
v -0.23770744 0.64430994 -0.09367436
v -0.17739652 0.60740530 -0.00963598
v -0.18058327 0.61858070 -0.00213106
v -0.21305516 0.60780275 -0.07488137
v -0.21915759 0.62148523 -0.07626301
v -0.18544669 0.61188352 -0.01494712
v -0.18491629 0.61862630 -0.00739018
v -0.12777552 0.54306579 -0.00877411
v -0.12408791 0.81473833 0.00543785
v -0.29478553 0.62681204 -0.03708252
v -0.27739140 0.62151790 -0.03539556
v -0.26695597 0.63467127 -0.14272256
v -0.26012525 0.64685130 -0.14022921
v -0.25450569 0.64209062 -0.13482460
v -0.25806409 0.62848896 -0.13810833
v -0.20838547 0.69667947 -0.18915789
v -0.18856031 0.69496310 -0.19967531
v -0.19664280 0.67698032 -0.19268920
v -0.21397576 0.68141717 -0.18225296
v -0.32283249 0.67903304 -0.12028830
v -0.32895428 0.67576641 -0.10980117
v -0.32652989 0.69527149 -0.10833687
v -0.31978312 0.69500422 -0.12041137
v -0.33178762 0.69353902 -0.09233292
v -0.33288574 0.67157447 -0.09486609
v -0.33181557 0.66580892 -0.07606521
v -0.33134690 0.68845284 -0.07221558
v -0.18103036 0.31163746 -0.22716491
v -0.19339871 0.30817086 -0.19724059
v -0.15912667 0.40890181 -0.10462026
v -0.14250448 0.39853057 -0.08686616
v -0.11659774 0.32516280 -0.07993723
v -0.05756196 0.21928898 -0.07086074
v -0.03994698 0.20650277 -0.09242892
v -0.04884822 0.14068833 -0.13573180
v -0.19901167 0.30249709 -0.16383219
v -0.06195956 0.11115027 -0.13459191
v -0.07733177 0.08115208 -0.13182329
v -0.11010482 0.07848442 -0.20078063
v -0.13624409 0.08134753 -0.20853801
v -0.12343642 0.10914493 -0.22045858
v -0.09465379 0.10780084 -0.21134499
v -0.16425581 0.08603776 -0.20498404
v -0.15415592 0.11263555 -0.21780385
v -0.21032996 0.03393418 -0.03017451
v -0.20064025 -0.18253791 -0.21864702
v -0.22683716 -0.21520847 -0.23001142
v -0.22425029 -0.17837948 -0.22050755
v -0.20551862 -0.21832299 -0.22794418
v -0.24691023 -0.17834896 -0.21385719
v -0.24420141 -0.14578950 -0.19963823
v -0.27655083 -0.24222440 -0.15804601
v -0.21045023 -0.25587404 -0.23461697
v -0.22911665 -0.25473976 -0.23640871
v -0.24780457 -0.21507251 -0.22372970
v -0.24780758 -0.25511235 -0.23172085
v -0.03373371 0.19415858 -0.12380133
v -0.20036545 0.25103557 -0.10132809
v -0.19099799 0.27403492 -0.10355023
v -0.13254659 0.27652830 -0.06985217
v -0.10546660 0.25948462 -0.06274586
v -0.13106483 0.46288916 -0.04286230
v -0.14999130 0.46841583 -0.06002849
v -0.15438488 0.50683218 -0.05092356
v -0.16900322 0.51268983 -0.07025145
v -0.16703667 0.49466726 -0.07489308
v -0.15184450 0.48749280 -0.05556041
v -0.18748474 0.52902836 -0.11639646
v -0.18993732 0.53918439 -0.14201520
v -0.18554188 0.52360344 -0.14521199
v -0.18404263 0.51280510 -0.12024231
v -0.18412626 0.50809288 -0.14803518
v -0.17816858 0.51991892 -0.17133541
v -0.12120739 0.58087856 -0.22558266
v -0.13942085 0.57119530 -0.21728416
v -0.14527084 0.59083861 -0.21508449
v -0.12708528 0.60262203 -0.22267143
v -0.04995849 0.26301169 -0.05115084
v -0.03061077 0.20212469 -0.11017609
v -0.12126240 0.20958865 -0.05553769
v -0.14764057 0.24150816 -0.06188529
v -0.17890167 0.24755967 -0.07570006
v -0.25284591 0.64013851 -0.08547392
v -0.24287297 0.69340152 -0.16572556
v -0.24196859 0.68283969 -0.16240549
v -0.33430073 0.64791489 -0.09894728
v -0.33276138 0.64174950 -0.07986733
v -0.26048499 0.63367403 -0.03787950
v -0.30531213 0.69017398 -0.03347246
v -0.28917974 0.67810774 -0.02771377
v -0.28814596 0.69251883 -0.02296338
v -0.14644550 0.31986582 -0.09036569
v -0.17527662 0.31273633 -0.10569057
v -0.15279470 0.30270904 -0.08520947
v -0.01241885 0.20080537 -0.17426746
v -0.08094642 0.23913696 -0.06119541
v -0.09139161 0.05249529 -0.12694392
v -0.10307725 0.02457999 -0.12221418
v -0.11233688 -0.00245595 -0.11938085
v -0.12042174 -0.02918207 -0.11811645
v -0.12845013 -0.05564427 -0.11892731
v -0.13924745 -0.07976979 -0.12073060
v -0.14975250 -0.09902578 -0.12319263
v -0.15462892 -0.12150913 -0.13462384
v -0.15518062 -0.18316883 -0.14673825
v -0.15578225 -0.17527616 -0.16543494
v -0.15613449 -0.14673364 -0.14989194
v -0.15701813 -0.20654529 -0.18031253
v -0.16159573 -0.23848468 -0.19327135
v -0.17361926 -0.27197111 -0.20416564
v -0.18304801 -0.30773479 -0.21476182
v -0.18951842 -0.34409785 -0.22517772
v -0.01359864 0.19938761 -0.13805914
v -0.01327562 0.20031908 -0.15477522
v -0.22526668 0.78177750 -0.01625221
v -0.23757832 0.65142590 -0.07379315
v -0.24236439 0.65275794 -0.07423975
v -0.25972033 0.64728713 -0.03492443
v -0.32280102 0.60368073 -0.13507308
v -0.33131662 0.61109471 -0.12392531
v -0.25373766 0.63229102 -0.05287590
v -0.24914365 0.66151726 -0.05492817
v -0.25310957 0.66324186 -0.05780755
v -0.42531037 0.42769122 -0.03769331
v -0.43091142 0.42427820 -0.05213778
v -0.43841529 0.40947211 -0.03849465
v -0.43185559 0.41226107 -0.02548029
v -0.41507810 0.42688060 -0.02596403
v -0.42187577 0.41108894 -0.01560392
v -0.36283076 0.38158065 -0.03413622
v -0.36779407 0.39390707 -0.02491335
v -0.37990758 0.37882835 -0.01788173
v -0.37625158 0.36726773 -0.02753014
v -0.41709903 0.39125222 0.00017644
v -0.40641764 0.38417846 0.00004093
v -0.39725101 0.39930648 -0.00830510
v -0.40953046 0.40652061 -0.00953909
v -0.37202176 0.36734813 -0.06420761
v -0.38267133 0.36930427 -0.07679001
v -0.36754557 0.38097107 -0.08553891
v -0.35714868 0.37968069 -0.07135414
v -0.31754079 0.44732377 -0.06035071
v -0.31178290 0.43566054 -0.07039996
v -0.30385965 0.45027819 -0.07255716
v -0.31153676 0.46071899 -0.06194999
v -0.41081104 0.45841461 -0.06101274
v -0.41334185 0.45340794 -0.07732470
v -0.42230690 0.43921578 -0.06520136
v -0.41800201 0.44338739 -0.04938737
v -0.37123278 0.44753021 -0.03314134
v -0.35638744 0.43758380 -0.03494301
v -0.34775034 0.45351848 -0.04411741
v -0.36323780 0.46349525 -0.04241797
v -0.40335763 0.47272950 -0.07287196
v -0.40330333 0.46641904 -0.08885425
v -0.38844529 0.41515166 -0.01614096
v -0.37650645 0.40528026 -0.01906803
v -0.36602399 0.42127678 -0.02637989
v -0.37975585 0.43133789 -0.02414977
v -0.40118834 0.34507760 -0.04631013
v -0.41132984 0.34768298 -0.05594528
v -0.39733163 0.35811359 -0.06678252
v -0.38687500 0.35564673 -0.05574279
v -0.39834601 0.37509817 -0.00418605
v -0.39235437 0.36477196 -0.01058956
v -0.38734275 0.38978940 -0.01187061
v -0.44773984 0.38167572 -0.04894079
v -0.44900370 0.38934186 -0.03775623
v -0.44020557 0.40343893 -0.05241837
v -0.43743521 0.39475778 -0.06408590
v -0.33733436 0.41371888 -0.04750384
v -0.34425682 0.42591810 -0.03948177
v -0.35564491 0.40959918 -0.03176986
v -0.34992746 0.39724484 -0.04071607
v -0.40107644 0.45916855 -0.04629009
v -0.40808442 0.44293654 -0.03634094
v -0.42628685 0.40796721 -0.07806904
v -0.43115026 0.41753066 -0.06650230
v -0.42064792 0.43140346 -0.07951793
v -0.41430274 0.42091441 -0.09116993
v -0.39077172 0.41966212 -0.11015939
v -0.37752113 0.40855664 -0.10975841
v -0.39252615 0.39737737 -0.09906536
v -0.40487394 0.40856773 -0.09851689
v -0.32601887 0.43051034 -0.05468623
v -0.32289478 0.41844463 -0.06599825
v -0.34242228 0.39394394 -0.07742919
v -0.35197166 0.39348686 -0.09309307
v -0.33605778 0.40719828 -0.09942410
v -0.32704851 0.40968126 -0.08229819
v -0.37045449 0.49828881 -0.05865971
v -0.38333115 0.50106752 -0.07263077
v -0.38856095 0.48981857 -0.06615184
v -0.37445006 0.48659468 -0.05367763
v -0.39539903 0.48600352 -0.08330982
v -0.38765985 0.49707192 -0.09082310
v -0.36743060 0.50873905 -0.11598621
v -0.35660684 0.49943280 -0.12676536
v -0.36304954 0.49012071 -0.12255863
v -0.37449768 0.49913001 -0.11073712
v -0.36114684 0.44034225 -0.13202916
v -0.34516272 0.43138105 -0.12955235
v -0.36170286 0.41990548 -0.11979728
v -0.37597525 0.42989326 -0.12161564
v -0.31529105 0.43530887 -0.12572682
v -0.30721134 0.43422049 -0.10726938
v -0.32083890 0.42110616 -0.10438382
v -0.33140823 0.42445427 -0.11961261
v -0.28100285 0.49647677 -0.11955888
v -0.27668095 0.49914896 -0.10562193
v -0.28263268 0.48050719 -0.10552384
v -0.28770590 0.47678223 -0.12048712
v -0.28586882 0.49419713 -0.07538504
v -0.28006521 0.50897843 -0.07568447
v -0.28905052 0.51375180 -0.06372878
v -0.29507169 0.50077790 -0.06388081
v -0.35395077 0.53294402 -0.07219737
v -0.36277586 0.53446996 -0.09113328
v -0.36751777 0.52843535 -0.08850718
v -0.35705739 0.52711701 -0.07154005
v -0.34759590 0.45047092 -0.14042178
v -0.32790905 0.44254881 -0.13958149
v -0.29203513 0.48016939 -0.07345124
v -0.30086055 0.48888206 -0.06193363
v -0.30651239 0.47415158 -0.06102847
v -0.29783657 0.46450245 -0.07241359
v -0.32843301 0.50627881 -0.05680219
v -0.34494931 0.51372015 -0.05914997
v -0.35029852 0.50258440 -0.05625530
v -0.33445022 0.49322644 -0.05449867
v -0.36128590 0.52039963 -0.06737287
v -0.37234077 0.52212059 -0.08238139
v -0.37823060 0.51174814 -0.07726504
v -0.36620972 0.50931197 -0.06255195
v -0.33883280 0.45879757 -0.14534502
v -0.35022220 0.46827844 -0.13964400
v -0.34195897 0.47431162 -0.14284734
v -0.33113721 0.46529424 -0.14773680
v -0.30317366 0.44756413 -0.12532158
v -0.29684213 0.44820768 -0.10781133
v -0.33792883 0.47911027 -0.05467869
v -0.32329628 0.47014821 -0.05565643
v -0.31928986 0.48337299 -0.05424740
v -0.38119605 0.50733107 -0.09579574
v -0.28925151 0.49567273 -0.13060522
v -0.29902819 0.49698582 -0.13961560
v -0.29219022 0.51522362 -0.13849735
v -0.28223264 0.51385033 -0.12973104
v -0.27487525 0.51474398 -0.11846592
v -0.27166906 0.51710129 -0.10353497
v -0.27561265 0.52591443 -0.07263720
v -0.28411648 0.52995980 -0.05975907
v -0.29775167 0.53419888 -0.05156218
v -0.31466380 0.53912622 -0.04975282
v -0.31983447 0.52260685 -0.05511608
v -0.30247372 0.51828253 -0.05612341
v -0.34684768 0.54814994 -0.06897883
v -0.35495108 0.54904139 -0.08765648
v -0.36221468 0.53082013 -0.10817580
v -0.35541663 0.54523116 -0.10632365
v -0.28757447 0.47114590 -0.08882439
v -0.28171504 0.48692527 -0.09001492
v -0.41807467 0.39665347 -0.08622893
v -0.40663660 0.38611501 -0.08752149
v -0.41981113 0.37450230 -0.07490646
v -0.43033004 0.38455001 -0.07225730
v -0.42196557 0.35430026 -0.06078446
v -0.40866822 0.36520249 -0.07314865
v -0.40229884 0.42255086 -0.01860430
v -0.39469478 0.43870950 -0.02759075
v -0.42844999 0.39609510 -0.00452237
v -0.35362801 0.48929846 -0.05423708
v -0.35732248 0.47757494 -0.05028030
v -0.34570357 0.49029696 -0.13704117
v -0.35131294 0.50774944 -0.13079755
v -0.34109834 0.49929693 -0.13997929
v -0.36113700 0.46227396 -0.13402407
v -0.37437683 0.45390487 -0.12492897
v -0.38346553 0.46721536 -0.11155336
v -0.36936101 0.47733968 -0.12121611
v -0.32391703 0.47296724 -0.14779222
v -0.33518577 0.48138720 -0.14466648
v -0.32959154 0.49179778 -0.14537945
v -0.31749085 0.48511687 -0.14611338
v -0.33785176 0.52764392 -0.05997337
v -0.34073845 0.52079308 -0.06208947
v -0.34165972 0.53366059 -0.13393682
v -0.34647995 0.51882631 -0.13305755
v -0.35525015 0.52498341 -0.12173530
v -0.34977439 0.53864157 -0.12184385
v -0.36107355 0.51600176 -0.12019839
v -0.33063543 0.52873719 -0.14254546
v -0.33610499 0.51239914 -0.14166389
v -0.33252800 0.54404151 -0.05527887
v -0.31107983 0.50111580 -0.14528722
v -0.32404044 0.50641418 -0.14570324
v -0.31798902 0.52386433 -0.14573495
v -0.30415061 0.51904213 -0.14475623
v -0.39460203 0.37632102 -0.08446936
v -0.37982288 0.38784057 -0.09471834
v -0.30240741 0.43985385 -0.08834055
v -0.31306800 0.42518741 -0.08604999
v -0.29449072 0.45492506 -0.08864912
v -0.36472404 0.37157500 -0.04837038
v -0.37924600 0.35894680 -0.04142375
v -0.33637530 0.40145883 -0.06036373
v -0.35028243 0.38563690 -0.05448702
v -0.40195999 0.43296868 -0.10339141
v -0.30326414 0.46124220 -0.13512719
v -0.29491934 0.46011606 -0.12241926
v -0.31201679 0.45036596 -0.13950637
v -0.27104235 0.52139038 -0.08811270
v -0.27630875 0.50364876 -0.09034060
v -0.32812440 0.45300418 -0.14602573
v -0.26378104 0.54425538 -0.08467612
v -0.38168073 0.48844677 -0.10638330
v -0.37418911 0.51724744 -0.10064294
v -0.36817491 0.52372104 -0.10615700
v -0.44579983 0.39502499 -0.02464497
v -0.38704562 0.45516396 -0.03659347
v -0.34146944 0.46767902 -0.05178134
v -0.32796788 0.45781088 -0.05476313
v -0.31248504 0.46569195 -0.14490637
v -0.30555168 0.47965983 -0.14159247
v -0.29574731 0.47703204 -0.13264939
v -0.32402092 0.51326466 -0.05798169
v -0.30821231 0.50663298 -0.05703444
v -0.39367503 0.34739447 -0.03339539
v -0.31358930 0.49677870 -0.05543623
v -0.39252445 0.47809842 -0.09903960
v -0.12370120 0.82336855 -0.16094196
v -0.20523699 0.59320128 -0.07335885
v -0.16171987 0.56399798 -0.03137951
v -0.17660262 0.56823725 -0.04738026
v -0.22844815 0.64158392 -0.07512335
v -0.23297112 0.64804518 -0.07399549
v -0.24823333 0.65694118 -0.07290420
v -0.25336939 0.66225612 -0.07572797
v -0.21302365 0.62582994 -0.05671892
v -0.22643813 1.00186861 -0.01253816
v -0.22372918 0.99604070 -0.01655347
v -0.23081206 1.01388466 -0.00879871
v -0.03166911 0.41879973 -0.00351908
v -0.21870904 0.98914361 -0.00525605
v -0.21504654 0.98096490 -0.00870906
v -0.22054029 0.98352253 -0.00617554
v -0.21836196 0.99024475 -0.00325990
v -0.21867469 0.99132907 -0.00252738
v -0.22944748 1.01440918 0.00201897
v -0.22011611 0.98827475 -0.01920574
v -0.21594103 0.97924000 -0.01960631
v -0.22432084 1.00171566 0.00462131
v -0.07014765 0.47572649 -0.25715253
v -0.04575742 0.47645926 -0.25796571
v -0.04511112 0.45746171 -0.27014512
v -0.07059731 0.45623928 -0.26804689
v -0.04439912 0.43970096 -0.28340849
v -0.15884835 0.39544797 -0.26294819
v -0.17562734 0.39502120 -0.24023516
v -0.17196663 0.41641080 -0.23255457
v -0.15659440 0.41809848 -0.25433853
v -0.17900832 0.42627114 -0.20429091
v -0.16844566 0.43287519 -0.22557269
v -0.18225427 0.41106176 -0.20829476
v -0.18672404 0.40169811 -0.18290055
v -0.18282239 0.41706774 -0.18007098
v -0.18504317 0.38984054 -0.15879475
v -0.18055639 0.40511778 -0.15570901
v -0.17757367 0.37766564 -0.13680488
v -0.16357061 0.36641228 -0.11615988
v -0.14254169 0.33631447 -0.09636057
v -0.11669174 0.34304377 -0.08267178
v -0.14193442 0.35470170 -0.09827752
v -0.06899230 0.32883722 -0.06165599
v -0.09168345 0.33407193 -0.07012047
v -0.03133424 0.32674113 -0.05246339
v -0.04931390 0.32673118 -0.05608191
v -0.21077621 0.76037884 -0.00119491
v -0.22173859 0.85393733 -0.09781959
v -0.23330204 0.84432817 -0.10013794
v -0.24246718 0.83932924 -0.07712650
v -0.23452888 0.79449403 -0.15296409
v -0.24401043 0.80692410 -0.13778421
v -0.22324604 0.81405985 -0.14953187
v -0.21492347 0.80125380 -0.16136897
v -0.20872943 0.85442221 -0.11382062
v -0.20097101 0.85969317 -0.11098985
v -0.21727617 0.84679747 -0.11846585
v -0.17727739 0.85027623 -0.13897446
v -0.19797184 0.84888339 -0.13162501
v -0.28363273 0.80353189 -0.07615680
v -0.27781126 0.79753506 -0.10225362
v -0.28782949 0.78794760 -0.09829322
v -0.29488251 0.79234594 -0.07299557
v -0.25600857 0.76585495 -0.15065721
v -0.24824367 0.75422794 -0.15961695
v -0.25929549 0.74821997 -0.15510398
v -0.26679236 0.75917238 -0.14635468
v -0.32051119 0.74751723 -0.06789497
v -0.31688443 0.75075400 -0.09090135
v -0.32415226 0.73316658 -0.09025861
v -0.32592514 0.72859675 -0.06831776
v -0.27397466 0.76942098 -0.13427013
v -0.16226228 0.71344602 -0.20734994
v -0.18402815 0.71352148 -0.20188148
v -0.20372276 0.71223193 -0.19293824
v -0.24328247 0.70442969 -0.16740124
v -0.23504674 0.70708102 -0.17265654
v -0.23422594 0.69469911 -0.17153090
v -0.24996234 0.70173883 -0.16207658
v -0.25639772 0.69695485 -0.15489981
v -0.27317908 0.67816705 -0.02312897
v -0.27143818 0.68775898 -0.01664834
v -0.28671497 0.70674270 -0.01792023
v -0.26385781 0.68054277 -0.14362124
v -0.25884923 0.68868375 -0.14606483
v -0.25681472 0.68252885 -0.14465648
v -0.26163092 0.67589229 -0.14203176
v -0.27211758 0.81311536 -0.07926212
v -0.31727096 0.73119450 -0.10802852
v -0.30910611 0.74697459 -0.10876039
v -0.30198342 0.73960531 -0.12360270
v -0.30998290 0.72549003 -0.12148801
v -0.30262753 0.72044539 -0.13277797
v -0.29487699 0.73303771 -0.13595784
v -0.28722203 0.72580928 -0.14392464
v -0.29472980 0.71460104 -0.14005552
v -0.26693857 0.68567169 -0.14536910
v -0.26187971 0.69507504 -0.14749010
v -0.32110390 0.70050168 -0.04827727
v -0.30242181 0.77374977 -0.04335426
v -0.29106590 0.75907159 -0.02239141
v -0.28349322 0.77306402 -0.02184947
v -0.29354501 0.78766465 -0.04433914
v -0.25510237 0.65064383 -0.09777350
v -0.25488681 0.65285033 -0.08115314
v -0.25353098 0.64900106 -0.11224316
v -0.25476879 0.67067593 -0.13817786
v -0.25299007 0.65002322 -0.12434029
v -0.25973520 0.65877348 -0.03318030
v -0.27405384 0.66747367 -0.02798924
v -0.27690089 0.73825794 -0.01273972
v -0.27010515 0.75171846 -0.01141731
v -0.32954529 0.70907009 -0.06959456
v -0.32890642 0.71387541 -0.09084944
v -0.26834202 0.66965568 -0.14458632
v -0.26471236 0.66542870 -0.14313519
v -0.26945978 0.65593684 -0.14494093
v -0.25124410 0.67323136 -0.14775443
v -0.25550863 0.67658991 -0.14304985
v -0.30475876 0.77997160 -0.07022361
v -0.32251966 0.71364325 -0.10852370
v -0.31526601 0.71032882 -0.12157970
v -0.28673849 0.74329877 -0.13926396
v -0.29334870 0.75155699 -0.12707208
v -0.28403506 0.76136744 -0.13052027
v -0.27709112 0.75174475 -0.14270085
v -0.30121058 0.70201957 -0.13854638
v -0.29411253 0.69449556 -0.14304560
v -0.26959902 0.74127913 -0.15096161
v -0.27879697 0.73405617 -0.14733820
v -0.27289608 0.67437559 -0.14570720
v -0.26251665 0.76312923 -0.01128243
v -0.25055158 0.74038410 -0.00563787
v -0.23989491 0.74829447 -0.00539339
v -0.26450834 0.71527684 -0.00788881
v -0.25811553 0.72902590 -0.00619570
v -0.26890779 0.69960821 -0.01156138
v -0.22740452 0.75379008 -0.00376221
v -0.32047185 0.45651406 -0.14659898
v -0.26530921 0.65139145 -0.14342315
v -0.27185786 0.64081657 -0.14514394
v -0.27543622 0.64659452 -0.14608920
v -0.30942565 0.59986264 -0.14391510
v -0.11092780 0.93118107 0.09608763
v -0.11124416 0.93665415 0.09940500
v -0.11557958 0.95731074 0.10396982
v -0.11670590 0.96115482 0.10371653
v -0.35153511 0.48285630 -0.13352533
v -0.35684890 0.47640422 -0.13185877
v -0.38840348 0.44388074 -0.11450420
v -0.40919071 0.44466996 -0.09162210
v -0.39695337 0.45659882 -0.10245769
v -0.39489818 0.47534227 -0.05646739
v -0.38001379 0.47179344 -0.04563659
v -0.33472744 0.44229400 -0.04802974
v -0.34784234 0.41233671 -0.11199591
v -0.45317644 0.37046736 0.01455508
v -0.46107143 0.36816806 0.00467780
v -0.46926332 0.35499457 0.01990054
v -0.46009287 0.35610890 0.02819491
v -0.46709713 0.34236154 0.04258090
v -0.45668069 0.33854601 0.04469004
v -0.44968504 0.35296762 0.03242325
v -0.44827318 0.33246532 0.04171146
v -0.44066718 0.34721661 0.03124253
v -0.44297135 0.32547182 0.03555299
v -0.44087094 0.31835377 0.02829146
v -0.43059248 0.33211654 0.02044415
v -0.43410259 0.34009722 0.02669729
v -0.41726539 0.33817866 0.00476540
v -0.42963734 0.32448912 0.01258561
v -0.43118054 0.31755719 0.00322973
v -0.41729122 0.33011055 -0.00488206
v -0.45699245 0.30271187 -0.00358862
v -0.46501487 0.30627742 -0.00682608
v -0.45283926 0.31619495 -0.01969233
v -0.44357461 0.31247273 -0.01501178
v -0.45725921 0.34074554 -0.03209785
v -0.44858891 0.33318871 -0.03395920
v -0.46189380 0.32309008 -0.02042866
v -0.47027022 0.33006623 -0.01849273
v -0.48320261 0.31899941 -0.00697230
v -0.48738831 0.32680690 0.00141394
v -0.47562531 0.33706024 -0.01236430
v -0.43843043 0.39754897 -0.01310674
v -0.44589716 0.38391179 0.00078544
v -0.43564588 0.38184994 0.00798374
v -0.42470926 0.35474589 0.01798948
v -0.41553658 0.36959305 0.00884675
v -0.42478150 0.37675512 0.01039071
v -0.43266875 0.36204511 0.02094018
v -0.39030951 0.35440964 -0.02061269
v -0.40481940 0.35147449 -0.00321506
v -0.40377855 0.34226999 -0.01287899
v -0.41987813 0.34673753 0.01238341
v -0.40907222 0.36102667 0.00390583
v -0.42176443 0.32466459 -0.01602935
v -0.43622980 0.31353614 -0.00666464
v -0.46586338 0.36282861 -0.00655796
v -0.46706498 0.35605145 -0.01768859
v -0.47673517 0.34374619 -0.00202795
v -0.47445175 0.34988439 0.00896632
v -0.40779695 0.33628428 -0.02462346
v -0.45753798 0.36875215 -0.03342883
v -0.45754781 0.37591529 -0.02231863
v -0.46432912 0.34860593 -0.02680287
v -0.45295525 0.36032110 -0.04172774
v -0.48318475 0.33783087 0.02374950
v -0.47724277 0.34063199 0.03483067
v -0.45353803 0.38144317 -0.01010225
v -0.42916828 0.32368341 -0.02613471
v -0.43887296 0.32695541 -0.03237707
v -0.42513907 0.33729255 -0.04430263
v -0.41523594 0.33431876 -0.03622629
v -0.43223253 0.36307216 -0.06124767
v -0.43523112 0.34376577 -0.04732598
v -0.44449973 0.35170403 -0.04642592
v -0.47400233 0.31239039 -0.00815374
v -0.44182605 0.37242162 -0.05713338
v -0.48356837 0.25857595 0.08019698
v -0.47512618 0.26270053 0.07580429
v -0.47257999 0.26186714 0.08692859
v -0.48164767 0.25837457 0.09062292
v -0.45158115 0.27422965 0.08151124
v -0.44826365 0.28664693 0.08362588
v -0.45095658 0.28321838 0.09640334
v -0.45396146 0.27276972 0.09438417
v -0.48147756 0.26028007 0.09968926
v -0.47223487 0.26295719 0.09632165
v -0.48220867 0.26558965 0.10422478
v -0.49309194 0.26438430 0.10753725
v -0.48922122 0.25845107 0.10385392
v -0.49940452 0.26149416 0.11098833
v -0.50083286 0.27384031 0.10428886
v -0.50789678 0.26607478 0.10840208
v -0.51779813 0.27257246 0.08146272
v -0.52093571 0.26893312 0.07058012
v -0.52599359 0.25801280 0.07941956
v -0.52122676 0.26172119 0.09017297
v -0.52553672 0.25043911 0.05710004
v -0.52634919 0.25341621 0.06899805
v -0.52129662 0.26571184 0.06081361
v -0.52017063 0.26291439 0.05057184
v -0.48759830 0.25773177 0.06427053
v -0.48068783 0.26307866 0.05809604
v -0.47861356 0.26367253 0.06520727
v -0.48605782 0.25897834 0.07047933
v -0.47836328 0.27256629 0.11100541
v -0.48632452 0.27863005 0.10458777
v -0.48704663 0.27164620 0.10596348
v -0.47753561 0.26829296 0.11018027
v -0.46555474 0.26951641 0.03153763
v -0.46125841 0.28052881 0.02622155
v -0.45899752 0.28492710 0.03463749
v -0.46359012 0.27455580 0.03832043
v -0.44856012 0.29277739 0.06156164
v -0.45163828 0.29536974 0.05231445
v -0.45369837 0.31028929 0.05841715
v -0.45398110 0.30635506 0.06732263
v -0.44725335 0.28985637 0.07167485
v -0.45347482 0.30272034 0.07602129
v -0.45424616 0.29751286 0.08665290
v -0.45555812 0.29175895 0.09894664
v -0.46712378 0.27831292 0.01664850
v -0.47052619 0.26920950 0.01854163
v -0.49844465 0.22633332 0.13689986
v -0.49904272 0.22166985 0.13310423
v -0.49930272 0.22595072 0.12962222
v -0.49846128 0.23085305 0.13347372
v -0.48987281 0.27684626 0.01160749
v -0.49801984 0.28258061 0.01593621
v -0.49317756 0.28882155 0.01140946
v -0.48427209 0.28332257 0.00926062
v -0.49639502 0.27032727 0.01480722
v -0.50393707 0.27679321 0.02141253
v -0.50994277 0.22971198 0.14174864
v -0.50476748 0.23104849 0.14197668
v -0.50568801 0.23561111 0.13811681
v -0.51127785 0.23407775 0.13745183
v -0.48830602 0.25505507 0.09544409
v -0.48989993 0.25429207 0.08575354
v -0.49684998 0.24415240 0.10346789
v -0.49494925 0.24827403 0.09277406
v -0.49255845 0.25162223 0.10184176
v -0.49550274 0.24874929 0.10836793
v -0.49930122 0.24367264 0.07197259
v -0.49441347 0.25056481 0.06584702
v -0.49397334 0.25190455 0.07451224
v -0.49844912 0.24463913 0.08056923
v -0.49398461 0.24384022 0.05327461
v -0.49947336 0.23721921 0.05883179
v -0.49920014 0.23333383 0.05217680
v -0.49416718 0.23961192 0.04773947
v -0.50714940 0.22792092 0.07645350
v -0.51204497 0.22282243 0.08285945
v -0.51351166 0.22049835 0.07751168
v -0.50827754 0.22520161 0.07090639
v -0.48957050 0.29379743 0.00663651
v -0.48014572 0.28868234 0.00593693
v -0.52012891 0.24417889 0.03627048
v -0.51302278 0.24070153 0.02804632
v -0.51714730 0.22992486 0.03158434
v -0.52374744 0.23377353 0.04008868
v -0.50338805 0.28912812 0.02435255
v -0.49959752 0.29526177 0.01888270
v -0.51419884 0.22593504 0.13921997
v -0.51551455 0.23046485 0.13489100
v -0.46608835 0.30224383 0.08667267
v -0.46561775 0.29537550 0.09927158
v -0.46604699 0.30795214 0.07600140
v -0.46570620 0.31255946 0.06825335
v -0.46429145 0.31856659 0.06187283
v -0.49844977 0.24307135 0.09167678
v -0.49031389 0.25517923 0.07641290
v -0.48786822 0.25630900 0.05931997
v -0.48947343 0.23955947 0.03111621
v -0.48541245 0.24541017 0.02669292
v -0.48299402 0.24720588 0.03705803
v -0.48837277 0.24183214 0.03884996
v -0.50438696 0.23553047 0.02568185
v -0.49833927 0.23279577 0.02980664
v -0.50303996 0.22547093 0.03387452
v -0.50882912 0.22643945 0.02973480
v -0.47762579 0.27739480 0.11331720
v -0.48199117 0.28486437 0.10420720
v -0.47999328 0.27218762 0.01206211
v -0.47532025 0.27924192 0.01069843
v -0.47166237 0.28628144 0.00865259
v -0.47189268 0.26833966 0.04769555
v -0.46212864 0.27757317 0.04309139
v -0.45893732 0.27880985 0.04952797
v -0.47062293 0.26935762 0.05273931
v -0.46347386 0.26681817 0.07125545
v -0.45225349 0.27598906 0.06862134
v -0.46180704 0.26555833 0.08349099
v -0.45605198 0.28933242 0.04196995
v -0.45606062 0.29392529 0.03078579
v -0.45296165 0.29877070 0.03910588
v -0.45964023 0.28923222 0.02212379
v -0.46488369 0.28672051 0.01416689
v -0.45103359 0.30218855 0.02617802
v -0.44858295 0.30772567 0.03452560
v -0.45527506 0.29734701 0.01735727
v -0.46054551 0.29416603 0.00983820
v -0.49230102 0.31124616 0.00379492
v -0.48390463 0.30286986 0.00014850
v -0.49651000 0.30240917 0.01249468
v -0.45293936 0.32011908 0.05118891
v -0.45176071 0.30469599 0.04830217
v -0.44909084 0.31360483 0.04308777
v -0.46187329 0.32673293 0.05479252
v -0.45604786 0.27181107 0.10306985
v -0.45726886 0.26913014 0.11068584
v -0.46361163 0.26463512 0.10923529
v -0.46357059 0.26678190 0.10238169
v -0.50359243 0.25766119 0.11446450
v -0.49773601 0.25387242 0.11283420
v -0.49429944 0.25629985 0.10851250
v -0.47163269 0.26023388 0.03177954
v -0.47588781 0.26022875 0.02012689
v -0.49935851 0.24054435 0.10042927
v -0.51199228 0.23925024 0.13231575
v -0.50605679 0.24054888 0.13320203
v -0.50550216 0.24855602 0.12456600
v -0.51183671 0.24785545 0.12402011
v -0.50468862 0.23555613 0.10445499
v -0.50031632 0.23869732 0.10628412
v -0.50039899 0.23418048 0.11227370
v -0.50575507 0.23151857 0.11128787
v -0.51279491 0.21816322 0.06945860
v -0.50863433 0.22192383 0.06400643
v -0.51996648 0.24877766 0.09784694
v -0.51824528 0.25719023 0.10681371
v -0.51697350 0.26672390 0.10101740
v -0.49969658 0.24074930 0.06491680
v -0.50355625 0.23390803 0.07049678
v -0.50397056 0.23064220 0.06479546
v -0.50036412 0.24020231 0.09150280
v -0.50162333 0.23825935 0.09726636
v -0.50343704 0.23608750 0.09104067
v -0.50115573 0.23961419 0.08524234
v -0.50838816 0.25204402 0.02329240
v -0.49704048 0.24483007 0.02076897
v -0.50071985 0.22976646 0.14007866
v -0.50109959 0.23434055 0.13667263
v -0.47419542 0.29686734 0.00122417
v -0.46663383 0.29385740 0.00436842
v -0.49430880 0.24792784 0.05940255
v -0.51168245 0.27553087 0.09290513
v -0.48745912 0.25397593 0.05403849
v -0.52660662 0.22638649 0.06050108
v -0.52154958 0.22058886 0.05642828
v -0.52292627 0.21695095 0.06300458
v -0.52866495 0.22022346 0.06556933
v -0.50751752 0.22460911 0.12009422
v -0.50192636 0.22686350 0.12145505
v -0.50271839 0.22201324 0.12664236
v -0.50823736 0.22000325 0.12550440
v -0.49796399 0.24241972 0.10892583
v -0.49743703 0.24654657 0.11315448
v -0.49772379 0.24239305 0.11910651
v -0.49787125 0.23784199 0.11510698
v -0.49986288 0.25105226 0.11680300
v -0.50050235 0.24655548 0.12274254
v -0.51412916 0.22520143 0.12136073
v -0.51758504 0.23001942 0.12506083
v -0.51784939 0.23764926 0.11593522
v -0.51280659 0.23244244 0.11294047
v -0.51467991 0.27488467 0.04417972
v -0.51287669 0.27147055 0.03509208
v -0.51847917 0.25935507 0.04058222
v -0.52344233 0.24678180 0.04610077
v -0.52460992 0.23387933 0.05237768
v -0.52838981 0.23881721 0.06405724
v -0.51532036 0.25634754 0.03190852
v -0.51453626 0.23718494 0.10125495
v -0.51710731 0.24259701 0.10685018
v -0.52038270 0.23937610 0.10016740
v -0.48668298 0.24949774 0.04682612
v -0.50131184 0.23899060 0.13182324
v -0.48908630 0.31364614 0.06024226
v -0.49737850 0.31051010 0.05063096
v -0.50207919 0.30162141 0.05642105
v -0.49173751 0.30672452 0.06692562
v -0.49919155 0.23041189 0.12441004
v -0.49831840 0.23505172 0.12843636
v -0.51065445 0.21848518 0.05841842
v -0.51443404 0.21583220 0.06435212
v -0.51755309 0.21396971 0.06208148
v -0.51503074 0.21522856 0.05638371
v -0.50992644 0.26782870 0.02694553
v -0.51989675 0.22110310 0.03477044
v -0.52648598 0.22540647 0.04213246
v -0.50774729 0.28169686 0.02948054
v -0.50950193 0.28576103 0.03866590
v -0.50543630 0.29446411 0.03408372
v -0.52675313 0.23931086 0.07850962
v -0.51549220 0.27745789 0.05338442
v -0.50987774 0.28843570 0.04746328
v -0.50504935 0.29784629 0.04346257
v -0.50119036 0.30529878 0.03894784
v -0.50199705 0.30070668 0.02903924
v -0.51661837 0.23545730 0.12950215
v -0.51665753 0.22528273 0.13073872
v -0.49829558 0.30881491 0.02268792
v -0.49430236 0.31731227 0.01350402
v -0.49303442 0.32220912 0.02435767
v -0.49732605 0.31421411 0.03314942
v -0.50873011 0.29031044 0.05677895
v -0.50587219 0.29319349 0.06594323
v -0.51480186 0.27960581 0.06264525
v -0.51211935 0.28274405 0.07314458
v -0.52731395 0.24685949 0.08785125
v -0.51295727 0.21090972 0.13819349
v -0.51317883 0.21688062 0.13190761
v -0.50858223 0.21540719 0.12991068
v -0.50926524 0.20928162 0.13619906
v -0.51367617 0.22105306 0.12700933
v -0.51571703 0.22091341 0.13535821
v -0.50561386 0.28556827 0.08513246
v -0.50673008 0.23326144 0.09727771
v -0.49536493 0.29757980 0.07845053
v -0.49744633 0.28455335 0.09780180
v -0.48933420 0.29278567 0.09437155
v -0.47927004 0.30974442 0.07371604
v -0.47921371 0.30331251 0.08372531
v -0.47596756 0.32128462 0.05978683
v -0.47796229 0.31517744 0.06623348
v -0.47255853 0.32999301 0.05265304
v -0.47724274 0.29625973 0.09674705
v -0.49820510 0.21951646 0.14143330
v -0.49947247 0.21510187 0.13767681
v -0.48619449 0.32078201 0.05408566
v -0.48263296 0.32999071 0.04638956
v -0.46253568 0.26603657 0.09440299
v -0.47916251 0.25641796 0.04328663
v -0.48038331 0.25980765 0.04895537
v -0.48107049 0.25189999 0.02310017
v -0.47766075 0.25276977 0.03471985
v -0.48933345 0.32721931 0.03584100
v -0.44165802 0.31240380 0.02017019
v -0.44508025 0.30750623 0.01115755
v -0.48636630 0.33267742 0.01226405
v -0.50012511 0.22287309 0.14504257
v -0.51857257 0.22176713 0.08486743
v -0.51969230 0.22156534 0.08238460
v -0.45305830 0.27997154 0.10549212
v -0.45538241 0.27525344 0.11330879
v -0.46508926 0.28217512 0.11730922
v -0.45841271 0.27963480 0.11603136
v -0.45640969 0.28637597 0.10852069
v -0.46491131 0.28954205 0.10925665
v -0.47193417 0.26607022 0.04366922
v -0.47186378 0.26276526 0.03886410
v -0.50285161 0.26192656 0.01870331
v -0.49201921 0.25504038 0.01632903
v -0.50531912 0.25368771 0.11890481
v -0.51083118 0.25939924 0.11224560
v -0.51163650 0.25382444 0.11688069
v -0.51698053 0.24388650 0.12044106
v -0.51073390 0.23473567 0.10171474
v -0.51131076 0.23637414 0.10647545
v -0.45534042 0.27783743 0.05795643
v -0.46747175 0.26872829 0.06060457
v -0.47215801 0.26509434 0.10269807
v -0.47249275 0.26496518 0.10843159
v -0.50232440 0.23740119 0.07738937
v -0.52795577 0.23156890 0.08866775
v -0.52770346 0.23823461 0.09475928
v -0.50526166 0.23238882 0.08314504
v -0.50888282 0.22273779 0.14726004
v -0.50377351 0.22395661 0.14734051
v -0.51734984 0.25013328 0.11279039
v -0.50390112 0.22683096 0.05779897
v -0.52640736 0.22904545 0.07978892
v -0.52435756 0.22567174 0.08643996
v -0.51184154 0.22040626 0.03319789
v -0.49355513 0.31805962 0.04436252
v -0.50288504 0.21725237 0.13018268
v -0.50361186 0.21073115 0.13522744
v -0.51457161 0.21460244 0.14102423
v -0.51316553 0.21936378 0.14458111
v -0.48613498 0.26390722 0.01345071
v -0.48095599 0.26187101 0.05353545
v -0.45031291 0.30407250 0.00265228
v -0.47457930 0.28933617 0.10732350
v -0.47290784 0.28149283 0.11630271
v -0.50833613 0.22831076 0.08875618
v -0.52492279 0.22428626 0.05060912
v -0.53038061 0.23041543 0.06898396
v -0.53193843 0.22399753 0.07287946
v -0.52907240 0.22473803 0.08076259
v -0.52457362 0.22198012 0.08342092
v -0.51429528 0.20949203 0.14543396
v -0.51284444 0.21398327 0.14915007
v -0.50871015 0.21708789 0.15206543
v -0.50367790 0.21834192 0.15153107
v -0.50028253 0.21771473 0.14863983
v -0.51285100 0.20612386 0.14273483
v -0.50924045 0.20484388 0.14050239
v -0.50396782 0.20646456 0.13937306
v -0.51250303 0.20175412 0.14623460
v -0.51388359 0.20422360 0.14985907
v -0.50648713 0.20692390 0.16037408
v -0.50858825 0.21119767 0.15672243
v -0.51001471 0.20744637 0.15748572
v -0.50936007 0.20482886 0.15999562
v -0.50896555 0.20076600 0.16245452
v -0.50576097 0.20199776 0.16261938
v -0.51216125 0.20617238 0.15514743
v -0.51210093 0.20231977 0.15767992
v -0.51306814 0.19989988 0.15467983
v -0.51307654 0.19560727 0.15742645
v -0.51215279 0.19809037 0.16042420
v -0.51309574 0.20340398 0.15312114
v -0.51260692 0.20930436 0.15292001
v -0.50655872 0.19715706 0.16379198
v -0.50909406 0.19790849 0.16384187
v -0.51143068 0.19526005 0.16268763
v -0.50908732 0.19334725 0.16264760
v -0.50375736 0.21299076 0.15514189
v -0.50320202 0.20722651 0.15872565
v -0.50304204 0.20173550 0.16113549
v -0.50403231 0.19679257 0.16223606
v -0.50075573 0.20579061 0.15625352
v -0.50149971 0.20026830 0.15875590
v -0.50268608 0.19607046 0.15965375
v -0.49987873 0.20328683 0.15339097
v -0.50112474 0.19803387 0.15641376
v -0.49915853 0.21023345 0.14849457
v -0.50048882 0.21242163 0.15211296
v -0.50231314 0.19556165 0.15775082
v -0.50665057 0.19223720 0.16095212
v -0.51315349 0.19846022 0.15191090
v -0.51257461 0.19442734 0.15511912
v -0.51181686 0.19689402 0.14976677
v -0.51092392 0.19299906 0.15338230
v -0.51155752 0.19205958 0.15881264
v -0.51283902 0.19395781 0.15982369
v -0.49857929 0.21459144 0.14479104
v -0.50029224 0.21040934 0.14122844
v -0.50047153 0.20586699 0.14496869
v -0.50091857 0.19911608 0.14990801
v -0.50420797 0.20248216 0.14300612
v -0.50904173 0.20077226 0.14406714
v -0.50895971 0.19633779 0.14824197
v -0.50492239 0.19696480 0.14773738
v -0.50824738 0.19281712 0.15221122
v -0.50524920 0.19356072 0.15223137
v -0.50247425 0.19560891 0.15411156
v -0.50702482 0.19148359 0.15580603
v -0.50937092 0.19113618 0.15738907
v -0.50492376 0.19314960 0.15864405
v -0.50533009 0.19256350 0.15495932
v -0.50372010 0.19405362 0.15658385
v -0.51443684 0.20191538 0.11947910
v -0.51536256 0.19797486 0.11504000
v -0.51525795 0.20439598 0.11089639
v -0.51406157 0.20822006 0.11532795
v -0.52477217 0.20829690 0.12504271
v -0.51885140 0.20771277 0.12539801
v -0.51935285 0.21386424 0.12153248
v -0.52552730 0.21417466 0.12079335
v -0.52944404 0.20543838 0.12056684
v -0.53046459 0.21111506 0.11604903
v -0.52561069 0.22096956 0.11584116
v -0.51915962 0.22047478 0.11656026
v -0.51688558 0.23012808 0.10669420
v -0.52313584 0.23165208 0.10676397
v -0.51418841 0.21783707 0.09134642
v -0.51940626 0.21653959 0.09078262
v -0.51534313 0.20515034 0.12325501
v -0.51546609 0.21130764 0.11912800
v -0.52162176 0.20676538 0.10045785
v -0.51683849 0.20776248 0.10183258
v -0.51807684 0.20139933 0.10756759
v -0.52259654 0.20018610 0.10608528
v -0.50983119 0.22576869 0.10096285
v -0.51084471 0.22160572 0.09543772
v -0.51251847 0.22813246 0.10467083
v -0.52729172 0.20790648 0.10113845
v -0.53114039 0.21191677 0.10484184
v -0.52990723 0.22331223 0.09625701
v -0.52582306 0.21840593 0.09246237
v -0.51479173 0.21796128 0.11398114
v -0.51384884 0.21100998 0.10531480
v -0.51269215 0.21480808 0.11008279
v -0.53068668 0.21778464 0.11078212
v -0.53065842 0.20525709 0.11010329
v -0.52764308 0.18868628 0.11823831
v -0.52740461 0.19589806 0.11168910
v -0.52311760 0.19401425 0.11037643
v -0.52387762 0.18623629 0.11674712
v -0.52719438 0.20139924 0.10690064
v -0.53013873 0.19993687 0.11503696
v -0.51474798 0.19294918 0.12545937
v -0.51604122 0.18911308 0.12104795
v -0.51554251 0.19630390 0.12903094
v -0.52955449 0.22917476 0.10225062
v -0.52420980 0.19986656 0.13078159
v -0.51864314 0.19880939 0.13091889
v -0.51839983 0.19495967 0.11175839
v -0.51916146 0.18655479 0.11752994
v -0.52983260 0.19261241 0.12148933
v -0.52877438 0.19767573 0.12651977
v -0.52949661 0.18618849 0.12638143
v -0.52834016 0.19058621 0.13119757
v -0.52431041 0.19252530 0.13533245
v -0.51894420 0.19193339 0.13490281
v -0.51620877 0.19004208 0.13253546
v -0.52771282 0.18284902 0.12307186
v -0.52435362 0.18120876 0.12132115
v -0.51988322 0.18169817 0.12144244
v -0.52779830 0.17688447 0.12728116
v -0.52966577 0.17925498 0.13101193
v -0.52278233 0.17519099 0.14584693
v -0.52311790 0.18061149 0.14332786
v -0.52597958 0.17838782 0.14235342
v -0.52599776 0.17424062 0.14550951
v -0.52472305 0.18525657 0.13967964
v -0.52664411 0.18136021 0.13991916
v -0.52850664 0.18030912 0.13729298
v -0.52897954 0.17641786 0.13981748
v -0.52953702 0.17399904 0.13625601
v -0.53004205 0.16997179 0.13909024
v -0.52957058 0.17216247 0.14306188
v -0.52931863 0.17780989 0.13462782
v -0.52640283 0.17082357 0.14705834
v -0.52404118 0.16977832 0.14670792
v -0.52860606 0.18435019 0.13501051
v -0.51954925 0.18643564 0.13852963
v -0.51946348 0.18029508 0.14205420
v -0.51989537 0.17403707 0.14425936
v -0.52145010 0.16854197 0.14476803
v -0.51698130 0.17825550 0.13940424
v -0.51806796 0.17219746 0.14183348
v -0.51998979 0.16783684 0.14243990
v -0.51605403 0.17555115 0.13589883
v -0.51757473 0.17028072 0.13912272
v -0.51575512 0.18271214 0.13162690
v -0.51665413 0.18536618 0.13551846
v -0.51929873 0.16779149 0.14040592
v -0.52706790 0.16590771 0.14532441
v -0.52430320 0.16511887 0.14337835
v -0.52952188 0.16818729 0.14606142
v -0.52878958 0.17278025 0.13367799
v -0.52892613 0.16833982 0.13678205
v -0.52788955 0.17125225 0.13117018
v -0.52790409 0.16658363 0.13493377
v -0.52899402 0.16527539 0.14081821
v -0.53027552 0.16710684 0.14194027
v -0.51543903 0.18753335 0.12883878
v -0.51669425 0.18430373 0.12454963
v -0.51683182 0.17921534 0.12741083
v -0.51716518 0.17232370 0.13181728
v -0.52014220 0.17739266 0.12451494
v -0.52460200 0.17618778 0.12513560
v -0.52498299 0.17039460 0.12947404
v -0.52086669 0.17060867 0.12933981
v -0.52514994 0.16604036 0.13368961
v -0.52163815 0.16631097 0.13353088
v -0.51868284 0.16753840 0.13581434
v -0.52426362 0.16394198 0.13772801
v -0.52695423 0.16390628 0.13930282
v -0.52205181 0.16495007 0.14100653
v -0.52198064 0.16466960 0.13668284
v -0.52045947 0.16564277 0.13871121
v -0.52075720 0.19281793 0.09466241
v -0.51973659 0.18995857 0.08956968
v -0.51993269 0.19565800 0.08612883
v -0.52073336 0.19824082 0.09142191
v -0.53167546 0.19618416 0.09745876
v -0.52810371 0.19601572 0.09882415
v -0.52787352 0.20200363 0.09586623
v -0.53210324 0.20299646 0.09424208
v -0.53478724 0.19415614 0.09297318
v -0.53524280 0.20102400 0.08879248
v -0.53189939 0.20941636 0.09069138
v -0.52695578 0.20792463 0.09258365
v -0.52502155 0.21642125 0.08630056
v -0.53051537 0.21835476 0.08478276
v -0.52411556 0.19466874 0.09785409
v -0.52385110 0.20029181 0.09471704
v -0.52276319 0.19878486 0.07536999
v -0.51982558 0.19960916 0.07744568
v -0.52123147 0.19349805 0.08186632
v -0.52417809 0.19270676 0.07992899
v -0.51679164 0.21387747 0.08015497
v -0.51568037 0.21182173 0.07453252
v -0.52029300 0.21503094 0.08421578
v -0.52830911 0.19957346 0.07520344
v -0.53379577 0.20305595 0.07804277
v -0.53123975 0.21250555 0.07114340
v -0.52543962 0.20970535 0.06845219
v -0.52268153 0.20587838 0.09115760
v -0.51826322 0.20155215 0.08197898
v -0.51936007 0.20401821 0.08748540
v -0.53504908 0.20755219 0.08442072
v -0.53411269 0.19685519 0.08264853
v -0.53046888 0.17897251 0.09009219
v -0.52965528 0.18769857 0.08368254
v -0.52460736 0.18659166 0.08317674
v -0.52606851 0.17777005 0.08915738
v -0.52918351 0.19343132 0.07960173
v -0.53406376 0.19048423 0.08722312
v -0.52099073 0.18403038 0.09940545
v -0.52019364 0.18118179 0.09456738
v -0.52406800 0.18584740 0.10243825
v -0.53357869 0.21662751 0.07809719
v -0.51955718 0.20850143 0.06788210
v -0.53117156 0.18691313 0.10277147
v -0.52782941 0.18695992 0.10381383
v -0.52105850 0.18752801 0.08498720
v -0.52203739 0.17871290 0.09039507
v -0.53400195 0.18170273 0.09350644
v -0.53433233 0.18530819 0.09873108
v -0.53402531 0.17552370 0.09751488
v -0.53410345 0.17895672 0.10270754
v -0.53125507 0.18053320 0.10695944
v -0.52752006 0.18063468 0.10735459
v -0.52403343 0.17981172 0.10537723
v -0.53069913 0.17272854 0.09435681
v -0.52679104 0.17212698 0.09343695
v -0.52273667 0.17362759 0.09405019
v -0.53069645 0.16802529 0.09723712
v -0.53365207 0.16993731 0.10114063
v -0.52974612 0.16445050 0.11666638
v -0.52969706 0.16917661 0.11436708
v -0.53130078 0.16797411 0.11277897
v -0.53177583 0.16408163 0.11534778
v -0.53111744 0.17436236 0.11060236
v -0.53192729 0.17112508 0.11063170
v -0.53352517 0.17039973 0.10759870
v -0.53372312 0.16662374 0.10988539
v -0.53322035 0.16493860 0.10553170
v -0.53358173 0.16112262 0.10794492
v -0.53391445 0.16264778 0.11235259
v -0.53371423 0.16843158 0.10450379
v -0.53214943 0.16113195 0.11638112
v -0.53048074 0.16034341 0.11715443
v -0.53382522 0.17379132 0.10572986
v -0.52706981 0.17530930 0.11058719
v -0.52656043 0.16975147 0.11390058
v -0.52677691 0.16421819 0.11613841
v -0.52761853 0.15987808 0.11608873
v -0.52351695 0.16916066 0.11143060
v -0.52402008 0.16375715 0.11374497
v -0.52501297 0.15991992 0.11384235
v -0.52152556 0.16791877 0.10799919
v -0.52247614 0.16279408 0.11075587
v -0.52154809 0.17387581 0.10453821
v -0.52367139 0.17485657 0.10809750
v -0.52375644 0.16020614 0.11176170
v -0.53193384 0.15744075 0.11429347
v -0.52902991 0.15660673 0.11281262
v -0.53379959 0.15934068 0.11419482
v -0.53251076 0.16412854 0.10274170
v -0.53239244 0.16002631 0.10562430
v -0.53023106 0.16323462 0.10060609
v -0.53035837 0.15897056 0.10414255
v -0.53253490 0.15748432 0.10926975
v -0.53375608 0.15876502 0.11030988
v -0.52153599 0.17843628 0.10205952
v -0.52095491 0.17630383 0.09764070
v -0.52108800 0.17192635 0.10036317
v -0.52114064 0.16568536 0.10396653
v -0.52281815 0.16956547 0.09690624
v -0.52676713 0.16793004 0.09649632
v -0.52702135 0.16301444 0.09997610
v -0.52338183 0.16380751 0.10062063
v -0.52752596 0.15887073 0.10352610
v -0.52446264 0.15938661 0.10418270
v -0.52243990 0.16081333 0.10727663
v -0.52755815 0.15668145 0.10723678
v -0.53020096 0.15647200 0.10803879
v -0.52636957 0.15719953 0.11115925
v -0.52537417 0.15761328 0.10680772
v -0.52430815 0.15852410 0.10960007
v -0.51700532 0.20994213 0.06996983
v -0.52017051 0.19048706 0.05856263
v -0.51851660 0.18952659 0.05468705
v -0.51821971 0.19440487 0.05302132
v -0.51989025 0.19543949 0.05655859
v -0.53124869 0.19229081 0.06012817
v -0.52761680 0.19216937 0.06242166
v -0.52729851 0.19780025 0.06062008
v -0.53139526 0.19832888 0.05810992
v -0.53228891 0.19124597 0.05426811
v -0.53253669 0.19733891 0.05191775
v -0.53022838 0.20527795 0.05596016
v -0.52592605 0.20408463 0.05865446
v -0.52342254 0.21368253 0.05535965
v -0.52769864 0.21606997 0.05250642
v -0.51387012 0.21526080 0.03607925
v -0.51051563 0.21538046 0.03951975
v -0.51330686 0.20807397 0.04256047
v -0.51576251 0.20835650 0.03878566
v -0.52355444 0.19134021 0.06140479
v -0.52307516 0.19652554 0.05957028
v -0.51860863 0.19848853 0.04312874
v -0.51639318 0.19852915 0.04678541
v -0.51812363 0.19340047 0.04906593
v -0.52010655 0.19290847 0.04565606
v -0.50930822 0.21512049 0.04453602
v -0.51062071 0.21553722 0.05050462
v -0.51521951 0.21030384 0.05146996
v -0.51316720 0.20851734 0.04712085
v -0.51862955 0.21138915 0.05413561
v -0.52281499 0.19961593 0.04163048
v -0.52807057 0.20170754 0.04388420
v -0.52485585 0.21291211 0.03892886
v -0.51988268 0.20982349 0.03756901
v -0.52176285 0.20224756 0.05752055
v -0.51644838 0.19942516 0.05101746
v -0.51854134 0.20100591 0.05496483
v -0.53159577 0.20454192 0.04941887
v -0.52928191 0.19512275 0.04667936
v -0.52511603 0.18122983 0.04934190
v -0.52478176 0.18824217 0.04631759
v -0.52047265 0.18782923 0.04694366
v -0.52122384 0.18104535 0.04949611
v -0.52429217 0.19351563 0.04439937
v -0.52938432 0.18944356 0.04893734
v -0.52053970 0.18378773 0.06129207
v -0.51874107 0.18300253 0.05694269
v -0.52382874 0.18456098 0.06386080
v -0.52926457 0.21628088 0.04554155
v -0.53103399 0.18508998 0.06302387
v -0.52754152 0.18503281 0.06490266
v -0.51838696 0.18856516 0.05052269
v -0.51902908 0.18186781 0.05251943
v -0.52938062 0.18233055 0.05212883
v -0.53199410 0.18418068 0.05748243
v -0.52967280 0.17653885 0.05475087
v -0.53231251 0.17850572 0.06007043
v -0.53105533 0.17961839 0.06547668
v -0.52752852 0.18002319 0.06702629
v -0.52405864 0.17977759 0.06562857
v -0.52548248 0.17551088 0.05201773
v -0.52199358 0.17594007 0.05226094
v -0.51988149 0.17735547 0.05476370
v -0.52592826 0.17115760 0.05483171
v -0.53011060 0.17141676 0.05791996
v -0.52934152 0.16492444 0.07223848
v -0.52955496 0.16945016 0.07078312
v -0.53088301 0.16866088 0.06902462
v -0.53105140 0.16493210 0.07087585
v -0.53082448 0.17421302 0.06761668
v -0.53142571 0.17161494 0.06709897
v -0.53201658 0.17134547 0.06381211
v -0.53222096 0.16809219 0.06573432
v -0.53097820 0.16673344 0.06187493
v -0.53091139 0.16297820 0.06362414
v -0.53257900 0.16444746 0.06767306
v -0.53138179 0.16984791 0.06100070
v -0.53155512 0.16254839 0.07163282
v -0.52987713 0.16157770 0.07235304
v -0.53217345 0.17419261 0.06231285
v -0.52758127 0.17533383 0.06870200
v -0.52728659 0.16992471 0.07108983
v -0.52720165 0.16443190 0.07239646
v -0.52731109 0.16087988 0.07159346
v -0.52473760 0.17022899 0.06954185
v -0.52495611 0.16456071 0.07096314
v -0.52526146 0.16108531 0.07022411
v -0.52216035 0.17046764 0.06671242
v -0.52298754 0.16477630 0.06860515
v -0.52156454 0.17569140 0.06430785
v -0.52450222 0.17581138 0.06732982
v -0.52394372 0.16190758 0.06900176
v -0.53023756 0.15915602 0.06905837
v -0.52743238 0.15883747 0.06862382
v -0.53258991 0.16106793 0.06876547
v -0.52914101 0.16635376 0.05936646
v -0.52894354 0.16183740 0.06196841
v -0.52613342 0.16656560 0.05765183
v -0.52628428 0.16166970 0.06114445
v -0.52952510 0.15924293 0.06497703
v -0.53136516 0.16053337 0.06530993
v -0.52109295 0.17926982 0.06281712
v -0.51950109 0.17870119 0.05864380
v -0.51990378 0.17487365 0.06033845
v -0.52054006 0.16947055 0.06300981
v -0.52026576 0.17334446 0.05677236
v -0.52246463 0.17187786 0.05463491
v -0.52312458 0.16680303 0.05778340
v -0.52072698 0.16804489 0.05964714
v -0.52389473 0.16209769 0.06149486
v -0.52202100 0.16308978 0.06304295
v -0.52178204 0.16445529 0.06571648
v -0.52482420 0.15982404 0.06516115
v -0.52696663 0.15898544 0.06492738
v -0.52523422 0.15975985 0.06807717
v -0.52337068 0.16090703 0.06538267
v -0.52353430 0.16126862 0.06733494
v -0.51761031 0.21597281 0.03530594
v -0.47777730 0.27013737 0.12310360
v -0.47884485 0.26549563 0.12068409
v -0.46344373 0.26009777 0.11754870
v -0.47052833 0.25920337 0.11735890
v -0.45849136 0.26436961 0.11955218
v -0.45987642 0.27287361 0.12492765
v -0.45777792 0.26904526 0.12258546
v -0.47670674 0.26134980 0.11871330
v -0.47344896 0.27429655 0.12561318
v -0.46598768 0.27530915 0.12618333
v -0.47472087 0.26817897 0.13469517
v -0.46699584 0.26929939 0.13559178
v -0.46024871 0.26704118 0.13406408
v -0.45798668 0.26345071 0.13026237
v -0.45883086 0.25968063 0.12628731
v -0.47946519 0.26451617 0.13131754
v -0.48023361 0.26039845 0.12772381
v -0.47651118 0.25684431 0.12481081
v -0.48073798 0.25941557 0.13949978
v -0.47653517 0.26054648 0.14512840
v -0.46358883 0.25176352 0.15331361
v -0.46224967 0.25521228 0.14861527
v -0.46532202 0.25669169 0.15091762
v -0.46588948 0.25425506 0.15480939
v -0.46232048 0.25983581 0.14369950
v -0.46571082 0.25857472 0.14812621
v -0.47028506 0.25904298 0.14900243
v -0.47064513 0.25772235 0.15229407
v -0.47470534 0.25880069 0.14940655
v -0.47617689 0.25740796 0.15242916
v -0.47072685 0.25602832 0.15644667
v -0.46699610 0.25280225 0.15823892
v -0.47081462 0.25364891 0.15957573
v -0.46605763 0.25001243 0.15782213
v -0.46924025 0.26211289 0.14452145
v -0.45877093 0.25793114 0.13811833
v -0.46064109 0.25302052 0.14516872
v -0.46305633 0.24899158 0.15131816
v -0.46677458 0.24681729 0.15620199
v -0.46169183 0.24965328 0.14150739
v -0.46511087 0.24613485 0.14856660
v -0.46863997 0.24519110 0.15280569
v -0.46627510 0.24739683 0.13907954
v -0.46881962 0.24511847 0.14656428
v -0.46390897 0.25245640 0.12966645
v -0.45929718 0.25489578 0.13327302
v -0.47026175 0.24469838 0.15036812
v -0.47131655 0.24966627 0.16052100
v -0.47233498 0.24658090 0.15782949
v -0.47946545 0.25589356 0.15031865
v -0.47628516 0.25565490 0.15618289
v -0.47924268 0.25346434 0.15498725
v -0.48158395 0.25452021 0.14690834
v -0.48057660 0.25064677 0.15263507
v -0.47692201 0.25127932 0.15877309
v -0.47516897 0.25412130 0.15917063
v -0.46300408 0.25656393 0.12350116
v -0.46971142 0.25552246 0.12336187
v -0.47120398 0.25174081 0.12936553
v -0.47257289 0.24698946 0.13820067
v -0.47797078 0.25292340 0.13103601
v -0.48194182 0.25627220 0.13494214
v -0.48164156 0.25137287 0.14330518
v -0.47860634 0.24836090 0.13989082
v -0.47994816 0.24810943 0.14991978
v -0.47736663 0.24619490 0.14716733
v -0.47320285 0.24508378 0.14608300
v -0.47700965 0.24632549 0.15349981
v -0.47759345 0.24819031 0.15662760
v -0.47288728 0.24525213 0.15428293
v -0.47599632 0.24553192 0.15082553
v -0.47314867 0.24490598 0.15079728
v -0.50655711 0.21992731 0.03679962
v -0.50502175 0.22030589 0.04305191
v -0.50073040 0.22630960 0.03958928
v -0.49520358 0.23304734 0.03529335
v -0.49380061 0.23848486 0.02644744
v -0.49433771 0.23574081 0.04180402
v -0.49992356 0.22883499 0.04576755
v -0.50564134 0.22169384 0.05096392
v -0.48960671 0.24369350 0.04443219
v -0.17295912 1.00687742 0.08715766
v -0.17003028 1.00834370 0.08891141
v -0.17059696 1.00105846 0.08590826
v -0.17344801 1.00088787 0.08438037
v -0.16343100 1.00273168 0.08787202
v -0.16735770 1.00107062 0.08625483
v -0.16548935 1.01000321 0.08990359
v -0.16035753 1.01116192 0.08905179
v -0.15229070 1.00987661 0.08488285
v -0.15013407 1.00901759 0.08472707
v -0.15064625 1.00783777 0.08506476
v -0.15282059 1.00709403 0.08543118
v -0.15614788 1.00552571 0.08683636
v -0.17713366 1.00285196 0.08224450
v -0.17645667 1.00416338 0.08339709
v -0.17496702 1.00563180 0.08514630
v -0.15964186 1.00408089 0.08766828
v -0.17555323 1.00118589 0.08291615
v -0.17681645 1.00179541 0.08207535
v -0.15587451 1.01125395 0.08693448
v -0.16428722 1.00490069 0.08829106
v -0.16821572 1.00375271 0.08766594
v -0.16512771 1.00742388 0.08918851
v -0.16068670 1.00865424 0.08867068
v -0.15470108 1.00770032 0.08628001
v -0.15701160 1.00707161 0.08736662
v -0.17126578 1.00296497 0.08628498
v -0.16044614 1.00611198 0.08810086
v -0.16917726 1.00602841 0.08830994
v -0.15685697 1.00912249 0.08745709
v -0.15441735 1.00897145 0.08616137
v -0.17622203 1.00287807 0.08277596
v -0.17610158 1.00242460 0.08275881
v -0.10272512 0.77280092 0.01524989
v -0.09907603 0.75503266 0.01973327
v -0.17205070 1.00489306 0.08671459
v -0.17519133 1.00244975 0.08356988
v -0.17351507 1.00264287 0.08478587
v -0.17412834 1.00417268 0.08494397
v -0.17550792 1.00344896 0.08358615
v -0.28165606 0.60119605 -0.03853893
v -0.29872003 0.60657996 -0.03907743
v -0.33612683 0.61755544 -0.08237191
v -0.33711734 0.62203234 -0.10641162
v -0.09058964 0.45602027 -0.00892483
v -0.15522563 0.56020659 -0.20589654
v -0.16152431 0.57798290 -0.20431077
v -0.08004864 0.59716672 -0.22971666
v -0.10104314 0.58954954 -0.23002556
v -0.17783779 0.50297499 -0.09663240
v -0.18040447 0.52028728 -0.09200619
v -0.13413733 0.48192227 -0.03824417
v -0.13783088 0.50239456 -0.03376353
v -0.16595903 0.47628295 -0.07910518
v -0.11510593 0.54009968 -0.23289432
v -0.13457046 0.53392631 -0.22489457
v -0.13493308 0.55295438 -0.21977860
v -0.11660457 0.56087512 -0.22873358
v -0.05963612 0.60171241 -0.22358632
v -0.05494962 0.57766151 -0.22688268
v -0.19271126 0.54610842 -0.11187961
v -0.19601689 0.55526245 -0.13808158
v -0.18319041 0.58028948 -0.18427433
v -0.17012307 0.59419340 -0.20210400
v -0.15410939 0.60958076 -0.21284957
v -0.13542947 0.62409878 -0.21910258
v -0.12414177 0.52155572 -0.01254462
v -0.10869198 0.54410440 0.00426509
v -0.18387684 0.53822738 -0.08646309
v -0.05682194 0.52435046 0.01819322
v -0.12458967 0.66081190 -0.21903414
v -0.10066727 0.67164683 -0.22078367
v -0.19258785 0.56684273 -0.16251393
v -0.10158595 0.70346123 0.02593892
v -0.11921568 0.70108676 0.02629710
v -0.11448572 0.68482774 0.02888815
v -0.09664475 0.68694133 0.02702820
v -0.13134390 0.68213814 0.02875818
v -0.14754835 0.67915082 0.02691777
v -0.16271365 0.67598099 0.02390566
v -0.19779640 0.66480863 0.00965215
v -0.18788192 0.66873646 0.01530772
v -0.21206947 0.65478051 -0.00691286
v -0.20605798 0.66000330 0.00260430
v -0.21456130 0.64869750 -0.02117432
v -0.21520852 0.64330000 -0.03885058
v -0.22350863 0.64623064 -0.05674192
v -0.21794456 0.63661438 -0.05718676
v -0.20897496 0.63324887 -0.03875639
v -0.20687972 0.63968861 -0.02179136
v -0.20368487 0.64525020 -0.00773396
v -0.06971470 0.62756479 0.01961761
v -0.07164723 0.65135050 0.02246642
v -0.10590214 0.79006195 0.01107470
v -0.36422852 0.39997649 -0.10390930
v -0.44262061 0.36782557 0.02046649
v -0.13238534 0.85348290 -0.14088559
v -0.15478459 0.85233802 -0.14123669
v -0.22446649 0.83721679 -0.12514544
v -0.24276328 0.83412361 -0.10518553
v -0.20217854 0.84017086 -0.13982482
v -0.17710558 0.84226990 -0.14687076
v -0.17421873 0.55090255 -0.05750574
v -0.14687912 0.82264608 -0.16241989
v -0.17554329 0.83262801 -0.15524308
v -0.20171925 0.83026654 -0.14928937
v -0.22777757 0.82615870 -0.13614145
v -0.25207114 0.82018566 -0.11445355
v -0.26657951 0.80801862 -0.10727865
v -0.28080434 0.77915955 -0.11839449
v -0.29038429 0.76984727 -0.11455406
v -0.29978046 0.75919968 -0.11124725
v -0.30839875 0.76547211 -0.09255851
v -0.29839468 0.77748764 -0.09506156
v -0.32973355 0.65730447 -0.11326992
v -0.32882690 0.64016694 -0.11905888
v -0.32407624 0.62915480 -0.12842762
v -0.31597683 0.62211382 -0.13746853
v -0.30453116 0.61983192 -0.14419962
v -0.29174486 0.62249595 -0.14696719
v -0.28058553 0.63053542 -0.14641678
v -0.26123863 0.66133624 -0.14088397
v -0.25925526 0.67167276 -0.13978179
v -0.24738316 0.67367375 -0.15215154
v -0.24177809 0.67318070 -0.15716773
v -0.21981783 0.66673350 -0.17341392
v -0.20644824 0.66118932 -0.18276298
v -0.19161066 0.65101504 -0.19453363
v -0.11484329 0.43879941 -0.27065578
v -0.13495730 0.43850395 -0.26047543
v -0.13299266 0.45570999 -0.25001767
v -0.11285652 0.45605755 -0.25973281
v -0.07014613 0.50026447 -0.24972247
v -0.04716615 0.50080585 -0.24781616
v -0.17831016 0.44004396 -0.19855613
v -0.18265034 0.42995745 -0.17550063
v -0.15233219 0.45328724 -0.23627628
v -0.16760217 0.44821388 -0.21939476
v -0.17946996 0.41861796 -0.15132166
v -0.11985996 0.37632996 -0.07660756
v -0.09905183 0.36779159 -0.06192214
v -0.05617340 0.35917687 -0.04308406
v -0.03619570 0.35869449 -0.03938563
v -0.17103072 0.40765971 -0.13043572
v -0.07740662 0.36213031 -0.05028775
v -0.15812810 0.39637691 -0.11180091
v -0.14071096 0.38544530 -0.09436587
v -0.09273522 0.49878567 -0.24870630
v -0.09207871 0.47600663 -0.25568271
v -0.11309455 0.47558552 -0.25189385
v -0.11831283 0.73859245 -0.20407481
v -0.13950013 0.73547804 -0.20522393
v -0.16126168 0.73340148 -0.20434974
v -0.18607886 0.74737167 -0.19598295
v -0.18314612 0.73111844 -0.20024224
v -0.20337069 0.72779965 -0.19230881
v -0.20618072 0.74271274 -0.18849705
v -0.23760544 0.73063457 -0.17107907
v -0.23390974 0.71978968 -0.17205277
v -0.24414839 0.71567398 -0.16748030
v -0.24764051 0.72651523 -0.16570620
v -0.25255197 0.71216601 -0.16212806
v -0.26006559 0.70695186 -0.15592642
v -0.26553050 0.70113295 -0.14880799
v -0.27236438 0.69150674 -0.14686251
v -0.28707919 0.70831239 -0.14444783
v -0.27898368 0.71793824 -0.14884441
v -0.24168490 0.74265671 -0.16634226
v -0.22679123 0.74939793 -0.17407455
v -0.12693396 0.77234942 -0.18944459
v -0.10695892 0.77364618 -0.18695571
v -0.22366677 0.63222665 -0.07613684
v -0.22954999 0.63069189 -0.09702570
v -0.23387995 0.63286376 -0.11656532
v -0.23431318 0.63924652 -0.13372317
v -0.23493907 0.64727169 -0.14729638
v -0.23227169 0.65771943 -0.15859008
v -0.23560899 0.67194593 -0.16200840
v -0.22874451 0.66958517 -0.16696216
v -0.23443845 0.68306893 -0.16782258
v -0.22563140 0.68263173 -0.17365088
v -0.22348166 0.69585866 -0.17849450
v -0.22136302 0.70980108 -0.18173043
v -0.22081141 0.72358328 -0.18136044
v -0.22335978 0.73667103 -0.17935878
v -0.21105772 0.75649524 -0.18255600
v -0.19222197 0.76222754 -0.18909179
v -0.17796299 0.78128994 -0.18486281
v -0.18499951 0.79391372 -0.17661081
v -0.17081383 0.76711386 -0.19232327
v -0.16445337 0.75129837 -0.19908248
v -0.20574751 0.86412060 -0.09858697
v -0.18463957 0.86750901 -0.11129262
v -0.28892681 0.64520848 -0.14619794
v -0.28322247 0.64505172 -0.14654316
v -0.28254396 0.63907385 -0.14663425
v -0.29120454 0.63501328 -0.14633371
v -0.30075085 0.63440990 -0.14418878
v -0.30417490 0.65094596 -0.14107813
v -0.29662985 0.64663297 -0.14459288
v -0.30974680 0.63767523 -0.13966961
v -0.31683466 0.64429033 -0.13352861
v -0.31082892 0.65685183 -0.13636732
v -0.32168362 0.65336174 -0.12712580
v -0.31597948 0.66376823 -0.13129196
v -0.32362035 0.66509533 -0.12232075
v -0.31891781 0.66992700 -0.12727027
v -0.30828771 0.70726973 -0.13130987
v -0.31304368 0.69387060 -0.12948821
v -0.31662560 0.68030262 -0.12802485
v -0.27878743 0.68029070 -0.14632417
v -0.28569013 0.66933954 -0.14596140
v -0.29150397 0.65848130 -0.14531393
v -0.29861632 0.66382396 -0.14274567
v -0.29295728 0.67539251 -0.14427102
v -0.28628683 0.68701750 -0.14576089
v -0.12178016 0.75716275 -0.19642030
v -0.14271776 0.75448209 -0.19844577
v -0.25705507 0.72188854 -0.16061772
v -0.26477441 0.71685106 -0.15567945
v -0.27201807 0.70933628 -0.15036215
v -0.27968639 0.69915915 -0.14717752
v -0.27190265 0.72531307 -0.15319176
v -0.26293695 0.73172176 -0.15699913
v -0.25261012 0.73737258 -0.16150148
v -0.14887366 0.77003688 -0.19208719
v -0.10261598 0.75926906 -0.19339068
v -0.28282854 0.72255158 -0.01465714
v -0.29761171 0.74214405 -0.02420290
v -0.30964383 0.75630188 -0.04367846
v -0.31359553 0.76493502 -0.06834462
v -0.28866306 0.46370775 -0.10647659
v -0.05233153 0.55282283 -0.23025765
v -0.04985555 0.52773917 -0.23681970
v -0.07151151 0.52546537 -0.24043103
v -0.07866050 0.67806107 -0.21596082
v -0.09845343 0.74187499 -0.20023075
v -0.16538212 0.64711183 0.02179914
v -0.15360048 0.64971972 0.02655029
v -0.15759924 0.66257763 0.02563637
v -0.17012501 0.65970802 0.02118327
v -0.18421587 0.64286095 0.00921009
v -0.17560250 0.64503419 0.01592700
v -0.18112350 0.65693110 0.01571954
v -0.19036947 0.65394574 0.00938171
v -0.19115782 0.63964987 0.00158610
v -0.19811697 0.65022814 0.00197724
v -0.17098734 0.63229996 0.01523685
v -0.16159077 0.63407272 0.02168183
v -0.15021452 0.63679624 0.02593246
v -0.18518248 0.62886435 0.00091561
v -0.17887481 0.63092476 0.00823141
v -0.10992548 0.89403725 0.06634127
v -0.10928061 0.89842033 0.08190526
v -0.11170413 0.94167930 0.10076436
v -0.11296190 0.94649899 0.09940594
v -0.10945205 0.81597281 0.00623105
v -0.11102510 0.82700604 0.00740250
v -0.07511398 0.67087299 0.02359312
v -0.08407410 0.70466840 0.02387568
v -0.08968618 0.72077751 0.02329029
v -0.09453961 0.73740059 0.02229015
v -0.10856097 0.80429256 0.00796400
v -0.07928442 0.68798423 0.02405358
v -0.16678211 0.26081660 -0.24521376
v -0.14950909 0.24216637 -0.26258013
v -0.15372218 0.27207541 -0.26696029
v -0.13973354 0.25919622 -0.27867427
v -0.17173474 0.34086686 -0.25042638
v -0.16684608 0.31473967 -0.25432560
v -0.17545183 0.36843175 -0.24602504
v -0.11919658 0.25125334 -0.29116163
v -0.09411968 0.24831635 -0.29978529
v -0.09183346 0.27185285 -0.31016889
v -0.15872985 0.36893860 -0.26843771
v -0.15569656 0.34207046 -0.27288064
v -0.14520612 0.28031403 -0.27872482
v -0.16202347 0.29072157 -0.25901195
v -0.14875996 0.29490003 -0.27772477
v -0.11609080 0.27235803 -0.30139205
v -0.13415192 0.27598295 -0.28940916
v -0.07123540 0.43852603 -0.28075001
v -0.04489302 0.42115432 -0.29523474
v -0.07229044 0.41909266 -0.29355142
v -0.15385276 0.43697411 -0.24495097
v -0.13772090 0.41875231 -0.27043182
v -0.13331291 0.29589176 -0.29301313
v -0.11519252 0.29514119 -0.30689272
v -0.09127060 0.29626253 -0.31732976
v -0.09629803 0.37333953 -0.31021866
v -0.09422246 0.34898883 -0.31666014
v -0.11764467 0.34553412 -0.30633026
v -0.11920612 0.37126899 -0.30051866
v -0.13994253 0.39584255 -0.27989063
v -0.13956645 0.36955321 -0.28677979
v -0.09671351 0.39782330 -0.30097649
v -0.11924729 0.39663234 -0.29251459
v -0.11728028 0.41903734 -0.28188124
v -0.13819928 0.34248817 -0.29160038
v -0.06409007 0.32471403 -0.32403681
v -0.09229500 0.32254934 -0.31963411
v -0.03468781 0.32689157 -0.32096639
v -0.09554493 0.41927972 -0.28936061
v -0.09388282 0.43828791 -0.27682123
v -0.09224206 0.45626819 -0.26490918
v -0.09383591 0.52185982 -0.24006130
v -0.20938182 0.06557757 -0.03616811
v -0.02512738 0.19913286 -0.13615188
v -0.01858123 0.19954157 -0.15822865
v -0.19470888 0.30136114 -0.13279445
v -0.19254948 0.27993172 -0.20338491
v -0.17529584 0.28584144 -0.23468019
v -0.06038869 0.21480682 -0.07733385
v -0.04241845 0.20508656 -0.09782865
v -0.18298587 0.29314038 -0.10205408
v -0.13976903 0.26117358 -0.06724795
v -0.03240145 0.20049384 -0.11774554
v -0.15127970 0.31707922 -0.27655762
v -0.13515715 0.31762752 -0.29384103
v -0.11612363 0.31936744 -0.30872276
v -0.06263181 0.29896462 -0.32134768
v -0.03276363 0.30327365 -0.31789872
v -0.03712286 0.24664170 -0.05026396
v -0.03179608 0.25862503 -0.05048962
v -0.02143876 0.25612289 -0.04934943
v -0.02197154 0.23987937 -0.05128255
v -0.11766271 0.36148742 -0.08201531
v -0.09452774 0.35372710 -0.06891111
v -0.05171967 0.34489018 -0.05183598
v -0.03322706 0.34428582 -0.04770686
v -0.17360976 0.39338270 -0.13464203
v -0.07211777 0.34810328 -0.05866330
v -0.16083638 0.38179839 -0.11564010
v -0.14152078 0.37075174 -0.09831939
v -0.20500907 -0.38679963 -0.21185131
v -0.20801386 -0.41603833 -0.21646260
v -0.20380278 -0.41050237 -0.23006068
v -0.19825029 -0.38147771 -0.22402447
v -0.20276028 -0.36673319 -0.25257874
v -0.19546151 -0.37270832 -0.24290396
v -0.21563986 -0.36401594 -0.25794208
v -0.21558152 -0.39441133 -0.26664916
v -0.22950399 -0.39534485 -0.26456332
v -0.22997007 -0.36443484 -0.25790957
v -0.24249437 -0.36633080 -0.25266790
v -0.25259823 -0.39988703 -0.25151041
v -0.25927848 -0.40365249 -0.23515542
v -0.26111409 -0.37459010 -0.22817281
v -0.25285277 -0.36911577 -0.24391632
v -0.26303062 -0.38552606 -0.20874751
v -0.26265493 -0.41294271 -0.21606638
v -0.25441438 -0.39399445 -0.19488932
v -0.21558310 -0.39288455 -0.19954477
v -0.21771400 -0.42176741 -0.20184490
v -0.20297442 -0.39716715 -0.26131028
v -0.19849648 -0.40276724 -0.24932490
v -0.19434579 -0.37796342 -0.23298995
v -0.20131382 -0.40680486 -0.23940654
v -0.20478944 -0.43964297 -0.23358132
v -0.20665167 -0.44464105 -0.21713597
v -0.20191491 -0.42494410 -0.26950678
v -0.20261891 -0.43068892 -0.25598475
v -0.22752577 -0.42334408 -0.27101669
v -0.21349265 -0.42161292 -0.27645001
v -0.25414878 -0.42681187 -0.26085740
v -0.24150702 -0.39717370 -0.25965551
v -0.24175619 -0.42490548 -0.26753646
v -0.26320869 -0.42999667 -0.24390508
v -0.26659858 -0.43799335 -0.22212107
v -0.21803157 -0.44901079 -0.20123029
v -0.20443809 -0.43556708 -0.24497162
v -0.35088903 -0.57546300 -0.12601370
v -0.34534726 -0.57829791 -0.12202189
v -0.34523651 -0.57243043 -0.12121146
v -0.34890777 -0.57110482 -0.12393827
v -0.32076550 -0.58807999 -0.09996754
v -0.30898005 -0.59350747 -0.09775030
v -0.30959857 -0.58203524 -0.09170096
v -0.31797764 -0.57902330 -0.09359919
v -0.33613631 -0.58470076 -0.10850603
v -0.34312919 -0.58287758 -0.11202838
v -0.33977497 -0.58559448 -0.11576933
v -0.33544964 -0.58662277 -0.11329456
v -0.35520127 -0.55843407 -0.16070667
v -0.35886148 -0.55632192 -0.16545746
v -0.35744968 -0.56017309 -0.16778804
v -0.35457572 -0.56199151 -0.16513552
v -0.35320556 -0.57039934 -0.13966922
v -0.35682392 -0.56829315 -0.14516163
v -0.35521859 -0.57176691 -0.14731769
v -0.35277402 -0.57381409 -0.14463586
v -0.30969152 -0.56599921 -0.11215153
v -0.31599081 -0.57207519 -0.10014457
v -0.30273414 -0.57674414 -0.09741255
v -0.29417399 -0.56799930 -0.10688213
v -0.29576105 -0.58662719 -0.10178261
v -0.30259231 -0.58899468 -0.11019755
v -0.29402062 -0.58489054 -0.12203030
v -0.28609097 -0.57929641 -0.11318671
v -0.31526110 -0.58718830 -0.11387626
v -0.30888751 -0.58276039 -0.12586720
v -0.31711146 -0.57451898 -0.12225281
v -0.32590327 -0.57890373 -0.10925242
v -0.33488458 -0.57003373 -0.12826256
v -0.34328023 -0.57647544 -0.11985374
v -0.33790573 -0.57201022 -0.11374044
v -0.33024463 -0.56368345 -0.12197343
v -0.33116043 -0.57433170 -0.10972596
v -0.32046553 -0.56719428 -0.11609315
v -0.31773448 -0.57750350 -0.12123809
v -0.32635984 -0.58247191 -0.10996832
v -0.32901007 -0.58514386 -0.11773155
v -0.32069924 -0.58062190 -0.12840675
v -0.32903537 -0.57813853 -0.13187414
v -0.33684024 -0.58314234 -0.12235913
v -0.34208298 -0.55772239 -0.13576189
v -0.34693483 -0.56685966 -0.12832524
v -0.34065259 -0.56907707 -0.12452172
v -0.33374056 -0.56170088 -0.12974355
v -0.33751759 -0.57781965 -0.12590931
v -0.34133005 -0.57941943 -0.13127619
v -0.33450285 -0.57530648 -0.13918342
v -0.33106425 -0.57283121 -0.13290124
v -0.34247971 -0.57180101 -0.14385435
v -0.34783494 -0.57766765 -0.13530107
v -0.34739146 -0.56346124 -0.14024630
v -0.35183099 -0.57096237 -0.13331085
v -0.35370728 -0.55623740 -0.15935484
v -0.35679156 -0.56406218 -0.15198509
v -0.35409459 -0.55960232 -0.14714512
v -0.35058171 -0.55007917 -0.15447842
v -0.34975937 -0.56083053 -0.14242515
v -0.34522462 -0.55385286 -0.14752491
v -0.34703794 -0.56697708 -0.14210486
v -0.34843853 -0.57245702 -0.14870809
v -0.34466821 -0.56777233 -0.15536670
v -0.34415424 -0.56190258 -0.14680530
v -0.35376269 -0.57045692 -0.15342003
v -0.34990332 -0.56453449 -0.16185412
v -0.35375670 -0.54239911 -0.17538457
v -0.35365793 -0.54822499 -0.18169801
v -0.35818240 -0.55264729 -0.17275964
v -0.35692653 -0.54809588 -0.16844521
v -0.35336953 -0.54951650 -0.16344570
v -0.35062593 -0.54462630 -0.16768943
v -0.35038188 -0.55543882 -0.16362077
v -0.35059354 -0.56127316 -0.16910461
v -0.34806579 -0.55843300 -0.17424975
v -0.34952936 -0.55181235 -0.16776222
v -0.35556036 -0.55890173 -0.17349093
v -0.35133696 -0.55492181 -0.18058172
v -0.28673965 -0.55970544 -0.11771301
v -0.30626255 -0.55965024 -0.12476706
v -0.30898574 -0.59160846 -0.10277015
v -0.27970719 -0.57244271 -0.12581709
v -0.31628418 -0.59051150 -0.10515942
v -0.30585822 -0.57760018 -0.13808779
v -0.28753233 -0.57912070 -0.13496558
v -0.31231278 -0.57283551 -0.12727818
v -0.34078911 -0.57764250 -0.10973093
v -0.32783079 -0.56861848 -0.13629197
v -0.32321167 -0.57248002 -0.14730185
v -0.33671126 -0.57886690 -0.10755593
v -0.32267752 -0.55507451 -0.13509238
v -0.33499125 -0.54931468 -0.15137626
v -0.34608364 -0.58097893 -0.12693414
v -0.34945762 -0.57992285 -0.12922245
v -0.33685195 -0.56623739 -0.16078380
v -0.34338582 -0.55936855 -0.14837581
v -0.35557601 -0.56425148 -0.14315917
v -0.35021383 -0.55113500 -0.16752708
v -0.34437120 -0.55884343 -0.17660333
v -0.35316798 -0.56499130 -0.14023983
v -0.34414387 -0.54140908 -0.16834071
v -0.35702321 -0.55282587 -0.16442178
v -0.34883103 -0.54297894 -0.19302355
v -0.34683728 -0.55218929 -0.19096865
v -0.35524610 -0.55342764 -0.16141379
v -0.34845614 -0.53622693 -0.18408932
v -0.22767794 -0.39757770 -0.19093545
v -0.23105423 -0.42496997 -0.19341703
v -0.24157356 -0.39861172 -0.18882091
v -0.25614163 -0.42132097 -0.20118551
v -0.24523012 -0.42617112 -0.19372590
v -0.23455462 -0.45040065 -0.19283505
v -0.26031223 -0.44579381 -0.20517874
v -0.24917711 -0.44953758 -0.19521101
v -0.25317398 -0.44567233 -0.27237132
v -0.26595441 -0.45114452 -0.25548819
v -0.23778322 -0.44441515 -0.27612460
v -0.21045238 -0.44124216 -0.28662202
v -0.22460352 -0.44299847 -0.28125843
v -0.23996733 -0.47375447 -0.19030431
v -0.22272800 -0.47278935 -0.20377107
v -0.25663397 -0.47145849 -0.19145799
v -0.26978919 -0.46587020 -0.20413458
v -0.27436948 -0.55083138 -0.12868896
v -0.26463112 -0.54337651 -0.14726336
v -0.27920443 -0.53057200 -0.14584704
v -0.29262784 -0.54458302 -0.13449037
v -0.29564765 -0.52552885 -0.15925096
v -0.30805346 -0.54163891 -0.14797384
v -0.30841267 -0.52201718 -0.17543660
v -0.32095683 -0.53646034 -0.16349648
v -0.31792840 -0.51980239 -0.19257179
v -0.33140296 -0.53130728 -0.18050508
v -0.32524174 -0.52094311 -0.20963264
v -0.33915198 -0.52887493 -0.19615628
v -0.32997224 -0.52813810 -0.22230525
v -0.34278914 -0.53605288 -0.20762525
v -0.26806638 -0.56695181 -0.13886879
v -0.25912121 -0.55832714 -0.15647745
v -0.27732027 -0.57497185 -0.15072991
v -0.26743016 -0.56851822 -0.16912146
v -0.29305527 -0.57128984 -0.15959792
v -0.28183037 -0.56506389 -0.17858754
v -0.32687023 -0.54237729 -0.22346948
v -0.33903071 -0.54905337 -0.20678155
v -0.30832398 -0.56567651 -0.17102970
v -0.29633522 -0.55856591 -0.18976854
v -0.32131690 -0.56058747 -0.18423392
v -0.30884966 -0.55361766 -0.20285223
v -0.33123142 -0.55543965 -0.19679309
v -0.31880462 -0.54921395 -0.21495987
v -0.26424539 -0.51708633 -0.16247568
v -0.28178629 -0.50718898 -0.16980210
v -0.29408494 -0.50400871 -0.18708590
v -0.30247197 -0.50433403 -0.20600739
v -0.30837810 -0.50992173 -0.22460635
v -0.31413838 -0.51789373 -0.23774903
v -0.28784674 -0.48336345 -0.22389208
v -0.29095176 -0.49991637 -0.24271564
v -0.29575023 -0.51009816 -0.25386438
v -0.27416623 -0.49141198 -0.26244020
v -0.27756381 -0.50320750 -0.27033189
v -0.24603678 -0.48007554 -0.29477665
v -0.24918900 -0.49251813 -0.30401123
v -0.26204664 -0.49603075 -0.28822538
v -0.25856814 -0.48450345 -0.28024796
v -0.27403039 -0.47541279 -0.24803893
v -0.25981376 -0.46852440 -0.26792827
v -0.24610625 -0.46400672 -0.28106973
v -0.22329107 -0.48971087 -0.31785575
v -0.23695578 -0.49061090 -0.31358400
v -0.23529142 -0.47696787 -0.30427057
v -0.22222717 -0.47428542 -0.31102908
v -0.20368201 -0.47553784 -0.31102395
v -0.20588498 -0.49274808 -0.31456032
v -0.19356228 -0.48400146 -0.29543826
v -0.19458006 -0.50014418 -0.30055621
v -0.22334817 -0.45857340 -0.29538336
v -0.23439005 -0.46185273 -0.28848338
v -0.20734808 -0.45769876 -0.29832447
v -0.19792151 -0.46494442 -0.28528529
v -0.20345120 -0.47220927 -0.27010834
v -0.19922560 -0.49258071 -0.27780750
v -0.19671272 -0.50796670 -0.28274003
v -0.25352073 -0.53375143 -0.16896984
v -0.25163093 -0.54556364 -0.17787406
v -0.28137380 -0.48393995 -0.19751827
v -0.26751217 -0.48902065 -0.18086949
v -0.24609216 -0.49858028 -0.18252873
v -0.23887646 -0.52178329 -0.19085461
v -0.24188103 -0.53407043 -0.20171972
v -0.23154137 -0.52541286 -0.22356348
v -0.22582795 -0.51466876 -0.21400085
v -0.25778615 -0.55365425 -0.18872330
v -0.24891718 -0.53864747 -0.21085766
v -0.23757036 -0.52974051 -0.23124695
v -0.21947268 -0.52015811 -0.24152277
v -0.21556565 -0.50846738 -0.23410246
v -0.21109596 -0.51526123 -0.25635543
v -0.20974249 -0.50177139 -0.25022852
v -0.20509093 -0.49690002 -0.26328534
v -0.20360301 -0.51186949 -0.26885366
v -0.20912771 -0.48202521 -0.24384399
v -0.20652033 -0.47687382 -0.25637874
v -0.21366976 -0.48874134 -0.22707522
v -0.22454678 -0.49484068 -0.20601158
v -0.31152964 -0.53235072 -0.24045090
v -0.29427668 -0.52243012 -0.25644693
v -0.27638632 -0.51369005 -0.27212450
v -0.26026359 -0.50813121 -0.28974149
v -0.24594082 -0.50535423 -0.30316290
v -0.23489644 -0.50375253 -0.31053203
v -0.20984437 -0.50409275 -0.31019035
v -0.22318663 -0.50257760 -0.31401145
v -0.20205051 -0.50947148 -0.30054924
v -0.20385188 -0.51661438 -0.28696927
v -0.20954223 -0.52144915 -0.27532837
v -0.22527309 -0.52638763 -0.24907102
v -0.21600813 -0.52477056 -0.26338786
v -0.20897554 -0.46887094 -0.22116943
v -0.20455876 -0.46268493 -0.23845167
v -0.20420124 -0.45763403 -0.25062010
v -0.20060587 -0.44618791 -0.27628934
v -0.20359279 -0.45243746 -0.26218295
v -0.26970261 -0.55357069 -0.19924277
v -0.28294128 -0.54797810 -0.21031924
v -0.29446119 -0.54372209 -0.22275990
v -0.30389336 -0.53953379 -0.23353802
v -0.28789639 -0.52968055 -0.25133234
v -0.27910385 -0.53356034 -0.24258338
v -0.26829574 -0.53763968 -0.23183845
v -0.25747162 -0.53979796 -0.22033349
v -0.27072117 -0.52185279 -0.26766324
v -0.26321220 -0.52624875 -0.26010793
v -0.25328225 -0.53023225 -0.25086585
v -0.24475203 -0.53197223 -0.24040292
v -0.23182411 -0.52884418 -0.25773776
v -0.23886195 -0.52593035 -0.26752162
v -0.24752234 -0.52178472 -0.27571893
v -0.25402665 -0.51669794 -0.28353488
v -0.24073148 -0.51287383 -0.29570308
v -0.23519810 -0.51773959 -0.28730866
v -0.22779027 -0.52216476 -0.27964598
v -0.22241190 -0.52507538 -0.27149245
v -0.23174655 -0.51064473 -0.30202103
v -0.21454298 -0.50995988 -0.30472121
v -0.22332060 -0.50945634 -0.30540225
v -0.20914225 -0.51346189 -0.29911187
v -0.21146190 -0.51786393 -0.28981605
v -0.21630037 -0.52181727 -0.28095338
v -0.22182170 -0.51894194 -0.28685656
v -0.21734892 -0.51616806 -0.29286882
v -0.22788931 -0.51513332 -0.29405811
v -0.22206874 -0.51298112 -0.29820701
v -0.21457101 -0.51376528 -0.29761645
v -0.21705990 -0.51221365 -0.30023673
v -0.27202949 -0.46125180 -0.22807367
v -0.22345051 -0.12729496 -0.05557165
v -0.20611671 -0.12604254 -0.05778048
v -0.23926274 -0.12143105 -0.05838234
v -0.16069944 0.28769436 -0.08144363
v -0.11159016 0.45906800 -0.02526220
v -0.11970951 0.49958849 -0.01701916
v -0.11509286 0.47884926 -0.02126130
v -0.16944566 0.27003592 -0.07905910
v -0.17133251 0.53172451 -0.06438527
v -0.17606702 0.67260408 0.02010470
v -0.22055623 0.98703486 0.00621001
v -0.21823043 0.98379290 0.00485000
v -0.21688056 0.98156661 0.00234438
v -0.21645854 0.97937566 -0.00059119
v -0.21560916 0.97818756 -0.00400182
v -0.21390155 0.97949111 -0.00786866
v -0.21926114 0.98280704 0.00002112
v -0.21751997 0.98670387 -0.00313125
v -0.21814397 0.98858124 -0.00146340
v -0.21977381 0.98488224 0.00182692
f 2 3 1
f 1 3 4
f 3 2 5
f 5 2 6
f 3 7 4
f 4 7 8
f 10 11 9
f 9 11 12
f 14 15 13
f 13 15 16
f 18 19 17
f 17 19 20
f 22 23 21
f 21 23 24
f 26 18 25
f 25 18 17
f 27 28 17
f 17 28 25
f 30 31 29
f 29 31 32
f 34 35 33
f 33 35 36
f 21 24 37
f 37 24 38
f 40 31 39
f 39 31 38
f 34 33 28
f 28 33 25
f 41 42 44
f 44 42 43
f 36 45 33
f 33 45 25
f 46 47 49
f 49 47 48
f 51 52 50
f 50 52 53
f 55 53 54
f 54 53 52
f 57 58 56
f 56 58 59
f 61 62 60
f 60 62 63
f 65 66 64
f 64 66 67
f 69 70 68
f 68 70 71
f 65 73 72
f 72 73 74
f 64 75 65
f 65 75 73
f 77 78 76
f 76 78 79
f 80 81 83
f 83 81 82
f 81 85 84
f 84 85 86
f 88 89 87
f 87 89 69
f 88 87 90
f 90 87 91
f 93 94 92
f 92 94 95
f 96 84 43
f 43 84 44
f 51 98 97
f 97 98 86
f 97 99 51
f 51 99 52
f 54 52 100
f 100 52 99
f 58 101 59
f 59 101 102
f 62 103 63
f 63 103 104
f 105 106 6
f 6 106 5
f 108 109 107
f 107 109 110
f 112 113 111
f 111 113 114
f 116 117 115
f 115 117 118
f 120 121 119
f 119 121 122
f 124 125 123
f 123 125 126
f 128 129 127
f 127 129 130
f 130 131 127
f 127 131 132
f 134 1 133
f 133 1 135
f 1 4 135
f 135 4 136
f 4 8 136
f 136 8 137
f 138 139 15
f 15 139 140
f 140 139 141
f 141 139 142
f 144 57 143
f 143 57 56
f 145 146 141
f 141 146 147
f 146 149 148
f 148 149 150
f 152 153 151
f 151 153 154
f 141 147 140
f 140 147 155
f 157 11 156
f 156 11 158
f 160 161 159
f 159 161 162
f 164 165 163
f 163 165 166
f 165 160 166
f 166 160 159
f 168 169 167
f 167 169 170
f 169 171 170
f 170 171 172
f 149 173 150
f 150 173 174
f 175 176 149
f 149 176 173
f 178 172 177
f 177 172 171
f 180 181 179
f 179 181 182
f 184 180 183
f 183 180 179
f 186 187 185
f 185 187 188
f 190 191 189
f 189 191 192
f 7 193 8
f 8 193 194
f 196 162 195
f 195 162 161
f 197 168 198
f 198 168 167
f 181 199 182
f 182 199 200
f 202 203 201
f 201 203 204
f 187 186 205
f 205 186 206
f 208 209 207
f 207 209 210
f 212 213 211
f 211 213 214
f 215 216 218
f 218 216 217
f 220 209 219
f 219 209 208
f 204 186 221
f 221 186 185
f 201 204 222
f 222 204 221
f 223 211 220
f 220 211 209
f 224 225 214
f 214 225 210
f 203 206 204
f 204 206 186
f 227 187 226
f 226 187 205
f 27 228 21
f 21 228 22
f 230 231 229
f 229 231 232
f 234 235 233
f 233 235 236
f 238 239 237
f 237 239 240
f 119 122 118
f 118 122 115
f 112 242 241
f 241 242 243
f 98 51 244
f 244 51 50
f 245 138 14
f 14 138 15
f 11 10 158
f 158 10 246
f 89 85 69
f 69 85 70
f 11 157 12
f 12 157 247
f 249 164 248
f 248 164 163
f 177 250 178
f 178 250 251
f 253 254 252
f 252 254 255
f 187 227 188
f 188 227 256
f 212 257 213
f 213 257 258
f 260 134 259
f 259 134 133
f 165 164 135
f 135 164 133
f 160 165 136
f 136 165 135
f 136 137 160
f 160 137 161
f 137 261 161
f 161 261 195
f 263 264 262
f 262 264 265
f 13 16 266
f 266 16 267
f 268 267 155
f 155 267 16
f 147 269 155
f 155 269 268
f 162 196 167
f 167 196 198
f 167 170 162
f 162 170 159
f 170 172 159
f 159 172 166
f 172 178 166
f 166 178 163
f 178 251 163
f 163 251 248
f 168 270 169
f 169 270 271
f 272 273 171
f 171 273 177
f 271 272 169
f 169 272 171
f 168 197 270
f 270 197 274
f 250 177 275
f 275 177 273
f 277 45 276
f 276 45 278
f 280 281 279
f 279 281 282
f 284 104 283
f 283 104 103
f 285 215 286
f 286 215 218
f 288 289 287
f 287 289 290
f 291 80 66
f 66 80 83
f 293 294 292
f 292 294 295
f 73 91 74
f 74 91 87
f 91 73 92
f 92 73 75
f 279 77 280
f 280 77 76
f 80 291 70
f 70 291 71
f 277 47 96
f 96 47 82
f 297 175 296
f 296 175 149
f 299 154 298
f 298 154 153
f 225 300 210
f 210 300 207
f 224 301 206
f 206 301 205
f 210 209 214
f 214 209 211
f 226 205 302
f 302 205 301
f 304 305 303
f 303 305 306
f 308 309 307
f 307 309 310
f 72 291 65
f 65 291 66
f 66 83 67
f 67 83 46
f 312 313 311
f 311 313 314
f 316 317 315
f 315 317 36
f 29 318 35
f 35 318 319
f 321 32 320
f 320 32 322
f 311 314 323
f 323 314 324
f 315 325 316
f 316 325 326
f 318 287 319
f 319 287 290
f 328 321 327
f 327 321 320
f 329 330 39
f 39 330 331
f 332 333 40
f 40 333 322
f 309 334 285
f 285 334 335
f 236 2 134
f 134 2 1
f 260 336 233
f 233 336 337
f 237 14 265
f 265 14 13
f 84 86 44
f 44 86 98
f 189 192 7
f 7 192 193
f 44 98 41
f 41 98 244
f 237 240 14
f 14 240 245
f 7 3 189
f 189 3 5
f 338 71 72
f 72 71 291
f 262 265 266
f 266 265 13
f 124 123 339
f 339 123 105
f 123 109 105
f 105 109 106
f 189 5 190
f 190 5 106
f 111 114 12
f 12 114 9
f 264 340 265
f 265 340 237
f 342 343 341
f 341 343 344
f 6 235 105
f 105 235 339
f 234 346 345
f 345 346 347
f 349 350 348
f 348 350 351
f 107 352 108
f 108 352 353
f 355 356 354
f 354 356 357
f 237 340 238
f 238 340 358
f 12 247 111
f 111 247 359
f 264 263 116
f 116 263 360
f 361 362 222
f 222 362 201
f 364 365 363
f 363 365 366
f 368 369 367
f 367 369 370
f 372 373 371
f 371 373 374
f 375 376 372
f 372 376 377
f 378 379 381
f 381 379 380
f 382 383 269
f 269 383 268
f 150 174 365
f 365 174 384
f 380 377 381
f 381 377 376
f 271 270 180
f 180 270 181
f 273 272 252
f 252 272 184
f 272 271 184
f 184 271 180
f 181 270 274
f 252 255 273
f 273 255 275
f 254 385 255
f 255 385 386
f 387 388 179
f 179 388 183
f 389 387 182
f 182 387 179
f 182 200 389
f 389 200 390
f 388 391 183
f 183 391 253
f 391 392 253
f 253 392 254
f 394 379 393
f 393 379 378
f 185 188 395
f 395 188 396
f 221 185 397
f 397 185 395
f 222 221 398
f 398 221 397
f 188 256 396
f 396 256 399
f 400 401 256
f 256 401 399
f 402 403 405
f 405 403 404
f 148 150 364
f 364 150 365
f 393 406 394
f 394 406 407
f 158 246 393
f 393 246 406
f 342 19 238
f 238 19 239
f 23 22 350
f 350 22 354
f 244 50 245
f 245 50 138
f 55 142 53
f 53 142 139
f 145 144 296
f 296 144 143
f 355 228 341
f 341 228 20
f 41 240 42
f 42 240 239
f 283 308 284
f 284 308 307
f 349 409 408
f 408 409 410
f 244 245 41
f 41 245 240
f 268 383 406
f 406 383 407
f 346 411 349
f 349 411 409
f 251 412 248
f 248 412 413
f 275 414 250
f 250 414 415
f 25 45 26
f 26 45 277
f 43 26 96
f 96 26 277
f 416 417 61
f 61 417 62
f 329 24 408
f 408 24 23
f 31 40 32
f 32 40 322
f 39 38 329
f 329 38 24
f 37 38 30
f 30 38 31
f 418 419 421
f 421 419 420
f 78 295 79
f 79 295 294
f 124 339 422
f 422 339 345
f 232 131 357
f 357 131 351
f 2 236 6
f 6 236 235
f 252 184 253
f 253 184 183
f 227 423 256
f 256 423 400
f 423 227 305
f 305 227 226
f 424 258 425
f 425 258 257
f 426 427 212
f 212 427 257
f 259 133 249
f 249 133 164
f 419 418 428
f 428 418 429
f 327 430 328
f 328 430 288
f 49 431 46
f 46 431 67
f 306 302 424
f 424 302 258
f 313 432 314
f 314 432 433
f 32 321 29
f 29 321 318
f 324 314 433
f 287 318 328
f 328 318 321
f 134 260 236
f 236 260 233
f 345 339 234
f 234 339 235
f 357 351 354
f 354 351 350
f 408 23 349
f 349 23 350
f 317 278 36
f 36 278 45
f 432 313 429
f 429 313 428
f 435 428 434
f 434 428 313
f 42 239 18
f 18 239 19
f 43 42 26
f 26 42 18
f 121 120 436
f 436 120 437
f 302 301 258
f 258 301 213
f 110 109 126
f 126 109 123
f 238 358 342
f 342 358 343
f 341 20 342
f 342 20 19
f 322 438 320
f 320 438 439
f 320 439 327
f 327 439 430
f 333 440 322
f 322 440 438
f 289 288 323
f 323 288 430
f 115 340 116
f 116 340 264
f 146 145 149
f 149 145 296
f 15 140 16
f 16 140 155
f 441 442 152
f 152 442 153
f 225 224 203
f 203 224 206
f 175 297 154
f 154 297 151
f 293 443 294
f 294 443 444
f 248 413 249
f 249 413 445
f 446 447 400
f 400 447 401
f 388 387 396
f 396 387 395
f 387 389 395
f 395 389 397
f 391 388 399
f 399 388 396
f 401 392 399
f 399 392 391
f 255 386 275
f 275 386 414
f 449 450 448
f 448 450 451
f 335 452 285
f 285 452 215
f 453 298 442
f 442 298 153
f 211 223 212
f 212 223 426
f 425 257 454
f 454 257 427
f 266 10 262
f 262 10 9
f 360 113 456
f 456 113 455
f 8 194 137
f 137 194 261
f 10 266 246
f 246 266 267
f 203 202 225
f 225 202 300
f 262 9 263
f 263 9 114
f 108 353 190
f 190 353 191
f 389 390 397
f 397 390 398
f 457 422 128
f 128 422 129
f 156 158 378
f 378 158 393
f 347 346 348
f 348 346 349
f 447 458 401
f 401 458 392
f 364 382 148
f 148 382 269
f 55 54 57
f 57 54 58
f 75 64 459
f 459 64 460
f 100 90 101
f 101 90 95
f 101 58 100
f 100 58 54
f 142 55 144
f 144 55 57
f 147 146 269
f 269 146 148
f 459 93 75
f 75 93 92
f 144 145 142
f 142 145 141
f 228 27 20
f 20 27 17
f 154 299 175
f 175 299 176
f 214 213 224
f 224 213 301
f 424 461 306
f 306 461 303
f 285 286 309
f 309 286 310
f 462 334 308
f 308 334 309
f 302 306 226
f 226 306 305
f 37 28 21
f 21 28 27
f 29 35 30
f 30 35 34
f 30 34 37
f 37 34 28
f 344 436 356
f 356 436 229
f 325 290 326
f 326 290 289
f 311 439 312
f 312 439 438
f 35 319 36
f 36 319 315
f 439 311 430
f 430 311 323
f 315 319 325
f 325 319 290
f 440 463 438
f 438 463 312
f 341 344 355
f 355 344 356
f 360 456 116
f 116 456 117
f 354 22 355
f 355 22 228
f 326 289 324
f 324 289 323
f 74 87 68
f 68 87 69
f 50 53 138
f 138 53 139
f 268 406 267
f 267 406 246
f 190 106 108
f 108 106 109
f 241 455 112
f 112 455 113
f 358 122 343
f 343 122 121
f 129 347 130
f 130 347 348
f 348 351 130
f 130 351 131
f 229 232 356
f 356 232 357
f 340 115 358
f 358 115 122
f 111 359 112
f 112 359 242
f 125 124 457
f 457 124 422
f 231 132 232
f 232 132 131
f 343 121 344
f 344 121 436
f 263 114 360
f 360 114 113
f 347 129 345
f 345 129 422
f 230 229 437
f 437 229 436
f 464 446 423
f 423 446 400
f 465 466 468
f 468 466 467
f 470 471 469
f 469 471 472
f 469 472 373
f 373 472 374
f 474 469 473
f 473 469 373
f 471 475 472
f 472 475 476
f 472 477 374
f 374 477 478
f 477 472 476
f 479 480 476
f 476 480 477
f 473 373 377
f 377 373 372
f 481 482 479
f 479 482 480
f 483 484 481
f 481 484 482
f 403 402 485
f 485 402 486
f 487 488 483
f 483 488 484
f 487 489 488
f 488 489 490
f 489 491 490
f 490 491 492
f 491 493 492
f 492 493 494
f 493 495 494
f 494 495 496
f 497 498 481
f 481 498 483
f 484 499 482
f 482 499 367
f 370 480 367
f 367 480 482
f 480 370 477
f 477 370 478
f 500 497 479
f 479 497 481
f 451 473 380
f 380 473 377
f 448 451 379
f 379 451 380
f 501 502 504
f 504 502 503
f 449 505 507
f 507 505 506
f 486 508 505
f 505 508 506
f 508 509 506
f 506 509 510
f 511 507 510
f 510 507 506
f 509 508 512
f 512 508 513
f 515 509 514
f 514 509 512
f 509 515 510
f 510 515 516
f 510 516 511
f 511 516 517
f 486 505 485
f 485 505 518
f 505 449 518
f 518 449 448
f 383 382 403
f 403 382 404
f 363 404 364
f 364 404 382
f 403 485 383
f 383 485 407
f 519 520 361
f 361 520 362
f 522 496 521
f 521 496 495
f 450 474 451
f 451 474 473
f 363 366 523
f 523 366 524
f 525 499 488
f 488 499 484
f 488 490 525
f 525 490 526
f 496 522 520
f 520 522 527
f 494 496 519
f 519 496 520
f 492 494 528
f 528 494 519
f 529 530 495
f 495 530 521
f 490 492 526
f 526 492 528
f 529 495 531
f 531 495 493
f 533 534 532
f 532 534 535
f 523 524 533
f 533 524 534
f 486 402 532
f 532 402 533
f 529 536 530
f 530 536 537
f 536 538 537
f 537 538 539
f 540 541 539
f 539 541 537
f 530 537 535
f 535 537 541
f 542 539 543
f 543 539 538
f 539 542 540
f 540 542 544
f 541 540 513
f 513 540 512
f 540 544 512
f 512 544 514
f 546 547 545
f 545 547 548
f 549 550 531
f 531 550 551
f 550 549 552
f 552 549 553
f 546 550 554
f 554 550 552
f 547 546 555
f 555 546 554
f 498 556 558
f 558 556 557
f 559 557 560
f 560 557 556
f 561 562 560
f 560 562 559
f 557 559 552
f 552 559 554
f 559 562 554
f 554 562 555
f 558 557 553
f 553 557 552
f 475 471 563
f 563 471 564
f 565 563 567
f 567 563 566
f 471 470 564
f 564 470 466
f 564 466 568
f 568 466 465
f 568 465 569
f 569 465 570
f 572 573 571
f 571 573 574
f 569 575 567
f 567 575 576
f 577 565 576
f 576 565 567
f 578 579 581
f 581 579 580
f 575 561 576
f 576 561 560
f 556 577 560
f 560 577 576
f 577 556 497
f 497 556 498
f 565 577 500
f 500 577 497
f 563 565 475
f 475 565 500
f 553 489 558
f 558 489 487
f 531 493 549
f 549 493 491
f 489 553 491
f 491 553 549
f 394 407 518
f 518 407 485
f 518 448 394
f 394 448 379
f 545 548 538
f 538 548 543
f 551 545 536
f 536 545 538
f 536 529 551
f 551 529 531
f 507 582 449
f 449 582 450
f 511 583 507
f 507 583 582
f 511 517 583
f 583 517 584
f 585 586 588
f 588 586 587
f 590 591 589
f 589 591 592
f 591 590 593
f 593 590 594
f 596 597 595
f 595 597 598
f 599 600 602
f 602 600 601
f 604 605 603
f 603 605 606
f 608 609 607
f 607 609 610
f 612 613 611
f 611 613 614
f 615 616 618
f 618 616 617
f 620 621 619
f 619 621 622
f 624 625 623
f 623 625 626
f 628 629 627
f 627 629 630
f 632 633 631
f 631 633 634
f 635 636 638
f 638 636 637
f 639 640 642
f 642 640 641
f 644 645 643
f 643 645 646
f 619 622 647
f 647 622 648
f 650 651 649
f 649 651 652
f 601 653 602
f 602 653 654
f 656 657 655
f 655 657 658
f 660 661 659
f 659 661 662
f 664 665 663
f 663 665 666
f 593 594 667
f 667 594 668
f 669 670 672
f 672 670 671
f 673 674 676
f 676 674 675
f 633 632 677
f 677 632 678
f 663 666 679
f 679 666 680
f 681 682 684
f 684 682 683
f 686 687 685
f 685 687 688
f 690 661 689
f 689 661 691
f 693 686 692
f 692 686 685
f 695 597 694
f 694 597 668
f 594 696 668
f 668 696 694
f 697 698 696
f 696 698 699
f 700 701 697
f 697 701 698
f 702 585 703
f 703 585 588
f 671 690 672
f 672 690 689
f 640 639 704
f 704 639 705
f 679 706 663
f 663 706 658
f 708 709 707
f 707 709 710
f 711 712 610
f 610 712 607
f 713 714 716
f 716 714 715
f 717 718 720
f 720 718 719
f 722 634 721
f 721 634 633
f 724 725 723
f 723 725 726
f 728 729 727
f 727 729 730
f 732 733 731
f 731 733 734
f 707 710 735
f 735 710 736
f 643 737 644
f 644 737 738
f 740 741 739
f 739 741 742
f 608 744 743
f 743 744 745
f 747 748 746
f 746 748 749
f 751 752 750
f 750 752 753
f 754 755 757
f 757 755 756
f 758 759 761
f 761 759 760
f 763 764 762
f 762 764 765
f 767 768 766
f 766 768 769
f 771 772 770
f 770 772 773
f 775 776 774
f 774 776 777
f 779 780 778
f 778 780 781
f 783 712 782
f 782 712 784
f 785 786 788
f 788 786 787
f 790 628 789
f 789 628 627
f 792 793 791
f 791 793 794
f 795 796 726
f 726 796 723
f 798 799 797
f 797 799 800
f 721 633 801
f 801 633 677
f 797 800 802
f 802 800 803
f 805 806 804
f 804 806 807
f 809 810 808
f 808 810 811
f 813 814 812
f 812 814 815
f 809 808 817
f 817 808 816
f 818 819 804
f 804 819 805
f 820 821 818
f 818 821 819
f 821 820 587
f 587 820 822
f 809 823 810
f 810 823 824
f 814 807 815
f 815 807 806
f 826 426 825
f 825 426 223
f 426 826 427
f 427 826 827
f 828 829 454
f 454 829 830
f 831 832 677
f 677 832 801
f 834 835 833
f 833 835 836
f 838 839 837
f 837 839 840
f 841 842 844
f 844 842 843
f 845 846 803
f 803 846 802
f 847 831 678
f 678 831 677
f 848 849 851
f 851 849 850
f 853 854 852
f 852 854 855
f 857 858 856
f 856 858 680
f 860 861 859
f 859 861 862
f 864 865 863
f 863 865 866
f 868 869 867
f 867 869 870
f 839 871 840
f 840 871 872
f 849 848 874
f 874 848 873
f 876 877 875
f 875 877 878
f 880 881 879
f 879 881 882
f 883 884 886
f 886 884 885
f 846 887 802
f 802 887 888
f 890 891 889
f 889 891 888
f 893 894 892
f 892 894 895
f 896 897 728
f 728 897 729
f 899 900 898
f 898 900 901
f 902 852 904
f 904 852 903
f 849 905 850
f 850 905 906
f 875 878 907
f 907 878 908
f 910 911 909
f 909 911 912
f 914 915 913
f 913 915 916
f 917 918 862
f 862 918 859
f 919 920 856
f 856 920 921
f 923 924 922
f 922 924 925
f 926 927 925
f 925 927 922
f 929 930 928
f 928 930 693
f 932 695 931
f 931 695 694
f 823 867 824
f 824 867 933
f 935 936 934
f 934 936 937
f 938 868 823
f 823 868 867
f 940 847 939
f 939 847 678
f 632 655 678
f 678 655 939
f 941 942 619
f 619 942 620
f 687 943 688
f 688 943 944
f 851 850 945
f 945 850 903
f 850 906 903
f 903 906 904
f 946 947 949
f 949 947 948
f 951 952 950
f 950 952 953
f 955 956 954
f 954 956 957
f 907 958 875
f 875 958 874
f 960 961 959
f 959 961 962
f 963 853 902
f 902 853 852
f 909 964 910
f 910 964 965
f 967 968 966
f 966 968 969
f 971 972 970
f 970 972 973
f 974 960 975
f 975 960 959
f 977 978 976
f 976 978 979
f 981 977 980
f 980 977 976
f 980 982 981
f 981 982 983
f 985 983 984
f 984 983 982
f 984 986 985
f 985 986 987
f 989 990 988
f 988 990 991
f 993 994 992
f 992 994 995
f 997 998 996
f 996 998 999
f 1001 1002 1000
f 1000 1002 1003
f 1005 1006 1004
f 1004 1006 1007
f 1004 1008 1005
f 1005 1008 1009
f 1008 1010 1009
f 1009 1010 1011
f 1013 1011 1012
f 1012 1011 1010
f 1014 1015 1017
f 1017 1015 1016
f 1019 1020 1018
f 1018 1020 1021
f 1022 1023 976
f 976 1023 980
f 1024 1025 982
f 982 1025 984
f 992 995 1026
f 1026 995 1027
f 956 955 1028
f 1028 955 1029
f 1030 1031 1033
f 1033 1031 1032
f 1010 1008 1034
f 1034 1008 1035
f 1008 1004 1035
f 1035 1004 1036
f 1037 1038 1002
f 1002 1038 1007
f 1002 1001 1037
f 1037 1001 1039
f 1040 1041 997
f 997 1041 998
f 1015 1014 1043
f 1043 1014 1042
f 1044 1045 1047
f 1047 1045 1046
f 1044 1020 1048
f 1048 1020 1049
f 1050 1051 1003
f 1003 1051 1000
f 1052 1050 1006
f 1006 1050 1003
f 1053 1054 1011
f 1011 1054 1009
f 1013 1045 1055
f 1055 1045 1056
f 1058 1059 1057
f 1057 1059 1060
f 1062 1063 1061
f 1061 1063 1064
f 1065 1066 1050
f 1050 1066 1051
f 1067 1065 1052
f 1052 1065 1050
f 1068 1069 1054
f 1054 1069 1070
f 1071 1068 1053
f 1053 1068 1054
f 1073 1071 1072
f 1072 1071 1074
f 1074 1071 1055
f 1055 1071 1053
f 1076 1077 1075
f 1075 1077 1078
f 1079 1080 1057
f 1057 1080 1058
f 1081 1082 1064
f 1064 1082 1061
f 1084 1085 1083
f 1083 1085 1086
f 1088 1089 1087
f 1087 1089 1090
f 1092 1093 1091
f 1091 1093 1094
f 1096 1097 1095
f 1095 1097 1098
f 1099 1100 1102
f 1102 1100 1101
f 1103 1104 1099
f 1099 1104 1100
f 1106 1107 1105
f 1105 1107 1108
f 1110 1111 1109
f 1109 1111 1112
f 1114 1115 1113
f 1113 1115 1116
f 1118 1119 1117
f 1117 1119 1077
f 1117 1120 1122
f 1122 1120 1121
f 1105 1123 1106
f 1106 1123 1124
f 1125 1126 1128
f 1128 1126 1127
f 1130 1131 1129
f 1129 1131 1132
f 1134 1135 1133
f 1133 1135 1114
f 1113 1136 1114
f 1114 1136 1133
f 1118 1137 1113
f 1113 1137 1136
f 1118 1117 1137
f 1137 1117 1122
f 1139 1140 1138
f 1138 1140 1141
f 1143 953 1142
f 1142 953 952
f 1145 957 1144
f 1144 957 956
f 1028 1146 956
f 956 1146 1144
f 1014 1147 1042
f 1042 1147 1148
f 1014 1017 1147
f 1147 1017 1149
f 1059 1058 1150
f 1150 1058 1151
f 1153 1080 1152
f 1152 1080 1154
f 1156 1088 1155
f 1155 1088 1087
f 1157 1158 1106
f 1106 1158 1107
f 1106 1124 1157
f 1157 1124 1159
f 1161 1162 1160
f 1160 1162 1163
f 1165 1166 1164
f 1164 1166 1167
f 1168 1031 1012
f 1012 1031 1046
f 1024 1023 1035
f 1035 1023 1034
f 1036 1038 1025
f 1025 1038 1169
f 1170 1171 1039
f 1039 1171 1037
f 1028 1029 1042
f 1042 1029 1043
f 1172 1173 1175
f 1175 1173 1174
f 1055 1053 1013
f 1013 1053 1011
f 1005 1009 1070
f 1070 1009 1054
f 996 999 1062
f 1062 999 1063
f 1016 1060 1017
f 1017 1060 1059
f 1017 1059 1149
f 1149 1059 1150
f 1177 1178 1176
f 1176 1178 1103
f 1176 1072 1179
f 1179 1072 1074
f 1073 1102 1086
f 1086 1102 1083
f 1180 1181 1067
f 1067 1181 1065
f 1182 1183 1184
f 1184 1183 1181
f 1186 1187 1185
f 1185 1187 1188
f 1189 1190 798
f 798 1190 799
f 1192 1193 1191
f 1191 1193 1194
f 1195 1196 1194
f 1194 1196 1191
f 1196 1195 1198
f 1198 1195 1197
f 1200 674 1199
f 1199 674 673
f 928 1201 1203
f 1203 1201 1202
f 861 1204 862
f 862 1204 921
f 1205 1206 913
f 913 1206 1207
f 882 1208 879
f 879 1208 1209
f 1210 1211 1167
f 1167 1211 1164
f 1212 769 1213
f 1213 769 768
f 727 1214 728
f 728 1214 1215
f 1217 1218 1216
f 1216 1218 1219
f 1220 813 1221
f 1221 813 812
f 827 828 427
f 427 828 454
f 1223 1224 1222
f 1222 1224 1165
f 1226 1227 1225
f 1225 1227 1228
f 851 1229 848
f 848 1229 1230
f 834 854 835
f 835 854 1231
f 1233 1234 1232
f 1232 1234 1235
f 1237 751 1236
f 1236 751 750
f 743 819 1238
f 1238 819 821
f 1240 1241 1239
f 1239 1241 1242
f 1244 1245 1243
f 1243 1245 1246
f 844 1247 841
f 841 1247 1248
f 1250 1251 1249
f 1249 1251 1252
f 1254 893 1253
f 1253 893 1237
f 1255 1256 1258
f 1258 1256 1257
f 1260 1261 1259
f 1259 1261 1262
f 945 903 855
f 855 903 852
f 855 1263 945
f 945 1263 1264
f 832 845 801
f 801 845 803
f 800 721 803
f 803 721 801
f 721 800 722
f 722 800 799
f 1266 1267 1265
f 1265 1267 1268
f 1270 795 1269
f 1269 795 726
f 725 1271 726
f 726 1271 1269
f 737 765 738
f 738 765 764
f 759 740 760
f 760 740 739
f 717 1272 1274
f 1274 1272 1273
f 1163 1226 1275
f 1275 1226 1225
f 1277 882 1276
f 1276 882 881
f 1041 1040 1027
f 1027 1040 1026
f 900 935 901
f 901 935 934
f 1164 1278 1165
f 1165 1278 1222
f 1211 1279 1164
f 1164 1279 1278
f 442 1280 453
f 453 1280 1281
f 788 1282 785
f 785 1282 1283
f 1285 1286 1284
f 1284 1286 1287
f 1284 1288 1285
f 1285 1288 1289
f 757 1289 754
f 754 1289 1288
f 605 604 675
f 675 604 676
f 1290 1291 1293
f 1293 1291 1292
f 1295 1296 1294
f 1294 1296 1297
f 696 699 694
f 694 699 931
f 1298 1299 592
f 592 1299 589
f 1299 1300 589
f 589 1300 700
f 1300 1301 700
f 700 1301 701
f 743 745 819
f 819 745 805
f 1303 1304 1302
f 1302 1304 1305
f 1306 1307 1305
f 1305 1307 1302
f 609 1298 610
f 610 1298 592
f 587 822 588
f 588 822 1308
f 703 588 1309
f 1309 588 1308
f 1310 703 571
f 571 703 1309
f 1311 1312 789
f 789 1312 790
f 825 223 1313
f 1313 223 220
f 219 1314 220
f 220 1314 1313
f 1315 1316 1311
f 1311 1316 1312
f 1317 1318 1319
f 1319 1318 1241
f 441 1320 442
f 442 1320 1280
f 1321 217 572
f 572 217 216
f 1323 1230 1322
f 1322 1230 1229
f 1324 1325 631
f 631 1325 656
f 1034 1168 1010
f 1010 1168 1012
f 1327 1328 1326
f 1326 1328 1329
f 1331 1202 1330
f 1330 1202 1201
f 571 1309 572
f 572 1309 1321
f 573 572 1332
f 1332 572 216
f 1334 1335 1333
f 1333 1335 1336
f 1337 1338 918
f 918 1338 859
f 1339 863 1340
f 1340 863 866
f 1341 1342 1344
f 1344 1342 1343
f 1345 1346 919
f 919 1346 920
f 1347 1348 673
f 673 1348 1199
f 693 1349 928
f 928 1349 1201
f 1351 1257 1350
f 1350 1257 1256
f 1350 1352 1351
f 1351 1352 1353
f 653 930 654
f 654 930 662
f 1279 1354 1278
f 1278 1354 1355
f 1357 1358 1356
f 1356 1358 1359
f 937 1360 1140
f 1140 1360 1361
f 1225 1228 909
f 909 1228 964
f 901 934 1362
f 1362 934 1139
f 1364 1365 1363
f 1363 1365 1362
f 1367 912 1366
f 1366 912 911
f 1143 1142 1368
f 1368 1142 1369
f 1144 1186 1145
f 1145 1186 1185
f 1146 1175 1144
f 1144 1175 1186
f 1175 1146 1172
f 1172 1146 1148
f 1147 1018 1148
f 1148 1018 1172
f 1018 1147 1019
f 1019 1147 1149
f 1149 1150 1019
f 1019 1150 1370
f 1150 1151 1370
f 1370 1151 1371
f 1151 1153 1371
f 1371 1153 1177
f 1152 1156 1178
f 1178 1156 1372
f 1155 1158 1373
f 1373 1158 1374
f 1157 1159 1376
f 1376 1159 1375
f 1378 1379 1377
f 1377 1379 1380
f 1382 1383 1381
f 1381 1383 1384
f 1382 1386 1385
f 1385 1386 1387
f 1386 1233 1387
f 1387 1233 1232
f 1389 1390 1388
f 1388 1390 1391
f 1393 1394 1392
f 1392 1394 1395
f 1397 1398 1396
f 1396 1398 1399
f 629 1397 630
f 630 1397 1396
f 1342 1400 1343
f 1343 1400 1401
f 1403 1404 1402
f 1402 1404 1405
f 1407 1408 1406
f 1406 1408 1409
f 1411 1412 1410
f 1410 1412 1413
f 793 1414 794
f 794 1414 1415
f 1417 1341 1416
f 1416 1341 1344
f 704 705 1347
f 1347 705 1418
f 741 1419 742
f 742 1419 1420
f 1422 669 1421
f 1421 669 672
f 645 1423 646
f 646 1423 1424
f 1196 1198 614
f 614 1198 611
f 613 1425 614
f 614 1425 1426
f 1427 616 659
f 659 616 660
f 614 1426 1196
f 1196 1426 1191
f 696 594 697
f 697 594 590
f 697 590 700
f 700 590 589
f 703 1310 702
f 702 1310 1428
f 1421 672 1192
f 1192 672 689
f 1271 648 1269
f 1269 648 622
f 621 1270 622
f 622 1270 1269
f 1429 1430 1417
f 1417 1430 1341
f 1431 1432 1434
f 1434 1432 1433
f 1436 1437 1435
f 1435 1437 1438
f 1440 1441 1439
f 1439 1441 1442
f 1443 1444 1446
f 1446 1444 1445
f 823 809 938
f 938 809 817
f 810 1447 811
f 811 1447 1448
f 1449 1450 679
f 679 1450 706
f 913 916 1205
f 1205 916 1451
f 1275 1225 912
f 912 1225 909
f 1452 1453 880
f 880 1453 881
f 1444 1401 1445
f 1445 1401 1400
f 936 1454 937
f 937 1454 1360
f 824 1455 810
f 810 1455 1447
f 631 656 632
f 632 656 655
f 966 1456 967
f 967 1456 1457
f 1459 1460 1458
f 1458 1460 1461
f 1460 1462 1461
f 1461 1462 1463
f 972 974 973
f 973 974 975
f 990 995 991
f 991 995 994
f 1464 1187 1033
f 1033 1187 1174
f 1018 1021 1172
f 1172 1021 1173
f 1000 999 1001
f 1001 999 998
f 976 979 1022
f 1022 979 1032
f 1023 1024 980
f 980 1024 982
f 989 986 1171
f 1171 986 1169
f 1171 1170 989
f 989 1170 990
f 1170 1027 990
f 990 1027 995
f 1041 1039 998
f 998 1039 1001
f 1051 1063 1000
f 1000 1063 999
f 1066 1064 1051
f 1051 1064 1063
f 1183 1081 1066
f 1066 1081 1064
f 1178 1372 1103
f 1103 1372 1104
f 1092 1091 1465
f 1465 1091 1182
f 1467 1465 1466
f 1466 1465 1468
f 1469 1470 1184
f 1184 1470 1468
f 1095 1098 1471
f 1471 1098 1101
f 1076 1374 1120
f 1120 1374 1376
f 1110 1472 1127
f 1127 1472 1132
f 1472 1473 1132
f 1132 1473 1129
f 1474 1475 1466
f 1466 1475 1473
f 1119 1118 1116
f 1116 1118 1113
f 1375 1121 1376
f 1376 1121 1120
f 1127 1132 1128
f 1128 1132 1131
f 1227 1476 1228
f 1228 1476 1361
f 1365 1477 1362
f 1362 1477 872
f 1478 1479 1323
f 1323 1479 1230
f 1480 1481 914
f 914 1481 915
f 913 1277 914
f 914 1277 1276
f 1168 1034 1022
f 1022 1034 1023
f 1035 1036 1024
f 1024 1036 1025
f 1039 1041 1170
f 1170 1041 1027
f 1042 1148 1028
f 1028 1148 1146
f 968 1459 969
f 969 1459 1458
f 1482 1483 664
f 664 1483 665
f 1485 1486 1484
f 1484 1486 1487
f 1489 1490 1488
f 1488 1490 1491
f 1492 1493 722
f 722 1493 634
f 1495 1496 1494
f 1494 1496 1497
f 1498 1207 1339
f 1339 1207 863
f 1224 1499 1165
f 1165 1499 1166
f 1160 1163 1500
f 1500 1163 1275
f 1500 877 1160
f 1160 877 1501
f 876 873 1502
f 1502 873 1479
f 945 1264 851
f 851 1264 1229
f 835 1231 839
f 839 1231 871
f 1503 1283 778
f 778 1283 1282
f 716 715 1505
f 1505 715 1504
f 1446 1445 1507
f 1507 1445 1506
f 779 792 1381
f 1381 792 791
f 1430 1409 1341
f 1341 1409 1342
f 1411 1429 1508
f 1508 1429 1417
f 635 1510 1509
f 1509 1510 1511
f 1377 1380 1315
f 1315 1380 1316
f 1445 1400 1506
f 1506 1400 1408
f 918 917 1336
f 1336 917 1333
f 1513 1514 1512
f 1512 1514 870
f 1515 1516 1363
f 1363 1516 1364
f 1453 1517 881
f 881 1517 1276
f 992 1518 993
f 993 1518 1519
f 1520 1029 1518
f 1518 1029 955
f 1520 1026 1521
f 1521 1026 1040
f 1522 1015 1521
f 1521 1015 1043
f 996 1523 997
f 997 1523 1522
f 1060 1016 1524
f 1524 1016 1523
f 1061 1525 1062
f 1062 1525 1524
f 1079 1527 1526
f 1526 1527 1528
f 1093 1529 1094
f 1094 1529 1528
f 1111 1530 1112
f 1112 1530 1531
f 1532 1533 1105
f 1105 1533 1123
f 934 937 1139
f 1139 937 1140
f 1138 1363 1139
f 1139 1363 1362
f 1534 1222 1355
f 1355 1222 1278
f 1535 1223 1534
f 1534 1223 1222
f 821 587 1238
f 1238 587 586
f 1319 711 1317
f 1317 711 1536
f 1538 1200 1537
f 1537 1200 1199
f 1508 1417 1539
f 1539 1417 1416
f 1540 1541 840
f 840 1541 837
f 1231 898 871
f 871 898 901
f 1500 1275 1367
f 1367 1275 912
f 1543 1379 1542
f 1542 1379 1395
f 1539 772 1508
f 1508 772 1544
f 1546 1403 1545
f 1545 1403 1402
f 1548 1549 1547
f 1547 1549 1550
f 1552 1548 1551
f 1551 1548 1547
f 1554 1555 1553
f 1553 1555 1556
f 1558 1559 1557
f 1557 1559 1560
f 1562 1563 1561
f 1561 1563 1564
f 1566 1567 1565
f 1565 1567 1568
f 1570 1571 1569
f 1569 1571 1572
f 1574 1575 1573
f 1573 1575 1576
f 1577 1578 1572
f 1572 1578 1569
f 1580 1581 1579
f 1579 1581 1582
f 1584 1585 1583
f 1583 1585 1586
f 1588 1555 1587
f 1587 1555 1589
f 1591 1592 1590
f 1590 1592 1593
f 1595 1596 1594
f 1594 1596 1597
f 1596 1581 1597
f 1597 1581 1576
f 1599 1570 1598
f 1598 1570 1569
f 1601 1602 1600
f 1600 1602 1603
f 1605 1606 1604
f 1604 1606 1607
f 1608 1609 1568
f 1568 1609 1565
f 1611 1612 1610
f 1610 1612 1613
f 1615 1616 1614
f 1614 1616 1617
f 1619 1617 1618
f 1618 1617 1616
f 1621 1622 1620
f 1620 1622 1623
f 1625 1626 1624
f 1624 1626 1627
f 1629 1630 1628
f 1628 1630 1631
f 1633 1634 1632
f 1632 1634 1635
f 1636 1637 1639
f 1639 1637 1638
f 1641 1642 1640
f 1640 1642 1643
f 1624 1627 1644
f 1644 1627 1645
f 1647 1648 1646
f 1646 1648 1649
f 1651 1652 1650
f 1650 1652 1653
f 1655 1656 1654
f 1654 1656 1657
f 1659 1660 1658
f 1658 1660 1661
f 1662 1663 1631
f 1631 1663 1628
f 1651 1665 1664
f 1664 1665 1666
f 1667 1656 1619
f 1619 1656 1617
f 1669 1670 1668
f 1668 1670 1671
f 1632 1635 1672
f 1672 1635 1673
f 1674 1675 1638
f 1638 1675 1639
f 1677 1678 1676
f 1676 1678 1679
f 1680 1640 1681
f 1681 1640 1643
f 1682 1683 1643
f 1643 1683 1681
f 1670 1669 1235
f 1235 1669 1232
f 1396 1399 1674
f 1674 1399 1675
f 627 630 1679
f 1679 630 1676
f 1681 1315 1680
f 1680 1315 1311
f 1683 1377 1681
f 1681 1377 1315
f 1672 1673 1387
f 1387 1673 1385
f 1636 1684 1646
f 1646 1684 1685
f 1687 1688 1686
f 1686 1688 1689
f 1585 1690 1586
f 1586 1690 1691
f 1599 1692 1551
f 1551 1692 1693
f 1552 1558 1694
f 1694 1558 1557
f 1696 1615 1695
f 1695 1615 1614
f 1698 1699 1697
f 1697 1699 1623
f 1700 1701 1703
f 1703 1701 1702
f 1705 1706 1704
f 1704 1706 1707
f 1708 1709 1640
f 1640 1709 1641
f 1710 1711 1713
f 1713 1711 1712
f 1652 1655 1653
f 1653 1655 1654
f 1714 1699 1712
f 1712 1699 1713
f 1715 1710 1716
f 1716 1710 1713
f 1717 1708 1680
f 1680 1708 1640
f 1393 1392 1715
f 1715 1392 1710
f 1719 1720 1718
f 1718 1720 1721
f 1680 1311 1717
f 1717 1311 789
f 1378 1711 1392
f 1392 1711 1710
f 1388 1391 1719
f 1719 1391 1720
f 1723 1606 1722
f 1722 1606 1689
f 1725 1568 1724
f 1724 1568 1567
f 1726 1647 1685
f 1685 1647 1646
f 1728 1554 1727
f 1727 1554 1553
f 1591 1687 1600
f 1600 1687 1686
f 1730 1595 1729
f 1729 1595 1594
f 1601 1605 1731
f 1731 1605 1604
f 1733 1663 1732
f 1732 1663 1734
f 1736 1639 1735
f 1735 1639 1675
f 1658 1644 1737
f 1737 1644 1645
f 1726 1662 1724
f 1724 1662 1631
f 1399 1738 1675
f 1675 1738 1735
f 1621 1667 1739
f 1739 1667 1619
f 1714 1740 1620
f 1620 1740 1741
f 1592 1549 1593
f 1593 1549 1742
f 1602 1571 1603
f 1603 1571 1550
f 1688 1690 1689
f 1689 1690 1722
f 1588 1559 1582
f 1582 1559 1579
f 1673 1735 1385
f 1385 1735 1738
f 1387 1232 1672
f 1672 1232 1669
f 1580 1692 1573
f 1573 1692 1743
f 1377 1683 1378
f 1378 1683 1711
f 1664 1666 1744
f 1744 1666 1745
f 1744 1696 1664
f 1664 1696 1695
f 1746 1747 1732
f 1732 1747 1748
f 1749 1750 1677
f 1677 1750 1678
f 1709 1708 1750
f 1750 1708 1678
f 1668 1632 1669
f 1669 1632 1672
f 1633 1746 1734
f 1734 1746 1732
f 1679 1678 1717
f 1717 1678 1708
f 789 627 1717
f 1717 627 1679
f 1563 1723 1564
f 1564 1723 1722
f 1728 1584 1751
f 1751 1584 1583
f 1674 1676 1396
f 1396 1676 630
f 1666 1566 1745
f 1745 1566 1565
f 1627 1629 1645
f 1645 1629 1628
f 1637 1749 1638
f 1638 1749 1677
f 1648 1665 1649
f 1649 1665 1752
f 1740 1642 1741
f 1741 1642 1657
f 1676 1674 1677
f 1677 1674 1638
f 1683 1682 1711
f 1711 1682 1712
f 1618 1753 1619
f 1619 1753 1739
f 1701 1739 1702
f 1702 1739 1753
f 1754 1214 1756
f 1756 1214 1755
f 647 1757 619
f 619 1757 941
f 1759 1193 1758
f 1758 1193 691
f 1419 1760 1420
f 1420 1760 1761
f 682 1762 683
f 683 1762 1763
f 1412 780 1413
f 1413 780 1384
f 1383 1398 1384
f 1384 1398 1413
f 1197 1424 1764
f 1764 1424 1423
f 1537 1287 1538
f 1538 1287 1286
f 1634 1684 1635
f 1635 1684 1736
f 1724 1631 1725
f 1725 1631 1630
f 1562 1730 1610
f 1610 1730 1729
f 1735 1673 1736
f 1736 1673 1635
f 1757 1195 941
f 941 1195 1194
f 1766 200 1765
f 1765 200 199
f 475 500 476
f 476 500 479
f 498 558 483
f 483 558 487
f 545 551 546
f 546 551 550
f 453 1281 219
f 219 1281 1314
f 298 453 208
f 208 453 219
f 368 1765 1767
f 1767 1765 199
f 523 405 363
f 363 405 404
f 523 533 405
f 405 533 402
f 298 208 299
f 299 208 207
f 299 207 176
f 176 207 300
f 176 300 173
f 173 300 202
f 173 202 174
f 174 202 201
f 1337 918 1768
f 1768 918 1336
f 1769 1770 1338
f 1338 1770 859
f 581 570 578
f 578 570 1771
f 555 562 580
f 580 562 561
f 504 1772 501
f 501 1772 548
f 517 542 584
f 584 542 543
f 515 514 516
f 516 514 544
f 542 517 544
f 544 517 516
f 561 575 580
f 580 575 581
f 575 569 581
f 581 569 570
f 501 548 1773
f 1773 548 547
f 1774 1775 570
f 570 1775 1771
f 369 368 1776
f 1776 368 1767
f 372 369 375
f 375 369 1776
f 822 1280 1308
f 1308 1280 1320
f 820 1281 822
f 822 1281 1280
f 818 1314 820
f 820 1314 1281
f 1314 818 1313
f 1313 818 804
f 807 814 825
f 825 814 826
f 814 813 826
f 826 813 827
f 813 1220 827
f 827 1220 828
f 580 579 555
f 555 579 547
f 1477 1540 872
f 872 1540 840
f 367 499 368
f 368 499 1765
f 1766 1765 525
f 525 1765 499
f 1777 1766 526
f 526 1766 525
f 520 527 362
f 362 527 384
f 361 1778 519
f 519 1778 528
f 371 1779 372
f 372 1779 369
f 369 1779 370
f 370 1779 478
f 1779 371 478
f 478 371 374
f 1778 1777 528
f 528 1777 526
f 1781 1782 1780
f 1780 1782 1783
f 431 460 67
f 67 460 64
f 68 338 74
f 74 338 72
f 1785 1782 1784
f 1784 1782 1786
f 1787 1788 1790
f 1790 1788 1789
f 1792 1789 1791
f 1791 1789 1793
f 1791 1794 1792
f 1792 1794 1795
f 1794 1796 1795
f 1795 1796 1797
f 1797 1798 938
f 938 1798 868
f 1798 1799 868
f 868 1799 869
f 1801 1802 1800
f 1800 1802 1451
f 1803 1804 1205
f 1205 1804 1206
f 1805 1806 864
f 864 1806 865
f 1806 1807 865
f 865 1807 1808
f 68 71 338
f 287 328 288
f 1320 1321 1308
f 1308 1321 1309
f 1320 441 1321
f 1321 441 217
f 441 152 217
f 217 152 218
f 151 286 152
f 152 286 218
f 297 310 151
f 151 310 286
f 296 307 297
f 297 307 310
f 296 143 307
f 307 143 284
f 143 56 284
f 284 56 104
f 56 59 104
f 104 59 63
f 59 102 63
f 63 102 60
f 102 94 60
f 60 94 282
f 93 459 279
f 279 459 77
f 459 460 77
f 77 460 78
f 460 431 78
f 78 431 295
f 431 49 295
f 295 49 292
f 48 421 49
f 49 421 292
f 276 278 418
f 418 278 429
f 317 432 278
f 278 432 429
f 432 317 433
f 433 317 316
f 326 324 316
f 316 324 433
f 1536 592 1809
f 1809 592 591
f 1810 744 1812
f 1812 744 1811
f 1814 1815 1813
f 1813 1815 1816
f 1817 748 1818
f 1818 748 747
f 1812 1819 1810
f 1810 1819 1817
f 1820 1821 748
f 748 1821 749
f 1823 1824 1822
f 1822 1824 1825
f 1827 1828 1826
f 1826 1828 1829
f 1831 1832 1830
f 1830 1832 1833
f 1834 1827 1243
f 1243 1827 1826
f 1313 804 825
f 825 804 807
f 1835 1253 1236
f 1236 1253 1237
f 1836 1837 1438
f 1438 1837 1435
f 1838 1505 1840
f 1840 1505 1839
f 1841 1842 716
f 716 1842 713
f 1843 1844 1510
f 1510 1844 1845
f 1847 1848 1846
f 1846 1848 1849
f 1850 1240 1822
f 1822 1240 1239
f 636 1831 637
f 637 1831 1830
f 1852 1853 1851
f 1851 1853 1854
f 1855 1856 1858
f 1858 1856 1857
f 1846 1849 1859
f 1859 1849 1860
f 1343 1401 1509
f 1509 1401 1861
f 1509 1861 635
f 635 1861 636
f 1863 1864 1862
f 1862 1864 1865
f 1283 1503 1867
f 1867 1503 1866
f 1868 1867 681
f 681 1867 682
f 1286 1285 683
f 683 1285 684
f 757 756 1274
f 1274 756 1869
f 1274 1869 717
f 717 1869 718
f 1434 1433 719
f 719 1433 720
f 1200 1538 1545
f 1545 1538 1763
f 1285 1289 684
f 684 1289 1273
f 684 1273 681
f 681 1273 1272
f 785 1283 1868
f 1868 1283 1867
f 786 785 1870
f 1870 785 1868
f 1289 757 1273
f 1273 757 1274
f 1539 1416 1871
f 1871 1416 1872
f 773 1871 1403
f 1403 1871 1404
f 675 674 1405
f 1405 674 1402
f 1864 1873 1865
f 1865 1873 1874
f 638 1843 635
f 635 1843 1510
f 1344 1343 1511
f 1511 1343 1509
f 772 1539 773
f 773 1539 1871
f 674 1200 1402
f 1402 1200 1545
f 1538 1286 1763
f 1763 1286 683
f 1444 1443 1875
f 1875 1443 1876
f 1875 1876 1831
f 1831 1876 1832
f 1416 1344 1872
f 1872 1344 1511
f 1877 1878 774
f 774 1878 1879
f 1878 1847 1879
f 1879 1847 1846
f 1880 714 1881
f 1881 714 1848
f 1401 1444 1861
f 1861 1444 1875
f 1861 1875 636
f 636 1875 1831
f 1823 1863 1882
f 1882 1863 1862
f 1441 1440 1884
f 1884 1440 1883
f 1883 1852 1884
f 1884 1852 1851
f 1886 1887 1885
f 1885 1887 1888
f 1358 1889 1359
f 1359 1889 1890
f 1891 1886 1892
f 1892 1886 1885
f 774 1879 775
f 775 1879 1893
f 1859 1893 1846
f 1846 1893 1879
f 713 1842 1849
f 1849 1842 1860
f 1318 1895 1894
f 1894 1895 1896
f 1873 1897 1874
f 1874 1897 1898
f 1898 605 1899
f 1899 605 675
f 1405 1844 675
f 675 1844 1899
f 1404 1845 1405
f 1405 1845 1844
f 593 1296 591
f 591 1296 1809
f 1295 1292 1900
f 1900 1292 1895
f 606 1897 1291
f 1291 1897 1896
f 1510 1845 1511
f 1511 1845 1872
f 1871 1872 1404
f 1404 1872 1845
f 1866 770 1762
f 1762 770 1546
f 1762 682 1866
f 1866 682 1867
f 1870 1868 1272
f 1272 1868 681
f 1272 717 1870
f 1870 717 720
f 1870 720 786
f 786 720 1433
f 786 1433 787
f 787 1433 1432
f 1261 1414 1432
f 1432 1414 787
f 1389 1234 1260
f 1260 1234 1415
f 1719 1670 1388
f 1388 1670 1235
f 1718 1671 1719
f 1719 1671 1670
f 1705 1747 1718
f 1718 1747 1671
f 1659 1901 1704
f 1704 1901 1748
f 1877 1903 1902
f 1902 1903 1904
f 1259 1905 1390
f 1390 1905 1394
f 1715 1720 1393
f 1393 1720 1391
f 1716 1721 1715
f 1715 1721 1720
f 1698 1706 1716
f 1716 1706 1721
f 277 276 47
f 47 276 48
f 84 96 81
f 81 96 82
f 80 70 81
f 81 70 85
f 99 97 88
f 88 97 89
f 90 100 88
f 88 100 99
f 101 95 102
f 102 95 94
f 1906 1907 280
f 280 1907 281
f 97 86 89
f 89 86 85
f 60 282 61
f 61 282 281
f 83 82 46
f 46 82 47
f 293 292 420
f 420 292 421
f 419 1908 420
f 420 1908 1909
f 92 95 91
f 91 95 90
f 279 282 93
f 93 282 94
f 276 418 48
f 48 418 421
f 1910 1660 1697
f 1697 1660 1707
f 1703 1624 1700
f 1700 1624 1644
f 1622 1910 1623
f 1623 1910 1697
f 1701 1700 1911
f 1911 1700 1661
f 1700 1644 1661
f 1661 1644 1658
f 1901 1737 1733
f 1733 1737 1645
f 1625 1912 1604
f 1604 1912 1731
f 1912 1913 1731
f 1731 1913 1914
f 1913 1577 1914
f 1914 1577 1572
f 1915 1578 1616
f 1616 1578 1618
f 1915 1916 1598
f 1598 1916 1743
f 1916 1574 1743
f 1743 1574 1573
f 1575 1917 1576
f 1576 1917 1597
f 1917 1609 1597
f 1597 1609 1594
f 1608 1611 1729
f 1729 1611 1610
f 1918 1612 1629
f 1629 1612 1630
f 1626 1918 1627
f 1627 1918 1629
f 1920 1921 1919
f 1919 1921 1922
f 1920 1924 1923
f 1923 1924 1925
f 1926 1927 1924
f 1924 1927 1925
f 1929 1930 1928
f 1928 1930 1931
f 1932 1933 1935
f 1935 1933 1934
f 1937 1938 1936
f 1936 1938 1939
f 1941 1942 1940
f 1940 1942 1943
f 1941 1945 1944
f 1944 1945 1946
f 1947 1948 1694
f 1694 1948 1949
f 1950 1951 1953
f 1953 1951 1952
f 1955 1956 1954
f 1954 1956 1589
f 1958 1956 1957
f 1957 1956 1932
f 1960 1934 1959
f 1959 1934 1933
f 1962 1963 1961
f 1961 1963 1964
f 1965 1955 1751
f 1751 1955 1954
f 1935 1930 1932
f 1932 1930 1957
f 1951 1950 1926
f 1926 1950 1929
f 1966 1967 1593
f 1593 1967 1590
f 1969 1967 1968
f 1968 1967 1964
f 1962 1921 1970
f 1970 1921 1971
f 1963 1945 1964
f 1964 1945 1968
f 1972 1948 1922
f 1922 1948 1919
f 1966 1972 1961
f 1961 1972 1922
f 1958 1953 1587
f 1587 1953 1560
f 1974 1975 1973
f 1973 1975 1976
f 1978 1979 1977
f 1977 1979 1691
f 1979 1975 1691
f 1691 1975 1586
f 1938 1942 1939
f 1939 1942 1980
f 1952 1947 1557
f 1557 1947 1694
f 1969 1978 1981
f 1981 1978 1977
f 1983 1984 1982
f 1982 1984 1985
f 1986 1987 1989
f 1989 1987 1988
f 1990 1991 1983
f 1983 1991 1984
f 1990 1993 1992
f 1992 1993 1994
f 1995 1996 1994
f 1994 1996 1997
f 1999 2000 1998
f 1998 2000 2001
f 2003 2004 2002
f 2002 2004 2005
f 2007 2008 2006
f 2006 2008 2009
f 2011 2012 2010
f 2010 2012 2013
f 2014 2015 2017
f 2017 2015 2016
f 2018 2019 2021
f 2021 2019 2020
f 2022 1989 2024
f 2024 1989 2023
f 1989 1988 2023
f 2023 1988 2025
f 2026 2027 2017
f 2017 2027 2014
f 2029 2030 2028
f 2028 2030 2031
f 2033 2034 2032
f 2032 2034 2035
f 2032 2035 2036
f 2036 2035 2037
f 2039 2040 2038
f 2038 2040 2041
f 1982 2042 1983
f 1983 2042 2043
f 2045 2046 2044
f 2044 2046 2047
f 2049 2050 2048
f 2048 2050 2051
f 2053 2054 2052
f 2052 2054 2055
f 2057 2058 2056
f 2056 2058 2059
f 2060 2061 2033
f 2033 2061 2034
f 2063 2064 2062
f 2062 2064 2065
f 2066 2035 2067
f 2067 2035 2034
f 2069 2039 2068
f 2068 2039 2038
f 2025 2070 2023
f 2023 2070 2071
f 2072 2024 2071
f 2071 2024 2023
f 2074 2020 2073
f 2073 2020 2019
f 2050 2049 2047
f 2047 2049 2075
f 1983 2043 1990
f 1990 2043 1993
f 2006 2050 2007
f 2007 2050 2076
f 2050 2006 2051
f 2051 2006 2077
f 2079 2080 2078
f 2078 2080 2081
f 2082 2083 2085
f 2085 2083 2084
f 2010 2013 2086
f 2086 2013 2087
f 2089 2033 2088
f 2088 2033 2032
f 2090 2060 2089
f 2089 2060 2033
f 2092 2093 2091
f 2091 2093 2094
f 2096 1986 2095
f 2095 1986 2097
f 2097 1986 2022
f 2022 1986 1989
f 2015 2094 2016
f 2016 2094 2098
f 2016 2098 2100
f 2100 2098 2099
f 2017 2016 2101
f 2101 2016 2100
f 2017 2101 2026
f 2026 2101 2102
f 2100 2099 2104
f 2104 2099 2103
f 2104 2105 2100
f 2100 2105 2101
f 2105 2106 2101
f 2101 2106 2102
f 2108 2061 2107
f 2107 2061 2109
f 2111 2112 2110
f 2110 2112 2020
f 2020 2074 2110
f 2110 2074 2113
f 2115 2116 2114
f 2114 2116 2117
f 2118 2119 1995
f 1995 2119 2120
f 2121 2122 2027
f 2027 2122 2014
f 2047 2075 2044
f 2044 2075 2123
f 2124 2125 2127
f 2127 2125 2126
f 2129 2130 2128
f 2128 2130 2131
f 2132 2133 2057
f 2057 2133 2058
f 2134 1999 2136
f 2136 1999 2135
f 2055 2138 2137
f 2137 2138 2139
f 2141 2142 2140
f 2140 2142 2143
f 2083 2082 2064
f 2064 2082 2065
f 2082 2144 2065
f 2065 2144 2145
f 2040 2146 2041
f 2041 2146 2147
f 2060 2090 2148
f 2148 2090 2149
f 2048 2051 2137
f 2137 2051 2150
f 2151 1997 2135
f 2135 1997 1996
f 2152 2150 2077
f 2077 2150 2051
f 2046 2045 2118
f 2118 2045 2119
f 2154 2155 2153
f 2153 2155 2156
f 2158 2159 2157
f 2157 2159 2160
f 2162 2163 2161
f 2161 2163 2164
f 2164 2163 2165
f 2165 2163 2166
f 2168 2169 2167
f 2167 2169 2170
f 2003 2172 2171
f 2171 2172 2173
f 2174 2175 2002
f 2002 2175 2176
f 2145 2177 2065
f 2065 2177 2062
f 2178 2179 2180
f 2180 2179 2134
f 2181 2052 2152
f 2152 2052 2150
f 2040 2127 2146
f 2146 2127 2182
f 2130 2162 2131
f 2131 2162 2161
f 2052 2055 2150
f 2150 2055 2137
f 2184 2185 2183
f 2183 2185 2186
f 2159 2030 2160
f 2160 2030 2187
f 2146 2182 2029
f 2029 2182 2188
f 2189 2190 2192
f 2192 2190 2191
f 2172 2003 2176
f 2176 2003 2002
f 1998 2151 1999
f 1999 2151 2135
f 2177 2172 2062
f 2062 2172 2176
f 2172 2177 2173
f 2173 2177 2193
f 2063 2194 2064
f 2064 2194 2195
f 2066 2197 2196
f 2196 2197 2198
f 2002 2005 2174
f 2174 2005 2199
f 2004 2003 2200
f 2200 2003 2171
f 2198 2201 2171
f 2171 2201 2200
f 2197 2202 2198
f 2198 2202 2201
f 2202 2197 2203
f 2203 2197 2204
f 2196 2198 2173
f 2173 2198 2171
f 2205 2069 2170
f 2170 2069 2206
f 2197 2066 2204
f 2204 2066 2067
f 2107 2207 2108
f 2108 2207 2208
f 2210 2208 2209
f 2209 2208 2207
f 2185 2211 2212
f 2213 2214 2211
f 2211 2214 2212
f 1998 2001 2213
f 2213 2001 2214
f 2134 2215 1999
f 1999 2215 2000
f 2216 2217 2219
f 2219 2217 2218
f 2206 2220 2170
f 2170 2220 2167
f 2069 2068 2206
f 2206 2068 2221
f 2151 1998 2222
f 2222 1998 2213
f 2124 2039 2205
f 2205 2039 2069
f 2142 2223 2143
f 2143 2223 2128
f 2203 2186 2202
f 2202 2186 2185
f 2185 2184 2211
f 2211 2184 2224
f 2224 2225 2222
f 2222 2225 2226
f 2071 2227 2072
f 2072 2227 2228
f 2229 2074 2230
f 2230 2074 2073
f 2074 2229 2113
f 2113 2229 2231
f 2232 2225 2227
f 2227 2225 2224
f 2233 2234 2031
f 2031 2234 2028
f 2236 2231 2235
f 2235 2231 2229
f 2230 2183 2229
f 2229 2183 2235
f 2237 1987 2096
f 2096 1987 1986
f 2152 2238 2181
f 2181 2238 2239
f 2080 2240 2081
f 2081 2240 2241
f 2236 2242 1971
f 1971 2242 1970
f 1925 2113 1923
f 1923 2113 2231
f 2110 1927 2111
f 2111 1927 1928
f 2103 2111 1931
f 1931 2111 1928
f 1931 2243 2103
f 2103 2243 2104
f 2105 2104 2244
f 2244 2104 2243
f 1939 1980 2148
f 2148 1980 2109
f 1980 1944 2109
f 2109 1944 2107
f 1946 2245 2207
f 2207 2245 2209
f 2245 1970 2209
f 2209 1970 2242
f 2231 2236 1923
f 1923 2236 1971
f 2113 1925 2110
f 2110 1925 1927
f 2234 2246 2028
f 2028 2246 2147
f 2247 2248 2058
f 2058 2248 2059
f 2114 2117 2249
f 2249 2117 2250
f 2252 2253 2251
f 2251 2253 2254
f 2094 2015 2091
f 2091 2015 2255
f 2256 2255 2014
f 2014 2255 2015
f 2257 2145 2258
f 2258 2145 2144
f 2131 2161 2123
f 2123 2161 2044
f 2045 2044 2164
f 2164 2044 2161
f 2045 2164 2119
f 2119 2164 2165
f 2259 2120 2165
f 2165 2120 2119
f 2260 2261 2259
f 2259 2261 2120
f 2205 2262 2124
f 2124 2262 2125
f 2180 2263 2178
f 2178 2263 2264
f 2265 2266 2092
f 2092 2266 2093
f 1992 2267 2268
f 2184 2228 2224
f 2224 2228 2227
f 2048 2269 2049
f 2049 2269 2141
f 2129 2168 2157
f 2157 2168 2167
f 2049 2141 2075
f 2075 2141 2140
f 2199 2215 2270
f 2270 2215 2271
f 2142 2141 2272
f 2272 2141 2269
f 2089 2026 2090
f 2090 2026 2102
f 2146 2029 2147
f 2147 2029 2028
f 2111 2103 2112
f 2112 2103 2099
f 2061 2060 2109
f 2109 2060 2148
f 2273 2274 2041
f 2041 2274 2038
f 2260 2275 2261
f 2261 2275 2136
f 2057 2138 2132
f 2132 2138 2276
f 2272 2269 2056
f 2056 2269 2139
f 2277 2278 2270
f 2270 2278 2199
f 2029 2188 2030
f 2030 2188 2187
f 2040 2039 2127
f 2127 2039 2124
f 2064 2195 2083
f 2083 2195 2279
f 2056 2139 2057
f 2057 2139 2138
f 2278 2277 2247
f 2247 2277 2248
f 2062 2176 2063
f 2063 2176 2175
f 2280 2210 2242
f 2242 2210 2209
f 2282 2233 2281
f 2281 2233 2031
f 2216 2219 2283
f 2283 2219 2221
f 2158 2220 2218
f 2218 2220 2219
f 2217 2282 2218
f 2218 2282 2281
f 2220 2158 2167
f 2167 2158 2157
f 2223 2264 2128
f 2128 2264 2263
f 2261 1996 2120
f 2120 1996 1995
f 2213 2211 2222
f 2222 2211 2224
f 2283 2221 2284
f 2284 2221 2068
f 2135 1996 2136
f 2136 1996 2261
f 2144 2081 2258
f 2258 2081 2241
f 2235 2280 2236
f 2236 2280 2242
f 2246 2273 2147
f 2147 2273 2041
f 2036 2285 2032
f 2032 2285 2088
f 2077 2286 2152
f 2152 2286 2238
f 1937 1960 1973
f 1973 1960 1959
f 2070 2232 2071
f 2071 2232 2227
f 2244 2287 2105
f 2105 2287 2106
f 1936 1939 2149
f 2149 1939 2148
f 1944 1946 2107
f 2107 1946 2207
f 2285 2121 2088
f 2088 2121 2027
f 2253 2249 2254
f 2254 2249 2250
f 2006 2009 2077
f 2077 2009 2286
f 2289 2086 2288
f 2288 2086 2087
f 2223 2142 2290
f 2290 2142 2272
f 2128 2131 2143
f 2143 2131 2123
f 2156 2291 2153
f 2153 2291 2175
f 2292 2293 2278
f 2278 2293 2294
f 2075 2140 2123
f 2123 2140 2143
f 2262 2169 2275
f 2275 2169 2180
f 2275 2180 2136
f 2136 2180 2134
f 2274 2284 2038
f 2038 2284 2068
f 2127 2126 2182
f 2182 2126 2166
f 2094 2093 2098
f 2098 2093 2021
f 2098 2021 2099
f 2099 2021 2112
f 2018 2021 2266
f 2266 2021 2093
f 2251 2289 2252
f 2252 2289 2288
f 1997 2151 2226
f 2226 2151 2222
f 2206 2221 2220
f 2220 2221 2219
f 2269 2048 2139
f 2139 2048 2137
f 2159 2158 2281
f 2281 2158 2218
f 2156 2155 2190
f 2190 2155 2191
f 1974 1965 1583
f 1583 1965 1751
f 2088 2027 2089
f 2089 2027 2026
f 2030 2159 2031
f 2031 2159 2281
f 2106 2149 2102
f 2102 2149 2090
f 2287 1936 2106
f 2106 1936 2149
f 2293 2154 2294
f 2294 2154 2153
f 2021 2020 2112
f 2247 2295 2278
f 2278 2295 2292
f 2284 2296 2283
f 2283 2296 2297
f 2298 2296 2274
f 2274 2296 2284
f 2273 2299 2274
f 2274 2299 2298
f 2246 2300 2273
f 2273 2300 2299
f 2283 2297 2216
f 2216 2297 2301
f 2216 2301 2217
f 2217 2301 2302
f 2302 2303 2217
f 2217 2303 2282
f 2304 2301 2305
f 2305 2301 2297
f 2307 2308 2306
f 2306 2308 2309
f 2306 2310 2307
f 2307 2310 2311
f 2307 2312 2308
f 2308 2312 2313
f 2314 2315 2312
f 2312 2315 2316
f 2316 2317 2312
f 2312 2317 2313
f 2317 2305 2313
f 2313 2305 2318
f 2314 2312 2311
f 2311 2312 2307
f 2319 2320 2322
f 2322 2320 2321
f 2322 2311 2319
f 2319 2311 2310
f 2313 2318 2308
f 2308 2318 2309
f 2296 2298 2318
f 2318 2298 2309
f 2309 2298 2323
f 2323 2298 2299
f 2306 2309 2324
f 2324 2309 2323
f 2310 2306 2325
f 2325 2306 2324
f 2296 2318 2297
f 2297 2318 2305
f 2319 2310 2326
f 2326 2310 2325
f 2328 2325 2327
f 2327 2325 2324
f 2325 2328 2326
f 2326 2328 2329
f 2331 2328 2330
f 2330 2328 2327
f 2332 2333 2327
f 2327 2333 2330
f 2328 2331 2329
f 2329 2331 2334
f 2324 2323 2327
f 2327 2323 2332
f 2300 2332 2299
f 2299 2332 2323
f 2326 2335 2319
f 2319 2335 2320
f 2305 2317 2336
f 2336 2317 2316
f 2336 2316 2337
f 2337 2316 2315
f 2338 2304 2336
f 2336 2304 2305
f 2337 2339 2336
f 2336 2339 2338
f 2337 2315 2341
f 2341 2315 2340
f 2342 2300 2234
f 2234 2300 2246
f 2303 2343 2282
f 2282 2343 2233
f 2234 2233 2342
f 2342 2233 2343
f 2342 2343 2333
f 2333 2343 2344
f 2333 2344 2330
f 2330 2344 2345
f 2346 2344 2303
f 2303 2344 2343
f 2332 2300 2333
f 2333 2300 2342
f 2347 2346 2302
f 2302 2346 2303
f 2301 2304 2302
f 2302 2304 2347
f 2304 2338 2347
f 2347 2338 2348
f 2348 2349 2347
f 2347 2349 2346
f 2350 2351 2348
f 2348 2351 2349
f 2349 2345 2346
f 2346 2345 2344
f 2345 2349 2352
f 2352 2349 2351
f 2338 2339 2348
f 2348 2339 2350
f 2350 2339 2353
f 2353 2339 2354
f 2356 2357 2355
f 2355 2357 2353
f 2351 2350 2357
f 2357 2350 2353
f 2353 2354 2355
f 2355 2354 2335
f 2320 2335 2341
f 2341 2335 2354
f 2339 2337 2354
f 2354 2337 2341
f 2352 2331 2345
f 2345 2331 2330
f 2356 2334 2352
f 2352 2334 2331
f 2356 2352 2357
f 2357 2352 2351
f 2355 2329 2356
f 2356 2329 2334
f 2335 2326 2355
f 2355 2326 2329
f 2321 2314 2322
f 2322 2314 2311
f 2321 2320 2340
f 2340 2320 2341
f 2315 2314 2340
f 2340 2314 2321
f 2125 2260 2126
f 2126 2260 2259
f 2157 2160 2129
f 2129 2160 2130
f 2188 2163 2187
f 2187 2163 2162
f 2182 2166 2188
f 2188 2166 2163
f 2180 2169 2263
f 2263 2169 2168
f 2160 2187 2130
f 2130 2187 2162
f 2275 2260 2262
f 2262 2260 2125
f 2128 2263 2129
f 2129 2263 2168
f 2262 2205 2169
f 2169 2205 2170
f 2165 2166 2259
f 2259 2166 2126
f 2359 2360 2358
f 2358 2360 2361
f 2363 2364 2362
f 2362 2364 2365
f 2367 2363 2366
f 2366 2363 2362
f 2368 2369 2371
f 2371 2369 2370
f 2372 2373 2248
f 2248 2373 2059
f 2364 2374 2365
f 2365 2374 2375
f 2377 2378 2376
f 2376 2378 2379
f 2290 2380 2223
f 2223 2380 2381
f 2223 2381 2264
f 2264 2381 2382
f 2384 2385 2383
f 2383 2385 2386
f 2364 2371 2374
f 2374 2371 2387
f 2059 2373 2290
f 2290 2373 2380
f 2378 2360 2379
f 2379 2360 2388
f 2374 2387 2359
f 2359 2387 2389
f 2390 2367 2386
f 2386 2367 2391
f 2393 2394 2392
f 2392 2394 2395
f 2386 2391 2383
f 2383 2391 2396
f 2367 2366 2391
f 2391 2366 2397
f 2363 2367 2368
f 2368 2367 2390
f 2398 2399 2361
f 2361 2399 2358
f 2399 2400 2358
f 2358 2400 2375
f 2390 2401 2368
f 2368 2401 2369
f 2372 2384 2376
f 2376 2384 2383
f 2374 2359 2375
f 2375 2359 2358
f 2402 2403 2365
f 2365 2403 2362
f 2359 2389 2360
f 2360 2389 2388
f 2364 2363 2371
f 2371 2363 2368
f 2405 2398 2404
f 2404 2398 2361
f 2392 2395 2406
f 2406 2395 2397
f 2377 2396 2394
f 2394 2396 2395
f 2394 2393 2404
f 2404 2393 2405
f 2396 2377 2383
f 2383 2377 2376
f 2406 2397 2407
f 2407 2397 2366
f 2400 2402 2375
f 2375 2402 2365
f 2385 2270 2401
f 2401 2270 2271
f 2403 2407 2362
f 2362 2407 2366
f 2371 2370 2387
f 2387 2370 2382
f 2391 2397 2396
f 2396 2397 2395
f 2378 2377 2404
f 2404 2377 2394
f 2360 2378 2361
f 2361 2378 2404
f 2407 2408 2406
f 2406 2408 2409
f 2410 2408 2403
f 2403 2408 2407
f 2411 2410 2402
f 2402 2410 2403
f 2412 2411 2400
f 2400 2411 2402
f 2406 2409 2392
f 2392 2409 2413
f 2392 2413 2393
f 2393 2413 2414
f 2415 2405 2414
f 2414 2405 2393
f 2416 2413 2417
f 2417 2413 2409
f 2419 2420 2418
f 2418 2420 2421
f 2420 2422 2421
f 2421 2422 2423
f 2420 2424 2422
f 2422 2424 2425
f 2426 2427 2424
f 2424 2427 2428
f 2428 2429 2424
f 2424 2429 2425
f 2426 2424 2419
f 2419 2424 2420
f 2419 2418 2431
f 2431 2418 2430
f 2425 2432 2422
f 2422 2432 2423
f 2408 2410 2432
f 2432 2410 2423
f 2423 2410 2433
f 2433 2410 2411
f 2421 2423 2434
f 2434 2423 2433
f 2435 2418 2434
f 2434 2418 2421
f 2429 2417 2425
f 2425 2417 2432
f 2408 2432 2409
f 2409 2432 2417
f 2418 2435 2430
f 2430 2435 2436
f 2438 2435 2437
f 2437 2435 2434
f 2435 2438 2436
f 2436 2438 2439
f 2441 2438 2440
f 2440 2438 2437
f 2442 2443 2437
f 2437 2443 2440
f 2439 2438 2444
f 2444 2438 2441
f 2433 2442 2434
f 2434 2442 2437
f 2412 2442 2411
f 2411 2442 2433
f 2436 2445 2430
f 2430 2445 2446
f 2430 2446 2431
f 2431 2446 2447
f 2417 2429 2448
f 2448 2429 2428
f 2427 2449 2428
f 2428 2449 2448
f 2450 2416 2448
f 2448 2416 2417
f 2451 2450 2449
f 2449 2450 2448
f 2427 2452 2449
f 2449 2452 2453
f 2447 2446 2452
f 2452 2446 2453
f 2454 2412 2399
f 2399 2412 2400
f 2415 2455 2405
f 2405 2455 2398
f 2399 2398 2454
f 2454 2398 2455
f 2454 2455 2443
f 2443 2455 2456
f 2443 2456 2440
f 2440 2456 2457
f 2458 2456 2415
f 2415 2456 2455
f 2443 2442 2454
f 2454 2442 2412
f 2459 2458 2414
f 2414 2458 2415
f 2413 2416 2414
f 2414 2416 2459
f 2459 2416 2460
f 2460 2416 2450
f 2460 2461 2459
f 2459 2461 2458
f 2462 2463 2460
f 2460 2463 2461
f 2461 2457 2458
f 2458 2457 2456
f 2457 2461 2464
f 2464 2461 2463
f 2451 2462 2450
f 2450 2462 2460
f 2462 2451 2465
f 2465 2451 2466
f 2468 2469 2467
f 2467 2469 2465
f 2463 2462 2469
f 2469 2462 2465
f 2465 2466 2467
f 2467 2466 2445
f 2446 2445 2453
f 2453 2445 2466
f 2451 2449 2466
f 2466 2449 2453
f 2464 2441 2457
f 2457 2441 2440
f 2468 2444 2464
f 2464 2444 2441
f 2468 2464 2469
f 2469 2464 2463
f 2467 2439 2468
f 2468 2439 2444
f 2445 2436 2467
f 2467 2436 2439
f 2447 2426 2431
f 2431 2426 2419
f 2427 2426 2452
f 2452 2426 2447
f 2369 2179 2370
f 2370 2179 2178
f 2376 2379 2372
f 2372 2379 2373
f 2389 2381 2388
f 2388 2381 2380
f 2387 2382 2389
f 2389 2382 2381
f 2270 2385 2277
f 2277 2385 2384
f 2379 2388 2373
f 2373 2388 2380
f 2401 2271 2369
f 2369 2271 2179
f 2248 2277 2372
f 2372 2277 2384
f 2401 2390 2385
f 2385 2390 2386
f 2264 2382 2178
f 2178 2382 2370
f 2215 2134 2271
f 2271 2134 2179
f 2005 2000 2199
f 2199 2000 2215
f 2004 2001 2005
f 2005 2001 2000
f 2200 2214 2004
f 2004 2214 2001
f 2470 2471 2473
f 2473 2471 2472
f 2475 2476 2474
f 2474 2476 2477
f 2479 2475 2478
f 2478 2475 2474
f 2481 2482 2480
f 2480 2482 2483
f 2476 2484 2477
f 2477 2484 2485
f 2487 2488 2486
f 2486 2488 2489
f 2133 2490 2058
f 2058 2490 2491
f 2058 2491 2247
f 2247 2491 2492
f 2494 2495 2493
f 2493 2495 2496
f 2476 2483 2484
f 2484 2483 2497
f 2472 2498 2488
f 2488 2498 2489
f 2484 2497 2471
f 2471 2497 2499
f 2500 2479 2496
f 2496 2479 2501
f 2502 2503 2505
f 2505 2503 2504
f 2496 2501 2493
f 2493 2501 2506
f 2479 2478 2501
f 2501 2478 2507
f 2475 2479 2480
f 2480 2479 2500
f 2508 2509 2473
f 2473 2509 2470
f 2509 2510 2470
f 2470 2510 2485
f 2511 2481 2500
f 2500 2481 2480
f 2512 2494 2486
f 2486 2494 2493
f 2485 2484 2470
f 2470 2484 2471
f 2513 2514 2477
f 2477 2514 2474
f 2471 2499 2472
f 2472 2499 2498
f 2476 2475 2483
f 2483 2475 2480
f 2516 2508 2515
f 2515 2508 2473
f 2502 2505 2517
f 2517 2505 2507
f 2504 2487 2505
f 2505 2487 2506
f 2503 2516 2504
f 2504 2516 2515
f 2506 2487 2493
f 2493 2487 2486
f 2517 2507 2518
f 2518 2507 2478
f 2510 2513 2485
f 2485 2513 2477
f 2511 2495 2293
f 2293 2495 2154
f 2514 2518 2474
f 2474 2518 2478
f 2483 2482 2497
f 2497 2482 2492
f 2501 2507 2506
f 2506 2507 2505
f 2488 2487 2515
f 2515 2487 2504
f 2472 2488 2473
f 2473 2488 2515
f 2518 2519 2517
f 2517 2519 2520
f 2521 2519 2514
f 2514 2519 2518
f 2522 2521 2513
f 2513 2521 2514
f 2523 2522 2510
f 2510 2522 2513
f 2517 2520 2502
f 2502 2520 2524
f 2502 2524 2503
f 2503 2524 2525
f 2525 2526 2503
f 2503 2526 2516
f 2527 2524 2528
f 2528 2524 2520
f 2530 2531 2529
f 2529 2531 2532
f 2531 2533 2532
f 2532 2533 2534
f 2531 2535 2533
f 2533 2535 2536
f 2537 2538 2535
f 2535 2538 2539
f 2539 2540 2535
f 2535 2540 2536
f 2537 2535 2530
f 2530 2535 2531
f 2529 2541 2530
f 2530 2541 2542
f 2543 2534 2536
f 2536 2534 2533
f 2519 2521 2543
f 2543 2521 2534
f 2534 2521 2544
f 2544 2521 2522
f 2532 2534 2545
f 2545 2534 2544
f 2529 2532 2546
f 2546 2532 2545
f 2536 2540 2543
f 2543 2540 2528
f 2519 2543 2520
f 2520 2543 2528
f 2541 2529 2547
f 2547 2529 2546
f 2548 2549 2545
f 2545 2549 2546
f 2549 2550 2546
f 2546 2550 2547
f 2551 2552 2548
f 2548 2552 2549
f 2548 2553 2551
f 2551 2553 2554
f 2550 2549 2555
f 2555 2549 2552
f 2545 2544 2548
f 2548 2544 2553
f 2523 2553 2522
f 2522 2553 2544
f 2547 2556 2541
f 2541 2556 2557
f 2541 2557 2542
f 2542 2557 2558
f 2528 2540 2559
f 2559 2540 2539
f 2538 2560 2539
f 2539 2560 2559
f 2561 2527 2559
f 2559 2527 2528
f 2560 2562 2559
f 2559 2562 2561
f 2560 2538 2564
f 2564 2538 2563
f 2558 2557 2563
f 2563 2557 2564
f 2565 2523 2509
f 2509 2523 2510
f 2526 2566 2516
f 2516 2566 2508
f 2509 2508 2565
f 2565 2508 2566
f 2565 2566 2554
f 2554 2566 2567
f 2554 2567 2551
f 2551 2567 2568
f 2569 2567 2526
f 2526 2567 2566
f 2553 2523 2554
f 2554 2523 2565
f 2570 2569 2525
f 2525 2569 2526
f 2524 2527 2525
f 2525 2527 2570
f 2527 2561 2570
f 2570 2561 2571
f 2571 2572 2570
f 2570 2572 2569
f 2573 2574 2571
f 2571 2574 2572
f 2572 2568 2569
f 2569 2568 2567
f 2568 2572 2575
f 2575 2572 2574
f 2562 2573 2561
f 2561 2573 2571
f 2573 2562 2576
f 2576 2562 2577
f 2579 2580 2578
f 2578 2580 2576
f 2574 2573 2580
f 2580 2573 2576
f 2576 2577 2578
f 2578 2577 2556
f 2557 2556 2564
f 2564 2556 2577
f 2562 2560 2577
f 2577 2560 2564
f 2575 2552 2568
f 2568 2552 2551
f 2579 2555 2575
f 2575 2555 2552
f 2579 2575 2580
f 2580 2575 2574
f 2550 2555 2578
f 2578 2555 2579
f 2556 2547 2578
f 2578 2547 2550
f 2558 2537 2542
f 2542 2537 2530
f 2538 2537 2563
f 2563 2537 2558
f 2292 2295 2481
f 2481 2295 2482
f 2486 2489 2512
f 2512 2489 2581
f 2499 2491 2498
f 2498 2491 2490
f 2497 2492 2499
f 2499 2492 2491
f 2155 2154 2494
f 2494 2154 2495
f 2581 2489 2490
f 2490 2489 2498
f 2293 2292 2511
f 2511 2292 2481
f 2191 2155 2512
f 2512 2155 2494
f 2500 2496 2511
f 2511 2496 2495
f 2247 2492 2295
f 2295 2492 2482
f 2583 2584 2582
f 2582 2584 2585
f 2587 2588 2586
f 2586 2588 2589
f 2591 2587 2590
f 2590 2587 2586
f 2593 2594 2592
f 2592 2594 2595
f 2596 2597 2599
f 2599 2597 2598
f 2588 2600 2589
f 2589 2600 2601
f 2602 2603 2605
f 2605 2603 2604
f 2606 2607 2609
f 2609 2607 2608
f 2609 2608 2190
f 2190 2608 2610
f 2611 2612 2614
f 2614 2612 2613
f 2600 2588 2615
f 2615 2588 2595
f 2599 2598 2606
f 2606 2598 2607
f 2584 2616 2604
f 2604 2616 2605
f 2600 2615 2583
f 2583 2615 2617
f 2591 2619 2618
f 2618 2619 2614
f 2621 2622 2620
f 2620 2622 2623
f 2619 2624 2614
f 2614 2624 2611
f 2591 2590 2619
f 2619 2590 2625
f 2587 2591 2592
f 2592 2591 2618
f 2626 2627 2585
f 2585 2627 2582
f 2627 2628 2582
f 2582 2628 2601
f 2629 2593 2618
f 2618 2593 2592
f 2602 2597 2611
f 2611 2597 2612
f 2600 2583 2601
f 2601 2583 2582
f 2630 2631 2589
f 2589 2631 2586
f 2583 2617 2584
f 2584 2617 2616
f 2588 2587 2595
f 2595 2587 2592
f 2633 2626 2632
f 2632 2626 2585
f 2620 2623 2634
f 2634 2623 2625
f 2622 2603 2623
f 2623 2603 2624
f 2621 2633 2622
f 2622 2633 2632
f 2611 2624 2602
f 2602 2624 2603
f 2634 2625 2635
f 2635 2625 2590
f 2628 2630 2601
f 2601 2630 2589
f 2613 2195 2629
f 2629 2195 2194
f 2631 2635 2586
f 2586 2635 2590
f 2595 2594 2615
f 2615 2594 2610
f 2619 2625 2624
f 2624 2625 2623
f 2632 2604 2622
f 2622 2604 2603
f 2585 2584 2632
f 2632 2584 2604
f 2635 2636 2634
f 2634 2636 2637
f 2638 2636 2631
f 2631 2636 2635
f 2639 2638 2630
f 2630 2638 2631
f 2640 2639 2628
f 2628 2639 2630
f 2634 2637 2620
f 2620 2637 2641
f 2620 2641 2621
f 2621 2641 2642
f 2642 2643 2621
f 2621 2643 2633
f 2641 2637 2644
f 2644 2637 2645
f 2646 2647 2649
f 2649 2647 2648
f 2648 2650 2649
f 2649 2650 2651
f 2648 2652 2650
f 2650 2652 2653
f 2652 2654 2656
f 2656 2654 2655
f 2656 2657 2652
f 2652 2657 2653
f 2654 2652 2647
f 2647 2652 2648
f 2647 2646 2659
f 2659 2646 2658
f 2660 2651 2653
f 2653 2651 2650
f 2636 2638 2660
f 2660 2638 2651
f 2651 2638 2661
f 2661 2638 2639
f 2651 2661 2649
f 2649 2661 2662
f 2663 2646 2662
f 2662 2646 2649
f 2653 2657 2660
f 2660 2657 2645
f 2636 2660 2637
f 2637 2660 2645
f 2646 2663 2658
f 2658 2663 2664
f 2665 2666 2662
f 2662 2666 2663
f 2666 2667 2663
f 2663 2667 2664
f 2668 2669 2665
f 2665 2669 2666
f 2665 2670 2668
f 2668 2670 2671
f 2667 2666 2672
f 2672 2666 2669
f 2662 2661 2665
f 2665 2661 2670
f 2640 2670 2639
f 2639 2670 2661
f 2673 2674 2664
f 2664 2674 2658
f 2658 2674 2659
f 2659 2674 2675
f 2645 2657 2676
f 2676 2657 2656
f 2677 2676 2655
f 2655 2676 2656
f 2676 2678 2645
f 2645 2678 2644
f 2677 2679 2676
f 2676 2679 2678
f 2655 2680 2677
f 2677 2680 2681
f 2675 2674 2680
f 2680 2674 2681
f 2682 2640 2627
f 2627 2640 2628
f 2643 2683 2633
f 2633 2683 2626
f 2682 2627 2683
f 2683 2627 2626
f 2683 2684 2682
f 2682 2684 2671
f 2684 2685 2671
f 2671 2685 2668
f 2686 2684 2643
f 2643 2684 2683
f 2670 2640 2671
f 2671 2640 2682
f 2687 2686 2642
f 2642 2686 2643
f 2642 2641 2687
f 2687 2641 2644
f 2687 2644 2688
f 2688 2644 2678
f 2688 2689 2687
f 2687 2689 2686
f 2690 2691 2688
f 2688 2691 2689
f 2689 2685 2686
f 2686 2685 2684
f 2685 2689 2692
f 2692 2689 2691
f 2679 2690 2678
f 2678 2690 2688
f 2690 2679 2693
f 2693 2679 2694
f 2696 2697 2695
f 2695 2697 2693
f 2691 2690 2697
f 2697 2690 2693
f 2693 2694 2695
f 2695 2694 2673
f 2674 2673 2681
f 2681 2673 2694
f 2679 2677 2694
f 2694 2677 2681
f 2685 2692 2668
f 2668 2692 2669
f 2696 2672 2692
f 2692 2672 2669
f 2696 2692 2697
f 2697 2692 2691
f 2695 2667 2696
f 2696 2667 2672
f 2673 2664 2695
f 2695 2664 2667
f 2675 2654 2659
f 2659 2654 2647
f 2655 2654 2680
f 2680 2654 2675
f 2291 2156 2593
f 2593 2156 2594
f 2597 2602 2598
f 2598 2602 2605
f 2616 2617 2607
f 2607 2617 2608
f 2615 2610 2617
f 2617 2610 2608
f 2597 2596 2612
f 2612 2596 2698
f 2598 2605 2607
f 2607 2605 2616
f 2194 2291 2629
f 2629 2291 2593
f 2629 2618 2613
f 2613 2618 2614
f 2190 2610 2156
f 2156 2610 2594
f 2700 2010 2699
f 2699 2010 2086
f 2267 2701 2116
f 2116 2701 2702
f 2116 2702 2117
f 2117 2702 2703
f 2704 2705 2250
f 2250 2705 2254
f 2011 2706 2267
f 2267 2706 2701
f 2699 2086 2707
f 2707 2086 2289
f 2010 2700 2011
f 2011 2700 2706
f 2708 2707 2251
f 2251 2707 2289
f 2703 2704 2117
f 2117 2704 2250
f 2705 2708 2254
f 2254 2708 2251
f 2709 2710 2708
f 2708 2710 2707
f 2711 2709 2705
f 2705 2709 2708
f 2712 2711 2704
f 2704 2711 2705
f 2713 2712 2703
f 2703 2712 2704
f 2707 2710 2699
f 2699 2710 2714
f 2699 2714 2700
f 2700 2714 2715
f 2716 2706 2715
f 2715 2706 2700
f 2714 2710 2717
f 2717 2710 2718
f 2720 2721 2719
f 2719 2721 2722
f 2721 2723 2722
f 2722 2723 2724
f 2721 2725 2723
f 2723 2725 2726
f 2727 2728 2725
f 2725 2728 2726
f 2729 2725 2720
f 2720 2725 2721
f 2731 2729 2730
f 2730 2729 2720
f 2719 2732 2720
f 2720 2732 2730
f 2726 2733 2723
f 2723 2733 2724
f 2709 2711 2733
f 2733 2711 2724
f 2724 2711 2734
f 2734 2711 2712
f 2722 2724 2735
f 2735 2724 2734
f 2719 2722 2736
f 2736 2722 2735
f 2726 2728 2733
f 2733 2728 2718
f 2709 2733 2710
f 2710 2733 2718
f 2732 2719 2737
f 2737 2719 2736
f 2738 2739 2735
f 2735 2739 2736
f 2739 2740 2736
f 2736 2740 2737
f 2741 2742 2738
f 2738 2742 2739
f 2738 2743 2741
f 2741 2743 2744
f 2740 2739 2745
f 2745 2739 2742
f 2735 2734 2738
f 2738 2734 2743
f 2713 2743 2712
f 2712 2743 2734
f 2737 2746 2732
f 2732 2746 2747
f 2732 2747 2730
f 2730 2747 2731
f 2718 2728 2748
f 2748 2728 2727
f 2749 2750 2727
f 2727 2750 2748
f 2748 2751 2718
f 2718 2751 2717
f 2750 2752 2748
f 2748 2752 2751
f 2750 2749 2754
f 2754 2749 2753
f 2731 2747 2753
f 2753 2747 2754
f 2727 2725 2749
f 2749 2725 2729
f 2749 2729 2753
f 2753 2729 2731
f 2702 2755 2703
f 2703 2755 2713
f 2706 2716 2701
f 2701 2716 2756
f 2755 2702 2756
f 2756 2702 2701
f 2756 2757 2755
f 2755 2757 2744
f 2757 2758 2744
f 2744 2758 2741
f 2759 2757 2716
f 2716 2757 2756
f 2743 2713 2744
f 2744 2713 2755
f 2760 2759 2715
f 2715 2759 2716
f 2715 2714 2760
f 2760 2714 2717
f 2760 2717 2761
f 2761 2717 2751
f 2761 2762 2760
f 2760 2762 2759
f 2763 2764 2761
f 2761 2764 2762
f 2762 2758 2759
f 2759 2758 2757
f 2758 2762 2765
f 2765 2762 2764
f 2752 2763 2751
f 2751 2763 2761
f 2763 2752 2766
f 2766 2752 2767
f 2768 2769 2766
f 2766 2769 2770
f 2764 2763 2770
f 2770 2763 2766
f 2766 2767 2768
f 2768 2767 2746
f 2747 2746 2754
f 2754 2746 2767
f 2752 2750 2767
f 2767 2750 2754
f 2758 2765 2741
f 2741 2765 2742
f 2769 2745 2765
f 2765 2745 2742
f 2769 2765 2770
f 2770 2765 2764
f 2768 2740 2769
f 2769 2740 2745
f 2746 2737 2768
f 2768 2737 2740
f 2201 2212 2200
f 2200 2212 2214
f 2201 2202 2212
f 2212 2202 2185
f 2512 2581 2191
f 2191 2581 2192
f 2059 2290 2056
f 2056 2290 2272
f 2174 2199 2294
f 2294 2199 2278
f 2063 2175 2194
f 2194 2175 2291
f 2192 2581 2133
f 2133 2581 2490
f 2133 2132 2192
f 2192 2132 2189
f 2054 2276 2055
f 2055 2276 2138
f 2083 2279 2084
f 2084 2279 2771
f 2771 2279 2599
f 2599 2279 2596
f 2606 2772 2599
f 2599 2772 2771
f 2772 2773 2771
f 2771 2773 2084
f 2773 2774 2084
f 2084 2774 2085
f 2085 2775 2082
f 2082 2775 2144
f 2774 2078 2085
f 2085 2078 2775
f 2078 2774 2079
f 2079 2774 2776
f 2774 2773 2776
f 2776 2773 2777
f 2773 2772 2777
f 2777 2772 2778
f 2190 2189 2609
f 2609 2189 2778
f 2053 2052 2779
f 2779 2052 2181
f 2144 2775 2081
f 2081 2775 2078
f 2294 2153 2174
f 2174 2153 2175
f 2132 2276 2189
f 2189 2276 2778
f 2606 2609 2772
f 2772 2609 2778
f 2195 2613 2698
f 2698 2613 2612
f 2596 2279 2698
f 2698 2279 2195
f 2054 2777 2276
f 2276 2777 2778
f 2777 2054 2776
f 2776 2054 2053
f 2053 2779 2776
f 2776 2779 2079
f 2779 2181 2079
f 2079 2181 2080
f 2181 2239 2080
f 2080 2239 2240
f 2122 2256 2014
f 2042 1982 2076
f 2076 1982 2007
f 1982 1985 2007
f 2007 1985 2008
f 2095 2097 2265
f 2265 2097 2266
f 2076 2050 2042
f 2042 2050 2047
f 2046 2043 2047
f 2047 2043 2042
f 2118 1993 2046
f 2046 1993 2043
f 1995 1994 2118
f 2118 1994 1993
f 2267 1992 2011
f 2011 1992 2012
f 1997 2012 1994
f 1994 2012 1992
f 2226 2013 1997
f 1997 2013 2012
f 2225 2087 2226
f 2226 2087 2013
f 2225 2232 2087
f 2087 2232 2288
f 2232 2070 2288
f 2288 2070 2252
f 2070 2025 2252
f 2252 2025 2253
f 1988 2249 2025
f 2025 2249 2253
f 2116 2115 2267
f 2267 2115 2268
f 2096 1984 2237
f 2237 1984 1991
f 2095 1985 2096
f 2096 1985 1984
f 2265 2008 2095
f 2095 2008 1985
f 2092 2009 2265
f 2265 2009 2008
f 2091 2286 2092
f 2092 2286 2009
f 2255 2238 2091
f 2091 2238 2286
f 2256 2239 2255
f 2255 2239 2238
f 2122 2240 2256
f 2256 2240 2239
f 2121 2241 2122
f 2122 2241 2240
f 2022 2018 2097
f 2097 2018 2266
f 2022 2024 2018
f 2018 2024 2019
f 2024 2072 2019
f 2019 2072 2073
f 2072 2228 2073
f 2073 2228 2230
f 2228 2184 2230
f 2230 2184 2183
f 2121 2285 2241
f 2241 2285 2258
f 2285 2036 2258
f 2258 2036 2257
f 2177 2145 2193
f 2193 2145 2257
f 2173 2193 2196
f 2196 2193 2037
f 2036 2037 2257
f 2257 2037 2193
f 2196 2037 2066
f 2066 2037 2035
f 2061 2108 2034
f 2034 2108 2067
f 2108 2208 2067
f 2067 2208 2204
f 2208 2210 2204
f 2204 2210 2203
f 2210 2280 2203
f 2203 2280 2186
f 2183 2186 2235
f 2235 2186 2280
f 1987 2114 1988
f 1988 2114 2249
f 2237 2115 1987
f 1987 2115 2114
f 1991 2268 2237
f 2237 2268 2115
f 1991 1990 2268
f 2268 1990 1992
f 107 110 2781
f 2781 110 2780
f 117 2782 118
f 118 2782 2783
f 119 2784 120
f 120 2784 2785
f 125 2786 126
f 126 2786 2787
f 127 2788 128
f 128 2788 2789
f 127 132 2788
f 2788 132 2790
f 231 230 2792
f 2792 230 2791
f 118 2783 119
f 119 2783 2784
f 241 243 2794
f 2794 243 2793
f 2781 2795 107
f 107 2795 352
f 120 2785 437
f 437 2785 2796
f 126 2787 110
f 110 2787 2780
f 455 2797 456
f 456 2797 2798
f 128 2789 457
f 457 2789 2799
f 456 2798 117
f 117 2798 2782
f 2794 2797 241
f 241 2797 455
f 457 2799 125
f 125 2799 2786
f 132 231 2790
f 2790 231 2792
f 230 437 2791
f 2791 437 2796
f 2792 2789 2790
f 2790 2789 2788
f 2785 2784 2801
f 2801 2784 2800
f 2786 2802 2787
f 2787 2802 2803
f 2792 2791 2805
f 2805 2791 2804
f 2784 2783 2800
f 2800 2783 2806
f 2785 2801 2796
f 2796 2801 2807
f 2787 2803 2780
f 2780 2803 2808
f 2789 2809 2799
f 2799 2809 2810
f 2799 2810 2786
f 2786 2810 2802
f 2791 2796 2804
f 2804 2796 2807
f 2789 2792 2809
f 2809 2792 2805
f 2812 2797 2811
f 2811 2797 2794
f 2809 2805 2810
f 2810 2805 2804
f 2810 2804 2802
f 2802 2804 2807
f 2802 2807 2803
f 2803 2807 2801
f 2808 2803 2800
f 2800 2803 2801
f 2814 699 2813
f 2813 699 698
f 2808 2815 2780
f 2780 2815 2781
f 2817 2782 2816
f 2816 2782 2798
f 2815 2818 2781
f 2781 2818 2795
f 2797 2812 2798
f 2798 2812 2816
f 2783 2782 2806
f 2806 2782 2817
f 2800 2806 2808
f 2808 2806 2815
f 2794 2793 2811
f 2811 2793 2819
f 174 201 384
f 384 201 362
f 200 1766 390
f 390 1766 1777
f 1777 1778 390
f 390 1778 398
f 1778 361 398
f 398 361 222
f 2820 2821 628
f 628 2821 629
f 1406 2820 790
f 790 2820 628
f 794 1415 1233
f 1233 1415 1234
f 1406 790 1407
f 1407 790 1312
f 1407 1312 2822
f 2822 1312 1316
f 2823 1380 1543
f 1543 1380 1379
f 1385 1738 1382
f 1382 1738 1383
f 1381 791 1382
f 1382 791 1386
f 791 794 1386
f 1386 794 1233
f 1259 1390 1260
f 1260 1390 1389
f 1905 1542 1394
f 1394 1542 1395
f 1410 1413 1397
f 1397 1413 1398
f 2821 1410 629
f 629 1410 1397
f 2823 2822 1380
f 1380 2822 1316
f 1392 1395 1378
f 1378 1395 1379
f 1738 1399 1383
f 1383 1399 1398
f 1388 1235 1389
f 1389 1235 1234
f 1393 1391 1394
f 1394 1391 1390
f 1381 1384 779
f 779 1384 780
f 1282 788 792
f 792 788 793
f 1431 1262 1432
f 1432 1262 1261
f 1400 1342 1408
f 1408 1342 1409
f 1508 1544 1411
f 1411 1544 1412
f 788 787 793
f 793 787 1414
f 2821 2820 1429
f 1429 2820 1430
f 2822 2823 1506
f 1506 2823 1507
f 778 1282 779
f 779 1282 792
f 2820 1406 1430
f 1430 1406 1409
f 1410 2821 1411
f 1411 2821 1429
f 1407 2822 1408
f 1408 2822 1506
f 1544 781 1412
f 1412 781 780
f 1260 1415 1261
f 1261 1415 1414
f 1334 2824 923
f 923 2824 924
f 2826 1268 2825
f 2825 1268 1267
f 769 1212 2827
f 2827 1212 2828
f 1492 1190 1266
f 1266 1190 1267
f 1488 2829 1489
f 1489 2829 2830
f 922 1329 923
f 923 1329 1328
f 1484 2831 1485
f 1485 2831 2832
f 1482 2833 1485
f 1485 2833 1486
f 1324 1493 1489
f 1489 1493 1490
f 1265 1491 1266
f 1266 1491 1490
f 2835 2836 2834
f 2834 2836 2837
f 1250 2838 2827
f 2827 2838 2839
f 1488 1491 2840
f 2840 1491 2841
f 1268 2826 2842
f 2842 2826 2843
f 2844 2845 1495
f 1495 2845 1496
f 1427 2847 2846
f 2846 2847 926
f 2829 1488 2848
f 2848 1488 2840
f 1329 922 2849
f 2849 922 927
f 2850 2851 768
f 768 2851 1213
f 1265 1268 2852
f 2852 1268 2842
f 1491 1265 2841
f 2841 1265 2852
f 2854 2855 2853
f 2853 2855 2856
f 2855 2857 2856
f 2856 2857 598
f 2857 2858 598
f 598 2858 595
f 2858 2859 595
f 595 2859 626
f 649 652 2860
f 2860 652 2861
f 639 642 2862
f 2862 642 2863
f 2864 705 2862
f 2862 705 639
f 2865 1418 2864
f 2864 1418 705
f 2866 2867 2865
f 2865 2867 1418
f 1760 1348 1761
f 1761 1348 2867
f 1764 2868 1197
f 1197 2868 1198
f 2869 611 2868
f 2868 611 1198
f 2870 612 2869
f 2869 612 611
f 1352 1350 944
f 944 1350 688
f 1350 1256 688
f 688 1256 685
f 1256 1255 685
f 685 1255 692
f 1255 2871 692
f 692 2871 2872
f 701 2873 698
f 698 2873 2813
f 2872 1349 692
f 692 1349 693
f 1696 1744 1574
f 1574 1744 1575
f 1753 1618 1577
f 1577 1618 1578
f 1729 1594 1608
f 1608 1594 1609
f 1725 1630 1611
f 1611 1630 1612
f 1604 1607 1625
f 1625 1607 1626
f 1624 1703 1625
f 1625 1703 1912
f 1703 1702 1912
f 1912 1702 1913
f 1702 1753 1913
f 1913 1753 1577
f 1598 1569 1915
f 1915 1569 1578
f 1616 1615 1915
f 1915 1615 1916
f 1615 1696 1916
f 1916 1696 1574
f 1744 1745 1575
f 1575 1745 1917
f 1745 1565 1917
f 1917 1565 1609
f 1568 1725 1608
f 1608 1725 1611
f 2874 1613 1918
f 1918 1613 1612
f 1607 2874 1626
f 1626 2874 1918
f 1610 1613 1562
f 1562 1613 1563
f 1547 1550 1570
f 1570 1550 1571
f 1573 1576 1580
f 1580 1576 1581
f 1553 1556 1595
f 1595 1556 1596
f 1556 1582 1596
f 1596 1582 1581
f 1551 1547 1599
f 1599 1547 1570
f 1731 1914 1601
f 1601 1914 1602
f 1686 1689 1605
f 1605 1689 1606
f 1598 1743 1599
f 1599 1743 1692
f 2874 1607 1723
f 1723 1607 1606
f 1727 1553 1730
f 1730 1553 1595
f 1600 1686 1601
f 1601 1686 1605
f 1914 1572 1602
f 1602 1572 1571
f 1579 1693 1580
f 1580 1693 1692
f 1613 2874 1563
f 1563 2874 1723
f 1561 1727 1562
f 1562 1727 1730
f 1949 1742 1548
f 1548 1742 1549
f 1694 1949 1552
f 1552 1949 1548
f 1954 1589 1554
f 1554 1589 1555
f 1693 1579 1558
f 1558 1579 1559
f 1561 1564 1584
f 1584 1564 1585
f 1582 1556 1588
f 1588 1556 1555
f 1600 1603 1591
f 1591 1603 1592
f 1981 1977 1687
f 1687 1977 1688
f 1564 1722 1585
f 1585 1722 1690
f 1551 1693 1552
f 1552 1693 1558
f 1751 1954 1728
f 1728 1954 1554
f 1590 1981 1591
f 1591 1981 1687
f 1603 1550 1592
f 1592 1550 1549
f 1977 1691 1688
f 1688 1691 1690
f 1587 1560 1588
f 1588 1560 1559
f 1727 1561 1728
f 1728 1561 1584
f 2875 1919 1947
f 1947 1919 1948
f 1557 1560 1952
f 1952 1560 1953
f 1933 1932 1955
f 1955 1932 1956
f 1587 1589 1958
f 1958 1589 1956
f 1959 1933 1965
f 1965 1933 1955
f 1961 1964 1966
f 1966 1964 1967
f 1981 1590 1969
f 1969 1590 1967
f 1742 1949 1972
f 1972 1949 1948
f 1593 1742 1966
f 1966 1742 1972
f 1957 1950 1958
f 1958 1950 1953
f 1583 1586 1974
f 1974 1586 1975
f 1940 1943 1978
f 1978 1943 1979
f 1943 1976 1979
f 1979 1976 1975
f 1951 2875 1952
f 1952 2875 1947
f 1968 1940 1969
f 1969 1940 1978
f 1973 1959 1974
f 1974 1959 1965
f 1923 1971 1920
f 1920 1971 1921
f 1919 2875 1920
f 1920 2875 1924
f 2875 1951 1924
f 1924 1951 1926
f 1950 1957 1929
f 1929 1957 1930
f 2244 2243 1934
f 1934 2243 1935
f 1973 1976 1937
f 1937 1976 1938
f 1944 1980 1941
f 1941 1980 1942
f 1940 1968 1941
f 1941 1968 1945
f 2287 2244 1960
f 1960 2244 1934
f 1970 2245 1962
f 1962 2245 1963
f 2243 1931 1935
f 1935 1931 1930
f 1927 1926 1928
f 1928 1926 1929
f 1961 1922 1962
f 1962 1922 1921
f 2245 1946 1963
f 1963 1946 1945
f 1976 1943 1938
f 1938 1943 1942
f 1936 2287 1937
f 1937 2287 1960
f 743 1238 608
f 608 1238 609
f 607 1811 608
f 608 1811 744
f 1304 2876 1305
f 1305 2876 2877
f 586 585 1298
f 1298 585 1299
f 585 702 1299
f 1299 702 1300
f 702 1428 1300
f 1300 1428 1301
f 1238 586 609
f 609 586 1298
f 2878 2879 1218
f 1218 2879 2877
f 2880 2881 1812
f 1812 2881 1819
f 2883 1821 2882
f 2882 1821 1820
f 2840 2841 620
f 620 2841 621
f 2842 2843 795
f 795 2843 796
f 892 895 2844
f 2844 895 2845
f 2848 2840 942
f 942 2840 620
f 2849 927 1202
f 1202 927 1203
f 2852 2842 1270
f 1270 2842 795
f 2841 2852 621
f 621 2852 1270
f 941 1759 942
f 942 1759 2884
f 659 929 1427
f 1427 929 2847
f 1237 2851 751
f 751 2851 2850
f 1216 2885 1217
f 1217 2885 1754
f 2887 734 2886
f 2886 734 733
f 2889 1816 2888
f 2888 1816 1815
f 2890 1245 2889
f 2889 1245 1816
f 1824 2891 1825
f 1825 2891 1246
f 2892 2893 2895
f 2895 2893 2894
f 1854 1833 1851
f 1851 1833 1832
f 1851 1832 1884
f 1884 1832 1876
f 1884 1876 1441
f 1441 1876 1443
f 1441 1443 1442
f 1442 1443 1446
f 1442 1446 2896
f 2896 1446 1507
f 2897 2823 2898
f 2898 2823 1543
f 1542 2899 1543
f 1543 2899 2898
f 1542 1905 2899
f 2899 1905 2900
f 1905 1259 2900
f 2900 1259 2901
f 1262 1431 2902
f 2902 1431 1904
f 1431 1434 1904
f 1904 1434 1902
f 1902 1434 2903
f 2903 1434 719
f 2903 719 2904
f 2904 719 718
f 1869 1881 718
f 718 1881 2904
f 1881 1869 1880
f 1880 1869 756
f 1880 756 2905
f 2905 756 755
f 2905 755 2906
f 2906 755 758
f 762 2907 763
f 763 2907 2908
f 724 723 2909
f 2909 723 894
f 796 895 723
f 723 895 894
f 2843 2845 796
f 796 2845 895
f 2826 1496 2843
f 2843 1496 2845
f 2825 1497 2826
f 2826 1497 1496
f 1189 2836 2825
f 2825 2836 1497
f 797 891 798
f 798 891 2837
f 802 888 797
f 797 888 891
f 2910 2911 2913
f 2913 2911 2912
f 1780 1783 2915
f 2915 1783 2914
f 2916 2917 831
f 831 2917 832
f 2918 2919 845
f 845 2919 846
f 2920 2916 847
f 847 2916 831
f 2921 2922 857
f 857 2922 858
f 2923 2924 860
f 860 2924 861
f 2919 2912 846
f 846 2912 887
f 2925 2920 940
f 940 2920 847
f 2924 2926 861
f 861 2926 1204
f 2917 2918 832
f 832 2918 845
f 2927 2928 1449
f 1449 2928 1450
f 2929 2930 889
f 889 2930 2931
f 2896 1507 2897
f 2897 1507 2823
f 2902 2901 1262
f 1262 2901 1259
f 2932 2933 750
f 750 2933 1236
f 2933 2934 1236
f 1236 2934 1835
f 2936 2937 2935
f 2935 2937 2938
f 2940 2941 2939
f 2939 2941 2942
f 2943 2944 1841
f 1841 2944 1842
f 2945 1860 2944
f 2944 1860 1842
f 2945 2946 1860
f 1860 2946 1859
f 1889 2947 1890
f 1890 2947 1856
f 1856 2947 1857
f 1857 2947 2948
f 2950 709 2949
f 2949 709 1829
f 2952 730 2951
f 2951 730 729
f 2866 2953 2867
f 2867 2953 1761
f 2953 2954 1761
f 1761 2954 1420
f 2954 2955 1420
f 1420 2955 742
f 2955 2956 742
f 742 2956 739
f 2956 2957 739
f 739 2957 760
f 2957 2958 760
f 760 2958 761
f 2958 2959 761
f 761 2959 2960
f 2959 2961 2960
f 2960 2961 2962
f 2963 2964 1839
f 1839 2964 1840
f 2964 2965 1840
f 1840 2965 2942
f 2966 2950 2939
f 2939 2950 2949
f 2935 2967 2936
f 2936 2967 2968
f 2969 2970 736
f 736 2970 735
f 734 2887 1815
f 1815 2887 2888
f 2887 2882 2888
f 2888 2882 2881
f 1819 1820 1817
f 1817 1820 748
f 1195 1757 1197
f 1197 1757 1424
f 1757 647 1424
f 1424 647 646
f 647 648 646
f 646 648 643
f 648 1271 643
f 643 1271 737
f 1271 725 737
f 737 725 765
f 725 724 765
f 765 724 762
f 762 724 2907
f 2907 724 2909
f 1254 1437 2909
f 2909 1437 2907
f 1438 1253 1836
f 1836 1253 1835
f 1836 1835 2938
f 2938 1835 2934
f 2971 2972 2935
f 2935 2972 2967
f 897 896 2969
f 2969 896 2970
f 1815 1814 734
f 734 1814 731
f 728 1215 896
f 896 1215 732
f 2885 1216 733
f 733 1216 2886
f 1216 1219 2886
f 2886 1219 2883
f 2876 1304 1821
f 1821 1304 749
f 1304 1303 749
f 749 1303 746
f 1818 2973 1817
f 1817 2973 1810
f 747 2974 1818
f 1818 2974 2973
f 747 746 2974
f 2974 746 1303
f 2976 2977 2975
f 2975 2977 2978
f 2976 2979 2901
f 2901 2979 2900
f 2980 2981 2982
f 2982 2981 2979
f 2981 2980 2983
f 2983 2980 2984
f 2985 2897 2983
f 2983 2897 2898
f 2987 2988 2986
f 2986 2988 2985
f 2896 2988 1442
f 1442 2988 1439
f 1903 2977 1904
f 1904 2977 2902
f 1856 1855 1890
f 1890 1855 2989
f 2989 2990 1890
f 1890 2990 1359
f 2990 2991 1359
f 1359 2991 1356
f 2946 2992 1859
f 1859 2992 1893
f 2992 2993 1893
f 1893 2993 775
f 2993 2994 775
f 775 2994 776
f 2986 1356 2987
f 2987 1356 2991
f 2975 2978 776
f 776 2978 777
f 2982 2994 2980
f 2980 2994 2995
f 1357 2984 2995
f 2995 2984 2980
f 2995 2996 1357
f 1357 2996 1358
f 2996 2997 1358
f 1358 2997 1889
f 2998 2999 2932
f 2932 2999 2933
f 2999 2971 2933
f 2933 2971 2934
f 1837 1836 2937
f 2937 1836 2938
f 2943 1841 2941
f 2941 1841 1838
f 3001 2944 3000
f 3000 2944 2943
f 3001 3002 2944
f 2944 3002 2945
f 3002 3003 2945
f 2945 3003 2946
f 2997 3003 1889
f 1889 3003 2947
f 2947 3003 2948
f 2948 3003 3002
f 3001 3004 3002
f 3002 3004 2948
f 3000 3005 3001
f 3001 3005 3004
f 2940 3006 3000
f 3000 3006 3005
f 2999 3007 2971
f 2971 3007 2972
f 2998 2951 2999
f 2999 2951 3007
f 3008 2952 2998
f 2998 2952 2951
f 2966 2965 2936
f 2936 2965 2937
f 2935 2938 2971
f 2971 2938 2934
f 3003 2997 2946
f 2946 2997 2992
f 2997 2996 2992
f 2992 2996 2993
f 2996 2995 2993
f 2993 2995 2994
f 1356 2986 1357
f 1357 2986 2984
f 2982 2975 2994
f 2994 2975 776
f 1844 1843 1899
f 1899 1843 3009
f 1843 638 3009
f 3009 638 3010
f 638 637 3010
f 3010 637 3011
f 637 1830 3011
f 3011 1830 3012
f 1830 1833 3012
f 3012 1833 2894
f 1833 1854 2894
f 2894 1854 2895
f 1854 1853 2895
f 2895 1853 1888
f 1858 1857 1885
f 1885 1857 1892
f 1899 3009 1898
f 1898 3009 1874
f 3009 3010 1874
f 1874 3010 1865
f 3010 3011 1865
f 1865 3011 1862
f 3011 3012 1862
f 1862 3012 1882
f 3012 2894 1882
f 1882 2894 2893
f 1850 2890 782
f 782 2890 2889
f 783 2880 1811
f 1811 2880 1812
f 744 1810 745
f 745 1810 2973
f 745 2973 805
f 805 2973 806
f 2973 2974 806
f 806 2974 815
f 1303 812 2974
f 2974 812 815
f 1303 1302 812
f 812 1302 1221
f 1307 3013 1302
f 1302 3013 1221
f 1734 3014 1633
f 1633 3014 1634
f 1646 1649 1636
f 1636 1649 1637
f 1654 1657 1641
f 1641 1657 1642
f 1639 1736 1636
f 1636 1736 1684
f 1716 1713 1698
f 1698 1713 1699
f 1718 1721 1705
f 1705 1721 1706
f 1653 1654 1709
f 1709 1654 1641
f 1620 1623 1714
f 1714 1623 1699
f 1712 1682 1714
f 1714 1682 1740
f 1668 1671 1746
f 1746 1671 1747
f 1752 1650 1749
f 1749 1650 1750
f 1750 1650 1709
f 1709 1650 1653
f 1632 1668 1633
f 1633 1668 1746
f 1649 1752 1637
f 1637 1752 1749
f 1682 1643 1740
f 1740 1643 1642
f 3014 1685 1634
f 1634 1685 1684
f 1704 1748 1705
f 1705 1748 1747
f 1697 1707 1698
f 1698 1707 1706
f 1739 1701 1621
f 1621 1701 1622
f 1567 1566 1647
f 1647 1566 1648
f 1664 1695 1651
f 1651 1695 1652
f 1614 1617 1655
f 1655 1617 1656
f 1704 1707 1659
f 1659 1707 1660
f 3014 1734 1662
f 1662 1734 1663
f 1650 1752 1651
f 1651 1752 1665
f 1741 1657 1667
f 1667 1657 1656
f 1695 1614 1652
f 1652 1614 1655
f 1724 1567 1726
f 1726 1567 1647
f 1645 1628 1733
f 1733 1628 1663
f 1685 3014 1726
f 1726 3014 1662
f 1620 1741 1621
f 1621 1741 1667
f 1566 1666 1648
f 1648 1666 1665
f 1658 1737 1659
f 1659 1737 1901
f 1911 1661 1910
f 1910 1661 1660
f 1701 1911 1622
f 1622 1911 1910
f 1732 1748 1733
f 1733 1748 1901
f 1857 2948 1892
f 1892 2948 3004
f 1892 3004 1891
f 1891 3004 3005
f 1828 3006 1829
f 1829 3006 2949
f 2967 736 2968
f 2968 736 710
f 2972 2969 2967
f 2967 2969 736
f 2969 2972 897
f 897 2972 3007
f 897 3007 729
f 729 3007 2951
f 3016 753 3015
f 3015 753 752
f 3018 767 3017
f 3017 767 766
f 3019 3020 1249
f 1249 3020 3021
f 2915 2914 3019
f 3019 2914 3020
f 3023 2914 3022
f 3022 2914 1783
f 2827 2839 769
f 769 2839 766
f 3025 2838 3024
f 3024 2838 3021
f 768 767 2850
f 2850 767 3026
f 2850 3026 751
f 751 3026 752
f 750 753 2932
f 2932 753 3027
f 3008 2998 3027
f 3027 2998 2932
f 3028 3029 3008
f 3008 3029 2952
f 3029 3030 2952
f 2952 3030 730
f 3032 3033 3031
f 3031 3033 3034
f 3036 3037 3035
f 3035 3037 3038
f 2870 3039 612
f 612 3039 3040
f 3041 3042 3031
f 3031 3042 3038
f 3034 1352 3043
f 3043 1352 944
f 612 3040 613
f 613 3040 3044
f 613 3044 1425
f 1425 3044 1422
f 3045 3042 669
f 669 3042 670
f 3041 3043 599
f 599 3043 600
f 772 771 1544
f 1544 771 781
f 1503 771 1866
f 1866 771 770
f 771 1503 781
f 781 1503 778
f 61 281 416
f 416 281 1907
f 283 103 3046
f 3046 103 3047
f 76 79 3048
f 3048 79 3049
f 280 76 1906
f 1906 76 3048
f 3051 335 3050
f 3050 335 334
f 3053 417 3052
f 3052 417 416
f 3055 435 3054
f 3054 435 434
f 428 435 419
f 419 435 1908
f 420 1909 293
f 293 1909 443
f 79 294 3049
f 3049 294 444
f 3057 444 3056
f 3056 444 443
f 3051 3058 335
f 335 3058 452
f 216 215 1332
f 1332 215 452
f 308 283 462
f 462 283 3046
f 3050 334 3059
f 3059 334 462
f 103 62 3047
f 3047 62 417
f 313 312 434
f 434 312 463
f 3061 574 3060
f 3060 574 573
f 1310 3062 1428
f 1428 3062 3063
f 1258 3064 1255
f 1255 3064 2871
f 932 3065 2853
f 2853 3065 3066
f 699 2814 931
f 931 2814 3067
f 3068 1301 3063
f 3063 1301 1428
f 571 574 1310
f 1310 574 3062
f 3060 573 3069
f 3069 573 1332
f 3070 3071 1906
f 1906 3071 1907
f 3072 3073 1908
f 1908 3073 1909
f 3075 2814 3074
f 3074 2814 2813
f 2854 3076 1258
f 1258 3076 3064
f 2871 3077 2872
f 2872 3077 3078
f 3074 2813 3079
f 3079 2813 2873
f 2872 3078 1349
f 1349 3078 3080
f 2873 701 3068
f 3068 701 1301
f 1330 1201 3080
f 3080 1201 1349
f 1264 1263 3081
f 3081 1263 3082
f 3083 3084 3082
f 3082 3084 3081
f 811 1448 3086
f 3086 1448 3085
f 808 811 3087
f 3087 811 3086
f 3088 3083 833
f 833 3083 3082
f 884 3089 885
f 885 3089 3090
f 3087 1790 808
f 808 1790 816
f 1790 3087 1787
f 1787 3087 3091
f 3092 3091 3086
f 3086 3091 3087
f 3093 3094 3084
f 3084 3094 3095
f 3089 3096 3090
f 3090 3096 3088
f 3097 3093 3083
f 3083 3093 3084
f 3099 3100 3098
f 3098 3100 1786
f 3101 1788 2913
f 2913 1788 3102
f 838 837 885
f 885 837 886
f 886 837 3103
f 3103 837 1541
f 3094 3093 3104
f 3104 3093 3097
f 3105 3106 3089
f 3089 3106 3096
f 3108 3109 3107
f 3107 3109 3110
f 3111 3112 3091
f 3091 3112 1787
f 3114 3108 3113
f 3113 3108 3107
f 3114 3115 3112
f 3112 3115 3102
f 3091 3092 3111
f 3111 3092 3116
f 839 838 835
f 835 838 836
f 885 3090 838
f 838 3090 836
f 3110 3117 1247
f 1247 3117 3118
f 1247 3118 1248
f 1248 3118 3119
f 3120 3121 3119
f 3119 3121 1248
f 1247 844 3110
f 3110 844 3107
f 844 843 3107
f 3107 843 3113
f 843 3099 3113
f 3113 3099 3122
f 1781 3123 3098
f 3098 3123 3124
f 2915 2931 1780
f 1780 2931 2930
f 3019 3125 2915
f 2915 3125 2931
f 890 3125 2834
f 2834 3125 1252
f 3125 3019 1252
f 1252 3019 1249
f 907 908 946
f 946 908 947
f 1185 1188 1369
f 1369 1188 948
f 954 957 951
f 951 957 952
f 910 965 953
f 953 965 950
f 905 958 960
f 960 958 961
f 3126 978 949
f 949 978 962
f 936 935 967
f 967 935 968
f 994 993 969
f 969 993 966
f 902 904 971
f 971 904 972
f 983 985 973
f 973 985 970
f 906 905 974
f 974 905 960
f 977 981 959
f 959 981 975
f 911 910 1143
f 1143 910 953
f 952 957 1142
f 1142 957 1145
f 911 1143 1366
f 1366 1143 1368
f 1185 1369 1145
f 1145 1369 1142
f 993 1519 966
f 966 1519 1456
f 965 1454 950
f 950 1454 1457
f 900 899 1459
f 1459 899 1460
f 988 991 1461
f 1461 991 1458
f 899 963 1460
f 1460 963 1462
f 985 987 970
f 970 987 1463
f 904 906 972
f 972 906 974
f 981 983 975
f 975 983 973
f 935 900 968
f 968 900 1459
f 991 994 1458
f 1458 994 969
f 1154 1526 1088
f 1088 1526 1089
f 1109 1112 1092
f 1092 1112 1093
f 1083 1098 1084
f 1084 1098 1097
f 1078 1471 1100
f 1100 1471 1101
f 1075 1078 1104
f 1104 1078 1100
f 1152 1154 1156
f 1156 1154 1088
f 1156 1155 1372
f 1372 1155 1373
f 1372 1373 1104
f 1104 1373 1075
f 1467 1109 1465
f 1465 1109 1092
f 1465 1182 1468
f 1468 1182 1184
f 1474 1470 1096
f 1096 1470 1097
f 1102 1101 1083
f 1083 1101 1098
f 1112 1531 1093
f 1093 1531 1529
f 1102 1073 1099
f 1099 1073 1072
f 1526 1154 1079
f 1079 1154 1080
f 1081 1091 1082
f 1082 1091 1094
f 1069 1068 1085
f 1085 1068 1086
f 1153 1151 1080
f 1080 1151 1058
f 1371 1177 1179
f 1179 1177 1176
f 1099 1072 1103
f 1103 1072 1176
f 1068 1071 1086
f 1086 1071 1073
f 1085 1084 1180
f 1180 1084 1469
f 1066 1065 1183
f 1183 1065 1181
f 1153 1152 1177
f 1177 1152 1178
f 1091 1081 1182
f 1182 1081 1183
f 1057 1525 1079
f 1079 1525 1527
f 1120 1117 1076
f 1076 1117 1077
f 1087 1090 1107
f 1107 1090 1108
f 1127 1126 1110
f 1110 1126 1111
f 1095 1116 1096
f 1096 1116 1115
f 1471 1078 1119
f 1119 1078 1077
f 1087 1107 1155
f 1155 1107 1158
f 1376 1374 1157
f 1157 1374 1158
f 1076 1075 1374
f 1374 1075 1373
f 1109 1467 1110
f 1110 1467 1472
f 1467 1466 1472
f 1472 1466 1473
f 1135 1475 1114
f 1114 1475 1115
f 1471 1119 1095
f 1095 1119 1116
f 1126 1532 1111
f 1111 1532 1530
f 914 1276 1480
f 1480 1276 1517
f 3127 3128 1223
f 1223 3128 1224
f 824 933 1455
f 1455 933 3129
f 3131 1448 3130
f 3130 1448 1447
f 3132 3133 1452
f 1452 3133 1453
f 3130 1447 1322
f 1322 1447 1455
f 933 1514 3129
f 3129 1514 3134
f 1161 3135 1480
f 1480 3135 1481
f 3128 3136 1224
f 1224 3136 1499
f 3133 1162 1453
f 1453 1162 1517
f 1515 3127 1535
f 1535 3127 1223
f 3095 3085 3131
f 3131 3085 1448
f 3137 3092 3085
f 3085 3092 3086
f 3138 3116 3137
f 3137 3116 3092
f 3110 3109 3117
f 3117 3109 3139
f 3105 3140 3117
f 3117 3140 3118
f 3140 3141 3118
f 3118 3141 3119
f 3142 3120 3141
f 3141 3120 3119
f 1498 3143 1277
f 1277 3143 882
f 3144 3145 1340
f 1340 3145 1339
f 1340 3146 3144
f 3144 3146 3147
f 3145 3144 3143
f 3143 3144 3148
f 871 901 872
f 872 901 1362
f 3149 3148 3147
f 3147 3148 3144
f 1208 3150 1209
f 3098 1786 1781
f 1781 1786 1782
f 2930 2929 3123
f 3123 2929 2911
f 1794 1791 2916
f 2916 1791 2917
f 1793 3101 2918
f 2918 3101 2919
f 1796 1794 2920
f 2920 1794 2916
f 3151 3152 2921
f 2921 3152 2922
f 3153 3154 2923
f 2923 3154 2924
f 2919 3101 2912
f 2912 3101 2913
f 3155 1796 2925
f 2925 1796 2920
f 3154 3156 2924
f 2924 3156 2926
f 1791 1793 2917
f 2917 1793 2918
f 3157 3158 2927
f 2927 3158 2928
f 1780 2930 1781
f 1781 2930 3123
f 2825 1267 1189
f 1189 1267 1190
f 2827 2828 1250
f 1250 2828 1251
f 1489 2830 1324
f 1324 2830 1325
f 923 1328 1334
f 1334 1328 1335
f 1485 2832 1482
f 1482 2832 1483
f 1266 1490 1492
f 1492 1490 1493
f 1333 1346 1334
f 1334 1346 2824
f 722 799 1492
f 1492 799 1190
f 664 657 1482
f 1482 657 2833
f 631 634 1324
f 1324 634 1493
f 2828 1494 1251
f 1251 1494 2835
f 1249 3021 1250
f 1250 3021 2838
f 798 2837 1189
f 1189 2837 2836
f 3100 842 3160
f 3160 842 3159
f 1788 3101 1789
f 1789 3101 1793
f 1792 816 1789
f 1789 816 1790
f 817 816 1795
f 1795 816 1792
f 938 817 1797
f 1797 817 1795
f 1796 3155 1797
f 1797 3155 1798
f 3155 3158 1798
f 1798 3158 1799
f 3157 3152 1801
f 1801 3152 1802
f 3151 3156 1803
f 1803 3156 1804
f 3154 3153 1805
f 1805 3153 1806
f 3153 3161 1806
f 1806 3161 1807
f 3099 843 3100
f 3100 843 842
f 1788 1787 3102
f 3102 1787 3112
f 2910 3115 3124
f 3124 3115 3122
f 3099 3098 3122
f 3122 3098 3124
f 416 1907 3052
f 3052 1907 3071
f 3046 3047 3163
f 3163 3047 3162
f 249 445 259
f 259 445 3164
f 425 3165 424
f 424 3165 461
f 408 410 329
f 329 410 330
f 39 331 40
f 40 331 332
f 305 304 423
f 423 304 464
f 385 254 458
f 458 254 392
f 250 415 251
f 251 415 412
f 233 337 234
f 234 337 3166
f 435 3055 1908
f 1908 3055 3072
f 443 1909 3056
f 3056 1909 3073
f 3167 3049 3057
f 3057 3049 444
f 452 3058 1332
f 1332 3058 3069
f 234 3166 346
f 346 3166 411
f 3046 3163 462
f 462 3163 3059
f 259 3164 260
f 260 3164 336
f 3047 417 3162
f 3162 417 3053
f 463 3168 434
f 434 3168 3054
f 454 830 425
f 425 830 3165
f 3062 3169 3063
f 3063 3169 3170
f 1355 1354 1534
f 1534 1354 3171
f 3063 3170 3068
f 3068 3170 3172
f 574 3061 3062
f 3062 3061 3169
f 1534 3171 1535
f 1535 3171 3173
f 3079 2873 3172
f 3172 2873 3068
f 2838 3025 2839
f 2839 3025 3174
f 3176 3177 3175
f 3175 3177 3178
f 3180 1125 3179
f 3179 1125 1128
f 3182 3183 3181
f 3181 3183 3184
f 1134 3185 1130
f 1130 3185 3182
f 3186 3187 3189
f 3189 3187 3188
f 3191 3189 3190
f 3190 3189 3188
f 1137 1122 3190
f 3190 1122 3192
f 3175 3178 3193
f 3193 3178 3194
f 3181 3184 3179
f 3179 3184 3195
f 3197 3198 3196
f 3196 3198 3180
f 3200 3178 3199
f 3199 3178 3177
f 3202 3196 3201
f 3201 3196 3195
f 3204 3184 3203
f 3203 3184 3183
f 3206 3207 3205
f 3205 3207 3186
f 3205 3186 3208
f 3208 3186 3189
f 3209 3208 3191
f 3191 3208 3189
f 3210 3194 3200
f 3200 3194 3178
f 3201 3195 3204
f 3204 3195 3184
f 3197 3211 3177
f 3177 3211 3199
f 3213 3214 3212
f 3212 3214 3215
f 3217 3218 3216
f 3216 3218 3219
f 3221 3222 3220
f 3220 3222 3223
f 3225 3226 3224
f 3224 3226 3227
f 3229 3230 3228
f 3228 3230 3231
f 3233 3234 3232
f 3232 3234 3235
f 3237 3238 3236
f 3236 3238 3239
f 3238 3240 3239
f 3239 3240 3241
f 3232 3235 3242
f 3242 3235 3243
f 3245 3246 3244
f 3244 3246 3247
f 3248 3249 3245
f 3245 3249 3246
f 3251 3252 3250
f 3250 3252 3253
f 3255 3252 3254
f 3254 3252 3251
f 3256 3257 3259
f 3259 3257 3258
f 3261 3262 3260
f 3260 3262 3263
f 3265 3263 3264
f 3264 3263 3262
f 3256 3259 3266
f 3266 3259 3267
f 3269 3270 3268
f 3268 3270 3271
f 3269 3272 3270
f 3270 3272 3273
f 3274 3275 3277
f 3277 3275 3276
f 3278 3279 3276
f 3276 3279 3277
f 3281 3282 3280
f 3280 3282 3283
f 3280 3284 3281
f 3281 3284 3285
f 3287 3288 3286
f 3286 3288 3289
f 3290 3291 3288
f 3288 3291 3289
f 3234 3218 3235
f 3235 3218 3217
f 3232 3292 3233
f 3233 3292 3293
f 3239 3294 3236
f 3236 3294 3219
f 3233 3293 3237
f 3237 3293 3295
f 3296 3294 3241
f 3241 3294 3239
f 3240 3238 3297
f 3297 3238 3298
f 3217 3216 3235
f 3235 3216 3243
f 3297 3299 3240
f 3240 3299 3242
f 3246 3300 3247
f 3247 3300 3223
f 3301 3302 3254
f 3254 3302 3244
f 3249 3303 3246
f 3246 3303 3300
f 3245 3304 3248
f 3248 3304 3292
f 3252 3221 3253
f 3253 3221 3220
f 3250 3248 3299
f 3299 3248 3292
f 3222 3221 3255
f 3255 3221 3252
f 3297 3301 3251
f 3251 3301 3254
f 3258 3214 3259
f 3259 3214 3213
f 3257 3256 3304
f 3304 3256 3305
f 3263 3306 3260
f 3260 3306 3215
f 3261 3257 3302
f 3302 3257 3304
f 3307 3306 3265
f 3265 3306 3263
f 3262 3301 3264
f 3264 3301 3308
f 3259 3213 3267
f 3267 3213 3212
f 3308 3309 3264
f 3264 3309 3266
f 3270 3310 3271
f 3271 3310 3231
f 3311 3312 3278
f 3278 3312 3268
f 3270 3273 3310
f 3310 3273 3313
f 3272 3269 3305
f 3305 3269 3314
f 3277 3229 3274
f 3274 3229 3228
f 3275 3272 3309
f 3309 3272 3305
f 3279 3230 3277
f 3277 3230 3229
f 3276 3308 3278
f 3278 3308 3311
f 3281 3315 3282
f 3282 3315 3227
f 3290 3316 3283
f 3283 3316 3317
f 3281 3285 3315
f 3315 3285 3318
f 3284 3280 3314
f 3314 3280 3319
f 3289 3225 3286
f 3286 3225 3224
f 3287 3284 3312
f 3284 3314 3312
f 3291 3226 3289
f 3289 3226 3225
f 3288 3311 3290
f 3290 3311 3316
f 3212 3215 3307
f 3307 3215 3306
f 3294 3296 3219
f 3219 3296 3216
f 3303 3220 3300
f 3300 3220 3223
f 3224 3227 3318
f 3318 3227 3315
f 3228 3231 3313
f 3313 3231 3310
f 3234 3233 3236
f 3236 3233 3237
f 3243 3241 3242
f 3242 3241 3240
f 3247 3255 3244
f 3244 3255 3254
f 3253 3249 3250
f 3250 3249 3248
f 3260 3258 3261
f 3261 3258 3257
f 3266 3267 3264
f 3264 3267 3265
f 3268 3271 3278
f 3278 3271 3279
f 3274 3273 3275
f 3275 3273 3272
f 3283 3282 3290
f 3290 3282 3291
f 3286 3285 3287
f 3287 3285 3284
f 3218 3234 3219
f 3219 3234 3236
f 3295 3298 3237
f 3237 3298 3238
f 3216 3296 3243
f 3243 3296 3241
f 3242 3299 3232
f 3232 3299 3292
f 3223 3222 3247
f 3247 3222 3255
f 3244 3302 3245
f 3245 3302 3304
f 3303 3249 3220
f 3220 3249 3253
f 3297 3251 3299
f 3299 3251 3250
f 3215 3214 3260
f 3260 3214 3258
f 3301 3262 3302
f 3302 3262 3261
f 3212 3307 3267
f 3267 3307 3265
f 3266 3309 3256
f 3256 3309 3305
f 3271 3231 3279
f 3279 3231 3230
f 3268 3312 3269
f 3269 3312 3314
f 3228 3313 3274
f 3274 3313 3273
f 3308 3276 3309
f 3309 3276 3275
f 3282 3227 3291
f 3291 3227 3226
f 3317 3319 3283
f 3283 3319 3280
f 3224 3318 3286
f 3286 3318 3285
f 3312 3311 3287
f 3311 3288 3287
f 3320 3321 3194
f 3194 3321 3193
f 1375 3321 1121
f 1121 3321 3322
f 3323 3324 3322
f 3322 3324 3192
f 3175 1124 3176
f 3176 1124 1123
f 3179 3195 3180
f 3180 3195 3196
f 3181 1131 3182
f 3182 1131 1130
f 3207 3185 3186
f 3186 3185 3187
f 1136 3188 1133
f 1133 3188 3187
f 3190 3188 1137
f 1137 3188 1136
f 3193 1159 3175
f 3175 1159 1124
f 3179 1128 3181
f 3181 1128 1131
f 1533 3198 1123
f 1123 3198 3176
f 3321 1375 3193
f 3193 1375 1159
f 3321 3320 3322
f 3322 3320 3323
f 1122 1121 3192
f 3192 1121 3322
f 3194 3210 3320
f 3320 3210 3325
f 3324 3323 3327
f 3327 3323 3326
f 3320 3325 3323
f 3323 3325 3326
f 3208 3328 3205
f 3205 3328 3329
f 3330 3206 3329
f 3329 3206 3205
f 3203 3331 3204
f 3204 3331 3332
f 3210 3333 3325
f 3325 3333 3334
f 3325 3334 3326
f 3326 3334 3335
f 3327 3326 3336
f 3336 3326 3335
f 3327 3209 3324
f 3324 3209 3191
f 3190 3192 3191
f 3191 3192 3324
f 3338 3339 3337
f 3337 3339 3340
f 3338 3341 3339
f 3339 3341 3342
f 3341 3343 3342
f 3342 3343 3344
f 3343 3345 3344
f 3344 3345 3346
f 3345 3347 3346
f 3346 3347 3348
f 3347 3349 3348
f 3348 3349 3350
f 3337 3340 3351
f 3351 3340 3352
f 3351 3352 3353
f 3353 3352 3354
f 3353 3354 3355
f 3355 3354 3356
f 3350 3349 3357
f 3357 3349 3358
f 3355 3356 3359
f 3359 3356 3360
f 3359 3360 3361
f 3361 3360 3362
f 3361 3362 3363
f 3363 3362 3364
f 3363 3364 3358
f 3358 3364 3357
f 3339 3342 3365
f 3365 3342 3366
f 3342 3344 3366
f 3366 3344 3367
f 3344 3346 3367
f 3367 3346 3368
f 3346 3348 3368
f 3368 3348 3369
f 3348 3350 3369
f 3369 3350 3370
f 3368 3369 3371
f 3371 3369 3372
f 3369 3370 3372
f 3372 3370 3373
f 3373 3374 3372
f 3372 3374 3375
f 3377 3378 3376
f 3376 3378 3379
f 3377 3375 3378
f 3378 3375 3374
f 3375 3380 3372
f 3372 3380 3371
f 3377 3381 3375
f 3375 3381 3380
f 3376 3382 3377
f 3377 3382 3381
f 3384 3385 3383
f 3383 3385 3386
f 3384 3383 3388
f 3388 3383 3387
f 3388 3387 3389
f 3389 3387 3390
f 3392 3385 3391
f 3391 3385 3384
f 3388 3393 3384
f 3384 3393 3391
f 3389 3394 3388
f 3388 3394 3393
f 3389 3395 3394
f 3394 3395 3396
f 3395 3389 3397
f 3397 3389 3390
f 3339 3365 3340
f 3340 3365 3398
f 3340 3398 3352
f 3352 3398 3399
f 3371 3400 3368
f 3368 3400 3367
f 3400 3401 3367
f 3367 3401 3366
f 3366 3401 3365
f 3365 3401 3402
f 3398 3365 3403
f 3403 3365 3402
f 3398 3403 3399
f 3399 3403 3404
f 3403 3405 3404
f 3404 3405 3406
f 3352 3399 3354
f 3354 3399 3407
f 3399 3404 3407
f 3407 3404 3408
f 3404 3406 3408
f 3408 3406 3409
f 3405 3410 3406
f 3406 3410 3411
f 3410 3412 3411
f 3411 3412 3413
f 3397 3414 3395
f 3395 3414 3415
f 3417 3415 3416
f 3416 3415 3412
f 3410 3418 3412
f 3412 3418 3416
f 3410 3405 3418
f 3418 3405 3419
f 3405 3403 3419
f 3419 3403 3402
f 3370 3350 3420
f 3420 3350 3357
f 3373 3370 3421
f 3421 3370 3420
f 3374 3373 3422
f 3422 3373 3421
f 3378 3374 3423
f 3423 3374 3422
f 3378 3423 3379
f 3379 3423 3424
f 3424 3425 3379
f 3379 3425 3386
f 3383 3426 3387
f 3387 3426 3427
f 3387 3427 3390
f 3390 3427 3428
f 3390 3428 3397
f 3397 3428 3429
f 3429 3430 3397
f 3397 3430 3414
f 3411 3413 3431
f 3431 3413 3432
f 3406 3411 3409
f 3409 3411 3431
f 3401 3400 3335
f 3335 3400 3336
f 3401 3335 3402
f 3402 3335 3334
f 3402 3334 3419
f 3419 3334 3333
f 3419 3333 3418
f 3418 3333 3433
f 3418 3433 3416
f 3416 3433 3434
f 3435 3417 3434
f 3434 3417 3416
f 3394 3396 3436
f 3436 3396 3437
f 3393 3394 3332
f 3332 3394 3436
f 3393 3332 3391
f 3391 3332 3331
f 3330 3392 3331
f 3331 3392 3391
f 3382 3329 3381
f 3381 3329 3328
f 3354 3407 3356
f 3356 3407 3438
f 3356 3438 3360
f 3360 3438 3439
f 3360 3439 3362
f 3362 3439 3440
f 3362 3440 3364
f 3364 3440 3441
f 3364 3441 3357
f 3357 3441 3420
f 3421 3420 3442
f 3442 3420 3441
f 3442 3441 3443
f 3443 3441 3440
f 3443 3440 3444
f 3444 3440 3439
f 3444 3439 3445
f 3445 3439 3438
f 3445 3438 3408
f 3408 3438 3407
f 3422 3421 3446
f 3446 3421 3442
f 3446 3442 3447
f 3447 3442 3443
f 3447 3443 3448
f 3448 3443 3444
f 3448 3444 3449
f 3449 3444 3445
f 3449 3445 3409
f 3409 3445 3408
f 3409 3431 3449
f 3449 3431 3450
f 3449 3450 3448
f 3448 3450 3451
f 3451 3452 3448
f 3448 3452 3447
f 3447 3452 3446
f 3446 3452 3453
f 3446 3453 3422
f 3422 3453 3423
f 3424 3423 3454
f 3454 3423 3453
f 3452 3455 3453
f 3453 3455 3454
f 3452 3451 3455
f 3455 3451 3456
f 3450 3457 3451
f 3451 3457 3456
f 3431 3432 3450
f 3450 3432 3457
f 3454 3458 3424
f 3424 3458 3425
f 3427 3426 3459
f 3459 3426 3460
f 3428 3427 3461
f 3461 3427 3459
f 3428 3461 3429
f 3429 3461 3462
f 3462 3463 3429
f 3429 3463 3430
f 3464 3465 3462
f 3462 3465 3463
f 3455 3466 3454
f 3454 3466 3458
f 3465 3464 3466
f 3466 3464 3467
f 3461 3459 3468
f 3468 3459 3469
f 3468 3469 3464
f 3464 3469 3467
f 3464 3462 3468
f 3468 3462 3461
f 3459 3460 3469
f 3469 3460 3467
f 3295 3351 3298
f 3298 3351 3353
f 3353 3355 3298
f 3298 3355 3297
f 3297 3355 3301
f 3301 3355 3359
f 3301 3359 3308
f 3308 3359 3361
f 3308 3361 3311
f 3311 3361 3363
f 3311 3363 3316
f 3316 3363 3358
f 3316 3358 3317
f 3317 3358 3349
f 3349 3347 3317
f 3317 3347 3319
f 3347 3345 3319
f 3319 3345 3314
f 3345 3343 3314
f 3314 3343 3305
f 3343 3341 3305
f 3305 3341 3304
f 3304 3341 3292
f 3292 3341 3338
f 3292 3338 3293
f 3293 3338 3337
f 3293 3337 3295
f 3295 3337 3351
f 3437 3202 3436
f 3436 3202 3201
f 3436 3201 3332
f 3332 3201 3204
f 3433 3200 3434
f 3434 3200 3199
f 3211 3435 3199
f 3199 3435 3434
f 3333 3210 3433
f 3433 3210 3200
f 3380 3470 3371
f 3400 3371 3336
f 3336 3371 3470
f 3381 3328 3380
f 3380 3328 3470
f 3470 3328 3209
f 3209 3328 3208
f 3336 3470 3327
f 3327 3470 3209
f 1545 1763 1546
f 1546 1763 1762
f 1403 1546 773
f 773 1546 770
f 1221 3013 1220
f 1220 3013 3471
f 1305 2877 1306
f 1306 2877 2879
f 1220 3471 828
f 828 3471 829
f 1217 1754 3472
f 3472 1754 1756
f 1049 3473 1048
f 1048 3473 3474
f 1371 1179 3473
f 3473 1179 3474
f 1074 3475 1179
f 1179 3475 3474
f 3474 3475 1048
f 1048 3475 1056
f 919 666 1345
f 1345 666 665
f 856 680 919
f 919 680 666
f 679 680 1449
f 1449 680 858
f 1367 878 1500
f 1500 878 877
f 1366 908 1367
f 1367 908 878
f 1512 916 1513
f 1513 916 915
f 947 1368 948
f 948 1368 1369
f 1047 1021 1044
f 1044 1021 1020
f 1370 1049 1019
f 1019 1049 1020
f 1173 1030 1174
f 1174 1030 1033
f 3126 1188 1464
f 1464 1188 1187
f 1800 1451 1512
f 1512 1451 916
f 1175 1174 1186
f 1186 1174 1187
f 1030 1173 1047
f 1047 1173 1021
f 1513 915 3476
f 3476 915 1481
f 1345 665 3477
f 3477 665 1483
f 1502 1501 876
f 876 1501 877
f 1205 1451 1803
f 1803 1451 1802
f 3479 2832 3478
f 3478 2832 2831
f 1449 858 2927
f 2927 858 2922
f 908 1366 947
f 947 1366 1368
f 949 948 3126
f 3126 948 1188
f 3480 3135 1502
f 1502 3135 1501
f 2927 2922 3157
f 3157 2922 3152
f 3477 1483 3479
f 3479 1483 2832
f 1803 1802 3151
f 3151 1802 3152
f 663 658 664
f 664 658 657
f 655 658 939
f 939 658 706
f 1512 870 1800
f 1800 870 869
f 875 874 876
f 876 874 873
f 849 874 905
f 905 874 958
f 949 962 946
f 946 962 961
f 978 3126 979
f 979 3126 1464
f 1031 1168 1032
f 1032 1168 1022
f 1045 1013 1046
f 1046 1013 1012
f 1045 1044 1056
f 1056 1044 1048
f 1047 1046 1030
f 1030 1046 1031
f 939 706 940
f 940 706 1450
f 979 1464 1032
f 1032 1464 1033
f 3480 1478 3476
f 3476 1478 3134
f 2829 1487 2830
f 2830 1487 1486
f 848 1230 873
f 873 1230 1479
f 867 870 933
f 933 870 1514
f 1800 869 1801
f 1801 869 1799
f 2830 1486 1325
f 1325 1486 2833
f 940 1450 2925
f 2925 1450 2928
f 946 961 907
f 907 961 958
f 959 962 977
f 977 962 978
f 3476 3134 1513
f 1513 3134 1514
f 2925 2928 3155
f 3155 2928 3158
f 1325 2833 656
f 656 2833 657
f 1801 1799 3157
f 3157 1799 3158
f 1074 1055 3475
f 3475 1055 1056
f 1371 3473 1370
f 1370 3473 1049
f 2884 615 3481
f 3481 615 618
f 3478 2831 2846
f 2846 2831 617
f 2831 1484 617
f 617 1484 618
f 1484 1487 618
f 618 1487 3481
f 2848 3481 2829
f 2829 3481 1487
f 1480 1517 1161
f 1161 1517 1162
f 3129 1323 1455
f 1455 1323 1322
f 3129 3134 1323
f 1323 3134 1478
f 1535 3173 1515
f 1515 3173 1516
f 3085 3095 3137
f 3137 3095 3094
f 3137 3094 3138
f 3138 3094 3104
f 3117 3139 3105
f 3105 3139 3106
f 1138 1141 3127
f 3127 1141 3128
f 3081 3131 1264
f 1264 3131 3130
f 1227 1226 3132
f 3132 1226 3133
f 1264 3130 1229
f 1229 3130 1322
f 1160 1501 1161
f 1161 1501 3135
f 1141 1476 3128
f 3128 1476 3136
f 1226 1163 3133
f 3133 1163 1162
f 1363 1138 1515
f 1515 1138 3127
f 3084 3095 3081
f 3081 3095 3131
f 3089 884 3105
f 3105 884 3140
f 884 883 3140
f 3140 883 3141
f 883 3482 3141
f 3141 3482 3142
f 3476 1481 3480
f 3480 1481 3135
f 1502 1479 3480
f 3480 1479 1478
f 3168 463 440
f 714 1880 715
f 715 1880 2905
f 896 732 2970
f 2970 732 731
f 1263 834 3082
f 3082 834 833
f 898 1231 853
f 853 1231 854
f 3125 890 2931
f 2931 890 889
f 1237 893 2851
f 2851 893 892
f 898 853 899
f 899 853 963
f 988 987 989
f 989 987 986
f 1002 1007 1003
f 1003 1007 1006
f 1038 1036 1007
f 1007 1036 1004
f 1070 1052 1005
f 1005 1052 1006
f 1069 1067 1070
f 1070 1067 1052
f 1130 1129 1134
f 1134 1129 1135
f 879 1167 880
f 880 1167 1166
f 1171 1169 1037
f 1037 1169 1038
f 1085 1180 1069
f 1069 1180 1067
f 1209 1210 879
f 879 1210 1167
f 2885 1215 1754
f 1754 1215 1214
f 1263 855 834
f 834 855 854
f 708 1244 1826
f 1826 1244 1243
f 2909 894 1254
f 1254 894 893
f 1228 1361 964
f 964 1361 1360
f 2908 2907 1436
f 1436 2907 1437
f 2990 1440 2991
f 2991 1440 1439
f 964 1360 965
f 965 1360 1454
f 950 1457 951
f 951 1457 1456
f 970 1463 971
f 971 1463 1462
f 1025 1169 984
f 984 1169 986
f 1084 1097 1469
f 1469 1097 1470
f 1096 1115 1474
f 1474 1115 1475
f 1140 1361 1141
f 1141 1361 1476
f 1212 1495 2828
f 2828 1495 1494
f 880 1166 1452
f 1452 1166 1499
f 715 2905 1504
f 1504 2905 2906
f 954 1519 955
f 955 1519 1518
f 1026 1520 992
f 992 1520 1518
f 1029 1520 1043
f 1043 1520 1521
f 997 1522 1040
f 1040 1522 1521
f 1015 1522 1016
f 1016 1522 1523
f 1523 996 1524
f 1524 996 1062
f 1057 1060 1525
f 1525 1060 1524
f 1094 1528 1082
f 1082 1528 1527
f 1526 1528 1089
f 1089 1528 1529
f 1090 1531 1108
f 1108 1531 1530
f 1125 1533 1126
f 1126 1533 1532
f 3483 1755 727
f 727 1755 1214
f 735 1814 707
f 707 1814 1813
f 2891 1834 1246
f 1246 1834 1243
f 2904 1881 1847
f 1847 1881 1848
f 1852 1855 1853
f 1853 1855 1858
f 1902 2903 1877
f 1877 2903 1878
f 2903 2904 1878
f 1878 2904 1847
f 714 713 1848
f 1848 713 1849
f 1440 2990 1883
f 1883 2990 2989
f 1883 2989 1852
f 1852 2989 1855
f 2895 1888 2892
f 2892 1888 1887
f 774 777 1877
f 1877 777 1903
f 1251 2835 1252
f 1252 2835 2834
f 1213 2844 1212
f 1212 2844 1495
f 2851 892 1213
f 1213 892 2844
f 3123 2911 3124
f 3124 2911 2910
f 887 2929 888
f 888 2929 889
f 1435 2963 1436
f 1436 2963 2961
f 1253 1438 1254
f 1254 1438 1437
f 2970 731 735
f 735 731 1814
f 733 732 2885
f 2885 732 1215
f 2901 2902 2976
f 2976 2902 2977
f 2975 2982 2976
f 2976 2982 2979
f 2899 2900 2981
f 2981 2900 2979
f 2899 2981 2898
f 2898 2981 2983
f 2986 2985 2984
f 2984 2985 2983
f 2897 2985 2896
f 2896 2985 2988
f 2991 1439 2987
f 2987 1439 2988
f 777 2978 1903
f 1903 2978 2977
f 1885 1888 1858
f 1858 1888 1853
f 3090 3088 836
f 836 3088 833
f 3083 3088 3097
f 3097 3088 3096
f 3097 3096 3104
f 3104 3096 3106
f 3111 3116 3108
f 3108 3116 3109
f 3112 3111 3114
f 3114 3111 3108
f 3113 3122 3114
f 3114 3122 3115
f 891 890 2837
f 2837 890 2834
f 951 1456 954
f 954 1456 1519
f 967 1457 936
f 936 1457 1454
f 971 1462 902
f 902 1462 963
f 1461 1463 988
f 988 1463 987
f 1466 1468 1474
f 1474 1468 1470
f 1089 1529 1090
f 1090 1529 1531
f 1184 1181 1469
f 1469 1181 1180
f 1082 1527 1061
f 1061 1527 1525
f 1129 1473 1135
f 1135 1473 1475
f 1108 1530 1105
f 1105 1530 1532
f 1452 1499 3132
f 3132 1499 3136
f 3109 3116 3139
f 3139 3116 3138
f 2912 2911 887
f 887 2911 2929
f 2836 2835 1497
f 1497 2835 1494
f 2913 3102 2910
f 2910 3102 3115
f 1133 3187 1134
f 1134 3187 3185
f 3177 3176 3197
f 3197 3176 3198
f 3203 3183 3206
f 3206 3183 3207
f 3196 3202 3197
f 3197 3202 3211
f 3183 3182 3207
f 3207 3182 3185
f 1125 3180 1533
f 1533 3180 3198
f 3331 3203 3330
f 3330 3203 3206
f 3376 3379 3385
f 3385 3379 3386
f 3382 3376 3392
f 3392 3376 3385
f 3412 3415 3413
f 3413 3415 3414
f 3417 3396 3415
f 3415 3396 3395
f 3383 3386 3426
f 3426 3386 3425
f 3413 3414 3432
f 3432 3414 3430
f 3437 3396 3435
f 3435 3396 3417
f 3329 3382 3330
f 3330 3382 3392
f 3426 3425 3460
f 3460 3425 3458
f 3432 3430 3457
f 3457 3430 3463
f 3457 3463 3456
f 3456 3463 3465
f 3460 3458 3467
f 3467 3458 3466
f 3466 3455 3465
f 3465 3455 3456
f 3202 3437 3211
f 3211 3437 3435
f 3104 3106 3138
f 3138 3106 3139
f 3132 3136 1227
f 1227 3136 1476
f 943 687 600
f 600 687 601
f 596 625 667
f 667 625 1297
f 687 686 601
f 601 686 653
f 1319 784 711
f 711 784 712
f 1811 607 783
f 783 607 712
f 862 921 917
f 917 921 920
f 3478 925 3479
f 3479 925 924
f 2846 926 3478
f 3478 926 925
f 659 662 929
f 929 662 930
f 856 921 857
f 857 921 1204
f 1206 864 1207
f 1207 864 863
f 2876 1219 2877
f 2877 1219 1218
f 667 1297 593
f 593 1297 1296
f 917 920 1333
f 1333 920 1346
f 686 693 653
f 653 693 930
f 1277 913 1498
f 1498 913 1207
f 592 1536 610
f 610 1536 711
f 864 1206 1805
f 1805 1206 1804
f 1317 1536 1900
f 1900 1536 1809
f 1900 1809 1295
f 1295 1809 1296
f 3479 924 3477
f 3477 924 2824
f 927 926 1203
f 1203 926 2847
f 3484 2859 3032
f 3032 2859 3033
f 3472 2878 1217
f 1217 2878 1218
f 2889 2888 2880
f 2880 2888 2881
f 2886 2883 2887
f 2887 2883 2882
f 929 928 2847
f 2847 928 1203
f 857 1204 2921
f 2921 1204 2926
f 1820 1819 2882
f 2882 1819 2881
f 1821 2883 2876
f 2876 2883 1219
f 782 2889 783
f 783 2889 2880
f 1352 3034 1353
f 1353 3034 3033
f 3031 3034 3041
f 3041 3034 3043
f 944 943 3043
f 3043 943 600
f 1339 3145 1498
f 1498 3145 3143
f 1208 882 3148
f 3148 882 3143
f 2921 2926 3151
f 3151 2926 3156
f 3477 2824 1345
f 1345 2824 1346
f 1805 1804 3154
f 3154 1804 3156
f 886 3103 883
f 883 3103 3482
f 841 1248 3485
f 3485 1248 3121
f 2811 2819 2812
f 2812 2819 2816
f 2818 2815 2817
f 2817 2815 2806
f 2817 2816 2818
f 2818 2816 2819
f 2793 2795 2819
f 2819 2795 2818
f 243 352 2793
f 2793 352 2795
f 242 353 243
f 243 353 352
f 359 191 242
f 242 191 353
f 247 192 359
f 359 192 191
f 157 193 247
f 247 193 192
f 156 194 157
f 157 194 193
f 378 261 156
f 156 261 194
f 378 381 261
f 261 381 195
f 195 381 196
f 196 381 376
f 196 376 198
f 198 376 375
f 375 1776 198
f 198 1776 197
f 1776 1767 197
f 197 1767 274
f 181 274 199
f 199 274 1767
f 568 566 564
f 564 566 563
f 568 569 566
f 566 569 567
f 501 1773 1771
f 1771 1773 578
f 547 579 1773
f 1773 579 578
f 3486 470 474
f 474 470 469
f 450 582 3487
f 3487 582 3488
f 582 583 3488
f 3488 583 3489
f 583 584 3489
f 3489 584 3490
f 3490 584 3491
f 3491 584 543
f 470 3486 466
f 466 3486 467
f 3489 3490 503
f 503 3490 504
f 503 3492 3489
f 3489 3492 3488
f 3492 503 3493
f 3493 503 502
f 3495 3492 3494
f 3494 3492 3493
f 3487 3488 3495
f 3495 3488 3492
f 468 1774 465
f 465 1774 570
f 3494 3493 1775
f 1775 3493 1771
f 3490 3491 504
f 504 3491 1772
f 3491 543 1772
f 1772 543 548
f 450 3487 474
f 474 3487 3486
f 3495 467 3487
f 3487 467 3486
f 3494 468 3495
f 3495 468 467
f 468 3494 1774
f 1774 3494 1775
f 501 1771 502
f 502 1771 3493
f 527 366 384
f 384 366 365
f 522 524 527
f 527 524 366
f 521 534 522
f 522 534 524
f 530 535 521
f 521 535 534
f 508 486 513
f 513 486 532
f 513 532 541
f 541 532 535
f 667 668 596
f 596 668 597
f 1294 1297 624
f 624 1297 625
f 603 641 604
f 604 641 640
f 1290 1293 650
f 650 1293 651
f 1758 691 660
f 660 691 661
f 602 671 599
f 599 671 670
f 654 662 690
f 690 662 661
f 2856 598 695
f 695 598 597
f 602 654 671
f 671 654 690
f 604 640 676
f 676 640 704
f 1826 1829 708
f 708 1829 709
f 1288 1284 740
f 740 1284 741
f 755 754 758
f 758 754 759
f 2853 2856 932
f 932 2856 695
f 689 691 1192
f 1192 691 1193
f 784 1319 1240
f 1240 1319 1241
f 1813 1816 1244
f 1244 1816 1245
f 754 1288 759
f 759 1288 740
f 1894 1242 1318
f 1318 1242 1241
f 2867 1348 1418
f 1418 1348 1347
f 676 704 673
f 673 704 1347
f 1284 1287 741
f 741 1287 1419
f 1421 1426 1422
f 1422 1426 1425
f 1758 660 615
f 615 660 616
f 1192 1191 1421
f 1421 1191 1426
f 2962 1839 1504
f 1504 1839 1505
f 941 1194 1759
f 1759 1194 1193
f 1287 1537 1419
f 1419 1537 1760
f 1882 2893 1823
f 1823 2893 1824
f 1886 1891 1827
f 1827 1891 1828
f 1887 1886 1834
f 1834 1886 1827
f 1841 716 1838
f 1838 716 1505
f 782 784 1850
f 1850 784 1240
f 1239 1242 1863
f 1863 1242 1864
f 1242 1894 1864
f 1864 1894 1873
f 1822 1239 1823
f 1823 1239 1863
f 1318 1317 1895
f 1895 1317 1900
f 1894 1896 1873
f 1873 1896 1897
f 1291 1896 1292
f 1292 1896 1895
f 605 1898 606
f 606 1898 1897
f 1258 1257 2854
f 2854 1257 2855
f 1257 1351 2855
f 2855 1351 2857
f 1351 1353 2857
f 2857 1353 2858
f 1353 3033 2858
f 2858 3033 2859
f 2860 2861 3036
f 3036 2861 3037
f 2862 2863 2870
f 2870 2863 3039
f 2870 2869 2862
f 2862 2869 2864
f 2868 2865 2869
f 2869 2865 2864
f 1764 2866 2868
f 2868 2866 2865
f 1537 1199 1760
f 1760 1199 1348
f 615 2884 1758
f 1758 2884 1759
f 1825 1246 2890
f 2890 1246 1245
f 2893 2892 1824
f 1824 2892 2891
f 761 2960 758
f 758 2960 2906
f 3000 2943 2940
f 2940 2943 2941
f 2968 710 2950
f 2950 710 709
f 1764 1423 2866
f 2866 1423 2953
f 1423 645 2953
f 2953 645 2954
f 645 644 2954
f 2954 644 2955
f 644 738 2955
f 2955 738 2956
f 738 764 2956
f 2956 764 2957
f 764 763 2957
f 2957 763 2958
f 763 2908 2958
f 2958 2908 2959
f 2908 1436 2959
f 2959 1436 2961
f 1837 2964 1435
f 1435 2964 2963
f 1837 2937 2964
f 2964 2937 2965
f 2936 2968 2966
f 2966 2968 2950
f 1840 2942 1838
f 1838 2942 2941
f 2939 2949 2940
f 2940 2949 3006
f 2939 2942 2966
f 2966 2942 2965
f 1822 1825 1850
f 1850 1825 2890
f 1891 3005 1828
f 1828 3005 3006
f 3035 3038 3045
f 3045 3038 3042
f 3045 3044 3035
f 3035 3044 3040
f 669 1422 3045
f 3045 1422 3044
f 599 670 3041
f 3041 670 3042
f 931 3067 932
f 932 3067 3065
f 2853 3066 2854
f 2854 3066 3076
f 3067 3496 3065
f 3065 3496 3497
f 3066 3498 3076
f 3076 3498 3499
f 707 1813 708
f 708 1813 1244
f 2960 2962 2906
f 2906 2962 1504
f 2892 1887 2891
f 2891 1887 1834
f 1839 2962 2963
f 2963 2962 2961
f 595 626 596
f 596 626 625
f 623 626 3484
f 3484 626 2859
f 1291 1290 606
f 606 1290 603
f 1290 650 603
f 603 650 641
f 641 650 642
f 642 650 649
f 2860 2863 649
f 649 2863 642
f 3036 3039 2860
f 2860 3039 2863
f 3035 3040 3036
f 3036 3040 3039
f 1294 1293 1295
f 1295 1293 1292
f 624 651 1294
f 1294 651 1293
f 623 652 624
f 624 652 651
f 3484 2861 623
f 623 2861 652
f 3032 3037 3484
f 3484 3037 2861
f 3031 3038 3032
f 3032 3038 3037
f 3481 2848 2884
f 2884 2848 942
f 2846 617 1427
f 1427 617 616
f 3049 3167 3048
f 3048 3167 3500
f 1906 3048 3070
f 3070 3048 3500
f 1337 1768 3501
f 3501 1768 3502
f 3020 3503 3021
f 3021 3503 3024
f 2914 3023 3020
f 3020 3023 3503
f 859 1770 860
f 860 1770 3504
f 1336 3505 1768
f 1768 3505 3502
f 3065 3497 3066
f 3066 3497 3498
f 2814 3075 3067
f 3067 3075 3496
f 2839 3174 766
f 766 3174 3017
f 1337 3501 1338
f 1338 3501 1769
f 767 3018 3026
f 3026 3018 3506
f 3076 3499 3064
f 3064 3499 3507
f 727 730 3483
f 3483 730 3030
f 3064 3507 2871
f 2871 3507 3077
f 3100 3160 1786
f 1786 3160 1784
f 3026 3506 752
f 752 3506 3015
f 860 3504 2923
f 2923 3504 3508
f 753 3016 3027
f 3027 3016 3509
f 3027 3509 3008
f 3008 3509 3028
f 1782 1785 1783
f 1783 1785 3022
f 2923 3508 3153
f 3153 3508 3161
f 3148 3149 1208
f 1208 3149 3150
f 1335 1328 3510
f 3510 1328 1327
f 1336 1335 3505
f 3505 1335 3510
f 866 3511 1340
f 1340 3511 3146
f 865 1808 866
f 866 1808 3511
f 842 841 3159
f 3159 841 3485
f 2849 3512 1329
f 1329 3512 1326
f 1202 1331 2849
f 2849 1331 3512
f 3514 3515 3513
f 3513 3515 3516
f 3518 3516 3517
f 3517 3516 3515
f 3519 3520 3514
f 3514 3520 3515
f 3522 3523 3521
f 3521 3523 3524
f 3526 3527 3525
f 3525 3527 3528
f 3530 3531 3529
f 3529 3531 3532
f 3534 3535 3533
f 3533 3535 3536
f 3529 3532 3537
f 3537 3532 3538
f 3537 3539 3529
f 3529 3539 3540
f 3542 3543 3541
f 3541 3543 3544
f 3546 3547 3545
f 3545 3547 3548
f 3550 3534 3549
f 3549 3534 3533
f 3550 3543 3551
f 3551 3543 3552
f 3537 3545 3539
f 3539 3545 3548
f 3553 3554 3556
f 3556 3554 3555
f 3537 3557 3545
f 3545 3557 3546
f 3558 3559 3561
f 3561 3559 3560
f 3563 3564 3562
f 3562 3564 3565
f 3564 3563 3566
f 3566 3563 3567
f 3569 3570 3568
f 3568 3570 3571
f 3573 3574 3572
f 3572 3574 3575
f 3577 3578 3576
f 3576 3578 3579
f 3581 3582 3580
f 3580 3582 3583
f 3585 3586 3584
f 3584 3586 3579
f 3586 3587 3579
f 3579 3587 3576
f 3589 3590 3588
f 3588 3590 3591
f 3592 3593 3595
f 3595 3593 3594
f 3597 3598 3596
f 3596 3598 3595
f 3583 3600 3599
f 3599 3600 3601
f 3603 3599 3602
f 3602 3599 3601
f 3605 3606 3604
f 3604 3606 3607
f 3608 3555 3596
f 3596 3555 3554
f 3597 3610 3609
f 3609 3610 3565
f 3564 3611 3565
f 3565 3611 3609
f 3611 3564 3612
f 3612 3564 3566
f 3613 3614 3569
f 3569 3614 3570
f 3615 3616 3573
f 3573 3616 3574
f 3517 3617 3518
f 3518 3617 3618
f 3620 3621 3619
f 3619 3621 3622
f 3624 3625 3623
f 3623 3625 3626
f 3628 3629 3627
f 3627 3629 3630
f 3632 3633 3631
f 3631 3633 3634
f 3636 3637 3635
f 3635 3637 3638
f 3640 3641 3639
f 3639 3641 3642
f 3643 3644 3639
f 3639 3644 3640
f 3646 3513 3645
f 3645 3513 3647
f 3648 3514 3646
f 3646 3514 3513
f 3649 3519 3648
f 3648 3519 3514
f 3650 3651 3527
f 3527 3651 3652
f 3654 3651 3653
f 3653 3651 3650
f 3568 3571 3655
f 3655 3571 3656
f 3657 3658 3653
f 3653 3658 3659
f 3661 3662 3660
f 3660 3662 3658
f 3664 3665 3663
f 3663 3665 3666
f 3667 3657 3650
f 3650 3657 3653
f 3669 3523 3668
f 3668 3523 3670
f 3672 3673 3671
f 3671 3673 3674
f 3676 3677 3675
f 3675 3677 3678
f 3671 3674 3676
f 3676 3674 3677
f 3680 3681 3679
f 3679 3681 3682
f 3683 3684 3680
f 3680 3684 3681
f 3685 3686 3661
f 3661 3686 3662
f 3686 3687 3662
f 3662 3687 3688
f 3684 3683 3689
f 3689 3683 3690
f 3692 3693 3691
f 3691 3693 3694
f 3691 3694 3695
f 3695 3694 3696
f 3698 3699 3697
f 3697 3699 3700
f 3702 3703 3701
f 3701 3703 3704
f 3705 3706 3519
f 3519 3706 3520
f 3673 3672 3707
f 3707 3672 3708
f 3709 3710 3682
f 3682 3710 3679
f 3711 3712 3692
f 3692 3712 3693
f 3714 3715 3713
f 3713 3715 3716
f 3718 3700 3717
f 3717 3700 3699
f 3720 3721 3719
f 3719 3721 3722
f 3724 3725 3723
f 3723 3725 3726
f 3727 3728 3730
f 3730 3728 3729
f 3722 3721 3731
f 3731 3721 3732
f 3697 3700 3733
f 3733 3700 3714
f 3733 3714 3734
f 3734 3714 3713
f 3721 3723 3732
f 3732 3723 3735
f 3720 3736 3724
f 3724 3736 3737
f 3700 3718 3714
f 3714 3718 3715
f 3717 3699 3738
f 3738 3699 3739
f 3536 3740 3533
f 3533 3740 3540
f 3742 3743 3741
f 3741 3743 3744
f 3746 3747 3745
f 3745 3747 3748
f 3750 3751 3749
f 3749 3751 3752
f 3627 3632 3628
f 3628 3632 3631
f 3754 3755 3753
f 3753 3755 3626
f 3562 3565 3756
f 3756 3565 3610
f 3527 3652 3528
f 3528 3652 3757
f 3758 3524 3669
f 3669 3524 3523
f 3582 3598 3583
f 3583 3598 3600
f 3759 3670 3522
f 3522 3670 3523
f 3675 3678 3760
f 3760 3678 3761
f 3762 3763 3690
f 3690 3763 3689
f 3765 3766 3764
f 3764 3766 3767
f 3768 3739 3698
f 3698 3739 3699
f 3726 3725 3770
f 3770 3725 3769
f 3645 3647 3771
f 3771 3647 3772
f 3645 3678 3646
f 3646 3678 3677
f 3646 3677 3648
f 3648 3677 3674
f 3673 3649 3674
f 3674 3649 3648
f 3707 3773 3673
f 3673 3773 3649
f 3775 3776 3774
f 3774 3776 3777
f 3779 3526 3778
f 3778 3526 3525
f 3526 3779 3667
f 3667 3779 3780
f 3780 3781 3667
f 3667 3781 3657
f 3672 3679 3708
f 3708 3679 3710
f 3671 3680 3672
f 3672 3680 3679
f 3676 3683 3671
f 3671 3683 3680
f 3675 3690 3676
f 3676 3690 3683
f 3760 3762 3675
f 3675 3762 3690
f 3682 3681 3783
f 3783 3681 3782
f 3689 3784 3684
f 3684 3784 3785
f 3684 3785 3681
f 3681 3785 3782
f 3786 3709 3783
f 3783 3709 3682
f 3784 3689 3787
f 3787 3689 3763
f 3789 3557 3788
f 3788 3557 3790
f 3792 3793 3791
f 3791 3793 3794
f 3616 3615 3795
f 3795 3615 3796
f 3797 3798 3727
f 3727 3798 3728
f 3800 3801 3799
f 3799 3801 3802
f 3803 3578 3592
f 3592 3578 3593
f 3805 3806 3804
f 3804 3806 3807
f 3599 3603 3585
f 3585 3603 3586
f 3587 3586 3604
f 3604 3586 3603
f 3588 3591 3794
f 3794 3591 3791
f 3581 3803 3582
f 3582 3803 3592
f 3594 3561 3608
f 3608 3561 3790
f 3662 3688 3808
f 3808 3688 3809
f 3665 3664 3810
f 3810 3664 3811
f 3719 3812 3720
f 3720 3812 3736
f 3717 3813 3718
f 3718 3813 3737
f 3723 3721 3724
f 3724 3721 3720
f 3813 3717 3814
f 3814 3717 3738
f 3815 3816 303
f 303 3816 304
f 3818 3819 3817
f 3817 3819 3820
f 3578 3803 3579
f 3579 3803 3584
f 3558 3593 3577
f 3577 3593 3578
f 3822 3823 3821
f 3821 3823 3824
f 3546 3826 3825
f 3825 3826 3827
f 3828 3829 3547
f 3547 3829 3541
f 3831 3542 3830
f 3830 3542 3832
f 3834 3822 3833
f 3833 3822 3821
f 3835 3836 3827
f 3827 3836 3825
f 3800 3799 3828
f 3828 3799 3829
f 3830 3832 3837
f 3837 3832 3838
f 331 330 3551
f 3551 330 3839
f 3831 333 3552
f 3552 333 332
f 3819 3797 3841
f 3841 3797 3840
f 3513 3516 3647
f 3647 3516 3746
f 337 336 3745
f 3745 336 3772
f 3525 3528 3775
f 3775 3528 3749
f 3610 3597 3554
f 3554 3597 3596
f 3706 3702 3520
f 3520 3702 3701
f 3756 3610 3553
f 3553 3610 3554
f 3757 3750 3528
f 3528 3750 3749
f 3517 3515 3701
f 3701 3515 3520
f 3842 3584 3581
f 3581 3584 3803
f 3525 3775 3778
f 3778 3775 3774
f 3638 3843 3635
f 3635 3843 3618
f 3617 3621 3618
f 3618 3621 3635
f 3617 3517 3704
f 3704 3517 3701
f 3521 3624 3522
f 3522 3624 3623
f 3749 3844 3775
f 3775 3844 3776
f 3846 3847 3845
f 3845 3847 3848
f 3843 3747 3618
f 3618 3747 3518
f 3850 3851 3849
f 3849 3851 3748
f 3853 3854 3852
f 3852 3854 3855
f 3856 3857 3622
f 3622 3857 3619
f 3859 3860 3858
f 3858 3860 3861
f 3862 3844 3752
f 3752 3844 3749
f 3863 3759 3623
f 3623 3759 3522
f 3864 3777 3630
f 3630 3777 3776
f 3713 3865 3734
f 3734 3865 3866
f 3868 3869 3867
f 3867 3869 3870
f 3872 3873 3871
f 3871 3873 3874
f 3876 3877 3875
f 3875 3877 3878
f 3879 3880 3878
f 3878 3880 3881
f 3882 3883 3885
f 3885 3883 3884
f 3780 3886 3781
f 3781 3886 3887
f 3888 3685 3869
f 3869 3685 3661
f 3880 3879 3883
f 3883 3879 3884
f 3693 3783 3694
f 3694 3783 3782
f 3696 3785 3764
f 3764 3785 3784
f 3694 3782 3696
f 3696 3782 3785
f 3693 3786 3783
f 3787 3765 3784
f 3784 3765 3764
f 386 385 3765
f 3765 385 3766
f 3695 3889 3691
f 3691 3889 3890
f 3691 3890 3692
f 3692 3890 3891
f 3892 3711 3891
f 3891 3711 3692
f 3767 3893 3695
f 3695 3893 3889
f 3766 3894 3767
f 3767 3894 3893
f 3882 3885 3895
f 3895 3885 3896
f 3898 3698 3897
f 3897 3698 3697
f 3897 3697 3899
f 3899 3697 3733
f 3899 3733 3900
f 3900 3733 3734
f 3901 3768 3898
f 3898 3768 3698
f 3901 3902 3768
f 3768 3902 3903
f 3904 3905 3907
f 3907 3905 3906
f 3869 3661 3870
f 3870 3661 3660
f 3908 3909 3896
f 3896 3909 3895
f 3909 3758 3895
f 3895 3758 3669
f 3751 3531 3752
f 3752 3531 3848
f 3858 3536 3854
f 3854 3536 3535
f 3652 3562 3757
f 3757 3562 3756
f 3651 3654 3563
f 3563 3654 3567
f 3655 3656 3808
f 3808 3656 3659
f 3530 3740 3845
f 3845 3740 3861
f 3751 3750 3556
f 3556 3750 3553
f 3817 3820 3796
f 3796 3820 3795
f 410 409 3910
f 3910 409 3855
f 3750 3757 3553
f 3553 3757 3756
f 3908 3886 3909
f 3909 3886 3780
f 409 411 3855
f 3855 411 3851
f 413 412 3760
f 3760 412 3762
f 415 414 3763
f 3763 414 3787
f 3790 3557 3538
f 3538 3557 3537
f 3555 3608 3538
f 3538 3608 3790
f 3574 3911 3575
f 3575 3911 3912
f 3535 3534 3910
f 3910 3534 3839
f 3831 3552 3542
f 3542 3552 3543
f 3534 3550 3839
f 3839 3550 3551
f 3543 3550 3544
f 3544 3550 3549
f 3913 3914 3916
f 3916 3914 3915
f 3806 3805 3589
f 3589 3805 3590
f 3849 3843 3917
f 3917 3843 3638
f 3853 3644 3859
f 3859 3644 3742
f 3747 3746 3518
f 3518 3746 3516
f 3695 3696 3767
f 3767 3696 3764
f 3903 3918 3768
f 3768 3918 3739
f 3738 3739 3816
f 3816 3739 3918
f 3919 3920 3769
f 3769 3920 3770
f 3921 3726 3922
f 3922 3726 3770
f 3678 3645 3761
f 3761 3645 3771
f 3924 3913 3923
f 3923 3913 3916
f 3802 3925 3838
f 3838 3925 3837
f 3577 3926 3558
f 3558 3926 3559
f 3815 3919 3814
f 3814 3919 3769
f 3927 3928 3822
f 3822 3928 3823
f 3829 3832 3541
f 3541 3832 3542
f 3834 3927 3822
f 3832 3829 3838
f 3838 3829 3799
f 3745 3772 3746
f 3746 3772 3647
f 3849 3748 3843
f 3843 3748 3747
f 3854 3853 3858
f 3858 3853 3859
f 3854 3535 3855
f 3855 3535 3910
f 3557 3789 3546
f 3546 3789 3826
f 3923 3823 3924
f 3924 3823 3928
f 3823 3923 3929
f 3929 3923 3930
f 3531 3751 3532
f 3532 3751 3556
f 3532 3556 3538
f 3538 3556 3555
f 3932 3634 3931
f 3931 3634 3633
f 3814 3769 3813
f 3813 3769 3725
f 3620 3636 3621
f 3621 3636 3635
f 3847 3862 3848
f 3848 3862 3752
f 3531 3530 3848
f 3848 3530 3845
f 3933 3934 3830
f 3830 3934 3831
f 3925 3933 3837
f 3837 3933 3830
f 3934 440 3831
f 3831 440 333
f 3925 3802 3833
f 3833 3802 3801
f 3776 3844 3630
f 3630 3844 3627
f 3808 3659 3662
f 3662 3659 3658
f 3667 3650 3526
f 3526 3650 3527
f 3935 3666 3936
f 3936 3666 3665
f 3718 3737 3715
f 3715 3737 3736
f 3663 3809 3664
f 3664 3809 3688
f 3807 3806 3938
f 3938 3806 3937
f 445 413 3761
f 3761 413 3760
f 3902 447 3903
f 3903 447 446
f 3897 3890 3898
f 3898 3890 3889
f 3899 3891 3897
f 3897 3891 3890
f 3898 3889 3901
f 3901 3889 3893
f 3893 3894 3901
f 3901 3894 3902
f 414 386 3787
f 3787 386 3765
f 3940 3941 3939
f 3939 3941 3942
f 3840 3797 3943
f 3943 3797 3727
f 3665 3810 3936
f 3936 3810 3944
f 3921 3735 3726
f 3726 3735 3723
f 3920 3945 3770
f 3770 3945 3922
f 3521 3524 3774
f 3774 3524 3778
f 3864 3946 3625
f 3625 3946 3947
f 3773 3705 3649
f 3649 3705 3519
f 3779 3778 3758
f 3758 3778 3524
f 3812 3716 3736
f 3736 3716 3715
f 3624 3521 3777
f 3777 3521 3774
f 3703 3856 3704
f 3704 3856 3622
f 3900 3892 3899
f 3899 3892 3891
f 3641 3917 3642
f 3642 3917 3948
f 3895 3669 3882
f 3882 3669 3668
f 3855 3851 3852
f 3852 3851 3850
f 3894 458 3902
f 3902 458 447
f 3781 3887 3660
f 3660 3887 3870
f 3570 3566 3571
f 3571 3566 3567
f 3950 3576 3949
f 3949 3576 3587
f 3605 3602 3614
f 3614 3602 3612
f 3614 3612 3570
f 3570 3612 3566
f 3571 3567 3656
f 3656 3567 3654
f 3660 3658 3781
f 3781 3658 3657
f 3604 3607 3587
f 3587 3607 3949
f 3653 3659 3654
f 3654 3659 3656
f 3529 3540 3530
f 3530 3540 3740
f 3687 3811 3688
f 3688 3811 3664
f 3813 3725 3737
f 3737 3725 3724
f 3919 3815 461
f 461 3815 303
f 3818 3798 3819
f 3819 3798 3797
f 3819 3841 3820
f 3820 3841 3951
f 3816 3815 3738
f 3738 3815 3814
f 3540 3539 3533
f 3533 3539 3549
f 3548 3547 3544
f 3544 3547 3541
f 3539 3548 3549
f 3549 3548 3544
f 3741 3931 3860
f 3860 3931 3846
f 3801 3800 3835
f 3835 3800 3836
f 3934 3933 3824
f 3824 3933 3821
f 3825 3828 3546
f 3546 3828 3547
f 3833 3821 3925
f 3925 3821 3933
f 3800 3828 3836
f 3836 3828 3825
f 3824 3952 3934
f 3934 3952 440
f 3860 3846 3861
f 3861 3846 3845
f 3629 3946 3630
f 3630 3946 3864
f 3740 3536 3861
f 3861 3536 3858
f 3833 3801 3834
f 3834 3801 3835
f 3583 3599 3580
f 3580 3599 3585
f 3651 3563 3652
f 3652 3563 3562
f 3758 3909 3779
f 3779 3909 3780
f 3621 3617 3622
f 3622 3617 3704
f 3625 3947 3626
f 3626 3947 3753
f 3633 3632 3847
f 3847 3632 3862
f 3852 3850 3640
f 3640 3850 3641
f 3644 3853 3640
f 3640 3853 3852
f 3859 3742 3860
f 3860 3742 3741
f 3632 3627 3862
f 3862 3627 3844
f 3755 3863 3626
f 3626 3863 3623
f 3917 3638 3948
f 3948 3638 3637
f 3644 3643 3742
f 3742 3643 3743
f 3931 3633 3846
f 3846 3633 3847
f 3625 3624 3864
f 3864 3624 3777
f 3917 3641 3849
f 3849 3641 3850
f 3744 3932 3741
f 3741 3932 3931
f 3903 446 3918
f 3918 446 464
f 3953 3954 3956
f 3956 3954 3955
f 3958 3959 3957
f 3957 3959 3960
f 3876 3958 3877
f 3877 3958 3957
f 3877 3957 3961
f 3961 3957 3962
f 3963 3964 3958
f 3958 3964 3959
f 3965 3966 3876
f 3876 3966 3958
f 3966 3963 3958
f 3966 3967 3963
f 3963 3967 3968
f 3878 3877 3879
f 3879 3877 3961
f 3967 3969 3968
f 3968 3969 3970
f 3969 3971 3970
f 3970 3971 3972
f 3974 3904 3973
f 3973 3904 3907
f 3971 3975 3972
f 3972 3975 3976
f 3976 3975 3978
f 3978 3975 3977
f 3979 3980 3977
f 3977 3980 3978
f 3981 3982 3979
f 3979 3982 3980
f 3983 3984 3981
f 3981 3984 3982
f 3972 3985 3970
f 3970 3985 3986
f 3871 3987 3969
f 3969 3987 3971
f 3872 3871 3967
f 3967 3871 3969
f 3965 3872 3966
f 3966 3872 3967
f 3970 3986 3968
f 3968 3986 3988
f 3879 3961 3884
f 3884 3961 3940
f 3884 3940 3885
f 3885 3940 3939
f 3989 3990 3992
f 3992 3990 3991
f 3942 3993 3995
f 3995 3993 3994
f 3994 3996 3995
f 3995 3996 3974
f 3997 3998 3994
f 3994 3998 3996
f 3999 3997 3993
f 3993 3997 3994
f 4001 3996 4000
f 4000 3996 3998
f 4000 3998 4002
f 4002 3998 4003
f 4004 4003 3997
f 3997 4003 3998
f 3997 3999 4004
f 4004 3999 4005
f 4006 3995 3973
f 3973 3995 3974
f 3939 3942 4006
f 4006 3942 3995
f 3906 3887 3907
f 3907 3887 3886
f 3887 3906 3870
f 3870 3906 3867
f 3908 3973 3886
f 3886 3973 3907
f 3865 4007 3866
f 3866 4007 4008
f 3984 3983 4009
f 4009 3983 4010
f 3961 3962 3940
f 3940 3962 3941
f 4012 3868 4011
f 4011 3868 3867
f 4013 3975 3987
f 3987 3975 3971
f 4014 3977 4013
f 4013 3977 3975
f 4015 4010 4007
f 4007 4010 3983
f 4007 3983 4008
f 4008 3983 3981
f 4008 3981 4016
f 4016 3981 3979
f 4017 3984 4018
f 4018 3984 4009
f 3977 4014 3979
f 3979 4014 4016
f 3982 3984 4019
f 4019 3984 4017
f 4021 4022 4020
f 4020 4022 4023
f 4022 4012 4023
f 4023 4012 4011
f 4023 3904 4020
f 4020 3904 3974
f 4024 4025 4018
f 4018 4025 4017
f 4026 4027 4024
f 4024 4027 4025
f 4028 4026 4029
f 4029 4026 4024
f 4018 4021 4024
f 4024 4021 4029
f 4030 4031 4026
f 4026 4031 4027
f 4032 4030 4028
f 4028 4030 4026
f 4029 4001 4028
f 4028 4001 4000
f 4028 4000 4032
f 4032 4000 4002
f 4034 4035 4033
f 4033 4035 4036
f 4037 4038 4019
f 4019 4038 4039
f 4041 4039 4040
f 4040 4039 4038
f 4040 4038 4042
f 4042 4038 4036
f 4042 4036 4043
f 4043 4036 4035
f 3985 4044 4046
f 4046 4044 4045
f 4047 4048 4045
f 4045 4048 4046
f 4047 4049 4048
f 4048 4049 4050
f 4042 4047 4040
f 4040 4047 4045
f 4043 4049 4042
f 4042 4049 4047
f 4040 4045 4041
f 4041 4045 4044
f 4052 3959 4051
f 4051 3959 3964
f 4053 4054 4051
f 4051 4054 4055
f 3956 3960 4052
f 4052 3960 3959
f 3953 3956 4056
f 4056 3956 4052
f 4058 3953 4057
f 4057 3953 4056
f 4060 4061 4059
f 4059 4061 4062
f 4063 4064 4054
f 4054 4064 4057
f 4054 4053 4063
f 4063 4053 4065
f 4066 4067 4069
f 4069 4067 4068
f 4048 4050 4063
f 4063 4050 4064
f 4063 4065 4048
f 4048 4065 4046
f 3985 4046 3986
f 3986 4046 4065
f 3986 4065 3988
f 3988 4065 4053
f 3988 4053 3964
f 3964 4053 4051
f 3976 3978 4044
f 4044 3978 4041
f 3980 3982 4039
f 4039 3982 4019
f 4039 4041 3980
f 3980 4041 3978
f 3973 3908 4006
f 4006 3908 3896
f 3885 3939 3896
f 3896 3939 4006
f 4031 4034 4027
f 4027 4034 4033
f 4027 4033 4025
f 4025 4033 4037
f 4019 4017 4037
f 4037 4017 4025
f 3993 3942 4070
f 4070 3942 3941
f 3999 3993 4071
f 4071 3993 4070
f 3999 4071 4005
f 4005 4071 4072
f 4073 4074 4076
f 4076 4074 4075
f 4078 4079 4077
f 4077 4079 4080
f 4082 4080 4081
f 4081 4080 4079
f 4084 4085 4083
f 4083 4085 4086
f 4087 4088 4090
f 4090 4088 4089
f 4092 4093 4091
f 4091 4093 4094
f 4096 4097 4095
f 4095 4097 4098
f 4100 4101 4099
f 4099 4101 4102
f 4103 4104 4106
f 4106 4104 4105
f 4108 4109 4107
f 4107 4109 4110
f 4112 4113 4111
f 4111 4113 4114
f 4116 4117 4115
f 4115 4117 4118
f 4120 4121 4119
f 4119 4121 4122
f 4123 4124 4126
f 4126 4124 4125
f 4127 4128 4130
f 4130 4128 4129
f 4132 4133 4131
f 4131 4133 4134
f 4136 4108 4135
f 4135 4108 4107
f 4138 4139 4137
f 4137 4139 4140
f 4141 4142 4088
f 4088 4142 4089
f 4144 4145 4143
f 4143 4145 4146
f 4148 4149 4147
f 4147 4149 4150
f 4152 4153 4151
f 4151 4153 4154
f 4156 4082 4155
f 4155 4082 4081
f 4157 4158 4160
f 4160 4158 4159
f 4161 4162 4164
f 4164 4162 4163
f 4166 4122 4165
f 4165 4122 4121
f 4168 4152 4167
f 4167 4152 4151
f 4169 4170 4172
f 4172 4170 4171
f 4174 4175 4173
f 4173 4175 4176
f 4178 4149 4177
f 4177 4149 4179
f 4173 4176 4180
f 4180 4176 4181
f 4156 4085 4182
f 4182 4085 4183
f 4182 4184 4156
f 4156 4184 4082
f 4185 4186 4184
f 4184 4186 4187
f 4186 4188 4187
f 4187 4188 4189
f 4190 4191 4073
f 4073 4191 4074
f 4177 4179 4158
f 4158 4179 4159
f 4193 4127 4192
f 4192 4127 4130
f 4144 4194 4151
f 4151 4194 4167
f 4196 4197 4195
f 4195 4197 4198
f 4095 4199 4096
f 4096 4199 4200
f 4201 4202 4204
f 4204 4202 4203
f 4205 4206 4208
f 4208 4206 4207
f 4121 4120 4209
f 4209 4120 4210
f 4212 4213 4211
f 4211 4213 4214
f 4216 4217 4215
f 4215 4217 4218
f 4220 4221 4219
f 4219 4221 4222
f 4224 4196 4223
f 4223 4196 4195
f 4225 4226 4134
f 4134 4226 4131
f 4228 4229 4227
f 4227 4229 4230
f 4232 4233 4231
f 4231 4233 4098
f 4235 4236 4234
f 4234 4236 4237
f 4239 4240 4238
f 4238 4240 4241
f 4242 4243 4245
f 4245 4243 4244
f 4246 4247 4249
f 4249 4247 4248
f 4251 4252 4250
f 4250 4252 4253
f 4255 4256 4254
f 4254 4256 4257
f 4259 4260 4258
f 4258 4260 4261
f 4263 4264 4262
f 4262 4264 4265
f 4267 4268 4266
f 4266 4268 4269
f 4271 4199 4270
f 4270 4199 4272
f 4273 4274 4276
f 4276 4274 4275
f 4115 4118 4277
f 4277 4118 4278
f 4280 4281 4279
f 4279 4281 4282
f 4211 4283 4212
f 4212 4283 4284
f 4286 4287 4285
f 4285 4287 4288
f 4165 4121 4289
f 4289 4121 4209
f 4291 4286 4290
f 4290 4286 4285
f 4293 4294 4292
f 4292 4294 4295
f 4297 4298 4296
f 4296 4298 4299
f 4301 4302 4300
f 4300 4302 4303
f 4299 4304 4296
f 4296 4304 4305
f 4306 4292 4307
f 4307 4292 4295
f 4307 4308 4306
f 4306 4308 4309
f 4310 4309 4075
f 4075 4309 4308
f 4299 4298 4312
f 4312 4298 4311
f 4302 4301 4293
f 4293 4301 4294
f 3735 3921 4313
f 4313 3921 4314
f 4315 4314 3922
f 3922 4314 3921
f 4316 3945 829
f 829 3945 830
f 4289 4317 4165
f 4165 4317 4318
f 4320 4321 4319
f 4319 4321 4322
f 4324 4325 4323
f 4323 4325 4326
f 4327 4328 4330
f 4330 4328 4329
f 4290 4331 4291
f 4291 4331 4332
f 4165 4318 4166
f 4166 4318 4333
f 4334 4335 4337
f 4337 4335 4336
f 4339 4340 4338
f 4338 4340 4341
f 4168 4343 4342
f 4342 4343 4344
f 4346 4347 4345
f 4345 4347 4348
f 4350 4351 4349
f 4349 4351 4352
f 4354 4355 4353
f 4353 4355 4356
f 4357 4358 4324
f 4324 4358 4325
f 4337 4359 4334
f 4334 4359 4360
f 4362 4363 4361
f 4361 4363 4364
f 4366 4367 4365
f 4365 4367 4368
f 4369 4370 4372
f 4372 4370 4371
f 4331 4290 4374
f 4374 4290 4373
f 4373 4376 4375
f 4375 4376 4377
f 4379 4380 4378
f 4378 4380 4381
f 4217 4382 4218
f 4218 4382 4383
f 4385 4386 4384
f 4384 4386 4387
f 4388 4389 4338
f 4338 4389 4390
f 4337 4336 4392
f 4392 4336 4391
f 4394 4362 4393
f 4393 4362 4361
f 4396 4397 4395
f 4395 4397 4398
f 4400 4401 4399
f 4399 4401 4402
f 4345 4403 4346
f 4346 4403 4404
f 4405 4406 4342
f 4342 4406 4407
f 4409 4410 4408
f 4408 4410 4411
f 4408 4412 4409
f 4409 4412 4413
f 4181 4415 4414
f 4414 4415 4416
f 4182 4183 4417
f 4417 4183 4418
f 4419 4353 4311
f 4311 4353 4312
f 4421 4422 4420
f 4420 4422 4423
f 4353 4356 4312
f 4312 4356 4424
f 4166 4333 4425
f 4425 4333 4426
f 4425 4143 4166
f 4166 4143 4122
f 4427 4107 4428
f 4428 4107 4110
f 4429 4430 4174
f 4174 4430 4175
f 4335 4431 4336
f 4336 4431 4390
f 4336 4390 4391
f 4391 4390 4389
f 4432 4433 4435
f 4435 4433 4434
f 4437 4438 4436
f 4436 4438 4439
f 4441 4442 4440
f 4440 4442 4443
f 4359 4444 4361
f 4361 4444 4393
f 4446 4447 4445
f 4445 4447 4448
f 4338 4341 4388
f 4388 4341 4449
f 4450 4451 4398
f 4398 4451 4395
f 4453 4454 4452
f 4452 4454 4455
f 4457 4458 4456
f 4456 4458 4459
f 4460 4461 4448
f 4448 4461 4445
f 4463 4464 4462
f 4462 4464 4465
f 4462 4465 4466
f 4466 4465 4467
f 4468 4469 4467
f 4467 4469 4466
f 4469 4468 4470
f 4470 4468 4471
f 4472 4473 4471
f 4471 4473 4470
f 4475 4476 4474
f 4474 4476 4477
f 4479 4480 4478
f 4478 4480 4481
f 4483 4484 4482
f 4482 4484 4485
f 4487 4488 4486
f 4486 4488 4489
f 4491 4492 4490
f 4490 4492 4493
f 4494 4495 4493
f 4493 4495 4490
f 4496 4497 4494
f 4494 4497 4495
f 4497 4496 4498
f 4498 4496 4499
f 4500 4501 4503
f 4503 4501 4502
f 4505 4506 4504
f 4504 4506 4507
f 4466 4508 4462
f 4462 4508 4509
f 4470 4510 4469
f 4469 4510 4511
f 4513 4479 4512
f 4512 4479 4478
f 4515 4443 4514
f 4514 4443 4442
f 4516 4517 4519
f 4519 4517 4518
f 4521 4495 4520
f 4520 4495 4497
f 4522 4490 4521
f 4521 4490 4495
f 4491 4523 4488
f 4488 4523 4524
f 4525 4489 4524
f 4524 4489 4488
f 4484 4526 4485
f 4485 4526 4527
f 4503 4528 4500
f 4500 4528 4529
f 4530 4531 4533
f 4533 4531 4532
f 4535 4506 4534
f 4534 4506 4530
f 4486 4536 4487
f 4487 4536 4537
f 4487 4537 4492
f 4492 4537 4538
f 4494 4539 4496
f 4496 4539 4540
f 4542 4533 4541
f 4541 4533 4499
f 4544 4545 4543
f 4543 4545 4546
f 4548 4549 4547
f 4547 4549 4550
f 4536 4551 4537
f 4537 4551 4552
f 4537 4552 4538
f 4538 4552 4553
f 4554 4539 4556
f 4556 4539 4555
f 4557 4540 4554
f 4554 4540 4539
f 4559 4557 4558
f 4558 4557 4560
f 4540 4557 4541
f 4541 4557 4559
f 4562 4563 4561
f 4561 4563 4564
f 4546 4565 4543
f 4543 4565 4566
f 4547 4567 4548
f 4548 4567 4568
f 4570 4571 4569
f 4569 4571 4572
f 4574 4575 4573
f 4573 4575 4576
f 4578 4579 4577
f 4577 4579 4580
f 4582 4583 4581
f 4581 4583 4584
f 4585 4586 4588
f 4588 4586 4587
f 4589 4585 4590
f 4590 4585 4588
f 4592 4593 4591
f 4591 4593 4594
f 4596 4597 4595
f 4595 4597 4598
f 4600 4601 4599
f 4599 4601 4602
f 4563 4604 4603
f 4603 4604 4605
f 4603 4606 4608
f 4608 4606 4607
f 4609 4610 4594
f 4594 4610 4591
f 4611 4612 4614
f 4614 4612 4613
f 4616 4617 4615
f 4615 4617 4618
f 4602 4620 4619
f 4619 4620 4621
f 4619 4622 4602
f 4602 4622 4599
f 4605 4599 4623
f 4623 4599 4622
f 4605 4623 4603
f 4603 4623 4606
f 4625 4626 4624
f 4624 4626 4627
f 4438 4437 4628
f 4628 4437 4629
f 4442 4441 4630
f 4630 4441 4631
f 4630 4632 4442
f 4442 4632 4514
f 4633 4634 4529
f 4529 4634 4500
f 4500 4634 4501
f 4501 4634 4635
f 4637 4546 4636
f 4636 4546 4545
f 4639 4565 4638
f 4638 4565 4640
f 4573 4576 4641
f 4641 4576 4642
f 4593 4643 4594
f 4594 4643 4644
f 4645 4609 4644
f 4644 4609 4594
f 4647 4648 4646
f 4646 4648 4649
f 4651 4652 4650
f 4650 4652 4653
f 4654 4498 4519
f 4519 4498 4532
f 4520 4508 4521
f 4521 4508 4511
f 4522 4510 4523
f 4523 4510 4655
f 4524 4656 4525
f 4525 4656 4657
f 4514 4529 4515
f 4515 4529 4528
f 4658 4659 4661
f 4661 4659 4660
f 4496 4540 4499
f 4499 4540 4541
f 4493 4555 4494
f 4494 4555 4539
f 4549 4483 4550
f 4550 4483 4482
f 4545 4544 4501
f 4501 4544 4502
f 4636 4545 4635
f 4635 4545 4501
f 4589 4663 4662
f 4662 4663 4664
f 4662 4665 4558
f 4558 4665 4559
f 4569 4586 4570
f 4570 4586 4560
f 4552 4666 4553
f 4553 4666 4667
f 4668 4669 4670
f 4670 4669 4666
f 4672 4673 4671
f 4671 4673 4674
f 4287 4675 4288
f 4288 4675 4676
f 4678 4679 4677
f 4677 4679 4680
f 4681 4678 4682
f 4682 4678 4677
f 4682 4683 4681
f 4681 4683 4684
f 4161 4164 4685
f 4685 4164 4686
f 4414 4687 4689
f 4689 4687 4688
f 4405 4690 4346
f 4346 4690 4347
f 4691 4399 4693
f 4693 4399 4692
f 1209 4694 4365
f 4365 4694 4366
f 4650 1211 4651
f 4651 1211 1210
f 4695 4696 4255
f 4255 4696 4256
f 4697 4698 4218
f 4218 4698 4215
f 4700 4701 4699
f 4699 4701 4702
f 4703 4704 4303
f 4303 4704 4300
f 4315 3922 4316
f 4316 3922 3945
f 4653 4706 4705
f 4705 4706 4707
f 4709 4710 4708
f 4708 4710 4711
f 4335 4334 4713
f 4713 4334 4712
f 4714 4340 4321
f 4321 4340 4322
f 4716 4717 4715
f 4715 4717 4718
f 4238 4241 4719
f 4719 4241 4720
f 4231 4721 4307
f 4307 4721 4308
f 4723 4724 4722
f 4722 4724 4725
f 4727 4728 4726
f 4726 4728 4729
f 4730 4731 4327
f 4327 4731 4328
f 4733 4734 4732
f 4732 4734 4735
f 4720 4381 4736
f 4736 4381 4737
f 4738 4739 4741
f 4741 4739 4740
f 4743 4744 4742
f 4742 4744 4745
f 4338 4390 4339
f 4339 4390 4431
f 4746 4747 4431
f 4431 4747 4339
f 4291 4332 4289
f 4289 4332 4317
f 4289 4209 4291
f 4291 4209 4286
f 4287 4286 4210
f 4210 4286 4209
f 4749 4750 4748
f 4748 4750 4751
f 4212 4284 4752
f 4752 4284 4753
f 4752 4754 4212
f 4212 4754 4213
f 4252 4251 4225
f 4225 4251 4226
f 4227 4230 4248
f 4248 4230 4249
f 4205 4755 4757
f 4757 4755 4756
f 4708 4711 4758
f 4758 4711 4647
f 4367 4366 4759
f 4759 4366 4760
f 4526 4513 4527
f 4527 4513 4512
f 4420 4423 4385
f 4385 4423 4386
f 4705 4761 4653
f 4653 4761 4650
f 4761 1279 4650
f 4650 1279 1211
f 4762 4763 3944
f 3944 4763 3936
f 4274 4273 4765
f 4765 4273 4764
f 4767 4768 4766
f 4766 4768 4769
f 4770 4771 4769
f 4769 4771 4766
f 4771 4770 4242
f 4242 4770 4243
f 4093 4163 4094
f 4094 4163 4162
f 4772 4773 4775
f 4775 4773 4774
f 4777 4778 4776
f 4776 4778 4779
f 4417 4185 4182
f 4182 4185 4184
f 4780 4078 4781
f 4781 4078 4077
f 4781 4077 4782
f 4782 4077 4189
f 4188 4783 4189
f 4189 4783 4782
f 4295 4232 4307
f 4307 4232 4231
f 4785 4786 4784
f 4784 4786 4787
f 4784 1307 4785
f 4785 1307 1306
f 4078 4780 4096
f 4096 4780 4097
f 4075 4074 4310
f 4310 4074 4788
f 4788 4074 4789
f 4789 4074 4191
f 4789 4191 4059
f 4059 4191 4790
f 4791 4277 4792
f 4792 4277 4278
f 3732 3735 4793
f 4793 3735 4313
f 4793 4794 3732
f 3732 4794 3731
f 4792 4795 4791
f 4791 4795 4796
f 4797 4798 4799
f 4799 4798 4724
f 4763 4800 3936
f 3936 4800 3935
f 4801 4062 3729
f 3729 4062 3730
f 4713 4712 4802
f 4802 4712 4803
f 4146 4804 4119
f 4119 4804 4805
f 4498 4654 4497
f 4497 4654 4520
f 4806 4807 1326
f 1326 4807 1327
f 4689 4688 1330
f 1330 4688 1331
f 4801 4789 4062
f 4062 4789 4059
f 3730 4062 4808
f 4808 4062 4061
f 4810 4811 4809
f 4809 4811 4812
f 4813 4403 4814
f 4814 4403 4345
f 4815 4816 4349
f 4349 4816 4350
f 4817 4818 4820
f 4820 4818 4819
f 4406 4821 4407
f 4407 4821 4822
f 4823 4161 4824
f 4824 4161 4685
f 4181 4414 4825
f 4825 4414 4689
f 4741 4740 4826
f 4826 4740 4827
f 4828 4829 4827
f 4827 4829 4826
f 4142 4141 4415
f 4415 4141 4148
f 4830 1354 4761
f 4761 1354 1279
f 4832 4833 4831
f 4831 4833 4834
f 4835 4836 4626
f 4626 4836 4421
f 4451 4709 4395
f 4395 4709 4708
f 4627 4420 4837
f 4837 4420 4385
f 4837 1365 4838
f 4838 1365 1364
f 4397 4396 4839
f 4839 4396 4840
f 4842 4628 4841
f 4841 4628 4629
f 4671 4674 4631
f 4631 4674 4630
f 4674 4659 4630
f 4630 4659 4632
f 4633 4632 4658
f 4658 4632 4659
f 4658 4504 4633
f 4633 4504 4634
f 4635 4634 4507
f 4507 4634 4504
f 4843 4636 4507
f 4507 4636 4635
f 4844 4637 4843
f 4843 4637 4636
f 4637 4844 4640
f 4640 4844 4664
f 4638 4663 4642
f 4642 4663 4845
f 4847 4643 4846
f 4846 4643 4641
f 4644 4848 4645
f 4645 4848 4849
f 4851 4852 4850
f 4850 4852 4853
f 4855 4856 4854
f 4854 4856 4857
f 4859 4860 4858
f 4858 4860 4857
f 4715 4718 4859
f 4859 4718 4860
f 4862 4863 4861
f 4861 4863 4864
f 4866 4867 4865
f 4865 4867 4868
f 4870 4871 4869
f 4869 4871 4872
f 4869 4872 4116
f 4116 4872 4117
f 4820 4819 4874
f 4874 4819 4873
f 4876 4877 4875
f 4875 4877 4878
f 4880 4881 4879
f 4879 4881 4882
f 4884 4885 4883
f 4883 4885 4886
f 4887 4888 4280
f 4280 4888 4281
f 4818 4817 4889
f 4889 4817 4890
f 4891 4193 4823
f 4823 4193 4192
f 4892 4893 4228
f 4228 4893 4229
f 4158 4157 4894
f 4894 4157 4895
f 4896 4897 4132
f 4132 4897 4133
f 4099 4683 4100
f 4100 4683 4682
f 4101 4100 4899
f 4899 4100 4898
f 4150 4106 4147
f 4147 4106 4900
f 4100 4682 4898
f 4898 4682 4677
f 4080 4082 4187
f 4187 4082 4184
f 4077 4080 4189
f 4189 4080 4187
f 4191 4190 4790
f 4790 4190 4901
f 4177 4158 4680
f 4680 4158 4894
f 4108 4136 4752
f 4752 4136 4754
f 4752 4753 4108
f 4108 4753 4109
f 4817 4902 4890
f 4890 4902 4903
f 4904 4905 4907
f 4907 4905 4906
f 4909 4910 4908
f 4908 4910 4911
f 4913 4914 4912
f 4912 4914 4915
f 4916 4917 4919
f 4919 4917 4918
f 4312 4424 4299
f 4299 4424 4304
f 4920 4921 4297
f 4297 4921 4298
f 4194 4922 4167
f 4167 4922 4923
f 4924 4400 4691
f 4691 4400 4399
f 4395 4708 4396
f 4396 4708 4758
f 4367 4925 4368
f 4368 4925 4926
f 4919 4918 4873
f 4873 4918 4874
f 4836 4927 4421
f 4421 4927 4422
f 4921 4928 4298
f 4298 4928 4311
f 4143 4146 4122
f 4122 4146 4119
f 4929 4930 4455
f 4455 4930 4452
f 4932 4933 4931
f 4931 4933 4934
f 4935 4936 4932
f 4932 4936 4933
f 4461 4460 4457
f 4457 4460 4458
f 4480 4479 4475
f 4475 4479 4476
f 4660 4673 4517
f 4517 4673 4937
f 4661 4505 4658
f 4658 4505 4504
f 4484 4483 4489
f 4489 4483 4486
f 4462 4509 4463
f 4463 4509 4518
f 4469 4511 4466
f 4466 4511 4508
f 4655 4473 4656
f 4656 4473 4477
f 4476 4657 4477
f 4477 4657 4656
f 4479 4513 4476
f 4476 4513 4657
f 4489 4525 4484
f 4484 4525 4526
f 4483 4549 4486
f 4486 4549 4536
f 4549 4548 4536
f 4536 4548 4551
f 4548 4568 4551
f 4551 4568 4670
f 4663 4589 4845
f 4845 4589 4590
f 4668 4577 4938
f 4938 4577 4580
f 4940 4938 4939
f 4939 4938 4941
f 4940 4942 4669
f 4669 4942 4943
f 4587 4582 4944
f 4944 4582 4581
f 4848 4847 4608
f 4608 4847 4564
f 4616 4945 4613
f 4613 4945 4598
f 4615 4946 4616
f 4616 4946 4945
f 4947 4939 4948
f 4948 4939 4946
f 4599 4605 4600
f 4600 4605 4604
f 4608 4607 4848
f 4848 4607 4849
f 4613 4612 4616
f 4616 4612 4617
f 4835 4949 4709
f 4709 4949 4710
f 4357 1477 4837
f 4837 1477 1365
f 4712 4950 4803
f 4803 4950 4951
f 4401 4952 4402
f 4402 4952 4953
f 4759 4760 4402
f 4402 4760 4399
f 4508 4520 4509
f 4509 4520 4654
f 4510 4522 4511
f 4511 4522 4521
f 4513 4526 4657
f 4657 4526 4525
f 4632 4633 4514
f 4514 4633 4529
f 4931 4934 4453
f 4453 4934 4454
f 4153 4954 4154
f 4154 4954 4955
f 4957 4958 4956
f 4956 4958 4959
f 4961 4962 4960
f 4960 4962 4963
f 4120 4964 4210
f 4210 4964 4965
f 4967 4968 4966
f 4966 4968 4969
f 4349 4692 4815
f 4815 4692 4970
f 4652 4971 4653
f 4653 4971 4706
f 4758 4647 4972
f 4972 4647 4646
f 4973 4363 4646
f 4646 4363 4972
f 4950 4360 4974
f 4974 4360 4364
f 4431 4335 4746
f 4746 4335 4713
f 4358 4714 4325
f 4325 4714 4321
f 4765 4764 4266
f 4266 4764 4975
f 4202 4976 4203
f 4203 4976 4977
f 4917 4978 4918
f 4918 4978 4979
f 4279 4282 4854
f 4854 4282 4269
f 4820 4880 4817
f 4817 4880 4902
f 4890 4903 4980
f 4980 4903 4886
f 4982 4983 4981
f 4981 4983 4123
f 4795 4851 4796
f 4796 4851 4850
f 4918 4979 4874
f 4874 4979 4881
f 4809 4404 4810
f 4810 4404 4403
f 4354 4985 4984
f 4984 4985 4986
f 1364 1516 4838
f 4838 1516 4987
f 4759 4988 4367
f 4367 4988 4925
f 4989 4990 4481
f 4481 4990 4478
f 4443 4515 4990
f 4990 4515 4991
f 4527 4512 4992
f 4992 4512 4991
f 4528 4503 4992
f 4992 4503 4993
f 4993 4994 4485
f 4485 4994 4482
f 4544 4995 4502
f 4502 4995 4994
f 4995 4996 4550
f 4550 4996 4547
f 4998 4999 4997
f 4997 4999 4566
f 4998 5000 4578
f 4578 5000 4579
f 5001 5002 4596
f 4596 5002 4597
f 5003 4591 5004
f 5004 4591 4610
f 4626 4421 4627
f 4627 4421 4420
f 4837 4838 4627
f 4627 4838 4624
f 4761 4705 4830
f 4830 4705 5005
f 4705 4707 5005
f 5005 4707 5006
f 4308 4721 4075
f 4075 4721 4076
f 5007 4200 4797
f 4797 4200 4798
f 4685 4686 5008
f 5008 4686 5009
f 4889 4890 5010
f 5010 4890 4980
f 4323 1541 4324
f 4324 1541 1540
f 4385 4384 4358
f 4358 4384 4714
f 4396 4758 4840
f 4840 4758 4972
f 4866 4852 5011
f 5011 4852 5012
f 5013 4260 4980
f 4980 4260 5010
f 4875 4878 5014
f 5014 4878 5015
f 5017 5018 5016
f 5016 5018 5019
f 5016 5019 5020
f 5020 5019 5021
f 5023 5024 5022
f 5022 5024 5025
f 5027 5028 5026
f 5026 5028 5029
f 5031 5032 5030
f 5030 5032 5033
f 5035 5036 5034
f 5034 5036 5037
f 5039 5040 5038
f 5038 5040 5041
f 5043 5044 5042
f 5042 5044 5045
f 5038 5046 5039
f 5039 5046 5047
f 5049 5050 5048
f 5048 5050 5051
f 5053 5054 5052
f 5052 5054 5055
f 5057 5024 5056
f 5056 5024 5058
f 5060 5061 5059
f 5059 5061 5062
f 5064 5065 5063
f 5063 5065 5066
f 5043 5050 5064
f 5064 5050 5065
f 5038 5041 5067
f 5067 5041 5068
f 5070 5071 5069
f 5069 5071 5072
f 5074 5075 5073
f 5073 5075 5076
f 5034 5077 5035
f 5035 5077 5078
f 5080 5081 5079
f 5079 5081 5082
f 5084 5085 5083
f 5083 5085 5086
f 5085 5084 5087
f 5087 5084 5088
f 5090 5091 5089
f 5089 5091 5092
f 5094 5095 5093
f 5093 5095 5096
f 5098 5099 5097
f 5097 5099 5100
f 5102 5103 5101
f 5101 5103 5104
f 5105 5106 5108
f 5108 5106 5107
f 5110 5111 5109
f 5109 5111 5112
f 5114 5094 5113
f 5113 5094 5093
f 5116 5117 5115
f 5115 5117 5118
f 5120 5121 5119
f 5119 5121 5122
f 5124 5125 5123
f 5123 5125 5126
f 5128 5129 5127
f 5127 5129 5130
f 5097 5131 5098
f 5098 5131 5132
f 5134 5135 5133
f 5133 5135 5122
f 5084 5125 5088
f 5088 5125 5136
f 5138 5139 5137
f 5137 5139 5140
f 5142 5102 5141
f 5141 5102 5101
f 5106 5143 5107
f 5107 5143 5144
f 5146 5147 5145
f 5145 5147 5148
f 5149 5150 5109
f 5109 5150 5110
f 5151 5110 5152
f 5152 5110 5150
f 4715 5140 4716
f 4716 5140 5139
f 5143 4870 5144
f 5144 4870 4869
f 4115 5146 4116
f 4116 5146 5145
f 4791 4796 5149
f 5149 4796 5150
f 4796 4850 5150
f 5150 4850 5152
f 4858 5142 4859
f 4859 5142 5141
f 5153 5154 5115
f 5115 5154 5105
f 5156 5157 5155
f 5155 5157 5158
f 5159 5160 5053
f 5053 5160 5054
f 5161 5162 5020
f 5020 5162 5068
f 5026 5029 5163
f 5163 5029 5021
f 5083 5086 5164
f 5164 5086 5165
f 5090 5167 5166
f 5166 5167 5168
f 5169 5170 5172
f 5172 5170 5171
f 5174 5175 5173
f 5173 5175 5176
f 5177 5109 5178
f 5178 5109 5112
f 5179 5180 5182
f 5182 5180 5181
f 5123 5126 5120
f 5120 5126 5121
f 5180 5167 5181
f 5181 5167 5183
f 5184 5185 5179
f 5179 5185 5180
f 5186 5149 5177
f 5177 5149 5109
f 4868 5184 4865
f 4865 5184 5179
f 5188 5189 5187
f 5187 5189 5190
f 4277 4791 5186
f 5186 4791 5149
f 5179 5182 4865
f 4865 5182 4853
f 5189 4862 5190
f 5190 4862 4861
f 5156 5075 5191
f 5191 5075 5192
f 5036 5035 5193
f 5193 5035 5194
f 5115 5118 5153
f 5153 5118 5195
f 5022 5025 5196
f 5196 5025 5197
f 5155 5158 5069
f 5069 5158 5062
f 5063 5066 5198
f 5198 5066 5199
f 5073 5076 5200
f 5200 5076 5072
f 5202 5131 5201
f 5201 5131 5203
f 5143 5106 5204
f 5204 5106 5205
f 5114 5113 5206
f 5206 5113 5127
f 5098 5132 5193
f 5193 5132 5195
f 5204 5207 5143
f 5143 5207 4870
f 5088 5136 5208
f 5208 5136 5092
f 5209 5210 5089
f 5089 5210 5183
f 5211 5018 5060
f 5060 5018 5061
f 5017 5040 5070
f 5070 5040 5071
f 5191 5160 5156
f 5156 5160 5157
f 5048 5028 5049
f 5049 5028 5058
f 5207 5204 4858
f 4858 5204 5142
f 4859 5141 4715
f 4715 5141 5140
f 5212 5162 5042
f 5042 5162 5051
f 5182 5152 4853
f 4853 5152 4850
f 5214 5134 5213
f 5213 5134 5133
f 5164 5165 5133
f 5133 5165 5213
f 5215 5216 5201
f 5201 5216 5217
f 5147 5218 5148
f 5148 5218 5219
f 5147 5177 5218
f 5218 5177 5178
f 5141 5101 5140
f 5140 5101 5137
f 5201 5217 5202
f 5202 5217 5104
f 5146 5186 5147
f 5147 5186 5177
f 4277 5186 4115
f 4115 5186 5146
f 5191 5192 5031
f 5031 5192 5032
f 5052 5055 5220
f 5220 5055 5197
f 4116 5145 4869
f 4869 5145 5144
f 5034 5037 5214
f 5214 5037 5134
f 5097 5100 5114
f 5114 5100 5094
f 5108 5107 5219
f 5219 5107 5148
f 5221 5135 5116
f 5116 5135 5117
f 5124 5111 5209
f 5209 5111 5210
f 5107 5144 5148
f 5148 5144 5145
f 5152 5182 5151
f 5151 5182 5181
f 5208 5222 5088
f 5088 5222 5087
f 5222 5208 5171
f 5171 5208 5172
f 5223 1756 4698
f 4698 1756 1755
f 4427 5224 4107
f 4107 5224 4135
f 4178 4679 5225
f 5225 4679 5226
f 5227 5228 4892
f 4892 5228 4893
f 5229 5230 4171
f 4171 5230 4172
f 4855 4268 4884
f 4884 4268 4885
f 4884 4871 4855
f 4855 4871 4856
f 4684 5231 4896
f 4896 5231 4897
f 4768 4767 5009
f 5009 4767 5008
f 5205 5154 5102
f 5102 5154 5103
f 5099 5098 5194
f 5194 5098 5193
f 5198 5199 5079
f 5079 5199 5033
f 5102 5142 5205
f 5205 5142 5204
f 5224 4427 4681
f 4681 4427 4678
f 3712 3711 5232
f 5232 3711 5233
f 3968 3988 3963
f 3963 3988 3964
f 3976 4044 3972
f 3972 4044 3985
f 4038 4037 4036
f 4036 4037 4033
f 4794 4762 3731
f 3731 4762 3944
f 3731 3944 3722
f 3722 3944 3810
f 3874 5234 5232
f 5232 5234 3712
f 3906 3905 3867
f 3867 3905 4011
f 3904 4023 3905
f 3905 4023 4011
f 3719 3722 3811
f 3811 3722 3810
f 3812 3719 3687
f 3687 3719 3811
f 3716 3812 3686
f 3686 3812 3687
f 3713 3716 3685
f 3685 3716 3686
f 4810 4403 5235
f 5235 4403 4813
f 4345 1770 4814
f 4814 1770 1769
f 4067 4066 4058
f 4058 4066 5236
f 4043 4068 4049
f 4049 4068 4050
f 4034 5237 3989
f 3989 5237 3990
f 4031 4030 4072
f 4072 4030 4005
f 4003 4004 4002
f 4002 4004 4032
f 4004 4005 4032
f 4032 4005 4030
f 4067 4064 4068
f 4068 4064 4050
f 4058 4057 4067
f 4067 4057 4064
f 4035 4034 5238
f 5238 4034 3989
f 5236 5239 4058
f 4058 5239 5240
f 5234 3874 5241
f 5241 3874 3873
f 5241 3873 3881
f 3881 3873 3878
f 4800 4763 4788
f 4788 4763 4310
f 4763 4762 4310
f 4310 4762 4309
f 4762 4794 4309
f 4309 4794 4306
f 4794 4793 4306
f 4306 4793 4292
f 4293 4313 4302
f 4302 4313 4314
f 4302 4314 4303
f 4303 4314 4315
f 4303 4315 4703
f 4703 4315 4316
f 4035 4069 4043
f 4043 4069 4068
f 4324 1540 4357
f 4357 1540 1477
f 5232 3987 3874
f 3874 3987 3871
f 3987 5232 4013
f 4013 5232 5233
f 4013 5233 4014
f 4014 5233 5242
f 3888 4015 3865
f 3865 4015 4007
f 3866 4008 5243
f 5243 4008 4016
f 3873 5244 3878
f 3878 5244 3875
f 3965 5244 3872
f 3872 5244 3873
f 3876 3875 3965
f 3965 3875 5244
f 5243 4016 5242
f 5242 4016 4014
f 5246 5247 5245
f 5245 5247 5248
f 3576 3950 3577
f 3577 3950 3926
f 3584 3842 3585
f 3585 3842 3580
f 5249 5247 1784
f 1784 5247 1785
f 5250 5251 5253
f 5253 5251 5252
f 5255 5252 5254
f 5254 5252 5256
f 5254 5256 5258
f 5258 5256 5257
f 5258 5257 5260
f 5260 5257 5259
f 4356 5261 4424
f 4424 5261 5259
f 4355 5262 4356
f 4356 5262 5261
f 4924 5264 5263
f 5263 5264 5265
f 4693 5266 4691
f 4691 5266 5267
f 4351 5268 4352
f 4352 5268 5269
f 1808 1807 4351
f 4351 1807 5268
f 3580 3842 3581
f 3799 3802 3838
f 4800 4788 4801
f 4801 4788 4789
f 3729 3935 4801
f 4801 3935 4800
f 3728 3666 3729
f 3729 3666 3935
f 3728 3798 3666
f 3666 3798 3663
f 3798 3818 3663
f 3663 3818 3809
f 3818 3817 3809
f 3809 3817 3808
f 3796 3655 3817
f 3817 3655 3808
f 3615 3568 3796
f 3796 3568 3655
f 3573 3569 3615
f 3615 3569 3568
f 3572 3613 3573
f 3573 3613 3569
f 3792 3606 3572
f 3572 3606 3613
f 3607 3791 3949
f 3949 3791 3591
f 3590 3950 3591
f 3591 3950 3949
f 3805 3926 3590
f 3590 3926 3950
f 3804 3559 3805
f 3805 3559 3926
f 3804 3914 3559
f 3559 3914 3560
f 3924 3789 3913
f 3913 3789 3788
f 3924 3928 3789
f 3789 3928 3826
f 3928 3927 3826
f 3826 3927 3827
f 3927 3834 3827
f 3827 3834 3835
f 4079 4078 5270
f 5270 4078 5007
f 5271 5272 4233
f 4233 5272 5273
f 5275 5276 5274
f 5274 5276 5277
f 5278 5279 4236
f 4236 5279 4237
f 5278 5280 5271
f 5271 5280 5272
f 4235 5281 4236
f 4236 5281 5282
f 5284 5285 5283
f 5283 5285 5286
f 5288 5289 5287
f 5287 5289 5290
f 5292 5293 5291
f 5291 5293 5294
f 5287 5290 4726
f 4726 5290 5295
f 4293 4292 4313
f 4313 4292 4793
f 4720 4736 4719
f 4719 4736 5296
f 5297 4909 5298
f 5298 4909 4908
f 5299 5300 4976
f 4976 5300 5301
f 5302 4202 5303
f 5303 4202 4201
f 5304 5305 4983
f 4983 5305 5306
f 5308 5309 5307
f 5307 5309 5310
f 4722 4725 5283
f 5283 4725 5311
f 5291 5294 4125
f 4125 5294 4126
f 5313 5314 5312
f 5312 5314 5315
f 5316 5317 5319
f 5319 5317 5318
f 5321 5308 5320
f 5320 5308 5307
f 4819 4981 4873
f 4873 4981 5322
f 4981 4123 5322
f 5322 4123 4126
f 5324 5325 5323
f 5323 5325 5326
f 4764 5327 4975
f 4975 5327 5328
f 4172 5327 4169
f 4169 5327 5329
f 4768 4171 4769
f 4769 4171 4170
f 4243 4755 4244
f 4244 4755 5330
f 4755 4205 5330
f 5330 4205 4208
f 4206 4906 4207
f 4207 4906 4905
f 4686 5014 5009
f 5009 5014 5229
f 4756 4770 4170
f 4170 4770 4769
f 4170 4169 4756
f 4756 4169 4757
f 4273 5329 4764
f 4764 5329 5327
f 4276 5331 4273
f 4273 5331 5329
f 4770 4756 4243
f 4243 4756 4755
f 5333 4889 5332
f 5332 4889 5010
f 4877 5332 4878
f 4878 5332 4259
f 4875 4164 4876
f 4876 4164 4163
f 5334 5335 5324
f 5324 5335 5325
f 4983 5306 4123
f 4123 5306 4124
f 4818 4982 4819
f 4819 4982 4981
f 5332 5010 4259
f 4259 5010 4260
f 5014 4686 4875
f 4875 4686 4164
f 4171 4768 5229
f 5229 4768 5009
f 5337 4916 5336
f 5336 4916 4919
f 5293 5337 5294
f 5294 5337 5336
f 4982 4818 5333
f 5333 4818 4889
f 5338 5339 4262
f 4262 5339 5340
f 5307 5310 5338
f 5338 5310 5339
f 5341 5342 4204
f 4204 5342 5309
f 5336 4919 5322
f 5322 4919 4873
f 5294 5336 4126
f 4126 5336 5322
f 5323 5326 5343
f 5343 5326 5286
f 4914 5344 4915
f 4915 5344 5345
f 5312 5315 5344
f 5344 5315 5345
f 5347 5348 5346
f 5346 5348 5349
f 5350 5351 4832
f 4832 5351 4833
f 5352 5353 5349
f 5349 5353 5346
f 5354 5338 4265
f 4265 5338 4262
f 5320 5307 5354
f 5354 5307 5338
f 4201 5308 5303
f 5303 5308 5321
f 5356 5357 5355
f 5355 5357 4799
f 5358 5359 5334
f 5334 5359 5335
f 5358 5360 4093
f 4093 5360 4163
f 5360 5305 4163
f 4163 5305 4876
f 5305 5304 4876
f 4876 5304 4877
f 5270 4778 4079
f 4079 4778 4081
f 4779 5361 4774
f 4774 5361 5357
f 5356 5359 4775
f 4775 5359 4092
f 5333 5304 4982
f 4982 5304 4983
f 5332 4877 5333
f 5333 4877 5304
f 5015 4258 5230
f 5230 4258 5328
f 5327 4172 5328
f 5328 4172 5230
f 4169 5329 4757
f 4757 5329 5331
f 4757 5331 4205
f 4205 5331 4206
f 5331 4276 4206
f 4206 4276 4906
f 4276 4275 4906
f 4906 4275 4907
f 4275 4888 4907
f 4907 4888 4744
f 4887 4717 4745
f 4745 4717 4864
f 4716 5139 4861
f 4861 5139 5190
f 5139 5138 5190
f 5190 5138 5187
f 5138 5216 5187
f 5187 5216 5176
f 5215 5362 5173
f 5173 5362 5130
f 5364 5365 5363
f 5363 5365 5340
f 4742 4863 5366
f 5366 4863 4867
f 4862 5189 4868
f 4868 5189 5184
f 5189 5188 5184
f 5184 5188 5185
f 5188 5175 5185
f 5185 5175 5168
f 3560 3788 3561
f 3561 3788 3790
f 3596 3595 3608
f 3608 3595 3594
f 3598 3582 3595
f 3595 3582 3592
f 3600 3609 3601
f 3601 3609 3611
f 3602 3601 3612
f 3612 3601 3611
f 3606 3605 3613
f 3613 3605 3614
f 3793 5367 3794
f 3794 5367 5368
f 3598 3597 3600
f 3600 3597 3609
f 3793 3792 3575
f 3575 3792 3572
f 3561 3594 3558
f 3558 3594 3593
f 3807 3915 3804
f 3804 3915 3914
f 3916 3915 5370
f 5370 3915 5369
f 3602 3605 3603
f 3603 3605 3604
f 3606 3792 3607
f 3607 3792 3791
f 3914 3913 3560
f 3560 3913 3788
f 5174 5129 5166
f 5166 5129 5371
f 5170 5169 5093
f 5093 5169 5113
f 5166 5371 5090
f 5090 5371 5091
f 5128 5169 5372
f 5372 5169 5172
f 5127 5113 5128
f 5128 5113 5169
f 5114 5206 5203
f 5203 5206 5362
f 5200 5373 5073
f 5073 5373 5096
f 5374 5375 5200
f 5200 5375 5373
f 5039 5047 5374
f 5374 5047 5375
f 5087 5046 5085
f 5085 5046 5376
f 5212 5377 5067
f 5067 5377 5376
f 5042 5045 5212
f 5212 5045 5377
f 5064 5378 5043
f 5043 5378 5044
f 5063 5077 5064
f 5064 5077 5378
f 5079 5082 5198
f 5198 5082 5078
f 5099 5081 5100
f 5100 5081 5379
f 5100 5379 5094
f 5094 5379 5095
f 5381 5382 5380
f 5380 5382 5383
f 5385 5386 5384
f 5384 5386 5383
f 5385 5387 5386
f 5386 5387 5388
f 5390 5391 5389
f 5389 5391 5392
f 5393 5394 5396
f 5396 5394 5395
f 5398 5399 5397
f 5397 5399 5400
f 5402 5403 5401
f 5401 5403 5404
f 5406 5407 5405
f 5405 5407 5404
f 5408 5409 5163
f 5163 5409 5410
f 5411 5412 5414
f 5414 5412 5413
f 5057 5416 5415
f 5415 5416 5417
f 5393 5416 5418
f 5418 5416 5419
f 5396 5395 5420
f 5420 5395 5421
f 5423 5424 5422
f 5422 5424 5425
f 5415 5417 5220
f 5220 5417 5426
f 5418 5391 5393
f 5393 5391 5394
f 5414 5388 5411
f 5411 5388 5392
f 5059 5427 5060
f 5060 5427 5428
f 5423 5427 5429
f 5429 5427 5430
f 5432 5382 5431
f 5431 5382 5425
f 5429 5407 5423
f 5423 5407 5424
f 5380 5409 5381
f 5381 5409 5433
f 5381 5433 5422
f 5422 5433 5428
f 5027 5412 5056
f 5056 5412 5419
f 5435 5436 5434
f 5434 5436 5437
f 5159 5439 5438
f 5438 5439 5440
f 5053 5436 5159
f 5159 5436 5439
f 5441 5403 5398
f 5398 5403 5399
f 5163 5410 5026
f 5026 5410 5413
f 5438 5440 5442
f 5442 5440 5430
f 5444 5445 5443
f 5443 5445 5446
f 5447 5448 5450
f 5450 5448 5449
f 5451 5446 5452
f 5452 5446 5445
f 5454 5455 5453
f 5453 5455 5451
f 5456 5454 5458
f 5458 5454 5457
f 5460 5461 5459
f 5459 5461 5462
f 5464 5465 5463
f 5463 5465 5466
f 5468 5469 5467
f 5467 5469 5470
f 5472 5473 5471
f 5471 5473 5474
f 5475 5476 5478
f 5478 5476 5477
f 5479 5480 5482
f 5482 5480 5481
f 5483 5484 5448
f 5448 5484 5485
f 5448 5485 5449
f 5449 5485 5486
f 5487 5476 5488
f 5488 5476 5475
f 5490 5491 5489
f 5489 5491 5492
f 5494 5495 5493
f 5493 5495 5496
f 5498 5494 5497
f 5497 5494 5493
f 5500 5501 5499
f 5499 5501 5502
f 5503 5504 5446
f 5446 5504 5443
f 5506 5507 5505
f 5505 5507 5508
f 5510 5511 5509
f 5509 5511 5512
f 5514 5515 5513
f 5513 5515 5516
f 5518 5519 5517
f 5517 5519 5520
f 5495 5521 5496
f 5496 5521 5522
f 5524 5525 5523
f 5523 5525 5526
f 5527 5528 5494
f 5494 5528 5495
f 5499 5502 5529
f 5529 5502 5530
f 5531 5532 5485
f 5485 5532 5486
f 5485 5484 5531
f 5531 5484 5533
f 5482 5481 5534
f 5534 5481 5535
f 5536 5512 5506
f 5506 5512 5511
f 5455 5503 5451
f 5451 5503 5446
f 5467 5470 5511
f 5511 5470 5537
f 5538 5467 5510
f 5510 5467 5511
f 5540 5541 5539
f 5539 5541 5542
f 5543 5544 5546
f 5546 5544 5545
f 5548 5472 5547
f 5547 5472 5471
f 5493 5496 5549
f 5549 5496 5550
f 5496 5522 5550
f 5550 5522 5551
f 5553 5554 5552
f 5552 5554 5555
f 5557 5447 5556
f 5556 5447 5558
f 5557 5483 5447
f 5447 5483 5448
f 5478 5477 5553
f 5553 5477 5559
f 5477 5560 5559
f 5559 5560 5561
f 5476 5562 5477
f 5477 5562 5560
f 5476 5487 5562
f 5562 5487 5563
f 5560 5564 5561
f 5561 5564 5565
f 5564 5560 5566
f 5566 5560 5562
f 5563 5567 5562
f 5562 5567 5566
f 5569 5521 5568
f 5568 5521 5570
f 5481 5572 5571
f 5571 5572 5573
f 5574 5535 5571
f 5571 5535 5481
f 5576 5577 5575
f 5575 5577 5578
f 5579 5580 5456
f 5456 5580 5581
f 5475 5582 5488
f 5488 5582 5583
f 5584 5536 5505
f 5505 5536 5506
f 5585 5586 5588
f 5588 5586 5587
f 5590 5591 5589
f 5589 5591 5592
f 5519 5593 5520
f 5520 5593 5594
f 5595 5596 5462
f 5462 5596 5597
f 5599 5600 5598
f 5598 5600 5514
f 5602 5603 5601
f 5601 5603 5604
f 5524 5543 5525
f 5525 5543 5546
f 5543 5524 5606
f 5606 5524 5605
f 5607 5608 5500
f 5500 5608 5501
f 5610 5551 5609
f 5609 5551 5522
f 5611 5510 5598
f 5598 5510 5509
f 5612 5597 5457
f 5457 5597 5458
f 5510 5611 5538
f 5538 5611 5613
f 5580 5508 5581
f 5581 5508 5507
f 5615 5616 5614
f 5614 5616 5617
f 5619 5620 5618
f 5618 5620 5621
f 5623 5624 5622
f 5622 5624 5625
f 5627 5624 5626
f 5626 5624 5623
f 5629 5630 5628
f 5628 5630 5631
f 5633 5634 5632
f 5632 5634 5466
f 5635 5636 5463
f 5463 5636 5637
f 5523 5638 5524
f 5524 5638 5605
f 5639 5640 5641
f 5641 5640 5595
f 5611 5513 5613
f 5613 5513 5642
f 5643 5586 5608
f 5608 5586 5501
f 5622 5625 5590
f 5590 5625 5591
f 5598 5514 5611
f 5611 5514 5513
f 5645 5646 5644
f 5644 5646 5647
f 5620 5619 5491
f 5491 5619 5648
f 5649 5643 5492
f 5492 5643 5608
f 5650 5651 5653
f 5653 5651 5652
f 5463 5466 5635
f 5635 5466 5634
f 5597 5612 5462
f 5462 5612 5459
f 5635 5634 5523
f 5523 5634 5638
f 5654 5638 5633
f 5633 5638 5634
f 5655 5656 5525
f 5525 5656 5526
f 5658 5659 5657
f 5657 5659 5527
f 5660 5464 5637
f 5637 5464 5463
f 5632 5466 5661
f 5661 5466 5465
f 5661 5662 5632
f 5632 5662 5658
f 5662 5663 5658
f 5658 5663 5659
f 5665 5659 5664
f 5664 5659 5663
f 5632 5658 5633
f 5633 5658 5657
f 5666 5629 5530
f 5530 5629 5667
f 5528 5527 5665
f 5665 5527 5659
f 5668 5669 5570
f 5570 5669 5568
f 5669 5668 5670
f 5670 5668 5671
f 5646 5672 5673
f 5672 5674 5673
f 5673 5674 5675
f 5674 5460 5675
f 5675 5460 5459
f 5461 5676 5462
f 5462 5676 5595
f 5677 5678 5680
f 5680 5678 5679
f 5628 5681 5629
f 5629 5681 5667
f 5682 5529 5667
f 5667 5529 5530
f 5675 5459 5683
f 5683 5459 5612
f 5585 5666 5502
f 5502 5666 5530
f 5589 5684 5602
f 5602 5684 5603
f 5646 5645 5663
f 5663 5645 5664
f 5685 5647 5673
f 5673 5647 5646
f 5686 5687 5683
f 5683 5687 5685
f 5688 5689 5533
f 5533 5689 5531
f 5690 5691 5535
f 5535 5691 5534
f 5692 5690 5574
f 5574 5690 5535
f 5685 5687 5689
f 5689 5687 5693
f 5489 5694 5490
f 5490 5694 5695
f 5690 5692 5696
f 5696 5692 5697
f 5696 5644 5690
f 5690 5644 5691
f 5447 5450 5558
f 5558 5450 5698
f 5699 5700 5642
f 5642 5700 5613
f 5701 5702 5540
f 5540 5702 5541
f 5431 5703 5432
f 5432 5703 5697
f 5385 5384 5574
f 5574 5384 5692
f 5389 5387 5573
f 5573 5387 5571
f 5565 5390 5573
f 5573 5390 5389
f 5390 5565 5704
f 5704 5565 5564
f 5566 5705 5564
f 5564 5705 5704
f 5569 5441 5609
f 5609 5441 5398
f 5568 5405 5569
f 5569 5405 5441
f 5670 5706 5669
f 5669 5706 5406
f 5703 5431 5670
f 5670 5431 5706
f 5432 5697 5384
f 5384 5697 5692
f 5574 5571 5385
f 5385 5571 5387
f 5607 5707 5489
f 5489 5707 5694
f 5518 5708 5519
f 5519 5708 5709
f 5711 5576 5710
f 5710 5576 5575
f 5713 5714 5712
f 5712 5714 5715
f 5553 5552 5478
f 5478 5552 5716
f 5717 5475 5716
f 5716 5475 5478
f 5718 5719 5605
f 5605 5719 5606
f 5505 5622 5584
f 5584 5622 5590
f 5508 5623 5505
f 5505 5623 5622
f 5626 5623 5580
f 5580 5623 5508
f 5580 5579 5626
f 5626 5579 5720
f 5579 5721 5720
f 5720 5721 5722
f 5666 5585 5723
f 5723 5585 5588
f 5724 5725 5639
f 5639 5725 5640
f 5554 5726 5555
f 5555 5726 5727
f 5453 5728 5729
f 5689 5688 5685
f 5685 5688 5647
f 5604 5730 5512
f 5512 5730 5509
f 5628 5631 5618
f 5618 5631 5592
f 5601 5604 5536
f 5536 5604 5512
f 5732 5676 5731
f 5731 5676 5660
f 5730 5604 5733
f 5733 5604 5603
f 5563 5487 5551
f 5551 5487 5550
f 5489 5492 5607
f 5607 5492 5608
f 5573 5572 5565
f 5565 5572 5561
f 5609 5522 5569
f 5569 5522 5521
f 5499 5734 5500
f 5500 5734 5735
f 5596 5736 5721
f 5721 5736 5722
f 5737 5600 5594
f 5594 5600 5520
f 5599 5730 5517
f 5517 5730 5733
f 5660 5738 5731
f 5731 5738 5739
f 5648 5649 5491
f 5491 5649 5492
f 5501 5586 5502
f 5502 5586 5585
f 5525 5546 5655
f 5655 5546 5740
f 5600 5599 5520
f 5520 5599 5517
f 5708 5739 5709
f 5709 5739 5738
f 5636 5635 5526
f 5526 5635 5523
f 5670 5671 5703
f 5703 5671 5741
f 5490 5695 5742
f 5742 5695 5743
f 5682 5678 5744
f 5744 5678 5677
f 5678 5681 5679
f 5679 5681 5621
f 5742 5743 5679
f 5679 5743 5680
f 5618 5621 5628
f 5628 5621 5681
f 5725 5724 5589
f 5589 5724 5684
f 5456 5458 5579
f 5579 5458 5721
f 5675 5683 5673
f 5673 5683 5685
f 5529 5682 5745
f 5745 5682 5744
f 5721 5458 5596
f 5596 5458 5597
f 5701 5540 5719
f 5719 5540 5606
f 5703 5741 5697
f 5697 5741 5696
f 5500 5735 5607
f 5607 5735 5707
f 5549 5746 5493
f 5493 5746 5497
f 5700 5747 5613
f 5613 5747 5538
f 5420 5421 5434
f 5434 5421 5400
f 5689 5693 5531
f 5531 5693 5532
f 5705 5566 5748
f 5748 5566 5567
f 5609 5398 5610
f 5610 5398 5397
f 5669 5406 5568
f 5568 5406 5405
f 5488 5583 5549
f 5549 5583 5746
f 5714 5713 5710
f 5710 5713 5711
f 5747 5468 5538
f 5538 5468 5467
f 5548 5547 5749
f 5749 5547 5750
f 5733 5603 5751
f 5751 5603 5684
f 5589 5602 5590
f 5590 5602 5584
f 5636 5752 5614
f 5614 5752 5615
f 5753 5754 5738
f 5738 5754 5755
f 5602 5601 5584
f 5584 5601 5536
f 5723 5736 5630
f 5630 5736 5640
f 5595 5640 5596
f 5596 5640 5736
f 5734 5499 5745
f 5745 5499 5529
f 5627 5587 5643
f 5643 5587 5586
f 5553 5559 5554
f 5554 5559 5480
f 5559 5561 5480
f 5480 5561 5572
f 5554 5480 5726
f 5726 5480 5479
f 5749 5750 5715
f 5715 5750 5712
f 5683 5612 5686
f 5686 5612 5457
f 5678 5682 5681
f 5681 5682 5667
f 5598 5509 5599
f 5599 5509 5730
f 5679 5621 5742
f 5742 5621 5620
f 5652 5616 5653
f 5653 5616 5615
f 5220 5426 5052
f 5052 5426 5437
f 5487 5488 5550
f 5550 5488 5549
f 5742 5620 5490
f 5490 5620 5491
f 5551 5610 5563
f 5563 5610 5567
f 5610 5397 5567
f 5567 5397 5748
f 5614 5617 5753
f 5753 5617 5754
f 5480 5572 5481
f 5755 5756 5738
f 5738 5756 5709
f 5745 5744 5758
f 5758 5744 5757
f 5745 5758 5734
f 5734 5758 5759
f 5735 5734 5760
f 5760 5734 5759
f 5707 5735 5761
f 5761 5735 5760
f 5744 5677 5757
f 5757 5677 5762
f 5677 5680 5762
f 5762 5680 5763
f 5763 5680 5764
f 5764 5680 5743
f 5765 5766 5762
f 5762 5766 5757
f 5768 5769 5767
f 5767 5769 5770
f 5771 5772 5770
f 5770 5772 5767
f 5770 5769 5774
f 5774 5769 5773
f 5775 5776 5774
f 5774 5776 5777
f 5773 5778 5774
f 5774 5778 5775
f 5779 5766 5773
f 5773 5766 5778
f 5777 5771 5774
f 5774 5771 5770
f 5780 5781 5783
f 5783 5781 5782
f 5781 5780 5771
f 5771 5780 5772
f 5773 5769 5779
f 5779 5769 5768
f 5768 5759 5779
f 5779 5759 5758
f 5768 5784 5759
f 5759 5784 5760
f 5767 5785 5768
f 5768 5785 5784
f 5785 5767 5786
f 5786 5767 5772
f 5766 5779 5757
f 5757 5779 5758
f 5780 5787 5772
f 5772 5787 5786
f 5785 5786 5788
f 5788 5786 5789
f 5786 5787 5789
f 5789 5787 5790
f 5788 5789 5791
f 5791 5789 5792
f 5791 5793 5788
f 5788 5793 5794
f 5795 5792 5790
f 5790 5792 5789
f 5785 5788 5784
f 5784 5788 5794
f 5784 5794 5760
f 5760 5794 5761
f 5787 5780 5796
f 5796 5780 5783
f 5775 5778 5797
f 5797 5778 5766
f 5797 5798 5775
f 5775 5798 5776
f 5766 5765 5797
f 5797 5765 5799
f 5798 5797 5800
f 5800 5797 5799
f 5798 5801 5776
f 5776 5801 5802
f 5707 5761 5694
f 5694 5761 5803
f 5695 5804 5743
f 5743 5804 5764
f 5804 5695 5803
f 5803 5695 5694
f 5803 5793 5804
f 5804 5793 5805
f 5793 5791 5805
f 5805 5791 5806
f 5804 5805 5764
f 5764 5805 5807
f 5803 5761 5793
f 5793 5761 5794
f 5808 5763 5807
f 5807 5763 5764
f 5808 5765 5763
f 5763 5765 5762
f 5809 5799 5808
f 5808 5799 5765
f 5809 5808 5810
f 5810 5808 5807
f 5811 5809 5812
f 5812 5809 5810
f 5805 5806 5807
f 5807 5806 5810
f 5806 5813 5810
f 5810 5813 5812
f 5799 5809 5800
f 5800 5809 5811
f 5815 5800 5814
f 5814 5800 5811
f 5814 5817 5816
f 5816 5817 5818
f 5814 5811 5817
f 5817 5811 5812
f 5814 5816 5815
f 5815 5816 5796
f 5815 5796 5801
f 5801 5796 5783
f 5801 5798 5815
f 5815 5798 5800
f 5791 5792 5806
f 5806 5792 5813
f 5818 5813 5795
f 5795 5813 5792
f 5818 5817 5813
f 5813 5817 5812
f 5816 5818 5790
f 5790 5818 5795
f 5790 5787 5816
f 5816 5787 5796
f 5771 5777 5781
f 5781 5777 5782
f 5782 5802 5783
f 5783 5802 5801
f 5782 5777 5802
f 5802 5777 5776
f 5588 5587 5722
f 5722 5587 5720
f 5591 5619 5592
f 5592 5619 5618
f 5625 5624 5648
f 5648 5624 5649
f 5624 5627 5649
f 5649 5627 5643
f 5631 5630 5725
f 5725 5630 5640
f 5625 5648 5591
f 5591 5648 5619
f 5588 5722 5723
f 5723 5722 5736
f 5631 5725 5592
f 5592 5725 5589
f 5723 5630 5666
f 5666 5630 5629
f 5587 5627 5720
f 5720 5627 5626
f 5820 5821 5819
f 5819 5821 5822
f 5824 5825 5823
f 5823 5825 5826
f 5823 5826 5827
f 5827 5826 5828
f 5829 5830 5832
f 5832 5830 5831
f 5518 5833 5708
f 5708 5833 5834
f 5835 5836 5824
f 5824 5836 5825
f 5838 5839 5837
f 5837 5839 5840
f 5751 5684 5842
f 5842 5684 5841
f 5843 5841 5724
f 5724 5841 5684
f 5845 5846 5844
f 5844 5846 5847
f 5848 5830 5836
f 5836 5830 5825
f 5518 5751 5833
f 5833 5751 5842
f 5839 5838 5821
f 5821 5838 5849
f 5850 5848 5822
f 5822 5848 5836
f 5851 5845 5828
f 5828 5845 5852
f 5854 5855 5853
f 5853 5855 5856
f 5845 5844 5852
f 5852 5844 5857
f 5858 5827 5852
f 5852 5827 5828
f 5851 5828 5829
f 5829 5828 5826
f 5819 5859 5820
f 5820 5859 5860
f 5835 5861 5819
f 5819 5861 5859
f 5851 5829 5862
f 5862 5829 5832
f 5844 5847 5837
f 5837 5847 5834
f 5819 5822 5835
f 5835 5822 5836
f 5823 5863 5824
f 5824 5863 5864
f 5849 5850 5821
f 5821 5850 5822
f 5825 5830 5826
f 5826 5830 5829
f 5820 5860 5865
f 5865 5860 5866
f 5858 5854 5867
f 5867 5854 5853
f 5854 5857 5855
f 5855 5857 5840
f 5855 5865 5856
f 5856 5865 5866
f 5837 5840 5844
f 5844 5840 5857
f 5827 5858 5868
f 5868 5858 5867
f 5824 5864 5835
f 5835 5864 5861
f 5732 5731 5862
f 5862 5731 5846
f 5863 5823 5868
f 5868 5823 5827
f 5843 5831 5848
f 5848 5831 5830
f 5854 5858 5857
f 5857 5858 5852
f 5855 5840 5865
f 5865 5840 5839
f 5865 5839 5820
f 5820 5839 5821
f 5868 5867 5870
f 5870 5867 5869
f 5868 5870 5863
f 5863 5870 5871
f 5863 5871 5864
f 5864 5871 5872
f 5864 5872 5861
f 5861 5872 5873
f 5867 5853 5869
f 5869 5853 5874
f 5853 5856 5874
f 5874 5856 5875
f 5856 5866 5875
f 5875 5866 5876
f 5877 5878 5874
f 5874 5878 5869
f 5880 5881 5879
f 5879 5881 5882
f 5883 5884 5880
f 5880 5884 5881
f 5881 5884 5886
f 5886 5884 5885
f 5887 5888 5886
f 5886 5888 5889
f 5885 5890 5886
f 5886 5890 5887
f 5889 5882 5886
f 5886 5882 5881
f 5882 5891 5879
f 5879 5891 5892
f 5885 5884 5893
f 5893 5884 5883
f 5883 5871 5893
f 5893 5871 5870
f 5883 5894 5871
f 5871 5894 5872
f 5880 5895 5883
f 5883 5895 5894
f 5896 5895 5879
f 5879 5895 5880
f 5893 5878 5885
f 5885 5878 5890
f 5878 5893 5869
f 5869 5893 5870
f 5897 5896 5892
f 5892 5896 5879
f 5895 5896 5898
f 5898 5896 5899
f 5896 5897 5899
f 5899 5897 5900
f 5898 5899 5901
f 5901 5899 5902
f 5901 5903 5898
f 5898 5903 5904
f 5900 5905 5899
f 5899 5905 5902
f 5898 5904 5895
f 5895 5904 5894
f 5894 5904 5872
f 5872 5904 5873
f 5897 5892 5907
f 5907 5892 5906
f 5892 5891 5906
f 5906 5891 5908
f 5887 5890 5909
f 5909 5890 5878
f 5888 5887 5910
f 5910 5887 5909
f 5878 5877 5909
f 5909 5877 5911
f 5909 5911 5910
f 5910 5911 5912
f 5913 5914 5910
f 5910 5914 5888
f 5908 5914 5906
f 5906 5914 5913
f 5861 5873 5859
f 5859 5873 5915
f 5860 5916 5866
f 5866 5916 5876
f 5916 5860 5915
f 5915 5860 5859
f 5915 5903 5916
f 5916 5903 5917
f 5903 5901 5917
f 5917 5901 5918
f 5916 5917 5876
f 5876 5917 5919
f 5903 5915 5904
f 5904 5915 5873
f 5920 5875 5919
f 5919 5875 5876
f 5920 5877 5875
f 5875 5877 5874
f 5920 5921 5877
f 5877 5921 5911
f 5921 5920 5922
f 5922 5920 5919
f 5923 5921 5924
f 5924 5921 5922
f 5917 5918 5919
f 5919 5918 5922
f 5918 5925 5922
f 5922 5925 5924
f 5921 5923 5911
f 5911 5923 5912
f 5927 5912 5926
f 5926 5912 5923
f 5926 5929 5928
f 5928 5929 5930
f 5926 5923 5929
f 5929 5923 5924
f 5926 5928 5927
f 5927 5928 5907
f 5927 5907 5913
f 5913 5907 5906
f 5913 5910 5927
f 5927 5910 5912
f 5901 5902 5918
f 5918 5902 5925
f 5930 5925 5905
f 5905 5925 5902
f 5930 5929 5925
f 5925 5929 5924
f 5928 5930 5900
f 5900 5930 5905
f 5900 5897 5928
f 5928 5897 5907
f 5882 5889 5891
f 5891 5889 5908
f 5908 5889 5914
f 5914 5889 5888
f 5832 5831 5641
f 5641 5831 5639
f 5833 5838 5834
f 5834 5838 5837
f 5842 5841 5849
f 5849 5841 5850
f 5841 5843 5850
f 5850 5843 5848
f 5847 5846 5739
f 5739 5846 5731
f 5842 5849 5833
f 5833 5849 5838
f 5862 5832 5732
f 5732 5832 5641
f 5847 5739 5834
f 5834 5739 5708
f 5862 5846 5851
f 5851 5846 5845
f 5831 5843 5639
f 5639 5843 5724
f 5676 5732 5595
f 5595 5732 5641
f 5676 5461 5660
f 5660 5461 5464
f 5461 5460 5464
f 5464 5460 5465
f 5460 5674 5465
f 5465 5674 5661
f 5931 5932 5934
f 5934 5932 5933
f 5936 5937 5935
f 5935 5937 5938
f 5935 5938 5939
f 5939 5938 5940
f 5942 5943 5941
f 5941 5943 5944
f 5945 5946 5936
f 5936 5946 5937
f 5948 5949 5947
f 5947 5949 5950
f 5951 5952 5519
f 5519 5952 5593
f 5953 5951 5709
f 5709 5951 5519
f 5955 5956 5954
f 5954 5956 5957
f 5958 5942 5946
f 5946 5942 5937
f 5948 5959 5949
f 5949 5959 5933
f 5960 5958 5934
f 5934 5958 5946
f 5961 5955 5940
f 5940 5955 5962
f 5963 5964 5966
f 5966 5964 5965
f 5955 5954 5962
f 5962 5954 5967
f 5968 5939 5962
f 5962 5939 5940
f 5961 5940 5941
f 5941 5940 5938
f 5931 5969 5932
f 5932 5969 5970
f 5945 5971 5931
f 5931 5971 5969
f 5941 5944 5961
f 5961 5944 5972
f 5954 5957 5947
f 5947 5957 5973
f 5945 5931 5946
f 5946 5931 5934
f 5935 5974 5936
f 5936 5974 5975
f 5959 5960 5933
f 5933 5960 5934
f 5937 5942 5938
f 5938 5942 5941
f 5932 5970 5976
f 5976 5970 5977
f 5968 5964 5978
f 5978 5964 5963
f 5965 5964 5950
f 5950 5964 5967
f 5976 5977 5965
f 5965 5977 5966
f 5947 5950 5954
f 5954 5950 5967
f 5939 5968 5979
f 5979 5968 5978
f 5936 5975 5945
f 5945 5975 5971
f 5972 5754 5956
f 5956 5754 5617
f 5974 5935 5979
f 5979 5935 5939
f 5953 5943 5958
f 5958 5943 5942
f 5964 5968 5967
f 5967 5968 5962
f 5965 5950 5976
f 5976 5950 5949
f 5976 5949 5932
f 5932 5949 5933
f 5979 5978 5981
f 5981 5978 5980
f 5979 5981 5974
f 5974 5981 5982
f 5974 5982 5975
f 5975 5982 5983
f 5975 5983 5971
f 5971 5983 5984
f 5978 5963 5980
f 5980 5963 5985
f 5963 5966 5985
f 5985 5966 5986
f 5986 5966 5987
f 5987 5966 5977
f 5988 5989 5985
f 5985 5989 5980
f 5991 5992 5990
f 5990 5992 5993
f 5994 5995 5991
f 5991 5995 5992
f 5992 5995 5997
f 5997 5995 5996
f 5998 5999 5997
f 5997 5999 6000
f 5996 6001 5997
f 5997 6001 5998
f 6000 5993 5997
f 5997 5993 5992
f 6002 6003 5993
f 5993 6003 5990
f 5995 5994 5996
f 5996 5994 6004
f 5994 5982 6004
f 6004 5982 5981
f 5994 6005 5982
f 5982 6005 5983
f 5991 6006 5994
f 5994 6006 6005
f 6006 5991 6007
f 6007 5991 5990
f 5996 6004 6001
f 6001 6004 5989
f 5989 6004 5980
f 5980 6004 5981
f 6003 6008 5990
f 5990 6008 6007
f 6009 6006 6010
f 6010 6006 6007
f 6008 6011 6007
f 6007 6011 6010
f 6012 6009 6013
f 6013 6009 6010
f 6009 6012 6015
f 6015 6012 6014
f 6011 6016 6010
f 6010 6016 6013
f 6006 6009 6005
f 6005 6009 6015
f 6005 6015 5983
f 5983 6015 5984
f 6008 6003 6018
f 6018 6003 6017
f 6003 6002 6017
f 6017 6002 6019
f 5998 6001 6020
f 6020 6001 5989
f 5999 5998 6021
f 6021 5998 6020
f 5989 5988 6020
f 6020 5988 6022
f 6021 6020 6023
f 6023 6020 6022
f 6021 6024 5999
f 5999 6024 6025
f 6019 6025 6017
f 6017 6025 6024
f 5971 5984 5969
f 5969 5984 6026
f 5970 6027 5977
f 5977 6027 5987
f 6027 5970 6026
f 6026 5970 5969
f 6026 6014 6027
f 6027 6014 6028
f 6014 6012 6028
f 6028 6012 6029
f 6027 6028 5987
f 5987 6028 6030
f 6026 5984 6014
f 6014 5984 6015
f 6031 5986 6030
f 6030 5986 5987
f 6031 5988 5986
f 5986 5988 5985
f 6032 6022 6031
f 6031 6022 5988
f 6032 6031 6033
f 6033 6031 6030
f 6034 6032 6035
f 6035 6032 6033
f 6028 6029 6030
f 6030 6029 6033
f 6029 6036 6033
f 6033 6036 6035
f 6032 6034 6022
f 6022 6034 6023
f 6038 6023 6037
f 6037 6023 6034
f 6037 6040 6039
f 6039 6040 6041
f 6037 6034 6040
f 6040 6034 6035
f 6037 6039 6038
f 6038 6039 6018
f 6038 6018 6024
f 6024 6018 6017
f 6024 6021 6038
f 6038 6021 6023
f 6012 6013 6029
f 6029 6013 6036
f 6041 6036 6016
f 6016 6036 6013
f 6041 6040 6036
f 6036 6040 6035
f 6041 6016 6039
f 6039 6016 6011
f 6011 6008 6039
f 6039 6008 6018
f 5993 6000 6002
f 6002 6000 6019
f 6019 6000 6025
f 6025 6000 5999
f 5943 5756 5944
f 5944 5756 5755
f 6042 5948 5973
f 5973 5948 5947
f 5952 5951 5959
f 5959 5951 5960
f 5951 5953 5960
f 5960 5953 5958
f 5616 5957 5617
f 5617 5957 5956
f 6042 5952 5948
f 5948 5952 5959
f 5944 5755 5972
f 5972 5755 5754
f 5957 5616 5973
f 5973 5616 5652
f 5956 5955 5972
f 5972 5955 5961
f 5943 5953 5756
f 5756 5953 5709
f 6044 6045 6043
f 6043 6045 6046
f 6048 6049 6047
f 6047 6049 6050
f 6047 6050 6051
f 6051 6050 6052
f 6054 6055 6053
f 6053 6055 6056
f 6057 6058 6060
f 6060 6058 6059
f 6061 6062 6048
f 6048 6062 6049
f 6063 6064 6066
f 6066 6064 6065
f 6067 6068 6070
f 6070 6068 6069
f 6071 6069 5653
f 5653 6069 6068
f 6072 6073 6075
f 6075 6073 6074
f 6062 6076 6049
f 6049 6076 6054
f 6058 6067 6059
f 6059 6067 6070
f 6064 6077 6065
f 6065 6077 6045
f 6078 6076 6046
f 6046 6076 6062
f 6073 6080 6079
f 6079 6080 6052
f 6082 6083 6081
f 6081 6083 6084
f 6072 6085 6073
f 6073 6085 6080
f 6086 6051 6080
f 6080 6051 6052
f 6079 6052 6053
f 6053 6052 6050
f 6043 6087 6044
f 6044 6087 6088
f 6061 6089 6043
f 6043 6089 6087
f 6053 6056 6079
f 6079 6056 6090
f 6063 6072 6060
f 6060 6072 6075
f 6043 6046 6061
f 6061 6046 6062
f 6047 6091 6048
f 6048 6091 6092
f 6077 6078 6045
f 6045 6078 6046
f 6049 6054 6050
f 6050 6054 6053
f 6044 6088 6093
f 6093 6088 6094
f 6086 6082 6095
f 6095 6082 6081
f 6083 6082 6066
f 6066 6082 6085
f 6093 6094 6083
f 6083 6094 6084
f 6072 6063 6085
f 6085 6063 6066
f 6051 6086 6096
f 6096 6086 6095
f 6048 6092 6061
f 6061 6092 6089
f 5656 5655 6090
f 6090 5655 6074
f 6091 6047 6096
f 6096 6047 6051
f 6071 6055 6076
f 6076 6055 6054
f 6082 6086 6085
f 6085 6086 6080
f 6093 6083 6065
f 6065 6083 6066
f 6044 6093 6045
f 6045 6093 6065
f 6096 6095 6098
f 6098 6095 6097
f 6096 6098 6091
f 6091 6098 6099
f 6091 6099 6092
f 6092 6099 6100
f 6092 6100 6089
f 6089 6100 6101
f 6095 6081 6097
f 6097 6081 6102
f 6081 6084 6102
f 6102 6084 6103
f 6103 6084 6104
f 6104 6084 6094
f 6106 6097 6105
f 6105 6097 6102
f 6107 6108 6110
f 6110 6108 6109
f 6111 6112 6108
f 6108 6112 6109
f 6109 6112 6114
f 6114 6112 6113
f 6114 6115 6117
f 6117 6115 6116
f 6113 6118 6114
f 6114 6118 6115
f 6117 6110 6114
f 6114 6110 6109
f 6110 6119 6107
f 6107 6119 6120
f 6112 6111 6113
f 6113 6111 6121
f 6111 6099 6121
f 6121 6099 6098
f 6111 6122 6099
f 6099 6122 6100
f 6123 6122 6108
f 6108 6122 6111
f 6124 6123 6107
f 6107 6123 6108
f 6113 6121 6118
f 6118 6121 6106
f 6106 6121 6097
f 6097 6121 6098
f 6125 6124 6120
f 6120 6124 6107
f 6126 6123 6127
f 6127 6123 6124
f 6125 6128 6124
f 6124 6128 6127
f 6129 6126 6130
f 6130 6126 6127
f 6126 6129 6132
f 6132 6129 6131
f 6128 6133 6127
f 6127 6133 6130
f 6123 6126 6122
f 6122 6126 6132
f 6122 6132 6100
f 6100 6132 6101
f 6120 6134 6125
f 6125 6134 6135
f 6120 6119 6134
f 6134 6119 6136
f 6115 6118 6137
f 6137 6118 6106
f 6115 6137 6116
f 6116 6137 6138
f 6137 6106 6139
f 6139 6106 6105
f 6138 6137 6140
f 6140 6137 6139
f 6141 6142 6138
f 6138 6142 6116
f 6136 6142 6134
f 6134 6142 6141
f 6089 6101 6087
f 6087 6101 6143
f 6088 6144 6094
f 6094 6144 6104
f 6143 6144 6087
f 6087 6144 6088
f 6131 6145 6143
f 6143 6145 6144
f 6129 6146 6131
f 6131 6146 6145
f 6144 6145 6104
f 6104 6145 6147
f 6143 6101 6131
f 6131 6101 6132
f 6148 6103 6147
f 6147 6103 6104
f 6103 6148 6102
f 6102 6148 6105
f 6148 6149 6105
f 6105 6149 6139
f 6149 6148 6150
f 6150 6148 6147
f 6151 6149 6152
f 6152 6149 6150
f 6145 6146 6147
f 6147 6146 6150
f 6146 6153 6150
f 6150 6153 6152
f 6149 6151 6139
f 6139 6151 6140
f 6155 6140 6154
f 6154 6140 6151
f 6154 6157 6156
f 6156 6157 6158
f 6154 6151 6157
f 6157 6151 6152
f 6154 6156 6155
f 6155 6156 6135
f 6155 6135 6141
f 6141 6135 6134
f 6141 6138 6155
f 6155 6138 6140
f 6146 6129 6153
f 6153 6129 6130
f 6158 6153 6133
f 6133 6153 6130
f 6158 6157 6153
f 6153 6157 6152
f 6156 6158 6128
f 6128 6158 6133
f 6128 6125 6156
f 6156 6125 6135
f 6110 6117 6119
f 6119 6117 6136
f 6136 6117 6142
f 6142 6117 6116
f 6055 5615 6056
f 6056 5615 5752
f 6060 6059 6063
f 6063 6059 6064
f 6077 6070 6078
f 6078 6070 6069
f 6069 6071 6078
f 6078 6071 6076
f 6159 6057 6075
f 6075 6057 6060
f 6059 6070 6064
f 6064 6070 6077
f 6056 5752 6090
f 6090 5752 5656
f 6090 6074 6079
f 6079 6074 6073
f 6055 6071 5615
f 5615 6071 5653
f 5547 5471 6160
f 6160 5471 6161
f 5729 5577 6163
f 6163 5577 6162
f 5577 5576 6162
f 6162 5576 6164
f 5713 6165 5711
f 5711 6165 6166
f 5474 5729 6167
f 6167 5729 6163
f 5750 5547 6168
f 6168 5547 6160
f 5471 5474 6161
f 6161 5474 6167
f 6169 5712 6168
f 6168 5712 5750
f 5711 6166 5576
f 5576 6166 6164
f 6165 5713 6169
f 6169 5713 5712
f 6168 6170 6169
f 6169 6170 6171
f 6169 6171 6165
f 6165 6171 6172
f 6165 6172 6166
f 6166 6172 6173
f 6166 6173 6164
f 6164 6173 6174
f 6168 6160 6170
f 6170 6160 6175
f 6160 6161 6175
f 6175 6161 6176
f 6161 6167 6176
f 6176 6167 6177
f 6179 6170 6178
f 6178 6170 6175
f 6181 6182 6180
f 6180 6182 6183
f 6184 6185 6181
f 6181 6185 6182
f 6186 6187 6185
f 6185 6187 6182
f 6186 6188 6187
f 6187 6188 6189
f 6190 6183 6187
f 6187 6183 6182
f 6183 6190 6191
f 6191 6190 6192
f 6191 6193 6183
f 6183 6193 6180
f 6186 6185 6194
f 6194 6185 6184
f 6184 6172 6194
f 6194 6172 6171
f 6184 6195 6172
f 6172 6195 6173
f 6181 6196 6184
f 6184 6196 6195
f 6196 6181 6197
f 6197 6181 6180
f 6186 6194 6188
f 6188 6194 6179
f 6179 6194 6170
f 6170 6194 6171
f 6193 6198 6180
f 6180 6198 6197
f 6199 6196 6200
f 6200 6196 6197
f 6198 6201 6197
f 6197 6201 6200
f 6202 6199 6203
f 6203 6199 6200
f 6199 6202 6205
f 6205 6202 6204
f 6201 6206 6200
f 6200 6206 6203
f 6196 6199 6195
f 6195 6199 6205
f 6195 6205 6173
f 6173 6205 6174
f 6198 6193 6208
f 6208 6193 6207
f 6193 6191 6207
f 6207 6191 6192
f 6189 6188 6209
f 6209 6188 6179
f 6210 6189 6211
f 6211 6189 6209
f 6209 6179 6212
f 6212 6179 6178
f 6211 6209 6213
f 6213 6209 6212
f 6211 6214 6210
f 6210 6214 6215
f 6192 6215 6207
f 6207 6215 6214
f 6190 6187 6210
f 6210 6187 6189
f 6192 6190 6215
f 6215 6190 6210
f 6162 6164 6216
f 6216 6164 6174
f 6167 6163 6177
f 6177 6163 6217
f 6216 6217 6162
f 6162 6217 6163
f 6204 6218 6216
f 6216 6218 6217
f 6202 6219 6204
f 6204 6219 6218
f 6217 6218 6177
f 6177 6218 6220
f 6216 6174 6204
f 6204 6174 6205
f 6221 6176 6220
f 6220 6176 6177
f 6176 6221 6175
f 6175 6221 6178
f 6221 6222 6178
f 6178 6222 6212
f 6222 6221 6223
f 6223 6221 6220
f 6224 6222 6225
f 6225 6222 6223
f 6218 6219 6220
f 6220 6219 6223
f 6219 6226 6223
f 6223 6226 6225
f 6222 6224 6212
f 6212 6224 6213
f 6228 6213 6227
f 6227 6213 6224
f 6229 6227 6231
f 6231 6227 6230
f 6227 6224 6230
f 6230 6224 6225
f 6227 6229 6228
f 6228 6229 6208
f 6228 6208 6214
f 6214 6208 6207
f 6214 6211 6228
f 6228 6211 6213
f 6219 6202 6226
f 6226 6202 6203
f 6231 6226 6206
f 6206 6226 6203
f 6231 6230 6226
f 6226 6230 6225
f 6229 6231 6201
f 6201 6231 6206
f 6201 6198 6229
f 6229 6198 6208
f 5674 5672 5661
f 5661 5672 5662
f 5662 5672 5663
f 5663 5672 5646
f 5651 6042 5652
f 5652 6042 5973
f 5518 5517 5751
f 5751 5517 5733
f 5738 5660 5753
f 5753 5660 5637
f 5752 5636 5656
f 5656 5636 5526
f 5952 6042 5593
f 5593 6042 5651
f 5593 5651 5594
f 5594 5651 5650
f 5600 5737 5514
f 5514 5737 5515
f 5546 5545 5740
f 5740 5545 6232
f 6232 6058 5740
f 5740 6058 6057
f 6067 6058 6233
f 6233 6058 6232
f 6233 6232 6234
f 6234 6232 5545
f 6234 5545 6235
f 6235 5545 5544
f 5606 6236 5543
f 5543 6236 5544
f 6235 5544 5539
f 5539 5544 6236
f 6237 6235 5542
f 5542 6235 5539
f 6235 6237 6234
f 6234 6237 6238
f 6234 6238 6233
f 6233 6238 6239
f 5653 6068 5650
f 5650 6068 6239
f 5642 5513 6240
f 6240 5513 5516
f 5539 6236 5540
f 5540 6236 5606
f 5636 5614 5637
f 5637 5614 5753
f 6239 5737 5650
f 5650 5737 5594
f 6239 6068 6233
f 6233 6068 6067
f 6075 6074 6159
f 6159 6074 5655
f 6057 6159 5740
f 5740 6159 5655
f 5515 5737 6238
f 6238 5737 6239
f 6238 6237 5515
f 5515 6237 5516
f 5542 6240 6237
f 6237 6240 5516
f 6240 5542 5642
f 5642 5542 5541
f 5702 5699 5541
f 5541 5699 5642
f 5582 5475 5717
f 5470 5443 5537
f 5537 5443 5504
f 5469 5444 5470
f 5470 5444 5443
f 5726 5557 5727
f 5727 5557 5556
f 5537 5504 5511
f 5511 5504 5506
f 5504 5503 5506
f 5506 5503 5507
f 5503 5455 5507
f 5507 5455 5581
f 5455 5454 5581
f 5581 5454 5456
f 5473 5453 5474
f 5474 5453 5729
f 5457 5454 5473
f 5473 5454 5453
f 5473 5472 5457
f 5457 5472 5686
f 5472 5548 5686
f 5686 5548 5687
f 5749 5693 5548
f 5548 5693 5687
f 5715 5532 5749
f 5749 5532 5693
f 5714 5486 5715
f 5715 5486 5532
f 5714 5710 5486
f 5486 5710 5449
f 5728 5578 5729
f 5729 5578 5577
f 5452 5445 5698
f 5698 5445 5558
f 5445 5444 5558
f 5558 5444 5556
f 5444 5469 5556
f 5556 5469 5727
f 5469 5468 5727
f 5727 5468 5555
f 5468 5747 5555
f 5555 5747 5552
f 5747 5700 5552
f 5552 5700 5716
f 5700 5699 5716
f 5716 5699 5717
f 5699 5702 5717
f 5717 5702 5582
f 5702 5701 5582
f 5582 5701 5583
f 5726 5479 5557
f 5557 5479 5483
f 5483 5479 5484
f 5484 5479 5482
f 5534 5533 5482
f 5482 5533 5484
f 5691 5688 5534
f 5534 5688 5533
f 5644 5647 5691
f 5691 5647 5688
f 5719 5746 5701
f 5701 5746 5583
f 5718 5497 5719
f 5719 5497 5746
f 5718 5605 5654
f 5654 5605 5638
f 5498 5654 5657
f 5657 5654 5633
f 5497 5718 5498
f 5498 5718 5654
f 5657 5527 5498
f 5498 5527 5494
f 5528 5570 5495
f 5495 5570 5521
f 5665 5668 5528
f 5528 5668 5570
f 5664 5671 5665
f 5665 5671 5668
f 5645 5741 5664
f 5664 5741 5671
f 5644 5696 5645
f 5645 5696 5741
f 5710 5575 5449
f 5449 5575 5450
f 5575 5578 5450
f 5450 5578 5698
f 5578 5728 5698
f 5698 5728 5452
f 5452 5728 5451
f 5451 5728 5453
f 3619 6241 3620
f 3620 6241 6242
f 6243 6244 3628
f 3628 6244 3629
f 6245 6246 3634
f 3634 6246 3631
f 6247 6248 3636
f 3636 6248 3637
f 6249 6250 3642
f 3642 6250 3639
f 3639 6250 3643
f 3643 6250 6251
f 3743 6252 3744
f 3744 6252 6253
f 6246 6243 3631
f 3631 6243 3628
f 3753 6254 3754
f 3754 6254 6255
f 3857 6256 3619
f 3619 6256 6241
f 6257 6245 3932
f 3932 6245 3634
f 6242 6247 3620
f 3620 6247 3636
f 6258 6259 3946
f 3946 6259 3947
f 6260 6249 3948
f 3948 6249 3642
f 6244 6258 3629
f 3629 6258 3946
f 3947 6259 3753
f 3753 6259 6254
f 6248 6260 3637
f 3637 6260 3948
f 3643 6251 3743
f 3743 6251 6252
f 3744 6253 3932
f 3932 6253 6257
f 6250 6249 6251
f 6251 6249 6252
f 6245 6261 6246
f 6246 6261 6262
f 6263 6264 6247
f 6247 6264 6248
f 6252 6265 6253
f 6253 6265 6266
f 6246 6262 6243
f 6243 6262 6267
f 6268 6261 6257
f 6257 6261 6245
f 6269 6263 6242
f 6242 6263 6247
f 6270 6271 6260
f 6260 6271 6249
f 6264 6270 6248
f 6248 6270 6260
f 6253 6266 6257
f 6257 6266 6268
f 6249 6271 6252
f 6252 6271 6265
f 6254 6259 6272
f 6272 6259 6273
f 6266 6265 6270
f 6270 6265 6271
f 6268 6266 6264
f 6264 6266 6270
f 6261 6268 6263
f 6263 6268 6264
f 6269 6262 6263
f 6263 6262 6261
f 4186 4185 6274
f 6274 4185 6275
f 6241 6276 6242
f 6242 6276 6269
f 6258 6244 6277
f 6277 6244 6278
f 6256 6279 6241
f 6241 6279 6276
f 6259 6258 6273
f 6273 6258 6277
f 6243 6267 6244
f 6244 6267 6278
f 6276 6267 6269
f 6269 6267 6262
f 6254 6272 6255
f 6255 6272 6280
f 3865 3713 3888
f 3888 3713 3685
f 5242 5233 3892
f 3892 5233 3711
f 3900 5243 3892
f 3892 5243 5242
f 3734 3866 3900
f 3900 3866 5243
f 4117 6281 4118
f 4118 6281 6282
f 4118 6282 4278
f 4278 6282 4879
f 4717 4887 4718
f 4718 4887 4280
f 4792 4278 4882
f 4882 4278 4879
f 4795 4792 6283
f 6283 4792 4882
f 4852 4851 5012
f 5012 4851 6284
f 4856 5207 4857
f 4857 5207 4858
f 4860 4279 4857
f 4857 4279 4854
f 4718 4280 4860
f 4860 4280 4279
f 4864 4863 4745
f 4745 4863 4742
f 5366 4867 5011
f 5011 4867 4866
f 4871 4884 4872
f 4872 4884 4883
f 4872 4883 4117
f 4117 4883 6281
f 6284 4851 6283
f 6283 4851 4795
f 4852 4866 4853
f 4853 4866 4865
f 4871 4870 4856
f 4856 4870 5207
f 4717 4716 4864
f 4864 4716 4861
f 4868 4867 4862
f 4862 4867 4863
f 4268 4855 4269
f 4269 4855 4854
f 4281 4274 4282
f 4282 4274 4765
f 4744 4743 4907
f 4907 4743 4904
f 4874 4881 4820
f 4820 4881 4880
f 4885 5013 4886
f 4886 5013 4980
f 4888 4275 4281
f 4281 4275 4274
f 4902 6282 4903
f 4903 6282 6281
f 6283 4979 6284
f 6284 4979 4978
f 4282 4765 4269
f 4269 4765 4266
f 4880 4879 4902
f 4902 4879 6282
f 4903 6281 4886
f 4886 6281 4883
f 4882 4881 6283
f 6283 4881 4979
f 5013 4885 4267
f 4267 4885 4268
f 4888 4887 4744
f 4744 4887 4745
f 4410 6285 4411
f 4411 6285 4812
f 4750 4749 6286
f 6286 4749 6287
f 6289 4695 6288
f 6288 4695 4255
f 4750 4675 4751
f 4751 4675 4965
f 6290 6291 4963
f 4963 6291 4960
f 4807 4806 4411
f 4411 4806 4408
f 6292 6293 4959
f 4959 6293 4956
f 4958 6294 4959
f 4959 6294 4955
f 4962 4964 4963
f 4963 4964 4805
f 4962 4961 4751
f 4751 4961 4748
f 6296 6297 6295
f 6295 6297 6298
f 6299 6300 6288
f 6288 6300 4735
f 6302 4961 6301
f 6301 4961 4960
f 6304 6287 6303
f 6303 6287 4749
f 4968 6305 4969
f 4969 6305 6306
f 4413 6308 6307
f 6307 6308 4900
f 6301 4960 6309
f 6309 4960 6291
f 4412 4408 6310
f 6310 4408 4806
f 4696 6311 4256
f 4256 6311 6312
f 6303 4749 6313
f 6313 4749 4748
f 6313 4748 6302
f 6302 4748 4961
f 6315 6316 6314
f 6314 6316 6317
f 4084 6318 6315
f 6315 6318 6316
f 4083 6319 4084
f 4084 6319 6318
f 4112 6320 4083
f 4083 6320 6319
f 6322 4138 6321
f 6321 4138 4137
f 6324 4128 6323
f 6323 4128 4127
f 4127 4193 6323
f 6323 4193 6325
f 4193 4891 6325
f 6325 4891 6326
f 4891 6327 6326
f 6326 6327 6328
f 6327 4824 5227
f 5227 4824 5228
f 5231 4684 6329
f 6329 4684 4683
f 4683 4099 6329
f 6329 4099 6330
f 4099 4102 6330
f 6330 4102 6331
f 4174 4826 4429
f 4429 4826 4829
f 4173 4741 4174
f 4174 4741 4826
f 4180 4738 4173
f 4173 4738 4741
f 6332 6333 4180
f 4180 6333 4738
f 6274 6334 4186
f 4186 6334 4188
f 4181 4825 4180
f 4180 4825 6332
f 5044 5213 5045
f 5045 5213 5165
f 5046 5087 5047
f 5047 5087 5222
f 5077 5063 5078
f 5078 5063 5198
f 5081 5099 5082
f 5082 5099 5194
f 5095 5074 5096
f 5096 5074 5073
f 5373 5170 5096
f 5096 5170 5093
f 5375 5171 5373
f 5373 5171 5170
f 5047 5222 5375
f 5375 5222 5171
f 5046 5038 5376
f 5376 5038 5067
f 5377 5086 5376
f 5376 5086 5085
f 5045 5165 5377
f 5377 5165 5086
f 5378 5214 5044
f 5044 5214 5213
f 5077 5034 5378
f 5378 5034 5214
f 5082 5194 5078
f 5078 5194 5035
f 5081 5080 5379
f 5379 5080 6335
f 5379 6335 5095
f 5095 6335 5074
f 5032 5080 5033
f 5033 5080 5079
f 5040 5017 5041
f 5041 5017 5016
f 5050 5043 5051
f 5051 5043 5042
f 5065 5023 5066
f 5066 5023 5022
f 5050 5049 5065
f 5065 5049 5023
f 5041 5016 5068
f 5068 5016 5020
f 5071 5374 5072
f 5072 5374 5200
f 5075 5156 5076
f 5076 5156 5155
f 5162 5212 5068
f 5068 5212 5067
f 5075 5074 5192
f 5192 5074 6335
f 5066 5022 5199
f 5199 5022 5196
f 5076 5155 5072
f 5072 5155 5069
f 5040 5039 5071
f 5071 5039 5374
f 5162 5161 5051
f 5051 5161 5048
f 5192 6335 5032
f 5032 6335 5080
f 5199 5196 5033
f 5033 5196 5030
f 5018 5211 5019
f 5019 5211 5408
f 5019 5408 5021
f 5021 5408 5163
f 5024 5057 5025
f 5025 5057 5415
f 5028 5048 5029
f 5029 5048 5161
f 5054 5031 5055
f 5055 5031 5030
f 5024 5023 5058
f 5058 5023 5049
f 5061 5070 5062
f 5062 5070 5069
f 5157 5438 5158
f 5158 5438 5442
f 5160 5191 5054
f 5054 5191 5031
f 5029 5161 5021
f 5021 5161 5020
f 5025 5415 5197
f 5197 5415 5220
f 5158 5442 5062
f 5062 5442 5059
f 5018 5017 5061
f 5061 5017 5070
f 5160 5159 5157
f 5157 5159 5438
f 5028 5027 5058
f 5058 5027 5056
f 5055 5030 5197
f 5197 5030 5196
f 5409 5380 5410
f 5410 5380 6336
f 5026 5413 5027
f 5027 5413 5412
f 5396 5417 5393
f 5393 5417 5416
f 5416 5057 5419
f 5419 5057 5056
f 5417 5396 5426
f 5426 5396 5420
f 5427 5423 5428
f 5428 5423 5422
f 5427 5059 5430
f 5430 5059 5442
f 5409 5408 5433
f 5433 5408 5211
f 5433 5211 5428
f 5428 5211 5060
f 5412 5411 5419
f 5419 5411 5418
f 5436 5053 5437
f 5437 5053 5052
f 5439 5402 5440
f 5440 5402 5401
f 5436 5435 5439
f 5439 5435 5402
f 5410 6336 5413
f 5413 6336 5414
f 5440 5401 5430
f 5430 5401 5429
f 5426 5420 5437
f 5437 5420 5434
f 5382 5432 5383
f 5383 5432 5384
f 5386 6336 5383
f 5383 6336 5380
f 6336 5386 5414
f 5414 5386 5388
f 5391 5418 5392
f 5392 5418 5411
f 5705 5395 5704
f 5704 5395 5394
f 5399 5435 5400
f 5400 5435 5434
f 5403 5441 5404
f 5404 5441 5405
f 5407 5429 5404
f 5404 5429 5401
f 5395 5705 5421
f 5421 5705 5748
f 5424 5706 5425
f 5425 5706 5431
f 5391 5390 5394
f 5394 5390 5704
f 5392 5388 5389
f 5389 5388 5387
f 5382 5381 5425
f 5425 5381 5422
f 5407 5406 5424
f 5424 5406 5706
f 5403 5402 5399
f 5399 5402 5435
f 5421 5748 5400
f 5400 5748 5397
f 4097 4721 4098
f 4098 4721 4231
f 4233 5273 4098
f 4098 5273 4095
f 6337 6338 4785
f 4785 6338 4786
f 4076 4780 4073
f 4073 4780 4781
f 4782 4190 4781
f 4781 4190 4073
f 4783 4901 4782
f 4782 4901 4190
f 4780 4076 4097
f 4097 4076 4721
f 6337 2879 4701
f 4701 2879 2878
f 5280 6339 5272
f 5272 6339 6340
f 5282 5281 6341
f 6341 5281 6342
f 4109 6302 4110
f 4110 6302 6301
f 4283 6304 4284
f 4284 6304 6303
f 6305 4379 6306
f 6306 4379 4378
f 4110 6301 4428
f 4428 6301 6309
f 6310 4688 4412
f 4412 4688 4687
f 4284 6303 4753
f 4753 6303 6313
f 4753 6313 4109
f 4109 6313 6302
f 6343 5226 4428
f 4428 5226 4427
f 4147 4900 4416
f 4416 4900 6308
f 6312 6311 4241
f 4241 6311 4720
f 5223 6344 4702
f 4702 6344 4699
f 4221 4220 6345
f 6345 4220 6346
f 5276 5275 6347
f 6347 5275 6348
f 5275 4728 6348
f 6348 4728 6349
f 4727 6350 5284
f 5284 6350 5285
f 6351 6352 6354
f 6354 6352 6353
f 5313 5312 5292
f 5292 5312 5293
f 5312 5344 5293
f 5293 5344 5337
f 5344 4914 5337
f 5337 4914 4916
f 4914 4913 4916
f 4916 4913 4917
f 4913 6355 4917
f 4917 6355 4978
f 6356 6357 6284
f 6284 6357 5012
f 6357 6358 5012
f 5012 6358 5011
f 5011 6358 5366
f 5366 6358 6359
f 6360 4742 6359
f 6359 4742 5366
f 4743 6361 4904
f 4904 6361 5364
f 5363 4905 5364
f 5364 4905 4904
f 5363 6362 4905
f 4905 6362 4207
f 6362 6363 4207
f 4207 6363 4208
f 6363 5342 4208
f 4208 5342 5330
f 5342 5341 5330
f 5330 5341 4244
f 5341 6364 4244
f 4244 6364 4245
f 6364 6365 4245
f 4245 6365 4246
f 6366 6367 4253
f 4253 6367 4250
f 4214 6368 4211
f 4211 6368 4380
f 4380 4379 4211
f 4211 4379 4283
f 4379 6305 4283
f 4283 6305 6304
f 6305 4968 6304
f 6304 4968 6287
f 4968 4967 6287
f 6287 4967 6286
f 4967 6297 6286
f 6286 6297 4676
f 6296 4376 4288
f 4288 4376 4285
f 4376 4373 4285
f 4285 4373 4290
f 6369 6370 6372
f 6372 6370 6371
f 5245 6373 5246
f 5246 6373 6374
f 4317 6375 4318
f 4318 6375 6376
f 4331 6377 4332
f 4332 6377 6378
f 6379 4333 6376
f 6376 4333 4318
f 4343 6380 4344
f 4344 6380 6381
f 4347 6382 4348
f 4348 6382 6383
f 4374 6371 4331
f 4331 6371 6377
f 4333 6379 4426
f 4426 6379 6384
f 4690 6385 4347
f 4347 6385 6382
f 4332 6378 4317
f 4317 6378 6375
f 4922 6386 4923
f 4923 6386 6387
f 6388 6389 4375
f 4375 6389 6390
f 6355 6356 4978
f 4978 6356 6284
f 4742 6360 4743
f 4743 6360 6361
f 6391 4238 6392
f 6392 4238 4719
f 6392 4719 6393
f 6393 4719 5296
f 6395 6396 6394
f 6394 6396 6397
f 6399 6400 6398
f 6398 6400 6401
f 6402 5302 6403
f 6403 5302 5303
f 5303 5321 6403
f 6403 5321 6404
f 5320 6405 5321
f 5321 6405 6404
f 5319 6406 5350
f 5350 6406 5351
f 5319 5318 6406
f 6406 5318 6407
f 5288 4197 6408
f 6408 4197 6409
f 4217 4216 6410
f 6410 4216 6411
f 5227 6412 6327
f 6327 6412 6328
f 4892 6413 5227
f 5227 6413 6412
f 4228 6414 4892
f 4892 6414 6413
f 4227 6415 4228
f 4228 6415 6414
f 4248 6416 4227
f 4227 6416 6415
f 4247 6417 4248
f 4248 6417 6416
f 6417 4247 6419
f 6419 4247 6418
f 6419 6418 6421
f 6421 6418 6420
f 6422 5301 6423
f 6423 5301 5300
f 6423 5300 6424
f 6424 5300 6399
f 6408 6409 6398
f 6398 6409 6425
f 6426 6427 6397
f 6397 6427 6394
f 6428 4224 6429
f 6429 4224 4223
f 6347 6346 5276
f 5276 6346 4220
f 6346 6347 6341
f 6341 6347 6339
f 5280 5278 5282
f 5282 5278 4236
f 4896 5224 4684
f 4684 5224 4681
f 4132 4135 4896
f 4896 4135 5224
f 4131 4136 4132
f 4132 4136 4135
f 4226 4754 4131
f 4131 4754 4136
f 4251 4213 4226
f 4226 4213 4754
f 4250 4214 4251
f 4251 4214 4213
f 4250 6367 4214
f 4214 6367 6368
f 6367 4910 6368
f 6368 4910 4737
f 4909 5297 4736
f 4736 5297 5296
f 5297 6395 5296
f 5296 6395 6393
f 6427 6430 6394
f 6394 6430 6431
f 6429 4383 6428
f 6428 4383 4382
f 4219 5277 4220
f 4220 5277 5276
f 4222 4697 4383
f 4383 4697 4218
f 6345 4699 4221
f 4221 4699 6344
f 6342 4700 6345
f 6345 4700 4699
f 4235 4786 5281
f 5281 4786 6338
f 4234 4787 4235
f 4235 4787 4786
f 5279 5278 6432
f 6432 5278 5271
f 4237 5279 6433
f 6433 5279 6432
f 4787 4234 6433
f 6433 4234 4237
f 6435 6436 6434
f 6434 6436 6437
f 6359 6438 6360
f 6360 6438 6437
f 6439 6440 6441
f 6441 6440 6438
f 6443 6439 6442
f 6442 6439 6441
f 6357 6356 6442
f 6442 6356 6444
f 6444 6446 6445
f 6445 6446 6447
f 4912 6446 4913
f 4913 6446 6355
f 6361 6436 5364
f 5364 6436 5365
f 5319 5350 5316
f 5316 5350 6448
f 4832 6449 5350
f 5350 6449 6448
f 4831 6450 4832
f 4832 6450 6449
f 5354 6451 5320
f 5320 6451 6405
f 4265 6452 5354
f 5354 6452 6451
f 4264 6453 4265
f 4265 6453 6452
f 6450 4831 6447
f 6447 4831 6445
f 4263 6435 4264
f 4264 6435 6434
f 6454 6453 6439
f 6439 6453 6440
f 6439 6443 6454
f 6454 6443 4834
f 4833 6455 4834
f 4834 6455 6454
f 5351 6456 4833
f 4833 6456 6455
f 6457 6391 6458
f 6458 6391 6392
f 6458 6392 6431
f 6431 6392 6393
f 5298 6396 5297
f 5297 6396 6395
f 6402 6400 5302
f 5302 6400 5299
f 6402 6403 6459
f 6459 6403 6460
f 6460 6403 6461
f 6461 6403 6404
f 6405 6462 6404
f 6404 6462 6461
f 6406 6462 5351
f 5351 6462 6456
f 6406 6407 6462
f 6462 6407 6461
f 6407 6463 6461
f 6461 6463 6460
f 6463 6464 6460
f 6460 6464 6459
f 6464 6465 6459
f 6459 6465 6401
f 6430 6466 6431
f 6431 6466 6458
f 6466 6410 6458
f 6458 6410 6457
f 6410 6411 6457
f 6457 6411 6467
f 6396 6424 6397
f 6397 6424 6425
f 6393 6395 6431
f 6431 6395 6394
f 6451 6456 6405
f 6405 6456 6462
f 6452 6455 6451
f 6451 6455 6456
f 6453 6454 6452
f 6452 6454 6455
f 6443 6445 4834
f 4834 6445 4831
f 6440 6453 6434
f 6434 6453 4264
f 6468 5306 5360
f 5360 5306 5305
f 6469 4124 6468
f 6468 4124 5306
f 6470 4125 6469
f 6469 4125 4124
f 6471 5291 6470
f 6470 5291 4125
f 6353 5292 6471
f 6471 5292 5291
f 5292 6353 5313
f 5313 6353 6352
f 5347 5314 6352
f 6352 5314 5313
f 5353 5318 5346
f 5346 5318 5317
f 5334 6468 5358
f 5358 6468 5360
f 5324 6469 5334
f 5334 6469 6468
f 5323 6470 5324
f 5324 6470 6469
f 5343 6471 5323
f 5323 6471 6470
f 6354 6353 5343
f 5343 6353 6471
f 6348 6349 4270
f 4270 6349 5311
f 5272 6340 5273
f 5273 6340 4272
f 6432 5271 4232
f 4232 5271 4233
f 4294 6432 4295
f 4295 6432 4232
f 6432 4294 6433
f 6433 4294 4301
f 4301 4300 6433
f 6433 4300 4787
f 4704 4784 4300
f 4300 4784 4787
f 4704 3013 4784
f 4784 3013 1307
f 5103 6472 5104
f 5104 6472 5202
f 5108 5116 5105
f 5105 5116 5115
f 5111 5124 5112
f 5112 5124 5123
f 5154 5205 5105
f 5105 5205 5106
f 5167 5180 5168
f 5168 5180 5185
f 5175 5188 5176
f 5176 5188 5187
f 5112 5123 5178
f 5178 5123 5120
f 5167 5090 5183
f 5183 5090 5089
f 5210 5151 5183
f 5183 5151 5181
f 5216 5138 5217
f 5217 5138 5137
f 5218 5119 5219
f 5219 5119 5221
f 5218 5178 5119
f 5119 5178 5120
f 5217 5137 5104
f 5104 5137 5101
f 5116 5108 5221
f 5221 5108 5219
f 5111 5110 5210
f 5210 5110 5151
f 5154 5153 5103
f 5103 5153 6472
f 5216 5215 5176
f 5176 5215 5173
f 5175 5174 5168
f 5168 5174 5166
f 5091 5172 5092
f 5092 5172 5208
f 5117 5037 5118
f 5118 5037 5036
f 5121 5164 5122
f 5122 5164 5133
f 5125 5084 5126
f 5126 5084 5083
f 5129 5174 5130
f 5130 5174 5173
f 5131 5202 5132
f 5132 5202 6472
f 5135 5221 5122
f 5122 5221 5119
f 5125 5124 5136
f 5136 5124 5209
f 5126 5083 5121
f 5121 5083 5164
f 5118 5036 5195
f 5195 5036 5193
f 5131 5097 5203
f 5203 5097 5114
f 5132 6472 5195
f 5195 6472 5153
f 5136 5209 5092
f 5092 5209 5089
f 5135 5134 5117
f 5117 5134 5037
f 5362 5206 5130
f 5130 5206 5127
f 5372 5371 5128
f 5128 5371 5129
f 5371 5372 5091
f 5091 5372 5172
f 5362 5215 5203
f 5203 5215 5201
f 6463 6407 5353
f 5353 6407 5318
f 6464 6463 5352
f 5352 6463 5353
f 6408 6465 5288
f 5288 6465 5289
f 4196 4224 6426
f 6426 4224 6427
f 6430 6427 6428
f 6428 6427 4224
f 6466 6430 4382
f 4382 6430 6428
f 6410 6466 4217
f 4217 6466 4382
f 4240 4239 3015
f 3015 4239 3016
f 4254 4257 3017
f 3017 4257 3018
f 6473 6474 4732
f 4732 6474 6475
f 6474 6374 6475
f 6475 6374 6373
f 5246 6374 3022
f 3022 6374 3023
f 4254 6299 4255
f 4255 6299 6288
f 6473 6300 3024
f 3024 6300 3025
f 6476 4257 6312
f 6312 4257 4256
f 4240 6476 4241
f 4241 6476 6312
f 6477 4239 6391
f 6391 4239 4238
f 6467 6477 6457
f 6457 6477 6391
f 6411 3029 6467
f 6467 3029 3028
f 4216 3030 6411
f 6411 3030 3029
f 6479 6480 6478
f 6478 6480 6481
f 6483 6484 6482
f 6482 6484 6485
f 6486 6487 4102
f 4102 6487 6331
f 6483 6488 6478
f 6478 6488 6489
f 4429 4829 6490
f 6490 4829 6479
f 6491 6486 4101
f 4101 6486 4102
f 4895 6491 4899
f 4899 6491 4101
f 4160 6488 4157
f 4157 6488 6492
f 6489 4087 6490
f 6490 4087 4090
f 4267 4261 5013
f 5013 4261 4260
f 4258 4261 5328
f 5328 4261 4975
f 4261 4267 4975
f 4975 4267 4266
f 5367 3793 3912
f 3912 3793 3575
f 6494 3616 6493
f 6493 3616 3795
f 6496 3589 6495
f 6495 3589 3588
f 6495 3588 5368
f 5368 3588 3794
f 3841 3840 3050
f 3050 3840 3051
f 3912 3911 3052
f 3052 3911 3053
f 3929 3930 3054
f 3054 3930 3055
f 5370 3930 3916
f 3916 3930 3923
f 3938 5369 3807
f 3807 5369 3915
f 3589 6496 3806
f 3806 6496 3937
f 3938 3937 3056
f 3056 3937 3057
f 3051 3840 3058
f 3058 3840 3943
f 3730 4808 3727
f 3727 4808 3943
f 3820 3951 3795
f 3795 3951 6493
f 3951 3841 3059
f 3059 3841 3050
f 3911 3574 6494
f 6494 3574 3616
f 3823 3929 3824
f 3824 3929 3952
f 4061 4060 3060
f 3060 4060 3061
f 6497 6498 4901
f 4901 6498 4790
f 6333 6499 4738
f 4738 6499 4739
f 6500 6501 6314
f 6314 6501 4418
f 6502 6275 4417
f 4417 6275 4185
f 6503 6497 4783
f 4783 6497 4901
f 6498 4060 4790
f 4790 4060 4059
f 4808 4061 3069
f 3069 4061 3060
f 5367 3071 5368
f 5368 3071 3070
f 5369 3073 5370
f 5370 3073 3072
f 6274 6275 3074
f 3074 6275 3075
f 6499 6504 4739
f 4739 6504 6317
f 6333 6332 3077
f 3077 6332 3078
f 6334 6274 3079
f 3079 6274 3074
f 6332 4825 3078
f 3078 4825 3080
f 6334 6503 4188
f 4188 6503 4783
f 4825 4689 3080
f 3080 4689 1330
f 6506 4747 6505
f 6505 4747 4746
f 6505 6507 6506
f 6506 6507 6508
f 4297 6509 4920
f 4920 6509 6510
f 4296 6511 4297
f 4297 6511 6509
f 6506 6508 4319
f 4319 6508 6512
f 4372 4371 6514
f 6514 4371 6513
f 6511 4296 5251
f 5251 4296 4305
f 5251 5250 6511
f 6511 5250 6515
f 6516 6509 6515
f 6515 6509 6511
f 6517 6507 6519
f 6519 6507 6518
f 6512 6520 6513
f 6513 6520 6514
f 6507 6517 6508
f 6508 6517 6521
f 5249 6523 6522
f 6522 6523 6524
f 6525 6370 5253
f 5253 6370 6526
f 4370 4323 4371
f 4371 4323 4326
f 4370 3103 4323
f 4323 3103 1541
f 6521 6517 6527
f 6527 6517 6519
f 6520 6528 6514
f 6514 6528 6529
f 6531 6532 6530
f 6530 6532 6533
f 5250 6534 6515
f 6515 6534 6535
f 6530 6533 6536
f 6536 6533 6537
f 6526 6538 6534
f 6534 6538 6537
f 6515 6535 6516
f 6516 6535 6539
f 4325 4321 4326
f 4326 4321 4320
f 4371 4326 6513
f 6513 4326 4320
f 6531 4731 6541
f 6541 4731 6540
f 4731 4730 6540
f 6540 4730 6542
f 4730 3121 6542
f 6542 3121 3120
f 6530 4328 6531
f 6531 4328 4731
f 4328 6530 4329
f 4329 6530 6536
f 4329 6536 6524
f 6524 6536 6543
f 6544 6545 6522
f 6522 6545 5248
f 6389 6388 5245
f 5245 6388 6373
f 6388 6546 6373
f 6373 6546 6475
f 4733 6546 6295
f 6295 6546 4377
f 4732 6475 4733
f 4733 6475 6546
f 4393 4432 4394
f 4394 4432 4435
f 4434 4672 4842
f 4842 4672 4671
f 4440 4439 4441
f 4441 4439 4438
f 4436 4450 4437
f 4437 4450 4398
f 4447 4444 4448
f 4448 4444 4392
f 4446 4464 4433
f 4433 4464 6547
f 4454 4423 4455
f 4455 4423 4422
f 4452 4481 4453
f 4453 4481 4480
f 4458 4389 4459
f 4459 4389 4388
f 4456 4471 4457
f 4457 4471 4468
f 4391 4460 4392
f 4392 4460 4448
f 4461 4467 4445
f 4445 4467 4465
f 4437 4398 4629
f 4629 4398 4397
f 4438 4628 4441
f 4441 4628 4631
f 4841 4629 4839
f 4839 4629 4397
f 4628 4842 4631
f 4631 4842 4671
f 4930 4989 4452
f 4452 4989 4481
f 4929 4927 4436
f 4436 4927 4450
f 4933 4387 4934
f 4934 4387 4386
f 4931 4475 4932
f 4932 4475 4474
f 4936 4449 4933
f 4933 4449 4387
f 4935 4472 4456
f 4456 4472 4471
f 4389 4458 4391
f 4391 4458 4460
f 4457 4468 4461
f 4461 4468 4467
f 4934 4386 4454
f 4454 4386 4423
f 4453 4480 4931
f 4931 4480 4475
f 4575 4997 4576
f 4576 4997 4639
f 4579 4596 4580
f 4580 4596 4595
f 4583 4582 4572
f 4572 4582 4569
f 4587 4944 4588
f 4588 4944 4562
f 4588 4562 4590
f 4590 4562 4561
f 4576 4639 4642
f 4642 4639 4638
f 4642 4845 4641
f 4641 4845 4846
f 4845 4590 4846
f 4846 4590 4561
f 4941 4938 4595
f 4595 4938 4580
f 4938 4940 4668
f 4668 4940 4669
f 4583 4942 4584
f 4584 4942 4947
f 4582 4587 4569
f 4569 4587 4586
f 5000 5001 4579
f 4579 5001 4596
f 4558 4560 4585
f 4585 4560 4586
f 4565 4639 4566
f 4566 4639 4997
f 4568 4567 4577
f 4577 4567 4578
f 4570 4554 4571
f 4571 4554 4556
f 4640 4565 4637
f 4637 4565 4546
f 4662 4664 4665
f 4665 4664 4844
f 4662 4558 4589
f 4589 4558 4585
f 4554 4570 4557
f 4557 4570 4560
f 4571 4667 4572
f 4572 4667 4943
f 4551 4670 4552
f 4552 4670 4666
f 4640 4664 4638
f 4638 4664 4663
f 4670 4568 4668
f 4668 4568 4577
f 4999 4996 4566
f 4566 4996 4543
f 4608 4564 4603
f 4603 4564 4563
f 4573 4593 4574
f 4574 4593 4592
f 4597 4614 4598
f 4598 4614 4613
f 4601 4600 4584
f 4584 4600 4581
f 4563 4562 4604
f 4604 4562 4944
f 4643 4593 4641
f 4641 4593 4573
f 4643 4847 4644
f 4644 4847 4848
f 4564 4847 4561
f 4561 4847 4846
f 4945 4941 4598
f 4598 4941 4595
f 4941 4945 4939
f 4939 4945 4946
f 4601 4948 4602
f 4602 4948 4620
f 4600 4604 4581
f 4581 4604 4944
f 5002 5003 4597
f 4597 5003 4614
f 4988 4759 4953
f 4953 4759 4402
f 4706 6548 4707
f 4707 6548 6549
f 4311 4928 4419
f 4419 4928 6550
f 4921 4920 6551
f 6551 4920 6552
f 4925 6553 4926
f 4926 6553 6554
f 4928 4921 4802
f 4802 4921 6551
f 6555 4985 6550
f 6550 4985 4419
f 4952 6556 4953
f 4953 6556 4649
f 4971 6557 4706
f 4706 6557 6548
f 4988 4648 4925
f 4925 4648 6553
f 4707 6549 5006
f 5006 6549 4987
f 4920 6510 6552
f 6552 6510 6518
f 6558 6510 6516
f 6516 6510 6509
f 6559 6558 6539
f 6539 6558 6516
f 6531 6541 6532
f 6532 6541 6560
f 6540 6561 6541
f 6541 6561 6529
f 6542 6562 6540
f 6540 6562 6561
f 6542 3120 6562
f 6562 3120 3142
f 4366 6563 4760
f 4760 6563 4970
f 4815 6564 4816
f 4816 6564 6565
f 3147 3146 6565
f 6565 3146 4816
f 6564 6563 6565
f 6565 6563 6566
f 4837 4385 4357
f 4357 4385 4358
f 6565 6566 3147
f 3147 6566 3149
f 4694 1209 3150
f 5247 5249 5248
f 5248 5249 6522
f 6372 6390 6545
f 6545 6390 6389
f 6375 5254 6376
f 6376 5254 5258
f 6377 6525 6378
f 6378 6525 5255
f 5260 6379 5258
f 5258 6379 6376
f 6380 6567 6381
f 6381 6567 6568
f 6382 6569 6383
f 6383 6569 6570
f 6377 6371 6525
f 6525 6371 6370
f 6379 5260 6384
f 6384 5260 6571
f 6385 6572 6382
f 6382 6572 6569
f 6378 5255 6375
f 6375 5255 5254
f 6386 6573 6387
f 6387 6573 6574
f 6545 6389 5248
f 5248 6389 5245
f 4675 4750 4676
f 4676 4750 6286
f 4734 6289 4735
f 4735 6289 6288
f 4804 6290 4805
f 4805 6290 4963
f 4811 4807 4812
f 4812 4807 4411
f 4954 6292 4955
f 4955 6292 4959
f 4964 4962 4965
f 4965 4962 4751
f 6285 4821 4812
f 4812 4821 4809
f 4675 4287 4965
f 4965 4287 4210
f 6294 4145 4955
f 4955 4145 4154
f 4964 4120 4805
f 4805 4120 4119
f 6298 4966 4734
f 4734 4966 6289
f 6300 6473 4735
f 4735 6473 4732
f 6297 6296 4676
f 4676 6296 4288
f 6523 3160 4330
f 4330 3160 3159
f 5253 5252 6525
f 6525 5252 5255
f 5256 5252 4305
f 4305 5252 5251
f 4304 5257 4305
f 4305 5257 5256
f 4424 5259 4304
f 4304 5259 5257
f 5261 6571 5259
f 5259 6571 5260
f 5262 6573 5261
f 5261 6573 6571
f 5264 6567 5265
f 5265 6567 6574
f 5266 6572 5267
f 5267 6572 6568
f 5268 6570 5269
f 5269 6570 6569
f 1807 3161 5268
f 5268 3161 6570
f 6524 6523 4329
f 4329 6523 4330
f 5253 6526 5250
f 5250 6526 6534
f 6543 6538 6544
f 6544 6538 6369
f 6524 6543 6522
f 6522 6543 6544
f 3071 5367 3052
f 3052 5367 3912
f 6493 3163 6494
f 6494 3163 3162
f 3164 445 3771
f 3771 445 3761
f 461 3165 3919
f 3919 3165 3920
f 330 410 3839
f 3839 410 3910
f 332 331 3552
f 3552 331 3551
f 464 304 3918
f 3918 304 3816
f 385 458 3766
f 3766 458 3894
f 412 415 3762
f 3762 415 3763
f 3166 337 3748
f 3748 337 3745
f 3072 3055 5370
f 5370 3055 3930
f 3073 5369 3056
f 3056 5369 3938
f 3167 3057 6496
f 6496 3057 3937
f 3069 3058 4808
f 4808 3058 3943
f 411 3166 3851
f 3851 3166 3748
f 3059 3163 3951
f 3951 3163 6493
f 336 3164 3772
f 3772 3164 3771
f 3053 3911 3162
f 3162 3911 6494
f 3054 3168 3929
f 3929 3168 3952
f 3165 830 3920
f 3920 830 3945
f 3170 3169 6497
f 6497 3169 6498
f 3171 1354 5005
f 5005 1354 4830
f 3172 3170 6503
f 6503 3170 6497
f 3169 3061 6498
f 6498 3061 4060
f 3173 3171 5006
f 5006 3171 5005
f 3079 3172 6334
f 6334 3172 6503
f 3174 3025 6299
f 6299 3025 6300
f 6576 6577 6575
f 6575 6577 6578
f 4612 4611 6579
f 6579 4611 6580
f 6582 6583 6581
f 6581 6583 6584
f 6584 6585 4618
f 4618 6585 4621
f 6586 6587 6589
f 6589 6587 6588
f 6588 6587 6590
f 6590 6587 6591
f 6592 4606 6590
f 6590 4606 4623
f 6594 6576 6593
f 6593 6576 6575
f 6595 6582 6579
f 6579 6582 6581
f 6580 6597 6596
f 6596 6597 6598
f 6577 6576 6599
f 6599 6576 6600
f 6595 6596 6601
f 6601 6596 6602
f 6583 6582 6603
f 6603 6582 6604
f 6586 6606 6605
f 6605 6606 6607
f 6587 6586 6608
f 6608 6586 6605
f 6587 6608 6591
f 6591 6608 6609
f 6576 6594 6600
f 6600 6594 6610
f 6582 6595 6604
f 6604 6595 6601
f 6599 6611 6577
f 6577 6611 6598
f 6613 6614 6612
f 6612 6614 6615
f 6617 6618 6616
f 6616 6618 6619
f 6621 6622 6620
f 6620 6622 6623
f 6625 6626 6624
f 6624 6626 6627
f 6629 6630 6628
f 6628 6630 6631
f 6633 6634 6632
f 6632 6634 6635
f 6637 6638 6636
f 6636 6638 6639
f 6640 6641 6637
f 6637 6641 6638
f 6643 6633 6642
f 6642 6633 6632
f 6645 6646 6644
f 6644 6646 6647
f 6646 6648 6647
f 6647 6648 6649
f 6651 6652 6650
f 6650 6652 6653
f 6653 6652 6654
f 6654 6652 6655
f 6656 6657 6659
f 6659 6657 6658
f 6661 6662 6660
f 6660 6662 6663
f 6662 6661 6664
f 6664 6661 6665
f 6667 6657 6666
f 6666 6657 6656
f 6669 6670 6668
f 6668 6670 6671
f 6672 6673 6670
f 6670 6673 6671
f 6674 6675 6677
f 6677 6675 6676
f 6675 6678 6676
f 6676 6678 6679
f 6681 6682 6680
f 6680 6682 6683
f 6684 6685 6683
f 6683 6685 6680
f 6687 6688 6686
f 6686 6688 6689
f 6687 6690 6688
f 6688 6690 6691
f 6619 6618 6633
f 6633 6618 6634
f 6632 6635 6693
f 6693 6635 6692
f 6617 6694 6636
f 6636 6694 6637
f 6695 6692 6639
f 6639 6692 6635
f 6637 6694 6640
f 6640 6694 6696
f 6698 6638 6697
f 6697 6638 6641
f 6643 6616 6633
f 6633 6616 6619
f 6642 6699 6641
f 6641 6699 6697
f 6646 6645 6700
f 6700 6645 6621
f 6644 6701 6654
f 6654 6701 6702
f 6700 6703 6646
f 6646 6703 6648
f 6693 6704 6649
f 6649 6704 6647
f 6620 6623 6651
f 6651 6623 6652
f 6693 6649 6699
f 6699 6649 6650
f 6652 6623 6655
f 6655 6623 6622
f 6654 6702 6653
f 6653 6702 6697
f 6615 6614 6657
f 6657 6614 6658
f 6705 6656 6704
f 6704 6656 6659
f 6613 6706 6660
f 6660 6706 6661
f 6704 6659 6701
f 6701 6659 6663
f 6661 6706 6665
f 6665 6706 6707
f 6708 6702 6664
f 6664 6702 6662
f 6612 6615 6667
f 6667 6615 6657
f 6666 6709 6664
f 6664 6709 6708
f 6629 6710 6669
f 6669 6710 6670
f 6668 6711 6679
f 6679 6711 6712
f 6713 6672 6710
f 6710 6672 6670
f 6714 6671 6705
f 6705 6671 6673
f 6628 6631 6674
f 6674 6631 6675
f 6705 6673 6709
f 6709 6673 6677
f 6631 6630 6675
f 6675 6630 6678
f 6712 6708 6679
f 6679 6708 6676
f 6625 6715 6682
f 6682 6715 6683
f 6716 6717 6681
f 6681 6717 6691
f 6718 6684 6715
f 6715 6684 6683
f 6719 6680 6714
f 6714 6680 6685
f 6624 6627 6686
f 6686 6627 6687
f 6689 6711 6685
f 6685 6711 6714
f 6627 6626 6687
f 6687 6626 6690
f 6717 6712 6691
f 6691 6712 6688
f 6612 6707 6613
f 6613 6707 6706
f 6616 6696 6617
f 6617 6696 6694
f 6703 6700 6620
f 6620 6700 6621
f 6715 6625 6718
f 6718 6625 6624
f 6710 6629 6713
f 6713 6629 6628
f 6639 6635 6636
f 6636 6635 6634
f 6641 6640 6642
f 6642 6640 6643
f 6654 6655 6644
f 6644 6655 6645
f 6651 6650 6648
f 6648 6650 6649
f 6659 6658 6663
f 6663 6658 6660
f 6665 6667 6664
f 6664 6667 6666
f 6678 6669 6679
f 6679 6669 6668
f 6673 6672 6677
f 6677 6672 6674
f 6690 6682 6691
f 6691 6682 6681
f 6685 6684 6689
f 6689 6684 6686
f 6636 6634 6617
f 6617 6634 6618
f 6638 6698 6639
f 6639 6698 6695
f 6640 6696 6643
f 6643 6696 6616
f 6693 6699 6632
f 6632 6699 6642
f 6655 6622 6645
f 6645 6622 6621
f 6704 6701 6647
f 6647 6701 6644
f 6651 6648 6620
f 6620 6648 6703
f 6650 6653 6699
f 6699 6653 6697
f 6613 6660 6614
f 6614 6660 6658
f 6663 6662 6701
f 6701 6662 6702
f 6665 6707 6667
f 6667 6707 6612
f 6705 6709 6656
f 6656 6709 6666
f 6630 6629 6678
f 6678 6629 6669
f 6714 6711 6671
f 6671 6711 6668
f 6672 6713 6674
f 6674 6713 6628
f 6677 6676 6709
f 6709 6676 6708
f 6626 6625 6690
f 6690 6625 6682
f 6680 6719 6681
f 6681 6719 6716
f 6684 6718 6686
f 6686 6718 6624
f 6711 6689 6712
f 6689 6688 6712
f 6593 6720 6594
f 6594 6720 6721
f 6722 6720 4607
f 4607 6720 4849
f 6592 6723 6722
f 6722 6723 6724
f 4610 4609 6578
f 6578 4609 6575
f 6596 6595 6580
f 6580 6595 6579
f 4618 4617 6584
f 6584 4617 6581
f 6589 6585 6586
f 6586 6585 6606
f 4622 4619 6588
f 6588 4619 6589
f 4622 6588 4623
f 4623 6588 6590
f 4609 4645 6575
f 6575 4645 6593
f 4617 4612 6581
f 6581 4612 6579
f 5004 4610 6597
f 6597 4610 6578
f 4645 4849 6593
f 6593 4849 6720
f 6724 6721 6722
f 6722 6721 6720
f 6722 4607 6592
f 6592 4607 4606
f 6725 6610 6721
f 6721 6610 6594
f 6723 6726 6724
f 6724 6726 6727
f 6727 6725 6724
f 6724 6725 6721
f 6728 6729 6605
f 6605 6729 6608
f 6605 6607 6728
f 6728 6607 6730
f 6731 6732 6604
f 6604 6732 6603
f 6733 6734 6725
f 6725 6734 6610
f 6735 6733 6727
f 6727 6733 6725
f 6735 6727 6736
f 6736 6727 6726
f 6591 6609 6723
f 6723 6609 6726
f 6723 6592 6591
f 6591 6592 6590
f 6738 6739 6737
f 6737 6739 6740
f 6740 6739 6742
f 6742 6739 6741
f 6743 6744 6741
f 6741 6744 6742
f 6745 6746 6743
f 6743 6746 6744
f 6747 6748 6745
f 6745 6748 6746
f 6749 6750 6747
f 6747 6750 6748
f 6752 6738 6751
f 6751 6738 6737
f 6754 6752 6753
f 6753 6752 6751
f 6756 6754 6755
f 6755 6754 6753
f 6758 6750 6757
f 6757 6750 6749
f 6760 6756 6759
f 6759 6756 6755
f 6762 6760 6761
f 6761 6760 6759
f 6764 6762 6763
f 6763 6762 6761
f 6757 6764 6758
f 6758 6764 6763
f 6766 6741 6765
f 6765 6741 6739
f 6767 6743 6766
f 6766 6743 6741
f 6768 6745 6767
f 6767 6745 6743
f 6769 6747 6768
f 6768 6747 6745
f 6770 6749 6769
f 6769 6749 6747
f 6772 6769 6771
f 6771 6769 6768
f 6773 6770 6772
f 6772 6770 6769
f 6774 6775 6772
f 6772 6775 6773
f 6777 6778 6776
f 6776 6778 6779
f 6775 6774 6778
f 6778 6774 6779
f 6771 6780 6772
f 6772 6780 6774
f 6780 6781 6774
f 6774 6781 6779
f 6781 6782 6779
f 6779 6782 6776
f 6784 6785 6783
f 6783 6785 6786
f 6786 6787 6783
f 6783 6787 6788
f 6790 6788 6789
f 6789 6788 6787
f 6786 6785 6791
f 6791 6785 6792
f 6791 6793 6786
f 6786 6793 6787
f 6793 6794 6787
f 6787 6794 6789
f 6795 6796 6794
f 6794 6796 6789
f 6790 6789 6797
f 6797 6789 6796
f 6798 6765 6738
f 6738 6765 6739
f 6799 6798 6752
f 6752 6798 6738
f 6767 6800 6768
f 6768 6800 6771
f 6766 6801 6767
f 6767 6801 6800
f 6802 6801 6765
f 6765 6801 6766
f 6798 6803 6765
f 6765 6803 6802
f 6804 6803 6799
f 6799 6803 6798
f 6805 6806 6804
f 6804 6806 6803
f 6807 6799 6754
f 6754 6799 6752
f 6808 6804 6807
f 6807 6804 6799
f 6809 6805 6808
f 6808 6805 6804
f 6810 6811 6805
f 6805 6811 6806
f 6812 6813 6810
f 6810 6813 6811
f 6814 6815 6796
f 6796 6815 6797
f 6813 6814 6816
f 6816 6814 6817
f 6816 6818 6813
f 6813 6818 6811
f 6819 6806 6818
f 6818 6806 6811
f 6802 6803 6819
f 6819 6803 6806
f 6757 6749 6820
f 6820 6749 6770
f 6820 6770 6821
f 6821 6770 6773
f 6821 6773 6822
f 6822 6773 6775
f 6822 6775 6823
f 6823 6775 6778
f 6824 6823 6777
f 6777 6823 6778
f 6784 6825 6777
f 6777 6825 6824
f 6826 6827 6788
f 6788 6827 6783
f 6828 6826 6790
f 6790 6826 6788
f 6829 6828 6797
f 6797 6828 6790
f 6815 6830 6797
f 6797 6830 6829
f 6832 6812 6831
f 6831 6812 6810
f 6831 6810 6809
f 6809 6810 6805
f 6736 6800 6735
f 6735 6800 6801
f 6733 6735 6802
f 6802 6735 6801
f 6734 6733 6819
f 6819 6733 6802
f 6833 6734 6818
f 6818 6734 6819
f 6834 6833 6816
f 6816 6833 6818
f 6816 6817 6834
f 6834 6817 6835
f 6837 6795 6836
f 6836 6795 6794
f 6836 6794 6731
f 6731 6794 6793
f 6732 6731 6791
f 6791 6731 6793
f 6791 6792 6732
f 6732 6792 6730
f 6729 6728 6781
f 6781 6728 6782
f 6838 6807 6756
f 6756 6807 6754
f 6839 6838 6760
f 6760 6838 6756
f 6840 6839 6762
f 6762 6839 6760
f 6841 6840 6764
f 6764 6840 6762
f 6820 6841 6757
f 6757 6841 6764
f 6841 6820 6842
f 6842 6820 6821
f 6840 6841 6843
f 6843 6841 6842
f 6839 6840 6844
f 6844 6840 6843
f 6838 6839 6845
f 6845 6839 6844
f 6807 6838 6808
f 6808 6838 6845
f 6842 6821 6846
f 6846 6821 6822
f 6843 6842 6847
f 6847 6842 6846
f 6844 6843 6848
f 6848 6843 6847
f 6845 6844 6849
f 6849 6844 6848
f 6808 6845 6809
f 6809 6845 6849
f 6850 6831 6849
f 6849 6831 6809
f 6851 6850 6848
f 6848 6850 6849
f 6847 6852 6848
f 6848 6852 6851
f 6853 6852 6846
f 6846 6852 6847
f 6846 6822 6853
f 6853 6822 6823
f 6853 6823 6854
f 6854 6823 6824
f 6854 6855 6853
f 6853 6855 6852
f 6856 6851 6855
f 6855 6851 6852
f 6856 6857 6851
f 6851 6857 6850
f 6857 6832 6850
f 6850 6832 6831
f 6825 6858 6824
f 6824 6858 6854
f 6860 6827 6859
f 6859 6827 6826
f 6859 6826 6861
f 6861 6826 6828
f 6862 6861 6829
f 6829 6861 6828
f 6830 6863 6829
f 6829 6863 6862
f 6863 6864 6862
f 6862 6864 6865
f 6858 6866 6854
f 6854 6866 6855
f 6867 6865 6866
f 6866 6865 6864
f 6869 6859 6868
f 6868 6859 6861
f 6867 6869 6865
f 6865 6869 6868
f 6861 6862 6868
f 6868 6862 6865
f 6867 6860 6869
f 6869 6860 6859
f 6753 6751 6698
f 6698 6751 6695
f 6697 6755 6698
f 6698 6755 6753
f 6759 6755 6702
f 6702 6755 6697
f 6761 6759 6708
f 6708 6759 6702
f 6763 6761 6712
f 6712 6761 6708
f 6758 6763 6717
f 6717 6763 6712
f 6750 6758 6716
f 6716 6758 6717
f 6719 6748 6716
f 6716 6748 6750
f 6714 6746 6719
f 6719 6746 6748
f 6705 6744 6714
f 6714 6744 6746
f 6704 6742 6705
f 6705 6742 6744
f 6740 6742 6693
f 6693 6742 6704
f 6737 6740 6692
f 6692 6740 6693
f 6751 6737 6695
f 6695 6737 6692
f 6601 6602 6836
f 6836 6602 6837
f 6604 6601 6731
f 6731 6601 6836
f 6599 6600 6834
f 6834 6600 6833
f 6834 6835 6599
f 6599 6835 6611
f 6600 6610 6833
f 6833 6610 6734
f 6780 6771 6870
f 6870 6771 6736
f 6736 6771 6800
f 6870 6729 6780
f 6780 6729 6781
f 6608 6729 6609
f 6609 6729 6870
f 6609 6870 6726
f 6726 6870 6736
f 5014 5015 5229
f 5229 5015 5230
f 4258 5015 4259
f 4259 5015 4878
f 3471 3013 4703
f 4703 3013 4704
f 2879 6337 1306
f 1306 6337 4785
f 829 3471 4316
f 4316 3471 4703
f 4702 3472 5223
f 5223 3472 1756
f 6871 6872 4534
f 4534 6872 4535
f 6871 4665 6872
f 6872 4665 4844
f 6871 6873 4665
f 4665 6873 4559
f 6871 4534 6873
f 6873 4534 4542
f 4153 4152 4822
f 4822 4152 4407
f 4152 4168 4407
f 4407 4168 4342
f 4343 4168 4923
f 4923 4168 4167
f 4363 4362 4972
f 4972 4362 4840
f 4362 4394 4840
f 4840 4394 4839
f 4401 4400 4986
f 4986 4400 4984
f 4435 4434 4841
f 4841 4434 4842
f 4506 4505 4530
f 4530 4505 4531
f 4506 4535 4507
f 4507 4535 4843
f 4661 4660 4516
f 4516 4660 4517
f 4673 4672 4937
f 4937 4672 6547
f 4400 4924 4984
f 4984 4924 5263
f 4673 4660 4674
f 4674 4660 4659
f 4505 4661 4531
f 4531 4661 4516
f 4952 4401 6874
f 6874 4401 4986
f 4954 4153 6875
f 6875 4153 4822
f 4363 4973 4364
f 4364 4973 4974
f 5264 4924 5267
f 5267 4924 4691
f 6293 6292 6876
f 6876 6292 6877
f 6380 4343 6387
f 6387 4343 4923
f 4394 4435 4839
f 4839 4435 4841
f 4672 4434 6547
f 6547 4434 4433
f 4973 6556 4974
f 4974 6556 6878
f 6567 6380 6574
f 6574 6380 6387
f 6292 4954 6877
f 6877 4954 6875
f 6567 5264 6568
f 6568 5264 5267
f 4145 4144 4154
f 4154 4144 4151
f 4194 4144 4425
f 4425 4144 4143
f 4355 4354 5263
f 5263 4354 4984
f 4360 4359 4364
f 4364 4359 4361
f 4444 4359 4392
f 4392 4359 4337
f 4447 4446 4432
f 4432 4446 4433
f 4464 4463 6547
f 6547 4463 4937
f 4519 4518 4654
f 4654 4518 4509
f 4533 4532 4499
f 4499 4532 4498
f 4533 4542 4530
f 4530 4542 4534
f 4519 4532 4516
f 4516 4532 4531
f 4922 4194 4426
f 4426 4194 4425
f 4463 4518 4937
f 4937 4518 4517
f 6555 4951 6874
f 6874 4951 6878
f 4958 4957 6290
f 6290 4957 6291
f 4334 4360 4712
f 4712 4360 4950
f 4985 4354 4419
f 4419 4354 4353
f 5262 4355 5265
f 5265 4355 5263
f 6294 4958 4804
f 4804 4958 6290
f 6386 4922 6384
f 6384 4922 4426
f 4444 4447 4393
f 4393 4447 4432
f 4464 4446 4465
f 4465 4446 4445
f 4985 6555 4986
f 4986 6555 6874
f 6573 6386 6571
f 6571 6386 6384
f 4145 6294 4146
f 4146 6294 4804
f 6573 5262 6574
f 6574 5262 5265
f 4542 4541 6873
f 6873 4541 4559
f 4535 6872 4843
f 4843 6872 4844
f 4104 4103 6879
f 6879 4103 6343
f 4105 6293 6307
f 6307 6293 6876
f 4104 4956 4105
f 4105 4956 6293
f 4956 4104 4957
f 4957 4104 6879
f 4957 6879 6291
f 6291 6879 6309
f 4648 4988 4649
f 4649 4988 4953
f 4802 4803 4928
f 4928 4803 6550
f 6550 4803 6555
f 6555 4803 4951
f 1516 3173 4987
f 4987 3173 5006
f 6519 6518 6558
f 6558 6518 6510
f 6527 6519 6559
f 6559 6519 6558
f 6528 6560 6529
f 6529 6560 6541
f 6548 4625 6549
f 6549 4625 4624
f 6551 6552 4746
f 4746 6552 6505
f 6553 4711 6554
f 6554 4711 4710
f 4802 6551 4713
f 4713 6551 4746
f 6556 4973 4649
f 4649 4973 4646
f 6557 4949 6548
f 6548 4949 4625
f 4648 4647 6553
f 6553 4647 4711
f 6549 4624 4987
f 4987 4624 4838
f 6552 6518 6505
f 6505 6518 6507
f 6561 4372 6529
f 6529 4372 6514
f 6562 4369 6561
f 6561 4369 4372
f 3142 3482 6562
f 6562 3482 4369
f 6556 4952 6878
f 6878 4952 6874
f 4951 4950 6878
f 6878 4950 4974
f 3168 440 3952
f 4204 4203 5341
f 5341 4203 6364
f 4219 4222 6429
f 6429 4222 4383
f 4319 4322 6506
f 6506 4322 4747
f 4340 4714 4341
f 4341 4714 4384
f 4375 4377 6388
f 6388 4377 6546
f 4378 4381 6311
f 6311 4381 4720
f 4449 4341 4387
f 4387 4341 4384
f 4473 4472 4477
f 4477 4472 4474
f 4492 4491 4487
f 4487 4491 4488
f 4523 4491 4522
f 4522 4491 4490
f 4492 4538 4493
f 4493 4538 4555
f 4538 4553 4555
f 4555 4553 4556
f 4620 4615 4621
f 4621 4615 4618
f 4652 4651 4368
f 4368 4651 4365
f 4523 4655 4524
f 4524 4655 4656
f 4553 4667 4556
f 4556 4667 4571
f 4651 1210 4365
f 4365 1210 1209
f 4698 4697 5223
f 5223 4697 6344
f 4340 4339 4322
f 4322 4339 4747
f 4726 4729 5287
f 5287 4729 4198
f 4381 4380 4737
f 4737 4380 6368
f 4836 4835 4451
f 4451 4835 4709
f 4910 6367 4911
f 4911 6367 6366
f 4912 4915 6450
f 6450 4915 6449
f 4927 4836 4450
f 4450 4836 4451
f 4930 4929 4439
f 4439 4929 4436
f 4936 4935 4459
f 4459 4935 4456
f 4473 4655 4470
f 4470 4655 4510
f 4942 4583 4943
f 4943 4583 4572
f 4948 4601 4947
f 4947 4601 4584
f 4949 4835 4625
f 4625 4835 4626
f 4966 4969 6289
f 6289 4969 4695
f 4971 4652 4926
f 4926 4652 4368
f 4203 4977 6364
f 6364 4977 6365
f 4990 4989 4443
f 4443 4989 4440
f 4990 4991 4478
f 4478 4991 4512
f 4992 4991 4528
f 4528 4991 4515
f 4992 4993 4527
f 4527 4993 4485
f 4994 4993 4502
f 4502 4993 4503
f 4994 4995 4482
f 4482 4995 4550
f 4543 4996 4544
f 4544 4996 4995
f 4999 4998 4567
f 4567 4998 4578
f 5000 4998 4575
f 4575 4998 4997
f 5002 5001 4592
f 4592 5001 4574
f 5003 5004 4614
f 4614 5004 4611
f 3483 4215 1755
f 1755 4215 4698
f 5274 5277 4195
f 4195 5277 4223
f 4726 5295 4727
f 4727 5295 6350
f 5309 5342 5310
f 5310 5342 6363
f 5315 5314 5316
f 5316 5314 5317
f 5339 6362 5340
f 5340 6362 5363
f 5310 6363 5339
f 5339 6363 6362
f 4204 5309 4201
f 4201 5309 5308
f 4915 5345 6449
f 6449 5345 6448
f 5345 5315 6448
f 6448 5315 5316
f 5348 5347 6351
f 6351 5347 6352
f 5365 4263 5340
f 5340 4263 4262
f 6295 6298 4733
f 4733 6298 4734
f 4969 6306 4695
f 4695 6306 4696
f 6306 4378 4696
f 4696 4378 6311
f 6369 6372 6544
f 6544 6372 6545
f 4375 6390 4373
f 4373 6390 4374
f 6421 6422 4911
f 4911 6422 4908
f 4910 4909 4737
f 4737 4909 4736
f 5277 4219 4223
f 4223 4219 6429
f 4697 4222 6344
f 6344 4222 4221
f 6436 6361 6437
f 6437 6361 6360
f 6438 6440 6437
f 6437 6440 6434
f 6438 6359 6441
f 6441 6359 6358
f 6442 6441 6357
f 6357 6441 6358
f 6442 6444 6443
f 6443 6444 6445
f 6446 6444 6355
f 6355 6444 6356
f 6446 4912 6447
f 6447 4912 6450
f 6436 6435 5365
f 5365 6435 4263
f 5314 5347 5317
f 5317 5347 5346
f 4319 6512 4320
f 4320 6512 6513
f 6520 6512 6521
f 6521 6512 6508
f 6528 6520 6527
f 6527 6520 6521
f 6532 6539 6533
f 6533 6539 6535
f 6533 6535 6537
f 6537 6535 6534
f 6538 6543 6537
f 6537 6543 6536
f 6295 4377 6296
f 6296 4377 4376
f 4989 4930 4440
f 4440 4930 4439
f 4927 4929 4422
f 4422 4929 4455
f 4449 4936 4388
f 4388 4936 4459
f 4472 4935 4474
f 4474 4935 4932
f 4942 4940 4947
f 4947 4940 4939
f 5001 5000 4574
f 4574 5000 4575
f 4669 4943 4666
f 4666 4943 4667
f 4996 4999 4547
f 4547 4999 4567
f 4948 4946 4620
f 4620 4946 4615
f 5003 5002 4591
f 4591 5002 4592
f 6557 4971 6554
f 6554 4971 4926
f 6532 6560 6539
f 6539 6560 6559
f 6390 6372 4374
f 4374 6372 6371
f 4966 6298 4967
f 4967 6298 6297
f 6538 6526 6369
f 6369 6526 6370
f 6585 6589 4621
f 4621 6589 4619
f 6597 6578 6598
f 6598 6578 6577
f 6606 6583 6607
f 6607 6583 6603
f 6611 6602 6598
f 6598 6602 6596
f 6585 6584 6606
f 6606 6584 6583
f 6597 6580 5004
f 5004 6580 4611
f 6607 6603 6730
f 6730 6603 6732
f 6776 6785 6777
f 6777 6785 6784
f 6785 6776 6792
f 6792 6776 6782
f 6815 6814 6812
f 6812 6814 6813
f 6817 6814 6795
f 6795 6814 6796
f 6825 6784 6827
f 6827 6784 6783
f 6830 6815 6832
f 6832 6815 6812
f 6817 6795 6835
f 6835 6795 6837
f 6792 6782 6730
f 6730 6782 6728
f 6858 6825 6860
f 6860 6825 6827
f 6863 6830 6857
f 6857 6830 6832
f 6864 6863 6856
f 6856 6863 6857
f 6866 6858 6867
f 6867 6858 6860
f 6866 6864 6855
f 6855 6864 6856
f 6835 6837 6611
f 6611 6837 6602
f 6560 6528 6559
f 6559 6528 6527
f 4949 6557 4710
f 4710 6557 6554
f 4430 4090 4175
f 4175 4090 4089
f 4777 4113 4155
f 4155 4113 4086
f 4175 4089 4176
f 4176 4089 4142
f 4199 4271 4200
f 4200 4271 4798
f 4199 4095 4272
f 4272 4095 5273
f 4406 4405 4404
f 4404 4405 4346
f 4410 4409 6877
f 6877 4409 6876
f 4409 4413 6876
f 6876 4413 6307
f 4415 4148 4416
f 4416 4148 4147
f 4690 4405 4344
f 4344 4405 4342
f 4693 4692 4352
f 4352 4692 4349
f 4701 4700 6337
f 6337 4700 6338
f 4778 4777 4081
f 4081 4777 4155
f 4821 4406 4809
f 4809 4406 4404
f 4176 4142 4181
f 4181 4142 4415
f 4760 4970 4399
f 4399 4970 4692
f 4200 5007 4096
f 4096 5007 4078
f 5266 4693 5269
f 5269 4693 4352
f 5270 5007 5361
f 5361 5007 4797
f 4778 5270 4779
f 4779 5270 5361
f 6285 4410 6875
f 6875 4410 6877
f 6308 4413 4687
f 4687 4413 4412
f 6480 6320 6481
f 6481 6320 6880
f 4701 2878 4702
f 4702 2878 3472
f 6339 6347 6340
f 6340 6347 6348
f 6341 6342 6346
f 6346 6342 6345
f 4416 6308 4414
f 4414 6308 4687
f 6385 4690 6381
f 6381 4690 4344
f 5282 6341 5280
f 5280 6341 6339
f 4700 6342 6338
f 6338 6342 5281
f 6340 6348 4272
f 4272 6348 4270
f 6480 6479 4828
f 4828 6479 4829
f 6490 6479 6489
f 6489 6479 6478
f 4090 4430 6490
f 6490 4430 4429
f 6563 6564 4970
f 4970 6564 4815
f 4694 6566 4366
f 4366 6566 6563
f 6572 6385 6568
f 6568 6385 6381
f 4821 6285 4822
f 4822 6285 6875
f 6572 5266 6569
f 6569 5266 5269
f 3482 3103 4369
f 4369 3103 4370
f 3121 4730 3485
f 3485 4730 4327
f 6277 6280 6273
f 6273 6280 6272
f 6267 6276 6278
f 6278 6276 6279
f 6278 6279 6277
f 6277 6279 6280
f 6279 6256 6280
f 6280 6256 6255
f 6256 3857 6255
f 6255 3857 3754
f 3857 3856 3754
f 3754 3856 3755
f 3856 3703 3755
f 3755 3703 3863
f 3703 3702 3863
f 3863 3702 3759
f 3702 3706 3759
f 3759 3706 3670
f 3706 3705 3670
f 3670 3705 3668
f 3705 3773 3668
f 3668 3773 3882
f 3882 3773 3883
f 3883 3773 3707
f 3707 3708 3883
f 3883 3708 3880
f 3708 3710 3880
f 3880 3710 3881
f 3709 5241 3710
f 3710 5241 3881
f 5241 3709 5234
f 5234 3709 3786
f 3693 3712 3786
f 3786 3712 5234
f 4051 4055 4052
f 4052 4055 4056
f 4056 4055 4057
f 4057 4055 4054
f 4066 5238 5236
f 5236 5238 3989
f 4066 4069 5238
f 5238 4069 4035
f 6881 3962 3960
f 3960 3962 3957
f 6883 4070 6882
f 6882 4070 3941
f 4070 6883 4071
f 4071 6883 6884
f 4071 6884 4072
f 4072 6884 6885
f 6885 6886 4072
f 4072 6886 4031
f 3955 6881 3956
f 3956 6881 3960
f 6884 3991 6885
f 6885 3991 3990
f 6883 6887 6884
f 6884 6887 3991
f 6887 6888 3991
f 3991 6888 3992
f 6888 6887 6889
f 6889 6887 6890
f 6887 6883 6890
f 6890 6883 6882
f 4058 5240 3953
f 3953 5240 3954
f 5236 6888 5239
f 5239 6888 6889
f 5237 6886 3990
f 3990 6886 6885
f 4034 4031 5237
f 5237 4031 6886
f 6881 6882 3962
f 3962 6882 3941
f 6881 3955 6882
f 6882 3955 6890
f 3955 3954 6890
f 6890 3954 6889
f 5239 6889 5240
f 5240 6889 3954
f 6888 5236 3992
f 3992 5236 3989
f 3869 3868 3888
f 3888 3868 4015
f 3868 4012 4015
f 4015 4012 4010
f 4012 4022 4010
f 4010 4022 4009
f 4022 4021 4009
f 4009 4021 4018
f 4020 3974 4001
f 4001 3974 3996
f 4021 4020 4029
f 4029 4020 4001
f 4085 4156 4086
f 4086 4156 4155
f 4113 4777 4114
f 4114 4777 4776
f 4130 4129 4094
f 4094 4129 4091
f 4139 4773 4140
f 4140 4773 4772
f 4149 4178 4150
f 4150 4178 5225
f 4160 4159 4087
f 4087 4159 4088
f 4149 4148 4179
f 4179 4148 4141
f 4085 4084 4183
f 4183 4084 6315
f 4179 4141 4159
f 4159 4141 4088
f 4192 4130 4162
f 4162 4130 4094
f 4197 5288 4198
f 4198 5288 5287
f 4229 4766 4230
f 4230 4766 4771
f 4245 4246 4242
f 4242 4246 4249
f 4183 6315 4418
f 4418 6315 6314
f 4679 4178 4680
f 4680 4178 4177
f 4724 4798 4725
f 4725 4798 4271
f 4728 5275 4729
f 4729 5275 5274
f 4230 4771 4249
f 4249 4771 4242
f 4724 4723 4799
f 4799 4723 5355
f 4823 4824 4891
f 4891 4824 6327
f 4823 4192 4161
f 4161 4192 4162
f 4893 4767 4229
f 4229 4767 4766
f 4894 4895 4898
f 4898 4895 4899
f 4106 4150 4103
f 4103 4150 5225
f 4680 4894 4677
f 4677 4894 4898
f 6420 4977 5301
f 5301 4977 4976
f 4679 4678 5226
f 5226 4678 4427
f 5228 5008 4893
f 4893 5008 4767
f 5285 6354 5286
f 5286 6354 5343
f 5289 5352 5290
f 5290 5352 5349
f 5290 5349 5295
f 5295 5349 5348
f 5302 5299 4202
f 4202 5299 4976
f 4725 4271 5311
f 5311 4271 4270
f 5325 4723 5326
f 5326 4723 4722
f 5335 5355 5325
f 5325 5355 4723
f 5326 4722 5286
f 5286 4722 5283
f 4799 5357 4797
f 4797 5357 5361
f 5359 5356 5335
f 5335 5356 5355
f 4775 4774 5356
f 5356 4774 5357
f 5359 5358 4092
f 4092 5358 4093
f 6316 4740 6317
f 6317 4740 4739
f 6318 4827 6316
f 6316 4827 4740
f 6319 4828 6318
f 6318 4828 4827
f 6320 6480 6319
f 6319 6480 4828
f 6484 6322 6485
f 6485 6322 6321
f 6487 6324 6331
f 6331 6324 6323
f 6331 6323 6330
f 6330 6323 6325
f 6325 6326 6330
f 6330 6326 6329
f 6326 6328 6329
f 6329 6328 5231
f 4824 4685 5228
f 5228 4685 5008
f 5226 6343 5225
f 5225 6343 4103
f 4728 4727 6349
f 6349 4727 5284
f 6350 6351 5285
f 5285 6351 6354
f 4247 4246 6418
f 6418 4246 6365
f 6400 6402 6401
f 6401 6402 6459
f 4197 4196 6409
f 6409 4196 6426
f 6412 4897 6328
f 6328 4897 5231
f 6413 4133 6412
f 6412 4133 4897
f 6414 4134 6413
f 6413 4134 4133
f 6415 4225 6414
f 6414 4225 4134
f 6416 4252 6415
f 6415 4252 4225
f 6417 4253 6416
f 6416 4253 4252
f 4253 6417 6366
f 6366 6417 6419
f 6366 6419 4911
f 4911 6419 6421
f 6422 6423 4908
f 4908 6423 5298
f 5298 6423 6396
f 6396 6423 6424
f 6409 6426 6425
f 6425 6426 6397
f 5300 5299 6399
f 6399 5299 6400
f 6465 6408 6401
f 6401 6408 6398
f 6424 6399 6425
f 6425 6399 6398
f 6349 5284 5311
f 5311 5284 5283
f 6465 6464 5289
f 5289 6464 5352
f 6488 6483 6492
f 6492 6483 6482
f 6486 6491 6482
f 6482 6491 6492
f 6491 4895 6492
f 6492 4895 4157
f 6488 4160 6489
f 6489 4160 4087
f 6501 6502 4418
f 4418 6502 4417
f 6504 6500 6317
f 6317 6500 6314
f 3497 3496 6501
f 6501 3496 6502
f 3499 3498 6504
f 6504 3498 6500
f 4729 5274 4198
f 4198 5274 4195
f 6418 6365 6420
f 6420 6365 4977
f 5295 5348 6350
f 6350 5348 6351
f 5301 6422 6420
f 6420 6422 6421
f 4113 4112 4086
f 4086 4112 4083
f 6320 4112 6880
f 6880 4112 4111
f 4091 4772 4092
f 4092 4772 4775
f 4129 4140 4091
f 4091 4140 4772
f 4137 4140 4128
f 4128 4140 4129
f 4128 6324 4137
f 4137 6324 6321
f 6324 6487 6321
f 6321 6487 6485
f 6487 6486 6485
f 6485 6486 6482
f 4774 4773 4779
f 4779 4773 4776
f 4773 4139 4776
f 4776 4139 4114
f 4139 4138 4114
f 4114 4138 4111
f 4138 6322 4111
f 4111 6322 6880
f 6322 6484 6880
f 6880 6484 6481
f 6484 6483 6481
f 6481 6483 6478
f 6879 6343 6309
f 6309 6343 4428
f 4106 4105 4900
f 4900 4105 6307
f 3500 3167 6495
f 6495 3167 6496
f 3500 6495 3070
f 3070 6495 5368
f 3502 5235 3501
f 3501 5235 4813
f 3024 3503 6473
f 6473 3503 6474
f 3503 3023 6474
f 6474 3023 6374
f 3504 1770 4348
f 4348 1770 4345
f 3502 3505 5235
f 5235 3505 4810
f 3498 3497 6500
f 6500 3497 6501
f 3496 3075 6502
f 6502 3075 6275
f 6299 4254 3174
f 3174 4254 3017
f 1769 3501 4814
f 4814 3501 4813
f 3506 3018 6476
f 6476 3018 4257
f 3507 3499 6499
f 6499 3499 6504
f 3030 4216 3483
f 3483 4216 4215
f 3077 3507 6333
f 6333 3507 6499
f 1784 3160 5249
f 5249 3160 6523
f 3015 3506 4240
f 4240 3506 6476
f 3508 3504 6383
f 6383 3504 4348
f 3509 3016 6477
f 6477 3016 4239
f 3028 3509 6467
f 6467 3509 6477
f 3022 1785 5246
f 5246 1785 5247
f 3161 3508 6570
f 6570 3508 6383
f 3150 3149 4694
f 4694 3149 6566
f 1327 4807 3510
f 3510 4807 4811
f 3510 4811 3505
f 3505 4811 4810
f 3146 3511 4816
f 4816 3511 4350
f 3511 1808 4350
f 4350 1808 4351
f 3485 4327 3159
f 3159 4327 4330
f 1326 3512 4806
f 4806 3512 6310
f 3512 1331 6310
f 6310 1331 4688
