v 0.09390165 1.11063361 -0.00367247
v 0.08718878 1.09470880 0.00150993
v 0.09964691 1.09270322 -0.00750989
v 0.10698699 1.10515034 -0.01381269
v 0.09543597 1.08185732 -0.00224008
v 0.08363613 1.08145523 0.00378810
v 0.10804909 1.08859348 -0.01873401
v 0.11459916 1.09803081 -0.02693312
v 0.11665852 1.05363548 -0.03390588
v 0.12262344 1.05119026 -0.04312973
v 0.12134176 1.06342816 -0.04069994
v 0.11469501 1.06279564 -0.03223962
v 0.11775489 1.02885437 -0.04081224
v 0.10935050 1.01813149 -0.03519796
v 0.11490696 1.00969839 -0.04500207
v 0.12082977 1.02051759 -0.05220243
v 0.07198353 1.02728570 -0.01221667
v 0.07800151 1.02070570 -0.01388310
v 0.08206904 1.02795911 -0.01325230
v 0.07563681 1.03380036 -0.01219805
v 0.06106495 1.03693700 -0.00564016
v 0.06377535 1.04321945 -0.00807095
v 0.05755529 1.04637909 -0.00264774
v 0.05539365 1.03920341 0.00051825
v 0.06596851 1.02136707 -0.01324625
v 0.07284055 1.01421690 -0.01567222
v 0.06680624 1.03321540 -0.01031154
v 0.06387311 1.02819991 -0.00879915
v 0.05759231 1.02027845 0.00062557
v 0.05961487 1.02567375 -0.00011747
v 0.05461741 1.02603269 0.00595073
v 0.05292690 1.02049434 0.00434767
v 0.06310491 1.02025962 -0.00838055
v 0.06279850 1.02349663 -0.00505106
v 0.05961207 1.01896882 -0.00340849
v 0.05910020 1.01659179 -0.00697164
v 0.05926911 1.03210413 -0.00338103
v 0.05450634 1.03330886 0.00343098
v 0.04906611 1.03407669 0.01014385
v 0.04961501 1.02445054 0.01248740
v 0.09100266 1.00790751 -0.02247722
v 0.08488885 1.01434231 -0.01731636
v 0.07957087 1.00844610 -0.01800719
v 0.08545622 1.00338817 -0.02166636
v 0.06171263 1.01370263 -0.01124956
v 0.06641613 0.99672902 -0.01402755
v 0.06633592 1.00091064 -0.01281758
v 0.05898793 1.00093055 -0.00891756
v 0.05982964 0.99700034 -0.01026823
v 0.09848648 0.99492836 -0.03264418
v 0.09253189 0.99222207 -0.02824950
v 0.09432683 0.98533607 -0.03175125
v 0.09954596 0.98640692 -0.03737180
v 0.09290122 0.97889394 -0.03340422
v 0.09947442 0.97800291 -0.04118578
v 0.09175960 0.96193349 -0.04408374
v 0.09529204 0.96887666 -0.04275255
v 0.08934850 0.97200620 -0.03400971
v 0.08396830 0.96578026 -0.03231159
v 0.06828164 0.96779627 -0.02568659
v 0.06079987 0.96552753 -0.02377595
v 0.06709892 0.95276189 -0.02660850
v 0.07593508 0.95790362 -0.02825373
v 0.06736648 0.99133527 -0.02030247
v 0.07233451 0.99180144 -0.02229694
v 0.07198465 0.99282354 -0.01942931
v 0.06683342 0.99341530 -0.01639073
v 0.07660046 0.99191284 -0.02316070
v 0.07845032 0.99193990 -0.02374713
v 0.07786532 0.99287963 -0.02239768
v 0.07635304 0.99246800 -0.02259631
v 0.07413286 0.99195588 -0.02235533
v 0.07317087 0.98997325 -0.02269651
v 0.07562260 0.99103701 -0.02296034
v 0.06852360 0.98864561 -0.02127896
v 0.05311822 0.98436511 -0.01450862
v 0.05794498 0.98520696 -0.01554085
v 0.05591601 0.99008101 -0.01516351
v 0.05168316 0.98953360 -0.01457705
v 0.07559790 0.99444342 -0.02061595
v 0.07819615 0.99622625 -0.02047582
v 0.07334795 0.99841058 -0.01665644
v 0.07232027 0.99565721 -0.01825474
v 0.08100051 0.99844718 -0.02008909
v 0.08030652 0.99461448 -0.02261528
v 0.08343245 0.99582231 -0.02280952
v 0.07826254 0.99008918 -0.02399988
v 0.08153906 0.98897779 -0.02539781
v 0.08152837 0.99141443 -0.02387179
v 0.07976817 0.98510349 -0.02588947
v 0.07551304 0.98773861 -0.02392022
v 0.07108939 0.98520505 -0.02277033
v 0.06561083 0.98261809 -0.02020720
v 0.06956838 0.97790956 -0.02353947
v 0.07560211 0.98129249 -0.02509288
v 0.07550664 1.00327790 -0.01666893
v 0.08642421 0.99156898 -0.02564575
v 0.08925431 0.99891424 -0.02511716
v 0.08719178 0.98671472 -0.02735330
v 0.08567808 0.98173720 -0.02846535
v 0.08159041 0.97685921 -0.02829649
v 0.07539107 0.97216070 -0.02699868
v 0.07187820 0.94583869 -0.03707671
v 0.08214413 0.95314145 -0.03938450
v 0.08254282 1.07366526 0.00020637
v 0.09175480 1.07404578 -0.00218482
v 0.09278865 1.06758118 -0.00960991
v 0.09471985 1.06979012 -0.00882040
v 0.08886130 1.07043815 -0.00537774
v 0.08825807 1.06804633 -0.00736403
v 0.10811415 1.06345165 -0.02673396
v 0.10301527 1.06443453 -0.02192040
v 0.10319255 1.06076109 -0.02434148
v 0.10972623 1.05683672 -0.02835128
v 0.09474427 1.05130768 -0.01972452
v 0.09921785 1.05330205 -0.02273922
v 0.09545292 1.05957866 -0.01895574
v 0.09221692 1.05814350 -0.01622972
v 0.08839580 1.05730748 -0.01403464
v 0.08413010 1.05731344 -0.01266666
v 0.08444322 1.05216599 -0.01431353
v 0.08951955 1.05130887 -0.01631413
v 0.08187301 1.07135415 -0.00490221
v 0.07466900 1.07057488 -0.00580622
v 0.07611196 1.06797850 -0.00748833
v 0.08209611 1.06837404 -0.00633131
v 0.06615133 1.06310403 -0.01557377
v 0.06724560 1.06532097 -0.01371010
v 0.06312431 1.06653047 -0.01270089
v 0.06246436 1.06220686 -0.01477145
v 0.06521183 1.05916822 -0.01472998
v 0.06765075 1.06134486 -0.01511978
v 0.08341543 1.13112152 -0.00206703
v 0.07859712 1.11371601 0.00368251
v 0.10049739 1.12704647 -0.01292084
v 0.11328042 1.11901772 -0.02213997
v 0.12262580 1.10617542 -0.03503604
v 0.10594890 1.00122619 -0.03946273
v 0.10852579 0.99254996 -0.04608057
v 0.11812449 1.00271869 -0.05562617
v 0.11758250 0.99162376 -0.06166425
v 0.10749858 0.98134267 -0.05069360
v 0.09626732 0.95960057 -0.05671445
v 0.10326104 0.96986645 -0.05444176
v 0.11493858 0.97999728 -0.06843890
v 0.12417959 0.99637312 -0.08123727
v 0.12535466 1.00460386 -0.07126024
v 0.12996727 1.01446068 -0.09167229
v 0.12478083 0.98643297 -0.09594384
v 0.13018595 1.01315641 -0.10254464
v 0.10454968 0.94349879 -0.09958041
v 0.10349263 0.93352675 -0.10889609
v 0.11329821 0.94143134 -0.12393655
v 0.11709326 0.95142519 -0.11462861
v 0.12427294 1.01184392 -0.06294884
v 0.12469504 1.07444298 -0.04440515
v 0.11785122 1.07253420 -0.03630108
v 0.12803005 1.06318331 -0.05045293
v 0.12865196 1.13511992 -0.05001186
v 0.11981031 1.12874031 -0.03691252
v 0.12732761 1.11489034 -0.04622926
v 0.13458283 1.12463677 -0.05732316
v 0.09848151 1.16525555 -0.03971402
v 0.09277310 1.15181708 -0.01867278
v 0.10555787 1.14301646 -0.02558315
v 0.11262484 1.15403748 -0.04069509
v 0.13932791 1.12806666 -0.06775840
v 0.14343223 1.13418913 -0.08632066
v 0.14015354 1.15156054 -0.08840494
v 0.13364178 1.14507151 -0.06726756
v 0.13025814 1.17349315 -0.09280944
v 0.12094025 1.16531444 -0.06711095
v 0.12967609 0.99603236 -0.11789718
v 0.13240811 1.01802433 -0.11617619
v 0.12072013 0.96644890 -0.10330036
v 0.12685834 0.97668564 -0.12213386
v 0.11174548 1.18932652 -0.09836575
v 0.10288031 1.18178582 -0.06560512
v 0.14280577 1.12178230 -0.14079997
v 0.14456365 1.13850582 -0.12822403
v 0.14628303 1.12202764 -0.11507498
v 0.14424039 1.10961843 -0.12836392
v 0.13510902 1.13426185 -0.15492636
v 0.13643458 1.15572858 -0.14090015
v 0.13204722 1.06211793 -0.15969449
v 0.12230560 1.04063332 -0.15881585
v 0.11638259 1.04474831 -0.17147848
v 0.12308196 1.06836867 -0.17392901
v 0.10351133 1.08000803 -0.01125041
v 0.09900193 1.07305169 -0.00812709
v 0.10355175 1.07138765 -0.01485494
v 0.10864550 1.07619250 -0.01981728
v 0.11338436 1.08147860 -0.02864721
v 0.12067416 1.08628583 -0.03601280
v 0.13221288 1.10324121 -0.05397691
v 0.13963972 1.11386061 -0.06318657
v 0.14566158 1.12042296 -0.08662166
v 0.14225952 1.11723089 -0.07271129
v 0.14577699 1.10763597 -0.11111557
v 0.14533637 1.09922242 -0.12005994
v 0.13702901 1.02915692 -0.12945862
v 0.13135014 1.00399542 -0.13462766
v 0.12560967 1.01250601 -0.15034805
v 0.13176823 1.03564811 -0.14556745
v 0.10964102 1.02312136 -0.17211148
v 0.11780682 1.01818931 -0.16189660
v 0.11939108 0.96928585 -0.14917016
v 0.11581434 0.95651853 -0.15839049
v 0.11017741 0.96562612 -0.17481950
v 0.11455906 0.97573924 -0.16491486
v 0.10149612 0.97106910 -0.18735765
v 0.09032889 0.97757041 -0.19417529
v 0.09760489 0.98713458 -0.18421708
v 0.10588927 0.98288286 -0.17731479
v 0.07683369 0.92809838 -0.09116276
v 0.07828966 0.92118478 -0.10052314
v 0.09163822 0.92184597 -0.10817482
v 0.08968838 0.92914021 -0.09905222
v 0.11209512 0.94919145 -0.17126997
v 0.10674226 0.96047926 -0.18699735
v 0.13669281 1.05646706 -0.14310260
v 0.14152952 1.05325174 -0.13018529
v 0.09750076 0.96502721 -0.19807674
v 0.11465558 0.99606228 -0.16849048
v 0.12020179 0.99104095 -0.15680923
v 0.09824876 1.02754354 -0.17932576
v 0.10548446 1.04968262 -0.18149075
v 0.06958129 1.03899431 -0.01120605
v 0.07410314 1.05516088 -0.01348411
v 0.07456742 1.05898106 -0.01286945
v 0.07047431 1.06016159 -0.01399396
v 0.06924549 1.05701208 -0.01410936
v 0.05933377 1.09262514 0.00840695
v 0.05820503 1.07474780 0.00555663
v 0.07119922 1.07933688 0.00591417
v 0.07320893 1.09397149 0.00700235
v 0.10297941 1.02761412 -0.02386472
v 0.09267201 1.03167892 -0.01637578
v 0.08957313 1.02204919 -0.01657565
v 0.09694996 1.01613438 -0.02300166
v 0.09974785 1.06488657 -0.01875655
v 0.10149810 1.06707442 -0.01773436
v 0.09849342 1.06592464 -0.01583208
v 0.09499677 1.00206852 -0.02718373
v 0.10208698 1.00925279 -0.03072858
v 0.12817186 1.04873645 -0.05472581
v 0.11196271 1.07065201 -0.02735896
v 0.07594090 1.17911839 -0.03473203
v 0.07104388 1.15907836 -0.01025330
v 0.08970340 1.20198727 -0.10083286
v 0.08067400 1.19303572 -0.06629874
v 0.12348143 1.16815805 -0.15310785
v 0.12228969 1.14594150 -0.16903752
v 0.10162369 1.15142727 -0.17962201
v 0.10171553 1.17784214 -0.16325468
v 0.11218164 1.07224500 -0.18538304
v 0.08203168 0.97952908 -0.19781117
v 0.08768474 0.99358654 -0.18827151
v 0.06805987 1.13496315 0.00311659
v 0.06324901 1.11189973 0.00699317
v 0.12716439 1.09574509 -0.04619955
v 0.11558705 1.04379821 -0.03285466
v 0.11004643 1.04951191 -0.02710800
v 0.10728490 1.04442978 -0.02430953
v 0.11273775 1.03637576 -0.03054245
v 0.12040812 1.03802204 -0.04276352
v 0.12532707 1.03375745 -0.05594514
v 0.13060611 1.02876830 -0.07175975
v 0.12987652 1.01981699 -0.08151612
v 0.14501502 1.13328409 -0.10263457
v 0.14279911 1.15008926 -0.11034510
v 0.13534117 1.16980934 -0.11950950
v 0.12114099 1.18584847 -0.12929419
v 0.14658277 1.12093532 -0.10059545
v 0.09730891 1.19780838 -0.13615437
v 0.05817796 1.00611460 -0.00855057
v 0.06675670 1.00737667 -0.01307367
v 0.05579468 1.01058722 -0.00765146
v 0.06006629 0.98062289 -0.01777661
v 0.05471303 0.97933584 -0.01656549
v 0.05700045 0.97409391 -0.02096643
v 0.06314056 0.97536629 -0.02175681
v 0.07459839 0.94457757 -0.05173394
v 0.08638290 0.95089614 -0.05494331
v 0.07647526 0.93293512 -0.08201176
v 0.08858188 0.93743610 -0.09042194
v 0.05323416 1.01881015 -0.00131203
v 0.05127386 1.01892245 -0.00129583
v 0.05135707 1.01836860 -0.00342022
v 0.05385119 1.01838374 -0.00344740
v 0.07431090 0.99277020 -0.02079399
v 0.05350261 0.99642408 -0.00859044
v 0.04969289 0.99590892 -0.00820003
v 0.05055096 0.99259782 -0.01094830
v 0.05464334 0.99314612 -0.01140182
v 0.10598071 0.96563226 -0.07730055
v 0.10514491 0.95547235 -0.09023184
v 0.11538389 0.94719547 -0.13966829
v 0.12151057 0.95948660 -0.13014759
v 0.12570289 0.98490578 -0.14114544
v 0.10517594 1.00427186 -0.17949264
v 0.09405700 1.00861406 -0.18608972
v 0.07161625 1.01620460 -0.19129348
v 0.07498172 1.03407121 -0.18965982
v 0.08639017 1.03176820 -0.18571079
v 0.08206934 1.01416516 -0.18882579
v 0.08922064 0.94918048 -0.06960526
v 0.07722481 0.94297636 -0.06497280
v 0.07746310 0.93871278 -0.07397482
v 0.08941057 0.94473994 -0.08042644
v 0.04738536 1.01525736 -0.00145687
v 0.04544668 1.01361036 -0.00023611
v 0.04695590 1.01208448 -0.00339608
v 0.04900971 1.01460922 -0.00341432
v 0.05565982 1.01709688 -0.00560676
v 0.05316326 1.01577592 -0.00564884
v 0.05410763 1.01375771 -0.00630929
v 0.05491064 1.01855373 -0.00060247
v 0.05609222 1.01780629 -0.00334580
v 0.04852279 1.01819468 0.00322522
v 0.05209975 1.01843750 0.00184120
v 0.04791259 1.01675630 0.00796229
v 0.04912037 1.01672029 -0.00269896
v 0.05045833 1.01575363 -0.00422685
v 0.05402339 1.01779377 -0.00495321
v 0.05205588 1.01722229 -0.00487144
v 0.04915579 1.01881027 0.00131127
v 0.05160256 1.01875412 0.00030218
v 0.05044632 1.04126203 0.00744244
v 0.04224662 1.04291320 0.00936322
v 0.04084564 1.03428745 0.01269999
v 0.03974983 1.02381885 0.01434876
v 0.03897467 1.01537859 0.01062988
v 0.06703392 0.93718636 -0.07084277
v 0.06660955 0.93193531 -0.07878695
v 0.04578480 1.11044896 0.00809409
v 0.04546694 1.09028375 0.00675347
v 0.07570187 0.99202895 -0.02282195
v 0.07352751 1.07311893 -0.00157999
v 0.10012890 1.04105067 -0.01973893
v 0.07774211 1.04054022 -0.01313581
v 0.08439213 1.03616381 -0.01402621
v 0.08475524 1.04443407 -0.01481846
v 0.07877325 1.04719174 -0.01396365
v 0.06359689 1.07054305 -0.00379525
v 0.05289026 1.06558418 -0.00081353
v 0.05796144 1.06607175 -0.00822841
v 0.05761494 1.06004751 -0.01039721
v 0.05296202 1.05710304 -0.00167032
v 0.05921486 1.05189061 -0.00723438
v 0.06152432 1.05568635 -0.01253921
v 0.09591324 1.06705070 -0.01243813
v 0.09857576 1.06892884 -0.01308008
v 0.06579860 1.04844213 -0.01098314
v 0.07159981 1.04459453 -0.01263745
v 0.07282370 1.05011821 -0.01371853
v 0.06700180 1.05266535 -0.01372311
v 0.09165623 1.04210949 -0.01636617
v 0.10630292 1.06862390 -0.02142569
v 0.10220432 1.05676389 -0.02415521
v 0.14073867 1.05899692 -0.11969845
v 0.13848923 1.04429543 -0.11746155
v 0.14042749 1.03025603 -0.09804732
v 0.13810669 1.02499211 -0.09771384
v 0.13268012 1.02945375 -0.10247293
v 0.13854226 1.03443158 -0.10249421
v 0.14730315 1.09043229 -0.09779654
v 0.14696361 1.09987211 -0.09841078
v 0.14610824 1.09883499 -0.09082957
v 0.14609672 1.09079266 -0.09489880
v 0.14386514 1.09218454 -0.08733569
v 0.14399213 1.09429395 -0.08326639
v 0.14255683 1.08525801 -0.08548250
v 0.14392675 1.08669198 -0.08867402
v 0.14563093 1.10470259 -0.07741510
v 0.14171964 1.09900045 -0.06928883
v 0.14082676 1.08831835 -0.07737210
v 0.13093060 1.07893908 -0.05877645
v 0.13346770 1.07163763 -0.07377721
v 0.13678581 1.08143234 -0.07453033
v 0.13590072 1.09080970 -0.06355546
v 0.13693540 1.03044367 -0.09182756
v 0.13543752 1.03692651 -0.08563314
v 0.13492039 1.03473663 -0.11109321
v 0.07772129 1.15375876 -0.18713179
v 0.07493624 1.18133068 -0.16845787
v 0.13931853 1.10345244 -0.15154797
v 0.13336059 1.11298513 -0.16506514
v 0.14174280 1.09418058 -0.13719216
v 0.14530224 1.08717322 -0.12638173
v 0.11975860 1.12116003 -0.17862707
v 0.10078151 1.12647986 -0.18897815
v 0.13270019 1.06213593 -0.06282485
v 0.13407786 1.05981207 -0.07688314
v 0.13655710 1.08324516 -0.15768003
v 0.12967373 1.08980596 -0.17200510
v 0.13869296 1.07704687 -0.14253373
v 0.14295287 1.07221437 -0.13020593
v 0.11519434 1.09643984 -0.18257949
v 0.09565038 1.07488191 -0.19093040
v 0.09838653 1.09817493 -0.19184555
v 0.14033158 1.04314256 -0.09707481
v 0.13772173 1.04087377 -0.09299610
v 0.13817045 1.03488612 -0.09561320
v 0.14184254 1.03726757 -0.09611984
v 0.13228738 1.04702950 -0.06821711
v 0.13508326 1.04826915 -0.08181053
v 0.05132391 1.04928577 0.00360368
v 0.04411100 1.05755782 0.00303249
v 0.04351484 1.05027366 0.00622633
v 0.04451276 1.06532288 0.00157033
v 0.05712101 1.19654799 -0.06748448
v 0.05153281 1.18201375 -0.03345586
v 0.06904593 1.20201302 -0.14048353
v 0.06354105 1.20610571 -0.10437826
v 0.05421004 0.96513027 -0.02220680
v 0.05777881 0.95040369 -0.02526070
v 0.05191561 1.00516021 -0.00620462
v 0.04819007 1.00415230 -0.00630008
v 0.04905119 0.99981040 -0.00715584
v 0.05275412 1.00064492 -0.00733088
v 0.06809889 1.06925237 -0.00928901
v 0.09322211 1.05281758 -0.19054313
v 0.07740484 0.99744821 -0.19337006
v 0.07121316 0.98272550 -0.19966027
v 0.08508427 0.96889520 -0.20567462
v 0.07403179 0.97133899 -0.20774750
v 0.04736423 1.00822473 -0.00535305
v 0.05065140 1.00926590 -0.00571889
v 0.04842659 1.01847613 -0.00022258
v 0.06041331 0.99354649 -0.01255144
v 0.05024860 1.01250958 -0.00499736
v 0.05083532 1.01479030 -0.00457589
v 0.04428839 1.01099372 -0.00319172
v 0.04534141 1.00768840 -0.00549796
v 0.07921936 1.05349982 -0.01340710
v 0.07923404 1.05799317 -0.01221673
v 0.04536549 1.01423585 0.00364007
v 0.04676067 1.01655245 0.00140060
v 0.04072776 1.01230288 0.00366230
v 0.10276525 0.92477095 -0.12038355
v 0.10894293 0.93224925 -0.13454565
v 0.04707847 0.99556649 -0.00811157
v 0.04772592 0.99200153 -0.01056786
v 0.04803234 1.16097081 -0.00855033
v 0.08055116 1.07232118 -0.20010480
v 0.08091576 1.09628522 -0.19834530
v 0.13723305 1.06694090 -0.08339918
v 0.14157216 1.06339300 -0.08949122
v 0.14217347 1.07119405 -0.08870672
v 0.13832493 1.07509816 -0.08227663
v 0.06654837 0.92657459 -0.08721393
v 0.11347765 0.93926001 -0.15340537
v 0.06367677 0.97305691 -0.20758028
v 0.09940812 1.06324756 -0.02006988
v 0.09787776 1.06147480 -0.02009512
v 0.07078534 1.06692505 -0.01047225
v 0.07915687 1.12709451 -0.19520000
v 0.06327915 0.98656446 -0.01805413
v 0.06141838 0.99066317 -0.01710518
v 0.06574445 1.00005865 -0.19588506
v 0.06689028 0.94032609 -0.06277622
v 0.04324894 1.01227474 0.00032054
v 0.07760752 1.05240047 -0.19589546
v 0.14733967 1.07968044 -0.09310894
v 0.14783119 1.07662868 -0.09013794
v 0.14758512 1.07295811 -0.09175678
v 0.14674714 1.07412088 -0.09304929
v 0.14683042 1.07908511 -0.08490904
v 0.14907242 1.07539761 -0.08770901
v 0.15046556 1.07907486 -0.08760740
v 0.14853430 1.08310950 -0.08555450
v 0.14074197 1.08092284 -0.08305664
v 0.14476828 1.07469642 -0.08570109
v 0.15173179 1.08177686 -0.08897368
v 0.15109760 1.08437037 -0.08672194
v 0.14860071 1.08698213 -0.08783091
v 0.14527261 1.08932745 -0.09193303
v 0.15417616 1.08583236 -0.08989968
v 0.15108067 1.08941960 -0.09127343
v 0.15744162 1.08675253 -0.09466658
v 0.15331729 1.08978415 -0.09648886
v 0.16015390 1.08549523 -0.10037348
v 0.15488476 1.08762884 -0.10279591
v 0.13912204 1.04714489 -0.09070000
v 0.14177626 1.04890287 -0.09621807
v 0.16131878 1.08128309 -0.10491069
v 0.15537629 1.08273804 -0.10828748
v 0.16184944 1.07520437 -0.10943776
v 0.15604445 1.07571995 -0.11225636
v 0.16170004 1.06826377 -0.11227276
v 0.15631625 1.06868517 -0.11615617
v 0.16024245 1.06026852 -0.11332900
v 0.15529785 1.05957699 -0.11582929
v 0.15816015 1.05209923 -0.11193370
v 0.15279165 1.04877520 -0.11576860
v 0.15478367 1.08556652 -0.09659628
v 0.15646341 1.08371711 -0.10099016
v 0.14556344 1.08686662 -0.10142437
v 0.15292443 1.08480954 -0.09199040
v 0.14773527 1.06974292 -0.09979620
v 0.14502479 1.07440686 -0.10114222
v 0.14491305 1.07267010 -0.10175090
v 0.14499159 1.07187450 -0.10431956
v 0.14190462 1.05577672 -0.09212928
v 0.14328568 1.05659783 -0.09586025
v 0.14384982 1.06167150 -0.09357326
v 0.14222626 1.05265284 -0.09779156
v 0.14072345 1.05438900 -0.09886963
v 0.13987638 1.05785012 -0.09719346
v 0.13959700 1.06277800 -0.09618815
v 0.14159338 1.05345654 -0.10143927
v 0.14365156 1.05159855 -0.10104501
v 0.13982931 1.05485690 -0.10176497
v 0.13929783 1.05541396 -0.10031924
v 0.13800059 1.05825281 -0.10058823
v 0.13961567 1.06250358 -0.10145466
v 0.13826288 1.05723834 -0.08717480
v 0.14393105 1.06134748 -0.11202641
v 0.14189017 1.05062652 -0.11146031
v 0.15387252 1.04519701 -0.10919729
v 0.15141332 1.03808451 -0.11207885
v 0.14736319 1.03365803 -0.09871221
v 0.15053320 1.03241611 -0.10561035
v 0.14518154 1.08237696 -0.10622799
v 0.14584851 1.07664263 -0.11085004
v 0.14073941 1.04203582 -0.10675467
v 0.14626315 1.07011986 -0.11297240
v 0.15555564 1.05554235 -0.10972480
v 0.15186755 1.05134034 -0.10793412
v 0.15813363 1.06146932 -0.11074701
v 0.14502068 1.04835558 -0.10038702
v 0.14596191 1.04207528 -0.10013097
v 0.15067795 1.04200208 -0.10480809
v 0.14778444 1.04918385 -0.10513408
v 0.15384397 1.05759585 -0.10700436
v 0.14973070 1.05458069 -0.10681349
v 0.15009829 1.06029820 -0.10692160
v 0.14587802 1.05834341 -0.10617524
v 0.14299147 1.05534506 -0.10420375
v 0.14549279 1.05287540 -0.10451595
v 0.14093232 1.06139171 -0.10676698
v 0.14533287 1.06436288 -0.10624433
v 0.13962735 1.05703592 -0.10391616
v 0.15276045 1.06331491 -0.10517251
v 0.15517202 1.06785178 -0.10421452
v 0.15224764 1.06949818 -0.10062502
v 0.14903264 1.06679428 -0.10377135
v 0.15846333 1.06803370 -0.11059510
v 0.15822797 1.06722081 -0.10680868
v 0.15616786 1.06216764 -0.10741036
v 0.15798980 1.07328451 -0.10556253
v 0.15796193 1.07484961 -0.10795518
v 0.15578063 1.07254446 -0.10343402
v 0.15393153 1.07292557 -0.10114956
v 0.15585133 1.08133388 -0.09996583
v 0.15738234 1.07820415 -0.10292512
v 0.15785536 1.08037186 -0.10483301
v 0.15611573 1.07615900 -0.10125477
v 0.15461189 1.07869744 -0.09920717
v 0.15321635 1.07672369 -0.09937974
v 0.15453330 1.07569134 -0.10092989
v 0.15029356 1.08207536 -0.09065946
v 0.14879179 1.07999408 -0.08939677
v 0.15161115 1.08313060 -0.09339856
v 0.14980884 1.08482432 -0.09285782
v 0.15057448 1.08126819 -0.09439418
v 0.14835408 1.08380723 -0.09290494
v 0.14967746 1.07932091 -0.09467581
v 0.14814694 1.07528496 -0.09544674
v 0.08764789 0.90463138 -0.11926334
v 0.08256200 0.91390073 -0.10905720
v 0.07272921 0.91424108 -0.10577094
v 0.07712526 0.90505826 -0.11433410
v 0.15208927 1.07769740 -0.09667563
v 0.15296504 1.08011556 -0.09687129
v 0.15376227 1.08304238 -0.09707963
v 0.15009570 1.07258546 -0.09830315
v 0.15188725 1.07203865 -0.09897868
v 0.15274757 1.07410669 -0.09895489
v 0.15088132 1.07494521 -0.09721141
v 0.14363182 1.06616390 -0.09252200
v 0.14208338 1.06576371 -0.09674438
v 0.14331385 1.06495452 -0.10140525
v 0.12087884 0.89286983 -0.17051575
v 0.13039382 0.90179884 -0.19101070
v 0.12139940 0.90921044 -0.17859545
v 0.11208297 0.90207851 -0.15918717
v 0.13690074 0.86543822 -0.17673628
v 0.13936609 0.84559369 -0.16887422
v 0.16072710 0.84642345 -0.19286203
v 0.15543208 0.87123722 -0.21021712
v 0.16090788 0.82640731 -0.17665206
v 0.14317350 0.82788104 -0.15717411
v 0.16583292 0.78021240 -0.14142166
v 0.16470757 0.79583782 -0.15079245
v 0.14810331 0.79670078 -0.13739215
v 0.14972506 0.78113520 -0.12847629
v 0.16656554 0.71514606 -0.13367267
v 0.15910605 0.71694434 -0.12317277
v 0.14634553 0.70480365 -0.12019744
v 0.15383330 0.70196760 -0.13255429
v 0.20869227 0.77744722 -0.23021021
v 0.20716700 0.76452452 -0.24059400
v 0.20689999 0.77658778 -0.25188395
v 0.20631850 0.79133350 -0.24387810
v 0.14464001 0.91312540 -0.26362497
v 0.13495873 0.92272896 -0.24774811
v 0.14085111 0.90392673 -0.22658880
v 0.15305051 0.89343488 -0.24193171
v 0.17861748 0.71729779 -0.20525324
v 0.18565792 0.72189778 -0.19366316
v 0.18145898 0.71513748 -0.18479975
v 0.17522144 0.71052432 -0.19437249
v 0.15168867 0.63772351 -0.15997742
v 0.14643623 0.63651478 -0.13638070
v 0.14213540 0.61606461 -0.12791185
v 0.14950271 0.61755383 -0.15187217
v 0.13952738 0.65986496 -0.25553957
v 0.14127180 0.64305019 -0.24551661
v 0.12391884 0.64498669 -0.27035353
v 0.12210932 0.66020322 -0.27955297
v 0.18815954 0.77333605 -0.16751626
v 0.19024517 0.78746724 -0.17878579
v 0.17862336 0.79255772 -0.16505691
v 0.17825086 0.77720159 -0.15428099
v 0.21961732 0.62395394 -0.29048300
v 0.21259026 0.64971179 -0.28770339
v 0.19783583 0.64410615 -0.28674135
v 0.20498811 0.61872768 -0.29047397
v 0.16595227 0.55612862 -0.19598693
v 0.17238349 0.53406268 -0.19082075
v 0.16496900 0.53929794 -0.21930966
v 0.15723506 0.56089169 -0.22199944
v 0.21517041 0.77545846 -0.29181376
v 0.22204487 0.78570503 -0.31120366
v 0.21969756 0.80656940 -0.31211859
v 0.21678516 0.79488248 -0.29117972
v 0.19934505 0.74847341 -0.21881868
v 0.20424327 0.75641292 -0.22870429
v 0.20697542 0.76642650 -0.21737656
v 0.20262608 0.75643039 -0.20689896
v 0.12551315 0.68734598 -0.29676273
v 0.12854132 0.70061934 -0.30524170
v 0.14055100 0.70030409 -0.28660557
v 0.14017670 0.68690038 -0.27694216
v 0.13927533 0.67371559 -0.26700023
v 0.12302469 0.67411971 -0.28812268
v 0.20113043 0.76236773 -0.19385466
v 0.20598343 0.77525449 -0.20642631
v 0.19976304 0.78172874 -0.19299586
v 0.19591406 0.76808947 -0.18077855
v 0.13509636 0.69332737 -0.11548173
v 0.14448352 0.69057482 -0.13015330
v 0.17047568 0.52647150 -0.16241005
v 0.16713913 0.54952234 -0.16772678
v 0.16078648 0.54137880 -0.14201955
v 0.16205543 0.51764131 -0.13729128
v 0.13820599 0.65760022 -0.12446468
v 0.14764664 0.65728217 -0.14379242
v 0.14777803 0.67647302 -0.14590491
v 0.13949028 0.67585975 -0.12804413
v 0.14924982 0.51017934 -0.11500148
v 0.14905871 0.53428769 -0.11898889
v 0.13438742 0.53047705 -0.09727362
v 0.13406453 0.50431788 -0.09350364
v 0.16343901 0.81098783 -0.16160265
v 0.14603101 0.81228185 -0.14654012
v 0.17546710 0.71411979 -0.15755808
v 0.17197007 0.71443003 -0.14556743
v 0.16002503 0.70198989 -0.14506453
v 0.16448052 0.70328617 -0.15718630
v 0.18410346 0.74241447 -0.26117337
v 0.18572961 0.74251050 -0.27478260
v 0.20025457 0.75592756 -0.26344186
v 0.19922704 0.75124073 -0.25126672
v 0.16999882 0.51660401 -0.21700430
v 0.17555496 0.51038158 -0.18765917
v 0.14850414 0.48532403 -0.11338361
v 0.13325694 0.47908252 -0.09311055
v 0.14600405 0.73304033 -0.34740505
v 0.15293719 0.73377085 -0.33469427
v 0.14931697 0.73453832 -0.33116466
v 0.14405748 0.73392874 -0.34444812
v 0.12639096 0.71959484 -0.09606423
v 0.12755889 0.70237291 -0.10334405
v 0.14284001 0.71186262 -0.10980624
v 0.14291278 0.72502315 -0.10649479
v 0.15628867 0.69127923 -0.16040498
v 0.15118587 0.69008172 -0.14606649
v 0.15279202 0.67850024 -0.16350026
v 0.10571798 0.71271235 -0.08807472
v 0.10902240 0.68756467 -0.09528689
v 0.12767266 0.81189626 -0.13254707
v 0.13036139 0.79710561 -0.12449459
v 0.12534243 0.82718706 -0.13995731
v 0.12180840 0.84372270 -0.14739020
v 0.10699828 0.84277785 -0.12929988
v 0.10928423 0.82652205 -0.12386788
v 0.11924779 0.86220992 -0.15200263
v 0.10417592 0.86006486 -0.13292485
v 0.10719613 0.88686454 -0.15095513
v 0.10131119 0.89701509 -0.14280954
v 0.19609512 0.74574536 -0.24028659
v 0.19129699 0.73980075 -0.23131680
v 0.16175416 0.49284571 -0.13567474
v 0.06478814 0.84202868 -0.34094948
v 0.08413351 0.83477330 -0.34902567
v 0.07321179 0.82228267 -0.34950650
v 0.05433069 0.82887483 -0.34101003
v 0.16668397 0.88365221 -0.25711948
v 0.15423571 0.90363765 -0.27694088
v 0.11304648 0.74734998 -0.37580425
v 0.11427422 0.74137503 -0.37504244
v 0.10639959 0.74625963 -0.37005451
v 0.10506205 0.75198317 -0.37230718
v 0.13629307 0.73170447 -0.36960632
v 0.13396594 0.72984445 -0.37756455
v 0.13815755 0.71940768 -0.38149667
v 0.13877021 0.71772707 -0.37425977
v 0.15104565 0.54320967 -0.24294360
v 0.14219755 0.56381488 -0.24551305
v 0.06321423 0.68014777 -0.32359886
v 0.07055577 0.69689900 -0.32963532
v 0.08887471 0.68649209 -0.32003659
v 0.08416189 0.67041099 -0.31377074
v -0.02551657 0.85908139 -0.26478934
v -0.01292054 0.85816866 -0.28050011
v -0.01749478 0.84451997 -0.28148174
v -0.03073220 0.84503323 -0.26725218
v 0.02999162 0.86714107 -0.31519404
v 0.00826313 0.87020516 -0.29788363
v 0.01551650 0.88341773 -0.29587454
v 0.03914211 0.88086724 -0.31341216
v 0.04288795 0.84856552 -0.33003551
v 0.03247037 0.83460349 -0.33150101
v 0.11045976 0.69376141 -0.31211677
v 0.11599348 0.70448852 -0.32153380
v 0.12202535 0.72198462 -0.33272424
v 0.12501453 0.72714323 -0.33781531
v 0.13415986 0.72532535 -0.32287234
v 0.13256717 0.71936744 -0.31791800
v 0.12534606 0.93111026 -0.23404425
v 0.11978312 0.93562496 -0.26687130
v 0.10960402 0.94447982 -0.25145426
v 0.04394077 0.93348795 -0.26408812
v 0.05661911 0.93561536 -0.26763040
v 0.05409849 0.92920256 -0.27843100
v 0.03782215 0.92762876 -0.27050537
v -0.02880314 0.76635444 -0.29731971
v -0.02892201 0.73604095 -0.30076087
v -0.04656012 0.74301642 -0.28741050
v -0.04356511 0.76942146 -0.28434056
v 0.11934821 0.73385578 -0.35312450
v 0.11302389 0.73731220 -0.36043468
v 0.11844860 0.73548502 -0.36686486
v 0.12347617 0.73195738 -0.36058754
v 0.10753582 0.73693752 -0.35488251
v 0.11551987 0.73185456 -0.34739995
v 0.11186046 0.72659683 -0.34263763
v 0.10190753 0.73356897 -0.34992951
v 0.08082421 0.70999849 -0.33513021
v 0.09125830 0.72019905 -0.34119248
v 0.10384567 0.71174359 -0.33325642
v 0.09629133 0.70116526 -0.32536361
v -0.03325113 0.65042937 -0.28290343
v -0.04139183 0.68165320 -0.28591314
v -0.02346257 0.67666811 -0.29695418
v -0.01513039 0.64685571 -0.29225442
v 0.16319972 0.72568172 -0.31111306
v 0.16025281 0.71346986 -0.31236315
v 0.16374506 0.71590292 -0.29480547
v 0.16785491 0.72492641 -0.29447722
v 0.15396509 0.72368693 -0.39653093
v 0.15816690 0.72761059 -0.39858902
v 0.16865818 0.71960831 -0.39954937
v 0.16368546 0.71648163 -0.39815050
v 0.15457274 0.69190407 -0.33022094
v 0.15482803 0.67204583 -0.33315992
v 0.15859210 0.67639756 -0.31549218
v 0.15740968 0.69642574 -0.31283617
v 0.14372462 0.90041971 -0.30860984
v 0.13687685 0.91326970 -0.29719514
v 0.16333447 0.89513248 -0.28832117
v 0.14565557 0.70484805 -0.35472095
v 0.14213915 0.70510924 -0.36705738
v 0.14546894 0.68969452 -0.37175471
v 0.14571765 0.68823391 -0.35869879
v 0.23510538 0.62919819 -0.29830015
v 0.22783132 0.65485704 -0.29664040
v 0.15750845 0.64883524 -0.35250783
v 0.15057069 0.66895765 -0.34876096
v 0.14956434 0.66884196 -0.36327136
v 0.15909080 0.64824164 -0.36734450
v 0.08287879 0.65368825 -0.30621451
v 0.06061696 0.66240740 -0.31492972
v 0.11122302 0.54525030 -0.27347571
v 0.10176100 0.56663316 -0.27564019
v 0.12248156 0.56589192 -0.26358157
v 0.13225259 0.54504281 -0.26163268
v 0.15695402 0.52065498 -0.24290828
v 0.11810366 0.52196252 -0.27388555
v 0.13873024 0.52223867 -0.26154196
v 0.10310824 0.95316923 -0.21842358
v 0.10427190 0.94939077 -0.23577663
v 0.08486071 0.95310545 -0.24365991
v 0.08793032 0.95763832 -0.22792259
v 0.16988057 0.38523871 -0.25049523
v 0.18135035 0.38232765 -0.22306868
v 0.18825430 0.34666908 -0.22632757
v 0.17163810 0.35104710 -0.25430036
v 0.04714862 0.94798982 -0.23906364
v 0.05637055 0.95625627 -0.22760805
v 0.07142487 0.95820820 -0.23029260
v 0.06555203 0.95086294 -0.24312392
v 0.16680777 0.41589049 -0.24746156
v 0.17710057 0.40897489 -0.21913901
v 0.11250363 0.94045889 -0.20187463
v 0.11833551 0.93686008 -0.21870580
v 0.11612645 0.92662632 -0.18297677
v 0.12210083 0.92022824 -0.19771361
v 0.11419821 0.91688150 -0.16447553
v 0.18828139 0.37209213 -0.19269308
v 0.19707754 0.34256396 -0.19310938
v 0.09246036 0.96171582 -0.21246922
v 0.07930409 0.96316451 -0.21708953
v 0.06601918 0.96321315 -0.21735340
v 0.05473689 0.96454310 -0.21424615
v 0.04389816 0.96673536 -0.21077374
v 0.05240673 0.97503173 -0.20616283
v 0.16914280 0.49384463 -0.21383974
v 0.15750745 0.49740404 -0.24041691
v 0.11457332 0.24116147 -0.29968297
v 0.12521020 0.21734738 -0.28502452
v 0.09240865 0.21421859 -0.28682432
v 0.08493134 0.23848462 -0.30580908
v 0.01823972 0.24204469 -0.29080063
v 0.05445639 0.23704809 -0.29994944
v 0.05689372 0.21475792 -0.28156915
v 0.02112415 0.22095531 -0.26842606
v 0.01372847 0.39022639 -0.32395014
v 0.01562685 0.41253552 -0.31632593
v 0.04284823 0.41271007 -0.31947830
v 0.04109728 0.39057973 -0.32779539
v 0.14000198 0.49965909 -0.26009148
v 0.12030012 0.49963456 -0.27312475
v 0.17329606 0.48775631 -0.18590884
v 0.22910750 0.21980304 -0.16799679
v 0.23248962 0.18876606 -0.17038605
v 0.22017974 0.18814501 -0.20992397
v 0.21652845 0.21956664 -0.20944642
v 0.16910994 0.18466419 -0.26229519
v 0.13516757 0.17863753 -0.26963073
v 0.13024385 0.19878191 -0.27460283
v 0.16470830 0.20866022 -0.26503986
v 0.11819727 0.47399884 -0.07430348
v 0.11434574 0.44760507 -0.07840884
v 0.13003726 0.45450896 -0.09537275
v 0.06592502 0.45851544 -0.03983724
v 0.06200668 0.43212211 -0.04665200
v 0.08032982 0.43692088 -0.05367190
v 0.08578346 0.46358344 -0.04731445
v 0.05793950 0.30005506 -0.06313796
v 0.06450710 0.32614389 -0.06518961
v 0.04760014 0.32684243 -0.06385374
v 0.04252749 0.30253077 -0.06306086
v 0.18863904 0.35896665 -0.16124867
v 0.17907184 0.38815790 -0.16278192
v 0.16751431 0.37474823 -0.13589530
v 0.17799801 0.34751806 -0.13121322
v 0.05656620 0.20175213 -0.26541820
v 0.02487695 0.20552090 -0.24896769
v 0.22179067 0.22399741 -0.12899113
v 0.22806397 0.18990245 -0.12783156
v 0.20511332 0.18879771 -0.10257008
v 0.19759305 0.22410458 -0.10431018
v 0.16489503 0.21983105 -0.09395190
v 0.17032722 0.18626139 -0.09149474
v 0.05117315 0.19584173 -0.09012671
v 0.05485662 0.20490029 -0.10026778
v 0.07317637 0.21971396 -0.07966689
v 0.06428637 0.22049209 -0.07028187
v 0.00940936 0.29470122 -0.32324097
v 0.04065912 0.29095757 -0.32881424
v 0.04552213 0.26278800 -0.31704178
v 0.01176466 0.27030256 -0.31219381
v 0.09955597 0.49753359 -0.28058448
v 0.09625644 0.52040523 -0.28013441
v 0.07549865 0.51944321 -0.28223574
v 0.06940518 0.54408866 -0.28000575
v 0.09029330 0.54464477 -0.27976000
v 0.01543139 0.68650359 -0.31355640
v 0.01933100 0.70824754 -0.32204130
v 0.04175887 0.69207430 -0.32549068
v 0.03806005 0.67398340 -0.31665212
v 0.00163463 0.85690856 -0.29873294
v -0.00435106 0.84252489 -0.29893249
v 0.09514704 0.17722696 -0.26621869
v 0.10757010 0.15408114 -0.26473448
v 0.07385196 0.15244666 -0.25024080
v 0.05253565 0.18214986 -0.24629527
v 0.17261168 0.15919819 -0.26000386
v 0.19771701 0.18891928 -0.24244356
v 0.20018303 0.16201392 -0.23945823
v 0.23622653 0.15754938 -0.16732545
v 0.22162996 0.16051635 -0.20842826
v 0.21018617 0.15409291 -0.10129579
v 0.17357236 0.15173200 -0.08960066
v 0.07708205 0.17795953 -0.11763386
v 0.08141144 0.15031439 -0.12169968
v 0.10637555 0.15140826 -0.10357680
v 0.10258007 0.18097800 -0.10184433
v 0.10705092 0.28588980 -0.06492354
v 0.11710851 0.27281395 -0.07980265
v 0.14180380 0.29511580 -0.08985628
v 0.13509503 0.31499785 -0.08842585
v 0.08855473 0.49159348 -0.04308712
v 0.07249694 0.48609191 -0.03618053
v 0.11912262 0.50083470 -0.07306911
v 0.10465325 0.49676415 -0.05486259
v 0.10274903 0.46823359 -0.05794337
v 0.09302128 0.59503144 -0.05610356
v 0.08943071 0.57307959 -0.04906686
v 0.10857762 0.57481098 -0.06577003
v 0.11321551 0.59574831 -0.07359687
v 0.11830232 0.61683434 -0.08374549
v 0.09793663 0.61695337 -0.06574836
v 0.10395437 0.66230983 -0.08805502
v 0.12300396 0.65948617 -0.10591603
v 0.12597445 0.67891705 -0.11058233
v 0.11068367 0.81123823 -0.11792924
v 0.11247773 0.79673564 -0.11128193
v 0.19858873 0.33116296 -0.15843894
v 0.03383468 0.17864248 -0.21404560
v 0.04962939 0.15103245 -0.22247384
v 0.04458648 0.14992544 -0.19375953
v 0.03750288 0.17515677 -0.18518667
v 0.18248902 0.39926398 -0.19157517
v 0.17150980 0.50207961 -0.15983456
v 0.16843481 0.47897875 -0.15947857
v 0.14910367 0.66528416 -0.22430173
v 0.14822042 0.64131242 -0.21807116
v 0.15264466 0.71820593 -0.11617970
v 0.15626986 0.72768533 -0.11645284
v 0.19482520 0.21706632 -0.24473116
v 0.21167463 0.12008566 -0.09971885
v 0.17527750 0.11806291 -0.08636587
v 0.17726947 0.08439791 -0.08663202
v 0.21111465 0.08563316 -0.09906779
v 0.07136969 0.11889547 -0.14831297
v 0.08316241 0.08792478 -0.15493417
v 0.09696911 0.08960170 -0.13333321
v 0.08693518 0.11991775 -0.12687927
v 0.09450251 0.05629396 -0.15904993
v 0.10423188 0.02532268 -0.16297367
v 0.11366131 0.02420801 -0.14023367
v 0.10628094 0.05663049 -0.13634551
v 0.23325819 0.15558913 -0.12754431
v 0.24017817 0.09487629 -0.15954292
v 0.23915178 0.12559599 -0.16294456
v 0.23523358 0.12177092 -0.12544093
v 0.23482531 0.08991826 -0.12383690
v 0.13994241 0.15667012 -0.26667184
v 0.05830538 0.17462957 -0.13504627
v 0.06368468 0.14930430 -0.14129713
v 0.07372456 0.08537710 -0.20434587
v 0.05839661 0.11760288 -0.19960664
v 0.06678119 0.11855519 -0.22795081
v 0.08287904 0.08653969 -0.22959952
v 0.18661283 0.10106593 -0.24775529
v 0.17912912 0.13030761 -0.25351146
v 0.20562610 0.13129497 -0.23245828
v 0.21056461 0.10144925 -0.22566953
v 0.22578631 0.12897599 -0.20138144
v 0.22850558 0.09890991 -0.19514494
v 0.23953164 0.03346473 -0.15104926
v 0.24103698 0.06375337 -0.15470845
v 0.23179621 0.05988568 -0.12178440
v 0.22908345 0.02895784 -0.12143656
v 0.23314281 0.03765869 -0.18450417
v 0.23181757 0.06824195 -0.18956763
v 0.21943425 0.04131174 -0.21320237
v 0.21533008 0.07148522 -0.21894729
v 0.19950014 0.04242074 -0.23238169
v 0.19318552 0.07191700 -0.24086201
v 0.17715983 0.04133898 -0.24493073
v 0.16845904 0.06909823 -0.25258130
v 0.14249751 0.06522125 -0.25422737
v 0.15446854 0.03788394 -0.24808975
v 0.13255239 0.03461242 -0.24096417
v 0.11827175 0.06168622 -0.24511379
v 0.10257258 0.02767146 -0.20784326
v 0.08882313 0.05517459 -0.20634097
v 0.09897500 0.05794924 -0.22839871
v 0.11432436 0.03092396 -0.22734620
v 0.14953429 -0.07645154 -0.22212362
v 0.13645338 -0.05095315 -0.21802190
v 0.15219571 -0.04566085 -0.22724602
v 0.16372746 -0.07131666 -0.22880620
v 0.17880644 -0.06612593 -0.23688152
v 0.16771197 -0.04169345 -0.23377794
v 0.18404329 -0.03880352 -0.23540400
v 0.19568202 -0.06389403 -0.23781529
v 0.21746179 -0.03794682 -0.21677549
v 0.22850199 -0.06363565 -0.21778677
v 0.21221653 -0.06250739 -0.23110513
v 0.20095466 -0.03694928 -0.22904658
v 0.23615611 -0.04029340 -0.20201153
v 0.24386626 -0.06761152 -0.20056418
v 0.24168828 -0.04612488 -0.17513666
v 0.24449916 -0.07536417 -0.17341012
v 0.23405768 -0.05420274 -0.14618878
v 0.23774460 -0.08253390 -0.14587557
v 0.12868690 -0.06549037 -0.16635033
v 0.12129325 -0.06093913 -0.18402515
v 0.13013126 -0.08706278 -0.19438052
v 0.13347049 -0.09274054 -0.17756012
v 0.15993392 -0.06933165 -0.13060567
v 0.16361254 -0.09539026 -0.14471260
v 0.18126747 -0.09439564 -0.12250096
v 0.17850514 -0.06792158 -0.11199498
v 0.23741940 0.00358689 -0.14867170
v 0.23458651 0.00862968 -0.18000053
v 0.22341742 0.01291424 -0.20727347
v 0.20479228 0.01444119 -0.22474289
v 0.11476048 0.00034195 -0.21003255
v 0.12797318 0.00404292 -0.22662890
v 0.12066181 -0.00670451 -0.14665496
v 0.11136270 -0.00495338 -0.16806892
v 0.20247357 -0.03482258 -0.10245867
v 0.22393659 -0.03053534 -0.11967994
v 0.22457707 -0.00127828 -0.12052874
v 0.20266762 -0.00490594 -0.10320755
v 0.23836780 -0.01942539 -0.17727862
v 0.22834513 -0.01414520 -0.20369466
v 0.21056622 -0.01211631 -0.21896443
v 0.17487095 -0.01415908 -0.23695593
v 0.19341475 -0.01161563 -0.23181522
v 0.15747875 -0.01703471 -0.23460424
v 0.12584449 -0.02537972 -0.21367936
v 0.14057606 -0.02082407 -0.22691338
v 0.12512453 -0.03743500 -0.15659273
v 0.11678016 -0.03402406 -0.17497762
v 0.20622218 -0.09160632 -0.11256813
v 0.22718085 -0.08787471 -0.12348960
v 0.22732808 -0.05952948 -0.11911815
v 0.20424262 -0.06488121 -0.10494623
v 0.20695797 -0.11560440 -0.12648629
v 0.18737468 -0.11774576 -0.13464065
v 0.20854913 -0.08998019 -0.24107677
v 0.19180806 -0.09258956 -0.24187160
v 0.22479452 -0.08992249 -0.23412569
v 0.24986303 -0.10394847 -0.17071868
v 0.25158074 -0.09617829 -0.19976428
v 0.23933595 -0.11250287 -0.14665812
v 0.22651291 -0.11269069 -0.13081005
v 0.15998806 -0.14182258 -0.21128297
v 0.16226964 -0.14584124 -0.19477378
v 0.14813831 -0.11714637 -0.18729010
v 0.14558074 -0.11305994 -0.20288363
v 0.17507845 -0.13221294 -0.23729515
v 0.16410114 -0.10401016 -0.22568931
v 0.17621762 -0.09686416 -0.23549022
v 0.18736726 -0.12692219 -0.24896862
v 0.22279708 -0.11988318 -0.24931550
v 0.20452026 -0.12206316 -0.25268990
v 0.24033955 -0.11837065 -0.24092750
v 0.26103240 -0.12610716 -0.19879545
v 0.25502369 -0.12008977 -0.22391890
v 0.24095017 -0.09141403 -0.22060221
v 0.25640467 -0.13578939 -0.16827309
v 0.24447702 -0.17926818 -0.15323696
v 0.26525587 -0.16892403 -0.16883880
v 0.23752800 -0.14698362 -0.14794675
v 0.23335636 -0.28549522 -0.17444935
v 0.23786905 -0.32138067 -0.18272755
v 0.25843254 -0.31682169 -0.18061315
v 0.25686514 -0.28112078 -0.17075777
v 0.16683747 -0.17488658 -0.22079699
v 0.17031279 -0.17709571 -0.20252682
v 0.19747734 -0.15917408 -0.25987774
v 0.18221696 -0.16501230 -0.24902850
v 0.28186932 -0.19086319 -0.20315284
v 0.27800077 -0.18421209 -0.23186472
v 0.26864743 -0.15129203 -0.22662362
v 0.27376702 -0.15777808 -0.19939499
v 0.18064672 -0.28145409 -0.22232926
v 0.17488140 -0.24676949 -0.21640946
v 0.17421401 -0.24329668 -0.23750100
v 0.17980789 -0.27850753 -0.24244151
v 0.20320609 -0.19246960 -0.27004251
v 0.20951194 -0.22748512 -0.27692693
v 0.19220249 -0.23370236 -0.26748401
v 0.18673325 -0.19932836 -0.25974035
v 0.28775227 -0.26512921 -0.21191353
v 0.28503799 -0.25997955 -0.23902276
v 0.28323299 -0.22066975 -0.23630211
v 0.28636831 -0.22665566 -0.20746958
v 0.24950078 -0.21186525 -0.15723297
v 0.25472358 -0.24557984 -0.16362347
v 0.27664772 -0.23602951 -0.17945218
v 0.27256498 -0.20141560 -0.17410083
v 0.22542100 -0.21708500 -0.16003226
v 0.22999157 -0.25004780 -0.16610727
v 0.20632753 -0.35201019 -0.24541688
v 0.20765911 -0.35662287 -0.23031548
v 0.19430527 -0.31822366 -0.22657779
v 0.19250894 -0.31442142 -0.24455787
v 0.21766391 -0.26423377 -0.27847520
v 0.22579199 -0.30276972 -0.27529913
v 0.20967360 -0.30706590 -0.26848698
v 0.19927341 -0.27003062 -0.27076381
v 0.28736672 -0.34616923 -0.22378728
v 0.28536439 -0.34243071 -0.24403988
v 0.28514147 -0.30122119 -0.24165902
v 0.28759599 -0.30510610 -0.21801433
v 0.26093099 -0.35599661 -0.19060545
v 0.27892658 -0.35091209 -0.20166190
v 0.27878112 -0.31087023 -0.19310533
v 0.24337925 -0.35986066 -0.19161676
v 0.24986868 -0.39831489 -0.19938964
v 0.26370168 -0.39522833 -0.19803265
v 0.21692839 -0.38910860 -0.24759579
v 0.22010228 -0.39273387 -0.23317569
v 0.22510934 -0.38332683 -0.26661992
v 0.21923272 -0.34518337 -0.26648581
v 0.23210262 -0.34159946 -0.27307153
v 0.23659337 -0.37948567 -0.27363238
v 0.26527983 -0.34058768 -0.27022180
v 0.26754504 -0.37886876 -0.27098387
v 0.25206313 -0.37736887 -0.27512994
v 0.24850978 -0.33985841 -0.27441666
v 0.28434783 -0.38062567 -0.24687210
v 0.27727187 -0.37929243 -0.26125926
v 0.27771297 -0.34084350 -0.26005369
v 0.28636619 -0.38375646 -0.22761485
v 0.27914181 -0.38937265 -0.20741963
v 0.02340907 0.19842046 -0.18854514
v 0.02637344 0.19327411 -0.20459077
v 0.03224214 0.19113797 -0.17573029
v 0.03110141 0.19903880 -0.16304110
v 0.11661480 0.08636439 -0.11117963
v 0.11159517 0.12041712 -0.10695416
v 0.12824938 0.02136433 -0.11831623
v 0.12283628 0.05267066 -0.11424462
v 0.13466652 -0.00894344 -0.12555189
v 0.14189540 -0.06893849 -0.15034309
v 0.14019990 -0.03916234 -0.13674821
v 0.14778218 -0.09542829 -0.16097243
v 0.15877336 -0.12186795 -0.16997503
v 0.17150471 -0.14952397 -0.17702222
v 0.18423371 -0.21273184 -0.18817510
v 0.18070212 -0.17962515 -0.18321887
v 0.17288813 -0.21140534 -0.20985477
v 0.19373253 -0.28347373 -0.20066918
v 0.18685094 -0.24772501 -0.19429177
v 0.21514797 -0.36031324 -0.21385714
v 0.20348457 -0.32169813 -0.20788398
v 0.22684415 -0.39619690 -0.21803726
v 0.12471820 0.23987940 -0.09590811
v 0.12283028 0.25473762 -0.09464883
v 0.09630986 0.23927873 -0.09355766
v 0.09664598 0.22701928 -0.09965669
v 0.03656019 0.18742996 -0.11960646
v 0.03759673 0.19559917 -0.12817568
v 0.04435230 0.19942239 -0.11570542
v 0.04150160 0.19043553 -0.10766837
v 0.23406801 -0.02530569 -0.14662349
v 0.18553998 0.01419258 -0.23722824
v 0.14534593 0.00794524 -0.23696449
v 0.16549888 0.01111251 -0.24135602
v 0.15501896 -0.04118961 -0.11562302
v 0.17706205 -0.03935117 -0.10390453
v 0.17561175 -0.00920534 -0.09804280
v 0.15139636 -0.01042616 -0.10781974
v 0.22002962 -0.18691808 -0.15411416
v 0.19792312 -0.18424201 -0.16653898
v 0.20406252 -0.21569717 -0.17320412
v 0.21525958 -0.15944183 -0.14654393
v 0.25525087 -0.14846200 -0.24784869
v 0.23686612 -0.14997083 -0.25930539
v 0.22473973 -0.18654466 -0.27369055
v 0.21674055 -0.15359747 -0.26238412
v 0.24677464 -0.18203467 -0.26822877
v 0.14692527 0.05046570 -0.09644385
v 0.14845985 0.02029580 -0.10147344
v 0.17589337 0.02163357 -0.09513538
v 0.17603999 0.05328113 -0.09011397
v 0.08967862 0.58705682 -0.27903610
v 0.11072686 0.58495098 -0.26786307
v 0.16332778 0.69778556 -0.19149408
v 0.15954226 0.69300276 -0.17546046
v 0.15550689 0.68029928 -0.18317638
v 0.15672597 0.68427634 -0.20523104
v 0.15662131 0.69213372 -0.22155766
v 0.16608541 0.70432597 -0.20612359
v 0.16056009 0.70101494 -0.23412140
v 0.16958380 0.71155632 -0.21771449
v 0.16747296 0.73882604 -0.27526271
v 0.16876443 0.73842192 -0.28768530
v 0.08246513 0.66197115 -0.07126255
v 0.07815138 0.63853478 -0.06103490
v 0.10160692 0.63877046 -0.07703567
v 0.09796612 0.44245961 -0.06324603
v 0.10393282 0.32961723 -0.07727673
v 0.08353391 0.32515150 -0.06931742
v 0.07796759 0.29327250 -0.06532384
v 0.04232774 0.21980429 -0.07589892
v 0.03091392 0.20361191 -0.08617297
v 0.02744460 0.18816078 -0.10509658
v 0.02512712 0.18357033 -0.11848048
v 0.00512683 0.64235497 -0.29872611
v -0.00310643 0.67066181 -0.30342612
v -0.02049067 0.87243634 -0.26218712
v -0.00761805 0.87144476 -0.27913374
v 0.00432084 0.89601272 -0.27456862
v -0.00901204 0.89632356 -0.25749865
v -0.00289251 0.90725195 -0.25407571
v 0.01006197 0.90776527 -0.27081513
v 0.04394512 0.95576137 -0.22156122
v 0.03371494 0.94567370 -0.22980472
v 0.03138640 0.19319269 -0.14279944
v 0.02894462 0.19580129 -0.15510103
v 0.03632027 0.20134616 -0.13830777
v 0.07305983 0.20007360 -0.11374608
v 0.07256747 0.21545148 -0.10818724
v 0.05383567 0.20827332 -0.12369455
v 0.05385421 0.19479978 -0.12915215
v 0.21422410 0.24932227 -0.20629716
v 0.22273608 0.24830142 -0.16569155
v 0.09390339 0.19671178 -0.27706847
v 0.18058111 0.60332537 -0.37160003
v 0.16972151 0.62644339 -0.36927792
v 0.17724437 0.62688071 -0.38249958
v 0.18984243 0.60397393 -0.38235238
v -0.01262722 0.76281804 -0.31162539
v -0.00512980 0.73083794 -0.31471887
v 0.13099343 0.91410804 -0.21235026
v 0.18660086 0.87489378 -0.30466145
v 0.17385383 0.88616312 -0.29699594
v 0.18954800 0.86978388 -0.27677661
v 0.20040460 0.86265022 -0.28230810
v 0.11285736 0.84118176 -0.35510540
v 0.09785268 0.84849572 -0.34823442
v 0.11367847 0.86252278 -0.34390324
v 0.12792879 0.85347539 -0.34852457
v 0.03945892 0.36628002 -0.33429885
v 0.01115520 0.36651355 -0.32921752
v 0.01709434 0.56894684 -0.27888989
v 0.00764853 0.59333062 -0.28333309
v 0.02772228 0.59162563 -0.28713405
v 0.03841828 0.56803310 -0.28228366
v 0.01472223 0.74289852 -0.32803765
v 0.03171677 0.72345984 -0.33097365
v 0.11167102 0.73406935 -0.08847222
v 0.12854303 0.73597020 -0.09593308
v 0.13422970 0.75199401 -0.10012362
v 0.11435143 0.75015646 -0.09065752
v 0.18835966 0.66604608 -0.39767408
v 0.17584440 0.65397507 -0.39161670
v 0.16223811 0.67449558 -0.38846692
v 0.16922097 0.68268335 -0.39483911
v 0.15751675 0.23100412 -0.27398998
v 0.19199316 0.24806005 -0.24894927
v 0.11382046 0.61677760 -0.26930606
v 0.12168617 0.60032982 -0.25983050
v 0.10002074 0.60357177 -0.27631915
v 0.09128080 0.62087590 -0.28478664
v 0.10347749 0.66439754 -0.29856309
v 0.10466986 0.64877343 -0.29022303
v 0.10615376 0.67944741 -0.30552673
v 0.14018932 0.73204827 -0.36001188
v 0.13702807 0.73534083 -0.35613590
v 0.13134779 0.73630583 -0.36568686
v 0.09938148 0.20622975 -0.10177612
v 0.09630697 0.24576232 -0.07607897
v 0.08853107 0.25162962 -0.06330802
v 0.03150124 0.18531531 -0.13082238
v 0.02456090 0.18005580 -0.12847275
v 0.10996563 0.92446744 -0.14936677
v 0.11277136 0.93325704 -0.16796316
v 0.14931814 0.68872356 -0.34514850
v 0.15084279 0.70643312 -0.34211606
v 0.13628350 0.72865003 -0.32974279
v 0.13903502 0.72983855 -0.33850855
v 0.14727217 0.73064995 -0.32226801
v 0.14483885 0.72952795 -0.31236508
v 0.12794837 0.73073649 -0.34294277
v 0.13089453 0.73037916 -0.35123941
v 0.20627341 0.78750867 -0.22023557
v 0.20355062 0.80241573 -0.23543368
v 0.19902773 0.80942559 -0.22574629
v 0.20166653 0.79564953 -0.20916928
v 0.19232245 0.80200315 -0.19363672
v 0.19220993 0.81746435 -0.21102755
v 0.17866699 0.82242739 -0.19523968
v 0.17914402 0.80727780 -0.17789070
v 0.14094889 0.89065802 -0.20179519
v 0.13092519 0.88201344 -0.17588177
v 0.11442078 0.87648600 -0.15280005
v 0.10072308 0.87345111 -0.13441376
v 0.02353831 0.93555582 -0.23838495
v 0.03796634 0.93796337 -0.25257331
v 0.02413440 0.92782629 -0.25897059
v 0.01241132 0.92598617 -0.24494171
v 0.00012742 0.92773443 -0.23218726
v 0.00945471 0.93666631 -0.22705814
v 0.10583528 0.91018522 -0.14489135
v 0.09766676 0.90629655 -0.13042754
v 0.09156795 0.89434838 -0.12805319
v 0.24879341 0.63161945 -0.31281489
v 0.24046713 0.65692067 -0.31340057
v 0.10436944 0.95582008 -0.20087790
v 0.11101536 0.94456768 -0.18494686
v 0.25703388 0.63259780 -0.33149156
v 0.24897715 0.65856606 -0.33268327
v 0.18560743 0.85491121 -0.24868707
v 0.19493711 0.84901202 -0.25854847
v 0.17826512 0.87667888 -0.26884115
v 0.10341741 0.91680574 -0.13162875
v 0.09455325 0.91370821 -0.11842927
v 0.21001941 0.27868354 -0.19961862
v 0.21606459 0.27448443 -0.15992057
v 0.15869568 0.57541496 -0.20254703
v 0.16163294 0.56976068 -0.17531416
v 0.04687817 0.59407532 -0.03413244
v 0.04647310 0.57051188 -0.03094809
v 0.06833807 0.57140547 -0.03720960
v 0.07075267 0.59466308 -0.04294164
v 0.05637014 0.66124517 -0.05797045
v 0.05132362 0.63853300 -0.04897127
v 0.06841391 0.92102218 -0.09620851
v 0.08808272 0.52087426 -0.04185952
v 0.08808429 0.54893464 -0.04411468
v 0.06762064 0.54543328 -0.03319137
v 0.06736933 0.51416236 -0.03260942
v 0.05914032 0.48270181 -0.03496717
v 0.05707040 0.46812031 -0.03604485
v 0.05489895 0.27693817 -0.06030059
v 0.04227106 0.27929175 -0.06111196
v 0.19905730 0.71632659 -0.28391820
v 0.21332394 0.72392929 -0.29582256
v 0.21238403 0.74243051 -0.29378837
v 0.19856296 0.73269176 -0.28290695
v 0.11949996 0.52850443 -0.07590143
v 0.10494433 0.52537745 -0.05617179
v 0.18084060 0.73780894 -0.25099987
v 0.16507202 0.73392248 -0.26667309
v 0.08523395 0.68564117 -0.08059449
v 0.14483856 0.73978376 -0.10776751
v 0.14998895 0.75149417 -0.11125313
v 0.16196875 0.74029022 -0.11783221
v 0.16365427 0.75149858 -0.12492426
v 0.02379189 0.17279831 -0.13381194
v 0.02514172 0.19455159 -0.14832205
v 0.19539391 0.73654151 -0.39141247
v 0.18950239 0.73147190 -0.39584452
v 0.17660680 0.74206495 -0.39777672
v 0.18393548 0.74754828 -0.39360964
v 0.04365017 0.17436430 -0.15916961
v 0.04067666 0.19207928 -0.15070486
v 0.02617224 0.19680014 -0.22211692
v 0.01658673 0.19471401 -0.20293336
v 0.00260909 0.21175551 -0.22041416
v -0.00163909 0.21085393 -0.22781254
v 0.13734753 0.15237087 -0.08858406
v 0.13427378 0.18343171 -0.09110579
v 0.14156261 0.11776435 -0.08882657
v 0.14456563 0.08383381 -0.09130460
v 0.17293420 -0.12211943 -0.15279551
v 0.18896893 -0.15163380 -0.15678266
v 0.20850277 -0.24927801 -0.18018480
v 0.21315156 -0.28484774 -0.18681286
v 0.21942088 -0.32226551 -0.19387248
v 0.23629618 -0.39858800 -0.20706862
v 0.22700669 -0.36133164 -0.20130233
v 0.25464529 0.63008571 -0.34963191
v 0.24899611 0.62535584 -0.36663681
v 0.24089648 0.65223300 -0.37047458
v 0.24886476 0.65795225 -0.35236463
v 0.16112600 0.65130186 -0.33616817
v 0.16817005 0.63003552 -0.33925605
v 0.17257409 0.63275015 -0.32265067
v 0.16591673 0.65511441 -0.31915662
v 0.17581423 0.60696900 -0.34310851
v 0.16627878 0.62749922 -0.35517609
v 0.17642954 0.60481656 -0.35820436
v 0.20153597 0.60827923 -0.38941783
v 0.18894835 0.63014400 -0.39172590
v 0.20354527 0.63710141 -0.39418983
v 0.21582645 0.61279643 -0.39143986
v 0.24060531 0.62091261 -0.38030946
v 0.22920649 0.61675978 -0.38860428
v 0.21862835 0.64173627 -0.39085475
v 0.23125829 0.64581257 -0.38322079
v 0.19247146 0.61509407 -0.29789734
v 0.18560088 0.63938361 -0.29370475
v 0.17709260 0.63593662 -0.30611706
v 0.18388987 0.61200428 -0.31013435
v 0.22523539 0.72856975 -0.31285825
v 0.22377564 0.74882394 -0.31074256
v 0.17856598 0.74175906 -0.28631684
v 0.17110291 0.73805326 -0.29246926
v 0.18114735 0.73842162 -0.27742150
v 0.19077860 0.74824154 -0.27522838
v 0.21995652 0.67982340 -0.29703546
v 0.23247840 0.68230051 -0.31460345
v 0.22685862 0.70682919 -0.31374002
v 0.21496476 0.70280111 -0.29664585
v 0.17880803 0.66297877 -0.29109457
v 0.17226160 0.68584061 -0.28652766
v 0.16336174 0.68060595 -0.29883191
v 0.17000809 0.65877032 -0.30275196
v 0.15259212 0.67045373 -0.37727243
v 0.16421378 0.64938110 -0.38081402
v 0.18348847 0.72407657 -0.27710247
v 0.18363391 0.70923555 -0.27842155
v 0.17722693 0.73245329 -0.24435921
v 0.14350969 0.72515881 -0.30504614
v 0.14255182 0.71900743 -0.29967684
v 0.16886088 0.70337510 -0.17005160
v 0.17695539 0.71274436 -0.16902870
v 0.15168433 0.70417082 -0.26523700
v 0.15161838 0.69184387 -0.25457987
v 0.17734733 0.71108043 -0.17824087
v 0.17137656 0.70605832 -0.18250231
v 0.13670246 0.63672471 -0.11538320
v 0.09536762 0.88381779 -0.13340989
v 0.18575640 0.69163120 -0.28036463
v 0.20148548 0.69759566 -0.28424418
v 0.15679114 0.69706404 -0.39076877
v 0.15039670 0.69232386 -0.38294995
v 0.14234489 0.70684940 -0.37782547
v 0.14669640 0.70964730 -0.38585120
v 0.05152554 0.75574017 -0.34873548
v 0.06414258 0.74200481 -0.34833631
v 0.04788779 0.73292994 -0.34129024
v 0.03266297 0.74898285 -0.34142470
v 0.21068375 0.74009442 -0.37853098
v 0.20236182 0.75473338 -0.37964964
v 0.21100801 0.75559270 -0.36755151
v 0.21851045 0.73794758 -0.36672616
v 0.22083323 0.75493741 -0.35121304
v 0.22777309 0.75280690 -0.33176512
v 0.23020221 0.73204410 -0.33228883
v 0.22608703 0.73475599 -0.35136753
v 0.19074994 0.31601697 -0.22893555
v 0.17277443 0.32147208 -0.25870359
v 0.14430499 0.46160334 -0.11465513
v 0.15795983 0.46952137 -0.13633946
v 0.12785006 0.34410042 -0.09286876
v 0.05470870 0.21271420 -0.10907586
v 0.07366990 0.22476444 -0.09042109
v 0.05201229 0.14875850 -0.16588044
v 0.20517753 0.30735946 -0.19290522
v 0.07497311 0.08621645 -0.17785685
v 0.06263684 0.11837643 -0.17196093
v 0.10447958 0.09044284 -0.24932167
v 0.08966047 0.12169081 -0.24910332
v 0.11838700 0.12411076 -0.26179257
v 0.13007261 0.09355700 -0.25908208
v 0.14936909 0.12746388 -0.26411915
v 0.15937540 0.09773117 -0.25868183
v 0.20416453 0.02556038 -0.10239311
v 0.23151520 -0.22219920 -0.27966708
v 0.25802729 -0.25842434 -0.27371407
v 0.23801735 -0.26037121 -0.28018028
v 0.25350964 -0.21863163 -0.27379656
v 0.26580143 -0.18132424 -0.25414670
v 0.27217540 -0.21780413 -0.25859240
v 0.27843007 -0.27247286 -0.18501288
v 0.24391770 -0.29977310 -0.27640292
v 0.26203319 -0.29937845 -0.27082312
v 0.27505496 -0.25743198 -0.26015335
v 0.27697453 -0.29896593 -0.25946280
v 0.04096891 0.20301268 -0.14311147
v -0.00532193 0.21731788 -0.24245374
v 0.20597860 0.27637884 -0.12869138
v 0.21556526 0.24961448 -0.12878160
v 0.12117515 0.26484722 -0.08746886
v 0.14724806 0.28133956 -0.09289628
v 0.14913347 0.55669188 -0.12522195
v 0.13576031 0.55397809 -0.10290528
v 0.14760929 0.59788072 -0.14264175
v 0.14816912 0.57788187 -0.13356799
v 0.15564141 0.58328402 -0.15783049
v 0.15380666 0.60198396 -0.16816986
v 0.14662826 0.60939425 -0.22212946
v 0.15219125 0.59298623 -0.21154556
v 0.13965648 0.59686059 -0.23742960
v 0.13224418 0.61303604 -0.24748139
v 0.13181612 0.58236527 -0.25113931
v 0.14811856 0.57934242 -0.22857064
v 0.03677268 0.61240941 -0.29468694
v 0.02632499 0.63696998 -0.30074096
v 0.04715968 0.63117105 -0.29937929
v 0.05737744 0.60939735 -0.29257911
v 0.07243783 0.26546752 -0.05843946
v 0.04339529 0.20649707 -0.12514353
v 0.13067716 0.21382740 -0.09248249
v 0.15678631 0.25016308 -0.09736335
v 0.19046959 0.25332215 -0.10692400
v 0.15584423 0.70973378 -0.32877681
v 0.09682046 0.74919736 -0.36457789
v 0.09424606 0.75676847 -0.36710674
v 0.23521848 0.71050894 -0.33414716
v 0.23328793 0.71457040 -0.35431579
v 0.16993546 0.70405823 -0.28099781
v 0.21316080 0.75827861 -0.29218489
v 0.20425111 0.76147163 -0.27966768
v 0.20025814 0.74819165 -0.28161007
v 0.15788835 0.33241841 -0.10856239
v 0.17021006 0.30999503 -0.10694213
v 0.18903889 0.32053214 -0.12600744
v 0.01880516 0.19548404 -0.18702693
v 0.01140868 0.19985241 -0.19834760
v 0.09785097 0.24355072 -0.08459015
v 0.09919689 0.02530879 -0.18521345
v 0.08833328 0.05510575 -0.18168730
v 0.10810990 -0.00312024 -0.18911931
v 0.11699504 -0.02981794 -0.19564989
v 0.12481100 -0.05635023 -0.20319699
v 0.13723551 -0.08200383 -0.20994219
v 0.15323313 -0.10728174 -0.21548878
v 0.16470441 -0.13708049 -0.22500795
v 0.17045231 -0.20867014 -0.23012701
v 0.17146677 -0.17024326 -0.23537578
v 0.17505842 -0.20438802 -0.24560301
v 0.17947838 -0.23925817 -0.25359532
v 0.19868822 -0.31097305 -0.25824127
v 0.18662614 -0.27433801 -0.25788075
v 0.21026286 -0.34802890 -0.25688249
v 0.21886390 -0.38555568 -0.25739688
v 0.02730335 0.18718556 -0.15212722
v 0.02240335 0.19085953 -0.16949628
v 0.17382665 0.86215955 -0.23364817
v 0.15428826 0.73371559 -0.29350001
v 0.15651113 0.73322630 -0.30446112
v 0.17057078 0.71653235 -0.28008658
v -0.01003982 0.23146436 -0.25928929
v -0.01332962 0.24860883 -0.27779958
v 0.22133787 0.66899699 -0.38799298
v 0.23250696 0.67731905 -0.37671995
v 0.16079962 0.70054507 -0.29635546
v 0.16671714 0.73858035 -0.30092192
v 0.16407490 0.73739552 -0.30820465
v 0.30996621 0.47546989 -0.24989165
v 0.31077364 0.45919126 -0.23498155
v 0.31896496 0.45412016 -0.24320687
v 0.31732363 0.46957374 -0.25960690
v 0.29780650 0.47796145 -0.24308340
v 0.29923865 0.46116745 -0.22938953
v 0.24334550 0.44421941 -0.26113379
v 0.25186312 0.42735153 -0.24912508
v 0.25580797 0.43816376 -0.24036728
v 0.24913456 0.45547920 -0.25262630
v 0.28939575 0.44413429 -0.21500458
v 0.28656933 0.46020880 -0.22753678
v 0.27445003 0.45575863 -0.22957171
v 0.27875340 0.43888545 -0.21734257
v 0.25250363 0.42493933 -0.28445166
v 0.24210623 0.44047067 -0.29740864
v 0.25392786 0.43740368 -0.30696988
v 0.26401758 0.42299590 -0.29277188
v 0.22251111 0.51938301 -0.30882454
v 0.21960390 0.53389180 -0.31410205
v 0.21006291 0.52455682 -0.32173029
v 0.21423689 0.50828701 -0.31601477
v 0.30691695 0.50894076 -0.28184772
v 0.30862677 0.49233082 -0.26514626
v 0.31538194 0.48596263 -0.27647424
v 0.31190792 0.50192332 -0.29401642
v 0.26497895 0.50883758 -0.26955992
v 0.26327178 0.52585185 -0.28524578
v 0.24875352 0.51873869 -0.28917539
v 0.25040269 0.50132680 -0.27416289
v 0.30603236 0.51726544 -0.31161028
v 0.30520812 0.52505195 -0.29881006
v 0.27045095 0.47323948 -0.24180029
v 0.26730520 0.49094009 -0.25472856
v 0.25379595 0.48355952 -0.25951642
v 0.25868115 0.46569166 -0.24662767
v 0.27168250 0.39764714 -0.25566661
v 0.26244333 0.41086823 -0.27036935
v 0.27394342 0.41007537 -0.27718270
v 0.28263313 0.39763686 -0.26115370
v 0.26960084 0.43123856 -0.22188555
v 0.26430064 0.44815916 -0.23416863
v 0.26314965 0.42185092 -0.22828098
v 0.32072812 0.42371446 -0.24525677
v 0.31726232 0.43696994 -0.26367456
v 0.32083502 0.44642055 -0.25357509
v 0.32305640 0.43220136 -0.23616774
v 0.22990453 0.48122621 -0.28565401
v 0.23587310 0.46243486 -0.27340925
v 0.24295202 0.47366416 -0.26530826
v 0.23821618 0.49230272 -0.27903229
v 0.29501209 0.51315218 -0.27261502
v 0.29654938 0.49541819 -0.25745153
v 0.31279218 0.45077029 -0.28244632
v 0.30714697 0.46490714 -0.30143207
v 0.31368709 0.47646904 -0.28886920
v 0.31757411 0.46115783 -0.27111256
v 0.28624326 0.46861887 -0.32815129
v 0.29535460 0.45462617 -0.31036812
v 0.28124827 0.44621181 -0.31381726
v 0.27132595 0.46049336 -0.33045459
v 0.21968649 0.48864612 -0.30725282
v 0.22562617 0.50071847 -0.29826158
v 0.23188804 0.45809096 -0.30957091
v 0.22189769 0.47662079 -0.32081258
v 0.23227146 0.47086757 -0.33345163
v 0.24332869 0.45312017 -0.32059246
v 0.27548432 0.55541486 -0.30650628
v 0.27796823 0.54525590 -0.29771626
v 0.29256752 0.54429638 -0.30304867
v 0.28907186 0.55469906 -0.31383932
v 0.30160019 0.53911018 -0.31450278
v 0.29589677 0.55017889 -0.32762390
v 0.27803227 0.56114519 -0.35453448
v 0.28377157 0.55235291 -0.35031974
v 0.27195376 0.54792190 -0.36299413
v 0.26676649 0.55803025 -0.36692506
v 0.26512933 0.49624079 -0.36255950
v 0.27655795 0.48240647 -0.34639323
v 0.26065475 0.47508827 -0.34643823
v 0.24810639 0.49071544 -0.36111832
v 0.22226930 0.50410879 -0.36292544
v 0.23369880 0.48797452 -0.35457152
v 0.22046006 0.48824528 -0.34370691
v 0.21032482 0.50488836 -0.34977782
v 0.19369636 0.56403494 -0.36559346
v 0.19960368 0.54756474 -0.36696190
v 0.19323689 0.54850358 -0.35265148
v 0.18952180 0.56510133 -0.35178232
v 0.19929141 0.55872917 -0.32351476
v 0.20843123 0.56254834 -0.31274319
v 0.20568879 0.57514441 -0.30739999
v 0.19651662 0.57204711 -0.32052982
v 0.26151410 0.58614981 -0.31568915
v 0.26456004 0.57545459 -0.31537986
v 0.27537549 0.57581997 -0.32747185
v 0.27009720 0.58720547 -0.33020985
v 0.25467360 0.50904649 -0.37323442
v 0.23607498 0.50733483 -0.37202531
v 0.20279002 0.54740918 -0.32503629
v 0.20586559 0.53775370 -0.32487220
v 0.21510577 0.54538250 -0.31678477
v 0.21156114 0.55373657 -0.31558138
v 0.23675473 0.56191707 -0.30934849
v 0.24105310 0.55454504 -0.31087595
v 0.25515011 0.55919796 -0.31071407
v 0.25126120 0.56587166 -0.31077731
v 0.26746535 0.56867743 -0.31397814
v 0.27084392 0.56285262 -0.31214803
v 0.28425187 0.56243765 -0.32070959
v 0.27985984 0.56883144 -0.32464808
v 0.24915022 0.51974273 -0.38161224
v 0.24225050 0.53021431 -0.38548690
v 0.25335383 0.53714514 -0.38137680
v 0.26005104 0.52774954 -0.37724322
v 0.20279151 0.52043259 -0.35252780
v 0.21257585 0.51942533 -0.36592370
v 0.24437329 0.54635412 -0.31074822
v 0.22721544 0.55120683 -0.31242520
v 0.23098588 0.54113519 -0.31102800
v 0.28986526 0.55841738 -0.33466774
v 0.20019214 0.56407338 -0.37665600
v 0.19160722 0.58087063 -0.37397879
v 0.20030327 0.58311069 -0.38256198
v 0.20895204 0.56597948 -0.38444626
v 0.18702288 0.58015215 -0.36167449
v 0.18477994 0.58204710 -0.34762615
v 0.20073225 0.59184289 -0.30143055
v 0.19239160 0.58917594 -0.31519264
v 0.21293060 0.59572554 -0.29510468
v 0.21797581 0.57861811 -0.30161893
v 0.23145464 0.58215356 -0.30106717
v 0.22657169 0.60049355 -0.29434136
v 0.25650325 0.60714537 -0.31344783
v 0.26248011 0.60727710 -0.33123946
v 0.26898903 0.58528858 -0.34633034
v 0.26135749 0.60447276 -0.34793267
v 0.19450323 0.55330050 -0.33749384
v 0.19689822 0.54035836 -0.33807436
v 0.30305907 0.44029510 -0.29234397
v 0.30962682 0.42703837 -0.27324528
v 0.29805350 0.41932404 -0.27883762
v 0.29015952 0.43251324 -0.29666102
v 0.28610858 0.41325843 -0.28028643
v 0.29367995 0.40083057 -0.26323646
v 0.28221744 0.49510562 -0.25367355
v 0.28417447 0.47738659 -0.24005042
v 0.30068064 0.44578063 -0.21535690
v 0.25887373 0.55130094 -0.30830908
v 0.26196671 0.54069555 -0.30006045
v 0.25778908 0.55338943 -0.37775904
v 0.25218412 0.56450653 -0.38106924
v 0.26150218 0.56807137 -0.37030959
v 0.26937348 0.51896662 -0.36950651
v 0.27701479 0.53486824 -0.35858843
v 0.28988487 0.52043110 -0.34248990
v 0.28000760 0.50770479 -0.35667008
v 0.23492992 0.54215825 -0.38746122
v 0.22802229 0.55480707 -0.38830870
v 0.24054512 0.55994302 -0.38709056
v 0.24713147 0.54786199 -0.38450509
v 0.24705806 0.58459014 -0.30503866
v 0.24886878 0.57313973 -0.30840650
v 0.24886164 0.59736711 -0.37706572
v 0.25565997 0.59981841 -0.36359149
v 0.26315030 0.58229017 -0.36040282
v 0.25522324 0.58034056 -0.37272871
v 0.27074230 0.57089245 -0.35776448
v 0.23812091 0.59474981 -0.38622814
v 0.24548101 0.57763588 -0.38344678
v 0.24220058 0.60464799 -0.30043450
v 0.22064301 0.56994498 -0.38912809
v 0.21200235 0.58696836 -0.38862854
v 0.22534201 0.59098226 -0.38971931
v 0.23389122 0.57391787 -0.38873583
v 0.27688444 0.42624551 -0.29692686
v 0.26723909 0.44014877 -0.31255805
v 0.20543820 0.51286674 -0.33436161
v 0.21221034 0.49542087 -0.32918578
v 0.20045406 0.52780128 -0.33738023
v 0.24442978 0.43279660 -0.27292031
v 0.25437468 0.41688499 -0.26034689
v 0.22680718 0.46876067 -0.29655474
v 0.23526537 0.45023829 -0.28484052
v 0.29940370 0.47929001 -0.32020462
v 0.21411818 0.53488296 -0.37692237
v 0.22232702 0.52132040 -0.37555993
v 0.20504844 0.53355181 -0.36768013
v 0.18626402 0.58601665 -0.33135158
v 0.19101386 0.56808150 -0.33579481
v 0.23782749 0.51720387 -0.38103288
v 0.17946868 0.60975957 -0.32683682
v 0.29012874 0.54242289 -0.34345216
v 0.27683473 0.57360107 -0.34259558
v 0.28378478 0.56567216 -0.33895904
v 0.32056162 0.43956590 -0.22687115
v 0.28036475 0.51299453 -0.26864481
v 0.24708626 0.53444922 -0.30299699
v 0.23367715 0.52782333 -0.30503446
v 0.20707676 0.54854834 -0.37757319
v 0.21614188 0.55054712 -0.38394445
v 0.22324899 0.53776377 -0.38369837
v 0.22090171 0.56670660 -0.30681029
v 0.23433208 0.56986916 -0.30598158
v 0.26326808 0.40267193 -0.24688594
v 0.22472675 0.55837059 -0.31013858
v 0.29871079 0.53052163 -0.32783192
v -0.01569344 0.88467169 -0.26005203
v -0.03287239 0.87497234 -0.24933767
v -0.02668704 0.88716877 -0.24600166
v 0.15053351 0.67984223 -0.24192742
v 0.15223354 0.65825158 -0.16505240
v 0.15324926 0.66069067 -0.19163653
v 0.15294799 0.72943246 -0.28513482
v 0.15255305 0.72360843 -0.27857390
v 0.15787065 0.73535186 -0.32229865
v 0.15623505 0.73656088 -0.31578028
v 0.16181362 0.71097702 -0.24503522
v 0.14612682 1.09684384 -0.10619149
v 0.14520909 1.09084618 -0.11197029
v 0.14704892 1.11060953 -0.09926967
v 0.05785625 0.49796343 -0.03296505
v 0.04510215 0.46503654 -0.03565599
v 0.04389880 0.44958630 -0.03722875
v 0.14742135 1.07193637 -0.09698183
v 0.14562076 1.06897342 -0.10553630
v 0.14968695 1.07027352 -0.09986233
v 0.14725721 1.07287765 -0.09413101
v 0.14677742 1.07205260 -0.09492401
v 0.14601977 1.10910439 -0.08851153
v 0.14415063 1.08281422 -0.11688713
v 0.14342146 1.07234061 -0.11953838
v 0.14506240 1.09358430 -0.08939584
v 0.03849526 0.49166554 -0.28006405
v 0.04035984 0.47201827 -0.28769222
v 0.01532605 0.47127414 -0.28568560
v 0.01401930 0.49029455 -0.27733332
v -0.01232065 0.45581988 -0.29083145
v -0.01084155 0.47235045 -0.28048611
v 0.01591768 0.45352662 -0.29620895
v 0.12853175 0.41384602 -0.29096553
v 0.12630324 0.43768272 -0.28637764
v 0.14684635 0.43987727 -0.26764977
v 0.14979985 0.41464144 -0.27119479
v 0.16012980 0.45814112 -0.24066973
v 0.16376254 0.43856052 -0.24290401
v 0.14243022 0.46074718 -0.26336208
v 0.17111686 0.45242292 -0.21327306
v 0.17423208 0.43174720 -0.21550360
v 0.17408538 0.44424683 -0.18601677
v 0.17725025 0.42347458 -0.18788859
v 0.17312424 0.41279858 -0.16139476
v 0.16015837 0.40123188 -0.13728958
v 0.14902408 0.35998404 -0.11391428
v 0.14149132 0.38873541 -0.11567711
v 0.12364162 0.37524530 -0.09780060
v 0.10457849 0.36400732 -0.08340434
v 0.08631971 0.35685667 -0.07139362
v 0.06787129 0.35536477 -0.06527869
v 0.05104345 0.35423478 -0.06124574
v 0.03560459 0.35314530 -0.05863202
v 0.03380319 0.32687682 -0.06376152
v 0.17890511 0.84346998 -0.21220958
v 0.09586079 0.93772936 -0.27766839
v 0.12899670 0.92595750 -0.28213257
v 0.10384510 0.92652655 -0.29351336
v 0.07831201 0.85605246 -0.34047502
v 0.05502661 0.86271816 -0.32913575
v 0.06692330 0.87767738 -0.32816005
v 0.09372301 0.87212777 -0.33774942
v 0.07368448 0.93285382 -0.28171659
v 0.07048292 0.93803251 -0.27055556
v 0.07665499 0.92372119 -0.29619858
v 0.05180405 0.92046881 -0.29038844
v 0.03287940 0.91899776 -0.28015205
v 0.16679563 0.87579721 -0.32405478
v 0.18054357 0.86273193 -0.32993323
v 0.15785718 0.85520667 -0.34232682
v 0.14533834 0.86510968 -0.33832020
v 0.10038049 0.82868230 -0.35689193
v 0.11403634 0.82241678 -0.36381090
v 0.10424461 0.81038666 -0.36352444
v 0.09051200 0.81645834 -0.35634631
v 0.21166794 0.81340563 -0.33393008
v 0.21860421 0.79219592 -0.33351162
v 0.20622480 0.79423118 -0.35265923
v 0.19645953 0.81430328 -0.35176104
v 0.12556610 0.83439088 -0.36070251
v 0.00410291 0.76616699 -0.32522631
v 0.02197720 0.76929009 -0.33722204
v 0.04019239 0.77109492 -0.34626669
v 0.09245875 0.76564217 -0.36750808
v 0.08098940 0.75898552 -0.36094126
v 0.07883816 0.76987386 -0.36190170
v 0.10275324 0.76159203 -0.37100470
v 0.11191823 0.75746167 -0.37593725
v 0.20810542 0.77893579 -0.27757677
v 0.20080277 0.75974518 -0.27103069
v 0.19324231 0.74670267 -0.27459046
v 0.13047230 0.74020070 -0.38620603
v 0.13222422 0.73548621 -0.38502425
v 0.12306652 0.74253327 -0.37880319
v 0.12091397 0.74691546 -0.37835234
v 0.15354240 0.88851655 -0.31574869
v 0.19187784 0.79203510 -0.36791533
v 0.18163055 0.78515369 -0.37945202
v 0.16741124 0.80095279 -0.37532410
v 0.18035150 0.80971718 -0.36413461
v 0.16989823 0.78000295 -0.38597375
v 0.15758264 0.77398360 -0.38952351
v 0.14403975 0.78548539 -0.38426876
v 0.15586215 0.79393649 -0.38126588
v 0.13287270 0.74451101 -0.38791707
v 0.11984398 0.75353318 -0.37793335
v 0.22303553 0.76698160 -0.31044370
v 0.20939413 0.84630084 -0.31269065
v 0.19951171 0.86183971 -0.31077498
v 0.20951974 0.84982055 -0.28621501
v 0.21485180 0.83474731 -0.28864253
v 0.15857080 0.72468972 -0.32591552
v 0.15301734 0.72182858 -0.33962104
v 0.14678538 0.71958077 -0.35318598
v 0.12705812 0.73745126 -0.37340510
v 0.14161706 0.71723169 -0.36552131
v 0.17416447 0.72789925 -0.27881816
v 0.18646613 0.73604000 -0.27614379
v 0.20780125 0.82975852 -0.26826322
v 0.21004324 0.81519228 -0.27198976
v 0.22366410 0.77228582 -0.33279675
v 0.21388394 0.77447635 -0.35276443
v 0.15025423 0.71927768 -0.39418161
v 0.14040226 0.72585052 -0.39032006
v 0.14117593 0.73040015 -0.39278954
v 0.11550308 0.73840171 -0.37208480
v 0.12489419 0.73823273 -0.37796319
v 0.19344792 0.84913313 -0.33256936
v 0.19259864 0.76993537 -0.38067251
v 0.20180470 0.77300346 -0.36912888
v 0.14160293 0.80619502 -0.37581950
v 0.12782411 0.81540096 -0.36949474
v 0.14010353 0.82671607 -0.36530238
v 0.15399720 0.81550848 -0.37007996
v 0.16270857 0.75341409 -0.39683625
v 0.17127010 0.76047015 -0.39420116
v 0.11674324 0.80381542 -0.37048078
v 0.12984435 0.79588091 -0.37824678
v 0.14381394 0.73512006 -0.39514089
v 0.20260242 0.84121293 -0.26607999
v 0.19533658 0.82743418 -0.24270476
v 0.20156294 0.82034844 -0.25072646
v 0.20526773 0.80868328 -0.25596654
v 0.20683777 0.79480064 -0.26089591
v 0.20529169 0.77744281 -0.26568770
v 0.18913206 0.83477032 -0.22979730
v 0.23022303 0.52624315 -0.38388517
v 0.15036289 0.71448922 -0.39048243
v 0.16203041 0.71098518 -0.39666566
v 0.16028120 0.70405787 -0.39453542
v 0.20776191 0.66614944 -0.39486545
v 0.05049400 0.97893298 -0.01645808
v 0.05202809 0.97386932 -0.02037998
v 0.04613938 1.00324285 -0.00690211
v 0.04663762 0.99919462 -0.00740863
v 0.26326197 0.54372084 -0.37410319
v 0.26714465 0.53513134 -0.37121433
v 0.29032639 0.49376494 -0.33881450
v 0.30069646 0.50639385 -0.32540423
v 0.30868101 0.49146748 -0.30740106
v 0.29467499 0.52943885 -0.28817564
v 0.27959937 0.52999532 -0.28381777
v 0.23610270 0.51028097 -0.29306364
v 0.24622299 0.47106594 -0.34193587
v 0.31533718 0.41736913 -0.18802680
v 0.31677237 0.40373942 -0.17237078
v 0.32600540 0.40052569 -0.17743380
v 0.32373196 0.41349322 -0.19407056
v 0.31816328 0.39111698 -0.15700696
v 0.30610609 0.40279877 -0.17160411
v 0.30752391 0.38998985 -0.15746851
v 0.29707235 0.39871716 -0.17399295
v 0.29872775 0.38557029 -0.16071852
v 0.29291442 0.37918085 -0.16528021
v 0.28996089 0.39254352 -0.17806242
v 0.28495768 0.38485569 -0.18323021
v 0.28917035 0.37146196 -0.17091830
v 0.27621001 0.39082512 -0.20286773
v 0.27573729 0.38224721 -0.21050052
v 0.28309721 0.36872938 -0.19666846
v 0.28264377 0.37644190 -0.18958561
v 0.30156979 0.34822053 -0.19503446
v 0.29478467 0.35958570 -0.20973392
v 0.30469593 0.36067539 -0.21279813
v 0.31042296 0.34865874 -0.19749011
v 0.31740832 0.38282523 -0.22506069
v 0.32381654 0.36985451 -0.20879202
v 0.31473798 0.36476424 -0.21200462
v 0.30797625 0.37691447 -0.22872947
v 0.32991019 0.35682625 -0.19480748
v 0.32863122 0.37709749 -0.20177527
v 0.33340901 0.36506027 -0.18739413
v 0.30275708 0.43127984 -0.20097764
v 0.31386015 0.43114567 -0.20355381
v 0.31197688 0.44461435 -0.21953459
v 0.28564021 0.40732160 -0.19109063
v 0.29374927 0.41331553 -0.18759252
v 0.29139704 0.42845792 -0.20139067
v 0.28172952 0.42272806 -0.20423998
v 0.26059324 0.41176641 -0.23692934
v 0.26847267 0.39670914 -0.22396283
v 0.26986647 0.40612924 -0.21585698
v 0.27992088 0.39968970 -0.19625638
v 0.27501723 0.41517982 -0.20928858
v 0.27956644 0.37536409 -0.21873112
v 0.28716055 0.36262846 -0.20398219
v 0.32760885 0.40642178 -0.20196502
v 0.33045846 0.39369929 -0.18551247
v 0.33068714 0.38544118 -0.19372983
v 0.32715470 0.39837492 -0.20988633
v 0.27210432 0.38913608 -0.23290719
v 0.32530874 0.41923741 -0.21886282
v 0.32430810 0.41107464 -0.22740664
v 0.32412598 0.39017162 -0.21840800
v 0.31984496 0.40246814 -0.23599087
v 0.33464324 0.38224491 -0.16997068
v 0.32842195 0.38802817 -0.16112556
v 0.32203490 0.42638612 -0.21046431
v 0.28748521 0.37204412 -0.22544466
v 0.28009632 0.38489294 -0.24061702
v 0.29047734 0.38556468 -0.24499135
v 0.29769737 0.37295187 -0.22914489
v 0.30511725 0.40654871 -0.26096165
v 0.31141499 0.39477205 -0.24252988
v 0.30106336 0.38917232 -0.24576612
v 0.32038194 0.35199159 -0.19738899
v 0.31488180 0.41423488 -0.25447315
v 0.32317144 0.32499820 -0.10024576
v 0.32245868 0.32749745 -0.08990605
v 0.31273001 0.33114311 -0.09486319
v 0.31439668 0.32864165 -0.10611068
v 0.29233861 0.34442681 -0.10464548
v 0.29513100 0.34691238 -0.09190984
v 0.29401028 0.35826093 -0.09418206
v 0.29104924 0.35728687 -0.10722570
v 0.32379571 0.33132884 -0.08142687
v 0.31354183 0.33455136 -0.08578925
v 0.32638270 0.33828363 -0.07896419
v 0.33285940 0.32750282 -0.07591198
v 0.33883211 0.33233091 -0.07310446
v 0.34643051 0.32456359 -0.06683145
v 0.35466871 0.32516092 -0.07105671
v 0.34735811 0.33924547 -0.07942821
v 0.35901317 0.32966179 -0.10250957
v 0.36080039 0.31649649 -0.08949243
v 0.36196646 0.31230170 -0.09980808
v 0.35880893 0.32405779 -0.11234553
v 0.35531238 0.30510396 -0.11980559
v 0.35219961 0.31496921 -0.12972693
v 0.35563523 0.31928432 -0.12095712
v 0.35814956 0.30802891 -0.10895063
v 0.32547322 0.31873518 -0.11517577
v 0.32453808 0.32210252 -0.10946162
v 0.31742650 0.32584512 -0.11662041
v 0.31868210 0.32275632 -0.12329458
v 0.32408845 0.34737831 -0.07508881
v 0.32198003 0.34476146 -0.07410835
v 0.33244681 0.34254196 -0.07868390
v 0.33255529 0.34851721 -0.08322670
v 0.29986155 0.32317677 -0.15043597
v 0.29929742 0.33012712 -0.14621498
v 0.29564261 0.33958513 -0.15359174
v 0.29624048 0.33258384 -0.15982942
v 0.29070872 0.35624775 -0.12987681
v 0.29948956 0.36974910 -0.12937714
v 0.29884768 0.36990190 -0.13794057
v 0.29302159 0.35547841 -0.14064710
v 0.29030660 0.35675156 -0.11957218
v 0.29985780 0.36801600 -0.10883914
v 0.29923043 0.36928585 -0.12000193
v 0.30129689 0.36674282 -0.09559815
v 0.30055392 0.32668215 -0.16916727
v 0.30285779 0.31772822 -0.16359659
v 0.33715424 0.26831248 -0.04393490
v 0.33879167 0.27443978 -0.04550119
v 0.33716494 0.27114707 -0.04956384
v 0.33536577 0.26472053 -0.04822008
v 0.32219768 0.32015353 -0.17199557
v 0.31812096 0.32516238 -0.17698698
v 0.32740700 0.32885629 -0.17528452
v 0.33106935 0.32518375 -0.16907482
v 0.32721901 0.31372625 -0.16578622
v 0.33593470 0.32006663 -0.16165183
v 0.35072756 0.26533842 -0.04040258
v 0.35299480 0.27155599 -0.04300223
v 0.34819770 0.27393243 -0.04189159
v 0.34608647 0.26807973 -0.03963213
v 0.32970059 0.32069334 -0.09286754
v 0.32924896 0.32282996 -0.08295082
v 0.33786708 0.30670923 -0.06997661
v 0.33897221 0.31222656 -0.06629537
v 0.33431527 0.31773090 -0.07424290
v 0.33426642 0.31329519 -0.08292170
v 0.33436948 0.30515230 -0.10212873
v 0.33509415 0.30686858 -0.09369792
v 0.33141786 0.31440890 -0.10260896
v 0.33080947 0.31130788 -0.11086865
v 0.32748771 0.30328143 -0.12029020
v 0.32582152 0.29845268 -0.12326099
v 0.33004516 0.29405320 -0.11737038
v 0.33174095 0.29836240 -0.11261873
v 0.33663851 0.28876674 -0.09487896
v 0.33615103 0.28685388 -0.10001151
v 0.33829015 0.28021502 -0.09586181
v 0.33872479 0.28102699 -0.09083836
v 0.31546503 0.33046132 -0.18168394
v 0.32522529 0.33358771 -0.18153726
v 0.34696603 0.29683974 -0.13724051
v 0.34776732 0.29003146 -0.13104044
v 0.34128836 0.28622490 -0.13716270
v 0.33941424 0.29193377 -0.14327990
v 0.33823091 0.33161727 -0.16299786
v 0.33531106 0.33534712 -0.16959681
v 0.35304838 0.26121336 -0.04394381
v 0.35571432 0.26723808 -0.04655842
v 0.31348282 0.36854658 -0.09575982
v 0.31322187 0.37025976 -0.11013533
v 0.31270009 0.37152502 -0.12216134
v 0.31225139 0.37287569 -0.13052835
v 0.31080586 0.37602022 -0.13678147
v 0.33627471 0.30515093 -0.08164571
v 0.32859263 0.31931826 -0.10243855
v 0.32517409 0.31601623 -0.11964945
v 0.31845313 0.29468209 -0.13892411
v 0.31925339 0.29853463 -0.13237505
v 0.31456333 0.30310646 -0.13682018
v 0.31460074 0.29819229 -0.14596783
v 0.33059186 0.28997737 -0.14315368
v 0.33336490 0.28529996 -0.13699888
v 0.32862201 0.28587389 -0.13231595
v 0.32502371 0.28942162 -0.13791566
v 0.32397354 0.35235125 -0.07503016
v 0.32894588 0.35537931 -0.08608384
v 0.31209499 0.31746456 -0.17022873
v 0.30859023 0.32441998 -0.17429642
v 0.30689502 0.33088619 -0.17830373
v 0.30894238 0.32573387 -0.13549207
v 0.30880687 0.32804060 -0.13103683
v 0.29743764 0.33758166 -0.13781686
v 0.29916552 0.33444381 -0.14314075
v 0.30285099 0.33247465 -0.11197390
v 0.30169252 0.33537069 -0.09972884
v 0.29260394 0.34177911 -0.11805804
v 0.29484981 0.34617850 -0.14838250
v 0.29419690 0.35427564 -0.15406819
v 0.29483733 0.34688193 -0.16026472
v 0.29606068 0.33942756 -0.16726722
v 0.30029875 0.33361796 -0.17381029
v 0.29267785 0.36115122 -0.16106214
v 0.29324049 0.35380775 -0.16715814
v 0.29496354 0.34642807 -0.17412980
v 0.29913676 0.34105456 -0.18001609
v 0.33217067 0.34733677 -0.18414690
v 0.33321768 0.34040287 -0.17650302
v 0.32355249 0.34081459 -0.18796171
v 0.29972363 0.37601972 -0.14796962
v 0.29479977 0.36887935 -0.15473174
v 0.29481629 0.36244327 -0.14711384
v 0.30908054 0.38024712 -0.14478402
v 0.29793221 0.34893125 -0.08311366
v 0.30522293 0.34252703 -0.08220465
v 0.30548692 0.34336159 -0.07487155
v 0.29980054 0.34923458 -0.07442738
v 0.33935806 0.32223654 -0.06907569
v 0.34405079 0.31469575 -0.06224121
v 0.35116503 0.31509191 -0.06122227
v 0.30676416 0.30950251 -0.15820722
v 0.30460095 0.31433493 -0.14720179
v 0.33833840 0.29988775 -0.07212408
v 0.35534048 0.27916205 -0.04624645
v 0.35753280 0.29131576 -0.05232702
v 0.35163805 0.29503372 -0.05054219
v 0.34989396 0.28167826 -0.04456241
v 0.34121335 0.28863132 -0.06974544
v 0.34239417 0.28164154 -0.06503989
v 0.33914137 0.28683001 -0.06254356
v 0.33955669 0.29418513 -0.06677283
v 0.33500794 0.28437585 -0.10586636
v 0.33662283 0.27963382 -0.10273670
v 0.35868320 0.30041426 -0.07808439
v 0.36074981 0.32360923 -0.08086111
v 0.36169291 0.30910271 -0.07133923
v 0.33319914 0.30192819 -0.10813101
v 0.33430845 0.29275635 -0.10553847
v 0.33541715 0.29560861 -0.10084771
v 0.33681169 0.29997113 -0.08042817
v 0.33663422 0.30053043 -0.08704393
v 0.33804774 0.29449010 -0.08090742
v 0.33796787 0.29510292 -0.07482867
v 0.32456034 0.29512951 -0.15119107
v 0.33607936 0.29913968 -0.15107925
v 0.34307459 0.27525869 -0.04284804
v 0.34122154 0.26909673 -0.04103674
v 0.31367975 0.33806941 -0.18740200
v 0.30578518 0.33850291 -0.18457817
v 0.32935578 0.30776176 -0.11618139
v 0.35620236 0.33579138 -0.09168531
v 0.32363117 0.31273168 -0.12403382
v 0.34916613 0.28470314 -0.11260863
v 0.34917545 0.27793497 -0.10962720
v 0.34312308 0.27686289 -0.11109798
v 0.34227270 0.28190368 -0.11543156
v 0.34291139 0.27045000 -0.05901359
v 0.34238398 0.26276729 -0.05616631
v 0.33837685 0.26638785 -0.05381657
v 0.33915034 0.27468321 -0.05639313
v 0.33977598 0.30006185 -0.06390156
v 0.33887851 0.29207122 -0.05864350
v 0.34123284 0.29610869 -0.05454077
v 0.34181654 0.30568957 -0.06059246
v 0.34646159 0.30663747 -0.05732210
v 0.34592187 0.29657605 -0.05178513
v 0.34954572 0.26840034 -0.05879237
v 0.34952202 0.27935842 -0.06457196
v 0.35730577 0.28232545 -0.06192054
v 0.35581732 0.27026066 -0.05533849
v 0.34881407 0.32444057 -0.13975923
v 0.34866285 0.30961874 -0.13812996
v 0.34518439 0.31863806 -0.14724578
v 0.35526338 0.29448843 -0.11099471
v 0.34914419 0.29181600 -0.12000950
v 0.35116774 0.30097151 -0.12912132
v 0.34426516 0.30480325 -0.14515297
v 0.35007045 0.28756288 -0.07502328
v 0.35626510 0.28913459 -0.07641052
v 0.35665330 0.29172182 -0.06959306
v 0.32052147 0.30740148 -0.12859194
v 0.34449029 0.28320456 -0.04554529
v 0.33562809 0.36809617 -0.13587750
v 0.33772570 0.36343604 -0.12833984
v 0.34614897 0.35453960 -0.13706069
v 0.34271681 0.36083964 -0.14412092
v 0.33853972 0.27976808 -0.05183358
v 0.33989242 0.28263968 -0.04794340
v 0.33449090 0.28108537 -0.11090787
v 0.33551615 0.27802801 -0.11432825
v 0.33742684 0.27563199 -0.11136816
v 0.33679080 0.27776420 -0.10762183
v 0.34053469 0.31300125 -0.15363328
v 0.34829384 0.28377190 -0.12807007
v 0.34164712 0.28151852 -0.13304655
v 0.34149432 0.32631102 -0.15572621
v 0.34264916 0.33913466 -0.15537651
v 0.34526408 0.33277860 -0.14853893
v 0.35577178 0.29370353 -0.09664245
v 0.35198694 0.32932857 -0.13206948
v 0.34802946 0.33831131 -0.14128162
v 0.34520000 0.34643236 -0.14793606
v 0.34318644 0.35225046 -0.15351428
v 0.34032476 0.34379572 -0.16136353
v 0.35799855 0.27489260 -0.05012910
v 0.35413721 0.26282334 -0.05172066
v 0.33599418 0.35630155 -0.17592989
v 0.33797699 0.34936464 -0.16807316
v 0.33772248 0.36475560 -0.16770793
v 0.34051549 0.35783529 -0.15983288
v 0.34949750 0.34957346 -0.12557222
v 0.35017359 0.34394246 -0.13348313
v 0.35486835 0.34028831 -0.11473088
v 0.35438508 0.33440298 -0.12414043
v 0.36140290 0.29922420 -0.08905943
v 0.34471691 0.24764109 -0.04812191
v 0.33959085 0.24799064 -0.05010906
v 0.34108469 0.25595087 -0.05381413
v 0.34672657 0.25480741 -0.05218379
v 0.34823421 0.26111096 -0.05542044
v 0.35174856 0.25693184 -0.04869170
v 0.35054329 0.34620857 -0.10333811
v 0.34020278 0.28811443 -0.07611717
v 0.34124240 0.35743880 -0.11391295
v 0.33667675 0.35814777 -0.09742911
v 0.34430611 0.34996137 -0.09058629
v 0.32719809 0.36648986 -0.11103497
v 0.32638609 0.36927846 -0.12300442
v 0.32266229 0.37543771 -0.13772281
v 0.32444540 0.37189829 -0.13190107
v 0.32040453 0.38096216 -0.14522757
v 0.32547826 0.36496463 -0.09759788
v 0.33334267 0.25663516 -0.04636867
v 0.33460051 0.26039198 -0.04177286
v 0.33324903 0.37261301 -0.14172627
v 0.33040679 0.37849346 -0.14984299
v 0.30336696 0.33851999 -0.08899380
v 0.31661570 0.31770641 -0.13074462
v 0.31355333 0.31363440 -0.13461752
v 0.30965775 0.30813971 -0.14161648
v 0.31064093 0.30275077 -0.15228243
v 0.33736098 0.37295699 -0.15851305
v 0.28881192 0.36346340 -0.17720000
v 0.29062679 0.35628378 -0.18391387
v 0.33432817 0.37346038 -0.17891221
v 0.33830670 0.26164392 -0.03861822
v 0.34397244 0.27802730 -0.09374805
v 0.34406748 0.27776363 -0.09089415
v 0.29616445 0.35800499 -0.08466668
v 0.29907984 0.35660115 -0.07459758
v 0.31356460 0.36201417 -0.07268392
v 0.31313127 0.36657947 -0.08363242
v 0.30237925 0.36553696 -0.08441870
v 0.30469894 0.36146793 -0.07358332
v 0.30798310 0.32304436 -0.13781957
v 0.30667508 0.31902936 -0.14092524
v 0.33231950 0.30657202 -0.15909927
v 0.32088864 0.30189469 -0.15931512
v 0.35262018 0.30556944 -0.05622144
v 0.35800937 0.30155113 -0.05847026
v 0.35758081 0.31179059 -0.06386374
v 0.36026537 0.28736943 -0.05729528
v 0.34840053 0.28634316 -0.06957464
v 0.34534028 0.28651527 -0.07376386
v 0.30644718 0.33016235 -0.12320988
v 0.29476371 0.33957127 -0.12929879
v 0.31505013 0.34248587 -0.07568668
v 0.31454179 0.33967119 -0.08126663
v 0.33610281 0.29871702 -0.09467225
v 0.35707793 0.28358161 -0.08745869
v 0.36085963 0.28820837 -0.08214559
v 0.33781829 0.29254502 -0.08883737
v 0.34280157 0.26050237 -0.03665476
v 0.34728274 0.25776783 -0.03729977
v 0.36134410 0.29773048 -0.06415080
v 0.33289245 0.28933850 -0.11095233
v 0.35068595 0.27907380 -0.08993189
v 0.35225612 0.28347036 -0.09608217
v 0.33481476 0.28252205 -0.13306163
v 0.34012303 0.36630288 -0.15019234
v 0.33658823 0.25983256 -0.05239464
v 0.33472410 0.25194791 -0.04994033
v 0.34855425 0.24987677 -0.04518403
v 0.34988171 0.25386411 -0.04108123
v 0.31654155 0.30953878 -0.16541241
v 0.31833380 0.32038200 -0.12742208
v 0.29471073 0.35088056 -0.19037791
v 0.32273972 0.36255145 -0.08563574
v 0.32121515 0.35861123 -0.07369740
v 0.33902571 0.28591102 -0.08442147
v 0.34663329 0.28452641 -0.12071367
v 0.35234347 0.27841967 -0.09674750
v 0.35406333 0.27864757 -0.10355951
v 0.35467389 0.28582075 -0.10620268
v 0.34765285 0.27662247 -0.09432991
v 0.34752190 0.24726394 -0.03817734
v 0.34627011 0.24360028 -0.04221816
v 0.34502235 0.25101086 -0.03429936
v 0.34060219 0.25407583 -0.03448163
v 0.33658007 0.25562060 -0.03666386
v 0.34278330 0.24182311 -0.04511884
v 0.33828008 0.24248207 -0.04703692
v 0.33354843 0.24663129 -0.04740213
v 0.34063461 0.23662710 -0.04279202
v 0.34374234 0.23735502 -0.03944987
v 0.33905792 0.23938328 -0.02926527
v 0.34075147 0.23669866 -0.03005362
v 0.34246597 0.23954552 -0.03167929
v 0.34262970 0.24373588 -0.03154433
v 0.33669040 0.23471209 -0.02804233
v 0.33901909 0.23242104 -0.02866350
v 0.34235957 0.23405826 -0.03273654
v 0.34383577 0.23814854 -0.03425820
v 0.34070373 0.22949377 -0.03103897
v 0.33994055 0.22763678 -0.03433906
v 0.34137398 0.23214641 -0.03593868
v 0.34299985 0.23595926 -0.03669237
v 0.34542477 0.24151218 -0.03564377
v 0.33533514 0.22996166 -0.02792443
v 0.33555737 0.22532070 -0.03019986
v 0.33879453 0.22602919 -0.02976078
v 0.33783436 0.22930637 -0.02796364
v 0.33854926 0.24799922 -0.03236838
v 0.33598796 0.24146482 -0.03045970
v 0.33364731 0.23597074 -0.02925120
v 0.33224678 0.23070768 -0.02931006
v 0.33222994 0.24194589 -0.03235252
v 0.33069760 0.23578602 -0.03116134
v 0.32991028 0.23131686 -0.03132580
v 0.32923058 0.24073946 -0.03509140
v 0.32866141 0.23450223 -0.03344928
v 0.33466291 0.24979770 -0.03471504
v 0.33165413 0.24920747 -0.03792946
v 0.32895795 0.23155433 -0.03305261
v 0.33262160 0.22612914 -0.03176175
v 0.34025079 0.23150009 -0.03871232
v 0.33794582 0.22694927 -0.03680609
v 0.33794877 0.23134458 -0.04070558
v 0.33572671 0.22682923 -0.03824890
v 0.33890963 0.22470397 -0.03295146
v 0.33664209 0.22389150 -0.03424273
v 0.33332205 0.25506711 -0.04005061
v 0.33214760 0.25136635 -0.04457591
v 0.33057931 0.24602246 -0.04230697
v 0.32804990 0.23766735 -0.03933752
v 0.33237585 0.24144554 -0.04501002
v 0.33660236 0.23729968 -0.04461165
v 0.33467141 0.23198274 -0.04165421
v 0.33049807 0.23419514 -0.04202391
v 0.33283514 0.22791719 -0.03902416
v 0.32985932 0.22965181 -0.03885344
v 0.32822645 0.23205793 -0.03655256
v 0.33141103 0.22621769 -0.03647873
v 0.33391356 0.22466820 -0.03565235
v 0.33046332 0.22771424 -0.03346907
v 0.32908997 0.22942731 -0.03490190
v 0.32988819 0.22800601 -0.03673980
v 0.33557832 0.24894717 -0.06612824
v 0.33796579 0.25656006 -0.06824906
v 0.33704013 0.25436330 -0.07239021
v 0.33424810 0.24635652 -0.07064535
v 0.34952092 0.24977311 -0.06067939
v 0.35215145 0.25680119 -0.06313236
v 0.34626883 0.25787601 -0.06323309
v 0.34346908 0.25074235 -0.06097330
v 0.35215852 0.24673003 -0.06536098
v 0.35489833 0.25380215 -0.06766172
v 0.35473597 0.26565877 -0.06580709
v 0.35591543 0.27898231 -0.07185511
v 0.34953812 0.27876884 -0.07207508
v 0.34836495 0.26619813 -0.06584392
v 0.34359822 0.27038535 -0.08711134
v 0.34041923 0.27367207 -0.08494820
v 0.34141457 0.25757289 -0.06541766
v 0.33865145 0.25020933 -0.06312229
v 0.34209573 0.25744203 -0.08171944
v 0.34015310 0.24840972 -0.07901706
v 0.33726281 0.25116393 -0.07660531
v 0.33899531 0.26026359 -0.07919927
v 0.33961087 0.27724463 -0.08050351
v 0.34036836 0.27916917 -0.07527973
v 0.34426570 0.27908534 -0.07277443
v 0.34746391 0.25623989 -0.08119680
v 0.34983253 0.26926133 -0.08640425
v 0.35616466 0.27191398 -0.08223639
v 0.35330418 0.25826097 -0.07680883
v 0.34309566 0.26616138 -0.06785284
v 0.33893126 0.26377299 -0.07469802
v 0.33955321 0.26558983 -0.07061501
v 0.35729063 0.26254469 -0.07078071
v 0.35087427 0.24993312 -0.07364599
v 0.34089261 0.23232689 -0.07058176
v 0.33613977 0.23174891 -0.07269834
v 0.33805528 0.24070960 -0.07689278
v 0.34320879 0.24063098 -0.07492353
v 0.34513286 0.24776146 -0.07784809
v 0.34856644 0.24312022 -0.07082669
v 0.33097807 0.23594263 -0.06758030
v 0.33211020 0.23910388 -0.06302126
v 0.33498812 0.24039149 -0.05987529
v 0.36014271 0.27627864 -0.07654221
v 0.33958733 0.24113524 -0.05780561
v 0.34560728 0.24056524 -0.05737795
v 0.33459193 0.24322036 -0.07497020
v 0.33206603 0.23342261 -0.07158798
v 0.34538579 0.23469746 -0.06702465
v 0.34860772 0.23791480 -0.06210037
v 0.34526086 0.23014605 -0.05939431
v 0.34236833 0.22756344 -0.06405915
v 0.34262437 0.23274994 -0.05473477
v 0.33718702 0.23418924 -0.05540611
v 0.33321252 0.23423937 -0.05757065
v 0.33909434 0.22568074 -0.06715181
v 0.33502960 0.22539607 -0.06912537
v 0.33101791 0.22747824 -0.06872149
v 0.33698562 0.21918973 -0.06412654
v 0.33967701 0.21965888 -0.06095846
v 0.33422643 0.21364141 -0.04847692
v 0.33661538 0.21217722 -0.04916836
v 0.33801728 0.21697867 -0.05093995
v 0.33644456 0.21924752 -0.04985198
v 0.33958972 0.22014329 -0.05251636
v 0.33980468 0.22443578 -0.05211103
v 0.33929384 0.21482608 -0.05388799
v 0.34033448 0.21904555 -0.05543171
v 0.33838305 0.20930806 -0.05202149
v 0.33716705 0.20812514 -0.05563997
v 0.33826527 0.21418136 -0.05710664
v 0.33916160 0.21770161 -0.05807966
v 0.33284998 0.20824462 -0.04820268
v 0.33561495 0.20821050 -0.04820062
v 0.34228444 0.22305408 -0.05690780
v 0.33542907 0.22786951 -0.05320056
v 0.33303013 0.22094181 -0.05074787
v 0.33080760 0.21418095 -0.04943666
v 0.32980826 0.20871827 -0.04944940
v 0.32904935 0.22152084 -0.05289416
v 0.32771894 0.21456692 -0.05114281
v 0.32751307 0.20968810 -0.05167715
v 0.32605907 0.22049546 -0.05643199
v 0.32563969 0.21367335 -0.05432554
v 0.33149332 0.22882199 -0.05560142
v 0.32866266 0.22821170 -0.05912443
v 0.32636589 0.21020240 -0.05366071
v 0.33057642 0.20500100 -0.05203964
v 0.33353972 0.20409408 -0.05065560
v 0.33718479 0.20458996 -0.05013549
v 0.33653569 0.21380043 -0.05925290
v 0.33481011 0.20783308 -0.05707955
v 0.33466998 0.21293390 -0.06116802
v 0.33291835 0.20749778 -0.05842295
v 0.33649579 0.20407841 -0.05412023
v 0.33411610 0.20390722 -0.05467026
v 0.33042777 0.23302180 -0.06090173
v 0.32960859 0.23043528 -0.06513700
v 0.32796311 0.22570026 -0.06340049
v 0.32575333 0.21787313 -0.06083323
v 0.32974640 0.22232524 -0.06667653
v 0.33367732 0.21948481 -0.06645228
v 0.33201563 0.21328327 -0.06318748
v 0.32840499 0.21507066 -0.06373192
v 0.33077353 0.20826575 -0.05976111
v 0.32802531 0.20961931 -0.06024061
v 0.32568178 0.21169579 -0.05813180
v 0.32977071 0.20582932 -0.05698246
v 0.33165142 0.20440087 -0.05572475
v 0.32830581 0.20646769 -0.05402443
v 0.32681200 0.20846546 -0.05588128
v 0.32809922 0.20749232 -0.05795914
v 0.33334646 0.24820155 -0.09025000
v 0.33536610 0.25426576 -0.09199597
v 0.33347547 0.25374499 -0.09594293
v 0.33100513 0.24752882 -0.09450458
v 0.34506536 0.24636766 -0.08851720
v 0.34787196 0.25327080 -0.09040876
v 0.34358922 0.25374660 -0.08880223
v 0.34159461 0.24731261 -0.08696124
v 0.34619552 0.24474835 -0.09272845
v 0.34908473 0.25191170 -0.09521882
v 0.34961668 0.26066464 -0.09223317
v 0.35139680 0.27062920 -0.09498335
v 0.34596395 0.27032548 -0.09369256
v 0.34482348 0.26068711 -0.09051226
v 0.33923844 0.25403249 -0.08952089
v 0.33751330 0.24778891 -0.08772117
v 0.33632788 0.25806767 -0.10502650
v 0.33524886 0.25065508 -0.10302673
v 0.33362448 0.25231019 -0.09998100
v 0.33525929 0.25986540 -0.10141782
v 0.33659598 0.27253124 -0.10055815
v 0.33822984 0.27267167 -0.09608416
v 0.34160644 0.27131858 -0.09442259
v 0.34096065 0.25698364 -0.10599999
v 0.34244472 0.26841697 -0.10892959
v 0.34855610 0.26857436 -0.10686360
v 0.34722620 0.25786278 -0.10329811
v 0.34020174 0.26082012 -0.09111391
v 0.33456016 0.26120019 -0.09736840
v 0.33644676 0.26144776 -0.09328030
v 0.35076550 0.25974795 -0.09752999
v 0.34554887 0.25042626 -0.10070594
v 0.33649087 0.23337525 -0.09662518
v 0.33199432 0.23383486 -0.09743690
v 0.33348870 0.24369526 -0.10138069
v 0.33827731 0.24282295 -0.10104550
v 0.33956632 0.24962065 -0.10390361
v 0.34326613 0.24329841 -0.09768046
v 0.32830986 0.23838073 -0.09160067
v 0.33046988 0.23956022 -0.08753522
v 0.33452398 0.23926416 -0.08510123
v 0.35267413 0.26976466 -0.10073085
v 0.33747721 0.26928708 -0.10827728
v 0.33798423 0.23877254 -0.08419165
v 0.34140578 0.23754343 -0.08507983
v 0.33106869 0.24573216 -0.09875406
v 0.32888633 0.23627523 -0.09574567
v 0.34065405 0.23419866 -0.09359460
v 0.34314254 0.23592100 -0.08917888
v 0.34072876 0.22949433 -0.08642930
v 0.33897239 0.22782034 -0.09108740
v 0.33891606 0.23091981 -0.08213444
v 0.33539885 0.23236510 -0.08186872
v 0.33237886 0.23340675 -0.08301529
v 0.33484474 0.22726405 -0.09366849
v 0.33099195 0.22771788 -0.09435427
v 0.32793808 0.23058930 -0.09329019
v 0.33324850 0.22246894 -0.09186292
v 0.33634764 0.22213283 -0.08841959
v 0.33179760 0.21548715 -0.07511298
v 0.33305821 0.21429566 -0.07650447
v 0.33415258 0.21854514 -0.07804193
v 0.33350387 0.21994197 -0.07653312
v 0.33589759 0.22155294 -0.07956161
v 0.33678889 0.22477415 -0.07937226
v 0.33578792 0.21711749 -0.08106916
v 0.33704856 0.22098699 -0.08252214
v 0.33468941 0.21240759 -0.07950926
v 0.33296975 0.21199989 -0.08385605
v 0.33412498 0.21671581 -0.08505096
v 0.33606532 0.22004926 -0.08558092
v 0.33078089 0.21097928 -0.07520974
v 0.33269057 0.21093079 -0.07580264
v 0.33854538 0.22441134 -0.08415364
v 0.33397627 0.22728825 -0.07947809
v 0.33117333 0.22140360 -0.07691649
v 0.32925344 0.21631595 -0.07550478
v 0.32796904 0.21187800 -0.07595640
v 0.32841286 0.22225797 -0.07867432
v 0.32672024 0.21678185 -0.07722607
v 0.32591090 0.21310097 -0.07770094
v 0.32568723 0.22271019 -0.08117652
v 0.32479566 0.21700212 -0.07954182
v 0.33081400 0.22835779 -0.08115323
v 0.32799715 0.22926104 -0.08382884
v 0.32488307 0.21406665 -0.07943748
v 0.32754216 0.20866421 -0.07966085
v 0.33076259 0.20771903 -0.07856797
v 0.33363554 0.20858935 -0.07856172
v 0.33325318 0.21675920 -0.08776559
v 0.33143976 0.21190801 -0.08593139
v 0.33083913 0.21736237 -0.08978280
v 0.32911083 0.21240795 -0.08727317
v 0.33253875 0.20906618 -0.08239718
v 0.33070692 0.20856613 -0.08336428
v 0.32935125 0.23396266 -0.08552414
v 0.32744947 0.23303029 -0.08948526
v 0.32608226 0.22857761 -0.08766650
v 0.32400435 0.22166368 -0.08514807
v 0.32682121 0.22630027 -0.09154019
v 0.32980800 0.22372848 -0.09249483
v 0.32816565 0.21855089 -0.09003533
v 0.32540107 0.22018266 -0.08879665
v 0.32670605 0.21345836 -0.08741704
v 0.32459685 0.21486133 -0.08631092
v 0.32378456 0.21608150 -0.08310321
v 0.32592160 0.21087217 -0.08467790
v 0.32825288 0.20931071 -0.08434239
v 0.32530123 0.21084923 -0.08081616
v 0.32421091 0.21296966 -0.08184814
v 0.32458219 0.21248603 -0.08446184
v 0.33675170 0.27126244 -0.10464193
v 0.32947397 0.25430855 -0.11861880
v 0.33119768 0.25967622 -0.11888207
v 0.32913333 0.25980031 -0.12215899
v 0.32728925 0.25469416 -0.12200312
v 0.33993328 0.25169250 -0.11933957
v 0.34235549 0.25786796 -0.11976688
v 0.33891258 0.25850114 -0.11720408
v 0.33685914 0.25238106 -0.11664526
v 0.34028801 0.25144190 -0.12378247
v 0.34285623 0.25766101 -0.12441029
v 0.34423041 0.26530984 -0.12001963
v 0.34624678 0.27664694 -0.12068121
v 0.34113127 0.27561915 -0.11837731
v 0.34004146 0.26575956 -0.11792774
v 0.33477291 0.27981126 -0.13140668
v 0.33388421 0.27426684 -0.12990041
v 0.33195180 0.27431145 -0.12637229
v 0.33226046 0.28000599 -0.12722586
v 0.33460164 0.25922525 -0.11712141
v 0.33290666 0.25338161 -0.11671786
v 0.33229834 0.26508164 -0.12877493
v 0.33071959 0.25871527 -0.12889637
v 0.32906339 0.25933918 -0.12568142
v 0.33037430 0.26530281 -0.12544326
v 0.33080673 0.28036803 -0.12294908
v 0.33145988 0.27444643 -0.12272133
v 0.33359626 0.27474427 -0.11948346
v 0.33240539 0.27984285 -0.11782582
v 0.33635572 0.27482036 -0.11806320
v 0.33635736 0.26500544 -0.13036664
v 0.33755857 0.27469009 -0.13181488
v 0.34283990 0.27543548 -0.13112874
v 0.34114504 0.26476032 -0.12930025
v 0.33587155 0.26575187 -0.11758770
v 0.33003294 0.26574111 -0.12229382
v 0.33256531 0.26581410 -0.11875974
v 0.34521320 0.26525998 -0.12429170
v 0.33937880 0.25763154 -0.12868686
v 0.33014819 0.24519983 -0.12907688
v 0.32696471 0.24622092 -0.12805550
v 0.32867694 0.25312269 -0.12891085
v 0.33244008 0.25214535 -0.13031112
v 0.33473217 0.25803375 -0.13027234
v 0.33696255 0.25149333 -0.12829323
v 0.32573649 0.24803704 -0.12107725
v 0.32735172 0.24745706 -0.11760072
v 0.33073145 0.24651545 -0.11574380
v 0.34792641 0.27660364 -0.12575002
v 0.33422726 0.24516684 -0.11554526
v 0.33715627 0.24412215 -0.11780678
v 0.32720047 0.25411287 -0.12559019
v 0.32556731 0.24736738 -0.12487264
v 0.33430925 0.24424121 -0.12696274
v 0.33737236 0.24413967 -0.12249158
v 0.33578712 0.23816031 -0.12108089
v 0.33283222 0.23830250 -0.12549007
v 0.33521214 0.23856199 -0.11637565
v 0.33246118 0.24003270 -0.11440773
v 0.32908288 0.24172854 -0.11504516
v 0.32857400 0.23995048 -0.12755589
v 0.32614475 0.24121946 -0.12664291
v 0.32510236 0.24257758 -0.12394810
v 0.32755843 0.23468941 -0.12591675
v 0.33118859 0.23265556 -0.12362272
v 0.32904282 0.22548527 -0.11202712
v 0.33052433 0.22500610 -0.11347619
v 0.33121911 0.22809902 -0.11427747
v 0.33066872 0.22950420 -0.11266603
v 0.33258429 0.23105904 -0.11563054
v 0.33304575 0.23371926 -0.11493614
v 0.33199081 0.22782251 -0.11761190
v 0.33290255 0.23120493 -0.11864738
v 0.33101818 0.22379649 -0.11688690
v 0.32842469 0.22398281 -0.12058365
v 0.32981750 0.22759533 -0.12152648
v 0.33141610 0.23047289 -0.12157770
v 0.32769442 0.22174734 -0.11266071
v 0.32960102 0.22201169 -0.11340645
v 0.33406138 0.23404148 -0.11959817
v 0.33086890 0.23568335 -0.11327869
v 0.32879248 0.23086956 -0.11181228
v 0.32655394 0.22559962 -0.11118014
v 0.32485801 0.22196615 -0.11280610
v 0.32631049 0.23233494 -0.11251964
v 0.32438064 0.22723171 -0.11218068
v 0.32302776 0.22387165 -0.11354242
v 0.32439440 0.23394617 -0.11465655
v 0.32298446 0.22874722 -0.11399895
v 0.32821777 0.23774201 -0.11387129
v 0.32610667 0.23945141 -0.11606644
v 0.32249045 0.22577441 -0.11424391
v 0.32424214 0.22093681 -0.11598861
v 0.32677227 0.22001663 -0.11604109
v 0.32973439 0.22048306 -0.11637934
v 0.32804495 0.22824728 -0.12338744
v 0.32628813 0.22422144 -0.12192285
v 0.32575873 0.22993851 -0.12428039
v 0.32410705 0.22494742 -0.12185532
v 0.32812586 0.22133341 -0.11933723
v 0.32607448 0.22108719 -0.11943883
v 0.32627812 0.24285477 -0.11709678
v 0.32505026 0.24321714 -0.12009966
v 0.32432902 0.23981294 -0.11939286
v 0.32293570 0.23449361 -0.11779125
v 0.32412788 0.23880553 -0.12304729
v 0.32525766 0.23697662 -0.12544708
v 0.32377639 0.23164195 -0.12352104
v 0.32254079 0.23351189 -0.12130342
v 0.32254145 0.22656274 -0.12095286
v 0.32158971 0.22818112 -0.11915372
v 0.32177335 0.22906581 -0.11641377
v 0.32233280 0.22370023 -0.11840692
v 0.32371145 0.22209767 -0.11914958
v 0.32258689 0.22292554 -0.11596055
v 0.32184452 0.22535399 -0.11596389
v 0.32170978 0.22534782 -0.11778174
v 0.33821148 0.27923414 -0.13253130
v 0.32418901 0.34863579 -0.06332161
v 0.32367808 0.34429038 -0.06429113
v 0.31251919 0.34006557 -0.06509431
v 0.30526513 0.34197479 -0.06410186
v 0.30089998 0.34767011 -0.06255697
v 0.30224997 0.35347039 -0.06145914
v 0.30715120 0.35750937 -0.06004219
v 0.31925762 0.34185183 -0.06464081
v 0.32173371 0.35437846 -0.06169359
v 0.31498712 0.35832539 -0.06008156
v 0.31579244 0.35477108 -0.04874016
v 0.32293284 0.35099044 -0.05123354
v 0.30776936 0.35416105 -0.04856361
v 0.30251986 0.34996092 -0.05103149
v 0.30144936 0.34471357 -0.05427019
v 0.32599989 0.34573069 -0.05389060
v 0.32440424 0.34157750 -0.05595471
v 0.31871799 0.33932498 -0.05728434
v 0.32696307 0.34271494 -0.04421224
v 0.32511044 0.34595391 -0.03823654
v 0.31036049 0.34250256 -0.02571665
v 0.31448102 0.34456691 -0.02509551
v 0.31317991 0.34622976 -0.02968921
v 0.30874139 0.34514314 -0.03083281
v 0.31349432 0.34739345 -0.03297167
v 0.30949408 0.34882814 -0.03683333
v 0.31981546 0.34621409 -0.02916129
v 0.31883091 0.34724888 -0.03267099
v 0.32585001 0.34449983 -0.02943332
v 0.32380968 0.34614626 -0.03281330
v 0.32096010 0.34539473 -0.02398847
v 0.31624028 0.34321278 -0.02109267
v 0.32119018 0.34338993 -0.02005039
v 0.31402451 0.34086198 -0.02063029
v 0.31754559 0.34949899 -0.03777678
v 0.30348682 0.34654033 -0.04141794
v 0.30480772 0.34311295 -0.03299002
v 0.30808824 0.33962706 -0.02674000
v 0.31297535 0.33729017 -0.02176909
v 0.30462825 0.33853069 -0.03623025
v 0.30886367 0.33595347 -0.02881743
v 0.31360796 0.33471698 -0.02449219
v 0.30813777 0.33469209 -0.03871085
v 0.31202483 0.33364776 -0.03083493
v 0.30198473 0.34184963 -0.04577659
v 0.30533022 0.33775127 -0.04952936
v 0.31494269 0.33363169 -0.02686112
v 0.31975150 0.33627513 -0.01986568
v 0.32052326 0.33979762 -0.01792409
v 0.32831925 0.34220949 -0.03165142
v 0.32630408 0.34378362 -0.02467732
v 0.32834792 0.34052485 -0.02582823
v 0.32862625 0.33930838 -0.03510456
v 0.32805869 0.33722043 -0.02760933
v 0.32545084 0.34270218 -0.02082793
v 0.32625657 0.33967179 -0.02063157
v 0.30510521 0.34019136 -0.05698730
v 0.31166643 0.33815587 -0.05807732
v 0.31207329 0.33615983 -0.05112807
v 0.31481189 0.33360600 -0.04070158
v 0.31974354 0.33664128 -0.04980500
v 0.32593608 0.33903247 -0.04779969
v 0.32693475 0.33593732 -0.03762449
v 0.32171407 0.33392316 -0.03968804
v 0.32609260 0.33460358 -0.02953763
v 0.32241106 0.33323529 -0.03117894
v 0.31701246 0.33307683 -0.03158788
v 0.32350141 0.33424082 -0.02502953
v 0.32541603 0.33626020 -0.02227335
v 0.31890818 0.33434236 -0.02320541
v 0.31840897 0.33336148 -0.02662675
v 0.32178366 0.33339840 -0.02719234
v 0.33063233 0.28277689 -0.12863834
v 0.32958931 0.28435364 -0.12321018
v 0.32786077 0.28780311 -0.12695272
v 0.32318041 0.29103881 -0.13247703
v 0.32153958 0.29237732 -0.14320700
v 0.32412922 0.29466385 -0.12703465
v 0.32842144 0.29073820 -0.12172650
v 0.33134863 0.28504753 -0.11655508
v 0.32196072 0.30151901 -0.12777369
v 0.08802936 1.06662512 -0.00940613
v 0.09200286 1.06653583 -0.01115642
v 0.09405363 1.06184280 -0.01660632
v 0.09124255 1.06084692 -0.01489638
v 0.08781037 1.06026864 -0.01335584
v 0.08373044 1.06015408 -0.01260453
v 0.07717147 1.06662524 -0.00936674
v 0.08281799 1.06678462 -0.00825055
v 0.06807199 1.06310189 -0.01589312
v 0.06995660 1.06422007 -0.01497760
v 0.06892312 1.06200671 -0.01560238
v 0.07501838 1.06100571 -0.01340917
v 0.07135190 1.06183612 -0.01490949
v 0.09658063 1.06564188 -0.01572233
v 0.09764034 1.06497097 -0.01742619
v 0.09461287 1.06605363 -0.01340751
v 0.07921474 1.06039512 -0.01260786
v 0.09744564 1.06387424 -0.01846601
v 0.09621964 1.06289589 -0.01822455
v 0.07275945 1.06589067 -0.01210865
v 0.08796575 1.06219065 -0.01238780
v 0.08368843 1.06224811 -0.01141571
v 0.07818695 1.06448936 -0.01019494
v 0.08338447 1.06439972 -0.00970635
v 0.07508014 1.06257248 -0.01246665
v 0.07271556 1.06264782 -0.01385041
v 0.09134442 1.06263804 -0.01376595
v 0.07898330 1.06233478 -0.01133244
v 0.08820643 1.06451321 -0.01088996
v 0.07213057 1.06381440 -0.01361607
v 0.07409511 1.06439829 -0.01179841
v 0.09672946 1.06468439 -0.01685779
v 0.09660710 1.06435692 -0.01727113
v 0.09290921 0.84226322 -0.11575122
v 0.09448052 0.82585698 -0.10978013
v 0.09175681 1.06471062 -0.01237103
v 0.09566184 1.06358826 -0.01660283
v 0.09369010 1.06329179 -0.01513480
v 0.09403623 1.06471992 -0.01421808
v 0.09573337 1.06477082 -0.01584032
v 0.20575961 0.67516506 -0.28559071
v 0.19109745 0.66932112 -0.28394514
v 0.24164072 0.68613899 -0.33468914
v 0.23949312 0.69043493 -0.35932577
v 0.10583897 0.55212200 -0.06005538
v 0.07831398 0.60653073 -0.28703642
v 0.06850705 0.62562275 -0.29453158
v -0.00450661 0.61899799 -0.28734082
v 0.01622448 0.61582208 -0.29333466
v 0.15424669 0.60601950 -0.19501272
v 0.15728116 0.58865654 -0.18436873
v 0.13860436 0.59598368 -0.11900401
v 0.13758406 0.57574058 -0.11033363
v 0.15824637 0.56311285 -0.14892098
v 0.06043147 0.56733793 -0.28426781
v 0.04956155 0.58980989 -0.28863108
v 0.07009144 0.58829963 -0.28623205
v 0.08145902 0.56695527 -0.28279269
v -0.01287230 0.59394729 -0.27512628
v -0.02425074 0.62105149 -0.27851555
v 0.14319679 0.62558830 -0.23447266
v 0.12721021 0.62913615 -0.25897545
v 0.08552422 0.63763869 -0.29581332
v 0.06304174 0.64466208 -0.30435118
v 0.01935976 0.66218162 -0.30635828
v 0.04101378 0.65311980 -0.30729178
v 0.13319780 0.61607009 -0.10547423
v 0.12154658 0.63795823 -0.09586938
v 0.15178470 0.62310308 -0.20651324
v 0.07421862 0.61655998 -0.05119577
v -0.02724629 0.70758837 -0.29991144
v -0.00533179 0.70063227 -0.30758834
v 0.10799617 0.63273650 -0.28062472
v 0.11576861 0.78346580 -0.10359775
v 0.11772527 0.76721096 -0.09645356
v 0.13414216 0.76675147 -0.10712122
v 0.13260645 0.78219587 -0.11587287
v 0.15034348 0.76553303 -0.11984742
v 0.16573551 0.76429558 -0.13408405
v 0.17762920 0.76245171 -0.14707839
v 0.19640249 0.75085473 -0.18450622
v 0.19264375 0.75577289 -0.17151821
v 0.19408846 0.74072111 -0.21012382
v 0.19693714 0.74603885 -0.19699349
v 0.18664123 0.73258430 -0.22341764
v 0.17413834 0.72622025 -0.23746473
v 0.16264611 0.71903038 -0.25387421
v 0.16346818 0.72769225 -0.26039693
v 0.17167771 0.71873760 -0.22913533
v 0.18207456 0.72462964 -0.21513495
v 0.18930078 0.73021972 -0.20143521
v 0.09073629 0.73032957 -0.08326194
v 0.08487333 0.70777959 -0.08262946
v 0.08964211 0.85880607 -0.12061444
v 0.25654712 0.45497727 -0.32768410
v 0.30470055 0.41706812 -0.18614914
v 0.01602644 0.91816247 -0.26576236
v 0.00367899 0.91712141 -0.24969469
v -0.01297069 0.90961885 -0.23955594
v -0.00719612 0.91891277 -0.23602466
v 0.10949717 0.91234452 -0.30946726
v 0.07834844 0.91058946 -0.31070367
v 0.05013531 0.90864480 -0.30263388
v 0.02728771 0.90853125 -0.28812683
v 0.15331382 0.63965684 -0.18719614
v -0.00087796 0.88396603 -0.27696139
v 0.02192197 0.89664316 -0.29315919
v 0.04646425 0.89540237 -0.31015950
v 0.07711778 0.89438033 -0.32352686
v 0.11394363 0.89181948 -0.32708406
v 0.13215628 0.87693453 -0.33304691
v 0.14016357 0.84532917 -0.35316366
v 0.15412244 0.83614337 -0.35678935
v 0.17193174 0.84376228 -0.34699535
v 0.18443105 0.83183813 -0.35017952
v 0.16839465 0.82444519 -0.36052319
v 0.22497524 0.72178835 -0.36988521
v 0.22773452 0.70722777 -0.37519562
v 0.22308062 0.69675195 -0.38396341
v 0.21328460 0.68935907 -0.39238855
v 0.20037752 0.68545717 -0.39770585
v 0.18431419 0.68644142 -0.39954031
v 0.17047966 0.69373256 -0.39778930
v 0.14066942 0.72235572 -0.38671416
v 0.13282606 0.73208195 -0.38233268
v 0.10834379 0.74173218 -0.36581069
v 0.10131035 0.74281257 -0.36041218
v 0.06416499 0.72186482 -0.33789098
v 0.07765209 0.72971010 -0.34660450
v 0.05129730 0.70877963 -0.33243945
v 0.08384129 0.45500672 -0.29738760
v 0.08097553 0.47429416 -0.28793943
v 0.10048328 0.47646272 -0.28231239
v 0.10329857 0.45642382 -0.29108024
v 0.01133150 0.51438004 -0.27066386
v 0.03346960 0.51617306 -0.27623820
v 0.16820361 0.47199208 -0.21284594
v 0.15609206 0.47601765 -0.23901179
v 0.13888626 0.47819531 -0.25910079
v 0.11985408 0.47838956 -0.27313858
v 0.17176756 0.46575949 -0.18553275
v 0.11108556 0.42278317 -0.08162825
v 0.12745111 0.42977819 -0.09639180
v 0.05783807 0.40725839 -0.05099525
v 0.07623503 0.41060689 -0.05749132
v 0.16772011 0.45756125 -0.15984258
v 0.09378835 0.41568121 -0.06730828
v 0.14202748 0.43827480 -0.11515783
v 0.15718998 0.44805604 -0.13636652
v 0.07890646 0.49541783 -0.28350613
v 0.05908424 0.49343210 -0.28242695
v 0.05457745 0.51742160 -0.27998808
v -0.02846089 0.78966367 -0.29297182
v -0.01508954 0.78814065 -0.30734280
v -0.00101137 0.78761202 -0.32124561
v 0.01872830 0.80419868 -0.33207321
v 0.04039080 0.80142933 -0.34187752
v 0.03754338 0.78698266 -0.34345579
v 0.01647396 0.78778780 -0.33328888
v 0.07891122 0.79229987 -0.35770196
v 0.09329569 0.78734779 -0.36386836
v 0.09128547 0.77602804 -0.36586094
v 0.07798267 0.78062695 -0.36060679
v 0.10271256 0.77220660 -0.36958373
v 0.11370038 0.76647991 -0.37533402
v 0.12382774 0.75988245 -0.37970865
v 0.13601713 0.74980420 -0.39049596
v 0.14876017 0.76524371 -0.39278156
v 0.13395299 0.77713019 -0.38515818
v 0.08365875 0.80437768 -0.35613805
v 0.06542398 0.80994534 -0.34934831
v -0.02010090 0.82867008 -0.28239593
v -0.03510993 0.82986265 -0.27077579
v 0.15183079 0.71416992 -0.27282059
v 0.14103304 0.71102870 -0.29326522
v 0.13041066 0.71106887 -0.31201863
v 0.11917631 0.71452850 -0.32666081
v 0.10806183 0.72037554 -0.33771557
v 0.09676824 0.72754419 -0.34558222
v 0.08562481 0.73658520 -0.35055628
v 0.09277096 0.74151146 -0.35465938
v 0.07579488 0.74619198 -0.35356891
v 0.08602951 0.74872410 -0.35913098
v 0.06632962 0.75837755 -0.35433346
v 0.05969954 0.77213234 -0.35396501
v 0.05867266 0.78451729 -0.35263377
v 0.06130065 0.79676610 -0.35069317
v 0.02391024 0.81956434 -0.33215165
v 0.04634492 0.81497914 -0.34166628
v 0.01081133 0.83929348 -0.31793866
v 0.02011560 0.85333532 -0.31711304
v -0.00078348 0.80768168 -0.31835443
v 0.00351589 0.82363260 -0.31847358
v 0.08393579 0.94571227 -0.26234472
v 0.06051436 0.94303882 -0.25665998
v 0.17710260 0.71050215 -0.39995521
v 0.18216072 0.70013249 -0.39957309
v 0.17191958 0.70380688 -0.39871466
v 0.17077845 0.71050072 -0.39905745
v 0.19333665 0.70038402 -0.39875823
v 0.19448017 0.71591973 -0.39720324
v 0.20384583 0.70423663 -0.39523244
v 0.18577786 0.71244127 -0.39936489
v 0.21198682 0.71025038 -0.38945234
v 0.20165597 0.72145200 -0.39306635
v 0.21633725 0.71804869 -0.38358873
v 0.20644845 0.72705388 -0.38850611
v 0.20865716 0.73146695 -0.38474417
v 0.21576270 0.72779191 -0.37959117
v 0.18127111 0.76635110 -0.38873741
v 0.19250165 0.75231564 -0.38785148
v 0.20225497 0.73996365 -0.38612533
v 0.14942485 0.74055314 -0.39701128
v 0.16441248 0.73165548 -0.40017509
v 0.17628416 0.72256494 -0.40039259
v 0.18429132 0.72668302 -0.39908904
v 0.17103010 0.73655820 -0.39998525
v 0.15517710 0.74661005 -0.39794171
v -0.02338678 0.81013680 -0.28624469
v -0.01374481 0.80901575 -0.30203044
v 0.10509741 0.78229833 -0.36975712
v 0.11538053 0.77718508 -0.37458783
v 0.12657638 0.76937926 -0.38156134
v 0.13974021 0.75729340 -0.39175266
v 0.12171485 0.78633130 -0.37715799
v 0.10957791 0.79322624 -0.36996853
v 0.09729598 0.79881239 -0.36320618
v -0.00974068 0.82700974 -0.29966801
v -0.03782611 0.81326896 -0.27404928
v 0.21104619 0.79704052 -0.27518260
v 0.21716550 0.81535566 -0.29010466
v 0.21566416 0.82832670 -0.31255907
v 0.20321143 0.83367217 -0.33329737
v 0.02048538 0.94789499 -0.22073275
v 0.19744101 0.53495347 -0.35360888
v -0.06278196 0.74975067 -0.27567929
v -0.05924044 0.77487159 -0.27317035
v -0.05422312 0.65380788 -0.27389109
v -0.06136469 0.68713558 -0.27656257
v 0.02633689 0.54287755 -0.27501768
v 0.00539979 0.54291904 -0.26891577
v -0.00362450 0.56885552 -0.27080303
v -0.01011862 0.48934782 -0.27161306
v -0.01123589 0.51329195 -0.26326483
v -0.02364787 0.56861287 -0.26122290
v -0.03225959 0.59508133 -0.26665843
v -0.04549800 0.71377224 -0.28720504
v -0.04075894 0.79261506 -0.27953565
v -0.05157283 0.81698716 -0.26379490
v -0.04822986 0.83322048 -0.25971389
v -0.04320303 0.84833360 -0.25587210
v 0.18069811 0.73805720 -0.14408803
v 0.18471512 0.74793947 -0.15143512
v 0.17589542 0.75018513 -0.13893938
v 0.17218181 0.73925674 -0.13081096
v 0.18872561 0.73266959 -0.16856988
v 0.19287677 0.74126935 -0.17648031
v 0.18980405 0.74535674 -0.16347153
v 0.18675677 0.73559457 -0.15605569
v 0.19321130 0.73619288 -0.18881653
v 0.18924046 0.72816581 -0.18132229
v 0.17460321 0.72808588 -0.13833714
v 0.18039168 0.72579563 -0.14884764
v 0.16740978 0.72978109 -0.12584768
v 0.18384382 0.72012585 -0.17383692
v 0.18356732 0.72373158 -0.16149697
v 0.06408297 0.94170135 -0.05088414
v 0.06073705 0.94154936 -0.03716406
v 0.04931960 0.98410332 -0.01390912
v 0.04869304 0.98904812 -0.01385592
v 0.05852482 0.93845636 -0.07077374
v 0.05772565 0.93358397 -0.07881596
v 0.04844901 0.96557379 -0.02223463
v 0.04999200 0.95012963 -0.02644067
v 0.04280687 1.01058030 -0.00328428
v 0.04354047 1.00738788 -0.00566609
v 0.04452757 0.99523008 -0.00797088
v 0.04545087 0.99140537 -0.01065426
v 0.05902513 0.92945588 -0.08792488
v 0.05737926 0.94128561 -0.06274614
v 0.06644446 0.91526675 -0.10432419
v 0.06962369 0.90529466 -0.11114195
v 0.08037031 0.89438188 -0.12091681
v 0.08319416 0.88339692 -0.12402820
v 0.09411991 0.74826819 -0.08517749
v 0.09501179 0.79481232 -0.09922823
v 0.09619834 0.78056663 -0.09420469
v 0.09447921 0.81005788 -0.10403115
v 0.08644689 0.87179840 -0.12365466
v 0.06186484 0.92404187 -0.09696486
v 0.04698114 0.97895408 -0.01620273
v 0.04747395 0.97437161 -0.02017662
v 0.04395546 1.00327587 -0.00708593
v 0.04418508 0.99932539 -0.00755207
v 0.07878916 0.84393388 -0.10448928
v 0.08023872 0.82753909 -0.09815902
v 0.09670855 0.76467586 -0.08935519
v 0.06910116 0.73013258 -0.07751887
v 0.06258060 0.70865995 -0.07516338
v 0.07712153 0.85989928 -0.10997034
v 0.06071363 0.68514490 -0.06773920
v 0.16270891 0.26905563 -0.27535874
v 0.14271335 0.25147828 -0.28984827
v 0.12810509 0.27353075 -0.30449671
v 0.14264455 0.28672799 -0.29474038
v 0.15381567 0.33006299 -0.28431326
v 0.15248556 0.35649320 -0.28103763
v 0.15236707 0.38680917 -0.27689874
v 0.10493416 0.26606700 -0.31270388
v 0.07079361 0.28923351 -0.32994857
v 0.07858779 0.26221523 -0.31917620
v 0.13148139 0.38730231 -0.29613388
v 0.13180313 0.36001542 -0.29990754
v 0.13017374 0.29895887 -0.30712485
v 0.13168396 0.31268650 -0.30758739
v 0.15090492 0.30497712 -0.29109198
v 0.09695164 0.29137865 -0.32393354
v 0.11714289 0.29438046 -0.31512332
v 0.04189496 0.45292374 -0.29948860
v 0.04304866 0.43268502 -0.30903548
v 0.01637728 0.43366000 -0.30632830
v 0.12353050 0.45955884 -0.28117108
v 0.10616934 0.43602958 -0.29838094
v -0.01732789 0.27401575 -0.29688138
v 0.11399331 0.31308621 -0.32035089
v 0.06642111 0.31564909 -0.33409411
v 0.09208830 0.31486529 -0.32979012
v 0.06638452 0.38978532 -0.32576829
v 0.08907058 0.38794202 -0.31968728
v 0.08938871 0.36393395 -0.32689625
v 0.06530423 0.36605263 -0.33305520
v 0.10997711 0.38699901 -0.31055894
v 0.10774337 0.41324869 -0.30413309
v 0.06640720 0.41302896 -0.31789029
v 0.08785968 0.41250837 -0.31261206
v 0.08647335 0.43445873 -0.30556107
v 0.11106738 0.36132336 -0.31575322
v 0.06454490 0.34047553 -0.33557895
v 0.03748140 0.34162250 -0.33683169
v 0.00941845 0.34321025 -0.33155605
v -0.01939972 0.34377769 -0.32485825
v -0.01813137 0.36824629 -0.32347709
v 0.06682073 0.43373427 -0.30864605
v 0.06177990 0.47335649 -0.28925636
v 0.06450975 0.45410442 -0.29975981
v 0.04814020 0.54382795 -0.27834442
v 0.20657755 0.05715024 -0.09977745
v 0.02507984 0.19835252 -0.17064680
v 0.03325126 0.20305610 -0.15032750
v 0.20663993 0.30508885 -0.15873437
v 0.19208582 0.28275618 -0.23637719
v 0.17168169 0.29592904 -0.26374727
v 0.05419044 0.21546376 -0.11795172
v 0.07264996 0.22517237 -0.10184207
v 0.20025867 0.29733911 -0.12341020
v 0.15207647 0.26849505 -0.09662483
v 0.04207982 0.20855695 -0.13441288
v 0.13240902 0.33525178 -0.30508500
v 0.11253015 0.33628860 -0.31927198
v 0.08985973 0.33898494 -0.32998931
v 0.03783734 0.31655091 -0.33474392
v 0.00838564 0.31899080 -0.32997829
v -0.02021019 0.32231310 -0.32211661
v 0.06007221 0.24612248 -0.06302559
v 0.04434442 0.25917685 -0.06330165
v 0.05192622 0.26291865 -0.06214511
v 0.03219369 0.27745938 -0.06214759
v 0.03291475 0.25630715 -0.06376635
v 0.04640739 0.23940337 -0.06750428
v 0.03162560 0.23589182 -0.06990550
v 0.02941626 0.22410086 -0.08123720
v 0.10756222 0.39501086 -0.08274719
v 0.12493929 0.40347958 -0.09788495
v 0.05418116 0.38233727 -0.05514441
v 0.07142565 0.38440609 -0.06138614
v 0.16946080 0.43504608 -0.15999514
v 0.08906203 0.38887101 -0.06991019
v 0.14182432 0.41380244 -0.11605501
v 0.15771127 0.42526984 -0.13666779
v -0.01546609 0.41481388 -0.30974397
v -0.01452219 0.43660772 -0.30139863
v 0.03689412 0.38030750 -0.05327466
v 0.05146755 0.94089472 -0.03853850
v 0.05466224 0.94141209 -0.05151556
v 0.04604236 1.13389683 0.00416470
v 0.06038501 0.98550320 -0.19970703
v 0.04470116 1.07530606 0.00463884
v 0.04620657 0.98870516 -0.01376872
v 0.04186887 1.01184428 -0.00005157
v 0.07114822 0.89466929 -0.11583570
v 0.07214870 0.88349354 -0.11701063
v 0.01930152 0.18322453 -0.15584716
v 0.07450445 0.87228268 -0.11400221
v 0.01559868 0.19144550 -0.17628494
v -0.04463706 0.62323803 -0.26978654
v 0.23091012 -0.42378312 -0.23308501
v 0.22668320 -0.42093259 -0.24720678
v 0.23455255 -0.45064372 -0.24406129
v 0.23513180 -0.45350724 -0.22958556
v 0.23987409 -0.41267663 -0.27406365
v 0.22956595 -0.41641957 -0.26618493
v 0.25399044 -0.41164094 -0.27663556
v 0.26733381 -0.41209453 -0.27190542
v 0.26557314 -0.44376236 -0.27206555
v 0.25424945 -0.44283456 -0.27820760
v 0.27690837 -0.41343147 -0.26247513
v 0.28269970 -0.44756645 -0.25318450
v 0.28334600 -0.41572052 -0.24965368
v 0.28455800 -0.41827708 -0.22985569
v 0.28376207 -0.44929773 -0.23284617
v 0.27933654 -0.42460841 -0.21123797
v 0.28066975 -0.45478159 -0.21566880
v 0.26756144 -0.42966455 -0.20223960
v 0.23498879 -0.42868048 -0.21792266
v 0.23915280 -0.45758849 -0.21409369
v 0.24184315 -0.44394988 -0.27523914
v 0.23422500 -0.44783658 -0.26561013
v 0.23340917 -0.44979984 -0.25458992
v 0.22593477 -0.41990608 -0.25727957
v 0.23495992 -0.48166269 -0.23931322
v 0.23321182 -0.48096222 -0.22103666
v 0.23915002 -0.47349268 -0.27486107
v 0.23747596 -0.47759455 -0.26089704
v 0.26063827 -0.47473401 -0.27084932
v 0.25050938 -0.47291356 -0.27947119
v 0.28396258 -0.47775060 -0.25696477
v 0.27350181 -0.47595209 -0.26621825
v 0.27591175 -0.44491094 -0.26444349
v 0.28740695 -0.47898728 -0.23692474
v 0.28550830 -0.48294967 -0.21527827
v 0.24033704 -0.48350459 -0.20414865
v 0.23577079 -0.48026949 -0.25048548
v 0.35096908 -0.58768517 -0.07669607
v 0.34827912 -0.58299857 -0.07669394
v 0.34399152 -0.58404082 -0.07473166
v 0.34440416 -0.58962542 -0.07347170
v 0.31507146 -0.59685260 -0.05090930
v 0.31070375 -0.58699876 -0.04831856
v 0.30245447 -0.59104484 -0.04878521
v 0.30420083 -0.60222667 -0.05007328
v 0.33123231 -0.59330362 -0.06014827
v 0.33214718 -0.59668118 -0.06344745
v 0.33703530 -0.59579486 -0.06583320
v 0.33921790 -0.59164578 -0.06295741
v 0.36194181 -0.58345228 -0.11350188
v 0.36249292 -0.58844417 -0.11571887
v 0.36618584 -0.58726925 -0.11869524
v 0.36636937 -0.58287901 -0.11767317
v 0.35455871 -0.58638257 -0.08975565
v 0.35444993 -0.59105271 -0.09286372
v 0.35835534 -0.58960563 -0.09550151
v 0.36050177 -0.58570915 -0.09424630
v 0.30576494 -0.58391625 -0.07464586
v 0.29140905 -0.58542329 -0.07245395
v 0.29734877 -0.58979160 -0.05829088
v 0.30968529 -0.58485681 -0.05983458
v 0.29157960 -0.59982878 -0.05922802
v 0.28589937 -0.59698588 -0.07388809
v 0.29310349 -0.60367018 -0.07762913
v 0.29804847 -0.60369557 -0.06409937
v 0.30601287 -0.60206574 -0.07862739
v 0.30957609 -0.60154587 -0.06617442
v 0.31278473 -0.59427136 -0.07655193
v 0.31930381 -0.59214729 -0.06309330
v 0.33242923 -0.58766896 -0.08287764
v 0.32641613 -0.58127898 -0.08103007
v 0.33285922 -0.58378321 -0.06916746
v 0.34007281 -0.58907193 -0.07219172
v 0.31675190 -0.58410972 -0.07604547
v 0.32531440 -0.58587891 -0.06592317
v 0.31479198 -0.59522229 -0.07482080
v 0.31972602 -0.59915501 -0.07971853
v 0.32671928 -0.59785694 -0.06864524
v 0.32162207 -0.59359330 -0.06376429
v 0.32833123 -0.59615272 -0.08370160
v 0.33531129 -0.59595937 -0.07302144
v 0.34125784 -0.57761055 -0.09368233
v 0.33270502 -0.58087963 -0.08853413
v 0.33958483 -0.58330792 -0.07958531
v 0.34657836 -0.58114940 -0.08276038
v 0.33651346 -0.59211498 -0.07808110
v 0.33126736 -0.59156507 -0.08711228
v 0.33623993 -0.59478670 -0.09156582
v 0.34188092 -0.59446436 -0.08178405
v 0.34408167 -0.59159833 -0.09566420
v 0.34938306 -0.59310085 -0.08468252
v 0.34786171 -0.58304161 -0.09544487
v 0.35231394 -0.58616215 -0.08460948
v 0.35747549 -0.58081681 -0.11293232
v 0.35225767 -0.57477409 -0.11130795
v 0.35689884 -0.57862741 -0.10108784
v 0.36075586 -0.58414131 -0.10281140
v 0.34689227 -0.57687229 -0.10574076
v 0.35172409 -0.57931310 -0.09749189
v 0.34777355 -0.58462387 -0.09491087
v 0.34535539 -0.58278686 -0.10259609
v 0.34734663 -0.59071070 -0.10643578
v 0.35023463 -0.59187514 -0.09773499
v 0.35372847 -0.58926970 -0.11227682
v 0.35762632 -0.59058768 -0.10194905
v 0.35914138 -0.57414955 -0.13184410
v 0.36333680 -0.57625097 -0.12314592
v 0.36525872 -0.58162051 -0.12515052
v 0.35931218 -0.58086127 -0.13529252
v 0.35533780 -0.57417923 -0.12513974
v 0.35883015 -0.57640630 -0.11900553
v 0.35609865 -0.58208483 -0.11747926
v 0.35403046 -0.58018667 -0.12275609
v 0.35507500 -0.58890790 -0.12615497
v 0.35828203 -0.58996969 -0.12002292
v 0.35862690 -0.58702523 -0.13243328
v 0.36443380 -0.58828372 -0.12432465
v 0.30566368 -0.58295482 -0.09036264
v 0.28820387 -0.58086163 -0.08646391
v 0.30378598 -0.60261959 -0.05521218
v 0.28466889 -0.59323734 -0.08795342
v 0.31065160 -0.60129780 -0.05634248
v 0.30719045 -0.60043186 -0.09204586
v 0.29201528 -0.60125297 -0.09161231
v 0.31007320 -0.59377557 -0.08263469
v 0.33546239 -0.58619577 -0.06314248
v 0.32537651 -0.59615356 -0.10074197
v 0.32794124 -0.58978182 -0.09221977
v 0.33057535 -0.58747417 -0.06089821
v 0.32249585 -0.57907861 -0.09798311
v 0.33729857 -0.57722777 -0.11183180
v 0.34608275 -0.59349543 -0.07645550
v 0.35044289 -0.59258312 -0.07825506
v 0.34021562 -0.59229058 -0.11313814
v 0.34403300 -0.58202273 -0.10478495
v 0.35859638 -0.58112699 -0.09449136
v 0.34982392 -0.58950728 -0.12846020
v 0.35378787 -0.57959992 -0.12253416
v 0.35534006 -0.58152825 -0.09228949
v 0.34771019 -0.57341152 -0.12771118
v 0.36398476 -0.57911021 -0.11794491
v 0.35327530 -0.58746880 -0.14339839
v 0.35411447 -0.58025402 -0.14919122
v 0.36197168 -0.57906586 -0.11544187
v 0.35316145 -0.57242495 -0.14308187
v 0.25039512 -0.46055657 -0.20409748
v 0.24437162 -0.43180329 -0.20766699
v 0.25713259 -0.43243891 -0.20291664
v 0.26411149 -0.46130711 -0.20075558
v 0.27270687 -0.45897752 -0.20322405
v 0.25491115 -0.48602897 -0.19466777
v 0.26985985 -0.48733705 -0.19376300
v 0.27813503 -0.48625356 -0.20062818
v 0.28799152 -0.50417453 -0.24262625
v 0.28164634 -0.50212795 -0.26240695
v 0.26693395 -0.50001472 -0.26649722
v 0.25426218 -0.49859649 -0.27322018
v 0.24236917 -0.49674350 -0.28166765
v 0.24401994 -0.50651938 -0.19694223
v 0.26033217 -0.50718731 -0.18459615
v 0.27672410 -0.50702137 -0.18338744
v 0.28564465 -0.50669581 -0.19386160
v 0.28275150 -0.57355005 -0.10017769
v 0.29724681 -0.57099813 -0.10690378
v 0.29074150 -0.55975217 -0.12363970
v 0.28083843 -0.56691271 -0.11984229
v 0.31187665 -0.57142633 -0.11636429
v 0.30567122 -0.55843240 -0.13348046
v 0.32611883 -0.57097870 -0.12938075
v 0.31755286 -0.56067854 -0.14706445
v 0.33725905 -0.57015890 -0.14453374
v 0.32602358 -0.56402248 -0.16202201
v 0.34544468 -0.57131344 -0.15910144
v 0.33227080 -0.56925589 -0.17632613
v 0.34776825 -0.58073384 -0.16662127
v 0.33491948 -0.57929415 -0.18430541
v 0.27939737 -0.58868366 -0.10214521
v 0.27623910 -0.57975250 -0.12138894
v 0.28740570 -0.59917861 -0.10767119
v 0.28250194 -0.59438020 -0.12718849
v 0.30069232 -0.59965092 -0.11590348
v 0.29528397 -0.59542054 -0.13572857
v 0.33279055 -0.58955663 -0.18006058
v 0.34590936 -0.58889610 -0.16061881
v 0.31603801 -0.59667701 -0.12642728
v 0.30827346 -0.59314543 -0.14714953
v 0.32980824 -0.59390801 -0.13810033
v 0.31963098 -0.59204322 -0.15926749
v 0.33960372 -0.59132069 -0.14973365
v 0.32743907 -0.59154266 -0.17070727
v 0.28315949 -0.54489225 -0.14442818
v 0.29819554 -0.54136950 -0.15265600
v 0.30676532 -0.54464608 -0.16581897
v 0.31311071 -0.55061918 -0.18046875
v 0.31693548 -0.56127161 -0.19420119
v 0.32094175 -0.57404274 -0.20345409
v 0.30173343 -0.53234595 -0.20423383
v 0.30136031 -0.55373031 -0.21401601
v 0.30312383 -0.56880289 -0.22022732
v 0.28692156 -0.56412047 -0.23714750
v 0.28747141 -0.54935056 -0.23412809
v 0.26273844 -0.54398209 -0.26802194
v 0.27502805 -0.54584152 -0.25289044
v 0.27378136 -0.56073028 -0.25568801
v 0.26039463 -0.56052381 -0.27164307
v 0.29112333 -0.52962548 -0.22902870
v 0.28008258 -0.52589375 -0.24869050
v 0.26841730 -0.52232307 -0.26209980
v 0.23512167 -0.55780023 -0.28524837
v 0.24006268 -0.53994292 -0.28604800
v 0.25203562 -0.54235989 -0.27864930
v 0.24803227 -0.56003171 -0.28105927
v 0.21701536 -0.55691093 -0.28097868
v 0.22214803 -0.53854483 -0.28475821
v 0.21100923 -0.53963763 -0.26725191
v 0.20615086 -0.55684692 -0.26442766
v 0.24725419 -0.51869661 -0.27932042
v 0.25708157 -0.52114958 -0.27030417
v 0.23197615 -0.51739317 -0.28249288
v 0.22316301 -0.51782614 -0.26921844
v 0.21494216 -0.54160267 -0.24821387
v 0.22603363 -0.52168363 -0.25335863
v 0.20781511 -0.55751258 -0.24477211
v 0.27228990 -0.55884236 -0.14282572
v 0.27005079 -0.57019097 -0.14548272
v 0.29680973 -0.52432257 -0.18165468
v 0.28737724 -0.52388638 -0.17017297
v 0.26613480 -0.52803701 -0.16882063
v 0.25774562 -0.54904681 -0.16631475
v 0.25828454 -0.56273955 -0.16953681
v 0.24248636 -0.54492706 -0.18649374
v 0.24457806 -0.55855149 -0.18938574
v 0.27513120 -0.58083588 -0.15054089
v 0.26395172 -0.57043368 -0.17469908
v 0.24925017 -0.56625611 -0.19372319
v 0.23112082 -0.54361981 -0.20495670
v 0.23140031 -0.55720466 -0.20580231
v 0.22499561 -0.54318041 -0.22152326
v 0.22208279 -0.55685371 -0.21969017
v 0.21450755 -0.55715734 -0.23143272
v 0.22102112 -0.54282647 -0.23496833
v 0.23009303 -0.52455503 -0.22649473
v 0.22813272 -0.52404076 -0.23976994
v 0.23455408 -0.52526098 -0.20909733
v 0.24507079 -0.52656430 -0.18939185
v 0.31773221 -0.58561939 -0.20062599
v 0.30070046 -0.57967764 -0.21856315
v 0.28352800 -0.57414001 -0.23508453
v 0.26847920 -0.57230157 -0.25263464
v 0.25397044 -0.57213718 -0.26582497
v 0.24286014 -0.57142276 -0.27321213
v 0.23092720 -0.56944519 -0.27655813
v 0.21740156 -0.56740075 -0.27216095
v 0.20987779 -0.56689042 -0.26088351
v 0.21112263 -0.56812543 -0.24517971
v 0.21606457 -0.56942409 -0.23278505
v 0.23473924 -0.56667405 -0.20939539
v 0.22343111 -0.56871837 -0.22140850
v 0.23301573 -0.50456840 -0.21384689
v 0.23201887 -0.50491530 -0.23204049
v 0.23277175 -0.50352567 -0.24509762
v 0.23329045 -0.49768740 -0.27156869
v 0.23511539 -0.50154883 -0.25681016
v 0.28497916 -0.58525687 -0.15875395
v 0.29577109 -0.58593577 -0.17003556
v 0.30463603 -0.58702570 -0.18181299
v 0.31149495 -0.58791345 -0.19207507
v 0.29494205 -0.58260268 -0.21173416
v 0.28793544 -0.58129770 -0.20294976
v 0.27911088 -0.57911462 -0.19213779
v 0.27078196 -0.57549065 -0.18176320
v 0.27759802 -0.57829267 -0.22838348
v 0.27094609 -0.57799715 -0.22017187
v 0.26183137 -0.57578129 -0.21047178
v 0.25481194 -0.57229513 -0.20049219
v 0.23921746 -0.57331926 -0.21580921
v 0.24520591 -0.57597488 -0.22550339
v 0.25407958 -0.57715160 -0.23473912
v 0.26069626 -0.57674390 -0.24378455
v 0.24727720 -0.57546204 -0.25574523
v 0.24117869 -0.57583195 -0.24630193
v 0.23345447 -0.57509190 -0.23731908
v 0.22811070 -0.57358712 -0.22854319
v 0.23826835 -0.57425100 -0.26247376
v 0.22081310 -0.57138354 -0.26474673
v 0.22976029 -0.57288426 -0.26585150
v 0.21513283 -0.57139617 -0.25779840
v 0.21693242 -0.57230359 -0.24728681
v 0.22167760 -0.57326204 -0.23783442
v 0.22258538 -0.57310182 -0.25110173
v 0.22710025 -0.57417113 -0.24487835
v 0.23362166 -0.57462412 -0.25315362
v 0.22772235 -0.57337910 -0.25767004
v 0.22007275 -0.57220095 -0.25640458
v 0.22273129 -0.57238239 -0.25963968
v 0.28807062 -0.50877780 -0.21545081
v 0.03201798 0.95853102 -0.21588621
v -0.02045685 0.89871395 -0.24277885
v 0.19634144 -0.13481641 -0.14436032
v 0.21164899 -0.13661867 -0.13768244
v 0.22588453 -0.13268012 -0.13751321
v 0.17787936 0.29123041 -0.10300966
v 0.12148651 0.55363429 -0.08089711
v 0.12868664 0.59591377 -0.09549765
v 0.12452192 0.57522786 -0.08733246
v 0.18291345 0.27432263 -0.10700984
v 0.15355164 0.62021375 -0.17826575
v -0.01843570 0.30178899 -0.31322390
v -0.03765886 0.86201602 -0.25238669
v 0.18671596 0.75976479 -0.15815824
v -0.01701102 0.39202303 -0.31801689
v 0.14682809 1.07247508 -0.08900466
v 0.14470720 1.07263923 -0.09214972
v 0.14487761 1.06869757 -0.09412472
v 0.14395738 1.06965637 -0.09959312
v 0.14395130 1.06913817 -0.10371037
v 0.14459381 1.06835961 -0.10618895
v 0.14669962 1.07015324 -0.09596960
v 0.14549761 1.07449961 -0.09835672
v 0.14643547 1.07184243 -0.09420691
v 0.14700437 1.07110834 -0.09350126
v 0.08027419 0.81135482 -0.09196565
v 0.07951936 0.79508728 -0.08912285
v 0.07958334 0.77951813 -0.08656352
v 0.07731401 0.76395839 -0.08329619
v 0.04643124 0.98379862 -0.01359768
v 0.04468065 0.48065948 -0.03501406
v 0.04392582 0.49890494 -0.03620982
v -0.01518925 0.54172581 -0.25911057
v 0.04115014 0.42864347 -0.04287906
v 0.04528929 0.51805550 -0.03196087
v -0.06372987 0.72006857 -0.27710080
v 0.07402829 0.74784344 -0.07968786
v 0.03911847 0.40390337 -0.04668085
v -0.05564704 0.79707134 -0.26887551
v 0.04629087 0.54431921 -0.02979222
v 0.03191229 0.30131617 -0.06320369
v 0.04879840 0.61699986 -0.04103266
v -0.00032781 1.10805619 -0.01494347
v -0.00898642 1.10245454 -0.03100827
v -0.00596588 1.08989668 -0.02175082
v 0.00347896 1.09283543 -0.00901146
v -0.00320860 1.07950151 -0.01684390
v 0.00690432 1.07994354 -0.00805758
v -0.01291101 1.09391987 -0.04526128
v -0.01142931 1.08517873 -0.03489713
v -0.01287205 1.05404496 -0.05247091
v -0.01096186 1.06218362 -0.05039996
v -0.01490207 1.06176174 -0.06001462
v -0.01525755 1.05113316 -0.06337351
v -0.01198935 1.02924442 -0.05621992
v -0.01345023 1.02409220 -0.06934613
v -0.01035103 1.01139700 -0.05914137
v -0.00975219 1.01851690 -0.04763226
v 0.02064420 1.02794814 -0.01941131
v 0.01751078 1.03450143 -0.02017729
v 0.01166067 1.02908325 -0.02259092
v 0.01577615 1.02155685 -0.02238397
v 0.02841975 1.03721750 -0.01030998
v 0.03136795 1.03973627 -0.00242086
v 0.03214549 1.04557419 -0.00638811
v 0.02784333 1.04278588 -0.01287581
v 0.02530523 1.02185690 -0.01844123
v 0.02081909 1.01515031 -0.02214645
v 0.02564802 1.02811313 -0.01360714
v 0.02502186 1.03335547 -0.01612885
v 0.02634039 1.01960540 -0.00320847
v 0.02818831 1.01866567 0.00207293
v 0.02719432 1.02539730 0.00338621
v 0.02512091 1.02559400 -0.00389566
v 0.02521450 1.02069473 -0.01337147
v 0.02851339 1.01682591 -0.01112808
v 0.02623791 1.01887500 -0.00792226
v 0.02433003 1.02363396 -0.00984527
v 0.02765125 1.03118742 -0.00706033
v 0.02960175 1.03302455 0.00109179
v 0.03330062 1.03333807 0.00849368
v 0.02955008 1.02422690 0.01069309
v 0.00570103 1.00902224 -0.03137045
v 0.01036671 1.00410020 -0.02845064
v 0.01518893 1.00944388 -0.02459083
v 0.01055957 1.01524162 -0.02610436
v 0.02859391 1.01420951 -0.01516879
v 0.02585195 0.99670249 -0.01630792
v 0.03098454 0.99689269 -0.01175986
v 0.03055945 1.00145233 -0.01124857
v 0.02505197 1.00125015 -0.01590715
v -0.00009287 0.99481046 -0.04207154
v 0.00021322 0.98625374 -0.04766481
v 0.00619390 0.98480195 -0.03954306
v 0.00565026 0.99171972 -0.03651156
v 0.00972204 0.97803515 -0.04169694
v 0.00417126 0.97735101 -0.05050243
v 0.01489568 0.95967603 -0.04866818
v 0.01748918 0.96379995 -0.03831041
v 0.01408619 0.97151738 -0.04117192
v 0.00929802 0.96920824 -0.05110189
v 0.02819947 0.96733779 -0.02733648
v 0.02165319 0.95784342 -0.03219213
v 0.03196593 0.95341700 -0.02901430
v 0.03650067 0.96680701 -0.02375028
v 0.02725517 0.99092340 -0.02076034
v 0.02658987 0.99323642 -0.01806773
v 0.02291508 0.99342370 -0.02212311
v 0.02344863 0.99136353 -0.02394061
v 0.01933657 0.99169058 -0.02803208
v 0.01956613 0.99234939 -0.02691893
v 0.01804892 0.99336362 -0.02709465
v 0.01776772 0.99176466 -0.02892543
v 0.02126215 0.99148494 -0.02647308
v 0.02053595 0.99051404 -0.02785085
v 0.02242621 0.98912680 -0.02549933
v 0.02497761 0.98736608 -0.02165960
v 0.03995943 0.98403817 -0.01415896
v 0.04073299 0.98886949 -0.01484631
v 0.03713503 0.98945177 -0.01563290
v 0.03489336 0.98476136 -0.01503296
v 0.01912597 0.99453944 -0.02465066
v 0.02175059 0.99586701 -0.02081637
v 0.02035582 0.99933660 -0.02059551
v 0.01703956 0.99712098 -0.02435549
v 0.01392778 1.00019109 -0.02564819
v 0.01131051 0.99590671 -0.02971289
v 0.01511921 0.99431258 -0.02782761
v 0.01883703 0.98958910 -0.02971807
v 0.01499752 0.99167466 -0.03072654
v 0.01598481 0.98813307 -0.03227961
v 0.01819149 0.98436350 -0.03131475
v 0.02049034 0.98696607 -0.02792555
v 0.02268208 0.98418397 -0.02417359
v 0.02090980 0.98039174 -0.02851662
v 0.02480669 0.97708005 -0.02542827
v 0.02633951 0.98194373 -0.01966392
v 0.01815596 1.00384223 -0.02196614
v 0.01058078 0.99135900 -0.03298570
v 0.00705290 0.99800313 -0.03264879
v 0.01151313 0.98619711 -0.03524511
v 0.01435838 0.98145497 -0.03539614
v 0.02306829 0.97135746 -0.03068821
v 0.01807194 0.97628963 -0.03376438
v 0.02129127 0.95146596 -0.04408768
v 0.03145506 0.94492990 -0.04068734
v 0.00201090 1.07303810 -0.01827538
v 0.00996133 1.07332492 -0.01233350
v 0.00314886 1.06688750 -0.02407269
v 0.00643531 1.06711245 -0.02065320
v 0.00514358 1.06939197 -0.01947011
v 0.00122975 1.06895459 -0.02430552
v -0.00631757 1.06314313 -0.04340924
v -0.00767113 1.05736721 -0.04503272
v -0.00249696 1.06082201 -0.03963570
v -0.00218527 1.06411242 -0.03767487
v 0.00321173 1.05190611 -0.03155853
v 0.00509599 1.05787587 -0.02824032
v 0.00265643 1.05940259 -0.03126936
v -0.00020938 1.05399668 -0.03542662
v 0.00840591 1.05702484 -0.02559195
v 0.00743665 1.05129206 -0.02800085
v 0.01187446 1.05182850 -0.02489759
v 0.01217375 1.05702496 -0.02333210
v 0.01200626 1.07040453 -0.01669361
v 0.01152608 1.06739140 -0.01798312
v 0.01790023 1.06738949 -0.01766257
v 0.01958571 1.07060790 -0.01538533
v 0.02874564 1.06191456 -0.02042933
v 0.03170462 1.06143248 -0.01813863
v 0.03085013 1.06508005 -0.01708691
v 0.02757426 1.06394136 -0.01972552
v 0.02708205 1.05994368 -0.02051823
v 0.02878176 1.05819702 -0.01913688
v 0.00885462 1.13135445 -0.01050071
v -0.00532478 1.12517190 -0.02602963
v 0.01318253 1.11081791 -0.00351177
v -0.01261756 1.11509490 -0.04322954
v -0.01518221 1.10433674 -0.05824555
v -0.01016029 1.00378954 -0.06905191
v -0.00562448 0.99218208 -0.05711351
v -0.00642161 1.00151992 -0.04999807
v -0.00739042 0.99336940 -0.07704024
v -0.00300838 0.98201364 -0.06209357
v 0.01218795 0.96159899 -0.06463085
v 0.00400919 0.97223711 -0.06461744
v -0.00905742 1.00852394 -0.09268007
v -0.00650265 1.00073004 -0.10034399
v -0.00168967 0.98344493 -0.08248006
v -0.00479965 1.01691473 -0.11299082
v -0.00059200 1.01613522 -0.12108842
v -0.00092456 0.99403155 -0.10998530
v 0.01729595 0.96657938 -0.09795237
v 0.00697797 0.97822982 -0.11137918
v 0.00739387 0.97249377 -0.11455726
v 0.01892314 0.96299613 -0.10162538
v -0.01202819 1.01749587 -0.08305597
v -0.01483550 1.07480299 -0.06735406
v -0.01612949 1.06222677 -0.07312481
v -0.01382332 1.07169247 -0.05423847
v -0.01617451 1.14090228 -0.07372436
v -0.01986979 1.12309492 -0.08429077
v -0.02079579 1.11303067 -0.06921730
v -0.01549652 1.12916386 -0.05663654
v 0.01260937 1.17099762 -0.05210933
v -0.00398015 1.15723169 -0.06386213
v -0.00565951 1.14179039 -0.04277770
v 0.01057314 1.15184593 -0.02758826
v -0.01622961 1.13051200 -0.10143793
v -0.01258488 1.14916229 -0.09485574
v -0.00714895 1.14955699 -0.11509272
v -0.01213175 1.13124609 -0.11647937
v -0.00390636 1.16811407 -0.08838213
v 0.00180999 1.16911697 -0.11626373
v 0.00278047 1.02331269 -0.13190539
v 0.00257379 1.00739062 -0.12984881
v 0.00249192 0.99531013 -0.12848391
v 0.00508106 0.98416173 -0.10921013
v 0.01693733 1.18865633 -0.11610997
v 0.01466943 1.18235600 -0.08195435
v 0.00429593 1.11694741 -0.16548540
v -0.00493286 1.10512185 -0.15573499
v -0.00840651 1.11725795 -0.14341126
v 0.00028155 1.13230896 -0.15222427
v 0.01612082 1.12830114 -0.17527407
v 0.01173989 1.14697266 -0.16016945
v 0.01714247 1.06208444 -0.17683630
v 0.02757956 1.06751800 -0.18932496
v 0.03186429 1.04583931 -0.18431464
v 0.02110654 1.04301870 -0.17411159
v -0.00844315 1.07714260 -0.02717064
v -0.01007353 1.07376611 -0.03686605
v -0.00520923 1.06989157 -0.03181256
v -0.00329370 1.07159853 -0.02472760
v -0.01456836 1.08515966 -0.05818827
v -0.01267107 1.07868290 -0.04571937
v -0.01788261 1.09975219 -0.08205371
v -0.01722712 1.10791302 -0.09329733
v -0.01512011 1.11832333 -0.11826737
v -0.01661429 1.11515355 -0.10603680
v -0.00796943 1.09704685 -0.14764401
v -0.01085985 1.10476959 -0.13983697
v 0.00683180 1.03602219 -0.14696783
v 0.01362039 1.03923547 -0.15983057
v 0.01523924 1.02226114 -0.15903139
v 0.00686597 1.01724815 -0.14678672
v 0.03520502 1.02902400 -0.17995965
v 0.02611423 1.02647257 -0.17100775
v 0.00702757 0.99513519 -0.14913736
v 0.01364147 0.99875939 -0.16291165
v 0.00968831 0.99208033 -0.16358152
v 0.00637483 0.98741597 -0.14950238
v 0.01754916 0.99343979 -0.17493641
v 0.02163782 1.00110221 -0.17379321
v 0.03130874 1.00207877 -0.18424563
v 0.02612797 0.99218386 -0.18379526
v 0.04124511 0.94195306 -0.09165669
v 0.03097950 0.95148093 -0.09551931
v 0.03061360 0.94695753 -0.09872042
v 0.04165693 0.93746781 -0.09692480
v 0.00503006 0.98291111 -0.14780939
v 0.00703866 0.98835313 -0.16118619
v 0.00922665 1.05863464 -0.16427387
v 0.00537583 1.05764008 -0.15311831
v 0.01265043 0.98841774 -0.17360725
v 0.01369692 1.00903714 -0.16115810
v 0.02436651 1.01163208 -0.17198519
v 0.04658267 1.03117108 -0.18580782
v 0.04485991 1.05062103 -0.19578938
v 0.02314554 1.03903961 -0.01764645
v 0.02089639 1.05468416 -0.02115496
v 0.02507698 1.05627835 -0.01997690
v 0.02415879 1.05924094 -0.02046727
v 0.02030446 1.05823731 -0.02089700
v 0.03117285 1.09052551 0.00463796
v 0.01665798 1.09303415 -0.00055404
v 0.01866519 1.07801008 -0.00211059
v 0.03292296 1.07322896 0.00045756
v -0.00468293 1.02921891 -0.03690164
v 0.00015337 1.01638412 -0.03421040
v 0.00572932 1.02306533 -0.02677770
v 0.00348177 1.03327632 -0.02813165
v 0.00003602 1.06459212 -0.03398497
v 0.00030166 1.06551015 -0.03095363
v -0.00155881 1.06643510 -0.03384313
v 0.00181282 1.00250554 -0.03678094
v -0.00402298 1.00911582 -0.04190502
v -0.01604329 1.04938602 -0.07654364
v -0.00998409 1.06924081 -0.04503933
v 0.03176447 1.17837310 -0.04162078
v 0.02649336 1.15839672 -0.01545429
v 0.03639056 1.19168997 -0.07493903
v 0.04032428 1.20014095 -0.11099102
v 0.02800310 1.16024709 -0.16785467
v 0.04931627 1.17391348 -0.17193580
v 0.05405338 1.14870405 -0.18829232
v 0.03305021 1.13915586 -0.18226576
v 0.04312953 1.07281303 -0.19866095
v 0.04122182 1.00070274 -0.19144887
v 0.03545446 0.98981905 -0.19189967
v 0.02638894 1.13421202 0.00026248
v 0.02847111 1.11134911 0.00468378
v -0.01620745 1.09113431 -0.06991208
v -0.01309745 1.04568136 -0.05101056
v -0.01055786 1.03684056 -0.04535653
v -0.00644464 1.04616547 -0.03900643
v -0.00830187 1.05169392 -0.04350518
v -0.01467594 1.04058802 -0.06272791
v -0.01537514 1.03763032 -0.07685196
v -0.01375842 1.03290784 -0.09465880
v -0.00890431 1.02227223 -0.10544626
v -0.00471399 1.14516258 -0.13660909
v -0.01010812 1.12866807 -0.13165972
v 0.02189545 1.17960739 -0.14465362
v 0.00556619 1.16229105 -0.14174023
v -0.01231472 1.11761546 -0.13056862
v 0.04384599 1.19391847 -0.14393404
v 0.03106941 1.00625467 -0.01125099
v 0.03250949 1.01083827 -0.01054680
v 0.02478145 1.00803173 -0.01717940
v 0.03304310 0.98077345 -0.01693270
v 0.03115289 0.97582090 -0.02168007
v 0.03851662 0.97446668 -0.02071767
v 0.03932009 0.97914273 -0.01649185
v 0.03371748 0.94472396 -0.05523093
v 0.02282004 0.95206976 -0.05941842
v 0.04088038 0.94488263 -0.08400408
v 0.03063912 0.95444071 -0.08990609
v 0.03084623 1.01802695 -0.00416881
v 0.03082120 1.01832843 -0.00633290
v 0.03276662 1.01840925 -0.00536899
v 0.03234007 1.01810086 -0.00353198
v 0.02069308 0.99323630 -0.02503236
v 0.03568880 0.99654084 -0.00972934
v 0.03648565 0.99275351 -0.01230223
v 0.04004928 0.99201846 -0.01157787
v 0.03921801 0.99567670 -0.00897028
v 0.00979849 0.97129399 -0.08518477
v 0.01457054 0.96986306 -0.09288739
v 0.00427434 0.98162246 -0.13330622
v 0.00363469 0.98771894 -0.13027816
v 0.00672640 1.00466955 -0.14686127
v 0.03485738 1.01359224 -0.18144579
v 0.04358165 1.01533365 -0.18992244
v 0.05696839 1.01548553 -0.19290392
v 0.05965582 1.03266454 -0.19211979
v 0.02414115 0.95530111 -0.07355501
v 0.02767183 0.95692474 -0.08216567
v 0.03887102 0.94794607 -0.07602296
v 0.03590837 0.94725811 -0.06717417
v 0.03683743 1.01454210 -0.00232005
v 0.03641148 1.01421010 -0.00479577
v 0.03856266 1.01145625 -0.00445902
v 0.03822284 1.01257133 -0.00112285
v 0.03053519 1.01697731 -0.00871886
v 0.03301913 1.01386046 -0.00943843
v 0.03313607 1.01615238 -0.00869457
v 0.02925973 1.01768088 -0.00697400
v 0.02918360 1.01794052 -0.00397538
v 0.03288215 1.01661015 0.00140508
v 0.03075291 1.01545024 0.00587399
v 0.03026754 1.01733029 -0.00054668
v 0.03500744 1.01674235 -0.00358815
v 0.03543288 1.01637864 -0.00573684
v 0.03327055 1.01789284 -0.00750419
v 0.03136227 1.01793742 -0.00769544
v 0.03317516 1.01735377 -0.00057520
v 0.03164594 1.01774776 -0.00212999
v 0.03484599 1.04184866 0.00528304
v 0.05065329 0.93851340 -0.08053709
v 0.04948095 0.94129074 -0.07192883
v 0.02018862 0.99190921 -0.02720624
v 0.02010011 1.07274437 -0.00929576
v -0.00164978 1.04269195 -0.03356169
v 0.01624459 1.04109931 -0.02157375
v 0.01622603 1.04720235 -0.02236326
v 0.01068657 1.04492331 -0.02526465
v 0.01021198 1.03724217 -0.02402200
v 0.02920860 1.06957996 -0.00888358
v 0.03444701 1.06499040 -0.01091424
v 0.03784564 1.06462860 -0.00325839
v 0.03497899 1.05938768 -0.01300922
v 0.03138820 1.05521560 -0.01609261
v 0.03222932 1.05106986 -0.01089291
v 0.03668370 1.05636287 -0.00421843
v -0.00062461 1.06797791 -0.02925608
v 0.00115167 1.06618452 -0.02754842
v 0.02730368 1.04774046 -0.01574938
v 0.02669882 1.05219913 -0.01843156
v 0.02173609 1.04971933 -0.02035345
v 0.02214709 1.04442370 -0.01926024
v 0.00479942 1.04306388 -0.02888842
v -0.00551218 1.06723714 -0.03863429
v -0.00206455 1.05706275 -0.03873521
v 0.00261281 1.04657102 -0.14050579
v -0.00038405 1.06007123 -0.14446406
v -0.00261093 1.03470349 -0.12192955
v -0.00130850 1.03722370 -0.12649910
v 0.00230695 1.02979922 -0.12428826
v -0.00018647 1.02938843 -0.11903114
v -0.01102530 1.09283924 -0.12834263
v -0.01025774 1.09186971 -0.12320570
v -0.01135061 1.09667599 -0.12134534
v -0.01071829 1.09813774 -0.12863339
v -0.01131573 1.09438443 -0.11585330
v -0.00692445 1.09041774 -0.11551673
v -0.01120223 1.08715320 -0.11463398
v -0.01162262 1.09428847 -0.11375831
v -0.01228625 1.08869433 -0.10758436
v -0.01370810 1.09740126 -0.10151574
v -0.01277510 1.10328448 -0.11037126
v -0.01645962 1.07762218 -0.08330267
v -0.01435843 1.08869743 -0.09300907
v -0.01166112 1.08137870 -0.10247399
v -0.01305203 1.07157040 -0.10002176
v -0.00814504 1.03803623 -0.10821676
v -0.00512419 1.03150153 -0.11330502
v 0.00306995 1.03612208 -0.13155596
v 0.02025286 1.10838556 -0.18303537
v 0.00777398 1.09919691 -0.17274272
v -0.00005539 1.09174895 -0.16161770
v -0.00419401 1.08570445 -0.15227890
v 0.03593576 1.11699557 -0.19037896
v 0.05570474 1.12193143 -0.19680631
v -0.01595585 1.06278384 -0.08817019
v -0.01305792 1.05990446 -0.10116310
v 0.01276313 1.08115613 -0.17573059
v 0.02537643 1.08842373 -0.18592560
v 0.00346233 1.07480061 -0.16469768
v 0.00028934 1.07208490 -0.15432042
v 0.04010401 1.09528112 -0.19528744
v 0.05871701 1.09722853 -0.20050588
v 0.06167294 1.07272720 -0.20236558
v -0.00931213 1.04158616 -0.11870460
v -0.00937020 1.03538620 -0.12004173
v -0.00750783 1.03398180 -0.11822071
v -0.00828685 1.03906345 -0.11443719
v -0.01171033 1.04810166 -0.10424605
v -0.01555898 1.04806232 -0.09213783
v 0.03600004 1.04864979 0.00123762
v 0.04148562 0.95183021 -0.02722573
v 0.04301526 0.96647298 -0.02284241
v 0.03581203 1.00495815 -0.00818495
v 0.03565550 1.00069225 -0.00875247
v 0.03923983 0.99982440 -0.00794756
v 0.03943576 1.00388587 -0.00734276
v 0.02650664 1.06849098 -0.01555473
v 0.06013540 1.05245638 -0.19881453
v 0.05375891 0.99951088 -0.19589129
v 0.04686870 0.98702306 -0.19772388
v 0.01871155 0.98523939 -0.18424401
v 0.02768918 0.98140019 -0.19284239
v 0.03935982 1.00799274 -0.00616707
v 0.03615909 1.00901198 -0.00751837
v 0.03402257 1.01717198 -0.00167800
v 0.03181480 0.99298555 -0.01420002
v 0.03532502 1.01485062 -0.00653765
v 0.03603480 1.01224113 -0.00672360
v 0.04104213 1.01048744 -0.00340462
v 0.04157863 1.00743747 -0.00565118
v 0.01638907 1.05314779 -0.02245732
v 0.01626095 1.05740166 -0.02175178
v 0.03538564 1.01534605 0.00031865
v 0.03634835 1.01334381 0.00251848
v 0.01836543 0.95752537 -0.10468819
v 0.00752841 0.96803296 -0.11745837
v 0.04297505 0.99175549 -0.01082598
v 0.04217490 0.99516177 -0.00832473
v -0.01030779 1.06735909 -0.10957076
v -0.01133178 1.07501483 -0.11019856
v -0.00990200 1.07202840 -0.11635132
v -0.00836929 1.06572902 -0.11631088
v 0.04990600 0.93463075 -0.08868301
v 0.00535303 0.97519600 -0.13336673
v 0.03898289 0.97835654 -0.20109636
v 0.00100527 1.06128061 -0.03385027
v 0.00021329 1.06315637 -0.03496404
v 0.02367789 1.06656921 -0.01851286
v 0.02954018 0.98577702 -0.01760027
v 0.03240383 0.99002206 -0.01749448
v 0.04726510 0.94308674 -0.06447320
v 0.04021059 1.01175082 -0.00003187
v -0.00832109 1.08362734 -0.12278970
v -0.00763840 1.08041835 -0.12316856
v -0.01098715 1.07847738 -0.12196177
v -0.01145574 1.08110094 -0.12052873
v -0.01371346 1.08293116 -0.11517981
v -0.01436492 1.08715951 -0.11587592
v -0.01558215 1.08395457 -0.11898754
v -0.01408796 1.08107817 -0.11856703
v -0.01266289 1.08195019 -0.11182193
v -0.01276143 1.07820809 -0.11527517
v -0.01815389 1.08911419 -0.11787092
v -0.01707674 1.08673882 -0.11965611
v -0.01013392 1.09084582 -0.11902498
v -0.01440211 1.09116018 -0.11789054
v -0.01581347 1.09443974 -0.12173289
v -0.02132653 1.09139562 -0.12126255
v -0.01748602 1.09605086 -0.12875448
v -0.02422947 1.09164023 -0.12725067
v -0.01801864 1.09265351 -0.13574016
v -0.02439226 1.09004557 -0.13487363
v -0.00795245 1.04766881 -0.11218389
v -0.00503481 1.04985416 -0.11900014
v -0.01763045 1.08661675 -0.14076671
v -0.02345235 1.08524048 -0.13971245
v -0.01677843 1.07888579 -0.14335188
v -0.02146631 1.07859242 -0.14317873
v -0.01535593 1.07025814 -0.14408982
v -0.01933093 1.07070827 -0.14400280
v -0.01319681 1.06163502 -0.14433095
v -0.01786635 1.06298363 -0.14277926
v -0.01076602 1.05114126 -0.14204159
v -0.01598888 1.05471170 -0.13978952
v -0.01997516 1.08776474 -0.13376352
v -0.01918257 1.08982980 -0.12823659
v -0.01135077 1.08897281 -0.13173582
v -0.01802651 1.08917427 -0.12281392
v -0.00480805 1.07690561 -0.13226029
v -0.00525955 1.07236922 -0.13040358
v -0.00945574 1.07146549 -0.12679525
v -0.00572123 1.07535052 -0.12856889
v -0.00656484 1.06472492 -0.11996415
v -0.00642386 1.05850399 -0.12072321
v -0.00751019 1.05729437 -0.11691972
v -0.00527962 1.05437076 -0.12215612
v -0.00252327 1.05930138 -0.12165778
v -0.00356704 1.05618060 -0.12303103
v 0.00031205 1.06627703 -0.11939558
v -0.00463552 1.05471694 -0.12491158
v -0.00659072 1.05322218 -0.12407658
v -0.00277946 1.05549455 -0.12519369
v -0.00227194 1.05558324 -0.12412915
v 0.00047809 1.05718768 -0.12362969
v 0.00026374 1.06275427 -0.12541249
v -0.01073260 1.05778408 -0.11024785
v -0.00265721 1.05247843 -0.13549778
v -0.00673770 1.06178784 -0.13761343
v -0.01343175 1.04766846 -0.13465968
v -0.00992136 1.04170036 -0.13620232
v -0.00945688 1.03412521 -0.12330506
v -0.01001264 1.03648043 -0.12927559
v -0.01136352 1.08362365 -0.13387145
v -0.01085586 1.07765996 -0.13691604
v -0.00116779 1.04344273 -0.13011363
v -0.00893822 1.07051778 -0.13750592
v -0.01499719 1.05772030 -0.13737854
v -0.01202990 1.05288815 -0.13323277
v -0.01740829 1.06379187 -0.13997409
v -0.00838449 1.04919624 -0.12312032
v -0.01089509 1.04983401 -0.12751019
v -0.01162374 1.04396641 -0.12818381
v -0.01055596 1.04202783 -0.12326802
v -0.01067296 1.05690467 -0.13060263
v -0.01370567 1.06044865 -0.13410565
v -0.00636865 1.05863142 -0.13110562
v -0.00933083 1.06297588 -0.13353008
v -0.00547672 1.05579722 -0.12762988
v -0.00886746 1.05382264 -0.12697580
v -0.00170899 1.06027770 -0.13014579
v -0.00423098 1.06623006 -0.13282500
v -0.00233732 1.05703866 -0.12676647
v -0.01281847 1.06661892 -0.13407205
v -0.00847308 1.07005453 -0.13325566
v -0.01267209 1.07292747 -0.13144611
v -0.01607083 1.07039785 -0.13349184
v -0.01611828 1.06479001 -0.13657916
v -0.01831041 1.06990802 -0.13663572
v -0.01741062 1.07075632 -0.14064471
v -0.01897204 1.07565260 -0.13623628
v -0.01817948 1.07750535 -0.13973248
v -0.01699698 1.07450867 -0.13286439
v -0.01537291 1.07488561 -0.13006932
v -0.01981683 1.08372831 -0.13746229
v -0.01896893 1.08067822 -0.13456702
v -0.01874434 1.08434653 -0.13170512
v -0.01799357 1.07826436 -0.13157499
v -0.01724162 1.08131015 -0.12949574
v -0.01656441 1.07699382 -0.12985286
v -0.01563911 1.07849026 -0.12811515
v -0.01363918 1.08611333 -0.12090771
v -0.01234054 1.08362043 -0.12012333
v -0.01537944 1.08693898 -0.12376069
v -0.01357400 1.08410299 -0.12416965
v -0.01234467 1.08420599 -0.12232486
v -0.01093648 1.08304191 -0.12205744
v -0.01241253 1.08158946 -0.12400761
v -0.00958394 1.08074713 -0.12571441
v 0.04510367 0.91923118 -0.10025043
v 0.05772983 0.91157699 -0.10497146
v 0.05510340 0.92158890 -0.10115755
v 0.04342902 0.93014383 -0.09888621
v -0.01554524 1.08296561 -0.12681824
v -0.01412045 1.07987916 -0.12567213
v -0.01734822 1.08645499 -0.12762108
v -0.01045502 1.07736802 -0.12939894
v -0.01221182 1.07807446 -0.12717998
v -0.01394870 1.07650721 -0.12847316
v -0.01219537 1.07560241 -0.12968232
v -0.00657820 1.06971836 -0.12018099
v -0.00293306 1.06988192 -0.12301113
v -0.00278038 1.06681395 -0.12781572
v 0.01309116 0.91822916 -0.09043056
v 0.01490633 0.92999285 -0.10034991
v 0.00229528 0.94170195 -0.10509947
v -0.00190077 0.93348455 -0.09206904
v 0.01143855 0.89317638 -0.06297442
v -0.01591375 0.91040003 -0.05336632
v -0.00844026 0.88315564 -0.04293229
v 0.01433513 0.87278485 -0.05636384
v -0.00096065 0.86168075 -0.03782386
v 0.01898716 0.85360491 -0.05142476
v 0.01320707 0.80599052 -0.02831466
v 0.02800502 0.80060261 -0.03823958
v 0.02585001 0.81777227 -0.04319870
v 0.01034363 0.82357335 -0.03207193
v -0.01995832 0.73800325 -0.01349847
v -0.02180443 0.71993959 -0.02043155
v -0.00681380 0.72083724 -0.02280539
v -0.00699502 0.73686254 -0.01582684
v -0.07625954 0.85271478 0.00356306
v -0.08220392 0.87096381 0.00576855
v -0.09189954 0.86683804 0.00660487
v -0.08605888 0.84856653 0.00012475
v -0.03586147 0.96027863 -0.07622024
v -0.02902980 0.93730116 -0.06228131
v -0.02011583 0.94258261 -0.08202703
v -0.02725838 0.96408552 -0.09151532
v -0.07701249 0.76283205 -0.02350727
v -0.07401153 0.74751067 -0.02269158
v -0.06230449 0.75429291 -0.01683037
v -0.06390522 0.76849997 -0.01676799
v -0.08253465 0.64397573 -0.03768565
v -0.08949701 0.61813653 -0.04107860
v -0.06712896 0.61590952 -0.03365277
v -0.06173481 0.64086199 -0.03165777
v -0.14495873 0.68593657 -0.07220751
v -0.16308686 0.69023943 -0.09496908
v -0.16173001 0.66318560 -0.10336402
v -0.14661810 0.65884835 -0.07960355
v -0.01870969 0.81395537 -0.01269189
v -0.00254034 0.81067359 -0.02004375
v -0.00650379 0.82831210 -0.02194761
v -0.02470196 0.83186138 -0.01211146
v -0.14429732 0.73417360 0.00800034
v -0.13679166 0.72911298 -0.00661252
v -0.12931818 0.75541282 -0.00908482
v -0.13853967 0.76090389 0.00413300
v -0.13874748 0.53378350 -0.10934339
v -0.14658731 0.54017389 -0.13298829
v -0.14762598 0.52196622 -0.13577271
v -0.13926691 0.51449126 -0.11119296
v -0.12299124 0.89692068 0.01176676
v -0.11490529 0.91208982 0.00889950
v -0.12559652 0.93142706 0.00200213
v -0.13721681 0.91425174 0.00758256
v -0.07200281 0.81606388 -0.01068786
v -0.06284284 0.81784081 -0.00577419
v -0.06957150 0.83525550 -0.00018111
v -0.07807588 0.83191407 -0.00544658
v -0.16490069 0.74273664 -0.08537431
v -0.14834917 0.73893309 -0.06753530
v -0.14727579 0.76516259 -0.06814086
v -0.16290189 0.76965350 -0.08336004
v -0.14710483 0.71287358 -0.06947613
v -0.16508457 0.71631998 -0.08946460
v -0.05019074 0.81791103 -0.00487667
v -0.03525733 0.81634873 -0.00759384
v -0.04292801 0.83492196 -0.00451465
v -0.05867979 0.83678359 0.00035241
v -0.02535575 0.70230746 -0.02645405
v -0.00713133 0.70428365 -0.03026339
v -0.12534495 0.50699377 -0.09011809
v -0.10773378 0.50051212 -0.07300612
v -0.10789307 0.52274126 -0.07194348
v -0.12533964 0.52821845 -0.08848832
v -0.03581589 0.66235662 -0.02877562
v -0.02952513 0.68482924 -0.02904570
v -0.04872896 0.68583995 -0.02812585
v -0.05571533 0.66400224 -0.03027888
v -0.08775848 0.49474573 -0.05868126
v -0.06744429 0.49012622 -0.04489596
v -0.06704464 0.51586163 -0.04516000
v -0.08766496 0.51873553 -0.05830924
v 0.00592420 0.84217197 -0.03530498
v 0.02308700 0.83557665 -0.04735906
v -0.04452279 0.74078023 -0.01357196
v -0.04912136 0.72419417 -0.01920548
v -0.03579226 0.72138733 -0.01880680
v -0.03326172 0.73898244 -0.01232581
v -0.09958734 0.83484238 -0.02593650
v -0.09508453 0.84210557 -0.00887056
v -0.10360087 0.85952365 0.00104082
v -0.11103351 0.84728861 -0.01944403
v -0.14983237 0.50530571 -0.13857055
v -0.14070894 0.49678576 -0.11380003
v -0.08955539 0.47152999 -0.06143327
v -0.06746358 0.46582800 -0.04795548
v -0.16696316 0.85350084 -0.07549363
v -0.16384241 0.84852457 -0.07521672
v -0.15102383 0.84620148 -0.06129636
v -0.15422113 0.85316384 -0.06321318
v 0.02595468 0.72877425 -0.03579314
v 0.01761676 0.73938549 -0.02523588
v 0.00672915 0.72664833 -0.02441381
v 0.01079607 0.71275556 -0.03414619
v -0.05619023 0.70683032 -0.02556726
v -0.06481643 0.68932915 -0.02958220
v -0.04157569 0.70378017 -0.02511233
v 0.03388077 0.71844161 -0.04790600
v 0.01665980 0.69431925 -0.04303814
v 0.03901954 0.82849550 -0.05925915
v 0.04077473 0.81179011 -0.05413543
v 0.03699012 0.84556407 -0.06429835
v 0.05327434 0.83833510 -0.07443348
v 0.05220104 0.85515583 -0.07948576
v 0.03489839 0.86296231 -0.06871950
v 0.05135268 0.87091333 -0.08579625
v 0.03320685 0.88021529 -0.07367580
v 0.03140918 0.90457559 -0.09154204
v 0.03066646 0.91690183 -0.09754468
v -0.08583718 0.82630372 -0.01573965
v -0.08153998 0.81179154 -0.02059108
v -0.10878392 0.47926840 -0.07563264
v -0.11570586 0.94001305 -0.15993574
v -0.12537731 0.92267478 -0.16980179
v -0.13244501 0.93199229 -0.15278468
v -0.12342399 0.94781542 -0.14210339
v -0.04576489 0.95793045 -0.06387651
v -0.03980391 0.93457389 -0.04719412
v -0.18595159 0.88492787 -0.12077925
v -0.18632448 0.88256782 -0.12662157
v -0.18735877 0.86878252 -0.12092686
v -0.18777972 0.87439156 -0.11745864
v -0.18231839 0.85905266 -0.09538528
v -0.18369061 0.85215878 -0.09423774
v -0.18859455 0.85652894 -0.09737308
v -0.18554671 0.86503357 -0.10105139
v -0.14896967 0.52802116 -0.16090690
v -0.14777322 0.54568541 -0.15800959
v -0.17945386 0.71925354 -0.16476949
v -0.18056256 0.70698369 -0.14212562
v -0.18247211 0.73640728 -0.13134065
v -0.18236323 0.75157636 -0.14988810
v -0.05395239 0.87043810 -0.24264073
v -0.06004350 0.85583538 -0.24636939
v -0.07686161 0.86647999 -0.23511976
v -0.06876496 0.88158178 -0.22932106
v -0.08278466 0.92764235 -0.18983239
v -0.07336994 0.94103694 -0.18186849
v -0.06218974 0.92523754 -0.20402676
v -0.07211577 0.91229373 -0.21030174
v -0.10485418 0.92709303 -0.17851923
v -0.11524086 0.90922534 -0.18700592
v -0.17508593 0.77772146 -0.09822715
v -0.17616609 0.75146741 -0.10380220
v -0.17274025 0.81265664 -0.09137513
v -0.16100806 0.80662441 -0.07918784
v -0.16099899 0.81775248 -0.07724132
v -0.17254716 0.82298911 -0.08885886
v -0.01986004 0.96864343 -0.10492480
v -0.02671802 0.98009306 -0.12619033
v -0.03552041 0.97722566 -0.10924116
v -0.02933333 0.95765400 -0.19107305
v -0.03411843 0.95330966 -0.19364622
v -0.04066032 0.96227658 -0.17711005
v -0.03352717 0.96369737 -0.17932481
v -0.10663833 0.78502703 -0.25345385
v -0.08386361 0.77936971 -0.26553327
v -0.08816838 0.75100613 -0.27006033
v -0.11400200 0.75256097 -0.25816226
v -0.17946626 0.83893275 -0.09781665
v -0.17902783 0.84714901 -0.09516220
v -0.18390960 0.85451895 -0.10361467
v -0.18348534 0.84715068 -0.10677376
v -0.18325318 0.83862752 -0.10974827
v -0.18372515 0.82859284 -0.11402553
v -0.18040444 0.82012230 -0.10293308
v -0.17972910 0.83063251 -0.09979367
v -0.18499926 0.77783877 -0.13740870
v -0.18293999 0.76339698 -0.12080828
v -0.18238865 0.78835887 -0.11298567
v -0.18548921 0.79991609 -0.12773168
v -0.07676587 0.64999235 -0.27368736
v -0.09777317 0.64726961 -0.26867089
v -0.10653984 0.68156666 -0.26774773
v -0.08608647 0.68413460 -0.27405488
v -0.13382359 0.84615850 -0.04191573
v -0.11863179 0.84246522 -0.03008221
v -0.12015959 0.83340085 -0.03578447
v -0.13747552 0.83461350 -0.04710421
v -0.20340264 0.86036450 -0.08924847
v -0.20866999 0.85011387 -0.08261824
v -0.21204765 0.85303003 -0.07858638
v -0.20647846 0.86523354 -0.08617237
v -0.15255357 0.81600553 -0.06288098
v -0.13910194 0.81821734 -0.05085088
v -0.14025025 0.79636812 -0.05451377
v -0.15511119 0.79432428 -0.06607436
v -0.06315369 0.97198313 -0.07951353
v -0.05383685 0.95813549 -0.05539553
v -0.05360812 0.97330463 -0.08612096
v -0.17155728 0.83288294 -0.08036980
v -0.17367604 0.81623662 -0.08360118
v -0.18267305 0.81880635 -0.08973643
v -0.17916995 0.83462483 -0.08811950
v -0.15975975 0.74007988 0.01684718
v -0.15386893 0.76645547 0.01171140
v -0.17123725 0.77082169 -0.07526056
v -0.18446864 0.77140945 -0.07950744
v -0.17787652 0.79499876 -0.08402736
v -0.16736896 0.79297054 -0.07658786
v -0.17491531 0.68542701 -0.17792432
v -0.17672810 0.67630917 -0.15312298
v -0.13386644 0.53673083 -0.20792797
v -0.14393741 0.53317815 -0.18534604
v -0.14237913 0.55159444 -0.18230541
v -0.13370547 0.55570865 -0.20463380
v -0.15205137 0.51192784 -0.16471680
v -0.13588245 0.51800072 -0.21080129
v -0.14758168 0.51551116 -0.18902862
v -0.00734066 0.98441827 -0.14759435
v -0.00642413 0.98273098 -0.16715764
v -0.01723020 0.98016012 -0.16270609
v -0.01712312 0.98188031 -0.13870746
v -0.17456660 0.39884531 -0.17761737
v -0.17624547 0.36507082 -0.17899124
v -0.17647260 0.35486901 -0.14419068
v -0.17339490 0.39193702 -0.14667602
v -0.00474489 0.96251392 -0.19727407
v -0.01275064 0.97141236 -0.18199646
v -0.00085474 0.97602606 -0.18304233
v 0.00589140 0.96735883 -0.19738859
v -0.17071064 0.42047155 -0.14498380
v -0.17239705 0.42783964 -0.17546004
v -0.00639812 0.97540414 -0.13405448
v -0.01292167 0.97288340 -0.11913910
v -0.00765264 0.95602822 -0.11364107
v -0.00213260 0.96227449 -0.12407199
v 0.00555436 0.95114911 -0.11383116
v -0.16679794 0.33900973 -0.11427355
v -0.16442840 0.37349546 -0.11624676
v 0.00373149 0.98542237 -0.17183617
v 0.00906073 0.98032111 -0.18577208
v 0.01733861 0.97407889 -0.19537032
v 0.03043674 0.96995771 -0.20416677
v -0.15507846 0.49611378 -0.16804719
v -0.15294409 0.48897332 -0.14189041
v -0.14751145 0.24949706 -0.26071888
v -0.12209951 0.24738076 -0.27932072
v -0.12340080 0.22178513 -0.25996280
v -0.15244442 0.22840843 -0.24593994
v -0.04943210 0.24914315 -0.28557748
v -0.04539019 0.22635558 -0.26559708
v -0.08700699 0.22075388 -0.26835406
v -0.09064136 0.24649853 -0.28682956
v -0.04780037 0.39562848 -0.31293422
v -0.07654155 0.39774698 -0.30575734
v -0.07348876 0.41920441 -0.29618424
v -0.04621618 0.41661263 -0.30383250
v -0.13630353 0.50073171 -0.21403889
v -0.14950180 0.49913478 -0.19254817
v -0.14165686 0.48001575 -0.11769944
v -0.17972779 0.20557699 -0.10628642
v -0.19653995 0.21538609 -0.14174478
v -0.19574748 0.18744346 -0.14794034
v -0.18257442 0.17633474 -0.11373961
v -0.17878845 0.19063523 -0.21682227
v -0.17776971 0.21371797 -0.21427543
v -0.15183151 0.20529532 -0.23691085
v -0.15096223 0.18408695 -0.23528513
v -0.04453870 0.46126953 -0.03684831
v -0.06698405 0.44360369 -0.05584346
v -0.04424637 0.43771002 -0.04537913
v 0.02174293 0.45392311 -0.03054155
v -0.00084515 0.45533863 -0.02707942
v 0.00041689 0.43103909 -0.03616518
v 0.02106250 0.42924899 -0.03828795
v 0.00373929 0.30076486 -0.06129734
v 0.01767905 0.30304819 -0.06314519
v 0.01990733 0.32730827 -0.06198272
v 0.00296534 0.32578397 -0.05929145
v -0.15240794 0.35642290 -0.09101389
v -0.12901275 0.33831438 -0.07249448
v -0.12438621 0.36972913 -0.08079202
v -0.14677089 0.38681954 -0.09873879
v -0.04103949 0.21146187 -0.24964604
v -0.08233561 0.20762202 -0.25819141
v -0.15621236 0.16436633 -0.08005411
v -0.14999604 0.19566396 -0.07368782
v -0.12157843 0.15790364 -0.06520420
v -0.08441155 0.15557036 -0.06952635
v -0.08237687 0.18776244 -0.06571099
v -0.11895943 0.19108266 -0.06261738
v 0.01212465 0.19474283 -0.09292254
v 0.00176790 0.21813452 -0.07102826
v -0.00594654 0.21532035 -0.08482777
v 0.00459273 0.19814008 -0.10899208
v -0.05139992 0.30133879 -0.31451687
v -0.05147885 0.27874205 -0.30558240
v -0.08885992 0.27309376 -0.30161849
v -0.08602267 0.29982975 -0.31272319
v -0.11905999 0.51857954 -0.22826020
v -0.11910193 0.50030231 -0.23171160
v -0.10014886 0.51755023 -0.24121691
v -0.12030821 0.53757608 -0.22550035
v -0.10230940 0.53805500 -0.23900434
v -0.15196063 0.70579910 -0.22285205
v -0.16638413 0.69529462 -0.20154703
v -0.17169480 0.72931045 -0.18811281
v -0.15828587 0.74179894 -0.21049824
v -0.09094301 0.88024777 -0.22136472
v -0.08197400 0.89693499 -0.21641263
v -0.11826643 0.18685916 -0.25289372
v -0.07120761 0.18756250 -0.24945162
v -0.08915062 0.16341358 -0.25661457
v -0.12551147 0.16452682 -0.25454846
v -0.17751460 0.16442591 -0.21545437
v -0.19326606 0.16329703 -0.18939036
v -0.19585530 0.19312593 -0.18564624
v -0.19393212 0.15660459 -0.15154324
v -0.18205480 0.14388672 -0.11519952
v -0.12298954 0.12262487 -0.07154258
v -0.08690957 0.12123466 -0.07712234
v -0.01811521 0.16127983 -0.13927215
v -0.03257949 0.15825573 -0.11364281
v -0.03594150 0.13186410 -0.12200542
v -0.02360215 0.13647580 -0.14975855
v -0.03902588 0.27748689 -0.04723892
v -0.07185733 0.30071127 -0.05096072
v -0.07511000 0.27678311 -0.05156676
v -0.04583308 0.25735179 -0.05497091
v 0.01736857 0.47992200 -0.02401112
v -0.00173023 0.48239061 -0.02131611
v -0.02123487 0.45797747 -0.02895816
v -0.02196041 0.48470479 -0.02306953
v -0.04540094 0.48707017 -0.03133824
v 0.00089997 0.58984566 -0.02391186
v -0.02315879 0.58899498 -0.02413383
v -0.02295904 0.56488287 -0.02360442
v 0.00109016 0.56634021 -0.02270500
v 0.00244917 0.61493063 -0.02623442
v -0.02123923 0.61479717 -0.02365910
v 0.01113034 0.66589701 -0.03593664
v -0.00804613 0.68700165 -0.03324066
v -0.01331575 0.66407186 -0.02943479
v 0.05373884 0.82165354 -0.06942853
v 0.05467912 0.80517441 -0.06525631
v -0.15716851 0.32320246 -0.08494673
v -0.03762250 0.18221724 -0.23605172
v -0.02124305 0.17478958 -0.21849719
v -0.03287116 0.15137845 -0.22988150
v -0.05522863 0.15686038 -0.24859798
v -0.16115028 0.40438890 -0.11898640
v -0.12634230 0.48769242 -0.09280816
v -0.12644792 0.47020295 -0.09713034
v -0.11820699 0.68764466 -0.04988685
v -0.12561150 0.65546471 -0.05952597
v 0.00865296 0.74763376 -0.01738860
v 0.00348293 0.73696566 -0.01819444
v -0.19424921 0.21834427 -0.17959839
v -0.12503122 0.08837324 -0.07964811
v -0.12281511 0.05859011 -0.08781568
v -0.08920930 0.05645221 -0.09416171
v -0.08840005 0.08732671 -0.08543836
v -0.03129204 0.11418724 -0.18753511
v -0.03224285 0.10876006 -0.15975831
v -0.04192268 0.07810563 -0.16869214
v -0.04403769 0.08457667 -0.19469395
v -0.05703137 0.05476731 -0.19994155
v -0.05141185 0.04611480 -0.17380312
v -0.05995401 0.01659501 -0.18120697
v -0.06629086 0.02408856 -0.20563608
v -0.15820229 0.13126123 -0.08754818
v -0.18219006 0.07728922 -0.12305585
v -0.15760079 0.06464225 -0.09865846
v -0.15848628 0.09714967 -0.09277216
v -0.18296920 0.11150819 -0.12078834
v -0.15553737 0.16479301 -0.24006473
v -0.01976914 0.14060327 -0.17810687
v -0.01070546 0.16343895 -0.16672622
v -0.06560796 0.09247637 -0.24039757
v -0.08730564 0.09716076 -0.25438282
v -0.07227474 0.12780273 -0.25528142
v -0.04893783 0.12262708 -0.23763505
v -0.18123320 0.10649151 -0.21383074
v -0.19145699 0.10231805 -0.18632993
v -0.19164123 0.13380516 -0.18685836
v -0.17874284 0.13621110 -0.21547572
v -0.19373040 0.12465173 -0.15342243
v -0.19187577 0.09179717 -0.15443516
v -0.17762533 0.01343763 -0.13125886
v -0.15261510 0.00411141 -0.11286008
v -0.15628946 0.03336996 -0.10453428
v -0.18006040 0.04460233 -0.12640208
v -0.18808515 0.02630192 -0.15910538
v -0.18994908 0.05820155 -0.15613878
v -0.19118819 0.06956285 -0.18605083
v -0.19163549 0.03737384 -0.18596095
v -0.18469840 0.04309624 -0.21087997
v -0.18412839 0.07485092 -0.21332572
v -0.16887873 0.07533211 -0.23517519
v -0.17110872 0.04482150 -0.23206592
v -0.14779121 0.07407659 -0.24869451
v -0.12354050 0.07145083 -0.25384969
v -0.13145892 0.04123479 -0.24873346
v -0.15305918 0.04386520 -0.24511144
v -0.09069555 0.03245085 -0.24112363
v -0.10956050 0.03714323 -0.24874035
v -0.09929594 0.06713003 -0.25186399
v -0.07962329 0.06288332 -0.24077837
v -0.12486299 -0.07345921 -0.24724755
v -0.14065723 -0.06872302 -0.24705948
v -0.13378437 -0.04293263 -0.24540094
v -0.11682167 -0.04768610 -0.24587037
v -0.15773912 -0.06543893 -0.24671650
v -0.17344549 -0.06415027 -0.24089539
v -0.16588195 -0.03845835 -0.23789385
v -0.15035905 -0.04029697 -0.24357161
v -0.18820119 -0.04350001 -0.20972660
v -0.17861846 -0.03948712 -0.22617289
v -0.18681066 -0.06505215 -0.23014617
v -0.19556473 -0.07030433 -0.21346590
v -0.20537519 -0.07720590 -0.19368377
v -0.20063794 -0.04997325 -0.19052894
v -0.19855872 -0.08898807 -0.17375158
v -0.19666824 -0.06146866 -0.16881867
v -0.17709392 -0.07312071 -0.14763191
v -0.18232475 -0.10053694 -0.15166859
v -0.08561372 -0.06869960 -0.21125649
v -0.09377082 -0.09521222 -0.21858962
v -0.09956258 -0.08725071 -0.23638384
v -0.09056389 -0.06057918 -0.23033293
v -0.09826488 -0.07989758 -0.16567965
v -0.10529334 -0.08481616 -0.14000005
v -0.11300319 -0.11112785 -0.14992736
v -0.10614485 -0.10682410 -0.17511904
v -0.18879613 -0.00403833 -0.16292241
v -0.17545217 -0.01637751 -0.13741994
v -0.18505321 0.01259369 -0.20967966
v -0.19244576 0.00679767 -0.18656427
v -0.10130945 0.00583011 -0.24332879
v -0.11940918 0.01062936 -0.24780530
v -0.06920223 -0.01222402 -0.18890934
v -0.07529708 -0.00487101 -0.21265487
v -0.12417849 -0.05746812 -0.11566928
v -0.12183050 -0.02989346 -0.11037408
v -0.15149225 -0.02452433 -0.11710600
v -0.15249972 -0.05368596 -0.12059765
v -0.19306485 -0.03384519 -0.16536447
v -0.19598520 -0.02229345 -0.18886501
v -0.18593769 -0.01579124 -0.20887992
v -0.17475745 -0.01255786 -0.22573477
v -0.16154338 -0.01232642 -0.23776153
v -0.14329407 -0.01447988 -0.24221945
v -0.12550887 -0.01699328 -0.24471046
v -0.10982586 -0.02154255 -0.24369921
v -0.08408558 -0.03347945 -0.22155751
v -0.07893076 -0.04048419 -0.20051765
v -0.13400027 -0.11272824 -0.13233085
v -0.12811567 -0.08649606 -0.12149967
v -0.15826248 -0.08200777 -0.12548502
v -0.16372229 -0.10898852 -0.13229461
v -0.14220150 -0.13423997 -0.14394721
v -0.12548034 -0.13204068 -0.15889144
v -0.16649093 -0.09342194 -0.25096333
v -0.18212713 -0.09227848 -0.24441636
v -0.19561939 -0.09493697 -0.23473144
v -0.21073765 -0.10685617 -0.19803803
v -0.20208873 -0.11851907 -0.17593451
v -0.18460025 -0.12877262 -0.15455030
v -0.16562153 -0.13164258 -0.14110625
v -0.12384865 -0.14321816 -0.23896019
v -0.11215054 -0.11324728 -0.23640141
v -0.10745450 -0.12073803 -0.21993184
v -0.12055884 -0.14968169 -0.22100186
v -0.14303312 -0.13208699 -0.25605744
v -0.15843050 -0.12705058 -0.26038623
v -0.15003888 -0.09700370 -0.25075024
v -0.13498496 -0.10120326 -0.24741636
v -0.17666268 -0.12528843 -0.25966591
v -0.19225453 -0.12421679 -0.25244728
v -0.20571524 -0.12465644 -0.24046196
v -0.21858975 -0.13718069 -0.20085208
v -0.20568712 -0.09917164 -0.21829559
v -0.21702231 -0.12865180 -0.22341993
v -0.20861658 -0.14978534 -0.17366327
v -0.19090794 -0.19263190 -0.15987751
v -0.18312079 -0.16115648 -0.15580788
v -0.21693526 -0.18250751 -0.17380819
v -0.17736112 -0.29716641 -0.18378809
v -0.20379591 -0.29267973 -0.17943802
v -0.20477563 -0.32972157 -0.18949394
v -0.18177363 -0.33395058 -0.19308922
v -0.12865978 -0.18067014 -0.22510642
v -0.13095218 -0.17637372 -0.24620074
v -0.14890118 -0.16651094 -0.26786923
v -0.16659957 -0.16116196 -0.27162743
v -0.23761186 -0.20139658 -0.20821297
v -0.22975846 -0.16897720 -0.20228338
v -0.22807595 -0.15983069 -0.22733063
v -0.23552540 -0.19272268 -0.23341736
v -0.13842525 -0.28588957 -0.24394760
v -0.13945098 -0.28184849 -0.26389021
v -0.13452810 -0.24583119 -0.25953943
v -0.13186498 -0.24963593 -0.23777160
v -0.16956991 -0.19558072 -0.28064656
v -0.15146962 -0.20112723 -0.27522928
v -0.15497634 -0.23636746 -0.28314701
v -0.17352384 -0.23098612 -0.28673837
v -0.24082872 -0.27420962 -0.22008315
v -0.24133193 -0.23624480 -0.21363929
v -0.24006540 -0.22895527 -0.23817423
v -0.24106914 -0.26809132 -0.24280135
v -0.19656411 -0.22423255 -0.16339032
v -0.22402528 -0.21323943 -0.18030967
v -0.22741657 -0.24694914 -0.18707731
v -0.20158236 -0.25758386 -0.17032750
v -0.16842702 -0.22856337 -0.16898589
v -0.17311111 -0.26157343 -0.17485379
v -0.15855435 -0.36059183 -0.26425448
v -0.14911591 -0.31958443 -0.26397252
v -0.14808959 -0.32520384 -0.24729754
v -0.15742724 -0.36601120 -0.24906500
v -0.17803922 -0.26940382 -0.28798455
v -0.15939790 -0.27282053 -0.28455442
v -0.16669774 -0.31278610 -0.28177196
v -0.18265699 -0.30902159 -0.28461289
v -0.23648727 -0.35756558 -0.23114789
v -0.23845577 -0.31458592 -0.22553256
v -0.23904285 -0.30970806 -0.24719681
v -0.23525709 -0.35326838 -0.25142699
v -0.20678404 -0.36975050 -0.19993518
v -0.22768849 -0.32195413 -0.20184821
v -0.22764665 -0.36360800 -0.21066751
v -0.20837341 -0.41069347 -0.20843169
v -0.19265440 -0.41318351 -0.21066359
v -0.18648155 -0.37370986 -0.20263627
v -0.16660383 -0.40554732 -0.25062516
v -0.16708449 -0.40116721 -0.26522216
v -0.17606038 -0.39327723 -0.28052256
v -0.18805890 -0.38938445 -0.28446260
v -0.18617246 -0.34985179 -0.28355768
v -0.17259656 -0.35382181 -0.28028318
v -0.21738265 -0.34995341 -0.27681562
v -0.20205705 -0.34868413 -0.28252381
v -0.20243911 -0.38847166 -0.28405109
v -0.21612602 -0.38968915 -0.27857661
v -0.23120151 -0.39298338 -0.25514305
v -0.22893749 -0.35110855 -0.26622164
v -0.22580419 -0.39014989 -0.26937920
v -0.23352854 -0.39625508 -0.23650084
v -0.22611403 -0.40295333 -0.21720231
v -0.01067323 0.19668293 -0.20454633
v -0.00493637 0.19427738 -0.18632849
v -0.01281231 0.18854374 -0.20346424
v -0.02160703 0.19506055 -0.22197725
v -0.04798618 0.06889480 -0.13919972
v -0.04189446 0.10122442 -0.13067400
v -0.06024254 0.00677854 -0.15432526
v -0.05408071 0.03620303 -0.14630267
v -0.06970765 -0.02218467 -0.16378772
v -0.08098757 -0.04879296 -0.17555419
v -0.08884903 -0.07551199 -0.19016033
v -0.09847876 -0.10262108 -0.19690073
v -0.11036889 -0.12840557 -0.19911703
v -0.12093452 -0.15712446 -0.19945720
v -0.13179652 -0.21957970 -0.20689844
v -0.13092414 -0.21504676 -0.23121825
v -0.12988183 -0.18604124 -0.20216011
v -0.14139812 -0.29188114 -0.21954043
v -0.13558309 -0.25562364 -0.21285804
v -0.14951178 -0.33248931 -0.22517058
v -0.16021271 -0.37082440 -0.23125157
v -0.17019685 -0.40914756 -0.23472394
v -0.05085902 0.21166787 -0.07765786
v -0.02864689 0.20418879 -0.09759323
v -0.02740049 0.22037435 -0.08931494
v -0.05091493 0.23349971 -0.07442947
v 0.01455872 0.18390444 -0.12568900
v 0.01601428 0.18833286 -0.11347314
v 0.00880858 0.19299075 -0.12714404
v 0.00918096 0.18966633 -0.14040497
v -0.17510261 -0.04548794 -0.14197877
v -0.17332594 0.01583230 -0.22750109
v -0.15710032 0.01594371 -0.24039561
v -0.13945951 0.01374996 -0.24575567
v -0.08484691 -0.05656201 -0.15130511
v -0.07737134 -0.02913332 -0.13992381
v -0.09542343 -0.03201354 -0.11946958
v -0.10007717 -0.05861890 -0.13109800
v -0.16237961 -0.19954127 -0.16462447
v -0.14866085 -0.22447556 -0.18765830
v -0.14271456 -0.19399792 -0.18183887
v -0.15676293 -0.17379236 -0.15933685
v -0.20183738 -0.15547305 -0.25991133
v -0.21707974 -0.15593916 -0.24699894
v -0.19003518 -0.19088256 -0.27735320
v -0.20971593 -0.18808722 -0.26887414
v -0.18330014 -0.15648812 -0.26635423
v -0.06754018 0.02760470 -0.12098011
v -0.09043220 0.02576715 -0.10319635
v -0.09262609 -0.00333869 -0.11234487
v -0.07127393 -0.00122672 -0.13046314
v -0.14575633 0.57007873 -0.18103737
v -0.13808407 0.57474232 -0.20295738
v -0.07998329 0.72244740 -0.02785783
v -0.09640229 0.70707160 -0.03586285
v -0.08082015 0.69579649 -0.03234410
v -0.06847870 0.71302211 -0.02637945
v -0.10556269 0.72434437 -0.03821795
v -0.08809737 0.73626155 -0.02991964
v -0.09325800 0.75362259 -0.03156476
v -0.11027784 0.74395907 -0.03968367
v -0.11221903 0.83237559 -0.04312439
v -0.11941081 0.84364855 -0.03821500
v 0.00711541 0.64070523 -0.02818346
v 0.03003466 0.63941568 -0.03838824
v 0.03450899 0.66345924 -0.04574381
v -0.02145372 0.43327814 -0.03837730
v -0.04429184 0.32327306 -0.05765325
v -0.01578324 0.29230452 -0.05798116
v -0.02016013 0.32295418 -0.05914761
v 0.02132346 0.22024298 -0.07673703
v -0.11795499 0.64329529 -0.25608283
v -0.12791273 0.67777836 -0.25086242
v -0.06056080 0.89619052 -0.22578461
v -0.04674020 0.88380486 -0.23838638
v -0.04229671 0.91974103 -0.21652158
v -0.03494998 0.92948282 -0.21295284
v -0.02429055 0.91702855 -0.22680818
v -0.03147257 0.90701032 -0.23042299
v 0.01835912 0.96190149 -0.20772862
v 0.00626982 0.95326900 -0.21073268
v 0.00917593 0.18759257 -0.15192439
v 0.00502554 0.19333151 -0.15442955
v 0.00443002 0.19063139 -0.16644168
v -0.01474152 0.18284979 -0.12934172
v -0.00636979 0.18185970 -0.15455317
v -0.00307724 0.19443774 -0.14347254
v -0.01221761 0.19836926 -0.12028493
v -0.17480642 0.23284945 -0.09912408
v -0.18732071 0.24264148 -0.12922372
v -0.11943360 0.20360366 -0.25091711
v -0.19872379 0.72075236 -0.06571452
v -0.21210101 0.72249341 -0.06246197
v -0.20647267 0.74832428 -0.07049236
v -0.19224082 0.74661213 -0.07258628
v -0.12582010 0.79407012 -0.23268107
v -0.13835604 0.75992125 -0.23146978
v -0.01312410 0.95093542 -0.09808213
v -0.07199151 0.95787239 -0.03798364
v -0.06679269 0.93667853 -0.02129532
v -0.05713977 0.93586302 -0.03028347
v -0.06241236 0.95776582 -0.04730351
v -0.12301213 0.96331227 -0.11481240
v -0.11177274 0.97077346 -0.09999931
v -0.10143646 0.96869665 -0.11430481
v -0.11290156 0.96000957 -0.12934728
v -0.04968015 0.37176344 -0.31951183
v -0.07861178 0.37439787 -0.31302762
v -0.06607237 0.56242645 -0.25954783
v -0.08682776 0.56125057 -0.25201017
v -0.09463321 0.58485049 -0.25586948
v -0.07434968 0.58770007 -0.26464671
v -0.15222557 0.78909492 -0.20654002
v -0.16705607 0.77279568 -0.19175646
v 0.04538646 0.74070215 -0.04999223
v 0.05148041 0.75804436 -0.05301133
v 0.04041760 0.76310754 -0.03956772
v 0.03641542 0.74644804 -0.03582802
v -0.22240025 0.79100537 -0.06628105
v -0.21073605 0.81244892 -0.07989006
v -0.20224929 0.80420101 -0.08400380
v -0.21316364 0.77851057 -0.07424043
v -0.19001338 0.24986356 -0.17331472
v -0.17533389 0.23678875 -0.21716136
v -0.16371474 0.61342865 -0.14667799
v -0.16305187 0.61920351 -0.17311195
v -0.15510447 0.59265280 -0.17885819
v -0.15744153 0.58699816 -0.15279369
v -0.17553315 0.69643259 -0.11855570
v -0.17352764 0.66868049 -0.12904093
v -0.17650016 0.72403401 -0.11017036
v -0.17826132 0.85654736 -0.09493900
v -0.17203718 0.85169691 -0.08747473
v -0.17505869 0.85524112 -0.08713090
v -0.03032361 0.18397260 -0.10485435
v -0.02286783 0.23357114 -0.06196038
v -0.02022399 0.24710175 -0.06035376
v 0.01583529 0.18195775 -0.13621542
v 0.00320087 0.96897638 -0.13085331
v 0.00746814 0.96036673 -0.11764537
v -0.16247545 0.83215201 -0.06892451
v -0.16396688 0.81449819 -0.07366450
v -0.16213359 0.82695091 -0.07619000
v -0.14703819 0.82538867 -0.06529886
v -0.14997154 0.83483297 -0.06297085
v -0.16397330 0.83666265 -0.07498364
v -0.17335537 0.84189796 -0.08577286
v -0.17286599 0.83177352 -0.08757363
v -0.06628189 0.85468674 0.00269715
v -0.05251062 0.85409158 -0.00259072
v -0.06096585 0.87015706 -0.00517583
v -0.07171841 0.87210381 0.00105724
v -0.03298338 0.85136366 -0.01153234
v -0.01340599 0.84738708 -0.02380525
v -0.02176187 0.86708009 -0.02533852
v -0.04178045 0.87040776 -0.01340361
v -0.00710967 0.92362922 -0.07392912
v 0.01243962 0.90869546 -0.07385252
v 0.03290868 0.89423949 -0.08172794
v 0.05055945 0.88355559 -0.09135067
v -0.00257200 0.94554365 -0.21462725
v -0.01185167 0.93499863 -0.21992032
v -0.02445088 0.94478184 -0.20735519
v -0.01789741 0.95593315 -0.19918241
v 0.01525711 0.94173372 -0.10506757
v 0.03064437 0.92932522 -0.09995294
v 0.04659807 0.90696895 -0.10093925
v -0.17848460 0.74197710 0.01931603
v -0.17294924 0.76902246 0.01331203
v 0.00136731 0.98559332 -0.15678100
v 0.00040105 0.97935319 -0.14245319
v -0.19310941 0.77088594 0.01041247
v -0.19794425 0.74376559 0.01649503
v -0.04982230 0.91203249 -0.02550919
v -0.04899273 0.93474650 -0.03807004
v -0.05961300 0.91243565 -0.01929139
v 0.01595860 0.95041281 -0.10628306
v 0.03053161 0.93949348 -0.09988315
v -0.18067491 0.27099454 -0.11622361
v -0.16759124 0.26049662 -0.08750422
v -0.12755944 0.54970372 -0.08573218
v -0.14016859 0.55450970 -0.10662872
v 0.02470973 0.59334695 -0.02758673
v 0.02451492 0.56856078 -0.02551886
v 0.05193546 0.92953980 -0.09551885
v 0.00095745 0.51198494 -0.01978786
v 0.02392435 0.50945705 -0.02399690
v 0.02496807 0.54100239 -0.02377874
v 0.00182062 0.54063547 -0.02101420
v 0.03113636 0.47931170 -0.02976403
v 0.03277047 0.46516758 -0.03103566
v 0.00785366 0.27574193 -0.06106949
v 0.01991817 0.27980337 -0.06370148
v -0.12271108 0.82842219 0.00069030
v -0.11888505 0.84672320 0.00270653
v -0.13178471 0.85931885 0.00974001
v -0.13773498 0.83777595 0.00770448
v -0.02155148 0.51350701 -0.02217703
v -0.04525441 0.51447713 -0.03139479
v -0.09462605 0.82092690 -0.03077129
v -0.10834377 0.81807351 -0.04546142
v 0.03908471 0.68895632 -0.05525166
v 0.02512181 0.75467092 -0.02627610
v 0.02822916 0.76967961 -0.02931009
v 0.01406429 0.77512366 -0.02091840
v 0.01231634 0.76135081 -0.01840749
v 0.01392080 0.19164962 -0.15232836
v -0.21316883 0.87479675 -0.05191931
v -0.20767917 0.89193153 -0.06130102
v -0.20975590 0.88485318 -0.06866493
v -0.21555674 0.86782128 -0.05852781
v -0.00647228 0.18349299 -0.18042287
v -0.01478615 0.16882083 -0.19381240
v -0.03038651 0.19762173 -0.23076028
v -0.00840009 0.19430888 -0.21157551
v -0.05636106 0.12476003 -0.09544550
v -0.05349401 0.15677351 -0.08706139
v -0.06022277 0.09120798 -0.10436299
v -0.06394783 0.05868924 -0.11292271
v -0.11640596 -0.13160563 -0.17785665
v -0.13250519 -0.16268742 -0.17548864
v -0.15351416 -0.25883341 -0.19372340
v -0.15902852 -0.29562050 -0.20136207
v -0.16467977 -0.33375996 -0.20845556
v -0.17284839 -0.37444896 -0.21691962
v -0.17979574 -0.41222292 -0.22114049
v -0.21410963 0.74374223 0.00760800
v -0.21176533 0.77308023 0.00192913
v -0.22315137 0.76848286 -0.01062591
v -0.22535074 0.73937500 -0.00349234
v -0.15959983 0.77065384 -0.06601544
v -0.14621577 0.77215260 -0.05388050
v -0.15245950 0.74802291 -0.05164753
v -0.16564864 0.74727774 -0.06225254
v -0.17218870 0.72221220 -0.05758907
v -0.18542723 0.72092849 -0.06359504
v -0.17877547 0.74702185 -0.06941801
v -0.22368944 0.72690177 -0.05447029
v -0.23111093 0.73091263 -0.04365130
v -0.22655559 0.75878751 -0.05282812
v -0.21897829 0.75222898 -0.06315166
v -0.23205188 0.73657751 -0.01673129
v -0.22896928 0.76409000 -0.02385500
v -0.23043111 0.76159859 -0.03810631
v -0.23441307 0.73364210 -0.03051130
v -0.13822480 0.72593820 -0.02272803
v -0.14759801 0.72464979 -0.03710204
v -0.13931312 0.75038815 -0.03908892
v -0.13054268 0.75130230 -0.02376647
v -0.15137218 0.87139326 0.01137723
v -0.15735905 0.84618378 0.00960821
v -0.11367243 0.85432583 -0.01525323
v -0.10619827 0.85739565 -0.00027464
v -0.10592936 0.84992701 -0.00733809
v -0.11617335 0.85190201 -0.02182156
v -0.14778647 0.79197687 0.00804010
v -0.14265935 0.81479430 0.00789066
v -0.16213962 0.82065916 0.00889866
v -0.16769744 0.79506910 0.00970367
v -0.12227165 0.77592301 -0.02622883
v -0.13245811 0.77373004 -0.04010426
v -0.12611422 0.79717231 -0.04124455
v -0.11439929 0.79839778 -0.02744503
v -0.19943766 0.77320379 -0.07953105
v -0.18989128 0.79829967 -0.08653189
v -0.10898940 0.83582771 -0.00777419
v -0.11141879 0.81952822 -0.01066075
v -0.09292845 0.80667782 -0.03446485
v -0.14395545 0.80242586 -0.06851049
v -0.14443950 0.81524515 -0.06672396
v -0.05906242 0.72889745 -0.02004729
v -0.05438651 0.74293196 -0.01559189
v -0.12978065 0.73895872 -0.05149515
v -0.12974437 0.76321918 -0.05369309
v -0.06826016 0.73618257 -0.02117558
v -0.06123002 0.74462992 -0.01760361
v -0.04006668 0.63989860 -0.02627927
v 0.04831067 0.89466202 -0.09716317
v -0.12683183 0.80805498 0.00013614
v -0.11456261 0.80275333 -0.01268508
v -0.19978008 0.83029211 -0.08808994
v -0.19277978 0.84474587 -0.09316270
v -0.18671924 0.83960199 -0.09267563
v -0.19210924 0.82350540 -0.09030069
v -0.17254034 0.83417577 -0.16949168
v -0.16370700 0.81249493 -0.18759160
v -0.17395104 0.79916221 -0.17406479
v -0.17910790 0.82222444 -0.15694958
v -0.20790079 0.87646025 -0.03458695
v -0.20311236 0.87136048 -0.02248079
v -0.19591472 0.89434129 -0.02821858
v -0.20182364 0.89564306 -0.04114741
v -0.18687367 0.88999343 -0.01296662
v -0.19396238 0.86446607 -0.00913195
v -0.17873323 0.85504758 0.00311922
v -0.17181280 0.88226432 0.00165342
v -0.17660299 0.32936212 -0.18358639
v -0.17828248 0.31812954 -0.14744781
v -0.10958198 0.46018869 -0.08083976
v -0.08949900 0.45116776 -0.06769037
v -0.07092814 0.33685338 -0.05918422
v -0.00813346 0.21207821 -0.09705624
v 0.00187346 0.19989401 -0.12171313
v -0.02326388 0.14583015 -0.20548528
v -0.17545003 0.30092278 -0.11212639
v -0.03632218 0.11805582 -0.21316123
v -0.05219529 0.08988965 -0.21841435
v -0.11380424 0.10166031 -0.25864062
v -0.14108942 0.10442376 -0.25293905
v -0.13412899 0.13519710 -0.25557026
v -0.10381392 0.13228065 -0.26164418
v -0.16521497 0.10620952 -0.23731405
v -0.16077477 0.13667664 -0.23904219
v -0.12170384 -0.00000113 -0.10584296
v -0.19410856 -0.22688991 -0.28334999
v -0.21592641 -0.26426506 -0.27603391
v -0.21444336 -0.22466433 -0.27519894
v -0.19796002 -0.26599073 -0.28445053
v -0.22975850 -0.22443426 -0.25980163
v -0.22550739 -0.18799472 -0.25434372
v -0.22747627 -0.28327477 -0.19369748
v -0.20060921 -0.30679834 -0.28310746
v -0.21734819 -0.30681092 -0.27627635
v -0.23100391 -0.26413620 -0.26251492
v -0.23066607 -0.30729622 -0.26443076
v -0.00130564 0.19290251 -0.16613629
v -0.14842620 0.22383788 -0.07274406
v -0.14172415 0.25405896 -0.06773493
v -0.07691888 0.25880373 -0.05598636
v -0.04842423 0.24535009 -0.06415159
v -0.06792637 0.53975689 -0.04398036
v -0.08992871 0.54167771 -0.05507402
v -0.09332304 0.59156901 -0.04397528
v -0.11446350 0.59452206 -0.05599612
v -0.11358555 0.56935310 -0.06258783
v -0.09272284 0.56602645 -0.04937021
v -0.14688660 0.60264021 -0.09469038
v -0.15802512 0.60737139 -0.11985642
v -0.15411691 0.58178765 -0.12623073
v -0.14394702 0.57751089 -0.10145437
v -0.14855179 0.55976063 -0.13010733
v -0.15023229 0.56462157 -0.15564233
v -0.12399257 0.60772926 -0.24221486
v -0.13787365 0.60328513 -0.22314599
v -0.14733295 0.63257283 -0.21886359
v -0.13387233 0.63814151 -0.23839852
v -0.00341364 0.26002964 -0.05501246
v 0.00414423 0.19604295 -0.14110218
v -0.05227210 0.18613037 -0.08171179
v -0.08047055 0.21671787 -0.06294687
v -0.11397842 0.22037163 -0.05975322
v -0.15131445 0.83317441 -0.05760729
v -0.18463227 0.87456942 -0.13196579
v -0.18605621 0.86027265 -0.12605323
v -0.20102066 0.83871877 -0.00660951
v -0.18364096 0.82795656 0.00355928
v -0.10864917 0.81686443 -0.02609967
v -0.12744431 0.87911886 0.01169091
v -0.11427686 0.86273593 0.00705017
v -0.11288094 0.87785429 0.00880124
v -0.10293186 0.32122248 -0.06151249
v -0.13336323 0.30653337 -0.06570640
v -0.10518926 0.28968474 -0.05390440
v 0.00109009 0.19307762 -0.19323614
v -0.02496960 0.23078290 -0.07898270
v -0.06523506 0.05979657 -0.22222841
v -0.07620924 0.02950615 -0.22590615
v -0.08648987 0.00083208 -0.23122546
v -0.09428700 -0.02690774 -0.23682174
v -0.10188403 -0.05360907 -0.24221718
v -0.11153959 -0.08021069 -0.24502693
v -0.12138354 -0.10668397 -0.24606863
v -0.12997419 -0.13642251 -0.25044438
v -0.13259174 -0.21052527 -0.25229296
v -0.13938944 -0.20566171 -0.26652467
v -0.13566646 -0.17117923 -0.25824001
v -0.14243518 -0.24228632 -0.27394980
v -0.14601162 -0.27758759 -0.27653733
v -0.15511404 -0.31608093 -0.27538174
v -0.16294685 -0.35642338 -0.27435404
v -0.16950764 -0.39580113 -0.27465281
v 0.01291539 0.18348587 -0.15586582
v 0.00717514 0.18846083 -0.17300117
v -0.03625934 0.91144669 -0.03733067
v -0.12909921 0.82811427 -0.05569069
v -0.13469934 0.83791280 -0.05285065
v -0.10658893 0.83095986 -0.02189757
v -0.22691046 0.79082751 -0.03193456
v -0.22221741 0.79797411 -0.01957425
v -0.12279893 0.81816345 -0.03960066
v -0.12409631 0.85176945 -0.03142162
v -0.12730092 0.85471535 -0.03470030
v -0.22507131 0.56147826 0.08633862
v -0.23991084 0.56203842 0.08195417
v -0.23623794 0.54024398 0.08962016
v -0.22188058 0.53935456 0.09266816
v -0.21074823 0.55849576 0.08466975
v -0.20912014 0.53626496 0.08997922
v -0.19040658 0.52488673 0.02934922
v -0.18471317 0.53358722 0.04165833
v -0.18836987 0.51307809 0.04961592
v -0.19578105 0.50570965 0.03804766
v -0.19760637 0.51135767 0.08917706
v -0.19171321 0.50647056 0.07949029
v -0.19026682 0.52733028 0.07347701
v -0.19785488 0.53238249 0.08348192
v -0.22120276 0.51930523 0.01525363
v -0.23662680 0.52381945 0.01704548
v -0.23212302 0.54076004 0.00562195
v -0.21516824 0.53640962 0.00529847
v -0.17776567 0.61493051 -0.00206199
v -0.18108462 0.60436964 -0.01277003
v -0.17646305 0.62269068 -0.01783179
v -0.17471080 0.63168865 -0.00665817
v -0.23149037 0.60600328 0.07173018
v -0.24570653 0.60468066 0.06352048
v -0.24337572 0.58322108 0.07313935
v -0.22785443 0.58359230 0.07961778
v -0.19112919 0.59381759 0.05349576
v -0.18506458 0.58675408 0.03907184
v -0.18733209 0.61061299 0.02991804
v -0.19401428 0.61796135 0.04461804
v -0.23498122 0.62620950 0.06193356
v -0.24701265 0.62416285 0.05208518
v -0.18869071 0.54863513 0.06800143
v -0.18449543 0.54189241 0.05460688
v -0.18351324 0.56382883 0.04768999
v -0.18879397 0.57095027 0.06213664
v -0.22926572 0.48577315 0.03795317
v -0.24278450 0.49024078 0.04147650
v -0.24046004 0.50700426 0.02899995
v -0.22575594 0.50254554 0.02645412
v -0.19056477 0.50066972 0.06850766
v -0.19305117 0.49368629 0.05737755
v -0.18753296 0.52095842 0.06155913
v -0.25535387 0.51467872 0.08347289
v -0.24591488 0.51781118 0.09223731
v -0.24980402 0.53899747 0.08278362
v -0.25825945 0.53510642 0.07212828
v -0.18204439 0.56852192 0.01296426
v -0.18088560 0.57833332 0.02553312
v -0.18152796 0.55510581 0.03382725
v -0.18504100 0.54584026 0.02115294
v -0.21523613 0.60420167 0.07229902
v -0.21279004 0.58108282 0.07864831
v -0.25964534 0.55512083 0.06030135
v -0.25293535 0.56004286 0.07304861
v -0.25414592 0.58081859 0.06201796
v -0.25960332 0.57479924 0.04796878
v -0.25869036 0.58312559 0.02099121
v -0.25126088 0.57368898 0.00876154
v -0.25453523 0.55672449 0.02157153
v -0.26056838 0.56611121 0.03401868
v -0.17984247 0.59261537 0.00494789
v -0.18640985 0.58232099 -0.00625633
v -0.20908268 0.55536985 -0.00405428
v -0.22667313 0.55777538 -0.00567418
v -0.21984719 0.57620418 -0.01554090
v -0.20171115 0.57571316 -0.01338844
v -0.20679656 0.65733290 0.04255824
v -0.22293705 0.65995026 0.04717785
v -0.22208294 0.64562190 0.05472971
v -0.20665976 0.64414024 0.04878868
v -0.23799664 0.64584112 0.05149277
v -0.23922557 0.65948999 0.04199743
v -0.24047956 0.67245817 0.01725815
v -0.24212503 0.66819757 0.00463080
v -0.24430013 0.65857327 0.00983652
v -0.24390796 0.66384864 0.02257317
v -0.25276148 0.61381912 -0.00419150
v -0.24136439 0.60591269 -0.01505752
v -0.24681303 0.59035671 -0.00346752
v -0.25642970 0.59894836 0.00793333
v -0.22133170 0.61377871 -0.03137843
v -0.20407650 0.61001015 -0.03222997
v -0.21227066 0.59390455 -0.02413177
v -0.22763523 0.59860229 -0.02197278
v -0.19837832 0.67732465 -0.05354790
v -0.18531340 0.67699718 -0.05041961
v -0.18926679 0.65715992 -0.04641376
v -0.20318229 0.65825665 -0.04839593
v -0.16760977 0.66391838 -0.02957298
v -0.16236515 0.68156874 -0.03249310
v -0.15572056 0.68299103 -0.01894329
v -0.16205314 0.66699356 -0.01609346
v -0.19249065 0.69370759 0.02813868
v -0.21101585 0.69616038 0.02683683
v -0.21559651 0.68413985 0.03113231
v -0.19803202 0.68187356 0.03062655
v -0.24786559 0.62653947 -0.01375797
v -0.23631272 0.62172472 -0.02644107
v -0.16985095 0.64968425 -0.02621023
v -0.16662902 0.65537190 -0.01343112
v -0.17022650 0.64463067 -0.00971399
v -0.17274505 0.63741219 -0.02196711
v -0.17693654 0.66447520 0.01208267
v -0.18742421 0.67030519 0.02400908
v -0.19268395 0.66002989 0.02773772
v -0.18393429 0.65530849 0.01369151
v -0.20204924 0.67281944 0.03515017
v -0.21905717 0.67666054 0.03758870
v -0.22235486 0.66814256 0.04240525
v -0.20489509 0.66524208 0.03894721
v -0.24663636 0.63666439 -0.02060425
v -0.24871409 0.64251769 -0.00988966
v -0.24680081 0.65042067 -0.01551111
v -0.24344108 0.64566153 -0.02584127
v -0.21412079 0.62840813 -0.03863795
v -0.19773994 0.62526053 -0.03867956
v -0.18863972 0.64529157 0.01592866
v -0.17958906 0.63927174 0.00490505
v -0.17480078 0.64963222 0.00210842
v -0.23796645 0.66738653 0.03568234
v -0.21132728 0.67777783 -0.05192076
v -0.22256252 0.68025458 -0.04838371
v -0.21797776 0.69854724 -0.05442984
v -0.20621233 0.69617981 -0.05739219
v -0.19398496 0.69518507 -0.05788679
v -0.17943020 0.69517255 -0.05363376
v -0.15671697 0.70036471 -0.03464763
v -0.14814445 0.70150143 -0.02083094
v -0.14567655 0.70355439 -0.00491349
v -0.15163815 0.70836663 0.01033188
v -0.16120650 0.68795502 0.01136179
v -0.15392648 0.68458533 -0.00323842
v -0.18472102 0.71626294 0.02436848
v -0.20421006 0.71787584 0.02179398
v -0.22422099 0.69703567 0.01922907
v -0.21871087 0.71675515 0.01351939
v -0.17960799 0.64437717 -0.03678164
v -0.17721710 0.66010749 -0.04000473
v -0.26162702 0.54812819 0.04642878
v -0.25655356 0.54007339 0.03438857
v -0.25754619 0.52232915 0.04692988
v -0.26085287 0.52955544 0.05910514
v -0.25195268 0.49697646 0.04942630
v -0.25098556 0.51419878 0.03631948
v -0.19819517 0.55413997 0.07874106
v -0.19930369 0.57644063 0.07277499
v -0.20707397 0.51560718 0.09601359
v -0.19630179 0.65125567 0.02960807
v -0.19613105 0.63915229 0.03617798
v -0.24525040 0.66458809 -0.00844020
v -0.23942810 0.67881876 -0.00072668
v -0.24380389 0.67603183 -0.01332273
v -0.25226080 0.63474047 -0.00092541
v -0.25519949 0.62369025 0.01089941
v -0.24948493 0.63400364 0.02596243
v -0.24684969 0.64640844 0.01300369
v -0.23979124 0.65603220 -0.03100741
v -0.24433613 0.66023254 -0.02081178
v -0.24151731 0.67273647 -0.02545336
v -0.23581292 0.66854936 -0.03598480
v -0.17519452 0.69147694 0.02192731
v -0.18245949 0.67884755 0.02227752
v -0.23488842 0.71086049 -0.01086526
v -0.23643219 0.69356233 -0.00551288
v -0.23123160 0.69495976 0.00673138
v -0.22807027 0.71244270 0.00192091
v -0.23524991 0.68213993 0.01138288
v -0.23747391 0.70929158 -0.02411066
v -0.24051771 0.69155645 -0.01848258
v -0.16600570 0.71294820 0.02096859
v -0.23168495 0.68408054 -0.04180206
v -0.23843312 0.68823886 -0.03064507
v -0.23505817 0.70646989 -0.03673972
v -0.22790799 0.70267773 -0.04741456
v -0.24875495 0.53129995 0.02409743
v -0.24522263 0.54817009 0.01178426
v -0.18717274 0.61312580 -0.02786805
v -0.19378036 0.59484041 -0.02163351
v -0.18198733 0.62965715 -0.03266068
v -0.20403501 0.51937252 0.01982160
v -0.20959857 0.50186515 0.02975386
v -0.19163156 0.55952942 0.00231606
v -0.19762991 0.53808993 0.01061915
v -0.25889710 0.59233475 0.03545223
v -0.22098072 0.64651918 -0.04222475
v -0.20787266 0.64267826 -0.04378475
v -0.22784482 0.63316369 -0.03691654
v -0.16747896 0.69848508 -0.04562764
v -0.17284894 0.67956632 -0.04211928
v -0.24101236 0.63312608 -0.02843972
v -0.15916844 0.72398978 -0.05068000
v -0.24575296 0.65510082 0.02955021
v -0.23387989 0.67642379 0.02926464
v -0.22945350 0.68511033 0.02379273
v -0.23245531 0.51878333 0.09759571
v -0.20113942 0.59975117 0.06569336
v -0.18911731 0.63283098 0.02186272
v -0.18203805 0.62424707 0.00924636
v -0.23203224 0.65099609 -0.03947052
v -0.22705516 0.66444540 -0.04344627
v -0.21608898 0.66128165 -0.04699743
v -0.17064843 0.67364502 0.01174803
v -0.16248326 0.66945052 -0.00116102
v -0.21444806 0.48526517 0.04103716
v -0.16877954 0.65927768 0.00017643
v -0.24790186 0.64081526 0.03996088
v -0.03851487 0.89621443 -0.23454663
v -0.12637550 0.71458578 -0.05089062
v -0.07440931 0.66897458 -0.03421107
v -0.09462764 0.67490667 -0.04038525
v -0.12573928 0.80180073 -0.05737035
v -0.12669882 0.81537133 -0.05844940
v -0.13661379 0.84781653 -0.04667941
v -0.13933940 0.85469544 -0.04894090
v -0.11210918 0.76487124 -0.04278474
v -0.01086607 1.09608603 -0.13528427
v -0.00946231 1.08978033 -0.13982952
v -0.01229587 1.10747480 -0.12990490
v 0.03337900 0.49581075 -0.02964345
v -0.00649295 1.08109009 -0.12902856
v -0.00414633 1.07175517 -0.13257134
v -0.00957347 1.07529736 -0.13108908
v -0.00633926 1.08192372 -0.12678668
v -0.00675591 1.08295798 -0.12596503
v -0.01322577 1.10612273 -0.11993112
v -0.00628756 1.08192754 -0.14306970
v -0.00376822 1.07155192 -0.14488079
v -0.01106917 1.09365189 -0.11832135
v -0.05906903 0.49279970 -0.26190335
v -0.03522450 0.49075681 -0.26857373
v -0.03767802 0.47277194 -0.27626559
v -0.06236681 0.47530267 -0.26888728
v -0.04093807 0.45614624 -0.28637135
v -0.15314129 0.42877209 -0.23530328
v -0.16557519 0.43087369 -0.20686918
v -0.15895474 0.45115614 -0.20257463
v -0.14706320 0.44937491 -0.22925207
v -0.16005772 0.46499538 -0.17353398
v -0.15322384 0.46779245 -0.19917996
v -0.16627197 0.44899988 -0.17402866
v -0.16527767 0.44120228 -0.14464335
v -0.15943797 0.45868146 -0.14550208
v -0.15579456 0.42847782 -0.12081197
v -0.15058683 0.44714952 -0.12038571
v -0.14236651 0.41261259 -0.10166577
v -0.12267684 0.39824021 -0.08649211
v -0.09869572 0.35191691 -0.06919698
v -0.06889581 0.36811557 -0.06201996
v -0.09737530 0.38198349 -0.07326651
v -0.01812978 0.35554889 -0.05554180
v -0.04189590 0.35853586 -0.05725813
v 0.02021793 0.35421151 -0.05701357
v 0.00246736 0.35513943 -0.05562873
v -0.03014672 0.88839865 -0.02931337
v -0.04038925 0.97762918 -0.13605377
v -0.04996043 0.97615856 -0.12360835
v -0.04483343 0.97520602 -0.09502836
v -0.10427637 0.95410579 -0.14748701
v -0.09222761 0.96409607 -0.13296598
v -0.08370563 0.95585740 -0.15767606
v -0.09405149 0.94215393 -0.16960065
v -0.04270989 0.97071415 -0.15796350
v -0.03619870 0.97023535 -0.16574124
v -0.05072962 0.97021234 -0.14970888
v -0.04119064 0.94828433 -0.19437186
v -0.04692538 0.96015483 -0.17434707
v -0.08334951 0.97009939 -0.06042045
v -0.09747065 0.97307909 -0.08231249
v -0.10915901 0.97058415 -0.07137333
v -0.09608410 0.96766126 -0.04961653
v -0.13230780 0.95228279 -0.12708318
v -0.14057282 0.93848956 -0.13724872
v -0.14706081 0.94187427 -0.12584585
v -0.13986734 0.95407140 -0.11568867
v -0.13795328 0.94521761 -0.01487772
v -0.14961246 0.95135468 -0.03685252
v -0.16486466 0.93483043 -0.02695246
v -0.15247372 0.92770743 -0.00683348
v -0.13074468 0.96351016 -0.10351373
v -0.13953578 0.81235373 -0.21352836
v -0.15268029 0.82941979 -0.19483952
v -0.16441926 0.84710044 -0.17800066
v -0.18069454 0.88932508 -0.13602354
v -0.17869377 0.87967539 -0.14430404
v -0.18192710 0.86414313 -0.14060727
v -0.18064526 0.89566255 -0.13063270
v -0.18323943 0.89553034 -0.12189581
v -0.10564891 0.85977793 0.00411887
v -0.10422582 0.86936247 0.00856268
v -0.10738883 0.89028358 0.01019983
v -0.18991244 0.88265753 -0.10652606
v -0.18502410 0.88887918 -0.11513027
v -0.18626513 0.88022846 -0.11373066
v -0.18950060 0.87629116 -0.10561170
v -0.07294539 0.97059321 -0.07077821
v -0.17345551 0.93693519 -0.04566185
v -0.15900117 0.95214701 -0.05562748
v -0.16879420 0.94545925 -0.06841694
v -0.18358551 0.93022120 -0.05783160
v -0.18748355 0.92767990 -0.07121063
v -0.17335165 0.93962765 -0.08114183
v -0.17809163 0.93292582 -0.09256796
v -0.19104522 0.92534387 -0.08401395
v -0.19018421 0.89030886 -0.10673950
v -0.18437187 0.89625847 -0.11492619
v -0.14574786 0.89447546 0.01056720
v -0.09641398 0.95269114 -0.01655586
v -0.09023091 0.93184388 -0.00375998
v -0.07757764 0.93567777 -0.01213399
v -0.08286354 0.95663977 -0.02711545
v -0.16093320 0.84508079 -0.06576888
v -0.14717647 0.84571332 -0.05288984
v -0.17012945 0.84464312 -0.07801216
v -0.18368810 0.86416352 -0.10355666
v -0.17804736 0.84857559 -0.08813034
v -0.10556648 0.84202075 -0.01543756
v -0.10625225 0.84903967 -0.00185637
v -0.09011937 0.90795863 0.00244182
v -0.07936663 0.91215557 -0.00448686
v -0.16421810 0.90671140 -0.00149836
v -0.17781754 0.91404450 -0.01940532
v -0.19640496 0.87206596 -0.09781993
v -0.19442797 0.86648059 -0.09806270
v -0.20070975 0.85498381 -0.09089000
v -0.18697646 0.86367083 -0.11143061
v -0.18715560 0.87179363 -0.11032262
v -0.10844430 0.96449244 -0.03923182
v -0.18754162 0.91607785 -0.03686489
v -0.19494951 0.91255558 -0.04914591
v -0.16047728 0.94718105 -0.09255156
v -0.15409648 0.95553678 -0.07997886
v -0.14188272 0.96136105 -0.09188113
v -0.14975309 0.95221883 -0.10399559
v -0.20160879 0.90752590 -0.07305411
v -0.20218752 0.90133595 -0.08055052
v -0.15500720 0.94155097 -0.11396728
v -0.16513237 0.93876475 -0.10295724
v -0.19855563 0.87821490 -0.09610784
v -0.06881758 0.91380668 -0.01199850
v -0.07244796 0.89225554 -0.00394464
v -0.06211690 0.89027882 -0.01062272
v -0.09145326 0.88567519 0.00771944
v -0.08212084 0.89029920 0.00244653
v -0.09924249 0.87765503 0.01018848
v -0.04847188 0.88995546 -0.01765786
v -0.23736107 0.64037883 -0.03441758
v -0.19760671 0.84917796 -0.09191440
v -0.20476009 0.83722329 -0.08568401
v -0.20732222 0.84372348 -0.08420336
v -0.22726528 0.78893256 -0.04751948
v 0.04371677 0.97401786 -0.02052988
v 0.04348590 0.97902405 -0.01596387
v 0.04184577 0.99923122 -0.00769572
v 0.04184526 1.00332808 -0.00717063
v -0.24661070 0.65513200 -0.00348738
v -0.24801978 0.64794648 -0.00098620
v -0.25775859 0.60861862 0.02324635
v -0.25443748 0.60025072 0.05021930
v -0.25292811 0.61780107 0.03808190
v -0.21894690 0.62688482 0.06436615
v -0.20431440 0.62348974 0.05744953
v -0.18180940 0.60257369 0.01690952
v -0.23478466 0.58238465 -0.01176013
v -0.21237463 0.47823530 0.11512537
v -0.22489388 0.47877115 0.11605604
v -0.21981555 0.45828927 0.12476568
v -0.20858577 0.45751324 0.12131821
v -0.20376457 0.43756020 0.12697791
v -0.19797656 0.43466669 0.11858998
v -0.20043696 0.45410702 0.11429743
v -0.19663715 0.43126950 0.10969751
v -0.19676217 0.45029086 0.10593115
v -0.19960031 0.42760655 0.10206930
v -0.20497538 0.42329666 0.09441717
v -0.20137109 0.44165483 0.08886574
v -0.19742619 0.44672376 0.09739761
v -0.20269519 0.45595020 0.07392769
v -0.20814660 0.43713954 0.08200108
v -0.21722157 0.43357503 0.07656924
v -0.21137115 0.45179880 0.06662290
v -0.24127865 0.41703433 0.09011619
v -0.24777189 0.42070287 0.09621586
v -0.24783576 0.43756098 0.08248158
v -0.23941216 0.43371370 0.07631947
v -0.25458890 0.46663120 0.08714585
v -0.25236189 0.46123534 0.07704054
v -0.25228107 0.44306502 0.09125037
v -0.25366491 0.44827038 0.10093574
v -0.25322300 0.43121737 0.11460923
v -0.24725971 0.43508968 0.12376224
v -0.25070536 0.45233625 0.11042432
v -0.21896589 0.51836431 0.09908740
v -0.21599634 0.49797791 0.10704790
v -0.20494594 0.49520493 0.10255067
v -0.19532235 0.46602827 0.09160982
v -0.19349118 0.48605740 0.08551972
v -0.19746892 0.49117705 0.09519069
v -0.19746062 0.47080004 0.10092683
v -0.20087667 0.48739210 0.04701047
v -0.19777605 0.47474372 0.06543373
v -0.20598677 0.46984830 0.05682537
v -0.19736125 0.46107581 0.08250318
v -0.19392413 0.48072368 0.07546802
v -0.22374237 0.45054054 0.06312118
v -0.22859776 0.43290168 0.07487120
v -0.23711708 0.47683540 0.11284195
v -0.24754697 0.47415969 0.10628699
v -0.24250999 0.45482165 0.11816411
v -0.23174141 0.45705995 0.12290995
v -0.21871901 0.46791610 0.05179778
v -0.25182426 0.49433434 0.09472190
v -0.24171677 0.49695313 0.10215966
v -0.25387269 0.47081789 0.09712677
v -0.25639337 0.49017882 0.08419316
v -0.22580919 0.43802264 0.13215242
v -0.21391749 0.43767896 0.13170074
v -0.22915977 0.49834701 0.10695569
v -0.23581278 0.45190245 0.06289180
v -0.24635759 0.45583880 0.06850855
v -0.24456555 0.47322616 0.05471787
v -0.23248005 0.46897265 0.05014944
v -0.25690043 0.50409758 0.05987386
v -0.25204927 0.47918800 0.06319584
v -0.25592589 0.48504543 0.07318051
v -0.25207242 0.42598769 0.10439448
v -0.25883099 0.50994170 0.07152937
v -0.18268831 0.34728697 0.13299732
v -0.18414879 0.35285920 0.12347500
v -0.17363057 0.34888256 0.12340863
v -0.17278273 0.34400341 0.13367037
v -0.17140982 0.36221594 0.10227962
v -0.16641277 0.37454471 0.10108168
v -0.15539590 0.36808532 0.10529213
v -0.16010475 0.35777375 0.10662659
v -0.16434896 0.34306222 0.13594113
v -0.16470647 0.34763488 0.12538855
v -0.15955231 0.34702849 0.13791530
v -0.15937716 0.33976373 0.15197901
v -0.16288504 0.33750150 0.14597152
v -0.15900797 0.32931396 0.16094325
v -0.16193749 0.34909952 0.15970896
v -0.16414762 0.33222213 0.16845270
v -0.18874192 0.35313842 0.16913365
v -0.20005316 0.35374284 0.16816522
v -0.19732469 0.33691615 0.17168413
v -0.18590276 0.33481884 0.17188941
v -0.21674880 0.34240544 0.16557418
v -0.20658591 0.33856213 0.16864960
v -0.20926061 0.35486579 0.16567065
v -0.21852818 0.35627326 0.16181837
v -0.19859312 0.34992248 0.13269521
v -0.20233703 0.35714674 0.12449224
v -0.19482563 0.35633865 0.12440948
v -0.19222537 0.35000420 0.13312940
v -0.15055022 0.35308528 0.13439201
v -0.15757528 0.35861573 0.14269142
v -0.15791841 0.35118499 0.14383106
v -0.15169141 0.34943673 0.13267587
v -0.22361618 0.37038082 0.10533835
v -0.22564021 0.38282555 0.10154365
v -0.21657456 0.38504198 0.10226996
v -0.21608530 0.37386605 0.10566996
v -0.18689251 0.38594523 0.09814791
v -0.19662425 0.39088675 0.10075758
v -0.18961845 0.40360555 0.10797198
v -0.18089712 0.39771903 0.10764159
v -0.17706066 0.38053644 0.09813483
v -0.17243168 0.39197156 0.10720943
v -0.16300505 0.38439712 0.10893129
v -0.15220383 0.37615329 0.11143182
v -0.23592372 0.38325518 0.10443084
v -0.23684946 0.37346485 0.10714470
v -0.17373541 0.26753068 0.14762722
v -0.17840707 0.26867974 0.14392413
v -0.17550962 0.27412695 0.14772688
v -0.17100631 0.27307200 0.15092640
v -0.24750462 0.38177204 0.12421893
v -0.24458054 0.38556322 0.13356589
v -0.24689192 0.39310056 0.12793718
v -0.24716598 0.38894847 0.11843596
v -0.24701583 0.37376776 0.13105862
v -0.24132964 0.37752724 0.14034353
v -0.17877203 0.26215005 0.15835236
v -0.17417161 0.26358998 0.15579017
v -0.17272364 0.26913309 0.15945248
v -0.17749768 0.26835954 0.16229860
v -0.17045507 0.33741447 0.14219548
v -0.17971879 0.34021157 0.14078836
v -0.16936256 0.31634852 0.15378128
v -0.17593861 0.32886264 0.14771624
v -0.16662118 0.32817280 0.14915489
v -0.16335112 0.31864992 0.15535395
v -0.19621895 0.33172905 0.14474575
v -0.19964483 0.34130305 0.13891147
v -0.19138372 0.33999646 0.14139269
v -0.18836041 0.32873747 0.14667426
v -0.21237123 0.33942097 0.13503622
v -0.20886655 0.33154181 0.14091484
v -0.21521433 0.33099946 0.13857125
v -0.21766421 0.33766598 0.13365589
v -0.20018326 0.31502855 0.14742665
v -0.20281851 0.30751041 0.14830552
v -0.20751600 0.30915287 0.14708306
v -0.20514400 0.31636158 0.14638491
v -0.24963686 0.40049785 0.12268136
v -0.24806798 0.39648989 0.11311369
v -0.23445818 0.34553519 0.15589224
v -0.24074060 0.34475222 0.14718728
v -0.23884234 0.33757454 0.14872305
v -0.23364794 0.33712074 0.15676920
v -0.23712775 0.38862556 0.14150064
v -0.24091160 0.39639843 0.13660870
v -0.18503757 0.26211643 0.15812151
v -0.18394983 0.26814464 0.16215663
v -0.16487053 0.38884944 0.12142839
v -0.15376544 0.37926638 0.12207143
v -0.17481011 0.39680955 0.12069328
v -0.18272927 0.40282172 0.12096970
v -0.18945274 0.40952319 0.12142508
v -0.17962177 0.32126215 0.15025471
v -0.18840063 0.34424931 0.13866286
v -0.20369473 0.34948748 0.13123928
v -0.23225218 0.34267858 0.12552653
v -0.23537880 0.34830999 0.12128310
v -0.22510190 0.34737229 0.12109761
v -0.22454244 0.34247789 0.12653755
v -0.23996979 0.34249783 0.13803385
v -0.23442841 0.33885646 0.13299356
v -0.23158181 0.33347651 0.13600333
v -0.23724467 0.33642256 0.14015318
v -0.14764524 0.35740870 0.13440903
v -0.15587682 0.36569434 0.13851981
v -0.24503294 0.37736934 0.11469059
v -0.24383146 0.38530266 0.11025737
v -0.24309686 0.39370042 0.10618432
v -0.21001588 0.36495247 0.11427124
v -0.21062635 0.37555990 0.10575600
v -0.20348856 0.37525553 0.10384558
v -0.20447204 0.36485803 0.11410369
v -0.18529005 0.35813147 0.11084832
v -0.18373762 0.36762089 0.10044353
v -0.17363033 0.35384458 0.11181240
v -0.20824517 0.38740730 0.10168393
v -0.21702451 0.39495158 0.10006724
v -0.20793945 0.39760190 0.10049532
v -0.22678921 0.39292267 0.09996994
v -0.23542644 0.39263010 0.10220383
v -0.21618000 0.40527102 0.09623815
v -0.20712771 0.40846640 0.09838067
v -0.22637121 0.40315154 0.09595804
v -0.23547192 0.40225971 0.09696983
v -0.25026649 0.41759717 0.12589894
v -0.25170088 0.41223952 0.11517401
v -0.24531132 0.40570420 0.13216715
v -0.19460332 0.41521254 0.11058353
v -0.19858241 0.40071410 0.10372184
v -0.19972730 0.41169742 0.10409345
v -0.19411361 0.41928831 0.12124728
v -0.15276289 0.35523534 0.10992973
v -0.14625192 0.35103261 0.11167665
v -0.15007177 0.34668210 0.11729862
v -0.15618718 0.35038942 0.11710973
v -0.16123785 0.31692868 0.16718183
v -0.15980808 0.31768098 0.16033851
v -0.16037869 0.32894972 0.15392037
v -0.22623974 0.36104003 0.11027603
v -0.23800328 0.36383045 0.11186568
v -0.17519331 0.31168124 0.15351357
v -0.17529128 0.27641153 0.16638513
v -0.17012723 0.27687225 0.16317432
v -0.16626245 0.29120860 0.16741134
v -0.17264485 0.28912368 0.17098053
v -0.18185148 0.30025733 0.15411864
v -0.17493840 0.30314302 0.15420733
v -0.17618713 0.29382882 0.15182926
v -0.18300140 0.29161635 0.15290968
v -0.21194462 0.31300336 0.14439760
v -0.21100575 0.31800017 0.14423119
v -0.18679671 0.31469795 0.16990004
v -0.17547674 0.31811416 0.17460121
v -0.17371893 0.33693463 0.17278011
v -0.20299411 0.33201778 0.14291473
v -0.20055257 0.32324973 0.14628743
v -0.20598100 0.32354632 0.14468841
v -0.18197708 0.31647724 0.15080349
v -0.18071263 0.30935320 0.15237825
v -0.18591221 0.31211630 0.15116005
v -0.18685460 0.32019427 0.14938568
v -0.24370465 0.35447231 0.14315663
v -0.24324566 0.34992403 0.13126259
v -0.17241241 0.26571643 0.15196012
v -0.17026906 0.27107799 0.15535469
v -0.24793631 0.40722212 0.10640906
v -0.24250376 0.40355888 0.10022186
v -0.20599848 0.34095576 0.13699250
v -0.17564142 0.35300058 0.16733275
v -0.20902315 0.34870592 0.12940733
v -0.22306922 0.32246566 0.15678050
v -0.22565185 0.32265228 0.14817433
v -0.22395416 0.31626493 0.14812540
v -0.22472742 0.31566849 0.15438218
v -0.18595791 0.28000811 0.15054636
v -0.17921075 0.28128141 0.14919017
v -0.18247008 0.27382708 0.14628296
v -0.18863539 0.27271700 0.14804266
v -0.16865730 0.30635029 0.15569030
v -0.16306445 0.30874380 0.15855514
v -0.16424684 0.29608336 0.15735613
v -0.16931432 0.29561627 0.15362410
v -0.16164356 0.30644974 0.16335838
v -0.16355647 0.29387507 0.16230638
v -0.19014944 0.27807292 0.15571912
v -0.18901221 0.27650070 0.16201518
v -0.18618050 0.28957382 0.16664754
v -0.18733427 0.28932181 0.15866531
v -0.22162579 0.36945155 0.15652047
v -0.23058312 0.36894238 0.15224810
v -0.22807440 0.35662058 0.15757696
v -0.22623885 0.34435499 0.16130398
v -0.22445907 0.33197591 0.15914683
v -0.21641356 0.32876828 0.16500132
v -0.23609912 0.35632753 0.15222131
v -0.19027528 0.30137071 0.16133137
v -0.18494350 0.30191925 0.16791780
v -0.19258165 0.30364406 0.16691895
v -0.21651565 0.34676528 0.12684508
v -0.16722959 0.27904472 0.15883611
v -0.19734848 0.40411150 0.14155476
v -0.20885387 0.40279448 0.14627390
v -0.20441970 0.39303139 0.15106700
v -0.19099581 0.39597952 0.14415626
v -0.17189433 0.28220713 0.15116607
v -0.16759418 0.28110051 0.15394576
v -0.21698934 0.31938073 0.14197288
v -0.21685749 0.31478608 0.14313619
v -0.22206126 0.31608984 0.14228891
v -0.22303420 0.32027808 0.14078195
v -0.23844287 0.36784071 0.14706759
v -0.23725748 0.33343357 0.14676063
v -0.23485078 0.33142364 0.15542416
v -0.23375890 0.38014886 0.14676015
v -0.22461639 0.38138062 0.15108643
v -0.22763026 0.39129251 0.14688717
v -0.20633771 0.31969908 0.16664134
v -0.21275097 0.36908898 0.16000681
v -0.21561988 0.38166976 0.15424244
v -0.21784793 0.39238641 0.14945249
v -0.22143747 0.40116411 0.14548831
v -0.23153138 0.39943054 0.14268972
v -0.18239614 0.27598375 0.16620453
v -0.19038971 0.26877147 0.15824710
v -0.23573105 0.40945634 0.13864492
v -0.24183401 0.42091030 0.13329415
v -0.23093827 0.42178154 0.13613121
v -0.22570468 0.41060647 0.14150505
v -0.20644653 0.38147658 0.15582995
v -0.19643633 0.38209757 0.15598018
v -0.20369986 0.36847889 0.16196804
v -0.19253422 0.36808479 0.16259472
v -0.19719359 0.32009897 0.17165141
v -0.19470176 0.25676847 0.14552380
v -0.19331765 0.26466221 0.14933823
v -0.19119124 0.26681560 0.14485784
v -0.19363707 0.25876105 0.14128114
v -0.19201748 0.27074379 0.15257697
v -0.19126336 0.26278275 0.15464370
v -0.17903405 0.36850223 0.16006140
v -0.18724206 0.30400759 0.15316416
v -0.18130463 0.38387850 0.14912708
v -0.16493528 0.36451855 0.15453170
v -0.16502795 0.37528405 0.14583392
v -0.18079722 0.39785707 0.13349585
v -0.17102478 0.38959920 0.13419424
v -0.19438276 0.41204086 0.13198651
v -0.18831664 0.40485021 0.13268916
v -0.19903705 0.42205602 0.13020389
v -0.15937766 0.37951678 0.13347514
v -0.17663135 0.26060212 0.14286421
v -0.18169771 0.26177162 0.13954972
v -0.20273577 0.41222689 0.13942443
v -0.20803888 0.42251343 0.13682182
v -0.16350365 0.35087013 0.11476572
v -0.21744780 0.35436347 0.11931194
v -0.21183854 0.35608351 0.12180431
v -0.23749480 0.35497117 0.11679129
v -0.22568721 0.35292515 0.11586364
v -0.21974926 0.42266208 0.13837360
v -0.21319523 0.41944996 0.08949338
v -0.22289325 0.41722471 0.08719771
v -0.23738968 0.43681499 0.12891765
v -0.17463070 0.25840300 0.14707540
v -0.20790307 0.30460915 0.15167798
v -0.21028548 0.30564722 0.15162466
v -0.14779347 0.36296231 0.10832544
v -0.14178258 0.35649109 0.11112787
v -0.13955539 0.36220932 0.12274335
v -0.13913769 0.36011624 0.11541195
v -0.14462972 0.36857113 0.11322780
v -0.14558634 0.37130660 0.12218104
v -0.21421008 0.36389095 0.11339758
v -0.21921709 0.36182669 0.11211060
v -0.24600598 0.36451748 0.13758336
v -0.24612758 0.35946444 0.12612684
v -0.16379392 0.30430439 0.16887729
v -0.16766059 0.31527621 0.17275833
v -0.17079821 0.30182511 0.17311774
v -0.17965314 0.28987443 0.17096893
v -0.18839407 0.30017719 0.15717642
v -0.18577227 0.29747656 0.15942003
v -0.19462864 0.37203348 0.10187168
v -0.19610061 0.36258078 0.11263858
v -0.15836674 0.34831989 0.12646072
v -0.15270725 0.34729508 0.12669836
v -0.19385740 0.32258087 0.14769189
v -0.20699106 0.30640152 0.16574691
v -0.19980714 0.30665350 0.17059387
v -0.19303393 0.31462294 0.14965527
v -0.18062396 0.25439394 0.15320070
v -0.17601341 0.25602019 0.15056662
v -0.17795876 0.30291888 0.17365484
v -0.21215440 0.32410628 0.14203103
v -0.21200055 0.31072998 0.16077678
v -0.20974344 0.30448642 0.15817861
v -0.23475173 0.33373797 0.14006577
v -0.21399778 0.41170633 0.14264832
v -0.18540391 0.26850986 0.14255889
v -0.18858485 0.26134413 0.13846077
v -0.19250038 0.25540835 0.14992647
v -0.18674862 0.25457722 0.15313558
v -0.24650311 0.36860159 0.12026469
v -0.20715927 0.35682189 0.12349124
v -0.23306590 0.41589692 0.08701216
v -0.15035909 0.37046176 0.13138662
v -0.14273378 0.36134708 0.13037868
v -0.19405928 0.30729833 0.15020947
v -0.22918774 0.32739678 0.15330593
v -0.21882357 0.31906223 0.16283669
v -0.22190729 0.31209856 0.15985651
v -0.21634378 0.30684012 0.15930055
v -0.21358064 0.30413017 0.15475012
v -0.19392323 0.24963558 0.14657412
v -0.18832719 0.24848729 0.14953403
v -0.18229342 0.24802047 0.14954613
v -0.17790273 0.25010425 0.14692388
v -0.17663211 0.25312632 0.14374028
v -0.19588687 0.25106233 0.14253069
v -0.19467324 0.25334108 0.13852762
v -0.18996090 0.25599939 0.13599305
v -0.19675638 0.24639380 0.13955055
v -0.19486776 0.24392271 0.14299969
v -0.18342176 0.23765153 0.14156513
v -0.18392266 0.24191147 0.14568619
v -0.18692231 0.23957616 0.14379548
v -0.18694627 0.23656136 0.14183502
v -0.18800919 0.23309827 0.13927440
v -0.18481940 0.23407781 0.13807260
v -0.19018570 0.24060619 0.14404558
v -0.19141544 0.23701197 0.14174600
v -0.19485047 0.23833185 0.14000203
v -0.19607045 0.23445255 0.13768511
v -0.19274685 0.23313487 0.13934790
v -0.19341350 0.24101412 0.14232074
v -0.18927780 0.24369287 0.14652513
v -0.18767823 0.23103851 0.13541989
v -0.18917215 0.23084974 0.13754044
v -0.19282098 0.23030478 0.13697667
v -0.19216307 0.22999471 0.13402848
v -0.17962192 0.24519110 0.14382772
v -0.18141489 0.23996913 0.13958441
v -0.18344274 0.23575133 0.13579522
v -0.18657273 0.23263812 0.13301353
v -0.18117422 0.24202543 0.13660567
v -0.18408230 0.23751241 0.13335441
v -0.18697122 0.23479593 0.13114254
v -0.18320283 0.24353343 0.13345067
v -0.18597341 0.23873729 0.13103370
v -0.18042687 0.25055122 0.13734011
v -0.17866743 0.24817771 0.14078723
v -0.18769586 0.23631275 0.13018338
v -0.19159465 0.23135972 0.13133250
v -0.19683534 0.24006820 0.13861020
v -0.19734479 0.23588634 0.13578354
v -0.19753027 0.24158025 0.13610105
v -0.19753730 0.23713672 0.13320728
v -0.19633174 0.23204589 0.13390867
v -0.19579266 0.23174977 0.13630073
v -0.17872609 0.25561321 0.13985644
v -0.18404008 0.25659251 0.13704841
v -0.18553673 0.25152665 0.13425921
v -0.18779531 0.24474257 0.13041936
v -0.19112186 0.25129491 0.13366406
v -0.19548495 0.24873292 0.13591264
v -0.19625703 0.24339724 0.13330810
v -0.19294532 0.24494606 0.13087501
v -0.19602090 0.23867267 0.13090141
v -0.19326764 0.23959583 0.12932210
v -0.18923907 0.23937172 0.12931646
v -0.19436154 0.23523170 0.12969844
v -0.19573872 0.23322731 0.13142140
v -0.19067641 0.23392099 0.13001923
v -0.19278932 0.23679733 0.12919174
v -0.19005682 0.23634273 0.12950455
v -0.20382963 0.26840293 0.13758697
v -0.20869921 0.27039564 0.13462333
v -0.20579502 0.27633828 0.13981871
v -0.20133623 0.27455854 0.14189039
v -0.20610686 0.26375210 0.15042163
v -0.20186546 0.26459676 0.14573000
v -0.19978926 0.27039951 0.15053307
v -0.20412117 0.26999742 0.15547158
v -0.21278429 0.26559347 0.15104969
v -0.21123433 0.27197397 0.15610890
v -0.20082420 0.27794224 0.16095601
v -0.19665140 0.27812958 0.15534221
v -0.19312733 0.29221582 0.15928592
v -0.19601588 0.29229388 0.16531919
v -0.20359205 0.29846367 0.14746280
v -0.20941591 0.29748476 0.14913504
v -0.20136543 0.26620346 0.14111842
v -0.19925420 0.27232069 0.14556561
v -0.21337120 0.28483170 0.14452453
v -0.20796524 0.28482428 0.14313923
v -0.21146092 0.27735907 0.13866566
v -0.21637426 0.27729148 0.14041124
v -0.19250143 0.29580244 0.15052722
v -0.19680268 0.29799399 0.14847039
v -0.19225365 0.29341909 0.15431158
v -0.21691328 0.28382969 0.14930554
v -0.21580672 0.28193703 0.15562297
v -0.21108457 0.29500395 0.16224791
v -0.21289772 0.29605460 0.15481763
v -0.19617727 0.27995721 0.14992325
v -0.20157924 0.28409436 0.14440574
v -0.19774133 0.28212252 0.14589147
v -0.20858142 0.27995315 0.16158913
v -0.21799186 0.27443063 0.15038855
v -0.22238551 0.26154357 0.13633065
v -0.22088397 0.27001268 0.14071955
v -0.21902601 0.27127308 0.13615899
v -0.22137287 0.26274025 0.13150446
v -0.21916598 0.27624315 0.14436333
v -0.21917544 0.26806527 0.14624529
v -0.20670931 0.25963742 0.13178281
v -0.21172158 0.26181948 0.12890388
v -0.20402704 0.25769120 0.13547502
v -0.20389363 0.29376629 0.16764875
v -0.20816366 0.25558043 0.14439826
v -0.20448080 0.25636035 0.13974379
v -0.21421677 0.27149421 0.13361003
v -0.21721052 0.26332831 0.12832741
v -0.22052474 0.25969213 0.14132030
v -0.21448836 0.25744492 0.14527847
v -0.22174035 0.25314075 0.13696145
v -0.21614698 0.25086325 0.14021234
v -0.21020418 0.24890107 0.13957413
v -0.20660491 0.25014025 0.13545339
v -0.20641840 0.25207317 0.13172729
v -0.22359671 0.25523800 0.13259946
v -0.22251715 0.25695264 0.12856661
v -0.21870917 0.25801671 0.12574734
v -0.22499824 0.24933785 0.12873156
v -0.22353730 0.24656790 0.13259242
v -0.21376963 0.23372555 0.12731729
v -0.21210951 0.23788738 0.13112085
v -0.21603829 0.23737824 0.13151200
v -0.21695858 0.23306799 0.12904190
v -0.21247156 0.24252146 0.13530420
v -0.21598294 0.24044299 0.13367634
v -0.21918550 0.24179786 0.13352998
v -0.22055969 0.23808634 0.13151358
v -0.22398962 0.23999166 0.12930600
v -0.22529602 0.23607308 0.12730430
v -0.22187495 0.23360074 0.12940653
v -0.22240843 0.24295008 0.13178067
v -0.21844660 0.23030162 0.12704568
v -0.21735218 0.23072296 0.12457393
v -0.21804152 0.24529397 0.13628887
v -0.20844445 0.24493980 0.13238673
v -0.21013635 0.23966926 0.12835516
v -0.21289185 0.23533380 0.12435846
v -0.21691887 0.23250908 0.12141715
v -0.21051472 0.24163401 0.12459974
v -0.21359758 0.23709720 0.12120812
v -0.21719858 0.23446202 0.11939658
v -0.21271987 0.24377507 0.12104557
v -0.21538146 0.23870641 0.11861978
v -0.21032272 0.25031668 0.12544732
v -0.20802167 0.24772233 0.12890808
v -0.21753514 0.23631340 0.11825325
v -0.22239870 0.22985643 0.12353806
v -0.22157916 0.23169410 0.12044291
v -0.22265881 0.22960007 0.12698291
v -0.22529699 0.24194586 0.12753652
v -0.22646049 0.23768896 0.12499802
v -0.22646558 0.24383563 0.12527744
v -0.22747312 0.23885942 0.12252565
v -0.22628404 0.23299944 0.12347610
v -0.22574604 0.23248637 0.12587391
v -0.20870893 0.25457835 0.12850057
v -0.21340236 0.25692576 0.12598805
v -0.21499237 0.25256944 0.12272327
v -0.21707439 0.24594718 0.11830626
v -0.21984565 0.25375485 0.12299345
v -0.22375335 0.25171137 0.12546264
v -0.22539526 0.24565607 0.12211297
v -0.22197928 0.24667221 0.11929624
v -0.22606374 0.24031466 0.11980774
v -0.22316808 0.24128491 0.11737143
v -0.21919328 0.24040526 0.11680911
v -0.22471172 0.23614347 0.11830808
v -0.22614121 0.23419756 0.12067096
v -0.22095354 0.23419309 0.11831103
v -0.22296152 0.23779428 0.11698936
v -0.22036879 0.23678076 0.11722825
v -0.22315210 0.28235757 0.13126747
v -0.22549227 0.28546578 0.12811805
v -0.22374538 0.29053956 0.13247459
v -0.22143793 0.28731948 0.13505499
v -0.22825605 0.27868658 0.14210881
v -0.22529013 0.27843469 0.13946415
v -0.22330199 0.28367287 0.14294861
v -0.22622696 0.28445387 0.14663742
v -0.23303375 0.28102845 0.14224942
v -0.23127016 0.28754723 0.14691721
v -0.22377938 0.29042530 0.15078513
v -0.22068842 0.28936720 0.14606623
v -0.21674006 0.29897520 0.15038665
v -0.21981724 0.29993886 0.15584920
v -0.22356343 0.27967995 0.13544010
v -0.22165859 0.28484583 0.13883339
v -0.22794999 0.29943448 0.13610561
v -0.22376850 0.29831076 0.13583417
v -0.22738406 0.29261076 0.13165306
v -0.23092605 0.29339010 0.13242821
v -0.21324825 0.30375680 0.14397626
v -0.21535397 0.30667946 0.14161791
v -0.21431065 0.30089396 0.14680560
v -0.23160867 0.29907030 0.13994639
v -0.23292780 0.29755515 0.14624022
v -0.22840224 0.30763805 0.15078117
v -0.22687918 0.30907875 0.14487909
v -0.21877943 0.29053596 0.14199506
v -0.22023438 0.29628965 0.13611110
v -0.21804094 0.29313067 0.13864492
v -0.22916682 0.29420245 0.15109320
v -0.23477928 0.29104316 0.14237158
v -0.23871002 0.27794552 0.12821339
v -0.23618034 0.28726536 0.13282599
v -0.23333794 0.28836995 0.12833126
v -0.23646438 0.27929211 0.12407593
v -0.23424020 0.29303509 0.13619278
v -0.23659226 0.28451890 0.13831954
v -0.22557370 0.27434731 0.12604271
v -0.22826034 0.27746671 0.12274502
v -0.22601362 0.27191687 0.12994383
v -0.22546867 0.30397409 0.15600695
v -0.22346066 0.30963159 0.14028569
v -0.23045516 0.27018070 0.13615809
v -0.22761965 0.27019531 0.13381718
v -0.22952653 0.28797263 0.12676089
v -0.23257980 0.27963221 0.12172385
v -0.23867878 0.27536947 0.13307507
v -0.23512557 0.27229959 0.13663749
v -0.24022651 0.26923990 0.12952997
v -0.23653191 0.26618528 0.13274486
v -0.23182712 0.26383919 0.13242929
v -0.22893441 0.26446182 0.12981810
v -0.22769371 0.26672822 0.12625311
v -0.24015936 0.27147096 0.12484770
v -0.23791844 0.27296972 0.12147747
v -0.23411639 0.27412969 0.11932935
v -0.24122998 0.26695758 0.12211134
v -0.24121842 0.26386380 0.12612434
v -0.23461810 0.24905926 0.12202565
v -0.23311256 0.25295544 0.12489103
v -0.23569414 0.25348544 0.12505548
v -0.23692483 0.24964130 0.12310205
v -0.23319539 0.25806320 0.12877612
v -0.23541898 0.25652832 0.12723921
v -0.23834404 0.25851959 0.12737922
v -0.23938730 0.25497514 0.12535493
v -0.24166185 0.25820279 0.12308191
v -0.24289700 0.25456053 0.12113844
v -0.24047679 0.25124222 0.12313519
v -0.24067590 0.26032919 0.12564622
v -0.23826107 0.24752963 0.12153243
v -0.23711959 0.24683815 0.11990319
v -0.23760438 0.26147032 0.12953196
v -0.22972317 0.25945598 0.12641390
v -0.23063271 0.25434643 0.12295635
v -0.23272872 0.24997067 0.11960517
v -0.23565018 0.24814153 0.11729293
v -0.22969070 0.25700086 0.11970283
v -0.23187138 0.25255877 0.11675175
v -0.23455638 0.25066495 0.11486058
v -0.23030959 0.25997299 0.11676918
v -0.23243184 0.25515115 0.11431162
v -0.22886549 0.26537275 0.12020625
v -0.22848570 0.26228523 0.12315486
v -0.23432627 0.25288349 0.11375292
v -0.24076441 0.24800158 0.11841716
v -0.23972335 0.24941283 0.11557122
v -0.24121755 0.24835908 0.12098478
v -0.24246469 0.26034129 0.12153102
v -0.24331421 0.25635779 0.11913113
v -0.24185982 0.26218069 0.11904688
v -0.24274662 0.25748885 0.11678626
v -0.24326944 0.25220639 0.11808573
v -0.24318659 0.25148058 0.11995290
v -0.22768086 0.26950145 0.12290020
v -0.23000485 0.27259809 0.12029032
v -0.23121402 0.26826507 0.11792038
v -0.23279226 0.26254541 0.11426930
v -0.23496716 0.26981640 0.11715876
v -0.23867270 0.26843417 0.11901145
v -0.23991233 0.26334512 0.11635058
v -0.23673379 0.26404613 0.11419021
v -0.24104348 0.25854754 0.11441468
v -0.23836866 0.25886297 0.11251502
v -0.23486315 0.25732106 0.11242197
v -0.24078348 0.25451899 0.11350594
v -0.24247929 0.25328296 0.11550881
v -0.23811200 0.25161022 0.11358376
v -0.23887590 0.25574863 0.11235376
v -0.23649889 0.25393713 0.11262332
v -0.21902716 0.30855531 0.14085661
v -0.23989931 0.30952924 0.12317069
v -0.24071413 0.31270230 0.12074639
v -0.23848125 0.31553429 0.12457399
v -0.23773906 0.31288865 0.12694277
v -0.24690327 0.30626190 0.13312186
v -0.24337700 0.30546820 0.13032742
v -0.24077845 0.30925035 0.13444994
v -0.24438018 0.31021878 0.13804065
v -0.25017434 0.31006891 0.13272916
v -0.24772245 0.31399098 0.13802184
v -0.23993099 0.31453520 0.14330249
v -0.23681784 0.31342834 0.13853537
v -0.23115067 0.32041341 0.14399885
v -0.23391813 0.32202885 0.14967673
v -0.23380594 0.33228043 0.13795547
v -0.22964576 0.32941809 0.13681339
v -0.23227543 0.32673454 0.13267930
v -0.23576874 0.32887307 0.13424610
v -0.24110723 0.30691481 0.12656410
v -0.23876017 0.31063133 0.13003106
v -0.24022043 0.32274547 0.12845482
v -0.23714703 0.32076955 0.12710755
v -0.24051413 0.31814125 0.12343071
v -0.24341986 0.31983218 0.12436672
v -0.22593510 0.32761192 0.13546441
v -0.22301216 0.32297608 0.13731499
v -0.22823772 0.32164484 0.13656901
v -0.22983797 0.32433504 0.13302039
v -0.22924709 0.32056946 0.13931789
v -0.24313015 0.32313466 0.13238086
v -0.24512443 0.32171932 0.13784634
v -0.24007690 0.32914871 0.14421959
v -0.23876113 0.32996854 0.13787048
v -0.23509482 0.31417957 0.13417555
v -0.23524810 0.31851834 0.12780355
v -0.23385851 0.31540591 0.13148130
v -0.24351454 0.31796259 0.14391945
v -0.24845821 0.31764820 0.13311715
v -0.25138205 0.31199658 0.11867262
v -0.24890080 0.31715882 0.12359293
v -0.24585742 0.31774223 0.12010081
v -0.24866188 0.31294572 0.11560617
v -0.24635902 0.31970847 0.12800424
v -0.25079778 0.31440324 0.12828009
v -0.24241209 0.30428135 0.11886923
v -0.24318996 0.30797458 0.11646618
v -0.24355978 0.30172259 0.12214427
v -0.23784715 0.32528901 0.15144913
v -0.24906212 0.30078614 0.12778078
v -0.24569628 0.30021775 0.12533034
v -0.24270484 0.31540245 0.11939250
v -0.24559975 0.31117439 0.11523740
v -0.25297680 0.30903262 0.12307079
v -0.25231773 0.30462992 0.12729691
v -0.25489050 0.30448228 0.11909185
v -0.25405777 0.30010712 0.12332739
v -0.25041848 0.29630882 0.12392087
v -0.24704927 0.29603499 0.12188901
v -0.24522662 0.29798043 0.11920802
v -0.25325537 0.30730397 0.11490540
v -0.25053239 0.30827188 0.11262666
v -0.24746522 0.30719626 0.11268447
v -0.25436112 0.30306363 0.11241718
v -0.25613943 0.29960078 0.11603500
v -0.25308788 0.28483582 0.11322866
v -0.25161278 0.28784478 0.11614670
v -0.25362837 0.28877705 0.11629711
v -0.25480893 0.28561080 0.11415328
v -0.25161046 0.29229897 0.12000613
v -0.25336614 0.29158825 0.11842521
v -0.25526476 0.29409778 0.11821167
v -0.25611711 0.29101688 0.11628245
v -0.25727314 0.29405904 0.11389808
v -0.25820896 0.29097360 0.11144243
v -0.25727141 0.28758442 0.11386712
v -0.25651771 0.29604691 0.11625855
v -0.25588191 0.28379530 0.11283608
v -0.25500882 0.28312570 0.11113887
v -0.25482431 0.29647470 0.12029384
v -0.24840581 0.29263532 0.11868544
v -0.24965096 0.28826791 0.11495800
v -0.25175375 0.28501105 0.11151730
v -0.25380817 0.28404880 0.10881583
v -0.24831507 0.29025882 0.11320440
v -0.25062034 0.28667504 0.10979401
v -0.25285622 0.28584075 0.10742252
v -0.24734154 0.29340726 0.11091189
v -0.25014257 0.28910065 0.10784985
v -0.24558508 0.29778618 0.11379264
v -0.24649340 0.29463768 0.11662368
v -0.25198591 0.28747779 0.10672976
v -0.25761747 0.28488976 0.10920189
v -0.25603968 0.28574288 0.10690345
v -0.25833687 0.28541118 0.11207367
v -0.25708261 0.29647499 0.11194222
v -0.25822321 0.29224783 0.10872565
v -0.25552735 0.29874760 0.10965519
v -0.25673369 0.29363453 0.10666691
v -0.25863701 0.28860474 0.10804854
v -0.25907221 0.28844184 0.11027656
v -0.24435326 0.30085170 0.11628093
v -0.24508321 0.30458730 0.11395453
v -0.24637321 0.30133402 0.11150239
v -0.24810663 0.29656172 0.10846458
v -0.24865523 0.30369186 0.11008601
v -0.25171006 0.30436534 0.11034457
v -0.25332654 0.29940021 0.10763739
v -0.25033498 0.29883558 0.10701738
v -0.25471255 0.29408622 0.10536708
v -0.25230867 0.29352230 0.10490073
v -0.25036457 0.29181486 0.10609888
v -0.25508887 0.28973550 0.10511218
v -0.25707299 0.28912431 0.10597716
v -0.25425524 0.28707767 0.10583471
v -0.25344250 0.29025990 0.10480444
v -0.25261235 0.28869224 0.10549344
v -0.23646405 0.33223504 0.14142089
v -0.13918626 0.34855732 0.13493501
v -0.14213499 0.34445485 0.13464902
v -0.14271688 0.34033817 0.11752628
v -0.14449731 0.33961511 0.12457730
v -0.13893086 0.34380430 0.11313890
v -0.13227466 0.35116708 0.11695240
v -0.13489318 0.34768227 0.11363412
v -0.14414966 0.34120658 0.13131897
v -0.13503844 0.35208985 0.13151525
v -0.13228095 0.35333064 0.12399782
v -0.12754741 0.34376651 0.13332506
v -0.12453838 0.34496605 0.12558599
v -0.12498163 0.34281921 0.11774622
v -0.12890503 0.34008265 0.11433576
v -0.13361907 0.33725870 0.11372347
v -0.13245806 0.34112975 0.13732769
v -0.13654751 0.33803010 0.13640742
v -0.13888979 0.33544880 0.13123478
v -0.12591854 0.33338282 0.13896103
v -0.11943328 0.33342305 0.13568558
v -0.11039715 0.32215714 0.12331910
v -0.11396509 0.32686362 0.12126090
v -0.11215767 0.32760581 0.12497355
v -0.10925122 0.32447237 0.12621202
v -0.11749604 0.33307254 0.12052818
v -0.11417892 0.33057326 0.12481911
v -0.11436387 0.33120745 0.12977500
v -0.11198130 0.32857400 0.13065751
v -0.11536788 0.33058152 0.13423391
v -0.11319586 0.32830787 0.13614292
v -0.10883649 0.32556897 0.13156550
v -0.10644626 0.32201093 0.12807487
v -0.10591065 0.32230514 0.13221101
v -0.10704362 0.31933287 0.12683590
v -0.11764907 0.33553311 0.12832154
v -0.12254532 0.33235997 0.11571534
v -0.11722609 0.32553130 0.11849050
v -0.11267566 0.31981578 0.12215973
v -0.10967844 0.31551176 0.12645678
v -0.12154552 0.32292086 0.11830391
v -0.11627438 0.31753466 0.12310557
v -0.11325859 0.31550151 0.12777142
v -0.12534851 0.32149380 0.12243034
v -0.11924457 0.31713641 0.12647621
v -0.13295174 0.32902586 0.11867522
v -0.12796336 0.33058536 0.11511947
v -0.11609661 0.31576866 0.12878536
v -0.10581052 0.31834877 0.13267545
v -0.10919466 0.31570297 0.13297115
v -0.11614754 0.32730642 0.13898887
v -0.11032834 0.32521522 0.13693024
v -0.11224737 0.32302892 0.13967378
v -0.12009715 0.32620394 0.14043279
v -0.11530014 0.32072246 0.14050837
v -0.10850649 0.31998873 0.13823764
v -0.10734519 0.32275206 0.13651596
v -0.13766634 0.33511820 0.11713611
v -0.13887084 0.33467233 0.12384652
v -0.13444331 0.32879552 0.12598060
v -0.12758178 0.32162541 0.12865274
v -0.13410422 0.32960933 0.13342081
v -0.13094407 0.33122596 0.13888885
v -0.12418031 0.32390738 0.13992687
v -0.12696177 0.32242578 0.13562922
v -0.11815750 0.31856489 0.13919114
v -0.12046986 0.31802088 0.13579343
v -0.12064695 0.31751654 0.13100956
v -0.11435088 0.31591576 0.13662262
v -0.11128821 0.31711841 0.13822828
v -0.11289274 0.31501466 0.13261531
v -0.11685535 0.31613672 0.13504995
v -0.11636781 0.31567550 0.13201536
v -0.23006496 0.33052397 0.13704668
v -0.22415777 0.32865602 0.13629289
v -0.22590443 0.33170900 0.13552479
v -0.22889787 0.33686331 0.13124166
v -0.23753700 0.34308857 0.12857752
v -0.22256270 0.33698362 0.13242759
v -0.21990074 0.33137086 0.13667323
v -0.21860701 0.32495248 0.13890417
v -0.21943712 0.34232837 0.12900366
v 0.00483407 1.06556416 -0.02515432
v 0.00743485 1.06608677 -0.02211381
v 0.00601054 1.06029952 -0.02724572
v 0.00380344 1.06124008 -0.02945876
v 0.01258957 1.05955577 -0.02325593
v 0.00755579 1.05962777 -0.02583168
v 0.01165554 1.06589735 -0.01986283
v 0.01698050 1.06584382 -0.01949503
v 0.02541009 1.06300712 -0.02164496
v 0.02727655 1.06161761 -0.02141847
v 0.02636191 1.06098402 -0.02128790
v 0.02402046 1.06090832 -0.02169590
v 0.02012926 1.06032276 -0.02157305
v 0.00142245 1.06462526 -0.03209569
v 0.00186729 1.06523180 -0.03039815
v 0.00292942 1.06565750 -0.02785872
v 0.01629816 1.05986989 -0.02197020
v 0.00237059 1.06269920 -0.03132941
v 0.00162164 1.06376278 -0.03242643
v 0.02178084 1.06523871 -0.02012461
v 0.01214058 1.06193244 -0.02253138
v 0.00836295 1.06194365 -0.02425434
v 0.01174759 1.06427491 -0.02144356
v 0.01614745 1.06389856 -0.02028534
v 0.02216249 1.06187952 -0.02132820
v 0.01956078 1.06182790 -0.02116014
v 0.00565849 1.06225502 -0.02654104
v 0.01597841 1.06181645 -0.02157728
v 0.00781818 1.06403852 -0.02340965
v 0.02017814 1.06344390 -0.02035946
v 0.02271720 1.06285155 -0.02095200
v 0.00204121 1.06420004 -0.03131406
v 0.00210000 1.06379545 -0.03139149
v 0.06561182 0.84832716 -0.09182597
v 0.06646453 0.83129948 -0.08626635
v 0.00528796 1.06397676 -0.02580486
v 0.00265909 1.06338763 -0.03027484
v 0.00378093 1.06275392 -0.02858263
v 0.00355829 1.06424618 -0.02822776
v 0.00257355 1.06431413 -0.03013499
v -0.12154806 0.78053528 -0.01289643
v -0.13188854 0.78625154 0.00100540
v -0.18836577 0.79967988 0.00675197
v -0.21038559 0.80882537 -0.00593542
v -0.02189157 0.53997022 -0.02297400
v -0.14797170 0.59816295 -0.20280850
v -0.15748233 0.62573868 -0.19772477
v -0.08645983 0.61554343 -0.26827428
v -0.10601185 0.61125493 -0.25798866
v -0.13034905 0.57323408 -0.07997939
v -0.13222204 0.59838146 -0.07317116
v -0.07000389 0.56389445 -0.03926779
v -0.07048576 0.58950680 -0.03578550
v -0.11053449 0.54517764 -0.06806008
v -0.10579293 0.56013376 -0.24045293
v -0.12131146 0.55804724 -0.22438745
v -0.12677756 0.57940584 -0.22431412
v -0.11237770 0.58222133 -0.24209535
v -0.06535902 0.61940694 -0.27122217
v -0.05295909 0.59151858 -0.26793078
v -0.14794326 0.63079369 -0.08681262
v -0.16136411 0.63556516 -0.11204225
v -0.17151409 0.64705968 -0.16473269
v -0.16767474 0.65420365 -0.18980390
v -0.15782094 0.66319042 -0.21189345
v -0.14402878 0.67109448 -0.23166937
v -0.04456534 0.61494577 -0.02701232
v -0.01744501 0.64013475 -0.02364454
v -0.13066658 0.62612039 -0.06636396
v 0.02555428 0.61539441 -0.03308748
v -0.13451295 0.71664846 -0.24332605
v -0.11316773 0.71756613 -0.26290280
v -0.16963904 0.64108145 -0.13839243
v 0.05561932 0.78930867 -0.06109194
v 0.04235022 0.79530966 -0.04906559
v 0.04221755 0.77903301 -0.04372312
v 0.05426176 0.77339917 -0.05620790
v 0.02927607 0.78474331 -0.03281789
v 0.01419428 0.78976858 -0.02424517
v -0.00073178 0.79416221 -0.01717079
v -0.04395607 0.80092233 -0.00868766
v -0.03059849 0.79971552 -0.00924347
v -0.06820439 0.80086511 -0.01434392
v -0.05677040 0.80157512 -0.00969459
v -0.07923067 0.79692680 -0.02361198
v -0.09261098 0.79084182 -0.03582397
v -0.10791104 0.80229378 -0.04708567
v -0.10998356 0.78362954 -0.04568149
v -0.09363402 0.77256888 -0.03433894
v -0.07789566 0.78015870 -0.02450942
v -0.06534102 0.78475207 -0.01609796
v 0.04668524 0.71147871 -0.06201044
v 0.05514755 0.73334700 -0.06466407
v 0.06438064 0.86426419 -0.09811094
v -0.24076125 0.56526136 -0.00009136
v -0.20285806 0.47538254 0.10930122
v -0.01793197 0.92644471 -0.22357652
v -0.02981406 0.93722188 -0.21046589
v -0.06039851 0.96730781 -0.14621074
v -0.06042265 0.97469711 -0.11554156
v -0.05592487 0.95664239 -0.17301658
v -0.04667433 0.94295096 -0.19532903
v -0.10418784 0.64921254 -0.04660921
v -0.05099538 0.90881348 -0.22082233
v -0.05456963 0.93508899 -0.19883449
v -0.06445123 0.95089138 -0.17501694
v -0.07301963 0.96419644 -0.14619876
v -0.07598405 0.97268414 -0.11227322
v -0.08762770 0.97208917 -0.09546319
v -0.12125023 0.97056794 -0.08847484
v -0.13197049 0.96739125 -0.07752669
v -0.14560916 0.96125746 -0.06664006
v -0.13430069 0.96283877 -0.04819573
v -0.12070128 0.96797889 -0.06019624
v -0.21078019 0.84980893 -0.02012332
v -0.21669921 0.83060986 -0.02204706
v -0.22256292 0.81874192 -0.03031583
v -0.22661017 0.81178308 -0.04092965
v -0.22689641 0.81046045 -0.05466028
v -0.22188078 0.81488073 -0.06812108
v -0.21233588 0.82536268 -0.07879068
v -0.19177735 0.86139321 -0.09751959
v -0.18796876 0.87086964 -0.10446913
v -0.18602456 0.85715342 -0.11335886
v -0.18529689 0.84829116 -0.11853204
v -0.18380605 0.81142879 -0.14233786
v -0.18119507 0.78879857 -0.15612733
v -0.17699754 0.76063365 -0.17268765
v -0.10623764 0.46356988 -0.25804436
v -0.12474138 0.46590841 -0.24294442
v -0.12164854 0.48162058 -0.23697117
v -0.10245307 0.48073417 -0.25142032
v -0.05848939 0.51557738 -0.25879538
v -0.03529066 0.51372486 -0.26250994
v -0.15525301 0.48039198 -0.17040518
v -0.15432444 0.47344092 -0.14472263
v -0.13740818 0.48366904 -0.21765825
v -0.14899053 0.48371226 -0.19580279
v -0.14505011 0.46365133 -0.11995127
v -0.06861559 0.42120910 -0.05987446
v -0.04502748 0.41357344 -0.05053964
v 0.00002342 0.40567064 -0.04253744
v 0.01997651 0.40471172 -0.04403570
v -0.13129243 0.45281830 -0.10034634
v -0.02188358 0.40830320 -0.04464869
v -0.11360677 0.44124299 -0.08446132
v -0.09277213 0.43057564 -0.07154956
v -0.08002848 0.51609397 -0.25095823
v -0.08020478 0.49585968 -0.25425547
v -0.10005534 0.49854374 -0.24496388
v -0.09765439 0.81076431 -0.24864587
v -0.11531844 0.82002604 -0.23226692
v -0.13096532 0.83191645 -0.21646090
v -0.13334642 0.86856914 -0.19495381
v -0.14341362 0.84791237 -0.19814537
v -0.15547027 0.86488414 -0.18081948
v -0.14437202 0.88459414 -0.17919597
v -0.15655491 0.90745735 -0.14789000
v -0.17656608 0.89605987 -0.14608674
v -0.17233436 0.90282202 -0.13750370
v -0.16085190 0.91469359 -0.13728300
v -0.17349339 0.90713263 -0.13092451
v -0.17855671 0.90717691 -0.12235003
v -0.18317486 0.90433890 -0.11327121
v -0.19219519 0.89702690 -0.10427640
v -0.19653672 0.91357702 -0.09475038
v -0.18040754 0.92346150 -0.10250513
v -0.14829685 0.92313832 -0.14408478
v -0.14112192 0.91438782 -0.15973020
v -0.08222485 0.85033613 -0.23925498
v -0.06527877 0.84058475 -0.25100532
v -0.12684399 0.78341728 -0.05611770
v -0.14534956 0.78513277 -0.06883675
v -0.16155343 0.78970110 -0.08143992
v -0.17341009 0.79622918 -0.09410241
v -0.18141454 0.80603641 -0.10717545
v -0.18449931 0.81577021 -0.12012002
v -0.18463509 0.83839720 -0.12485847
v -0.18456563 0.82630557 -0.13241521
v -0.18401009 0.85021269 -0.13381694
v -0.18214372 0.83852881 -0.14324343
v -0.17855811 0.85065651 -0.15210781
v -0.17318733 0.86480397 -0.15950422
v -0.16628830 0.88314545 -0.16382313
v -0.15171355 0.89826107 -0.16388661
v -0.13355583 0.90310228 -0.17624189
v -0.12361500 0.88924432 -0.19269392
v -0.10307979 0.89407325 -0.20436330
v -0.09280887 0.91230905 -0.19788191
v -0.11230645 0.87539655 -0.21001565
v -0.12137056 0.85346067 -0.21488841
v -0.02969931 0.97710919 -0.15504423
v -0.02459105 0.96720910 -0.18059669
v -0.21700892 0.84075874 -0.07284200
v -0.21343642 0.84106445 -0.07817094
v -0.21385080 0.83413994 -0.07786512
v -0.21955982 0.82913285 -0.06957378
v -0.22412600 0.82741886 -0.05977859
v -0.22154447 0.84553814 -0.05750257
v -0.22112478 0.84036356 -0.06506807
v -0.22486044 0.83017612 -0.04937537
v -0.22237675 0.83653957 -0.04104133
v -0.22016206 0.85134149 -0.05020989
v -0.21866331 0.84632516 -0.03465049
v -0.21747661 0.85888952 -0.04416172
v -0.21399139 0.85960317 -0.03236575
v -0.21445273 0.86610812 -0.04081231
v -0.19770527 0.91243100 -0.06216587
v -0.20543766 0.89622319 -0.05369005
v -0.21106902 0.87908882 -0.04584834
v -0.20144182 0.88452637 -0.09325220
v -0.20979345 0.86998254 -0.08177905
v -0.21674715 0.85612154 -0.07254295
v -0.21766856 0.86144543 -0.06630458
v -0.21118872 0.87667495 -0.07598924
v -0.20284197 0.89256072 -0.08792026
v -0.08755014 0.83241469 -0.24389923
v -0.10627235 0.84157687 -0.23034702
v -0.16609043 0.91790652 -0.12786287
v -0.17214034 0.91842520 -0.11891118
v -0.18116143 0.91476345 -0.10988819
v -0.19290127 0.90624613 -0.09960705
v -0.16825014 0.92828023 -0.11213735
v -0.16097227 0.93019390 -0.12241357
v -0.15391517 0.92837864 -0.13328153
v -0.09818801 0.86204767 -0.22627760
v -0.06944963 0.82395166 -0.25543541
v -0.10007988 0.90033400 0.00721554
v -0.10336643 0.92406362 0.00371774
v -0.11149254 0.94447225 -0.00646605
v -0.12225600 0.95788896 -0.02605267
v -0.19343409 0.64116502 -0.04277112
v -0.04431809 0.56533527 -0.26247066
v -0.03787331 0.53980094 -0.25854060
v -0.06059011 0.53953278 -0.25647372
v -0.08978048 0.71748841 -0.27338609
v -0.07708109 0.80283636 -0.26054382
v -0.01668128 0.76738298 -0.01013158
v -0.00300841 0.76507658 -0.01299378
v -0.00145433 0.77923334 -0.01449636
v -0.01552659 0.78194892 -0.01090199
v -0.04161650 0.77096850 -0.01047359
v -0.02966648 0.76940644 -0.00950481
v -0.02910643 0.78422570 -0.00930610
v -0.04181064 0.78565729 -0.00978294
v -0.05279505 0.77080774 -0.01262538
v -0.05364853 0.78612155 -0.01164792
v -0.03126938 0.75472558 -0.00919658
v -0.01838317 0.75320160 -0.00947610
v -0.00491884 0.75132966 -0.01247320
v -0.05258660 0.75630146 -0.01330990
v -0.04259449 0.75616097 -0.01085815
v 0.04382871 0.94130778 -0.05309395
v 0.04154415 0.94174528 -0.03919195
v 0.04344265 0.98371136 -0.01384385
v 0.04354431 0.98860061 -0.01413299
v 0.06166624 0.88827890 -0.10672127
v 0.05955217 0.89979273 -0.10712426
v 0.06029550 0.75142986 -0.06828915
v 0.06707399 0.78309315 -0.07461045
v 0.06763226 0.79923356 -0.07698646
v 0.06747825 0.81537497 -0.08059605
v 0.06230383 0.87737203 -0.10216039
v 0.06467579 0.76661682 -0.07162068
v -0.17858094 0.27632859 -0.21410717
v -0.16836828 0.25942531 -0.23688711
v -0.16913120 0.29354551 -0.24022508
v -0.15907544 0.28085780 -0.25717402
v -0.17054681 0.37295374 -0.21458083
v -0.17171711 0.33892366 -0.21935654
v -0.16761234 0.40263212 -0.20986357
v -0.14283125 0.27504340 -0.27744102
v -0.11988308 0.27183741 -0.29311129
v -0.11582384 0.30092514 -0.30359662
v -0.15594600 0.40315026 -0.23806670
v -0.16005333 0.37525755 -0.24449125
v -0.16136993 0.30680269 -0.25786945
v -0.17239845 0.31328696 -0.22774571
v -0.16185997 0.32264480 -0.25399154
v -0.13840848 0.30280641 -0.29045117
v -0.15347783 0.30351090 -0.27234602
v -0.06640060 0.45815974 -0.27736044
v -0.04460657 0.43779081 -0.29508567
v -0.07092587 0.43922547 -0.28726801
v -0.14105518 0.46764332 -0.22306728
v -0.13103861 0.44693297 -0.24967542
v -0.15107024 0.32586467 -0.27617070
v -0.13398643 0.32687756 -0.29399133
v -0.11080752 0.32598218 -0.30858931
v -0.10218396 0.39926916 -0.29516283
v -0.10510365 0.37582183 -0.30311361
v -0.12715302 0.37564957 -0.28938380
v -0.12390994 0.40011042 -0.28097981
v -0.13724501 0.42612636 -0.25678998
v -0.14125963 0.40178621 -0.26181275
v -0.09842362 0.42172265 -0.28659061
v -0.11907790 0.42386588 -0.27315927
v -0.11264486 0.44490516 -0.26582488
v -0.14595950 0.37491193 -0.26923785
v -0.07993560 0.34901577 -0.31819952
v -0.10773564 0.35036039 -0.30918238
v -0.05062291 0.34732801 -0.32202554
v -0.09279320 0.44209224 -0.27787939
v -0.08715916 0.46090031 -0.26870972
v -0.08282652 0.47818801 -0.26105228
v -0.08226119 0.53808546 -0.24867460
v -0.12218966 0.02875555 -0.09762132
v 0.00053157 0.19560128 -0.16916052
v -0.00186001 0.19432694 -0.18493812
v -0.15808164 0.29071453 -0.08302867
v -0.18297899 0.28500167 -0.15560038
v -0.18057181 0.30172932 -0.19660264
v -0.00930717 0.20756695 -0.10881887
v -0.00088813 0.20002562 -0.13391106
v -0.13527620 0.27519184 -0.06166759
v -0.07875805 0.24184763 -0.06091964
v 0.00147640 0.19784653 -0.15363576
v -0.16128913 0.34881991 -0.25108191
v -0.14785455 0.35069242 -0.27427968
v -0.12979443 0.35117561 -0.29357105
v -0.08244344 0.32498702 -0.31756556
v -0.05118738 0.32432693 -0.32058337
v 0.00481539 0.24398711 -0.06384531
v 0.00945591 0.26124126 -0.06419688
v 0.01977308 0.25908652 -0.06541592
v 0.01870690 0.23753813 -0.06826883
v -0.06781404 0.39766666 -0.06407644
v -0.04285807 0.38869578 -0.05647789
v 0.00140879 0.38187039 -0.04980536
v 0.02034450 0.38124430 -0.05099925
v -0.13658474 0.43442279 -0.10198601
v -0.01927242 0.38476959 -0.05165859
v -0.11901519 0.42120540 -0.08684231
v -0.09549150 0.40831506 -0.07397384
v -0.17481664 -0.43841320 -0.24848768
v -0.17865977 -0.46694583 -0.24595621
v -0.17939839 -0.46418530 -0.26072678
v -0.17430225 -0.43464738 -0.26372173
v -0.18783063 -0.42428595 -0.28648627
v -0.17759418 -0.42917317 -0.28131562
v -0.20133182 -0.42295033 -0.28638548
v -0.20011146 -0.45521933 -0.29027623
v -0.21084408 -0.45679063 -0.28285575
v -0.21340233 -0.42401236 -0.28096160
v -0.22213568 -0.42557651 -0.27151412
v -0.22753957 -0.45948762 -0.26297253
v -0.22661793 -0.46120220 -0.24452361
v -0.22865610 -0.43047482 -0.24019757
v -0.22783789 -0.42721182 -0.25862801
v -0.22365463 -0.43714017 -0.22171789
v -0.22395229 -0.46688777 -0.22633038
v -0.21012846 -0.44363016 -0.21417177
v -0.17855276 -0.44189399 -0.23332842
v -0.18091206 -0.47013408 -0.22939740
v -0.18727204 -0.45563072 -0.29042935
v -0.17954157 -0.45858949 -0.28056124
v -0.17394845 -0.43205100 -0.27375317
v -0.17978820 -0.46138471 -0.27044868
v -0.17877370 -0.49173349 -0.25606090
v -0.17533797 -0.49347788 -0.23953989
v -0.18468162 -0.48424309 -0.29203841
v -0.18318143 -0.48744124 -0.27825448
v -0.20606744 -0.48667008 -0.28325671
v -0.19677979 -0.48439080 -0.29455650
v -0.22741123 -0.49031860 -0.26663616
v -0.21951835 -0.45847732 -0.27400774
v -0.21729848 -0.48824865 -0.27587515
v -0.22964063 -0.49082047 -0.24747504
v -0.22756112 -0.49616224 -0.22589669
v -0.18101884 -0.49585205 -0.22059533
v -0.18179391 -0.49000674 -0.26690346
v -0.29392624 -0.57878143 -0.08660775
v -0.28938472 -0.58198351 -0.08192252
v -0.28756493 -0.57785362 -0.08361910
v -0.29021865 -0.57597572 -0.08639271
v -0.26855534 -0.59520131 -0.06241871
v -0.26239157 -0.60331112 -0.05828245
v -0.25726569 -0.59393388 -0.05675901
v -0.26256198 -0.58793920 -0.05913024
v -0.28188139 -0.58752900 -0.06863948
v -0.28837079 -0.58423740 -0.07228819
v -0.28573304 -0.58794993 -0.07436794
v -0.28219056 -0.59000200 -0.07203853
v -0.29473621 -0.56957239 -0.12298895
v -0.29667085 -0.56765062 -0.12788555
v -0.29792225 -0.57149523 -0.12889555
v -0.29622018 -0.57362348 -0.12593797
v -0.29641646 -0.57618028 -0.10110024
v -0.29761249 -0.57389003 -0.10610133
v -0.29942822 -0.57784003 -0.10726329
v -0.29795212 -0.57977837 -0.10425541
v -0.25359130 -0.58598143 -0.07994088
v -0.25862825 -0.58500463 -0.06725310
v -0.25134915 -0.59381598 -0.06404023
v -0.24212170 -0.59259564 -0.07508120
v -0.25030184 -0.60486478 -0.06472784
v -0.25720066 -0.60532469 -0.07122275
v -0.25070423 -0.60784942 -0.08365881
v -0.24220687 -0.60507661 -0.07750795
v -0.26656348 -0.59929055 -0.07467396
v -0.26120406 -0.60111672 -0.08727051
v -0.26372200 -0.59063643 -0.08664646
v -0.27072442 -0.58736187 -0.07302504
v -0.27723569 -0.58060902 -0.09188670
v -0.28594452 -0.58055502 -0.08153909
v -0.27922338 -0.57860380 -0.07795010
v -0.27022779 -0.57680088 -0.08868360
v -0.27341825 -0.58207697 -0.07335376
v -0.26313215 -0.58262211 -0.08244091
v -0.26567644 -0.59227043 -0.08427191
v -0.27361417 -0.59011739 -0.07136281
v -0.27762240 -0.59284812 -0.07696801
v -0.27018654 -0.59524995 -0.08905661
v -0.27664357 -0.59070903 -0.09264717
v -0.28378373 -0.58891469 -0.08143622
v -0.28028983 -0.57141453 -0.10221478
v -0.28726083 -0.57451206 -0.09207627
v -0.28282243 -0.57781261 -0.08826790
v -0.27456325 -0.57636029 -0.09600341
v -0.28411460 -0.58616203 -0.08665940
v -0.28769433 -0.58681399 -0.09012279
v -0.28114539 -0.58821529 -0.09932183
v -0.27700496 -0.58639389 -0.09498902
v -0.28607279 -0.58315688 -0.10400011
v -0.29288411 -0.58337492 -0.09408506
v -0.28701276 -0.57388085 -0.10390022
v -0.29333872 -0.57642931 -0.09477983
v -0.29120833 -0.56971699 -0.12282064
v -0.29693711 -0.57267863 -0.11372907
v -0.29254812 -0.57006902 -0.11104837
v -0.28499079 -0.56623608 -0.12041745
v -0.28953505 -0.57107049 -0.10674608
v -0.28214771 -0.56913024 -0.11343075
v -0.29006296 -0.57658178 -0.10446762
v -0.29310155 -0.58143169 -0.10796985
v -0.28803933 -0.58116537 -0.11558585
v -0.28542489 -0.57508546 -0.11027459
v -0.29697090 -0.57865447 -0.11272767
v -0.29114985 -0.57811052 -0.12218253
v -0.28612936 -0.56353217 -0.14154264
v -0.28839928 -0.57052666 -0.14517695
v -0.29423958 -0.56790000 -0.13547441
v -0.29132992 -0.56410104 -0.13337018
v -0.28917450 -0.56502157 -0.12848434
v -0.28464085 -0.56429237 -0.13405500
v -0.28950983 -0.57050627 -0.12681046
v -0.29282296 -0.57586294 -0.13000923
v -0.28925204 -0.57651931 -0.13577861
v -0.28696346 -0.56980830 -0.13166679
v -0.29566282 -0.57321185 -0.13449664
v -0.29016685 -0.57477039 -0.14234471
v -0.23530191 -0.59196192 -0.08731484
v -0.25007415 -0.58546835 -0.09311469
v -0.26204199 -0.60324007 -0.06337872
v -0.23645288 -0.60529190 -0.09102064
v -0.26741958 -0.59961110 -0.06608368
v -0.25853705 -0.60106045 -0.09999587
v -0.24517184 -0.60846025 -0.09730050
v -0.26022911 -0.59238929 -0.09174959
v -0.28372526 -0.58096606 -0.07221511
v -0.27224654 -0.58481377 -0.09986904
v -0.27088541 -0.59228224 -0.10838554
v -0.27974755 -0.58298093 -0.06972958
v -0.26252908 -0.57713836 -0.10333465
v -0.27178007 -0.57187265 -0.11893693
v -0.29158086 -0.58485264 -0.08537017
v -0.29444081 -0.58301049 -0.08773877
v -0.28069985 -0.58491284 -0.12152282
v -0.28238577 -0.57418233 -0.11218566
v -0.29489011 -0.57115155 -0.10574353
v -0.28688806 -0.56946725 -0.13186994
v -0.28527278 -0.57985133 -0.13786450
v -0.29402041 -0.57231611 -0.10363138
v -0.27739513 -0.56666547 -0.13592584
v -0.29352671 -0.56587452 -0.12825945
v -0.28298509 -0.57697588 -0.15757480
v -0.28519908 -0.57960624 -0.15325120
v -0.29269636 -0.56612390 -0.12544008
v -0.27987006 -0.56649798 -0.15163288
v -0.18535346 -0.44529635 -0.22049010
v -0.18995301 -0.47181171 -0.21635580
v -0.19733191 -0.44624561 -0.21376444
v -0.21301527 -0.47251338 -0.21537530
v -0.20328087 -0.47439808 -0.21255034
v -0.19457877 -0.49655741 -0.20715111
v -0.21768984 -0.49998361 -0.21231501
v -0.20819460 -0.49924427 -0.20545056
v -0.22519526 -0.51399904 -0.27187732
v -0.23295073 -0.51765627 -0.25339970
v -0.21169122 -0.51088828 -0.27869850
v -0.18980730 -0.50725704 -0.29833135
v -0.20053411 -0.50958723 -0.28808048
v -0.19805546 -0.51898128 -0.19412602
v -0.18383425 -0.51917917 -0.21158063
v -0.21300013 -0.52187806 -0.19234845
v -0.22464217 -0.52198964 -0.20280232
v -0.22588977 -0.59094697 -0.09988701
v -0.21783878 -0.58426720 -0.12193830
v -0.22550644 -0.57710320 -0.12216356
v -0.23671877 -0.58307356 -0.10661608
v -0.23741531 -0.57282287 -0.13446361
v -0.24785608 -0.57771581 -0.11912042
v -0.24794352 -0.57128507 -0.15002172
v -0.25778532 -0.57316917 -0.13394824
v -0.25740200 -0.57307285 -0.16650826
v -0.26573431 -0.57135218 -0.15034823
v -0.26497605 -0.58079439 -0.18151736
v -0.27301577 -0.57508701 -0.16535950
v -0.26956365 -0.59273702 -0.19001251
v -0.27852648 -0.58721954 -0.17361277
v -0.22617966 -0.60458952 -0.10567243
v -0.21537521 -0.59672302 -0.12705493
v -0.23605344 -0.61019522 -0.11426414
v -0.22489968 -0.60766274 -0.13476723
v -0.24823675 -0.60562402 -0.12237039
v -0.23699051 -0.60652250 -0.14339544
v -0.26633194 -0.60096091 -0.18831214
v -0.27833188 -0.59053630 -0.16999787
v -0.25923586 -0.59870774 -0.13362175
v -0.24720886 -0.60194474 -0.15493648
v -0.26840124 -0.59361035 -0.14631289
v -0.25554571 -0.59983772 -0.16787955
v -0.27454147 -0.59060818 -0.15903543
v -0.26163954 -0.60028774 -0.17977807
v -0.21531786 -0.56191021 -0.14640330
v -0.22857901 -0.55850846 -0.15383610
v -0.23968971 -0.55942637 -0.16994914
v -0.24820396 -0.56466299 -0.18604210
v -0.25432330 -0.57606643 -0.20014453
v -0.25872532 -0.58858925 -0.20882806
v -0.24091810 -0.54732925 -0.21093830
v -0.24168220 -0.56859857 -0.22136410
v -0.24342346 -0.58284622 -0.22789881
v -0.23009330 -0.56263739 -0.24413840
v -0.22940806 -0.57741302 -0.24767715
v -0.20755684 -0.55651599 -0.28183466
v -0.20569021 -0.57292789 -0.28579679
v -0.21789026 -0.57297343 -0.26833731
v -0.21863064 -0.55816799 -0.26513302
v -0.23181963 -0.54339868 -0.23692307
v -0.22363263 -0.53872448 -0.25965565
v -0.21345195 -0.53568393 -0.27533016
v -0.18357700 -0.57073218 -0.30269659
v -0.19504911 -0.57236987 -0.29655194
v -0.19870499 -0.55496234 -0.29346597
v -0.18883601 -0.55270571 -0.30281693
v -0.17066488 -0.55087012 -0.30537072
v -0.16605252 -0.56953663 -0.30096495
v -0.15742528 -0.55174369 -0.28989321
v -0.15290129 -0.56951624 -0.28706968
v -0.19514465 -0.53025979 -0.29528055
v -0.20389062 -0.53299910 -0.28542358
v -0.18047512 -0.52845579 -0.30177090
v -0.16998631 -0.52958685 -0.28966933
v -0.17409962 -0.53383309 -0.27296323
v -0.16179296 -0.55582041 -0.27002370
v -0.15409523 -0.57139009 -0.26722318
v -0.20717631 -0.57553881 -0.14870641
v -0.20455244 -0.58540684 -0.15351021
v -0.23298579 -0.54048342 -0.18837000
v -0.21995974 -0.54011947 -0.17414653
v -0.20113766 -0.54315037 -0.17631087
v -0.19305576 -0.56505686 -0.17644362
v -0.19279663 -0.57827109 -0.18096499
v -0.18218365 -0.57486588 -0.20452444
v -0.18025577 -0.56146663 -0.20150493
v -0.21024100 -0.59569818 -0.16034979
v -0.19794694 -0.58641773 -0.18681888
v -0.18621305 -0.58201486 -0.20877947
v -0.17173678 -0.57352871 -0.22363088
v -0.17141202 -0.56069595 -0.22294629
v -0.16539145 -0.57270747 -0.23954913
v -0.16850200 -0.55923074 -0.24094790
v -0.16657028 -0.55768889 -0.25499350
v -0.15970963 -0.57243890 -0.25278026
v -0.17458332 -0.53838450 -0.24533094
v -0.17494065 -0.53583282 -0.25914526
v -0.17613399 -0.54000252 -0.22622858
v -0.18351805 -0.54147285 -0.20343576
v -0.25297958 -0.60118681 -0.20753264
v -0.23962477 -0.59515530 -0.22704798
v -0.22554421 -0.58734304 -0.24656634
v -0.21257460 -0.58473760 -0.26641572
v -0.19937795 -0.58456534 -0.28132606
v -0.18940854 -0.58340949 -0.28955871
v -0.16546202 -0.57954139 -0.29219764
v -0.17865121 -0.58152121 -0.29427147
v -0.15721387 -0.57964915 -0.28242368
v -0.15727288 -0.58166379 -0.26706487
v -0.16169715 -0.58408564 -0.25433013
v -0.17504638 -0.58214670 -0.22687955
v -0.16752601 -0.58371323 -0.24139629
v -0.17602658 -0.51824790 -0.23244675
v -0.17579362 -0.51587349 -0.25172657
v -0.17806065 -0.51337677 -0.26433760
v -0.18002945 -0.50793689 -0.29017848
v -0.18076225 -0.51097256 -0.27579802
v -0.22034442 -0.60040683 -0.16889507
v -0.23058350 -0.60034198 -0.17979437
v -0.23933417 -0.60123557 -0.19144353
v -0.24637806 -0.60274690 -0.20095265
v -0.23232934 -0.59871715 -0.22152741
v -0.22433895 -0.59732050 -0.21387526
v -0.21417457 -0.59556943 -0.20396857
v -0.20488054 -0.59185964 -0.19406584
v -0.21822059 -0.59308308 -0.24094549
v -0.21030167 -0.59337002 -0.23371711
v -0.20026293 -0.59162503 -0.22459263
v -0.19209501 -0.58822268 -0.21537337
v -0.18014342 -0.58858830 -0.23320763
v -0.18740720 -0.59027368 -0.24252091
v -0.19671327 -0.59085661 -0.25128832
v -0.20437694 -0.58945841 -0.25922275
v -0.19263393 -0.58754021 -0.27257761
v -0.18598676 -0.58833915 -0.26407760
v -0.17826599 -0.58838493 -0.25572169
v -0.17244679 -0.58800060 -0.24803628
v -0.18436092 -0.58617812 -0.27991045
v -0.16845441 -0.58341521 -0.28420582
v -0.17681748 -0.58461171 -0.28403038
v -0.16253477 -0.58386427 -0.27850527
v -0.16354448 -0.58509511 -0.26821771
v -0.16743493 -0.58680421 -0.25821412
v -0.17308491 -0.58687168 -0.26407865
v -0.16945714 -0.58540899 -0.27094996
v -0.17994046 -0.58636743 -0.27124894
v -0.17467421 -0.58500725 -0.27643168
v -0.16738474 -0.58447522 -0.27641940
v -0.17009145 -0.58425611 -0.27902079
v -0.23013729 -0.52362734 -0.22442088
v -0.15061188 -0.15273273 -0.15189934
v -0.13641150 -0.14883918 -0.16280864
v -0.16596711 -0.14944261 -0.14815663
v -0.11170750 0.26753518 -0.05944423
v -0.04606177 0.53985220 -0.03189765
v -0.04743700 0.58895153 -0.02843887
v -0.04731611 0.56394231 -0.03012347
v -0.11297659 0.24611661 -0.06079148
v -0.11055826 0.62154019 -0.05109335
v -0.01588803 0.79753387 -0.01216036
v -0.01254350 1.07765436 -0.11891900
v -0.01005855 1.07418942 -0.11997637
v -0.00764126 1.07274652 -0.12260419
v -0.00738580 1.06990707 -0.12501325
v -0.00671449 1.06830740 -0.12819695
v -0.00387047 1.06981707 -0.13179810
v -0.00953116 1.07452273 -0.12502193
v -0.00647918 1.07787204 -0.12686864
v -0.00693178 1.08003509 -0.12527508
v -0.01039693 1.07637095 -0.12324652
f 2 3 1
f 1 3 4
f 3 2 5
f 5 2 6
f 3 7 4
f 4 7 8
f 10 11 9
f 9 11 12
f 14 15 13
f 13 15 16
f 18 19 17
f 17 19 20
f 22 23 21
f 21 23 24
f 26 18 25
f 25 18 17
f 27 28 17
f 17 28 25
f 30 31 29
f 29 31 32
f 34 35 33
f 33 35 36
f 21 24 37
f 37 24 38
f 40 31 39
f 39 31 38
f 34 33 28
f 28 33 25
f 41 42 44
f 44 42 43
f 36 45 33
f 33 45 25
f 46 47 49
f 49 47 48
f 51 52 50
f 50 52 53
f 55 53 54
f 54 53 52
f 57 58 56
f 56 58 59
f 61 62 60
f 60 62 63
f 65 66 64
f 64 66 67
f 69 70 68
f 68 70 71
f 65 73 72
f 72 73 74
f 64 75 65
f 65 75 73
f 77 78 76
f 76 78 79
f 80 81 83
f 83 81 82
f 81 85 84
f 84 85 86
f 88 89 87
f 87 89 69
f 88 87 90
f 90 87 91
f 93 94 92
f 92 94 95
f 96 84 43
f 43 84 44
f 51 98 97
f 97 98 86
f 97 99 51
f 51 99 52
f 54 52 100
f 100 52 99
f 58 101 59
f 59 101 102
f 62 103 63
f 63 103 104
f 105 106 6
f 6 106 5
f 108 109 107
f 107 109 110
f 112 113 111
f 111 113 114
f 116 117 115
f 115 117 118
f 120 121 119
f 119 121 122
f 124 125 123
f 123 125 126
f 128 129 127
f 127 129 130
f 130 131 127
f 127 131 132
f 134 1 133
f 133 1 135
f 1 4 135
f 135 4 136
f 4 8 136
f 136 8 137
f 138 139 15
f 15 139 140
f 140 139 141
f 141 139 142
f 144 57 143
f 143 57 56
f 145 146 141
f 141 146 147
f 146 149 148
f 148 149 150
f 152 153 151
f 151 153 154
f 141 147 140
f 140 147 155
f 157 11 156
f 156 11 158
f 160 161 159
f 159 161 162
f 164 165 163
f 163 165 166
f 165 160 166
f 166 160 159
f 168 169 167
f 167 169 170
f 169 171 170
f 170 171 172
f 149 173 150
f 150 173 174
f 175 176 149
f 149 176 173
f 178 172 177
f 177 172 171
f 180 181 179
f 179 181 182
f 184 180 183
f 183 180 179
f 186 187 185
f 185 187 188
f 190 191 189
f 189 191 192
f 7 193 8
f 8 193 194
f 196 162 195
f 195 162 161
f 197 168 198
f 198 168 167
f 181 199 182
f 182 199 200
f 202 203 201
f 201 203 204
f 187 186 205
f 205 186 206
f 208 209 207
f 207 209 210
f 212 213 211
f 211 213 214
f 215 216 218
f 218 216 217
f 220 209 219
f 219 209 208
f 204 186 221
f 221 186 185
f 201 204 222
f 222 204 221
f 223 211 220
f 220 211 209
f 224 225 214
f 214 225 210
f 203 206 204
f 204 206 186
f 227 187 226
f 226 187 205
f 27 228 21
f 21 228 22
f 230 231 229
f 229 231 232
f 234 235 233
f 233 235 236
f 238 239 237
f 237 239 240
f 119 122 118
f 118 122 115
f 112 242 241
f 241 242 243
f 98 51 244
f 244 51 50
f 245 138 14
f 14 138 15
f 11 10 158
f 158 10 246
f 89 85 69
f 69 85 70
f 11 157 12
f 12 157 247
f 249 164 248
f 248 164 163
f 177 250 178
f 178 250 251
f 253 254 252
f 252 254 255
f 187 227 188
f 188 227 256
f 212 257 213
f 213 257 258
f 260 134 259
f 259 134 133
f 165 164 135
f 135 164 133
f 160 165 136
f 136 165 135
f 136 137 160
f 160 137 161
f 137 261 161
f 161 261 195
f 263 264 262
f 262 264 265
f 13 16 266
f 266 16 267
f 268 267 155
f 155 267 16
f 147 269 155
f 155 269 268
f 162 196 167
f 167 196 198
f 167 170 162
f 162 170 159
f 170 172 159
f 159 172 166
f 172 178 166
f 166 178 163
f 178 251 163
f 163 251 248
f 168 270 169
f 169 270 271
f 272 273 171
f 171 273 177
f 271 272 169
f 169 272 171
f 168 197 270
f 270 197 274
f 250 177 275
f 275 177 273
f 277 45 276
f 276 45 278
f 280 281 279
f 279 281 282
f 284 104 283
f 283 104 103
f 285 215 286
f 286 215 218
f 288 289 287
f 287 289 290
f 291 80 66
f 66 80 83
f 293 294 292
f 292 294 295
f 73 91 74
f 74 91 87
f 91 73 92
f 92 73 75
f 279 77 280
f 280 77 76
f 80 291 70
f 70 291 71
f 277 47 96
f 96 47 82
f 297 175 296
f 296 175 149
f 299 154 298
f 298 154 153
f 225 300 210
f 210 300 207
f 224 301 206
f 206 301 205
f 210 209 214
f 214 209 211
f 226 205 302
f 302 205 301
f 304 305 303
f 303 305 306
f 308 309 307
f 307 309 310
f 72 291 65
f 65 291 66
f 66 83 67
f 67 83 46
f 312 313 311
f 311 313 314
f 316 317 315
f 315 317 36
f 29 318 35
f 35 318 319
f 321 32 320
f 320 32 322
f 311 314 323
f 323 314 324
f 315 325 316
f 316 325 326
f 318 287 319
f 319 287 290
f 328 321 327
f 327 321 320
f 329 330 39
f 39 330 331
f 332 333 40
f 40 333 322
f 309 334 285
f 285 334 335
f 236 2 134
f 134 2 1
f 260 336 233
f 233 336 337
f 237 14 265
f 265 14 13
f 84 86 44
f 44 86 98
f 189 192 7
f 7 192 193
f 44 98 41
f 41 98 244
f 237 240 14
f 14 240 245
f 7 3 189
f 189 3 5
f 338 71 72
f 72 71 291
f 262 265 266
f 266 265 13
f 124 123 339
f 339 123 105
f 123 109 105
f 105 109 106
f 189 5 190
f 190 5 106
f 111 114 12
f 12 114 9
f 264 340 265
f 265 340 237
f 342 343 341
f 341 343 344
f 6 235 105
f 105 235 339
f 234 346 345
f 345 346 347
f 349 350 348
f 348 350 351
f 107 352 108
f 108 352 353
f 355 356 354
f 354 356 357
f 237 340 238
f 238 340 358
f 12 247 111
f 111 247 359
f 264 263 116
f 116 263 360
f 361 362 222
f 222 362 201
f 364 365 363
f 363 365 366
f 368 369 367
f 367 369 370
f 372 373 371
f 371 373 374
f 375 376 372
f 372 376 377
f 378 379 381
f 381 379 380
f 382 383 269
f 269 383 268
f 150 174 365
f 365 174 384
f 380 377 381
f 381 377 376
f 271 270 180
f 180 270 181
f 273 272 252
f 252 272 184
f 272 271 184
f 184 271 180
f 181 270 274
f 252 255 273
f 273 255 275
f 254 385 255
f 255 385 386
f 387 388 179
f 179 388 183
f 389 387 182
f 182 387 179
f 182 200 389
f 389 200 390
f 388 391 183
f 183 391 253
f 391 392 253
f 253 392 254
f 394 379 393
f 393 379 378
f 185 188 395
f 395 188 396
f 221 185 397
f 397 185 395
f 222 221 398
f 398 221 397
f 188 256 396
f 396 256 399
f 400 401 256
f 256 401 399
f 402 403 405
f 405 403 404
f 148 150 364
f 364 150 365
f 393 406 394
f 394 406 407
f 158 246 393
f 393 246 406
f 342 19 238
f 238 19 239
f 23 22 350
f 350 22 354
f 244 50 245
f 245 50 138
f 55 142 53
f 53 142 139
f 145 144 296
f 296 144 143
f 355 228 341
f 341 228 20
f 41 240 42
f 42 240 239
f 283 308 284
f 284 308 307
f 349 409 408
f 408 409 410
f 244 245 41
f 41 245 240
f 268 383 406
f 406 383 407
f 346 411 349
f 349 411 409
f 251 412 248
f 248 412 413
f 275 414 250
f 250 414 415
f 25 45 26
f 26 45 277
f 43 26 96
f 96 26 277
f 416 417 61
f 61 417 62
f 329 24 408
f 408 24 23
f 31 40 32
f 32 40 322
f 39 38 329
f 329 38 24
f 37 38 30
f 30 38 31
f 418 419 421
f 421 419 420
f 78 295 79
f 79 295 294
f 124 339 422
f 422 339 345
f 232 131 357
f 357 131 351
f 2 236 6
f 6 236 235
f 252 184 253
f 253 184 183
f 227 423 256
f 256 423 400
f 423 227 305
f 305 227 226
f 424 258 425
f 425 258 257
f 426 427 212
f 212 427 257
f 259 133 249
f 249 133 164
f 419 418 428
f 428 418 429
f 327 430 328
f 328 430 288
f 49 431 46
f 46 431 67
f 306 302 424
f 424 302 258
f 313 432 314
f 314 432 433
f 32 321 29
f 29 321 318
f 324 314 433
f 287 318 328
f 328 318 321
f 134 260 236
f 236 260 233
f 345 339 234
f 234 339 235
f 357 351 354
f 354 351 350
f 408 23 349
f 349 23 350
f 317 278 36
f 36 278 45
f 432 313 429
f 429 313 428
f 435 428 434
f 434 428 313
f 42 239 18
f 18 239 19
f 43 42 26
f 26 42 18
f 121 120 436
f 436 120 437
f 302 301 258
f 258 301 213
f 110 109 126
f 126 109 123
f 238 358 342
f 342 358 343
f 341 20 342
f 342 20 19
f 322 438 320
f 320 438 439
f 320 439 327
f 327 439 430
f 333 440 322
f 322 440 438
f 289 288 323
f 323 288 430
f 115 340 116
f 116 340 264
f 146 145 149
f 149 145 296
f 15 140 16
f 16 140 155
f 441 442 152
f 152 442 153
f 225 224 203
f 203 224 206
f 175 297 154
f 154 297 151
f 293 443 294
f 294 443 444
f 248 413 249
f 249 413 445
f 446 447 400
f 400 447 401
f 388 387 396
f 396 387 395
f 387 389 395
f 395 389 397
f 391 388 399
f 399 388 396
f 401 392 399
f 399 392 391
f 255 386 275
f 275 386 414
f 449 450 448
f 448 450 451
f 335 452 285
f 285 452 215
f 453 298 442
f 442 298 153
f 211 223 212
f 212 223 426
f 425 257 454
f 454 257 427
f 266 10 262
f 262 10 9
f 360 113 456
f 456 113 455
f 8 194 137
f 137 194 261
f 10 266 246
f 246 266 267
f 203 202 225
f 225 202 300
f 262 9 263
f 263 9 114
f 108 353 190
f 190 353 191
f 389 390 397
f 397 390 398
f 457 422 128
f 128 422 129
f 156 158 378
f 378 158 393
f 347 346 348
f 348 346 349
f 447 458 401
f 401 458 392
f 364 382 148
f 148 382 269
f 55 54 57
f 57 54 58
f 75 64 459
f 459 64 460
f 100 90 101
f 101 90 95
f 101 58 100
f 100 58 54
f 142 55 144
f 144 55 57
f 147 146 269
f 269 146 148
f 459 93 75
f 75 93 92
f 144 145 142
f 142 145 141
f 228 27 20
f 20 27 17
f 154 299 175
f 175 299 176
f 214 213 224
f 224 213 301
f 424 461 306
f 306 461 303
f 285 286 309
f 309 286 310
f 462 334 308
f 308 334 309
f 302 306 226
f 226 306 305
f 37 28 21
f 21 28 27
f 29 35 30
f 30 35 34
f 30 34 37
f 37 34 28
f 344 436 356
f 356 436 229
f 325 290 326
f 326 290 289
f 311 439 312
f 312 439 438
f 35 319 36
f 36 319 315
f 439 311 430
f 430 311 323
f 315 319 325
f 325 319 290
f 440 463 438
f 438 463 312
f 341 344 355
f 355 344 356
f 360 456 116
f 116 456 117
f 354 22 355
f 355 22 228
f 326 289 324
f 324 289 323
f 74 87 68
f 68 87 69
f 50 53 138
f 138 53 139
f 268 406 267
f 267 406 246
f 190 106 108
f 108 106 109
f 241 455 112
f 112 455 113
f 358 122 343
f 343 122 121
f 129 347 130
f 130 347 348
f 348 351 130
f 130 351 131
f 229 232 356
f 356 232 357
f 340 115 358
f 358 115 122
f 111 359 112
f 112 359 242
f 125 124 457
f 457 124 422
f 231 132 232
f 232 132 131
f 343 121 344
f 344 121 436
f 263 114 360
f 360 114 113
f 347 129 345
f 345 129 422
f 230 229 437
f 437 229 436
f 464 446 423
f 423 446 400
f 465 466 468
f 468 466 467
f 470 471 469
f 469 471 472
f 469 472 373
f 373 472 374
f 474 469 473
f 473 469 373
f 471 475 472
f 472 475 476
f 472 477 374
f 374 477 478
f 477 472 476
f 479 480 476
f 476 480 477
f 473 373 377
f 377 373 372
f 481 482 479
f 479 482 480
f 483 484 481
f 481 484 482
f 403 402 485
f 485 402 486
f 487 488 483
f 483 488 484
f 487 489 488
f 488 489 490
f 489 491 490
f 490 491 492
f 491 493 492
f 492 493 494
f 493 495 494
f 494 495 496
f 497 498 481
f 481 498 483
f 484 499 482
f 482 499 367
f 370 480 367
f 367 480 482
f 480 370 477
f 477 370 478
f 500 497 479
f 479 497 481
f 451 473 380
f 380 473 377
f 448 451 379
f 379 451 380
f 501 502 504
f 504 502 503
f 449 505 507
f 507 505 506
f 486 508 505
f 505 508 506
f 508 509 506
f 506 509 510
f 511 507 510
f 510 507 506
f 509 508 512
f 512 508 513
f 515 509 514
f 514 509 512
f 509 515 510
f 510 515 516
f 510 516 511
f 511 516 517
f 486 505 485
f 485 505 518
f 505 449 518
f 518 449 448
f 383 382 403
f 403 382 404
f 363 404 364
f 364 404 382
f 403 485 383
f 383 485 407
f 519 520 361
f 361 520 362
f 522 496 521
f 521 496 495
f 450 474 451
f 451 474 473
f 363 366 523
f 523 366 524
f 525 499 488
f 488 499 484
f 488 490 525
f 525 490 526
f 496 522 520
f 520 522 527
f 494 496 519
f 519 496 520
f 492 494 528
f 528 494 519
f 529 530 495
f 495 530 521
f 490 492 526
f 526 492 528
f 529 495 531
f 531 495 493
f 533 534 532
f 532 534 535
f 523 524 533
f 533 524 534
f 486 402 532
f 532 402 533
f 529 536 530
f 530 536 537
f 536 538 537
f 537 538 539
f 540 541 539
f 539 541 537
f 530 537 535
f 535 537 541
f 542 539 543
f 543 539 538
f 539 542 540
f 540 542 544
f 541 540 513
f 513 540 512
f 540 544 512
f 512 544 514
f 546 547 545
f 545 547 548
f 549 550 531
f 531 550 551
f 550 549 552
f 552 549 553
f 546 550 554
f 554 550 552
f 547 546 555
f 555 546 554
f 498 556 558
f 558 556 557
f 559 557 560
f 560 557 556
f 561 562 560
f 560 562 559
f 557 559 552
f 552 559 554
f 559 562 554
f 554 562 555
f 558 557 553
f 553 557 552
f 475 471 563
f 563 471 564
f 565 563 567
f 567 563 566
f 471 470 564
f 564 470 466
f 564 466 568
f 568 466 465
f 568 465 569
f 569 465 570
f 572 573 571
f 571 573 574
f 569 575 567
f 567 575 576
f 577 565 576
f 576 565 567
f 578 579 581
f 581 579 580
f 575 561 576
f 576 561 560
f 556 577 560
f 560 577 576
f 577 556 497
f 497 556 498
f 565 577 500
f 500 577 497
f 563 565 475
f 475 565 500
f 553 489 558
f 558 489 487
f 531 493 549
f 549 493 491
f 489 553 491
f 491 553 549
f 394 407 518
f 518 407 485
f 518 448 394
f 394 448 379
f 545 548 538
f 538 548 543
f 551 545 536
f 536 545 538
f 536 529 551
f 551 529 531
f 507 582 449
f 449 582 450
f 511 583 507
f 507 583 582
f 511 517 583
f 583 517 584
f 585 586 588
f 588 586 587
f 590 591 589
f 589 591 592
f 591 590 593
f 593 590 594
f 596 597 595
f 595 597 598
f 599 600 602
f 602 600 601
f 604 605 603
f 603 605 606
f 608 609 607
f 607 609 610
f 612 613 611
f 611 613 614
f 615 616 618
f 618 616 617
f 620 621 619
f 619 621 622
f 624 625 623
f 623 625 626
f 628 629 627
f 627 629 630
f 632 633 631
f 631 633 634
f 635 636 638
f 638 636 637
f 639 640 642
f 642 640 641
f 644 645 643
f 643 645 646
f 619 622 647
f 647 622 648
f 650 651 649
f 649 651 652
f 601 653 602
f 602 653 654
f 656 657 655
f 655 657 658
f 660 661 659
f 659 661 662
f 664 665 663
f 663 665 666
f 593 594 667
f 667 594 668
f 669 670 672
f 672 670 671
f 673 674 676
f 676 674 675
f 633 632 677
f 677 632 678
f 663 666 679
f 679 666 680
f 681 682 684
f 684 682 683
f 686 687 685
f 685 687 688
f 690 661 689
f 689 661 691
f 693 686 692
f 692 686 685
f 695 597 694
f 694 597 668
f 594 696 668
f 668 696 694
f 697 698 696
f 696 698 699
f 700 701 697
f 697 701 698
f 702 585 703
f 703 585 588
f 671 690 672
f 672 690 689
f 640 639 704
f 704 639 705
f 679 706 663
f 663 706 658
f 708 709 707
f 707 709 710
f 711 712 610
f 610 712 607
f 713 714 716
f 716 714 715
f 717 718 720
f 720 718 719
f 722 634 721
f 721 634 633
f 724 725 723
f 723 725 726
f 728 729 727
f 727 729 730
f 732 733 731
f 731 733 734
f 707 710 735
f 735 710 736
f 643 737 644
f 644 737 738
f 740 741 739
f 739 741 742
f 608 744 743
f 743 744 745
f 747 748 746
f 746 748 749
f 751 752 750
f 750 752 753
f 754 755 757
f 757 755 756
f 758 759 761
f 761 759 760
f 763 764 762
f 762 764 765
f 767 768 766
f 766 768 769
f 771 772 770
f 770 772 773
f 775 776 774
f 774 776 777
f 779 780 778
f 778 780 781
f 783 712 782
f 782 712 784
f 785 786 788
f 788 786 787
f 790 628 789
f 789 628 627
f 792 793 791
f 791 793 794
f 795 796 726
f 726 796 723
f 798 799 797
f 797 799 800
f 721 633 801
f 801 633 677
f 797 800 802
f 802 800 803
f 805 806 804
f 804 806 807
f 809 810 808
f 808 810 811
f 813 814 812
f 812 814 815
f 809 808 817
f 817 808 816
f 818 819 804
f 804 819 805
f 820 821 818
f 818 821 819
f 821 820 587
f 587 820 822
f 809 823 810
f 810 823 824
f 814 807 815
f 815 807 806
f 826 426 825
f 825 426 223
f 426 826 427
f 427 826 827
f 828 829 454
f 454 829 830
f 831 832 677
f 677 832 801
f 834 835 833
f 833 835 836
f 838 839 837
f 837 839 840
f 841 842 844
f 844 842 843
f 845 846 803
f 803 846 802
f 847 831 678
f 678 831 677
f 848 849 851
f 851 849 850
f 853 854 852
f 852 854 855
f 857 858 856
f 856 858 680
f 860 861 859
f 859 861 862
f 864 865 863
f 863 865 866
f 868 869 867
f 867 869 870
f 839 871 840
f 840 871 872
f 849 848 874
f 874 848 873
f 876 877 875
f 875 877 878
f 880 881 879
f 879 881 882
f 883 884 886
f 886 884 885
f 846 887 802
f 802 887 888
f 890 891 889
f 889 891 888
f 893 894 892
f 892 894 895
f 896 897 728
f 728 897 729
f 899 900 898
f 898 900 901
f 902 852 904
f 904 852 903
f 849 905 850
f 850 905 906
f 875 878 907
f 907 878 908
f 910 911 909
f 909 911 912
f 914 915 913
f 913 915 916
f 917 918 862
f 862 918 859
f 919 920 856
f 856 920 921
f 923 924 922
f 922 924 925
f 926 927 925
f 925 927 922
f 929 930 928
f 928 930 693
f 932 695 931
f 931 695 694
f 823 867 824
f 824 867 933
f 935 936 934
f 934 936 937
f 938 868 823
f 823 868 867
f 940 847 939
f 939 847 678
f 632 655 678
f 678 655 939
f 941 942 619
f 619 942 620
f 687 943 688
f 688 943 944
f 851 850 945
f 945 850 903
f 850 906 903
f 903 906 904
f 946 947 949
f 949 947 948
f 951 952 950
f 950 952 953
f 955 956 954
f 954 956 957
f 907 958 875
f 875 958 874
f 960 961 959
f 959 961 962
f 963 853 902
f 902 853 852
f 909 964 910
f 910 964 965
f 967 968 966
f 966 968 969
f 971 972 970
f 970 972 973
f 974 960 975
f 975 960 959
f 977 978 976
f 976 978 979
f 981 977 980
f 980 977 976
f 980 982 981
f 981 982 983
f 985 983 984
f 984 983 982
f 984 986 985
f 985 986 987
f 989 990 988
f 988 990 991
f 993 994 992
f 992 994 995
f 997 998 996
f 996 998 999
f 1001 1002 1000
f 1000 1002 1003
f 1005 1006 1004
f 1004 1006 1007
f 1004 1008 1005
f 1005 1008 1009
f 1008 1010 1009
f 1009 1010 1011
f 1013 1011 1012
f 1012 1011 1010
f 1014 1015 1017
f 1017 1015 1016
f 1019 1020 1018
f 1018 1020 1021
f 1022 1023 976
f 976 1023 980
f 1024 1025 982
f 982 1025 984
f 992 995 1026
f 1026 995 1027
f 956 955 1028
f 1028 955 1029
f 1030 1031 1033
f 1033 1031 1032
f 1010 1008 1034
f 1034 1008 1035
f 1008 1004 1035
f 1035 1004 1036
f 1037 1038 1002
f 1002 1038 1007
f 1002 1001 1037
f 1037 1001 1039
f 1040 1041 997
f 997 1041 998
f 1015 1014 1043
f 1043 1014 1042
f 1044 1045 1047
f 1047 1045 1046
f 1044 1020 1048
f 1048 1020 1049
f 1050 1051 1003
f 1003 1051 1000
f 1052 1050 1006
f 1006 1050 1003
f 1053 1054 1011
f 1011 1054 1009
f 1013 1045 1055
f 1055 1045 1056
f 1058 1059 1057
f 1057 1059 1060
f 1062 1063 1061
f 1061 1063 1064
f 1065 1066 1050
f 1050 1066 1051
f 1067 1065 1052
f 1052 1065 1050
f 1068 1069 1054
f 1054 1069 1070
f 1071 1068 1053
f 1053 1068 1054
f 1073 1071 1072
f 1072 1071 1074
f 1074 1071 1055
f 1055 1071 1053
f 1076 1077 1075
f 1075 1077 1078
f 1079 1080 1057
f 1057 1080 1058
f 1081 1082 1064
f 1064 1082 1061
f 1084 1085 1083
f 1083 1085 1086
f 1088 1089 1087
f 1087 1089 1090
f 1092 1093 1091
f 1091 1093 1094
f 1096 1097 1095
f 1095 1097 1098
f 1099 1100 1102
f 1102 1100 1101
f 1103 1104 1099
f 1099 1104 1100
f 1106 1107 1105
f 1105 1107 1108
f 1110 1111 1109
f 1109 1111 1112
f 1114 1115 1113
f 1113 1115 1116
f 1118 1119 1117
f 1117 1119 1077
f 1117 1120 1122
f 1122 1120 1121
f 1105 1123 1106
f 1106 1123 1124
f 1125 1126 1128
f 1128 1126 1127
f 1130 1131 1129
f 1129 1131 1132
f 1134 1135 1133
f 1133 1135 1114
f 1113 1136 1114
f 1114 1136 1133
f 1118 1137 1113
f 1113 1137 1136
f 1118 1117 1137
f 1137 1117 1122
f 1139 1140 1138
f 1138 1140 1141
f 1143 953 1142
f 1142 953 952
f 1145 957 1144
f 1144 957 956
f 1028 1146 956
f 956 1146 1144
f 1014 1147 1042
f 1042 1147 1148
f 1014 1017 1147
f 1147 1017 1149
f 1059 1058 1150
f 1150 1058 1151
f 1153 1080 1152
f 1152 1080 1154
f 1156 1088 1155
f 1155 1088 1087
f 1157 1158 1106
f 1106 1158 1107
f 1106 1124 1157
f 1157 1124 1159
f 1161 1162 1160
f 1160 1162 1163
f 1165 1166 1164
f 1164 1166 1167
f 1168 1031 1012
f 1012 1031 1046
f 1024 1023 1035
f 1035 1023 1034
f 1036 1038 1025
f 1025 1038 1169
f 1170 1171 1039
f 1039 1171 1037
f 1028 1029 1042
f 1042 1029 1043
f 1172 1173 1175
f 1175 1173 1174
f 1055 1053 1013
f 1013 1053 1011
f 1005 1009 1070
f 1070 1009 1054
f 996 999 1062
f 1062 999 1063
f 1016 1060 1017
f 1017 1060 1059
f 1017 1059 1149
f 1149 1059 1150
f 1177 1178 1176
f 1176 1178 1103
f 1176 1072 1179
f 1179 1072 1074
f 1073 1102 1086
f 1086 1102 1083
f 1180 1181 1067
f 1067 1181 1065
f 1182 1183 1184
f 1184 1183 1181
f 1186 1187 1185
f 1185 1187 1188
f 1189 1190 798
f 798 1190 799
f 1192 1193 1191
f 1191 1193 1194
f 1195 1196 1194
f 1194 1196 1191
f 1196 1195 1198
f 1198 1195 1197
f 1200 674 1199
f 1199 674 673
f 928 1201 1203
f 1203 1201 1202
f 861 1204 862
f 862 1204 921
f 1205 1206 913
f 913 1206 1207
f 882 1208 879
f 879 1208 1209
f 1210 1211 1167
f 1167 1211 1164
f 1212 769 1213
f 1213 769 768
f 727 1214 728
f 728 1214 1215
f 1217 1218 1216
f 1216 1218 1219
f 1220 813 1221
f 1221 813 812
f 827 828 427
f 427 828 454
f 1223 1224 1222
f 1222 1224 1165
f 1226 1227 1225
f 1225 1227 1228
f 851 1229 848
f 848 1229 1230
f 834 854 835
f 835 854 1231
f 1233 1234 1232
f 1232 1234 1235
f 1237 751 1236
f 1236 751 750
f 743 819 1238
f 1238 819 821
f 1240 1241 1239
f 1239 1241 1242
f 1244 1245 1243
f 1243 1245 1246
f 844 1247 841
f 841 1247 1248
f 1250 1251 1249
f 1249 1251 1252
f 1254 893 1253
f 1253 893 1237
f 1255 1256 1258
f 1258 1256 1257
f 1260 1261 1259
f 1259 1261 1262
f 945 903 855
f 855 903 852
f 855 1263 945
f 945 1263 1264
f 832 845 801
f 801 845 803
f 800 721 803
f 803 721 801
f 721 800 722
f 722 800 799
f 1266 1267 1265
f 1265 1267 1268
f 1270 795 1269
f 1269 795 726
f 725 1271 726
f 726 1271 1269
f 737 765 738
f 738 765 764
f 759 740 760
f 760 740 739
f 717 1272 1274
f 1274 1272 1273
f 1163 1226 1275
f 1275 1226 1225
f 1277 882 1276
f 1276 882 881
f 1041 1040 1027
f 1027 1040 1026
f 900 935 901
f 901 935 934
f 1164 1278 1165
f 1165 1278 1222
f 1211 1279 1164
f 1164 1279 1278
f 442 1280 453
f 453 1280 1281
f 788 1282 785
f 785 1282 1283
f 1285 1286 1284
f 1284 1286 1287
f 1284 1288 1285
f 1285 1288 1289
f 757 1289 754
f 754 1289 1288
f 605 604 675
f 675 604 676
f 1290 1291 1293
f 1293 1291 1292
f 1295 1296 1294
f 1294 1296 1297
f 696 699 694
f 694 699 931
f 1298 1299 592
f 592 1299 589
f 1299 1300 589
f 589 1300 700
f 1300 1301 700
f 700 1301 701
f 743 745 819
f 819 745 805
f 1303 1304 1302
f 1302 1304 1305
f 1306 1307 1305
f 1305 1307 1302
f 609 1298 610
f 610 1298 592
f 587 822 588
f 588 822 1308
f 703 588 1309
f 1309 588 1308
f 1310 703 571
f 571 703 1309
f 1311 1312 789
f 789 1312 790
f 825 223 1313
f 1313 223 220
f 219 1314 220
f 220 1314 1313
f 1315 1316 1311
f 1311 1316 1312
f 1317 1318 1319
f 1319 1318 1241
f 441 1320 442
f 442 1320 1280
f 1321 217 572
f 572 217 216
f 1323 1230 1322
f 1322 1230 1229
f 1324 1325 631
f 631 1325 656
f 1034 1168 1010
f 1010 1168 1012
f 1327 1328 1326
f 1326 1328 1329
f 1331 1202 1330
f 1330 1202 1201
f 571 1309 572
f 572 1309 1321
f 573 572 1332
f 1332 572 216
f 1334 1335 1333
f 1333 1335 1336
f 1337 1338 918
f 918 1338 859
f 1339 863 1340
f 1340 863 866
f 1341 1342 1344
f 1344 1342 1343
f 1345 1346 919
f 919 1346 920
f 1347 1348 673
f 673 1348 1199
f 693 1349 928
f 928 1349 1201
f 1351 1257 1350
f 1350 1257 1256
f 1350 1352 1351
f 1351 1352 1353
f 653 930 654
f 654 930 662
f 1279 1354 1278
f 1278 1354 1355
f 1357 1358 1356
f 1356 1358 1359
f 937 1360 1140
f 1140 1360 1361
f 1225 1228 909
f 909 1228 964
f 901 934 1362
f 1362 934 1139
f 1364 1365 1363
f 1363 1365 1362
f 1367 912 1366
f 1366 912 911
f 1143 1142 1368
f 1368 1142 1369
f 1144 1186 1145
f 1145 1186 1185
f 1146 1175 1144
f 1144 1175 1186
f 1175 1146 1172
f 1172 1146 1148
f 1147 1018 1148
f 1148 1018 1172
f 1018 1147 1019
f 1019 1147 1149
f 1149 1150 1019
f 1019 1150 1370
f 1150 1151 1370
f 1370 1151 1371
f 1151 1153 1371
f 1371 1153 1177
f 1152 1156 1178
f 1178 1156 1372
f 1155 1158 1373
f 1373 1158 1374
f 1157 1159 1376
f 1376 1159 1375
f 1378 1379 1377
f 1377 1379 1380
f 1382 1383 1381
f 1381 1383 1384
f 1382 1386 1385
f 1385 1386 1387
f 1386 1233 1387
f 1387 1233 1232
f 1389 1390 1388
f 1388 1390 1391
f 1393 1394 1392
f 1392 1394 1395
f 1397 1398 1396
f 1396 1398 1399
f 629 1397 630
f 630 1397 1396
f 1342 1400 1343
f 1343 1400 1401
f 1403 1404 1402
f 1402 1404 1405
f 1407 1408 1406
f 1406 1408 1409
f 1411 1412 1410
f 1410 1412 1413
f 793 1414 794
f 794 1414 1415
f 1417 1341 1416
f 1416 1341 1344
f 704 705 1347
f 1347 705 1418
f 741 1419 742
f 742 1419 1420
f 1422 669 1421
f 1421 669 672
f 645 1423 646
f 646 1423 1424
f 1196 1198 614
f 614 1198 611
f 613 1425 614
f 614 1425 1426
f 1427 616 659
f 659 616 660
f 614 1426 1196
f 1196 1426 1191
f 696 594 697
f 697 594 590
f 697 590 700
f 700 590 589
f 703 1310 702
f 702 1310 1428
f 1421 672 1192
f 1192 672 689
f 1271 648 1269
f 1269 648 622
f 621 1270 622
f 622 1270 1269
f 1429 1430 1417
f 1417 1430 1341
f 1431 1432 1434
f 1434 1432 1433
f 1436 1437 1435
f 1435 1437 1438
f 1440 1441 1439
f 1439 1441 1442
f 1443 1444 1446
f 1446 1444 1445
f 823 809 938
f 938 809 817
f 810 1447 811
f 811 1447 1448
f 1449 1450 679
f 679 1450 706
f 913 916 1205
f 1205 916 1451
f 1275 1225 912
f 912 1225 909
f 1452 1453 880
f 880 1453 881
f 1444 1401 1445
f 1445 1401 1400
f 936 1454 937
f 937 1454 1360
f 824 1455 810
f 810 1455 1447
f 631 656 632
f 632 656 655
f 966 1456 967
f 967 1456 1457
f 1459 1460 1458
f 1458 1460 1461
f 1460 1462 1461
f 1461 1462 1463
f 972 974 973
f 973 974 975
f 990 995 991
f 991 995 994
f 1464 1187 1033
f 1033 1187 1174
f 1018 1021 1172
f 1172 1021 1173
f 1000 999 1001
f 1001 999 998
f 976 979 1022
f 1022 979 1032
f 1023 1024 980
f 980 1024 982
f 989 986 1171
f 1171 986 1169
f 1171 1170 989
f 989 1170 990
f 1170 1027 990
f 990 1027 995
f 1041 1039 998
f 998 1039 1001
f 1051 1063 1000
f 1000 1063 999
f 1066 1064 1051
f 1051 1064 1063
f 1183 1081 1066
f 1066 1081 1064
f 1178 1372 1103
f 1103 1372 1104
f 1092 1091 1465
f 1465 1091 1182
f 1467 1465 1466
f 1466 1465 1468
f 1469 1470 1184
f 1184 1470 1468
f 1095 1098 1471
f 1471 1098 1101
f 1076 1374 1120
f 1120 1374 1376
f 1110 1472 1127
f 1127 1472 1132
f 1472 1473 1132
f 1132 1473 1129
f 1474 1475 1466
f 1466 1475 1473
f 1119 1118 1116
f 1116 1118 1113
f 1375 1121 1376
f 1376 1121 1120
f 1127 1132 1128
f 1128 1132 1131
f 1227 1476 1228
f 1228 1476 1361
f 1365 1477 1362
f 1362 1477 872
f 1478 1479 1323
f 1323 1479 1230
f 1480 1481 914
f 914 1481 915
f 913 1277 914
f 914 1277 1276
f 1168 1034 1022
f 1022 1034 1023
f 1035 1036 1024
f 1024 1036 1025
f 1039 1041 1170
f 1170 1041 1027
f 1042 1148 1028
f 1028 1148 1146
f 968 1459 969
f 969 1459 1458
f 1482 1483 664
f 664 1483 665
f 1485 1486 1484
f 1484 1486 1487
f 1489 1490 1488
f 1488 1490 1491
f 1492 1493 722
f 722 1493 634
f 1495 1496 1494
f 1494 1496 1497
f 1498 1207 1339
f 1339 1207 863
f 1224 1499 1165
f 1165 1499 1166
f 1160 1163 1500
f 1500 1163 1275
f 1500 877 1160
f 1160 877 1501
f 876 873 1502
f 1502 873 1479
f 945 1264 851
f 851 1264 1229
f 835 1231 839
f 839 1231 871
f 1503 1283 778
f 778 1283 1282
f 716 715 1505
f 1505 715 1504
f 1446 1445 1507
f 1507 1445 1506
f 779 792 1381
f 1381 792 791
f 1430 1409 1341
f 1341 1409 1342
f 1411 1429 1508
f 1508 1429 1417
f 635 1510 1509
f 1509 1510 1511
f 1377 1380 1315
f 1315 1380 1316
f 1445 1400 1506
f 1506 1400 1408
f 918 917 1336
f 1336 917 1333
f 1513 1514 1512
f 1512 1514 870
f 1515 1516 1363
f 1363 1516 1364
f 1453 1517 881
f 881 1517 1276
f 992 1518 993
f 993 1518 1519
f 1520 1029 1518
f 1518 1029 955
f 1520 1026 1521
f 1521 1026 1040
f 1522 1015 1521
f 1521 1015 1043
f 996 1523 997
f 997 1523 1522
f 1060 1016 1524
f 1524 1016 1523
f 1061 1525 1062
f 1062 1525 1524
f 1079 1527 1526
f 1526 1527 1528
f 1093 1529 1094
f 1094 1529 1528
f 1111 1530 1112
f 1112 1530 1531
f 1532 1533 1105
f 1105 1533 1123
f 934 937 1139
f 1139 937 1140
f 1138 1363 1139
f 1139 1363 1362
f 1534 1222 1355
f 1355 1222 1278
f 1535 1223 1534
f 1534 1223 1222
f 821 587 1238
f 1238 587 586
f 1319 711 1317
f 1317 711 1536
f 1538 1200 1537
f 1537 1200 1199
f 1508 1417 1539
f 1539 1417 1416
f 1540 1541 840
f 840 1541 837
f 1231 898 871
f 871 898 901
f 1500 1275 1367
f 1367 1275 912
f 1543 1379 1542
f 1542 1379 1395
f 1539 772 1508
f 1508 772 1544
f 1546 1403 1545
f 1545 1403 1402
f 1548 1549 1547
f 1547 1549 1550
f 1552 1548 1551
f 1551 1548 1547
f 1554 1555 1553
f 1553 1555 1556
f 1558 1559 1557
f 1557 1559 1560
f 1562 1563 1561
f 1561 1563 1564
f 1566 1567 1565
f 1565 1567 1568
f 1570 1571 1569
f 1569 1571 1572
f 1574 1575 1573
f 1573 1575 1576
f 1577 1578 1572
f 1572 1578 1569
f 1580 1581 1579
f 1579 1581 1582
f 1584 1585 1583
f 1583 1585 1586
f 1588 1555 1587
f 1587 1555 1589
f 1591 1592 1590
f 1590 1592 1593
f 1595 1596 1594
f 1594 1596 1597
f 1596 1581 1597
f 1597 1581 1576
f 1599 1570 1598
f 1598 1570 1569
f 1601 1602 1600
f 1600 1602 1603
f 1605 1606 1604
f 1604 1606 1607
f 1608 1609 1568
f 1568 1609 1565
f 1611 1612 1610
f 1610 1612 1613
f 1615 1616 1614
f 1614 1616 1617
f 1619 1617 1618
f 1618 1617 1616
f 1621 1622 1620
f 1620 1622 1623
f 1625 1626 1624
f 1624 1626 1627
f 1629 1630 1628
f 1628 1630 1631
f 1633 1634 1632
f 1632 1634 1635
f 1636 1637 1639
f 1639 1637 1638
f 1641 1642 1640
f 1640 1642 1643
f 1624 1627 1644
f 1644 1627 1645
f 1647 1648 1646
f 1646 1648 1649
f 1651 1652 1650
f 1650 1652 1653
f 1655 1656 1654
f 1654 1656 1657
f 1659 1660 1658
f 1658 1660 1661
f 1662 1663 1631
f 1631 1663 1628
f 1651 1665 1664
f 1664 1665 1666
f 1667 1656 1619
f 1619 1656 1617
f 1669 1670 1668
f 1668 1670 1671
f 1632 1635 1672
f 1672 1635 1673
f 1674 1675 1638
f 1638 1675 1639
f 1677 1678 1676
f 1676 1678 1679
f 1680 1640 1681
f 1681 1640 1643
f 1682 1683 1643
f 1643 1683 1681
f 1670 1669 1235
f 1235 1669 1232
f 1396 1399 1674
f 1674 1399 1675
f 627 630 1679
f 1679 630 1676
f 1681 1315 1680
f 1680 1315 1311
f 1683 1377 1681
f 1681 1377 1315
f 1672 1673 1387
f 1387 1673 1385
f 1636 1684 1646
f 1646 1684 1685
f 1687 1688 1686
f 1686 1688 1689
f 1585 1690 1586
f 1586 1690 1691
f 1599 1692 1551
f 1551 1692 1693
f 1552 1558 1694
f 1694 1558 1557
f 1696 1615 1695
f 1695 1615 1614
f 1698 1699 1697
f 1697 1699 1623
f 1700 1701 1703
f 1703 1701 1702
f 1705 1706 1704
f 1704 1706 1707
f 1708 1709 1640
f 1640 1709 1641
f 1710 1711 1713
f 1713 1711 1712
f 1652 1655 1653
f 1653 1655 1654
f 1714 1699 1712
f 1712 1699 1713
f 1715 1710 1716
f 1716 1710 1713
f 1717 1708 1680
f 1680 1708 1640
f 1393 1392 1715
f 1715 1392 1710
f 1719 1720 1718
f 1718 1720 1721
f 1680 1311 1717
f 1717 1311 789
f 1378 1711 1392
f 1392 1711 1710
f 1388 1391 1719
f 1719 1391 1720
f 1723 1606 1722
f 1722 1606 1689
f 1725 1568 1724
f 1724 1568 1567
f 1726 1647 1685
f 1685 1647 1646
f 1728 1554 1727
f 1727 1554 1553
f 1591 1687 1600
f 1600 1687 1686
f 1730 1595 1729
f 1729 1595 1594
f 1601 1605 1731
f 1731 1605 1604
f 1733 1663 1732
f 1732 1663 1734
f 1736 1639 1735
f 1735 1639 1675
f 1658 1644 1737
f 1737 1644 1645
f 1726 1662 1724
f 1724 1662 1631
f 1399 1738 1675
f 1675 1738 1735
f 1621 1667 1739
f 1739 1667 1619
f 1714 1740 1620
f 1620 1740 1741
f 1592 1549 1593
f 1593 1549 1742
f 1602 1571 1603
f 1603 1571 1550
f 1688 1690 1689
f 1689 1690 1722
f 1588 1559 1582
f 1582 1559 1579
f 1673 1735 1385
f 1385 1735 1738
f 1387 1232 1672
f 1672 1232 1669
f 1580 1692 1573
f 1573 1692 1743
f 1377 1683 1378
f 1378 1683 1711
f 1664 1666 1744
f 1744 1666 1745
f 1744 1696 1664
f 1664 1696 1695
f 1746 1747 1732
f 1732 1747 1748
f 1749 1750 1677
f 1677 1750 1678
f 1709 1708 1750
f 1750 1708 1678
f 1668 1632 1669
f 1669 1632 1672
f 1633 1746 1734
f 1734 1746 1732
f 1679 1678 1717
f 1717 1678 1708
f 789 627 1717
f 1717 627 1679
f 1563 1723 1564
f 1564 1723 1722
f 1728 1584 1751
f 1751 1584 1583
f 1674 1676 1396
f 1396 1676 630
f 1666 1566 1745
f 1745 1566 1565
f 1627 1629 1645
f 1645 1629 1628
f 1637 1749 1638
f 1638 1749 1677
f 1648 1665 1649
f 1649 1665 1752
f 1740 1642 1741
f 1741 1642 1657
f 1676 1674 1677
f 1677 1674 1638
f 1683 1682 1711
f 1711 1682 1712
f 1618 1753 1619
f 1619 1753 1739
f 1701 1739 1702
f 1702 1739 1753
f 1754 1214 1756
f 1756 1214 1755
f 647 1757 619
f 619 1757 941
f 1759 1193 1758
f 1758 1193 691
f 1419 1760 1420
f 1420 1760 1761
f 682 1762 683
f 683 1762 1763
f 1412 780 1413
f 1413 780 1384
f 1383 1398 1384
f 1384 1398 1413
f 1197 1424 1764
f 1764 1424 1423
f 1537 1287 1538
f 1538 1287 1286
f 1634 1684 1635
f 1635 1684 1736
f 1724 1631 1725
f 1725 1631 1630
f 1562 1730 1610
f 1610 1730 1729
f 1735 1673 1736
f 1736 1673 1635
f 1757 1195 941
f 941 1195 1194
f 1766 200 1765
f 1765 200 199
f 475 500 476
f 476 500 479
f 498 558 483
f 483 558 487
f 545 551 546
f 546 551 550
f 453 1281 219
f 219 1281 1314
f 298 453 208
f 208 453 219
f 368 1765 1767
f 1767 1765 199
f 523 405 363
f 363 405 404
f 523 533 405
f 405 533 402
f 298 208 299
f 299 208 207
f 299 207 176
f 176 207 300
f 176 300 173
f 173 300 202
f 173 202 174
f 174 202 201
f 1337 918 1768
f 1768 918 1336
f 1769 1770 1338
f 1338 1770 859
f 581 570 578
f 578 570 1771
f 555 562 580
f 580 562 561
f 504 1772 501
f 501 1772 548
f 517 542 584
f 584 542 543
f 515 514 516
f 516 514 544
f 542 517 544
f 544 517 516
f 561 575 580
f 580 575 581
f 575 569 581
f 581 569 570
f 501 548 1773
f 1773 548 547
f 1774 1775 570
f 570 1775 1771
f 369 368 1776
f 1776 368 1767
f 372 369 375
f 375 369 1776
f 822 1280 1308
f 1308 1280 1320
f 820 1281 822
f 822 1281 1280
f 818 1314 820
f 820 1314 1281
f 1314 818 1313
f 1313 818 804
f 807 814 825
f 825 814 826
f 814 813 826
f 826 813 827
f 813 1220 827
f 827 1220 828
f 580 579 555
f 555 579 547
f 1477 1540 872
f 872 1540 840
f 367 499 368
f 368 499 1765
f 1766 1765 525
f 525 1765 499
f 1777 1766 526
f 526 1766 525
f 520 527 362
f 362 527 384
f 361 1778 519
f 519 1778 528
f 371 1779 372
f 372 1779 369
f 369 1779 370
f 370 1779 478
f 1779 371 478
f 478 371 374
f 1778 1777 528
f 528 1777 526
f 1781 1782 1780
f 1780 1782 1783
f 431 460 67
f 67 460 64
f 68 338 74
f 74 338 72
f 1785 1782 1784
f 1784 1782 1786
f 1787 1788 1790
f 1790 1788 1789
f 1792 1789 1791
f 1791 1789 1793
f 1791 1794 1792
f 1792 1794 1795
f 1794 1796 1795
f 1795 1796 1797
f 1797 1798 938
f 938 1798 868
f 1798 1799 868
f 868 1799 869
f 1801 1802 1800
f 1800 1802 1451
f 1803 1804 1205
f 1205 1804 1206
f 1805 1806 864
f 864 1806 865
f 1806 1807 865
f 865 1807 1808
f 68 71 338
f 287 328 288
f 1320 1321 1308
f 1308 1321 1309
f 1320 441 1321
f 1321 441 217
f 441 152 217
f 217 152 218
f 151 286 152
f 152 286 218
f 297 310 151
f 151 310 286
f 296 307 297
f 297 307 310
f 296 143 307
f 307 143 284
f 143 56 284
f 284 56 104
f 56 59 104
f 104 59 63
f 59 102 63
f 63 102 60
f 102 94 60
f 60 94 282
f 93 459 279
f 279 459 77
f 459 460 77
f 77 460 78
f 460 431 78
f 78 431 295
f 431 49 295
f 295 49 292
f 48 421 49
f 49 421 292
f 276 278 418
f 418 278 429
f 317 432 278
f 278 432 429
f 432 317 433
f 433 317 316
f 326 324 316
f 316 324 433
f 1536 592 1809
f 1809 592 591
f 1810 744 1812
f 1812 744 1811
f 1814 1815 1813
f 1813 1815 1816
f 1817 748 1818
f 1818 748 747
f 1812 1819 1810
f 1810 1819 1817
f 1820 1821 748
f 748 1821 749
f 1823 1824 1822
f 1822 1824 1825
f 1827 1828 1826
f 1826 1828 1829
f 1831 1832 1830
f 1830 1832 1833
f 1834 1827 1243
f 1243 1827 1826
f 1313 804 825
f 825 804 807
f 1835 1253 1236
f 1236 1253 1237
f 1836 1837 1438
f 1438 1837 1435
f 1838 1505 1840
f 1840 1505 1839
f 1841 1842 716
f 716 1842 713
f 1843 1844 1510
f 1510 1844 1845
f 1847 1848 1846
f 1846 1848 1849
f 1850 1240 1822
f 1822 1240 1239
f 636 1831 637
f 637 1831 1830
f 1852 1853 1851
f 1851 1853 1854
f 1855 1856 1858
f 1858 1856 1857
f 1846 1849 1859
f 1859 1849 1860
f 1343 1401 1509
f 1509 1401 1861
f 1509 1861 635
f 635 1861 636
f 1863 1864 1862
f 1862 1864 1865
f 1283 1503 1867
f 1867 1503 1866
f 1868 1867 681
f 681 1867 682
f 1286 1285 683
f 683 1285 684
f 757 756 1274
f 1274 756 1869
f 1274 1869 717
f 717 1869 718
f 1434 1433 719
f 719 1433 720
f 1200 1538 1545
f 1545 1538 1763
f 1285 1289 684
f 684 1289 1273
f 684 1273 681
f 681 1273 1272
f 785 1283 1868
f 1868 1283 1867
f 786 785 1870
f 1870 785 1868
f 1289 757 1273
f 1273 757 1274
f 1539 1416 1871
f 1871 1416 1872
f 773 1871 1403
f 1403 1871 1404
f 675 674 1405
f 1405 674 1402
f 1864 1873 1865
f 1865 1873 1874
f 638 1843 635
f 635 1843 1510
f 1344 1343 1511
f 1511 1343 1509
f 772 1539 773
f 773 1539 1871
f 674 1200 1402
f 1402 1200 1545
f 1538 1286 1763
f 1763 1286 683
f 1444 1443 1875
f 1875 1443 1876
f 1875 1876 1831
f 1831 1876 1832
f 1416 1344 1872
f 1872 1344 1511
f 1877 1878 774
f 774 1878 1879
f 1878 1847 1879
f 1879 1847 1846
f 1880 714 1881
f 1881 714 1848
f 1401 1444 1861
f 1861 1444 1875
f 1861 1875 636
f 636 1875 1831
f 1823 1863 1882
f 1882 1863 1862
f 1441 1440 1884
f 1884 1440 1883
f 1883 1852 1884
f 1884 1852 1851
f 1886 1887 1885
f 1885 1887 1888
f 1358 1889 1359
f 1359 1889 1890
f 1891 1886 1892
f 1892 1886 1885
f 774 1879 775
f 775 1879 1893
f 1859 1893 1846
f 1846 1893 1879
f 713 1842 1849
f 1849 1842 1860
f 1318 1895 1894
f 1894 1895 1896
f 1873 1897 1874
f 1874 1897 1898
f 1898 605 1899
f 1899 605 675
f 1405 1844 675
f 675 1844 1899
f 1404 1845 1405
f 1405 1845 1844
f 593 1296 591
f 591 1296 1809
f 1295 1292 1900
f 1900 1292 1895
f 606 1897 1291
f 1291 1897 1896
f 1510 1845 1511
f 1511 1845 1872
f 1871 1872 1404
f 1404 1872 1845
f 1866 770 1762
f 1762 770 1546
f 1762 682 1866
f 1866 682 1867
f 1870 1868 1272
f 1272 1868 681
f 1272 717 1870
f 1870 717 720
f 1870 720 786
f 786 720 1433
f 786 1433 787
f 787 1433 1432
f 1261 1414 1432
f 1432 1414 787
f 1389 1234 1260
f 1260 1234 1415
f 1719 1670 1388
f 1388 1670 1235
f 1718 1671 1719
f 1719 1671 1670
f 1705 1747 1718
f 1718 1747 1671
f 1659 1901 1704
f 1704 1901 1748
f 1877 1903 1902
f 1902 1903 1904
f 1259 1905 1390
f 1390 1905 1394
f 1715 1720 1393
f 1393 1720 1391
f 1716 1721 1715
f 1715 1721 1720
f 1698 1706 1716
f 1716 1706 1721
f 277 276 47
f 47 276 48
f 84 96 81
f 81 96 82
f 80 70 81
f 81 70 85
f 99 97 88
f 88 97 89
f 90 100 88
f 88 100 99
f 101 95 102
f 102 95 94
f 1906 1907 280
f 280 1907 281
f 97 86 89
f 89 86 85
f 60 282 61
f 61 282 281
f 83 82 46
f 46 82 47
f 293 292 420
f 420 292 421
f 419 1908 420
f 420 1908 1909
f 92 95 91
f 91 95 90
f 279 282 93
f 93 282 94
f 276 418 48
f 48 418 421
f 1910 1660 1697
f 1697 1660 1707
f 1703 1624 1700
f 1700 1624 1644
f 1622 1910 1623
f 1623 1910 1697
f 1701 1700 1911
f 1911 1700 1661
f 1700 1644 1661
f 1661 1644 1658
f 1901 1737 1733
f 1733 1737 1645
f 1625 1912 1604
f 1604 1912 1731
f 1912 1913 1731
f 1731 1913 1914
f 1913 1577 1914
f 1914 1577 1572
f 1915 1578 1616
f 1616 1578 1618
f 1915 1916 1598
f 1598 1916 1743
f 1916 1574 1743
f 1743 1574 1573
f 1575 1917 1576
f 1576 1917 1597
f 1917 1609 1597
f 1597 1609 1594
f 1608 1611 1729
f 1729 1611 1610
f 1918 1612 1629
f 1629 1612 1630
f 1626 1918 1627
f 1627 1918 1629
f 1920 1921 1919
f 1919 1921 1922
f 1920 1924 1923
f 1923 1924 1925
f 1926 1927 1924
f 1924 1927 1925
f 1929 1930 1928
f 1928 1930 1931
f 1932 1933 1935
f 1935 1933 1934
f 1937 1938 1936
f 1936 1938 1939
f 1941 1942 1940
f 1940 1942 1943
f 1941 1945 1944
f 1944 1945 1946
f 1947 1948 1694
f 1694 1948 1949
f 1950 1951 1953
f 1953 1951 1952
f 1955 1956 1954
f 1954 1956 1589
f 1958 1956 1957
f 1957 1956 1932
f 1960 1934 1959
f 1959 1934 1933
f 1962 1963 1961
f 1961 1963 1964
f 1965 1955 1751
f 1751 1955 1954
f 1935 1930 1932
f 1932 1930 1957
f 1951 1950 1926
f 1926 1950 1929
f 1966 1967 1593
f 1593 1967 1590
f 1969 1967 1968
f 1968 1967 1964
f 1962 1921 1970
f 1970 1921 1971
f 1963 1945 1964
f 1964 1945 1968
f 1972 1948 1922
f 1922 1948 1919
f 1966 1972 1961
f 1961 1972 1922
f 1958 1953 1587
f 1587 1953 1560
f 1974 1975 1973
f 1973 1975 1976
f 1978 1979 1977
f 1977 1979 1691
f 1979 1975 1691
f 1691 1975 1586
f 1938 1942 1939
f 1939 1942 1980
f 1952 1947 1557
f 1557 1947 1694
f 1969 1978 1981
f 1981 1978 1977
f 1983 1984 1982
f 1982 1984 1985
f 1986 1987 1989
f 1989 1987 1988
f 1990 1991 1983
f 1983 1991 1984
f 1990 1993 1992
f 1992 1993 1994
f 1995 1996 1994
f 1994 1996 1997
f 1999 2000 1998
f 1998 2000 2001
f 2003 2004 2002
f 2002 2004 2005
f 2007 2008 2006
f 2006 2008 2009
f 2011 2012 2010
f 2010 2012 2013
f 2014 2015 2017
f 2017 2015 2016
f 2018 2019 2021
f 2021 2019 2020
f 2022 1989 2024
f 2024 1989 2023
f 1989 1988 2023
f 2023 1988 2025
f 2026 2027 2017
f 2017 2027 2014
f 2029 2030 2028
f 2028 2030 2031
f 2033 2034 2032
f 2032 2034 2035
f 2032 2035 2036
f 2036 2035 2037
f 2039 2040 2038
f 2038 2040 2041
f 1982 2042 1983
f 1983 2042 2043
f 2045 2046 2044
f 2044 2046 2047
f 2049 2050 2048
f 2048 2050 2051
f 2053 2054 2052
f 2052 2054 2055
f 2057 2058 2056
f 2056 2058 2059
f 2060 2061 2033
f 2033 2061 2034
f 2063 2064 2062
f 2062 2064 2065
f 2066 2035 2067
f 2067 2035 2034
f 2069 2039 2068
f 2068 2039 2038
f 2025 2070 2023
f 2023 2070 2071
f 2072 2024 2071
f 2071 2024 2023
f 2074 2020 2073
f 2073 2020 2019
f 2050 2049 2047
f 2047 2049 2075
f 1983 2043 1990
f 1990 2043 1993
f 2006 2050 2007
f 2007 2050 2076
f 2050 2006 2051
f 2051 2006 2077
f 2079 2080 2078
f 2078 2080 2081
f 2082 2083 2085
f 2085 2083 2084
f 2010 2013 2086
f 2086 2013 2087
f 2089 2033 2088
f 2088 2033 2032
f 2090 2060 2089
f 2089 2060 2033
f 2092 2093 2091
f 2091 2093 2094
f 2096 1986 2095
f 2095 1986 2097
f 2097 1986 2022
f 2022 1986 1989
f 2015 2094 2016
f 2016 2094 2098
f 2016 2098 2100
f 2100 2098 2099
f 2017 2016 2101
f 2101 2016 2100
f 2017 2101 2026
f 2026 2101 2102
f 2100 2099 2104
f 2104 2099 2103
f 2104 2105 2100
f 2100 2105 2101
f 2105 2106 2101
f 2101 2106 2102
f 2108 2061 2107
f 2107 2061 2109
f 2111 2112 2110
f 2110 2112 2020
f 2020 2074 2110
f 2110 2074 2113
f 2115 2116 2114
f 2114 2116 2117
f 2118 2119 1995
f 1995 2119 2120
f 2121 2122 2027
f 2027 2122 2014
f 2047 2075 2044
f 2044 2075 2123
f 2124 2125 2127
f 2127 2125 2126
f 2129 2130 2128
f 2128 2130 2131
f 2132 2133 2057
f 2057 2133 2058
f 2134 1999 2136
f 2136 1999 2135
f 2055 2138 2137
f 2137 2138 2139
f 2141 2142 2140
f 2140 2142 2143
f 2083 2082 2064
f 2064 2082 2065
f 2082 2144 2065
f 2065 2144 2145
f 2040 2146 2041
f 2041 2146 2147
f 2060 2090 2148
f 2148 2090 2149
f 2048 2051 2137
f 2137 2051 2150
f 2151 1997 2135
f 2135 1997 1996
f 2152 2150 2077
f 2077 2150 2051
f 2046 2045 2118
f 2118 2045 2119
f 2154 2155 2153
f 2153 2155 2156
f 2158 2159 2157
f 2157 2159 2160
f 2162 2163 2161
f 2161 2163 2164
f 2164 2163 2165
f 2165 2163 2166
f 2168 2169 2167
f 2167 2169 2170
f 2003 2172 2171
f 2171 2172 2173
f 2174 2175 2002
f 2002 2175 2176
f 2145 2177 2065
f 2065 2177 2062
f 2178 2179 2180
f 2180 2179 2134
f 2181 2052 2152
f 2152 2052 2150
f 2040 2127 2146
f 2146 2127 2182
f 2130 2162 2131
f 2131 2162 2161
f 2052 2055 2150
f 2150 2055 2137
f 2184 2185 2183
f 2183 2185 2186
f 2159 2030 2160
f 2160 2030 2187
f 2146 2182 2029
f 2029 2182 2188
f 2189 2190 2192
f 2192 2190 2191
f 2172 2003 2176
f 2176 2003 2002
f 1998 2151 1999
f 1999 2151 2135
f 2177 2172 2062
f 2062 2172 2176
f 2172 2177 2173
f 2173 2177 2193
f 2063 2194 2064
f 2064 2194 2195
f 2066 2197 2196
f 2196 2197 2198
f 2002 2005 2174
f 2174 2005 2199
f 2004 2003 2200
f 2200 2003 2171
f 2198 2201 2171
f 2171 2201 2200
f 2197 2202 2198
f 2198 2202 2201
f 2202 2197 2203
f 2203 2197 2204
f 2196 2198 2173
f 2173 2198 2171
f 2205 2069 2170
f 2170 2069 2206
f 2197 2066 2204
f 2204 2066 2067
f 2107 2207 2108
f 2108 2207 2208
f 2210 2208 2209
f 2209 2208 2207
f 2185 2211 2212
f 2213 2214 2211
f 2211 2214 2212
f 1998 2001 2213
f 2213 2001 2214
f 2134 2215 1999
f 1999 2215 2000
f 2216 2217 2219
f 2219 2217 2218
f 2206 2220 2170
f 2170 2220 2167
f 2069 2068 2206
f 2206 2068 2221
f 2151 1998 2222
f 2222 1998 2213
f 2124 2039 2205
f 2205 2039 2069
f 2142 2223 2143
f 2143 2223 2128
f 2203 2186 2202
f 2202 2186 2185
f 2185 2184 2211
f 2211 2184 2224
f 2224 2225 2222
f 2222 2225 2226
f 2071 2227 2072
f 2072 2227 2228
f 2229 2074 2230
f 2230 2074 2073
f 2074 2229 2113
f 2113 2229 2231
f 2232 2225 2227
f 2227 2225 2224
f 2233 2234 2031
f 2031 2234 2028
f 2236 2231 2235
f 2235 2231 2229
f 2230 2183 2229
f 2229 2183 2235
f 2237 1987 2096
f 2096 1987 1986
f 2152 2238 2181
f 2181 2238 2239
f 2080 2240 2081
f 2081 2240 2241
f 2236 2242 1971
f 1971 2242 1970
f 1925 2113 1923
f 1923 2113 2231
f 2110 1927 2111
f 2111 1927 1928
f 2103 2111 1931
f 1931 2111 1928
f 1931 2243 2103
f 2103 2243 2104
f 2105 2104 2244
f 2244 2104 2243
f 1939 1980 2148
f 2148 1980 2109
f 1980 1944 2109
f 2109 1944 2107
f 1946 2245 2207
f 2207 2245 2209
f 2245 1970 2209
f 2209 1970 2242
f 2231 2236 1923
f 1923 2236 1971
f 2113 1925 2110
f 2110 1925 1927
f 2234 2246 2028
f 2028 2246 2147
f 2247 2248 2058
f 2058 2248 2059
f 2114 2117 2249
f 2249 2117 2250
f 2252 2253 2251
f 2251 2253 2254
f 2094 2015 2091
f 2091 2015 2255
f 2256 2255 2014
f 2014 2255 2015
f 2257 2145 2258
f 2258 2145 2144
f 2131 2161 2123
f 2123 2161 2044
f 2045 2044 2164
f 2164 2044 2161
f 2045 2164 2119
f 2119 2164 2165
f 2259 2120 2165
f 2165 2120 2119
f 2260 2261 2259
f 2259 2261 2120
f 2205 2262 2124
f 2124 2262 2125
f 2180 2263 2178
f 2178 2263 2264
f 2265 2266 2092
f 2092 2266 2093
f 1992 2267 2268
f 2184 2228 2224
f 2224 2228 2227
f 2048 2269 2049
f 2049 2269 2141
f 2129 2168 2157
f 2157 2168 2167
f 2049 2141 2075
f 2075 2141 2140
f 2199 2215 2270
f 2270 2215 2271
f 2142 2141 2272
f 2272 2141 2269
f 2089 2026 2090
f 2090 2026 2102
f 2146 2029 2147
f 2147 2029 2028
f 2111 2103 2112
f 2112 2103 2099
f 2061 2060 2109
f 2109 2060 2148
f 2273 2274 2041
f 2041 2274 2038
f 2260 2275 2261
f 2261 2275 2136
f 2057 2138 2132
f 2132 2138 2276
f 2272 2269 2056
f 2056 2269 2139
f 2277 2278 2270
f 2270 2278 2199
f 2029 2188 2030
f 2030 2188 2187
f 2040 2039 2127
f 2127 2039 2124
f 2064 2195 2083
f 2083 2195 2279
f 2056 2139 2057
f 2057 2139 2138
f 2278 2277 2247
f 2247 2277 2248
f 2062 2176 2063
f 2063 2176 2175
f 2280 2210 2242
f 2242 2210 2209
f 2282 2233 2281
f 2281 2233 2031
f 2216 2219 2283
f 2283 2219 2221
f 2158 2220 2218
f 2218 2220 2219
f 2217 2282 2218
f 2218 2282 2281
f 2220 2158 2167
f 2167 2158 2157
f 2223 2264 2128
f 2128 2264 2263
f 2261 1996 2120
f 2120 1996 1995
f 2213 2211 2222
f 2222 2211 2224
f 2283 2221 2284
f 2284 2221 2068
f 2135 1996 2136
f 2136 1996 2261
f 2144 2081 2258
f 2258 2081 2241
f 2235 2280 2236
f 2236 2280 2242
f 2246 2273 2147
f 2147 2273 2041
f 2036 2285 2032
f 2032 2285 2088
f 2077 2286 2152
f 2152 2286 2238
f 1937 1960 1973
f 1973 1960 1959
f 2070 2232 2071
f 2071 2232 2227
f 2244 2287 2105
f 2105 2287 2106
f 1936 1939 2149
f 2149 1939 2148
f 1944 1946 2107
f 2107 1946 2207
f 2285 2121 2088
f 2088 2121 2027
f 2253 2249 2254
f 2254 2249 2250
f 2006 2009 2077
f 2077 2009 2286
f 2289 2086 2288
f 2288 2086 2087
f 2223 2142 2290
f 2290 2142 2272
f 2128 2131 2143
f 2143 2131 2123
f 2156 2291 2153
f 2153 2291 2175
f 2292 2293 2278
f 2278 2293 2294
f 2075 2140 2123
f 2123 2140 2143
f 2262 2169 2275
f 2275 2169 2180
f 2275 2180 2136
f 2136 2180 2134
f 2274 2284 2038
f 2038 2284 2068
f 2127 2126 2182
f 2182 2126 2166
f 2094 2093 2098
f 2098 2093 2021
f 2098 2021 2099
f 2099 2021 2112
f 2018 2021 2266
f 2266 2021 2093
f 2251 2289 2252
f 2252 2289 2288
f 1997 2151 2226
f 2226 2151 2222
f 2206 2221 2220
f 2220 2221 2219
f 2269 2048 2139
f 2139 2048 2137
f 2159 2158 2281
f 2281 2158 2218
f 2156 2155 2190
f 2190 2155 2191
f 1974 1965 1583
f 1583 1965 1751
f 2088 2027 2089
f 2089 2027 2026
f 2030 2159 2031
f 2031 2159 2281
f 2106 2149 2102
f 2102 2149 2090
f 2287 1936 2106
f 2106 1936 2149
f 2293 2154 2294
f 2294 2154 2153
f 2021 2020 2112
f 2247 2295 2278
f 2278 2295 2292
f 2284 2296 2283
f 2283 2296 2297
f 2298 2296 2274
f 2274 2296 2284
f 2273 2299 2274
f 2274 2299 2298
f 2246 2300 2273
f 2273 2300 2299
f 2283 2297 2216
f 2216 2297 2301
f 2216 2301 2217
f 2217 2301 2302
f 2302 2303 2217
f 2217 2303 2282
f 2304 2301 2305
f 2305 2301 2297
f 2307 2308 2306
f 2306 2308 2309
f 2306 2310 2307
f 2307 2310 2311
f 2307 2312 2308
f 2308 2312 2313
f 2314 2315 2312
f 2312 2315 2316
f 2316 2317 2312
f 2312 2317 2313
f 2317 2305 2313
f 2313 2305 2318
f 2314 2312 2311
f 2311 2312 2307
f 2319 2320 2322
f 2322 2320 2321
f 2322 2311 2319
f 2319 2311 2310
f 2313 2318 2308
f 2308 2318 2309
f 2296 2298 2318
f 2318 2298 2309
f 2309 2298 2323
f 2323 2298 2299
f 2306 2309 2324
f 2324 2309 2323
f 2310 2306 2325
f 2325 2306 2324
f 2296 2318 2297
f 2297 2318 2305
f 2319 2310 2326
f 2326 2310 2325
f 2328 2325 2327
f 2327 2325 2324
f 2325 2328 2326
f 2326 2328 2329
f 2331 2328 2330
f 2330 2328 2327
f 2332 2333 2327
f 2327 2333 2330
f 2328 2331 2329
f 2329 2331 2334
f 2324 2323 2327
f 2327 2323 2332
f 2300 2332 2299
f 2299 2332 2323
f 2326 2335 2319
f 2319 2335 2320
f 2305 2317 2336
f 2336 2317 2316
f 2336 2316 2337
f 2337 2316 2315
f 2338 2304 2336
f 2336 2304 2305
f 2337 2339 2336
f 2336 2339 2338
f 2337 2315 2341
f 2341 2315 2340
f 2342 2300 2234
f 2234 2300 2246
f 2303 2343 2282
f 2282 2343 2233
f 2234 2233 2342
f 2342 2233 2343
f 2342 2343 2333
f 2333 2343 2344
f 2333 2344 2330
f 2330 2344 2345
f 2346 2344 2303
f 2303 2344 2343
f 2332 2300 2333
f 2333 2300 2342
f 2347 2346 2302
f 2302 2346 2303
f 2301 2304 2302
f 2302 2304 2347
f 2304 2338 2347
f 2347 2338 2348
f 2348 2349 2347
f 2347 2349 2346
f 2350 2351 2348
f 2348 2351 2349
f 2349 2345 2346
f 2346 2345 2344
f 2345 2349 2352
f 2352 2349 2351
f 2338 2339 2348
f 2348 2339 2350
f 2350 2339 2353
f 2353 2339 2354
f 2356 2357 2355
f 2355 2357 2353
f 2351 2350 2357
f 2357 2350 2353
f 2353 2354 2355
f 2355 2354 2335
f 2320 2335 2341
f 2341 2335 2354
f 2339 2337 2354
f 2354 2337 2341
f 2352 2331 2345
f 2345 2331 2330
f 2356 2334 2352
f 2352 2334 2331
f 2356 2352 2357
f 2357 2352 2351
f 2355 2329 2356
f 2356 2329 2334
f 2335 2326 2355
f 2355 2326 2329
f 2321 2314 2322
f 2322 2314 2311
f 2321 2320 2340
f 2340 2320 2341
f 2315 2314 2340
f 2340 2314 2321
f 2125 2260 2126
f 2126 2260 2259
f 2157 2160 2129
f 2129 2160 2130
f 2188 2163 2187
f 2187 2163 2162
f 2182 2166 2188
f 2188 2166 2163
f 2180 2169 2263
f 2263 2169 2168
f 2160 2187 2130
f 2130 2187 2162
f 2275 2260 2262
f 2262 2260 2125
f 2128 2263 2129
f 2129 2263 2168
f 2262 2205 2169
f 2169 2205 2170
f 2165 2166 2259
f 2259 2166 2126
f 2359 2360 2358
f 2358 2360 2361
f 2363 2364 2362
f 2362 2364 2365
f 2367 2363 2366
f 2366 2363 2362
f 2368 2369 2371
f 2371 2369 2370
f 2372 2373 2248
f 2248 2373 2059
f 2364 2374 2365
f 2365 2374 2375
f 2377 2378 2376
f 2376 2378 2379
f 2290 2380 2223
f 2223 2380 2381
f 2223 2381 2264
f 2264 2381 2382
f 2384 2385 2383
f 2383 2385 2386
f 2364 2371 2374
f 2374 2371 2387
f 2059 2373 2290
f 2290 2373 2380
f 2378 2360 2379
f 2379 2360 2388
f 2374 2387 2359
f 2359 2387 2389
f 2390 2367 2386
f 2386 2367 2391
f 2393 2394 2392
f 2392 2394 2395
f 2386 2391 2383
f 2383 2391 2396
f 2367 2366 2391
f 2391 2366 2397
f 2363 2367 2368
f 2368 2367 2390
f 2398 2399 2361
f 2361 2399 2358
f 2399 2400 2358
f 2358 2400 2375
f 2390 2401 2368
f 2368 2401 2369
f 2372 2384 2376
f 2376 2384 2383
f 2374 2359 2375
f 2375 2359 2358
f 2402 2403 2365
f 2365 2403 2362
f 2359 2389 2360
f 2360 2389 2388
f 2364 2363 2371
f 2371 2363 2368
f 2405 2398 2404
f 2404 2398 2361
f 2392 2395 2406
f 2406 2395 2397
f 2377 2396 2394
f 2394 2396 2395
f 2394 2393 2404
f 2404 2393 2405
f 2396 2377 2383
f 2383 2377 2376
f 2406 2397 2407
f 2407 2397 2366
f 2400 2402 2375
f 2375 2402 2365
f 2385 2270 2401
f 2401 2270 2271
f 2403 2407 2362
f 2362 2407 2366
f 2371 2370 2387
f 2387 2370 2382
f 2391 2397 2396
f 2396 2397 2395
f 2378 2377 2404
f 2404 2377 2394
f 2360 2378 2361
f 2361 2378 2404
f 2407 2408 2406
f 2406 2408 2409
f 2410 2408 2403
f 2403 2408 2407
f 2411 2410 2402
f 2402 2410 2403
f 2412 2411 2400
f 2400 2411 2402
f 2406 2409 2392
f 2392 2409 2413
f 2392 2413 2393
f 2393 2413 2414
f 2415 2405 2414
f 2414 2405 2393
f 2416 2413 2417
f 2417 2413 2409
f 2419 2420 2418
f 2418 2420 2421
f 2420 2422 2421
f 2421 2422 2423
f 2420 2424 2422
f 2422 2424 2425
f 2426 2427 2424
f 2424 2427 2428
f 2428 2429 2424
f 2424 2429 2425
f 2426 2424 2419
f 2419 2424 2420
f 2419 2418 2431
f 2431 2418 2430
f 2425 2432 2422
f 2422 2432 2423
f 2408 2410 2432
f 2432 2410 2423
f 2423 2410 2433
f 2433 2410 2411
f 2421 2423 2434
f 2434 2423 2433
f 2435 2418 2434
f 2434 2418 2421
f 2429 2417 2425
f 2425 2417 2432
f 2408 2432 2409
f 2409 2432 2417
f 2418 2435 2430
f 2430 2435 2436
f 2438 2435 2437
f 2437 2435 2434
f 2435 2438 2436
f 2436 2438 2439
f 2441 2438 2440
f 2440 2438 2437
f 2442 2443 2437
f 2437 2443 2440
f 2439 2438 2444
f 2444 2438 2441
f 2433 2442 2434
f 2434 2442 2437
f 2412 2442 2411
f 2411 2442 2433
f 2436 2445 2430
f 2430 2445 2446
f 2430 2446 2431
f 2431 2446 2447
f 2417 2429 2448
f 2448 2429 2428
f 2427 2449 2428
f 2428 2449 2448
f 2450 2416 2448
f 2448 2416 2417
f 2451 2450 2449
f 2449 2450 2448
f 2427 2452 2449
f 2449 2452 2453
f 2447 2446 2452
f 2452 2446 2453
f 2454 2412 2399
f 2399 2412 2400
f 2415 2455 2405
f 2405 2455 2398
f 2399 2398 2454
f 2454 2398 2455
f 2454 2455 2443
f 2443 2455 2456
f 2443 2456 2440
f 2440 2456 2457
f 2458 2456 2415
f 2415 2456 2455
f 2443 2442 2454
f 2454 2442 2412
f 2459 2458 2414
f 2414 2458 2415
f 2413 2416 2414
f 2414 2416 2459
f 2459 2416 2460
f 2460 2416 2450
f 2460 2461 2459
f 2459 2461 2458
f 2462 2463 2460
f 2460 2463 2461
f 2461 2457 2458
f 2458 2457 2456
f 2457 2461 2464
f 2464 2461 2463
f 2451 2462 2450
f 2450 2462 2460
f 2462 2451 2465
f 2465 2451 2466
f 2468 2469 2467
f 2467 2469 2465
f 2463 2462 2469
f 2469 2462 2465
f 2465 2466 2467
f 2467 2466 2445
f 2446 2445 2453
f 2453 2445 2466
f 2451 2449 2466
f 2466 2449 2453
f 2464 2441 2457
f 2457 2441 2440
f 2468 2444 2464
f 2464 2444 2441
f 2468 2464 2469
f 2469 2464 2463
f 2467 2439 2468
f 2468 2439 2444
f 2445 2436 2467
f 2467 2436 2439
f 2447 2426 2431
f 2431 2426 2419
f 2427 2426 2452
f 2452 2426 2447
f 2369 2179 2370
f 2370 2179 2178
f 2376 2379 2372
f 2372 2379 2373
f 2389 2381 2388
f 2388 2381 2380
f 2387 2382 2389
f 2389 2382 2381
f 2270 2385 2277
f 2277 2385 2384
f 2379 2388 2373
f 2373 2388 2380
f 2401 2271 2369
f 2369 2271 2179
f 2248 2277 2372
f 2372 2277 2384
f 2401 2390 2385
f 2385 2390 2386
f 2264 2382 2178
f 2178 2382 2370
f 2215 2134 2271
f 2271 2134 2179
f 2005 2000 2199
f 2199 2000 2215
f 2004 2001 2005
f 2005 2001 2000
f 2200 2214 2004
f 2004 2214 2001
f 2470 2471 2473
f 2473 2471 2472
f 2475 2476 2474
f 2474 2476 2477
f 2479 2475 2478
f 2478 2475 2474
f 2481 2482 2480
f 2480 2482 2483
f 2476 2484 2477
f 2477 2484 2485
f 2487 2488 2486
f 2486 2488 2489
f 2133 2490 2058
f 2058 2490 2491
f 2058 2491 2247
f 2247 2491 2492
f 2494 2495 2493
f 2493 2495 2496
f 2476 2483 2484
f 2484 2483 2497
f 2472 2498 2488
f 2488 2498 2489
f 2484 2497 2471
f 2471 2497 2499
f 2500 2479 2496
f 2496 2479 2501
f 2502 2503 2505
f 2505 2503 2504
f 2496 2501 2493
f 2493 2501 2506
f 2479 2478 2501
f 2501 2478 2507
f 2475 2479 2480
f 2480 2479 2500
f 2508 2509 2473
f 2473 2509 2470
f 2509 2510 2470
f 2470 2510 2485
f 2511 2481 2500
f 2500 2481 2480
f 2512 2494 2486
f 2486 2494 2493
f 2485 2484 2470
f 2470 2484 2471
f 2513 2514 2477
f 2477 2514 2474
f 2471 2499 2472
f 2472 2499 2498
f 2476 2475 2483
f 2483 2475 2480
f 2516 2508 2515
f 2515 2508 2473
f 2502 2505 2517
f 2517 2505 2507
f 2504 2487 2505
f 2505 2487 2506
f 2503 2516 2504
f 2504 2516 2515
f 2506 2487 2493
f 2493 2487 2486
f 2517 2507 2518
f 2518 2507 2478
f 2510 2513 2485
f 2485 2513 2477
f 2511 2495 2293
f 2293 2495 2154
f 2514 2518 2474
f 2474 2518 2478
f 2483 2482 2497
f 2497 2482 2492
f 2501 2507 2506
f 2506 2507 2505
f 2488 2487 2515
f 2515 2487 2504
f 2472 2488 2473
f 2473 2488 2515
f 2518 2519 2517
f 2517 2519 2520
f 2521 2519 2514
f 2514 2519 2518
f 2522 2521 2513
f 2513 2521 2514
f 2523 2522 2510
f 2510 2522 2513
f 2517 2520 2502
f 2502 2520 2524
f 2502 2524 2503
f 2503 2524 2525
f 2525 2526 2503
f 2503 2526 2516
f 2527 2524 2528
f 2528 2524 2520
f 2530 2531 2529
f 2529 2531 2532
f 2531 2533 2532
f 2532 2533 2534
f 2531 2535 2533
f 2533 2535 2536
f 2537 2538 2535
f 2535 2538 2539
f 2539 2540 2535
f 2535 2540 2536
f 2537 2535 2530
f 2530 2535 2531
f 2529 2541 2530
f 2530 2541 2542
f 2543 2534 2536
f 2536 2534 2533
f 2519 2521 2543
f 2543 2521 2534
f 2534 2521 2544
f 2544 2521 2522
f 2532 2534 2545
f 2545 2534 2544
f 2529 2532 2546
f 2546 2532 2545
f 2536 2540 2543
f 2543 2540 2528
f 2519 2543 2520
f 2520 2543 2528
f 2541 2529 2547
f 2547 2529 2546
f 2548 2549 2545
f 2545 2549 2546
f 2549 2550 2546
f 2546 2550 2547
f 2551 2552 2548
f 2548 2552 2549
f 2548 2553 2551
f 2551 2553 2554
f 2550 2549 2555
f 2555 2549 2552
f 2545 2544 2548
f 2548 2544 2553
f 2523 2553 2522
f 2522 2553 2544
f 2547 2556 2541
f 2541 2556 2557
f 2541 2557 2542
f 2542 2557 2558
f 2528 2540 2559
f 2559 2540 2539
f 2538 2560 2539
f 2539 2560 2559
f 2561 2527 2559
f 2559 2527 2528
f 2560 2562 2559
f 2559 2562 2561
f 2560 2538 2564
f 2564 2538 2563
f 2558 2557 2563
f 2563 2557 2564
f 2565 2523 2509
f 2509 2523 2510
f 2526 2566 2516
f 2516 2566 2508
f 2509 2508 2565
f 2565 2508 2566
f 2565 2566 2554
f 2554 2566 2567
f 2554 2567 2551
f 2551 2567 2568
f 2569 2567 2526
f 2526 2567 2566
f 2553 2523 2554
f 2554 2523 2565
f 2570 2569 2525
f 2525 2569 2526
f 2524 2527 2525
f 2525 2527 2570
f 2527 2561 2570
f 2570 2561 2571
f 2571 2572 2570
f 2570 2572 2569
f 2573 2574 2571
f 2571 2574 2572
f 2572 2568 2569
f 2569 2568 2567
f 2568 2572 2575
f 2575 2572 2574
f 2562 2573 2561
f 2561 2573 2571
f 2573 2562 2576
f 2576 2562 2577
f 2579 2580 2578
f 2578 2580 2576
f 2574 2573 2580
f 2580 2573 2576
f 2576 2577 2578
f 2578 2577 2556
f 2557 2556 2564
f 2564 2556 2577
f 2562 2560 2577
f 2577 2560 2564
f 2575 2552 2568
f 2568 2552 2551
f 2579 2555 2575
f 2575 2555 2552
f 2579 2575 2580
f 2580 2575 2574
f 2550 2555 2578
f 2578 2555 2579
f 2556 2547 2578
f 2578 2547 2550
f 2558 2537 2542
f 2542 2537 2530
f 2538 2537 2563
f 2563 2537 2558
f 2292 2295 2481
f 2481 2295 2482
f 2486 2489 2512
f 2512 2489 2581
f 2499 2491 2498
f 2498 2491 2490
f 2497 2492 2499
f 2499 2492 2491
f 2155 2154 2494
f 2494 2154 2495
f 2581 2489 2490
f 2490 2489 2498
f 2293 2292 2511
f 2511 2292 2481
f 2191 2155 2512
f 2512 2155 2494
f 2500 2496 2511
f 2511 2496 2495
f 2247 2492 2295
f 2295 2492 2482
f 2583 2584 2582
f 2582 2584 2585
f 2587 2588 2586
f 2586 2588 2589
f 2591 2587 2590
f 2590 2587 2586
f 2593 2594 2592
f 2592 2594 2595
f 2596 2597 2599
f 2599 2597 2598
f 2588 2600 2589
f 2589 2600 2601
f 2602 2603 2605
f 2605 2603 2604
f 2606 2607 2609
f 2609 2607 2608
f 2609 2608 2190
f 2190 2608 2610
f 2611 2612 2614
f 2614 2612 2613
f 2600 2588 2615
f 2615 2588 2595
f 2599 2598 2606
f 2606 2598 2607
f 2584 2616 2604
f 2604 2616 2605
f 2600 2615 2583
f 2583 2615 2617
f 2591 2619 2618
f 2618 2619 2614
f 2621 2622 2620
f 2620 2622 2623
f 2619 2624 2614
f 2614 2624 2611
f 2591 2590 2619
f 2619 2590 2625
f 2587 2591 2592
f 2592 2591 2618
f 2626 2627 2585
f 2585 2627 2582
f 2627 2628 2582
f 2582 2628 2601
f 2629 2593 2618
f 2618 2593 2592
f 2602 2597 2611
f 2611 2597 2612
f 2600 2583 2601
f 2601 2583 2582
f 2630 2631 2589
f 2589 2631 2586
f 2583 2617 2584
f 2584 2617 2616
f 2588 2587 2595
f 2595 2587 2592
f 2633 2626 2632
f 2632 2626 2585
f 2620 2623 2634
f 2634 2623 2625
f 2622 2603 2623
f 2623 2603 2624
f 2621 2633 2622
f 2622 2633 2632
f 2611 2624 2602
f 2602 2624 2603
f 2634 2625 2635
f 2635 2625 2590
f 2628 2630 2601
f 2601 2630 2589
f 2613 2195 2629
f 2629 2195 2194
f 2631 2635 2586
f 2586 2635 2590
f 2595 2594 2615
f 2615 2594 2610
f 2619 2625 2624
f 2624 2625 2623
f 2632 2604 2622
f 2622 2604 2603
f 2585 2584 2632
f 2632 2584 2604
f 2635 2636 2634
f 2634 2636 2637
f 2638 2636 2631
f 2631 2636 2635
f 2639 2638 2630
f 2630 2638 2631
f 2640 2639 2628
f 2628 2639 2630
f 2634 2637 2620
f 2620 2637 2641
f 2620 2641 2621
f 2621 2641 2642
f 2642 2643 2621
f 2621 2643 2633
f 2641 2637 2644
f 2644 2637 2645
f 2646 2647 2649
f 2649 2647 2648
f 2648 2650 2649
f 2649 2650 2651
f 2648 2652 2650
f 2650 2652 2653
f 2652 2654 2656
f 2656 2654 2655
f 2656 2657 2652
f 2652 2657 2653
f 2654 2652 2647
f 2647 2652 2648
f 2647 2646 2659
f 2659 2646 2658
f 2660 2651 2653
f 2653 2651 2650
f 2636 2638 2660
f 2660 2638 2651
f 2651 2638 2661
f 2661 2638 2639
f 2651 2661 2649
f 2649 2661 2662
f 2663 2646 2662
f 2662 2646 2649
f 2653 2657 2660
f 2660 2657 2645
f 2636 2660 2637
f 2637 2660 2645
f 2646 2663 2658
f 2658 2663 2664
f 2665 2666 2662
f 2662 2666 2663
f 2666 2667 2663
f 2663 2667 2664
f 2668 2669 2665
f 2665 2669 2666
f 2665 2670 2668
f 2668 2670 2671
f 2667 2666 2672
f 2672 2666 2669
f 2662 2661 2665
f 2665 2661 2670
f 2640 2670 2639
f 2639 2670 2661
f 2673 2674 2664
f 2664 2674 2658
f 2658 2674 2659
f 2659 2674 2675
f 2645 2657 2676
f 2676 2657 2656
f 2677 2676 2655
f 2655 2676 2656
f 2676 2678 2645
f 2645 2678 2644
f 2677 2679 2676
f 2676 2679 2678
f 2655 2680 2677
f 2677 2680 2681
f 2675 2674 2680
f 2680 2674 2681
f 2682 2640 2627
f 2627 2640 2628
f 2643 2683 2633
f 2633 2683 2626
f 2682 2627 2683
f 2683 2627 2626
f 2683 2684 2682
f 2682 2684 2671
f 2684 2685 2671
f 2671 2685 2668
f 2686 2684 2643
f 2643 2684 2683
f 2670 2640 2671
f 2671 2640 2682
f 2687 2686 2642
f 2642 2686 2643
f 2642 2641 2687
f 2687 2641 2644
f 2687 2644 2688
f 2688 2644 2678
f 2688 2689 2687
f 2687 2689 2686
f 2690 2691 2688
f 2688 2691 2689
f 2689 2685 2686
f 2686 2685 2684
f 2685 2689 2692
f 2692 2689 2691
f 2679 2690 2678
f 2678 2690 2688
f 2690 2679 2693
f 2693 2679 2694
f 2696 2697 2695
f 2695 2697 2693
f 2691 2690 2697
f 2697 2690 2693
f 2693 2694 2695
f 2695 2694 2673
f 2674 2673 2681
f 2681 2673 2694
f 2679 2677 2694
f 2694 2677 2681
f 2685 2692 2668
f 2668 2692 2669
f 2696 2672 2692
f 2692 2672 2669
f 2696 2692 2697
f 2697 2692 2691
f 2695 2667 2696
f 2696 2667 2672
f 2673 2664 2695
f 2695 2664 2667
f 2675 2654 2659
f 2659 2654 2647
f 2655 2654 2680
f 2680 2654 2675
f 2291 2156 2593
f 2593 2156 2594
f 2597 2602 2598
f 2598 2602 2605
f 2616 2617 2607
f 2607 2617 2608
f 2615 2610 2617
f 2617 2610 2608
f 2597 2596 2612
f 2612 2596 2698
f 2598 2605 2607
f 2607 2605 2616
f 2194 2291 2629
f 2629 2291 2593
f 2629 2618 2613
f 2613 2618 2614
f 2190 2610 2156
f 2156 2610 2594
f 2700 2010 2699
f 2699 2010 2086
f 2267 2701 2116
f 2116 2701 2702
f 2116 2702 2117
f 2117 2702 2703
f 2704 2705 2250
f 2250 2705 2254
f 2011 2706 2267
f 2267 2706 2701
f 2699 2086 2707
f 2707 2086 2289
f 2010 2700 2011
f 2011 2700 2706
f 2708 2707 2251
f 2251 2707 2289
f 2703 2704 2117
f 2117 2704 2250
f 2705 2708 2254
f 2254 2708 2251
f 2709 2710 2708
f 2708 2710 2707
f 2711 2709 2705
f 2705 2709 2708
f 2712 2711 2704
f 2704 2711 2705
f 2713 2712 2703
f 2703 2712 2704
f 2707 2710 2699
f 2699 2710 2714
f 2699 2714 2700
f 2700 2714 2715
f 2716 2706 2715
f 2715 2706 2700
f 2714 2710 2717
f 2717 2710 2718
f 2720 2721 2719
f 2719 2721 2722
f 2721 2723 2722
f 2722 2723 2724
f 2721 2725 2723
f 2723 2725 2726
f 2727 2728 2725
f 2725 2728 2726
f 2729 2725 2720
f 2720 2725 2721
f 2731 2729 2730
f 2730 2729 2720
f 2719 2732 2720
f 2720 2732 2730
f 2726 2733 2723
f 2723 2733 2724
f 2709 2711 2733
f 2733 2711 2724
f 2724 2711 2734
f 2734 2711 2712
f 2722 2724 2735
f 2735 2724 2734
f 2719 2722 2736
f 2736 2722 2735
f 2726 2728 2733
f 2733 2728 2718
f 2709 2733 2710
f 2710 2733 2718
f 2732 2719 2737
f 2737 2719 2736
f 2738 2739 2735
f 2735 2739 2736
f 2739 2740 2736
f 2736 2740 2737
f 2741 2742 2738
f 2738 2742 2739
f 2738 2743 2741
f 2741 2743 2744
f 2740 2739 2745
f 2745 2739 2742
f 2735 2734 2738
f 2738 2734 2743
f 2713 2743 2712
f 2712 2743 2734
f 2737 2746 2732
f 2732 2746 2747
f 2732 2747 2730
f 2730 2747 2731
f 2718 2728 2748
f 2748 2728 2727
f 2749 2750 2727
f 2727 2750 2748
f 2748 2751 2718
f 2718 2751 2717
f 2750 2752 2748
f 2748 2752 2751
f 2750 2749 2754
f 2754 2749 2753
f 2731 2747 2753
f 2753 2747 2754
f 2727 2725 2749
f 2749 2725 2729
f 2749 2729 2753
f 2753 2729 2731
f 2702 2755 2703
f 2703 2755 2713
f 2706 2716 2701
f 2701 2716 2756
f 2755 2702 2756
f 2756 2702 2701
f 2756 2757 2755
f 2755 2757 2744
f 2757 2758 2744
f 2744 2758 2741
f 2759 2757 2716
f 2716 2757 2756
f 2743 2713 2744
f 2744 2713 2755
f 2760 2759 2715
f 2715 2759 2716
f 2715 2714 2760
f 2760 2714 2717
f 2760 2717 2761
f 2761 2717 2751
f 2761 2762 2760
f 2760 2762 2759
f 2763 2764 2761
f 2761 2764 2762
f 2762 2758 2759
f 2759 2758 2757
f 2758 2762 2765
f 2765 2762 2764
f 2752 2763 2751
f 2751 2763 2761
f 2763 2752 2766
f 2766 2752 2767
f 2768 2769 2766
f 2766 2769 2770
f 2764 2763 2770
f 2770 2763 2766
f 2766 2767 2768
f 2768 2767 2746
f 2747 2746 2754
f 2754 2746 2767
f 2752 2750 2767
f 2767 2750 2754
f 2758 2765 2741
f 2741 2765 2742
f 2769 2745 2765
f 2765 2745 2742
f 2769 2765 2770
f 2770 2765 2764
f 2768 2740 2769
f 2769 2740 2745
f 2746 2737 2768
f 2768 2737 2740
f 2201 2212 2200
f 2200 2212 2214
f 2201 2202 2212
f 2212 2202 2185
f 2512 2581 2191
f 2191 2581 2192
f 2059 2290 2056
f 2056 2290 2272
f 2174 2199 2294
f 2294 2199 2278
f 2063 2175 2194
f 2194 2175 2291
f 2192 2581 2133
f 2133 2581 2490
f 2133 2132 2192
f 2192 2132 2189
f 2054 2276 2055
f 2055 2276 2138
f 2083 2279 2084
f 2084 2279 2771
f 2771 2279 2599
f 2599 2279 2596
f 2606 2772 2599
f 2599 2772 2771
f 2772 2773 2771
f 2771 2773 2084
f 2773 2774 2084
f 2084 2774 2085
f 2085 2775 2082
f 2082 2775 2144
f 2774 2078 2085
f 2085 2078 2775
f 2078 2774 2079
f 2079 2774 2776
f 2774 2773 2776
f 2776 2773 2777
f 2773 2772 2777
f 2777 2772 2778
f 2190 2189 2609
f 2609 2189 2778
f 2053 2052 2779
f 2779 2052 2181
f 2144 2775 2081
f 2081 2775 2078
f 2294 2153 2174
f 2174 2153 2175
f 2132 2276 2189
f 2189 2276 2778
f 2606 2609 2772
f 2772 2609 2778
f 2195 2613 2698
f 2698 2613 2612
f 2596 2279 2698
f 2698 2279 2195
f 2054 2777 2276
f 2276 2777 2778
f 2777 2054 2776
f 2776 2054 2053
f 2053 2779 2776
f 2776 2779 2079
f 2779 2181 2079
f 2079 2181 2080
f 2181 2239 2080
f 2080 2239 2240
f 2122 2256 2014
f 2042 1982 2076
f 2076 1982 2007
f 1982 1985 2007
f 2007 1985 2008
f 2095 2097 2265
f 2265 2097 2266
f 2076 2050 2042
f 2042 2050 2047
f 2046 2043 2047
f 2047 2043 2042
f 2118 1993 2046
f 2046 1993 2043
f 1995 1994 2118
f 2118 1994 1993
f 2267 1992 2011
f 2011 1992 2012
f 1997 2012 1994
f 1994 2012 1992
f 2226 2013 1997
f 1997 2013 2012
f 2225 2087 2226
f 2226 2087 2013
f 2225 2232 2087
f 2087 2232 2288
f 2232 2070 2288
f 2288 2070 2252
f 2070 2025 2252
f 2252 2025 2253
f 1988 2249 2025
f 2025 2249 2253
f 2116 2115 2267
f 2267 2115 2268
f 2096 1984 2237
f 2237 1984 1991
f 2095 1985 2096
f 2096 1985 1984
f 2265 2008 2095
f 2095 2008 1985
f 2092 2009 2265
f 2265 2009 2008
f 2091 2286 2092
f 2092 2286 2009
f 2255 2238 2091
f 2091 2238 2286
f 2256 2239 2255
f 2255 2239 2238
f 2122 2240 2256
f 2256 2240 2239
f 2121 2241 2122
f 2122 2241 2240
f 2022 2018 2097
f 2097 2018 2266
f 2022 2024 2018
f 2018 2024 2019
f 2024 2072 2019
f 2019 2072 2073
f 2072 2228 2073
f 2073 2228 2230
f 2228 2184 2230
f 2230 2184 2183
f 2121 2285 2241
f 2241 2285 2258
f 2285 2036 2258
f 2258 2036 2257
f 2177 2145 2193
f 2193 2145 2257
f 2173 2193 2196
f 2196 2193 2037
f 2036 2037 2257
f 2257 2037 2193
f 2196 2037 2066
f 2066 2037 2035
f 2061 2108 2034
f 2034 2108 2067
f 2108 2208 2067
f 2067 2208 2204
f 2208 2210 2204
f 2204 2210 2203
f 2210 2280 2203
f 2203 2280 2186
f 2183 2186 2235
f 2235 2186 2280
f 1987 2114 1988
f 1988 2114 2249
f 2237 2115 1987
f 1987 2115 2114
f 1991 2268 2237
f 2237 2268 2115
f 1991 1990 2268
f 2268 1990 1992
f 107 110 2781
f 2781 110 2780
f 117 2782 118
f 118 2782 2783
f 119 2784 120
f 120 2784 2785
f 125 2786 126
f 126 2786 2787
f 127 2788 128
f 128 2788 2789
f 127 132 2788
f 2788 132 2790
f 231 230 2792
f 2792 230 2791
f 118 2783 119
f 119 2783 2784
f 241 243 2794
f 2794 243 2793
f 2781 2795 107
f 107 2795 352
f 120 2785 437
f 437 2785 2796
f 126 2787 110
f 110 2787 2780
f 455 2797 456
f 456 2797 2798
f 128 2789 457
f 457 2789 2799
f 456 2798 117
f 117 2798 2782
f 2794 2797 241
f 241 2797 455
f 457 2799 125
f 125 2799 2786
f 132 231 2790
f 2790 231 2792
f 230 437 2791
f 2791 437 2796
f 2792 2789 2790
f 2790 2789 2788
f 2785 2784 2801
f 2801 2784 2800
f 2786 2802 2787
f 2787 2802 2803
f 2792 2791 2805
f 2805 2791 2804
f 2784 2783 2800
f 2800 2783 2806
f 2785 2801 2796
f 2796 2801 2807
f 2787 2803 2780
f 2780 2803 2808
f 2789 2809 2799
f 2799 2809 2810
f 2799 2810 2786
f 2786 2810 2802
f 2791 2796 2804
f 2804 2796 2807
f 2789 2792 2809
f 2809 2792 2805
f 2812 2797 2811
f 2811 2797 2794
f 2809 2805 2810
f 2810 2805 2804
f 2810 2804 2802
f 2802 2804 2807
f 2802 2807 2803
f 2803 2807 2801
f 2808 2803 2800
f 2800 2803 2801
f 2814 699 2813
f 2813 699 698
f 2808 2815 2780
f 2780 2815 2781
f 2817 2782 2816
f 2816 2782 2798
f 2815 2818 2781
f 2781 2818 2795
f 2797 2812 2798
f 2798 2812 2816
f 2783 2782 2806
f 2806 2782 2817
f 2800 2806 2808
f 2808 2806 2815
f 2794 2793 2811
f 2811 2793 2819
f 174 201 384
f 384 201 362
f 200 1766 390
f 390 1766 1777
f 1777 1778 390
f 390 1778 398
f 1778 361 398
f 398 361 222
f 2820 2821 628
f 628 2821 629
f 1406 2820 790
f 790 2820 628
f 794 1415 1233
f 1233 1415 1234
f 1406 790 1407
f 1407 790 1312
f 1407 1312 2822
f 2822 1312 1316
f 2823 1380 1543
f 1543 1380 1379
f 1385 1738 1382
f 1382 1738 1383
f 1381 791 1382
f 1382 791 1386
f 791 794 1386
f 1386 794 1233
f 1259 1390 1260
f 1260 1390 1389
f 1905 1542 1394
f 1394 1542 1395
f 1410 1413 1397
f 1397 1413 1398
f 2821 1410 629
f 629 1410 1397
f 2823 2822 1380
f 1380 2822 1316
f 1392 1395 1378
f 1378 1395 1379
f 1738 1399 1383
f 1383 1399 1398
f 1388 1235 1389
f 1389 1235 1234
f 1393 1391 1394
f 1394 1391 1390
f 1381 1384 779
f 779 1384 780
f 1282 788 792
f 792 788 793
f 1431 1262 1432
f 1432 1262 1261
f 1400 1342 1408
f 1408 1342 1409
f 1508 1544 1411
f 1411 1544 1412
f 788 787 793
f 793 787 1414
f 2821 2820 1429
f 1429 2820 1430
f 2822 2823 1506
f 1506 2823 1507
f 778 1282 779
f 779 1282 792
f 2820 1406 1430
f 1430 1406 1409
f 1410 2821 1411
f 1411 2821 1429
f 1407 2822 1408
f 1408 2822 1506
f 1544 781 1412
f 1412 781 780
f 1260 1415 1261
f 1261 1415 1414
f 1334 2824 923
f 923 2824 924
f 2826 1268 2825
f 2825 1268 1267
f 769 1212 2827
f 2827 1212 2828
f 1492 1190 1266
f 1266 1190 1267
f 1488 2829 1489
f 1489 2829 2830
f 922 1329 923
f 923 1329 1328
f 1484 2831 1485
f 1485 2831 2832
f 1482 2833 1485
f 1485 2833 1486
f 1324 1493 1489
f 1489 1493 1490
f 1265 1491 1266
f 1266 1491 1490
f 2835 2836 2834
f 2834 2836 2837
f 1250 2838 2827
f 2827 2838 2839
f 1488 1491 2840
f 2840 1491 2841
f 1268 2826 2842
f 2842 2826 2843
f 2844 2845 1495
f 1495 2845 1496
f 1427 2847 2846
f 2846 2847 926
f 2829 1488 2848
f 2848 1488 2840
f 1329 922 2849
f 2849 922 927
f 2850 2851 768
f 768 2851 1213
f 1265 1268 2852
f 2852 1268 2842
f 1491 1265 2841
f 2841 1265 2852
f 2854 2855 2853
f 2853 2855 2856
f 2855 2857 2856
f 2856 2857 598
f 2857 2858 598
f 598 2858 595
f 2858 2859 595
f 595 2859 626
f 649 652 2860
f 2860 652 2861
f 639 642 2862
f 2862 642 2863
f 2864 705 2862
f 2862 705 639
f 2865 1418 2864
f 2864 1418 705
f 2866 2867 2865
f 2865 2867 1418
f 1760 1348 1761
f 1761 1348 2867
f 1764 2868 1197
f 1197 2868 1198
f 2869 611 2868
f 2868 611 1198
f 2870 612 2869
f 2869 612 611
f 1352 1350 944
f 944 1350 688
f 1350 1256 688
f 688 1256 685
f 1256 1255 685
f 685 1255 692
f 1255 2871 692
f 692 2871 2872
f 701 2873 698
f 698 2873 2813
f 2872 1349 692
f 692 1349 693
f 1696 1744 1574
f 1574 1744 1575
f 1753 1618 1577
f 1577 1618 1578
f 1729 1594 1608
f 1608 1594 1609
f 1725 1630 1611
f 1611 1630 1612
f 1604 1607 1625
f 1625 1607 1626
f 1624 1703 1625
f 1625 1703 1912
f 1703 1702 1912
f 1912 1702 1913
f 1702 1753 1913
f 1913 1753 1577
f 1598 1569 1915
f 1915 1569 1578
f 1616 1615 1915
f 1915 1615 1916
f 1615 1696 1916
f 1916 1696 1574
f 1744 1745 1575
f 1575 1745 1917
f 1745 1565 1917
f 1917 1565 1609
f 1568 1725 1608
f 1608 1725 1611
f 2874 1613 1918
f 1918 1613 1612
f 1607 2874 1626
f 1626 2874 1918
f 1610 1613 1562
f 1562 1613 1563
f 1547 1550 1570
f 1570 1550 1571
f 1573 1576 1580
f 1580 1576 1581
f 1553 1556 1595
f 1595 1556 1596
f 1556 1582 1596
f 1596 1582 1581
f 1551 1547 1599
f 1599 1547 1570
f 1731 1914 1601
f 1601 1914 1602
f 1686 1689 1605
f 1605 1689 1606
f 1598 1743 1599
f 1599 1743 1692
f 2874 1607 1723
f 1723 1607 1606
f 1727 1553 1730
f 1730 1553 1595
f 1600 1686 1601
f 1601 1686 1605
f 1914 1572 1602
f 1602 1572 1571
f 1579 1693 1580
f 1580 1693 1692
f 1613 2874 1563
f 1563 2874 1723
f 1561 1727 1562
f 1562 1727 1730
f 1949 1742 1548
f 1548 1742 1549
f 1694 1949 1552
f 1552 1949 1548
f 1954 1589 1554
f 1554 1589 1555
f 1693 1579 1558
f 1558 1579 1559
f 1561 1564 1584
f 1584 1564 1585
f 1582 1556 1588
f 1588 1556 1555
f 1600 1603 1591
f 1591 1603 1592
f 1981 1977 1687
f 1687 1977 1688
f 1564 1722 1585
f 1585 1722 1690
f 1551 1693 1552
f 1552 1693 1558
f 1751 1954 1728
f 1728 1954 1554
f 1590 1981 1591
f 1591 1981 1687
f 1603 1550 1592
f 1592 1550 1549
f 1977 1691 1688
f 1688 1691 1690
f 1587 1560 1588
f 1588 1560 1559
f 1727 1561 1728
f 1728 1561 1584
f 2875 1919 1947
f 1947 1919 1948
f 1557 1560 1952
f 1952 1560 1953
f 1933 1932 1955
f 1955 1932 1956
f 1587 1589 1958
f 1958 1589 1956
f 1959 1933 1965
f 1965 1933 1955
f 1961 1964 1966
f 1966 1964 1967
f 1981 1590 1969
f 1969 1590 1967
f 1742 1949 1972
f 1972 1949 1948
f 1593 1742 1966
f 1966 1742 1972
f 1957 1950 1958
f 1958 1950 1953
f 1583 1586 1974
f 1974 1586 1975
f 1940 1943 1978
f 1978 1943 1979
f 1943 1976 1979
f 1979 1976 1975
f 1951 2875 1952
f 1952 2875 1947
f 1968 1940 1969
f 1969 1940 1978
f 1973 1959 1974
f 1974 1959 1965
f 1923 1971 1920
f 1920 1971 1921
f 1919 2875 1920
f 1920 2875 1924
f 2875 1951 1924
f 1924 1951 1926
f 1950 1957 1929
f 1929 1957 1930
f 2244 2243 1934
f 1934 2243 1935
f 1973 1976 1937
f 1937 1976 1938
f 1944 1980 1941
f 1941 1980 1942
f 1940 1968 1941
f 1941 1968 1945
f 2287 2244 1960
f 1960 2244 1934
f 1970 2245 1962
f 1962 2245 1963
f 2243 1931 1935
f 1935 1931 1930
f 1927 1926 1928
f 1928 1926 1929
f 1961 1922 1962
f 1962 1922 1921
f 2245 1946 1963
f 1963 1946 1945
f 1976 1943 1938
f 1938 1943 1942
f 1936 2287 1937
f 1937 2287 1960
f 743 1238 608
f 608 1238 609
f 607 1811 608
f 608 1811 744
f 1304 2876 1305
f 1305 2876 2877
f 586 585 1298
f 1298 585 1299
f 585 702 1299
f 1299 702 1300
f 702 1428 1300
f 1300 1428 1301
f 1238 586 609
f 609 586 1298
f 2878 2879 1218
f 1218 2879 2877
f 2880 2881 1812
f 1812 2881 1819
f 2883 1821 2882
f 2882 1821 1820
f 2840 2841 620
f 620 2841 621
f 2842 2843 795
f 795 2843 796
f 892 895 2844
f 2844 895 2845
f 2848 2840 942
f 942 2840 620
f 2849 927 1202
f 1202 927 1203
f 2852 2842 1270
f 1270 2842 795
f 2841 2852 621
f 621 2852 1270
f 941 1759 942
f 942 1759 2884
f 659 929 1427
f 1427 929 2847
f 1237 2851 751
f 751 2851 2850
f 1216 2885 1217
f 1217 2885 1754
f 2887 734 2886
f 2886 734 733
f 2889 1816 2888
f 2888 1816 1815
f 2890 1245 2889
f 2889 1245 1816
f 1824 2891 1825
f 1825 2891 1246
f 2892 2893 2895
f 2895 2893 2894
f 1854 1833 1851
f 1851 1833 1832
f 1851 1832 1884
f 1884 1832 1876
f 1884 1876 1441
f 1441 1876 1443
f 1441 1443 1442
f 1442 1443 1446
f 1442 1446 2896
f 2896 1446 1507
f 2897 2823 2898
f 2898 2823 1543
f 1542 2899 1543
f 1543 2899 2898
f 1542 1905 2899
f 2899 1905 2900
f 1905 1259 2900
f 2900 1259 2901
f 1262 1431 2902
f 2902 1431 1904
f 1431 1434 1904
f 1904 1434 1902
f 1902 1434 2903
f 2903 1434 719
f 2903 719 2904
f 2904 719 718
f 1869 1881 718
f 718 1881 2904
f 1881 1869 1880
f 1880 1869 756
f 1880 756 2905
f 2905 756 755
f 2905 755 2906
f 2906 755 758
f 762 2907 763
f 763 2907 2908
f 724 723 2909
f 2909 723 894
f 796 895 723
f 723 895 894
f 2843 2845 796
f 796 2845 895
f 2826 1496 2843
f 2843 1496 2845
f 2825 1497 2826
f 2826 1497 1496
f 1189 2836 2825
f 2825 2836 1497
f 797 891 798
f 798 891 2837
f 802 888 797
f 797 888 891
f 2910 2911 2913
f 2913 2911 2912
f 1780 1783 2915
f 2915 1783 2914
f 2916 2917 831
f 831 2917 832
f 2918 2919 845
f 845 2919 846
f 2920 2916 847
f 847 2916 831
f 2921 2922 857
f 857 2922 858
f 2923 2924 860
f 860 2924 861
f 2919 2912 846
f 846 2912 887
f 2925 2920 940
f 940 2920 847
f 2924 2926 861
f 861 2926 1204
f 2917 2918 832
f 832 2918 845
f 2927 2928 1449
f 1449 2928 1450
f 2929 2930 889
f 889 2930 2931
f 2896 1507 2897
f 2897 1507 2823
f 2902 2901 1262
f 1262 2901 1259
f 2932 2933 750
f 750 2933 1236
f 2933 2934 1236
f 1236 2934 1835
f 2936 2937 2935
f 2935 2937 2938
f 2940 2941 2939
f 2939 2941 2942
f 2943 2944 1841
f 1841 2944 1842
f 2945 1860 2944
f 2944 1860 1842
f 2945 2946 1860
f 1860 2946 1859
f 1889 2947 1890
f 1890 2947 1856
f 1856 2947 1857
f 1857 2947 2948
f 2950 709 2949
f 2949 709 1829
f 2952 730 2951
f 2951 730 729
f 2866 2953 2867
f 2867 2953 1761
f 2953 2954 1761
f 1761 2954 1420
f 2954 2955 1420
f 1420 2955 742
f 2955 2956 742
f 742 2956 739
f 2956 2957 739
f 739 2957 760
f 2957 2958 760
f 760 2958 761
f 2958 2959 761
f 761 2959 2960
f 2959 2961 2960
f 2960 2961 2962
f 2963 2964 1839
f 1839 2964 1840
f 2964 2965 1840
f 1840 2965 2942
f 2966 2950 2939
f 2939 2950 2949
f 2935 2967 2936
f 2936 2967 2968
f 2969 2970 736
f 736 2970 735
f 734 2887 1815
f 1815 2887 2888
f 2887 2882 2888
f 2888 2882 2881
f 1819 1820 1817
f 1817 1820 748
f 1195 1757 1197
f 1197 1757 1424
f 1757 647 1424
f 1424 647 646
f 647 648 646
f 646 648 643
f 648 1271 643
f 643 1271 737
f 1271 725 737
f 737 725 765
f 725 724 765
f 765 724 762
f 762 724 2907
f 2907 724 2909
f 1254 1437 2909
f 2909 1437 2907
f 1438 1253 1836
f 1836 1253 1835
f 1836 1835 2938
f 2938 1835 2934
f 2971 2972 2935
f 2935 2972 2967
f 897 896 2969
f 2969 896 2970
f 1815 1814 734
f 734 1814 731
f 728 1215 896
f 896 1215 732
f 2885 1216 733
f 733 1216 2886
f 1216 1219 2886
f 2886 1219 2883
f 2876 1304 1821
f 1821 1304 749
f 1304 1303 749
f 749 1303 746
f 1818 2973 1817
f 1817 2973 1810
f 747 2974 1818
f 1818 2974 2973
f 747 746 2974
f 2974 746 1303
f 2976 2977 2975
f 2975 2977 2978
f 2976 2979 2901
f 2901 2979 2900
f 2980 2981 2982
f 2982 2981 2979
f 2981 2980 2983
f 2983 2980 2984
f 2985 2897 2983
f 2983 2897 2898
f 2987 2988 2986
f 2986 2988 2985
f 2896 2988 1442
f 1442 2988 1439
f 1903 2977 1904
f 1904 2977 2902
f 1856 1855 1890
f 1890 1855 2989
f 2989 2990 1890
f 1890 2990 1359
f 2990 2991 1359
f 1359 2991 1356
f 2946 2992 1859
f 1859 2992 1893
f 2992 2993 1893
f 1893 2993 775
f 2993 2994 775
f 775 2994 776
f 2986 1356 2987
f 2987 1356 2991
f 2975 2978 776
f 776 2978 777
f 2982 2994 2980
f 2980 2994 2995
f 1357 2984 2995
f 2995 2984 2980
f 2995 2996 1357
f 1357 2996 1358
f 2996 2997 1358
f 1358 2997 1889
f 2998 2999 2932
f 2932 2999 2933
f 2999 2971 2933
f 2933 2971 2934
f 1837 1836 2937
f 2937 1836 2938
f 2943 1841 2941
f 2941 1841 1838
f 3001 2944 3000
f 3000 2944 2943
f 3001 3002 2944
f 2944 3002 2945
f 3002 3003 2945
f 2945 3003 2946
f 2997 3003 1889
f 1889 3003 2947
f 2947 3003 2948
f 2948 3003 3002
f 3001 3004 3002
f 3002 3004 2948
f 3000 3005 3001
f 3001 3005 3004
f 2940 3006 3000
f 3000 3006 3005
f 2999 3007 2971
f 2971 3007 2972
f 2998 2951 2999
f 2999 2951 3007
f 3008 2952 2998
f 2998 2952 2951
f 2966 2965 2936
f 2936 2965 2937
f 2935 2938 2971
f 2971 2938 2934
f 3003 2997 2946
f 2946 2997 2992
f 2997 2996 2992
f 2992 2996 2993
f 2996 2995 2993
f 2993 2995 2994
f 1356 2986 1357
f 1357 2986 2984
f 2982 2975 2994
f 2994 2975 776
f 1844 1843 1899
f 1899 1843 3009
f 1843 638 3009
f 3009 638 3010
f 638 637 3010
f 3010 637 3011
f 637 1830 3011
f 3011 1830 3012
f 1830 1833 3012
f 3012 1833 2894
f 1833 1854 2894
f 2894 1854 2895
f 1854 1853 2895
f 2895 1853 1888
f 1858 1857 1885
f 1885 1857 1892
f 1899 3009 1898
f 1898 3009 1874
f 3009 3010 1874
f 1874 3010 1865
f 3010 3011 1865
f 1865 3011 1862
f 3011 3012 1862
f 1862 3012 1882
f 3012 2894 1882
f 1882 2894 2893
f 1850 2890 782
f 782 2890 2889
f 783 2880 1811
f 1811 2880 1812
f 744 1810 745
f 745 1810 2973
f 745 2973 805
f 805 2973 806
f 2973 2974 806
f 806 2974 815
f 1303 812 2974
f 2974 812 815
f 1303 1302 812
f 812 1302 1221
f 1307 3013 1302
f 1302 3013 1221
f 1734 3014 1633
f 1633 3014 1634
f 1646 1649 1636
f 1636 1649 1637
f 1654 1657 1641
f 1641 1657 1642
f 1639 1736 1636
f 1636 1736 1684
f 1716 1713 1698
f 1698 1713 1699
f 1718 1721 1705
f 1705 1721 1706
f 1653 1654 1709
f 1709 1654 1641
f 1620 1623 1714
f 1714 1623 1699
f 1712 1682 1714
f 1714 1682 1740
f 1668 1671 1746
f 1746 1671 1747
f 1752 1650 1749
f 1749 1650 1750
f 1750 1650 1709
f 1709 1650 1653
f 1632 1668 1633
f 1633 1668 1746
f 1649 1752 1637
f 1637 1752 1749
f 1682 1643 1740
f 1740 1643 1642
f 3014 1685 1634
f 1634 1685 1684
f 1704 1748 1705
f 1705 1748 1747
f 1697 1707 1698
f 1698 1707 1706
f 1739 1701 1621
f 1621 1701 1622
f 1567 1566 1647
f 1647 1566 1648
f 1664 1695 1651
f 1651 1695 1652
f 1614 1617 1655
f 1655 1617 1656
f 1704 1707 1659
f 1659 1707 1660
f 3014 1734 1662
f 1662 1734 1663
f 1650 1752 1651
f 1651 1752 1665
f 1741 1657 1667
f 1667 1657 1656
f 1695 1614 1652
f 1652 1614 1655
f 1724 1567 1726
f 1726 1567 1647
f 1645 1628 1733
f 1733 1628 1663
f 1685 3014 1726
f 1726 3014 1662
f 1620 1741 1621
f 1621 1741 1667
f 1566 1666 1648
f 1648 1666 1665
f 1658 1737 1659
f 1659 1737 1901
f 1911 1661 1910
f 1910 1661 1660
f 1701 1911 1622
f 1622 1911 1910
f 1732 1748 1733
f 1733 1748 1901
f 1857 2948 1892
f 1892 2948 3004
f 1892 3004 1891
f 1891 3004 3005
f 1828 3006 1829
f 1829 3006 2949
f 2967 736 2968
f 2968 736 710
f 2972 2969 2967
f 2967 2969 736
f 2969 2972 897
f 897 2972 3007
f 897 3007 729
f 729 3007 2951
f 3016 753 3015
f 3015 753 752
f 3018 767 3017
f 3017 767 766
f 3019 3020 1249
f 1249 3020 3021
f 2915 2914 3019
f 3019 2914 3020
f 3023 2914 3022
f 3022 2914 1783
f 2827 2839 769
f 769 2839 766
f 3025 2838 3024
f 3024 2838 3021
f 768 767 2850
f 2850 767 3026
f 2850 3026 751
f 751 3026 752
f 750 753 2932
f 2932 753 3027
f 3008 2998 3027
f 3027 2998 2932
f 3028 3029 3008
f 3008 3029 2952
f 3029 3030 2952
f 2952 3030 730
f 3032 3033 3031
f 3031 3033 3034
f 3036 3037 3035
f 3035 3037 3038
f 2870 3039 612
f 612 3039 3040
f 3041 3042 3031
f 3031 3042 3038
f 3034 1352 3043
f 3043 1352 944
f 612 3040 613
f 613 3040 3044
f 613 3044 1425
f 1425 3044 1422
f 3045 3042 669
f 669 3042 670
f 3041 3043 599
f 599 3043 600
f 772 771 1544
f 1544 771 781
f 1503 771 1866
f 1866 771 770
f 771 1503 781
f 781 1503 778
f 61 281 416
f 416 281 1907
f 283 103 3046
f 3046 103 3047
f 76 79 3048
f 3048 79 3049
f 280 76 1906
f 1906 76 3048
f 3051 335 3050
f 3050 335 334
f 3053 417 3052
f 3052 417 416
f 3055 435 3054
f 3054 435 434
f 428 435 419
f 419 435 1908
f 420 1909 293
f 293 1909 443
f 79 294 3049
f 3049 294 444
f 3057 444 3056
f 3056 444 443
f 3051 3058 335
f 335 3058 452
f 216 215 1332
f 1332 215 452
f 308 283 462
f 462 283 3046
f 3050 334 3059
f 3059 334 462
f 103 62 3047
f 3047 62 417
f 313 312 434
f 434 312 463
f 3061 574 3060
f 3060 574 573
f 1310 3062 1428
f 1428 3062 3063
f 1258 3064 1255
f 1255 3064 2871
f 932 3065 2853
f 2853 3065 3066
f 699 2814 931
f 931 2814 3067
f 3068 1301 3063
f 3063 1301 1428
f 571 574 1310
f 1310 574 3062
f 3060 573 3069
f 3069 573 1332
f 3070 3071 1906
f 1906 3071 1907
f 3072 3073 1908
f 1908 3073 1909
f 3075 2814 3074
f 3074 2814 2813
f 2854 3076 1258
f 1258 3076 3064
f 2871 3077 2872
f 2872 3077 3078
f 3074 2813 3079
f 3079 2813 2873
f 2872 3078 1349
f 1349 3078 3080
f 2873 701 3068
f 3068 701 1301
f 1330 1201 3080
f 3080 1201 1349
f 1264 1263 3081
f 3081 1263 3082
f 3083 3084 3082
f 3082 3084 3081
f 811 1448 3086
f 3086 1448 3085
f 808 811 3087
f 3087 811 3086
f 3088 3083 833
f 833 3083 3082
f 884 3089 885
f 885 3089 3090
f 3087 1790 808
f 808 1790 816
f 1790 3087 1787
f 1787 3087 3091
f 3092 3091 3086
f 3086 3091 3087
f 3093 3094 3084
f 3084 3094 3095
f 3089 3096 3090
f 3090 3096 3088
f 3097 3093 3083
f 3083 3093 3084
f 3099 3100 3098
f 3098 3100 1786
f 3101 1788 2913
f 2913 1788 3102
f 838 837 885
f 885 837 886
f 886 837 3103
f 3103 837 1541
f 3094 3093 3104
f 3104 3093 3097
f 3105 3106 3089
f 3089 3106 3096
f 3108 3109 3107
f 3107 3109 3110
f 3111 3112 3091
f 3091 3112 1787
f 3114 3108 3113
f 3113 3108 3107
f 3114 3115 3112
f 3112 3115 3102
f 3091 3092 3111
f 3111 3092 3116
f 839 838 835
f 835 838 836
f 885 3090 838
f 838 3090 836
f 3110 3117 1247
f 1247 3117 3118
f 1247 3118 1248
f 1248 3118 3119
f 3120 3121 3119
f 3119 3121 1248
f 1247 844 3110
f 3110 844 3107
f 844 843 3107
f 3107 843 3113
f 843 3099 3113
f 3113 3099 3122
f 1781 3123 3098
f 3098 3123 3124
f 2915 2931 1780
f 1780 2931 2930
f 3019 3125 2915
f 2915 3125 2931
f 890 3125 2834
f 2834 3125 1252
f 3125 3019 1252
f 1252 3019 1249
f 907 908 946
f 946 908 947
f 1185 1188 1369
f 1369 1188 948
f 954 957 951
f 951 957 952
f 910 965 953
f 953 965 950
f 905 958 960
f 960 958 961
f 3126 978 949
f 949 978 962
f 936 935 967
f 967 935 968
f 994 993 969
f 969 993 966
f 902 904 971
f 971 904 972
f 983 985 973
f 973 985 970
f 906 905 974
f 974 905 960
f 977 981 959
f 959 981 975
f 911 910 1143
f 1143 910 953
f 952 957 1142
f 1142 957 1145
f 911 1143 1366
f 1366 1143 1368
f 1185 1369 1145
f 1145 1369 1142
f 993 1519 966
f 966 1519 1456
f 965 1454 950
f 950 1454 1457
f 900 899 1459
f 1459 899 1460
f 988 991 1461
f 1461 991 1458
f 899 963 1460
f 1460 963 1462
f 985 987 970
f 970 987 1463
f 904 906 972
f 972 906 974
f 981 983 975
f 975 983 973
f 935 900 968
f 968 900 1459
f 991 994 1458
f 1458 994 969
f 1154 1526 1088
f 1088 1526 1089
f 1109 1112 1092
f 1092 1112 1093
f 1083 1098 1084
f 1084 1098 1097
f 1078 1471 1100
f 1100 1471 1101
f 1075 1078 1104
f 1104 1078 1100
f 1152 1154 1156
f 1156 1154 1088
f 1156 1155 1372
f 1372 1155 1373
f 1372 1373 1104
f 1104 1373 1075
f 1467 1109 1465
f 1465 1109 1092
f 1465 1182 1468
f 1468 1182 1184
f 1474 1470 1096
f 1096 1470 1097
f 1102 1101 1083
f 1083 1101 1098
f 1112 1531 1093
f 1093 1531 1529
f 1102 1073 1099
f 1099 1073 1072
f 1526 1154 1079
f 1079 1154 1080
f 1081 1091 1082
f 1082 1091 1094
f 1069 1068 1085
f 1085 1068 1086
f 1153 1151 1080
f 1080 1151 1058
f 1371 1177 1179
f 1179 1177 1176
f 1099 1072 1103
f 1103 1072 1176
f 1068 1071 1086
f 1086 1071 1073
f 1085 1084 1180
f 1180 1084 1469
f 1066 1065 1183
f 1183 1065 1181
f 1153 1152 1177
f 1177 1152 1178
f 1091 1081 1182
f 1182 1081 1183
f 1057 1525 1079
f 1079 1525 1527
f 1120 1117 1076
f 1076 1117 1077
f 1087 1090 1107
f 1107 1090 1108
f 1127 1126 1110
f 1110 1126 1111
f 1095 1116 1096
f 1096 1116 1115
f 1471 1078 1119
f 1119 1078 1077
f 1087 1107 1155
f 1155 1107 1158
f 1376 1374 1157
f 1157 1374 1158
f 1076 1075 1374
f 1374 1075 1373
f 1109 1467 1110
f 1110 1467 1472
f 1467 1466 1472
f 1472 1466 1473
f 1135 1475 1114
f 1114 1475 1115
f 1471 1119 1095
f 1095 1119 1116
f 1126 1532 1111
f 1111 1532 1530
f 914 1276 1480
f 1480 1276 1517
f 3127 3128 1223
f 1223 3128 1224
f 824 933 1455
f 1455 933 3129
f 3131 1448 3130
f 3130 1448 1447
f 3132 3133 1452
f 1452 3133 1453
f 3130 1447 1322
f 1322 1447 1455
f 933 1514 3129
f 3129 1514 3134
f 1161 3135 1480
f 1480 3135 1481
f 3128 3136 1224
f 1224 3136 1499
f 3133 1162 1453
f 1453 1162 1517
f 1515 3127 1535
f 1535 3127 1223
f 3095 3085 3131
f 3131 3085 1448
f 3137 3092 3085
f 3085 3092 3086
f 3138 3116 3137
f 3137 3116 3092
f 3110 3109 3117
f 3117 3109 3139
f 3105 3140 3117
f 3117 3140 3118
f 3140 3141 3118
f 3118 3141 3119
f 3142 3120 3141
f 3141 3120 3119
f 1498 3143 1277
f 1277 3143 882
f 3144 3145 1340
f 1340 3145 1339
f 1340 3146 3144
f 3144 3146 3147
f 3145 3144 3143
f 3143 3144 3148
f 871 901 872
f 872 901 1362
f 3149 3148 3147
f 3147 3148 3144
f 1208 3150 1209
f 3098 1786 1781
f 1781 1786 1782
f 2930 2929 3123
f 3123 2929 2911
f 1794 1791 2916
f 2916 1791 2917
f 1793 3101 2918
f 2918 3101 2919
f 1796 1794 2920
f 2920 1794 2916
f 3151 3152 2921
f 2921 3152 2922
f 3153 3154 2923
f 2923 3154 2924
f 2919 3101 2912
f 2912 3101 2913
f 3155 1796 2925
f 2925 1796 2920
f 3154 3156 2924
f 2924 3156 2926
f 1791 1793 2917
f 2917 1793 2918
f 3157 3158 2927
f 2927 3158 2928
f 1780 2930 1781
f 1781 2930 3123
f 2825 1267 1189
f 1189 1267 1190
f 2827 2828 1250
f 1250 2828 1251
f 1489 2830 1324
f 1324 2830 1325
f 923 1328 1334
f 1334 1328 1335
f 1485 2832 1482
f 1482 2832 1483
f 1266 1490 1492
f 1492 1490 1493
f 1333 1346 1334
f 1334 1346 2824
f 722 799 1492
f 1492 799 1190
f 664 657 1482
f 1482 657 2833
f 631 634 1324
f 1324 634 1493
f 2828 1494 1251
f 1251 1494 2835
f 1249 3021 1250
f 1250 3021 2838
f 798 2837 1189
f 1189 2837 2836
f 3100 842 3160
f 3160 842 3159
f 1788 3101 1789
f 1789 3101 1793
f 1792 816 1789
f 1789 816 1790
f 817 816 1795
f 1795 816 1792
f 938 817 1797
f 1797 817 1795
f 1796 3155 1797
f 1797 3155 1798
f 3155 3158 1798
f 1798 3158 1799
f 3157 3152 1801
f 1801 3152 1802
f 3151 3156 1803
f 1803 3156 1804
f 3154 3153 1805
f 1805 3153 1806
f 3153 3161 1806
f 1806 3161 1807
f 3099 843 3100
f 3100 843 842
f 1788 1787 3102
f 3102 1787 3112
f 2910 3115 3124
f 3124 3115 3122
f 3099 3098 3122
f 3122 3098 3124
f 416 1907 3052
f 3052 1907 3071
f 3046 3047 3163
f 3163 3047 3162
f 249 445 259
f 259 445 3164
f 425 3165 424
f 424 3165 461
f 408 410 329
f 329 410 330
f 39 331 40
f 40 331 332
f 305 304 423
f 423 304 464
f 385 254 458
f 458 254 392
f 250 415 251
f 251 415 412
f 233 337 234
f 234 337 3166
f 435 3055 1908
f 1908 3055 3072
f 443 1909 3056
f 3056 1909 3073
f 3167 3049 3057
f 3057 3049 444
f 452 3058 1332
f 1332 3058 3069
f 234 3166 346
f 346 3166 411
f 3046 3163 462
f 462 3163 3059
f 259 3164 260
f 260 3164 336
f 3047 417 3162
f 3162 417 3053
f 463 3168 434
f 434 3168 3054
f 454 830 425
f 425 830 3165
f 3062 3169 3063
f 3063 3169 3170
f 1355 1354 1534
f 1534 1354 3171
f 3063 3170 3068
f 3068 3170 3172
f 574 3061 3062
f 3062 3061 3169
f 1534 3171 1535
f 1535 3171 3173
f 3079 2873 3172
f 3172 2873 3068
f 2838 3025 2839
f 2839 3025 3174
f 3176 3177 3175
f 3175 3177 3178
f 3180 1125 3179
f 3179 1125 1128
f 3182 3183 3181
f 3181 3183 3184
f 1134 3185 1130
f 1130 3185 3182
f 3186 3187 3189
f 3189 3187 3188
f 3191 3189 3190
f 3190 3189 3188
f 1137 1122 3190
f 3190 1122 3192
f 3175 3178 3193
f 3193 3178 3194
f 3181 3184 3179
f 3179 3184 3195
f 3197 3198 3196
f 3196 3198 3180
f 3200 3178 3199
f 3199 3178 3177
f 3202 3196 3201
f 3201 3196 3195
f 3204 3184 3203
f 3203 3184 3183
f 3206 3207 3205
f 3205 3207 3186
f 3205 3186 3208
f 3208 3186 3189
f 3209 3208 3191
f 3191 3208 3189
f 3210 3194 3200
f 3200 3194 3178
f 3201 3195 3204
f 3204 3195 3184
f 3197 3211 3177
f 3177 3211 3199
f 3213 3214 3212
f 3212 3214 3215
f 3217 3218 3216
f 3216 3218 3219
f 3221 3222 3220
f 3220 3222 3223
f 3225 3226 3224
f 3224 3226 3227
f 3229 3230 3228
f 3228 3230 3231
f 3233 3234 3232
f 3232 3234 3235
f 3237 3238 3236
f 3236 3238 3239
f 3238 3240 3239
f 3239 3240 3241
f 3232 3235 3242
f 3242 3235 3243
f 3245 3246 3244
f 3244 3246 3247
f 3248 3249 3245
f 3245 3249 3246
f 3251 3252 3250
f 3250 3252 3253
f 3255 3252 3254
f 3254 3252 3251
f 3256 3257 3259
f 3259 3257 3258
f 3261 3262 3260
f 3260 3262 3263
f 3265 3263 3264
f 3264 3263 3262
f 3256 3259 3266
f 3266 3259 3267
f 3269 3270 3268
f 3268 3270 3271
f 3269 3272 3270
f 3270 3272 3273
f 3274 3275 3277
f 3277 3275 3276
f 3278 3279 3276
f 3276 3279 3277
f 3281 3282 3280
f 3280 3282 3283
f 3280 3284 3281
f 3281 3284 3285
f 3287 3288 3286
f 3286 3288 3289
f 3290 3291 3288
f 3288 3291 3289
f 3234 3218 3235
f 3235 3218 3217
f 3232 3292 3233
f 3233 3292 3293
f 3239 3294 3236
f 3236 3294 3219
f 3233 3293 3237
f 3237 3293 3295
f 3296 3294 3241
f 3241 3294 3239
f 3240 3238 3297
f 3297 3238 3298
f 3217 3216 3235
f 3235 3216 3243
f 3297 3299 3240
f 3240 3299 3242
f 3246 3300 3247
f 3247 3300 3223
f 3301 3302 3254
f 3254 3302 3244
f 3249 3303 3246
f 3246 3303 3300
f 3245 3304 3248
f 3248 3304 3292
f 3252 3221 3253
f 3253 3221 3220
f 3250 3248 3299
f 3299 3248 3292
f 3222 3221 3255
f 3255 3221 3252
f 3297 3301 3251
f 3251 3301 3254
f 3258 3214 3259
f 3259 3214 3213
f 3257 3256 3304
f 3304 3256 3305
f 3263 3306 3260
f 3260 3306 3215
f 3261 3257 3302
f 3302 3257 3304
f 3307 3306 3265
f 3265 3306 3263
f 3262 3301 3264
f 3264 3301 3308
f 3259 3213 3267
f 3267 3213 3212
f 3308 3309 3264
f 3264 3309 3266
f 3270 3310 3271
f 3271 3310 3231
f 3311 3312 3278
f 3278 3312 3268
f 3270 3273 3310
f 3310 3273 3313
f 3272 3269 3305
f 3305 3269 3314
f 3277 3229 3274
f 3274 3229 3228
f 3275 3272 3309
f 3309 3272 3305
f 3279 3230 3277
f 3277 3230 3229
f 3276 3308 3278
f 3278 3308 3311
f 3281 3315 3282
f 3282 3315 3227
f 3290 3316 3283
f 3283 3316 3317
f 3281 3285 3315
f 3315 3285 3318
f 3284 3280 3314
f 3314 3280 3319
f 3289 3225 3286
f 3286 3225 3224
f 3287 3284 3312
f 3284 3314 3312
f 3291 3226 3289
f 3289 3226 3225
f 3288 3311 3290
f 3290 3311 3316
f 3212 3215 3307
f 3307 3215 3306
f 3294 3296 3219
f 3219 3296 3216
f 3303 3220 3300
f 3300 3220 3223
f 3224 3227 3318
f 3318 3227 3315
f 3228 3231 3313
f 3313 3231 3310
f 3234 3233 3236
f 3236 3233 3237
f 3243 3241 3242
f 3242 3241 3240
f 3247 3255 3244
f 3244 3255 3254
f 3253 3249 3250
f 3250 3249 3248
f 3260 3258 3261
f 3261 3258 3257
f 3266 3267 3264
f 3264 3267 3265
f 3268 3271 3278
f 3278 3271 3279
f 3274 3273 3275
f 3275 3273 3272
f 3283 3282 3290
f 3290 3282 3291
f 3286 3285 3287
f 3287 3285 3284
f 3218 3234 3219
f 3219 3234 3236
f 3295 3298 3237
f 3237 3298 3238
f 3216 3296 3243
f 3243 3296 3241
f 3242 3299 3232
f 3232 3299 3292
f 3223 3222 3247
f 3247 3222 3255
f 3244 3302 3245
f 3245 3302 3304
f 3303 3249 3220
f 3220 3249 3253
f 3297 3251 3299
f 3299 3251 3250
f 3215 3214 3260
f 3260 3214 3258
f 3301 3262 3302
f 3302 3262 3261
f 3212 3307 3267
f 3267 3307 3265
f 3266 3309 3256
f 3256 3309 3305
f 3271 3231 3279
f 3279 3231 3230
f 3268 3312 3269
f 3269 3312 3314
f 3228 3313 3274
f 3274 3313 3273
f 3308 3276 3309
f 3309 3276 3275
f 3282 3227 3291
f 3291 3227 3226
f 3317 3319 3283
f 3283 3319 3280
f 3224 3318 3286
f 3286 3318 3285
f 3312 3311 3287
f 3311 3288 3287
f 3320 3321 3194
f 3194 3321 3193
f 1375 3321 1121
f 1121 3321 3322
f 3323 3324 3322
f 3322 3324 3192
f 3175 1124 3176
f 3176 1124 1123
f 3179 3195 3180
f 3180 3195 3196
f 3181 1131 3182
f 3182 1131 1130
f 3207 3185 3186
f 3186 3185 3187
f 1136 3188 1133
f 1133 3188 3187
f 3190 3188 1137
f 1137 3188 1136
f 3193 1159 3175
f 3175 1159 1124
f 3179 1128 3181
f 3181 1128 1131
f 1533 3198 1123
f 1123 3198 3176
f 3321 1375 3193
f 3193 1375 1159
f 3321 3320 3322
f 3322 3320 3323
f 1122 1121 3192
f 3192 1121 3322
f 3194 3210 3320
f 3320 3210 3325
f 3324 3323 3327
f 3327 3323 3326
f 3320 3325 3323
f 3323 3325 3326
f 3208 3328 3205
f 3205 3328 3329
f 3330 3206 3329
f 3329 3206 3205
f 3203 3331 3204
f 3204 3331 3332
f 3210 3333 3325
f 3325 3333 3334
f 3325 3334 3326
f 3326 3334 3335
f 3327 3326 3336
f 3336 3326 3335
f 3327 3209 3324
f 3324 3209 3191
f 3190 3192 3191
f 3191 3192 3324
f 3338 3339 3337
f 3337 3339 3340
f 3338 3341 3339
f 3339 3341 3342
f 3341 3343 3342
f 3342 3343 3344
f 3343 3345 3344
f 3344 3345 3346
f 3345 3347 3346
f 3346 3347 3348
f 3347 3349 3348
f 3348 3349 3350
f 3337 3340 3351
f 3351 3340 3352
f 3351 3352 3353
f 3353 3352 3354
f 3353 3354 3355
f 3355 3354 3356
f 3350 3349 3357
f 3357 3349 3358
f 3355 3356 3359
f 3359 3356 3360
f 3359 3360 3361
f 3361 3360 3362
f 3361 3362 3363
f 3363 3362 3364
f 3363 3364 3358
f 3358 3364 3357
f 3339 3342 3365
f 3365 3342 3366
f 3342 3344 3366
f 3366 3344 3367
f 3344 3346 3367
f 3367 3346 3368
f 3346 3348 3368
f 3368 3348 3369
f 3348 3350 3369
f 3369 3350 3370
f 3368 3369 3371
f 3371 3369 3372
f 3369 3370 3372
f 3372 3370 3373
f 3373 3374 3372
f 3372 3374 3375
f 3377 3378 3376
f 3376 3378 3379
f 3377 3375 3378
f 3378 3375 3374
f 3375 3380 3372
f 3372 3380 3371
f 3377 3381 3375
f 3375 3381 3380
f 3376 3382 3377
f 3377 3382 3381
f 3384 3385 3383
f 3383 3385 3386
f 3384 3383 3388
f 3388 3383 3387
f 3388 3387 3389
f 3389 3387 3390
f 3392 3385 3391
f 3391 3385 3384
f 3388 3393 3384
f 3384 3393 3391
f 3389 3394 3388
f 3388 3394 3393
f 3389 3395 3394
f 3394 3395 3396
f 3395 3389 3397
f 3397 3389 3390
f 3339 3365 3340
f 3340 3365 3398
f 3340 3398 3352
f 3352 3398 3399
f 3371 3400 3368
f 3368 3400 3367
f 3400 3401 3367
f 3367 3401 3366
f 3366 3401 3365
f 3365 3401 3402
f 3398 3365 3403
f 3403 3365 3402
f 3398 3403 3399
f 3399 3403 3404
f 3403 3405 3404
f 3404 3405 3406
f 3352 3399 3354
f 3354 3399 3407
f 3399 3404 3407
f 3407 3404 3408
f 3404 3406 3408
f 3408 3406 3409
f 3405 3410 3406
f 3406 3410 3411
f 3410 3412 3411
f 3411 3412 3413
f 3397 3414 3395
f 3395 3414 3415
f 3417 3415 3416
f 3416 3415 3412
f 3410 3418 3412
f 3412 3418 3416
f 3410 3405 3418
f 3418 3405 3419
f 3405 3403 3419
f 3419 3403 3402
f 3370 3350 3420
f 3420 3350 3357
f 3373 3370 3421
f 3421 3370 3420
f 3374 3373 3422
f 3422 3373 3421
f 3378 3374 3423
f 3423 3374 3422
f 3378 3423 3379
f 3379 3423 3424
f 3424 3425 3379
f 3379 3425 3386
f 3383 3426 3387
f 3387 3426 3427
f 3387 3427 3390
f 3390 3427 3428
f 3390 3428 3397
f 3397 3428 3429
f 3429 3430 3397
f 3397 3430 3414
f 3411 3413 3431
f 3431 3413 3432
f 3406 3411 3409
f 3409 3411 3431
f 3401 3400 3335
f 3335 3400 3336
f 3401 3335 3402
f 3402 3335 3334
f 3402 3334 3419
f 3419 3334 3333
f 3419 3333 3418
f 3418 3333 3433
f 3418 3433 3416
f 3416 3433 3434
f 3435 3417 3434
f 3434 3417 3416
f 3394 3396 3436
f 3436 3396 3437
f 3393 3394 3332
f 3332 3394 3436
f 3393 3332 3391
f 3391 3332 3331
f 3330 3392 3331
f 3331 3392 3391
f 3382 3329 3381
f 3381 3329 3328
f 3354 3407 3356
f 3356 3407 3438
f 3356 3438 3360
f 3360 3438 3439
f 3360 3439 3362
f 3362 3439 3440
f 3362 3440 3364
f 3364 3440 3441
f 3364 3441 3357
f 3357 3441 3420
f 3421 3420 3442
f 3442 3420 3441
f 3442 3441 3443
f 3443 3441 3440
f 3443 3440 3444
f 3444 3440 3439
f 3444 3439 3445
f 3445 3439 3438
f 3445 3438 3408
f 3408 3438 3407
f 3422 3421 3446
f 3446 3421 3442
f 3446 3442 3447
f 3447 3442 3443
f 3447 3443 3448
f 3448 3443 3444
f 3448 3444 3449
f 3449 3444 3445
f 3449 3445 3409
f 3409 3445 3408
f 3409 3431 3449
f 3449 3431 3450
f 3449 3450 3448
f 3448 3450 3451
f 3451 3452 3448
f 3448 3452 3447
f 3447 3452 3446
f 3446 3452 3453
f 3446 3453 3422
f 3422 3453 3423
f 3424 3423 3454
f 3454 3423 3453
f 3452 3455 3453
f 3453 3455 3454
f 3452 3451 3455
f 3455 3451 3456
f 3450 3457 3451
f 3451 3457 3456
f 3431 3432 3450
f 3450 3432 3457
f 3454 3458 3424
f 3424 3458 3425
f 3427 3426 3459
f 3459 3426 3460
f 3428 3427 3461
f 3461 3427 3459
f 3428 3461 3429
f 3429 3461 3462
f 3462 3463 3429
f 3429 3463 3430
f 3464 3465 3462
f 3462 3465 3463
f 3455 3466 3454
f 3454 3466 3458
f 3465 3464 3466
f 3466 3464 3467
f 3461 3459 3468
f 3468 3459 3469
f 3468 3469 3464
f 3464 3469 3467
f 3464 3462 3468
f 3468 3462 3461
f 3459 3460 3469
f 3469 3460 3467
f 3295 3351 3298
f 3298 3351 3353
f 3353 3355 3298
f 3298 3355 3297
f 3297 3355 3301
f 3301 3355 3359
f 3301 3359 3308
f 3308 3359 3361
f 3308 3361 3311
f 3311 3361 3363
f 3311 3363 3316
f 3316 3363 3358
f 3316 3358 3317
f 3317 3358 3349
f 3349 3347 3317
f 3317 3347 3319
f 3347 3345 3319
f 3319 3345 3314
f 3345 3343 3314
f 3314 3343 3305
f 3343 3341 3305
f 3305 3341 3304
f 3304 3341 3292
f 3292 3341 3338
f 3292 3338 3293
f 3293 3338 3337
f 3293 3337 3295
f 3295 3337 3351
f 3437 3202 3436
f 3436 3202 3201
f 3436 3201 3332
f 3332 3201 3204
f 3433 3200 3434
f 3434 3200 3199
f 3211 3435 3199
f 3199 3435 3434
f 3333 3210 3433
f 3433 3210 3200
f 3380 3470 3371
f 3400 3371 3336
f 3336 3371 3470
f 3381 3328 3380
f 3380 3328 3470
f 3470 3328 3209
f 3209 3328 3208
f 3336 3470 3327
f 3327 3470 3209
f 1545 1763 1546
f 1546 1763 1762
f 1403 1546 773
f 773 1546 770
f 1221 3013 1220
f 1220 3013 3471
f 1305 2877 1306
f 1306 2877 2879
f 1220 3471 828
f 828 3471 829
f 1217 1754 3472
f 3472 1754 1756
f 1049 3473 1048
f 1048 3473 3474
f 1371 1179 3473
f 3473 1179 3474
f 1074 3475 1179
f 1179 3475 3474
f 3474 3475 1048
f 1048 3475 1056
f 919 666 1345
f 1345 666 665
f 856 680 919
f 919 680 666
f 679 680 1449
f 1449 680 858
f 1367 878 1500
f 1500 878 877
f 1366 908 1367
f 1367 908 878
f 1512 916 1513
f 1513 916 915
f 947 1368 948
f 948 1368 1369
f 1047 1021 1044
f 1044 1021 1020
f 1370 1049 1019
f 1019 1049 1020
f 1173 1030 1174
f 1174 1030 1033
f 3126 1188 1464
f 1464 1188 1187
f 1800 1451 1512
f 1512 1451 916
f 1175 1174 1186
f 1186 1174 1187
f 1030 1173 1047
f 1047 1173 1021
f 1513 915 3476
f 3476 915 1481
f 1345 665 3477
f 3477 665 1483
f 1502 1501 876
f 876 1501 877
f 1205 1451 1803
f 1803 1451 1802
f 3479 2832 3478
f 3478 2832 2831
f 1449 858 2927
f 2927 858 2922
f 908 1366 947
f 947 1366 1368
f 949 948 3126
f 3126 948 1188
f 3480 3135 1502
f 1502 3135 1501
f 2927 2922 3157
f 3157 2922 3152
f 3477 1483 3479
f 3479 1483 2832
f 1803 1802 3151
f 3151 1802 3152
f 663 658 664
f 664 658 657
f 655 658 939
f 939 658 706
f 1512 870 1800
f 1800 870 869
f 875 874 876
f 876 874 873
f 849 874 905
f 905 874 958
f 949 962 946
f 946 962 961
f 978 3126 979
f 979 3126 1464
f 1031 1168 1032
f 1032 1168 1022
f 1045 1013 1046
f 1046 1013 1012
f 1045 1044 1056
f 1056 1044 1048
f 1047 1046 1030
f 1030 1046 1031
f 939 706 940
f 940 706 1450
f 979 1464 1032
f 1032 1464 1033
f 3480 1478 3476
f 3476 1478 3134
f 2829 1487 2830
f 2830 1487 1486
f 848 1230 873
f 873 1230 1479
f 867 870 933
f 933 870 1514
f 1800 869 1801
f 1801 869 1799
f 2830 1486 1325
f 1325 1486 2833
f 940 1450 2925
f 2925 1450 2928
f 946 961 907
f 907 961 958
f 959 962 977
f 977 962 978
f 3476 3134 1513
f 1513 3134 1514
f 2925 2928 3155
f 3155 2928 3158
f 1325 2833 656
f 656 2833 657
f 1801 1799 3157
f 3157 1799 3158
f 1074 1055 3475
f 3475 1055 1056
f 1371 3473 1370
f 1370 3473 1049
f 2884 615 3481
f 3481 615 618
f 3478 2831 2846
f 2846 2831 617
f 2831 1484 617
f 617 1484 618
f 1484 1487 618
f 618 1487 3481
f 2848 3481 2829
f 2829 3481 1487
f 1480 1517 1161
f 1161 1517 1162
f 3129 1323 1455
f 1455 1323 1322
f 3129 3134 1323
f 1323 3134 1478
f 1535 3173 1515
f 1515 3173 1516
f 3085 3095 3137
f 3137 3095 3094
f 3137 3094 3138
f 3138 3094 3104
f 3117 3139 3105
f 3105 3139 3106
f 1138 1141 3127
f 3127 1141 3128
f 3081 3131 1264
f 1264 3131 3130
f 1227 1226 3132
f 3132 1226 3133
f 1264 3130 1229
f 1229 3130 1322
f 1160 1501 1161
f 1161 1501 3135
f 1141 1476 3128
f 3128 1476 3136
f 1226 1163 3133
f 3133 1163 1162
f 1363 1138 1515
f 1515 1138 3127
f 3084 3095 3081
f 3081 3095 3131
f 3089 884 3105
f 3105 884 3140
f 884 883 3140
f 3140 883 3141
f 883 3482 3141
f 3141 3482 3142
f 3476 1481 3480
f 3480 1481 3135
f 1502 1479 3480
f 3480 1479 1478
f 3168 463 440
f 714 1880 715
f 715 1880 2905
f 896 732 2970
f 2970 732 731
f 1263 834 3082
f 3082 834 833
f 898 1231 853
f 853 1231 854
f 3125 890 2931
f 2931 890 889
f 1237 893 2851
f 2851 893 892
f 898 853 899
f 899 853 963
f 988 987 989
f 989 987 986
f 1002 1007 1003
f 1003 1007 1006
f 1038 1036 1007
f 1007 1036 1004
f 1070 1052 1005
f 1005 1052 1006
f 1069 1067 1070
f 1070 1067 1052
f 1130 1129 1134
f 1134 1129 1135
f 879 1167 880
f 880 1167 1166
f 1171 1169 1037
f 1037 1169 1038
f 1085 1180 1069
f 1069 1180 1067
f 1209 1210 879
f 879 1210 1167
f 2885 1215 1754
f 1754 1215 1214
f 1263 855 834
f 834 855 854
f 708 1244 1826
f 1826 1244 1243
f 2909 894 1254
f 1254 894 893
f 1228 1361 964
f 964 1361 1360
f 2908 2907 1436
f 1436 2907 1437
f 2990 1440 2991
f 2991 1440 1439
f 964 1360 965
f 965 1360 1454
f 950 1457 951
f 951 1457 1456
f 970 1463 971
f 971 1463 1462
f 1025 1169 984
f 984 1169 986
f 1084 1097 1469
f 1469 1097 1470
f 1096 1115 1474
f 1474 1115 1475
f 1140 1361 1141
f 1141 1361 1476
f 1212 1495 2828
f 2828 1495 1494
f 880 1166 1452
f 1452 1166 1499
f 715 2905 1504
f 1504 2905 2906
f 954 1519 955
f 955 1519 1518
f 1026 1520 992
f 992 1520 1518
f 1029 1520 1043
f 1043 1520 1521
f 997 1522 1040
f 1040 1522 1521
f 1015 1522 1016
f 1016 1522 1523
f 1523 996 1524
f 1524 996 1062
f 1057 1060 1525
f 1525 1060 1524
f 1094 1528 1082
f 1082 1528 1527
f 1526 1528 1089
f 1089 1528 1529
f 1090 1531 1108
f 1108 1531 1530
f 1125 1533 1126
f 1126 1533 1532
f 3483 1755 727
f 727 1755 1214
f 735 1814 707
f 707 1814 1813
f 2891 1834 1246
f 1246 1834 1243
f 2904 1881 1847
f 1847 1881 1848
f 1852 1855 1853
f 1853 1855 1858
f 1902 2903 1877
f 1877 2903 1878
f 2903 2904 1878
f 1878 2904 1847
f 714 713 1848
f 1848 713 1849
f 1440 2990 1883
f 1883 2990 2989
f 1883 2989 1852
f 1852 2989 1855
f 2895 1888 2892
f 2892 1888 1887
f 774 777 1877
f 1877 777 1903
f 1251 2835 1252
f 1252 2835 2834
f 1213 2844 1212
f 1212 2844 1495
f 2851 892 1213
f 1213 892 2844
f 3123 2911 3124
f 3124 2911 2910
f 887 2929 888
f 888 2929 889
f 1435 2963 1436
f 1436 2963 2961
f 1253 1438 1254
f 1254 1438 1437
f 2970 731 735
f 735 731 1814
f 733 732 2885
f 2885 732 1215
f 2901 2902 2976
f 2976 2902 2977
f 2975 2982 2976
f 2976 2982 2979
f 2899 2900 2981
f 2981 2900 2979
f 2899 2981 2898
f 2898 2981 2983
f 2986 2985 2984
f 2984 2985 2983
f 2897 2985 2896
f 2896 2985 2988
f 2991 1439 2987
f 2987 1439 2988
f 777 2978 1903
f 1903 2978 2977
f 1885 1888 1858
f 1858 1888 1853
f 3090 3088 836
f 836 3088 833
f 3083 3088 3097
f 3097 3088 3096
f 3097 3096 3104
f 3104 3096 3106
f 3111 3116 3108
f 3108 3116 3109
f 3112 3111 3114
f 3114 3111 3108
f 3113 3122 3114
f 3114 3122 3115
f 891 890 2837
f 2837 890 2834
f 951 1456 954
f 954 1456 1519
f 967 1457 936
f 936 1457 1454
f 971 1462 902
f 902 1462 963
f 1461 1463 988
f 988 1463 987
f 1466 1468 1474
f 1474 1468 1470
f 1089 1529 1090
f 1090 1529 1531
f 1184 1181 1469
f 1469 1181 1180
f 1082 1527 1061
f 1061 1527 1525
f 1129 1473 1135
f 1135 1473 1475
f 1108 1530 1105
f 1105 1530 1532
f 1452 1499 3132
f 3132 1499 3136
f 3109 3116 3139
f 3139 3116 3138
f 2912 2911 887
f 887 2911 2929
f 2836 2835 1497
f 1497 2835 1494
f 2913 3102 2910
f 2910 3102 3115
f 1133 3187 1134
f 1134 3187 3185
f 3177 3176 3197
f 3197 3176 3198
f 3203 3183 3206
f 3206 3183 3207
f 3196 3202 3197
f 3197 3202 3211
f 3183 3182 3207
f 3207 3182 3185
f 1125 3180 1533
f 1533 3180 3198
f 3331 3203 3330
f 3330 3203 3206
f 3376 3379 3385
f 3385 3379 3386
f 3382 3376 3392
f 3392 3376 3385
f 3412 3415 3413
f 3413 3415 3414
f 3417 3396 3415
f 3415 3396 3395
f 3383 3386 3426
f 3426 3386 3425
f 3413 3414 3432
f 3432 3414 3430
f 3437 3396 3435
f 3435 3396 3417
f 3329 3382 3330
f 3330 3382 3392
f 3426 3425 3460
f 3460 3425 3458
f 3432 3430 3457
f 3457 3430 3463
f 3457 3463 3456
f 3456 3463 3465
f 3460 3458 3467
f 3467 3458 3466
f 3466 3455 3465
f 3465 3455 3456
f 3202 3437 3211
f 3211 3437 3435
f 3104 3106 3138
f 3138 3106 3139
f 3132 3136 1227
f 1227 3136 1476
f 943 687 600
f 600 687 601
f 596 625 667
f 667 625 1297
f 687 686 601
f 601 686 653
f 1319 784 711
f 711 784 712
f 1811 607 783
f 783 607 712
f 862 921 917
f 917 921 920
f 3478 925 3479
f 3479 925 924
f 2846 926 3478
f 3478 926 925
f 659 662 929
f 929 662 930
f 856 921 857
f 857 921 1204
f 1206 864 1207
f 1207 864 863
f 2876 1219 2877
f 2877 1219 1218
f 667 1297 593
f 593 1297 1296
f 917 920 1333
f 1333 920 1346
f 686 693 653
f 653 693 930
f 1277 913 1498
f 1498 913 1207
f 592 1536 610
f 610 1536 711
f 864 1206 1805
f 1805 1206 1804
f 1317 1536 1900
f 1900 1536 1809
f 1900 1809 1295
f 1295 1809 1296
f 3479 924 3477
f 3477 924 2824
f 927 926 1203
f 1203 926 2847
f 3484 2859 3032
f 3032 2859 3033
f 3472 2878 1217
f 1217 2878 1218
f 2889 2888 2880
f 2880 2888 2881
f 2886 2883 2887
f 2887 2883 2882
f 929 928 2847
f 2847 928 1203
f 857 1204 2921
f 2921 1204 2926
f 1820 1819 2882
f 2882 1819 2881
f 1821 2883 2876
f 2876 2883 1219
f 782 2889 783
f 783 2889 2880
f 1352 3034 1353
f 1353 3034 3033
f 3031 3034 3041
f 3041 3034 3043
f 944 943 3043
f 3043 943 600
f 1339 3145 1498
f 1498 3145 3143
f 1208 882 3148
f 3148 882 3143
f 2921 2926 3151
f 3151 2926 3156
f 3477 2824 1345
f 1345 2824 1346
f 1805 1804 3154
f 3154 1804 3156
f 886 3103 883
f 883 3103 3482
f 841 1248 3485
f 3485 1248 3121
f 2811 2819 2812
f 2812 2819 2816
f 2818 2815 2817
f 2817 2815 2806
f 2817 2816 2818
f 2818 2816 2819
f 2793 2795 2819
f 2819 2795 2818
f 243 352 2793
f 2793 352 2795
f 242 353 243
f 243 353 352
f 359 191 242
f 242 191 353
f 247 192 359
f 359 192 191
f 157 193 247
f 247 193 192
f 156 194 157
f 157 194 193
f 378 261 156
f 156 261 194
f 378 381 261
f 261 381 195
f 195 381 196
f 196 381 376
f 196 376 198
f 198 376 375
f 375 1776 198
f 198 1776 197
f 1776 1767 197
f 197 1767 274
f 181 274 199
f 199 274 1767
f 568 566 564
f 564 566 563
f 568 569 566
f 566 569 567
f 501 1773 1771
f 1771 1773 578
f 547 579 1773
f 1773 579 578
f 3486 470 474
f 474 470 469
f 450 582 3487
f 3487 582 3488
f 582 583 3488
f 3488 583 3489
f 583 584 3489
f 3489 584 3490
f 3490 584 3491
f 3491 584 543
f 470 3486 466
f 466 3486 467
f 3489 3490 503
f 503 3490 504
f 503 3492 3489
f 3489 3492 3488
f 3492 503 3493
f 3493 503 502
f 3495 3492 3494
f 3494 3492 3493
f 3487 3488 3495
f 3495 3488 3492
f 468 1774 465
f 465 1774 570
f 3494 3493 1775
f 1775 3493 1771
f 3490 3491 504
f 504 3491 1772
f 3491 543 1772
f 1772 543 548
f 450 3487 474
f 474 3487 3486
f 3495 467 3487
f 3487 467 3486
f 3494 468 3495
f 3495 468 467
f 468 3494 1774
f 1774 3494 1775
f 501 1771 502
f 502 1771 3493
f 527 366 384
f 384 366 365
f 522 524 527
f 527 524 366
f 521 534 522
f 522 534 524
f 530 535 521
f 521 535 534
f 508 486 513
f 513 486 532
f 513 532 541
f 541 532 535
f 667 668 596
f 596 668 597
f 1294 1297 624
f 624 1297 625
f 603 641 604
f 604 641 640
f 1290 1293 650
f 650 1293 651
f 1758 691 660
f 660 691 661
f 602 671 599
f 599 671 670
f 654 662 690
f 690 662 661
f 2856 598 695
f 695 598 597
f 602 654 671
f 671 654 690
f 604 640 676
f 676 640 704
f 1826 1829 708
f 708 1829 709
f 1288 1284 740
f 740 1284 741
f 755 754 758
f 758 754 759
f 2853 2856 932
f 932 2856 695
f 689 691 1192
f 1192 691 1193
f 784 1319 1240
f 1240 1319 1241
f 1813 1816 1244
f 1244 1816 1245
f 754 1288 759
f 759 1288 740
f 1894 1242 1318
f 1318 1242 1241
f 2867 1348 1418
f 1418 1348 1347
f 676 704 673
f 673 704 1347
f 1284 1287 741
f 741 1287 1419
f 1421 1426 1422
f 1422 1426 1425
f 1758 660 615
f 615 660 616
f 1192 1191 1421
f 1421 1191 1426
f 2962 1839 1504
f 1504 1839 1505
f 941 1194 1759
f 1759 1194 1193
f 1287 1537 1419
f 1419 1537 1760
f 1882 2893 1823
f 1823 2893 1824
f 1886 1891 1827
f 1827 1891 1828
f 1887 1886 1834
f 1834 1886 1827
f 1841 716 1838
f 1838 716 1505
f 782 784 1850
f 1850 784 1240
f 1239 1242 1863
f 1863 1242 1864
f 1242 1894 1864
f 1864 1894 1873
f 1822 1239 1823
f 1823 1239 1863
f 1318 1317 1895
f 1895 1317 1900
f 1894 1896 1873
f 1873 1896 1897
f 1291 1896 1292
f 1292 1896 1895
f 605 1898 606
f 606 1898 1897
f 1258 1257 2854
f 2854 1257 2855
f 1257 1351 2855
f 2855 1351 2857
f 1351 1353 2857
f 2857 1353 2858
f 1353 3033 2858
f 2858 3033 2859
f 2860 2861 3036
f 3036 2861 3037
f 2862 2863 2870
f 2870 2863 3039
f 2870 2869 2862
f 2862 2869 2864
f 2868 2865 2869
f 2869 2865 2864
f 1764 2866 2868
f 2868 2866 2865
f 1537 1199 1760
f 1760 1199 1348
f 615 2884 1758
f 1758 2884 1759
f 1825 1246 2890
f 2890 1246 1245
f 2893 2892 1824
f 1824 2892 2891
f 761 2960 758
f 758 2960 2906
f 3000 2943 2940
f 2940 2943 2941
f 2968 710 2950
f 2950 710 709
f 1764 1423 2866
f 2866 1423 2953
f 1423 645 2953
f 2953 645 2954
f 645 644 2954
f 2954 644 2955
f 644 738 2955
f 2955 738 2956
f 738 764 2956
f 2956 764 2957
f 764 763 2957
f 2957 763 2958
f 763 2908 2958
f 2958 2908 2959
f 2908 1436 2959
f 2959 1436 2961
f 1837 2964 1435
f 1435 2964 2963
f 1837 2937 2964
f 2964 2937 2965
f 2936 2968 2966
f 2966 2968 2950
f 1840 2942 1838
f 1838 2942 2941
f 2939 2949 2940
f 2940 2949 3006
f 2939 2942 2966
f 2966 2942 2965
f 1822 1825 1850
f 1850 1825 2890
f 1891 3005 1828
f 1828 3005 3006
f 3035 3038 3045
f 3045 3038 3042
f 3045 3044 3035
f 3035 3044 3040
f 669 1422 3045
f 3045 1422 3044
f 599 670 3041
f 3041 670 3042
f 931 3067 932
f 932 3067 3065
f 2853 3066 2854
f 2854 3066 3076
f 3067 3496 3065
f 3065 3496 3497
f 3066 3498 3076
f 3076 3498 3499
f 707 1813 708
f 708 1813 1244
f 2960 2962 2906
f 2906 2962 1504
f 2892 1887 2891
f 2891 1887 1834
f 1839 2962 2963
f 2963 2962 2961
f 595 626 596
f 596 626 625
f 623 626 3484
f 3484 626 2859
f 1291 1290 606
f 606 1290 603
f 1290 650 603
f 603 650 641
f 641 650 642
f 642 650 649
f 2860 2863 649
f 649 2863 642
f 3036 3039 2860
f 2860 3039 2863
f 3035 3040 3036
f 3036 3040 3039
f 1294 1293 1295
f 1295 1293 1292
f 624 651 1294
f 1294 651 1293
f 623 652 624
f 624 652 651
f 3484 2861 623
f 623 2861 652
f 3032 3037 3484
f 3484 3037 2861
f 3031 3038 3032
f 3032 3038 3037
f 3481 2848 2884
f 2884 2848 942
f 2846 617 1427
f 1427 617 616
f 3049 3167 3048
f 3048 3167 3500
f 1906 3048 3070
f 3070 3048 3500
f 1337 1768 3501
f 3501 1768 3502
f 3020 3503 3021
f 3021 3503 3024
f 2914 3023 3020
f 3020 3023 3503
f 859 1770 860
f 860 1770 3504
f 1336 3505 1768
f 1768 3505 3502
f 3065 3497 3066
f 3066 3497 3498
f 2814 3075 3067
f 3067 3075 3496
f 2839 3174 766
f 766 3174 3017
f 1337 3501 1338
f 1338 3501 1769
f 767 3018 3026
f 3026 3018 3506
f 3076 3499 3064
f 3064 3499 3507
f 727 730 3483
f 3483 730 3030
f 3064 3507 2871
f 2871 3507 3077
f 3100 3160 1786
f 1786 3160 1784
f 3026 3506 752
f 752 3506 3015
f 860 3504 2923
f 2923 3504 3508
f 753 3016 3027
f 3027 3016 3509
f 3027 3509 3008
f 3008 3509 3028
f 1782 1785 1783
f 1783 1785 3022
f 2923 3508 3153
f 3153 3508 3161
f 3148 3149 1208
f 1208 3149 3150
f 1335 1328 3510
f 3510 1328 1327
f 1336 1335 3505
f 3505 1335 3510
f 866 3511 1340
f 1340 3511 3146
f 865 1808 866
f 866 1808 3511
f 842 841 3159
f 3159 841 3485
f 2849 3512 1329
f 1329 3512 1326
f 1202 1331 2849
f 2849 1331 3512
f 3514 3515 3513
f 3513 3515 3516
f 3518 3516 3517
f 3517 3516 3515
f 3519 3520 3514
f 3514 3520 3515
f 3522 3523 3521
f 3521 3523 3524
f 3526 3527 3525
f 3525 3527 3528
f 3530 3531 3529
f 3529 3531 3532
f 3534 3535 3533
f 3533 3535 3536
f 3529 3532 3537
f 3537 3532 3538
f 3537 3539 3529
f 3529 3539 3540
f 3542 3543 3541
f 3541 3543 3544
f 3546 3547 3545
f 3545 3547 3548
f 3550 3534 3549
f 3549 3534 3533
f 3550 3543 3551
f 3551 3543 3552
f 3537 3545 3539
f 3539 3545 3548
f 3553 3554 3556
f 3556 3554 3555
f 3537 3557 3545
f 3545 3557 3546
f 3558 3559 3561
f 3561 3559 3560
f 3563 3564 3562
f 3562 3564 3565
f 3564 3563 3566
f 3566 3563 3567
f 3569 3570 3568
f 3568 3570 3571
f 3573 3574 3572
f 3572 3574 3575
f 3577 3578 3576
f 3576 3578 3579
f 3581 3582 3580
f 3580 3582 3583
f 3585 3586 3584
f 3584 3586 3579
f 3586 3587 3579
f 3579 3587 3576
f 3589 3590 3588
f 3588 3590 3591
f 3592 3593 3595
f 3595 3593 3594
f 3597 3598 3596
f 3596 3598 3595
f 3583 3600 3599
f 3599 3600 3601
f 3603 3599 3602
f 3602 3599 3601
f 3605 3606 3604
f 3604 3606 3607
f 3608 3555 3596
f 3596 3555 3554
f 3597 3610 3609
f 3609 3610 3565
f 3564 3611 3565
f 3565 3611 3609
f 3611 3564 3612
f 3612 3564 3566
f 3613 3614 3569
f 3569 3614 3570
f 3615 3616 3573
f 3573 3616 3574
f 3517 3617 3518
f 3518 3617 3618
f 3620 3621 3619
f 3619 3621 3622
f 3624 3625 3623
f 3623 3625 3626
f 3628 3629 3627
f 3627 3629 3630
f 3632 3633 3631
f 3631 3633 3634
f 3636 3637 3635
f 3635 3637 3638
f 3640 3641 3639
f 3639 3641 3642
f 3643 3644 3639
f 3639 3644 3640
f 3646 3513 3645
f 3645 3513 3647
f 3648 3514 3646
f 3646 3514 3513
f 3649 3519 3648
f 3648 3519 3514
f 3650 3651 3527
f 3527 3651 3652
f 3654 3651 3653
f 3653 3651 3650
f 3568 3571 3655
f 3655 3571 3656
f 3657 3658 3653
f 3653 3658 3659
f 3661 3662 3660
f 3660 3662 3658
f 3664 3665 3663
f 3663 3665 3666
f 3667 3657 3650
f 3650 3657 3653
f 3669 3523 3668
f 3668 3523 3670
f 3672 3673 3671
f 3671 3673 3674
f 3676 3677 3675
f 3675 3677 3678
f 3671 3674 3676
f 3676 3674 3677
f 3680 3681 3679
f 3679 3681 3682
f 3683 3684 3680
f 3680 3684 3681
f 3685 3686 3661
f 3661 3686 3662
f 3686 3687 3662
f 3662 3687 3688
f 3684 3683 3689
f 3689 3683 3690
f 3692 3693 3691
f 3691 3693 3694
f 3691 3694 3695
f 3695 3694 3696
f 3698 3699 3697
f 3697 3699 3700
f 3702 3703 3701
f 3701 3703 3704
f 3705 3706 3519
f 3519 3706 3520
f 3673 3672 3707
f 3707 3672 3708
f 3709 3710 3682
f 3682 3710 3679
f 3711 3712 3692
f 3692 3712 3693
f 3714 3715 3713
f 3713 3715 3716
f 3718 3700 3717
f 3717 3700 3699
f 3720 3721 3719
f 3719 3721 3722
f 3724 3725 3723
f 3723 3725 3726
f 3727 3728 3730
f 3730 3728 3729
f 3722 3721 3731
f 3731 3721 3732
f 3697 3700 3733
f 3733 3700 3714
f 3733 3714 3734
f 3734 3714 3713
f 3721 3723 3732
f 3732 3723 3735
f 3720 3736 3724
f 3724 3736 3737
f 3700 3718 3714
f 3714 3718 3715
f 3717 3699 3738
f 3738 3699 3739
f 3536 3740 3533
f 3533 3740 3540
f 3742 3743 3741
f 3741 3743 3744
f 3746 3747 3745
f 3745 3747 3748
f 3750 3751 3749
f 3749 3751 3752
f 3627 3632 3628
f 3628 3632 3631
f 3754 3755 3753
f 3753 3755 3626
f 3562 3565 3756
f 3756 3565 3610
f 3527 3652 3528
f 3528 3652 3757
f 3758 3524 3669
f 3669 3524 3523
f 3582 3598 3583
f 3583 3598 3600
f 3759 3670 3522
f 3522 3670 3523
f 3675 3678 3760
f 3760 3678 3761
f 3762 3763 3690
f 3690 3763 3689
f 3765 3766 3764
f 3764 3766 3767
f 3768 3739 3698
f 3698 3739 3699
f 3726 3725 3770
f 3770 3725 3769
f 3645 3647 3771
f 3771 3647 3772
f 3645 3678 3646
f 3646 3678 3677
f 3646 3677 3648
f 3648 3677 3674
f 3673 3649 3674
f 3674 3649 3648
f 3707 3773 3673
f 3673 3773 3649
f 3775 3776 3774
f 3774 3776 3777
f 3779 3526 3778
f 3778 3526 3525
f 3526 3779 3667
f 3667 3779 3780
f 3780 3781 3667
f 3667 3781 3657
f 3672 3679 3708
f 3708 3679 3710
f 3671 3680 3672
f 3672 3680 3679
f 3676 3683 3671
f 3671 3683 3680
f 3675 3690 3676
f 3676 3690 3683
f 3760 3762 3675
f 3675 3762 3690
f 3682 3681 3783
f 3783 3681 3782
f 3689 3784 3684
f 3684 3784 3785
f 3684 3785 3681
f 3681 3785 3782
f 3786 3709 3783
f 3783 3709 3682
f 3784 3689 3787
f 3787 3689 3763
f 3789 3557 3788
f 3788 3557 3790
f 3792 3793 3791
f 3791 3793 3794
f 3616 3615 3795
f 3795 3615 3796
f 3797 3798 3727
f 3727 3798 3728
f 3800 3801 3799
f 3799 3801 3802
f 3803 3578 3592
f 3592 3578 3593
f 3805 3806 3804
f 3804 3806 3807
f 3599 3603 3585
f 3585 3603 3586
f 3587 3586 3604
f 3604 3586 3603
f 3588 3591 3794
f 3794 3591 3791
f 3581 3803 3582
f 3582 3803 3592
f 3594 3561 3608
f 3608 3561 3790
f 3662 3688 3808
f 3808 3688 3809
f 3665 3664 3810
f 3810 3664 3811
f 3719 3812 3720
f 3720 3812 3736
f 3717 3813 3718
f 3718 3813 3737
f 3723 3721 3724
f 3724 3721 3720
f 3813 3717 3814
f 3814 3717 3738
f 3815 3816 303
f 303 3816 304
f 3818 3819 3817
f 3817 3819 3820
f 3578 3803 3579
f 3579 3803 3584
f 3558 3593 3577
f 3577 3593 3578
f 3822 3823 3821
f 3821 3823 3824
f 3546 3826 3825
f 3825 3826 3827
f 3828 3829 3547
f 3547 3829 3541
f 3831 3542 3830
f 3830 3542 3832
f 3834 3822 3833
f 3833 3822 3821
f 3835 3836 3827
f 3827 3836 3825
f 3800 3799 3828
f 3828 3799 3829
f 3830 3832 3837
f 3837 3832 3838
f 331 330 3551
f 3551 330 3839
f 3831 333 3552
f 3552 333 332
f 3819 3797 3841
f 3841 3797 3840
f 3513 3516 3647
f 3647 3516 3746
f 337 336 3745
f 3745 336 3772
f 3525 3528 3775
f 3775 3528 3749
f 3610 3597 3554
f 3554 3597 3596
f 3706 3702 3520
f 3520 3702 3701
f 3756 3610 3553
f 3553 3610 3554
f 3757 3750 3528
f 3528 3750 3749
f 3517 3515 3701
f 3701 3515 3520
f 3842 3584 3581
f 3581 3584 3803
f 3525 3775 3778
f 3778 3775 3774
f 3638 3843 3635
f 3635 3843 3618
f 3617 3621 3618
f 3618 3621 3635
f 3617 3517 3704
f 3704 3517 3701
f 3521 3624 3522
f 3522 3624 3623
f 3749 3844 3775
f 3775 3844 3776
f 3846 3847 3845
f 3845 3847 3848
f 3843 3747 3618
f 3618 3747 3518
f 3850 3851 3849
f 3849 3851 3748
f 3853 3854 3852
f 3852 3854 3855
f 3856 3857 3622
f 3622 3857 3619
f 3859 3860 3858
f 3858 3860 3861
f 3862 3844 3752
f 3752 3844 3749
f 3863 3759 3623
f 3623 3759 3522
f 3864 3777 3630
f 3630 3777 3776
f 3713 3865 3734
f 3734 3865 3866
f 3868 3869 3867
f 3867 3869 3870
f 3872 3873 3871
f 3871 3873 3874
f 3876 3877 3875
f 3875 3877 3878
f 3879 3880 3878
f 3878 3880 3881
f 3882 3883 3885
f 3885 3883 3884
f 3780 3886 3781
f 3781 3886 3887
f 3888 3685 3869
f 3869 3685 3661
f 3880 3879 3883
f 3883 3879 3884
f 3693 3783 3694
f 3694 3783 3782
f 3696 3785 3764
f 3764 3785 3784
f 3694 3782 3696
f 3696 3782 3785
f 3693 3786 3783
f 3787 3765 3784
f 3784 3765 3764
f 386 385 3765
f 3765 385 3766
f 3695 3889 3691
f 3691 3889 3890
f 3691 3890 3692
f 3692 3890 3891
f 3892 3711 3891
f 3891 3711 3692
f 3767 3893 3695
f 3695 3893 3889
f 3766 3894 3767
f 3767 3894 3893
f 3882 3885 3895
f 3895 3885 3896
f 3898 3698 3897
f 3897 3698 3697
f 3897 3697 3899
f 3899 3697 3733
f 3899 3733 3900
f 3900 3733 3734
f 3901 3768 3898
f 3898 3768 3698
f 3901 3902 3768
f 3768 3902 3903
f 3904 3905 3907
f 3907 3905 3906
f 3869 3661 3870
f 3870 3661 3660
f 3908 3909 3896
f 3896 3909 3895
f 3909 3758 3895
f 3895 3758 3669
f 3751 3531 3752
f 3752 3531 3848
f 3858 3536 3854
f 3854 3536 3535
f 3652 3562 3757
f 3757 3562 3756
f 3651 3654 3563
f 3563 3654 3567
f 3655 3656 3808
f 3808 3656 3659
f 3530 3740 3845
f 3845 3740 3861
f 3751 3750 3556
f 3556 3750 3553
f 3817 3820 3796
f 3796 3820 3795
f 410 409 3910
f 3910 409 3855
f 3750 3757 3553
f 3553 3757 3756
f 3908 3886 3909
f 3909 3886 3780
f 409 411 3855
f 3855 411 3851
f 413 412 3760
f 3760 412 3762
f 415 414 3763
f 3763 414 3787
f 3790 3557 3538
f 3538 3557 3537
f 3555 3608 3538
f 3538 3608 3790
f 3574 3911 3575
f 3575 3911 3912
f 3535 3534 3910
f 3910 3534 3839
f 3831 3552 3542
f 3542 3552 3543
f 3534 3550 3839
f 3839 3550 3551
f 3543 3550 3544
f 3544 3550 3549
f 3913 3914 3916
f 3916 3914 3915
f 3806 3805 3589
f 3589 3805 3590
f 3849 3843 3917
f 3917 3843 3638
f 3853 3644 3859
f 3859 3644 3742
f 3747 3746 3518
f 3518 3746 3516
f 3695 3696 3767
f 3767 3696 3764
f 3903 3918 3768
f 3768 3918 3739
f 3738 3739 3816
f 3816 3739 3918
f 3919 3920 3769
f 3769 3920 3770
f 3921 3726 3922
f 3922 3726 3770
f 3678 3645 3761
f 3761 3645 3771
f 3924 3913 3923
f 3923 3913 3916
f 3802 3925 3838
f 3838 3925 3837
f 3577 3926 3558
f 3558 3926 3559
f 3815 3919 3814
f 3814 3919 3769
f 3927 3928 3822
f 3822 3928 3823
f 3829 3832 3541
f 3541 3832 3542
f 3834 3927 3822
f 3832 3829 3838
f 3838 3829 3799
f 3745 3772 3746
f 3746 3772 3647
f 3849 3748 3843
f 3843 3748 3747
f 3854 3853 3858
f 3858 3853 3859
f 3854 3535 3855
f 3855 3535 3910
f 3557 3789 3546
f 3546 3789 3826
f 3923 3823 3924
f 3924 3823 3928
f 3823 3923 3929
f 3929 3923 3930
f 3531 3751 3532
f 3532 3751 3556
f 3532 3556 3538
f 3538 3556 3555
f 3932 3634 3931
f 3931 3634 3633
f 3814 3769 3813
f 3813 3769 3725
f 3620 3636 3621
f 3621 3636 3635
f 3847 3862 3848
f 3848 3862 3752
f 3531 3530 3848
f 3848 3530 3845
f 3933 3934 3830
f 3830 3934 3831
f 3925 3933 3837
f 3837 3933 3830
f 3934 440 3831
f 3831 440 333
f 3925 3802 3833
f 3833 3802 3801
f 3776 3844 3630
f 3630 3844 3627
f 3808 3659 3662
f 3662 3659 3658
f 3667 3650 3526
f 3526 3650 3527
f 3935 3666 3936
f 3936 3666 3665
f 3718 3737 3715
f 3715 3737 3736
f 3663 3809 3664
f 3664 3809 3688
f 3807 3806 3938
f 3938 3806 3937
f 445 413 3761
f 3761 413 3760
f 3902 447 3903
f 3903 447 446
f 3897 3890 3898
f 3898 3890 3889
f 3899 3891 3897
f 3897 3891 3890
f 3898 3889 3901
f 3901 3889 3893
f 3893 3894 3901
f 3901 3894 3902
f 414 386 3787
f 3787 386 3765
f 3940 3941 3939
f 3939 3941 3942
f 3840 3797 3943
f 3943 3797 3727
f 3665 3810 3936
f 3936 3810 3944
f 3921 3735 3726
f 3726 3735 3723
f 3920 3945 3770
f 3770 3945 3922
f 3521 3524 3774
f 3774 3524 3778
f 3864 3946 3625
f 3625 3946 3947
f 3773 3705 3649
f 3649 3705 3519
f 3779 3778 3758
f 3758 3778 3524
f 3812 3716 3736
f 3736 3716 3715
f 3624 3521 3777
f 3777 3521 3774
f 3703 3856 3704
f 3704 3856 3622
f 3900 3892 3899
f 3899 3892 3891
f 3641 3917 3642
f 3642 3917 3948
f 3895 3669 3882
f 3882 3669 3668
f 3855 3851 3852
f 3852 3851 3850
f 3894 458 3902
f 3902 458 447
f 3781 3887 3660
f 3660 3887 3870
f 3570 3566 3571
f 3571 3566 3567
f 3950 3576 3949
f 3949 3576 3587
f 3605 3602 3614
f 3614 3602 3612
f 3614 3612 3570
f 3570 3612 3566
f 3571 3567 3656
f 3656 3567 3654
f 3660 3658 3781
f 3781 3658 3657
f 3604 3607 3587
f 3587 3607 3949
f 3653 3659 3654
f 3654 3659 3656
f 3529 3540 3530
f 3530 3540 3740
f 3687 3811 3688
f 3688 3811 3664
f 3813 3725 3737
f 3737 3725 3724
f 3919 3815 461
f 461 3815 303
f 3818 3798 3819
f 3819 3798 3797
f 3819 3841 3820
f 3820 3841 3951
f 3816 3815 3738
f 3738 3815 3814
f 3540 3539 3533
f 3533 3539 3549
f 3548 3547 3544
f 3544 3547 3541
f 3539 3548 3549
f 3549 3548 3544
f 3741 3931 3860
f 3860 3931 3846
f 3801 3800 3835
f 3835 3800 3836
f 3934 3933 3824
f 3824 3933 3821
f 3825 3828 3546
f 3546 3828 3547
f 3833 3821 3925
f 3925 3821 3933
f 3800 3828 3836
f 3836 3828 3825
f 3824 3952 3934
f 3934 3952 440
f 3860 3846 3861
f 3861 3846 3845
f 3629 3946 3630
f 3630 3946 3864
f 3740 3536 3861
f 3861 3536 3858
f 3833 3801 3834
f 3834 3801 3835
f 3583 3599 3580
f 3580 3599 3585
f 3651 3563 3652
f 3652 3563 3562
f 3758 3909 3779
f 3779 3909 3780
f 3621 3617 3622
f 3622 3617 3704
f 3625 3947 3626
f 3626 3947 3753
f 3633 3632 3847
f 3847 3632 3862
f 3852 3850 3640
f 3640 3850 3641
f 3644 3853 3640
f 3640 3853 3852
f 3859 3742 3860
f 3860 3742 3741
f 3632 3627 3862
f 3862 3627 3844
f 3755 3863 3626
f 3626 3863 3623
f 3917 3638 3948
f 3948 3638 3637
f 3644 3643 3742
f 3742 3643 3743
f 3931 3633 3846
f 3846 3633 3847
f 3625 3624 3864
f 3864 3624 3777
f 3917 3641 3849
f 3849 3641 3850
f 3744 3932 3741
f 3741 3932 3931
f 3903 446 3918
f 3918 446 464
f 3953 3954 3956
f 3956 3954 3955
f 3958 3959 3957
f 3957 3959 3960
f 3876 3958 3877
f 3877 3958 3957
f 3877 3957 3961
f 3961 3957 3962
f 3963 3964 3958
f 3958 3964 3959
f 3965 3966 3876
f 3876 3966 3958
f 3966 3963 3958
f 3966 3967 3963
f 3963 3967 3968
f 3878 3877 3879
f 3879 3877 3961
f 3967 3969 3968
f 3968 3969 3970
f 3969 3971 3970
f 3970 3971 3972
f 3974 3904 3973
f 3973 3904 3907
f 3971 3975 3972
f 3972 3975 3976
f 3976 3975 3978
f 3978 3975 3977
f 3979 3980 3977
f 3977 3980 3978
f 3981 3982 3979
f 3979 3982 3980
f 3983 3984 3981
f 3981 3984 3982
f 3972 3985 3970
f 3970 3985 3986
f 3871 3987 3969
f 3969 3987 3971
f 3872 3871 3967
f 3967 3871 3969
f 3965 3872 3966
f 3966 3872 3967
f 3970 3986 3968
f 3968 3986 3988
f 3879 3961 3884
f 3884 3961 3940
f 3884 3940 3885
f 3885 3940 3939
f 3989 3990 3992
f 3992 3990 3991
f 3942 3993 3995
f 3995 3993 3994
f 3994 3996 3995
f 3995 3996 3974
f 3997 3998 3994
f 3994 3998 3996
f 3999 3997 3993
f 3993 3997 3994
f 4001 3996 4000
f 4000 3996 3998
f 4000 3998 4002
f 4002 3998 4003
f 4004 4003 3997
f 3997 4003 3998
f 3997 3999 4004
f 4004 3999 4005
f 4006 3995 3973
f 3973 3995 3974
f 3939 3942 4006
f 4006 3942 3995
f 3906 3887 3907
f 3907 3887 3886
f 3887 3906 3870
f 3870 3906 3867
f 3908 3973 3886
f 3886 3973 3907
f 3865 4007 3866
f 3866 4007 4008
f 3984 3983 4009
f 4009 3983 4010
f 3961 3962 3940
f 3940 3962 3941
f 4012 3868 4011
f 4011 3868 3867
f 4013 3975 3987
f 3987 3975 3971
f 4014 3977 4013
f 4013 3977 3975
f 4015 4010 4007
f 4007 4010 3983
f 4007 3983 4008
f 4008 3983 3981
f 4008 3981 4016
f 4016 3981 3979
f 4017 3984 4018
f 4018 3984 4009
f 3977 4014 3979
f 3979 4014 4016
f 3982 3984 4019
f 4019 3984 4017
f 4021 4022 4020
f 4020 4022 4023
f 4022 4012 4023
f 4023 4012 4011
f 4023 3904 4020
f 4020 3904 3974
f 4024 4025 4018
f 4018 4025 4017
f 4026 4027 4024
f 4024 4027 4025
f 4028 4026 4029
f 4029 4026 4024
f 4018 4021 4024
f 4024 4021 4029
f 4030 4031 4026
f 4026 4031 4027
f 4032 4030 4028
f 4028 4030 4026
f 4029 4001 4028
f 4028 4001 4000
f 4028 4000 4032
f 4032 4000 4002
f 4034 4035 4033
f 4033 4035 4036
f 4037 4038 4019
f 4019 4038 4039
f 4041 4039 4040
f 4040 4039 4038
f 4040 4038 4042
f 4042 4038 4036
f 4042 4036 4043
f 4043 4036 4035
f 3985 4044 4046
f 4046 4044 4045
f 4047 4048 4045
f 4045 4048 4046
f 4047 4049 4048
f 4048 4049 4050
f 4042 4047 4040
f 4040 4047 4045
f 4043 4049 4042
f 4042 4049 4047
f 4040 4045 4041
f 4041 4045 4044
f 4052 3959 4051
f 4051 3959 3964
f 4053 4054 4051
f 4051 4054 4055
f 3956 3960 4052
f 4052 3960 3959
f 3953 3956 4056
f 4056 3956 4052
f 4058 3953 4057
f 4057 3953 4056
f 4060 4061 4059
f 4059 4061 4062
f 4063 4064 4054
f 4054 4064 4057
f 4054 4053 4063
f 4063 4053 4065
f 4066 4067 4069
f 4069 4067 4068
f 4048 4050 4063
f 4063 4050 4064
f 4063 4065 4048
f 4048 4065 4046
f 3985 4046 3986
f 3986 4046 4065
f 3986 4065 3988
f 3988 4065 4053
f 3988 4053 3964
f 3964 4053 4051
f 3976 3978 4044
f 4044 3978 4041
f 3980 3982 4039
f 4039 3982 4019
f 4039 4041 3980
f 3980 4041 3978
f 3973 3908 4006
f 4006 3908 3896
f 3885 3939 3896
f 3896 3939 4006
f 4031 4034 4027
f 4027 4034 4033
f 4027 4033 4025
f 4025 4033 4037
f 4019 4017 4037
f 4037 4017 4025
f 3993 3942 4070
f 4070 3942 3941
f 3999 3993 4071
f 4071 3993 4070
f 3999 4071 4005
f 4005 4071 4072
f 4073 4074 4076
f 4076 4074 4075
f 4078 4079 4077
f 4077 4079 4080
f 4082 4080 4081
f 4081 4080 4079
f 4084 4085 4083
f 4083 4085 4086
f 4087 4088 4090
f 4090 4088 4089
f 4092 4093 4091
f 4091 4093 4094
f 4096 4097 4095
f 4095 4097 4098
f 4100 4101 4099
f 4099 4101 4102
f 4103 4104 4106
f 4106 4104 4105
f 4108 4109 4107
f 4107 4109 4110
f 4112 4113 4111
f 4111 4113 4114
f 4116 4117 4115
f 4115 4117 4118
f 4120 4121 4119
f 4119 4121 4122
f 4123 4124 4126
f 4126 4124 4125
f 4127 4128 4130
f 4130 4128 4129
f 4132 4133 4131
f 4131 4133 4134
f 4136 4108 4135
f 4135 4108 4107
f 4138 4139 4137
f 4137 4139 4140
f 4141 4142 4088
f 4088 4142 4089
f 4144 4145 4143
f 4143 4145 4146
f 4148 4149 4147
f 4147 4149 4150
f 4152 4153 4151
f 4151 4153 4154
f 4156 4082 4155
f 4155 4082 4081
f 4157 4158 4160
f 4160 4158 4159
f 4161 4162 4164
f 4164 4162 4163
f 4166 4122 4165
f 4165 4122 4121
f 4168 4152 4167
f 4167 4152 4151
f 4169 4170 4172
f 4172 4170 4171
f 4174 4175 4173
f 4173 4175 4176
f 4178 4149 4177
f 4177 4149 4179
f 4173 4176 4180
f 4180 4176 4181
f 4156 4085 4182
f 4182 4085 4183
f 4182 4184 4156
f 4156 4184 4082
f 4185 4186 4184
f 4184 4186 4187
f 4186 4188 4187
f 4187 4188 4189
f 4190 4191 4073
f 4073 4191 4074
f 4177 4179 4158
f 4158 4179 4159
f 4193 4127 4192
f 4192 4127 4130
f 4144 4194 4151
f 4151 4194 4167
f 4196 4197 4195
f 4195 4197 4198
f 4095 4199 4096
f 4096 4199 4200
f 4201 4202 4204
f 4204 4202 4203
f 4205 4206 4208
f 4208 4206 4207
f 4121 4120 4209
f 4209 4120 4210
f 4212 4213 4211
f 4211 4213 4214
f 4216 4217 4215
f 4215 4217 4218
f 4220 4221 4219
f 4219 4221 4222
f 4224 4196 4223
f 4223 4196 4195
f 4225 4226 4134
f 4134 4226 4131
f 4228 4229 4227
f 4227 4229 4230
f 4232 4233 4231
f 4231 4233 4098
f 4235 4236 4234
f 4234 4236 4237
f 4239 4240 4238
f 4238 4240 4241
f 4242 4243 4245
f 4245 4243 4244
f 4246 4247 4249
f 4249 4247 4248
f 4251 4252 4250
f 4250 4252 4253
f 4255 4256 4254
f 4254 4256 4257
f 4259 4260 4258
f 4258 4260 4261
f 4263 4264 4262
f 4262 4264 4265
f 4267 4268 4266
f 4266 4268 4269
f 4271 4199 4270
f 4270 4199 4272
f 4273 4274 4276
f 4276 4274 4275
f 4115 4118 4277
f 4277 4118 4278
f 4280 4281 4279
f 4279 4281 4282
f 4211 4283 4212
f 4212 4283 4284
f 4286 4287 4285
f 4285 4287 4288
f 4165 4121 4289
f 4289 4121 4209
f 4291 4286 4290
f 4290 4286 4285
f 4293 4294 4292
f 4292 4294 4295
f 4297 4298 4296
f 4296 4298 4299
f 4301 4302 4300
f 4300 4302 4303
f 4299 4304 4296
f 4296 4304 4305
f 4306 4292 4307
f 4307 4292 4295
f 4307 4308 4306
f 4306 4308 4309
f 4310 4309 4075
f 4075 4309 4308
f 4299 4298 4312
f 4312 4298 4311
f 4302 4301 4293
f 4293 4301 4294
f 3735 3921 4313
f 4313 3921 4314
f 4315 4314 3922
f 3922 4314 3921
f 4316 3945 829
f 829 3945 830
f 4289 4317 4165
f 4165 4317 4318
f 4320 4321 4319
f 4319 4321 4322
f 4324 4325 4323
f 4323 4325 4326
f 4327 4328 4330
f 4330 4328 4329
f 4290 4331 4291
f 4291 4331 4332
f 4165 4318 4166
f 4166 4318 4333
f 4334 4335 4337
f 4337 4335 4336
f 4339 4340 4338
f 4338 4340 4341
f 4168 4343 4342
f 4342 4343 4344
f 4346 4347 4345
f 4345 4347 4348
f 4350 4351 4349
f 4349 4351 4352
f 4354 4355 4353
f 4353 4355 4356
f 4357 4358 4324
f 4324 4358 4325
f 4337 4359 4334
f 4334 4359 4360
f 4362 4363 4361
f 4361 4363 4364
f 4366 4367 4365
f 4365 4367 4368
f 4369 4370 4372
f 4372 4370 4371
f 4331 4290 4374
f 4374 4290 4373
f 4373 4376 4375
f 4375 4376 4377
f 4379 4380 4378
f 4378 4380 4381
f 4217 4382 4218
f 4218 4382 4383
f 4385 4386 4384
f 4384 4386 4387
f 4388 4389 4338
f 4338 4389 4390
f 4337 4336 4392
f 4392 4336 4391
f 4394 4362 4393
f 4393 4362 4361
f 4396 4397 4395
f 4395 4397 4398
f 4400 4401 4399
f 4399 4401 4402
f 4345 4403 4346
f 4346 4403 4404
f 4405 4406 4342
f 4342 4406 4407
f 4409 4410 4408
f 4408 4410 4411
f 4408 4412 4409
f 4409 4412 4413
f 4181 4415 4414
f 4414 4415 4416
f 4182 4183 4417
f 4417 4183 4418
f 4419 4353 4311
f 4311 4353 4312
f 4421 4422 4420
f 4420 4422 4423
f 4353 4356 4312
f 4312 4356 4424
f 4166 4333 4425
f 4425 4333 4426
f 4425 4143 4166
f 4166 4143 4122
f 4427 4107 4428
f 4428 4107 4110
f 4429 4430 4174
f 4174 4430 4175
f 4335 4431 4336
f 4336 4431 4390
f 4336 4390 4391
f 4391 4390 4389
f 4432 4433 4435
f 4435 4433 4434
f 4437 4438 4436
f 4436 4438 4439
f 4441 4442 4440
f 4440 4442 4443
f 4359 4444 4361
f 4361 4444 4393
f 4446 4447 4445
f 4445 4447 4448
f 4338 4341 4388
f 4388 4341 4449
f 4450 4451 4398
f 4398 4451 4395
f 4453 4454 4452
f 4452 4454 4455
f 4457 4458 4456
f 4456 4458 4459
f 4460 4461 4448
f 4448 4461 4445
f 4463 4464 4462
f 4462 4464 4465
f 4462 4465 4466
f 4466 4465 4467
f 4468 4469 4467
f 4467 4469 4466
f 4469 4468 4470
f 4470 4468 4471
f 4472 4473 4471
f 4471 4473 4470
f 4475 4476 4474
f 4474 4476 4477
f 4479 4480 4478
f 4478 4480 4481
f 4483 4484 4482
f 4482 4484 4485
f 4487 4488 4486
f 4486 4488 4489
f 4491 4492 4490
f 4490 4492 4493
f 4494 4495 4493
f 4493 4495 4490
f 4496 4497 4494
f 4494 4497 4495
f 4497 4496 4498
f 4498 4496 4499
f 4500 4501 4503
f 4503 4501 4502
f 4505 4506 4504
f 4504 4506 4507
f 4466 4508 4462
f 4462 4508 4509
f 4470 4510 4469
f 4469 4510 4511
f 4513 4479 4512
f 4512 4479 4478
f 4515 4443 4514
f 4514 4443 4442
f 4516 4517 4519
f 4519 4517 4518
f 4521 4495 4520
f 4520 4495 4497
f 4522 4490 4521
f 4521 4490 4495
f 4491 4523 4488
f 4488 4523 4524
f 4525 4489 4524
f 4524 4489 4488
f 4484 4526 4485
f 4485 4526 4527
f 4503 4528 4500
f 4500 4528 4529
f 4530 4531 4533
f 4533 4531 4532
f 4535 4506 4534
f 4534 4506 4530
f 4486 4536 4487
f 4487 4536 4537
f 4487 4537 4492
f 4492 4537 4538
f 4494 4539 4496
f 4496 4539 4540
f 4542 4533 4541
f 4541 4533 4499
f 4544 4545 4543
f 4543 4545 4546
f 4548 4549 4547
f 4547 4549 4550
f 4536 4551 4537
f 4537 4551 4552
f 4537 4552 4538
f 4538 4552 4553
f 4554 4539 4556
f 4556 4539 4555
f 4557 4540 4554
f 4554 4540 4539
f 4559 4557 4558
f 4558 4557 4560
f 4540 4557 4541
f 4541 4557 4559
f 4562 4563 4561
f 4561 4563 4564
f 4546 4565 4543
f 4543 4565 4566
f 4547 4567 4548
f 4548 4567 4568
f 4570 4571 4569
f 4569 4571 4572
f 4574 4575 4573
f 4573 4575 4576
f 4578 4579 4577
f 4577 4579 4580
f 4582 4583 4581
f 4581 4583 4584
f 4585 4586 4588
f 4588 4586 4587
f 4589 4585 4590
f 4590 4585 4588
f 4592 4593 4591
f 4591 4593 4594
f 4596 4597 4595
f 4595 4597 4598
f 4600 4601 4599
f 4599 4601 4602
f 4563 4604 4603
f 4603 4604 4605
f 4603 4606 4608
f 4608 4606 4607
f 4609 4610 4594
f 4594 4610 4591
f 4611 4612 4614
f 4614 4612 4613
f 4616 4617 4615
f 4615 4617 4618
f 4602 4620 4619
f 4619 4620 4621
f 4619 4622 4602
f 4602 4622 4599
f 4605 4599 4623
f 4623 4599 4622
f 4605 4623 4603
f 4603 4623 4606
f 4625 4626 4624
f 4624 4626 4627
f 4438 4437 4628
f 4628 4437 4629
f 4442 4441 4630
f 4630 4441 4631
f 4630 4632 4442
f 4442 4632 4514
f 4633 4634 4529
f 4529 4634 4500
f 4500 4634 4501
f 4501 4634 4635
f 4637 4546 4636
f 4636 4546 4545
f 4639 4565 4638
f 4638 4565 4640
f 4573 4576 4641
f 4641 4576 4642
f 4593 4643 4594
f 4594 4643 4644
f 4645 4609 4644
f 4644 4609 4594
f 4647 4648 4646
f 4646 4648 4649
f 4651 4652 4650
f 4650 4652 4653
f 4654 4498 4519
f 4519 4498 4532
f 4520 4508 4521
f 4521 4508 4511
f 4522 4510 4523
f 4523 4510 4655
f 4524 4656 4525
f 4525 4656 4657
f 4514 4529 4515
f 4515 4529 4528
f 4658 4659 4661
f 4661 4659 4660
f 4496 4540 4499
f 4499 4540 4541
f 4493 4555 4494
f 4494 4555 4539
f 4549 4483 4550
f 4550 4483 4482
f 4545 4544 4501
f 4501 4544 4502
f 4636 4545 4635
f 4635 4545 4501
f 4589 4663 4662
f 4662 4663 4664
f 4662 4665 4558
f 4558 4665 4559
f 4569 4586 4570
f 4570 4586 4560
f 4552 4666 4553
f 4553 4666 4667
f 4668 4669 4670
f 4670 4669 4666
f 4672 4673 4671
f 4671 4673 4674
f 4287 4675 4288
f 4288 4675 4676
f 4678 4679 4677
f 4677 4679 4680
f 4681 4678 4682
f 4682 4678 4677
f 4682 4683 4681
f 4681 4683 4684
f 4161 4164 4685
f 4685 4164 4686
f 4414 4687 4689
f 4689 4687 4688
f 4405 4690 4346
f 4346 4690 4347
f 4691 4399 4693
f 4693 4399 4692
f 1209 4694 4365
f 4365 4694 4366
f 4650 1211 4651
f 4651 1211 1210
f 4695 4696 4255
f 4255 4696 4256
f 4697 4698 4218
f 4218 4698 4215
f 4700 4701 4699
f 4699 4701 4702
f 4703 4704 4303
f 4303 4704 4300
f 4315 3922 4316
f 4316 3922 3945
f 4653 4706 4705
f 4705 4706 4707
f 4709 4710 4708
f 4708 4710 4711
f 4335 4334 4713
f 4713 4334 4712
f 4714 4340 4321
f 4321 4340 4322
f 4716 4717 4715
f 4715 4717 4718
f 4238 4241 4719
f 4719 4241 4720
f 4231 4721 4307
f 4307 4721 4308
f 4723 4724 4722
f 4722 4724 4725
f 4727 4728 4726
f 4726 4728 4729
f 4730 4731 4327
f 4327 4731 4328
f 4733 4734 4732
f 4732 4734 4735
f 4720 4381 4736
f 4736 4381 4737
f 4738 4739 4741
f 4741 4739 4740
f 4743 4744 4742
f 4742 4744 4745
f 4338 4390 4339
f 4339 4390 4431
f 4746 4747 4431
f 4431 4747 4339
f 4291 4332 4289
f 4289 4332 4317
f 4289 4209 4291
f 4291 4209 4286
f 4287 4286 4210
f 4210 4286 4209
f 4749 4750 4748
f 4748 4750 4751
f 4212 4284 4752
f 4752 4284 4753
f 4752 4754 4212
f 4212 4754 4213
f 4252 4251 4225
f 4225 4251 4226
f 4227 4230 4248
f 4248 4230 4249
f 4205 4755 4757
f 4757 4755 4756
f 4708 4711 4758
f 4758 4711 4647
f 4367 4366 4759
f 4759 4366 4760
f 4526 4513 4527
f 4527 4513 4512
f 4420 4423 4385
f 4385 4423 4386
f 4705 4761 4653
f 4653 4761 4650
f 4761 1279 4650
f 4650 1279 1211
f 4762 4763 3944
f 3944 4763 3936
f 4274 4273 4765
f 4765 4273 4764
f 4767 4768 4766
f 4766 4768 4769
f 4770 4771 4769
f 4769 4771 4766
f 4771 4770 4242
f 4242 4770 4243
f 4093 4163 4094
f 4094 4163 4162
f 4772 4773 4775
f 4775 4773 4774
f 4777 4778 4776
f 4776 4778 4779
f 4417 4185 4182
f 4182 4185 4184
f 4780 4078 4781
f 4781 4078 4077
f 4781 4077 4782
f 4782 4077 4189
f 4188 4783 4189
f 4189 4783 4782
f 4295 4232 4307
f 4307 4232 4231
f 4785 4786 4784
f 4784 4786 4787
f 4784 1307 4785
f 4785 1307 1306
f 4078 4780 4096
f 4096 4780 4097
f 4075 4074 4310
f 4310 4074 4788
f 4788 4074 4789
f 4789 4074 4191
f 4789 4191 4059
f 4059 4191 4790
f 4791 4277 4792
f 4792 4277 4278
f 3732 3735 4793
f 4793 3735 4313
f 4793 4794 3732
f 3732 4794 3731
f 4792 4795 4791
f 4791 4795 4796
f 4797 4798 4799
f 4799 4798 4724
f 4763 4800 3936
f 3936 4800 3935
f 4801 4062 3729
f 3729 4062 3730
f 4713 4712 4802
f 4802 4712 4803
f 4146 4804 4119
f 4119 4804 4805
f 4498 4654 4497
f 4497 4654 4520
f 4806 4807 1326
f 1326 4807 1327
f 4689 4688 1330
f 1330 4688 1331
f 4801 4789 4062
f 4062 4789 4059
f 3730 4062 4808
f 4808 4062 4061
f 4810 4811 4809
f 4809 4811 4812
f 4813 4403 4814
f 4814 4403 4345
f 4815 4816 4349
f 4349 4816 4350
f 4817 4818 4820
f 4820 4818 4819
f 4406 4821 4407
f 4407 4821 4822
f 4823 4161 4824
f 4824 4161 4685
f 4181 4414 4825
f 4825 4414 4689
f 4741 4740 4826
f 4826 4740 4827
f 4828 4829 4827
f 4827 4829 4826
f 4142 4141 4415
f 4415 4141 4148
f 4830 1354 4761
f 4761 1354 1279
f 4832 4833 4831
f 4831 4833 4834
f 4835 4836 4626
f 4626 4836 4421
f 4451 4709 4395
f 4395 4709 4708
f 4627 4420 4837
f 4837 4420 4385
f 4837 1365 4838
f 4838 1365 1364
f 4397 4396 4839
f 4839 4396 4840
f 4842 4628 4841
f 4841 4628 4629
f 4671 4674 4631
f 4631 4674 4630
f 4674 4659 4630
f 4630 4659 4632
f 4633 4632 4658
f 4658 4632 4659
f 4658 4504 4633
f 4633 4504 4634
f 4635 4634 4507
f 4507 4634 4504
f 4843 4636 4507
f 4507 4636 4635
f 4844 4637 4843
f 4843 4637 4636
f 4637 4844 4640
f 4640 4844 4664
f 4638 4663 4642
f 4642 4663 4845
f 4847 4643 4846
f 4846 4643 4641
f 4644 4848 4645
f 4645 4848 4849
f 4851 4852 4850
f 4850 4852 4853
f 4855 4856 4854
f 4854 4856 4857
f 4859 4860 4858
f 4858 4860 4857
f 4715 4718 4859
f 4859 4718 4860
f 4862 4863 4861
f 4861 4863 4864
f 4866 4867 4865
f 4865 4867 4868
f 4870 4871 4869
f 4869 4871 4872
f 4869 4872 4116
f 4116 4872 4117
f 4820 4819 4874
f 4874 4819 4873
f 4876 4877 4875
f 4875 4877 4878
f 4880 4881 4879
f 4879 4881 4882
f 4884 4885 4883
f 4883 4885 4886
f 4887 4888 4280
f 4280 4888 4281
f 4818 4817 4889
f 4889 4817 4890
f 4891 4193 4823
f 4823 4193 4192
f 4892 4893 4228
f 4228 4893 4229
f 4158 4157 4894
f 4894 4157 4895
f 4896 4897 4132
f 4132 4897 4133
f 4099 4683 4100
f 4100 4683 4682
f 4101 4100 4899
f 4899 4100 4898
f 4150 4106 4147
f 4147 4106 4900
f 4100 4682 4898
f 4898 4682 4677
f 4080 4082 4187
f 4187 4082 4184
f 4077 4080 4189
f 4189 4080 4187
f 4191 4190 4790
f 4790 4190 4901
f 4177 4158 4680
f 4680 4158 4894
f 4108 4136 4752
f 4752 4136 4754
f 4752 4753 4108
f 4108 4753 4109
f 4817 4902 4890
f 4890 4902 4903
f 4904 4905 4907
f 4907 4905 4906
f 4909 4910 4908
f 4908 4910 4911
f 4913 4914 4912
f 4912 4914 4915
f 4916 4917 4919
f 4919 4917 4918
f 4312 4424 4299
f 4299 4424 4304
f 4920 4921 4297
f 4297 4921 4298
f 4194 4922 4167
f 4167 4922 4923
f 4924 4400 4691
f 4691 4400 4399
f 4395 4708 4396
f 4396 4708 4758
f 4367 4925 4368
f 4368 4925 4926
f 4919 4918 4873
f 4873 4918 4874
f 4836 4927 4421
f 4421 4927 4422
f 4921 4928 4298
f 4298 4928 4311
f 4143 4146 4122
f 4122 4146 4119
f 4929 4930 4455
f 4455 4930 4452
f 4932 4933 4931
f 4931 4933 4934
f 4935 4936 4932
f 4932 4936 4933
f 4461 4460 4457
f 4457 4460 4458
f 4480 4479 4475
f 4475 4479 4476
f 4660 4673 4517
f 4517 4673 4937
f 4661 4505 4658
f 4658 4505 4504
f 4484 4483 4489
f 4489 4483 4486
f 4462 4509 4463
f 4463 4509 4518
f 4469 4511 4466
f 4466 4511 4508
f 4655 4473 4656
f 4656 4473 4477
f 4476 4657 4477
f 4477 4657 4656
f 4479 4513 4476
f 4476 4513 4657
f 4489 4525 4484
f 4484 4525 4526
f 4483 4549 4486
f 4486 4549 4536
f 4549 4548 4536
f 4536 4548 4551
f 4548 4568 4551
f 4551 4568 4670
f 4663 4589 4845
f 4845 4589 4590
f 4668 4577 4938
f 4938 4577 4580
f 4940 4938 4939
f 4939 4938 4941
f 4940 4942 4669
f 4669 4942 4943
f 4587 4582 4944
f 4944 4582 4581
f 4848 4847 4608
f 4608 4847 4564
f 4616 4945 4613
f 4613 4945 4598
f 4615 4946 4616
f 4616 4946 4945
f 4947 4939 4948
f 4948 4939 4946
f 4599 4605 4600
f 4600 4605 4604
f 4608 4607 4848
f 4848 4607 4849
f 4613 4612 4616
f 4616 4612 4617
f 4835 4949 4709
f 4709 4949 4710
f 4357 1477 4837
f 4837 1477 1365
f 4712 4950 4803
f 4803 4950 4951
f 4401 4952 4402
f 4402 4952 4953
f 4759 4760 4402
f 4402 4760 4399
f 4508 4520 4509
f 4509 4520 4654
f 4510 4522 4511
f 4511 4522 4521
f 4513 4526 4657
f 4657 4526 4525
f 4632 4633 4514
f 4514 4633 4529
f 4931 4934 4453
f 4453 4934 4454
f 4153 4954 4154
f 4154 4954 4955
f 4957 4958 4956
f 4956 4958 4959
f 4961 4962 4960
f 4960 4962 4963
f 4120 4964 4210
f 4210 4964 4965
f 4967 4968 4966
f 4966 4968 4969
f 4349 4692 4815
f 4815 4692 4970
f 4652 4971 4653
f 4653 4971 4706
f 4758 4647 4972
f 4972 4647 4646
f 4973 4363 4646
f 4646 4363 4972
f 4950 4360 4974
f 4974 4360 4364
f 4431 4335 4746
f 4746 4335 4713
f 4358 4714 4325
f 4325 4714 4321
f 4765 4764 4266
f 4266 4764 4975
f 4202 4976 4203
f 4203 4976 4977
f 4917 4978 4918
f 4918 4978 4979
f 4279 4282 4854
f 4854 4282 4269
f 4820 4880 4817
f 4817 4880 4902
f 4890 4903 4980
f 4980 4903 4886
f 4982 4983 4981
f 4981 4983 4123
f 4795 4851 4796
f 4796 4851 4850
f 4918 4979 4874
f 4874 4979 4881
f 4809 4404 4810
f 4810 4404 4403
f 4354 4985 4984
f 4984 4985 4986
f 1364 1516 4838
f 4838 1516 4987
f 4759 4988 4367
f 4367 4988 4925
f 4989 4990 4481
f 4481 4990 4478
f 4443 4515 4990
f 4990 4515 4991
f 4527 4512 4992
f 4992 4512 4991
f 4528 4503 4992
f 4992 4503 4993
f 4993 4994 4485
f 4485 4994 4482
f 4544 4995 4502
f 4502 4995 4994
f 4995 4996 4550
f 4550 4996 4547
f 4998 4999 4997
f 4997 4999 4566
f 4998 5000 4578
f 4578 5000 4579
f 5001 5002 4596
f 4596 5002 4597
f 5003 4591 5004
f 5004 4591 4610
f 4626 4421 4627
f 4627 4421 4420
f 4837 4838 4627
f 4627 4838 4624
f 4761 4705 4830
f 4830 4705 5005
f 4705 4707 5005
f 5005 4707 5006
f 4308 4721 4075
f 4075 4721 4076
f 5007 4200 4797
f 4797 4200 4798
f 4685 4686 5008
f 5008 4686 5009
f 4889 4890 5010
f 5010 4890 4980
f 4323 1541 4324
f 4324 1541 1540
f 4385 4384 4358
f 4358 4384 4714
f 4396 4758 4840
f 4840 4758 4972
f 4866 4852 5011
f 5011 4852 5012
f 5013 4260 4980
f 4980 4260 5010
f 4875 4878 5014
f 5014 4878 5015
f 5017 5018 5016
f 5016 5018 5019
f 5016 5019 5020
f 5020 5019 5021
f 5023 5024 5022
f 5022 5024 5025
f 5027 5028 5026
f 5026 5028 5029
f 5031 5032 5030
f 5030 5032 5033
f 5035 5036 5034
f 5034 5036 5037
f 5039 5040 5038
f 5038 5040 5041
f 5043 5044 5042
f 5042 5044 5045
f 5038 5046 5039
f 5039 5046 5047
f 5049 5050 5048
f 5048 5050 5051
f 5053 5054 5052
f 5052 5054 5055
f 5057 5024 5056
f 5056 5024 5058
f 5060 5061 5059
f 5059 5061 5062
f 5064 5065 5063
f 5063 5065 5066
f 5043 5050 5064
f 5064 5050 5065
f 5038 5041 5067
f 5067 5041 5068
f 5070 5071 5069
f 5069 5071 5072
f 5074 5075 5073
f 5073 5075 5076
f 5034 5077 5035
f 5035 5077 5078
f 5080 5081 5079
f 5079 5081 5082
f 5084 5085 5083
f 5083 5085 5086
f 5085 5084 5087
f 5087 5084 5088
f 5090 5091 5089
f 5089 5091 5092
f 5094 5095 5093
f 5093 5095 5096
f 5098 5099 5097
f 5097 5099 5100
f 5102 5103 5101
f 5101 5103 5104
f 5105 5106 5108
f 5108 5106 5107
f 5110 5111 5109
f 5109 5111 5112
f 5114 5094 5113
f 5113 5094 5093
f 5116 5117 5115
f 5115 5117 5118
f 5120 5121 5119
f 5119 5121 5122
f 5124 5125 5123
f 5123 5125 5126
f 5128 5129 5127
f 5127 5129 5130
f 5097 5131 5098
f 5098 5131 5132
f 5134 5135 5133
f 5133 5135 5122
f 5084 5125 5088
f 5088 5125 5136
f 5138 5139 5137
f 5137 5139 5140
f 5142 5102 5141
f 5141 5102 5101
f 5106 5143 5107
f 5107 5143 5144
f 5146 5147 5145
f 5145 5147 5148
f 5149 5150 5109
f 5109 5150 5110
f 5151 5110 5152
f 5152 5110 5150
f 4715 5140 4716
f 4716 5140 5139
f 5143 4870 5144
f 5144 4870 4869
f 4115 5146 4116
f 4116 5146 5145
f 4791 4796 5149
f 5149 4796 5150
f 4796 4850 5150
f 5150 4850 5152
f 4858 5142 4859
f 4859 5142 5141
f 5153 5154 5115
f 5115 5154 5105
f 5156 5157 5155
f 5155 5157 5158
f 5159 5160 5053
f 5053 5160 5054
f 5161 5162 5020
f 5020 5162 5068
f 5026 5029 5163
f 5163 5029 5021
f 5083 5086 5164
f 5164 5086 5165
f 5090 5167 5166
f 5166 5167 5168
f 5169 5170 5172
f 5172 5170 5171
f 5174 5175 5173
f 5173 5175 5176
f 5177 5109 5178
f 5178 5109 5112
f 5179 5180 5182
f 5182 5180 5181
f 5123 5126 5120
f 5120 5126 5121
f 5180 5167 5181
f 5181 5167 5183
f 5184 5185 5179
f 5179 5185 5180
f 5186 5149 5177
f 5177 5149 5109
f 4868 5184 4865
f 4865 5184 5179
f 5188 5189 5187
f 5187 5189 5190
f 4277 4791 5186
f 5186 4791 5149
f 5179 5182 4865
f 4865 5182 4853
f 5189 4862 5190
f 5190 4862 4861
f 5156 5075 5191
f 5191 5075 5192
f 5036 5035 5193
f 5193 5035 5194
f 5115 5118 5153
f 5153 5118 5195
f 5022 5025 5196
f 5196 5025 5197
f 5155 5158 5069
f 5069 5158 5062
f 5063 5066 5198
f 5198 5066 5199
f 5073 5076 5200
f 5200 5076 5072
f 5202 5131 5201
f 5201 5131 5203
f 5143 5106 5204
f 5204 5106 5205
f 5114 5113 5206
f 5206 5113 5127
f 5098 5132 5193
f 5193 5132 5195
f 5204 5207 5143
f 5143 5207 4870
f 5088 5136 5208
f 5208 5136 5092
f 5209 5210 5089
f 5089 5210 5183
f 5211 5018 5060
f 5060 5018 5061
f 5017 5040 5070
f 5070 5040 5071
f 5191 5160 5156
f 5156 5160 5157
f 5048 5028 5049
f 5049 5028 5058
f 5207 5204 4858
f 4858 5204 5142
f 4859 5141 4715
f 4715 5141 5140
f 5212 5162 5042
f 5042 5162 5051
f 5182 5152 4853
f 4853 5152 4850
f 5214 5134 5213
f 5213 5134 5133
f 5164 5165 5133
f 5133 5165 5213
f 5215 5216 5201
f 5201 5216 5217
f 5147 5218 5148
f 5148 5218 5219
f 5147 5177 5218
f 5218 5177 5178
f 5141 5101 5140
f 5140 5101 5137
f 5201 5217 5202
f 5202 5217 5104
f 5146 5186 5147
f 5147 5186 5177
f 4277 5186 4115
f 4115 5186 5146
f 5191 5192 5031
f 5031 5192 5032
f 5052 5055 5220
f 5220 5055 5197
f 4116 5145 4869
f 4869 5145 5144
f 5034 5037 5214
f 5214 5037 5134
f 5097 5100 5114
f 5114 5100 5094
f 5108 5107 5219
f 5219 5107 5148
f 5221 5135 5116
f 5116 5135 5117
f 5124 5111 5209
f 5209 5111 5210
f 5107 5144 5148
f 5148 5144 5145
f 5152 5182 5151
f 5151 5182 5181
f 5208 5222 5088
f 5088 5222 5087
f 5222 5208 5171
f 5171 5208 5172
f 5223 1756 4698
f 4698 1756 1755
f 4427 5224 4107
f 4107 5224 4135
f 4178 4679 5225
f 5225 4679 5226
f 5227 5228 4892
f 4892 5228 4893
f 5229 5230 4171
f 4171 5230 4172
f 4855 4268 4884
f 4884 4268 4885
f 4884 4871 4855
f 4855 4871 4856
f 4684 5231 4896
f 4896 5231 4897
f 4768 4767 5009
f 5009 4767 5008
f 5205 5154 5102
f 5102 5154 5103
f 5099 5098 5194
f 5194 5098 5193
f 5198 5199 5079
f 5079 5199 5033
f 5102 5142 5205
f 5205 5142 5204
f 5224 4427 4681
f 4681 4427 4678
f 3712 3711 5232
f 5232 3711 5233
f 3968 3988 3963
f 3963 3988 3964
f 3976 4044 3972
f 3972 4044 3985
f 4038 4037 4036
f 4036 4037 4033
f 4794 4762 3731
f 3731 4762 3944
f 3731 3944 3722
f 3722 3944 3810
f 3874 5234 5232
f 5232 5234 3712
f 3906 3905 3867
f 3867 3905 4011
f 3904 4023 3905
f 3905 4023 4011
f 3719 3722 3811
f 3811 3722 3810
f 3812 3719 3687
f 3687 3719 3811
f 3716 3812 3686
f 3686 3812 3687
f 3713 3716 3685
f 3685 3716 3686
f 4810 4403 5235
f 5235 4403 4813
f 4345 1770 4814
f 4814 1770 1769
f 4067 4066 4058
f 4058 4066 5236
f 4043 4068 4049
f 4049 4068 4050
f 4034 5237 3989
f 3989 5237 3990
f 4031 4030 4072
f 4072 4030 4005
f 4003 4004 4002
f 4002 4004 4032
f 4004 4005 4032
f 4032 4005 4030
f 4067 4064 4068
f 4068 4064 4050
f 4058 4057 4067
f 4067 4057 4064
f 4035 4034 5238
f 5238 4034 3989
f 5236 5239 4058
f 4058 5239 5240
f 5234 3874 5241
f 5241 3874 3873
f 5241 3873 3881
f 3881 3873 3878
f 4800 4763 4788
f 4788 4763 4310
f 4763 4762 4310
f 4310 4762 4309
f 4762 4794 4309
f 4309 4794 4306
f 4794 4793 4306
f 4306 4793 4292
f 4293 4313 4302
f 4302 4313 4314
f 4302 4314 4303
f 4303 4314 4315
f 4303 4315 4703
f 4703 4315 4316
f 4035 4069 4043
f 4043 4069 4068
f 4324 1540 4357
f 4357 1540 1477
f 5232 3987 3874
f 3874 3987 3871
f 3987 5232 4013
f 4013 5232 5233
f 4013 5233 4014
f 4014 5233 5242
f 3888 4015 3865
f 3865 4015 4007
f 3866 4008 5243
f 5243 4008 4016
f 3873 5244 3878
f 3878 5244 3875
f 3965 5244 3872
f 3872 5244 3873
f 3876 3875 3965
f 3965 3875 5244
f 5243 4016 5242
f 5242 4016 4014
f 5246 5247 5245
f 5245 5247 5248
f 3576 3950 3577
f 3577 3950 3926
f 3584 3842 3585
f 3585 3842 3580
f 5249 5247 1784
f 1784 5247 1785
f 5250 5251 5253
f 5253 5251 5252
f 5255 5252 5254
f 5254 5252 5256
f 5254 5256 5258
f 5258 5256 5257
f 5258 5257 5260
f 5260 5257 5259
f 4356 5261 4424
f 4424 5261 5259
f 4355 5262 4356
f 4356 5262 5261
f 4924 5264 5263
f 5263 5264 5265
f 4693 5266 4691
f 4691 5266 5267
f 4351 5268 4352
f 4352 5268 5269
f 1808 1807 4351
f 4351 1807 5268
f 3580 3842 3581
f 3799 3802 3838
f 4800 4788 4801
f 4801 4788 4789
f 3729 3935 4801
f 4801 3935 4800
f 3728 3666 3729
f 3729 3666 3935
f 3728 3798 3666
f 3666 3798 3663
f 3798 3818 3663
f 3663 3818 3809
f 3818 3817 3809
f 3809 3817 3808
f 3796 3655 3817
f 3817 3655 3808
f 3615 3568 3796
f 3796 3568 3655
f 3573 3569 3615
f 3615 3569 3568
f 3572 3613 3573
f 3573 3613 3569
f 3792 3606 3572
f 3572 3606 3613
f 3607 3791 3949
f 3949 3791 3591
f 3590 3950 3591
f 3591 3950 3949
f 3805 3926 3590
f 3590 3926 3950
f 3804 3559 3805
f 3805 3559 3926
f 3804 3914 3559
f 3559 3914 3560
f 3924 3789 3913
f 3913 3789 3788
f 3924 3928 3789
f 3789 3928 3826
f 3928 3927 3826
f 3826 3927 3827
f 3927 3834 3827
f 3827 3834 3835
f 4079 4078 5270
f 5270 4078 5007
f 5271 5272 4233
f 4233 5272 5273
f 5275 5276 5274
f 5274 5276 5277
f 5278 5279 4236
f 4236 5279 4237
f 5278 5280 5271
f 5271 5280 5272
f 4235 5281 4236
f 4236 5281 5282
f 5284 5285 5283
f 5283 5285 5286
f 5288 5289 5287
f 5287 5289 5290
f 5292 5293 5291
f 5291 5293 5294
f 5287 5290 4726
f 4726 5290 5295
f 4293 4292 4313
f 4313 4292 4793
f 4720 4736 4719
f 4719 4736 5296
f 5297 4909 5298
f 5298 4909 4908
f 5299 5300 4976
f 4976 5300 5301
f 5302 4202 5303
f 5303 4202 4201
f 5304 5305 4983
f 4983 5305 5306
f 5308 5309 5307
f 5307 5309 5310
f 4722 4725 5283
f 5283 4725 5311
f 5291 5294 4125
f 4125 5294 4126
f 5313 5314 5312
f 5312 5314 5315
f 5316 5317 5319
f 5319 5317 5318
f 5321 5308 5320
f 5320 5308 5307
f 4819 4981 4873
f 4873 4981 5322
f 4981 4123 5322
f 5322 4123 4126
f 5324 5325 5323
f 5323 5325 5326
f 4764 5327 4975
f 4975 5327 5328
f 4172 5327 4169
f 4169 5327 5329
f 4768 4171 4769
f 4769 4171 4170
f 4243 4755 4244
f 4244 4755 5330
f 4755 4205 5330
f 5330 4205 4208
f 4206 4906 4207
f 4207 4906 4905
f 4686 5014 5009
f 5009 5014 5229
f 4756 4770 4170
f 4170 4770 4769
f 4170 4169 4756
f 4756 4169 4757
f 4273 5329 4764
f 4764 5329 5327
f 4276 5331 4273
f 4273 5331 5329
f 4770 4756 4243
f 4243 4756 4755
f 5333 4889 5332
f 5332 4889 5010
f 4877 5332 4878
f 4878 5332 4259
f 4875 4164 4876
f 4876 4164 4163
f 5334 5335 5324
f 5324 5335 5325
f 4983 5306 4123
f 4123 5306 4124
f 4818 4982 4819
f 4819 4982 4981
f 5332 5010 4259
f 4259 5010 4260
f 5014 4686 4875
f 4875 4686 4164
f 4171 4768 5229
f 5229 4768 5009
f 5337 4916 5336
f 5336 4916 4919
f 5293 5337 5294
f 5294 5337 5336
f 4982 4818 5333
f 5333 4818 4889
f 5338 5339 4262
f 4262 5339 5340
f 5307 5310 5338
f 5338 5310 5339
f 5341 5342 4204
f 4204 5342 5309
f 5336 4919 5322
f 5322 4919 4873
f 5294 5336 4126
f 4126 5336 5322
f 5323 5326 5343
f 5343 5326 5286
f 4914 5344 4915
f 4915 5344 5345
f 5312 5315 5344
f 5344 5315 5345
f 5347 5348 5346
f 5346 5348 5349
f 5350 5351 4832
f 4832 5351 4833
f 5352 5353 5349
f 5349 5353 5346
f 5354 5338 4265
f 4265 5338 4262
f 5320 5307 5354
f 5354 5307 5338
f 4201 5308 5303
f 5303 5308 5321
f 5356 5357 5355
f 5355 5357 4799
f 5358 5359 5334
f 5334 5359 5335
f 5358 5360 4093
f 4093 5360 4163
f 5360 5305 4163
f 4163 5305 4876
f 5305 5304 4876
f 4876 5304 4877
f 5270 4778 4079
f 4079 4778 4081
f 4779 5361 4774
f 4774 5361 5357
f 5356 5359 4775
f 4775 5359 4092
f 5333 5304 4982
f 4982 5304 4983
f 5332 4877 5333
f 5333 4877 5304
f 5015 4258 5230
f 5230 4258 5328
f 5327 4172 5328
f 5328 4172 5230
f 4169 5329 4757
f 4757 5329 5331
f 4757 5331 4205
f 4205 5331 4206
f 5331 4276 4206
f 4206 4276 4906
f 4276 4275 4906
f 4906 4275 4907
f 4275 4888 4907
f 4907 4888 4744
f 4887 4717 4745
f 4745 4717 4864
f 4716 5139 4861
f 4861 5139 5190
f 5139 5138 5190
f 5190 5138 5187
f 5138 5216 5187
f 5187 5216 5176
f 5215 5362 5173
f 5173 5362 5130
f 5364 5365 5363
f 5363 5365 5340
f 4742 4863 5366
f 5366 4863 4867
f 4862 5189 4868
f 4868 5189 5184
f 5189 5188 5184
f 5184 5188 5185
f 5188 5175 5185
f 5185 5175 5168
f 3560 3788 3561
f 3561 3788 3790
f 3596 3595 3608
f 3608 3595 3594
f 3598 3582 3595
f 3595 3582 3592
f 3600 3609 3601
f 3601 3609 3611
f 3602 3601 3612
f 3612 3601 3611
f 3606 3605 3613
f 3613 3605 3614
f 3793 5367 3794
f 3794 5367 5368
f 3598 3597 3600
f 3600 3597 3609
f 3793 3792 3575
f 3575 3792 3572
f 3561 3594 3558
f 3558 3594 3593
f 3807 3915 3804
f 3804 3915 3914
f 3916 3915 5370
f 5370 3915 5369
f 3602 3605 3603
f 3603 3605 3604
f 3606 3792 3607
f 3607 3792 3791
f 3914 3913 3560
f 3560 3913 3788
f 5174 5129 5166
f 5166 5129 5371
f 5170 5169 5093
f 5093 5169 5113
f 5166 5371 5090
f 5090 5371 5091
f 5128 5169 5372
f 5372 5169 5172
f 5127 5113 5128
f 5128 5113 5169
f 5114 5206 5203
f 5203 5206 5362
f 5200 5373 5073
f 5073 5373 5096
f 5374 5375 5200
f 5200 5375 5373
f 5039 5047 5374
f 5374 5047 5375
f 5087 5046 5085
f 5085 5046 5376
f 5212 5377 5067
f 5067 5377 5376
f 5042 5045 5212
f 5212 5045 5377
f 5064 5378 5043
f 5043 5378 5044
f 5063 5077 5064
f 5064 5077 5378
f 5079 5082 5198
f 5198 5082 5078
f 5099 5081 5100
f 5100 5081 5379
f 5100 5379 5094
f 5094 5379 5095
f 5381 5382 5380
f 5380 5382 5383
f 5385 5386 5384
f 5384 5386 5383
f 5385 5387 5386
f 5386 5387 5388
f 5390 5391 5389
f 5389 5391 5392
f 5393 5394 5396
f 5396 5394 5395
f 5398 5399 5397
f 5397 5399 5400
f 5402 5403 5401
f 5401 5403 5404
f 5406 5407 5405
f 5405 5407 5404
f 5408 5409 5163
f 5163 5409 5410
f 5411 5412 5414
f 5414 5412 5413
f 5057 5416 5415
f 5415 5416 5417
f 5393 5416 5418
f 5418 5416 5419
f 5396 5395 5420
f 5420 5395 5421
f 5423 5424 5422
f 5422 5424 5425
f 5415 5417 5220
f 5220 5417 5426
f 5418 5391 5393
f 5393 5391 5394
f 5414 5388 5411
f 5411 5388 5392
f 5059 5427 5060
f 5060 5427 5428
f 5423 5427 5429
f 5429 5427 5430
f 5432 5382 5431
f 5431 5382 5425
f 5429 5407 5423
f 5423 5407 5424
f 5380 5409 5381
f 5381 5409 5433
f 5381 5433 5422
f 5422 5433 5428
f 5027 5412 5056
f 5056 5412 5419
f 5435 5436 5434
f 5434 5436 5437
f 5159 5439 5438
f 5438 5439 5440
f 5053 5436 5159
f 5159 5436 5439
f 5441 5403 5398
f 5398 5403 5399
f 5163 5410 5026
f 5026 5410 5413
f 5438 5440 5442
f 5442 5440 5430
f 5444 5445 5443
f 5443 5445 5446
f 5447 5448 5450
f 5450 5448 5449
f 5451 5446 5452
f 5452 5446 5445
f 5454 5455 5453
f 5453 5455 5451
f 5456 5454 5458
f 5458 5454 5457
f 5460 5461 5459
f 5459 5461 5462
f 5464 5465 5463
f 5463 5465 5466
f 5468 5469 5467
f 5467 5469 5470
f 5472 5473 5471
f 5471 5473 5474
f 5475 5476 5478
f 5478 5476 5477
f 5479 5480 5482
f 5482 5480 5481
f 5483 5484 5448
f 5448 5484 5485
f 5448 5485 5449
f 5449 5485 5486
f 5487 5476 5488
f 5488 5476 5475
f 5490 5491 5489
f 5489 5491 5492
f 5494 5495 5493
f 5493 5495 5496
f 5498 5494 5497
f 5497 5494 5493
f 5500 5501 5499
f 5499 5501 5502
f 5503 5504 5446
f 5446 5504 5443
f 5506 5507 5505
f 5505 5507 5508
f 5510 5511 5509
f 5509 5511 5512
f 5514 5515 5513
f 5513 5515 5516
f 5518 5519 5517
f 5517 5519 5520
f 5495 5521 5496
f 5496 5521 5522
f 5524 5525 5523
f 5523 5525 5526
f 5527 5528 5494
f 5494 5528 5495
f 5499 5502 5529
f 5529 5502 5530
f 5531 5532 5485
f 5485 5532 5486
f 5485 5484 5531
f 5531 5484 5533
f 5482 5481 5534
f 5534 5481 5535
f 5536 5512 5506
f 5506 5512 5511
f 5455 5503 5451
f 5451 5503 5446
f 5467 5470 5511
f 5511 5470 5537
f 5538 5467 5510
f 5510 5467 5511
f 5540 5541 5539
f 5539 5541 5542
f 5543 5544 5546
f 5546 5544 5545
f 5548 5472 5547
f 5547 5472 5471
f 5493 5496 5549
f 5549 5496 5550
f 5496 5522 5550
f 5550 5522 5551
f 5553 5554 5552
f 5552 5554 5555
f 5557 5447 5556
f 5556 5447 5558
f 5557 5483 5447
f 5447 5483 5448
f 5478 5477 5553
f 5553 5477 5559
f 5477 5560 5559
f 5559 5560 5561
f 5476 5562 5477
f 5477 5562 5560
f 5476 5487 5562
f 5562 5487 5563
f 5560 5564 5561
f 5561 5564 5565
f 5564 5560 5566
f 5566 5560 5562
f 5563 5567 5562
f 5562 5567 5566
f 5569 5521 5568
f 5568 5521 5570
f 5481 5572 5571
f 5571 5572 5573
f 5574 5535 5571
f 5571 5535 5481
f 5576 5577 5575
f 5575 5577 5578
f 5579 5580 5456
f 5456 5580 5581
f 5475 5582 5488
f 5488 5582 5583
f 5584 5536 5505
f 5505 5536 5506
f 5585 5586 5588
f 5588 5586 5587
f 5590 5591 5589
f 5589 5591 5592
f 5519 5593 5520
f 5520 5593 5594
f 5595 5596 5462
f 5462 5596 5597
f 5599 5600 5598
f 5598 5600 5514
f 5602 5603 5601
f 5601 5603 5604
f 5524 5543 5525
f 5525 5543 5546
f 5543 5524 5606
f 5606 5524 5605
f 5607 5608 5500
f 5500 5608 5501
f 5610 5551 5609
f 5609 5551 5522
f 5611 5510 5598
f 5598 5510 5509
f 5612 5597 5457
f 5457 5597 5458
f 5510 5611 5538
f 5538 5611 5613
f 5580 5508 5581
f 5581 5508 5507
f 5615 5616 5614
f 5614 5616 5617
f 5619 5620 5618
f 5618 5620 5621
f 5623 5624 5622
f 5622 5624 5625
f 5627 5624 5626
f 5626 5624 5623
f 5629 5630 5628
f 5628 5630 5631
f 5633 5634 5632
f 5632 5634 5466
f 5635 5636 5463
f 5463 5636 5637
f 5523 5638 5524
f 5524 5638 5605
f 5639 5640 5641
f 5641 5640 5595
f 5611 5513 5613
f 5613 5513 5642
f 5643 5586 5608
f 5608 5586 5501
f 5622 5625 5590
f 5590 5625 5591
f 5598 5514 5611
f 5611 5514 5513
f 5645 5646 5644
f 5644 5646 5647
f 5620 5619 5491
f 5491 5619 5648
f 5649 5643 5492
f 5492 5643 5608
f 5650 5651 5653
f 5653 5651 5652
f 5463 5466 5635
f 5635 5466 5634
f 5597 5612 5462
f 5462 5612 5459
f 5635 5634 5523
f 5523 5634 5638
f 5654 5638 5633
f 5633 5638 5634
f 5655 5656 5525
f 5525 5656 5526
f 5658 5659 5657
f 5657 5659 5527
f 5660 5464 5637
f 5637 5464 5463
f 5632 5466 5661
f 5661 5466 5465
f 5661 5662 5632
f 5632 5662 5658
f 5662 5663 5658
f 5658 5663 5659
f 5665 5659 5664
f 5664 5659 5663
f 5632 5658 5633
f 5633 5658 5657
f 5666 5629 5530
f 5530 5629 5667
f 5528 5527 5665
f 5665 5527 5659
f 5668 5669 5570
f 5570 5669 5568
f 5669 5668 5670
f 5670 5668 5671
f 5646 5672 5673
f 5672 5674 5673
f 5673 5674 5675
f 5674 5460 5675
f 5675 5460 5459
f 5461 5676 5462
f 5462 5676 5595
f 5677 5678 5680
f 5680 5678 5679
f 5628 5681 5629
f 5629 5681 5667
f 5682 5529 5667
f 5667 5529 5530
f 5675 5459 5683
f 5683 5459 5612
f 5585 5666 5502
f 5502 5666 5530
f 5589 5684 5602
f 5602 5684 5603
f 5646 5645 5663
f 5663 5645 5664
f 5685 5647 5673
f 5673 5647 5646
f 5686 5687 5683
f 5683 5687 5685
f 5688 5689 5533
f 5533 5689 5531
f 5690 5691 5535
f 5535 5691 5534
f 5692 5690 5574
f 5574 5690 5535
f 5685 5687 5689
f 5689 5687 5693
f 5489 5694 5490
f 5490 5694 5695
f 5690 5692 5696
f 5696 5692 5697
f 5696 5644 5690
f 5690 5644 5691
f 5447 5450 5558
f 5558 5450 5698
f 5699 5700 5642
f 5642 5700 5613
f 5701 5702 5540
f 5540 5702 5541
f 5431 5703 5432
f 5432 5703 5697
f 5385 5384 5574
f 5574 5384 5692
f 5389 5387 5573
f 5573 5387 5571
f 5565 5390 5573
f 5573 5390 5389
f 5390 5565 5704
f 5704 5565 5564
f 5566 5705 5564
f 5564 5705 5704
f 5569 5441 5609
f 5609 5441 5398
f 5568 5405 5569
f 5569 5405 5441
f 5670 5706 5669
f 5669 5706 5406
f 5703 5431 5670
f 5670 5431 5706
f 5432 5697 5384
f 5384 5697 5692
f 5574 5571 5385
f 5385 5571 5387
f 5607 5707 5489
f 5489 5707 5694
f 5518 5708 5519
f 5519 5708 5709
f 5711 5576 5710
f 5710 5576 5575
f 5713 5714 5712
f 5712 5714 5715
f 5553 5552 5478
f 5478 5552 5716
f 5717 5475 5716
f 5716 5475 5478
f 5718 5719 5605
f 5605 5719 5606
f 5505 5622 5584
f 5584 5622 5590
f 5508 5623 5505
f 5505 5623 5622
f 5626 5623 5580
f 5580 5623 5508
f 5580 5579 5626
f 5626 5579 5720
f 5579 5721 5720
f 5720 5721 5722
f 5666 5585 5723
f 5723 5585 5588
f 5724 5725 5639
f 5639 5725 5640
f 5554 5726 5555
f 5555 5726 5727
f 5453 5728 5729
f 5689 5688 5685
f 5685 5688 5647
f 5604 5730 5512
f 5512 5730 5509
f 5628 5631 5618
f 5618 5631 5592
f 5601 5604 5536
f 5536 5604 5512
f 5732 5676 5731
f 5731 5676 5660
f 5730 5604 5733
f 5733 5604 5603
f 5563 5487 5551
f 5551 5487 5550
f 5489 5492 5607
f 5607 5492 5608
f 5573 5572 5565
f 5565 5572 5561
f 5609 5522 5569
f 5569 5522 5521
f 5499 5734 5500
f 5500 5734 5735
f 5596 5736 5721
f 5721 5736 5722
f 5737 5600 5594
f 5594 5600 5520
f 5599 5730 5517
f 5517 5730 5733
f 5660 5738 5731
f 5731 5738 5739
f 5648 5649 5491
f 5491 5649 5492
f 5501 5586 5502
f 5502 5586 5585
f 5525 5546 5655
f 5655 5546 5740
f 5600 5599 5520
f 5520 5599 5517
f 5708 5739 5709
f 5709 5739 5738
f 5636 5635 5526
f 5526 5635 5523
f 5670 5671 5703
f 5703 5671 5741
f 5490 5695 5742
f 5742 5695 5743
f 5682 5678 5744
f 5744 5678 5677
f 5678 5681 5679
f 5679 5681 5621
f 5742 5743 5679
f 5679 5743 5680
f 5618 5621 5628
f 5628 5621 5681
f 5725 5724 5589
f 5589 5724 5684
f 5456 5458 5579
f 5579 5458 5721
f 5675 5683 5673
f 5673 5683 5685
f 5529 5682 5745
f 5745 5682 5744
f 5721 5458 5596
f 5596 5458 5597
f 5701 5540 5719
f 5719 5540 5606
f 5703 5741 5697
f 5697 5741 5696
f 5500 5735 5607
f 5607 5735 5707
f 5549 5746 5493
f 5493 5746 5497
f 5700 5747 5613
f 5613 5747 5538
f 5420 5421 5434
f 5434 5421 5400
f 5689 5693 5531
f 5531 5693 5532
f 5705 5566 5748
f 5748 5566 5567
f 5609 5398 5610
f 5610 5398 5397
f 5669 5406 5568
f 5568 5406 5405
f 5488 5583 5549
f 5549 5583 5746
f 5714 5713 5710
f 5710 5713 5711
f 5747 5468 5538
f 5538 5468 5467
f 5548 5547 5749
f 5749 5547 5750
f 5733 5603 5751
f 5751 5603 5684
f 5589 5602 5590
f 5590 5602 5584
f 5636 5752 5614
f 5614 5752 5615
f 5753 5754 5738
f 5738 5754 5755
f 5602 5601 5584
f 5584 5601 5536
f 5723 5736 5630
f 5630 5736 5640
f 5595 5640 5596
f 5596 5640 5736
f 5734 5499 5745
f 5745 5499 5529
f 5627 5587 5643
f 5643 5587 5586
f 5553 5559 5554
f 5554 5559 5480
f 5559 5561 5480
f 5480 5561 5572
f 5554 5480 5726
f 5726 5480 5479
f 5749 5750 5715
f 5715 5750 5712
f 5683 5612 5686
f 5686 5612 5457
f 5678 5682 5681
f 5681 5682 5667
f 5598 5509 5599
f 5599 5509 5730
f 5679 5621 5742
f 5742 5621 5620
f 5652 5616 5653
f 5653 5616 5615
f 5220 5426 5052
f 5052 5426 5437
f 5487 5488 5550
f 5550 5488 5549
f 5742 5620 5490
f 5490 5620 5491
f 5551 5610 5563
f 5563 5610 5567
f 5610 5397 5567
f 5567 5397 5748
f 5614 5617 5753
f 5753 5617 5754
f 5480 5572 5481
f 5755 5756 5738
f 5738 5756 5709
f 5745 5744 5758
f 5758 5744 5757
f 5745 5758 5734
f 5734 5758 5759
f 5735 5734 5760
f 5760 5734 5759
f 5707 5735 5761
f 5761 5735 5760
f 5744 5677 5757
f 5757 5677 5762
f 5677 5680 5762
f 5762 5680 5763
f 5763 5680 5764
f 5764 5680 5743
f 5765 5766 5762
f 5762 5766 5757
f 5768 5769 5767
f 5767 5769 5770
f 5771 5772 5770
f 5770 5772 5767
f 5770 5769 5774
f 5774 5769 5773
f 5775 5776 5774
f 5774 5776 5777
f 5773 5778 5774
f 5774 5778 5775
f 5779 5766 5773
f 5773 5766 5778
f 5777 5771 5774
f 5774 5771 5770
f 5780 5781 5783
f 5783 5781 5782
f 5781 5780 5771
f 5771 5780 5772
f 5773 5769 5779
f 5779 5769 5768
f 5768 5759 5779
f 5779 5759 5758
f 5768 5784 5759
f 5759 5784 5760
f 5767 5785 5768
f 5768 5785 5784
f 5785 5767 5786
f 5786 5767 5772
f 5766 5779 5757
f 5757 5779 5758
f 5780 5787 5772
f 5772 5787 5786
f 5785 5786 5788
f 5788 5786 5789
f 5786 5787 5789
f 5789 5787 5790
f 5788 5789 5791
f 5791 5789 5792
f 5791 5793 5788
f 5788 5793 5794
f 5795 5792 5790
f 5790 5792 5789
f 5785 5788 5784
f 5784 5788 5794
f 5784 5794 5760
f 5760 5794 5761
f 5787 5780 5796
f 5796 5780 5783
f 5775 5778 5797
f 5797 5778 5766
f 5797 5798 5775
f 5775 5798 5776
f 5766 5765 5797
f 5797 5765 5799
f 5798 5797 5800
f 5800 5797 5799
f 5798 5801 5776
f 5776 5801 5802
f 5707 5761 5694
f 5694 5761 5803
f 5695 5804 5743
f 5743 5804 5764
f 5804 5695 5803
f 5803 5695 5694
f 5803 5793 5804
f 5804 5793 5805
f 5793 5791 5805
f 5805 5791 5806
f 5804 5805 5764
f 5764 5805 5807
f 5803 5761 5793
f 5793 5761 5794
f 5808 5763 5807
f 5807 5763 5764
f 5808 5765 5763
f 5763 5765 5762
f 5809 5799 5808
f 5808 5799 5765
f 5809 5808 5810
f 5810 5808 5807
f 5811 5809 5812
f 5812 5809 5810
f 5805 5806 5807
f 5807 5806 5810
f 5806 5813 5810
f 5810 5813 5812
f 5799 5809 5800
f 5800 5809 5811
f 5815 5800 5814
f 5814 5800 5811
f 5814 5817 5816
f 5816 5817 5818
f 5814 5811 5817
f 5817 5811 5812
f 5814 5816 5815
f 5815 5816 5796
f 5815 5796 5801
f 5801 5796 5783
f 5801 5798 5815
f 5815 5798 5800
f 5791 5792 5806
f 5806 5792 5813
f 5818 5813 5795
f 5795 5813 5792
f 5818 5817 5813
f 5813 5817 5812
f 5816 5818 5790
f 5790 5818 5795
f 5790 5787 5816
f 5816 5787 5796
f 5771 5777 5781
f 5781 5777 5782
f 5782 5802 5783
f 5783 5802 5801
f 5782 5777 5802
f 5802 5777 5776
f 5588 5587 5722
f 5722 5587 5720
f 5591 5619 5592
f 5592 5619 5618
f 5625 5624 5648
f 5648 5624 5649
f 5624 5627 5649
f 5649 5627 5643
f 5631 5630 5725
f 5725 5630 5640
f 5625 5648 5591
f 5591 5648 5619
f 5588 5722 5723
f 5723 5722 5736
f 5631 5725 5592
f 5592 5725 5589
f 5723 5630 5666
f 5666 5630 5629
f 5587 5627 5720
f 5720 5627 5626
f 5820 5821 5819
f 5819 5821 5822
f 5824 5825 5823
f 5823 5825 5826
f 5823 5826 5827
f 5827 5826 5828
f 5829 5830 5832
f 5832 5830 5831
f 5518 5833 5708
f 5708 5833 5834
f 5835 5836 5824
f 5824 5836 5825
f 5838 5839 5837
f 5837 5839 5840
f 5751 5684 5842
f 5842 5684 5841
f 5843 5841 5724
f 5724 5841 5684
f 5845 5846 5844
f 5844 5846 5847
f 5848 5830 5836
f 5836 5830 5825
f 5518 5751 5833
f 5833 5751 5842
f 5839 5838 5821
f 5821 5838 5849
f 5850 5848 5822
f 5822 5848 5836
f 5851 5845 5828
f 5828 5845 5852
f 5854 5855 5853
f 5853 5855 5856
f 5845 5844 5852
f 5852 5844 5857
f 5858 5827 5852
f 5852 5827 5828
f 5851 5828 5829
f 5829 5828 5826
f 5819 5859 5820
f 5820 5859 5860
f 5835 5861 5819
f 5819 5861 5859
f 5851 5829 5862
f 5862 5829 5832
f 5844 5847 5837
f 5837 5847 5834
f 5819 5822 5835
f 5835 5822 5836
f 5823 5863 5824
f 5824 5863 5864
f 5849 5850 5821
f 5821 5850 5822
f 5825 5830 5826
f 5826 5830 5829
f 5820 5860 5865
f 5865 5860 5866
f 5858 5854 5867
f 5867 5854 5853
f 5854 5857 5855
f 5855 5857 5840
f 5855 5865 5856
f 5856 5865 5866
f 5837 5840 5844
f 5844 5840 5857
f 5827 5858 5868
f 5868 5858 5867
f 5824 5864 5835
f 5835 5864 5861
f 5732 5731 5862
f 5862 5731 5846
f 5863 5823 5868
f 5868 5823 5827
f 5843 5831 5848
f 5848 5831 5830
f 5854 5858 5857
f 5857 5858 5852
f 5855 5840 5865
f 5865 5840 5839
f 5865 5839 5820
f 5820 5839 5821
f 5868 5867 5870
f 5870 5867 5869
f 5868 5870 5863
f 5863 5870 5871
f 5863 5871 5864
f 5864 5871 5872
f 5864 5872 5861
f 5861 5872 5873
f 5867 5853 5869
f 5869 5853 5874
f 5853 5856 5874
f 5874 5856 5875
f 5856 5866 5875
f 5875 5866 5876
f 5877 5878 5874
f 5874 5878 5869
f 5880 5881 5879
f 5879 5881 5882
f 5883 5884 5880
f 5880 5884 5881
f 5881 5884 5886
f 5886 5884 5885
f 5887 5888 5886
f 5886 5888 5889
f 5885 5890 5886
f 5886 5890 5887
f 5889 5882 5886
f 5886 5882 5881
f 5882 5891 5879
f 5879 5891 5892
f 5885 5884 5893
f 5893 5884 5883
f 5883 5871 5893
f 5893 5871 5870
f 5883 5894 5871
f 5871 5894 5872
f 5880 5895 5883
f 5883 5895 5894
f 5896 5895 5879
f 5879 5895 5880
f 5893 5878 5885
f 5885 5878 5890
f 5878 5893 5869
f 5869 5893 5870
f 5897 5896 5892
f 5892 5896 5879
f 5895 5896 5898
f 5898 5896 5899
f 5896 5897 5899
f 5899 5897 5900
f 5898 5899 5901
f 5901 5899 5902
f 5901 5903 5898
f 5898 5903 5904
f 5900 5905 5899
f 5899 5905 5902
f 5898 5904 5895
f 5895 5904 5894
f 5894 5904 5872
f 5872 5904 5873
f 5897 5892 5907
f 5907 5892 5906
f 5892 5891 5906
f 5906 5891 5908
f 5887 5890 5909
f 5909 5890 5878
f 5888 5887 5910
f 5910 5887 5909
f 5878 5877 5909
f 5909 5877 5911
f 5909 5911 5910
f 5910 5911 5912
f 5913 5914 5910
f 5910 5914 5888
f 5908 5914 5906
f 5906 5914 5913
f 5861 5873 5859
f 5859 5873 5915
f 5860 5916 5866
f 5866 5916 5876
f 5916 5860 5915
f 5915 5860 5859
f 5915 5903 5916
f 5916 5903 5917
f 5903 5901 5917
f 5917 5901 5918
f 5916 5917 5876
f 5876 5917 5919
f 5903 5915 5904
f 5904 5915 5873
f 5920 5875 5919
f 5919 5875 5876
f 5920 5877 5875
f 5875 5877 5874
f 5920 5921 5877
f 5877 5921 5911
f 5921 5920 5922
f 5922 5920 5919
f 5923 5921 5924
f 5924 5921 5922
f 5917 5918 5919
f 5919 5918 5922
f 5918 5925 5922
f 5922 5925 5924
f 5921 5923 5911
f 5911 5923 5912
f 5927 5912 5926
f 5926 5912 5923
f 5926 5929 5928
f 5928 5929 5930
f 5926 5923 5929
f 5929 5923 5924
f 5926 5928 5927
f 5927 5928 5907
f 5927 5907 5913
f 5913 5907 5906
f 5913 5910 5927
f 5927 5910 5912
f 5901 5902 5918
f 5918 5902 5925
f 5930 5925 5905
f 5905 5925 5902
f 5930 5929 5925
f 5925 5929 5924
f 5928 5930 5900
f 5900 5930 5905
f 5900 5897 5928
f 5928 5897 5907
f 5882 5889 5891
f 5891 5889 5908
f 5908 5889 5914
f 5914 5889 5888
f 5832 5831 5641
f 5641 5831 5639
f 5833 5838 5834
f 5834 5838 5837
f 5842 5841 5849
f 5849 5841 5850
f 5841 5843 5850
f 5850 5843 5848
f 5847 5846 5739
f 5739 5846 5731
f 5842 5849 5833
f 5833 5849 5838
f 5862 5832 5732
f 5732 5832 5641
f 5847 5739 5834
f 5834 5739 5708
f 5862 5846 5851
f 5851 5846 5845
f 5831 5843 5639
f 5639 5843 5724
f 5676 5732 5595
f 5595 5732 5641
f 5676 5461 5660
f 5660 5461 5464
f 5461 5460 5464
f 5464 5460 5465
f 5460 5674 5465
f 5465 5674 5661
f 5931 5932 5934
f 5934 5932 5933
f 5936 5937 5935
f 5935 5937 5938
f 5935 5938 5939
f 5939 5938 5940
f 5942 5943 5941
f 5941 5943 5944
f 5945 5946 5936
f 5936 5946 5937
f 5948 5949 5947
f 5947 5949 5950
f 5951 5952 5519
f 5519 5952 5593
f 5953 5951 5709
f 5709 5951 5519
f 5955 5956 5954
f 5954 5956 5957
f 5958 5942 5946
f 5946 5942 5937
f 5948 5959 5949
f 5949 5959 5933
f 5960 5958 5934
f 5934 5958 5946
f 5961 5955 5940
f 5940 5955 5962
f 5963 5964 5966
f 5966 5964 5965
f 5955 5954 5962
f 5962 5954 5967
f 5968 5939 5962
f 5962 5939 5940
f 5961 5940 5941
f 5941 5940 5938
f 5931 5969 5932
f 5932 5969 5970
f 5945 5971 5931
f 5931 5971 5969
f 5941 5944 5961
f 5961 5944 5972
f 5954 5957 5947
f 5947 5957 5973
f 5945 5931 5946
f 5946 5931 5934
f 5935 5974 5936
f 5936 5974 5975
f 5959 5960 5933
f 5933 5960 5934
f 5937 5942 5938
f 5938 5942 5941
f 5932 5970 5976
f 5976 5970 5977
f 5968 5964 5978
f 5978 5964 5963
f 5965 5964 5950
f 5950 5964 5967
f 5976 5977 5965
f 5965 5977 5966
f 5947 5950 5954
f 5954 5950 5967
f 5939 5968 5979
f 5979 5968 5978
f 5936 5975 5945
f 5945 5975 5971
f 5972 5754 5956
f 5956 5754 5617
f 5974 5935 5979
f 5979 5935 5939
f 5953 5943 5958
f 5958 5943 5942
f 5964 5968 5967
f 5967 5968 5962
f 5965 5950 5976
f 5976 5950 5949
f 5976 5949 5932
f 5932 5949 5933
f 5979 5978 5981
f 5981 5978 5980
f 5979 5981 5974
f 5974 5981 5982
f 5974 5982 5975
f 5975 5982 5983
f 5975 5983 5971
f 5971 5983 5984
f 5978 5963 5980
f 5980 5963 5985
f 5963 5966 5985
f 5985 5966 5986
f 5986 5966 5987
f 5987 5966 5977
f 5988 5989 5985
f 5985 5989 5980
f 5991 5992 5990
f 5990 5992 5993
f 5994 5995 5991
f 5991 5995 5992
f 5992 5995 5997
f 5997 5995 5996
f 5998 5999 5997
f 5997 5999 6000
f 5996 6001 5997
f 5997 6001 5998
f 6000 5993 5997
f 5997 5993 5992
f 6002 6003 5993
f 5993 6003 5990
f 5995 5994 5996
f 5996 5994 6004
f 5994 5982 6004
f 6004 5982 5981
f 5994 6005 5982
f 5982 6005 5983
f 5991 6006 5994
f 5994 6006 6005
f 6006 5991 6007
f 6007 5991 5990
f 5996 6004 6001
f 6001 6004 5989
f 5989 6004 5980
f 5980 6004 5981
f 6003 6008 5990
f 5990 6008 6007
f 6009 6006 6010
f 6010 6006 6007
f 6008 6011 6007
f 6007 6011 6010
f 6012 6009 6013
f 6013 6009 6010
f 6009 6012 6015
f 6015 6012 6014
f 6011 6016 6010
f 6010 6016 6013
f 6006 6009 6005
f 6005 6009 6015
f 6005 6015 5983
f 5983 6015 5984
f 6008 6003 6018
f 6018 6003 6017
f 6003 6002 6017
f 6017 6002 6019
f 5998 6001 6020
f 6020 6001 5989
f 5999 5998 6021
f 6021 5998 6020
f 5989 5988 6020
f 6020 5988 6022
f 6021 6020 6023
f 6023 6020 6022
f 6021 6024 5999
f 5999 6024 6025
f 6019 6025 6017
f 6017 6025 6024
f 5971 5984 5969
f 5969 5984 6026
f 5970 6027 5977
f 5977 6027 5987
f 6027 5970 6026
f 6026 5970 5969
f 6026 6014 6027
f 6027 6014 6028
f 6014 6012 6028
f 6028 6012 6029
f 6027 6028 5987
f 5987 6028 6030
f 6026 5984 6014
f 6014 5984 6015
f 6031 5986 6030
f 6030 5986 5987
f 6031 5988 5986
f 5986 5988 5985
f 6032 6022 6031
f 6031 6022 5988
f 6032 6031 6033
f 6033 6031 6030
f 6034 6032 6035
f 6035 6032 6033
f 6028 6029 6030
f 6030 6029 6033
f 6029 6036 6033
f 6033 6036 6035
f 6032 6034 6022
f 6022 6034 6023
f 6038 6023 6037
f 6037 6023 6034
f 6037 6040 6039
f 6039 6040 6041
f 6037 6034 6040
f 6040 6034 6035
f 6037 6039 6038
f 6038 6039 6018
f 6038 6018 6024
f 6024 6018 6017
f 6024 6021 6038
f 6038 6021 6023
f 6012 6013 6029
f 6029 6013 6036
f 6041 6036 6016
f 6016 6036 6013
f 6041 6040 6036
f 6036 6040 6035
f 6041 6016 6039
f 6039 6016 6011
f 6011 6008 6039
f 6039 6008 6018
f 5993 6000 6002
f 6002 6000 6019
f 6019 6000 6025
f 6025 6000 5999
f 5943 5756 5944
f 5944 5756 5755
f 6042 5948 5973
f 5973 5948 5947
f 5952 5951 5959
f 5959 5951 5960
f 5951 5953 5960
f 5960 5953 5958
f 5616 5957 5617
f 5617 5957 5956
f 6042 5952 5948
f 5948 5952 5959
f 5944 5755 5972
f 5972 5755 5754
f 5957 5616 5973
f 5973 5616 5652
f 5956 5955 5972
f 5972 5955 5961
f 5943 5953 5756
f 5756 5953 5709
f 6044 6045 6043
f 6043 6045 6046
f 6048 6049 6047
f 6047 6049 6050
f 6047 6050 6051
f 6051 6050 6052
f 6054 6055 6053
f 6053 6055 6056
f 6057 6058 6060
f 6060 6058 6059
f 6061 6062 6048
f 6048 6062 6049
f 6063 6064 6066
f 6066 6064 6065
f 6067 6068 6070
f 6070 6068 6069
f 6071 6069 5653
f 5653 6069 6068
f 6072 6073 6075
f 6075 6073 6074
f 6062 6076 6049
f 6049 6076 6054
f 6058 6067 6059
f 6059 6067 6070
f 6064 6077 6065
f 6065 6077 6045
f 6078 6076 6046
f 6046 6076 6062
f 6073 6080 6079
f 6079 6080 6052
f 6082 6083 6081
f 6081 6083 6084
f 6072 6085 6073
f 6073 6085 6080
f 6086 6051 6080
f 6080 6051 6052
f 6079 6052 6053
f 6053 6052 6050
f 6043 6087 6044
f 6044 6087 6088
f 6061 6089 6043
f 6043 6089 6087
f 6053 6056 6079
f 6079 6056 6090
f 6063 6072 6060
f 6060 6072 6075
f 6043 6046 6061
f 6061 6046 6062
f 6047 6091 6048
f 6048 6091 6092
f 6077 6078 6045
f 6045 6078 6046
f 6049 6054 6050
f 6050 6054 6053
f 6044 6088 6093
f 6093 6088 6094
f 6086 6082 6095
f 6095 6082 6081
f 6083 6082 6066
f 6066 6082 6085
f 6093 6094 6083
f 6083 6094 6084
f 6072 6063 6085
f 6085 6063 6066
f 6051 6086 6096
f 6096 6086 6095
f 6048 6092 6061
f 6061 6092 6089
f 5656 5655 6090
f 6090 5655 6074
f 6091 6047 6096
f 6096 6047 6051
f 6071 6055 6076
f 6076 6055 6054
f 6082 6086 6085
f 6085 6086 6080
f 6093 6083 6065
f 6065 6083 6066
f 6044 6093 6045
f 6045 6093 6065
f 6096 6095 6098
f 6098 6095 6097
f 6096 6098 6091
f 6091 6098 6099
f 6091 6099 6092
f 6092 6099 6100
f 6092 6100 6089
f 6089 6100 6101
f 6095 6081 6097
f 6097 6081 6102
f 6081 6084 6102
f 6102 6084 6103
f 6103 6084 6104
f 6104 6084 6094
f 6106 6097 6105
f 6105 6097 6102
f 6107 6108 6110
f 6110 6108 6109
f 6111 6112 6108
f 6108 6112 6109
f 6109 6112 6114
f 6114 6112 6113
f 6114 6115 6117
f 6117 6115 6116
f 6113 6118 6114
f 6114 6118 6115
f 6117 6110 6114
f 6114 6110 6109
f 6110 6119 6107
f 6107 6119 6120
f 6112 6111 6113
f 6113 6111 6121
f 6111 6099 6121
f 6121 6099 6098
f 6111 6122 6099
f 6099 6122 6100
f 6123 6122 6108
f 6108 6122 6111
f 6124 6123 6107
f 6107 6123 6108
f 6113 6121 6118
f 6118 6121 6106
f 6106 6121 6097
f 6097 6121 6098
f 6125 6124 6120
f 6120 6124 6107
f 6126 6123 6127
f 6127 6123 6124
f 6125 6128 6124
f 6124 6128 6127
f 6129 6126 6130
f 6130 6126 6127
f 6126 6129 6132
f 6132 6129 6131
f 6128 6133 6127
f 6127 6133 6130
f 6123 6126 6122
f 6122 6126 6132
f 6122 6132 6100
f 6100 6132 6101
f 6120 6134 6125
f 6125 6134 6135
f 6120 6119 6134
f 6134 6119 6136
f 6115 6118 6137
f 6137 6118 6106
f 6115 6137 6116
f 6116 6137 6138
f 6137 6106 6139
f 6139 6106 6105
f 6138 6137 6140
f 6140 6137 6139
f 6141 6142 6138
f 6138 6142 6116
f 6136 6142 6134
f 6134 6142 6141
f 6089 6101 6087
f 6087 6101 6143
f 6088 6144 6094
f 6094 6144 6104
f 6143 6144 6087
f 6087 6144 6088
f 6131 6145 6143
f 6143 6145 6144
f 6129 6146 6131
f 6131 6146 6145
f 6144 6145 6104
f 6104 6145 6147
f 6143 6101 6131
f 6131 6101 6132
f 6148 6103 6147
f 6147 6103 6104
f 6103 6148 6102
f 6102 6148 6105
f 6148 6149 6105
f 6105 6149 6139
f 6149 6148 6150
f 6150 6148 6147
f 6151 6149 6152
f 6152 6149 6150
f 6145 6146 6147
f 6147 6146 6150
f 6146 6153 6150
f 6150 6153 6152
f 6149 6151 6139
f 6139 6151 6140
f 6155 6140 6154
f 6154 6140 6151
f 6154 6157 6156
f 6156 6157 6158
f 6154 6151 6157
f 6157 6151 6152
f 6154 6156 6155
f 6155 6156 6135
f 6155 6135 6141
f 6141 6135 6134
f 6141 6138 6155
f 6155 6138 6140
f 6146 6129 6153
f 6153 6129 6130
f 6158 6153 6133
f 6133 6153 6130
f 6158 6157 6153
f 6153 6157 6152
f 6156 6158 6128
f 6128 6158 6133
f 6128 6125 6156
f 6156 6125 6135
f 6110 6117 6119
f 6119 6117 6136
f 6136 6117 6142
f 6142 6117 6116
f 6055 5615 6056
f 6056 5615 5752
f 6060 6059 6063
f 6063 6059 6064
f 6077 6070 6078
f 6078 6070 6069
f 6069 6071 6078
f 6078 6071 6076
f 6159 6057 6075
f 6075 6057 6060
f 6059 6070 6064
f 6064 6070 6077
f 6056 5752 6090
f 6090 5752 5656
f 6090 6074 6079
f 6079 6074 6073
f 6055 6071 5615
f 5615 6071 5653
f 5547 5471 6160
f 6160 5471 6161
f 5729 5577 6163
f 6163 5577 6162
f 5577 5576 6162
f 6162 5576 6164
f 5713 6165 5711
f 5711 6165 6166
f 5474 5729 6167
f 6167 5729 6163
f 5750 5547 6168
f 6168 5547 6160
f 5471 5474 6161
f 6161 5474 6167
f 6169 5712 6168
f 6168 5712 5750
f 5711 6166 5576
f 5576 6166 6164
f 6165 5713 6169
f 6169 5713 5712
f 6168 6170 6169
f 6169 6170 6171
f 6169 6171 6165
f 6165 6171 6172
f 6165 6172 6166
f 6166 6172 6173
f 6166 6173 6164
f 6164 6173 6174
f 6168 6160 6170
f 6170 6160 6175
f 6160 6161 6175
f 6175 6161 6176
f 6161 6167 6176
f 6176 6167 6177
f 6179 6170 6178
f 6178 6170 6175
f 6181 6182 6180
f 6180 6182 6183
f 6184 6185 6181
f 6181 6185 6182
f 6186 6187 6185
f 6185 6187 6182
f 6186 6188 6187
f 6187 6188 6189
f 6190 6183 6187
f 6187 6183 6182
f 6183 6190 6191
f 6191 6190 6192
f 6191 6193 6183
f 6183 6193 6180
f 6186 6185 6194
f 6194 6185 6184
f 6184 6172 6194
f 6194 6172 6171
f 6184 6195 6172
f 6172 6195 6173
f 6181 6196 6184
f 6184 6196 6195
f 6196 6181 6197
f 6197 6181 6180
f 6186 6194 6188
f 6188 6194 6179
f 6179 6194 6170
f 6170 6194 6171
f 6193 6198 6180
f 6180 6198 6197
f 6199 6196 6200
f 6200 6196 6197
f 6198 6201 6197
f 6197 6201 6200
f 6202 6199 6203
f 6203 6199 6200
f 6199 6202 6205
f 6205 6202 6204
f 6201 6206 6200
f 6200 6206 6203
f 6196 6199 6195
f 6195 6199 6205
f 6195 6205 6173
f 6173 6205 6174
f 6198 6193 6208
f 6208 6193 6207
f 6193 6191 6207
f 6207 6191 6192
f 6189 6188 6209
f 6209 6188 6179
f 6210 6189 6211
f 6211 6189 6209
f 6209 6179 6212
f 6212 6179 6178
f 6211 6209 6213
f 6213 6209 6212
f 6211 6214 6210
f 6210 6214 6215
f 6192 6215 6207
f 6207 6215 6214
f 6190 6187 6210
f 6210 6187 6189
f 6192 6190 6215
f 6215 6190 6210
f 6162 6164 6216
f 6216 6164 6174
f 6167 6163 6177
f 6177 6163 6217
f 6216 6217 6162
f 6162 6217 6163
f 6204 6218 6216
f 6216 6218 6217
f 6202 6219 6204
f 6204 6219 6218
f 6217 6218 6177
f 6177 6218 6220
f 6216 6174 6204
f 6204 6174 6205
f 6221 6176 6220
f 6220 6176 6177
f 6176 6221 6175
f 6175 6221 6178
f 6221 6222 6178
f 6178 6222 6212
f 6222 6221 6223
f 6223 6221 6220
f 6224 6222 6225
f 6225 6222 6223
f 6218 6219 6220
f 6220 6219 6223
f 6219 6226 6223
f 6223 6226 6225
f 6222 6224 6212
f 6212 6224 6213
f 6228 6213 6227
f 6227 6213 6224
f 6229 6227 6231
f 6231 6227 6230
f 6227 6224 6230
f 6230 6224 6225
f 6227 6229 6228
f 6228 6229 6208
f 6228 6208 6214
f 6214 6208 6207
f 6214 6211 6228
f 6228 6211 6213
f 6219 6202 6226
f 6226 6202 6203
f 6231 6226 6206
f 6206 6226 6203
f 6231 6230 6226
f 6226 6230 6225
f 6229 6231 6201
f 6201 6231 6206
f 6201 6198 6229
f 6229 6198 6208
f 5674 5672 5661
f 5661 5672 5662
f 5662 5672 5663
f 5663 5672 5646
f 5651 6042 5652
f 5652 6042 5973
f 5518 5517 5751
f 5751 5517 5733
f 5738 5660 5753
f 5753 5660 5637
f 5752 5636 5656
f 5656 5636 5526
f 5952 6042 5593
f 5593 6042 5651
f 5593 5651 5594
f 5594 5651 5650
f 5600 5737 5514
f 5514 5737 5515
f 5546 5545 5740
f 5740 5545 6232
f 6232 6058 5740
f 5740 6058 6057
f 6067 6058 6233
f 6233 6058 6232
f 6233 6232 6234
f 6234 6232 5545
f 6234 5545 6235
f 6235 5545 5544
f 5606 6236 5543
f 5543 6236 5544
f 6235 5544 5539
f 5539 5544 6236
f 6237 6235 5542
f 5542 6235 5539
f 6235 6237 6234
f 6234 6237 6238
f 6234 6238 6233
f 6233 6238 6239
f 5653 6068 5650
f 5650 6068 6239
f 5642 5513 6240
f 6240 5513 5516
f 5539 6236 5540
f 5540 6236 5606
f 5636 5614 5637
f 5637 5614 5753
f 6239 5737 5650
f 5650 5737 5594
f 6239 6068 6233
f 6233 6068 6067
f 6075 6074 6159
f 6159 6074 5655
f 6057 6159 5740
f 5740 6159 5655
f 5515 5737 6238
f 6238 5737 6239
f 6238 6237 5515
f 5515 6237 5516
f 5542 6240 6237
f 6237 6240 5516
f 6240 5542 5642
f 5642 5542 5541
f 5702 5699 5541
f 5541 5699 5642
f 5582 5475 5717
f 5470 5443 5537
f 5537 5443 5504
f 5469 5444 5470
f 5470 5444 5443
f 5726 5557 5727
f 5727 5557 5556
f 5537 5504 5511
f 5511 5504 5506
f 5504 5503 5506
f 5506 5503 5507
f 5503 5455 5507
f 5507 5455 5581
f 5455 5454 5581
f 5581 5454 5456
f 5473 5453 5474
f 5474 5453 5729
f 5457 5454 5473
f 5473 5454 5453
f 5473 5472 5457
f 5457 5472 5686
f 5472 5548 5686
f 5686 5548 5687
f 5749 5693 5548
f 5548 5693 5687
f 5715 5532 5749
f 5749 5532 5693
f 5714 5486 5715
f 5715 5486 5532
f 5714 5710 5486
f 5486 5710 5449
f 5728 5578 5729
f 5729 5578 5577
f 5452 5445 5698
f 5698 5445 5558
f 5445 5444 5558
f 5558 5444 5556
f 5444 5469 5556
f 5556 5469 5727
f 5469 5468 5727
f 5727 5468 5555
f 5468 5747 5555
f 5555 5747 5552
f 5747 5700 5552
f 5552 5700 5716
f 5700 5699 5716
f 5716 5699 5717
f 5699 5702 5717
f 5717 5702 5582
f 5702 5701 5582
f 5582 5701 5583
f 5726 5479 5557
f 5557 5479 5483
f 5483 5479 5484
f 5484 5479 5482
f 5534 5533 5482
f 5482 5533 5484
f 5691 5688 5534
f 5534 5688 5533
f 5644 5647 5691
f 5691 5647 5688
f 5719 5746 5701
f 5701 5746 5583
f 5718 5497 5719
f 5719 5497 5746
f 5718 5605 5654
f 5654 5605 5638
f 5498 5654 5657
f 5657 5654 5633
f 5497 5718 5498
f 5498 5718 5654
f 5657 5527 5498
f 5498 5527 5494
f 5528 5570 5495
f 5495 5570 5521
f 5665 5668 5528
f 5528 5668 5570
f 5664 5671 5665
f 5665 5671 5668
f 5645 5741 5664
f 5664 5741 5671
f 5644 5696 5645
f 5645 5696 5741
f 5710 5575 5449
f 5449 5575 5450
f 5575 5578 5450
f 5450 5578 5698
f 5578 5728 5698
f 5698 5728 5452
f 5452 5728 5451
f 5451 5728 5453
f 3619 6241 3620
f 3620 6241 6242
f 6243 6244 3628
f 3628 6244 3629
f 6245 6246 3634
f 3634 6246 3631
f 6247 6248 3636
f 3636 6248 3637
f 6249 6250 3642
f 3642 6250 3639
f 3639 6250 3643
f 3643 6250 6251
f 3743 6252 3744
f 3744 6252 6253
f 6246 6243 3631
f 3631 6243 3628
f 3753 6254 3754
f 3754 6254 6255
f 3857 6256 3619
f 3619 6256 6241
f 6257 6245 3932
f 3932 6245 3634
f 6242 6247 3620
f 3620 6247 3636
f 6258 6259 3946
f 3946 6259 3947
f 6260 6249 3948
f 3948 6249 3642
f 6244 6258 3629
f 3629 6258 3946
f 3947 6259 3753
f 3753 6259 6254
f 6248 6260 3637
f 3637 6260 3948
f 3643 6251 3743
f 3743 6251 6252
f 3744 6253 3932
f 3932 6253 6257
f 6250 6249 6251
f 6251 6249 6252
f 6245 6261 6246
f 6246 6261 6262
f 6263 6264 6247
f 6247 6264 6248
f 6252 6265 6253
f 6253 6265 6266
f 6246 6262 6243
f 6243 6262 6267
f 6268 6261 6257
f 6257 6261 6245
f 6269 6263 6242
f 6242 6263 6247
f 6270 6271 6260
f 6260 6271 6249
f 6264 6270 6248
f 6248 6270 6260
f 6253 6266 6257
f 6257 6266 6268
f 6249 6271 6252
f 6252 6271 6265
f 6254 6259 6272
f 6272 6259 6273
f 6266 6265 6270
f 6270 6265 6271
f 6268 6266 6264
f 6264 6266 6270
f 6261 6268 6263
f 6263 6268 6264
f 6269 6262 6263
f 6263 6262 6261
f 4186 4185 6274
f 6274 4185 6275
f 6241 6276 6242
f 6242 6276 6269
f 6258 6244 6277
f 6277 6244 6278
f 6256 6279 6241
f 6241 6279 6276
f 6259 6258 6273
f 6273 6258 6277
f 6243 6267 6244
f 6244 6267 6278
f 6276 6267 6269
f 6269 6267 6262
f 6254 6272 6255
f 6255 6272 6280
f 3865 3713 3888
f 3888 3713 3685
f 5242 5233 3892
f 3892 5233 3711
f 3900 5243 3892
f 3892 5243 5242
f 3734 3866 3900
f 3900 3866 5243
f 4117 6281 4118
f 4118 6281 6282
f 4118 6282 4278
f 4278 6282 4879
f 4717 4887 4718
f 4718 4887 4280
f 4792 4278 4882
f 4882 4278 4879
f 4795 4792 6283
f 6283 4792 4882
f 4852 4851 5012
f 5012 4851 6284
f 4856 5207 4857
f 4857 5207 4858
f 4860 4279 4857
f 4857 4279 4854
f 4718 4280 4860
f 4860 4280 4279
f 4864 4863 4745
f 4745 4863 4742
f 5366 4867 5011
f 5011 4867 4866
f 4871 4884 4872
f 4872 4884 4883
f 4872 4883 4117
f 4117 4883 6281
f 6284 4851 6283
f 6283 4851 4795
f 4852 4866 4853
f 4853 4866 4865
f 4871 4870 4856
f 4856 4870 5207
f 4717 4716 4864
f 4864 4716 4861
f 4868 4867 4862
f 4862 4867 4863
f 4268 4855 4269
f 4269 4855 4854
f 4281 4274 4282
f 4282 4274 4765
f 4744 4743 4907
f 4907 4743 4904
f 4874 4881 4820
f 4820 4881 4880
f 4885 5013 4886
f 4886 5013 4980
f 4888 4275 4281
f 4281 4275 4274
f 4902 6282 4903
f 4903 6282 6281
f 6283 4979 6284
f 6284 4979 4978
f 4282 4765 4269
f 4269 4765 4266
f 4880 4879 4902
f 4902 4879 6282
f 4903 6281 4886
f 4886 6281 4883
f 4882 4881 6283
f 6283 4881 4979
f 5013 4885 4267
f 4267 4885 4268
f 4888 4887 4744
f 4744 4887 4745
f 4410 6285 4411
f 4411 6285 4812
f 4750 4749 6286
f 6286 4749 6287
f 6289 4695 6288
f 6288 4695 4255
f 4750 4675 4751
f 4751 4675 4965
f 6290 6291 4963
f 4963 6291 4960
f 4807 4806 4411
f 4411 4806 4408
f 6292 6293 4959
f 4959 6293 4956
f 4958 6294 4959
f 4959 6294 4955
f 4962 4964 4963
f 4963 4964 4805
f 4962 4961 4751
f 4751 4961 4748
f 6296 6297 6295
f 6295 6297 6298
f 6299 6300 6288
f 6288 6300 4735
f 6302 4961 6301
f 6301 4961 4960
f 6304 6287 6303
f 6303 6287 4749
f 4968 6305 4969
f 4969 6305 6306
f 4413 6308 6307
f 6307 6308 4900
f 6301 4960 6309
f 6309 4960 6291
f 4412 4408 6310
f 6310 4408 4806
f 4696 6311 4256
f 4256 6311 6312
f 6303 4749 6313
f 6313 4749 4748
f 6313 4748 6302
f 6302 4748 4961
f 6315 6316 6314
f 6314 6316 6317
f 4084 6318 6315
f 6315 6318 6316
f 4083 6319 4084
f 4084 6319 6318
f 4112 6320 4083
f 4083 6320 6319
f 6322 4138 6321
f 6321 4138 4137
f 6324 4128 6323
f 6323 4128 4127
f 4127 4193 6323
f 6323 4193 6325
f 4193 4891 6325
f 6325 4891 6326
f 4891 6327 6326
f 6326 6327 6328
f 6327 4824 5227
f 5227 4824 5228
f 5231 4684 6329
f 6329 4684 4683
f 4683 4099 6329
f 6329 4099 6330
f 4099 4102 6330
f 6330 4102 6331
f 4174 4826 4429
f 4429 4826 4829
f 4173 4741 4174
f 4174 4741 4826
f 4180 4738 4173
f 4173 4738 4741
f 6332 6333 4180
f 4180 6333 4738
f 6274 6334 4186
f 4186 6334 4188
f 4181 4825 4180
f 4180 4825 6332
f 5044 5213 5045
f 5045 5213 5165
f 5046 5087 5047
f 5047 5087 5222
f 5077 5063 5078
f 5078 5063 5198
f 5081 5099 5082
f 5082 5099 5194
f 5095 5074 5096
f 5096 5074 5073
f 5373 5170 5096
f 5096 5170 5093
f 5375 5171 5373
f 5373 5171 5170
f 5047 5222 5375
f 5375 5222 5171
f 5046 5038 5376
f 5376 5038 5067
f 5377 5086 5376
f 5376 5086 5085
f 5045 5165 5377
f 5377 5165 5086
f 5378 5214 5044
f 5044 5214 5213
f 5077 5034 5378
f 5378 5034 5214
f 5082 5194 5078
f 5078 5194 5035
f 5081 5080 5379
f 5379 5080 6335
f 5379 6335 5095
f 5095 6335 5074
f 5032 5080 5033
f 5033 5080 5079
f 5040 5017 5041
f 5041 5017 5016
f 5050 5043 5051
f 5051 5043 5042
f 5065 5023 5066
f 5066 5023 5022
f 5050 5049 5065
f 5065 5049 5023
f 5041 5016 5068
f 5068 5016 5020
f 5071 5374 5072
f 5072 5374 5200
f 5075 5156 5076
f 5076 5156 5155
f 5162 5212 5068
f 5068 5212 5067
f 5075 5074 5192
f 5192 5074 6335
f 5066 5022 5199
f 5199 5022 5196
f 5076 5155 5072
f 5072 5155 5069
f 5040 5039 5071
f 5071 5039 5374
f 5162 5161 5051
f 5051 5161 5048
f 5192 6335 5032
f 5032 6335 5080
f 5199 5196 5033
f 5033 5196 5030
f 5018 5211 5019
f 5019 5211 5408
f 5019 5408 5021
f 5021 5408 5163
f 5024 5057 5025
f 5025 5057 5415
f 5028 5048 5029
f 5029 5048 5161
f 5054 5031 5055
f 5055 5031 5030
f 5024 5023 5058
f 5058 5023 5049
f 5061 5070 5062
f 5062 5070 5069
f 5157 5438 5158
f 5158 5438 5442
f 5160 5191 5054
f 5054 5191 5031
f 5029 5161 5021
f 5021 5161 5020
f 5025 5415 5197
f 5197 5415 5220
f 5158 5442 5062
f 5062 5442 5059
f 5018 5017 5061
f 5061 5017 5070
f 5160 5159 5157
f 5157 5159 5438
f 5028 5027 5058
f 5058 5027 5056
f 5055 5030 5197
f 5197 5030 5196
f 5409 5380 5410
f 5410 5380 6336
f 5026 5413 5027
f 5027 5413 5412
f 5396 5417 5393
f 5393 5417 5416
f 5416 5057 5419
f 5419 5057 5056
f 5417 5396 5426
f 5426 5396 5420
f 5427 5423 5428
f 5428 5423 5422
f 5427 5059 5430
f 5430 5059 5442
f 5409 5408 5433
f 5433 5408 5211
f 5433 5211 5428
f 5428 5211 5060
f 5412 5411 5419
f 5419 5411 5418
f 5436 5053 5437
f 5437 5053 5052
f 5439 5402 5440
f 5440 5402 5401
f 5436 5435 5439
f 5439 5435 5402
f 5410 6336 5413
f 5413 6336 5414
f 5440 5401 5430
f 5430 5401 5429
f 5426 5420 5437
f 5437 5420 5434
f 5382 5432 5383
f 5383 5432 5384
f 5386 6336 5383
f 5383 6336 5380
f 6336 5386 5414
f 5414 5386 5388
f 5391 5418 5392
f 5392 5418 5411
f 5705 5395 5704
f 5704 5395 5394
f 5399 5435 5400
f 5400 5435 5434
f 5403 5441 5404
f 5404 5441 5405
f 5407 5429 5404
f 5404 5429 5401
f 5395 5705 5421
f 5421 5705 5748
f 5424 5706 5425
f 5425 5706 5431
f 5391 5390 5394
f 5394 5390 5704
f 5392 5388 5389
f 5389 5388 5387
f 5382 5381 5425
f 5425 5381 5422
f 5407 5406 5424
f 5424 5406 5706
f 5403 5402 5399
f 5399 5402 5435
f 5421 5748 5400
f 5400 5748 5397
f 4097 4721 4098
f 4098 4721 4231
f 4233 5273 4098
f 4098 5273 4095
f 6337 6338 4785
f 4785 6338 4786
f 4076 4780 4073
f 4073 4780 4781
f 4782 4190 4781
f 4781 4190 4073
f 4783 4901 4782
f 4782 4901 4190
f 4780 4076 4097
f 4097 4076 4721
f 6337 2879 4701
f 4701 2879 2878
f 5280 6339 5272
f 5272 6339 6340
f 5282 5281 6341
f 6341 5281 6342
f 4109 6302 4110
f 4110 6302 6301
f 4283 6304 4284
f 4284 6304 6303
f 6305 4379 6306
f 6306 4379 4378
f 4110 6301 4428
f 4428 6301 6309
f 6310 4688 4412
f 4412 4688 4687
f 4284 6303 4753
f 4753 6303 6313
f 4753 6313 4109
f 4109 6313 6302
f 6343 5226 4428
f 4428 5226 4427
f 4147 4900 4416
f 4416 4900 6308
f 6312 6311 4241
f 4241 6311 4720
f 5223 6344 4702
f 4702 6344 4699
f 4221 4220 6345
f 6345 4220 6346
f 5276 5275 6347
f 6347 5275 6348
f 5275 4728 6348
f 6348 4728 6349
f 4727 6350 5284
f 5284 6350 5285
f 6351 6352 6354
f 6354 6352 6353
f 5313 5312 5292
f 5292 5312 5293
f 5312 5344 5293
f 5293 5344 5337
f 5344 4914 5337
f 5337 4914 4916
f 4914 4913 4916
f 4916 4913 4917
f 4913 6355 4917
f 4917 6355 4978
f 6356 6357 6284
f 6284 6357 5012
f 6357 6358 5012
f 5012 6358 5011
f 5011 6358 5366
f 5366 6358 6359
f 6360 4742 6359
f 6359 4742 5366
f 4743 6361 4904
f 4904 6361 5364
f 5363 4905 5364
f 5364 4905 4904
f 5363 6362 4905
f 4905 6362 4207
f 6362 6363 4207
f 4207 6363 4208
f 6363 5342 4208
f 4208 5342 5330
f 5342 5341 5330
f 5330 5341 4244
f 5341 6364 4244
f 4244 6364 4245
f 6364 6365 4245
f 4245 6365 4246
f 6366 6367 4253
f 4253 6367 4250
f 4214 6368 4211
f 4211 6368 4380
f 4380 4379 4211
f 4211 4379 4283
f 4379 6305 4283
f 4283 6305 6304
f 6305 4968 6304
f 6304 4968 6287
f 4968 4967 6287
f 6287 4967 6286
f 4967 6297 6286
f 6286 6297 4676
f 6296 4376 4288
f 4288 4376 4285
f 4376 4373 4285
f 4285 4373 4290
f 6369 6370 6372
f 6372 6370 6371
f 5245 6373 5246
f 5246 6373 6374
f 4317 6375 4318
f 4318 6375 6376
f 4331 6377 4332
f 4332 6377 6378
f 6379 4333 6376
f 6376 4333 4318
f 4343 6380 4344
f 4344 6380 6381
f 4347 6382 4348
f 4348 6382 6383
f 4374 6371 4331
f 4331 6371 6377
f 4333 6379 4426
f 4426 6379 6384
f 4690 6385 4347
f 4347 6385 6382
f 4332 6378 4317
f 4317 6378 6375
f 4922 6386 4923
f 4923 6386 6387
f 6388 6389 4375
f 4375 6389 6390
f 6355 6356 4978
f 4978 6356 6284
f 4742 6360 4743
f 4743 6360 6361
f 6391 4238 6392
f 6392 4238 4719
f 6392 4719 6393
f 6393 4719 5296
f 6395 6396 6394
f 6394 6396 6397
f 6399 6400 6398
f 6398 6400 6401
f 6402 5302 6403
f 6403 5302 5303
f 5303 5321 6403
f 6403 5321 6404
f 5320 6405 5321
f 5321 6405 6404
f 5319 6406 5350
f 5350 6406 5351
f 5319 5318 6406
f 6406 5318 6407
f 5288 4197 6408
f 6408 4197 6409
f 4217 4216 6410
f 6410 4216 6411
f 5227 6412 6327
f 6327 6412 6328
f 4892 6413 5227
f 5227 6413 6412
f 4228 6414 4892
f 4892 6414 6413
f 4227 6415 4228
f 4228 6415 6414
f 4248 6416 4227
f 4227 6416 6415
f 4247 6417 4248
f 4248 6417 6416
f 6417 4247 6419
f 6419 4247 6418
f 6419 6418 6421
f 6421 6418 6420
f 6422 5301 6423
f 6423 5301 5300
f 6423 5300 6424
f 6424 5300 6399
f 6408 6409 6398
f 6398 6409 6425
f 6426 6427 6397
f 6397 6427 6394
f 6428 4224 6429
f 6429 4224 4223
f 6347 6346 5276
f 5276 6346 4220
f 6346 6347 6341
f 6341 6347 6339
f 5280 5278 5282
f 5282 5278 4236
f 4896 5224 4684
f 4684 5224 4681
f 4132 4135 4896
f 4896 4135 5224
f 4131 4136 4132
f 4132 4136 4135
f 4226 4754 4131
f 4131 4754 4136
f 4251 4213 4226
f 4226 4213 4754
f 4250 4214 4251
f 4251 4214 4213
f 4250 6367 4214
f 4214 6367 6368
f 6367 4910 6368
f 6368 4910 4737
f 4909 5297 4736
f 4736 5297 5296
f 5297 6395 5296
f 5296 6395 6393
f 6427 6430 6394
f 6394 6430 6431
f 6429 4383 6428
f 6428 4383 4382
f 4219 5277 4220
f 4220 5277 5276
f 4222 4697 4383
f 4383 4697 4218
f 6345 4699 4221
f 4221 4699 6344
f 6342 4700 6345
f 6345 4700 4699
f 4235 4786 5281
f 5281 4786 6338
f 4234 4787 4235
f 4235 4787 4786
f 5279 5278 6432
f 6432 5278 5271
f 4237 5279 6433
f 6433 5279 6432
f 4787 4234 6433
f 6433 4234 4237
f 6435 6436 6434
f 6434 6436 6437
f 6359 6438 6360
f 6360 6438 6437
f 6439 6440 6441
f 6441 6440 6438
f 6443 6439 6442
f 6442 6439 6441
f 6357 6356 6442
f 6442 6356 6444
f 6444 6446 6445
f 6445 6446 6447
f 4912 6446 4913
f 4913 6446 6355
f 6361 6436 5364
f 5364 6436 5365
f 5319 5350 5316
f 5316 5350 6448
f 4832 6449 5350
f 5350 6449 6448
f 4831 6450 4832
f 4832 6450 6449
f 5354 6451 5320
f 5320 6451 6405
f 4265 6452 5354
f 5354 6452 6451
f 4264 6453 4265
f 4265 6453 6452
f 6450 4831 6447
f 6447 4831 6445
f 4263 6435 4264
f 4264 6435 6434
f 6454 6453 6439
f 6439 6453 6440
f 6439 6443 6454
f 6454 6443 4834
f 4833 6455 4834
f 4834 6455 6454
f 5351 6456 4833
f 4833 6456 6455
f 6457 6391 6458
f 6458 6391 6392
f 6458 6392 6431
f 6431 6392 6393
f 5298 6396 5297
f 5297 6396 6395
f 6402 6400 5302
f 5302 6400 5299
f 6402 6403 6459
f 6459 6403 6460
f 6460 6403 6461
f 6461 6403 6404
f 6405 6462 6404
f 6404 6462 6461
f 6406 6462 5351
f 5351 6462 6456
f 6406 6407 6462
f 6462 6407 6461
f 6407 6463 6461
f 6461 6463 6460
f 6463 6464 6460
f 6460 6464 6459
f 6464 6465 6459
f 6459 6465 6401
f 6430 6466 6431
f 6431 6466 6458
f 6466 6410 6458
f 6458 6410 6457
f 6410 6411 6457
f 6457 6411 6467
f 6396 6424 6397
f 6397 6424 6425
f 6393 6395 6431
f 6431 6395 6394
f 6451 6456 6405
f 6405 6456 6462
f 6452 6455 6451
f 6451 6455 6456
f 6453 6454 6452
f 6452 6454 6455
f 6443 6445 4834
f 4834 6445 4831
f 6440 6453 6434
f 6434 6453 4264
f 6468 5306 5360
f 5360 5306 5305
f 6469 4124 6468
f 6468 4124 5306
f 6470 4125 6469
f 6469 4125 4124
f 6471 5291 6470
f 6470 5291 4125
f 6353 5292 6471
f 6471 5292 5291
f 5292 6353 5313
f 5313 6353 6352
f 5347 5314 6352
f 6352 5314 5313
f 5353 5318 5346
f 5346 5318 5317
f 5334 6468 5358
f 5358 6468 5360
f 5324 6469 5334
f 5334 6469 6468
f 5323 6470 5324
f 5324 6470 6469
f 5343 6471 5323
f 5323 6471 6470
f 6354 6353 5343
f 5343 6353 6471
f 6348 6349 4270
f 4270 6349 5311
f 5272 6340 5273
f 5273 6340 4272
f 6432 5271 4232
f 4232 5271 4233
f 4294 6432 4295
f 4295 6432 4232
f 6432 4294 6433
f 6433 4294 4301
f 4301 4300 6433
f 6433 4300 4787
f 4704 4784 4300
f 4300 4784 4787
f 4704 3013 4784
f 4784 3013 1307
f 5103 6472 5104
f 5104 6472 5202
f 5108 5116 5105
f 5105 5116 5115
f 5111 5124 5112
f 5112 5124 5123
f 5154 5205 5105
f 5105 5205 5106
f 5167 5180 5168
f 5168 5180 5185
f 5175 5188 5176
f 5176 5188 5187
f 5112 5123 5178
f 5178 5123 5120
f 5167 5090 5183
f 5183 5090 5089
f 5210 5151 5183
f 5183 5151 5181
f 5216 5138 5217
f 5217 5138 5137
f 5218 5119 5219
f 5219 5119 5221
f 5218 5178 5119
f 5119 5178 5120
f 5217 5137 5104
f 5104 5137 5101
f 5116 5108 5221
f 5221 5108 5219
f 5111 5110 5210
f 5210 5110 5151
f 5154 5153 5103
f 5103 5153 6472
f 5216 5215 5176
f 5176 5215 5173
f 5175 5174 5168
f 5168 5174 5166
f 5091 5172 5092
f 5092 5172 5208
f 5117 5037 5118
f 5118 5037 5036
f 5121 5164 5122
f 5122 5164 5133
f 5125 5084 5126
f 5126 5084 5083
f 5129 5174 5130
f 5130 5174 5173
f 5131 5202 5132
f 5132 5202 6472
f 5135 5221 5122
f 5122 5221 5119
f 5125 5124 5136
f 5136 5124 5209
f 5126 5083 5121
f 5121 5083 5164
f 5118 5036 5195
f 5195 5036 5193
f 5131 5097 5203
f 5203 5097 5114
f 5132 6472 5195
f 5195 6472 5153
f 5136 5209 5092
f 5092 5209 5089
f 5135 5134 5117
f 5117 5134 5037
f 5362 5206 5130
f 5130 5206 5127
f 5372 5371 5128
f 5128 5371 5129
f 5371 5372 5091
f 5091 5372 5172
f 5362 5215 5203
f 5203 5215 5201
f 6463 6407 5353
f 5353 6407 5318
f 6464 6463 5352
f 5352 6463 5353
f 6408 6465 5288
f 5288 6465 5289
f 4196 4224 6426
f 6426 4224 6427
f 6430 6427 6428
f 6428 6427 4224
f 6466 6430 4382
f 4382 6430 6428
f 6410 6466 4217
f 4217 6466 4382
f 4240 4239 3015
f 3015 4239 3016
f 4254 4257 3017
f 3017 4257 3018
f 6473 6474 4732
f 4732 6474 6475
f 6474 6374 6475
f 6475 6374 6373
f 5246 6374 3022
f 3022 6374 3023
f 4254 6299 4255
f 4255 6299 6288
f 6473 6300 3024
f 3024 6300 3025
f 6476 4257 6312
f 6312 4257 4256
f 4240 6476 4241
f 4241 6476 6312
f 6477 4239 6391
f 6391 4239 4238
f 6467 6477 6457
f 6457 6477 6391
f 6411 3029 6467
f 6467 3029 3028
f 4216 3030 6411
f 6411 3030 3029
f 6479 6480 6478
f 6478 6480 6481
f 6483 6484 6482
f 6482 6484 6485
f 6486 6487 4102
f 4102 6487 6331
f 6483 6488 6478
f 6478 6488 6489
f 4429 4829 6490
f 6490 4829 6479
f 6491 6486 4101
f 4101 6486 4102
f 4895 6491 4899
f 4899 6491 4101
f 4160 6488 4157
f 4157 6488 6492
f 6489 4087 6490
f 6490 4087 4090
f 4267 4261 5013
f 5013 4261 4260
f 4258 4261 5328
f 5328 4261 4975
f 4261 4267 4975
f 4975 4267 4266
f 5367 3793 3912
f 3912 3793 3575
f 6494 3616 6493
f 6493 3616 3795
f 6496 3589 6495
f 6495 3589 3588
f 6495 3588 5368
f 5368 3588 3794
f 3841 3840 3050
f 3050 3840 3051
f 3912 3911 3052
f 3052 3911 3053
f 3929 3930 3054
f 3054 3930 3055
f 5370 3930 3916
f 3916 3930 3923
f 3938 5369 3807
f 3807 5369 3915
f 3589 6496 3806
f 3806 6496 3937
f 3938 3937 3056
f 3056 3937 3057
f 3051 3840 3058
f 3058 3840 3943
f 3730 4808 3727
f 3727 4808 3943
f 3820 3951 3795
f 3795 3951 6493
f 3951 3841 3059
f 3059 3841 3050
f 3911 3574 6494
f 6494 3574 3616
f 3823 3929 3824
f 3824 3929 3952
f 4061 4060 3060
f 3060 4060 3061
f 6497 6498 4901
f 4901 6498 4790
f 6333 6499 4738
f 4738 6499 4739
f 6500 6501 6314
f 6314 6501 4418
f 6502 6275 4417
f 4417 6275 4185
f 6503 6497 4783
f 4783 6497 4901
f 6498 4060 4790
f 4790 4060 4059
f 4808 4061 3069
f 3069 4061 3060
f 5367 3071 5368
f 5368 3071 3070
f 5369 3073 5370
f 5370 3073 3072
f 6274 6275 3074
f 3074 6275 3075
f 6499 6504 4739
f 4739 6504 6317
f 6333 6332 3077
f 3077 6332 3078
f 6334 6274 3079
f 3079 6274 3074
f 6332 4825 3078
f 3078 4825 3080
f 6334 6503 4188
f 4188 6503 4783
f 4825 4689 3080
f 3080 4689 1330
f 6506 4747 6505
f 6505 4747 4746
f 6505 6507 6506
f 6506 6507 6508
f 4297 6509 4920
f 4920 6509 6510
f 4296 6511 4297
f 4297 6511 6509
f 6506 6508 4319
f 4319 6508 6512
f 4372 4371 6514
f 6514 4371 6513
f 6511 4296 5251
f 5251 4296 4305
f 5251 5250 6511
f 6511 5250 6515
f 6516 6509 6515
f 6515 6509 6511
f 6517 6507 6519
f 6519 6507 6518
f 6512 6520 6513
f 6513 6520 6514
f 6507 6517 6508
f 6508 6517 6521
f 5249 6523 6522
f 6522 6523 6524
f 6525 6370 5253
f 5253 6370 6526
f 4370 4323 4371
f 4371 4323 4326
f 4370 3103 4323
f 4323 3103 1541
f 6521 6517 6527
f 6527 6517 6519
f 6520 6528 6514
f 6514 6528 6529
f 6531 6532 6530
f 6530 6532 6533
f 5250 6534 6515
f 6515 6534 6535
f 6530 6533 6536
f 6536 6533 6537
f 6526 6538 6534
f 6534 6538 6537
f 6515 6535 6516
f 6516 6535 6539
f 4325 4321 4326
f 4326 4321 4320
f 4371 4326 6513
f 6513 4326 4320
f 6531 4731 6541
f 6541 4731 6540
f 4731 4730 6540
f 6540 4730 6542
f 4730 3121 6542
f 6542 3121 3120
f 6530 4328 6531
f 6531 4328 4731
f 4328 6530 4329
f 4329 6530 6536
f 4329 6536 6524
f 6524 6536 6543
f 6544 6545 6522
f 6522 6545 5248
f 6389 6388 5245
f 5245 6388 6373
f 6388 6546 6373
f 6373 6546 6475
f 4733 6546 6295
f 6295 6546 4377
f 4732 6475 4733
f 4733 6475 6546
f 4393 4432 4394
f 4394 4432 4435
f 4434 4672 4842
f 4842 4672 4671
f 4440 4439 4441
f 4441 4439 4438
f 4436 4450 4437
f 4437 4450 4398
f 4447 4444 4448
f 4448 4444 4392
f 4446 4464 4433
f 4433 4464 6547
f 4454 4423 4455
f 4455 4423 4422
f 4452 4481 4453
f 4453 4481 4480
f 4458 4389 4459
f 4459 4389 4388
f 4456 4471 4457
f 4457 4471 4468
f 4391 4460 4392
f 4392 4460 4448
f 4461 4467 4445
f 4445 4467 4465
f 4437 4398 4629
f 4629 4398 4397
f 4438 4628 4441
f 4441 4628 4631
f 4841 4629 4839
f 4839 4629 4397
f 4628 4842 4631
f 4631 4842 4671
f 4930 4989 4452
f 4452 4989 4481
f 4929 4927 4436
f 4436 4927 4450
f 4933 4387 4934
f 4934 4387 4386
f 4931 4475 4932
f 4932 4475 4474
f 4936 4449 4933
f 4933 4449 4387
f 4935 4472 4456
f 4456 4472 4471
f 4389 4458 4391
f 4391 4458 4460
f 4457 4468 4461
f 4461 4468 4467
f 4934 4386 4454
f 4454 4386 4423
f 4453 4480 4931
f 4931 4480 4475
f 4575 4997 4576
f 4576 4997 4639
f 4579 4596 4580
f 4580 4596 4595
f 4583 4582 4572
f 4572 4582 4569
f 4587 4944 4588
f 4588 4944 4562
f 4588 4562 4590
f 4590 4562 4561
f 4576 4639 4642
f 4642 4639 4638
f 4642 4845 4641
f 4641 4845 4846
f 4845 4590 4846
f 4846 4590 4561
f 4941 4938 4595
f 4595 4938 4580
f 4938 4940 4668
f 4668 4940 4669
f 4583 4942 4584
f 4584 4942 4947
f 4582 4587 4569
f 4569 4587 4586
f 5000 5001 4579
f 4579 5001 4596
f 4558 4560 4585
f 4585 4560 4586
f 4565 4639 4566
f 4566 4639 4997
f 4568 4567 4577
f 4577 4567 4578
f 4570 4554 4571
f 4571 4554 4556
f 4640 4565 4637
f 4637 4565 4546
f 4662 4664 4665
f 4665 4664 4844
f 4662 4558 4589
f 4589 4558 4585
f 4554 4570 4557
f 4557 4570 4560
f 4571 4667 4572
f 4572 4667 4943
f 4551 4670 4552
f 4552 4670 4666
f 4640 4664 4638
f 4638 4664 4663
f 4670 4568 4668
f 4668 4568 4577
f 4999 4996 4566
f 4566 4996 4543
f 4608 4564 4603
f 4603 4564 4563
f 4573 4593 4574
f 4574 4593 4592
f 4597 4614 4598
f 4598 4614 4613
f 4601 4600 4584
f 4584 4600 4581
f 4563 4562 4604
f 4604 4562 4944
f 4643 4593 4641
f 4641 4593 4573
f 4643 4847 4644
f 4644 4847 4848
f 4564 4847 4561
f 4561 4847 4846
f 4945 4941 4598
f 4598 4941 4595
f 4941 4945 4939
f 4939 4945 4946
f 4601 4948 4602
f 4602 4948 4620
f 4600 4604 4581
f 4581 4604 4944
f 5002 5003 4597
f 4597 5003 4614
f 4988 4759 4953
f 4953 4759 4402
f 4706 6548 4707
f 4707 6548 6549
f 4311 4928 4419
f 4419 4928 6550
f 4921 4920 6551
f 6551 4920 6552
f 4925 6553 4926
f 4926 6553 6554
f 4928 4921 4802
f 4802 4921 6551
f 6555 4985 6550
f 6550 4985 4419
f 4952 6556 4953
f 4953 6556 4649
f 4971 6557 4706
f 4706 6557 6548
f 4988 4648 4925
f 4925 4648 6553
f 4707 6549 5006
f 5006 6549 4987
f 4920 6510 6552
f 6552 6510 6518
f 6558 6510 6516
f 6516 6510 6509
f 6559 6558 6539
f 6539 6558 6516
f 6531 6541 6532
f 6532 6541 6560
f 6540 6561 6541
f 6541 6561 6529
f 6542 6562 6540
f 6540 6562 6561
f 6542 3120 6562
f 6562 3120 3142
f 4366 6563 4760
f 4760 6563 4970
f 4815 6564 4816
f 4816 6564 6565
f 3147 3146 6565
f 6565 3146 4816
f 6564 6563 6565
f 6565 6563 6566
f 4837 4385 4357
f 4357 4385 4358
f 6565 6566 3147
f 3147 6566 3149
f 4694 1209 3150
f 5247 5249 5248
f 5248 5249 6522
f 6372 6390 6545
f 6545 6390 6389
f 6375 5254 6376
f 6376 5254 5258
f 6377 6525 6378
f 6378 6525 5255
f 5260 6379 5258
f 5258 6379 6376
f 6380 6567 6381
f 6381 6567 6568
f 6382 6569 6383
f 6383 6569 6570
f 6377 6371 6525
f 6525 6371 6370
f 6379 5260 6384
f 6384 5260 6571
f 6385 6572 6382
f 6382 6572 6569
f 6378 5255 6375
f 6375 5255 5254
f 6386 6573 6387
f 6387 6573 6574
f 6545 6389 5248
f 5248 6389 5245
f 4675 4750 4676
f 4676 4750 6286
f 4734 6289 4735
f 4735 6289 6288
f 4804 6290 4805
f 4805 6290 4963
f 4811 4807 4812
f 4812 4807 4411
f 4954 6292 4955
f 4955 6292 4959
f 4964 4962 4965
f 4965 4962 4751
f 6285 4821 4812
f 4812 4821 4809
f 4675 4287 4965
f 4965 4287 4210
f 6294 4145 4955
f 4955 4145 4154
f 4964 4120 4805
f 4805 4120 4119
f 6298 4966 4734
f 4734 4966 6289
f 6300 6473 4735
f 4735 6473 4732
f 6297 6296 4676
f 4676 6296 4288
f 6523 3160 4330
f 4330 3160 3159
f 5253 5252 6525
f 6525 5252 5255
f 5256 5252 4305
f 4305 5252 5251
f 4304 5257 4305
f 4305 5257 5256
f 4424 5259 4304
f 4304 5259 5257
f 5261 6571 5259
f 5259 6571 5260
f 5262 6573 5261
f 5261 6573 6571
f 5264 6567 5265
f 5265 6567 6574
f 5266 6572 5267
f 5267 6572 6568
f 5268 6570 5269
f 5269 6570 6569
f 1807 3161 5268
f 5268 3161 6570
f 6524 6523 4329
f 4329 6523 4330
f 5253 6526 5250
f 5250 6526 6534
f 6543 6538 6544
f 6544 6538 6369
f 6524 6543 6522
f 6522 6543 6544
f 3071 5367 3052
f 3052 5367 3912
f 6493 3163 6494
f 6494 3163 3162
f 3164 445 3771
f 3771 445 3761
f 461 3165 3919
f 3919 3165 3920
f 330 410 3839
f 3839 410 3910
f 332 331 3552
f 3552 331 3551
f 464 304 3918
f 3918 304 3816
f 385 458 3766
f 3766 458 3894
f 412 415 3762
f 3762 415 3763
f 3166 337 3748
f 3748 337 3745
f 3072 3055 5370
f 5370 3055 3930
f 3073 5369 3056
f 3056 5369 3938
f 3167 3057 6496
f 6496 3057 3937
f 3069 3058 4808
f 4808 3058 3943
f 411 3166 3851
f 3851 3166 3748
f 3059 3163 3951
f 3951 3163 6493
f 336 3164 3772
f 3772 3164 3771
f 3053 3911 3162
f 3162 3911 6494
f 3054 3168 3929
f 3929 3168 3952
f 3165 830 3920
f 3920 830 3945
f 3170 3169 6497
f 6497 3169 6498
f 3171 1354 5005
f 5005 1354 4830
f 3172 3170 6503
f 6503 3170 6497
f 3169 3061 6498
f 6498 3061 4060
f 3173 3171 5006
f 5006 3171 5005
f 3079 3172 6334
f 6334 3172 6503
f 3174 3025 6299
f 6299 3025 6300
f 6576 6577 6575
f 6575 6577 6578
f 4612 4611 6579
f 6579 4611 6580
f 6582 6583 6581
f 6581 6583 6584
f 6584 6585 4618
f 4618 6585 4621
f 6586 6587 6589
f 6589 6587 6588
f 6588 6587 6590
f 6590 6587 6591
f 6592 4606 6590
f 6590 4606 4623
f 6594 6576 6593
f 6593 6576 6575
f 6595 6582 6579
f 6579 6582 6581
f 6580 6597 6596
f 6596 6597 6598
f 6577 6576 6599
f 6599 6576 6600
f 6595 6596 6601
f 6601 6596 6602
f 6583 6582 6603
f 6603 6582 6604
f 6586 6606 6605
f 6605 6606 6607
f 6587 6586 6608
f 6608 6586 6605
f 6587 6608 6591
f 6591 6608 6609
f 6576 6594 6600
f 6600 6594 6610
f 6582 6595 6604
f 6604 6595 6601
f 6599 6611 6577
f 6577 6611 6598
f 6613 6614 6612
f 6612 6614 6615
f 6617 6618 6616
f 6616 6618 6619
f 6621 6622 6620
f 6620 6622 6623
f 6625 6626 6624
f 6624 6626 6627
f 6629 6630 6628
f 6628 6630 6631
f 6633 6634 6632
f 6632 6634 6635
f 6637 6638 6636
f 6636 6638 6639
f 6640 6641 6637
f 6637 6641 6638
f 6643 6633 6642
f 6642 6633 6632
f 6645 6646 6644
f 6644 6646 6647
f 6646 6648 6647
f 6647 6648 6649
f 6651 6652 6650
f 6650 6652 6653
f 6653 6652 6654
f 6654 6652 6655
f 6656 6657 6659
f 6659 6657 6658
f 6661 6662 6660
f 6660 6662 6663
f 6662 6661 6664
f 6664 6661 6665
f 6667 6657 6666
f 6666 6657 6656
f 6669 6670 6668
f 6668 6670 6671
f 6672 6673 6670
f 6670 6673 6671
f 6674 6675 6677
f 6677 6675 6676
f 6675 6678 6676
f 6676 6678 6679
f 6681 6682 6680
f 6680 6682 6683
f 6684 6685 6683
f 6683 6685 6680
f 6687 6688 6686
f 6686 6688 6689
f 6687 6690 6688
f 6688 6690 6691
f 6619 6618 6633
f 6633 6618 6634
f 6632 6635 6693
f 6693 6635 6692
f 6617 6694 6636
f 6636 6694 6637
f 6695 6692 6639
f 6639 6692 6635
f 6637 6694 6640
f 6640 6694 6696
f 6698 6638 6697
f 6697 6638 6641
f 6643 6616 6633
f 6633 6616 6619
f 6642 6699 6641
f 6641 6699 6697
f 6646 6645 6700
f 6700 6645 6621
f 6644 6701 6654
f 6654 6701 6702
f 6700 6703 6646
f 6646 6703 6648
f 6693 6704 6649
f 6649 6704 6647
f 6620 6623 6651
f 6651 6623 6652
f 6693 6649 6699
f 6699 6649 6650
f 6652 6623 6655
f 6655 6623 6622
f 6654 6702 6653
f 6653 6702 6697
f 6615 6614 6657
f 6657 6614 6658
f 6705 6656 6704
f 6704 6656 6659
f 6613 6706 6660
f 6660 6706 6661
f 6704 6659 6701
f 6701 6659 6663
f 6661 6706 6665
f 6665 6706 6707
f 6708 6702 6664
f 6664 6702 6662
f 6612 6615 6667
f 6667 6615 6657
f 6666 6709 6664
f 6664 6709 6708
f 6629 6710 6669
f 6669 6710 6670
f 6668 6711 6679
f 6679 6711 6712
f 6713 6672 6710
f 6710 6672 6670
f 6714 6671 6705
f 6705 6671 6673
f 6628 6631 6674
f 6674 6631 6675
f 6705 6673 6709
f 6709 6673 6677
f 6631 6630 6675
f 6675 6630 6678
f 6712 6708 6679
f 6679 6708 6676
f 6625 6715 6682
f 6682 6715 6683
f 6716 6717 6681
f 6681 6717 6691
f 6718 6684 6715
f 6715 6684 6683
f 6719 6680 6714
f 6714 6680 6685
f 6624 6627 6686
f 6686 6627 6687
f 6689 6711 6685
f 6685 6711 6714
f 6627 6626 6687
f 6687 6626 6690
f 6717 6712 6691
f 6691 6712 6688
f 6612 6707 6613
f 6613 6707 6706
f 6616 6696 6617
f 6617 6696 6694
f 6703 6700 6620
f 6620 6700 6621
f 6715 6625 6718
f 6718 6625 6624
f 6710 6629 6713
f 6713 6629 6628
f 6639 6635 6636
f 6636 6635 6634
f 6641 6640 6642
f 6642 6640 6643
f 6654 6655 6644
f 6644 6655 6645
f 6651 6650 6648
f 6648 6650 6649
f 6659 6658 6663
f 6663 6658 6660
f 6665 6667 6664
f 6664 6667 6666
f 6678 6669 6679
f 6679 6669 6668
f 6673 6672 6677
f 6677 6672 6674
f 6690 6682 6691
f 6691 6682 6681
f 6685 6684 6689
f 6689 6684 6686
f 6636 6634 6617
f 6617 6634 6618
f 6638 6698 6639
f 6639 6698 6695
f 6640 6696 6643
f 6643 6696 6616
f 6693 6699 6632
f 6632 6699 6642
f 6655 6622 6645
f 6645 6622 6621
f 6704 6701 6647
f 6647 6701 6644
f 6651 6648 6620
f 6620 6648 6703
f 6650 6653 6699
f 6699 6653 6697
f 6613 6660 6614
f 6614 6660 6658
f 6663 6662 6701
f 6701 6662 6702
f 6665 6707 6667
f 6667 6707 6612
f 6705 6709 6656
f 6656 6709 6666
f 6630 6629 6678
f 6678 6629 6669
f 6714 6711 6671
f 6671 6711 6668
f 6672 6713 6674
f 6674 6713 6628
f 6677 6676 6709
f 6709 6676 6708
f 6626 6625 6690
f 6690 6625 6682
f 6680 6719 6681
f 6681 6719 6716
f 6684 6718 6686
f 6686 6718 6624
f 6711 6689 6712
f 6689 6688 6712
f 6593 6720 6594
f 6594 6720 6721
f 6722 6720 4607
f 4607 6720 4849
f 6592 6723 6722
f 6722 6723 6724
f 4610 4609 6578
f 6578 4609 6575
f 6596 6595 6580
f 6580 6595 6579
f 4618 4617 6584
f 6584 4617 6581
f 6589 6585 6586
f 6586 6585 6606
f 4622 4619 6588
f 6588 4619 6589
f 4622 6588 4623
f 4623 6588 6590
f 4609 4645 6575
f 6575 4645 6593
f 4617 4612 6581
f 6581 4612 6579
f 5004 4610 6597
f 6597 4610 6578
f 4645 4849 6593
f 6593 4849 6720
f 6724 6721 6722
f 6722 6721 6720
f 6722 4607 6592
f 6592 4607 4606
f 6725 6610 6721
f 6721 6610 6594
f 6723 6726 6724
f 6724 6726 6727
f 6727 6725 6724
f 6724 6725 6721
f 6728 6729 6605
f 6605 6729 6608
f 6605 6607 6728
f 6728 6607 6730
f 6731 6732 6604
f 6604 6732 6603
f 6733 6734 6725
f 6725 6734 6610
f 6735 6733 6727
f 6727 6733 6725
f 6735 6727 6736
f 6736 6727 6726
f 6591 6609 6723
f 6723 6609 6726
f 6723 6592 6591
f 6591 6592 6590
f 6738 6739 6737
f 6737 6739 6740
f 6740 6739 6742
f 6742 6739 6741
f 6743 6744 6741
f 6741 6744 6742
f 6745 6746 6743
f 6743 6746 6744
f 6747 6748 6745
f 6745 6748 6746
f 6749 6750 6747
f 6747 6750 6748
f 6752 6738 6751
f 6751 6738 6737
f 6754 6752 6753
f 6753 6752 6751
f 6756 6754 6755
f 6755 6754 6753
f 6758 6750 6757
f 6757 6750 6749
f 6760 6756 6759
f 6759 6756 6755
f 6762 6760 6761
f 6761 6760 6759
f 6764 6762 6763
f 6763 6762 6761
f 6757 6764 6758
f 6758 6764 6763
f 6766 6741 6765
f 6765 6741 6739
f 6767 6743 6766
f 6766 6743 6741
f 6768 6745 6767
f 6767 6745 6743
f 6769 6747 6768
f 6768 6747 6745
f 6770 6749 6769
f 6769 6749 6747
f 6772 6769 6771
f 6771 6769 6768
f 6773 6770 6772
f 6772 6770 6769
f 6774 6775 6772
f 6772 6775 6773
f 6777 6778 6776
f 6776 6778 6779
f 6775 6774 6778
f 6778 6774 6779
f 6771 6780 6772
f 6772 6780 6774
f 6780 6781 6774
f 6774 6781 6779
f 6781 6782 6779
f 6779 6782 6776
f 6784 6785 6783
f 6783 6785 6786
f 6786 6787 6783
f 6783 6787 6788
f 6790 6788 6789
f 6789 6788 6787
f 6786 6785 6791
f 6791 6785 6792
f 6791 6793 6786
f 6786 6793 6787
f 6793 6794 6787
f 6787 6794 6789
f 6795 6796 6794
f 6794 6796 6789
f 6790 6789 6797
f 6797 6789 6796
f 6798 6765 6738
f 6738 6765 6739
f 6799 6798 6752
f 6752 6798 6738
f 6767 6800 6768
f 6768 6800 6771
f 6766 6801 6767
f 6767 6801 6800
f 6802 6801 6765
f 6765 6801 6766
f 6798 6803 6765
f 6765 6803 6802
f 6804 6803 6799
f 6799 6803 6798
f 6805 6806 6804
f 6804 6806 6803
f 6807 6799 6754
f 6754 6799 6752
f 6808 6804 6807
f 6807 6804 6799
f 6809 6805 6808
f 6808 6805 6804
f 6810 6811 6805
f 6805 6811 6806
f 6812 6813 6810
f 6810 6813 6811
f 6814 6815 6796
f 6796 6815 6797
f 6813 6814 6816
f 6816 6814 6817
f 6816 6818 6813
f 6813 6818 6811
f 6819 6806 6818
f 6818 6806 6811
f 6802 6803 6819
f 6819 6803 6806
f 6757 6749 6820
f 6820 6749 6770
f 6820 6770 6821
f 6821 6770 6773
f 6821 6773 6822
f 6822 6773 6775
f 6822 6775 6823
f 6823 6775 6778
f 6824 6823 6777
f 6777 6823 6778
f 6784 6825 6777
f 6777 6825 6824
f 6826 6827 6788
f 6788 6827 6783
f 6828 6826 6790
f 6790 6826 6788
f 6829 6828 6797
f 6797 6828 6790
f 6815 6830 6797
f 6797 6830 6829
f 6832 6812 6831
f 6831 6812 6810
f 6831 6810 6809
f 6809 6810 6805
f 6736 6800 6735
f 6735 6800 6801
f 6733 6735 6802
f 6802 6735 6801
f 6734 6733 6819
f 6819 6733 6802
f 6833 6734 6818
f 6818 6734 6819
f 6834 6833 6816
f 6816 6833 6818
f 6816 6817 6834
f 6834 6817 6835
f 6837 6795 6836
f 6836 6795 6794
f 6836 6794 6731
f 6731 6794 6793
f 6732 6731 6791
f 6791 6731 6793
f 6791 6792 6732
f 6732 6792 6730
f 6729 6728 6781
f 6781 6728 6782
f 6838 6807 6756
f 6756 6807 6754
f 6839 6838 6760
f 6760 6838 6756
f 6840 6839 6762
f 6762 6839 6760
f 6841 6840 6764
f 6764 6840 6762
f 6820 6841 6757
f 6757 6841 6764
f 6841 6820 6842
f 6842 6820 6821
f 6840 6841 6843
f 6843 6841 6842
f 6839 6840 6844
f 6844 6840 6843
f 6838 6839 6845
f 6845 6839 6844
f 6807 6838 6808
f 6808 6838 6845
f 6842 6821 6846
f 6846 6821 6822
f 6843 6842 6847
f 6847 6842 6846
f 6844 6843 6848
f 6848 6843 6847
f 6845 6844 6849
f 6849 6844 6848
f 6808 6845 6809
f 6809 6845 6849
f 6850 6831 6849
f 6849 6831 6809
f 6851 6850 6848
f 6848 6850 6849
f 6847 6852 6848
f 6848 6852 6851
f 6853 6852 6846
f 6846 6852 6847
f 6846 6822 6853
f 6853 6822 6823
f 6853 6823 6854
f 6854 6823 6824
f 6854 6855 6853
f 6853 6855 6852
f 6856 6851 6855
f 6855 6851 6852
f 6856 6857 6851
f 6851 6857 6850
f 6857 6832 6850
f 6850 6832 6831
f 6825 6858 6824
f 6824 6858 6854
f 6860 6827 6859
f 6859 6827 6826
f 6859 6826 6861
f 6861 6826 6828
f 6862 6861 6829
f 6829 6861 6828
f 6830 6863 6829
f 6829 6863 6862
f 6863 6864 6862
f 6862 6864 6865
f 6858 6866 6854
f 6854 6866 6855
f 6867 6865 6866
f 6866 6865 6864
f 6869 6859 6868
f 6868 6859 6861
f 6867 6869 6865
f 6865 6869 6868
f 6861 6862 6868
f 6868 6862 6865
f 6867 6860 6869
f 6869 6860 6859
f 6753 6751 6698
f 6698 6751 6695
f 6697 6755 6698
f 6698 6755 6753
f 6759 6755 6702
f 6702 6755 6697
f 6761 6759 6708
f 6708 6759 6702
f 6763 6761 6712
f 6712 6761 6708
f 6758 6763 6717
f 6717 6763 6712
f 6750 6758 6716
f 6716 6758 6717
f 6719 6748 6716
f 6716 6748 6750
f 6714 6746 6719
f 6719 6746 6748
f 6705 6744 6714
f 6714 6744 6746
f 6704 6742 6705
f 6705 6742 6744
f 6740 6742 6693
f 6693 6742 6704
f 6737 6740 6692
f 6692 6740 6693
f 6751 6737 6695
f 6695 6737 6692
f 6601 6602 6836
f 6836 6602 6837
f 6604 6601 6731
f 6731 6601 6836
f 6599 6600 6834
f 6834 6600 6833
f 6834 6835 6599
f 6599 6835 6611
f 6600 6610 6833
f 6833 6610 6734
f 6780 6771 6870
f 6870 6771 6736
f 6736 6771 6800
f 6870 6729 6780
f 6780 6729 6781
f 6608 6729 6609
f 6609 6729 6870
f 6609 6870 6726
f 6726 6870 6736
f 5014 5015 5229
f 5229 5015 5230
f 4258 5015 4259
f 4259 5015 4878
f 3471 3013 4703
f 4703 3013 4704
f 2879 6337 1306
f 1306 6337 4785
f 829 3471 4316
f 4316 3471 4703
f 4702 3472 5223
f 5223 3472 1756
f 6871 6872 4534
f 4534 6872 4535
f 6871 4665 6872
f 6872 4665 4844
f 6871 6873 4665
f 4665 6873 4559
f 6871 4534 6873
f 6873 4534 4542
f 4153 4152 4822
f 4822 4152 4407
f 4152 4168 4407
f 4407 4168 4342
f 4343 4168 4923
f 4923 4168 4167
f 4363 4362 4972
f 4972 4362 4840
f 4362 4394 4840
f 4840 4394 4839
f 4401 4400 4986
f 4986 4400 4984
f 4435 4434 4841
f 4841 4434 4842
f 4506 4505 4530
f 4530 4505 4531
f 4506 4535 4507
f 4507 4535 4843
f 4661 4660 4516
f 4516 4660 4517
f 4673 4672 4937
f 4937 4672 6547
f 4400 4924 4984
f 4984 4924 5263
f 4673 4660 4674
f 4674 4660 4659
f 4505 4661 4531
f 4531 4661 4516
f 4952 4401 6874
f 6874 4401 4986
f 4954 4153 6875
f 6875 4153 4822
f 4363 4973 4364
f 4364 4973 4974
f 5264 4924 5267
f 5267 4924 4691
f 6293 6292 6876
f 6876 6292 6877
f 6380 4343 6387
f 6387 4343 4923
f 4394 4435 4839
f 4839 4435 4841
f 4672 4434 6547
f 6547 4434 4433
f 4973 6556 4974
f 4974 6556 6878
f 6567 6380 6574
f 6574 6380 6387
f 6292 4954 6877
f 6877 4954 6875
f 6567 5264 6568
f 6568 5264 5267
f 4145 4144 4154
f 4154 4144 4151
f 4194 4144 4425
f 4425 4144 4143
f 4355 4354 5263
f 5263 4354 4984
f 4360 4359 4364
f 4364 4359 4361
f 4444 4359 4392
f 4392 4359 4337
f 4447 4446 4432
f 4432 4446 4433
f 4464 4463 6547
f 6547 4463 4937
f 4519 4518 4654
f 4654 4518 4509
f 4533 4532 4499
f 4499 4532 4498
f 4533 4542 4530
f 4530 4542 4534
f 4519 4532 4516
f 4516 4532 4531
f 4922 4194 4426
f 4426 4194 4425
f 4463 4518 4937
f 4937 4518 4517
f 6555 4951 6874
f 6874 4951 6878
f 4958 4957 6290
f 6290 4957 6291
f 4334 4360 4712
f 4712 4360 4950
f 4985 4354 4419
f 4419 4354 4353
f 5262 4355 5265
f 5265 4355 5263
f 6294 4958 4804
f 4804 4958 6290
f 6386 4922 6384
f 6384 4922 4426
f 4444 4447 4393
f 4393 4447 4432
f 4464 4446 4465
f 4465 4446 4445
f 4985 6555 4986
f 4986 6555 6874
f 6573 6386 6571
f 6571 6386 6384
f 4145 6294 4146
f 4146 6294 4804
f 6573 5262 6574
f 6574 5262 5265
f 4542 4541 6873
f 6873 4541 4559
f 4535 6872 4843
f 4843 6872 4844
f 4104 4103 6879
f 6879 4103 6343
f 4105 6293 6307
f 6307 6293 6876
f 4104 4956 4105
f 4105 4956 6293
f 4956 4104 4957
f 4957 4104 6879
f 4957 6879 6291
f 6291 6879 6309
f 4648 4988 4649
f 4649 4988 4953
f 4802 4803 4928
f 4928 4803 6550
f 6550 4803 6555
f 6555 4803 4951
f 1516 3173 4987
f 4987 3173 5006
f 6519 6518 6558
f 6558 6518 6510
f 6527 6519 6559
f 6559 6519 6558
f 6528 6560 6529
f 6529 6560 6541
f 6548 4625 6549
f 6549 4625 4624
f 6551 6552 4746
f 4746 6552 6505
f 6553 4711 6554
f 6554 4711 4710
f 4802 6551 4713
f 4713 6551 4746
f 6556 4973 4649
f 4649 4973 4646
f 6557 4949 6548
f 6548 4949 4625
f 4648 4647 6553
f 6553 4647 4711
f 6549 4624 4987
f 4987 4624 4838
f 6552 6518 6505
f 6505 6518 6507
f 6561 4372 6529
f 6529 4372 6514
f 6562 4369 6561
f 6561 4369 4372
f 3142 3482 6562
f 6562 3482 4369
f 6556 4952 6878
f 6878 4952 6874
f 4951 4950 6878
f 6878 4950 4974
f 3168 440 3952
f 4204 4203 5341
f 5341 4203 6364
f 4219 4222 6429
f 6429 4222 4383
f 4319 4322 6506
f 6506 4322 4747
f 4340 4714 4341
f 4341 4714 4384
f 4375 4377 6388
f 6388 4377 6546
f 4378 4381 6311
f 6311 4381 4720
f 4449 4341 4387
f 4387 4341 4384
f 4473 4472 4477
f 4477 4472 4474
f 4492 4491 4487
f 4487 4491 4488
f 4523 4491 4522
f 4522 4491 4490
f 4492 4538 4493
f 4493 4538 4555
f 4538 4553 4555
f 4555 4553 4556
f 4620 4615 4621
f 4621 4615 4618
f 4652 4651 4368
f 4368 4651 4365
f 4523 4655 4524
f 4524 4655 4656
f 4553 4667 4556
f 4556 4667 4571
f 4651 1210 4365
f 4365 1210 1209
f 4698 4697 5223
f 5223 4697 6344
f 4340 4339 4322
f 4322 4339 4747
f 4726 4729 5287
f 5287 4729 4198
f 4381 4380 4737
f 4737 4380 6368
f 4836 4835 4451
f 4451 4835 4709
f 4910 6367 4911
f 4911 6367 6366
f 4912 4915 6450
f 6450 4915 6449
f 4927 4836 4450
f 4450 4836 4451
f 4930 4929 4439
f 4439 4929 4436
f 4936 4935 4459
f 4459 4935 4456
f 4473 4655 4470
f 4470 4655 4510
f 4942 4583 4943
f 4943 4583 4572
f 4948 4601 4947
f 4947 4601 4584
f 4949 4835 4625
f 4625 4835 4626
f 4966 4969 6289
f 6289 4969 4695
f 4971 4652 4926
f 4926 4652 4368
f 4203 4977 6364
f 6364 4977 6365
f 4990 4989 4443
f 4443 4989 4440
f 4990 4991 4478
f 4478 4991 4512
f 4992 4991 4528
f 4528 4991 4515
f 4992 4993 4527
f 4527 4993 4485
f 4994 4993 4502
f 4502 4993 4503
f 4994 4995 4482
f 4482 4995 4550
f 4543 4996 4544
f 4544 4996 4995
f 4999 4998 4567
f 4567 4998 4578
f 5000 4998 4575
f 4575 4998 4997
f 5002 5001 4592
f 4592 5001 4574
f 5003 5004 4614
f 4614 5004 4611
f 3483 4215 1755
f 1755 4215 4698
f 5274 5277 4195
f 4195 5277 4223
f 4726 5295 4727
f 4727 5295 6350
f 5309 5342 5310
f 5310 5342 6363
f 5315 5314 5316
f 5316 5314 5317
f 5339 6362 5340
f 5340 6362 5363
f 5310 6363 5339
f 5339 6363 6362
f 4204 5309 4201
f 4201 5309 5308
f 4915 5345 6449
f 6449 5345 6448
f 5345 5315 6448
f 6448 5315 5316
f 5348 5347 6351
f 6351 5347 6352
f 5365 4263 5340
f 5340 4263 4262
f 6295 6298 4733
f 4733 6298 4734
f 4969 6306 4695
f 4695 6306 4696
f 6306 4378 4696
f 4696 4378 6311
f 6369 6372 6544
f 6544 6372 6545
f 4375 6390 4373
f 4373 6390 4374
f 6421 6422 4911
f 4911 6422 4908
f 4910 4909 4737
f 4737 4909 4736
f 5277 4219 4223
f 4223 4219 6429
f 4697 4222 6344
f 6344 4222 4221
f 6436 6361 6437
f 6437 6361 6360
f 6438 6440 6437
f 6437 6440 6434
f 6438 6359 6441
f 6441 6359 6358
f 6442 6441 6357
f 6357 6441 6358
f 6442 6444 6443
f 6443 6444 6445
f 6446 6444 6355
f 6355 6444 6356
f 6446 4912 6447
f 6447 4912 6450
f 6436 6435 5365
f 5365 6435 4263
f 5314 5347 5317
f 5317 5347 5346
f 4319 6512 4320
f 4320 6512 6513
f 6520 6512 6521
f 6521 6512 6508
f 6528 6520 6527
f 6527 6520 6521
f 6532 6539 6533
f 6533 6539 6535
f 6533 6535 6537
f 6537 6535 6534
f 6538 6543 6537
f 6537 6543 6536
f 6295 4377 6296
f 6296 4377 4376
f 4989 4930 4440
f 4440 4930 4439
f 4927 4929 4422
f 4422 4929 4455
f 4449 4936 4388
f 4388 4936 4459
f 4472 4935 4474
f 4474 4935 4932
f 4942 4940 4947
f 4947 4940 4939
f 5001 5000 4574
f 4574 5000 4575
f 4669 4943 4666
f 4666 4943 4667
f 4996 4999 4547
f 4547 4999 4567
f 4948 4946 4620
f 4620 4946 4615
f 5003 5002 4591
f 4591 5002 4592
f 6557 4971 6554
f 6554 4971 4926
f 6532 6560 6539
f 6539 6560 6559
f 6390 6372 4374
f 4374 6372 6371
f 4966 6298 4967
f 4967 6298 6297
f 6538 6526 6369
f 6369 6526 6370
f 6585 6589 4621
f 4621 6589 4619
f 6597 6578 6598
f 6598 6578 6577
f 6606 6583 6607
f 6607 6583 6603
f 6611 6602 6598
f 6598 6602 6596
f 6585 6584 6606
f 6606 6584 6583
f 6597 6580 5004
f 5004 6580 4611
f 6607 6603 6730
f 6730 6603 6732
f 6776 6785 6777
f 6777 6785 6784
f 6785 6776 6792
f 6792 6776 6782
f 6815 6814 6812
f 6812 6814 6813
f 6817 6814 6795
f 6795 6814 6796
f 6825 6784 6827
f 6827 6784 6783
f 6830 6815 6832
f 6832 6815 6812
f 6817 6795 6835
f 6835 6795 6837
f 6792 6782 6730
f 6730 6782 6728
f 6858 6825 6860
f 6860 6825 6827
f 6863 6830 6857
f 6857 6830 6832
f 6864 6863 6856
f 6856 6863 6857
f 6866 6858 6867
f 6867 6858 6860
f 6866 6864 6855
f 6855 6864 6856
f 6835 6837 6611
f 6611 6837 6602
f 6560 6528 6559
f 6559 6528 6527
f 4949 6557 4710
f 4710 6557 6554
f 4430 4090 4175
f 4175 4090 4089
f 4777 4113 4155
f 4155 4113 4086
f 4175 4089 4176
f 4176 4089 4142
f 4199 4271 4200
f 4200 4271 4798
f 4199 4095 4272
f 4272 4095 5273
f 4406 4405 4404
f 4404 4405 4346
f 4410 4409 6877
f 6877 4409 6876
f 4409 4413 6876
f 6876 4413 6307
f 4415 4148 4416
f 4416 4148 4147
f 4690 4405 4344
f 4344 4405 4342
f 4693 4692 4352
f 4352 4692 4349
f 4701 4700 6337
f 6337 4700 6338
f 4778 4777 4081
f 4081 4777 4155
f 4821 4406 4809
f 4809 4406 4404
f 4176 4142 4181
f 4181 4142 4415
f 4760 4970 4399
f 4399 4970 4692
f 4200 5007 4096
f 4096 5007 4078
f 5266 4693 5269
f 5269 4693 4352
f 5270 5007 5361
f 5361 5007 4797
f 4778 5270 4779
f 4779 5270 5361
f 6285 4410 6875
f 6875 4410 6877
f 6308 4413 4687
f 4687 4413 4412
f 6480 6320 6481
f 6481 6320 6880
f 4701 2878 4702
f 4702 2878 3472
f 6339 6347 6340
f 6340 6347 6348
f 6341 6342 6346
f 6346 6342 6345
f 4416 6308 4414
f 4414 6308 4687
f 6385 4690 6381
f 6381 4690 4344
f 5282 6341 5280
f 5280 6341 6339
f 4700 6342 6338
f 6338 6342 5281
f 6340 6348 4272
f 4272 6348 4270
f 6480 6479 4828
f 4828 6479 4829
f 6490 6479 6489
f 6489 6479 6478
f 4090 4430 6490
f 6490 4430 4429
f 6563 6564 4970
f 4970 6564 4815
f 4694 6566 4366
f 4366 6566 6563
f 6572 6385 6568
f 6568 6385 6381
f 4821 6285 4822
f 4822 6285 6875
f 6572 5266 6569
f 6569 5266 5269
f 3482 3103 4369
f 4369 3103 4370
f 3121 4730 3485
f 3485 4730 4327
f 6277 6280 6273
f 6273 6280 6272
f 6267 6276 6278
f 6278 6276 6279
f 6278 6279 6277
f 6277 6279 6280
f 6279 6256 6280
f 6280 6256 6255
f 6256 3857 6255
f 6255 3857 3754
f 3857 3856 3754
f 3754 3856 3755
f 3856 3703 3755
f 3755 3703 3863
f 3703 3702 3863
f 3863 3702 3759
f 3702 3706 3759
f 3759 3706 3670
f 3706 3705 3670
f 3670 3705 3668
f 3705 3773 3668
f 3668 3773 3882
f 3882 3773 3883
f 3883 3773 3707
f 3707 3708 3883
f 3883 3708 3880
f 3708 3710 3880
f 3880 3710 3881
f 3709 5241 3710
f 3710 5241 3881
f 5241 3709 5234
f 5234 3709 3786
f 3693 3712 3786
f 3786 3712 5234
f 4051 4055 4052
f 4052 4055 4056
f 4056 4055 4057
f 4057 4055 4054
f 4066 5238 5236
f 5236 5238 3989
f 4066 4069 5238
f 5238 4069 4035
f 6881 3962 3960
f 3960 3962 3957
f 6883 4070 6882
f 6882 4070 3941
f 4070 6883 4071
f 4071 6883 6884
f 4071 6884 4072
f 4072 6884 6885
f 6885 6886 4072
f 4072 6886 4031
f 3955 6881 3956
f 3956 6881 3960
f 6884 3991 6885
f 6885 3991 3990
f 6883 6887 6884
f 6884 6887 3991
f 6887 6888 3991
f 3991 6888 3992
f 6888 6887 6889
f 6889 6887 6890
f 6887 6883 6890
f 6890 6883 6882
f 4058 5240 3953
f 3953 5240 3954
f 5236 6888 5239
f 5239 6888 6889
f 5237 6886 3990
f 3990 6886 6885
f 4034 4031 5237
f 5237 4031 6886
f 6881 6882 3962
f 3962 6882 3941
f 6881 3955 6882
f 6882 3955 6890
f 3955 3954 6890
f 6890 3954 6889
f 5239 6889 5240
f 5240 6889 3954
f 6888 5236 3992
f 3992 5236 3989
f 3869 3868 3888
f 3888 3868 4015
f 3868 4012 4015
f 4015 4012 4010
f 4012 4022 4010
f 4010 4022 4009
f 4022 4021 4009
f 4009 4021 4018
f 4020 3974 4001
f 4001 3974 3996
f 4021 4020 4029
f 4029 4020 4001
f 4085 4156 4086
f 4086 4156 4155
f 4113 4777 4114
f 4114 4777 4776
f 4130 4129 4094
f 4094 4129 4091
f 4139 4773 4140
f 4140 4773 4772
f 4149 4178 4150
f 4150 4178 5225
f 4160 4159 4087
f 4087 4159 4088
f 4149 4148 4179
f 4179 4148 4141
f 4085 4084 4183
f 4183 4084 6315
f 4179 4141 4159
f 4159 4141 4088
f 4192 4130 4162
f 4162 4130 4094
f 4197 5288 4198
f 4198 5288 5287
f 4229 4766 4230
f 4230 4766 4771
f 4245 4246 4242
f 4242 4246 4249
f 4183 6315 4418
f 4418 6315 6314
f 4679 4178 4680
f 4680 4178 4177
f 4724 4798 4725
f 4725 4798 4271
f 4728 5275 4729
f 4729 5275 5274
f 4230 4771 4249
f 4249 4771 4242
f 4724 4723 4799
f 4799 4723 5355
f 4823 4824 4891
f 4891 4824 6327
f 4823 4192 4161
f 4161 4192 4162
f 4893 4767 4229
f 4229 4767 4766
f 4894 4895 4898
f 4898 4895 4899
f 4106 4150 4103
f 4103 4150 5225
f 4680 4894 4677
f 4677 4894 4898
f 6420 4977 5301
f 5301 4977 4976
f 4679 4678 5226
f 5226 4678 4427
f 5228 5008 4893
f 4893 5008 4767
f 5285 6354 5286
f 5286 6354 5343
f 5289 5352 5290
f 5290 5352 5349
f 5290 5349 5295
f 5295 5349 5348
f 5302 5299 4202
f 4202 5299 4976
f 4725 4271 5311
f 5311 4271 4270
f 5325 4723 5326
f 5326 4723 4722
f 5335 5355 5325
f 5325 5355 4723
f 5326 4722 5286
f 5286 4722 5283
f 4799 5357 4797
f 4797 5357 5361
f 5359 5356 5335
f 5335 5356 5355
f 4775 4774 5356
f 5356 4774 5357
f 5359 5358 4092
f 4092 5358 4093
f 6316 4740 6317
f 6317 4740 4739
f 6318 4827 6316
f 6316 4827 4740
f 6319 4828 6318
f 6318 4828 4827
f 6320 6480 6319
f 6319 6480 4828
f 6484 6322 6485
f 6485 6322 6321
f 6487 6324 6331
f 6331 6324 6323
f 6331 6323 6330
f 6330 6323 6325
f 6325 6326 6330
f 6330 6326 6329
f 6326 6328 6329
f 6329 6328 5231
f 4824 4685 5228
f 5228 4685 5008
f 5226 6343 5225
f 5225 6343 4103
f 4728 4727 6349
f 6349 4727 5284
f 6350 6351 5285
f 5285 6351 6354
f 4247 4246 6418
f 6418 4246 6365
f 6400 6402 6401
f 6401 6402 6459
f 4197 4196 6409
f 6409 4196 6426
f 6412 4897 6328
f 6328 4897 5231
f 6413 4133 6412
f 6412 4133 4897
f 6414 4134 6413
f 6413 4134 4133
f 6415 4225 6414
f 6414 4225 4134
f 6416 4252 6415
f 6415 4252 4225
f 6417 4253 6416
f 6416 4253 4252
f 4253 6417 6366
f 6366 6417 6419
f 6366 6419 4911
f 4911 6419 6421
f 6422 6423 4908
f 4908 6423 5298
f 5298 6423 6396
f 6396 6423 6424
f 6409 6426 6425
f 6425 6426 6397
f 5300 5299 6399
f 6399 5299 6400
f 6465 6408 6401
f 6401 6408 6398
f 6424 6399 6425
f 6425 6399 6398
f 6349 5284 5311
f 5311 5284 5283
f 6465 6464 5289
f 5289 6464 5352
f 6488 6483 6492
f 6492 6483 6482
f 6486 6491 6482
f 6482 6491 6492
f 6491 4895 6492
f 6492 4895 4157
f 6488 4160 6489
f 6489 4160 4087
f 6501 6502 4418
f 4418 6502 4417
f 6504 6500 6317
f 6317 6500 6314
f 3497 3496 6501
f 6501 3496 6502
f 3499 3498 6504
f 6504 3498 6500
f 4729 5274 4198
f 4198 5274 4195
f 6418 6365 6420
f 6420 6365 4977
f 5295 5348 6350
f 6350 5348 6351
f 5301 6422 6420
f 6420 6422 6421
f 4113 4112 4086
f 4086 4112 4083
f 6320 4112 6880
f 6880 4112 4111
f 4091 4772 4092
f 4092 4772 4775
f 4129 4140 4091
f 4091 4140 4772
f 4137 4140 4128
f 4128 4140 4129
f 4128 6324 4137
f 4137 6324 6321
f 6324 6487 6321
f 6321 6487 6485
f 6487 6486 6485
f 6485 6486 6482
f 4774 4773 4779
f 4779 4773 4776
f 4773 4139 4776
f 4776 4139 4114
f 4139 4138 4114
f 4114 4138 4111
f 4138 6322 4111
f 4111 6322 6880
f 6322 6484 6880
f 6880 6484 6481
f 6484 6483 6481
f 6481 6483 6478
f 6879 6343 6309
f 6309 6343 4428
f 4106 4105 4900
f 4900 4105 6307
f 3500 3167 6495
f 6495 3167 6496
f 3500 6495 3070
f 3070 6495 5368
f 3502 5235 3501
f 3501 5235 4813
f 3024 3503 6473
f 6473 3503 6474
f 3503 3023 6474
f 6474 3023 6374
f 3504 1770 4348
f 4348 1770 4345
f 3502 3505 5235
f 5235 3505 4810
f 3498 3497 6500
f 6500 3497 6501
f 3496 3075 6502
f 6502 3075 6275
f 6299 4254 3174
f 3174 4254 3017
f 1769 3501 4814
f 4814 3501 4813
f 3506 3018 6476
f 6476 3018 4257
f 3507 3499 6499
f 6499 3499 6504
f 3030 4216 3483
f 3483 4216 4215
f 3077 3507 6333
f 6333 3507 6499
f 1784 3160 5249
f 5249 3160 6523
f 3015 3506 4240
f 4240 3506 6476
f 3508 3504 6383
f 6383 3504 4348
f 3509 3016 6477
f 6477 3016 4239
f 3028 3509 6467
f 6467 3509 6477
f 3022 1785 5246
f 5246 1785 5247
f 3161 3508 6570
f 6570 3508 6383
f 3150 3149 4694
f 4694 3149 6566
f 1327 4807 3510
f 3510 4807 4811
f 3510 4811 3505
f 3505 4811 4810
f 3146 3511 4816
f 4816 3511 4350
f 3511 1808 4350
f 4350 1808 4351
f 3485 4327 3159
f 3159 4327 4330
f 1326 3512 4806
f 4806 3512 6310
f 3512 1331 6310
f 6310 1331 4688
