v 0.04800543 1.12123823 0.03557225
v 0.04590463 1.10640478 0.04284516
v 0.05756124 1.10481691 0.03371856
v 0.06129757 1.11663747 0.02573235
v 0.05585927 1.09475505 0.03985359
v 0.04493466 1.09360969 0.04674186
v 0.06548852 1.10036087 0.02339299
v 0.06962913 1.10894191 0.01391439
v 0.07530794 1.06601810 0.00926505
v 0.07998392 1.06323266 -0.00049400
v 0.07708097 1.07557142 0.00097202
v 0.07256051 1.07502151 0.01041520
v 0.07783562 1.04061460 0.00442849
v 0.07270013 1.02952302 0.01236457
v 0.07661048 1.02085400 0.00247534
v 0.07967417 1.03153813 -0.00669372
v 0.03916810 1.03696966 0.03893387
v 0.04523732 1.03089309 0.03726849
v 0.04822279 1.03857815 0.03583571
v 0.04169877 1.04370558 0.03723308
v 0.02896531 1.04588413 0.04633127
v 0.03005216 1.05197036 0.04260555
v 0.02483159 1.05523145 0.04873188
v 0.02464644 1.04851973 0.05318554
v 0.03434198 1.03020191 0.04005557
v 0.04051021 1.02370214 0.03732780
v 0.03403391 1.04229879 0.04114974
v 0.03225916 1.03730631 0.04385254
v 0.02937580 1.03039098 0.05525379
v 0.03056455 1.03568149 0.05373454
v 0.02674668 1.03621650 0.06069174
v 0.02583450 1.03026652 0.06003159
v 0.03288042 1.02956438 0.04543361
v 0.03291851 1.03324580 0.04840071
v 0.03070530 1.02869570 0.05091380
v 0.02952061 1.02581882 0.04758839
v 0.02850538 1.04151404 0.04962826
v 0.02507414 1.04283953 0.05709805
v 0.02070603 1.04395497 0.06497708
v 0.02229148 1.03501427 0.06795621
v 0.05779591 1.01854396 0.02907041
v 0.05193040 1.02493763 0.03411600
v 0.04732179 1.01849318 0.03486764
v 0.05300193 1.01369584 0.03103943
v 0.03106134 1.02288485 0.04333381
v 0.03647480 1.00670683 0.04196763
v 0.03637402 1.01068950 0.04251921
v 0.03010443 1.01041448 0.04736601
v 0.03097384 1.00686705 0.04676968
v 0.06421489 1.00551212 0.01859359
v 0.05954227 1.00303471 0.02417524
v 0.06103231 0.99631369 0.02081335
v 0.06552104 0.99689031 0.01430057
v 0.05973636 0.98961127 0.01968010
v 0.06554651 0.98869699 0.01067366
v 0.05720375 0.97330147 0.00877339
v 0.06123687 0.97968513 0.00967784
v 0.05595809 0.98301947 0.01958092
v 0.05096559 0.97678781 0.02243909
v 0.03768136 0.97794807 0.03253238
v 0.03133715 0.97521478 0.03645946
v 0.03773620 0.96309173 0.03240359
v 0.04490321 0.96868134 0.02849005
v 0.03614417 1.00107312 0.03564684
v 0.04046180 1.00188506 0.03274737
v 0.04083455 1.00316811 0.03574932
v 0.03643867 1.00339985 0.03984812
v 0.04444530 1.00221038 0.03132193
v 0.04634430 1.00231290 0.03060788
v 0.04612750 1.00335252 0.03211501
v 0.04435572 1.00283241 0.03192221
v 0.04210872 1.00216186 0.03237969
v 0.04107414 1.00007176 0.03210375
v 0.04349509 1.00128174 0.03162882
v 0.03704294 0.99854952 0.03481565
v 0.02476739 0.99367553 0.04545952
v 0.02889984 0.99471867 0.04332358
v 0.02671059 0.99906254 0.04334736
v 0.02306712 0.99876583 0.04462400
v 0.04409570 1.00486875 0.03412208
v 0.04690579 1.00672483 0.03399588
v 0.04255606 1.00879574 0.03793293
v 0.04138927 1.00591421 0.03685193
v 0.04957041 1.00888014 0.03353180
v 0.04848887 1.00507760 0.03154764
v 0.05138903 1.00617397 0.03064984
v 0.04586747 1.00048876 0.03010713
v 0.04910563 0.99942720 0.02851562
v 0.04955289 1.00190723 0.03015064
v 0.04716742 0.99552983 0.02826996
v 0.04314335 0.99799156 0.03055294
v 0.03938606 0.99524647 0.03307183
v 0.03500454 0.99254096 0.03728251
v 0.03819877 0.98797619 0.03341632
v 0.04338329 0.99151725 0.03000873
v 0.04408759 1.01328254 0.03691225
v 0.05406218 1.00218570 0.02776419
v 0.05639939 1.00954282 0.02739477
v 0.05469443 0.99741650 0.02610871
v 0.05319469 0.99229640 0.02548161
v 0.04904204 0.98749173 0.02641279
v 0.04345612 0.98256391 0.02920964
v 0.04122849 0.95560586 0.01851337
v 0.04888754 0.96368188 0.01456447
v 0.04407888 1.08616054 0.04393414
v 0.05305040 1.08699286 0.04055986
v 0.05399620 1.07996023 0.03453103
v 0.05571149 1.08235574 0.03474304
v 0.05017137 1.08277333 0.03850831
v 0.04969936 1.08042026 0.03695238
v 0.06737757 1.07563961 0.01686865
v 0.06294642 1.07636034 0.02216956
v 0.06318245 1.07268238 0.02006625
v 0.06925918 1.06913090 0.01536515
v 0.05675034 1.06305933 0.02650021
v 0.06054459 1.06529236 0.02312392
v 0.05665196 1.07131588 0.02705467
v 0.05388132 1.06982386 0.02979104
v 0.05046251 1.06873310 0.03213423
v 0.04638479 1.06834722 0.03351671
v 0.04737009 1.06290007 0.03256251
v 0.05213130 1.06249106 0.03014880
v 0.04341806 1.08323264 0.03936014
v 0.03663550 1.08158588 0.03951034
v 0.03815963 1.07898760 0.03788826
v 0.04395587 1.08021617 0.03848264
v 0.02886030 1.07141399 0.03292888
v 0.02969540 1.07404184 0.03409618
v 0.02595994 1.07478702 0.03571586
v 0.02577725 1.07018173 0.03461994
v 0.02859886 1.06738806 0.03424709
v 0.03047230 1.06984055 0.03314614
v 0.03696130 1.14080715 0.03734504
v 0.03374892 1.12394905 0.04250371
v 0.05084207 1.13704991 0.02545540
v 0.06447105 1.12976718 0.01562950
v 0.07357571 1.11713362 0.00373486
v 0.07035126 1.01180339 0.01074186
v 0.07239161 1.00332832 0.00355290
v 0.07862356 1.01364172 -0.00844967
v 0.07792506 1.00279975 -0.01422165
v 0.07193798 0.99216133 -0.00087106
v 0.06019556 0.97144300 -0.00486825
v 0.06816819 0.98123652 -0.00347903
v 0.07703235 0.99173057 -0.02056918
v 0.08189954 1.00801182 -0.03498879
v 0.08270876 1.01523280 -0.02556548
v 0.08278658 1.02611971 -0.04684462
v 0.08020592 1.00118613 -0.04865862
v 0.07902013 1.02631640 -0.05650121
v 0.06337497 0.96590233 -0.04855257
v 0.06578059 0.95682323 -0.05280614
v 0.07887059 0.96831089 -0.06310409
v 0.07780281 0.97659427 -0.05982503
v 0.08163317 1.02266145 -0.01748009
v 0.07846035 1.08657348 -0.00384541
v 0.07382874 1.08502698 0.00593321
v 0.08171193 1.07500410 -0.00966592
v 0.07193536 1.14568067 -0.01411414
v 0.06631097 1.13974023 -0.00042059
v 0.07550397 1.12626779 -0.00827718
v 0.07792495 1.13527679 -0.02187867
v 0.04045030 1.17417765 -0.00038259
v 0.04044884 1.16057038 0.02019215
v 0.05247111 1.15312028 0.01165675
v 0.05590390 1.16374660 -0.00342177
v 0.08043206 1.13784707 -0.03244567
v 0.08037169 1.14272809 -0.05174755
v 0.07245266 1.15830147 -0.05465136
v 0.07181340 1.15350938 -0.03261010
v 0.05904070 1.17678535 -0.05987629
v 0.05550446 1.17126679 -0.03245269
v 0.07998866 1.01339293 -0.06929199
v 0.07873370 1.03262579 -0.06991312
v 0.07621653 0.98693478 -0.05307792
v 0.08217170 0.99805844 -0.06982081
v 0.03771709 1.18909478 -0.06398313
v 0.03643513 1.18602705 -0.02982058
v 0.07119139 1.12496245 -0.10470504
v 0.07344005 1.14268231 -0.09363452
v 0.08017763 1.12856412 -0.07959569
v 0.07708406 1.11503255 -0.09116326
v 0.06132372 1.13463283 -0.11880118
v 0.06097476 1.15662551 -0.10769750
v 0.06872381 1.07044780 -0.11649671
v 0.06342889 1.05290508 -0.11205829
v 0.05743615 1.05353665 -0.12602910
v 0.05796763 1.07180858 -0.13070630
v 0.06316448 1.09320366 0.03155468
v 0.05962594 1.08643222 0.03488532
v 0.06363828 1.08442187 0.02851354
v 0.06747508 1.08899820 0.02323070
v 0.07017349 1.09354651 0.01390727
v 0.07415233 1.09828854 0.00425842
v 0.07987989 1.11460710 -0.01634543
v 0.08325458 1.12475383 -0.02763253
v 0.08406531 1.12944734 -0.05189645
v 0.08383922 1.12717664 -0.03756285
v 0.08336391 1.11507392 -0.07452470
v 0.08276089 1.10595882 -0.08263977
v 0.07889660 1.04554236 -0.08524374
v 0.08045544 1.02275169 -0.08627085
v 0.07486500 1.02947915 -0.10182607
v 0.07404169 1.05073452 -0.10178863
v 0.05753622 1.03562462 -0.12441982
v 0.06602527 1.03367567 -0.11345644
v 0.08166489 0.99353582 -0.08858211
v 0.08424386 0.98438919 -0.09108726
v 0.07972933 0.99128842 -0.10666815
v 0.07740835 0.99842370 -0.10360271
v 0.07592635 0.99451113 -0.12025870
v 0.06697176 0.99631941 -0.13037677
v 0.06362440 1.00521278 -0.12764341
v 0.07068084 1.00294495 -0.11733020
v 0.04030749 0.93890131 -0.04433110
v 0.04126121 0.93080544 -0.04922399
v 0.05471023 0.93875396 -0.05121823
v 0.05134918 0.94679183 -0.04807276
v 0.08856646 0.97810686 -0.09368502
v 0.08586743 0.98702532 -0.10873870
v 0.07499506 1.06751359 -0.10125787
v 0.07982956 1.06625962 -0.08924882
v 0.08274582 0.98934925 -0.12307823
v 0.07141550 1.01504672 -0.11584266
v 0.07546152 1.01113832 -0.10356673
v 0.04529754 1.03626943 -0.13219190
v 0.04391626 1.05412757 -0.13442512
v 0.03574013 1.04805326 0.03890410
v 0.03726352 1.06482708 0.03395844
v 0.03724169 1.06879663 0.03409912
v 0.03327888 1.06920373 0.03371894
v 0.03257497 1.06582379 0.03411616
v 0.01992677 1.10230565 0.05239584
v 0.02124005 1.08485830 0.05167356
v 0.03371809 1.09047115 0.05079342
v 0.03320219 1.10485017 0.04895625
v 0.06667982 1.03998280 0.02313395
v 0.05725925 1.04317808 0.03086072
v 0.05541267 1.03324699 0.03249805
v 0.06223868 1.02757704 0.02648349
v 0.06006697 1.07684970 0.02554049
v 0.06167587 1.07923722 0.02608484
v 0.05895565 1.07821858 0.02844968
v 0.06132423 1.01280987 0.02433158
v 0.06708444 1.01999271 0.01927491
v 0.08296896 1.06042242 -0.01281767
v 0.07008360 1.08286667 0.01551175
v 0.01729397 1.18456292 0.00445750
v 0.01947119 1.16579199 0.02941053
v 0.01682311 1.20108676 -0.06482887
v 0.01537883 1.19667339 -0.02789530
v 0.04503615 1.16686583 -0.12023085
v 0.04465321 1.14275956 -0.13249359
v 0.02255796 1.14393687 -0.14118968
v 0.02147226 1.17237353 -0.12676904
v 0.04718287 1.07253277 -0.14141127
v 0.05725386 0.99465829 -0.13941069
v 0.05218852 1.00550616 -0.13626905
v 0.02295014 1.14307833 0.04283510
v 0.01999687 1.12090838 0.04689057
v 0.07814240 1.10658288 -0.00740880
v 0.07614871 1.05651248 0.01158571
v 0.07063850 1.06189084 0.01714845
v 0.06908152 1.05689859 0.02076457
v 0.07453406 1.04863691 0.01476851
v 0.07954353 1.05010808 0.00147031
v 0.08181870 1.04464269 -0.01207642
v 0.08485017 1.03924096 -0.02770811
v 0.08394888 1.02987790 -0.03758818
v 0.07944930 1.13985944 -0.06842908
v 0.07218696 1.15503812 -0.07642701
v 0.06046067 1.17216420 -0.08752209
v 0.04298919 1.18521106 -0.09619827
v 0.08290190 1.12857628 -0.06546572
v 0.01848521 1.19288826 -0.10051443
v 0.02876079 1.01548505 0.04710729
v 0.03595549 1.01695144 0.04136115
v 0.02631700 1.01979375 0.04780562
v 0.03063031 0.99027371 0.04101932
v 0.02607659 0.98888719 0.04342888
v 0.02746697 0.98370183 0.03898916
v 0.03280234 0.98530972 0.03680328
v 0.04051366 0.95591891 0.00064528
v 0.04973675 0.96387172 -0.00344315
v 0.03967516 0.94538391 -0.03693999
v 0.04957065 0.95480049 -0.04211816
v 0.02469623 1.02847922 0.05399685
v 0.02264647 1.02859330 0.05438355
v 0.02258875 1.02755904 0.05219847
v 0.02495929 1.02783084 0.05173911
v 0.04263817 1.00289702 0.03383447
v 0.02543034 1.00569701 0.04932886
v 0.02189024 1.00491571 0.05021502
v 0.02241918 1.00167155 0.04785404
v 0.02608411 1.00235391 0.04681827
v 0.06458013 0.98024660 -0.02766813
v 0.06258235 0.97422481 -0.04058039
v 0.08478439 0.97452223 -0.07410856
v 0.08343847 0.98485327 -0.07218070
v 0.08069736 1.00638545 -0.08751750
v 0.06145212 1.01961613 -0.12831676
v 0.05102894 1.01864123 -0.13775623
v 0.02481343 1.01787496 -0.14464763
v 0.01904811 1.03392541 -0.14186896
v 0.03202489 1.03601193 -0.13821970
v 0.03632929 1.01920319 -0.14087316
v 0.05026402 0.96449673 -0.02004296
v 0.04088430 0.95618927 -0.01571760
v 0.04031665 0.95265150 -0.02742870
v 0.04972892 0.96182191 -0.03268774
v 0.01952545 1.02432537 0.05487284
v 0.01816966 1.02297413 0.05628021
v 0.01891718 1.02111578 0.05302574
v 0.02074235 1.02353251 0.05278829
v 0.02639347 1.02622879 0.04937725
v 0.02418795 1.02474689 0.04973312
v 0.02507716 1.02278090 0.04910687
v 0.02660669 1.02846110 0.05451921
v 0.02727778 1.02750754 0.05147231
v 0.02120298 1.02797544 0.05950467
v 0.02438349 1.02835870 0.05763437
v 0.02178201 1.02702832 0.06434548
v 0.02075259 1.02586281 0.05347772
v 0.02187123 1.02480507 0.05174305
v 0.02491491 1.02691698 0.05024043
v 0.02318460 1.02618587 0.05067132
v 0.02133269 1.02840006 0.05743223
v 0.02344554 1.02855110 0.05602846
v 0.01992451 1.05081809 0.06032658
v 0.01242971 1.05099583 0.06319785
v 0.01293713 1.04300261 0.06791705
v 0.01357343 1.03355348 0.07122025
v 0.01461447 1.02533770 0.06773385
v 0.03183093 0.94623870 -0.02454837
v 0.03120572 0.93979490 -0.03414436
v 0.00426939 1.11758518 0.05157588
v 0.00680056 1.09835935 0.05373582
v 0.04347257 1.00232196 0.03167795
v 0.03555113 1.08447659 0.04334877
v 0.06292535 1.05329263 0.02616622
v 0.04265741 1.05057359 0.03526056
v 0.04929674 1.04691708 0.03373936
v 0.04852553 1.05526137 0.03249778
v 0.04253740 1.05740738 0.03375667
v 0.02646729 1.08021355 0.04332080
v 0.01818856 1.07426643 0.04869288
v 0.02194845 1.07434607 0.04107951
v 0.02218517 1.06824136 0.03990468
v 0.01955299 1.06574821 0.04924126
v 0.02480758 1.06028342 0.04333052
v 0.02587122 1.06378555 0.03739454
v 0.05693176 1.07917583 0.03162913
v 0.05925339 1.08120668 0.03063102
v 0.03055911 1.05679369 0.03876391
v 0.03644061 1.05367541 0.03628103
v 0.03669873 1.05928791 0.03432395
v 0.03104937 1.06112552 0.03529216
v 0.05531628 1.05347466 0.03024770
v 0.06580189 1.08083558 0.02204834
v 0.06266136 1.06867671 0.02073312
v 0.08186942 1.06861949 -0.07826683
v 0.08145015 1.05447745 -0.07537918
v 0.09052135 1.04006243 -0.05545075
v 0.08938906 1.03561234 -0.05423123
v 0.08102947 1.03995645 -0.05849129
v 0.08716711 1.04309654 -0.06033140
v 0.08821855 1.09861851 -0.06169501
v 0.08587356 1.10788000 -0.06231114
v 0.08696610 1.10725594 -0.05499747
v 0.08750878 1.09899640 -0.05883488
v 0.08662188 1.10061109 -0.05107054
v 0.08765393 1.10331225 -0.04673523
v 0.08712003 1.09395814 -0.04855990
v 0.08745857 1.09523702 -0.05211970
v 0.08770560 1.11461651 -0.04190466
v 0.08714043 1.10943532 -0.03277799
v 0.08707412 1.09771407 -0.03989512
v 0.08151175 1.08958733 -0.01851283
v 0.08387877 1.08077312 -0.03334579
v 0.08437982 1.09061694 -0.03576396
v 0.08341423 1.10115421 -0.02574652
v 0.08805352 1.04043531 -0.04905370
v 0.08559112 1.04709625 -0.04367602
v 0.08023804 1.04507637 -0.06789367
v -0.00077401 1.14284086 -0.14484780
v -0.00519291 1.17162311 -0.12840833
v 0.06980617 1.10579026 -0.11278959
v 0.06083574 1.11253023 -0.12661572
v 0.07590160 1.09944820 -0.09875552
v 0.08222885 1.09347844 -0.08765046
v 0.04501014 1.11741912 -0.13926533
v 0.02562605 1.11900234 -0.14765906
v 0.08619729 1.07238805 -0.02204788
v 0.08420660 1.06937194 -0.03543699
v 0.06935848 1.08753562 -0.11683541
v 0.05977340 1.09158731 -0.13089551
v 0.07472765 1.08376849 -0.10216471
v 0.08015192 1.08105862 -0.08987135
v 0.04454711 1.09449446 -0.14013228
v 0.02828024 1.07009923 -0.14526689
v 0.02630724 1.09211361 -0.14635697
v 0.08853296 1.05171752 -0.05537383
v 0.08634815 1.05016398 -0.05121410
v 0.08823591 1.04433298 -0.05314322
v 0.09119410 1.04633701 -0.05380796
v 0.08564767 1.05773163 -0.02584699
v 0.08473144 1.05812132 -0.03955156
v 0.01977852 1.05812252 0.05562213
v 0.01153447 1.06607664 0.05465449
v 0.01221351 1.05846596 0.05892470
v 0.01061537 1.07385588 0.05187210
v -0.00821150 1.19575214 -0.02716367
v -0.00621560 1.18331432 0.00707310
v -0.00888668 1.19349360 -0.10149404
v -0.00920564 1.20221329 -0.06562383
v 0.02576551 0.97408414 0.03954166
v 0.03000482 0.95972717 0.03608391
v 0.02356998 1.01412296 0.05027702
v 0.02011760 1.01298273 0.05076452
v 0.02109540 1.00878572 0.05059463
v 0.02452201 1.00987172 0.04993393
v 0.03022319 1.07888722 0.03750806
v 0.02995864 1.05309367 -0.14166339
v 0.04023703 1.00445712 -0.14259505
v 0.04461464 0.99257153 -0.14578125
v 0.07513629 0.98831695 -0.13447785
v 0.06382388 0.98636091 -0.14400834
v 0.01926968 1.01713037 0.05142872
v 0.02224047 1.01827812 0.05062464
v 0.02035080 1.02771378 0.05590354
v 0.03135296 1.00284576 0.04456078
v 0.02174144 1.02140594 0.05114368
v 0.02218761 1.02369905 0.05127290
v 0.01668547 1.02007961 0.05353673
v 0.01736314 1.01655495 0.05146994
v 0.04221684 1.06375289 0.03373538
v 0.04180813 1.06846833 0.03426526
v 0.01882639 1.02418959 0.06019467
v 0.01929137 1.02600574 0.05783424
v 0.01506802 1.02254057 0.06075804
v 0.06931140 0.94774127 -0.05605005
v 0.08109755 0.95863438 -0.06532025
v 0.01939273 1.00445187 0.05039960
v 0.01984904 1.00101256 0.04831460
v -0.00225083 1.16404450 0.03316265
v 0.01511656 1.06487143 -0.15321842
v 0.00845635 1.08735383 -0.15377828
v 0.08538480 1.07563341 -0.04326896
v 0.08772402 1.07222426 -0.04960768
v 0.08793007 1.07989573 -0.04963392
v 0.08592893 1.08372939 -0.04341924
v 0.03054162 0.93248153 -0.04258724
v 0.08813017 0.96856737 -0.07891205
v 0.05050044 0.98348635 -0.15213542
v 0.05979083 1.07502913 0.02460654
v 0.05847247 1.07312346 0.02514218
v 0.03303434 1.07684088 0.03600676
v 0.00253837 1.11613536 -0.15166853
v 0.03303051 0.99622673 0.03943686
v 0.03119804 1.00017846 0.04011072
v 0.02723503 1.00286925 -0.14688696
v 0.03211508 0.95090836 -0.01290126
v 0.01649331 1.02190518 0.05706090
v 0.01585915 1.04934561 -0.14707077
v 0.08988766 1.08865452 -0.05616732
v 0.09126134 1.08599269 -0.05290674
v 0.09112394 1.08226347 -0.05402279
v 0.08995303 1.08309913 -0.05536991
v 0.09175966 1.08837283 -0.04832798
v 0.09344649 1.08501899 -0.05072756
v 0.09474038 1.08858132 -0.05125853
v 0.09278173 1.09237313 -0.04959913
v 0.08703982 1.08977723 -0.04528537
v 0.09081699 1.08400726 -0.04778735
v 0.09543668 1.09119630 -0.05317530
v 0.09482439 1.09385657 -0.05136819
v 0.09181318 1.09612143 -0.05223070
v 0.08769038 1.09756732 -0.05580270
v 0.09712799 1.09545851 -0.05464150
v 0.09321181 1.09816694 -0.05619538
v 0.09866752 1.09669542 -0.05983078
v 0.09416731 1.09926569 -0.06158705
v 0.10054552 1.09552848 -0.06589525
v 0.09501012 1.09711993 -0.06783403
v 0.08687849 1.05662692 -0.04906578
v 0.08837007 1.05789614 -0.05538966
v 0.10175198 1.09139729 -0.07050780
v 0.09529206 1.09183621 -0.07268326
v 0.10227610 1.08524013 -0.07484194
v 0.09586339 1.08578253 -0.07673303
v 0.10248393 1.07787037 -0.07667403
v 0.09658764 1.07711327 -0.07863196
v 0.10264751 1.06954920 -0.07666910
v 0.09702624 1.06842649 -0.07773233
v 0.10170634 1.06130958 -0.07386974
v 0.09606619 1.05800462 -0.07628826
v 0.09616496 1.09453034 -0.06136964
v 0.09737295 1.09255624 -0.06577691
v 0.08684102 1.09487212 -0.06467798
v 0.09533408 1.09415221 -0.05660723
v 0.09101556 1.07833958 -0.06159654
v 0.08730920 1.08269215 -0.06324862
v 0.08687107 1.08124614 -0.06363952
v 0.08724637 1.07977033 -0.06585151
v 0.08763085 1.06490409 -0.05231862
v 0.08796106 1.06535435 -0.05559471
v 0.08834016 1.07039380 -0.05381462
v 0.08784081 1.06106400 -0.05725816
v 0.08601040 1.06240773 -0.05803593
v 0.08500558 1.06594801 -0.05661668
v 0.08471818 1.07057703 -0.05618629
v 0.08679103 1.06136441 -0.06084058
v 0.08911082 1.05971467 -0.06074305
v 0.08488500 1.06262517 -0.06091973
v 0.08448416 1.06324935 -0.05936381
v 0.08301271 1.06583953 -0.05969024
v 0.08420175 1.07004154 -0.06115991
v 0.08548193 1.06650543 -0.04622336
v 0.08578645 1.07019973 -0.07097048
v 0.08549443 1.05944955 -0.07019234
v 0.09859027 1.05477715 -0.06993200
v 0.09627798 1.04746842 -0.07235993
v 0.09598882 1.04344749 -0.05757342
v 0.09798490 1.04225385 -0.06503525
v 0.08588026 1.09031677 -0.06856134
v 0.08620524 1.08471537 -0.07204467
v 0.08644946 1.05028141 -0.06597331
v 0.08665302 1.07843208 -0.07319199
v 0.09894539 1.06480217 -0.07178079
v 0.09616876 1.06024432 -0.06886936
v 0.10053608 1.07090914 -0.07400088
v 0.09108378 1.05650616 -0.06015170
v 0.09283828 1.05121219 -0.05928089
v 0.09646860 1.05147445 -0.06486119
v 0.09261657 1.05755711 -0.06552708
v 0.09728942 1.06686163 -0.06895293
v 0.09384105 1.06353927 -0.06776465
v 0.09353928 1.06913126 -0.06782836
v 0.08981602 1.06647801 -0.06653478
v 0.08756901 1.06310821 -0.06409502
v 0.09022705 1.06081915 -0.06464612
v 0.08490139 1.06873727 -0.06630139
v 0.08907061 1.07227039 -0.06619623
v 0.08436207 1.06455290 -0.06329140
v 0.09589888 1.07307005 -0.06753799
v 0.09736815 1.07773042 -0.06808929
v 0.09483435 1.07917488 -0.06421287
v 0.09219146 1.07577384 -0.06543971
v 0.09968649 1.07747006 -0.07458447
v 0.10007811 1.07709002 -0.07098197
v 0.09927260 1.07187784 -0.07030984
v 0.09941273 1.08276856 -0.06993137
v 0.09879211 1.08408189 -0.07262484
v 0.09775484 1.08211422 -0.06765114
v 0.09606572 1.08257926 -0.06530687
v 0.09723701 1.09034932 -0.06440818
v 0.09837462 1.08743834 -0.06747848
v 0.09851177 1.08944941 -0.06960171
v 0.09783401 1.08564091 -0.06565868
v 0.09626815 1.08812189 -0.06365757
v 0.09492269 1.08646047 -0.06361578
v 0.09620116 1.08518577 -0.06522607
v 0.09350747 1.09123123 -0.05438884
v 0.09237944 1.08927715 -0.05258055
v 0.09435384 1.09211099 -0.05742230
v 0.09201345 1.09392095 -0.05655527
v 0.09292924 1.09034407 -0.05811536
v 0.09075994 1.09279644 -0.05629434
v 0.09216937 1.08834791 -0.05808681
v 0.09093459 1.08470976 -0.05818269
v 0.04462508 0.91156781 -0.05463386
v 0.04262196 0.92243791 -0.05229351
v 0.02979912 0.91584611 -0.05335127
v 0.03037487 0.90570718 -0.05778056
v 0.09348738 1.08721364 -0.06087023
v 0.09451362 1.08954644 -0.06120305
v 0.09551607 1.09224975 -0.06142290
v 0.09256350 1.08181882 -0.06143242
v 0.09412762 1.08164895 -0.06268120
v 0.09429517 1.08383942 -0.06322347
v 0.09265301 1.08443975 -0.06104393
v 0.08840092 1.07466197 -0.05326863
v 0.08700599 1.07383430 -0.05720522
v 0.08739308 1.07287526 -0.06183545
v 0.09107392 0.90744400 -0.04903230
v 0.11070436 0.92208397 -0.05025016
v 0.10195092 0.93214160 -0.05863142
v 0.08498861 0.91988397 -0.05595542
v 0.09512508 0.87469339 -0.03032687
v 0.09110957 0.85232669 -0.02466746
v 0.11960927 0.85902131 -0.01675798
v 0.13087785 0.88886380 -0.02670166
v 0.10820594 0.83531916 -0.00998089
v 0.08406013 0.83098567 -0.01914267
v 0.08481017 0.77719486 0.00436097
v 0.09013492 0.79534388 0.00118312
v 0.07129592 0.79296595 -0.00873199
v 0.06667046 0.77528048 -0.00508936
v 0.11217067 0.70678949 0.00124003
v 0.09941800 0.70690811 0.00011681
v 0.09540419 0.69437295 -0.00998974
v 0.11049527 0.69285715 -0.01143306
v 0.18293121 0.80074680 0.00911182
v 0.19419247 0.79073298 0.00515793
v 0.20041338 0.80776989 0.00248386
v 0.18991554 0.81893390 0.00422148
v 0.16198239 0.94162661 -0.05497377
v 0.14742522 0.94999695 -0.06256628
v 0.13722782 0.92769945 -0.04941620
v 0.15173191 0.91696882 -0.04071978
v 0.17116952 0.72106767 -0.01238765
v 0.15941879 0.72617948 0.00112990
v 0.15433434 0.71648306 -0.00240222
v 0.16468287 0.71080565 -0.01445742
v 0.15809865 0.62612653 -0.03891683
v 0.13818198 0.62400836 -0.02735777
v 0.13850510 0.60162592 -0.03080066
v 0.15951818 0.60331821 -0.04281725
v 0.21601275 0.65938044 -0.09358978
v 0.21507841 0.63769186 -0.09829099
v 0.22139338 0.64194340 -0.12682161
v 0.22372308 0.66269070 -0.12126513
v 0.12014516 0.77759647 0.01565747
v 0.12851155 0.79544461 0.01328875
v 0.10951167 0.79620457 0.00843519
v 0.10277878 0.77798390 0.01117715
v 0.29187450 0.67586809 -0.00845501
v 0.27978471 0.69977593 -0.00960821
v 0.27090856 0.69254702 -0.02128485
v 0.28301165 0.66902518 -0.02059323
v 0.20913497 0.53756166 -0.10041390
v 0.21016672 0.51743919 -0.09851362
v 0.21851066 0.52378809 -0.12623414
v 0.21563917 0.54356325 -0.12641120
v 0.25019753 0.82341284 0.00558661
v 0.26796579 0.83839130 0.00169168
v 0.26027700 0.85774136 0.00107126
v 0.24325317 0.84102243 0.00787351
v 0.17700395 0.76380450 0.00698297
v 0.18506783 0.77674431 0.00702764
v 0.17417082 0.78486133 0.01268151
v 0.16619414 0.77009249 0.01353122
v 0.23115176 0.70041871 -0.10848115
v 0.23605871 0.71893758 -0.10169518
v 0.22586051 0.71519148 -0.08253003
v 0.22187969 0.69696540 -0.08621317
v 0.21908113 0.67906904 -0.09016993
v 0.22705334 0.68179184 -0.11529603
v 0.15228805 0.77323484 0.01708975
v 0.16253063 0.79105085 0.01552451
v 0.14654279 0.79379511 0.01552829
v 0.13672900 0.77583069 0.01754312
v 0.09045307 0.68262827 -0.01804173
v 0.10891671 0.68084931 -0.01907270
v 0.19372451 0.50991434 -0.07523564
v 0.19488925 0.53059191 -0.07655635
v 0.17562938 0.52342606 -0.05839941
v 0.17289823 0.50221133 -0.05848645
v 0.11475515 0.64569694 -0.02265917
v 0.13513905 0.64650714 -0.02676867
v 0.12943199 0.66649014 -0.02480501
v 0.11048944 0.66490221 -0.02209559
v 0.14933509 0.49615029 -0.04705967
v 0.15284771 0.51754189 -0.04576634
v 0.12826768 0.51505232 -0.03653380
v 0.12459023 0.49175897 -0.03732829
v 0.09778745 0.81459361 -0.00360857
v 0.07699864 0.81143403 -0.01357636
v 0.13627698 0.70894957 -0.00117679
v 0.12504369 0.70771992 0.00073740
v 0.12409345 0.69383371 -0.01248635
v 0.13622621 0.69630963 -0.01406685
v 0.20959252 0.76649094 -0.02129133
v 0.22085711 0.77480769 -0.02465029
v 0.21350607 0.79099512 -0.00590369
v 0.20383108 0.77837998 -0.00460553
v 0.21897328 0.50435501 -0.12557748
v 0.20886573 0.49747062 -0.09777560
v 0.14577350 0.47466314 -0.04940352
v 0.12216400 0.46917248 -0.03966711
v 0.26020014 0.78063732 -0.09084018
v 0.25307077 0.77900136 -0.07818818
v 0.25097436 0.77647460 -0.08012542
v 0.25977096 0.77817440 -0.09189998
v 0.05839925 0.70634574 -0.01401789
v 0.07250077 0.69060439 -0.01746204
v 0.08077969 0.70027107 -0.00725247
v 0.07011098 0.71313298 -0.00371440
v 0.13945270 0.68314230 -0.02443267
v 0.12534100 0.68095410 -0.02177158
v 0.14574316 0.66923249 -0.02967039
v 0.04743148 0.69965518 -0.02652629
v 0.06251732 0.67518562 -0.02757309
v 0.05721039 0.80739605 -0.02442130
v 0.05241491 0.78994799 -0.01981482
v 0.06169919 0.82549888 -0.02922152
v 0.06530851 0.84517789 -0.03362827
v 0.04332003 0.83961749 -0.04133937
v 0.04110631 0.82051140 -0.03850348
v 0.06777920 0.86581349 -0.03676811
v 0.04442786 0.85904348 -0.04301405
v 0.06862445 0.89577037 -0.05132738
v 0.06505468 0.90861404 -0.05528170
v 0.19466731 0.76628023 -0.00335374
v 0.18739438 0.75545609 -0.00405905
v 0.16968733 0.48101491 -0.06050694
v 0.21678579 0.88379157 -0.16036457
v 0.23192003 0.88242954 -0.14543545
v 0.23149270 0.86769480 -0.15670221
v 0.21623442 0.86819315 -0.17204751
v 0.16773312 0.91055608 -0.03123352
v 0.17554376 0.93542594 -0.04831684
v 0.27725855 0.80244398 -0.13312921
v 0.27671644 0.79488254 -0.13174693
v 0.27088347 0.79467291 -0.13777649
v 0.27291432 0.80315447 -0.13900429
v 0.27426547 0.78612268 -0.11062403
v 0.28121114 0.78712898 -0.11750820
v 0.28594422 0.77939796 -0.11872195
v 0.28066763 0.77518564 -0.11363509
v 0.21836442 0.52945954 -0.15318951
v 0.21503717 0.54853392 -0.15375702
v 0.22425190 0.68980187 -0.18902978
v 0.23213166 0.71229202 -0.17476532
v 0.23411909 0.69912720 -0.15792426
v 0.22774628 0.67782730 -0.16965096
v 0.11597938 0.86198902 -0.21781300
v 0.13569757 0.86725831 -0.21231209
v 0.13701712 0.85190439 -0.21800900
v 0.11869667 0.84745508 -0.22347058
v 0.17866600 0.89571738 -0.18316549
v 0.15595835 0.88979375 -0.19799384
v 0.15334587 0.90421474 -0.18984914
v 0.17666009 0.91047561 -0.17255706
v 0.19901517 0.88305449 -0.17743206
v 0.19997117 0.86690325 -0.18956673
v 0.23704913 0.70871270 -0.12836385
v 0.24376777 0.72636676 -0.11936417
v 0.25075981 0.75183767 -0.10947777
v 0.25392240 0.76097351 -0.10761775
v 0.24569383 0.75571203 -0.09304024
v 0.24293005 0.74612045 -0.09421203
v 0.13394053 0.95714027 -0.07206392
v 0.15453961 0.96264821 -0.08511096
v 0.13851790 0.96854472 -0.09539264
v 0.12384057 0.95093608 -0.15935419
v 0.13159946 0.95523381 -0.14888127
v 0.14187160 0.95107341 -0.15201496
v 0.12856898 0.94554830 -0.16561112
v 0.14997879 0.77222925 -0.24139814
v 0.15136331 0.74233204 -0.24869998
v 0.13205612 0.74616700 -0.25347304
v 0.13197708 0.77222037 -0.24645892
v 0.26221430 0.77403605 -0.11895784
v 0.26520309 0.78013533 -0.12809901
v 0.27006218 0.78426826 -0.12483827
v 0.26732033 0.77809471 -0.11783606
v 0.26066822 0.77452677 -0.13097796
v 0.25805017 0.76748967 -0.12024516
v 0.25459114 0.75871301 -0.12265349
v 0.25631908 0.76689076 -0.13501853
v 0.23980290 0.73078978 -0.16071694
v 0.24764895 0.74604130 -0.14886278
v 0.24760440 0.73600149 -0.13448602
v 0.24068454 0.71895558 -0.14518553
v 0.11839106 0.65079254 -0.26079735
v 0.12355348 0.68267983 -0.26169327
v 0.14212513 0.67907208 -0.25808311
v 0.13577658 0.64744365 -0.25764921
v 0.24282280 0.77060223 -0.05823007
v 0.24586293 0.76001918 -0.06310382
v 0.23675907 0.76148933 -0.04870504
v 0.23468602 0.76993442 -0.04435843
v 0.30643716 0.78975219 -0.11822060
v 0.31037891 0.79491889 -0.11567533
v 0.31740576 0.78763807 -0.10981321
v 0.31362215 0.78356570 -0.11310192
v 0.26055667 0.74220419 -0.08063004
v 0.26812148 0.72446513 -0.08305018
v 0.25866836 0.72644460 -0.06866671
v 0.25038829 0.74504781 -0.06710546
v 0.19884256 0.93848693 -0.06914164
v 0.18615568 0.94780314 -0.07228886
v 0.18813369 0.92972451 -0.04267567
v 0.27086738 0.75843453 -0.10004129
v 0.27861181 0.76176536 -0.11012819
v 0.28710118 0.74858385 -0.11296988
v 0.27772519 0.74406254 -0.10462461
v 0.30604494 0.68420339 -0.00129245
v 0.29512569 0.70846182 -0.00416340
v 0.28869706 0.70581818 -0.09581039
v 0.27769569 0.72395271 -0.09666885
v 0.28768423 0.72708023 -0.10664389
v 0.30055702 0.70918608 -0.10384268
v 0.22140715 0.65541393 -0.17850889
v 0.21449903 0.66606855 -0.19953135
v 0.19758812 0.53532565 -0.19832321
v 0.19517592 0.55605358 -0.19939408
v 0.20717013 0.55298406 -0.17864159
v 0.21072775 0.53314972 -0.17781165
v 0.21988609 0.50982189 -0.15347335
v 0.19991520 0.51415038 -0.19916414
v 0.21268845 0.51296270 -0.17837290
v 0.10917112 0.97668010 -0.10521838
v 0.12345205 0.97209591 -0.10077299
v 0.11816003 0.97309834 -0.12333636
v 0.10462721 0.97823888 -0.12401666
v 0.23217255 0.38417572 -0.16296919
v 0.22755781 0.37950990 -0.13317901
v 0.23523092 0.34403738 -0.13204557
v 0.23694938 0.35138485 -0.16636409
v 0.09486376 0.96182424 -0.15636317
v 0.08282933 0.97023165 -0.15208653
v 0.09472972 0.97517383 -0.13963011
v 0.10739013 0.96761763 -0.14176241
v 0.23018736 0.41509455 -0.16163075
v 0.22397831 0.40710086 -0.13206342
v 0.10777618 0.96724057 -0.08707403
v 0.12097759 0.96265227 -0.07952317
v 0.10303421 0.95407867 -0.07487463
v 0.11329748 0.94663632 -0.06761476
v 0.09340446 0.94164526 -0.06472369
v 0.21744531 0.36732113 -0.10322355
v 0.22534454 0.33444375 -0.10016015
v 0.09253233 0.98435283 -0.12384053
v 0.08395456 0.98197627 -0.13818935
v 0.07308307 0.97798753 -0.14911398
v 0.05863823 0.97558904 -0.15795007
v 0.04320195 0.97239393 -0.16527940
v 0.03645702 0.97975528 -0.15822129
v 0.21463341 0.48587516 -0.12589239
v 0.21716863 0.49041259 -0.15437183
v 0.21282324 0.25144544 -0.24554496
v 0.21366453 0.22938025 -0.23044281
v 0.18596593 0.22756064 -0.24697888
v 0.18760595 0.25048628 -0.26494190
v 0.11988075 0.25233099 -0.27600646
v 0.15679404 0.24901375 -0.27188280
v 0.15106294 0.22867885 -0.25691760
v 0.11299273 0.23307246 -0.25715107
v 0.12546571 0.39209890 -0.30178177
v 0.12387243 0.41334081 -0.29319629
v 0.15072113 0.41459453 -0.28493962
v 0.15295713 0.39333838 -0.29412115
v 0.21101221 0.49347958 -0.17915292
v 0.19956422 0.49410710 -0.20001824
v 0.20398590 0.47918192 -0.09905690
v 0.22961250 0.19422224 -0.09062516
v 0.23213086 0.16244164 -0.10005683
v 0.24648172 0.17289844 -0.13555470
v 0.24805337 0.20633224 -0.12495758
v 0.23837814 0.18888506 -0.19962026
v 0.21369323 0.18979102 -0.22419149
v 0.21382096 0.20946985 -0.22536859
v 0.23927042 0.21265119 -0.19762355
v 0.09966587 0.46426719 -0.03008741
v 0.09765770 0.44098091 -0.03653663
v 0.12009773 0.44734758 -0.04379657
v 0.03640193 0.45337707 -0.02799290
v 0.03529950 0.42915684 -0.03519946
v 0.05466786 0.43209887 -0.03256464
v 0.05735744 0.45636851 -0.02351387
v 0.03995013 0.29648560 -0.05974552
v 0.04536493 0.32372630 -0.05621268
v 0.03096770 0.32506025 -0.06137151
v 0.02907296 0.30009261 -0.06475507
v 0.20346439 0.35276109 -0.07484341
v 0.19580829 0.38347092 -0.08136678
v 0.17260173 0.36922777 -0.06343737
v 0.17648235 0.33730099 -0.05805007
v 0.14420432 0.21545461 -0.24530801
v 0.10744316 0.21830481 -0.23997328
v 0.19953915 0.18885797 -0.06430542
v 0.20402855 0.15539098 -0.06821202
v 0.16858310 0.14871922 -0.05965140
v 0.16331281 0.18539748 -0.05536997
v 0.13024819 0.18255743 -0.06189843
v 0.13401142 0.14901283 -0.06775250
v 0.03477592 0.19515154 -0.09794980
v 0.04301092 0.19876146 -0.10926909
v 0.04906823 0.20944908 -0.08017112
v 0.03966516 0.21655226 -0.07146548
v 0.12405653 0.30032572 -0.30589285
v 0.15477628 0.29841673 -0.29909846
v 0.15498507 0.27242127 -0.28786048
v 0.12248516 0.27752808 -0.29663765
v 0.18416354 0.49303362 -0.21720268
v 0.18305209 0.51408732 -0.21567822
v 0.16493016 0.51428902 -0.22776845
v 0.16292033 0.53769630 -0.22572915
v 0.18124625 0.53661871 -0.21347737
v 0.18663293 0.69231552 -0.23163591
v 0.19856477 0.71859825 -0.22243811
v 0.21405077 0.70202959 -0.20754805
v 0.20266238 0.67898190 -0.21655279
v 0.15721425 0.87396258 -0.20613806
v 0.15776122 0.85759437 -0.21267852
v 0.17824295 0.19137838 -0.24013272
v 0.18516141 0.16944209 -0.24347350
v 0.14720967 0.16907138 -0.24888402
v 0.12983578 0.19601581 -0.23976982
v 0.23856542 0.16343394 -0.20493403
v 0.25184101 0.18455356 -0.16874121
v 0.24859896 0.15625286 -0.17535755
v 0.23234552 0.13139600 -0.10556134
v 0.24554449 0.14459389 -0.14256316
v 0.17187476 0.11523700 -0.06778760
v 0.13736348 0.11543638 -0.07638137
v 0.06917281 0.16074079 -0.13869184
v 0.07598010 0.13509646 -0.14946793
v 0.08948950 0.12700376 -0.12301859
v 0.08399850 0.15531605 -0.11282281
v 0.07866927 0.27660426 -0.04260315
v 0.08957004 0.25697562 -0.05047354
v 0.11797973 0.27882361 -0.04581988
v 0.11431665 0.30498853 -0.04411834
v 0.06028275 0.48210621 -0.01678182
v 0.04251849 0.47839320 -0.02025352
v 0.10164621 0.48880419 -0.02676047
v 0.08028030 0.48569369 -0.01844534
v 0.07809986 0.45966697 -0.02363087
v 0.06590565 0.58151609 -0.01510000
v 0.06481980 0.56022441 -0.01399168
v 0.08839137 0.55992711 -0.01683362
v 0.09038971 0.58066154 -0.01707415
v 0.09112184 0.60206807 -0.01687551
v 0.06612045 0.60288280 -0.01662794
v 0.06400259 0.64858353 -0.02585441
v 0.09087870 0.64665836 -0.02266726
v 0.08795171 0.66696066 -0.02264193
v 0.03736604 0.80291098 -0.03459074
v 0.03433900 0.78597122 -0.03194065
v 0.20915118 0.32035226 -0.06983212
v 0.09176490 0.18792415 -0.22801724
v 0.10954258 0.16346431 -0.24000952
v 0.08722892 0.15681183 -0.22211300
v 0.07624590 0.17939794 -0.20808877
v 0.21264443 0.39570457 -0.10505404
v 0.19105837 0.48935813 -0.07600567
v 0.18665224 0.47032553 -0.07870796
v 0.19550937 0.66219872 -0.06329939
v 0.19876182 0.63423705 -0.07197297
v 0.08691723 0.70811343 -0.00078528
v 0.08307405 0.71811831 0.00308184
v 0.25245667 0.21348763 -0.16351274
v 0.17386420 0.08290303 -0.07489781
v 0.14001074 0.08315980 -0.08404668
v 0.14259873 0.05251986 -0.09425645
v 0.17493546 0.05269212 -0.08525844
v 0.08217388 0.11317265 -0.18622828
v 0.09754594 0.08439428 -0.19514132
v 0.09738776 0.07830244 -0.17027812
v 0.08499049 0.10691512 -0.16120705
v 0.10934685 0.05391568 -0.20180437
v 0.11896058 0.02325451 -0.20863482
v 0.11608175 0.01632226 -0.18596889
v 0.10846344 0.04639208 -0.17776431
v 0.20717821 0.12029183 -0.07584780
v 0.23273796 0.06919217 -0.11504904
v 0.23286784 0.09949744 -0.10905541
v 0.20781720 0.08837491 -0.08304422
v 0.20817110 0.05851704 -0.09133222
v 0.21353564 0.16709989 -0.22910267
v 0.06286894 0.16450769 -0.16246243
v 0.07160514 0.14147472 -0.17453125
v 0.11850687 0.09514982 -0.23751605
v 0.10228130 0.12646630 -0.23218891
v 0.12713310 0.13371474 -0.24912080
v 0.14126526 0.10143727 -0.25228816
v 0.24157959 0.10302377 -0.21000032
v 0.23923671 0.13379601 -0.20774636
v 0.24850440 0.12615252 -0.17782436
v 0.24947709 0.09428483 -0.18067819
v 0.24362880 0.11405039 -0.14404085
v 0.24302197 0.08256209 -0.14825124
v 0.23051471 0.00941759 -0.12749717
v 0.23183477 0.03866708 -0.12057716
v 0.20634162 0.02943677 -0.10025483
v 0.20546338 0.00108618 -0.11070363
v 0.24293235 0.02154744 -0.15741694
v 0.24277437 0.05236888 -0.15332852
v 0.24849492 0.03398651 -0.18773374
v 0.24847311 0.06470025 -0.18435612
v 0.24248636 0.04247350 -0.21247426
v 0.24275956 0.07308757 -0.21197109
v 0.22937360 0.04759109 -0.23325218
v 0.22683454 0.07696170 -0.23407081
v 0.20536259 0.07786047 -0.24899432
v 0.21065423 0.04862142 -0.24757302
v 0.18794993 0.04695022 -0.25364220
v 0.17976180 0.07677829 -0.25440094
v 0.14394301 0.03671008 -0.24397926
v 0.13285193 0.06498015 -0.24073514
v 0.15387434 0.07183570 -0.25232276
v 0.16455224 0.04268283 -0.25256541
v 0.18073195 -0.06979191 -0.25819391
v 0.17098616 -0.04225665 -0.25541836
v 0.18963435 -0.03720015 -0.25545394
v 0.19728741 -0.06510168 -0.25877070
v 0.21413523 -0.06108189 -0.25928825
v 0.20688486 -0.03412127 -0.25416270
v 0.22349212 -0.03286225 -0.24934649
v 0.23138845 -0.06046402 -0.25630611
v 0.24597859 -0.03993326 -0.22001597
v 0.25372395 -0.06743449 -0.22480395
v 0.24462247 -0.06218392 -0.24405427
v 0.23673150 -0.03464633 -0.23736167
v 0.25682485 -0.04710644 -0.19976839
v 0.26226255 -0.07510388 -0.20510474
v 0.24959332 -0.05793184 -0.17512205
v 0.25176513 -0.08630431 -0.18031600
v 0.22922832 -0.06912863 -0.15309393
v 0.23416084 -0.09612143 -0.15628633
v 0.13756132 -0.06590372 -0.21796803
v 0.14049663 -0.05726886 -0.23463678
v 0.14999466 -0.08329260 -0.24235949
v 0.14483231 -0.09209281 -0.22701150
v 0.15261267 -0.07684183 -0.17389688
v 0.16118371 -0.10132450 -0.18590359
v 0.17077976 -0.10446376 -0.16023977
v 0.16386108 -0.07917780 -0.15092643
v 0.22948056 -0.01751697 -0.13641047
v 0.24261433 -0.00552964 -0.16358262
v 0.24910581 0.00581867 -0.19098330
v 0.24170661 0.01361448 -0.21358147
v 0.15405220 0.00936747 -0.24662848
v 0.17391130 0.01527858 -0.25293273
v 0.12399711 -0.01233393 -0.19571048
v 0.12744524 -0.00478768 -0.21636260
v 0.17851585 -0.05597132 -0.12416159
v 0.20668337 -0.05206919 -0.12719555
v 0.20399675 -0.02620113 -0.11962133
v 0.17589960 -0.03020072 -0.11726205
v 0.24711484 -0.03257018 -0.16966380
v 0.25166059 -0.02084970 -0.19537239
v 0.24220601 -0.01375836 -0.21585950
v 0.21867910 -0.00665104 -0.24687615
v 0.23295557 -0.00824231 -0.23421322
v 0.20127645 -0.00771302 -0.25261241
v 0.16277221 -0.01605958 -0.25115532
v 0.18195838 -0.01034856 -0.25383353
v 0.13162184 -0.03989094 -0.20753878
v 0.13422596 -0.03157216 -0.22465043
v 0.19022852 -0.10601038 -0.14079845
v 0.21524075 -0.10271019 -0.14075467
v 0.21070945 -0.07782638 -0.13313264
v 0.18281481 -0.08227122 -0.13146549
v 0.19789460 -0.12634623 -0.15335569
v 0.18109450 -0.12603420 -0.16830769
v 0.24026462 -0.09045339 -0.26042145
v 0.22371811 -0.09088129 -0.26671353
v 0.25363663 -0.09293109 -0.24834676
v 0.25499526 -0.11463159 -0.18037573
v 0.26759559 -0.10428530 -0.20793396
v 0.23698962 -0.12445205 -0.16201296
v 0.21888524 -0.12493360 -0.15035135
v 0.17731941 -0.14227617 -0.24734467
v 0.17263691 -0.14837867 -0.23115802
v 0.15922502 -0.11833972 -0.22896038
v 0.16469754 -0.11146951 -0.24451730
v 0.20029658 -0.13165057 -0.26807600
v 0.19171369 -0.10011721 -0.26120687
v 0.20572129 -0.09426790 -0.26463598
v 0.21613026 -0.12646115 -0.27680311
v 0.25155637 -0.12318176 -0.26673725
v 0.23449859 -0.12312192 -0.27541760
v 0.26631933 -0.12403989 -0.25332341
v 0.27408692 -0.13586730 -0.20722690
v 0.27634326 -0.12771142 -0.23278987
v 0.26491541 -0.09689164 -0.23061556
v 0.26127884 -0.14637828 -0.17903399
v 0.24402517 -0.18852240 -0.16823734
v 0.26884374 -0.17912066 -0.17856452
v 0.23644063 -0.15722394 -0.16480997
v 0.23320085 -0.29309875 -0.18999933
v 0.23814785 -0.32930547 -0.19631235
v 0.25813207 -0.32606643 -0.19050469
v 0.25588745 -0.29012531 -0.18211091
v 0.18364808 -0.17592573 -0.25395155
v 0.17991912 -0.18037230 -0.23562604
v 0.22426608 -0.16123658 -0.28468895
v 0.20631441 -0.16644186 -0.27706200
v 0.29172397 -0.20220101 -0.20861620
v 0.29455668 -0.19475311 -0.23789261
v 0.28720635 -0.16040915 -0.23448500
v 0.28476754 -0.16832191 -0.20592535
v 0.18953496 -0.28471053 -0.24773483
v 0.18459210 -0.24973708 -0.24415451
v 0.18885848 -0.24581373 -0.26477945
v 0.19342789 -0.28169399 -0.26730120
v 0.22842807 -0.19656134 -0.29139555
v 0.23311093 -0.23293316 -0.29628155
v 0.21416861 -0.23762977 -0.29040530
v 0.20998421 -0.20209301 -0.28515995
v 0.29553357 -0.27616012 -0.21693443
v 0.29874691 -0.27113247 -0.24355029
v 0.29864976 -0.23173070 -0.24123794
v 0.29521063 -0.23778117 -0.21237183
v 0.24904087 -0.22093242 -0.17049927
v 0.25390583 -0.25475168 -0.17592040
v 0.27950352 -0.24680513 -0.18667157
v 0.27582163 -0.21210015 -0.18238789
v 0.22502255 -0.22424638 -0.17896421
v 0.22934890 -0.25751817 -0.18302469
v 0.21556434 -0.35790622 -0.26289392
v 0.21286952 -0.36252064 -0.24801172
v 0.20121309 -0.32299632 -0.24807540
v 0.20392367 -0.31894422 -0.26591381
v 0.23839769 -0.27027225 -0.29562181
v 0.24315596 -0.30972457 -0.28980544
v 0.22579744 -0.31279814 -0.28639105
v 0.21879077 -0.27474636 -0.29148459
v 0.29294112 -0.35738307 -0.22790113
v 0.29471055 -0.35319263 -0.24864960
v 0.29743084 -0.31206048 -0.24629575
v 0.29425964 -0.31609279 -0.22238436
v 0.26159018 -0.36519444 -0.19928631
v 0.28097576 -0.36148703 -0.20701222
v 0.28072947 -0.32134634 -0.19906081
v 0.24440619 -0.36774135 -0.20352688
v 0.24974677 -0.40637648 -0.20957074
v 0.26361573 -0.40436375 -0.20575649
v 0.22353044 -0.39599049 -0.26232964
v 0.22303033 -0.39974678 -0.24767321
v 0.23553437 -0.39085460 -0.27999693
v 0.23243526 -0.35195440 -0.28154159
v 0.24649614 -0.34930038 -0.28591770
v 0.24810946 -0.38774836 -0.28489077
v 0.27877420 -0.35047567 -0.27694786
v 0.27802846 -0.38913763 -0.27693820
v 0.26324618 -0.38709831 -0.28331244
v 0.26259825 -0.34896028 -0.28394252
v 0.29129371 -0.39175224 -0.25106257
v 0.28656289 -0.39018726 -0.26626861
v 0.29001343 -0.35140157 -0.26540235
v 0.29049832 -0.39506149 -0.23116505
v 0.27992508 -0.40008605 -0.21213546
v 0.06712262 0.20265138 -0.20046039
v 0.07975785 0.20044148 -0.21443366
v 0.06753369 0.19266838 -0.19548416
v 0.05891030 0.19796538 -0.18250489
v 0.10534855 0.06702632 -0.14352065
v 0.09732204 0.09835577 -0.13295668
v 0.11869220 0.00697976 -0.16210741
v 0.11217758 0.03596103 -0.15219855
v 0.12692343 -0.02032906 -0.17216687
v 0.14264926 -0.07327563 -0.19856696
v 0.13539830 -0.04667133 -0.18443108
v 0.15085042 -0.09888202 -0.20593201
v 0.16295937 -0.12543827 -0.21015787
v 0.17561409 -0.15422243 -0.21099553
v 0.18766597 -0.21745270 -0.21616390
v 0.18490088 -0.18467766 -0.21347377
v 0.18244669 -0.21459037 -0.23961292
v 0.19767690 -0.28798765 -0.22447711
v 0.19084576 -0.25229841 -0.22034675
v 0.21800488 -0.36627740 -0.23092689
v 0.20713541 -0.32688636 -0.22810701
v 0.22878158 -0.40318859 -0.23224512
v 0.09900191 0.21144727 -0.07411617
v 0.09666005 0.22983631 -0.06777503
v 0.07459895 0.21825272 -0.08496988
v 0.07705384 0.20445043 -0.09540506
v 0.03449509 0.18778810 -0.13077646
v 0.04164808 0.19339055 -0.14184678
v 0.04110119 0.19512865 -0.12812954
v 0.03351280 0.18993685 -0.11784251
v 0.22866645 -0.04305291 -0.14535655
v 0.23126024 0.01847345 -0.23295850
v 0.19496796 0.01930034 -0.25177941
v 0.21450087 0.02049017 -0.24586654
v 0.14091730 -0.05316323 -0.16132362
v 0.15651783 -0.05667847 -0.13979700
v 0.15065317 -0.03072131 -0.12851228
v 0.13510464 -0.02679843 -0.14946824
v 0.21905473 -0.19401932 -0.17531732
v 0.19880638 -0.19024909 -0.19266635
v 0.20488113 -0.22167319 -0.19688232
v 0.21331263 -0.16724306 -0.16956022
v 0.27929720 -0.15618873 -0.25793284
v 0.26367441 -0.15594494 -0.27362573
v 0.25125563 -0.19224924 -0.29124928
v 0.24445522 -0.15757340 -0.28185034
v 0.27175319 -0.19000816 -0.28009531
v 0.12300351 0.02707660 -0.12638906
v 0.12786341 0.00015354 -0.13739690
v 0.14751700 -0.00372350 -0.11735447
v 0.14367980 0.02389860 -0.10558910
v 0.19256675 0.57743686 -0.20153968
v 0.20391327 0.57287556 -0.18101144
v 0.16518970 0.69340217 -0.02988517
v 0.15229782 0.68721873 -0.02728286
v 0.16175392 0.67334920 -0.03594916
v 0.17806602 0.68040043 -0.04303688
v 0.18823442 0.69132620 -0.04594409
v 0.17574096 0.70228565 -0.03041117
v 0.19532615 0.70453399 -0.04513016
v 0.18321997 0.71376407 -0.02906480
v 0.21633443 0.76339591 -0.04179347
v 0.22605729 0.76951301 -0.04493675
v 0.03991751 0.64800310 -0.03117137
v 0.04061689 0.62535083 -0.02509691
v 0.06531582 0.62493473 -0.02035624
v 0.07530377 0.43628240 -0.03189106
v 0.08416715 0.32462317 -0.04873452
v 0.06202159 0.32119384 -0.05185609
v 0.05568238 0.28830040 -0.05491678
v 0.02313491 0.21794480 -0.08084875
v 0.01489026 0.20525470 -0.09283613
v 0.01944935 0.19187841 -0.11328816
v 0.02318664 0.18775627 -0.12600002
v 0.15375593 0.64235055 -0.24982411
v 0.15990555 0.67347360 -0.24909768
v 0.11326196 0.87606913 -0.21218592
v 0.13390991 0.88194358 -0.20605393
v 0.12794721 0.90910280 -0.19294342
v 0.10742804 0.90240747 -0.20058486
v 0.10344161 0.91402531 -0.19438125
v 0.12347843 0.92110729 -0.18692622
v 0.06877434 0.96644557 -0.16297817
v 0.07884079 0.95619375 -0.16814637
v 0.04425032 0.19367531 -0.15566662
v 0.05036299 0.19690385 -0.16814908
v 0.04746557 0.19801378 -0.15485655
v 0.06465279 0.18202001 -0.12946591
v 0.06185400 0.19840693 -0.11878575
v 0.05539015 0.19629270 -0.14268763
v 0.05768720 0.18305600 -0.15253177
v 0.24453497 0.23796248 -0.11493093
v 0.22642156 0.22571975 -0.07790523
v 0.18345502 0.21112043 -0.24140170
v 0.32738960 0.66961062 -0.09494901
v 0.31376714 0.68986285 -0.09926251
v 0.32768729 0.69462216 -0.10100865
v 0.34097147 0.67458737 -0.09476952
v 0.17059660 0.77337301 -0.23281635
v 0.17772192 0.74075848 -0.23496546
v 0.12442645 0.93915379 -0.05792186
v 0.21486673 0.91534579 -0.02615768
v 0.20051298 0.92328537 -0.03540415
v 0.19307542 0.90199935 -0.01513782
v 0.20382476 0.89759499 -0.00629038
v 0.24399740 0.89220214 -0.12010241
v 0.23173729 0.89587462 -0.13239662
v 0.22927094 0.90984488 -0.11394630
v 0.24029377 0.90432823 -0.10160135
v 0.15484688 0.36992946 -0.30178463
v 0.12649488 0.36941928 -0.30838841
v 0.12417913 0.56518316 -0.24674174
v 0.12688608 0.59085011 -0.25177193
v 0.14562145 0.58804625 -0.24283388
v 0.14380422 0.56324100 -0.23814735
v 0.20089415 0.75837290 -0.21752693
v 0.21283707 0.73863393 -0.20791851
v 0.03720038 0.71965754 -0.02425160
v 0.04981460 0.72391874 -0.01213010
v 0.04697691 0.74017918 -0.01155111
v 0.03226320 0.73663235 -0.02487469
v 0.33742839 0.73667818 -0.09849901
v 0.32761002 0.72260660 -0.10560358
v 0.31289905 0.73963726 -0.11256883
v 0.32021189 0.74952859 -0.11040430
v 0.23831657 0.23735178 -0.20319185
v 0.25449488 0.24767628 -0.16164154
v 0.21445826 0.60671377 -0.15931676
v 0.21163177 0.58699387 -0.15874076
v 0.20416144 0.59289277 -0.18390410
v 0.20771566 0.61344045 -0.18516542
v 0.22718093 0.66917461 -0.14675225
v 0.22303727 0.64791685 -0.15397777
v 0.23199314 0.68937731 -0.13801214
v 0.26881582 0.78297693 -0.10288763
v 0.26599532 0.78252965 -0.10329528
v 0.27140558 0.78640145 -0.11250059
v 0.08102988 0.18134001 -0.10468499
v 0.06706574 0.23077303 -0.06409143
v 0.05795023 0.24315253 -0.05595000
v 0.03585821 0.18780905 -0.14096251
v 0.02721986 0.18565682 -0.13507295
v 0.08577796 0.95052731 -0.06712750
v 0.09369089 0.96172643 -0.07915515
v 0.26871219 0.74171281 -0.09284653
v 0.26299888 0.75718570 -0.08790215
v 0.25010040 0.76359111 -0.09354179
v 0.25601000 0.77011037 -0.09424274
v 0.24663416 0.76750517 -0.07995706
v 0.23940429 0.76115692 -0.07839613
v 0.25751743 0.76832384 -0.10713214
v 0.26292917 0.77338541 -0.10710950
v 0.17106843 0.80794382 0.01008838
v 0.17847770 0.82705677 0.00412434
v 0.16776332 0.83113980 0.00265761
v 0.15808061 0.81295002 0.01013541
v 0.13983366 0.81522018 0.00856872
v 0.15162927 0.83569384 0.00177868
v 0.13168326 0.83682543 -0.00273006
v 0.11936133 0.81592095 0.00411780
v 0.11968511 0.90944403 -0.03874283
v 0.09502991 0.89420921 -0.03749149
v 0.06904857 0.88255423 -0.04198878
v 0.04633500 0.87455028 -0.04817937
v 0.08784947 0.94590998 -0.17467958
v 0.10869402 0.95274591 -0.16263495
v 0.11224665 0.94184995 -0.17355290
v 0.09418461 0.93491590 -0.18166648
v 0.07810718 0.93206692 -0.19088654
v 0.07184140 0.94251108 -0.18436395
v 0.07900261 0.93062687 -0.05991393
v 0.06145397 0.92024887 -0.05585402
v 0.04604806 0.89941764 -0.05658923
v 0.32481724 0.69085968 -0.00173146
v 0.31510299 0.71535784 -0.00544548
v 0.09584639 0.98191202 -0.10853240
v 0.09615847 0.97291338 -0.09289951
v 0.34365773 0.69707823 -0.00815141
v 0.33430770 0.72196132 -0.01105645
v 0.17254585 0.88107097 -0.01131749
v 0.18444270 0.87781906 -0.00457700
v 0.18147582 0.90662175 -0.02336358
v 0.07401186 0.93938100 -0.05908334
v 0.05803155 0.93006039 -0.05373433
v 0.23989341 0.26912883 -0.10511069
v 0.22088268 0.25535670 -0.06988765
v 0.20762232 0.55660951 -0.10237331
v 0.19508731 0.55029976 -0.07865386
v 0.02237613 0.58507234 -0.02378131
v 0.02292202 0.56207019 -0.02253196
v 0.04347433 0.56082249 -0.01597090
v 0.04377076 0.58328617 -0.01771674
v 0.01662819 0.64777809 -0.04007281
v 0.01781698 0.62654263 -0.03387779
v 0.02987970 0.92468154 -0.04891598
v 0.06086801 0.50976086 -0.01333070
v 0.06291345 0.53657502 -0.01315117
v 0.04118479 0.53550160 -0.01463836
v 0.03909241 0.50542736 -0.01760592
v 0.03040728 0.47665855 -0.02629462
v 0.02788774 0.46313855 -0.02901830
v 0.03452412 0.27252272 -0.05943522
v 0.02635640 0.27633405 -0.06324035
v 0.25284404 0.76364529 -0.01018398
v 0.26863787 0.77472055 -0.00459394
v 0.26125485 0.79251254 -0.00125752
v 0.24697822 0.78026736 -0.00830275
v 0.10427803 0.51420760 -0.02633090
v 0.08226477 0.51242077 -0.01698098
v 0.20152301 0.75702178 -0.02013581
v 0.21067148 0.75333309 -0.04029180
v 0.03877603 0.67188078 -0.03706326
v 0.06460021 0.72904301 -0.00244014
v 0.06301221 0.74315506 -0.00108418
v 0.08055355 0.73223507 0.00622520
v 0.08019803 0.74580562 0.00672249
v 0.02912101 0.18108389 -0.13909127
v 0.04108065 0.19770801 -0.15552802
v 0.32793728 0.80738431 -0.07730664
v 0.32771090 0.80233479 -0.08602951
v 0.32089350 0.81276828 -0.09455197
v 0.32175726 0.81829298 -0.08489282
v 0.06624327 0.17075619 -0.18756784
v 0.05992787 0.18683478 -0.17532648
v 0.09050210 0.20660681 -0.22084779
v 0.06878285 0.20295948 -0.20747277
v 0.06475361 0.21761745 -0.21851225
v 0.06542768 0.21844885 -0.22690970
v 0.10926926 0.12097579 -0.09518249
v 0.10499410 0.15172228 -0.08672757
v 0.11417820 0.08951586 -0.10447207
v 0.11823673 0.05843127 -0.11426446
v 0.17214489 -0.12793010 -0.18838915
v 0.18853509 -0.15805668 -0.18645489
v 0.20985666 -0.25540334 -0.20177701
v 0.21523586 -0.29105878 -0.20664242
v 0.22227070 -0.32884991 -0.21139587
v 0.23785073 -0.40594935 -0.21919982
v 0.23024648 -0.36822516 -0.21602900
v 0.35618466 0.69955420 -0.02123354
v 0.36610815 0.69900376 -0.03711064
v 0.35781422 0.72471142 -0.04209536
v 0.34875646 0.72643578 -0.02412580
v 0.27910483 0.70485330 -0.08276378
v 0.29096904 0.68557924 -0.08089261
v 0.28237796 0.68570054 -0.06644952
v 0.27028853 0.70635998 -0.06751547
v 0.30396211 0.66552770 -0.07889187
v 0.30122256 0.68646276 -0.09309698
v 0.31509706 0.66682982 -0.08917564
v 0.35302511 0.68178391 -0.08885060
v 0.34085825 0.70132321 -0.09711921
v 0.35095057 0.71049398 -0.08718827
v 0.36307722 0.68835592 -0.07928281
v 0.37146068 0.69718921 -0.05275407
v 0.36986181 0.69328094 -0.06735692
v 0.35832557 0.71638191 -0.07345752
v 0.36155480 0.72040594 -0.05867642
v 0.28080249 0.66523111 -0.03562474
v 0.26895681 0.68828750 -0.03607224
v 0.27315032 0.68636084 -0.05138952
v 0.28477064 0.66386157 -0.05091210
v 0.28746173 0.78426892 -0.00501591
v 0.27978542 0.80325592 -0.00186235
v 0.22672659 0.78126264 -0.03198768
v 0.22967035 0.78173304 -0.03976163
v 0.22504982 0.78338635 -0.02330779
v 0.22272152 0.78906989 -0.01587471
v 0.28448692 0.73221284 -0.00635600
v 0.30510852 0.74002862 -0.00794628
v 0.29514357 0.76335740 -0.00762740
v 0.27544406 0.75434840 -0.00682685
v 0.25785801 0.71102411 -0.03680012
v 0.24619785 0.73197877 -0.03738901
v 0.25023985 0.72864270 -0.05286992
v 0.26154444 0.70832044 -0.05226234
v 0.29951146 0.73249024 -0.11141098
v 0.31371430 0.71457440 -0.10693906
v 0.23483062 0.76978266 -0.01891243
v 0.24136806 0.75451952 -0.02070075
v 0.19636777 0.74754810 -0.02146477
v 0.23476896 0.75262201 -0.07718039
v 0.23206824 0.74233162 -0.07741269
v 0.14692846 0.69828486 -0.01521687
v 0.14507034 0.70959973 -0.00397246
v 0.21349579 0.71523619 -0.06255227
v 0.20945486 0.69825798 -0.06453048
v 0.15127486 0.70979685 -0.00615448
v 0.15632260 0.70299864 -0.01605576
v 0.11643646 0.62359220 -0.02064031
v 0.04705870 0.88693666 -0.05484544
v 0.24854776 0.73754060 -0.02202657
v 0.25921193 0.74510539 -0.01089381
v 0.30657175 0.76140803 -0.11614845
v 0.29774046 0.75419593 -0.11642595
v 0.28672099 0.76638699 -0.11669187
v 0.29486185 0.77156633 -0.11921707
v 0.23284706 0.78359866 -0.18558875
v 0.23887923 0.76963347 -0.17494431
v 0.22686720 0.75523341 -0.19072990
v 0.21867141 0.77143979 -0.20187555
v 0.32698432 0.80892992 -0.05812070
v 0.32032850 0.82326162 -0.06234014
v 0.31640053 0.82217622 -0.04635951
v 0.32348821 0.80527955 -0.04376870
v 0.30908003 0.81865323 -0.02906319
v 0.29801399 0.81219077 -0.01182812
v 0.30535275 0.79247564 -0.01335745
v 0.31694093 0.79951227 -0.02864075
v 0.24040341 0.31315789 -0.13593692
v 0.24242303 0.32270151 -0.17172369
v 0.14219996 0.45387757 -0.05304745
v 0.16542622 0.46123904 -0.06440630
v 0.11394424 0.33604205 -0.05159053
v 0.04843325 0.20345402 -0.12225656
v 0.05418340 0.21063212 -0.09466872
v 0.07557845 0.14847186 -0.19811805
v 0.22939011 0.29875669 -0.09855942
v 0.10392840 0.08969504 -0.21705364
v 0.08829564 0.11971521 -0.20930642
v 0.17036963 0.10641861 -0.25483596
v 0.15908319 0.13813549 -0.25223815
v 0.19100797 0.13866252 -0.24669507
v 0.19829947 0.10737103 -0.24817717
v 0.21925685 0.13774973 -0.23159114
v 0.22340134 0.10652924 -0.23263201
v 0.17451063 -0.00298250 -0.10778241
v 0.25556478 -0.22924441 -0.29443485
v 0.27807638 -0.26747584 -0.28353816
v 0.25914213 -0.26804709 -0.29361275
v 0.27614573 -0.22714329 -0.28409213
v 0.28767154 -0.19061136 -0.26239523
v 0.29202160 -0.22786880 -0.26566029
v 0.28034130 -0.28289264 -0.19178757
v 0.26161963 -0.30815572 -0.28802654
v 0.27838841 -0.30891126 -0.27888340
v 0.29269356 -0.26785684 -0.26636297
v 0.29165584 -0.30931568 -0.26493424
v 0.05544686 0.19618636 -0.16437551
v 0.07134634 0.22471744 -0.24042022
v 0.18914124 0.24797529 -0.05648080
v 0.19512159 0.21712399 -0.05915004
v 0.09423992 0.24341029 -0.06036508
v 0.12044955 0.25808680 -0.04976639
v 0.15667045 0.53851700 -0.04521728
v 0.13313080 0.53690237 -0.03512730
v 0.15911677 0.58124924 -0.04608679
v 0.15887733 0.55983090 -0.04577838
v 0.17910531 0.56466711 -0.06040965
v 0.18001449 0.58559662 -0.06048769
v 0.20974585 0.59482872 -0.10342267
v 0.20788071 0.57537514 -0.10351545
v 0.21290740 0.58100873 -0.13104300
v 0.21462414 0.60032588 -0.13183410
v 0.21216261 0.56751382 -0.15606932
v 0.21376088 0.56224954 -0.12893492
v 0.16520715 0.60932744 -0.23575130
v 0.16992477 0.63607097 -0.23775707
v 0.18414062 0.62858331 -0.22343613
v 0.17994353 0.60442293 -0.22129986
v 0.04585909 0.25939286 -0.05638486
v 0.04660208 0.20031890 -0.14169869
v 0.10090771 0.18293208 -0.07892317
v 0.12579656 0.21594751 -0.05911857
v 0.15960778 0.21732321 -0.05209845
v 0.25458959 0.75823236 -0.07602319
v 0.26349384 0.79173553 -0.14494544
v 0.26407313 0.80231607 -0.14762285
v 0.31453192 0.77225971 -0.01389469
v 0.32782716 0.78087747 -0.02779308
v 0.23597988 0.74869454 -0.03488448
v 0.25512046 0.80758774 0.00239843
v 0.23708725 0.80691397 0.00023468
v 0.24117091 0.79535639 -0.00432411
v 0.14555430 0.32240993 -0.04667716
v 0.14970945 0.29346046 -0.04693678
v 0.17894438 0.30518201 -0.04827331
v 0.05988025 0.20110089 -0.19453543
v 0.05812833 0.20588470 -0.19794749
v 0.07178082 0.22504938 -0.07312566
v 0.12833625 0.02979845 -0.22793305
v 0.11778916 0.05929422 -0.22210750
v 0.13748217 0.00274813 -0.23351571
v 0.14609373 -0.02309340 -0.24121325
v 0.15360987 -0.04916966 -0.24863464
v 0.16419637 -0.07572436 -0.25346300
v 0.17739257 -0.10421515 -0.25423843
v 0.18716013 -0.13626432 -0.25924945
v 0.18609902 -0.21093130 -0.25967735
v 0.19285735 -0.17127144 -0.26640695
v 0.19542685 -0.20640093 -0.27401888
v 0.19872376 -0.24215543 -0.27957231
v 0.21329474 -0.31582314 -0.27841061
v 0.20400023 -0.27835107 -0.28117043
v 0.22194102 -0.35436356 -0.27325070
v 0.22758821 -0.39318347 -0.27162945
v 0.04472500 0.19121841 -0.16158903
v 0.05219276 0.19626823 -0.17620355
v 0.15638024 0.88458109 -0.01888773
v 0.22725388 0.76164979 -0.06129505
v 0.23549622 0.76721889 -0.06354202
v 0.23162118 0.76187563 -0.03214136
v 0.07904877 0.23763502 -0.25666249
v 0.08603507 0.25351328 -0.27521819
v 0.35247642 0.74205947 -0.06634177
v 0.35095257 0.74914396 -0.04935530
v 0.24120927 0.74693173 -0.05143453
v 0.23416382 0.77626568 -0.05008809
v 0.23770851 0.77978826 -0.05432837
v 0.37383443 0.51466024 0.05742395
v 0.37232497 0.49406120 0.06405061
v 0.38540840 0.49478695 0.06404480
v 0.38760322 0.51539236 0.05611181
v 0.36009908 0.51213431 0.05341463
v 0.36001700 0.49166015 0.05902472
v 0.34984496 0.48432326 -0.00695905
v 0.35601234 0.46501938 0.00298157
v 0.34772694 0.47079867 0.01389670
v 0.34268615 0.49080965 0.00525808
v 0.35184494 0.46861878 0.05623594
v 0.35043555 0.48816642 0.05037035
v 0.34539843 0.48330259 0.03865527
v 0.34796941 0.46369773 0.04540758
v 0.37972873 0.48008701 -0.01841904
v 0.37367687 0.49819061 -0.03046045
v 0.38923511 0.50163734 -0.02814686
v 0.39376047 0.48381114 -0.01542255
v 0.33068359 0.57014626 -0.03244124
v 0.32653415 0.58656144 -0.03467549
v 0.32938486 0.58002418 -0.04786605
v 0.33512521 0.56251681 -0.04586981
v 0.37669468 0.55842543 0.04310231
v 0.37492859 0.53633583 0.05062783
v 0.38971838 0.53714466 0.04806405
v 0.39137352 0.55870354 0.03797543
v 0.33962721 0.54744232 0.01986004
v 0.34014577 0.56976444 0.01322357
v 0.33586350 0.56344795 -0.00153922
v 0.33568445 0.54106659 0.00462046
v 0.39232174 0.57929057 0.02687366
v 0.37934619 0.58013737 0.03525013
v 0.34231085 0.50414777 0.03257546
v 0.34025341 0.52520120 0.02627672
v 0.33736995 0.51939106 0.01153584
v 0.34083480 0.49819592 0.01888105
v 0.38675636 0.44550547 0.00697289
v 0.38404930 0.46254188 -0.00594048
v 0.39625746 0.46671960 -0.00178723
v 0.39765659 0.44962391 0.01184098
v 0.34848034 0.45804191 0.03397639
v 0.34475210 0.47758818 0.02633077
v 0.35270214 0.45194185 0.02290539
v 0.40211779 0.47003147 0.05762345
v 0.40554994 0.48962167 0.04644848
v 0.39703721 0.49338725 0.05761850
v 0.39383852 0.47340211 0.06668150
v 0.33872449 0.52647293 -0.02278014
v 0.34391204 0.50529432 -0.01534495
v 0.33798885 0.51205659 -0.00264511
v 0.33498952 0.53400993 -0.00988494
v 0.36078313 0.55626595 0.04103974
v 0.36038047 0.53381085 0.04720238
v 0.40815318 0.50953913 0.03475642
v 0.40992749 0.52981257 0.02163792
v 0.40128422 0.53449607 0.03711203
v 0.39930964 0.51368845 0.04772779
v 0.41110963 0.54278350 -0.00947368
v 0.41224182 0.52377844 0.00509286
v 0.40826973 0.51628208 -0.00964192
v 0.40580073 0.53475022 -0.02403294
v 0.34237397 0.54172063 -0.04127336
v 0.33467716 0.54874265 -0.02847973
v 0.36648858 0.51778519 -0.04128459
v 0.35829926 0.53779352 -0.05107760
v 0.37606350 0.53980064 -0.05282159
v 0.38345975 0.52007633 -0.04072320
v 0.35155350 0.60994416 0.01509929
v 0.35045287 0.59542823 0.02047315
v 0.36513877 0.59853792 0.02708481
v 0.36636853 0.61344767 0.02012064
v 0.38135692 0.59993172 0.02598619
v 0.38260964 0.61564982 0.01655276
v 0.38790381 0.63676965 -0.01332435
v 0.39041433 0.62705851 -0.00671126
v 0.39243093 0.62631071 -0.02520986
v 0.39041525 0.63674635 -0.03062876
v 0.40699774 0.57880616 -0.04067211
v 0.40996867 0.56146652 -0.02486750
v 0.40214276 0.55324101 -0.03855927
v 0.39666617 0.57121384 -0.05388781
v 0.37448633 0.58027005 -0.07101659
v 0.38322252 0.56417030 -0.06109782
v 0.36682677 0.55810273 -0.06333710
v 0.35694796 0.57409835 -0.07030082
v 0.33985180 0.63279676 -0.08379164
v 0.34750941 0.61861771 -0.08187613
v 0.33337998 0.61471969 -0.07623215
v 0.32714626 0.62934411 -0.07741846
v 0.31473774 0.61613214 -0.05051750
v 0.31200242 0.61783040 -0.03609332
v 0.30351093 0.62842906 -0.03574499
v 0.30754977 0.62808955 -0.05051076
v 0.34378272 0.64790571 0.00422785
v 0.34743619 0.63696826 0.00578785
v 0.36358392 0.64239693 0.00455767
v 0.36057383 0.65416360 -0.00115614
v 0.40144131 0.59369731 -0.05259854
v 0.38850904 0.58898902 -0.06651905
v 0.32054797 0.60500377 -0.05031072
v 0.32439741 0.59432304 -0.04995564
v 0.32223707 0.59974337 -0.03626631
v 0.31791472 0.60895467 -0.03651883
v 0.32782707 0.61823362 -0.01257442
v 0.33281881 0.60969830 -0.01242609
v 0.34030008 0.61519670 -0.00042960
v 0.33708560 0.62332678 -0.00204076
v 0.34925658 0.62885213 0.00811434
v 0.35071105 0.62067628 0.01081125
v 0.36605734 0.62477124 0.01452996
v 0.36508366 0.63380450 0.00954346
v 0.39937139 0.60513765 -0.06020077
v 0.39417061 0.61460322 -0.06554726
v 0.39651233 0.62086129 -0.05361024
v 0.40054470 0.61215568 -0.04733884
v 0.34763807 0.58820319 -0.07444701
v 0.36334234 0.59359324 -0.07582089
v 0.33586222 0.59983075 -0.01095970
v 0.32536408 0.60522705 -0.02344714
v 0.32913011 0.59347385 -0.02226883
v 0.38141939 0.62712193 0.00907691
v 0.35210577 0.63669693 -0.08647764
v 0.34141177 0.65064800 -0.08973030
v 0.35309389 0.65613699 -0.08869296
v 0.36343956 0.64189309 -0.08508633
v 0.32926276 0.64613044 -0.08552305
v 0.31775039 0.64434922 -0.07719818
v 0.29260966 0.64354300 -0.03540297
v 0.29771653 0.64264017 -0.05033439
v 0.29549468 0.64745784 -0.02078687
v 0.30630222 0.63148499 -0.02124369
v 0.31406716 0.63710153 -0.00970060
v 0.30304152 0.65346444 -0.00819893
v 0.33539173 0.66797537 0.00118741
v 0.35256365 0.67369694 -0.00581676
v 0.37222785 0.65722531 -0.01275530
v 0.36501488 0.67511463 -0.01794806
v 0.32259598 0.61440134 -0.06445517
v 0.32796767 0.60199702 -0.06453711
v 0.41234595 0.50398189 0.01882826
v 0.41073030 0.48449111 0.03243808
v 0.40923285 0.47906289 0.01816544
v 0.40937594 0.49774823 0.00460395
v 0.40492070 0.47279203 0.00677812
v 0.40485817 0.45481968 0.02009243
v 0.34824648 0.52999461 0.03905477
v 0.34916425 0.50855088 0.04488473
v 0.35941863 0.47197503 0.06484479
v 0.34182653 0.60538077 0.00230756
v 0.34208554 0.59061348 0.00715378
v 0.39333388 0.63497597 -0.04541335
v 0.39055556 0.64546323 -0.05043632
v 0.38828209 0.64678955 -0.03582811
v 0.40448827 0.60274327 -0.03671423
v 0.39608252 0.61297631 -0.02096818
v 0.39995432 0.59434032 -0.00423215
v 0.40779740 0.58818817 -0.02297221
v 0.38773558 0.62447208 -0.07079464
v 0.38136491 0.63507056 -0.07494589
v 0.38782793 0.64104813 -0.06401517
v 0.39228642 0.63036907 -0.05896397
v 0.32731926 0.64279777 -0.00113401
v 0.33332363 0.63145804 -0.00206590
v 0.37980539 0.67511141 -0.04716545
v 0.37374407 0.67482769 -0.03272009
v 0.37963668 0.65782940 -0.02663757
v 0.38434818 0.65869170 -0.04098471
v 0.38398212 0.64659667 -0.02020544
v 0.37890318 0.67322826 -0.06148505
v 0.38560030 0.65757656 -0.05563109
v 0.31667277 0.66059577 0.00023931
v 0.37389204 0.64834428 -0.07917359
v 0.36441138 0.66283369 -0.08333164
v 0.37326521 0.66871810 -0.07365675
v 0.38169000 0.65359521 -0.06869695
v 0.40338334 0.49052188 -0.00727242
v 0.40062088 0.50858772 -0.02098322
v 0.33975744 0.57400143 -0.06251357
v 0.34833682 0.55681139 -0.05875991
v 0.33333707 0.58938646 -0.06390567
v 0.36343837 0.48035881 -0.01564731
v 0.36947724 0.46192050 -0.00413682
v 0.34967622 0.52039450 -0.03461339
v 0.35687560 0.49994221 -0.02578954
v 0.41001901 0.54988265 0.00762576
v 0.36750972 0.61134571 -0.07932967
v 0.37587819 0.60010397 -0.07505651
v 0.35517809 0.60606772 -0.07976119
v 0.30622628 0.64362085 -0.06459314
v 0.31605300 0.62778234 -0.06530555
v 0.39264748 0.60105807 -0.06867261
v 0.29417229 0.66510570 -0.06526903
v 0.39294186 0.61514413 0.00100933
v 0.37640983 0.64528239 -0.00492853
v 0.37931138 0.63620985 0.00213218
v 0.38293338 0.47502291 0.07187721
v 0.34798533 0.55253524 0.03303193
v 0.33701336 0.58436209 -0.00710635
v 0.33171225 0.57753456 -0.01965059
v 0.36050579 0.62354356 -0.08301429
v 0.37106332 0.62845099 -0.08104773
v 0.37814090 0.61762512 -0.07721691
v 0.31489077 0.62133908 -0.02223969
v 0.32228658 0.62611854 -0.01183167
v 0.37356925 0.44437718 0.00723349
v 0.32116079 0.61291522 -0.02322693
v 0.39311886 0.59829724 0.01419628
v 0.11043533 0.88933516 -0.20675528
v 0.09739999 0.87369400 -0.21992348
v 0.09388214 0.88678879 -0.21434754
v 0.20417577 0.68205440 -0.06580017
v 0.15426910 0.64918858 -0.03457467
v 0.17463544 0.65397346 -0.04610026
v 0.22174966 0.75268406 -0.05934045
v 0.21866298 0.74202710 -0.05886826
v 0.24613157 0.77856219 -0.06786968
v 0.24205896 0.77531016 -0.06642552
v 0.20106846 0.71892834 -0.04461911
v 0.08593202 1.10444427 -0.06918602
v 0.08543397 1.09855878 -0.07463120
v 0.08525483 1.11879301 -0.06365522
v 0.03005929 0.49118274 -0.02526243
v 0.01708081 0.46199316 -0.03329170
v 0.01579956 0.44688046 -0.03439832
v 0.09042813 1.08140576 -0.05916457
v 0.08829053 1.07743073 -0.06657623
v 0.09237576 1.07988501 -0.06241819
v 0.09026848 1.08246577 -0.05643156
v 0.09001447 1.08156276 -0.05695601
v 0.08626030 1.11839616 -0.05284490
v 0.08326481 1.09041834 -0.07750669
v 0.08267833 1.08109140 -0.07885949
v 0.08675775 1.10206676 -0.05344538
v 0.12788865 0.48971415 -0.24650902
v 0.13342209 0.47174096 -0.25401372
v 0.10947867 0.47111094 -0.26397991
v 0.10505502 0.48891139 -0.25550160
v 0.08667152 0.45494163 -0.28081846
v 0.08268243 0.47152874 -0.27096358
v 0.11540525 0.45309633 -0.27369821
v 0.21721566 0.41537774 -0.21823394
v 0.21340767 0.43887597 -0.21339926
v 0.22276175 0.43976459 -0.18667386
v 0.22664645 0.41520405 -0.19015864
v 0.22084880 0.45629817 -0.15616202
v 0.22600436 0.43737432 -0.15809606
v 0.21643329 0.45961648 -0.18388948
v 0.21748418 0.44932735 -0.12731920
v 0.22172111 0.43030417 -0.12928692
v 0.20679790 0.43989679 -0.10242401
v 0.21057206 0.41989806 -0.10393606
v 0.19266206 0.40787947 -0.08279298
v 0.16833958 0.39615250 -0.06732870
v 0.14381398 0.35418555 -0.05328228
v 0.13983840 0.38291615 -0.05791305
v 0.11452790 0.37006110 -0.05175634
v 0.08898805 0.36060995 -0.04853587
v 0.06645545 0.35468379 -0.04797161
v 0.04842650 0.35355261 -0.05128625
v 0.03260013 0.35307267 -0.05531953
v 0.01810983 0.35234651 -0.05948591
v 0.01856275 0.32502058 -0.06625833
v 0.14267281 0.86119783 -0.00917020
v 0.15477520 0.96319234 -0.11070371
v 0.17061561 0.95573664 -0.07617848
v 0.17234842 0.95654142 -0.10475585
v 0.21698654 0.89842117 -0.14845575
v 0.19864547 0.89833516 -0.16628154
v 0.19838944 0.91425228 -0.15347517
v 0.21562427 0.91499865 -0.13129577
v 0.15114707 0.95728290 -0.13380253
v 0.13911378 0.95956707 -0.13585834
v 0.16641144 0.95230830 -0.13262039
v 0.15364993 0.94523340 -0.15559115
v 0.13745865 0.93893147 -0.16965884
v 0.22445396 0.91959792 -0.05297668
v 0.23876089 0.91122830 -0.04232904
v 0.24402031 0.90597939 -0.06976105
v 0.23379779 0.91353810 -0.07999409
v 0.24492183 0.87920821 -0.13436027
v 0.25670260 0.87611616 -0.12376261
v 0.25649187 0.86293554 -0.13428347
v 0.24442047 0.86540127 -0.14481923
v 0.27319151 0.86898434 -0.01743762
v 0.28355402 0.84964544 -0.01402797
v 0.29274318 0.85516012 -0.03518173
v 0.28186086 0.87310064 -0.04048607
v 0.25475559 0.88891327 -0.10905409
v 0.19226074 0.78227663 -0.22090341
v 0.20980805 0.79040676 -0.20788187
v 0.22575974 0.79854202 -0.19398813
v 0.26329821 0.81327450 -0.14859381
v 0.25412533 0.79800034 -0.15846869
v 0.25279182 0.81135148 -0.16002986
v 0.27109045 0.81375325 -0.13983054
v 0.27735469 0.81292272 -0.13392401
v 0.23079991 0.82134002 0.00427374
v 0.22375497 0.80127537 -0.00282997
v 0.22890949 0.79142511 -0.00974008
v 0.28877711 0.80210781 -0.12514299
v 0.28737786 0.79647297 -0.12457590
v 0.28100434 0.80018860 -0.12670793
v 0.28117675 0.80521232 -0.12782165
v 0.20994219 0.92873454 -0.06261653
v 0.29805782 0.85559398 -0.05670063
v 0.30346844 0.85068250 -0.07439142
v 0.29067388 0.86379009 -0.08106993
v 0.28613502 0.87044781 -0.06236756
v 0.30516106 0.84664917 -0.08947378
v 0.30342436 0.84111345 -0.10046721
v 0.29234278 0.84931314 -0.10781604
v 0.29345849 0.85740036 -0.09691142
v 0.29213360 0.80784720 -0.12471277
v 0.28117457 0.81210220 -0.12789142
v 0.27373150 0.82063746 0.00062537
v 0.24061364 0.89420652 -0.00676507
v 0.22899404 0.90705186 -0.01505788
v 0.21436071 0.88856637 0.00209014
v 0.22436529 0.87549543 0.00644578
v 0.25077420 0.77077079 -0.07059474
v 0.25897253 0.77033162 -0.08280560
v 0.26716232 0.77075386 -0.09547558
v 0.27603203 0.79069769 -0.11995927
v 0.27464819 0.77190506 -0.10598028
v 0.22749773 0.77342725 -0.02916397
v 0.23169717 0.78189528 -0.01618332
v 0.20313907 0.86359382 0.00562498
v 0.21222839 0.85158122 0.00698003
v 0.29110289 0.83097422 -0.01216733
v 0.30164379 0.83716404 -0.03192320
v 0.30231708 0.78455222 -0.11802018
v 0.29442859 0.78945136 -0.12156487
v 0.29734069 0.79530907 -0.12169638
v 0.27322754 0.79006571 -0.12958592
v 0.27939156 0.79435587 -0.12458032
v 0.25148907 0.90048259 -0.03208461
v 0.31290939 0.83739388 -0.06870137
v 0.30761033 0.83921051 -0.05124277
v 0.28067520 0.86615294 -0.10422553
v 0.26819906 0.87218601 -0.11341073
v 0.26616871 0.88321686 -0.09923134
v 0.27853778 0.87484258 -0.08956250
v 0.31265610 0.82229495 -0.10430129
v 0.31376278 0.82950324 -0.09456689
v 0.26821154 0.86062264 -0.12390893
v 0.28041083 0.85603607 -0.11548623
v 0.30101737 0.80146658 -0.12013553
v 0.19518641 0.87324750 0.00158711
v 0.17608199 0.85297036 -0.00211281
v 0.18691504 0.84873790 0.00182009
v 0.19668841 0.83937764 0.00356212
v 0.20541778 0.82853758 0.00403684
v 0.21470675 0.81477529 0.00204681
v 0.16296808 0.85666108 -0.00528674
v 0.38597447 0.60847920 -0.07391953
v 0.29974702 0.77796149 -0.11892214
v 0.31198850 0.77721661 -0.11426154
v 0.31037158 0.76951373 -0.11508173
v 0.34850144 0.73869240 -0.08199820
v 0.02202083 0.98824894 0.04405209
v 0.02297261 0.98303628 0.04048750
v 0.01799448 1.01256454 0.05045164
v 0.01866922 1.00848687 0.05053963
v 0.39564899 0.62534797 -0.04029439
v 0.39839903 0.61738819 -0.03647049
v 0.40937614 0.56960011 -0.00713640
v 0.40238941 0.57575434 0.01178126
v 0.40270346 0.55543816 0.02512030
v 0.36289075 0.57831037 0.03446807
v 0.34891924 0.57498163 0.02676977
v 0.33358315 0.55620873 -0.01547596
v 0.39102793 0.54561210 -0.04777460
v 0.36469531 0.43718290 0.08626708
v 0.36228669 0.41850522 0.09404257
v 0.37327021 0.41925713 0.09684914
v 0.37628925 0.43790004 0.08826041
v 0.35981113 0.40129313 0.10255170
v 0.35454100 0.41561088 0.08685216
v 0.35314697 0.39847329 0.09426785
v 0.35121727 0.41142225 0.07737738
v 0.35109177 0.39410532 0.08456135
v 0.35297284 0.38926321 0.07553580
v 0.35236204 0.40657148 0.06767994
v 0.35619223 0.40153602 0.05932696
v 0.35807195 0.38463894 0.06807944
v 0.35975924 0.41500828 0.04183072
v 0.36807138 0.41101241 0.03493653
v 0.37030491 0.39342320 0.04627478
v 0.36234945 0.39690205 0.05205339
v 0.39022970 0.37765709 0.05786964
v 0.39001215 0.39356270 0.04532133
v 0.39790869 0.39723074 0.05095905
v 0.39697427 0.38057429 0.06272238
v 0.40459788 0.42432272 0.05777942
v 0.40407526 0.40632570 0.06971461
v 0.40218532 0.40181866 0.05982289
v 0.40331155 0.41944474 0.04691577
v 0.40504050 0.38943088 0.08013225
v 0.40063056 0.41022643 0.07937405
v 0.40016970 0.39397901 0.08937842
v 0.35792774 0.45331526 0.07215089
v 0.36765024 0.45599046 0.07872641
v 0.37038404 0.47460672 0.07076359
v 0.35087138 0.42525086 0.05973417
v 0.35130611 0.43014175 0.06969589
v 0.35154223 0.44953400 0.06257647
v 0.34937030 0.44441158 0.05215544
v 0.36137873 0.44710621 0.01340234
v 0.36521930 0.42895877 0.02404742
v 0.35670575 0.43366870 0.03222997
v 0.35375205 0.42008525 0.05044885
v 0.35163444 0.43925118 0.04214805
v 0.37876648 0.40949503 0.03135790
v 0.38031402 0.39248383 0.04397200
v 0.38702407 0.43585193 0.08519268
v 0.38416213 0.41763642 0.09415585
v 0.39326912 0.41419742 0.08776870
v 0.39543483 0.43249467 0.07835430
v 0.37653601 0.42727205 0.01963180
v 0.39016271 0.45437673 0.07591575
v 0.39867783 0.45104757 0.06828138
v 0.40217978 0.42871061 0.06901303
v 0.40474761 0.44689700 0.05740498
v 0.38278431 0.40168038 0.10455549
v 0.37082994 0.40216660 0.10628861
v 0.37974557 0.45627880 0.08017120
v 0.38981926 0.41086379 0.03254959
v 0.38868448 0.42838335 0.01994531
v 0.39838469 0.43228480 0.02509405
v 0.39846647 0.41477829 0.03807588
v 0.40819317 0.46031573 0.03166905
v 0.40622783 0.44215003 0.04498146
v 0.40398484 0.43733892 0.03384013
v 0.40193731 0.38494116 0.07087868
v 0.40788704 0.46526322 0.04492223
v 0.36129290 0.31978536 0.13373944
v 0.35344446 0.31810033 0.14129952
v 0.34795156 0.32220560 0.13223422
v 0.35690600 0.32426471 0.12466130
v 0.33400315 0.33488435 0.11407036
v 0.32750082 0.33353856 0.12583551
v 0.32335716 0.34402680 0.12531713
v 0.32913902 0.34708548 0.11354640
v 0.34770131 0.31917486 0.14921162
v 0.34152526 0.32243565 0.14008865
v 0.34482411 0.32524213 0.15461069
v 0.35269687 0.31452787 0.15817198
v 0.35357973 0.31915182 0.16505653
v 0.35996339 0.31034863 0.17226234
v 0.36826921 0.31439802 0.17516610
v 0.36083239 0.32957786 0.16721469
v 0.38677803 0.33308244 0.15747452
v 0.38747671 0.31588137 0.16535580
v 0.39626080 0.31733084 0.15858653
v 0.39484271 0.33249706 0.14972377
v 0.40592009 0.31871268 0.13887650
v 0.40440744 0.33116728 0.13170269
v 0.39971602 0.33167160 0.14089066
v 0.40058550 0.31689751 0.14884391
v 0.37459338 0.32163048 0.12364778
v 0.36907193 0.32167208 0.12771648
v 0.36647049 0.32648900 0.11860529
v 0.37260181 0.32706597 0.11410025
v 0.33682901 0.33317524 0.15820122
v 0.33595648 0.32965016 0.15699980
v 0.34735966 0.33032697 0.15961751
v 0.34742600 0.33785975 0.15754229
v 0.37516123 0.33641332 0.08297563
v 0.36926919 0.34018481 0.08646736
v 0.36681142 0.35056108 0.08027443
v 0.37381053 0.34761599 0.07563516
v 0.34278417 0.35426813 0.09630895
v 0.34304392 0.36732674 0.10450757
v 0.34729934 0.37092960 0.09771219
v 0.35081017 0.35819632 0.08974507
v 0.33607256 0.35081583 0.10397425
v 0.33195654 0.35820067 0.12030044
v 0.33753940 0.36322778 0.11159202
v 0.32575411 0.35305440 0.13075024
v 0.38427621 0.34700364 0.07073322
v 0.38689688 0.33764547 0.07481971
v 0.37531295 0.24400261 0.16975132
v 0.37350628 0.25061449 0.17093489
v 0.37595427 0.24974954 0.16591984
v 0.37810612 0.24301073 0.16467884
v 0.40368581 0.34702712 0.08257455
v 0.40081364 0.35245147 0.07755774
v 0.40498078 0.35665727 0.08548146
v 0.40632373 0.35194004 0.09145379
v 0.40718272 0.34002411 0.08893579
v 0.40841907 0.34553826 0.09887674
v 0.38341948 0.24296743 0.18056428
v 0.38257286 0.25035098 0.18149933
v 0.37806281 0.25024673 0.17972797
v 0.37878031 0.24358997 0.17877343
v 0.36355877 0.31427729 0.14231491
v 0.35629186 0.31228346 0.14964283
v 0.36373144 0.29358694 0.16045022
v 0.35976994 0.29710215 0.16498357
v 0.35768592 0.30501917 0.15786517
v 0.36489898 0.30482584 0.15076894
v 0.38036609 0.30673093 0.13601613
v 0.37520581 0.30442983 0.14261925
v 0.37371498 0.31387705 0.13557428
v 0.37966102 0.31495276 0.12880436
v 0.38658345 0.31196702 0.11855182
v 0.38938999 0.30896270 0.11447766
v 0.39115232 0.30320090 0.12034720
v 0.38773555 0.30516627 0.12561250
v 0.38759705 0.28888050 0.13868248
v 0.39086163 0.28947583 0.13438165
v 0.39464322 0.28192040 0.13706854
v 0.39172569 0.28047520 0.14102328
v 0.39877668 0.35832369 0.07360813
v 0.40406835 0.36276793 0.08091483
v 0.41330808 0.31752127 0.11955577
v 0.41460457 0.30932814 0.12305599
v 0.41449475 0.30721566 0.11331397
v 0.41310939 0.31423444 0.10900596
v 0.40514433 0.35639328 0.10185459
v 0.40448090 0.36152512 0.09616315
v 0.38851050 0.24226886 0.17868149
v 0.38821906 0.24945119 0.17993772
v 0.33372700 0.35642466 0.13865700
v 0.34101862 0.36292747 0.12825310
v 0.34693158 0.36841846 0.11935571
v 0.35049444 0.37320545 0.11307099
v 0.35128444 0.37805384 0.10799688
v 0.37024701 0.29751706 0.15115157
v 0.36912745 0.31716746 0.13480172
v 0.37829602 0.32132173 0.11974481
v 0.39443603 0.31072998 0.09786376
v 0.38966602 0.31163818 0.10377717
v 0.38666329 0.31645530 0.09848404
v 0.39387745 0.31566784 0.09121007
v 0.40763757 0.31058908 0.10239261
v 0.40899414 0.30444524 0.10748142
v 0.40251586 0.30184764 0.10737896
v 0.40100357 0.30677545 0.10186779
v 0.33463764 0.33783478 0.15872666
v 0.34393427 0.34431767 0.15402642
v 0.39704901 0.34180948 0.07611278
v 0.39368832 0.34865600 0.07206702
v 0.39146465 0.35569713 0.06954440
v 0.37148938 0.33307329 0.09941578
v 0.36776260 0.33292300 0.10280621
v 0.35966754 0.34200212 0.09173000
v 0.36535895 0.34202304 0.08876917
v 0.35063368 0.32840472 0.11368361
v 0.34131080 0.32649189 0.12243429
v 0.34320664 0.33746946 0.10410160
v 0.36033699 0.35364565 0.08392245
v 0.35958332 0.36299849 0.08079380
v 0.36693245 0.35943437 0.07621405
v 0.37460285 0.35630789 0.07123834
v 0.38355023 0.35483801 0.06835258
v 0.35938644 0.37169766 0.07563177
v 0.36646235 0.36822838 0.07098839
v 0.37466228 0.36523438 0.06668749
v 0.38299048 0.36407235 0.06507054
v 0.40442455 0.37695634 0.08640847
v 0.40452224 0.36816078 0.09098414
v 0.40304464 0.37131369 0.07681093
v 0.34959739 0.38060480 0.09198916
v 0.35354704 0.37581325 0.08234566
v 0.35260022 0.36719316 0.08721763
v 0.35165483 0.38487211 0.10196707
v 0.32293642 0.33333525 0.13491595
v 0.32988948 0.32785007 0.13923621
v 0.32491818 0.32728174 0.14533153
v 0.31849080 0.33186102 0.14269698
v 0.35669440 0.30790418 0.16566139
v 0.36048663 0.29839277 0.17174965
v 0.36524707 0.29960904 0.17738071
v 0.39030400 0.32904643 0.07972831
v 0.38057405 0.32849640 0.08690166
v 0.36973122 0.28832370 0.15770906
v 0.38137364 0.25931665 0.18232536
v 0.37925029 0.27351293 0.18245068
v 0.37239563 0.27464592 0.18060365
v 0.37613255 0.25890219 0.18051499
v 0.37833512 0.27666789 0.15884268
v 0.38094163 0.26817927 0.16084737
v 0.37430182 0.27081636 0.16175050
v 0.37174720 0.28007123 0.16080973
v 0.39426678 0.28975201 0.12897369
v 0.39710844 0.28440419 0.13099349
v 0.38852346 0.29563814 0.16820839
v 0.37900734 0.31856537 0.17230093
v 0.38194227 0.30117095 0.17692307
v 0.38453087 0.30646232 0.13043389
v 0.38880056 0.29731801 0.13088256
v 0.38559130 0.29786691 0.13544923
v 0.37325889 0.29207385 0.15107623
v 0.37622374 0.29595724 0.14668822
v 0.37802687 0.28753179 0.15046591
v 0.37452900 0.28481156 0.15460578
v 0.40528274 0.31714231 0.09369031
v 0.41180235 0.32301050 0.10264799
v 0.37455365 0.25082564 0.17592475
v 0.37598753 0.24401569 0.17477834
v 0.39705345 0.36710310 0.06999344
v 0.39051294 0.36480221 0.06621125
v 0.38349897 0.31420726 0.12349626
v 0.37570757 0.33297399 0.16369432
v 0.38131073 0.32032079 0.11505708
v 0.40884537 0.29637566 0.13442570
v 0.41081783 0.28932565 0.13447043
v 0.40793222 0.28773907 0.12906954
v 0.40712875 0.29385623 0.12716168
v 0.38452441 0.25579318 0.16307491
v 0.38703758 0.24765587 0.16314432
v 0.38147843 0.24839184 0.16288581
v 0.37841585 0.25709257 0.16327590
v 0.36651006 0.28438243 0.16427991
v 0.36869493 0.27380383 0.16541627
v 0.36597741 0.27600047 0.17088792
v 0.36294901 0.28855813 0.16928595
v 0.36457634 0.28842300 0.17502829
v 0.36807334 0.27568111 0.17619652
v 0.38953966 0.25562063 0.16734654
v 0.38673961 0.26778606 0.16573471
v 0.38855979 0.27097401 0.17383891
v 0.39077526 0.25677004 0.17451489
v 0.40333265 0.34281260 0.12382877
v 0.40913835 0.32949924 0.12248114
v 0.40780655 0.34037328 0.11518934
v 0.40700561 0.30533105 0.14233759
v 0.40872571 0.30598995 0.13164461
v 0.41001445 0.31852692 0.12894678
v 0.41188410 0.32728153 0.11353964
v 0.38814479 0.28020680 0.16108134
v 0.39202875 0.28390360 0.16477549
v 0.38697332 0.28316942 0.17040366
v 0.38427830 0.31754988 0.10888091
v 0.37204832 0.25987595 0.17655128
v 0.37154448 0.37540138 0.12453806
v 0.37124583 0.36856678 0.13015023
v 0.38592833 0.36622006 0.12845325
v 0.38433117 0.37393185 0.12263668
v 0.37270322 0.25927833 0.16720772
v 0.37029499 0.25980389 0.17157021
v 0.39865357 0.28916875 0.12454066
v 0.40371567 0.28854331 0.12224042
v 0.40465638 0.28551775 0.12455297
v 0.40064588 0.28514618 0.12717956
v 0.41047218 0.33717930 0.10643932
v 0.41692561 0.30300221 0.12398213
v 0.41575477 0.30170718 0.11519602
v 0.40638709 0.34965366 0.10804039
v 0.40082234 0.36052084 0.11143032
v 0.40207496 0.35282820 0.11665460
v 0.39993027 0.29796183 0.15206540
v 0.39879203 0.34414050 0.13196361
v 0.39732662 0.35494035 0.12447023
v 0.39515093 0.36393976 0.11929613
v 0.39383811 0.37069523 0.11520118
v 0.40007150 0.36645383 0.10673782
v 0.38719481 0.25852439 0.18067387
v 0.39233410 0.24782556 0.17410424
v 0.39923719 0.38214338 0.09652290
v 0.39935267 0.37343073 0.10163108
v 0.39196622 0.38640553 0.10469818
v 0.39268035 0.37760764 0.11021653
v 0.38422531 0.35788852 0.13793451
v 0.39170715 0.35655630 0.13193181
v 0.38600180 0.34664035 0.14783090
v 0.39366832 0.34553969 0.13996086
v 0.39701688 0.30047444 0.16272971
v 0.39274791 0.23131528 0.16752130
v 0.39048183 0.23152310 0.16303658
v 0.38891208 0.24040997 0.16279066
v 0.39241281 0.23969841 0.16738796
v 0.39127439 0.24726206 0.16747060
v 0.39215538 0.24103028 0.17358634
v 0.37373123 0.34596109 0.15314204
v 0.38133857 0.27944839 0.15375030
v 0.36828649 0.35779101 0.14093116
v 0.35512334 0.35138857 0.15037790
v 0.36008406 0.34316570 0.15902004
v 0.35271174 0.36246002 0.13563478
v 0.35782936 0.36968860 0.12704718
v 0.35965723 0.38031128 0.11555994
v 0.35981780 0.37520432 0.12017179
v 0.35908824 0.38799030 0.11032906
v 0.34444085 0.35602409 0.14449868
v 0.38039938 0.23491213 0.16305387
v 0.37711784 0.23566818 0.16797185
v 0.37061286 0.38125515 0.11958694
v 0.37008399 0.38922834 0.11307994
v 0.33461246 0.32599962 0.13197470
v 0.37789339 0.32599381 0.10657182
v 0.37984353 0.32396606 0.10122886
v 0.38369727 0.32190719 0.09296635
v 0.39264542 0.32163244 0.08521935
v 0.38247603 0.38925886 0.11148003
v 0.36493436 0.38044578 0.06230053
v 0.37321424 0.37777126 0.05828905
v 0.39196497 0.39794841 0.09696081
v 0.37712389 0.23578447 0.17307770
v 0.39894301 0.28019929 0.14184695
v 0.39751166 0.27869242 0.14381322
v 0.31923550 0.34157962 0.13405320
v 0.31548327 0.33827034 0.14334312
v 0.32230359 0.34430405 0.15512797
v 0.32713211 0.35084850 0.14714631
v 0.32050794 0.34866419 0.13939932
v 0.31706899 0.34279934 0.14847752
v 0.37357152 0.33210820 0.09690148
v 0.37632805 0.33008587 0.09328908
v 0.41002464 0.33202922 0.09585014
v 0.40395796 0.32574600 0.08713415
v 0.36945572 0.28784180 0.17980370
v 0.37683487 0.28637478 0.18120289
v 0.37357953 0.29915485 0.17960584
v 0.38551584 0.27372599 0.18016851
v 0.38465369 0.27611977 0.16335225
v 0.38491595 0.27763087 0.15846592
v 0.36066097 0.33130410 0.10748556
v 0.35208005 0.33997029 0.09668005
v 0.33260921 0.32729080 0.15096673
v 0.33700824 0.32564622 0.14549768
v 0.38102630 0.29792351 0.14085263
v 0.40116003 0.28494489 0.15656877
v 0.39863876 0.28716767 0.16404721
v 0.38280109 0.28975368 0.14447427
v 0.37954661 0.23489216 0.17715907
v 0.38391808 0.23419192 0.17900348
v 0.38399997 0.28694710 0.17881709
v 0.39229509 0.29632246 0.12544239
v 0.40077943 0.28073388 0.14924693
v 0.40279958 0.28785434 0.14727786
v 0.40990430 0.30063379 0.11032346
v 0.38300163 0.38056579 0.11754271
v 0.38338131 0.24168181 0.16146520
v 0.38531271 0.23352838 0.16050971
v 0.39209741 0.23262239 0.17247045
v 0.38904256 0.23393616 0.17708111
v 0.40086722 0.33401394 0.08146578
v 0.37587056 0.32689044 0.11046788
v 0.38197544 0.37678126 0.05649793
v 0.33636147 0.34951544 0.15138528
v 0.32954139 0.34272975 0.15897018
v 0.38555515 0.28158051 0.14664692
v 0.41174275 0.29959813 0.12775287
v 0.40608454 0.28384316 0.14556020
v 0.41060573 0.28800279 0.14219430
v 0.40863648 0.29546368 0.14277631
v 0.40258998 0.28003567 0.14354414
v 0.38969341 0.22636610 0.17627871
v 0.39259037 0.22536486 0.17181981
v 0.38461190 0.22648850 0.17817956
v 0.38050565 0.22799575 0.17587590
v 0.37845719 0.22943610 0.17199481
v 0.39288145 0.22469127 0.16714191
v 0.39094663 0.22519392 0.16304421
v 0.38628465 0.22753772 0.16063023
v 0.39338994 0.21870178 0.16628617
v 0.39308894 0.21818477 0.17082959
v 0.38456798 0.21276131 0.17561877
v 0.38735738 0.21145660 0.17558455
v 0.38764095 0.21515894 0.17605549
v 0.38557786 0.21848768 0.17714792
v 0.38494080 0.20773113 0.17400098
v 0.38782126 0.20674998 0.17457557
v 0.39085060 0.21130988 0.17407191
v 0.39036345 0.21588773 0.17482525
v 0.39150983 0.20620123 0.17324835
v 0.39367038 0.20646700 0.16994631
v 0.39282820 0.21138501 0.17069912
v 0.39211771 0.21529090 0.17202747
v 0.39020547 0.21979937 0.17554492
v 0.38648537 0.20346549 0.17206466
v 0.39011130 0.20111227 0.16955608
v 0.39158067 0.20214954 0.17218786
v 0.38839778 0.20350194 0.17359918
v 0.38142017 0.22140226 0.17481339
v 0.38216925 0.21446446 0.17316872
v 0.38300419 0.20875815 0.17124546
v 0.38489404 0.20419830 0.16909599
v 0.38072151 0.21500203 0.16935632
v 0.38228038 0.20901075 0.16779163
v 0.38419387 0.20531106 0.16616011
v 0.38095808 0.21483243 0.16512454
v 0.38295114 0.20881304 0.16450983
v 0.37939790 0.22321752 0.17093462
v 0.37946257 0.22384021 0.16657329
v 0.38434675 0.20626983 0.16430840
v 0.38869274 0.20203105 0.16664141
v 0.39384496 0.21218106 0.16782066
v 0.39395955 0.20686600 0.16669068
v 0.39350489 0.21266279 0.16475236
v 0.39331740 0.20710763 0.16400015
v 0.39387578 0.20298600 0.16966933
v 0.39346847 0.20260152 0.16703826
v 0.37839457 0.23007879 0.16729096
v 0.38170427 0.22935236 0.16260502
v 0.38250303 0.22342557 0.16213223
v 0.38381582 0.21449810 0.16075334
v 0.38711777 0.22174799 0.16047242
v 0.39152086 0.21928495 0.16251493
v 0.39206049 0.21259150 0.16195524
v 0.38828418 0.21383983 0.15969700
v 0.39136261 0.20767576 0.16178656
v 0.38864499 0.20825413 0.16039994
v 0.38536853 0.20846748 0.16149318
v 0.39016825 0.20453095 0.16235292
v 0.39204001 0.20340627 0.16432121
v 0.38738552 0.20376822 0.16423544
v 0.38638592 0.20562407 0.16264766
v 0.38847494 0.20574111 0.16154909
v 0.39602965 0.24011773 0.14808798
v 0.39455172 0.24803749 0.14999741
v 0.39683208 0.24830234 0.14610213
v 0.39861947 0.24021766 0.14370775
v 0.40100798 0.24095532 0.16107389
v 0.40016145 0.24862239 0.16285756
v 0.39616987 0.24810988 0.15928805
v 0.39711684 0.24046081 0.15735415
v 0.40639833 0.24178240 0.15897804
v 0.40558490 0.24937242 0.16097611
v 0.39839265 0.25803581 0.16494253
v 0.39508170 0.27267668 0.16502142
v 0.39129984 0.27107301 0.16061071
v 0.39439940 0.25694594 0.16093534
v 0.39934871 0.27060717 0.14430091
v 0.39419433 0.27156478 0.14441365
v 0.39460918 0.24805278 0.15453833
v 0.39575452 0.24017987 0.15250611
v 0.40262586 0.25694877 0.14381254
v 0.40481082 0.24781168 0.14233696
v 0.40058556 0.24804878 0.14273328
v 0.39809534 0.25722533 0.14428985
v 0.38920018 0.27208257 0.14770317
v 0.38649863 0.27105525 0.15230316
v 0.38834524 0.27051896 0.15660828
v 0.40621752 0.25688201 0.14742297
v 0.40355098 0.27065706 0.14858049
v 0.40414256 0.27217460 0.15646175
v 0.40664199 0.25747222 0.15481898
v 0.39244163 0.25690615 0.15600657
v 0.39383009 0.25770226 0.14802408
v 0.39176801 0.25714740 0.15158617
v 0.40408829 0.25882277 0.16264454
v 0.40789711 0.24849844 0.15330094
v 0.40921196 0.23042420 0.14488429
v 0.40786502 0.23013014 0.14021668
v 0.40641251 0.24003434 0.14061013
v 0.40849859 0.24000424 0.14522764
v 0.40749773 0.24775100 0.14607382
v 0.40856946 0.24095714 0.15212768
v 0.40053320 0.22942096 0.14124584
v 0.39759526 0.22968411 0.14569342
v 0.39719477 0.22968590 0.14999530
v 0.40166277 0.27396530 0.16423327
v 0.39843637 0.23019245 0.15454996
v 0.40182096 0.23089454 0.15855303
v 0.40235493 0.24016389 0.14037722
v 0.40423954 0.22991115 0.13874385
v 0.40901622 0.23140818 0.15068954
v 0.40715459 0.23212096 0.15679994
v 0.40773213 0.22360289 0.15463328
v 0.40940115 0.22334719 0.14913830
v 0.40288502 0.22245792 0.15664279
v 0.39953354 0.22272003 0.15306854
v 0.39819333 0.22302839 0.14903122
v 0.40984279 0.22278064 0.14460188
v 0.40880165 0.22278041 0.14055645
v 0.40529189 0.22331166 0.13865361
v 0.41058305 0.21542740 0.14383113
v 0.41048330 0.21465987 0.14774713
v 0.40474412 0.20167816 0.15134141
v 0.40747944 0.20134881 0.15232706
v 0.40669471 0.20655969 0.15310568
v 0.40403482 0.20736337 0.15327793
v 0.40677366 0.21035767 0.15376401
v 0.40441033 0.21360469 0.15500510
v 0.40998843 0.20680949 0.15145278
v 0.40899685 0.21128473 0.15194064
v 0.41149357 0.20113266 0.15092084
v 0.41298592 0.20192766 0.14726955
v 0.41103461 0.20782539 0.14831442
v 0.41011226 0.21138519 0.14900851
v 0.40664810 0.19673708 0.14942384
v 0.40843046 0.19738421 0.15133590
v 0.40857884 0.21581617 0.15292269
v 0.40069124 0.21601206 0.15208685
v 0.40154102 0.20844492 0.15071142
v 0.40295622 0.20170343 0.14861500
v 0.40506020 0.19704461 0.14660537
v 0.39991689 0.20919976 0.14666593
v 0.40172991 0.20227003 0.14539373
v 0.40423155 0.19855583 0.14373434
v 0.40025625 0.20962510 0.14207572
v 0.40242147 0.20286453 0.14166069
v 0.39907691 0.21720409 0.14803487
v 0.39930442 0.21798834 0.14370909
v 0.40425214 0.19984165 0.14175791
v 0.40868986 0.19572836 0.14449584
v 0.41038069 0.19491595 0.14726156
v 0.41222912 0.19596264 0.15026018
v 0.41115582 0.20831552 0.14555752
v 0.41221583 0.20189974 0.14451841
v 0.41133326 0.20826265 0.14274746
v 0.41176331 0.20193222 0.14222205
v 0.41396588 0.19765687 0.14695215
v 0.41269657 0.19719920 0.14482903
v 0.39871445 0.22323796 0.14468569
v 0.40144157 0.22335085 0.14079988
v 0.40202987 0.21822751 0.13987184
v 0.40341479 0.20997325 0.13834602
v 0.40625489 0.21776938 0.13816458
v 0.40979031 0.21627128 0.14020875
v 0.41048512 0.20907617 0.13978124
v 0.40769657 0.20999533 0.13751423
v 0.41068327 0.20281178 0.14006203
v 0.40859318 0.20353997 0.13824981
v 0.40520650 0.20345381 0.13865587
v 0.41003811 0.19902766 0.14072952
v 0.41135755 0.19760519 0.14254409
v 0.40749797 0.19754472 0.14196849
v 0.40642232 0.19981682 0.14015028
v 0.40865275 0.20053864 0.13935578
v 0.40637386 0.25166145 0.12893575
v 0.40547889 0.25796211 0.13073877
v 0.40637606 0.25927106 0.12648997
v 0.40719932 0.25300330 0.12404114
v 0.41361091 0.25193143 0.13741988
v 0.41285762 0.25904253 0.14005387
v 0.40920076 0.25751707 0.13845813
v 0.41030350 0.25098133 0.13647878
v 0.41706026 0.25322756 0.13483590
v 0.41656002 0.26092517 0.13711792
v 0.41115618 0.26631212 0.14199632
v 0.40858957 0.27624580 0.14394563
v 0.40457451 0.27404979 0.14114296
v 0.40727457 0.26427752 0.14004743
v 0.40666956 0.25722006 0.13509077
v 0.40784174 0.25087637 0.13344020
v 0.41017401 0.26818588 0.12334406
v 0.41206095 0.26114881 0.12175116
v 0.40886456 0.26034510 0.12328881
v 0.40684411 0.26732075 0.12565410
v 0.40055907 0.27744201 0.13066581
v 0.39959720 0.27569672 0.13482389
v 0.40156943 0.27437171 0.13792312
v 0.41406813 0.26894429 0.12553200
v 0.41079378 0.27976850 0.12762284
v 0.41370559 0.28022227 0.13336450
v 0.41639698 0.26958683 0.13191965
v 0.40471551 0.26377872 0.13647574
v 0.40400577 0.26620603 0.12835065
v 0.40319812 0.26471049 0.13252413
v 0.41498065 0.26878282 0.13884717
v 0.41765404 0.26189306 0.13039398
v 0.41854402 0.24417987 0.12229741
v 0.41599524 0.24410230 0.11867732
v 0.41360664 0.25445056 0.11956057
v 0.41699350 0.25455868 0.12296826
v 0.41571900 0.26172668 0.12391502
v 0.41827211 0.25413430 0.12897640
v 0.40882480 0.24357986 0.12169886
v 0.40771607 0.24270090 0.12635621
v 0.40920687 0.24202478 0.13079345
v 0.41280380 0.27893618 0.14073199
v 0.40666366 0.27896127 0.12497413
v 0.41102487 0.24188411 0.13354865
v 0.41411424 0.24219388 0.13487089
v 0.40996805 0.25396013 0.12052560
v 0.41202015 0.24439332 0.11848360
v 0.41926804 0.24410152 0.12759924
v 0.41785958 0.24361220 0.13280460
v 0.41835031 0.23642865 0.13126493
v 0.42013153 0.23726293 0.12640628
v 0.41459236 0.23471600 0.13331667
v 0.41163245 0.23491693 0.13156769
v 0.40986997 0.23576581 0.12899783
v 0.41917342 0.23736471 0.12173247
v 0.41703156 0.23729074 0.11869687
v 0.41329509 0.23829824 0.11813080
v 0.41984648 0.23218021 0.12054387
v 0.42034051 0.23066241 0.12490222
v 0.41470614 0.21719804 0.12868544
v 0.41690755 0.21702000 0.12867370
v 0.41606984 0.22177884 0.12926140
v 0.41416532 0.22190160 0.13014650
v 0.41627494 0.22539163 0.13018388
v 0.41501567 0.22804242 0.13173962
v 0.41929305 0.22264892 0.12796539
v 0.41869974 0.22680318 0.12888938
v 0.42034176 0.21777970 0.12702963
v 0.42171443 0.21932375 0.12301692
v 0.42056954 0.22403160 0.12422389
v 0.42002237 0.22746915 0.12597111
v 0.41646913 0.21327090 0.12691459
v 0.41800243 0.21405330 0.12778175
v 0.41843304 0.23072219 0.12976342
v 0.41212142 0.22948056 0.13053733
v 0.41218680 0.22272494 0.12880296
v 0.41293377 0.21743479 0.12705401
v 0.41457361 0.21376294 0.12472928
v 0.41095224 0.22380161 0.12602961
v 0.41209197 0.21824107 0.12443742
v 0.41353059 0.21531364 0.12249053
v 0.41025046 0.22487745 0.12265110
v 0.41184804 0.21926302 0.12158650
v 0.41042206 0.23056522 0.12766808
v 0.40957603 0.23212814 0.12412542
v 0.41329673 0.21680349 0.12095994
v 0.41777608 0.21311024 0.12117270
v 0.41979975 0.21248928 0.12383127
v 0.42117673 0.21389675 0.12604299
v 0.42095000 0.22543252 0.12170637
v 0.42159688 0.22005954 0.12032756
v 0.42015153 0.22635362 0.11897317
v 0.42054662 0.22057131 0.11818960
v 0.42224103 0.21594247 0.12298763
v 0.42175096 0.21564230 0.12092760
v 0.40896514 0.23695523 0.12537998
v 0.41012314 0.23799232 0.12113330
v 0.41071260 0.23312715 0.12025732
v 0.41182229 0.22571591 0.11872399
v 0.41409671 0.23366112 0.11748439
v 0.41757518 0.23279631 0.11808881
v 0.41867244 0.22634575 0.11666667
v 0.41524652 0.22672418 0.11651975
v 0.41858289 0.22097334 0.11674294
v 0.41604465 0.22102782 0.11646593
v 0.41340730 0.22019053 0.11834714
v 0.41816169 0.21714449 0.11741179
v 0.42027977 0.21620607 0.11878452
v 0.41596553 0.21482185 0.11964774
v 0.41471899 0.21688938 0.11878189
v 0.41638714 0.21804354 0.11709386
v 0.40318972 0.27842620 0.12764642
v 0.41464624 0.27153918 0.10914332
v 0.41333115 0.27603659 0.11158928
v 0.41381899 0.27751186 0.10819313
v 0.41498008 0.27326438 0.10565445
v 0.42312583 0.27223706 0.11465812
v 0.42207715 0.27753437 0.11776090
v 0.41806611 0.27593708 0.11729097
v 0.41937390 0.27061483 0.11459988
v 0.42589250 0.27444476 0.11185798
v 0.42505839 0.27982542 0.11499006
v 0.41982123 0.28354406 0.12100366
v 0.41566673 0.29305980 0.12521622
v 0.41138446 0.29002467 0.12272456
v 0.41555765 0.28198978 0.11963022
v 0.41101104 0.29812899 0.11106569
v 0.41295311 0.29300049 0.11005458
v 0.40986550 0.29092804 0.11119676
v 0.40673652 0.29573080 0.11228120
v 0.41484365 0.27552927 0.11476421
v 0.41638470 0.27056181 0.11227950
v 0.41652855 0.28538692 0.10744634
v 0.41884032 0.28065091 0.10465804
v 0.41587567 0.27907094 0.10583693
v 0.41351807 0.28346473 0.10843152
v 0.40348041 0.29367954 0.11424917
v 0.40762195 0.28916457 0.11329854
v 0.40711629 0.28815541 0.11683702
v 0.40204164 0.29100734 0.11852577
v 0.40831095 0.28817293 0.11957273
v 0.42002702 0.28688803 0.10887182
v 0.41629210 0.29505807 0.11123672
v 0.41943851 0.29644120 0.11550081
v 0.42302871 0.28719240 0.11265314
v 0.41258425 0.28086424 0.11715481
v 0.41146344 0.28215215 0.11033505
v 0.41117758 0.28077680 0.11426345
v 0.42299756 0.28577936 0.11893475
v 0.42493147 0.28136912 0.10985661
v 0.42486048 0.27060392 0.10012063
v 0.42185953 0.27014205 0.09907937
v 0.42020720 0.27617621 0.10172632
v 0.42375246 0.27699721 0.10277531
v 0.42244688 0.28163889 0.10595065
v 0.42603606 0.27630794 0.10669136
v 0.41677415 0.26734993 0.10332355
v 0.41613996 0.26530540 0.10647231
v 0.41780993 0.26433796 0.10955530
v 0.41953519 0.29584840 0.12316403
v 0.42059094 0.26398343 0.11149776
v 0.42406055 0.26510549 0.11160415
v 0.41721857 0.27477702 0.10321653
v 0.41895008 0.26893306 0.10062051
v 0.42699850 0.26965427 0.10373735
v 0.42665485 0.26771662 0.10864335
v 0.42755160 0.26204252 0.10676524
v 0.42796698 0.26396570 0.10199228
v 0.42464599 0.25963640 0.10961536
v 0.42131817 0.25902095 0.10959888
v 0.41854954 0.25995871 0.10744780
v 0.42549390 0.26542595 0.09843183
v 0.42290038 0.26534802 0.09789604
v 0.42021525 0.26463032 0.09940135
v 0.42648557 0.26023814 0.09717894
v 0.42855886 0.25819063 0.10042143
v 0.42508134 0.24558863 0.10481569
v 0.42686749 0.24638280 0.10468480
v 0.42613241 0.24939305 0.10545075
v 0.42436400 0.24946749 0.10653126
v 0.42616528 0.25275373 0.10626319
v 0.42487276 0.25456244 0.10775825
v 0.42826161 0.25118777 0.10361674
v 0.42770085 0.25463438 0.10446078
v 0.42938411 0.24742171 0.10236025
v 0.42951706 0.24904189 0.09817767
v 0.42895272 0.25270483 0.09947741
v 0.42855620 0.25535825 0.10131174
v 0.42646104 0.24266541 0.10250247
v 0.42782429 0.24374875 0.10332882
v 0.42761260 0.25766352 0.10538736
v 0.42186618 0.25464371 0.10801917
v 0.42218846 0.24958771 0.10626504
v 0.42312604 0.24457854 0.10381997
v 0.42469648 0.24226105 0.10058767
v 0.42022777 0.25057200 0.10456184
v 0.42139906 0.24599999 0.10205683
v 0.42296702 0.24376118 0.09938541
v 0.41917074 0.25257316 0.10239902
v 0.42059079 0.24785566 0.10037413
v 0.41941389 0.25593802 0.10655594
v 0.41816640 0.25802496 0.10423166
v 0.42190030 0.24562222 0.09898341
v 0.42636850 0.24311221 0.09772003
v 0.42839950 0.24301571 0.09911409
v 0.43013325 0.24426711 0.10097319
v 0.42858693 0.25387594 0.09722888
v 0.42882052 0.24949190 0.09589246
v 0.42684075 0.25518104 0.09561300
v 0.42712721 0.24951217 0.09468034
v 0.43015388 0.24619991 0.09810397
v 0.42908254 0.24559402 0.09657347
v 0.41729188 0.26124242 0.10471839
v 0.41805747 0.26294726 0.10211998
v 0.41856334 0.25976801 0.10099965
v 0.41942099 0.25440317 0.09952751
v 0.42080575 0.26099655 0.09812343
v 0.42367974 0.26121220 0.09670752
v 0.42436606 0.25563705 0.09532025
v 0.42152008 0.25552866 0.09658268
v 0.42487320 0.24992594 0.09473854
v 0.42257473 0.24993628 0.09581876
v 0.42085436 0.24910992 0.09808668
v 0.42498109 0.24618876 0.09554431
v 0.42699650 0.24565881 0.09548268
v 0.42434704 0.24425906 0.09718212
v 0.42264068 0.24599671 0.09737194
v 0.42345300 0.24698395 0.09602839
v 0.41438830 0.29890877 0.11244756
v 0.32882291 0.33160815 0.16709208
v 0.33083656 0.32747385 0.16515687
v 0.32489708 0.32308698 0.15695488
v 0.31882936 0.32365194 0.15298533
v 0.31276104 0.32788050 0.15196183
v 0.31070882 0.33261004 0.15465152
v 0.31190002 0.33624375 0.15962318
v 0.32887322 0.32488120 0.16191709
v 0.32399267 0.33629438 0.16783410
v 0.31684804 0.33838242 0.16510344
v 0.31133801 0.33282220 0.17369080
v 0.31920862 0.33140010 0.17599204
v 0.30618632 0.33090627 0.16809440
v 0.30587810 0.32737005 0.16219726
v 0.30894914 0.32381824 0.15833154
v 0.32516241 0.32713109 0.17466319
v 0.32705745 0.32362452 0.17131886
v 0.32498729 0.32130861 0.16656408
v 0.32064712 0.32288319 0.18158311
v 0.31432074 0.32434773 0.18547511
v 0.29793113 0.31545776 0.18397138
v 0.29915684 0.31817907 0.18764785
v 0.30038273 0.32073021 0.18367717
v 0.29890260 0.31892151 0.17965648
v 0.30223471 0.32263106 0.18186828
v 0.30170560 0.32388699 0.17669576
v 0.30448908 0.32191059 0.18855163
v 0.30571288 0.32337680 0.18561891
v 0.30973086 0.32129222 0.19190818
v 0.30968356 0.32335472 0.18855309
v 0.30241895 0.32002002 0.19296339
v 0.29869100 0.31583101 0.19144419
v 0.30131972 0.31666607 0.19544536
v 0.29820842 0.31308818 0.18975157
v 0.30724388 0.32633820 0.18168983
v 0.30168158 0.32200181 0.16902968
v 0.29888690 0.31681719 0.17525575
v 0.29851726 0.31258023 0.18118110
v 0.29988205 0.31001738 0.18756777
v 0.30269375 0.31366777 0.17212841
v 0.30218911 0.31004608 0.17965284
v 0.30311567 0.30853513 0.18556252
v 0.30835742 0.31204510 0.17201027
v 0.30644345 0.30918893 0.17980793
v 0.30572841 0.31896618 0.16396520
v 0.31165415 0.31708342 0.16291705
v 0.30585986 0.30839485 0.18458453
v 0.30370504 0.30985835 0.19310865
v 0.30143562 0.31249046 0.19568431
v 0.31373316 0.31990987 0.19138905
v 0.30743831 0.31951949 0.19561011
v 0.31100306 0.31686422 0.19533393
v 0.31737489 0.31792557 0.18844977
v 0.31329560 0.31401905 0.19311690
v 0.30511862 0.31710133 0.19746995
v 0.30693543 0.31424075 0.19741824
v 0.31496364 0.32076791 0.15797815
v 0.32084000 0.31983003 0.16124994
v 0.31765962 0.31667608 0.16609937
v 0.31404054 0.31232333 0.17499289
v 0.32198757 0.31786329 0.17220396
v 0.32361504 0.32018685 0.17780796
v 0.31902888 0.31531739 0.18511423
v 0.31780145 0.31332171 0.18003550
v 0.31445622 0.31171712 0.19001290
v 0.31360075 0.31033030 0.18625483
v 0.31040186 0.30952284 0.18251833
v 0.31005615 0.30989966 0.19151798
v 0.30876166 0.31131965 0.19505194
v 0.30596823 0.30880439 0.18990335
v 0.30806303 0.30878398 0.18697900
v 0.31064385 0.30944461 0.18868852
v 0.40404126 0.29795092 0.11056441
v 0.39983448 0.29667553 0.11396667
v 0.39817113 0.30117166 0.11093891
v 0.39587998 0.30559430 0.10468933
v 0.40001243 0.31077635 0.09631091
v 0.39198798 0.30683655 0.10993668
v 0.39430249 0.30162272 0.11560571
v 0.39690912 0.29456079 0.11974278
v 0.38762367 0.31265211 0.10932201
v 0.04933606 1.07922077 0.03530437
v 0.05304783 1.07887316 0.03319122
v 0.05503628 1.07364035 0.02882430
v 0.05258148 1.07258725 0.03064555
v 0.04944552 1.07175720 0.03219171
v 0.04561786 1.07130659 0.03325605
v 0.03906912 1.07786858 0.03630163
v 0.04452333 1.07887268 0.03663331
v 0.03038761 1.07177126 0.03226852
v 0.03204899 1.07352722 0.03255202
v 0.03130632 1.07085407 0.03244303
v 0.03731131 1.07099342 0.03343351
v 0.03360821 1.07114482 0.03255749
v 0.05726558 1.07771158 0.02871700
v 0.05819339 1.07694817 0.02713440
v 0.05553762 1.07825541 0.03100488
v 0.04141384 1.07105112 0.03369257
v 0.05801491 1.07597506 0.02642326
v 0.05689318 1.07487965 0.02701785
v 0.03470088 1.07611942 0.03452270
v 0.04958473 1.07409418 0.03296238
v 0.04557004 1.07340050 0.03417872
v 0.04022956 1.07564342 0.03562579
v 0.04522094 1.07629478 0.03551257
v 0.03732784 1.07266116 0.03409015
v 0.03491571 1.07255197 0.03316787
v 0.05268034 1.07450485 0.03140193
v 0.04110195 1.07306993 0.03466353
v 0.04976002 1.07670283 0.03406948
v 0.03426707 1.07349098 0.03331554
v 0.03624154 1.07445848 0.03465614
v 0.05745511 1.07649124 0.02772032
v 0.05730294 1.07608843 0.02746747
v 0.02544652 0.83502197 -0.05025126
v 0.02223754 0.81601012 -0.04746491
v 0.05295634 1.07675910 0.03223374
v 0.05636691 1.07564902 0.02818023
v 0.05477456 1.07506728 0.02979024
v 0.05502859 1.07666743 0.03036472
v 0.05659035 1.07661688 0.02876127
v 0.26857984 0.72361094 -0.01118250
v 0.25948891 0.71631026 -0.02260464
v 0.32501745 0.74904829 -0.01387392
v 0.34023720 0.75896895 -0.03088662
v 0.08499341 0.53766489 -0.01717585
v 0.19309232 0.59879816 -0.20452259
v 0.19692796 0.62079161 -0.20621841
v 0.13084820 0.61833805 -0.25492600
v 0.14918622 0.61424774 -0.24757367
v 0.19793481 0.59017426 -0.07885850
v 0.19617307 0.57020324 -0.07971275
v 0.13793194 0.57965434 -0.03365692
v 0.13705766 0.55848908 -0.03477421
v 0.17765382 0.54384124 -0.05947506
v 0.16293004 0.56062889 -0.22812718
v 0.16325223 0.58422923 -0.23179322
v 0.17904794 0.58065510 -0.21818304
v 0.18046159 0.55849761 -0.21579660
v 0.10669784 0.59273726 -0.25518915
v 0.11236034 0.62126023 -0.25836951
v 0.21250173 0.61532146 -0.10189255
v 0.21802136 0.62093782 -0.13045457
v 0.21328470 0.63425493 -0.18382068
v 0.20390019 0.64330238 -0.20469655
v 0.17665127 0.66403353 -0.23660222
v 0.19137320 0.65380460 -0.22182705
v 0.11607295 0.60131407 -0.02180523
v 0.09182260 0.62409782 -0.01878075
v 0.19889098 0.61121577 -0.07664420
v 0.04188290 0.60432458 -0.02040330
v 0.14696941 0.71089673 -0.25531548
v 0.16723384 0.70570558 -0.24327461
v 0.21839002 0.62699693 -0.15819927
v 0.03166925 0.76979434 -0.02832183
v 0.03118097 0.75338387 -0.02557313
v 0.04688904 0.75632685 -0.01296486
v 0.04883766 0.77294505 -0.01594231
v 0.06396142 0.75838178 -0.00238697
v 0.08193971 0.76031315 0.00630623
v 0.09903029 0.76135284 0.01266634
v 0.14486516 0.75785059 0.01675788
v 0.13042736 0.76012361 0.01786554
v 0.17094189 0.75137031 0.00580582
v 0.15809742 0.75503314 0.01303300
v 0.18206656 0.74439013 -0.00649337
v 0.19273829 0.73754400 -0.02431983
v 0.20535383 0.73077250 -0.04309286
v 0.20809352 0.74268126 -0.04077114
v 0.18883976 0.72584671 -0.02733713
v 0.17641929 0.73273498 -0.00928427
v 0.16397846 0.73771971 0.00406662
v 0.02577891 0.71512902 -0.03896986
v 0.03248760 0.69462949 -0.04030213
v 0.02729424 0.85400844 -0.05344205
v 0.39615372 0.52674413 -0.03470218
v 0.35622618 0.43445602 0.07956314
v 0.11840274 0.93151128 -0.18101001
v 0.09890305 0.92465591 -0.18825127
v 0.08632992 0.91130590 -0.20265634
v 0.08265789 0.92196494 -0.19682077
v 0.18899769 0.94734538 -0.10320431
v 0.18121672 0.94323051 -0.13508305
v 0.16640496 0.93696147 -0.15925138
v 0.14476152 0.92902917 -0.17629239
v 0.17901891 0.63018495 -0.05263861
v 0.13075039 0.89531928 -0.20009430
v 0.14952731 0.91702843 -0.18320805
v 0.17312154 0.92412448 -0.16564944
v 0.19440550 0.93073618 -0.14130530
v 0.20826805 0.93296337 -0.10623306
v 0.22208673 0.92250621 -0.09080746
v 0.25057253 0.89858520 -0.09220612
v 0.26140988 0.89145470 -0.08120897
v 0.25698102 0.89742911 -0.05894160
v 0.26862404 0.88830972 -0.04847518
v 0.27392197 0.88176274 -0.07201056
v 0.33261552 0.79014748 -0.04486567
v 0.34094518 0.77686882 -0.04933289
v 0.34544584 0.76779193 -0.06089273
v 0.34544739 0.76088154 -0.07511381
v 0.34137127 0.75635695 -0.08809377
v 0.33214277 0.75622064 -0.09914932
v 0.32077569 0.76176876 -0.10793957
v 0.29073298 0.78436029 -0.12037096
v 0.28385907 0.79187644 -0.12213844
v 0.26808897 0.78686368 -0.13440764
v 0.26230603 0.78260183 -0.13932407
v 0.23333406 0.74234957 -0.17653373
v 0.24473831 0.75701129 -0.16255687
v 0.22449243 0.72376555 -0.19340694
v 0.17794660 0.45425498 -0.24307878
v 0.17157462 0.47273341 -0.23465274
v 0.18699771 0.47437662 -0.21990868
v 0.19393328 0.45597005 -0.22801495
v 0.10224827 0.51231706 -0.24853820
v 0.12488317 0.51330322 -0.24311395
v 0.21307459 0.46720469 -0.12681000
v 0.21607512 0.47248966 -0.15519860
v 0.21096057 0.47497934 -0.18095244
v 0.20010743 0.47545463 -0.20199242
v 0.20239884 0.46001393 -0.10174656
v 0.09540455 0.41778910 -0.04231067
v 0.11809503 0.42433602 -0.04668045
v 0.03368060 0.40547356 -0.04136433
v 0.05294493 0.40837684 -0.03899497
v 0.18572626 0.45102125 -0.08154119
v 0.07337239 0.41214478 -0.03919920
v 0.14039198 0.43231255 -0.05523410
v 0.16464081 0.44134480 -0.06611900
v 0.16718096 0.49234736 -0.23020437
v 0.14850028 0.49111709 -0.23923564
v 0.14554572 0.51395977 -0.23634653
v 0.14638218 0.79658800 -0.23460312
v 0.16497163 0.79889011 -0.22868867
v 0.18531275 0.80382359 -0.22209312
v 0.20124695 0.82938242 -0.20524769
v 0.21827671 0.83410555 -0.18937673
v 0.22086084 0.81627321 -0.19412614
v 0.20288965 0.80982554 -0.20877540
v 0.24628723 0.83808494 -0.15636978
v 0.25797075 0.83726108 -0.14624010
v 0.26046419 0.82525194 -0.14841394
v 0.24996126 0.82444167 -0.15939617
v 0.26889509 0.82479829 -0.13968009
v 0.27755293 0.82263207 -0.13255107
v 0.28377888 0.81922293 -0.12652330
v 0.29602009 0.81421846 -0.12268032
v 0.30274332 0.83140773 -0.11134169
v 0.29037595 0.83927041 -0.11694063
v 0.24452236 0.85161543 -0.15186617
v 0.23144338 0.85225922 -0.16637459
v 0.13900992 0.83552933 -0.22284198
v 0.12207419 0.83242822 -0.22895505
v 0.21689194 0.72883826 -0.06043206
v 0.22900203 0.72959536 -0.07974233
v 0.23985633 0.73355174 -0.09723938
v 0.24710739 0.74024332 -0.11295770
v 0.25104526 0.74846733 -0.12735929
v 0.25231296 0.75714225 -0.14075959
v 0.25063694 0.76718801 -0.15287685
v 0.25574866 0.77605474 -0.14539340
v 0.24761406 0.77829093 -0.16262138
v 0.25558123 0.78610176 -0.15342402
v 0.24334648 0.79093385 -0.17124256
v 0.23944470 0.80589908 -0.17660007
v 0.23633417 0.82155597 -0.17625669
v 0.23355439 0.83711243 -0.17178702
v 0.20060340 0.84867251 -0.19923986
v 0.21706268 0.85159087 -0.18172759
v 0.18013379 0.86366546 -0.20524764
v 0.17993927 0.88050413 -0.19472094
v 0.18127191 0.82513964 -0.21863684
v 0.18104658 0.84484202 -0.21334375
v 0.13558060 0.96712983 -0.12232751
v 0.12106277 0.96126759 -0.14455111
v 0.32378396 0.77897334 -0.10465527
v 0.32822010 0.76901484 -0.10152452
v 0.32065639 0.77131951 -0.10867944
v 0.31922755 0.77814704 -0.10904375
v 0.33491400 0.77024531 -0.09265768
v 0.33292615 0.78590631 -0.08867038
v 0.33871105 0.77516365 -0.08187749
v 0.32842118 0.78190267 -0.09725509
v 0.33976257 0.78099650 -0.07094123
v 0.33407205 0.79200995 -0.07940771
v 0.33768827 0.78816581 -0.06190759
v 0.33349070 0.79738742 -0.07120266
v 0.33176517 0.80135655 -0.06555193
v 0.33288926 0.79712719 -0.05730055
v 0.31398180 0.83485854 -0.08254036
v 0.32156965 0.82207620 -0.07511549
v 0.32772279 0.80999607 -0.06938661
v 0.30579916 0.80769587 -0.11787476
v 0.31537947 0.80018300 -0.11072934
v 0.32246199 0.79150468 -0.10391151
v 0.32685795 0.79649031 -0.09576441
v 0.31941262 0.80610698 -0.10411637
v 0.30978626 0.81470537 -0.11253008
v 0.14223431 0.81726164 -0.22746080
v 0.16042304 0.82061243 -0.22362074
v 0.26829335 0.83577049 -0.13770178
v 0.27654535 0.83363140 -0.12991367
v 0.28632227 0.82954168 -0.12337402
v 0.29894108 0.82242358 -0.11905701
v 0.27877432 0.84438252 -0.12493123
v 0.26789203 0.84778392 -0.13296700
v 0.25657073 0.84982276 -0.14166245
v 0.15837324 0.83991432 -0.21859206
v 0.12533739 0.81512552 -0.23344421
v 0.22234568 0.83655810 0.00707766
v 0.23414299 0.85899222 0.00843892
v 0.25019237 0.87801790 -0.00124218
v 0.26178974 0.88731754 -0.02298428
v 0.06295977 0.95407635 -0.17775634
v 0.34032798 0.60193801 -0.07587866
v 0.11493466 0.74931681 -0.25816959
v 0.11594774 0.77403355 -0.25204903
v 0.10082904 0.65443426 -0.26473346
v 0.10691367 0.68742961 -0.26590875
v 0.12337904 0.53935093 -0.24230912
v 0.10154004 0.54003131 -0.24681371
v 0.10306866 0.56699347 -0.25002170
v 0.07960527 0.48759747 -0.26058066
v 0.07872953 0.51196140 -0.25211301
v 0.08238905 0.56831586 -0.25093153
v 0.08732330 0.59530133 -0.25664884
v 0.12826833 0.71572196 -0.25873441
v 0.12908207 0.79479480 -0.23973429
v 0.11116101 0.81491780 -0.24066922
v 0.10753766 0.83074492 -0.23613980
v 0.10377429 0.84559834 -0.23075314
v 0.11202279 0.73423260 0.01367454
v 0.11292306 0.74703836 0.01595989
v 0.09741399 0.74693245 0.01261614
v 0.09706697 0.73355019 0.01107542
v 0.13774851 0.73329049 0.01216561
v 0.14025173 0.74496251 0.01527244
v 0.12703824 0.74653041 0.01685558
v 0.12569475 0.73403388 0.01410280
v 0.15252748 0.74200332 0.01159914
v 0.14907983 0.73083448 0.00846432
v 0.11223815 0.72161341 0.00929634
v 0.12500219 0.72184002 0.00918546
v 0.09833140 0.72078139 0.00720179
v 0.14615995 0.71982253 0.00335366
v 0.13653171 0.72135222 0.00730452
v 0.03239995 0.95167649 0.00325033
v 0.03211086 0.95129406 0.02095062
v 0.02145140 0.99303210 0.04627919
v 0.02052353 0.99795926 0.04537798
v 0.02417178 0.94333100 -0.02414863
v 0.02307741 0.93643844 -0.03285091
v 0.02008459 0.97349644 0.04057086
v 0.02219350 0.95825922 0.03626224
v 0.01535591 1.01979041 0.05352423
v 0.01571701 1.01626492 0.05145179
v 0.01717494 1.00421226 0.05061433
v 0.01783905 1.00072968 0.04826786
v 0.02165244 0.92985356 -0.04262823
v 0.02459561 0.94805139 -0.01306380
v 0.01883936 0.91230905 -0.05642597
v 0.01823711 0.90223461 -0.06266476
v 0.03097483 0.89441836 -0.06078014
v 0.03084480 0.88234347 -0.06084439
v 0.02076117 0.73301524 -0.03905083
v 0.01746612 0.78123599 -0.04421322
v 0.01755579 0.76530153 -0.04240461
v 0.01901463 0.79815507 -0.04548201
v 0.02948818 0.86897343 -0.05769588
v 0.02041016 0.92162639 -0.04974814
v 0.01896103 0.98786032 0.04440363
v 0.01911709 0.98241282 0.04091768
v 0.01616845 1.01215875 0.05046840
v 0.01668259 1.00821018 0.05049601
v 0.00922468 0.83310217 -0.06002282
v 0.00537322 0.81391323 -0.05701353
v 0.01831911 0.74911451 -0.04013753
v 0.01318196 0.71397936 -0.05212496
v 0.01632573 0.69380677 -0.05238329
v 0.01227295 0.85165548 -0.06249347
v 0.01606330 0.67082238 -0.04577081
v 0.24310207 0.27246806 -0.19851032
v 0.23356998 0.25851765 -0.22301491
v 0.22503218 0.28021091 -0.24273771
v 0.23407415 0.29184854 -0.22596684
v 0.23746082 0.33309826 -0.20491962
v 0.23294184 0.35884702 -0.20041552
v 0.22998491 0.38756025 -0.19504149
v 0.20787984 0.27453291 -0.26171267
v 0.18319592 0.29764017 -0.28780147
v 0.18711433 0.27295044 -0.27719694
v 0.22281295 0.38951814 -0.22341815
v 0.22519451 0.36308086 -0.22891939
v 0.22787890 0.30382779 -0.24315368
v 0.23021981 0.31839195 -0.24025980
v 0.24082035 0.31041092 -0.21420342
v 0.20467553 0.29833364 -0.27309287
v 0.21977076 0.30028015 -0.25654221
v 0.14045098 0.45313582 -0.26460192
v 0.14644404 0.43314883 -0.27413231
v 0.12057722 0.43367589 -0.28306836
v 0.20700273 0.45828736 -0.20881219
v 0.19972605 0.43680704 -0.23449752
v 0.09034856 0.27731198 -0.29404235
v 0.21893597 0.31941676 -0.26048145
v 0.18028888 0.32145205 -0.29313809
v 0.20192364 0.32089862 -0.27808887
v 0.17603898 0.39320821 -0.28161547
v 0.19441026 0.39176935 -0.26582018
v 0.19744182 0.36833236 -0.27403504
v 0.17814928 0.36994791 -0.28985992
v 0.21009722 0.39022350 -0.24710713
v 0.20481545 0.41535446 -0.24035199
v 0.17249671 0.41524142 -0.27345741
v 0.19006982 0.41493320 -0.25807247
v 0.18455374 0.43530917 -0.25038689
v 0.21346512 0.36568421 -0.25395161
v 0.17903367 0.34574723 -0.29441318
v 0.15420148 0.34620106 -0.30642974
v 0.12554403 0.34677744 -0.31238422
v 0.09611552 0.34485543 -0.31723237
v 0.09579143 0.36873922 -0.31476945
v 0.16645145 0.43401712 -0.26325217
v 0.15307778 0.47187465 -0.24508905
v 0.16025831 0.45311743 -0.25451180
v 0.14322527 0.53887880 -0.23481777
v 0.17387816 0.02578396 -0.09576020
v 0.05719909 0.20035294 -0.18408671
v 0.05278978 0.19997138 -0.16859774
v 0.21273324 0.28909159 -0.06845283
v 0.24670640 0.28094646 -0.14441469
v 0.24385497 0.29656503 -0.18034595
v 0.05297893 0.20449543 -0.13317749
v 0.05986198 0.20963141 -0.10875124
v 0.18402091 0.27384204 -0.05139928
v 0.12314536 0.23849621 -0.05352554
v 0.05138950 0.20143819 -0.15320309
v 0.22798175 0.33974567 -0.23507819
v 0.21580580 0.34114078 -0.25880164
v 0.19961795 0.34406409 -0.27844787
v 0.15413710 0.32227299 -0.30489662
v 0.12459482 0.32346842 -0.31176680
v 0.09559422 0.32374993 -0.31610173
v 0.03616890 0.24210075 -0.06541710
v 0.02514455 0.25586504 -0.06699719
v 0.03196988 0.25843704 -0.06439283
v 0.01624374 0.27546576 -0.06667057
v 0.01386473 0.25452662 -0.06841736
v 0.02527636 0.23657534 -0.07224853
v 0.01167889 0.23552102 -0.07238334
v 0.01354484 0.22339743 -0.08406106
v 0.09289525 0.39159447 -0.04543863
v 0.11653220 0.39866292 -0.04913417
v 0.03255326 0.38065189 -0.04787017
v 0.05006292 0.38294780 -0.04545896
v 0.18968838 0.42944422 -0.08165258
v 0.06993155 0.38652384 -0.04420827
v 0.14063767 0.40841109 -0.05565049
v 0.16726972 0.41949883 -0.06633586
v 0.09217875 0.41443878 -0.29995179
v 0.08993176 0.43564102 -0.29196805
v 0.01704649 0.37872773 -0.05324879
v 0.02364759 0.94907928 0.02183188
v 0.02426520 0.94887149 0.00314344
v 0.00210669 1.13910592 0.04817006
v 0.03131530 0.98930550 -0.15032104
v 0.00906715 1.08393502 0.05323777
v 0.01822826 0.99745739 0.04542546
v 0.01525372 1.02168071 0.05683804
v 0.01856852 0.89142793 -0.06780376
v 0.01815855 0.87928188 -0.06962410
v 0.03882466 0.19062167 -0.15868880
v 0.01575763 0.86594927 -0.06619319
v 0.04847183 0.19823205 -0.17674109
v 0.09385186 0.62447822 -0.26097983
v 0.23161229 -0.43283343 -0.24489643
v 0.23039654 -0.42995572 -0.25919950
v 0.23542219 -0.46111655 -0.25342870
v 0.23422286 -0.46365893 -0.23902643
v 0.24786171 -0.42243552 -0.28373706
v 0.23650262 -0.42586839 -0.27759010
v 0.26275343 -0.42147326 -0.28393397
v 0.27546987 -0.42259312 -0.27753556
v 0.27068442 -0.45442069 -0.27783746
v 0.25982016 -0.45355678 -0.28491649
v 0.28356749 -0.42394137 -0.26709765
v 0.28717524 -0.45756006 -0.25697312
v 0.28925854 -0.42600381 -0.25364524
v 0.28858104 -0.42868268 -0.23331641
v 0.28583309 -0.45951331 -0.23655738
v 0.28009772 -0.43464768 -0.21603262
v 0.28024629 -0.46509719 -0.21957639
v 0.26610509 -0.43936288 -0.20860367
v 0.23583108 -0.43736255 -0.22930259
v 0.23813552 -0.46718848 -0.22306506
v 0.24756145 -0.45437038 -0.28403416
v 0.23995835 -0.45819080 -0.27455565
v 0.23727927 -0.45965219 -0.26409429
v 0.23254198 -0.42816615 -0.26973331
v 0.23445877 -0.49266934 -0.24618533
v 0.23017371 -0.49176884 -0.23039901
v 0.24278966 -0.48586905 -0.28256884
v 0.24109963 -0.48969805 -0.26805043
v 0.26351282 -0.48623598 -0.27599740
v 0.25362536 -0.48476923 -0.28559011
v 0.28658590 -0.48859656 -0.26006246
v 0.27606371 -0.48708630 -0.26996505
v 0.27979776 -0.45569301 -0.26859936
v 0.28852722 -0.48956537 -0.24016598
v 0.28524584 -0.49252701 -0.21932191
v 0.23720810 -0.49390888 -0.21225202
v 0.23842931 -0.49219489 -0.25658175
v 0.34270099 -0.59861445 -0.08445428
v 0.34233654 -0.59361613 -0.08453097
v 0.33782980 -0.59266794 -0.08318738
v 0.33570322 -0.59770918 -0.08205390
v 0.30395126 -0.59293759 -0.06224284
v 0.30382711 -0.58197093 -0.06019512
v 0.29495406 -0.58200216 -0.06149954
v 0.29204473 -0.59352362 -0.06324229
v 0.32100010 -0.59565806 -0.07068139
v 0.32118744 -0.59918082 -0.07382099
v 0.32601947 -0.60018802 -0.07551091
v 0.32904986 -0.59747541 -0.07244551
v 0.36206916 -0.59896052 -0.12003582
v 0.36108658 -0.60364616 -0.12243016
v 0.36552909 -0.60408914 -0.12484526
v 0.36754522 -0.60045052 -0.12367519
v 0.34967095 -0.59909213 -0.09810776
v 0.34859568 -0.60332990 -0.10124987
v 0.35319537 -0.60355937 -0.10323729
v 0.35634145 -0.60094047 -0.10128810
v 0.30464509 -0.57719231 -0.08613026
v 0.29152006 -0.57282722 -0.08573566
v 0.29265448 -0.57897258 -0.07131733
v 0.30545431 -0.57959330 -0.07115739
v 0.28420591 -0.58647275 -0.07337710
v 0.28293842 -0.58182979 -0.08851153
v 0.28683195 -0.59072018 -0.09119857
v 0.28895336 -0.59242082 -0.07742169
v 0.29884905 -0.59379745 -0.09076183
v 0.30008176 -0.59488487 -0.07816678
v 0.30710703 -0.58948112 -0.08773731
v 0.31145671 -0.59033298 -0.07369009
v 0.32836911 -0.59130275 -0.09241629
v 0.32559150 -0.58311343 -0.09083325
v 0.32790524 -0.58782184 -0.07878292
v 0.33239448 -0.59569848 -0.08102944
v 0.31519905 -0.58172727 -0.08703312
v 0.32014865 -0.58680594 -0.07627892
v 0.30878282 -0.59126532 -0.08657723
v 0.31278524 -0.59674942 -0.09115466
v 0.31736195 -0.59834206 -0.07941983
v 0.31333482 -0.59243441 -0.07495561
v 0.32186967 -0.59733284 -0.09410124
v 0.32615462 -0.60000253 -0.08261970
v 0.34227052 -0.58564508 -0.10202691
v 0.33218831 -0.58529806 -0.09784272
v 0.33546957 -0.59051871 -0.08839066
v 0.34294233 -0.59163702 -0.09081488
v 0.32897824 -0.59693241 -0.08780169
v 0.32649356 -0.59446228 -0.09707365
v 0.33065310 -0.59928179 -0.10095161
v 0.33374831 -0.60093129 -0.09082355
v 0.33959532 -0.59955502 -0.10410499
v 0.34114087 -0.60272801 -0.09276410
v 0.34557894 -0.59317839 -0.10334151
v 0.34616271 -0.59774077 -0.09214509
v 0.35945678 -0.59476149 -0.11983277
v 0.35716501 -0.58708692 -0.11839521
v 0.35760719 -0.59298134 -0.10787398
v 0.35947034 -0.59954846 -0.10942397
v 0.34998575 -0.58722758 -0.11367522
v 0.35139608 -0.59143496 -0.10550155
v 0.34543279 -0.59470677 -0.10359944
v 0.34575212 -0.59189796 -0.11108074
v 0.34574711 -0.60019207 -0.11497524
v 0.34582734 -0.60235059 -0.10651546
v 0.35342684 -0.60145640 -0.11996970
v 0.35399869 -0.60445011 -0.10932957
v 0.36818844 -0.58928585 -0.13804254
v 0.36892056 -0.59291351 -0.12926900
v 0.36960492 -0.59880829 -0.13121189
v 0.36768490 -0.59580612 -0.14142659
v 0.36274225 -0.58778632 -0.13168511
v 0.36341563 -0.59136128 -0.12564826
v 0.35838732 -0.59535646 -0.12465679
v 0.35880443 -0.59287226 -0.12978269
v 0.35720634 -0.60149276 -0.13346562
v 0.35782528 -0.60327375 -0.12739274
v 0.36333084 -0.60169542 -0.13904792
v 0.36561334 -0.60488760 -0.13044445
v 0.30743927 -0.57642817 -0.10217459
v 0.29136544 -0.56803012 -0.10015164
v 0.29276577 -0.59384573 -0.06803921
v 0.28301889 -0.57929289 -0.10227018
v 0.29917824 -0.59520924 -0.06837297
v 0.30319819 -0.59369552 -0.10400885
v 0.28811428 -0.58980238 -0.10521554
v 0.30627769 -0.58810508 -0.09424985
v 0.32810202 -0.59128225 -0.07229236
v 0.32277697 -0.59667134 -0.11106922
v 0.32538188 -0.59163547 -0.10225556
v 0.32305917 -0.59040391 -0.07098076
v 0.32553998 -0.57999229 -0.10807163
v 0.34219182 -0.58377743 -0.12038539
v 0.33651453 -0.60214329 -0.08490130
v 0.34072283 -0.60302699 -0.08620175
v 0.34008878 -0.59884071 -0.12197801
v 0.34520477 -0.59068370 -0.11290731
v 0.35649157 -0.59596539 -0.10148156
v 0.35323036 -0.60033822 -0.13601185
v 0.35886464 -0.59217846 -0.12959769
v 0.35266325 -0.59489965 -0.09987297
v 0.35665458 -0.58408165 -0.13481726
v 0.36686215 -0.59600103 -0.12426473
v 0.36066920 -0.60040176 -0.14980744
v 0.36500928 -0.59267628 -0.15471283
v 0.36407912 -0.59499466 -0.12197953
v 0.36522204 -0.58485508 -0.14908861
v 0.24852723 -0.46955478 -0.21176791
v 0.24377432 -0.44032443 -0.21752261
v 0.25561896 -0.44128680 -0.21117812
v 0.26175997 -0.47007072 -0.20750411
v 0.27051333 -0.46830857 -0.20898458
v 0.25217685 -0.49565411 -0.20211527
v 0.26775596 -0.49560332 -0.20039372
v 0.27635854 -0.49515796 -0.20653102
v 0.29205376 -0.51421797 -0.24655847
v 0.28591192 -0.51302028 -0.26560640
v 0.27051449 -0.51159441 -0.27092454
v 0.25841224 -0.51092601 -0.27819717
v 0.24749884 -0.50996184 -0.28747091
v 0.24194515 -0.51695299 -0.20359500
v 0.25865602 -0.51565075 -0.19181089
v 0.27506846 -0.51307392 -0.19176689
v 0.28583312 -0.51431036 -0.20004337
v 0.28617245 -0.56053078 -0.11437689
v 0.30427679 -0.56241214 -0.11930339
v 0.29681093 -0.55183578 -0.13692519
v 0.28139094 -0.55987740 -0.13333815
v 0.32028556 -0.56783819 -0.12729490
v 0.31376812 -0.55463874 -0.14481598
v 0.33558062 -0.57288170 -0.13864376
v 0.32669127 -0.56099629 -0.15621582
v 0.34829962 -0.57648742 -0.15215564
v 0.33588156 -0.56705022 -0.16899516
v 0.35773909 -0.57955182 -0.16487178
v 0.34341875 -0.57370377 -0.18196590
v 0.35976261 -0.58901787 -0.17144108
v 0.34776580 -0.58477664 -0.19007708
v 0.27783409 -0.57673180 -0.11686599
v 0.27483544 -0.57478023 -0.13520151
v 0.28467721 -0.59023702 -0.12122098
v 0.28086159 -0.59023738 -0.14057638
v 0.29993892 -0.59195614 -0.12831879
v 0.29554570 -0.59197092 -0.14782430
v 0.34429899 -0.59686697 -0.18562907
v 0.35525697 -0.59936917 -0.16628152
v 0.31732559 -0.59440005 -0.13724458
v 0.31150004 -0.59303033 -0.15713888
v 0.33316579 -0.59756720 -0.14741698
v 0.32536134 -0.59600377 -0.16761765
v 0.34581828 -0.59971440 -0.15723422
v 0.33607364 -0.59803796 -0.17730001
v 0.28379110 -0.54258764 -0.15551077
v 0.30237791 -0.53968763 -0.16262008
v 0.31214595 -0.54565477 -0.17387450
v 0.32000443 -0.55390084 -0.18708299
v 0.32680368 -0.56574702 -0.20076773
v 0.33271903 -0.57957602 -0.21022493
v 0.30630368 -0.53841233 -0.21048442
v 0.30926150 -0.56132364 -0.22104788
v 0.31353587 -0.57673752 -0.22811346
v 0.29704690 -0.57469738 -0.24590726
v 0.29553649 -0.55962908 -0.24133320
v 0.27144772 -0.55738056 -0.27645165
v 0.28337699 -0.55772901 -0.26036945
v 0.28404561 -0.57326293 -0.26511097
v 0.27093863 -0.57497311 -0.28221199
v 0.29615110 -0.53895676 -0.23359799
v 0.28573033 -0.53679621 -0.25443155
v 0.27402186 -0.53419912 -0.26839343
v 0.24542078 -0.57474387 -0.29664740
v 0.24906197 -0.55538225 -0.29622599
v 0.26108897 -0.55675709 -0.28825080
v 0.25876224 -0.57589233 -0.29243195
v 0.22610551 -0.57556856 -0.29288706
v 0.23007888 -0.55566669 -0.29550737
v 0.21791938 -0.55737114 -0.27778000
v 0.21350804 -0.57557356 -0.27597970
v 0.25413060 -0.53237581 -0.28636444
v 0.26364383 -0.53414547 -0.27676418
v 0.23880294 -0.53253329 -0.29046792
v 0.22889423 -0.53370273 -0.27702731
v 0.22115207 -0.55801916 -0.25749284
v 0.23153502 -0.53585804 -0.26001835
v 0.21437261 -0.57503462 -0.25553906
v 0.27142411 -0.55849624 -0.15456219
v 0.26927248 -0.57224703 -0.15672995
v 0.29918128 -0.52816391 -0.18880746
v 0.28799537 -0.52571893 -0.17885305
v 0.26480865 -0.53289700 -0.17833768
v 0.25625747 -0.55492401 -0.17644548
v 0.25818089 -0.57097208 -0.17930149
v 0.24179533 -0.55590332 -0.19547549
v 0.24613124 -0.57083952 -0.19863081
v 0.27539164 -0.58370328 -0.16195372
v 0.26557589 -0.57918882 -0.18440454
v 0.25247118 -0.57898879 -0.20308284
v 0.23341274 -0.55716491 -0.21424168
v 0.23495972 -0.57191014 -0.21546847
v 0.22925809 -0.55778337 -0.23055762
v 0.22681481 -0.57275748 -0.22971365
v 0.22019482 -0.57370317 -0.24168454
v 0.22644824 -0.55807114 -0.24369505
v 0.23270795 -0.53744721 -0.23414284
v 0.23192203 -0.53707647 -0.24703920
v 0.23569003 -0.53767049 -0.21675172
v 0.24420768 -0.53622425 -0.19732139
v 0.32983851 -0.59286165 -0.20741199
v 0.31167886 -0.58852398 -0.22667281
v 0.29404277 -0.58553255 -0.24447230
v 0.27888542 -0.58596599 -0.26283407
v 0.26469877 -0.58768058 -0.27693459
v 0.25352338 -0.58813727 -0.28471506
v 0.24138233 -0.58726108 -0.28846025
v 0.22684911 -0.58596516 -0.28423131
v 0.21818423 -0.58552468 -0.27253029
v 0.21858773 -0.58607399 -0.25637883
v 0.22301444 -0.58644736 -0.24356012
v 0.23942938 -0.58171606 -0.21917625
v 0.22934172 -0.58507681 -0.23175798
v 0.23208997 -0.51639748 -0.22139482
v 0.23217180 -0.51619506 -0.23911621
v 0.23451668 -0.51523507 -0.25123960
v 0.23777199 -0.51140571 -0.27855709
v 0.23843637 -0.51404393 -0.26324177
v 0.28694531 -0.58908129 -0.16940048
v 0.30077821 -0.59068310 -0.17927045
v 0.31265366 -0.59317875 -0.18977731
v 0.32207504 -0.59494960 -0.19933613
v 0.30532920 -0.59174883 -0.22014429
v 0.29654086 -0.59053445 -0.21149950
v 0.28521898 -0.58860159 -0.20104863
v 0.27451479 -0.58449948 -0.19121048
v 0.28742009 -0.59015644 -0.23796605
v 0.27947375 -0.58994496 -0.22968107
v 0.26866171 -0.58825970 -0.22004752
v 0.25978062 -0.58507252 -0.20990509
v 0.24546912 -0.58807981 -0.22598478
v 0.25300092 -0.59009671 -0.23611140
v 0.26292780 -0.59088659 -0.24527636
v 0.27057916 -0.59055722 -0.25430956
v 0.25731134 -0.59098566 -0.26691562
v 0.25037828 -0.59095383 -0.25749868
v 0.24176222 -0.59055889 -0.24847433
v 0.23536730 -0.58950710 -0.23937342
v 0.24833959 -0.59073019 -0.27402067
v 0.23021054 -0.58942676 -0.27662641
v 0.23966384 -0.59012520 -0.27764481
v 0.22379047 -0.58973527 -0.26950851
v 0.22515199 -0.58978081 -0.25872549
v 0.22953969 -0.59001422 -0.24900264
v 0.23135400 -0.59010255 -0.26270783
v 0.23573598 -0.59042013 -0.25629210
v 0.24303159 -0.59060276 -0.26469934
v 0.23714688 -0.59002197 -0.26937348
v 0.22897291 -0.58977377 -0.26811919
v 0.23198062 -0.58976626 -0.27142614
v 0.28921327 -0.51810730 -0.22068171
v 0.05220662 0.96420097 -0.17168897
v 0.09005654 0.89927673 -0.20853752
v 0.19324312 -0.14211792 -0.17327644
v 0.20734909 -0.14512587 -0.16274495
v 0.22089964 -0.14276510 -0.15805222
v 0.15218738 0.26579416 -0.04572286
v 0.10890350 0.53757370 -0.02592660
v 0.11518899 0.58033609 -0.02379611
v 0.11292135 0.55911583 -0.02513012
v 0.15596686 0.24253786 -0.04958168
v 0.18039170 0.60688770 -0.05744274
v 0.09374257 0.30323449 -0.30827042
v 0.10040107 0.85957181 -0.22530067
v 0.11498942 0.76139379 0.01682965
v 0.09435695 0.39298397 -0.30879760
v 0.09144519 1.08207583 -0.05130807
v 0.08876559 1.08147669 -0.05399950
v 0.08897109 1.07745862 -0.05554444
v 0.08694938 1.07788694 -0.06079602
v 0.08668257 1.07702804 -0.06479144
v 0.08746340 1.07610369 -0.06696779
v 0.08976473 1.07899225 -0.05785415
v 0.08791094 1.08303285 -0.06046192
v 0.08980568 1.08078229 -0.05608201
v 0.09046222 1.08021617 -0.05551328
v 0.00289699 0.79544097 -0.05591235
v 0.00335887 0.77838993 -0.05575053
v 0.00430754 0.76234019 -0.05374169
v 0.00649948 0.74674350 -0.05282919
v 0.01858468 0.99249768 0.04659766
v 0.01745570 0.47636515 -0.03221557
v 0.01936708 0.49403214 -0.03197968
v 0.07950786 0.54049551 -0.24805617
v 0.01539091 0.42610264 -0.04047929
v 0.01969568 0.51178247 -0.02772185
v 0.11202189 0.72004372 -0.26318008
v 0.00896738 0.73127383 -0.05186182
v 0.01545839 0.40278274 -0.04553056
v 0.11412217 0.79558265 -0.24645898
v 0.02093747 0.53569365 -0.02326350
v 0.01877261 0.29919073 -0.06829819
v 0.01988585 0.60662508 -0.02833754
v -0.04167606 1.10677671 0.03831390
v -0.05098881 1.09896076 0.02418701
v -0.04439399 1.08934677 0.03390247
v -0.03434021 1.09390259 0.04476783
v -0.03934159 1.08084881 0.03932397
v -0.02917731 1.08330011 0.04635614
v -0.05635817 1.08918917 0.01164842
v -0.05025245 1.08292937 0.02182536
v -0.05250700 1.04978263 0.00890565
v -0.05144674 1.05858803 0.01007208
v -0.05689128 1.05599141 0.00111072
v -0.05645005 1.04485583 -0.00136870
v -0.04930480 1.02419174 0.00569066
v -0.05247120 1.01633477 -0.00677702
v -0.04632332 1.00687337 0.00324009
v -0.04366887 1.01565790 0.01385495
v -0.00996220 1.03258264 0.03829278
v -0.01419999 1.03838325 0.03735369
v -0.01963973 1.03194821 0.03583036
v -0.01484788 1.02526426 0.03654452
v -0.00178759 1.04355478 0.04523030
v 0.00181608 1.04698706 0.05251451
v 0.00107730 1.05288267 0.04777792
v -0.00379311 1.04872584 0.04224131
v -0.00408004 1.02754414 0.03909913
v -0.00954434 1.01983559 0.03711584
v -0.00343715 1.03413212 0.04299352
v -0.00561942 1.03877032 0.04025880
v -0.00023269 1.02748775 0.05449595
v 0.00259129 1.02762926 0.05964054
v 0.00086163 1.03356147 0.06028897
v -0.00208120 1.03264332 0.05326170
v -0.00289932 1.02708292 0.04420303
v 0.00071055 1.02408648 0.04649535
v -0.00096354 1.02621770 0.04975316
v -0.00333690 1.03004158 0.04752222
v -0.00118059 1.03796554 0.04924051
v 0.00167169 1.04050422 0.05688819
v 0.00575634 1.04175138 0.06407717
v 0.00524602 1.03313160 0.06739739
v -0.02568257 1.01088774 0.03005874
v -0.02034654 1.00674939 0.03304425
v -0.01553466 1.01316071 0.03595813
v -0.02051973 1.01799166 0.03392297
v -0.00005649 1.02085030 0.04293206
v -0.00230750 1.00299728 0.04417621
v 0.00376393 1.00417733 0.04782218
v 0.00316810 1.00862718 0.04802966
v -0.00331166 1.00742459 0.04427630
v -0.03210797 0.99473262 0.02036032
v -0.03193822 0.98543501 0.01510186
v -0.02479032 0.98585236 0.02312826
v -0.02529962 0.99318111 0.02613325
v -0.02151573 0.97872192 0.02096477
v -0.02803797 0.97606748 0.01193385
v -0.01500979 0.95935190 0.01328696
v -0.01145576 0.96583021 0.02529098
v -0.01680839 0.97263944 0.02194823
v -0.02293205 0.96761763 0.01131053
v 0.00073555 0.97318727 0.03586520
v -0.00486802 0.96069801 0.03087051
v 0.00459567 0.95751154 0.03509162
v 0.00828347 0.97277749 0.03907005
v -0.00147596 0.99692696 0.04023838
v -0.00159006 0.99960041 0.04263128
v -0.00584700 0.99884647 0.03904191
v -0.00559965 0.99661553 0.03739229
v -0.01032716 0.99632525 0.03372736
v -0.01001457 0.99717689 0.03466859
v -0.01161811 0.99790221 0.03447059
v -0.01212318 0.99594080 0.03284580
v -0.00827005 0.99653721 0.03503998
v -0.00907495 0.99519610 0.03389171
v -0.00682130 0.99400246 0.03605308
v -0.00342784 0.99287039 0.03974351
v 0.01211998 0.99216205 0.04629004
v 0.01273753 0.99750161 0.04494163
v 0.00901860 0.99731767 0.04423733
v 0.00727265 0.99211979 0.04551588
v -0.01003844 0.99962986 0.03688678
v -0.00706456 1.00115311 0.04029202
v -0.00867536 1.00469983 0.04042448
v -0.01235245 1.00143695 0.03719832
v -0.01617610 1.00415063 0.03602074
v -0.01902529 0.99896681 0.03250861
v -0.01460603 0.99829268 0.03398140
v -0.01101721 0.99381340 0.03231168
v -0.01522237 0.99516612 0.03142343
v -0.01436578 0.99149460 0.03029251
v -0.01171018 0.98825312 0.03112973
v -0.00883013 0.99162304 0.03413738
v -0.00559134 0.98948890 0.03791250
v -0.00796306 0.98511779 0.03393383
v -0.00268797 0.98277378 0.03718416
v -0.00062029 0.98786581 0.04170969
v -0.01155618 1.00887060 0.03918849
v -0.01998410 0.99391198 0.02983743
v -0.02387349 1.00012207 0.02982296
v -0.01897536 0.98846328 0.02753296
v -0.01611166 0.98351198 0.02733923
v -0.00571276 0.97535133 0.03202552
v -0.01152545 0.97908258 0.02888155
v -0.00668405 0.95220321 0.01755235
v 0.00424211 0.94876969 0.02063335
v -0.03421643 1.07503510 0.03831261
v -0.02570023 1.07732236 0.04209317
v -0.03342026 1.06859434 0.03287593
v -0.02987141 1.06967533 0.03565791
v -0.03103928 1.07199907 0.03661759
v -0.03524471 1.07042217 0.03257565
v -0.04553043 1.06090379 0.01596954
v -0.04689746 1.05459213 0.01538976
v -0.04116540 1.05946112 0.01961130
v -0.04059612 1.06314623 0.02090767
v -0.03321671 1.05224371 0.02757138
v -0.03137501 1.05896425 0.02977870
v -0.03443853 1.05975080 0.02706838
v -0.03765095 1.05338228 0.02417892
v -0.02758387 1.05893207 0.03204635
v -0.02825923 1.05263138 0.03047021
v -0.02339680 1.05418062 0.03282677
v -0.02349442 1.05967903 0.03378372
v -0.02405704 1.07395101 0.03848995
v -0.02439729 1.07114053 0.03723159
v -0.01801533 1.07214308 0.03649502
v -0.01639043 1.07547545 0.03811619
v -0.00689372 1.06757808 0.03274804
v -0.00354709 1.06761956 0.03445268
v -0.00469217 1.07195365 0.03513590
v -0.00819915 1.07013023 0.03331171
v -0.00840140 1.06551456 0.03324623
v -0.00622298 1.06405950 0.03445046
v -0.03497840 1.13141346 0.03823040
v -0.05082413 1.12203646 0.02702329
v -0.02744216 1.11250532 0.04769394
v -0.05895137 1.11010349 0.01226453
v -0.06358454 1.09661674 -0.00017369
v -0.04731659 0.99723268 -0.00596689
v -0.04055897 0.98891234 0.00562751
v -0.03995023 0.99929678 0.01269226
v -0.04506686 0.98602426 -0.01445961
v -0.03701176 0.97793686 -0.00002344
v -0.01755931 0.95906854 -0.00621843
v -0.02831060 0.96760708 -0.00450268
v -0.05040648 0.99897087 -0.02957085
v -0.04515032 0.99053288 -0.03914447
v -0.03632586 0.97552061 -0.02294981
v -0.04977046 1.00633085 -0.05062707
v -0.04616577 1.00394416 -0.06165600
v -0.03603557 0.98370469 -0.05395648
v -0.01664709 0.94774646 -0.05804944
v -0.02953202 0.95485574 -0.07075802
v -0.02810917 0.94416159 -0.08137371
v -0.01842744 0.93884385 -0.06814882
v -0.05350503 1.00841296 -0.01982653
v -0.06071901 1.06766105 -0.00644873
v -0.06085505 1.05391169 -0.01129970
v -0.05560287 1.06688476 0.00549965
v -0.07232437 1.12906885 -0.01962291
v -0.07595054 1.11054075 -0.02696148
v -0.07074441 1.10380578 -0.01173641
v -0.06697037 1.11993599 -0.00031173
v -0.04575194 1.16609836 -0.00549425
v -0.06136088 1.14848828 -0.01441018
v -0.05731372 1.13581324 0.00979647
v -0.03988308 1.14893413 0.02026698
v -0.07853848 1.11644566 -0.04499470
v -0.07696634 1.13558292 -0.04139370
v -0.07833920 1.13539386 -0.06352873
v -0.07849611 1.11622608 -0.06165794
v -0.06977957 1.15714622 -0.03804642
v -0.07075862 1.15668941 -0.06767104
v -0.04719762 1.01040673 -0.07442707
v -0.04264148 0.99109477 -0.07540182
v -0.03927215 0.97533238 -0.07932721
v -0.03007952 0.96869981 -0.06154355
v -0.05708515 1.17820215 -0.07015402
v -0.05267083 1.17599428 -0.03587537
v -0.06804792 1.09936810 -0.11306154
v -0.07366513 1.08718050 -0.10056679
v -0.07583428 1.10034072 -0.08827925
v -0.07278238 1.11510563 -0.10043555
v -0.05882140 1.11146367 -0.12506707
v -0.06446849 1.13099623 -0.11110842
v -0.04665585 1.04681921 -0.12149921
v -0.03783663 1.05338776 -0.13608931
v -0.02829403 1.03436506 -0.13179223
v -0.03937710 1.02828920 -0.12095653
v -0.04523514 1.07693946 0.02990884
v -0.04827164 1.07207155 0.02121083
v -0.04234161 1.06971395 0.02597211
v -0.03950185 1.07257128 0.03244561
v -0.05868835 1.07953823 0.00080766
v -0.05307283 1.07578957 0.01211654
v -0.07078462 1.08955061 -0.02245425
v -0.07434865 1.09550643 -0.03453176
v -0.07896820 1.10254502 -0.06135622
v -0.07785244 1.10048866 -0.04789402
v -0.07398911 1.07873285 -0.08978784
v -0.07569381 1.08727658 -0.08278663
v -0.04919637 1.01964056 -0.08885066
v -0.04486287 1.02135801 -0.10357330
v -0.03743561 1.00490475 -0.10577708
v -0.04211733 1.00015295 -0.09243596
v -0.02101826 1.01706326 -0.13102672
v -0.03050826 1.01071632 -0.12036245
v -0.03393952 0.97059268 -0.10578546
v -0.02603624 0.97803819 -0.11940292
v -0.02331087 0.96687758 -0.12799107
v -0.02876960 0.96006143 -0.11474754
v -0.01427221 0.97409546 -0.13913718
v -0.01788492 0.98436964 -0.12961623
v -0.00865028 0.98968494 -0.13948929
v -0.00382825 0.97816646 -0.14678429
v 0.00437025 0.93059140 -0.04984728
v -0.00579721 0.93429804 -0.05824207
v -0.00816272 0.92530751 -0.06714892
v 0.00333781 0.92285818 -0.06011811
v -0.02630930 0.95137453 -0.12711011
v -0.02254326 0.96027541 -0.14094701
v -0.05386648 1.04060888 -0.10755064
v -0.05896967 1.03942478 -0.09385271
v -0.01244784 0.96674824 -0.15207914
v -0.03214351 0.99026465 -0.11216503
v -0.02291029 0.99611592 -0.12348448
v -0.00949377 1.02436531 -0.13707173
v -0.01701114 1.04023612 -0.14367306
v -0.00884544 1.04385400 0.03877693
v -0.01414328 1.05900073 0.03467239
v -0.00986420 1.06129301 0.03465553
v -0.01131224 1.06415629 0.03413843
v -0.01517334 1.06254351 0.03473300
v -0.00689273 1.09695721 0.05445014
v -0.02099059 1.09676003 0.05207172
v -0.01679073 1.08420861 0.05020039
v -0.00280190 1.08135891 0.05134371
v -0.03836656 1.02780914 0.02403624
v -0.03165622 1.01726294 0.02686232
v -0.02566900 1.02480769 0.03272083
v -0.02952822 1.03395009 0.03154667
v -0.03787390 1.06435502 0.02419786
v -0.03701891 1.06584704 0.02679476
v -0.03937642 1.06613362 0.02415684
v -0.02970617 1.00310349 0.02541712
v -0.03645343 1.00836825 0.02002081
v -0.05950578 1.04037476 -0.01417290
v -0.04972943 1.06634021 0.01396053
v -0.02653991 1.17707372 0.00173327
v -0.02371354 1.15837586 0.02939130
v -0.03012019 1.18756378 -0.03298303
v -0.03335894 1.19190097 -0.07022171
v -0.04972690 1.14561510 -0.12007568
v -0.03044595 1.16027844 -0.12751146
v -0.02532640 1.13560140 -0.14323606
v -0.04436008 1.12391615 -0.13544594
v -0.02546614 1.05860806 -0.14828676
v 0.00163240 0.99318719 -0.14575286
v 0.00669266 0.98138231 -0.15031886
v -0.01747862 1.13644969 0.04563177
v -0.01149074 1.11548877 0.05402540
v -0.06478761 1.08284557 -0.01056175
v -0.05095546 1.04121256 0.01053439
v -0.04623719 1.03358710 0.01585795
v -0.04315203 1.04408610 0.02185918
v -0.04657827 1.04894614 0.01751673
v -0.05383717 1.03420830 -0.00056209
v -0.05702290 1.02798605 -0.01468448
v -0.05827463 1.02176607 -0.03132357
v -0.05447908 1.01191735 -0.04177205
v -0.07654326 1.12888598 -0.08449204
v -0.07787342 1.11238050 -0.07671686
v -0.05495865 1.16548300 -0.09814920
v -0.06872530 1.14645576 -0.09257744
v -0.07748353 1.10130906 -0.07424596
v -0.03486640 1.18331110 -0.10242611
v 0.00335215 1.01346207 0.04739538
v 0.00492931 1.01843262 0.04728988
v -0.00428700 1.01385117 0.04245600
v 0.00594200 0.98714727 0.04335918
v 0.00399942 0.98175502 0.03933406
v 0.01034166 0.98149377 0.04034653
v 0.01156932 0.98713982 0.04410668
v 0.00615981 0.94819748 0.00130542
v -0.00527017 0.95185506 -0.00235537
v 0.00503887 0.93691432 -0.03763524
v -0.00569897 0.94157720 -0.04668815
v 0.00401838 1.02683222 0.05305389
v 0.00354440 1.02672720 0.05084439
v 0.00550253 1.02709806 0.05162606
v 0.00556625 1.02736402 0.05349103
v -0.00858344 0.99793291 0.03624918
v 0.00890324 1.00438118 0.04957490
v 0.00910661 1.00075448 0.04734309
v 0.01278886 1.00059092 0.04781459
v 0.01237623 1.00408113 0.05011922
v -0.02262382 0.96426845 -0.03119476
v -0.01803110 0.95697397 -0.04701036
v -0.03111290 0.95326602 -0.09885204
v -0.03525638 0.96293581 -0.08817898
v -0.03801902 0.98332161 -0.09809181
v -0.01385289 1.00132620 -0.13415566
v -0.00496287 1.00698304 -0.14209801
v 0.00943101 1.01284599 -0.14560680
v 0.00339502 1.02883554 -0.14331076
v -0.00589389 0.95233983 -0.02120270
v -0.00570522 0.94786000 -0.03475237
v 0.00576002 0.94353294 -0.02720171
v 0.00667703 0.94845605 -0.01521562
v 0.01034152 1.02427602 0.05454904
v 0.00942008 1.02344131 0.05214357
v 0.01170578 1.02071238 0.05249181
v 0.01204308 1.02246308 0.05589803
v 0.00296885 1.02501428 0.04867843
v 0.00546123 1.02197814 0.04793119
v 0.00550962 1.02446675 0.04846688
v 0.00204080 1.02580333 0.05047965
v 0.00254712 1.02652180 0.05349588
v 0.00743643 1.02655578 0.05858921
v 0.00742579 1.02565348 0.06387624
v 0.00433687 1.02662587 0.05682637
v 0.00817866 1.02605212 0.05323347
v 0.00808885 1.02525818 0.05112658
v 0.00570412 1.02634931 0.04938021
v 0.00382252 1.02617848 0.04938531
v 0.00712398 1.02696514 0.05641761
v 0.00522871 1.02699649 0.05501306
v 0.00590935 1.04929388 0.05947669
v 0.01483995 0.93565488 -0.03363688
v 0.01588926 0.94193542 -0.02421473
v -0.00933289 0.99658239 0.03427602
v -0.01553218 1.07864881 0.04342557
v -0.03721506 1.04201806 0.02697906
v -0.01671557 1.04441285 0.03580856
v -0.01792881 1.05044162 0.03483473
v -0.02368846 1.04697061 0.03321189
v -0.02256203 1.03964353 0.03430572
v -0.00603802 1.07690322 0.04260623
v -0.00029489 1.07246661 0.04034397
v 0.00407633 1.07284808 0.04729360
v 0.00067638 1.06636012 0.03918198
v -0.00263270 1.06128168 0.03721707
v -0.00042294 1.05767059 0.04267335
v 0.00434722 1.06379378 0.04788840
v -0.03760628 1.06847918 0.02816008
v -0.03557174 1.06718409 0.02973808
v -0.00553162 1.05322337 0.03899682
v -0.00728039 1.05736101 0.03604877
v -0.01234796 1.05398393 0.03545749
v -0.01091139 1.04885221 0.03690867
v -0.03007764 1.04391909 0.03077865
v -0.04397429 1.06613290 0.01991703
v -0.04036405 1.05609322 0.02097146
v -0.05627649 1.03191149 -0.08011306
v -0.06260344 1.04322886 -0.08488720
v -0.05512341 1.02275896 -0.05949345
v -0.05515521 1.02621222 -0.06380650
v -0.04884554 1.01881289 -0.06366628
v -0.05046474 1.01839769 -0.05739942
v -0.07370014 1.07639158 -0.06866969
v -0.07242668 1.07590151 -0.06388883
v -0.07328976 1.08125997 -0.06244709
v -0.07489947 1.08168876 -0.07012161
v -0.07262287 1.07766020 -0.05694191
v -0.07052376 1.07446992 -0.05745661
v -0.07076894 1.07276058 -0.05492522
v -0.07136757 1.07947564 -0.05458799
v -0.06887801 1.07604253 -0.04777476
v -0.07125197 1.08447289 -0.04164013
v -0.07438765 1.08845329 -0.05141866
v -0.06529221 1.06789255 -0.02235937
v -0.06759404 1.07797778 -0.03268099
v -0.06635734 1.06918478 -0.04222603
v -0.06465280 1.06003106 -0.03918709
v -0.05794122 1.02587605 -0.04537684
v -0.05520300 1.01952457 -0.05069798
v -0.05092321 1.02386391 -0.07140927
v -0.05201014 1.09185004 -0.13234368
v -0.06183495 1.08175635 -0.11933804
v -0.06780192 1.07344091 -0.10603338
v -0.07057308 1.06727421 -0.09401864
v -0.03787576 1.10127079 -0.14263429
v -0.01934293 1.10900939 -0.14996128
v -0.06311640 1.05199611 -0.02602296
v -0.06350823 1.04755485 -0.03965488
v -0.05466754 1.06365275 -0.12188920
v -0.04492887 1.07257056 -0.13539764
v -0.06127525 1.05696321 -0.10839710
v -0.06593723 1.05413830 -0.09564744
v -0.03183668 1.07948506 -0.14783402
v -0.01412293 1.08446217 -0.15476033
v -0.00557168 1.06170917 -0.15587018
v -0.06314344 1.02837420 -0.05578285
v -0.06237347 1.02226937 -0.05710633
v -0.05968843 1.02101421 -0.05525035
v -0.06049727 1.02630258 -0.05168748
v -0.06177240 1.03572845 -0.04242496
v -0.06101305 1.03690493 -0.02948232
v 0.00534699 1.05614829 0.05451062
v 0.01389575 0.95731115 0.03649674
v 0.01435322 0.97317076 0.04037739
v 0.00869017 1.01312256 0.05001822
v 0.00868089 1.00857258 0.04995829
v 0.01223715 1.00809979 0.05045752
v 0.01224833 1.01241612 0.05058379
v -0.00939526 1.07460999 0.03691624
v -0.00207135 1.04449177 -0.14813548
v 0.01454065 0.99818730 -0.14836314
v 0.01824086 0.98475277 -0.15192318
v 0.00037836 0.97035921 -0.15872192
v 0.01208604 0.97306645 -0.15966812
v 0.01229502 1.01677704 0.05116095
v 0.00901477 1.01738620 0.05022170
v 0.00768526 1.02676010 0.05524723
v 0.00410378 1.00028121 0.04581068
v 0.00795658 1.02357888 0.05050570
v 0.00884561 1.02092350 0.05048409
v 0.01408323 1.01986074 0.05342138
v 0.01423527 1.01635885 0.05147390
v -0.01868690 1.05648911 0.03425589
v -0.01925369 1.06087005 0.03464103
v 0.00965589 1.02533662 0.05727601
v 0.01111750 1.02354527 0.05978695
v -0.01953175 0.92942250 -0.07856985
v -0.02620479 0.93605065 -0.09402674
v 0.01551981 1.00052857 0.04826584
v 0.01501143 1.00389731 0.05049416
v -0.06406433 1.05421758 -0.04875265
v -0.06675261 1.06209266 -0.04942235
v -0.06764908 1.05764627 -0.05539685
v -0.06517506 1.05155230 -0.05533804
v 0.01350878 0.92885733 -0.04476024
v -0.02698945 0.94350553 -0.11159322
v 0.02330533 0.97603762 -0.15906550
v -0.03683077 1.06106830 0.02474019
v -0.03797830 1.06270552 0.02356729
v -0.01228730 1.07191086 0.03498925
v 0.00187790 0.99239480 0.04326010
v 0.00407931 0.99691671 0.04283868
v 0.01602953 0.94734323 -0.01289377
v 0.01403075 1.02162766 0.05692005
v -0.07021924 1.06838214 -0.06249042
v -0.06929714 1.06510866 -0.06287836
v -0.07214046 1.06270111 -0.06114082
v -0.07259271 1.06568789 -0.05986650
v -0.07341366 1.06806922 -0.05464107
v -0.07559722 1.07178974 -0.05516614
v -0.07663991 1.06832075 -0.05783142
v -0.07461655 1.06553078 -0.05772328
v -0.06987887 1.06857026 -0.05142431
v -0.07119360 1.06394005 -0.05423196
v -0.07905138 1.07325220 -0.05646406
v -0.07817768 1.07098770 -0.05828643
v -0.07203075 1.07484341 -0.05977908
v -0.07579824 1.07536066 -0.05745398
v -0.07786135 1.07802010 -0.06126571
v -0.08306015 1.07452989 -0.05937515
v -0.08067404 1.07784700 -0.06776370
v -0.08653792 1.07348943 -0.06483450
v -0.08186386 1.07345152 -0.07382042
v -0.08711082 1.07089782 -0.07188115
v -0.06246118 1.03460717 -0.05024613
v -0.06101771 1.03720081 -0.05715622
v -0.08151402 1.06801510 -0.07834826
v -0.08676981 1.06589544 -0.07636938
v -0.08033671 1.06023407 -0.08083947
v -0.08498893 1.05918336 -0.07969162
v -0.07792846 1.05214477 -0.08143371
v -0.08248485 1.05184257 -0.08062728
v -0.07489700 1.04445183 -0.08075128
v -0.07958176 1.04465950 -0.07915346
v -0.07027959 1.03466153 -0.07856524
v -0.07595915 1.03783286 -0.07564896
v -0.08279642 1.06942558 -0.07134400
v -0.08163834 1.07245517 -0.06647303
v -0.07412773 1.07173324 -0.07170231
v -0.07997202 1.07281578 -0.06141526
v -0.06736827 1.06129611 -0.07216129
v -0.06676544 1.05714464 -0.07003525
v -0.07053719 1.05581343 -0.06567983
v -0.06757469 1.06023192 -0.06820485
v -0.06646682 1.05024993 -0.05944942
v -0.06615308 1.04429674 -0.05977464
v -0.06505322 1.04350591 -0.05530567
v -0.06386168 1.04052448 -0.06070106
v -0.06276970 1.04545701 -0.06157464
v -0.06309538 1.04254866 -0.06249259
v -0.06149416 1.05073094 -0.06095180
v -0.06376900 1.04110503 -0.06389724
v -0.06458604 1.03930736 -0.06258628
v -0.06245585 1.04214084 -0.06456839
v -0.06186424 1.04282951 -0.06369024
v -0.06048838 1.04459918 -0.06402346
v -0.06099305 1.04862750 -0.06580926
v -0.06549164 1.04374111 -0.04853162
v -0.06133147 1.03792417 -0.07448878
v -0.06696432 1.04571402 -0.07646593
v -0.07162782 1.03204036 -0.07060923
v -0.06725124 1.02751625 -0.07232078
v -0.06328828 1.02085447 -0.05982822
v -0.06546558 1.02298021 -0.06535311
v -0.07349642 1.06643653 -0.07348860
v -0.07296664 1.06020057 -0.07646528
v -0.05723327 1.03171003 -0.06786112
v -0.07056236 1.05380082 -0.07634554
v -0.07530094 1.04151618 -0.07320645
v -0.07121616 1.03749621 -0.06952228
v -0.07875264 1.04667270 -0.07573142
v -0.06493901 1.03538513 -0.06075856
v -0.06773229 1.03509295 -0.06446266
v -0.06844778 1.02952635 -0.06464806
v -0.06583651 1.02815843 -0.06010005
v -0.06959121 1.04176950 -0.06766652
v -0.07413211 1.04467428 -0.06986782
v -0.06611913 1.04401422 -0.06914917
v -0.06998819 1.04764783 -0.07077814
v -0.06468791 1.04173505 -0.06626131
v -0.06674723 1.03926206 -0.06474845
v -0.06213320 1.04583192 -0.06965640
v -0.06532269 1.05114973 -0.07230014
v -0.06194111 1.04297531 -0.06632230
v -0.07390791 1.05065072 -0.07064696
v -0.07004794 1.05429626 -0.07200075
v -0.07431895 1.05651271 -0.06870308
v -0.07754568 1.05369771 -0.06952791
v -0.07748098 1.04835641 -0.07182941
v -0.08015312 1.05252242 -0.07270358
v -0.07989513 1.05277729 -0.07722238
v -0.08107122 1.05787289 -0.07301612
v -0.08170179 1.05898917 -0.07661004
v -0.07920735 1.05738020 -0.06976184
v -0.07704178 1.05790746 -0.06696434
v -0.08323512 1.06496418 -0.07452089
v -0.08153803 1.06265664 -0.07181966
v -0.08115143 1.06663787 -0.06950025
v -0.07968826 1.06100345 -0.06892269
v -0.07913262 1.06420064 -0.06719075
v -0.07826199 1.05993783 -0.06702608
v -0.07739110 1.06165779 -0.06553822
v -0.07534852 1.07063210 -0.05997987
v -0.07360124 1.06833947 -0.05932020
v -0.07750195 1.07096076 -0.06256370
v -0.07573403 1.06822705 -0.06282893
v -0.07399531 1.06878901 -0.06134903
v -0.07243434 1.06773436 -0.06130567
v -0.07434310 1.06578243 -0.06259397
v -0.07178259 1.06505251 -0.06492394
v -0.00413797 0.90272850 -0.07323237
v 0.00806613 0.90245920 -0.06764615
v 0.01001210 0.91276097 -0.06137262
v -0.00008826 0.91413176 -0.06748528
v -0.07775664 1.06654024 -0.06483735
v -0.07609753 1.06353199 -0.06359185
v -0.07982212 1.06964386 -0.06593692
v -0.07282484 1.06125963 -0.06792427
v -0.07409929 1.06199193 -0.06531145
v -0.07585905 1.05969214 -0.06563029
v -0.07428047 1.05909371 -0.06734540
v -0.06592500 1.05496550 -0.05976538
v -0.06386787 1.05436671 -0.06334049
v -0.06385295 1.05192482 -0.06787544
v -0.03663159 0.88941467 -0.12396663
v -0.02821312 0.90064943 -0.11415153
v -0.03802910 0.90861785 -0.13527976
v -0.04835677 0.89932382 -0.14614277
v -0.06199499 0.86251509 -0.12587199
v -0.08246928 0.86953449 -0.16492617
v -0.08444694 0.84234089 -0.14684960
v -0.06452727 0.84064925 -0.11994547
v -0.08411544 0.82055449 -0.13226476
v -0.06487506 0.82034326 -0.11154748
v -0.08250896 0.76593304 -0.10526618
v -0.06700777 0.76669002 -0.09215033
v -0.06587970 0.78353107 -0.09817459
v -0.08246119 0.78258848 -0.11260679
v -0.09205552 0.70313448 -0.10053983
v -0.08200107 0.69000649 -0.10023851
v -0.07303941 0.69218487 -0.08879015
v -0.08319011 0.70429564 -0.09015436
v -0.12897778 0.77550918 -0.20109439
v -0.12845382 0.78859013 -0.21537386
v -0.12930471 0.77831984 -0.22421889
v -0.12750757 0.76759809 -0.21087241
v -0.07408602 0.90836662 -0.21738383
v -0.08009339 0.88960314 -0.19711898
v -0.06466921 0.90136516 -0.18145302
v -0.06279013 0.91903895 -0.20120923
v -0.11211488 0.71378517 -0.17258936
v -0.10919955 0.70445353 -0.16061690
v -0.11230055 0.70889854 -0.15245473
v -0.11555056 0.71795058 -0.16159201
v -0.08538424 0.63110012 -0.13496290
v -0.08409978 0.61076409 -0.13325542
v -0.07482570 0.60793829 -0.11067932
v -0.07679471 0.62881064 -0.11347676
v -0.09331699 0.66158628 -0.22700195
v -0.08327015 0.66478038 -0.25755540
v -0.08381823 0.64640272 -0.24931148
v -0.09464049 0.64240158 -0.21918982
v -0.10815936 0.76255393 -0.13430433
v -0.09641307 0.76477861 -0.11965973
v -0.09753656 0.78048676 -0.12849353
v -0.11056373 0.77741617 -0.14551772
v -0.15962100 0.64204836 -0.27598104
v -0.14396051 0.63545620 -0.27091953
v -0.13763291 0.66054022 -0.26607972
v -0.15198410 0.66704464 -0.27225462
v -0.10223364 0.54245132 -0.18926533
v -0.09505527 0.54833329 -0.21384870
v -0.10020547 0.52958143 -0.21394874
v -0.10649609 0.52270269 -0.18803723
v -0.14499331 0.79557556 -0.27102974
v -0.14317572 0.81140715 -0.26848581
v -0.14231494 0.82744479 -0.28774214
v -0.14696699 0.80967987 -0.29069120
v -0.12242044 0.74852854 -0.18857113
v -0.12389032 0.75276685 -0.17777713
v -0.12648457 0.76381874 -0.18899654
v -0.12504840 0.75824237 -0.19846353
v -0.07897756 0.69814414 -0.27455521
v -0.08870559 0.69501108 -0.25053850
v -0.08520023 0.71131945 -0.25982341
v -0.07581434 0.71549660 -0.28132755
v -0.09165225 0.67905140 -0.23925823
v -0.08154129 0.68165874 -0.26658678
v -0.12238679 0.75673205 -0.16433069
v -0.11717022 0.75985134 -0.14966579
v -0.12024539 0.77365339 -0.16282669
v -0.12583420 0.76940155 -0.17830683
v -0.07364400 0.67759043 -0.10001138
v -0.06167511 0.68077892 -0.08728918
v -0.10592068 0.51500362 -0.16319653
v -0.09962008 0.50793904 -0.13930638
v -0.09661036 0.53055215 -0.14025711
v -0.10259081 0.53664511 -0.16407348
v -0.06853393 0.64698970 -0.09660986
v -0.06986663 0.66462016 -0.09815481
v -0.08025283 0.66444266 -0.11432716
v -0.07860313 0.64739823 -0.11464728
v -0.08839259 0.50107259 -0.11727654
v -0.07616415 0.49442729 -0.09639590
v -0.07259950 0.51989865 -0.09679853
v -0.08509599 0.52481252 -0.11833531
v -0.08273586 0.80075294 -0.12110933
v -0.06496208 0.80144864 -0.10438450
v -0.10413768 0.70266455 -0.12379609
v -0.09667992 0.69084007 -0.12375861
v -0.09015013 0.68986738 -0.11189502
v -0.09947462 0.70227957 -0.11220177
v -0.11099280 0.75348902 -0.22835344
v -0.12208257 0.75893456 -0.22077018
v -0.12451247 0.76580352 -0.23632225
v -0.11050310 0.75636482 -0.24388655
v -0.10348884 0.51067066 -0.21495737
v -0.10861536 0.50309169 -0.18926309
v -0.09058540 0.47682181 -0.11891660
v -0.07751621 0.47013265 -0.09856388
v -0.06472399 0.75285208 -0.31859481
v -0.06494128 0.75421596 -0.31274617
v -0.07455545 0.75057578 -0.29563740
v -0.07296722 0.75295883 -0.30238298
v -0.04782557 0.70385969 -0.07010361
v -0.06521457 0.71020454 -0.07687359
v -0.06685122 0.69826865 -0.08075233
v -0.05154707 0.68906635 -0.07659183
v -0.09050337 0.67877412 -0.12685001
v -0.08771547 0.66608167 -0.13096663
v -0.08338698 0.67731047 -0.11351886
v -0.02738295 0.69783998 -0.06489664
v -0.03458796 0.67603052 -0.07080131
v -0.04769947 0.80075502 -0.08927684
v -0.04917470 0.78346694 -0.08453191
v -0.04618233 0.81896752 -0.09373914
v -0.02899825 0.81683695 -0.07863757
v -0.02580069 0.83566642 -0.08109630
v -0.04417338 0.83804345 -0.09767964
v -0.02104478 0.85359997 -0.08279598
v -0.04072983 0.85690910 -0.09997203
v -0.02378852 0.88387638 -0.10053420
v -0.01747867 0.89525831 -0.09464683
v -0.11961096 0.75166237 -0.20818642
v -0.11741728 0.74357331 -0.19970727
v -0.10126414 0.48548776 -0.14097433
v 0.00652637 0.87702787 -0.30358124
v 0.01790030 0.86535197 -0.30746430
v 0.00291689 0.85879600 -0.31645903
v -0.00906035 0.86917681 -0.31308362
v -0.08367769 0.89869475 -0.23115024
v -0.09309586 0.87899989 -0.21309897
v -0.02681555 0.78196639 -0.34497288
v -0.01998488 0.78848308 -0.34282878
v -0.02664671 0.77981490 -0.34024036
v -0.02926245 0.77542335 -0.34407514
v -0.05039006 0.75435019 -0.33848953
v -0.05325135 0.74039847 -0.34035480
v -0.05299783 0.74302500 -0.34692532
v -0.04722856 0.75714225 -0.34324864
v -0.08797034 0.53454149 -0.23599197
v -0.08190329 0.55306482 -0.23571008
v -0.02492208 0.69230604 -0.31542233
v -0.04894347 0.68010348 -0.30234143
v -0.04887050 0.69987130 -0.30682424
v -0.02772223 0.71428096 -0.31814283
v 0.08827642 0.86377233 -0.23818889
v 0.09253753 0.84903449 -0.24298482
v 0.07994193 0.85386080 -0.25795010
v 0.07509524 0.86902618 -0.25265315
v 0.03252898 0.89600956 -0.27332976
v 0.02262738 0.90889001 -0.26813275
v 0.04565596 0.90543705 -0.25497299
v 0.05309447 0.89184016 -0.26082224
v 0.02379569 0.88215351 -0.29209363
v 0.03411261 0.86886019 -0.29713050
v -0.06410677 0.72306138 -0.30049032
v -0.06580666 0.70632827 -0.29474205
v -0.06188177 0.74309713 -0.30832577
v -0.07193784 0.73738372 -0.29218817
v -0.07047820 0.74283922 -0.29619342
v -0.06099736 0.74776769 -0.31171754
v -0.05144417 0.92818928 -0.18763448
v -0.03889389 0.94186330 -0.20329797
v -0.05133937 0.93336260 -0.21848546
v 0.02566435 0.94345605 -0.21881357
v 0.02939327 0.93920088 -0.22508343
v 0.01169051 0.94071245 -0.23074548
v 0.01252372 0.94409460 -0.22075912
v 0.08698282 0.77454537 -0.28485596
v 0.10231221 0.77349937 -0.26844901
v 0.09991494 0.74692249 -0.27504754
v 0.08150299 0.74407911 -0.29182124
v -0.05050582 0.75729722 -0.32545963
v -0.04899222 0.75779617 -0.32949257
v -0.04181150 0.76338243 -0.33620667
v -0.04173714 0.76427877 -0.33220091
v -0.04190596 0.76289833 -0.32893431
v -0.04056475 0.75898671 -0.32703900
v -0.05156621 0.75054586 -0.31952164
v -0.05175924 0.75534582 -0.32200575
v -0.03256843 0.73084801 -0.32111031
v -0.05065484 0.71758187 -0.31002909
v -0.05077444 0.73268563 -0.31472039
v -0.03573901 0.74385154 -0.32488507
v 0.08285166 0.65018642 -0.27733821
v 0.06308626 0.64569736 -0.29027104
v 0.07007970 0.67810488 -0.29353163
v 0.08949008 0.68295181 -0.27991021
v -0.08942924 0.74208021 -0.27598488
v -0.09710101 0.74150139 -0.26145363
v -0.09498820 0.73092449 -0.26367816
v -0.08712008 0.72868109 -0.28038186
v -0.06580252 0.74354589 -0.36285520
v -0.07390117 0.73422408 -0.36610597
v -0.07954971 0.73707110 -0.36858904
v -0.07000340 0.74784636 -0.36586845
v -0.07787696 0.70720512 -0.29811585
v -0.08690802 0.71147263 -0.28295147
v -0.08757173 0.69087309 -0.28500688
v -0.07860691 0.68603301 -0.30096459
v -0.07306554 0.90264547 -0.26056421
v -0.09205950 0.89056075 -0.24307218
v -0.06866831 0.91305220 -0.24856406
v -0.06298012 0.72183156 -0.32261682
v -0.06343289 0.70380676 -0.32556254
v -0.06084832 0.70477486 -0.33771896
v -0.05783289 0.72204489 -0.33445394
v -0.17164660 0.64786458 -0.28912047
v -0.16310105 0.67266190 -0.28562713
v -0.07720915 0.66114777 -0.31923056
v -0.07604525 0.66019678 -0.33435684
v -0.06759677 0.68234718 -0.32948434
v -0.07283349 0.68256867 -0.31579632
v -0.02702381 0.66796720 -0.30997074
v -0.05065107 0.65858555 -0.29551873
v -0.05007408 0.53931487 -0.26794326
v -0.07074577 0.53769952 -0.25427613
v -0.06366292 0.55672622 -0.25388163
v -0.04360420 0.55902642 -0.26772228
v -0.09188884 0.51576716 -0.23861112
v -0.05423938 0.51825970 -0.27171955
v -0.07541209 0.51764953 -0.25861716
v -0.02398337 0.95176017 -0.17258982
v -0.00844794 0.95754766 -0.18099555
v -0.01011595 0.95312035 -0.19538856
v -0.02932613 0.94727486 -0.18822472
v -0.11213713 0.39575055 -0.25669017
v -0.11237711 0.36358920 -0.26005578
v -0.12929761 0.35584286 -0.23104677
v -0.12603563 0.39089048 -0.23021290
v 0.03030268 0.95499581 -0.19442694
v 0.01002873 0.95413011 -0.19650838
v 0.00830755 0.95971972 -0.18377538
v 0.02370201 0.96010274 -0.18264368
v -0.12321158 0.41830027 -0.22672656
v -0.10972307 0.42528176 -0.25314826
v -0.03384437 0.93940002 -0.15670627
v -0.04176085 0.93490344 -0.17313513
v -0.04190349 0.92000359 -0.15393737
v -0.03383572 0.92689717 -0.14018874
v -0.02945457 0.91763145 -0.12162557
v -0.13469276 0.34619683 -0.20329662
v -0.13153377 0.37661517 -0.20078880
v -0.01015409 0.96195352 -0.16591100
v 0.00417758 0.96456027 -0.17111292
v 0.01821088 0.96606213 -0.17128767
v 0.03039061 0.96897161 -0.16860640
v -0.09423832 0.49719873 -0.24098024
v -0.10515612 0.49153680 -0.21783593
v -0.04563341 0.24454230 -0.31495863
v -0.01430236 0.24120641 -0.31918633
v -0.02487668 0.21546549 -0.30090430
v -0.05781779 0.22365832 -0.30323181
v 0.05497820 0.24862620 -0.29597470
v 0.05009126 0.22779486 -0.27443570
v 0.01200714 0.21698967 -0.29296809
v 0.01757938 0.24095240 -0.31291258
v 0.06268581 0.39349616 -0.31727034
v 0.03390978 0.39425468 -0.32265127
v 0.03233617 0.41525614 -0.31315184
v 0.06046730 0.41466570 -0.30833998
v -0.05603313 0.49871400 -0.27314037
v -0.07732888 0.49869597 -0.26057819
v -0.10779641 0.48363680 -0.19177485
v -0.16527146 0.22116449 -0.19837809
v -0.15973222 0.22525704 -0.23626332
v -0.15930337 0.19626158 -0.23873724
v -0.16740540 0.19059220 -0.20207572
v -0.10465739 0.18797997 -0.28473106
v -0.10064799 0.21340704 -0.28598323
v -0.06469562 0.20257640 -0.29266676
v -0.06764682 0.18053132 -0.28823829
v -0.06127729 0.46449327 -0.07964145
v -0.07444926 0.44723266 -0.10383378
v -0.05915796 0.44070053 -0.08450284
v -0.00739532 0.45281500 -0.03961185
v -0.02840284 0.45591959 -0.04895473
v -0.02500464 0.43138915 -0.05458380
v -0.00550756 0.42806286 -0.04537545
v -0.00888558 0.30035222 -0.07726792
v 0.00670545 0.30147865 -0.07309388
v 0.00587632 0.32668832 -0.07043133
v -0.01144741 0.32692015 -0.07587922
v -0.13330439 0.36197859 -0.17455932
v -0.12318171 0.34796393 -0.14900127
v -0.11356447 0.37487456 -0.15147726
v -0.12544662 0.38977784 -0.17549026
v 0.04289851 0.21274480 -0.25452697
v 0.00716547 0.20471650 -0.27697015
v -0.16350633 0.18381038 -0.16224477
v -0.15769914 0.21619850 -0.15912518
v -0.14449015 0.17962232 -0.12971157
v -0.11241835 0.17663836 -0.11019390
v -0.10882018 0.20768771 -0.11132987
v -0.14011884 0.21188453 -0.13025175
v -0.00133453 0.20124769 -0.10066864
v -0.01872883 0.22477821 -0.08245245
v -0.02316449 0.22462222 -0.09766513
v -0.00281831 0.20651227 -0.11268108
v 0.06390832 0.29912329 -0.32157421
v 0.06096791 0.27689505 -0.31378096
v 0.02413520 0.26798692 -0.32594296
v 0.03012646 0.29450396 -0.33385396
v -0.03121123 0.51751411 -0.27772212
v -0.03268606 0.49732447 -0.27985764
v -0.00872631 0.51572067 -0.27899811
v -0.02828199 0.53862029 -0.27650470
v -0.00578443 0.53813559 -0.27720040
v 0.02492405 0.69210356 -0.31153643
v -0.00127980 0.67968166 -0.31416368
v 0.00007934 0.70508057 -0.32033223
v 0.02656868 0.72000146 -0.31736934
v 0.06660266 0.86087501 -0.27238116
v 0.06047075 0.87726557 -0.26677793
v -0.03046865 0.18052891 -0.28528965
v 0.00877167 0.18461227 -0.26083657
v -0.00821360 0.15472242 -0.26766413
v -0.03981766 0.15552911 -0.28505254
v -0.10616279 0.16138190 -0.28268039
v -0.13633317 0.16458374 -0.26780728
v -0.13691697 0.19521472 -0.26874277
v -0.15826944 0.16405216 -0.23994459
v -0.16917920 0.15781122 -0.20263009
v -0.14682975 0.14431795 -0.12923682
v -0.11433842 0.14131659 -0.11133672
v -0.01700805 0.16895172 -0.13183630
v -0.04382842 0.16985708 -0.11774607
v -0.04500431 0.14340225 -0.12223715
v -0.01868103 0.14295578 -0.13885616
v -0.05771144 0.28789210 -0.08613313
v -0.08414004 0.31328633 -0.10684816
v -0.09122000 0.29203877 -0.10901464
v -0.06575867 0.27152532 -0.09647322
v -0.01168629 0.47836554 -0.03624611
v -0.02950249 0.48193109 -0.04455970
v -0.04489169 0.45977968 -0.06191744
v -0.04564616 0.48560968 -0.05678467
v -0.06186863 0.48963070 -0.07532817
v -0.02620305 0.58323777 -0.04589030
v -0.04632953 0.58341938 -0.06320693
v -0.04200412 0.56177771 -0.05844571
v -0.02219095 0.56152010 -0.04246554
v -0.03100415 0.60560769 -0.05141394
v -0.05103859 0.60591650 -0.06804240
v -0.03509498 0.65047377 -0.06413008
v -0.05427756 0.66810489 -0.08362839
v -0.05465093 0.64879823 -0.07909779
v -0.03114841 0.79898626 -0.07577366
v -0.03227369 0.78178281 -0.07275411
v -0.14169413 0.33339480 -0.17415145
v 0.02826134 0.17836359 -0.22948855
v 0.02881872 0.17188746 -0.20222168
v 0.02191130 0.14581612 -0.21211606
v 0.01462286 0.14956781 -0.24151339
v -0.12765184 0.40494365 -0.19946070
v -0.10758548 0.49424532 -0.16476284
v -0.10515732 0.47450066 -0.16739060
v -0.09745165 0.66367716 -0.19181719
v -0.09742921 0.63965786 -0.18998720
v -0.07829637 0.71472502 -0.08492117
v -0.07682430 0.70529294 -0.08507767
v -0.13430068 0.22358549 -0.26741931
v -0.14683998 0.10975206 -0.13172404
v -0.14441001 0.07795864 -0.13193536
v -0.11251717 0.07408106 -0.11685186
v -0.11338384 0.10687166 -0.11361584
v -0.00544102 0.11380905 -0.16884820
v -0.02275524 0.11368471 -0.14644317
v -0.02943842 0.08118129 -0.15352036
v -0.01568398 0.08290923 -0.17750604
v -0.02648970 0.05147457 -0.18436976
v -0.03761706 0.04790133 -0.15858583
v -0.04350903 0.01671875 -0.16584194
v -0.03498669 0.02075326 -0.19053946
v -0.16651937 0.14994586 -0.16228841
v -0.17256263 0.09090757 -0.19648099
v -0.16678664 0.08265811 -0.16133398
v -0.16709259 0.11623228 -0.16250417
v -0.17082146 0.12512296 -0.20040171
v -0.07305433 0.15804803 -0.29040661
v 0.00232849 0.14215809 -0.15994276
v 0.00499395 0.16667810 -0.15062611
v -0.00866751 0.08453166 -0.22772472
v -0.01888531 0.08680576 -0.25240582
v -0.00091781 0.11783743 -0.25024405
v 0.00840134 0.11537498 -0.22154170
v -0.11834595 0.10292596 -0.27585244
v -0.14320561 0.10385710 -0.25641015
v -0.13969085 0.13480324 -0.26237586
v -0.11144156 0.13262284 -0.27983803
v -0.16130486 0.13241333 -0.23474883
v -0.16225809 0.09908676 -0.22987360
v -0.17169571 0.02644205 -0.18950014
v -0.16182449 0.01957065 -0.15861624
v -0.16597748 0.05017012 -0.15975110
v -0.17283767 0.05789483 -0.19274907
v -0.16462719 0.03437018 -0.22077766
v -0.16398004 0.06596065 -0.22469112
v -0.14747682 0.07139438 -0.25135654
v -0.15236467 0.04032969 -0.24628869
v -0.13260484 0.04136097 -0.26475489
v -0.12616551 0.07163179 -0.27058649
v -0.10183603 0.06838679 -0.28050557
v -0.11001716 0.03956145 -0.27490315
v -0.07617686 0.06488681 -0.28003201
v -0.05285178 0.06109875 -0.26945066
v -0.06664599 0.03282791 -0.26621532
v -0.08733902 0.03625864 -0.27491334
v -0.03770742 0.02527118 -0.23486149
v -0.04866212 0.02890009 -0.25282982
v -0.03435297 0.05713576 -0.25304276
v -0.02401795 0.05436152 -0.23178114
v -0.08173204 -0.08282119 -0.25043055
v -0.09591178 -0.07726020 -0.25861728
v -0.08436079 -0.05043995 -0.25523686
v -0.06896120 -0.05605876 -0.24611831
v -0.11096791 -0.07274890 -0.26641589
v -0.12743899 -0.06925172 -0.26801029
v -0.11616210 -0.04301316 -0.26567593
v -0.09974762 -0.04657662 -0.26256168
v -0.15001205 -0.04226744 -0.25014222
v -0.13244709 -0.04127604 -0.26029047
v -0.14364731 -0.06736660 -0.26266849
v -0.15960136 -0.06911588 -0.25076503
v -0.17670554 -0.07174528 -0.23535952
v -0.16988066 -0.04467481 -0.23618765
v -0.18060413 -0.08004117 -0.21158542
v -0.17772281 -0.05244666 -0.21306895
v -0.16953456 -0.06140453 -0.18314582
v -0.17514518 -0.08873999 -0.18296865
v -0.05896075 -0.07245821 -0.19536905
v -0.06624039 -0.10027486 -0.20433156
v -0.06353782 -0.09527230 -0.22313939
v -0.05298708 -0.06721550 -0.21488495
v -0.09109760 -0.07472819 -0.16163886
v -0.11060647 -0.07509845 -0.13944948
v -0.11341847 -0.10290843 -0.14917187
v -0.09503234 -0.10333699 -0.17012608
v -0.16729480 0.00430715 -0.21820100
v -0.16966200 -0.00413072 -0.18644351
v -0.13779950 0.01278085 -0.25752592
v -0.15659443 0.01069212 -0.24164182
v -0.04888237 -0.00198478 -0.23919363
v -0.06175938 0.00237375 -0.25390992
v -0.04914799 -0.01306617 -0.17474923
v -0.04193056 -0.00928599 -0.19765668
v -0.13950565 -0.04315454 -0.13363329
v -0.13883883 -0.01434928 -0.13407408
v -0.15947831 -0.00960445 -0.15649766
v -0.16087458 -0.03859991 -0.15354110
v -0.17224345 -0.02452356 -0.21661913
v -0.16272685 -0.01735419 -0.23851410
v -0.14335778 -0.01474899 -0.25222659
v -0.12417135 -0.01429695 -0.26263386
v -0.10621848 -0.01654506 -0.26603702
v -0.08959804 -0.02031863 -0.26173770
v -0.07273333 -0.02417880 -0.25385040
v -0.05845269 -0.02902234 -0.24139343
v -0.04758323 -0.03872061 -0.20622753
v -0.05392687 -0.04265332 -0.18601948
v -0.14030239 -0.10026586 -0.14340454
v -0.14009035 -0.07281876 -0.13516070
v -0.16374120 -0.06733292 -0.15329668
v -0.16603038 -0.09538442 -0.15673566
v -0.14324418 -0.12372863 -0.15406860
v -0.12192040 -0.12540340 -0.16130006
v -0.12416089 -0.09975410 -0.26876417
v -0.14043078 -0.09650314 -0.26983806
v -0.15625432 -0.09586746 -0.26552242
v -0.18525845 -0.10048038 -0.23434809
v -0.18618456 -0.10910094 -0.20927659
v -0.17912742 -0.11701578 -0.18127756
v -0.16572496 -0.11952055 -0.16210122
v -0.09267067 -0.14887702 -0.23519742
v -0.07893806 -0.12014145 -0.22972596
v -0.08164097 -0.12504429 -0.21205789
v -0.09615175 -0.15261704 -0.21733822
v -0.10781383 -0.13972175 -0.26127434
v -0.12093858 -0.13431823 -0.27187189
v -0.11008369 -0.10475218 -0.26255244
v -0.09699138 -0.10926616 -0.25263688
v -0.13682178 -0.13024247 -0.27852052
v -0.15372357 -0.12677419 -0.27649418
v -0.17057869 -0.12473929 -0.27015561
v -0.19688430 -0.13009477 -0.23481035
v -0.17194754 -0.09688604 -0.25310355
v -0.18701130 -0.12491494 -0.25677228
v -0.19733045 -0.13950944 -0.20385316
v -0.18810171 -0.18146050 -0.17950897
v -0.18019462 -0.14969212 -0.17673647
v -0.20846424 -0.17103541 -0.20188545
v -0.17850825 -0.28916240 -0.19014451
v -0.20537528 -0.28244662 -0.19312961
v -0.20795375 -0.32009578 -0.20010883
v -0.18416893 -0.32603717 -0.19733952
v -0.10484526 -0.18321329 -0.22192822
v -0.10086226 -0.18120205 -0.24237552
v -0.11376879 -0.17282224 -0.27201521
v -0.12934002 -0.16676396 -0.28208303
v -0.22169727 -0.19235486 -0.23896168
v -0.21140093 -0.16054827 -0.23504871
v -0.20224440 -0.15500057 -0.25950307
v -0.21270317 -0.18722951 -0.26382902
v -0.12081934 -0.28810453 -0.23698534
v -0.11808916 -0.28626573 -0.25689980
v -0.10870359 -0.25089657 -0.25350672
v -0.11128048 -0.25293076 -0.23114747
v -0.13522479 -0.20093530 -0.28978345
v -0.11908788 -0.20733380 -0.27894592
v -0.12464906 -0.24247271 -0.28551501
v -0.14185709 -0.23578709 -0.29470536
v -0.22941130 -0.26569015 -0.24449934
v -0.22785804 -0.22721565 -0.24202798
v -0.21989757 -0.22283840 -0.26635125
v -0.22356382 -0.26209950 -0.26777613
v -0.19541296 -0.21291089 -0.18196799
v -0.21714604 -0.20173883 -0.20655286
v -0.22227168 -0.23559743 -0.21145186
v -0.20216396 -0.24646634 -0.18684554
v -0.16640878 -0.21952397 -0.17916141
v -0.17267013 -0.25299895 -0.18391687
v -0.14575136 -0.36184543 -0.25632375
v -0.13275957 -0.32260501 -0.25640592
v -0.13432065 -0.32602644 -0.24039514
v -0.14785320 -0.36590332 -0.24112542
v -0.15107954 -0.27326179 -0.29398346
v -0.13421634 -0.27842766 -0.28491682
v -0.14673945 -0.31640375 -0.28086773
v -0.16089934 -0.31184298 -0.28887030
v -0.23097965 -0.35025972 -0.24633834
v -0.23036024 -0.30697197 -0.24542601
v -0.22458062 -0.30429798 -0.26750523
v -0.22427797 -0.34809417 -0.26619980
v -0.21043620 -0.36084616 -0.20700836
v -0.22687823 -0.31224698 -0.21918327
v -0.22770274 -0.35472143 -0.22299935
v -0.21245348 -0.40171528 -0.21261699
v -0.19699162 -0.40564811 -0.21057448
v -0.18959838 -0.36582786 -0.20439865
v -0.16029635 -0.40349686 -0.24236089
v -0.15749732 -0.40027809 -0.25685725
v -0.16441435 -0.39460087 -0.27587098
v -0.17465961 -0.39027345 -0.28399724
v -0.16881192 -0.35140753 -0.28577578
v -0.15646127 -0.35601300 -0.27813950
v -0.20093507 -0.34879792 -0.28762081
v -0.18452603 -0.34914452 -0.28933632
v -0.18882397 -0.38837075 -0.28756577
v -0.20336959 -0.38838041 -0.28483945
v -0.22340396 -0.38823760 -0.26509058
v -0.21453664 -0.34795195 -0.27974856
v -0.21534035 -0.38759458 -0.27760854
v -0.23063049 -0.38957572 -0.24765649
v -0.22801420 -0.39511275 -0.22599956
v 0.03773319 0.19920981 -0.19683009
v 0.02924630 0.19617170 -0.17341971
v 0.03126450 0.18814453 -0.18923834
v 0.03713859 0.19560292 -0.21454163
v -0.05187959 0.07751060 -0.13163665
v -0.04824246 0.11150825 -0.12621838
v -0.05979354 0.01316208 -0.14305297
v -0.05662982 0.04362023 -0.13618000
v -0.06396881 -0.01780498 -0.15238224
v -0.06851968 -0.04676265 -0.16546880
v -0.07087789 -0.07554162 -0.17864260
v -0.07932571 -0.10359699 -0.18700804
v -0.09185246 -0.12852502 -0.19420798
v -0.10557907 -0.15644014 -0.19862799
v -0.12040871 -0.21838772 -0.20657408
v -0.10829917 -0.21770871 -0.22721960
v -0.11619244 -0.18558556 -0.20245378
v -0.13238794 -0.29024708 -0.21502049
v -0.12493765 -0.25356460 -0.21018659
v -0.14338127 -0.32966924 -0.22015518
v -0.15674496 -0.36836427 -0.22510146
v -0.16930836 -0.40567982 -0.22814684
v -0.07248753 0.22784287 -0.10701797
v -0.04356165 0.21662274 -0.11170777
v -0.04383902 0.23265627 -0.10830487
v -0.07069088 0.24826139 -0.10750513
v 0.01589415 0.19207746 -0.12835872
v 0.01074836 0.19506070 -0.11870941
v 0.00950546 0.20049429 -0.12706779
v 0.01726407 0.19714376 -0.13769144
v -0.16805863 -0.03309047 -0.18524460
v -0.11810587 0.01227903 -0.26917931
v -0.09786872 0.00957692 -0.27047110
v -0.07969034 0.00615978 -0.26357096
v -0.08585355 -0.04904568 -0.14569668
v -0.08555046 -0.01935560 -0.13528475
v -0.11124288 -0.01853406 -0.12706783
v -0.11082367 -0.04672152 -0.13317485
v -0.15958610 -0.19082439 -0.17507640
v -0.14261493 -0.21920240 -0.19226243
v -0.13561755 -0.18927228 -0.18619011
v -0.15417501 -0.16496474 -0.17037183
v -0.16681182 -0.15687227 -0.28445655
v -0.18536770 -0.15439779 -0.27608025
v -0.15547630 -0.19432509 -0.29444548
v -0.17704406 -0.18908709 -0.29239085
v -0.14708820 -0.16085798 -0.28450686
v -0.08296255 0.04014742 -0.12174869
v -0.11228202 0.04174441 -0.12027413
v -0.11134627 0.01114619 -0.12376957
v -0.08377454 0.00968248 -0.12694459
v -0.05700715 0.57520282 -0.25824398
v -0.03718346 0.57832825 -0.27174801
v -0.10180872 0.68830633 -0.15613584
v -0.09925234 0.67687911 -0.17058164
v -0.09414292 0.66976357 -0.14946389
v -0.09657615 0.68221122 -0.14096667
v -0.10094022 0.68800938 -0.18800171
v -0.10475536 0.69693875 -0.17069484
v -0.10674027 0.70773518 -0.18432571
v -0.10123827 0.70024848 -0.20238221
v -0.09683103 0.75021887 -0.24453224
v -0.09548713 0.75305784 -0.25578657
v -0.03477748 0.62797809 -0.05667700
v -0.00873651 0.62672257 -0.04459052
v -0.01035149 0.64879531 -0.05052702
v -0.04295490 0.43511927 -0.06762676
v -0.05637724 0.32962501 -0.09370127
v -0.03089761 0.29622138 -0.08070470
v -0.03441521 0.32655975 -0.08333483
v 0.00286577 0.22155392 -0.08331518
v 0.04035615 0.63999575 -0.29883090
v 0.04638430 0.67158794 -0.30297017
v 0.06956287 0.88389659 -0.24704352
v 0.08408099 0.87791926 -0.23246945
v 0.05873435 0.91000593 -0.23544103
v 0.05399502 0.92126977 -0.22934248
v 0.07074678 0.91514593 -0.21528116
v 0.07494518 0.90357965 -0.22110680
v 0.03897753 0.96175182 -0.17812552
v 0.04648300 0.95369834 -0.18757111
v 0.02438757 0.19537753 -0.14891827
v 0.02043143 0.19998774 -0.14702423
v 0.02837932 0.19735169 -0.16043779
v -0.01720631 0.19152272 -0.12667829
v 0.00443833 0.18686825 -0.14278993
v 0.00287851 0.20057011 -0.13527671
v -0.01810806 0.20777282 -0.12129444
v -0.16161835 0.24864414 -0.19224857
v -0.15126356 0.25520405 -0.23007768
v -0.02801686 0.20014462 -0.28947538
v -0.10032659 0.61179411 -0.34265828
v -0.10576346 0.61295187 -0.35574740
v -0.09298434 0.63709730 -0.35402030
v -0.08823224 0.63637698 -0.33918422
v 0.06727315 0.77518857 -0.29921785
v 0.05437253 0.74176943 -0.30673891
v -0.05248071 0.91301537 -0.16723120
v -0.10957385 0.87410969 -0.26127279
v -0.12039856 0.85774058 -0.24257527
v -0.11150456 0.86459345 -0.23431034
v -0.10023014 0.88190043 -0.25273949
v -0.03684844 0.87059867 -0.31670141
v -0.05245585 0.87917006 -0.30855393
v -0.04005288 0.88860703 -0.29954448
v -0.02378851 0.87913996 -0.30747765
v 0.06529301 0.37051454 -0.32425839
v 0.03582691 0.37106839 -0.32999420
v 0.04381104 0.56244105 -0.27001587
v 0.02229008 0.56161386 -0.27635780
v 0.02948440 0.58480883 -0.28375816
v 0.05089863 0.58767462 -0.27679336
v 0.03790662 0.76057488 -0.31739396
v 0.01638976 0.74129266 -0.32321060
v -0.02863459 0.71764058 -0.06189378
v -0.03106473 0.73409081 -0.06331964
v -0.05066281 0.73543328 -0.07100395
v -0.04932067 0.71986371 -0.06833607
v -0.09890679 0.67844772 -0.37093988
v -0.08013614 0.69696450 -0.36501878
v -0.07329666 0.68867725 -0.35744485
v -0.08873353 0.66540641 -0.36341605
v -0.12822476 0.25546989 -0.26638460
v -0.09334046 0.23669010 -0.29354119
v -0.07115658 0.61138219 -0.25723052
v -0.05110782 0.61624557 -0.27734476
v -0.05341507 0.59508544 -0.26789120
v -0.07323582 0.59045810 -0.24826387
v -0.06877480 0.67067575 -0.28336737
v -0.06838515 0.65207046 -0.27562743
v -0.06792890 0.68873465 -0.28947321
v -0.04985515 0.76131964 -0.33183199
v -0.05560880 0.75736648 -0.32399613
v -0.05607030 0.75333703 -0.32919490
v -0.04365426 0.19635543 -0.11400995
v -0.04604165 0.24699435 -0.08842672
v -0.04157416 0.25511613 -0.07981873
v 0.02222902 0.19019479 -0.13802929
v -0.02784427 0.93483245 -0.12536553
v -0.02553447 0.92712033 -0.10776856
v -0.07117174 0.72299594 -0.30963501
v -0.07024301 0.70441401 -0.31228143
v -0.06901345 0.74677098 -0.30027664
v -0.07769356 0.74528873 -0.28213063
v -0.07536808 0.74647570 -0.28956026
v -0.06587294 0.74857205 -0.30748290
v -0.05734530 0.75277555 -0.32100925
v -0.05960471 0.75090659 -0.31539237
v -0.12633041 0.78218400 -0.19204423
v -0.12172169 0.78823900 -0.17878017
v -0.11899395 0.80186975 -0.19492534
v -0.12448282 0.79663175 -0.20579723
v -0.11262629 0.79409099 -0.15945546
v -0.09896902 0.79857713 -0.13987190
v -0.10037751 0.81734836 -0.15473607
v -0.11243407 0.81087852 -0.17612444
v -0.06368856 0.88785803 -0.15586266
v -0.05161105 0.87910426 -0.12651759
v -0.03279782 0.87252295 -0.10115366
v -0.01560050 0.86794376 -0.08331896
v 0.05524505 0.94520640 -0.19687957
v 0.06156854 0.93532264 -0.20378736
v 0.04425760 0.93881631 -0.21641251
v 0.03484886 0.94742727 -0.20851770
v -0.02282948 0.91083449 -0.10152458
v -0.01430089 0.90604377 -0.08553498
v -0.00677282 0.89121151 -0.07939350
v -0.17855254 0.64929926 -0.30708045
v -0.16956401 0.67465889 -0.30388942
v -0.02261894 0.95539117 -0.15534848
v -0.02867533 0.94500923 -0.14083609
v -0.17110133 0.67430675 -0.32448468
v -0.17922574 0.64883709 -0.32761696
v -0.10708240 0.84936786 -0.21009123
v -0.10285548 0.87109411 -0.22524811
v -0.11463071 0.84229434 -0.22101098
v -0.02085189 0.92017102 -0.09014996
v -0.01179146 0.91553223 -0.07589808
v -0.14918011 0.28363106 -0.21662818
v -0.15613624 0.27544624 -0.18435970
v -0.09941403 0.55728275 -0.16653651
v -0.09782266 0.56219590 -0.19214530
v -0.00232474 0.58458698 -0.03342912
v 0.00074239 0.56182498 -0.03025079
v 0.01166136 0.92155743 -0.05419779
v -0.02555505 0.50973439 -0.04015759
v -0.00333002 0.50550878 -0.03147943
v 0.00019344 0.53515542 -0.02933350
v -0.02221394 0.53713363 -0.03976718
v 0.00298591 0.47675958 -0.03332980
v 0.00355828 0.46338242 -0.03471401
v -0.00742087 0.27697927 -0.07357338
v 0.00530609 0.27837610 -0.07076316
v -0.13712582 0.73158073 -0.26267719
v -0.13522118 0.74948126 -0.26094973
v -0.14619890 0.76122046 -0.27285439
v -0.14761344 0.74078459 -0.27644187
v -0.04378965 0.51333523 -0.05435519
v -0.05980553 0.51644993 -0.07448410
v -0.10941187 0.74719954 -0.21937308
v -0.09718243 0.74473453 -0.23520987
v -0.00953196 0.67295843 -0.05689983
v -0.06572270 0.72402185 -0.07712226
v -0.06694791 0.73731816 -0.08075193
v -0.08175752 0.73847270 -0.09171011
v -0.08011407 0.72656977 -0.08684476
v 0.03028633 0.19830361 -0.15194222
v -0.10681013 0.76088452 -0.36570048
v -0.09572009 0.77516752 -0.36568666
v -0.08880121 0.76760471 -0.36788195
v -0.10093417 0.75361365 -0.36845216
v 0.02050172 0.18487123 -0.16431609
v 0.01941254 0.16752619 -0.17589483
v 0.03832154 0.20101181 -0.23166308
v 0.04717043 0.20023763 -0.20926142
v -0.07810564 0.14137304 -0.10976897
v -0.07591907 0.17416829 -0.10694177
v -0.07987533 0.10652292 -0.11282104
v -0.08131624 0.07247871 -0.11750087
v -0.10692584 -0.12937599 -0.17813484
v -0.12552515 -0.15802681 -0.17960301
v -0.14885065 -0.25337744 -0.19689831
v -0.15487027 -0.29029810 -0.20264325
v -0.16309172 -0.32858318 -0.20748247
v -0.17265952 -0.36871117 -0.21469256
v -0.18206728 -0.40680742 -0.21714802
v -0.17297620 0.64594316 -0.34517404
v -0.16551313 0.67269439 -0.34493500
v -0.15549967 0.66542387 -0.35813752
v -0.16492662 0.63909453 -0.35825068
v -0.08446645 0.66341138 -0.30511558
v -0.09371176 0.66774416 -0.28973407
v -0.10027454 0.64434892 -0.29422495
v -0.09235562 0.64076561 -0.30948952
v -0.10139937 0.61649942 -0.31349489
v -0.09822858 0.61312783 -0.32808983
v -0.08827472 0.63815999 -0.32411218
v -0.11500192 0.61774027 -0.36600044
v -0.12709326 0.62333262 -0.37168300
v -0.11475863 0.64915264 -0.37101340
v -0.10305246 0.64135420 -0.36508021
v -0.15351379 0.63346142 -0.36791295
v -0.14377606 0.65884602 -0.36659002
v -0.13001522 0.65376699 -0.37128973
v -0.14055485 0.62794244 -0.37275085
v -0.12866619 0.62976873 -0.27499372
v -0.11639693 0.62465668 -0.28570533
v -0.10911847 0.64977920 -0.28008109
v -0.12314438 0.65427452 -0.26960245
v -0.15308222 0.77081347 -0.29269207
v -0.15451694 0.74790949 -0.29524302
v -0.10761254 0.75970721 -0.25159830
v -0.11952231 0.76437384 -0.24368706
v -0.11372628 0.75650465 -0.24747460
v -0.10200522 0.75432587 -0.25674182
v -0.15539059 0.69690084 -0.28202718
v -0.15053636 0.71904171 -0.27904677
v -0.15715283 0.72387576 -0.29758558
v -0.16212600 0.69935000 -0.30067199
v -0.11623234 0.67797154 -0.26408976
v -0.10453147 0.67298114 -0.27479827
v -0.09893548 0.69520468 -0.27015877
v -0.11022667 0.69969279 -0.25829270
v -0.08028119 0.66082710 -0.35035005
v -0.06832936 0.68426269 -0.34366298
v -0.12179182 0.73809659 -0.25197339
v -0.12267480 0.72189271 -0.25353137
v -0.10747945 0.73977947 -0.21224149
v -0.08081239 0.73449337 -0.27098978
v -0.07952087 0.74124682 -0.27599216
v -0.10165539 0.69321275 -0.13592987
v -0.10744799 0.70297033 -0.13554431
v -0.09657639 0.69582129 -0.22510363
v -0.09337647 0.71083969 -0.23625095
v -0.10624412 0.69730425 -0.14839204
v -0.10897475 0.70293021 -0.14539427
v -0.06774870 0.62783676 -0.09246143
v -0.01003265 0.87982255 -0.08289449
v -0.13969487 0.71201688 -0.26456195
v -0.12411084 0.70586312 -0.25595003
v -0.06640007 0.71446937 -0.35763887
v -0.05874040 0.72919595 -0.35136104
v -0.05725070 0.72496217 -0.34424335
v -0.06292155 0.70822012 -0.34953487
v 0.00912691 0.78495681 -0.33069879
v 0.02291967 0.77508402 -0.32399824
v 0.00616330 0.75823426 -0.32709122
v -0.00465069 0.76980430 -0.33216164
v -0.12346970 0.76510203 -0.35727817
v -0.13451788 0.76260781 -0.34942612
v -0.12703469 0.78335392 -0.34858757
v -0.11539320 0.78217638 -0.35695732
v -0.13997054 0.78224599 -0.33566323
v -0.14540529 0.75918132 -0.33705360
v -0.15375578 0.75352293 -0.31828934
v -0.15000525 0.77805269 -0.31621909
v -0.11052153 0.32945448 -0.26569992
v -0.12940192 0.32234141 -0.23784879
v -0.09905923 0.46423569 -0.14528534
v -0.08785138 0.45529789 -0.12511764
v -0.07811118 0.34269264 -0.11023334
v -0.02212477 0.22247219 -0.10594606
v -0.00127853 0.20847365 -0.12031417
v 0.01566073 0.14273334 -0.18508576
v -0.14529014 0.31126407 -0.20826437
v 0.00511151 0.11349964 -0.19348608
v -0.00894552 0.08432168 -0.20175074
v -0.03770932 0.09014434 -0.27206439
v -0.06358788 0.09394366 -0.28375793
v -0.05024357 0.12523353 -0.28647438
v -0.02222757 0.12166798 -0.27384427
v -0.09228057 0.09864563 -0.28551936
v -0.08177615 0.12951449 -0.28903252
v -0.13871038 0.01600289 -0.13575950
v -0.16294602 -0.22989732 -0.29844600
v -0.19082603 -0.26454836 -0.29338720
v -0.18447441 -0.22508514 -0.29627907
v -0.17124438 -0.26832682 -0.29641765
v -0.20384026 -0.22213477 -0.28483871
v -0.19658163 -0.18615758 -0.28204080
v -0.22441146 -0.27294779 -0.21380217
v -0.17865551 -0.30804074 -0.29256612
v -0.19658196 -0.30621099 -0.29069620
v -0.20917818 -0.26166844 -0.28455636
v -0.21250203 -0.30438042 -0.28261060
v 0.01812318 0.19641891 -0.15295267
v -0.15496334 0.24338093 -0.15579918
v -0.14681786 0.27205527 -0.15351227
v -0.09630842 0.27604717 -0.11082298
v -0.06950057 0.26029119 -0.10223716
v -0.06991272 0.54246503 -0.09916627
v -0.08360881 0.54667151 -0.12003889
v -0.08391850 0.58958429 -0.12859058
v -0.09345152 0.59340477 -0.15217879
v -0.09339946 0.57293165 -0.14640060
v -0.08363263 0.56814253 -0.12311543
v -0.09491561 0.60153359 -0.20530388
v -0.08633140 0.60584986 -0.23267053
v -0.08804431 0.58602750 -0.22444886
v -0.09563013 0.58196521 -0.19803287
v -0.09044274 0.56655610 -0.21824823
v -0.07646278 0.57085955 -0.24088490
v 0.01197341 0.60672700 -0.29417676
v -0.01099778 0.60294366 -0.29041749
v -0.00637837 0.62779284 -0.29891899
v 0.01716335 0.63362867 -0.30124292
v -0.02268224 0.26706970 -0.07430202
v 0.01137275 0.20317176 -0.13465229
v -0.07443873 0.20296115 -0.10713127
v -0.10405078 0.23506930 -0.11212954
v -0.13395557 0.24048522 -0.12982023
v -0.07874466 0.72508585 -0.29546231
v -0.01661813 0.79258418 -0.33863616
v -0.02417618 0.78139287 -0.33664867
v -0.14959088 0.73444527 -0.33950183
v -0.15716550 0.72799301 -0.31999269
v -0.10695937 0.71794593 -0.25397766
v -0.14565748 0.77890074 -0.27123836
v -0.13550806 0.76633573 -0.25742644
v -0.13601276 0.77894986 -0.25748420
v -0.10704304 0.33163804 -0.12791429
v -0.13320512 0.31986368 -0.14789830
v -0.11526739 0.30597422 -0.12473182
v 0.04350591 0.19867164 -0.19004172
v -0.04467989 0.24193797 -0.10219909
v -0.02177105 0.05346221 -0.20820165
v -0.03311840 0.02330196 -0.21367881
v -0.04183666 -0.00577420 -0.21967153
v -0.04950301 -0.03414696 -0.22599590
v -0.05743841 -0.06210190 -0.23305377
v -0.07023299 -0.08911020 -0.23898175
v -0.08374914 -0.11482859 -0.24249987
v -0.09626267 -0.14371270 -0.24965116
v -0.10469664 -0.21568620 -0.24816021
v -0.10884424 -0.21175277 -0.26565593
v -0.10415474 -0.17736882 -0.25844261
v -0.11391828 -0.24756771 -0.27207479
v -0.12282828 -0.28340471 -0.27171344
v -0.13754082 -0.31998044 -0.27029103
v -0.14934483 -0.35872561 -0.26875150
v -0.15967062 -0.39675057 -0.26789033
v 0.03075046 0.19179040 -0.15607363
v 0.03637343 0.19559181 -0.17127611
v -0.09701181 0.85818952 -0.19327310
v -0.08606140 0.74740863 -0.26288587
v -0.08410270 0.74876255 -0.27219284
v -0.10733556 0.73261070 -0.25160021
v -0.13424537 0.68347013 -0.36693376
v -0.14406249 0.69251162 -0.36000544
v -0.09601586 0.71515435 -0.26656938
v -0.09631080 0.75418687 -0.26296175
v -0.09339682 0.75451863 -0.26844749
v -0.28668416 0.52150452 -0.29278219
v -0.28873265 0.51773310 -0.30777532
v -0.30173349 0.50399822 -0.29492882
v -0.29892653 0.50713319 -0.28086144
v -0.28062624 0.52034569 -0.27882856
v -0.29304340 0.50552261 -0.26858103
v -0.23780727 0.46763873 -0.26491439
v -0.24253649 0.48203623 -0.25862592
v -0.25865173 0.46852016 -0.25337130
v -0.25452465 0.45493406 -0.26083308
v -0.29662028 0.48626143 -0.24954884
v -0.28783154 0.47792467 -0.24563840
v -0.27400795 0.49197537 -0.25258029
v -0.28398460 0.50038016 -0.25879997
v -0.24001825 0.44984841 -0.29513770
v -0.24617425 0.45232567 -0.31007209
v -0.22774005 0.46153602 -0.31483895
v -0.22223389 0.45994917 -0.29826134
v -0.17287463 0.52932370 -0.28901100
v -0.16769904 0.51495248 -0.29308641
v -0.15534049 0.52953172 -0.29602516
v -0.16263720 0.54234958 -0.29236984
v -0.26074678 0.54960680 -0.31675398
v -0.25980091 0.54290187 -0.33188331
v -0.27494955 0.53066510 -0.32029080
v -0.27406833 0.53608871 -0.30429828
v -0.23322013 0.53654319 -0.27914563
v -0.22103253 0.52457660 -0.27527085
v -0.20638654 0.53941411 -0.28675526
v -0.21893901 0.55167890 -0.29083368
v -0.24778253 0.56117928 -0.32894069
v -0.24372351 0.55300653 -0.34211010
v -0.26067582 0.50710809 -0.25963777
v -0.25008205 0.49538571 -0.25731328
v -0.23571715 0.51007402 -0.26480740
v -0.24740621 0.52227181 -0.26821199
v -0.27591157 0.43249542 -0.28425428
v -0.28261578 0.43605077 -0.29688770
v -0.26439258 0.44375175 -0.30422959
v -0.25796545 0.44073141 -0.29022622
v -0.28043592 0.46768397 -0.24567552
v -0.27464253 0.45576954 -0.24882357
v -0.26528484 0.48100254 -0.25158760
v -0.31346649 0.47671074 -0.30469424
v -0.31619897 0.48541012 -0.29510832
v -0.30161875 0.49766612 -0.30834055
v -0.29716572 0.48751655 -0.31746346
v -0.20365423 0.49686083 -0.27492049
v -0.21047345 0.51147777 -0.27278528
v -0.22640887 0.49646467 -0.26436895
v -0.22057712 0.48179936 -0.26887488
v -0.25537264 0.55066854 -0.30056000
v -0.26798227 0.53535140 -0.28943169
v -0.28027287 0.49827498 -0.32876500
v -0.28663054 0.50960237 -0.32097709
v -0.27010092 0.52083385 -0.33198416
v -0.26246217 0.50835854 -0.33894938
v -0.23540601 0.50202233 -0.34839031
v -0.22538903 0.48909718 -0.34213066
v -0.24442095 0.48036033 -0.33604801
v -0.25388551 0.49384698 -0.34063715
v -0.18717778 0.51311356 -0.28251886
v -0.18351129 0.49808812 -0.28921011
v -0.20441496 0.47251141 -0.30151212
v -0.20897284 0.47134697 -0.31883299
v -0.19023144 0.48328599 -0.32154220
v -0.18556386 0.48695248 -0.30375129
v -0.21228683 0.58230072 -0.31478366
v -0.22111595 0.58437073 -0.33016884
v -0.23064780 0.57642347 -0.32289165
v -0.22020695 0.57388180 -0.30900174
v -0.23335153 0.57192433 -0.33986050
v -0.22189546 0.57913435 -0.34732723
v -0.19618574 0.58032608 -0.36107922
v -0.18456227 0.57138610 -0.36460993
v -0.19231543 0.56355512 -0.36224508
v -0.20422390 0.57372338 -0.35954285
v -0.19842267 0.51669908 -0.36084101
v -0.18718117 0.50717479 -0.35179356
v -0.20631534 0.49792352 -0.34719995
v -0.21667245 0.50888914 -0.35532609
v -0.16021627 0.51002258 -0.34066483
v -0.15522069 0.50933486 -0.32332665
v -0.17228767 0.49649340 -0.32305208
v -0.17832047 0.49944812 -0.33845711
v -0.11619199 0.57036120 -0.33528113
v -0.11696912 0.57245892 -0.32150728
v -0.12436058 0.55312377 -0.32272375
v -0.12566036 0.55157101 -0.33693570
v -0.13435411 0.56667441 -0.29876265
v -0.12817225 0.58320981 -0.29555041
v -0.13922909 0.58759773 -0.28672561
v -0.14496502 0.57311970 -0.29082870
v -0.19221961 0.60653692 -0.31661847
v -0.19496751 0.60710287 -0.33538288
v -0.20219582 0.59879386 -0.33691314
v -0.19719782 0.59829426 -0.31896991
v -0.18211520 0.52468032 -0.36476833
v -0.16703847 0.51665020 -0.35669839
v -0.14001766 0.55367136 -0.29866898
v -0.14968771 0.56280708 -0.29291189
v -0.15516523 0.55302137 -0.29329354
v -0.14610246 0.54200590 -0.29783767
v -0.17565829 0.57852596 -0.29986945
v -0.18896201 0.58733487 -0.30737713
v -0.19510376 0.58081341 -0.30734232
v -0.18059164 0.57107842 -0.30172828
v -0.20305404 0.59304166 -0.31889117
v -0.20873731 0.59418285 -0.33654955
v -0.21556798 0.58963615 -0.33447540
v -0.20785105 0.58819544 -0.31753618
v -0.17105228 0.53217679 -0.36819664
v -0.18054679 0.54110199 -0.36811224
v -0.17121321 0.54732716 -0.36985743
v -0.16144639 0.53935349 -0.36889189
v -0.14527208 0.52278256 -0.33974263
v -0.14149860 0.52248132 -0.32363230
v -0.18610570 0.56292909 -0.30064052
v -0.17337555 0.55337656 -0.29420194
v -0.16757202 0.56249845 -0.29414889
v -0.21437013 0.58402133 -0.35103750
v -0.12027665 0.56965828 -0.34846157
v -0.12612173 0.57209587 -0.35943374
v -0.11696022 0.59004229 -0.35789457
v -0.11152480 0.58769751 -0.34660912
v -0.10924139 0.58821368 -0.33341050
v -0.11136333 0.59043729 -0.31809127
v -0.12323002 0.60063219 -0.29173428
v -0.13510689 0.60556841 -0.28172165
v -0.14944375 0.61120445 -0.27701727
v -0.16517204 0.61750805 -0.28062758
v -0.16977662 0.59828794 -0.28736717
v -0.15404713 0.59287053 -0.28269738
v -0.18575823 0.62561095 -0.31122801
v -0.18716705 0.62565970 -0.33124056
v -0.19039497 0.60451376 -0.35028923
v -0.18187532 0.62168002 -0.34751296
v -0.13273335 0.54408008 -0.30924499
v -0.12660614 0.55894399 -0.30950984
v -0.27163845 0.48476759 -0.33214441
v -0.26260331 0.47226679 -0.32852620
v -0.28040764 0.46350652 -0.31965429
v -0.28902340 0.47553492 -0.32154089
v -0.29027131 0.44422251 -0.30526400
v -0.27216113 0.45210370 -0.31401438
v -0.27198127 0.51583445 -0.26743269
v -0.25899366 0.53075236 -0.27678451
v -0.30494994 0.49192443 -0.25775492
v -0.19928256 0.57346302 -0.30548429
v -0.20669910 0.56521779 -0.30029458
v -0.17341724 0.56337118 -0.36997190
v -0.17682397 0.58051080 -0.36635870
v -0.16603333 0.57338613 -0.37242168
v -0.19328535 0.53685308 -0.36573207
v -0.20909309 0.53164852 -0.36112389
v -0.21717948 0.54792345 -0.35452384
v -0.20026976 0.55370826 -0.36000359
v -0.15208766 0.54867506 -0.36855939
v -0.16245377 0.55551010 -0.37167734
v -0.15420881 0.56706595 -0.37286466
v -0.14351818 0.56104541 -0.36836731
v -0.18253499 0.60340011 -0.30012345
v -0.18497413 0.59322053 -0.30533838
v -0.16217774 0.60963523 -0.36847302
v -0.16919893 0.59363919 -0.36705661
v -0.18017736 0.59879982 -0.36010718
v -0.17273444 0.61438513 -0.35913771
v -0.18730867 0.58780736 -0.36069122
v -0.14955169 0.60506767 -0.37309712
v -0.15773651 0.58803487 -0.37311125
v -0.17871135 0.62269926 -0.29287195
v -0.13440704 0.57685518 -0.36820054
v -0.14593959 0.58234310 -0.37332994
v -0.13700306 0.60014111 -0.37274373
v -0.12522423 0.59487188 -0.36730683
v -0.25419554 0.46059778 -0.32144064
v -0.23568004 0.46913633 -0.32779729
v -0.15258959 0.51596004 -0.30660713
v -0.16747436 0.50133544 -0.30500972
v -0.14106533 0.53048170 -0.30776608
v -0.23712340 0.45526260 -0.27803290
v -0.25454962 0.44458583 -0.27439553
v -0.20145127 0.48220602 -0.28442955
v -0.21928915 0.46743172 -0.28070873
v -0.24514061 0.51718920 -0.34755361
v -0.13815126 0.53751761 -0.35175788
v -0.13384295 0.53539908 -0.33838302
v -0.14935821 0.52503997 -0.35456648
v -0.11476513 0.59594941 -0.30408990
v -0.12113122 0.57788378 -0.30733028
v -0.16245300 0.52639008 -0.36446023
v -0.10575814 0.62025321 -0.29880282
v -0.21316671 0.56826144 -0.35657507
v -0.20535135 0.58907473 -0.35244143
v -0.19745126 0.59506810 -0.35229284
v -0.31510398 0.49103945 -0.28190938
v -0.24546924 0.54616225 -0.28732920
v -0.19340792 0.55373752 -0.29618305
v -0.18214402 0.54186147 -0.29129207
v -0.14309791 0.54173177 -0.36280906
v -0.13448778 0.55576313 -0.36090124
v -0.12892914 0.55283201 -0.35015434
v -0.17295712 0.58607239 -0.29508677
v -0.15897238 0.57919556 -0.28862426
v -0.27234468 0.43567756 -0.26983768
v -0.16259387 0.57052439 -0.29234052
v -0.22833198 0.56166923 -0.35105699
v 0.07983068 0.89117789 -0.22671849
v -0.09812436 0.68049997 -0.21092942
v -0.08671913 0.65039355 -0.13452244
v -0.09328438 0.65447569 -0.15884541
v -0.08897465 0.73416561 -0.24862814
v -0.08724188 0.74218571 -0.25556338
v -0.08437034 0.75132442 -0.27724084
v -0.08301453 0.75493908 -0.28364545
v -0.10038608 0.71311581 -0.21384530
v -0.07465886 1.07801330 -0.07651664
v -0.07290870 1.07183182 -0.08089104
v -0.07636260 1.09062362 -0.07239895
v 0.00638457 0.49195889 -0.03131202
v -0.06911122 1.06547272 -0.06860475
v -0.06576128 1.05655360 -0.07235628
v -0.07171468 1.05922139 -0.06972060
v -0.06876023 1.06645393 -0.06658971
v -0.06909894 1.06750345 -0.06572626
v -0.07645822 1.09038556 -0.06187671
v -0.07059881 1.06440163 -0.08368427
v -0.06743737 1.05433214 -0.08487024
v -0.07276772 1.07789087 -0.05913693
v 0.03281081 0.48999026 -0.27567416
v 0.05567443 0.48809290 -0.26952583
v 0.05706462 0.47102821 -0.27956137
v 0.03232010 0.47220922 -0.28447375
v 0.05891878 0.45367265 -0.28948802
v -0.06498556 0.42309976 -0.29427841
v -0.08853490 0.42558914 -0.27641186
v -0.08330613 0.44653547 -0.26874647
v -0.06133612 0.44399843 -0.28653419
v -0.09635765 0.46224207 -0.24421880
v -0.07903524 0.46427563 -0.26313642
v -0.10287023 0.44604555 -0.24809441
v -0.11669280 0.43943983 -0.22315204
v -0.10915969 0.45752323 -0.22070351
v -0.12105951 0.42844409 -0.19778867
v -0.11409394 0.44770509 -0.19538076
v -0.11913422 0.41502833 -0.17435327
v -0.10958973 0.40186393 -0.15199429
v -0.09810717 0.35814390 -0.12972197
v -0.07430274 0.37241066 -0.11021975
v -0.09367429 0.38603389 -0.13143954
v -0.03304616 0.35753179 -0.08179571
v -0.05302905 0.36170298 -0.09444226
v 0.00311257 0.35391292 -0.06434967
v -0.01403410 0.35576111 -0.07202602
v -0.10048044 0.83695757 -0.17301801
v -0.02922834 0.94006962 -0.22765207
v -0.03897955 0.93148029 -0.24276119
v -0.06227143 0.92365259 -0.23449382
v -0.00783237 0.88752103 -0.29866704
v -0.02413990 0.89845401 -0.29083633
v -0.00171085 0.90638864 -0.28178373
v 0.01178546 0.89460474 -0.28729108
v -0.00828835 0.94110298 -0.23171547
v -0.00210335 0.94436109 -0.22197148
v -0.01436285 0.93563211 -0.24477594
v 0.03018344 0.93373966 -0.23471501
v 0.00986999 0.93619084 -0.24108773
v -0.09047980 0.88305223 -0.27989376
v -0.06988985 0.88365936 -0.29576391
v -0.08030198 0.87482882 -0.30351165
v -0.10090966 0.87424308 -0.28822058
v -0.02312147 0.86058557 -0.32237551
v -0.01161357 0.85014814 -0.32559952
v -0.02236018 0.84343338 -0.33182588
v -0.03396490 0.85372758 -0.32902926
v -0.13094941 0.83853346 -0.30784339
v -0.11234125 0.84178096 -0.32422781
v -0.12261195 0.82424796 -0.32991433
v -0.13832679 0.82017267 -0.31205660
v -0.04744313 0.86393780 -0.32313931
v 0.05188223 0.78501576 -0.31101188
v 0.03527094 0.79433787 -0.32001865
v 0.01977212 0.80093837 -0.32723871
v -0.01059297 0.80398667 -0.33881295
v -0.00529494 0.80684394 -0.33503792
v -0.01135059 0.79267442 -0.33564061
v -0.01534938 0.79885787 -0.34190047
v -0.02494533 0.79101771 -0.34515026
v -0.12677926 0.76499397 -0.24713291
v -0.12965670 0.77263486 -0.24464345
v -0.13701198 0.79232627 -0.25401989
v -0.04443981 0.76797616 -0.35174590
v -0.03402820 0.77890682 -0.34613034
v -0.03546616 0.77319574 -0.34529516
v -0.04539064 0.76374495 -0.34984320
v -0.08060918 0.89211404 -0.27091902
v -0.10618288 0.82172185 -0.34263545
v -0.09547164 0.83845955 -0.33601072
v -0.08312462 0.83059347 -0.34480724
v -0.09601415 0.81473070 -0.35133994
v -0.08255697 0.80933845 -0.35652143
v -0.06996585 0.82348949 -0.34970388
v -0.05807460 0.81596959 -0.35247213
v -0.07039545 0.80418468 -0.35938874
v -0.04409938 0.77337617 -0.35375863
v -0.03463401 0.78446895 -0.34720588
v -0.15055615 0.79091990 -0.29173210
v -0.12812412 0.85600221 -0.27560669
v -0.13381347 0.83919573 -0.25709119
v -0.12767795 0.84954476 -0.24962336
v -0.11944527 0.86583519 -0.26811099
v -0.07323665 0.74059284 -0.30718273
v -0.08149482 0.74174047 -0.29079163
v -0.06400584 0.73843724 -0.32048553
v -0.04393771 0.76450694 -0.33943960
v -0.05649886 0.73873681 -0.33204958
v -0.10935987 0.74577010 -0.24949588
v -0.12382298 0.75409824 -0.24909638
v -0.13267723 0.81795323 -0.24358779
v -0.12773117 0.82799053 -0.23676665
v -0.14466107 0.79987967 -0.31478471
v -0.13173136 0.80383253 -0.33388764
v -0.05497646 0.75550145 -0.35757494
v -0.05437211 0.75112218 -0.35472441
v -0.06332385 0.73925757 -0.35974360
v -0.03494318 0.76908624 -0.34090608
v -0.03907954 0.76822507 -0.34452358
v -0.11105830 0.86531341 -0.29492220
v -0.11705343 0.80253053 -0.34756196
v -0.10651185 0.79818344 -0.35568500
v -0.05755690 0.83555257 -0.34240288
v -0.07073658 0.84416831 -0.33750778
v -0.05892289 0.85478365 -0.33066708
v -0.04570925 0.84557915 -0.33574134
v -0.08344733 0.78822398 -0.36418414
v -0.07455332 0.78156334 -0.36534977
v -0.03358041 0.83668065 -0.33782041
v -0.04516355 0.82762873 -0.34452721
v -0.05749906 0.75998604 -0.36063552
v -0.12180146 0.83635664 -0.22927529
v -0.12222130 0.81527579 -0.21902424
v -0.11606399 0.82061201 -0.20919836
v -0.13080657 0.79633331 -0.23335391
v -0.12737653 0.80685496 -0.22655125
v -0.13177276 0.78366089 -0.23915744
v -0.11019107 0.82849431 -0.19386446
v -0.15247101 0.53185964 -0.36481392
v -0.06163406 0.73412704 -0.35633308
v -0.07007710 0.72197521 -0.36187899
v -0.07278330 0.72813559 -0.36433500
v -0.11783736 0.67902696 -0.37110984
v 0.01541466 0.98209733 0.04066436
v 0.01565712 0.98739165 0.04469332
v 0.01458163 1.00804806 0.05063441
v 0.01436227 1.01222444 0.05064601
v -0.18104020 0.55551124 -0.36737442
v -0.18681306 0.54954720 -0.36572787
v -0.22724098 0.52486980 -0.35476434
v -0.25309500 0.53140533 -0.34182054
v -0.23585978 0.54072100 -0.34964022
v -0.24258462 0.56493902 -0.31255203
v -0.23196986 0.56124222 -0.29895672
v -0.19486928 0.52699161 -0.28310251
v -0.19739282 0.48897141 -0.33579588
v -0.33764532 0.47015822 -0.24418809
v -0.34280562 0.46871975 -0.25591052
v -0.35657111 0.45733976 -0.24176028
v -0.34972015 0.45683521 -0.23187777
v -0.36117956 0.44383216 -0.21943170
v -0.35273910 0.43833840 -0.21488887
v -0.34195620 0.45185351 -0.22539517
v -0.34579992 0.43109000 -0.21507534
v -0.33459198 0.44505095 -0.22319061
v -0.34204519 0.42372051 -0.21910878
v -0.33960649 0.41560566 -0.22472928
v -0.32583624 0.42839649 -0.22964084
v -0.32919347 0.43735433 -0.22523743
v -0.30767804 0.43193588 -0.24010594
v -0.32442892 0.41997364 -0.23603301
v -0.32448781 0.41253716 -0.24430701
v -0.30616695 0.42284852 -0.24815251
v -0.35191488 0.40098745 -0.25710115
v -0.35825646 0.40595913 -0.26277393
v -0.33977401 0.41302595 -0.27178001
v -0.33300519 0.40842807 -0.26492611
v -0.33422181 0.43828085 -0.28647006
v -0.32731184 0.42892396 -0.28541523
v -0.34622413 0.42130780 -0.27512369
v -0.35275215 0.43026996 -0.27554592
v -0.37152243 0.42340279 -0.26607233
v -0.37523195 0.43182901 -0.25975072
v -0.35802141 0.43904471 -0.27201873
v -0.31140995 0.49380955 -0.26908731
v -0.32474354 0.48163164 -0.25695759
v -0.31745753 0.47883672 -0.24707927
v -0.31579709 0.45070842 -0.23176605
v -0.30203027 0.46435407 -0.23853415
v -0.30946171 0.47288892 -0.24066129
v -0.32245195 0.45910180 -0.23233612
v -0.27146545 0.44355485 -0.25666475
v -0.29103500 0.44372427 -0.24437906
v -0.28891006 0.43351096 -0.25247145
v -0.31080404 0.44156724 -0.23444870
v -0.29570478 0.45454124 -0.24009930
v -0.30861956 0.41761512 -0.25990510
v -0.32771209 0.40866175 -0.25513458
v -0.34550464 0.46335375 -0.26730347
v -0.34515795 0.45610273 -0.27770746
v -0.36058146 0.44654435 -0.26343763
v -0.35982642 0.45285812 -0.25316912
v -0.29015407 0.42688709 -0.26453421
v -0.32937899 0.46609432 -0.29143202
v -0.33079553 0.47403497 -0.28140321
v -0.34094125 0.44739795 -0.28436464
v -0.32369986 0.45651481 -0.29676631
v -0.37319309 0.44267774 -0.23908782
v -0.36915910 0.44508621 -0.22810717
v -0.32952473 0.47987384 -0.26905113
v -0.31283385 0.41656807 -0.27145946
v -0.32005179 0.42082745 -0.28055418
v -0.30093509 0.42818564 -0.28895700
v -0.29409972 0.42452854 -0.27784067
v -0.29806700 0.45524439 -0.30899373
v -0.30856985 0.43629345 -0.29542327
v -0.31590837 0.44623035 -0.29768565
v -0.36441159 0.41391093 -0.26597479
v -0.30628660 0.46597552 -0.30924320
v -0.39770427 0.37241450 -0.17210212
v -0.38762432 0.37286147 -0.17697570
v -0.38554734 0.37202275 -0.16579825
v -0.39642957 0.37193170 -0.16149879
v -0.36190116 0.37512794 -0.17190480
v -0.35412234 0.38566855 -0.17103028
v -0.35646972 0.38416192 -0.15801764
v -0.36337543 0.37557769 -0.15921232
v -0.39614493 0.37390286 -0.15273777
v -0.38485438 0.37356186 -0.15654442
v -0.39464611 0.37867725 -0.14878643
v -0.41101837 0.37910044 -0.14489192
v -0.40733847 0.37363794 -0.14811257
v -0.42459863 0.37518388 -0.14071792
v -0.41453654 0.38974231 -0.14978090
v -0.43146899 0.38013247 -0.14571157
v -0.42921558 0.39299598 -0.17482734
v -0.43139538 0.39118087 -0.18562093
v -0.44134569 0.37929899 -0.17787549
v -0.43936273 0.37979954 -0.16656908
v -0.43773785 0.37666714 -0.19795811
v -0.44001585 0.37724790 -0.18721506
v -0.43115407 0.38913631 -0.19470328
v -0.42985457 0.38668433 -0.20420104
v -0.40145963 0.37215415 -0.18796375
v -0.39262271 0.37388146 -0.19497362
v -0.39053452 0.37424403 -0.18778986
v -0.39979488 0.37313464 -0.18189216
v -0.38515079 0.38357759 -0.14327091
v -0.39347875 0.39058340 -0.15070587
v -0.39758515 0.38492236 -0.14833760
v -0.38560194 0.37981206 -0.14319998
v -0.37742835 0.37302959 -0.22177640
v -0.37006152 0.38149011 -0.22808698
v -0.36671254 0.38512301 -0.22026116
v -0.37392211 0.37696880 -0.21574670
v -0.35361931 0.38982487 -0.19388261
v -0.35668522 0.39312074 -0.20382240
v -0.35524923 0.40858370 -0.19974166
v -0.35522258 0.40513477 -0.19004470
v -0.35266811 0.38724223 -0.18319729
v -0.35449141 0.40175253 -0.18062371
v -0.35583931 0.39789325 -0.16934872
v -0.35745013 0.39394748 -0.15634787
v -0.37542331 0.38078499 -0.23737839
v -0.38181069 0.37378460 -0.23468217
v -0.45314819 0.31710881 -0.13781881
v -0.45015204 0.31537479 -0.14258073
v -0.44952595 0.32193825 -0.14135307
v -0.45228523 0.32359344 -0.13677579
v -0.39666826 0.38639131 -0.24400920
v -0.40255016 0.39447692 -0.24081802
v -0.39531425 0.39767736 -0.24597222
v -0.38871616 0.38966337 -0.24664861
v -0.40495861 0.38224822 -0.23969239
v -0.41010976 0.39104205 -0.23406759
v -0.46491438 0.31652689 -0.14055911
v -0.46165717 0.31757528 -0.13674459
v -0.46162647 0.32401663 -0.13677260
v -0.46458560 0.32345742 -0.14092326
v -0.40625322 0.37027475 -0.15584251
v -0.40659943 0.37032276 -0.16577139
v -0.42687416 0.35899636 -0.14688253
v -0.41665581 0.36474788 -0.15772149
v -0.41567072 0.36661014 -0.14836666
v -0.42568719 0.36299300 -0.14183465
v -0.41893542 0.36279371 -0.17852449
v -0.41070521 0.36765036 -0.18547213
v -0.41090202 0.36879021 -0.17673382
v -0.41977602 0.36253250 -0.16985235
v -0.41152737 0.36193267 -0.19751835
v -0.41895756 0.35849586 -0.19096068
v -0.41863406 0.35563684 -0.19702074
v -0.41232681 0.35872453 -0.20212388
v -0.43027976 0.34873185 -0.17615156
v -0.43565923 0.34262797 -0.17613873
v -0.43457925 0.34203383 -0.18139999
v -0.42957553 0.34816405 -0.18131858
v -0.38913745 0.40153420 -0.25179973
v -0.38195959 0.39385477 -0.25106731
v -0.43279874 0.37104127 -0.21580824
v -0.42725554 0.36519381 -0.22211653
v -0.43004200 0.35973889 -0.21786669
v -0.43612006 0.36403966 -0.21242246
v -0.40587533 0.40211254 -0.23322406
v -0.40001878 0.40606463 -0.23988762
v -0.46517617 0.31496018 -0.14637858
v -0.46517903 0.32178885 -0.14688751
v -0.36550206 0.40633279 -0.17027268
v -0.36592963 0.40066743 -0.15683198
v -0.36489749 0.41105387 -0.18188131
v -0.36497536 0.41510752 -0.19064909
v -0.36407012 0.41997537 -0.19855890
v -0.42401046 0.35938746 -0.15865165
v -0.40570843 0.37116998 -0.17548969
v -0.40190846 0.37038600 -0.19291526
v -0.40761936 0.35685182 -0.21801120
v -0.40284544 0.35918847 -0.22348711
v -0.40014541 0.36039203 -0.21382171
v -0.40633309 0.35856453 -0.21101394
v -0.41991878 0.35954309 -0.22214434
v -0.41557413 0.35551012 -0.21725321
v -0.41902626 0.35234511 -0.21227035
v -0.42265230 0.35540795 -0.21726498
v -0.38233423 0.38760170 -0.14197490
v -0.38628712 0.39488775 -0.15209973
v -0.38917166 0.37871310 -0.24213240
v -0.38206348 0.38358438 -0.24417034
v -0.37543049 0.38910696 -0.24704146
v -0.38294208 0.37412548 -0.20606124
v -0.37151527 0.37922809 -0.21129522
v -0.36784858 0.37951574 -0.20500568
v -0.38119814 0.37503895 -0.20102519
v -0.37499720 0.37161973 -0.18188715
v -0.36180288 0.37567723 -0.18512583
v -0.37367538 0.37135237 -0.16958475
v -0.36249191 0.38825965 -0.21347478
v -0.36075708 0.39236087 -0.22432694
v -0.35717952 0.39656857 -0.21663973
v -0.36485374 0.38858873 -0.23276269
v -0.36981606 0.38769805 -0.24032351
v -0.35269135 0.39930332 -0.22808215
v -0.35017020 0.40480739 -0.22027385
v -0.35675436 0.39502114 -0.23694804
v -0.36151922 0.39330482 -0.24501571
v -0.38567334 0.41773522 -0.25700700
v -0.37869871 0.40766519 -0.25874984
v -0.39395159 0.41138107 -0.24753800
v -0.35329449 0.41856176 -0.20747837
v -0.35544664 0.40252385 -0.20831421
v -0.35088331 0.41146943 -0.21287128
v -0.36074719 0.42731717 -0.20607492
v -0.36409557 0.37553757 -0.15058234
v -0.36479148 0.37384111 -0.14274535
v -0.37264436 0.37180671 -0.14378768
v -0.37349308 0.37387696 -0.15088227
v -0.43783149 0.36798877 -0.13872012
v -0.43049529 0.36559087 -0.13780171
v -0.41817796 0.37096038 -0.14229241
v -0.38602394 0.36682701 -0.22058287
v -0.38992026 0.36752957 -0.23207814
v -0.43132532 0.35422760 -0.15102342
v -0.46304744 0.33215332 -0.14092915
v -0.45972151 0.33232114 -0.13640919
v -0.45456702 0.34657750 -0.13669196
v -0.45983261 0.34520116 -0.14185826
v -0.44132388 0.34446588 -0.15393579
v -0.43775851 0.34825373 -0.14825793
v -0.44191068 0.33953273 -0.14701140
v -0.44547155 0.33686215 -0.15271825
v -0.43101802 0.34299013 -0.18675274
v -0.42798603 0.34719881 -0.18739066
v -0.44769290 0.36193582 -0.16164304
v -0.44663918 0.36910653 -0.15161741
v -0.43525285 0.38381615 -0.15556887
v -0.41901773 0.36092898 -0.18530220
v -0.42528224 0.35525730 -0.17963052
v -0.42495972 0.35362145 -0.18496838
v -0.42815018 0.35544276 -0.15921900
v -0.43374422 0.35081387 -0.15544613
v -0.43204668 0.35128182 -0.16141650
v -0.42597377 0.35685605 -0.16528156
v -0.42135310 0.37132260 -0.22858253
v -0.41274786 0.36266732 -0.22919494
v -0.45735437 0.31791168 -0.13586184
v -0.45687479 0.32419798 -0.13517642
v -0.37220719 0.39991689 -0.25598091
v -0.36642784 0.39481348 -0.25101048
v -0.41094470 0.36538923 -0.19172895
v -0.42380908 0.39410415 -0.16293630
v -0.40216798 0.36796013 -0.19795379
v -0.43905842 0.35389674 -0.19863610
v -0.43192893 0.34944156 -0.20196183
v -0.43437767 0.34463656 -0.19843306
v -0.44013152 0.34685200 -0.19867700
v -0.45002246 0.32580578 -0.15233822
v -0.44725788 0.32756567 -0.14658993
v -0.44958818 0.31968817 -0.14765012
v -0.45210952 0.31829500 -0.15287964
v -0.43517536 0.35264069 -0.14324000
v -0.43483284 0.35702449 -0.13858530
v -0.44237778 0.34625036 -0.13644242
v -0.44047439 0.34309024 -0.14108290
v -0.44090915 0.35794017 -0.13652276
v -0.44816464 0.34696439 -0.13500215
v -0.45532990 0.32553586 -0.15553167
v -0.46126068 0.32740092 -0.15383610
v -0.45769656 0.34051126 -0.15437715
v -0.45185912 0.33661836 -0.15591156
v -0.42100775 0.39492664 -0.21126348
v -0.42012182 0.39075264 -0.21979004
v -0.42827398 0.38270897 -0.21312982
v -0.43554315 0.37419382 -0.20746306
v -0.43769881 0.36260304 -0.20237830
v -0.44258803 0.36468157 -0.19371168
v -0.42621243 0.37851307 -0.22094995
v -0.44879508 0.34667933 -0.16200125
v -0.45212418 0.35122409 -0.15646312
v -0.45239776 0.35034788 -0.16452497
v -0.40280229 0.36378071 -0.20477635
v -0.45436412 0.33262411 -0.13446379
v -0.38698334 0.42262703 -0.20072970
v -0.39556038 0.42187789 -0.21014881
v -0.40226835 0.41601235 -0.20270815
v -0.39081442 0.41761580 -0.19233653
v -0.44652519 0.33048174 -0.14004636
v -0.44905668 0.33189997 -0.13566859
v -0.42647085 0.34579954 -0.19340613
v -0.42985794 0.34285307 -0.19189303
v -0.42930895 0.34235978 -0.19715331
v -0.42616850 0.34474438 -0.19943470
v -0.41843528 0.38589147 -0.22732663
v -0.42851877 0.35543263 -0.21557564
v -0.43644643 0.35787350 -0.21201101
v -0.41235107 0.39751297 -0.22676319
v -0.41295868 0.40235606 -0.21812519
v -0.40649205 0.40845650 -0.22421896
v -0.44617397 0.36006513 -0.18153745
v -0.42166102 0.39796475 -0.20260143
v -0.41276649 0.40561229 -0.20954216
v -0.40544543 0.41253626 -0.21528336
v -0.39973170 0.41796371 -0.22155914
v -0.40110838 0.41328824 -0.23089513
v -0.46402043 0.33024904 -0.14742625
v -0.46248835 0.31929249 -0.15323773
v -0.39493924 0.41949308 -0.23818290
v -0.38797539 0.42601722 -0.24827176
v -0.38576275 0.43027121 -0.23796913
v -0.39349377 0.42382297 -0.22858366
v -0.41170293 0.40809715 -0.20090443
v -0.40835482 0.41017196 -0.19181797
v -0.42113280 0.40020049 -0.19389686
v -0.41838902 0.40186194 -0.18337721
v -0.44909561 0.36504635 -0.17289746
v -0.45836788 0.30299360 -0.15400466
v -0.45761627 0.31149048 -0.15501611
v -0.45284975 0.31162447 -0.15362220
v -0.45400459 0.30290937 -0.15356554
v -0.45700067 0.31800342 -0.15544167
v -0.46265721 0.31279463 -0.15248445
v -0.41176724 0.40282992 -0.17140538
v -0.43940100 0.34563768 -0.16026264
v -0.39677095 0.41039422 -0.17947122
v -0.40407991 0.39917201 -0.15818191
v -0.39198872 0.40385920 -0.16280928
v -0.37740684 0.41605026 -0.18553990
v -0.37821102 0.41066375 -0.17420503
v -0.37375101 0.42618394 -0.20163962
v -0.37594396 0.42088613 -0.19419897
v -0.36908942 0.43326229 -0.20934021
v -0.37770420 0.40387768 -0.16043028
v -0.45314330 0.30874354 -0.13861227
v -0.45035368 0.30705321 -0.14372426
v -0.38298321 0.42791313 -0.20825970
v -0.37779397 0.43517131 -0.21669689
v -0.37411720 0.37252802 -0.15871951
v -0.39363760 0.36642620 -0.20894533
v -0.39347813 0.36994994 -0.20385256
v -0.39730978 0.36228323 -0.22812572
v -0.39377189 0.36255300 -0.21677285
v -0.38332808 0.43406117 -0.22716922
v -0.33976555 0.40821970 -0.23210236
v -0.34200746 0.40288886 -0.24088301
v -0.37516108 0.43778431 -0.24991241
v -0.45721388 0.30917400 -0.13600916
v -0.44111508 0.34068364 -0.17997557
v -0.44087470 0.34069458 -0.18290126
v -0.35810536 0.38241136 -0.14860326
v -0.36088443 0.37931705 -0.14042753
v -0.36762026 0.38919833 -0.13778755
v -0.36223555 0.38461685 -0.13813055
v -0.35930759 0.38968816 -0.14647037
v -0.36610445 0.39527839 -0.14661372
v -0.38390413 0.37229529 -0.20971724
v -0.38517123 0.36942887 -0.21394500
v -0.41355407 0.37726623 -0.23465613
v -0.40588540 0.36807367 -0.23586774
v -0.44783109 0.35778192 -0.13789779
v -0.44540408 0.36796349 -0.14408909
v -0.45425135 0.35679570 -0.14346050
v -0.46006590 0.34410033 -0.14827019
v -0.44560373 0.34425914 -0.16018440
v -0.44816747 0.34378579 -0.15675399
v -0.36467886 0.37776050 -0.19622001
v -0.37829706 0.37389773 -0.19293064
v -0.38329512 0.37570626 -0.15036181
v -0.38166332 0.37560597 -0.14446595
v -0.42516363 0.35675666 -0.17293492
v -0.45190883 0.34864905 -0.17860070
v -0.45496720 0.35273305 -0.17183822
v -0.43063489 0.35102522 -0.16912086
v -0.46450192 0.30744141 -0.14026144
v -0.46121585 0.30854946 -0.13651493
v -0.45485336 0.35613522 -0.14994423
v -0.42369840 0.35140687 -0.19106758
v -0.44639331 0.34868622 -0.18519299
v -0.44704956 0.34318107 -0.18133812
v -0.42235324 0.35334224 -0.21416979
v -0.38989919 0.42710066 -0.21782243
v -0.44973314 0.31316441 -0.14889312
v -0.45009905 0.30474883 -0.14983049
v -0.46230322 0.30432326 -0.15148410
v -0.46476746 0.30623513 -0.14590982
v -0.39763409 0.37331063 -0.23995143
v -0.39331424 0.37230638 -0.19949242
v -0.34648758 0.39997548 -0.25004476
v -0.37614912 0.39728713 -0.14926359
v -0.37565237 0.39051950 -0.13930666
v -0.43600667 0.34545302 -0.16778840
v -0.43492365 0.35474396 -0.20610388
v -0.44518435 0.35486302 -0.19351444
v -0.44613892 0.34703144 -0.19505934
v -0.44750580 0.34368342 -0.18884175
v -0.44468498 0.34000814 -0.18574980
v -0.46242636 0.29775500 -0.15118960
v -0.46480864 0.29928398 -0.14568186
v -0.46458745 0.30017161 -0.14007770
v -0.46122634 0.30161214 -0.13666657
v -0.45718473 0.30289280 -0.13644114
v -0.45861059 0.29665434 -0.15346779
v -0.45425481 0.29696345 -0.15300333
v -0.45053726 0.29892558 -0.14955688
v -0.45835668 0.29123342 -0.15293351
v -0.46216911 0.29114139 -0.15044279
v -0.46288317 0.28758889 -0.13813466
v -0.46429867 0.29296988 -0.13984825
v -0.46416235 0.28951007 -0.14190501
v -0.46396697 0.28604925 -0.14102641
v -0.46363187 0.28186816 -0.14095098
v -0.46190304 0.28281868 -0.13831782
v -0.46408379 0.28982401 -0.14516525
v -0.46409059 0.28560960 -0.14523098
v -0.46218890 0.28511423 -0.14876288
v -0.46225697 0.28079081 -0.14883350
v -0.46402115 0.28111231 -0.14535235
v -0.46278137 0.28871655 -0.14823873
v -0.46449196 0.29366636 -0.14520654
v -0.46135873 0.27851176 -0.14017341
v -0.46326035 0.27883482 -0.14134906
v -0.46328843 0.27734488 -0.14457989
v -0.46093726 0.27580333 -0.14398488
v -0.46097881 0.29586554 -0.13681313
v -0.46012050 0.28922516 -0.13693848
v -0.45909661 0.28344554 -0.13761351
v -0.45847934 0.27886647 -0.13967502
v -0.45670921 0.28956723 -0.13736841
v -0.45636314 0.28366071 -0.13880837
v -0.45598930 0.27972949 -0.14075872
v -0.45351434 0.28876907 -0.13977967
v -0.45407099 0.28324580 -0.14095512
v -0.45337522 0.29702324 -0.13925524
v -0.45727533 0.29722506 -0.13687405
v -0.45461494 0.28044367 -0.14188260
v -0.45810127 0.27608484 -0.14404972
v -0.46044940 0.28549385 -0.15114573
v -0.46003950 0.28055382 -0.15049064
v -0.45780712 0.28545696 -0.15228271
v -0.45742035 0.28036433 -0.15111682
v -0.46012884 0.27659607 -0.14851865
v -0.46214038 0.27760243 -0.14777534
v -0.45327264 0.30287093 -0.13920242
v -0.45077831 0.30112845 -0.14436212
v -0.45081669 0.29534525 -0.14424634
v -0.45102638 0.28760171 -0.14440849
v -0.45085210 0.29374260 -0.14927690
v -0.45423281 0.29178190 -0.15246587
v -0.45458537 0.28595555 -0.15166387
v -0.45154601 0.28678626 -0.14917317
v -0.45470375 0.28089505 -0.15022501
v -0.45272702 0.28148758 -0.14801100
v -0.45249861 0.28212422 -0.14422734
v -0.45508635 0.27774912 -0.14776739
v -0.45753127 0.27657443 -0.14840934
v -0.45564818 0.27755463 -0.14396869
v -0.45381844 0.27914917 -0.14678147
v -0.45408326 0.27948928 -0.14412118
v -0.44717497 0.30518860 -0.16745630
v -0.44408518 0.30444479 -0.17238477
v -0.44518429 0.31233427 -0.17134200
v -0.44756377 0.31287211 -0.16681655
v -0.45983523 0.30671930 -0.16773339
v -0.45547956 0.30620676 -0.16415307
v -0.45642024 0.31365830 -0.16369088
v -0.46079671 0.31455219 -0.16744307
v -0.45985383 0.30708975 -0.17438135
v -0.46088248 0.31489843 -0.17459075
v -0.46088380 0.32419175 -0.16620116
v -0.45602125 0.32285586 -0.16265231
v -0.45216364 0.33736378 -0.16258207
v -0.45712698 0.33930719 -0.16512090
v -0.43979111 0.33458272 -0.17437097
v -0.44272265 0.33341196 -0.17954892
v -0.45090717 0.30551136 -0.16447853
v -0.45139652 0.31312662 -0.16406645
v -0.44537914 0.31992406 -0.18015014
v -0.44347933 0.32032245 -0.17520833
v -0.44410634 0.31149065 -0.17664661
v -0.44596195 0.31124479 -0.18100043
v -0.44293937 0.33653393 -0.16337730
v -0.44011962 0.33627591 -0.16792849
v -0.44750571 0.33637556 -0.16246620
v -0.45023817 0.32054165 -0.18300852
v -0.45633948 0.32202572 -0.18146941
v -0.45520717 0.33690533 -0.17996699
v -0.44870621 0.33412156 -0.18224482
v -0.45083576 0.32211894 -0.16305822
v -0.44423878 0.32163206 -0.16913392
v -0.44658032 0.32174116 -0.16527542
v -0.46122819 0.32444733 -0.17386946
v -0.45576143 0.31301421 -0.18177463
v -0.45034504 0.29503286 -0.18219811
v -0.45001394 0.30448484 -0.18311846
v -0.44546437 0.30379534 -0.18180677
v -0.44579214 0.29399246 -0.18160501
v -0.45000106 0.31164157 -0.18330331
v -0.45532697 0.30567980 -0.18103842
v -0.44642133 0.29446477 -0.16757058
v -0.44342434 0.29394001 -0.17274854
v -0.45026320 0.29512066 -0.16464409
v -0.45936686 0.33980021 -0.17270167
v -0.45876509 0.29665530 -0.16741584
v -0.45446843 0.29591763 -0.16442363
v -0.44309393 0.30378008 -0.17756943
v -0.44266397 0.29385287 -0.17810398
v -0.45505577 0.29616427 -0.17987221
v -0.45881349 0.29732978 -0.17368825
v -0.45449060 0.28835446 -0.17910171
v -0.45771939 0.28907287 -0.17338318
v -0.45795327 0.28844482 -0.16752857
v -0.45381075 0.28835160 -0.16475672
v -0.44979042 0.28828007 -0.16522194
v -0.45014369 0.28769881 -0.18147640
v -0.44599277 0.28748733 -0.18101461
v -0.44290635 0.28783911 -0.17799766
v -0.44962510 0.28060222 -0.18099530
v -0.45392942 0.28036624 -0.17887087
v -0.45441455 0.26893008 -0.16669920
v -0.45571291 0.27464348 -0.16622022
v -0.45664936 0.27376914 -0.16966699
v -0.45656610 0.26869470 -0.16938677
v -0.45744717 0.28065258 -0.16775295
v -0.45716244 0.27737164 -0.17041123
v -0.45652741 0.27763295 -0.17367628
v -0.45663828 0.27331030 -0.17395994
v -0.45408666 0.27307391 -0.17747980
v -0.45427889 0.26848733 -0.17778172
v -0.45697206 0.26818860 -0.17404819
v -0.45477360 0.27713627 -0.17685747
v -0.45615417 0.26496780 -0.17004931
v -0.45379907 0.26437014 -0.16920471
v -0.45718265 0.28212452 -0.17360328
v -0.45369953 0.28213829 -0.16476928
v -0.45264238 0.27543610 -0.16487424
v -0.45129460 0.26921380 -0.16637313
v -0.45032871 0.26447028 -0.16932292
v -0.44872200 0.27522933 -0.16599798
v -0.44799191 0.26902974 -0.16753294
v -0.44780886 0.26508647 -0.17014956
v -0.44491440 0.27479666 -0.16869640
v -0.44518569 0.26866168 -0.16973202
v -0.44565088 0.28298491 -0.16831133
v -0.44946259 0.28289145 -0.16540545
v -0.44601339 0.26595569 -0.17100887
v -0.45370466 0.26201898 -0.17361781
v -0.45017582 0.26223260 -0.17341496
v -0.45676935 0.26338089 -0.17375177
v -0.45188171 0.27365702 -0.17927901
v -0.45173901 0.26855373 -0.17931396
v -0.44924933 0.27397346 -0.18086323
v -0.44923425 0.26816326 -0.18063943
v -0.45254540 0.26382065 -0.17804126
v -0.45475155 0.26463783 -0.17737554
v -0.44615060 0.28831053 -0.16799077
v -0.44336224 0.28810918 -0.17296633
v -0.44269347 0.28268099 -0.17317897
v -0.44193977 0.27436596 -0.17334370
v -0.44257498 0.28269976 -0.17783996
v -0.44581598 0.28133702 -0.18067381
v -0.44577926 0.27422428 -0.18058273
v -0.44262877 0.27444637 -0.17793253
v -0.44616580 0.26837230 -0.17990054
v -0.44348085 0.26865453 -0.17758979
v -0.44319290 0.26853067 -0.17369768
v -0.44664186 0.26433462 -0.17758493
v -0.44966602 0.26355809 -0.17830297
v -0.44725412 0.26353091 -0.17353053
v -0.44469374 0.26550072 -0.17644981
v -0.44516411 0.26535308 -0.17373721
v -0.43519503 0.30885106 -0.19104025
v -0.43128443 0.30944484 -0.19405439
v -0.43260190 0.31603432 -0.19338964
v -0.43621111 0.31513071 -0.19048782
v -0.44637179 0.30971259 -0.19442806
v -0.44403893 0.30892390 -0.19184569
v -0.44476655 0.31538785 -0.19107068
v -0.44777936 0.31707042 -0.19374979
v -0.44560438 0.31066173 -0.19936328
v -0.44683421 0.31862825 -0.19917177
v -0.44857809 0.32447702 -0.19263595
v -0.44484997 0.32214361 -0.18975508
v -0.44389305 0.33307132 -0.18800983
v -0.44823831 0.33561438 -0.19085616
v -0.43999922 0.30846924 -0.19068995
v -0.44059011 0.31479901 -0.18995158
v -0.43185842 0.32420266 -0.19899210
v -0.43176547 0.32391050 -0.19481926
v -0.43119144 0.31656894 -0.19723831
v -0.43176514 0.31694043 -0.20064640
v -0.43557292 0.33479258 -0.18605088
v -0.43228468 0.33564019 -0.18871173
v -0.43959382 0.33351409 -0.18626370
v -0.43561071 0.32494798 -0.20221996
v -0.44195634 0.32629555 -0.20306365
v -0.44092757 0.33775601 -0.20062083
v -0.43497273 0.33655375 -0.19968012
v -0.44057453 0.32159650 -0.18847245
v -0.43275446 0.32320377 -0.19115403
v -0.43636331 0.32230958 -0.18850972
v -0.44741887 0.32653788 -0.19853085
v -0.44153476 0.31871527 -0.20353155
v -0.43509352 0.30037993 -0.20427647
v -0.43489254 0.31092697 -0.20409983
v -0.43042949 0.31036943 -0.20194161
v -0.43082383 0.30007583 -0.20280604
v -0.43521774 0.31771183 -0.20364377
v -0.44086957 0.31103277 -0.20369260
v -0.43438435 0.29908538 -0.19148096
v -0.43033296 0.29960167 -0.19485083
v -0.43883905 0.29877192 -0.19121639
v -0.44691685 0.33776504 -0.19702256
v -0.43058538 0.33572024 -0.19696778
v -0.44493279 0.29929137 -0.19459602
v -0.44287544 0.29880971 -0.19221111
v -0.42922366 0.31006360 -0.19840984
v -0.42865238 0.30006486 -0.19940296
v -0.44037980 0.30045033 -0.20343904
v -0.44453135 0.30028450 -0.19925217
v -0.44000614 0.29328519 -0.20347559
v -0.44387609 0.29300308 -0.19922540
v -0.44449687 0.29187924 -0.19450411
v -0.44199282 0.29177576 -0.19215801
v -0.43799418 0.29226786 -0.19158332
v -0.43498993 0.29300451 -0.20425732
v -0.43137354 0.29319972 -0.20270965
v -0.42896360 0.29397571 -0.19956300
v -0.43466902 0.28769338 -0.20436621
v -0.43947363 0.28691864 -0.20335065
v -0.44213450 0.27384633 -0.19401398
v -0.44279471 0.27884668 -0.19344278
v -0.44279295 0.27881616 -0.19597124
v -0.44293076 0.27428907 -0.19628699
v -0.44389796 0.28498334 -0.19457078
v -0.44335720 0.28248125 -0.19635081
v -0.44272447 0.28359610 -0.19948301
v -0.44261819 0.27936453 -0.19977804
v -0.43949515 0.28053313 -0.20284617
v -0.43950540 0.27620959 -0.20319515
v -0.44254386 0.27485788 -0.20004691
v -0.44065589 0.28382045 -0.20225370
v -0.44265592 0.27145147 -0.19711208
v -0.44146553 0.27039087 -0.19588977
v -0.44320774 0.28728122 -0.19929561
v -0.44114447 0.28583306 -0.19179353
v -0.44038618 0.27969569 -0.19152616
v -0.43956113 0.27393293 -0.19252197
v -0.43858391 0.27068299 -0.19490270
v -0.43645334 0.28060472 -0.19137627
v -0.43595862 0.27499747 -0.19241771
v -0.43536204 0.27196378 -0.19455856
v -0.43271962 0.28164452 -0.19268073
v -0.43281132 0.27596563 -0.19359910
v -0.43336353 0.28808677 -0.19263354
v -0.43719190 0.28701103 -0.19142327
v -0.43342105 0.27336377 -0.19484079
v -0.44000298 0.26983470 -0.19974077
v -0.43685216 0.27003336 -0.19909960
v -0.44208926 0.27126193 -0.20021304
v -0.43724960 0.28154165 -0.20405544
v -0.43705836 0.27678841 -0.20408903
v -0.43423420 0.28205359 -0.20398350
v -0.43446904 0.27679849 -0.20386651
v -0.43797880 0.27267957 -0.20310162
v -0.43990728 0.27297425 -0.20282927
v -0.43389666 0.29306614 -0.19235381
v -0.43034646 0.29399443 -0.19535655
v -0.43014097 0.28898573 -0.19546935
v -0.42952281 0.28210354 -0.19567086
v -0.42893133 0.28912520 -0.19936050
v -0.43121451 0.28807086 -0.20248981
v -0.43127838 0.28223121 -0.20256168
v -0.42895526 0.28249162 -0.19974899
v -0.43192607 0.27703029 -0.20254415
v -0.42993987 0.27696401 -0.20007333
v -0.43033883 0.27637762 -0.19640513
v -0.43293908 0.27321714 -0.20135117
v -0.43530464 0.27270716 -0.20265225
v -0.43411076 0.27138311 -0.19814359
v -0.43128616 0.27414107 -0.19984761
v -0.43216097 0.27326137 -0.19716883
v -0.43107179 0.33598778 -0.19254062
v -0.41689193 0.32414943 -0.21497341
v -0.41353735 0.32557905 -0.21658421
v -0.41558373 0.33006269 -0.21469171
v -0.41864944 0.32899669 -0.21321078
v -0.42704940 0.32440871 -0.21990399
v -0.42477611 0.32322514 -0.21668415
v -0.42668214 0.32863218 -0.21460633
v -0.42962390 0.33028632 -0.21790251
v -0.42533088 0.32666337 -0.22378117
v -0.42830634 0.33262607 -0.22179571
v -0.43219572 0.33703077 -0.21409960
v -0.42833376 0.33473986 -0.21142021
v -0.42973971 0.34435853 -0.20723006
v -0.43424138 0.34746081 -0.20957768
v -0.42033142 0.35131934 -0.21277139
v -0.41995141 0.34925503 -0.20839965
v -0.41759980 0.34439799 -0.21039492
v -0.41839546 0.34614307 -0.21405078
v -0.42088491 0.32321984 -0.21525639
v -0.42223749 0.32827371 -0.21341434
v -0.41597140 0.33732399 -0.21732709
v -0.41554171 0.33576050 -0.21412595
v -0.41359332 0.33131880 -0.21721594
v -0.41380849 0.33252400 -0.22021604
v -0.41890052 0.34788251 -0.20454341
v -0.42229116 0.34585080 -0.20056294
v -0.42263636 0.34272483 -0.20518160
v -0.41866761 0.34306338 -0.20759250
v -0.42551628 0.34280944 -0.20575403
v -0.41951975 0.33876446 -0.21978569
v -0.42501822 0.33951342 -0.22084832
v -0.42760152 0.34986088 -0.21734655
v -0.42142394 0.34802568 -0.21678588
v -0.42415577 0.33376002 -0.21028744
v -0.41694665 0.33463722 -0.21185593
v -0.42129803 0.33384493 -0.20954067
v -0.43169743 0.33925959 -0.21801049
v -0.42259479 0.33341280 -0.22369894
v -0.41226900 0.32195544 -0.22656104
v -0.41436565 0.32889992 -0.22492944
v -0.41097954 0.32847422 -0.22250390
v -0.40909204 0.32192957 -0.22441775
v -0.41715312 0.33335358 -0.22253998
v -0.41964918 0.32822955 -0.22572994
v -0.41554692 0.31733471 -0.21650437
v -0.41197500 0.31918585 -0.21812895
v -0.41935033 0.31647283 -0.21688400
v -0.43522936 0.35003683 -0.21372525
v -0.42484719 0.31714636 -0.22120871
v -0.42277649 0.31617612 -0.21817596
v -0.41147345 0.32703078 -0.21912435
v -0.40953478 0.32084501 -0.22110471
v -0.41742539 0.32107973 -0.22701669
v -0.42295307 0.31944042 -0.22507209
v -0.41592947 0.31517982 -0.22805369
v -0.42147744 0.31362146 -0.22604032
v -0.42344752 0.31144673 -0.22183047
v -0.42167199 0.31095058 -0.21884744
v -0.41853690 0.31178910 -0.21775468
v -0.41102970 0.31599373 -0.22748327
v -0.40855366 0.31630689 -0.22534090
v -0.40907946 0.31599885 -0.22217189
v -0.41068587 0.31108469 -0.22780313
v -0.41536683 0.30943954 -0.22846553
v -0.41942841 0.29642224 -0.22225545
v -0.42048001 0.30047590 -0.22146064
v -0.42031050 0.30092424 -0.22360738
v -0.41993642 0.29711223 -0.22404647
v -0.42183319 0.30597359 -0.22226693
v -0.42088908 0.30428302 -0.22391018
v -0.41960227 0.30593038 -0.22623579
v -0.41938269 0.30231881 -0.22657908
v -0.41602054 0.30351573 -0.22851247
v -0.41529208 0.29960614 -0.22886117
v -0.41911343 0.29834294 -0.22701845
v -0.41714865 0.30642116 -0.22805426
v -0.41956440 0.29472315 -0.22478428
v -0.41841912 0.29362196 -0.22386062
v -0.42036727 0.30897588 -0.22617713
v -0.42044854 0.30631083 -0.21940513
v -0.41921109 0.30069125 -0.21975604
v -0.41785082 0.29608583 -0.22114617
v -0.41597366 0.29352772 -0.22303692
v -0.41685939 0.30200130 -0.21910959
v -0.41566843 0.29696995 -0.22057012
v -0.41406962 0.29464376 -0.22257869
v -0.41348094 0.30363494 -0.21895848
v -0.41309845 0.29838628 -0.22082472
v -0.41403395 0.30904859 -0.21821065
v -0.41778755 0.30743766 -0.21820709
v -0.41277301 0.29590857 -0.22219865
v -0.41605455 0.29358131 -0.22690895
v -0.41367400 0.29354179 -0.22568408
v -0.41827682 0.29518491 -0.22762819
v -0.41320592 0.30471402 -0.22899897
v -0.41259837 0.29962158 -0.22931758
v -0.41021794 0.30589807 -0.22813170
v -0.41008461 0.30005717 -0.22829336
v -0.41345352 0.29593706 -0.22887364
v -0.41543567 0.29674697 -0.22918059
v -0.41485226 0.31303924 -0.21766460
v -0.41127992 0.31484991 -0.21927544
v -0.41057694 0.31075174 -0.21985036
v -0.41007745 0.30514264 -0.22062442
v -0.40832561 0.31163782 -0.22266653
v -0.40825284 0.31174880 -0.22573599
v -0.40811023 0.30597991 -0.22630161
v -0.40786588 0.30582321 -0.22334114
v -0.40863520 0.30017066 -0.22650936
v -0.40849590 0.30001032 -0.22412407
v -0.41022050 0.29949969 -0.22176869
v -0.41036209 0.29627216 -0.22583592
v -0.41143090 0.29573852 -0.22756086
v -0.41216412 0.29455990 -0.22436363
v -0.40986872 0.29697013 -0.22441608
v -0.41112721 0.29611999 -0.22316435
v -0.42379424 0.35221565 -0.21493049
v -0.38263041 0.38221127 -0.13101891
v -0.38515460 0.37828049 -0.13262978
v -0.37250918 0.36773187 -0.13518146
v -0.37948135 0.36964968 -0.13509175
v -0.36611414 0.36999494 -0.13344800
v -0.36436591 0.37928903 -0.12874955
v -0.36382937 0.37445918 -0.13075921
v -0.38442427 0.37382624 -0.13384694
v -0.37707198 0.38476649 -0.12896779
v -0.36934090 0.38361931 -0.12805545
v -0.37868813 0.38039377 -0.11884683
v -0.37104726 0.37915176 -0.11800256
v -0.36564887 0.37423307 -0.11922145
v -0.36503437 0.36980903 -0.12255976
v -0.36705661 0.36603072 -0.12620795
v -0.38448858 0.37849727 -0.12182921
v -0.38649374 0.37471649 -0.12480038
v -0.38423210 0.36998576 -0.12721914
v -0.38616726 0.37455931 -0.11295578
v -0.38130802 0.37517321 -0.10722527
v -0.37209898 0.36312598 -0.09782645
v -0.36969915 0.36518127 -0.10293758
v -0.37164921 0.36802116 -0.10056064
v -0.37304920 0.36665270 -0.09673280
v -0.36843437 0.36919636 -0.10846865
v -0.37118357 0.36995208 -0.10345837
v -0.37526077 0.37261021 -0.10290620
v -0.37583116 0.37152791 -0.09943131
v -0.37953442 0.37373179 -0.10274684
v -0.38119274 0.37291282 -0.09972885
v -0.37670571 0.37000787 -0.09546176
v -0.37429592 0.36588067 -0.09283438
v -0.37744024 0.36809677 -0.09153715
v -0.37469137 0.36281380 -0.09306383
v -0.37420595 0.37432072 -0.10787058
v -0.36676186 0.36555329 -0.11409709
v -0.36920148 0.36204323 -0.10624108
v -0.37276167 0.35988212 -0.09953922
v -0.37753487 0.35933167 -0.09442282
v -0.37169027 0.35877728 -0.10964769
v -0.37586802 0.35767609 -0.10214999
v -0.37930149 0.35853499 -0.09785771
v -0.37715104 0.35846400 -0.11203915
v -0.37984714 0.35796624 -0.10425067
v -0.37382531 0.36119649 -0.12218657
v -0.36850476 0.36236626 -0.11863649
v -0.38106608 0.35843292 -0.10043886
v -0.37940437 0.36460975 -0.09042585
v -0.38188875 0.36156493 -0.09300420
v -0.38490707 0.37216732 -0.10186476
v -0.38189650 0.37133747 -0.09590322
v -0.38563842 0.36980841 -0.09691510
v -0.38769919 0.37055463 -0.10521770
v -0.38825539 0.36724448 -0.09909102
v -0.38434821 0.36768174 -0.09261745
v -0.38147509 0.36990085 -0.09224647
v -0.37218747 0.36439610 -0.12886032
v -0.37857753 0.36629564 -0.12860221
v -0.38066837 0.36357677 -0.12207654
v -0.38297036 0.36042732 -0.11291581
v -0.38623920 0.36722559 -0.12052074
v -0.38859659 0.37144232 -0.11729193
v -0.38973841 0.36737323 -0.10856441
v -0.38807470 0.36379260 -0.11127785
v -0.38916570 0.36419815 -0.10167992
v -0.38752228 0.36172336 -0.10397094
v -0.38388926 0.35953721 -0.10475501
v -0.38671815 0.36188912 -0.09769180
v -0.38635415 0.36443242 -0.09477031
v -0.38318342 0.36006844 -0.09656093
v -0.38628769 0.36081257 -0.10021564
v -0.38373512 0.35949439 -0.10003608
v -0.42034626 0.35028470 -0.20946428
v -0.41916174 0.34953597 -0.20345779
v -0.41810191 0.35210112 -0.20691150
v -0.41350305 0.35453790 -0.21226186
v -0.41142818 0.35709536 -0.22227618
v -0.41271877 0.35651687 -0.20652801
v -0.41788554 0.35368413 -0.20118666
v -0.42176464 0.34879097 -0.19712971
v -0.40699279 0.36036721 -0.20595154
v -0.03196270 1.06765199 0.03180876
v -0.02909133 1.06859398 0.03434594
v -0.03068321 1.06202567 0.03042689
v -0.03317039 1.06255090 0.02839106
v -0.02346043 1.06267142 0.03340331
v -0.02801624 1.06223118 0.03237373
v -0.02450026 1.06967759 0.03560016
v -0.01910416 1.07055223 0.03513916
v -0.01052493 1.06854212 0.03223830
v -0.00857105 1.06726766 0.03214315
v -0.00929680 1.06607413 0.03260604
v -0.01171575 1.06560457 0.03279813
v -0.01562475 1.06441414 0.03372832
v -0.03608160 1.06489158 0.02569948
v -0.03537317 1.06587875 0.02712333
v -0.03399081 1.06680191 0.02936307
v -0.01947078 1.06338441 0.03400443
v -0.03492105 1.06315136 0.02661295
v -0.03594406 1.06395435 0.02555765
v -0.01426467 1.07013917 0.03397842
v -0.02395266 1.06482732 0.03391585
v -0.02798492 1.06414342 0.03281684
v -0.02446961 1.06733251 0.03456151
v -0.01986041 1.06777084 0.03506261
v -0.01366936 1.06636572 0.03342144
v -0.01630815 1.06592655 0.03403100
v -0.03094875 1.06388998 0.03083868
v -0.01999401 1.06536293 0.03431451
v -0.02862079 1.06632888 0.03338273
v -0.01573519 1.06792152 0.03434198
v -0.01315410 1.06754923 0.03342530
v -0.03528744 1.06470335 0.02639972
v -0.03523286 1.06429553 0.02639347
v -0.00805300 0.83357310 -0.06895351
v -0.01168169 0.81453156 -0.06669001
v -0.03133475 1.06566823 0.03133191
v -0.03445194 1.06412983 0.02741501
v -0.03305666 1.06387889 0.02897754
v -0.03334668 1.06540632 0.02913636
v -0.03460812 1.06505466 0.02744518
v -0.12973589 0.68457776 -0.26090518
v -0.14447689 0.69130898 -0.26817423
v -0.16262922 0.70158672 -0.32204780
v -0.15387407 0.70565182 -0.34642977
v -0.04143965 0.53923190 -0.05536580
v -0.03239264 0.59911138 -0.28186613
v -0.02918655 0.62151194 -0.29160750
v 0.05723380 0.61548692 -0.28496522
v 0.03509043 0.61032683 -0.29237628
v -0.09761798 0.57770562 -0.17146093
v -0.09735773 0.59751052 -0.17782530
v -0.07057021 0.56418967 -0.10180491
v -0.07237618 0.58642066 -0.10649748
v -0.09453616 0.55191851 -0.14229453
v -0.00025666 0.56062603 -0.27929440
v -0.02232339 0.55983520 -0.27659687
v -0.01645262 0.58048058 -0.28165638
v 0.00609172 0.58214450 -0.28574798
v 0.07600641 0.62014419 -0.27228612
v 0.06951822 0.59124160 -0.26636901
v -0.09494721 0.62249225 -0.21283931
v -0.08564626 0.62666535 -0.24143791
v -0.05113900 0.63785899 -0.28746080
v -0.02794441 0.64505708 -0.30149233
v -0.00333834 0.65387839 -0.30711290
v 0.02130595 0.66299361 -0.30717415
v -0.06550180 0.60647458 -0.08798434
v -0.05509780 0.62782395 -0.07295843
v -0.09776007 0.61855090 -0.18412377
v -0.00604707 0.60542393 -0.03882836
v 0.05179626 0.70538092 -0.30523357
v 0.07509398 0.71103364 -0.29404810
v -0.07037494 0.63232583 -0.26694971
v -0.03243626 0.76503605 -0.06948739
v -0.05010825 0.76652354 -0.07991693
v -0.05116984 0.75048637 -0.07540312
v -0.03253152 0.74869144 -0.06631169
v -0.06751431 0.75113809 -0.08592222
v -0.08251096 0.75123143 -0.09840380
v -0.09587482 0.75075436 -0.11141491
v -0.11918894 0.74505883 -0.15281126
v -0.11441436 0.74743271 -0.13916123
v -0.12010885 0.73879987 -0.17964056
v -0.12118355 0.74216843 -0.16663861
v -0.11541481 0.73453355 -0.19183667
v -0.10635104 0.73057371 -0.20480065
v -0.09685331 0.73662007 -0.22770436
v -0.09842668 0.72528595 -0.22097039
v -0.10657694 0.71944553 -0.19610862
v -0.11328871 0.72420079 -0.18305106
v -0.11781240 0.72824585 -0.17079847
v -0.00635518 0.69446599 -0.06020427
v -0.00783839 0.71419966 -0.05887029
v -0.00356211 0.85182440 -0.07210354
v -0.21682414 0.47864991 -0.33247158
v -0.32983625 0.46619162 -0.23614281
v 0.06664250 0.92582244 -0.20968233
v 0.04939437 0.93067575 -0.22341497
v -0.01661026 0.92721438 -0.25803760
v -0.04408260 0.92123210 -0.25817177
v 0.00934510 0.92958879 -0.25267100
v 0.03343323 0.92669404 -0.24249893
v -0.09338202 0.63514853 -0.16000961
v 0.06314188 0.89735270 -0.24132837
v 0.03848696 0.91709340 -0.24939613
v 0.01436583 0.91980457 -0.26152089
v -0.01353069 0.91672409 -0.27244693
v -0.04490300 0.90788960 -0.27665070
v -0.05910666 0.89409208 -0.28736442
v -0.06289860 0.87089747 -0.31561774
v -0.07358021 0.86222863 -0.32251295
v -0.08436019 0.85107130 -0.32949498
v -0.10166489 0.85537142 -0.31781191
v -0.09069226 0.86585885 -0.31054050
v -0.13901588 0.74203503 -0.35201713
v -0.13946560 0.72310632 -0.35630158
v -0.13336492 0.71016651 -0.36292902
v -0.12420987 0.70179826 -0.36841458
v -0.11104437 0.69853193 -0.37219146
v -0.09618033 0.70064801 -0.37177798
v -0.08076235 0.71047091 -0.36738274
v -0.05482570 0.74620235 -0.35138899
v -0.04696856 0.75960863 -0.34754953
v -0.03472162 0.77209467 -0.33655846
v -0.03267635 0.77130854 -0.33365262
v -0.02000652 0.75596404 -0.33093959
v -0.01283206 0.74354899 -0.32637858
v -0.00565629 0.72631621 -0.32328004
v -0.01267884 0.45896238 -0.29386178
v -0.03555473 0.46111065 -0.28847808
v -0.03353982 0.47903889 -0.28271344
v -0.01066251 0.47635695 -0.28777710
v 0.03511150 0.51361054 -0.27111992
v 0.05682701 0.51168638 -0.26302269
v -0.09340026 0.47875684 -0.24262634
v -0.10470099 0.47326398 -0.21994989
v -0.05663236 0.48102099 -0.27476189
v -0.07629377 0.48104542 -0.26137662
v -0.10932396 0.46475369 -0.19448394
v -0.07376745 0.42426640 -0.10766064
v -0.05750833 0.41657907 -0.08890015
v -0.02139670 0.40627396 -0.06025413
v -0.00265534 0.40446919 -0.05231422
v -0.10740564 0.45477653 -0.16988939
v -0.03994400 0.41014743 -0.07333808
v -0.10053615 0.44342259 -0.14924753
v -0.08921903 0.43329290 -0.12868136
v 0.01364697 0.51434404 -0.27676567
v 0.01144166 0.49263945 -0.27968994
v -0.00980847 0.49516368 -0.28178713
v 0.08887917 0.79902810 -0.27641669
v 0.07311077 0.80163383 -0.29173893
v 0.05815712 0.80675149 -0.30569476
v 0.04395109 0.83397460 -0.30833322
v 0.04171923 0.81410027 -0.31476301
v 0.02605851 0.81922174 -0.32241702
v 0.02842097 0.83685726 -0.31589592
v 0.00105933 0.83029270 -0.32897007
v -0.00056721 0.81927955 -0.33435822
v -0.00758397 0.81470728 -0.33710349
v -0.00865025 0.82358778 -0.33460614
v -0.01529729 0.80793232 -0.34051114
v -0.02551313 0.79931951 -0.34543967
v -0.03662191 0.79014343 -0.34907025
v -0.04796264 0.77806407 -0.35697055
v -0.06038603 0.79434299 -0.36086792
v -0.04697790 0.80873752 -0.35206985
v -0.00367209 0.83985895 -0.32716483
v 0.01109245 0.84751976 -0.31886056
v 0.08457658 0.83753979 -0.26254088
v 0.09686768 0.83392227 -0.24793196
v -0.09091174 0.72305906 -0.24247344
v -0.08248404 0.72397494 -0.26588127
v -0.07354613 0.72768217 -0.28686526
v -0.06266623 0.73359185 -0.30303320
v -0.05149779 0.74266636 -0.31762981
v -0.03826015 0.75253528 -0.32648158
v -0.02935105 0.76833868 -0.33236057
v -0.02540706 0.76330054 -0.33171844
v -0.01953200 0.77983171 -0.33483118
v -0.01366623 0.77582139 -0.33409777
v -0.00456077 0.78977621 -0.33380049
v 0.00455438 0.80528408 -0.33174938
v 0.01203751 0.82160020 -0.32836050
v 0.01442609 0.83569419 -0.32252917
v 0.02594100 0.85252154 -0.31075096
v 0.04129322 0.85270441 -0.30248258
v 0.05088656 0.86699945 -0.28525457
v 0.04250481 0.88253689 -0.27900690
v 0.05759830 0.84931564 -0.29216295
v 0.06126079 0.82840002 -0.29927665
v -0.01412696 0.94732964 -0.21300879
v 0.01112977 0.94886845 -0.21019334
v -0.08838212 0.72587186 -0.37049511
v -0.08167838 0.72569865 -0.36845580
v -0.08231429 0.71906656 -0.36841595
v -0.09280098 0.71490973 -0.37121660
v -0.10478681 0.71417397 -0.37213477
v -0.10556967 0.73179954 -0.37073630
v -0.09830891 0.72672200 -0.37157261
v -0.11463151 0.71839082 -0.37009695
v -0.12208308 0.72583002 -0.36645752
v -0.11219484 0.73883688 -0.36794847
v -0.12701529 0.73627651 -0.36216396
v -0.11723825 0.74699032 -0.36473984
v -0.12777969 0.74924845 -0.35892290
v -0.11959382 0.75403857 -0.36232784
v -0.09374052 0.79471266 -0.36073229
v -0.10385688 0.77996039 -0.36269134
v -0.11320794 0.76531875 -0.36268100
v -0.06218993 0.76467299 -0.36377388
v -0.07665768 0.75200260 -0.36833727
v -0.08894943 0.73943996 -0.37103355
v -0.09529782 0.74535143 -0.37100792
v -0.08286800 0.75853932 -0.36923170
v -0.06800804 0.77209967 -0.36545378
v 0.08807295 0.81992614 -0.26764646
v 0.07462040 0.82387906 -0.28348196
v -0.01853145 0.81671017 -0.33973032
v -0.02807309 0.80996895 -0.34414276
v -0.03897969 0.80014277 -0.35019937
v -0.05277005 0.78636533 -0.35899031
v -0.03577721 0.81793755 -0.34496474
v -0.02467146 0.82617986 -0.33929583
v -0.01373500 0.83345163 -0.33330467
v 0.07217845 0.84310222 -0.27772379
v 0.10025141 0.81679797 -0.25319102
v -0.13573855 0.80589426 -0.24946113
v -0.13947096 0.82640606 -0.26355702
v -0.13607106 0.84293717 -0.28254429
v -0.12151176 0.85360706 -0.30206999
v -0.13145328 0.53710997 -0.32356587
v 0.06360677 0.56491429 -0.26079506
v 0.05885449 0.53873068 -0.25826260
v 0.03817621 0.53873640 -0.26764879
v 0.09580544 0.71583033 -0.27884027
v 0.10213423 0.79627806 -0.26106066
v -0.10237258 0.72589284 -0.10994028
v -0.09257009 0.72668684 -0.09835972
v -0.09503026 0.73823094 -0.10418356
v -0.10507857 0.73726434 -0.11702804
v -0.11411791 0.72416437 -0.13534386
v -0.10966308 0.72530323 -0.12232961
v -0.11245707 0.73614883 -0.13022232
v -0.11693259 0.73439288 -0.14354426
v -0.11618746 0.72174424 -0.14833303
v -0.11891872 0.73188096 -0.15686974
v -0.10607138 0.71425110 -0.11568326
v -0.09900787 0.71472186 -0.10391956
v -0.08952505 0.71559215 -0.09317392
v -0.11231900 0.71199894 -0.14036357
v -0.11019775 0.71377206 -0.12816215
v 0.01554929 0.94739795 0.00344199
v 0.01434123 0.94778156 0.02163458
v 0.01574627 0.99220437 0.04639177
v 0.01562021 0.99726868 0.04537863
v 0.00372419 0.87918371 -0.07413956
v 0.00577495 0.89112246 -0.07188834
v -0.01003698 0.73165572 -0.05893895
v -0.01277851 0.76291138 -0.06185521
v -0.01404805 0.77893043 -0.06354848
v -0.01389324 0.79625225 -0.06489957
v -0.00018358 0.86685795 -0.07353025
v -0.01171131 0.74683368 -0.05979967
v -0.09657709 0.27679482 -0.29084784
v -0.07558683 0.25716496 -0.30452520
v -0.07539991 0.29044405 -0.30613613
v -0.05876742 0.27685541 -0.31666505
v -0.09095458 0.36809814 -0.28559488
v -0.08794234 0.33532223 -0.29075548
v -0.09053373 0.39750731 -0.27993888
v -0.03545659 0.26863176 -0.32648695
v -0.00783024 0.26507294 -0.33035368
v -0.00132624 0.29359469 -0.33810684
v -0.06591867 0.39679152 -0.29822823
v -0.06730690 0.36978328 -0.30495009
v -0.06210190 0.30217624 -0.31730941
v -0.08466440 0.30985340 -0.29699048
v -0.06460307 0.31824118 -0.31432372
v -0.02802993 0.29550448 -0.33556205
v -0.04826067 0.29776374 -0.32631588
v 0.03230104 0.45469922 -0.29367709
v 0.05931081 0.43545359 -0.29945982
v 0.03201421 0.43540952 -0.30407846
v -0.05793205 0.46325669 -0.27875108
v -0.03807931 0.44188827 -0.29713205
v -0.04552147 0.31994307 -0.32760438
v -0.02279418 0.31996384 -0.33683112
v 0.00470545 0.31986347 -0.33957922
v 0.00700311 0.39498040 -0.32394832
v 0.00745046 0.37143824 -0.33167315
v -0.01827357 0.37040001 -0.32799548
v -0.01852839 0.39499140 -0.32048625
v -0.04074275 0.42018652 -0.30560717
v -0.04240914 0.39565238 -0.31174436
v 0.00663371 0.41643897 -0.31471258
v -0.01750652 0.41796184 -0.31169513
v -0.01469958 0.43989325 -0.30300859
v -0.04351538 0.36921254 -0.31922072
v 0.03674600 0.34613281 -0.33503768
v 0.00787615 0.34615535 -0.33866894
v 0.06649333 0.34669244 -0.32733506
v 0.00780864 0.43697113 -0.30592775
v 0.00945567 0.45665139 -0.29590586
v 0.01079104 0.47400823 -0.28740227
v 0.01619445 0.53778726 -0.27355307
v -0.14174289 0.04624122 -0.13353816
v 0.02483930 0.20009723 -0.15801823
v 0.03387036 0.19910452 -0.17670375
v -0.14585400 0.30656174 -0.17715834
v -0.12995455 0.29210731 -0.24930401
v -0.10628257 0.30179480 -0.27798373
v -0.01983695 0.21758959 -0.11352640
v 0.00072686 0.20774248 -0.12863053
v -0.14099076 0.29389569 -0.14774562
v -0.09988771 0.25934842 -0.11359958
v 0.01498884 0.20298636 -0.14332318
v -0.06695817 0.34275609 -0.31104547
v -0.04400375 0.34449217 -0.32497710
v -0.01953892 0.34563375 -0.33410144
v 0.03537691 0.32103696 -0.33600122
v 0.06603613 0.32260868 -0.32716113
v -0.01470132 0.24770677 -0.07306259
v -0.00644110 0.26248422 -0.07255647
v 0.00267491 0.25865573 -0.06997737
v -0.00086513 0.23862764 -0.07261726
v -0.07162938 0.40009522 -0.11080755
v -0.05330709 0.39056733 -0.09318400
v -0.01666354 0.38283870 -0.06692466
v 0.00079422 0.38095713 -0.05896060
v -0.11191661 0.43611437 -0.17283563
v -0.03480145 0.38643199 -0.07826118
v -0.10457135 0.42342472 -0.15245292
v -0.09038009 0.41086483 -0.13139383
v -0.17142984 -0.43533003 -0.23982033
v -0.17733175 -0.46299076 -0.23697402
v -0.17489439 -0.46130002 -0.25122455
v -0.16738069 -0.43294847 -0.25458273
v -0.17773026 -0.42497087 -0.28260744
v -0.16876727 -0.42892826 -0.27476591
v -0.19091383 -0.42289269 -0.28616980
v -0.19105744 -0.45398736 -0.28789955
v -0.20338288 -0.45456338 -0.28146490
v -0.20393586 -0.42284024 -0.28269637
v -0.21446577 -0.42295146 -0.27503338
v -0.22324058 -0.45535469 -0.26540548
v -0.22687030 -0.45567334 -0.24701439
v -0.22705281 -0.42448211 -0.24660641
v -0.22276658 -0.42310119 -0.26405135
v -0.22726494 -0.43007910 -0.22641130
v -0.22820953 -0.45984995 -0.22768289
v -0.21515602 -0.43597758 -0.21508427
v -0.17983699 -0.43739963 -0.22609067
v -0.18423194 -0.46492624 -0.22120002
v -0.17826229 -0.45502329 -0.28518194
v -0.17229038 -0.45765769 -0.27247322
v -0.16604263 -0.43133855 -0.26524183
v -0.17346615 -0.45930648 -0.26166910
v -0.17735615 -0.48755658 -0.24719170
v -0.17653134 -0.48875105 -0.23023415
v -0.17657295 -0.48123109 -0.28573188
v -0.17616731 -0.48369348 -0.27072781
v -0.20060492 -0.48296452 -0.28011957
v -0.18872720 -0.48105562 -0.29125732
v -0.22472179 -0.48541009 -0.26660997
v -0.21370420 -0.45530188 -0.27426511
v -0.21372759 -0.48396719 -0.27513736
v -0.23053476 -0.48497915 -0.24774857
v -0.23223072 -0.48846924 -0.22576909
v -0.18460664 -0.48963451 -0.21159275
v -0.17810276 -0.48567295 -0.25951204
v -0.31089926 -0.58120275 -0.11236818
v -0.30822647 -0.58250356 -0.10545328
v -0.30615264 -0.57775688 -0.10761508
v -0.30790627 -0.57728291 -0.11173111
v -0.29274118 -0.58551860 -0.07572070
v -0.28622371 -0.59053242 -0.06744912
v -0.28390664 -0.57879877 -0.06692144
v -0.28952020 -0.57533336 -0.07281579
v -0.30541784 -0.58350253 -0.08897850
v -0.31040519 -0.58246326 -0.09556067
v -0.30698282 -0.58661532 -0.09542534
v -0.30392432 -0.58714271 -0.09142385
v -0.29979247 -0.58120263 -0.14764053
v -0.30035174 -0.58120453 -0.15346608
v -0.30024290 -0.58555591 -0.15355670
v -0.29937094 -0.58641422 -0.14958411
v -0.30829543 -0.58292782 -0.12670714
v -0.30839157 -0.58283901 -0.13231876
v -0.30839407 -0.58712935 -0.13297012
v -0.30783564 -0.58792591 -0.12909573
v -0.27319360 -0.57553697 -0.08929339
v -0.28330666 -0.57309890 -0.07986280
v -0.27466083 -0.57837701 -0.07104504
v -0.26135236 -0.57710385 -0.07842645
v -0.27070713 -0.58950210 -0.06881401
v -0.27556029 -0.59409356 -0.07744303
v -0.26322719 -0.59772170 -0.08596563
v -0.25640976 -0.59056854 -0.07746106
v -0.28504479 -0.59182799 -0.08593777
v -0.27478346 -0.59500885 -0.09473838
v -0.27996683 -0.58493972 -0.09799366
v -0.29223180 -0.58092880 -0.08867034
v -0.29343486 -0.58038294 -0.11040196
v -0.30553740 -0.58041513 -0.10413837
v -0.30068076 -0.57538664 -0.09922546
v -0.28845704 -0.57354105 -0.10626951
v -0.29636210 -0.57660151 -0.09201458
v -0.28258866 -0.57594895 -0.09643257
v -0.28263271 -0.58690608 -0.09608307
v -0.29530251 -0.58441246 -0.08799891
v -0.29619110 -0.58971500 -0.09389833
v -0.28391087 -0.59234881 -0.10141763
v -0.28992212 -0.59033418 -0.10819325
v -0.30150563 -0.58857715 -0.10129973
v -0.29336721 -0.57337403 -0.12404653
v -0.30307710 -0.57598007 -0.11628413
v -0.29983813 -0.57733309 -0.10996652
v -0.28935081 -0.57528615 -0.11452007
v -0.29999751 -0.58583570 -0.10666496
v -0.30180949 -0.58879471 -0.11150351
v -0.29200172 -0.59041131 -0.11708972
v -0.29031235 -0.58622193 -0.11181952
v -0.29600215 -0.58790588 -0.12477036
v -0.30598813 -0.58773935 -0.11788818
v -0.29884899 -0.57835555 -0.12739332
v -0.30750942 -0.58040583 -0.12058032
v -0.29706842 -0.58051670 -0.14693171
v -0.30463731 -0.58288360 -0.13959348
v -0.30202585 -0.57777238 -0.13632408
v -0.29305378 -0.57427847 -0.14364095
v -0.30059838 -0.57705998 -0.13111925
v -0.29205585 -0.57450318 -0.13516985
v -0.30097193 -0.58235693 -0.12752703
v -0.30173630 -0.58949792 -0.13070855
v -0.29433525 -0.58960915 -0.13599998
v -0.29473531 -0.58089662 -0.13177282
v -0.30407506 -0.58906686 -0.13722345
v -0.29555425 -0.58904302 -0.14426847
v -0.28813487 -0.57660103 -0.16425492
v -0.28799036 -0.58515465 -0.16675776
v -0.29602611 -0.58256912 -0.16008687
v -0.29464656 -0.57727385 -0.15798807
v -0.29392767 -0.57630897 -0.15233552
v -0.28841534 -0.57538486 -0.15640557
v -0.29357386 -0.58151305 -0.14918399
v -0.29438257 -0.58865643 -0.15161860
v -0.28917238 -0.58976364 -0.15600151
v -0.28994220 -0.58120823 -0.15341452
v -0.29608363 -0.58807182 -0.15774551
v -0.28861716 -0.58970547 -0.16332981
v -0.24970728 -0.57722938 -0.08720960
v -0.26506060 -0.57682323 -0.10047707
v -0.28383213 -0.59163749 -0.07262272
v -0.24537075 -0.59222794 -0.08803231
v -0.28917474 -0.59044528 -0.07796448
v -0.26673463 -0.59717727 -0.10607292
v -0.25156778 -0.60015953 -0.09702767
v -0.27400333 -0.58699000 -0.10114552
v -0.30663276 -0.57786536 -0.09478417
v -0.28447318 -0.58471465 -0.11497107
v -0.27792645 -0.59397101 -0.12064606
v -0.30374873 -0.57843399 -0.09052786
v -0.27531236 -0.57437551 -0.11671436
v -0.28008881 -0.57503498 -0.13586643
v -0.30813587 -0.58678782 -0.10860410
v -0.31034482 -0.58626068 -0.11226510
v -0.28429720 -0.59261918 -0.13851127
v -0.29171616 -0.57961226 -0.13316008
v -0.30635232 -0.57883120 -0.13186923
v -0.29007667 -0.58072519 -0.15401152
v -0.28438482 -0.59252405 -0.15657941
v -0.30582035 -0.57890868 -0.12927842
v -0.28141925 -0.57528186 -0.15512495
v -0.29784119 -0.57850933 -0.15337270
v -0.28062987 -0.59025908 -0.17491366
v -0.28114691 -0.59463084 -0.17140412
v -0.29780096 -0.57768798 -0.15022078
v -0.28041011 -0.57859540 -0.17036211
v -0.18934664 -0.43924046 -0.21480316
v -0.19523647 -0.46581256 -0.20816928
v -0.20248106 -0.43933952 -0.21045464
v -0.21855336 -0.46488917 -0.21325995
v -0.20800000 -0.46681726 -0.20797095
v -0.20033109 -0.49006987 -0.19793326
v -0.22330335 -0.49177635 -0.20905393
v -0.21387738 -0.49212027 -0.19849646
v -0.22285795 -0.50778270 -0.27084884
v -0.23132750 -0.51006091 -0.25378412
v -0.20907581 -0.50528264 -0.27636594
v -0.18300655 -0.50092518 -0.29440689
v -0.19571891 -0.50352013 -0.28519613
v -0.20308986 -0.51215947 -0.18566765
v -0.18700343 -0.51203501 -0.20462060
v -0.21821374 -0.51472056 -0.18501669
v -0.23014605 -0.51387477 -0.19979684
v -0.23483267 -0.57641804 -0.09510564
v -0.22143355 -0.57496703 -0.11453135
v -0.23253700 -0.56529224 -0.11743116
v -0.24714717 -0.57207131 -0.10782683
v -0.24330029 -0.56566715 -0.13369507
v -0.25597724 -0.57306421 -0.12535819
v -0.25126147 -0.56856656 -0.15241194
v -0.26255858 -0.57415485 -0.14361922
v -0.25811723 -0.57370400 -0.17058578
v -0.26752186 -0.57667673 -0.16164102
v -0.26327658 -0.58308315 -0.18689661
v -0.27195236 -0.58305430 -0.17705929
v -0.26703155 -0.59493673 -0.19715978
v -0.27556938 -0.59568715 -0.18605572
v -0.22959077 -0.59381771 -0.09959530
v -0.21529645 -0.59069467 -0.11988718
v -0.23636121 -0.60470450 -0.11110172
v -0.22116959 -0.60553145 -0.12965177
v -0.24803579 -0.60425818 -0.12300041
v -0.23181614 -0.60689175 -0.14120655
v -0.26075873 -0.60732341 -0.19697559
v -0.27192894 -0.60334802 -0.18388137
v -0.25718054 -0.60260022 -0.13892435
v -0.24101678 -0.60560751 -0.15635692
v -0.26373890 -0.60249829 -0.15567684
v -0.24820653 -0.60676503 -0.17269459
v -0.26793355 -0.60304523 -0.17137416
v -0.25429541 -0.60839379 -0.18713814
v -0.21890524 -0.55458760 -0.13771097
v -0.23304600 -0.55110240 -0.14753845
v -0.24264747 -0.55485439 -0.16717783
v -0.24951455 -0.56170487 -0.18618760
v -0.25309250 -0.57405949 -0.20247458
v -0.25684723 -0.58696699 -0.21327168
v -0.24359941 -0.54148221 -0.21074106
v -0.24176982 -0.56367683 -0.22372678
v -0.24220026 -0.57923424 -0.23158112
v -0.22933939 -0.55606031 -0.24590757
v -0.22775429 -0.57238889 -0.25033107
v -0.20463499 -0.54842854 -0.28243279
v -0.20238447 -0.56536794 -0.28684625
v -0.21536678 -0.56647277 -0.27013209
v -0.21661031 -0.55066681 -0.26655492
v -0.23318487 -0.53594661 -0.23826030
v -0.22212720 -0.53054142 -0.26065803
v -0.21096978 -0.52776885 -0.27565533
v -0.17908806 -0.56155407 -0.30062434
v -0.19110775 -0.56354058 -0.29604584
v -0.19490021 -0.54625690 -0.29263192
v -0.18438268 -0.54389441 -0.30027226
v -0.16635078 -0.54202616 -0.30035496
v -0.16163403 -0.56021464 -0.29743084
v -0.15391248 -0.54284954 -0.28399944
v -0.14926285 -0.56033194 -0.28268757
v -0.19040176 -0.52222216 -0.29335824
v -0.20066750 -0.52476788 -0.28533936
v -0.17521933 -0.52026832 -0.29751462
v -0.16491330 -0.52151322 -0.28424945
v -0.16995794 -0.52523375 -0.26861325
v -0.15867054 -0.54620767 -0.26668829
v -0.15109891 -0.56233799 -0.26407266
v -0.20757547 -0.57016230 -0.14010660
v -0.20319647 -0.58275580 -0.14635362
v -0.23752156 -0.53400481 -0.18448523
v -0.22412860 -0.53311229 -0.16602924
v -0.20406064 -0.53668940 -0.16718280
v -0.19299197 -0.56037986 -0.16769955
v -0.19197872 -0.57555068 -0.17528898
v -0.18190223 -0.57034099 -0.20095295
v -0.18080992 -0.55597651 -0.19562915
v -0.20640987 -0.59530616 -0.15467352
v -0.19595540 -0.58484983 -0.18276462
v -0.18536207 -0.57807899 -0.20676342
v -0.17076230 -0.56704414 -0.22087640
v -0.17110354 -0.55355072 -0.21846555
v -0.16389495 -0.56464171 -0.23727061
v -0.16721082 -0.55031395 -0.23765777
v -0.16450971 -0.54782844 -0.25233728
v -0.15756798 -0.56334460 -0.25006479
v -0.17300498 -0.52927876 -0.24065806
v -0.17237398 -0.52700996 -0.25476801
v -0.17654970 -0.53231859 -0.21978727
v -0.18512094 -0.53502274 -0.19523758
v -0.24936301 -0.60190225 -0.21264419
v -0.23706451 -0.59299576 -0.23081684
v -0.22326106 -0.58354044 -0.24951926
v -0.20961946 -0.57906437 -0.26850584
v -0.19571906 -0.57703054 -0.28213111
v -0.18522346 -0.57520878 -0.28932935
v -0.16070414 -0.57086170 -0.28924185
v -0.17420942 -0.57282615 -0.29283684
v -0.15247202 -0.57101548 -0.27915785
v -0.15344161 -0.57328451 -0.26421934
v -0.15861458 -0.57612157 -0.25212324
v -0.17392606 -0.57624471 -0.22566375
v -0.16550183 -0.57642817 -0.23999393
v -0.17616400 -0.51117778 -0.22487682
v -0.17429841 -0.50929379 -0.24405095
v -0.17523858 -0.50711858 -0.25714707
v -0.17319712 -0.50183797 -0.28405431
v -0.17582163 -0.50507832 -0.26915306
v -0.21519494 -0.60133111 -0.16559769
v -0.22502896 -0.60240340 -0.17930122
v -0.23351520 -0.60456300 -0.19357201
v -0.24138367 -0.60545552 -0.20505890
v -0.22918442 -0.59775531 -0.22449712
v -0.22092667 -0.59706497 -0.21540591
v -0.21108001 -0.59501982 -0.20370674
v -0.20218766 -0.59088182 -0.19176115
v -0.21559620 -0.58965385 -0.24330847
v -0.20747659 -0.59055018 -0.23491427
v -0.19834572 -0.58836436 -0.22521594
v -0.19064301 -0.58471382 -0.21474275
v -0.17816001 -0.58336747 -0.23268759
v -0.18476623 -0.58536506 -0.24256465
v -0.19332236 -0.58624887 -0.25164536
v -0.20118344 -0.58422673 -0.26047587
v -0.18893999 -0.58078384 -0.27296489
v -0.18236518 -0.58225107 -0.26386100
v -0.17510176 -0.58195961 -0.25514734
v -0.16959101 -0.58149767 -0.24694899
v -0.18032569 -0.57868946 -0.27957064
v -0.16415560 -0.57494926 -0.28251490
v -0.17264289 -0.57651150 -0.28305158
v -0.15833569 -0.57531559 -0.27645481
v -0.15974891 -0.57710874 -0.26639089
v -0.16422468 -0.57930458 -0.25690624
v -0.16952807 -0.57979739 -0.26307449
v -0.16561776 -0.57774520 -0.26957980
v -0.17628211 -0.57911837 -0.27081192
v -0.17072380 -0.57734585 -0.27539325
v -0.16333705 -0.57637811 -0.27479267
v -0.16601145 -0.57619095 -0.27759722
v -0.23371869 -0.51547635 -0.22393291
v -0.14914939 -0.14310110 -0.16317716
v -0.13178536 -0.14186954 -0.16878331
v -0.16440257 -0.13801199 -0.16645728
v -0.12620935 0.28496888 -0.12657307
v -0.05733033 0.54077446 -0.07675745
v -0.06149302 0.58458757 -0.08387984
v -0.05805316 0.56279367 -0.07967824
v -0.13027421 0.26503950 -0.12745070
v -0.09284063 0.61421019 -0.15701427
v -0.10669888 0.74933547 -0.12527725
v -0.07252508 1.06204939 -0.05786197
v -0.06976955 1.05904925 -0.05900039
v -0.06814462 1.05725908 -0.06188866
v -0.06812406 1.05450761 -0.06436004
v -0.06748127 1.05305719 -0.06768668
v -0.06493519 1.05473888 -0.07164366
v -0.07086013 1.05870402 -0.06430579
v -0.06832185 1.06249762 -0.06650699
v -0.06889383 1.06465900 -0.06507199
v -0.07147396 1.06071079 -0.06235264
f 2 3 1
f 1 3 4
f 3 2 5
f 5 2 6
f 3 7 4
f 4 7 8
f 10 11 9
f 9 11 12
f 14 15 13
f 13 15 16
f 18 19 17
f 17 19 20
f 22 23 21
f 21 23 24
f 26 18 25
f 25 18 17
f 27 28 17
f 17 28 25
f 30 31 29
f 29 31 32
f 34 35 33
f 33 35 36
f 21 24 37
f 37 24 38
f 40 31 39
f 39 31 38
f 34 33 28
f 28 33 25
f 41 42 44
f 44 42 43
f 36 45 33
f 33 45 25
f 46 47 49
f 49 47 48
f 51 52 50
f 50 52 53
f 55 53 54
f 54 53 52
f 57 58 56
f 56 58 59
f 61 62 60
f 60 62 63
f 65 66 64
f 64 66 67
f 69 70 68
f 68 70 71
f 65 73 72
f 72 73 74
f 64 75 65
f 65 75 73
f 77 78 76
f 76 78 79
f 80 81 83
f 83 81 82
f 81 85 84
f 84 85 86
f 88 89 87
f 87 89 69
f 88 87 90
f 90 87 91
f 93 94 92
f 92 94 95
f 96 84 43
f 43 84 44
f 51 98 97
f 97 98 86
f 97 99 51
f 51 99 52
f 54 52 100
f 100 52 99
f 58 101 59
f 59 101 102
f 62 103 63
f 63 103 104
f 105 106 6
f 6 106 5
f 108 109 107
f 107 109 110
f 112 113 111
f 111 113 114
f 116 117 115
f 115 117 118
f 120 121 119
f 119 121 122
f 124 125 123
f 123 125 126
f 128 129 127
f 127 129 130
f 130 131 127
f 127 131 132
f 134 1 133
f 133 1 135
f 1 4 135
f 135 4 136
f 4 8 136
f 136 8 137
f 138 139 15
f 15 139 140
f 140 139 141
f 141 139 142
f 144 57 143
f 143 57 56
f 145 146 141
f 141 146 147
f 146 149 148
f 148 149 150
f 152 153 151
f 151 153 154
f 141 147 140
f 140 147 155
f 157 11 156
f 156 11 158
f 160 161 159
f 159 161 162
f 164 165 163
f 163 165 166
f 165 160 166
f 166 160 159
f 168 169 167
f 167 169 170
f 169 171 170
f 170 171 172
f 149 173 150
f 150 173 174
f 175 176 149
f 149 176 173
f 178 172 177
f 177 172 171
f 180 181 179
f 179 181 182
f 184 180 183
f 183 180 179
f 186 187 185
f 185 187 188
f 190 191 189
f 189 191 192
f 7 193 8
f 8 193 194
f 196 162 195
f 195 162 161
f 197 168 198
f 198 168 167
f 181 199 182
f 182 199 200
f 202 203 201
f 201 203 204
f 187 186 205
f 205 186 206
f 208 209 207
f 207 209 210
f 212 213 211
f 211 213 214
f 215 216 218
f 218 216 217
f 220 209 219
f 219 209 208
f 204 186 221
f 221 186 185
f 201 204 222
f 222 204 221
f 223 211 220
f 220 211 209
f 224 225 214
f 214 225 210
f 203 206 204
f 204 206 186
f 227 187 226
f 226 187 205
f 27 228 21
f 21 228 22
f 230 231 229
f 229 231 232
f 234 235 233
f 233 235 236
f 238 239 237
f 237 239 240
f 119 122 118
f 118 122 115
f 112 242 241
f 241 242 243
f 98 51 244
f 244 51 50
f 245 138 14
f 14 138 15
f 11 10 158
f 158 10 246
f 89 85 69
f 69 85 70
f 11 157 12
f 12 157 247
f 249 164 248
f 248 164 163
f 177 250 178
f 178 250 251
f 253 254 252
f 252 254 255
f 187 227 188
f 188 227 256
f 212 257 213
f 213 257 258
f 260 134 259
f 259 134 133
f 165 164 135
f 135 164 133
f 160 165 136
f 136 165 135
f 136 137 160
f 160 137 161
f 137 261 161
f 161 261 195
f 263 264 262
f 262 264 265
f 13 16 266
f 266 16 267
f 268 267 155
f 155 267 16
f 147 269 155
f 155 269 268
f 162 196 167
f 167 196 198
f 167 170 162
f 162 170 159
f 170 172 159
f 159 172 166
f 172 178 166
f 166 178 163
f 178 251 163
f 163 251 248
f 168 270 169
f 169 270 271
f 272 273 171
f 171 273 177
f 271 272 169
f 169 272 171
f 168 197 270
f 270 197 274
f 250 177 275
f 275 177 273
f 277 45 276
f 276 45 278
f 280 281 279
f 279 281 282
f 284 104 283
f 283 104 103
f 285 215 286
f 286 215 218
f 288 289 287
f 287 289 290
f 291 80 66
f 66 80 83
f 293 294 292
f 292 294 295
f 73 91 74
f 74 91 87
f 91 73 92
f 92 73 75
f 279 77 280
f 280 77 76
f 80 291 70
f 70 291 71
f 277 47 96
f 96 47 82
f 297 175 296
f 296 175 149
f 299 154 298
f 298 154 153
f 225 300 210
f 210 300 207
f 224 301 206
f 206 301 205
f 210 209 214
f 214 209 211
f 226 205 302
f 302 205 301
f 304 305 303
f 303 305 306
f 308 309 307
f 307 309 310
f 72 291 65
f 65 291 66
f 66 83 67
f 67 83 46
f 312 313 311
f 311 313 314
f 316 317 315
f 315 317 36
f 29 318 35
f 35 318 319
f 321 32 320
f 320 32 322
f 311 314 323
f 323 314 324
f 315 325 316
f 316 325 326
f 318 287 319
f 319 287 290
f 328 321 327
f 327 321 320
f 329 330 39
f 39 330 331
f 332 333 40
f 40 333 322
f 309 334 285
f 285 334 335
f 236 2 134
f 134 2 1
f 260 336 233
f 233 336 337
f 237 14 265
f 265 14 13
f 84 86 44
f 44 86 98
f 189 192 7
f 7 192 193
f 44 98 41
f 41 98 244
f 237 240 14
f 14 240 245
f 7 3 189
f 189 3 5
f 338 71 72
f 72 71 291
f 262 265 266
f 266 265 13
f 124 123 339
f 339 123 105
f 123 109 105
f 105 109 106
f 189 5 190
f 190 5 106
f 111 114 12
f 12 114 9
f 264 340 265
f 265 340 237
f 342 343 341
f 341 343 344
f 6 235 105
f 105 235 339
f 234 346 345
f 345 346 347
f 349 350 348
f 348 350 351
f 107 352 108
f 108 352 353
f 355 356 354
f 354 356 357
f 237 340 238
f 238 340 358
f 12 247 111
f 111 247 359
f 264 263 116
f 116 263 360
f 361 362 222
f 222 362 201
f 364 365 363
f 363 365 366
f 368 369 367
f 367 369 370
f 372 373 371
f 371 373 374
f 375 376 372
f 372 376 377
f 378 379 381
f 381 379 380
f 382 383 269
f 269 383 268
f 150 174 365
f 365 174 384
f 380 377 381
f 381 377 376
f 271 270 180
f 180 270 181
f 273 272 252
f 252 272 184
f 272 271 184
f 184 271 180
f 181 270 274
f 252 255 273
f 273 255 275
f 254 385 255
f 255 385 386
f 387 388 179
f 179 388 183
f 389 387 182
f 182 387 179
f 182 200 389
f 389 200 390
f 388 391 183
f 183 391 253
f 391 392 253
f 253 392 254
f 394 379 393
f 393 379 378
f 185 188 395
f 395 188 396
f 221 185 397
f 397 185 395
f 222 221 398
f 398 221 397
f 188 256 396
f 396 256 399
f 400 401 256
f 256 401 399
f 402 403 405
f 405 403 404
f 148 150 364
f 364 150 365
f 393 406 394
f 394 406 407
f 158 246 393
f 393 246 406
f 342 19 238
f 238 19 239
f 23 22 350
f 350 22 354
f 244 50 245
f 245 50 138
f 55 142 53
f 53 142 139
f 145 144 296
f 296 144 143
f 355 228 341
f 341 228 20
f 41 240 42
f 42 240 239
f 283 308 284
f 284 308 307
f 349 409 408
f 408 409 410
f 244 245 41
f 41 245 240
f 268 383 406
f 406 383 407
f 346 411 349
f 349 411 409
f 251 412 248
f 248 412 413
f 275 414 250
f 250 414 415
f 25 45 26
f 26 45 277
f 43 26 96
f 96 26 277
f 416 417 61
f 61 417 62
f 329 24 408
f 408 24 23
f 31 40 32
f 32 40 322
f 39 38 329
f 329 38 24
f 37 38 30
f 30 38 31
f 418 419 421
f 421 419 420
f 78 295 79
f 79 295 294
f 124 339 422
f 422 339 345
f 232 131 357
f 357 131 351
f 2 236 6
f 6 236 235
f 252 184 253
f 253 184 183
f 227 423 256
f 256 423 400
f 423 227 305
f 305 227 226
f 424 258 425
f 425 258 257
f 426 427 212
f 212 427 257
f 259 133 249
f 249 133 164
f 419 418 428
f 428 418 429
f 327 430 328
f 328 430 288
f 49 431 46
f 46 431 67
f 306 302 424
f 424 302 258
f 313 432 314
f 314 432 433
f 32 321 29
f 29 321 318
f 324 314 433
f 287 318 328
f 328 318 321
f 134 260 236
f 236 260 233
f 345 339 234
f 234 339 235
f 357 351 354
f 354 351 350
f 408 23 349
f 349 23 350
f 317 278 36
f 36 278 45
f 432 313 429
f 429 313 428
f 435 428 434
f 434 428 313
f 42 239 18
f 18 239 19
f 43 42 26
f 26 42 18
f 121 120 436
f 436 120 437
f 302 301 258
f 258 301 213
f 110 109 126
f 126 109 123
f 238 358 342
f 342 358 343
f 341 20 342
f 342 20 19
f 322 438 320
f 320 438 439
f 320 439 327
f 327 439 430
f 333 440 322
f 322 440 438
f 289 288 323
f 323 288 430
f 115 340 116
f 116 340 264
f 146 145 149
f 149 145 296
f 15 140 16
f 16 140 155
f 441 442 152
f 152 442 153
f 225 224 203
f 203 224 206
f 175 297 154
f 154 297 151
f 293 443 294
f 294 443 444
f 248 413 249
f 249 413 445
f 446 447 400
f 400 447 401
f 388 387 396
f 396 387 395
f 387 389 395
f 395 389 397
f 391 388 399
f 399 388 396
f 401 392 399
f 399 392 391
f 255 386 275
f 275 386 414
f 449 450 448
f 448 450 451
f 335 452 285
f 285 452 215
f 453 298 442
f 442 298 153
f 211 223 212
f 212 223 426
f 425 257 454
f 454 257 427
f 266 10 262
f 262 10 9
f 360 113 456
f 456 113 455
f 8 194 137
f 137 194 261
f 10 266 246
f 246 266 267
f 203 202 225
f 225 202 300
f 262 9 263
f 263 9 114
f 108 353 190
f 190 353 191
f 389 390 397
f 397 390 398
f 457 422 128
f 128 422 129
f 156 158 378
f 378 158 393
f 347 346 348
f 348 346 349
f 447 458 401
f 401 458 392
f 364 382 148
f 148 382 269
f 55 54 57
f 57 54 58
f 75 64 459
f 459 64 460
f 100 90 101
f 101 90 95
f 101 58 100
f 100 58 54
f 142 55 144
f 144 55 57
f 147 146 269
f 269 146 148
f 459 93 75
f 75 93 92
f 144 145 142
f 142 145 141
f 228 27 20
f 20 27 17
f 154 299 175
f 175 299 176
f 214 213 224
f 224 213 301
f 424 461 306
f 306 461 303
f 285 286 309
f 309 286 310
f 462 334 308
f 308 334 309
f 302 306 226
f 226 306 305
f 37 28 21
f 21 28 27
f 29 35 30
f 30 35 34
f 30 34 37
f 37 34 28
f 344 436 356
f 356 436 229
f 325 290 326
f 326 290 289
f 311 439 312
f 312 439 438
f 35 319 36
f 36 319 315
f 439 311 430
f 430 311 323
f 315 319 325
f 325 319 290
f 440 463 438
f 438 463 312
f 341 344 355
f 355 344 356
f 360 456 116
f 116 456 117
f 354 22 355
f 355 22 228
f 326 289 324
f 324 289 323
f 74 87 68
f 68 87 69
f 50 53 138
f 138 53 139
f 268 406 267
f 267 406 246
f 190 106 108
f 108 106 109
f 241 455 112
f 112 455 113
f 358 122 343
f 343 122 121
f 129 347 130
f 130 347 348
f 348 351 130
f 130 351 131
f 229 232 356
f 356 232 357
f 340 115 358
f 358 115 122
f 111 359 112
f 112 359 242
f 125 124 457
f 457 124 422
f 231 132 232
f 232 132 131
f 343 121 344
f 344 121 436
f 263 114 360
f 360 114 113
f 347 129 345
f 345 129 422
f 230 229 437
f 437 229 436
f 464 446 423
f 423 446 400
f 465 466 468
f 468 466 467
f 470 471 469
f 469 471 472
f 469 472 373
f 373 472 374
f 474 469 473
f 473 469 373
f 471 475 472
f 472 475 476
f 472 477 374
f 374 477 478
f 477 472 476
f 479 480 476
f 476 480 477
f 473 373 377
f 377 373 372
f 481 482 479
f 479 482 480
f 483 484 481
f 481 484 482
f 403 402 485
f 485 402 486
f 487 488 483
f 483 488 484
f 487 489 488
f 488 489 490
f 489 491 490
f 490 491 492
f 491 493 492
f 492 493 494
f 493 495 494
f 494 495 496
f 497 498 481
f 481 498 483
f 484 499 482
f 482 499 367
f 370 480 367
f 367 480 482
f 480 370 477
f 477 370 478
f 500 497 479
f 479 497 481
f 451 473 380
f 380 473 377
f 448 451 379
f 379 451 380
f 501 502 504
f 504 502 503
f 449 505 507
f 507 505 506
f 486 508 505
f 505 508 506
f 508 509 506
f 506 509 510
f 511 507 510
f 510 507 506
f 509 508 512
f 512 508 513
f 515 509 514
f 514 509 512
f 509 515 510
f 510 515 516
f 510 516 511
f 511 516 517
f 486 505 485
f 485 505 518
f 505 449 518
f 518 449 448
f 383 382 403
f 403 382 404
f 363 404 364
f 364 404 382
f 403 485 383
f 383 485 407
f 519 520 361
f 361 520 362
f 522 496 521
f 521 496 495
f 450 474 451
f 451 474 473
f 363 366 523
f 523 366 524
f 525 499 488
f 488 499 484
f 488 490 525
f 525 490 526
f 496 522 520
f 520 522 527
f 494 496 519
f 519 496 520
f 492 494 528
f 528 494 519
f 529 530 495
f 495 530 521
f 490 492 526
f 526 492 528
f 529 495 531
f 531 495 493
f 533 534 532
f 532 534 535
f 523 524 533
f 533 524 534
f 486 402 532
f 532 402 533
f 529 536 530
f 530 536 537
f 536 538 537
f 537 538 539
f 540 541 539
f 539 541 537
f 530 537 535
f 535 537 541
f 542 539 543
f 543 539 538
f 539 542 540
f 540 542 544
f 541 540 513
f 513 540 512
f 540 544 512
f 512 544 514
f 546 547 545
f 545 547 548
f 549 550 531
f 531 550 551
f 550 549 552
f 552 549 553
f 546 550 554
f 554 550 552
f 547 546 555
f 555 546 554
f 498 556 558
f 558 556 557
f 559 557 560
f 560 557 556
f 561 562 560
f 560 562 559
f 557 559 552
f 552 559 554
f 559 562 554
f 554 562 555
f 558 557 553
f 553 557 552
f 475 471 563
f 563 471 564
f 565 563 567
f 567 563 566
f 471 470 564
f 564 470 466
f 564 466 568
f 568 466 465
f 568 465 569
f 569 465 570
f 572 573 571
f 571 573 574
f 569 575 567
f 567 575 576
f 577 565 576
f 576 565 567
f 578 579 581
f 581 579 580
f 575 561 576
f 576 561 560
f 556 577 560
f 560 577 576
f 577 556 497
f 497 556 498
f 565 577 500
f 500 577 497
f 563 565 475
f 475 565 500
f 553 489 558
f 558 489 487
f 531 493 549
f 549 493 491
f 489 553 491
f 491 553 549
f 394 407 518
f 518 407 485
f 518 448 394
f 394 448 379
f 545 548 538
f 538 548 543
f 551 545 536
f 536 545 538
f 536 529 551
f 551 529 531
f 507 582 449
f 449 582 450
f 511 583 507
f 507 583 582
f 511 517 583
f 583 517 584
f 585 586 588
f 588 586 587
f 590 591 589
f 589 591 592
f 591 590 593
f 593 590 594
f 596 597 595
f 595 597 598
f 599 600 602
f 602 600 601
f 604 605 603
f 603 605 606
f 608 609 607
f 607 609 610
f 612 613 611
f 611 613 614
f 615 616 618
f 618 616 617
f 620 621 619
f 619 621 622
f 624 625 623
f 623 625 626
f 628 629 627
f 627 629 630
f 632 633 631
f 631 633 634
f 635 636 638
f 638 636 637
f 639 640 642
f 642 640 641
f 644 645 643
f 643 645 646
f 619 622 647
f 647 622 648
f 650 651 649
f 649 651 652
f 601 653 602
f 602 653 654
f 656 657 655
f 655 657 658
f 660 661 659
f 659 661 662
f 664 665 663
f 663 665 666
f 593 594 667
f 667 594 668
f 669 670 672
f 672 670 671
f 673 674 676
f 676 674 675
f 633 632 677
f 677 632 678
f 663 666 679
f 679 666 680
f 681 682 684
f 684 682 683
f 686 687 685
f 685 687 688
f 690 661 689
f 689 661 691
f 693 686 692
f 692 686 685
f 695 597 694
f 694 597 668
f 594 696 668
f 668 696 694
f 697 698 696
f 696 698 699
f 700 701 697
f 697 701 698
f 702 585 703
f 703 585 588
f 671 690 672
f 672 690 689
f 640 639 704
f 704 639 705
f 679 706 663
f 663 706 658
f 708 709 707
f 707 709 710
f 711 712 610
f 610 712 607
f 713 714 716
f 716 714 715
f 717 718 720
f 720 718 719
f 722 634 721
f 721 634 633
f 724 725 723
f 723 725 726
f 728 729 727
f 727 729 730
f 732 733 731
f 731 733 734
f 707 710 735
f 735 710 736
f 643 737 644
f 644 737 738
f 740 741 739
f 739 741 742
f 608 744 743
f 743 744 745
f 747 748 746
f 746 748 749
f 751 752 750
f 750 752 753
f 754 755 757
f 757 755 756
f 758 759 761
f 761 759 760
f 763 764 762
f 762 764 765
f 767 768 766
f 766 768 769
f 771 772 770
f 770 772 773
f 775 776 774
f 774 776 777
f 779 780 778
f 778 780 781
f 783 712 782
f 782 712 784
f 785 786 788
f 788 786 787
f 790 628 789
f 789 628 627
f 792 793 791
f 791 793 794
f 795 796 726
f 726 796 723
f 798 799 797
f 797 799 800
f 721 633 801
f 801 633 677
f 797 800 802
f 802 800 803
f 805 806 804
f 804 806 807
f 809 810 808
f 808 810 811
f 813 814 812
f 812 814 815
f 809 808 817
f 817 808 816
f 818 819 804
f 804 819 805
f 820 821 818
f 818 821 819
f 821 820 587
f 587 820 822
f 809 823 810
f 810 823 824
f 814 807 815
f 815 807 806
f 826 426 825
f 825 426 223
f 426 826 427
f 427 826 827
f 828 829 454
f 454 829 830
f 831 832 677
f 677 832 801
f 834 835 833
f 833 835 836
f 838 839 837
f 837 839 840
f 841 842 844
f 844 842 843
f 845 846 803
f 803 846 802
f 847 831 678
f 678 831 677
f 848 849 851
f 851 849 850
f 853 854 852
f 852 854 855
f 857 858 856
f 856 858 680
f 860 861 859
f 859 861 862
f 864 865 863
f 863 865 866
f 868 869 867
f 867 869 870
f 839 871 840
f 840 871 872
f 849 848 874
f 874 848 873
f 876 877 875
f 875 877 878
f 880 881 879
f 879 881 882
f 883 884 886
f 886 884 885
f 846 887 802
f 802 887 888
f 890 891 889
f 889 891 888
f 893 894 892
f 892 894 895
f 896 897 728
f 728 897 729
f 899 900 898
f 898 900 901
f 902 852 904
f 904 852 903
f 849 905 850
f 850 905 906
f 875 878 907
f 907 878 908
f 910 911 909
f 909 911 912
f 914 915 913
f 913 915 916
f 917 918 862
f 862 918 859
f 919 920 856
f 856 920 921
f 923 924 922
f 922 924 925
f 926 927 925
f 925 927 922
f 929 930 928
f 928 930 693
f 932 695 931
f 931 695 694
f 823 867 824
f 824 867 933
f 935 936 934
f 934 936 937
f 938 868 823
f 823 868 867
f 940 847 939
f 939 847 678
f 632 655 678
f 678 655 939
f 941 942 619
f 619 942 620
f 687 943 688
f 688 943 944
f 851 850 945
f 945 850 903
f 850 906 903
f 903 906 904
f 946 947 949
f 949 947 948
f 951 952 950
f 950 952 953
f 955 956 954
f 954 956 957
f 907 958 875
f 875 958 874
f 960 961 959
f 959 961 962
f 963 853 902
f 902 853 852
f 909 964 910
f 910 964 965
f 967 968 966
f 966 968 969
f 971 972 970
f 970 972 973
f 974 960 975
f 975 960 959
f 977 978 976
f 976 978 979
f 981 977 980
f 980 977 976
f 980 982 981
f 981 982 983
f 985 983 984
f 984 983 982
f 984 986 985
f 985 986 987
f 989 990 988
f 988 990 991
f 993 994 992
f 992 994 995
f 997 998 996
f 996 998 999
f 1001 1002 1000
f 1000 1002 1003
f 1005 1006 1004
f 1004 1006 1007
f 1004 1008 1005
f 1005 1008 1009
f 1008 1010 1009
f 1009 1010 1011
f 1013 1011 1012
f 1012 1011 1010
f 1014 1015 1017
f 1017 1015 1016
f 1019 1020 1018
f 1018 1020 1021
f 1022 1023 976
f 976 1023 980
f 1024 1025 982
f 982 1025 984
f 992 995 1026
f 1026 995 1027
f 956 955 1028
f 1028 955 1029
f 1030 1031 1033
f 1033 1031 1032
f 1010 1008 1034
f 1034 1008 1035
f 1008 1004 1035
f 1035 1004 1036
f 1037 1038 1002
f 1002 1038 1007
f 1002 1001 1037
f 1037 1001 1039
f 1040 1041 997
f 997 1041 998
f 1015 1014 1043
f 1043 1014 1042
f 1044 1045 1047
f 1047 1045 1046
f 1044 1020 1048
f 1048 1020 1049
f 1050 1051 1003
f 1003 1051 1000
f 1052 1050 1006
f 1006 1050 1003
f 1053 1054 1011
f 1011 1054 1009
f 1013 1045 1055
f 1055 1045 1056
f 1058 1059 1057
f 1057 1059 1060
f 1062 1063 1061
f 1061 1063 1064
f 1065 1066 1050
f 1050 1066 1051
f 1067 1065 1052
f 1052 1065 1050
f 1068 1069 1054
f 1054 1069 1070
f 1071 1068 1053
f 1053 1068 1054
f 1073 1071 1072
f 1072 1071 1074
f 1074 1071 1055
f 1055 1071 1053
f 1076 1077 1075
f 1075 1077 1078
f 1079 1080 1057
f 1057 1080 1058
f 1081 1082 1064
f 1064 1082 1061
f 1084 1085 1083
f 1083 1085 1086
f 1088 1089 1087
f 1087 1089 1090
f 1092 1093 1091
f 1091 1093 1094
f 1096 1097 1095
f 1095 1097 1098
f 1099 1100 1102
f 1102 1100 1101
f 1103 1104 1099
f 1099 1104 1100
f 1106 1107 1105
f 1105 1107 1108
f 1110 1111 1109
f 1109 1111 1112
f 1114 1115 1113
f 1113 1115 1116
f 1118 1119 1117
f 1117 1119 1077
f 1117 1120 1122
f 1122 1120 1121
f 1105 1123 1106
f 1106 1123 1124
f 1125 1126 1128
f 1128 1126 1127
f 1130 1131 1129
f 1129 1131 1132
f 1134 1135 1133
f 1133 1135 1114
f 1113 1136 1114
f 1114 1136 1133
f 1118 1137 1113
f 1113 1137 1136
f 1118 1117 1137
f 1137 1117 1122
f 1139 1140 1138
f 1138 1140 1141
f 1143 953 1142
f 1142 953 952
f 1145 957 1144
f 1144 957 956
f 1028 1146 956
f 956 1146 1144
f 1014 1147 1042
f 1042 1147 1148
f 1014 1017 1147
f 1147 1017 1149
f 1059 1058 1150
f 1150 1058 1151
f 1153 1080 1152
f 1152 1080 1154
f 1156 1088 1155
f 1155 1088 1087
f 1157 1158 1106
f 1106 1158 1107
f 1106 1124 1157
f 1157 1124 1159
f 1161 1162 1160
f 1160 1162 1163
f 1165 1166 1164
f 1164 1166 1167
f 1168 1031 1012
f 1012 1031 1046
f 1024 1023 1035
f 1035 1023 1034
f 1036 1038 1025
f 1025 1038 1169
f 1170 1171 1039
f 1039 1171 1037
f 1028 1029 1042
f 1042 1029 1043
f 1172 1173 1175
f 1175 1173 1174
f 1055 1053 1013
f 1013 1053 1011
f 1005 1009 1070
f 1070 1009 1054
f 996 999 1062
f 1062 999 1063
f 1016 1060 1017
f 1017 1060 1059
f 1017 1059 1149
f 1149 1059 1150
f 1177 1178 1176
f 1176 1178 1103
f 1176 1072 1179
f 1179 1072 1074
f 1073 1102 1086
f 1086 1102 1083
f 1180 1181 1067
f 1067 1181 1065
f 1182 1183 1184
f 1184 1183 1181
f 1186 1187 1185
f 1185 1187 1188
f 1189 1190 798
f 798 1190 799
f 1192 1193 1191
f 1191 1193 1194
f 1195 1196 1194
f 1194 1196 1191
f 1196 1195 1198
f 1198 1195 1197
f 1200 674 1199
f 1199 674 673
f 928 1201 1203
f 1203 1201 1202
f 861 1204 862
f 862 1204 921
f 1205 1206 913
f 913 1206 1207
f 882 1208 879
f 879 1208 1209
f 1210 1211 1167
f 1167 1211 1164
f 1212 769 1213
f 1213 769 768
f 727 1214 728
f 728 1214 1215
f 1217 1218 1216
f 1216 1218 1219
f 1220 813 1221
f 1221 813 812
f 827 828 427
f 427 828 454
f 1223 1224 1222
f 1222 1224 1165
f 1226 1227 1225
f 1225 1227 1228
f 851 1229 848
f 848 1229 1230
f 834 854 835
f 835 854 1231
f 1233 1234 1232
f 1232 1234 1235
f 1237 751 1236
f 1236 751 750
f 743 819 1238
f 1238 819 821
f 1240 1241 1239
f 1239 1241 1242
f 1244 1245 1243
f 1243 1245 1246
f 844 1247 841
f 841 1247 1248
f 1250 1251 1249
f 1249 1251 1252
f 1254 893 1253
f 1253 893 1237
f 1255 1256 1258
f 1258 1256 1257
f 1260 1261 1259
f 1259 1261 1262
f 945 903 855
f 855 903 852
f 855 1263 945
f 945 1263 1264
f 832 845 801
f 801 845 803
f 800 721 803
f 803 721 801
f 721 800 722
f 722 800 799
f 1266 1267 1265
f 1265 1267 1268
f 1270 795 1269
f 1269 795 726
f 725 1271 726
f 726 1271 1269
f 737 765 738
f 738 765 764
f 759 740 760
f 760 740 739
f 717 1272 1274
f 1274 1272 1273
f 1163 1226 1275
f 1275 1226 1225
f 1277 882 1276
f 1276 882 881
f 1041 1040 1027
f 1027 1040 1026
f 900 935 901
f 901 935 934
f 1164 1278 1165
f 1165 1278 1222
f 1211 1279 1164
f 1164 1279 1278
f 442 1280 453
f 453 1280 1281
f 788 1282 785
f 785 1282 1283
f 1285 1286 1284
f 1284 1286 1287
f 1284 1288 1285
f 1285 1288 1289
f 757 1289 754
f 754 1289 1288
f 605 604 675
f 675 604 676
f 1290 1291 1293
f 1293 1291 1292
f 1295 1296 1294
f 1294 1296 1297
f 696 699 694
f 694 699 931
f 1298 1299 592
f 592 1299 589
f 1299 1300 589
f 589 1300 700
f 1300 1301 700
f 700 1301 701
f 743 745 819
f 819 745 805
f 1303 1304 1302
f 1302 1304 1305
f 1306 1307 1305
f 1305 1307 1302
f 609 1298 610
f 610 1298 592
f 587 822 588
f 588 822 1308
f 703 588 1309
f 1309 588 1308
f 1310 703 571
f 571 703 1309
f 1311 1312 789
f 789 1312 790
f 825 223 1313
f 1313 223 220
f 219 1314 220
f 220 1314 1313
f 1315 1316 1311
f 1311 1316 1312
f 1317 1318 1319
f 1319 1318 1241
f 441 1320 442
f 442 1320 1280
f 1321 217 572
f 572 217 216
f 1323 1230 1322
f 1322 1230 1229
f 1324 1325 631
f 631 1325 656
f 1034 1168 1010
f 1010 1168 1012
f 1327 1328 1326
f 1326 1328 1329
f 1331 1202 1330
f 1330 1202 1201
f 571 1309 572
f 572 1309 1321
f 573 572 1332
f 1332 572 216
f 1334 1335 1333
f 1333 1335 1336
f 1337 1338 918
f 918 1338 859
f 1339 863 1340
f 1340 863 866
f 1341 1342 1344
f 1344 1342 1343
f 1345 1346 919
f 919 1346 920
f 1347 1348 673
f 673 1348 1199
f 693 1349 928
f 928 1349 1201
f 1351 1257 1350
f 1350 1257 1256
f 1350 1352 1351
f 1351 1352 1353
f 653 930 654
f 654 930 662
f 1279 1354 1278
f 1278 1354 1355
f 1357 1358 1356
f 1356 1358 1359
f 937 1360 1140
f 1140 1360 1361
f 1225 1228 909
f 909 1228 964
f 901 934 1362
f 1362 934 1139
f 1364 1365 1363
f 1363 1365 1362
f 1367 912 1366
f 1366 912 911
f 1143 1142 1368
f 1368 1142 1369
f 1144 1186 1145
f 1145 1186 1185
f 1146 1175 1144
f 1144 1175 1186
f 1175 1146 1172
f 1172 1146 1148
f 1147 1018 1148
f 1148 1018 1172
f 1018 1147 1019
f 1019 1147 1149
f 1149 1150 1019
f 1019 1150 1370
f 1150 1151 1370
f 1370 1151 1371
f 1151 1153 1371
f 1371 1153 1177
f 1152 1156 1178
f 1178 1156 1372
f 1155 1158 1373
f 1373 1158 1374
f 1157 1159 1376
f 1376 1159 1375
f 1378 1379 1377
f 1377 1379 1380
f 1382 1383 1381
f 1381 1383 1384
f 1382 1386 1385
f 1385 1386 1387
f 1386 1233 1387
f 1387 1233 1232
f 1389 1390 1388
f 1388 1390 1391
f 1393 1394 1392
f 1392 1394 1395
f 1397 1398 1396
f 1396 1398 1399
f 629 1397 630
f 630 1397 1396
f 1342 1400 1343
f 1343 1400 1401
f 1403 1404 1402
f 1402 1404 1405
f 1407 1408 1406
f 1406 1408 1409
f 1411 1412 1410
f 1410 1412 1413
f 793 1414 794
f 794 1414 1415
f 1417 1341 1416
f 1416 1341 1344
f 704 705 1347
f 1347 705 1418
f 741 1419 742
f 742 1419 1420
f 1422 669 1421
f 1421 669 672
f 645 1423 646
f 646 1423 1424
f 1196 1198 614
f 614 1198 611
f 613 1425 614
f 614 1425 1426
f 1427 616 659
f 659 616 660
f 614 1426 1196
f 1196 1426 1191
f 696 594 697
f 697 594 590
f 697 590 700
f 700 590 589
f 703 1310 702
f 702 1310 1428
f 1421 672 1192
f 1192 672 689
f 1271 648 1269
f 1269 648 622
f 621 1270 622
f 622 1270 1269
f 1429 1430 1417
f 1417 1430 1341
f 1431 1432 1434
f 1434 1432 1433
f 1436 1437 1435
f 1435 1437 1438
f 1440 1441 1439
f 1439 1441 1442
f 1443 1444 1446
f 1446 1444 1445
f 823 809 938
f 938 809 817
f 810 1447 811
f 811 1447 1448
f 1449 1450 679
f 679 1450 706
f 913 916 1205
f 1205 916 1451
f 1275 1225 912
f 912 1225 909
f 1452 1453 880
f 880 1453 881
f 1444 1401 1445
f 1445 1401 1400
f 936 1454 937
f 937 1454 1360
f 824 1455 810
f 810 1455 1447
f 631 656 632
f 632 656 655
f 966 1456 967
f 967 1456 1457
f 1459 1460 1458
f 1458 1460 1461
f 1460 1462 1461
f 1461 1462 1463
f 972 974 973
f 973 974 975
f 990 995 991
f 991 995 994
f 1464 1187 1033
f 1033 1187 1174
f 1018 1021 1172
f 1172 1021 1173
f 1000 999 1001
f 1001 999 998
f 976 979 1022
f 1022 979 1032
f 1023 1024 980
f 980 1024 982
f 989 986 1171
f 1171 986 1169
f 1171 1170 989
f 989 1170 990
f 1170 1027 990
f 990 1027 995
f 1041 1039 998
f 998 1039 1001
f 1051 1063 1000
f 1000 1063 999
f 1066 1064 1051
f 1051 1064 1063
f 1183 1081 1066
f 1066 1081 1064
f 1178 1372 1103
f 1103 1372 1104
f 1092 1091 1465
f 1465 1091 1182
f 1467 1465 1466
f 1466 1465 1468
f 1469 1470 1184
f 1184 1470 1468
f 1095 1098 1471
f 1471 1098 1101
f 1076 1374 1120
f 1120 1374 1376
f 1110 1472 1127
f 1127 1472 1132
f 1472 1473 1132
f 1132 1473 1129
f 1474 1475 1466
f 1466 1475 1473
f 1119 1118 1116
f 1116 1118 1113
f 1375 1121 1376
f 1376 1121 1120
f 1127 1132 1128
f 1128 1132 1131
f 1227 1476 1228
f 1228 1476 1361
f 1365 1477 1362
f 1362 1477 872
f 1478 1479 1323
f 1323 1479 1230
f 1480 1481 914
f 914 1481 915
f 913 1277 914
f 914 1277 1276
f 1168 1034 1022
f 1022 1034 1023
f 1035 1036 1024
f 1024 1036 1025
f 1039 1041 1170
f 1170 1041 1027
f 1042 1148 1028
f 1028 1148 1146
f 968 1459 969
f 969 1459 1458
f 1482 1483 664
f 664 1483 665
f 1485 1486 1484
f 1484 1486 1487
f 1489 1490 1488
f 1488 1490 1491
f 1492 1493 722
f 722 1493 634
f 1495 1496 1494
f 1494 1496 1497
f 1498 1207 1339
f 1339 1207 863
f 1224 1499 1165
f 1165 1499 1166
f 1160 1163 1500
f 1500 1163 1275
f 1500 877 1160
f 1160 877 1501
f 876 873 1502
f 1502 873 1479
f 945 1264 851
f 851 1264 1229
f 835 1231 839
f 839 1231 871
f 1503 1283 778
f 778 1283 1282
f 716 715 1505
f 1505 715 1504
f 1446 1445 1507
f 1507 1445 1506
f 779 792 1381
f 1381 792 791
f 1430 1409 1341
f 1341 1409 1342
f 1411 1429 1508
f 1508 1429 1417
f 635 1510 1509
f 1509 1510 1511
f 1377 1380 1315
f 1315 1380 1316
f 1445 1400 1506
f 1506 1400 1408
f 918 917 1336
f 1336 917 1333
f 1513 1514 1512
f 1512 1514 870
f 1515 1516 1363
f 1363 1516 1364
f 1453 1517 881
f 881 1517 1276
f 992 1518 993
f 993 1518 1519
f 1520 1029 1518
f 1518 1029 955
f 1520 1026 1521
f 1521 1026 1040
f 1522 1015 1521
f 1521 1015 1043
f 996 1523 997
f 997 1523 1522
f 1060 1016 1524
f 1524 1016 1523
f 1061 1525 1062
f 1062 1525 1524
f 1079 1527 1526
f 1526 1527 1528
f 1093 1529 1094
f 1094 1529 1528
f 1111 1530 1112
f 1112 1530 1531
f 1532 1533 1105
f 1105 1533 1123
f 934 937 1139
f 1139 937 1140
f 1138 1363 1139
f 1139 1363 1362
f 1534 1222 1355
f 1355 1222 1278
f 1535 1223 1534
f 1534 1223 1222
f 821 587 1238
f 1238 587 586
f 1319 711 1317
f 1317 711 1536
f 1538 1200 1537
f 1537 1200 1199
f 1508 1417 1539
f 1539 1417 1416
f 1540 1541 840
f 840 1541 837
f 1231 898 871
f 871 898 901
f 1500 1275 1367
f 1367 1275 912
f 1543 1379 1542
f 1542 1379 1395
f 1539 772 1508
f 1508 772 1544
f 1546 1403 1545
f 1545 1403 1402
f 1548 1549 1547
f 1547 1549 1550
f 1552 1548 1551
f 1551 1548 1547
f 1554 1555 1553
f 1553 1555 1556
f 1558 1559 1557
f 1557 1559 1560
f 1562 1563 1561
f 1561 1563 1564
f 1566 1567 1565
f 1565 1567 1568
f 1570 1571 1569
f 1569 1571 1572
f 1574 1575 1573
f 1573 1575 1576
f 1577 1578 1572
f 1572 1578 1569
f 1580 1581 1579
f 1579 1581 1582
f 1584 1585 1583
f 1583 1585 1586
f 1588 1555 1587
f 1587 1555 1589
f 1591 1592 1590
f 1590 1592 1593
f 1595 1596 1594
f 1594 1596 1597
f 1596 1581 1597
f 1597 1581 1576
f 1599 1570 1598
f 1598 1570 1569
f 1601 1602 1600
f 1600 1602 1603
f 1605 1606 1604
f 1604 1606 1607
f 1608 1609 1568
f 1568 1609 1565
f 1611 1612 1610
f 1610 1612 1613
f 1615 1616 1614
f 1614 1616 1617
f 1619 1617 1618
f 1618 1617 1616
f 1621 1622 1620
f 1620 1622 1623
f 1625 1626 1624
f 1624 1626 1627
f 1629 1630 1628
f 1628 1630 1631
f 1633 1634 1632
f 1632 1634 1635
f 1636 1637 1639
f 1639 1637 1638
f 1641 1642 1640
f 1640 1642 1643
f 1624 1627 1644
f 1644 1627 1645
f 1647 1648 1646
f 1646 1648 1649
f 1651 1652 1650
f 1650 1652 1653
f 1655 1656 1654
f 1654 1656 1657
f 1659 1660 1658
f 1658 1660 1661
f 1662 1663 1631
f 1631 1663 1628
f 1651 1665 1664
f 1664 1665 1666
f 1667 1656 1619
f 1619 1656 1617
f 1669 1670 1668
f 1668 1670 1671
f 1632 1635 1672
f 1672 1635 1673
f 1674 1675 1638
f 1638 1675 1639
f 1677 1678 1676
f 1676 1678 1679
f 1680 1640 1681
f 1681 1640 1643
f 1682 1683 1643
f 1643 1683 1681
f 1670 1669 1235
f 1235 1669 1232
f 1396 1399 1674
f 1674 1399 1675
f 627 630 1679
f 1679 630 1676
f 1681 1315 1680
f 1680 1315 1311
f 1683 1377 1681
f 1681 1377 1315
f 1672 1673 1387
f 1387 1673 1385
f 1636 1684 1646
f 1646 1684 1685
f 1687 1688 1686
f 1686 1688 1689
f 1585 1690 1586
f 1586 1690 1691
f 1599 1692 1551
f 1551 1692 1693
f 1552 1558 1694
f 1694 1558 1557
f 1696 1615 1695
f 1695 1615 1614
f 1698 1699 1697
f 1697 1699 1623
f 1700 1701 1703
f 1703 1701 1702
f 1705 1706 1704
f 1704 1706 1707
f 1708 1709 1640
f 1640 1709 1641
f 1710 1711 1713
f 1713 1711 1712
f 1652 1655 1653
f 1653 1655 1654
f 1714 1699 1712
f 1712 1699 1713
f 1715 1710 1716
f 1716 1710 1713
f 1717 1708 1680
f 1680 1708 1640
f 1393 1392 1715
f 1715 1392 1710
f 1719 1720 1718
f 1718 1720 1721
f 1680 1311 1717
f 1717 1311 789
f 1378 1711 1392
f 1392 1711 1710
f 1388 1391 1719
f 1719 1391 1720
f 1723 1606 1722
f 1722 1606 1689
f 1725 1568 1724
f 1724 1568 1567
f 1726 1647 1685
f 1685 1647 1646
f 1728 1554 1727
f 1727 1554 1553
f 1591 1687 1600
f 1600 1687 1686
f 1730 1595 1729
f 1729 1595 1594
f 1601 1605 1731
f 1731 1605 1604
f 1733 1663 1732
f 1732 1663 1734
f 1736 1639 1735
f 1735 1639 1675
f 1658 1644 1737
f 1737 1644 1645
f 1726 1662 1724
f 1724 1662 1631
f 1399 1738 1675
f 1675 1738 1735
f 1621 1667 1739
f 1739 1667 1619
f 1714 1740 1620
f 1620 1740 1741
f 1592 1549 1593
f 1593 1549 1742
f 1602 1571 1603
f 1603 1571 1550
f 1688 1690 1689
f 1689 1690 1722
f 1588 1559 1582
f 1582 1559 1579
f 1673 1735 1385
f 1385 1735 1738
f 1387 1232 1672
f 1672 1232 1669
f 1580 1692 1573
f 1573 1692 1743
f 1377 1683 1378
f 1378 1683 1711
f 1664 1666 1744
f 1744 1666 1745
f 1744 1696 1664
f 1664 1696 1695
f 1746 1747 1732
f 1732 1747 1748
f 1749 1750 1677
f 1677 1750 1678
f 1709 1708 1750
f 1750 1708 1678
f 1668 1632 1669
f 1669 1632 1672
f 1633 1746 1734
f 1734 1746 1732
f 1679 1678 1717
f 1717 1678 1708
f 789 627 1717
f 1717 627 1679
f 1563 1723 1564
f 1564 1723 1722
f 1728 1584 1751
f 1751 1584 1583
f 1674 1676 1396
f 1396 1676 630
f 1666 1566 1745
f 1745 1566 1565
f 1627 1629 1645
f 1645 1629 1628
f 1637 1749 1638
f 1638 1749 1677
f 1648 1665 1649
f 1649 1665 1752
f 1740 1642 1741
f 1741 1642 1657
f 1676 1674 1677
f 1677 1674 1638
f 1683 1682 1711
f 1711 1682 1712
f 1618 1753 1619
f 1619 1753 1739
f 1701 1739 1702
f 1702 1739 1753
f 1754 1214 1756
f 1756 1214 1755
f 647 1757 619
f 619 1757 941
f 1759 1193 1758
f 1758 1193 691
f 1419 1760 1420
f 1420 1760 1761
f 682 1762 683
f 683 1762 1763
f 1412 780 1413
f 1413 780 1384
f 1383 1398 1384
f 1384 1398 1413
f 1197 1424 1764
f 1764 1424 1423
f 1537 1287 1538
f 1538 1287 1286
f 1634 1684 1635
f 1635 1684 1736
f 1724 1631 1725
f 1725 1631 1630
f 1562 1730 1610
f 1610 1730 1729
f 1735 1673 1736
f 1736 1673 1635
f 1757 1195 941
f 941 1195 1194
f 1766 200 1765
f 1765 200 199
f 475 500 476
f 476 500 479
f 498 558 483
f 483 558 487
f 545 551 546
f 546 551 550
f 453 1281 219
f 219 1281 1314
f 298 453 208
f 208 453 219
f 368 1765 1767
f 1767 1765 199
f 523 405 363
f 363 405 404
f 523 533 405
f 405 533 402
f 298 208 299
f 299 208 207
f 299 207 176
f 176 207 300
f 176 300 173
f 173 300 202
f 173 202 174
f 174 202 201
f 1337 918 1768
f 1768 918 1336
f 1769 1770 1338
f 1338 1770 859
f 581 570 578
f 578 570 1771
f 555 562 580
f 580 562 561
f 504 1772 501
f 501 1772 548
f 517 542 584
f 584 542 543
f 515 514 516
f 516 514 544
f 542 517 544
f 544 517 516
f 561 575 580
f 580 575 581
f 575 569 581
f 581 569 570
f 501 548 1773
f 1773 548 547
f 1774 1775 570
f 570 1775 1771
f 369 368 1776
f 1776 368 1767
f 372 369 375
f 375 369 1776
f 822 1280 1308
f 1308 1280 1320
f 820 1281 822
f 822 1281 1280
f 818 1314 820
f 820 1314 1281
f 1314 818 1313
f 1313 818 804
f 807 814 825
f 825 814 826
f 814 813 826
f 826 813 827
f 813 1220 827
f 827 1220 828
f 580 579 555
f 555 579 547
f 1477 1540 872
f 872 1540 840
f 367 499 368
f 368 499 1765
f 1766 1765 525
f 525 1765 499
f 1777 1766 526
f 526 1766 525
f 520 527 362
f 362 527 384
f 361 1778 519
f 519 1778 528
f 371 1779 372
f 372 1779 369
f 369 1779 370
f 370 1779 478
f 1779 371 478
f 478 371 374
f 1778 1777 528
f 528 1777 526
f 1781 1782 1780
f 1780 1782 1783
f 431 460 67
f 67 460 64
f 68 338 74
f 74 338 72
f 1785 1782 1784
f 1784 1782 1786
f 1787 1788 1790
f 1790 1788 1789
f 1792 1789 1791
f 1791 1789 1793
f 1791 1794 1792
f 1792 1794 1795
f 1794 1796 1795
f 1795 1796 1797
f 1797 1798 938
f 938 1798 868
f 1798 1799 868
f 868 1799 869
f 1801 1802 1800
f 1800 1802 1451
f 1803 1804 1205
f 1205 1804 1206
f 1805 1806 864
f 864 1806 865
f 1806 1807 865
f 865 1807 1808
f 68 71 338
f 287 328 288
f 1320 1321 1308
f 1308 1321 1309
f 1320 441 1321
f 1321 441 217
f 441 152 217
f 217 152 218
f 151 286 152
f 152 286 218
f 297 310 151
f 151 310 286
f 296 307 297
f 297 307 310
f 296 143 307
f 307 143 284
f 143 56 284
f 284 56 104
f 56 59 104
f 104 59 63
f 59 102 63
f 63 102 60
f 102 94 60
f 60 94 282
f 93 459 279
f 279 459 77
f 459 460 77
f 77 460 78
f 460 431 78
f 78 431 295
f 431 49 295
f 295 49 292
f 48 421 49
f 49 421 292
f 276 278 418
f 418 278 429
f 317 432 278
f 278 432 429
f 432 317 433
f 433 317 316
f 326 324 316
f 316 324 433
f 1536 592 1809
f 1809 592 591
f 1810 744 1812
f 1812 744 1811
f 1814 1815 1813
f 1813 1815 1816
f 1817 748 1818
f 1818 748 747
f 1812 1819 1810
f 1810 1819 1817
f 1820 1821 748
f 748 1821 749
f 1823 1824 1822
f 1822 1824 1825
f 1827 1828 1826
f 1826 1828 1829
f 1831 1832 1830
f 1830 1832 1833
f 1834 1827 1243
f 1243 1827 1826
f 1313 804 825
f 825 804 807
f 1835 1253 1236
f 1236 1253 1237
f 1836 1837 1438
f 1438 1837 1435
f 1838 1505 1840
f 1840 1505 1839
f 1841 1842 716
f 716 1842 713
f 1843 1844 1510
f 1510 1844 1845
f 1847 1848 1846
f 1846 1848 1849
f 1850 1240 1822
f 1822 1240 1239
f 636 1831 637
f 637 1831 1830
f 1852 1853 1851
f 1851 1853 1854
f 1855 1856 1858
f 1858 1856 1857
f 1846 1849 1859
f 1859 1849 1860
f 1343 1401 1509
f 1509 1401 1861
f 1509 1861 635
f 635 1861 636
f 1863 1864 1862
f 1862 1864 1865
f 1283 1503 1867
f 1867 1503 1866
f 1868 1867 681
f 681 1867 682
f 1286 1285 683
f 683 1285 684
f 757 756 1274
f 1274 756 1869
f 1274 1869 717
f 717 1869 718
f 1434 1433 719
f 719 1433 720
f 1200 1538 1545
f 1545 1538 1763
f 1285 1289 684
f 684 1289 1273
f 684 1273 681
f 681 1273 1272
f 785 1283 1868
f 1868 1283 1867
f 786 785 1870
f 1870 785 1868
f 1289 757 1273
f 1273 757 1274
f 1539 1416 1871
f 1871 1416 1872
f 773 1871 1403
f 1403 1871 1404
f 675 674 1405
f 1405 674 1402
f 1864 1873 1865
f 1865 1873 1874
f 638 1843 635
f 635 1843 1510
f 1344 1343 1511
f 1511 1343 1509
f 772 1539 773
f 773 1539 1871
f 674 1200 1402
f 1402 1200 1545
f 1538 1286 1763
f 1763 1286 683
f 1444 1443 1875
f 1875 1443 1876
f 1875 1876 1831
f 1831 1876 1832
f 1416 1344 1872
f 1872 1344 1511
f 1877 1878 774
f 774 1878 1879
f 1878 1847 1879
f 1879 1847 1846
f 1880 714 1881
f 1881 714 1848
f 1401 1444 1861
f 1861 1444 1875
f 1861 1875 636
f 636 1875 1831
f 1823 1863 1882
f 1882 1863 1862
f 1441 1440 1884
f 1884 1440 1883
f 1883 1852 1884
f 1884 1852 1851
f 1886 1887 1885
f 1885 1887 1888
f 1358 1889 1359
f 1359 1889 1890
f 1891 1886 1892
f 1892 1886 1885
f 774 1879 775
f 775 1879 1893
f 1859 1893 1846
f 1846 1893 1879
f 713 1842 1849
f 1849 1842 1860
f 1318 1895 1894
f 1894 1895 1896
f 1873 1897 1874
f 1874 1897 1898
f 1898 605 1899
f 1899 605 675
f 1405 1844 675
f 675 1844 1899
f 1404 1845 1405
f 1405 1845 1844
f 593 1296 591
f 591 1296 1809
f 1295 1292 1900
f 1900 1292 1895
f 606 1897 1291
f 1291 1897 1896
f 1510 1845 1511
f 1511 1845 1872
f 1871 1872 1404
f 1404 1872 1845
f 1866 770 1762
f 1762 770 1546
f 1762 682 1866
f 1866 682 1867
f 1870 1868 1272
f 1272 1868 681
f 1272 717 1870
f 1870 717 720
f 1870 720 786
f 786 720 1433
f 786 1433 787
f 787 1433 1432
f 1261 1414 1432
f 1432 1414 787
f 1389 1234 1260
f 1260 1234 1415
f 1719 1670 1388
f 1388 1670 1235
f 1718 1671 1719
f 1719 1671 1670
f 1705 1747 1718
f 1718 1747 1671
f 1659 1901 1704
f 1704 1901 1748
f 1877 1903 1902
f 1902 1903 1904
f 1259 1905 1390
f 1390 1905 1394
f 1715 1720 1393
f 1393 1720 1391
f 1716 1721 1715
f 1715 1721 1720
f 1698 1706 1716
f 1716 1706 1721
f 277 276 47
f 47 276 48
f 84 96 81
f 81 96 82
f 80 70 81
f 81 70 85
f 99 97 88
f 88 97 89
f 90 100 88
f 88 100 99
f 101 95 102
f 102 95 94
f 1906 1907 280
f 280 1907 281
f 97 86 89
f 89 86 85
f 60 282 61
f 61 282 281
f 83 82 46
f 46 82 47
f 293 292 420
f 420 292 421
f 419 1908 420
f 420 1908 1909
f 92 95 91
f 91 95 90
f 279 282 93
f 93 282 94
f 276 418 48
f 48 418 421
f 1910 1660 1697
f 1697 1660 1707
f 1703 1624 1700
f 1700 1624 1644
f 1622 1910 1623
f 1623 1910 1697
f 1701 1700 1911
f 1911 1700 1661
f 1700 1644 1661
f 1661 1644 1658
f 1901 1737 1733
f 1733 1737 1645
f 1625 1912 1604
f 1604 1912 1731
f 1912 1913 1731
f 1731 1913 1914
f 1913 1577 1914
f 1914 1577 1572
f 1915 1578 1616
f 1616 1578 1618
f 1915 1916 1598
f 1598 1916 1743
f 1916 1574 1743
f 1743 1574 1573
f 1575 1917 1576
f 1576 1917 1597
f 1917 1609 1597
f 1597 1609 1594
f 1608 1611 1729
f 1729 1611 1610
f 1918 1612 1629
f 1629 1612 1630
f 1626 1918 1627
f 1627 1918 1629
f 1920 1921 1919
f 1919 1921 1922
f 1920 1924 1923
f 1923 1924 1925
f 1926 1927 1924
f 1924 1927 1925
f 1929 1930 1928
f 1928 1930 1931
f 1932 1933 1935
f 1935 1933 1934
f 1937 1938 1936
f 1936 1938 1939
f 1941 1942 1940
f 1940 1942 1943
f 1941 1945 1944
f 1944 1945 1946
f 1947 1948 1694
f 1694 1948 1949
f 1950 1951 1953
f 1953 1951 1952
f 1955 1956 1954
f 1954 1956 1589
f 1958 1956 1957
f 1957 1956 1932
f 1960 1934 1959
f 1959 1934 1933
f 1962 1963 1961
f 1961 1963 1964
f 1965 1955 1751
f 1751 1955 1954
f 1935 1930 1932
f 1932 1930 1957
f 1951 1950 1926
f 1926 1950 1929
f 1966 1967 1593
f 1593 1967 1590
f 1969 1967 1968
f 1968 1967 1964
f 1962 1921 1970
f 1970 1921 1971
f 1963 1945 1964
f 1964 1945 1968
f 1972 1948 1922
f 1922 1948 1919
f 1966 1972 1961
f 1961 1972 1922
f 1958 1953 1587
f 1587 1953 1560
f 1974 1975 1973
f 1973 1975 1976
f 1978 1979 1977
f 1977 1979 1691
f 1979 1975 1691
f 1691 1975 1586
f 1938 1942 1939
f 1939 1942 1980
f 1952 1947 1557
f 1557 1947 1694
f 1969 1978 1981
f 1981 1978 1977
f 1983 1984 1982
f 1982 1984 1985
f 1986 1987 1989
f 1989 1987 1988
f 1990 1991 1983
f 1983 1991 1984
f 1990 1993 1992
f 1992 1993 1994
f 1995 1996 1994
f 1994 1996 1997
f 1999 2000 1998
f 1998 2000 2001
f 2003 2004 2002
f 2002 2004 2005
f 2007 2008 2006
f 2006 2008 2009
f 2011 2012 2010
f 2010 2012 2013
f 2014 2015 2017
f 2017 2015 2016
f 2018 2019 2021
f 2021 2019 2020
f 2022 1989 2024
f 2024 1989 2023
f 1989 1988 2023
f 2023 1988 2025
f 2026 2027 2017
f 2017 2027 2014
f 2029 2030 2028
f 2028 2030 2031
f 2033 2034 2032
f 2032 2034 2035
f 2032 2035 2036
f 2036 2035 2037
f 2039 2040 2038
f 2038 2040 2041
f 1982 2042 1983
f 1983 2042 2043
f 2045 2046 2044
f 2044 2046 2047
f 2049 2050 2048
f 2048 2050 2051
f 2053 2054 2052
f 2052 2054 2055
f 2057 2058 2056
f 2056 2058 2059
f 2060 2061 2033
f 2033 2061 2034
f 2063 2064 2062
f 2062 2064 2065
f 2066 2035 2067
f 2067 2035 2034
f 2069 2039 2068
f 2068 2039 2038
f 2025 2070 2023
f 2023 2070 2071
f 2072 2024 2071
f 2071 2024 2023
f 2074 2020 2073
f 2073 2020 2019
f 2050 2049 2047
f 2047 2049 2075
f 1983 2043 1990
f 1990 2043 1993
f 2006 2050 2007
f 2007 2050 2076
f 2050 2006 2051
f 2051 2006 2077
f 2079 2080 2078
f 2078 2080 2081
f 2082 2083 2085
f 2085 2083 2084
f 2010 2013 2086
f 2086 2013 2087
f 2089 2033 2088
f 2088 2033 2032
f 2090 2060 2089
f 2089 2060 2033
f 2092 2093 2091
f 2091 2093 2094
f 2096 1986 2095
f 2095 1986 2097
f 2097 1986 2022
f 2022 1986 1989
f 2015 2094 2016
f 2016 2094 2098
f 2016 2098 2100
f 2100 2098 2099
f 2017 2016 2101
f 2101 2016 2100
f 2017 2101 2026
f 2026 2101 2102
f 2100 2099 2104
f 2104 2099 2103
f 2104 2105 2100
f 2100 2105 2101
f 2105 2106 2101
f 2101 2106 2102
f 2108 2061 2107
f 2107 2061 2109
f 2111 2112 2110
f 2110 2112 2020
f 2020 2074 2110
f 2110 2074 2113
f 2115 2116 2114
f 2114 2116 2117
f 2118 2119 1995
f 1995 2119 2120
f 2121 2122 2027
f 2027 2122 2014
f 2047 2075 2044
f 2044 2075 2123
f 2124 2125 2127
f 2127 2125 2126
f 2129 2130 2128
f 2128 2130 2131
f 2132 2133 2057
f 2057 2133 2058
f 2134 1999 2136
f 2136 1999 2135
f 2055 2138 2137
f 2137 2138 2139
f 2141 2142 2140
f 2140 2142 2143
f 2083 2082 2064
f 2064 2082 2065
f 2082 2144 2065
f 2065 2144 2145
f 2040 2146 2041
f 2041 2146 2147
f 2060 2090 2148
f 2148 2090 2149
f 2048 2051 2137
f 2137 2051 2150
f 2151 1997 2135
f 2135 1997 1996
f 2152 2150 2077
f 2077 2150 2051
f 2046 2045 2118
f 2118 2045 2119
f 2154 2155 2153
f 2153 2155 2156
f 2158 2159 2157
f 2157 2159 2160
f 2162 2163 2161
f 2161 2163 2164
f 2164 2163 2165
f 2165 2163 2166
f 2168 2169 2167
f 2167 2169 2170
f 2003 2172 2171
f 2171 2172 2173
f 2174 2175 2002
f 2002 2175 2176
f 2145 2177 2065
f 2065 2177 2062
f 2178 2179 2180
f 2180 2179 2134
f 2181 2052 2152
f 2152 2052 2150
f 2040 2127 2146
f 2146 2127 2182
f 2130 2162 2131
f 2131 2162 2161
f 2052 2055 2150
f 2150 2055 2137
f 2184 2185 2183
f 2183 2185 2186
f 2159 2030 2160
f 2160 2030 2187
f 2146 2182 2029
f 2029 2182 2188
f 2189 2190 2192
f 2192 2190 2191
f 2172 2003 2176
f 2176 2003 2002
f 1998 2151 1999
f 1999 2151 2135
f 2177 2172 2062
f 2062 2172 2176
f 2172 2177 2173
f 2173 2177 2193
f 2063 2194 2064
f 2064 2194 2195
f 2066 2197 2196
f 2196 2197 2198
f 2002 2005 2174
f 2174 2005 2199
f 2004 2003 2200
f 2200 2003 2171
f 2198 2201 2171
f 2171 2201 2200
f 2197 2202 2198
f 2198 2202 2201
f 2202 2197 2203
f 2203 2197 2204
f 2196 2198 2173
f 2173 2198 2171
f 2205 2069 2170
f 2170 2069 2206
f 2197 2066 2204
f 2204 2066 2067
f 2107 2207 2108
f 2108 2207 2208
f 2210 2208 2209
f 2209 2208 2207
f 2185 2211 2212
f 2213 2214 2211
f 2211 2214 2212
f 1998 2001 2213
f 2213 2001 2214
f 2134 2215 1999
f 1999 2215 2000
f 2216 2217 2219
f 2219 2217 2218
f 2206 2220 2170
f 2170 2220 2167
f 2069 2068 2206
f 2206 2068 2221
f 2151 1998 2222
f 2222 1998 2213
f 2124 2039 2205
f 2205 2039 2069
f 2142 2223 2143
f 2143 2223 2128
f 2203 2186 2202
f 2202 2186 2185
f 2185 2184 2211
f 2211 2184 2224
f 2224 2225 2222
f 2222 2225 2226
f 2071 2227 2072
f 2072 2227 2228
f 2229 2074 2230
f 2230 2074 2073
f 2074 2229 2113
f 2113 2229 2231
f 2232 2225 2227
f 2227 2225 2224
f 2233 2234 2031
f 2031 2234 2028
f 2236 2231 2235
f 2235 2231 2229
f 2230 2183 2229
f 2229 2183 2235
f 2237 1987 2096
f 2096 1987 1986
f 2152 2238 2181
f 2181 2238 2239
f 2080 2240 2081
f 2081 2240 2241
f 2236 2242 1971
f 1971 2242 1970
f 1925 2113 1923
f 1923 2113 2231
f 2110 1927 2111
f 2111 1927 1928
f 2103 2111 1931
f 1931 2111 1928
f 1931 2243 2103
f 2103 2243 2104
f 2105 2104 2244
f 2244 2104 2243
f 1939 1980 2148
f 2148 1980 2109
f 1980 1944 2109
f 2109 1944 2107
f 1946 2245 2207
f 2207 2245 2209
f 2245 1970 2209
f 2209 1970 2242
f 2231 2236 1923
f 1923 2236 1971
f 2113 1925 2110
f 2110 1925 1927
f 2234 2246 2028
f 2028 2246 2147
f 2247 2248 2058
f 2058 2248 2059
f 2114 2117 2249
f 2249 2117 2250
f 2252 2253 2251
f 2251 2253 2254
f 2094 2015 2091
f 2091 2015 2255
f 2256 2255 2014
f 2014 2255 2015
f 2257 2145 2258
f 2258 2145 2144
f 2131 2161 2123
f 2123 2161 2044
f 2045 2044 2164
f 2164 2044 2161
f 2045 2164 2119
f 2119 2164 2165
f 2259 2120 2165
f 2165 2120 2119
f 2260 2261 2259
f 2259 2261 2120
f 2205 2262 2124
f 2124 2262 2125
f 2180 2263 2178
f 2178 2263 2264
f 2265 2266 2092
f 2092 2266 2093
f 1992 2267 2268
f 2184 2228 2224
f 2224 2228 2227
f 2048 2269 2049
f 2049 2269 2141
f 2129 2168 2157
f 2157 2168 2167
f 2049 2141 2075
f 2075 2141 2140
f 2199 2215 2270
f 2270 2215 2271
f 2142 2141 2272
f 2272 2141 2269
f 2089 2026 2090
f 2090 2026 2102
f 2146 2029 2147
f 2147 2029 2028
f 2111 2103 2112
f 2112 2103 2099
f 2061 2060 2109
f 2109 2060 2148
f 2273 2274 2041
f 2041 2274 2038
f 2260 2275 2261
f 2261 2275 2136
f 2057 2138 2132
f 2132 2138 2276
f 2272 2269 2056
f 2056 2269 2139
f 2277 2278 2270
f 2270 2278 2199
f 2029 2188 2030
f 2030 2188 2187
f 2040 2039 2127
f 2127 2039 2124
f 2064 2195 2083
f 2083 2195 2279
f 2056 2139 2057
f 2057 2139 2138
f 2278 2277 2247
f 2247 2277 2248
f 2062 2176 2063
f 2063 2176 2175
f 2280 2210 2242
f 2242 2210 2209
f 2282 2233 2281
f 2281 2233 2031
f 2216 2219 2283
f 2283 2219 2221
f 2158 2220 2218
f 2218 2220 2219
f 2217 2282 2218
f 2218 2282 2281
f 2220 2158 2167
f 2167 2158 2157
f 2223 2264 2128
f 2128 2264 2263
f 2261 1996 2120
f 2120 1996 1995
f 2213 2211 2222
f 2222 2211 2224
f 2283 2221 2284
f 2284 2221 2068
f 2135 1996 2136
f 2136 1996 2261
f 2144 2081 2258
f 2258 2081 2241
f 2235 2280 2236
f 2236 2280 2242
f 2246 2273 2147
f 2147 2273 2041
f 2036 2285 2032
f 2032 2285 2088
f 2077 2286 2152
f 2152 2286 2238
f 1937 1960 1973
f 1973 1960 1959
f 2070 2232 2071
f 2071 2232 2227
f 2244 2287 2105
f 2105 2287 2106
f 1936 1939 2149
f 2149 1939 2148
f 1944 1946 2107
f 2107 1946 2207
f 2285 2121 2088
f 2088 2121 2027
f 2253 2249 2254
f 2254 2249 2250
f 2006 2009 2077
f 2077 2009 2286
f 2289 2086 2288
f 2288 2086 2087
f 2223 2142 2290
f 2290 2142 2272
f 2128 2131 2143
f 2143 2131 2123
f 2156 2291 2153
f 2153 2291 2175
f 2292 2293 2278
f 2278 2293 2294
f 2075 2140 2123
f 2123 2140 2143
f 2262 2169 2275
f 2275 2169 2180
f 2275 2180 2136
f 2136 2180 2134
f 2274 2284 2038
f 2038 2284 2068
f 2127 2126 2182
f 2182 2126 2166
f 2094 2093 2098
f 2098 2093 2021
f 2098 2021 2099
f 2099 2021 2112
f 2018 2021 2266
f 2266 2021 2093
f 2251 2289 2252
f 2252 2289 2288
f 1997 2151 2226
f 2226 2151 2222
f 2206 2221 2220
f 2220 2221 2219
f 2269 2048 2139
f 2139 2048 2137
f 2159 2158 2281
f 2281 2158 2218
f 2156 2155 2190
f 2190 2155 2191
f 1974 1965 1583
f 1583 1965 1751
f 2088 2027 2089
f 2089 2027 2026
f 2030 2159 2031
f 2031 2159 2281
f 2106 2149 2102
f 2102 2149 2090
f 2287 1936 2106
f 2106 1936 2149
f 2293 2154 2294
f 2294 2154 2153
f 2021 2020 2112
f 2247 2295 2278
f 2278 2295 2292
f 2284 2296 2283
f 2283 2296 2297
f 2298 2296 2274
f 2274 2296 2284
f 2273 2299 2274
f 2274 2299 2298
f 2246 2300 2273
f 2273 2300 2299
f 2283 2297 2216
f 2216 2297 2301
f 2216 2301 2217
f 2217 2301 2302
f 2302 2303 2217
f 2217 2303 2282
f 2304 2301 2305
f 2305 2301 2297
f 2307 2308 2306
f 2306 2308 2309
f 2306 2310 2307
f 2307 2310 2311
f 2307 2312 2308
f 2308 2312 2313
f 2314 2315 2312
f 2312 2315 2316
f 2316 2317 2312
f 2312 2317 2313
f 2317 2305 2313
f 2313 2305 2318
f 2314 2312 2311
f 2311 2312 2307
f 2319 2320 2322
f 2322 2320 2321
f 2322 2311 2319
f 2319 2311 2310
f 2313 2318 2308
f 2308 2318 2309
f 2296 2298 2318
f 2318 2298 2309
f 2309 2298 2323
f 2323 2298 2299
f 2306 2309 2324
f 2324 2309 2323
f 2310 2306 2325
f 2325 2306 2324
f 2296 2318 2297
f 2297 2318 2305
f 2319 2310 2326
f 2326 2310 2325
f 2328 2325 2327
f 2327 2325 2324
f 2325 2328 2326
f 2326 2328 2329
f 2331 2328 2330
f 2330 2328 2327
f 2332 2333 2327
f 2327 2333 2330
f 2328 2331 2329
f 2329 2331 2334
f 2324 2323 2327
f 2327 2323 2332
f 2300 2332 2299
f 2299 2332 2323
f 2326 2335 2319
f 2319 2335 2320
f 2305 2317 2336
f 2336 2317 2316
f 2336 2316 2337
f 2337 2316 2315
f 2338 2304 2336
f 2336 2304 2305
f 2337 2339 2336
f 2336 2339 2338
f 2337 2315 2341
f 2341 2315 2340
f 2342 2300 2234
f 2234 2300 2246
f 2303 2343 2282
f 2282 2343 2233
f 2234 2233 2342
f 2342 2233 2343
f 2342 2343 2333
f 2333 2343 2344
f 2333 2344 2330
f 2330 2344 2345
f 2346 2344 2303
f 2303 2344 2343
f 2332 2300 2333
f 2333 2300 2342
f 2347 2346 2302
f 2302 2346 2303
f 2301 2304 2302
f 2302 2304 2347
f 2304 2338 2347
f 2347 2338 2348
f 2348 2349 2347
f 2347 2349 2346
f 2350 2351 2348
f 2348 2351 2349
f 2349 2345 2346
f 2346 2345 2344
f 2345 2349 2352
f 2352 2349 2351
f 2338 2339 2348
f 2348 2339 2350
f 2350 2339 2353
f 2353 2339 2354
f 2356 2357 2355
f 2355 2357 2353
f 2351 2350 2357
f 2357 2350 2353
f 2353 2354 2355
f 2355 2354 2335
f 2320 2335 2341
f 2341 2335 2354
f 2339 2337 2354
f 2354 2337 2341
f 2352 2331 2345
f 2345 2331 2330
f 2356 2334 2352
f 2352 2334 2331
f 2356 2352 2357
f 2357 2352 2351
f 2355 2329 2356
f 2356 2329 2334
f 2335 2326 2355
f 2355 2326 2329
f 2321 2314 2322
f 2322 2314 2311
f 2321 2320 2340
f 2340 2320 2341
f 2315 2314 2340
f 2340 2314 2321
f 2125 2260 2126
f 2126 2260 2259
f 2157 2160 2129
f 2129 2160 2130
f 2188 2163 2187
f 2187 2163 2162
f 2182 2166 2188
f 2188 2166 2163
f 2180 2169 2263
f 2263 2169 2168
f 2160 2187 2130
f 2130 2187 2162
f 2275 2260 2262
f 2262 2260 2125
f 2128 2263 2129
f 2129 2263 2168
f 2262 2205 2169
f 2169 2205 2170
f 2165 2166 2259
f 2259 2166 2126
f 2359 2360 2358
f 2358 2360 2361
f 2363 2364 2362
f 2362 2364 2365
f 2367 2363 2366
f 2366 2363 2362
f 2368 2369 2371
f 2371 2369 2370
f 2372 2373 2248
f 2248 2373 2059
f 2364 2374 2365
f 2365 2374 2375
f 2377 2378 2376
f 2376 2378 2379
f 2290 2380 2223
f 2223 2380 2381
f 2223 2381 2264
f 2264 2381 2382
f 2384 2385 2383
f 2383 2385 2386
f 2364 2371 2374
f 2374 2371 2387
f 2059 2373 2290
f 2290 2373 2380
f 2378 2360 2379
f 2379 2360 2388
f 2374 2387 2359
f 2359 2387 2389
f 2390 2367 2386
f 2386 2367 2391
f 2393 2394 2392
f 2392 2394 2395
f 2386 2391 2383
f 2383 2391 2396
f 2367 2366 2391
f 2391 2366 2397
f 2363 2367 2368
f 2368 2367 2390
f 2398 2399 2361
f 2361 2399 2358
f 2399 2400 2358
f 2358 2400 2375
f 2390 2401 2368
f 2368 2401 2369
f 2372 2384 2376
f 2376 2384 2383
f 2374 2359 2375
f 2375 2359 2358
f 2402 2403 2365
f 2365 2403 2362
f 2359 2389 2360
f 2360 2389 2388
f 2364 2363 2371
f 2371 2363 2368
f 2405 2398 2404
f 2404 2398 2361
f 2392 2395 2406
f 2406 2395 2397
f 2377 2396 2394
f 2394 2396 2395
f 2394 2393 2404
f 2404 2393 2405
f 2396 2377 2383
f 2383 2377 2376
f 2406 2397 2407
f 2407 2397 2366
f 2400 2402 2375
f 2375 2402 2365
f 2385 2270 2401
f 2401 2270 2271
f 2403 2407 2362
f 2362 2407 2366
f 2371 2370 2387
f 2387 2370 2382
f 2391 2397 2396
f 2396 2397 2395
f 2378 2377 2404
f 2404 2377 2394
f 2360 2378 2361
f 2361 2378 2404
f 2407 2408 2406
f 2406 2408 2409
f 2410 2408 2403
f 2403 2408 2407
f 2411 2410 2402
f 2402 2410 2403
f 2412 2411 2400
f 2400 2411 2402
f 2406 2409 2392
f 2392 2409 2413
f 2392 2413 2393
f 2393 2413 2414
f 2415 2405 2414
f 2414 2405 2393
f 2416 2413 2417
f 2417 2413 2409
f 2419 2420 2418
f 2418 2420 2421
f 2420 2422 2421
f 2421 2422 2423
f 2420 2424 2422
f 2422 2424 2425
f 2426 2427 2424
f 2424 2427 2428
f 2428 2429 2424
f 2424 2429 2425
f 2426 2424 2419
f 2419 2424 2420
f 2419 2418 2431
f 2431 2418 2430
f 2425 2432 2422
f 2422 2432 2423
f 2408 2410 2432
f 2432 2410 2423
f 2423 2410 2433
f 2433 2410 2411
f 2421 2423 2434
f 2434 2423 2433
f 2435 2418 2434
f 2434 2418 2421
f 2429 2417 2425
f 2425 2417 2432
f 2408 2432 2409
f 2409 2432 2417
f 2418 2435 2430
f 2430 2435 2436
f 2438 2435 2437
f 2437 2435 2434
f 2435 2438 2436
f 2436 2438 2439
f 2441 2438 2440
f 2440 2438 2437
f 2442 2443 2437
f 2437 2443 2440
f 2439 2438 2444
f 2444 2438 2441
f 2433 2442 2434
f 2434 2442 2437
f 2412 2442 2411
f 2411 2442 2433
f 2436 2445 2430
f 2430 2445 2446
f 2430 2446 2431
f 2431 2446 2447
f 2417 2429 2448
f 2448 2429 2428
f 2427 2449 2428
f 2428 2449 2448
f 2450 2416 2448
f 2448 2416 2417
f 2451 2450 2449
f 2449 2450 2448
f 2427 2452 2449
f 2449 2452 2453
f 2447 2446 2452
f 2452 2446 2453
f 2454 2412 2399
f 2399 2412 2400
f 2415 2455 2405
f 2405 2455 2398
f 2399 2398 2454
f 2454 2398 2455
f 2454 2455 2443
f 2443 2455 2456
f 2443 2456 2440
f 2440 2456 2457
f 2458 2456 2415
f 2415 2456 2455
f 2443 2442 2454
f 2454 2442 2412
f 2459 2458 2414
f 2414 2458 2415
f 2413 2416 2414
f 2414 2416 2459
f 2459 2416 2460
f 2460 2416 2450
f 2460 2461 2459
f 2459 2461 2458
f 2462 2463 2460
f 2460 2463 2461
f 2461 2457 2458
f 2458 2457 2456
f 2457 2461 2464
f 2464 2461 2463
f 2451 2462 2450
f 2450 2462 2460
f 2462 2451 2465
f 2465 2451 2466
f 2468 2469 2467
f 2467 2469 2465
f 2463 2462 2469
f 2469 2462 2465
f 2465 2466 2467
f 2467 2466 2445
f 2446 2445 2453
f 2453 2445 2466
f 2451 2449 2466
f 2466 2449 2453
f 2464 2441 2457
f 2457 2441 2440
f 2468 2444 2464
f 2464 2444 2441
f 2468 2464 2469
f 2469 2464 2463
f 2467 2439 2468
f 2468 2439 2444
f 2445 2436 2467
f 2467 2436 2439
f 2447 2426 2431
f 2431 2426 2419
f 2427 2426 2452
f 2452 2426 2447
f 2369 2179 2370
f 2370 2179 2178
f 2376 2379 2372
f 2372 2379 2373
f 2389 2381 2388
f 2388 2381 2380
f 2387 2382 2389
f 2389 2382 2381
f 2270 2385 2277
f 2277 2385 2384
f 2379 2388 2373
f 2373 2388 2380
f 2401 2271 2369
f 2369 2271 2179
f 2248 2277 2372
f 2372 2277 2384
f 2401 2390 2385
f 2385 2390 2386
f 2264 2382 2178
f 2178 2382 2370
f 2215 2134 2271
f 2271 2134 2179
f 2005 2000 2199
f 2199 2000 2215
f 2004 2001 2005
f 2005 2001 2000
f 2200 2214 2004
f 2004 2214 2001
f 2470 2471 2473
f 2473 2471 2472
f 2475 2476 2474
f 2474 2476 2477
f 2479 2475 2478
f 2478 2475 2474
f 2481 2482 2480
f 2480 2482 2483
f 2476 2484 2477
f 2477 2484 2485
f 2487 2488 2486
f 2486 2488 2489
f 2133 2490 2058
f 2058 2490 2491
f 2058 2491 2247
f 2247 2491 2492
f 2494 2495 2493
f 2493 2495 2496
f 2476 2483 2484
f 2484 2483 2497
f 2472 2498 2488
f 2488 2498 2489
f 2484 2497 2471
f 2471 2497 2499
f 2500 2479 2496
f 2496 2479 2501
f 2502 2503 2505
f 2505 2503 2504
f 2496 2501 2493
f 2493 2501 2506
f 2479 2478 2501
f 2501 2478 2507
f 2475 2479 2480
f 2480 2479 2500
f 2508 2509 2473
f 2473 2509 2470
f 2509 2510 2470
f 2470 2510 2485
f 2511 2481 2500
f 2500 2481 2480
f 2512 2494 2486
f 2486 2494 2493
f 2485 2484 2470
f 2470 2484 2471
f 2513 2514 2477
f 2477 2514 2474
f 2471 2499 2472
f 2472 2499 2498
f 2476 2475 2483
f 2483 2475 2480
f 2516 2508 2515
f 2515 2508 2473
f 2502 2505 2517
f 2517 2505 2507
f 2504 2487 2505
f 2505 2487 2506
f 2503 2516 2504
f 2504 2516 2515
f 2506 2487 2493
f 2493 2487 2486
f 2517 2507 2518
f 2518 2507 2478
f 2510 2513 2485
f 2485 2513 2477
f 2511 2495 2293
f 2293 2495 2154
f 2514 2518 2474
f 2474 2518 2478
f 2483 2482 2497
f 2497 2482 2492
f 2501 2507 2506
f 2506 2507 2505
f 2488 2487 2515
f 2515 2487 2504
f 2472 2488 2473
f 2473 2488 2515
f 2518 2519 2517
f 2517 2519 2520
f 2521 2519 2514
f 2514 2519 2518
f 2522 2521 2513
f 2513 2521 2514
f 2523 2522 2510
f 2510 2522 2513
f 2517 2520 2502
f 2502 2520 2524
f 2502 2524 2503
f 2503 2524 2525
f 2525 2526 2503
f 2503 2526 2516
f 2527 2524 2528
f 2528 2524 2520
f 2530 2531 2529
f 2529 2531 2532
f 2531 2533 2532
f 2532 2533 2534
f 2531 2535 2533
f 2533 2535 2536
f 2537 2538 2535
f 2535 2538 2539
f 2539 2540 2535
f 2535 2540 2536
f 2537 2535 2530
f 2530 2535 2531
f 2529 2541 2530
f 2530 2541 2542
f 2543 2534 2536
f 2536 2534 2533
f 2519 2521 2543
f 2543 2521 2534
f 2534 2521 2544
f 2544 2521 2522
f 2532 2534 2545
f 2545 2534 2544
f 2529 2532 2546
f 2546 2532 2545
f 2536 2540 2543
f 2543 2540 2528
f 2519 2543 2520
f 2520 2543 2528
f 2541 2529 2547
f 2547 2529 2546
f 2548 2549 2545
f 2545 2549 2546
f 2549 2550 2546
f 2546 2550 2547
f 2551 2552 2548
f 2548 2552 2549
f 2548 2553 2551
f 2551 2553 2554
f 2550 2549 2555
f 2555 2549 2552
f 2545 2544 2548
f 2548 2544 2553
f 2523 2553 2522
f 2522 2553 2544
f 2547 2556 2541
f 2541 2556 2557
f 2541 2557 2542
f 2542 2557 2558
f 2528 2540 2559
f 2559 2540 2539
f 2538 2560 2539
f 2539 2560 2559
f 2561 2527 2559
f 2559 2527 2528
f 2560 2562 2559
f 2559 2562 2561
f 2560 2538 2564
f 2564 2538 2563
f 2558 2557 2563
f 2563 2557 2564
f 2565 2523 2509
f 2509 2523 2510
f 2526 2566 2516
f 2516 2566 2508
f 2509 2508 2565
f 2565 2508 2566
f 2565 2566 2554
f 2554 2566 2567
f 2554 2567 2551
f 2551 2567 2568
f 2569 2567 2526
f 2526 2567 2566
f 2553 2523 2554
f 2554 2523 2565
f 2570 2569 2525
f 2525 2569 2526
f 2524 2527 2525
f 2525 2527 2570
f 2527 2561 2570
f 2570 2561 2571
f 2571 2572 2570
f 2570 2572 2569
f 2573 2574 2571
f 2571 2574 2572
f 2572 2568 2569
f 2569 2568 2567
f 2568 2572 2575
f 2575 2572 2574
f 2562 2573 2561
f 2561 2573 2571
f 2573 2562 2576
f 2576 2562 2577
f 2579 2580 2578
f 2578 2580 2576
f 2574 2573 2580
f 2580 2573 2576
f 2576 2577 2578
f 2578 2577 2556
f 2557 2556 2564
f 2564 2556 2577
f 2562 2560 2577
f 2577 2560 2564
f 2575 2552 2568
f 2568 2552 2551
f 2579 2555 2575
f 2575 2555 2552
f 2579 2575 2580
f 2580 2575 2574
f 2550 2555 2578
f 2578 2555 2579
f 2556 2547 2578
f 2578 2547 2550
f 2558 2537 2542
f 2542 2537 2530
f 2538 2537 2563
f 2563 2537 2558
f 2292 2295 2481
f 2481 2295 2482
f 2486 2489 2512
f 2512 2489 2581
f 2499 2491 2498
f 2498 2491 2490
f 2497 2492 2499
f 2499 2492 2491
f 2155 2154 2494
f 2494 2154 2495
f 2581 2489 2490
f 2490 2489 2498
f 2293 2292 2511
f 2511 2292 2481
f 2191 2155 2512
f 2512 2155 2494
f 2500 2496 2511
f 2511 2496 2495
f 2247 2492 2295
f 2295 2492 2482
f 2583 2584 2582
f 2582 2584 2585
f 2587 2588 2586
f 2586 2588 2589
f 2591 2587 2590
f 2590 2587 2586
f 2593 2594 2592
f 2592 2594 2595
f 2596 2597 2599
f 2599 2597 2598
f 2588 2600 2589
f 2589 2600 2601
f 2602 2603 2605
f 2605 2603 2604
f 2606 2607 2609
f 2609 2607 2608
f 2609 2608 2190
f 2190 2608 2610
f 2611 2612 2614
f 2614 2612 2613
f 2600 2588 2615
f 2615 2588 2595
f 2599 2598 2606
f 2606 2598 2607
f 2584 2616 2604
f 2604 2616 2605
f 2600 2615 2583
f 2583 2615 2617
f 2591 2619 2618
f 2618 2619 2614
f 2621 2622 2620
f 2620 2622 2623
f 2619 2624 2614
f 2614 2624 2611
f 2591 2590 2619
f 2619 2590 2625
f 2587 2591 2592
f 2592 2591 2618
f 2626 2627 2585
f 2585 2627 2582
f 2627 2628 2582
f 2582 2628 2601
f 2629 2593 2618
f 2618 2593 2592
f 2602 2597 2611
f 2611 2597 2612
f 2600 2583 2601
f 2601 2583 2582
f 2630 2631 2589
f 2589 2631 2586
f 2583 2617 2584
f 2584 2617 2616
f 2588 2587 2595
f 2595 2587 2592
f 2633 2626 2632
f 2632 2626 2585
f 2620 2623 2634
f 2634 2623 2625
f 2622 2603 2623
f 2623 2603 2624
f 2621 2633 2622
f 2622 2633 2632
f 2611 2624 2602
f 2602 2624 2603
f 2634 2625 2635
f 2635 2625 2590
f 2628 2630 2601
f 2601 2630 2589
f 2613 2195 2629
f 2629 2195 2194
f 2631 2635 2586
f 2586 2635 2590
f 2595 2594 2615
f 2615 2594 2610
f 2619 2625 2624
f 2624 2625 2623
f 2632 2604 2622
f 2622 2604 2603
f 2585 2584 2632
f 2632 2584 2604
f 2635 2636 2634
f 2634 2636 2637
f 2638 2636 2631
f 2631 2636 2635
f 2639 2638 2630
f 2630 2638 2631
f 2640 2639 2628
f 2628 2639 2630
f 2634 2637 2620
f 2620 2637 2641
f 2620 2641 2621
f 2621 2641 2642
f 2642 2643 2621
f 2621 2643 2633
f 2641 2637 2644
f 2644 2637 2645
f 2646 2647 2649
f 2649 2647 2648
f 2648 2650 2649
f 2649 2650 2651
f 2648 2652 2650
f 2650 2652 2653
f 2652 2654 2656
f 2656 2654 2655
f 2656 2657 2652
f 2652 2657 2653
f 2654 2652 2647
f 2647 2652 2648
f 2647 2646 2659
f 2659 2646 2658
f 2660 2651 2653
f 2653 2651 2650
f 2636 2638 2660
f 2660 2638 2651
f 2651 2638 2661
f 2661 2638 2639
f 2651 2661 2649
f 2649 2661 2662
f 2663 2646 2662
f 2662 2646 2649
f 2653 2657 2660
f 2660 2657 2645
f 2636 2660 2637
f 2637 2660 2645
f 2646 2663 2658
f 2658 2663 2664
f 2665 2666 2662
f 2662 2666 2663
f 2666 2667 2663
f 2663 2667 2664
f 2668 2669 2665
f 2665 2669 2666
f 2665 2670 2668
f 2668 2670 2671
f 2667 2666 2672
f 2672 2666 2669
f 2662 2661 2665
f 2665 2661 2670
f 2640 2670 2639
f 2639 2670 2661
f 2673 2674 2664
f 2664 2674 2658
f 2658 2674 2659
f 2659 2674 2675
f 2645 2657 2676
f 2676 2657 2656
f 2677 2676 2655
f 2655 2676 2656
f 2676 2678 2645
f 2645 2678 2644
f 2677 2679 2676
f 2676 2679 2678
f 2655 2680 2677
f 2677 2680 2681
f 2675 2674 2680
f 2680 2674 2681
f 2682 2640 2627
f 2627 2640 2628
f 2643 2683 2633
f 2633 2683 2626
f 2682 2627 2683
f 2683 2627 2626
f 2683 2684 2682
f 2682 2684 2671
f 2684 2685 2671
f 2671 2685 2668
f 2686 2684 2643
f 2643 2684 2683
f 2670 2640 2671
f 2671 2640 2682
f 2687 2686 2642
f 2642 2686 2643
f 2642 2641 2687
f 2687 2641 2644
f 2687 2644 2688
f 2688 2644 2678
f 2688 2689 2687
f 2687 2689 2686
f 2690 2691 2688
f 2688 2691 2689
f 2689 2685 2686
f 2686 2685 2684
f 2685 2689 2692
f 2692 2689 2691
f 2679 2690 2678
f 2678 2690 2688
f 2690 2679 2693
f 2693 2679 2694
f 2696 2697 2695
f 2695 2697 2693
f 2691 2690 2697
f 2697 2690 2693
f 2693 2694 2695
f 2695 2694 2673
f 2674 2673 2681
f 2681 2673 2694
f 2679 2677 2694
f 2694 2677 2681
f 2685 2692 2668
f 2668 2692 2669
f 2696 2672 2692
f 2692 2672 2669
f 2696 2692 2697
f 2697 2692 2691
f 2695 2667 2696
f 2696 2667 2672
f 2673 2664 2695
f 2695 2664 2667
f 2675 2654 2659
f 2659 2654 2647
f 2655 2654 2680
f 2680 2654 2675
f 2291 2156 2593
f 2593 2156 2594
f 2597 2602 2598
f 2598 2602 2605
f 2616 2617 2607
f 2607 2617 2608
f 2615 2610 2617
f 2617 2610 2608
f 2597 2596 2612
f 2612 2596 2698
f 2598 2605 2607
f 2607 2605 2616
f 2194 2291 2629
f 2629 2291 2593
f 2629 2618 2613
f 2613 2618 2614
f 2190 2610 2156
f 2156 2610 2594
f 2700 2010 2699
f 2699 2010 2086
f 2267 2701 2116
f 2116 2701 2702
f 2116 2702 2117
f 2117 2702 2703
f 2704 2705 2250
f 2250 2705 2254
f 2011 2706 2267
f 2267 2706 2701
f 2699 2086 2707
f 2707 2086 2289
f 2010 2700 2011
f 2011 2700 2706
f 2708 2707 2251
f 2251 2707 2289
f 2703 2704 2117
f 2117 2704 2250
f 2705 2708 2254
f 2254 2708 2251
f 2709 2710 2708
f 2708 2710 2707
f 2711 2709 2705
f 2705 2709 2708
f 2712 2711 2704
f 2704 2711 2705
f 2713 2712 2703
f 2703 2712 2704
f 2707 2710 2699
f 2699 2710 2714
f 2699 2714 2700
f 2700 2714 2715
f 2716 2706 2715
f 2715 2706 2700
f 2714 2710 2717
f 2717 2710 2718
f 2720 2721 2719
f 2719 2721 2722
f 2721 2723 2722
f 2722 2723 2724
f 2721 2725 2723
f 2723 2725 2726
f 2727 2728 2725
f 2725 2728 2726
f 2729 2725 2720
f 2720 2725 2721
f 2731 2729 2730
f 2730 2729 2720
f 2719 2732 2720
f 2720 2732 2730
f 2726 2733 2723
f 2723 2733 2724
f 2709 2711 2733
f 2733 2711 2724
f 2724 2711 2734
f 2734 2711 2712
f 2722 2724 2735
f 2735 2724 2734
f 2719 2722 2736
f 2736 2722 2735
f 2726 2728 2733
f 2733 2728 2718
f 2709 2733 2710
f 2710 2733 2718
f 2732 2719 2737
f 2737 2719 2736
f 2738 2739 2735
f 2735 2739 2736
f 2739 2740 2736
f 2736 2740 2737
f 2741 2742 2738
f 2738 2742 2739
f 2738 2743 2741
f 2741 2743 2744
f 2740 2739 2745
f 2745 2739 2742
f 2735 2734 2738
f 2738 2734 2743
f 2713 2743 2712
f 2712 2743 2734
f 2737 2746 2732
f 2732 2746 2747
f 2732 2747 2730
f 2730 2747 2731
f 2718 2728 2748
f 2748 2728 2727
f 2749 2750 2727
f 2727 2750 2748
f 2748 2751 2718
f 2718 2751 2717
f 2750 2752 2748
f 2748 2752 2751
f 2750 2749 2754
f 2754 2749 2753
f 2731 2747 2753
f 2753 2747 2754
f 2727 2725 2749
f 2749 2725 2729
f 2749 2729 2753
f 2753 2729 2731
f 2702 2755 2703
f 2703 2755 2713
f 2706 2716 2701
f 2701 2716 2756
f 2755 2702 2756
f 2756 2702 2701
f 2756 2757 2755
f 2755 2757 2744
f 2757 2758 2744
f 2744 2758 2741
f 2759 2757 2716
f 2716 2757 2756
f 2743 2713 2744
f 2744 2713 2755
f 2760 2759 2715
f 2715 2759 2716
f 2715 2714 2760
f 2760 2714 2717
f 2760 2717 2761
f 2761 2717 2751
f 2761 2762 2760
f 2760 2762 2759
f 2763 2764 2761
f 2761 2764 2762
f 2762 2758 2759
f 2759 2758 2757
f 2758 2762 2765
f 2765 2762 2764
f 2752 2763 2751
f 2751 2763 2761
f 2763 2752 2766
f 2766 2752 2767
f 2768 2769 2766
f 2766 2769 2770
f 2764 2763 2770
f 2770 2763 2766
f 2766 2767 2768
f 2768 2767 2746
f 2747 2746 2754
f 2754 2746 2767
f 2752 2750 2767
f 2767 2750 2754
f 2758 2765 2741
f 2741 2765 2742
f 2769 2745 2765
f 2765 2745 2742
f 2769 2765 2770
f 2770 2765 2764
f 2768 2740 2769
f 2769 2740 2745
f 2746 2737 2768
f 2768 2737 2740
f 2201 2212 2200
f 2200 2212 2214
f 2201 2202 2212
f 2212 2202 2185
f 2512 2581 2191
f 2191 2581 2192
f 2059 2290 2056
f 2056 2290 2272
f 2174 2199 2294
f 2294 2199 2278
f 2063 2175 2194
f 2194 2175 2291
f 2192 2581 2133
f 2133 2581 2490
f 2133 2132 2192
f 2192 2132 2189
f 2054 2276 2055
f 2055 2276 2138
f 2083 2279 2084
f 2084 2279 2771
f 2771 2279 2599
f 2599 2279 2596
f 2606 2772 2599
f 2599 2772 2771
f 2772 2773 2771
f 2771 2773 2084
f 2773 2774 2084
f 2084 2774 2085
f 2085 2775 2082
f 2082 2775 2144
f 2774 2078 2085
f 2085 2078 2775
f 2078 2774 2079
f 2079 2774 2776
f 2774 2773 2776
f 2776 2773 2777
f 2773 2772 2777
f 2777 2772 2778
f 2190 2189 2609
f 2609 2189 2778
f 2053 2052 2779
f 2779 2052 2181
f 2144 2775 2081
f 2081 2775 2078
f 2294 2153 2174
f 2174 2153 2175
f 2132 2276 2189
f 2189 2276 2778
f 2606 2609 2772
f 2772 2609 2778
f 2195 2613 2698
f 2698 2613 2612
f 2596 2279 2698
f 2698 2279 2195
f 2054 2777 2276
f 2276 2777 2778
f 2777 2054 2776
f 2776 2054 2053
f 2053 2779 2776
f 2776 2779 2079
f 2779 2181 2079
f 2079 2181 2080
f 2181 2239 2080
f 2080 2239 2240
f 2122 2256 2014
f 2042 1982 2076
f 2076 1982 2007
f 1982 1985 2007
f 2007 1985 2008
f 2095 2097 2265
f 2265 2097 2266
f 2076 2050 2042
f 2042 2050 2047
f 2046 2043 2047
f 2047 2043 2042
f 2118 1993 2046
f 2046 1993 2043
f 1995 1994 2118
f 2118 1994 1993
f 2267 1992 2011
f 2011 1992 2012
f 1997 2012 1994
f 1994 2012 1992
f 2226 2013 1997
f 1997 2013 2012
f 2225 2087 2226
f 2226 2087 2013
f 2225 2232 2087
f 2087 2232 2288
f 2232 2070 2288
f 2288 2070 2252
f 2070 2025 2252
f 2252 2025 2253
f 1988 2249 2025
f 2025 2249 2253
f 2116 2115 2267
f 2267 2115 2268
f 2096 1984 2237
f 2237 1984 1991
f 2095 1985 2096
f 2096 1985 1984
f 2265 2008 2095
f 2095 2008 1985
f 2092 2009 2265
f 2265 2009 2008
f 2091 2286 2092
f 2092 2286 2009
f 2255 2238 2091
f 2091 2238 2286
f 2256 2239 2255
f 2255 2239 2238
f 2122 2240 2256
f 2256 2240 2239
f 2121 2241 2122
f 2122 2241 2240
f 2022 2018 2097
f 2097 2018 2266
f 2022 2024 2018
f 2018 2024 2019
f 2024 2072 2019
f 2019 2072 2073
f 2072 2228 2073
f 2073 2228 2230
f 2228 2184 2230
f 2230 2184 2183
f 2121 2285 2241
f 2241 2285 2258
f 2285 2036 2258
f 2258 2036 2257
f 2177 2145 2193
f 2193 2145 2257
f 2173 2193 2196
f 2196 2193 2037
f 2036 2037 2257
f 2257 2037 2193
f 2196 2037 2066
f 2066 2037 2035
f 2061 2108 2034
f 2034 2108 2067
f 2108 2208 2067
f 2067 2208 2204
f 2208 2210 2204
f 2204 2210 2203
f 2210 2280 2203
f 2203 2280 2186
f 2183 2186 2235
f 2235 2186 2280
f 1987 2114 1988
f 1988 2114 2249
f 2237 2115 1987
f 1987 2115 2114
f 1991 2268 2237
f 2237 2268 2115
f 1991 1990 2268
f 2268 1990 1992
f 107 110 2781
f 2781 110 2780
f 117 2782 118
f 118 2782 2783
f 119 2784 120
f 120 2784 2785
f 125 2786 126
f 126 2786 2787
f 127 2788 128
f 128 2788 2789
f 127 132 2788
f 2788 132 2790
f 231 230 2792
f 2792 230 2791
f 118 2783 119
f 119 2783 2784
f 241 243 2794
f 2794 243 2793
f 2781 2795 107
f 107 2795 352
f 120 2785 437
f 437 2785 2796
f 126 2787 110
f 110 2787 2780
f 455 2797 456
f 456 2797 2798
f 128 2789 457
f 457 2789 2799
f 456 2798 117
f 117 2798 2782
f 2794 2797 241
f 241 2797 455
f 457 2799 125
f 125 2799 2786
f 132 231 2790
f 2790 231 2792
f 230 437 2791
f 2791 437 2796
f 2792 2789 2790
f 2790 2789 2788
f 2785 2784 2801
f 2801 2784 2800
f 2786 2802 2787
f 2787 2802 2803
f 2792 2791 2805
f 2805 2791 2804
f 2784 2783 2800
f 2800 2783 2806
f 2785 2801 2796
f 2796 2801 2807
f 2787 2803 2780
f 2780 2803 2808
f 2789 2809 2799
f 2799 2809 2810
f 2799 2810 2786
f 2786 2810 2802
f 2791 2796 2804
f 2804 2796 2807
f 2789 2792 2809
f 2809 2792 2805
f 2812 2797 2811
f 2811 2797 2794
f 2809 2805 2810
f 2810 2805 2804
f 2810 2804 2802
f 2802 2804 2807
f 2802 2807 2803
f 2803 2807 2801
f 2808 2803 2800
f 2800 2803 2801
f 2814 699 2813
f 2813 699 698
f 2808 2815 2780
f 2780 2815 2781
f 2817 2782 2816
f 2816 2782 2798
f 2815 2818 2781
f 2781 2818 2795
f 2797 2812 2798
f 2798 2812 2816
f 2783 2782 2806
f 2806 2782 2817
f 2800 2806 2808
f 2808 2806 2815
f 2794 2793 2811
f 2811 2793 2819
f 174 201 384
f 384 201 362
f 200 1766 390
f 390 1766 1777
f 1777 1778 390
f 390 1778 398
f 1778 361 398
f 398 361 222
f 2820 2821 628
f 628 2821 629
f 1406 2820 790
f 790 2820 628
f 794 1415 1233
f 1233 1415 1234
f 1406 790 1407
f 1407 790 1312
f 1407 1312 2822
f 2822 1312 1316
f 2823 1380 1543
f 1543 1380 1379
f 1385 1738 1382
f 1382 1738 1383
f 1381 791 1382
f 1382 791 1386
f 791 794 1386
f 1386 794 1233
f 1259 1390 1260
f 1260 1390 1389
f 1905 1542 1394
f 1394 1542 1395
f 1410 1413 1397
f 1397 1413 1398
f 2821 1410 629
f 629 1410 1397
f 2823 2822 1380
f 1380 2822 1316
f 1392 1395 1378
f 1378 1395 1379
f 1738 1399 1383
f 1383 1399 1398
f 1388 1235 1389
f 1389 1235 1234
f 1393 1391 1394
f 1394 1391 1390
f 1381 1384 779
f 779 1384 780
f 1282 788 792
f 792 788 793
f 1431 1262 1432
f 1432 1262 1261
f 1400 1342 1408
f 1408 1342 1409
f 1508 1544 1411
f 1411 1544 1412
f 788 787 793
f 793 787 1414
f 2821 2820 1429
f 1429 2820 1430
f 2822 2823 1506
f 1506 2823 1507
f 778 1282 779
f 779 1282 792
f 2820 1406 1430
f 1430 1406 1409
f 1410 2821 1411
f 1411 2821 1429
f 1407 2822 1408
f 1408 2822 1506
f 1544 781 1412
f 1412 781 780
f 1260 1415 1261
f 1261 1415 1414
f 1334 2824 923
f 923 2824 924
f 2826 1268 2825
f 2825 1268 1267
f 769 1212 2827
f 2827 1212 2828
f 1492 1190 1266
f 1266 1190 1267
f 1488 2829 1489
f 1489 2829 2830
f 922 1329 923
f 923 1329 1328
f 1484 2831 1485
f 1485 2831 2832
f 1482 2833 1485
f 1485 2833 1486
f 1324 1493 1489
f 1489 1493 1490
f 1265 1491 1266
f 1266 1491 1490
f 2835 2836 2834
f 2834 2836 2837
f 1250 2838 2827
f 2827 2838 2839
f 1488 1491 2840
f 2840 1491 2841
f 1268 2826 2842
f 2842 2826 2843
f 2844 2845 1495
f 1495 2845 1496
f 1427 2847 2846
f 2846 2847 926
f 2829 1488 2848
f 2848 1488 2840
f 1329 922 2849
f 2849 922 927
f 2850 2851 768
f 768 2851 1213
f 1265 1268 2852
f 2852 1268 2842
f 1491 1265 2841
f 2841 1265 2852
f 2854 2855 2853
f 2853 2855 2856
f 2855 2857 2856
f 2856 2857 598
f 2857 2858 598
f 598 2858 595
f 2858 2859 595
f 595 2859 626
f 649 652 2860
f 2860 652 2861
f 639 642 2862
f 2862 642 2863
f 2864 705 2862
f 2862 705 639
f 2865 1418 2864
f 2864 1418 705
f 2866 2867 2865
f 2865 2867 1418
f 1760 1348 1761
f 1761 1348 2867
f 1764 2868 1197
f 1197 2868 1198
f 2869 611 2868
f 2868 611 1198
f 2870 612 2869
f 2869 612 611
f 1352 1350 944
f 944 1350 688
f 1350 1256 688
f 688 1256 685
f 1256 1255 685
f 685 1255 692
f 1255 2871 692
f 692 2871 2872
f 701 2873 698
f 698 2873 2813
f 2872 1349 692
f 692 1349 693
f 1696 1744 1574
f 1574 1744 1575
f 1753 1618 1577
f 1577 1618 1578
f 1729 1594 1608
f 1608 1594 1609
f 1725 1630 1611
f 1611 1630 1612
f 1604 1607 1625
f 1625 1607 1626
f 1624 1703 1625
f 1625 1703 1912
f 1703 1702 1912
f 1912 1702 1913
f 1702 1753 1913
f 1913 1753 1577
f 1598 1569 1915
f 1915 1569 1578
f 1616 1615 1915
f 1915 1615 1916
f 1615 1696 1916
f 1916 1696 1574
f 1744 1745 1575
f 1575 1745 1917
f 1745 1565 1917
f 1917 1565 1609
f 1568 1725 1608
f 1608 1725 1611
f 2874 1613 1918
f 1918 1613 1612
f 1607 2874 1626
f 1626 2874 1918
f 1610 1613 1562
f 1562 1613 1563
f 1547 1550 1570
f 1570 1550 1571
f 1573 1576 1580
f 1580 1576 1581
f 1553 1556 1595
f 1595 1556 1596
f 1556 1582 1596
f 1596 1582 1581
f 1551 1547 1599
f 1599 1547 1570
f 1731 1914 1601
f 1601 1914 1602
f 1686 1689 1605
f 1605 1689 1606
f 1598 1743 1599
f 1599 1743 1692
f 2874 1607 1723
f 1723 1607 1606
f 1727 1553 1730
f 1730 1553 1595
f 1600 1686 1601
f 1601 1686 1605
f 1914 1572 1602
f 1602 1572 1571
f 1579 1693 1580
f 1580 1693 1692
f 1613 2874 1563
f 1563 2874 1723
f 1561 1727 1562
f 1562 1727 1730
f 1949 1742 1548
f 1548 1742 1549
f 1694 1949 1552
f 1552 1949 1548
f 1954 1589 1554
f 1554 1589 1555
f 1693 1579 1558
f 1558 1579 1559
f 1561 1564 1584
f 1584 1564 1585
f 1582 1556 1588
f 1588 1556 1555
f 1600 1603 1591
f 1591 1603 1592
f 1981 1977 1687
f 1687 1977 1688
f 1564 1722 1585
f 1585 1722 1690
f 1551 1693 1552
f 1552 1693 1558
f 1751 1954 1728
f 1728 1954 1554
f 1590 1981 1591
f 1591 1981 1687
f 1603 1550 1592
f 1592 1550 1549
f 1977 1691 1688
f 1688 1691 1690
f 1587 1560 1588
f 1588 1560 1559
f 1727 1561 1728
f 1728 1561 1584
f 2875 1919 1947
f 1947 1919 1948
f 1557 1560 1952
f 1952 1560 1953
f 1933 1932 1955
f 1955 1932 1956
f 1587 1589 1958
f 1958 1589 1956
f 1959 1933 1965
f 1965 1933 1955
f 1961 1964 1966
f 1966 1964 1967
f 1981 1590 1969
f 1969 1590 1967
f 1742 1949 1972
f 1972 1949 1948
f 1593 1742 1966
f 1966 1742 1972
f 1957 1950 1958
f 1958 1950 1953
f 1583 1586 1974
f 1974 1586 1975
f 1940 1943 1978
f 1978 1943 1979
f 1943 1976 1979
f 1979 1976 1975
f 1951 2875 1952
f 1952 2875 1947
f 1968 1940 1969
f 1969 1940 1978
f 1973 1959 1974
f 1974 1959 1965
f 1923 1971 1920
f 1920 1971 1921
f 1919 2875 1920
f 1920 2875 1924
f 2875 1951 1924
f 1924 1951 1926
f 1950 1957 1929
f 1929 1957 1930
f 2244 2243 1934
f 1934 2243 1935
f 1973 1976 1937
f 1937 1976 1938
f 1944 1980 1941
f 1941 1980 1942
f 1940 1968 1941
f 1941 1968 1945
f 2287 2244 1960
f 1960 2244 1934
f 1970 2245 1962
f 1962 2245 1963
f 2243 1931 1935
f 1935 1931 1930
f 1927 1926 1928
f 1928 1926 1929
f 1961 1922 1962
f 1962 1922 1921
f 2245 1946 1963
f 1963 1946 1945
f 1976 1943 1938
f 1938 1943 1942
f 1936 2287 1937
f 1937 2287 1960
f 743 1238 608
f 608 1238 609
f 607 1811 608
f 608 1811 744
f 1304 2876 1305
f 1305 2876 2877
f 586 585 1298
f 1298 585 1299
f 585 702 1299
f 1299 702 1300
f 702 1428 1300
f 1300 1428 1301
f 1238 586 609
f 609 586 1298
f 2878 2879 1218
f 1218 2879 2877
f 2880 2881 1812
f 1812 2881 1819
f 2883 1821 2882
f 2882 1821 1820
f 2840 2841 620
f 620 2841 621
f 2842 2843 795
f 795 2843 796
f 892 895 2844
f 2844 895 2845
f 2848 2840 942
f 942 2840 620
f 2849 927 1202
f 1202 927 1203
f 2852 2842 1270
f 1270 2842 795
f 2841 2852 621
f 621 2852 1270
f 941 1759 942
f 942 1759 2884
f 659 929 1427
f 1427 929 2847
f 1237 2851 751
f 751 2851 2850
f 1216 2885 1217
f 1217 2885 1754
f 2887 734 2886
f 2886 734 733
f 2889 1816 2888
f 2888 1816 1815
f 2890 1245 2889
f 2889 1245 1816
f 1824 2891 1825
f 1825 2891 1246
f 2892 2893 2895
f 2895 2893 2894
f 1854 1833 1851
f 1851 1833 1832
f 1851 1832 1884
f 1884 1832 1876
f 1884 1876 1441
f 1441 1876 1443
f 1441 1443 1442
f 1442 1443 1446
f 1442 1446 2896
f 2896 1446 1507
f 2897 2823 2898
f 2898 2823 1543
f 1542 2899 1543
f 1543 2899 2898
f 1542 1905 2899
f 2899 1905 2900
f 1905 1259 2900
f 2900 1259 2901
f 1262 1431 2902
f 2902 1431 1904
f 1431 1434 1904
f 1904 1434 1902
f 1902 1434 2903
f 2903 1434 719
f 2903 719 2904
f 2904 719 718
f 1869 1881 718
f 718 1881 2904
f 1881 1869 1880
f 1880 1869 756
f 1880 756 2905
f 2905 756 755
f 2905 755 2906
f 2906 755 758
f 762 2907 763
f 763 2907 2908
f 724 723 2909
f 2909 723 894
f 796 895 723
f 723 895 894
f 2843 2845 796
f 796 2845 895
f 2826 1496 2843
f 2843 1496 2845
f 2825 1497 2826
f 2826 1497 1496
f 1189 2836 2825
f 2825 2836 1497
f 797 891 798
f 798 891 2837
f 802 888 797
f 797 888 891
f 2910 2911 2913
f 2913 2911 2912
f 1780 1783 2915
f 2915 1783 2914
f 2916 2917 831
f 831 2917 832
f 2918 2919 845
f 845 2919 846
f 2920 2916 847
f 847 2916 831
f 2921 2922 857
f 857 2922 858
f 2923 2924 860
f 860 2924 861
f 2919 2912 846
f 846 2912 887
f 2925 2920 940
f 940 2920 847
f 2924 2926 861
f 861 2926 1204
f 2917 2918 832
f 832 2918 845
f 2927 2928 1449
f 1449 2928 1450
f 2929 2930 889
f 889 2930 2931
f 2896 1507 2897
f 2897 1507 2823
f 2902 2901 1262
f 1262 2901 1259
f 2932 2933 750
f 750 2933 1236
f 2933 2934 1236
f 1236 2934 1835
f 2936 2937 2935
f 2935 2937 2938
f 2940 2941 2939
f 2939 2941 2942
f 2943 2944 1841
f 1841 2944 1842
f 2945 1860 2944
f 2944 1860 1842
f 2945 2946 1860
f 1860 2946 1859
f 1889 2947 1890
f 1890 2947 1856
f 1856 2947 1857
f 1857 2947 2948
f 2950 709 2949
f 2949 709 1829
f 2952 730 2951
f 2951 730 729
f 2866 2953 2867
f 2867 2953 1761
f 2953 2954 1761
f 1761 2954 1420
f 2954 2955 1420
f 1420 2955 742
f 2955 2956 742
f 742 2956 739
f 2956 2957 739
f 739 2957 760
f 2957 2958 760
f 760 2958 761
f 2958 2959 761
f 761 2959 2960
f 2959 2961 2960
f 2960 2961 2962
f 2963 2964 1839
f 1839 2964 1840
f 2964 2965 1840
f 1840 2965 2942
f 2966 2950 2939
f 2939 2950 2949
f 2935 2967 2936
f 2936 2967 2968
f 2969 2970 736
f 736 2970 735
f 734 2887 1815
f 1815 2887 2888
f 2887 2882 2888
f 2888 2882 2881
f 1819 1820 1817
f 1817 1820 748
f 1195 1757 1197
f 1197 1757 1424
f 1757 647 1424
f 1424 647 646
f 647 648 646
f 646 648 643
f 648 1271 643
f 643 1271 737
f 1271 725 737
f 737 725 765
f 725 724 765
f 765 724 762
f 762 724 2907
f 2907 724 2909
f 1254 1437 2909
f 2909 1437 2907
f 1438 1253 1836
f 1836 1253 1835
f 1836 1835 2938
f 2938 1835 2934
f 2971 2972 2935
f 2935 2972 2967
f 897 896 2969
f 2969 896 2970
f 1815 1814 734
f 734 1814 731
f 728 1215 896
f 896 1215 732
f 2885 1216 733
f 733 1216 2886
f 1216 1219 2886
f 2886 1219 2883
f 2876 1304 1821
f 1821 1304 749
f 1304 1303 749
f 749 1303 746
f 1818 2973 1817
f 1817 2973 1810
f 747 2974 1818
f 1818 2974 2973
f 747 746 2974
f 2974 746 1303
f 2976 2977 2975
f 2975 2977 2978
f 2976 2979 2901
f 2901 2979 2900
f 2980 2981 2982
f 2982 2981 2979
f 2981 2980 2983
f 2983 2980 2984
f 2985 2897 2983
f 2983 2897 2898
f 2987 2988 2986
f 2986 2988 2985
f 2896 2988 1442
f 1442 2988 1439
f 1903 2977 1904
f 1904 2977 2902
f 1856 1855 1890
f 1890 1855 2989
f 2989 2990 1890
f 1890 2990 1359
f 2990 2991 1359
f 1359 2991 1356
f 2946 2992 1859
f 1859 2992 1893
f 2992 2993 1893
f 1893 2993 775
f 2993 2994 775
f 775 2994 776
f 2986 1356 2987
f 2987 1356 2991
f 2975 2978 776
f 776 2978 777
f 2982 2994 2980
f 2980 2994 2995
f 1357 2984 2995
f 2995 2984 2980
f 2995 2996 1357
f 1357 2996 1358
f 2996 2997 1358
f 1358 2997 1889
f 2998 2999 2932
f 2932 2999 2933
f 2999 2971 2933
f 2933 2971 2934
f 1837 1836 2937
f 2937 1836 2938
f 2943 1841 2941
f 2941 1841 1838
f 3001 2944 3000
f 3000 2944 2943
f 3001 3002 2944
f 2944 3002 2945
f 3002 3003 2945
f 2945 3003 2946
f 2997 3003 1889
f 1889 3003 2947
f 2947 3003 2948
f 2948 3003 3002
f 3001 3004 3002
f 3002 3004 2948
f 3000 3005 3001
f 3001 3005 3004
f 2940 3006 3000
f 3000 3006 3005
f 2999 3007 2971
f 2971 3007 2972
f 2998 2951 2999
f 2999 2951 3007
f 3008 2952 2998
f 2998 2952 2951
f 2966 2965 2936
f 2936 2965 2937
f 2935 2938 2971
f 2971 2938 2934
f 3003 2997 2946
f 2946 2997 2992
f 2997 2996 2992
f 2992 2996 2993
f 2996 2995 2993
f 2993 2995 2994
f 1356 2986 1357
f 1357 2986 2984
f 2982 2975 2994
f 2994 2975 776
f 1844 1843 1899
f 1899 1843 3009
f 1843 638 3009
f 3009 638 3010
f 638 637 3010
f 3010 637 3011
f 637 1830 3011
f 3011 1830 3012
f 1830 1833 3012
f 3012 1833 2894
f 1833 1854 2894
f 2894 1854 2895
f 1854 1853 2895
f 2895 1853 1888
f 1858 1857 1885
f 1885 1857 1892
f 1899 3009 1898
f 1898 3009 1874
f 3009 3010 1874
f 1874 3010 1865
f 3010 3011 1865
f 1865 3011 1862
f 3011 3012 1862
f 1862 3012 1882
f 3012 2894 1882
f 1882 2894 2893
f 1850 2890 782
f 782 2890 2889
f 783 2880 1811
f 1811 2880 1812
f 744 1810 745
f 745 1810 2973
f 745 2973 805
f 805 2973 806
f 2973 2974 806
f 806 2974 815
f 1303 812 2974
f 2974 812 815
f 1303 1302 812
f 812 1302 1221
f 1307 3013 1302
f 1302 3013 1221
f 1734 3014 1633
f 1633 3014 1634
f 1646 1649 1636
f 1636 1649 1637
f 1654 1657 1641
f 1641 1657 1642
f 1639 1736 1636
f 1636 1736 1684
f 1716 1713 1698
f 1698 1713 1699
f 1718 1721 1705
f 1705 1721 1706
f 1653 1654 1709
f 1709 1654 1641
f 1620 1623 1714
f 1714 1623 1699
f 1712 1682 1714
f 1714 1682 1740
f 1668 1671 1746
f 1746 1671 1747
f 1752 1650 1749
f 1749 1650 1750
f 1750 1650 1709
f 1709 1650 1653
f 1632 1668 1633
f 1633 1668 1746
f 1649 1752 1637
f 1637 1752 1749
f 1682 1643 1740
f 1740 1643 1642
f 3014 1685 1634
f 1634 1685 1684
f 1704 1748 1705
f 1705 1748 1747
f 1697 1707 1698
f 1698 1707 1706
f 1739 1701 1621
f 1621 1701 1622
f 1567 1566 1647
f 1647 1566 1648
f 1664 1695 1651
f 1651 1695 1652
f 1614 1617 1655
f 1655 1617 1656
f 1704 1707 1659
f 1659 1707 1660
f 3014 1734 1662
f 1662 1734 1663
f 1650 1752 1651
f 1651 1752 1665
f 1741 1657 1667
f 1667 1657 1656
f 1695 1614 1652
f 1652 1614 1655
f 1724 1567 1726
f 1726 1567 1647
f 1645 1628 1733
f 1733 1628 1663
f 1685 3014 1726
f 1726 3014 1662
f 1620 1741 1621
f 1621 1741 1667
f 1566 1666 1648
f 1648 1666 1665
f 1658 1737 1659
f 1659 1737 1901
f 1911 1661 1910
f 1910 1661 1660
f 1701 1911 1622
f 1622 1911 1910
f 1732 1748 1733
f 1733 1748 1901
f 1857 2948 1892
f 1892 2948 3004
f 1892 3004 1891
f 1891 3004 3005
f 1828 3006 1829
f 1829 3006 2949
f 2967 736 2968
f 2968 736 710
f 2972 2969 2967
f 2967 2969 736
f 2969 2972 897
f 897 2972 3007
f 897 3007 729
f 729 3007 2951
f 3016 753 3015
f 3015 753 752
f 3018 767 3017
f 3017 767 766
f 3019 3020 1249
f 1249 3020 3021
f 2915 2914 3019
f 3019 2914 3020
f 3023 2914 3022
f 3022 2914 1783
f 2827 2839 769
f 769 2839 766
f 3025 2838 3024
f 3024 2838 3021
f 768 767 2850
f 2850 767 3026
f 2850 3026 751
f 751 3026 752
f 750 753 2932
f 2932 753 3027
f 3008 2998 3027
f 3027 2998 2932
f 3028 3029 3008
f 3008 3029 2952
f 3029 3030 2952
f 2952 3030 730
f 3032 3033 3031
f 3031 3033 3034
f 3036 3037 3035
f 3035 3037 3038
f 2870 3039 612
f 612 3039 3040
f 3041 3042 3031
f 3031 3042 3038
f 3034 1352 3043
f 3043 1352 944
f 612 3040 613
f 613 3040 3044
f 613 3044 1425
f 1425 3044 1422
f 3045 3042 669
f 669 3042 670
f 3041 3043 599
f 599 3043 600
f 772 771 1544
f 1544 771 781
f 1503 771 1866
f 1866 771 770
f 771 1503 781
f 781 1503 778
f 61 281 416
f 416 281 1907
f 283 103 3046
f 3046 103 3047
f 76 79 3048
f 3048 79 3049
f 280 76 1906
f 1906 76 3048
f 3051 335 3050
f 3050 335 334
f 3053 417 3052
f 3052 417 416
f 3055 435 3054
f 3054 435 434
f 428 435 419
f 419 435 1908
f 420 1909 293
f 293 1909 443
f 79 294 3049
f 3049 294 444
f 3057 444 3056
f 3056 444 443
f 3051 3058 335
f 335 3058 452
f 216 215 1332
f 1332 215 452
f 308 283 462
f 462 283 3046
f 3050 334 3059
f 3059 334 462
f 103 62 3047
f 3047 62 417
f 313 312 434
f 434 312 463
f 3061 574 3060
f 3060 574 573
f 1310 3062 1428
f 1428 3062 3063
f 1258 3064 1255
f 1255 3064 2871
f 932 3065 2853
f 2853 3065 3066
f 699 2814 931
f 931 2814 3067
f 3068 1301 3063
f 3063 1301 1428
f 571 574 1310
f 1310 574 3062
f 3060 573 3069
f 3069 573 1332
f 3070 3071 1906
f 1906 3071 1907
f 3072 3073 1908
f 1908 3073 1909
f 3075 2814 3074
f 3074 2814 2813
f 2854 3076 1258
f 1258 3076 3064
f 2871 3077 2872
f 2872 3077 3078
f 3074 2813 3079
f 3079 2813 2873
f 2872 3078 1349
f 1349 3078 3080
f 2873 701 3068
f 3068 701 1301
f 1330 1201 3080
f 3080 1201 1349
f 1264 1263 3081
f 3081 1263 3082
f 3083 3084 3082
f 3082 3084 3081
f 811 1448 3086
f 3086 1448 3085
f 808 811 3087
f 3087 811 3086
f 3088 3083 833
f 833 3083 3082
f 884 3089 885
f 885 3089 3090
f 3087 1790 808
f 808 1790 816
f 1790 3087 1787
f 1787 3087 3091
f 3092 3091 3086
f 3086 3091 3087
f 3093 3094 3084
f 3084 3094 3095
f 3089 3096 3090
f 3090 3096 3088
f 3097 3093 3083
f 3083 3093 3084
f 3099 3100 3098
f 3098 3100 1786
f 3101 1788 2913
f 2913 1788 3102
f 838 837 885
f 885 837 886
f 886 837 3103
f 3103 837 1541
f 3094 3093 3104
f 3104 3093 3097
f 3105 3106 3089
f 3089 3106 3096
f 3108 3109 3107
f 3107 3109 3110
f 3111 3112 3091
f 3091 3112 1787
f 3114 3108 3113
f 3113 3108 3107
f 3114 3115 3112
f 3112 3115 3102
f 3091 3092 3111
f 3111 3092 3116
f 839 838 835
f 835 838 836
f 885 3090 838
f 838 3090 836
f 3110 3117 1247
f 1247 3117 3118
f 1247 3118 1248
f 1248 3118 3119
f 3120 3121 3119
f 3119 3121 1248
f 1247 844 3110
f 3110 844 3107
f 844 843 3107
f 3107 843 3113
f 843 3099 3113
f 3113 3099 3122
f 1781 3123 3098
f 3098 3123 3124
f 2915 2931 1780
f 1780 2931 2930
f 3019 3125 2915
f 2915 3125 2931
f 890 3125 2834
f 2834 3125 1252
f 3125 3019 1252
f 1252 3019 1249
f 907 908 946
f 946 908 947
f 1185 1188 1369
f 1369 1188 948
f 954 957 951
f 951 957 952
f 910 965 953
f 953 965 950
f 905 958 960
f 960 958 961
f 3126 978 949
f 949 978 962
f 936 935 967
f 967 935 968
f 994 993 969
f 969 993 966
f 902 904 971
f 971 904 972
f 983 985 973
f 973 985 970
f 906 905 974
f 974 905 960
f 977 981 959
f 959 981 975
f 911 910 1143
f 1143 910 953
f 952 957 1142
f 1142 957 1145
f 911 1143 1366
f 1366 1143 1368
f 1185 1369 1145
f 1145 1369 1142
f 993 1519 966
f 966 1519 1456
f 965 1454 950
f 950 1454 1457
f 900 899 1459
f 1459 899 1460
f 988 991 1461
f 1461 991 1458
f 899 963 1460
f 1460 963 1462
f 985 987 970
f 970 987 1463
f 904 906 972
f 972 906 974
f 981 983 975
f 975 983 973
f 935 900 968
f 968 900 1459
f 991 994 1458
f 1458 994 969
f 1154 1526 1088
f 1088 1526 1089
f 1109 1112 1092
f 1092 1112 1093
f 1083 1098 1084
f 1084 1098 1097
f 1078 1471 1100
f 1100 1471 1101
f 1075 1078 1104
f 1104 1078 1100
f 1152 1154 1156
f 1156 1154 1088
f 1156 1155 1372
f 1372 1155 1373
f 1372 1373 1104
f 1104 1373 1075
f 1467 1109 1465
f 1465 1109 1092
f 1465 1182 1468
f 1468 1182 1184
f 1474 1470 1096
f 1096 1470 1097
f 1102 1101 1083
f 1083 1101 1098
f 1112 1531 1093
f 1093 1531 1529
f 1102 1073 1099
f 1099 1073 1072
f 1526 1154 1079
f 1079 1154 1080
f 1081 1091 1082
f 1082 1091 1094
f 1069 1068 1085
f 1085 1068 1086
f 1153 1151 1080
f 1080 1151 1058
f 1371 1177 1179
f 1179 1177 1176
f 1099 1072 1103
f 1103 1072 1176
f 1068 1071 1086
f 1086 1071 1073
f 1085 1084 1180
f 1180 1084 1469
f 1066 1065 1183
f 1183 1065 1181
f 1153 1152 1177
f 1177 1152 1178
f 1091 1081 1182
f 1182 1081 1183
f 1057 1525 1079
f 1079 1525 1527
f 1120 1117 1076
f 1076 1117 1077
f 1087 1090 1107
f 1107 1090 1108
f 1127 1126 1110
f 1110 1126 1111
f 1095 1116 1096
f 1096 1116 1115
f 1471 1078 1119
f 1119 1078 1077
f 1087 1107 1155
f 1155 1107 1158
f 1376 1374 1157
f 1157 1374 1158
f 1076 1075 1374
f 1374 1075 1373
f 1109 1467 1110
f 1110 1467 1472
f 1467 1466 1472
f 1472 1466 1473
f 1135 1475 1114
f 1114 1475 1115
f 1471 1119 1095
f 1095 1119 1116
f 1126 1532 1111
f 1111 1532 1530
f 914 1276 1480
f 1480 1276 1517
f 3127 3128 1223
f 1223 3128 1224
f 824 933 1455
f 1455 933 3129
f 3131 1448 3130
f 3130 1448 1447
f 3132 3133 1452
f 1452 3133 1453
f 3130 1447 1322
f 1322 1447 1455
f 933 1514 3129
f 3129 1514 3134
f 1161 3135 1480
f 1480 3135 1481
f 3128 3136 1224
f 1224 3136 1499
f 3133 1162 1453
f 1453 1162 1517
f 1515 3127 1535
f 1535 3127 1223
f 3095 3085 3131
f 3131 3085 1448
f 3137 3092 3085
f 3085 3092 3086
f 3138 3116 3137
f 3137 3116 3092
f 3110 3109 3117
f 3117 3109 3139
f 3105 3140 3117
f 3117 3140 3118
f 3140 3141 3118
f 3118 3141 3119
f 3142 3120 3141
f 3141 3120 3119
f 1498 3143 1277
f 1277 3143 882
f 3144 3145 1340
f 1340 3145 1339
f 1340 3146 3144
f 3144 3146 3147
f 3145 3144 3143
f 3143 3144 3148
f 871 901 872
f 872 901 1362
f 3149 3148 3147
f 3147 3148 3144
f 1208 3150 1209
f 3098 1786 1781
f 1781 1786 1782
f 2930 2929 3123
f 3123 2929 2911
f 1794 1791 2916
f 2916 1791 2917
f 1793 3101 2918
f 2918 3101 2919
f 1796 1794 2920
f 2920 1794 2916
f 3151 3152 2921
f 2921 3152 2922
f 3153 3154 2923
f 2923 3154 2924
f 2919 3101 2912
f 2912 3101 2913
f 3155 1796 2925
f 2925 1796 2920
f 3154 3156 2924
f 2924 3156 2926
f 1791 1793 2917
f 2917 1793 2918
f 3157 3158 2927
f 2927 3158 2928
f 1780 2930 1781
f 1781 2930 3123
f 2825 1267 1189
f 1189 1267 1190
f 2827 2828 1250
f 1250 2828 1251
f 1489 2830 1324
f 1324 2830 1325
f 923 1328 1334
f 1334 1328 1335
f 1485 2832 1482
f 1482 2832 1483
f 1266 1490 1492
f 1492 1490 1493
f 1333 1346 1334
f 1334 1346 2824
f 722 799 1492
f 1492 799 1190
f 664 657 1482
f 1482 657 2833
f 631 634 1324
f 1324 634 1493
f 2828 1494 1251
f 1251 1494 2835
f 1249 3021 1250
f 1250 3021 2838
f 798 2837 1189
f 1189 2837 2836
f 3100 842 3160
f 3160 842 3159
f 1788 3101 1789
f 1789 3101 1793
f 1792 816 1789
f 1789 816 1790
f 817 816 1795
f 1795 816 1792
f 938 817 1797
f 1797 817 1795
f 1796 3155 1797
f 1797 3155 1798
f 3155 3158 1798
f 1798 3158 1799
f 3157 3152 1801
f 1801 3152 1802
f 3151 3156 1803
f 1803 3156 1804
f 3154 3153 1805
f 1805 3153 1806
f 3153 3161 1806
f 1806 3161 1807
f 3099 843 3100
f 3100 843 842
f 1788 1787 3102
f 3102 1787 3112
f 2910 3115 3124
f 3124 3115 3122
f 3099 3098 3122
f 3122 3098 3124
f 416 1907 3052
f 3052 1907 3071
f 3046 3047 3163
f 3163 3047 3162
f 249 445 259
f 259 445 3164
f 425 3165 424
f 424 3165 461
f 408 410 329
f 329 410 330
f 39 331 40
f 40 331 332
f 305 304 423
f 423 304 464
f 385 254 458
f 458 254 392
f 250 415 251
f 251 415 412
f 233 337 234
f 234 337 3166
f 435 3055 1908
f 1908 3055 3072
f 443 1909 3056
f 3056 1909 3073
f 3167 3049 3057
f 3057 3049 444
f 452 3058 1332
f 1332 3058 3069
f 234 3166 346
f 346 3166 411
f 3046 3163 462
f 462 3163 3059
f 259 3164 260
f 260 3164 336
f 3047 417 3162
f 3162 417 3053
f 463 3168 434
f 434 3168 3054
f 454 830 425
f 425 830 3165
f 3062 3169 3063
f 3063 3169 3170
f 1355 1354 1534
f 1534 1354 3171
f 3063 3170 3068
f 3068 3170 3172
f 574 3061 3062
f 3062 3061 3169
f 1534 3171 1535
f 1535 3171 3173
f 3079 2873 3172
f 3172 2873 3068
f 2838 3025 2839
f 2839 3025 3174
f 3176 3177 3175
f 3175 3177 3178
f 3180 1125 3179
f 3179 1125 1128
f 3182 3183 3181
f 3181 3183 3184
f 1134 3185 1130
f 1130 3185 3182
f 3186 3187 3189
f 3189 3187 3188
f 3191 3189 3190
f 3190 3189 3188
f 1137 1122 3190
f 3190 1122 3192
f 3175 3178 3193
f 3193 3178 3194
f 3181 3184 3179
f 3179 3184 3195
f 3197 3198 3196
f 3196 3198 3180
f 3200 3178 3199
f 3199 3178 3177
f 3202 3196 3201
f 3201 3196 3195
f 3204 3184 3203
f 3203 3184 3183
f 3206 3207 3205
f 3205 3207 3186
f 3205 3186 3208
f 3208 3186 3189
f 3209 3208 3191
f 3191 3208 3189
f 3210 3194 3200
f 3200 3194 3178
f 3201 3195 3204
f 3204 3195 3184
f 3197 3211 3177
f 3177 3211 3199
f 3213 3214 3212
f 3212 3214 3215
f 3217 3218 3216
f 3216 3218 3219
f 3221 3222 3220
f 3220 3222 3223
f 3225 3226 3224
f 3224 3226 3227
f 3229 3230 3228
f 3228 3230 3231
f 3233 3234 3232
f 3232 3234 3235
f 3237 3238 3236
f 3236 3238 3239
f 3238 3240 3239
f 3239 3240 3241
f 3232 3235 3242
f 3242 3235 3243
f 3245 3246 3244
f 3244 3246 3247
f 3248 3249 3245
f 3245 3249 3246
f 3251 3252 3250
f 3250 3252 3253
f 3255 3252 3254
f 3254 3252 3251
f 3256 3257 3259
f 3259 3257 3258
f 3261 3262 3260
f 3260 3262 3263
f 3265 3263 3264
f 3264 3263 3262
f 3256 3259 3266
f 3266 3259 3267
f 3269 3270 3268
f 3268 3270 3271
f 3269 3272 3270
f 3270 3272 3273
f 3274 3275 3277
f 3277 3275 3276
f 3278 3279 3276
f 3276 3279 3277
f 3281 3282 3280
f 3280 3282 3283
f 3280 3284 3281
f 3281 3284 3285
f 3287 3288 3286
f 3286 3288 3289
f 3290 3291 3288
f 3288 3291 3289
f 3234 3218 3235
f 3235 3218 3217
f 3232 3292 3233
f 3233 3292 3293
f 3239 3294 3236
f 3236 3294 3219
f 3233 3293 3237
f 3237 3293 3295
f 3296 3294 3241
f 3241 3294 3239
f 3240 3238 3297
f 3297 3238 3298
f 3217 3216 3235
f 3235 3216 3243
f 3297 3299 3240
f 3240 3299 3242
f 3246 3300 3247
f 3247 3300 3223
f 3301 3302 3254
f 3254 3302 3244
f 3249 3303 3246
f 3246 3303 3300
f 3245 3304 3248
f 3248 3304 3292
f 3252 3221 3253
f 3253 3221 3220
f 3250 3248 3299
f 3299 3248 3292
f 3222 3221 3255
f 3255 3221 3252
f 3297 3301 3251
f 3251 3301 3254
f 3258 3214 3259
f 3259 3214 3213
f 3257 3256 3304
f 3304 3256 3305
f 3263 3306 3260
f 3260 3306 3215
f 3261 3257 3302
f 3302 3257 3304
f 3307 3306 3265
f 3265 3306 3263
f 3262 3301 3264
f 3264 3301 3308
f 3259 3213 3267
f 3267 3213 3212
f 3308 3309 3264
f 3264 3309 3266
f 3270 3310 3271
f 3271 3310 3231
f 3311 3312 3278
f 3278 3312 3268
f 3270 3273 3310
f 3310 3273 3313
f 3272 3269 3305
f 3305 3269 3314
f 3277 3229 3274
f 3274 3229 3228
f 3275 3272 3309
f 3309 3272 3305
f 3279 3230 3277
f 3277 3230 3229
f 3276 3308 3278
f 3278 3308 3311
f 3281 3315 3282
f 3282 3315 3227
f 3290 3316 3283
f 3283 3316 3317
f 3281 3285 3315
f 3315 3285 3318
f 3284 3280 3314
f 3314 3280 3319
f 3289 3225 3286
f 3286 3225 3224
f 3287 3284 3312
f 3284 3314 3312
f 3291 3226 3289
f 3289 3226 3225
f 3288 3311 3290
f 3290 3311 3316
f 3212 3215 3307
f 3307 3215 3306
f 3294 3296 3219
f 3219 3296 3216
f 3303 3220 3300
f 3300 3220 3223
f 3224 3227 3318
f 3318 3227 3315
f 3228 3231 3313
f 3313 3231 3310
f 3234 3233 3236
f 3236 3233 3237
f 3243 3241 3242
f 3242 3241 3240
f 3247 3255 3244
f 3244 3255 3254
f 3253 3249 3250
f 3250 3249 3248
f 3260 3258 3261
f 3261 3258 3257
f 3266 3267 3264
f 3264 3267 3265
f 3268 3271 3278
f 3278 3271 3279
f 3274 3273 3275
f 3275 3273 3272
f 3283 3282 3290
f 3290 3282 3291
f 3286 3285 3287
f 3287 3285 3284
f 3218 3234 3219
f 3219 3234 3236
f 3295 3298 3237
f 3237 3298 3238
f 3216 3296 3243
f 3243 3296 3241
f 3242 3299 3232
f 3232 3299 3292
f 3223 3222 3247
f 3247 3222 3255
f 3244 3302 3245
f 3245 3302 3304
f 3303 3249 3220
f 3220 3249 3253
f 3297 3251 3299
f 3299 3251 3250
f 3215 3214 3260
f 3260 3214 3258
f 3301 3262 3302
f 3302 3262 3261
f 3212 3307 3267
f 3267 3307 3265
f 3266 3309 3256
f 3256 3309 3305
f 3271 3231 3279
f 3279 3231 3230
f 3268 3312 3269
f 3269 3312 3314
f 3228 3313 3274
f 3274 3313 3273
f 3308 3276 3309
f 3309 3276 3275
f 3282 3227 3291
f 3291 3227 3226
f 3317 3319 3283
f 3283 3319 3280
f 3224 3318 3286
f 3286 3318 3285
f 3312 3311 3287
f 3311 3288 3287
f 3320 3321 3194
f 3194 3321 3193
f 1375 3321 1121
f 1121 3321 3322
f 3323 3324 3322
f 3322 3324 3192
f 3175 1124 3176
f 3176 1124 1123
f 3179 3195 3180
f 3180 3195 3196
f 3181 1131 3182
f 3182 1131 1130
f 3207 3185 3186
f 3186 3185 3187
f 1136 3188 1133
f 1133 3188 3187
f 3190 3188 1137
f 1137 3188 1136
f 3193 1159 3175
f 3175 1159 1124
f 3179 1128 3181
f 3181 1128 1131
f 1533 3198 1123
f 1123 3198 3176
f 3321 1375 3193
f 3193 1375 1159
f 3321 3320 3322
f 3322 3320 3323
f 1122 1121 3192
f 3192 1121 3322
f 3194 3210 3320
f 3320 3210 3325
f 3324 3323 3327
f 3327 3323 3326
f 3320 3325 3323
f 3323 3325 3326
f 3208 3328 3205
f 3205 3328 3329
f 3330 3206 3329
f 3329 3206 3205
f 3203 3331 3204
f 3204 3331 3332
f 3210 3333 3325
f 3325 3333 3334
f 3325 3334 3326
f 3326 3334 3335
f 3327 3326 3336
f 3336 3326 3335
f 3327 3209 3324
f 3324 3209 3191
f 3190 3192 3191
f 3191 3192 3324
f 3338 3339 3337
f 3337 3339 3340
f 3338 3341 3339
f 3339 3341 3342
f 3341 3343 3342
f 3342 3343 3344
f 3343 3345 3344
f 3344 3345 3346
f 3345 3347 3346
f 3346 3347 3348
f 3347 3349 3348
f 3348 3349 3350
f 3337 3340 3351
f 3351 3340 3352
f 3351 3352 3353
f 3353 3352 3354
f 3353 3354 3355
f 3355 3354 3356
f 3350 3349 3357
f 3357 3349 3358
f 3355 3356 3359
f 3359 3356 3360
f 3359 3360 3361
f 3361 3360 3362
f 3361 3362 3363
f 3363 3362 3364
f 3363 3364 3358
f 3358 3364 3357
f 3339 3342 3365
f 3365 3342 3366
f 3342 3344 3366
f 3366 3344 3367
f 3344 3346 3367
f 3367 3346 3368
f 3346 3348 3368
f 3368 3348 3369
f 3348 3350 3369
f 3369 3350 3370
f 3368 3369 3371
f 3371 3369 3372
f 3369 3370 3372
f 3372 3370 3373
f 3373 3374 3372
f 3372 3374 3375
f 3377 3378 3376
f 3376 3378 3379
f 3377 3375 3378
f 3378 3375 3374
f 3375 3380 3372
f 3372 3380 3371
f 3377 3381 3375
f 3375 3381 3380
f 3376 3382 3377
f 3377 3382 3381
f 3384 3385 3383
f 3383 3385 3386
f 3384 3383 3388
f 3388 3383 3387
f 3388 3387 3389
f 3389 3387 3390
f 3392 3385 3391
f 3391 3385 3384
f 3388 3393 3384
f 3384 3393 3391
f 3389 3394 3388
f 3388 3394 3393
f 3389 3395 3394
f 3394 3395 3396
f 3395 3389 3397
f 3397 3389 3390
f 3339 3365 3340
f 3340 3365 3398
f 3340 3398 3352
f 3352 3398 3399
f 3371 3400 3368
f 3368 3400 3367
f 3400 3401 3367
f 3367 3401 3366
f 3366 3401 3365
f 3365 3401 3402
f 3398 3365 3403
f 3403 3365 3402
f 3398 3403 3399
f 3399 3403 3404
f 3403 3405 3404
f 3404 3405 3406
f 3352 3399 3354
f 3354 3399 3407
f 3399 3404 3407
f 3407 3404 3408
f 3404 3406 3408
f 3408 3406 3409
f 3405 3410 3406
f 3406 3410 3411
f 3410 3412 3411
f 3411 3412 3413
f 3397 3414 3395
f 3395 3414 3415
f 3417 3415 3416
f 3416 3415 3412
f 3410 3418 3412
f 3412 3418 3416
f 3410 3405 3418
f 3418 3405 3419
f 3405 3403 3419
f 3419 3403 3402
f 3370 3350 3420
f 3420 3350 3357
f 3373 3370 3421
f 3421 3370 3420
f 3374 3373 3422
f 3422 3373 3421
f 3378 3374 3423
f 3423 3374 3422
f 3378 3423 3379
f 3379 3423 3424
f 3424 3425 3379
f 3379 3425 3386
f 3383 3426 3387
f 3387 3426 3427
f 3387 3427 3390
f 3390 3427 3428
f 3390 3428 3397
f 3397 3428 3429
f 3429 3430 3397
f 3397 3430 3414
f 3411 3413 3431
f 3431 3413 3432
f 3406 3411 3409
f 3409 3411 3431
f 3401 3400 3335
f 3335 3400 3336
f 3401 3335 3402
f 3402 3335 3334
f 3402 3334 3419
f 3419 3334 3333
f 3419 3333 3418
f 3418 3333 3433
f 3418 3433 3416
f 3416 3433 3434
f 3435 3417 3434
f 3434 3417 3416
f 3394 3396 3436
f 3436 3396 3437
f 3393 3394 3332
f 3332 3394 3436
f 3393 3332 3391
f 3391 3332 3331
f 3330 3392 3331
f 3331 3392 3391
f 3382 3329 3381
f 3381 3329 3328
f 3354 3407 3356
f 3356 3407 3438
f 3356 3438 3360
f 3360 3438 3439
f 3360 3439 3362
f 3362 3439 3440
f 3362 3440 3364
f 3364 3440 3441
f 3364 3441 3357
f 3357 3441 3420
f 3421 3420 3442
f 3442 3420 3441
f 3442 3441 3443
f 3443 3441 3440
f 3443 3440 3444
f 3444 3440 3439
f 3444 3439 3445
f 3445 3439 3438
f 3445 3438 3408
f 3408 3438 3407
f 3422 3421 3446
f 3446 3421 3442
f 3446 3442 3447
f 3447 3442 3443
f 3447 3443 3448
f 3448 3443 3444
f 3448 3444 3449
f 3449 3444 3445
f 3449 3445 3409
f 3409 3445 3408
f 3409 3431 3449
f 3449 3431 3450
f 3449 3450 3448
f 3448 3450 3451
f 3451 3452 3448
f 3448 3452 3447
f 3447 3452 3446
f 3446 3452 3453
f 3446 3453 3422
f 3422 3453 3423
f 3424 3423 3454
f 3454 3423 3453
f 3452 3455 3453
f 3453 3455 3454
f 3452 3451 3455
f 3455 3451 3456
f 3450 3457 3451
f 3451 3457 3456
f 3431 3432 3450
f 3450 3432 3457
f 3454 3458 3424
f 3424 3458 3425
f 3427 3426 3459
f 3459 3426 3460
f 3428 3427 3461
f 3461 3427 3459
f 3428 3461 3429
f 3429 3461 3462
f 3462 3463 3429
f 3429 3463 3430
f 3464 3465 3462
f 3462 3465 3463
f 3455 3466 3454
f 3454 3466 3458
f 3465 3464 3466
f 3466 3464 3467
f 3461 3459 3468
f 3468 3459 3469
f 3468 3469 3464
f 3464 3469 3467
f 3464 3462 3468
f 3468 3462 3461
f 3459 3460 3469
f 3469 3460 3467
f 3295 3351 3298
f 3298 3351 3353
f 3353 3355 3298
f 3298 3355 3297
f 3297 3355 3301
f 3301 3355 3359
f 3301 3359 3308
f 3308 3359 3361
f 3308 3361 3311
f 3311 3361 3363
f 3311 3363 3316
f 3316 3363 3358
f 3316 3358 3317
f 3317 3358 3349
f 3349 3347 3317
f 3317 3347 3319
f 3347 3345 3319
f 3319 3345 3314
f 3345 3343 3314
f 3314 3343 3305
f 3343 3341 3305
f 3305 3341 3304
f 3304 3341 3292
f 3292 3341 3338
f 3292 3338 3293
f 3293 3338 3337
f 3293 3337 3295
f 3295 3337 3351
f 3437 3202 3436
f 3436 3202 3201
f 3436 3201 3332
f 3332 3201 3204
f 3433 3200 3434
f 3434 3200 3199
f 3211 3435 3199
f 3199 3435 3434
f 3333 3210 3433
f 3433 3210 3200
f 3380 3470 3371
f 3400 3371 3336
f 3336 3371 3470
f 3381 3328 3380
f 3380 3328 3470
f 3470 3328 3209
f 3209 3328 3208
f 3336 3470 3327
f 3327 3470 3209
f 1545 1763 1546
f 1546 1763 1762
f 1403 1546 773
f 773 1546 770
f 1221 3013 1220
f 1220 3013 3471
f 1305 2877 1306
f 1306 2877 2879
f 1220 3471 828
f 828 3471 829
f 1217 1754 3472
f 3472 1754 1756
f 1049 3473 1048
f 1048 3473 3474
f 1371 1179 3473
f 3473 1179 3474
f 1074 3475 1179
f 1179 3475 3474
f 3474 3475 1048
f 1048 3475 1056
f 919 666 1345
f 1345 666 665
f 856 680 919
f 919 680 666
f 679 680 1449
f 1449 680 858
f 1367 878 1500
f 1500 878 877
f 1366 908 1367
f 1367 908 878
f 1512 916 1513
f 1513 916 915
f 947 1368 948
f 948 1368 1369
f 1047 1021 1044
f 1044 1021 1020
f 1370 1049 1019
f 1019 1049 1020
f 1173 1030 1174
f 1174 1030 1033
f 3126 1188 1464
f 1464 1188 1187
f 1800 1451 1512
f 1512 1451 916
f 1175 1174 1186
f 1186 1174 1187
f 1030 1173 1047
f 1047 1173 1021
f 1513 915 3476
f 3476 915 1481
f 1345 665 3477
f 3477 665 1483
f 1502 1501 876
f 876 1501 877
f 1205 1451 1803
f 1803 1451 1802
f 3479 2832 3478
f 3478 2832 2831
f 1449 858 2927
f 2927 858 2922
f 908 1366 947
f 947 1366 1368
f 949 948 3126
f 3126 948 1188
f 3480 3135 1502
f 1502 3135 1501
f 2927 2922 3157
f 3157 2922 3152
f 3477 1483 3479
f 3479 1483 2832
f 1803 1802 3151
f 3151 1802 3152
f 663 658 664
f 664 658 657
f 655 658 939
f 939 658 706
f 1512 870 1800
f 1800 870 869
f 875 874 876
f 876 874 873
f 849 874 905
f 905 874 958
f 949 962 946
f 946 962 961
f 978 3126 979
f 979 3126 1464
f 1031 1168 1032
f 1032 1168 1022
f 1045 1013 1046
f 1046 1013 1012
f 1045 1044 1056
f 1056 1044 1048
f 1047 1046 1030
f 1030 1046 1031
f 939 706 940
f 940 706 1450
f 979 1464 1032
f 1032 1464 1033
f 3480 1478 3476
f 3476 1478 3134
f 2829 1487 2830
f 2830 1487 1486
f 848 1230 873
f 873 1230 1479
f 867 870 933
f 933 870 1514
f 1800 869 1801
f 1801 869 1799
f 2830 1486 1325
f 1325 1486 2833
f 940 1450 2925
f 2925 1450 2928
f 946 961 907
f 907 961 958
f 959 962 977
f 977 962 978
f 3476 3134 1513
f 1513 3134 1514
f 2925 2928 3155
f 3155 2928 3158
f 1325 2833 656
f 656 2833 657
f 1801 1799 3157
f 3157 1799 3158
f 1074 1055 3475
f 3475 1055 1056
f 1371 3473 1370
f 1370 3473 1049
f 2884 615 3481
f 3481 615 618
f 3478 2831 2846
f 2846 2831 617
f 2831 1484 617
f 617 1484 618
f 1484 1487 618
f 618 1487 3481
f 2848 3481 2829
f 2829 3481 1487
f 1480 1517 1161
f 1161 1517 1162
f 3129 1323 1455
f 1455 1323 1322
f 3129 3134 1323
f 1323 3134 1478
f 1535 3173 1515
f 1515 3173 1516
f 3085 3095 3137
f 3137 3095 3094
f 3137 3094 3138
f 3138 3094 3104
f 3117 3139 3105
f 3105 3139 3106
f 1138 1141 3127
f 3127 1141 3128
f 3081 3131 1264
f 1264 3131 3130
f 1227 1226 3132
f 3132 1226 3133
f 1264 3130 1229
f 1229 3130 1322
f 1160 1501 1161
f 1161 1501 3135
f 1141 1476 3128
f 3128 1476 3136
f 1226 1163 3133
f 3133 1163 1162
f 1363 1138 1515
f 1515 1138 3127
f 3084 3095 3081
f 3081 3095 3131
f 3089 884 3105
f 3105 884 3140
f 884 883 3140
f 3140 883 3141
f 883 3482 3141
f 3141 3482 3142
f 3476 1481 3480
f 3480 1481 3135
f 1502 1479 3480
f 3480 1479 1478
f 3168 463 440
f 714 1880 715
f 715 1880 2905
f 896 732 2970
f 2970 732 731
f 1263 834 3082
f 3082 834 833
f 898 1231 853
f 853 1231 854
f 3125 890 2931
f 2931 890 889
f 1237 893 2851
f 2851 893 892
f 898 853 899
f 899 853 963
f 988 987 989
f 989 987 986
f 1002 1007 1003
f 1003 1007 1006
f 1038 1036 1007
f 1007 1036 1004
f 1070 1052 1005
f 1005 1052 1006
f 1069 1067 1070
f 1070 1067 1052
f 1130 1129 1134
f 1134 1129 1135
f 879 1167 880
f 880 1167 1166
f 1171 1169 1037
f 1037 1169 1038
f 1085 1180 1069
f 1069 1180 1067
f 1209 1210 879
f 879 1210 1167
f 2885 1215 1754
f 1754 1215 1214
f 1263 855 834
f 834 855 854
f 708 1244 1826
f 1826 1244 1243
f 2909 894 1254
f 1254 894 893
f 1228 1361 964
f 964 1361 1360
f 2908 2907 1436
f 1436 2907 1437
f 2990 1440 2991
f 2991 1440 1439
f 964 1360 965
f 965 1360 1454
f 950 1457 951
f 951 1457 1456
f 970 1463 971
f 971 1463 1462
f 1025 1169 984
f 984 1169 986
f 1084 1097 1469
f 1469 1097 1470
f 1096 1115 1474
f 1474 1115 1475
f 1140 1361 1141
f 1141 1361 1476
f 1212 1495 2828
f 2828 1495 1494
f 880 1166 1452
f 1452 1166 1499
f 715 2905 1504
f 1504 2905 2906
f 954 1519 955
f 955 1519 1518
f 1026 1520 992
f 992 1520 1518
f 1029 1520 1043
f 1043 1520 1521
f 997 1522 1040
f 1040 1522 1521
f 1015 1522 1016
f 1016 1522 1523
f 1523 996 1524
f 1524 996 1062
f 1057 1060 1525
f 1525 1060 1524
f 1094 1528 1082
f 1082 1528 1527
f 1526 1528 1089
f 1089 1528 1529
f 1090 1531 1108
f 1108 1531 1530
f 1125 1533 1126
f 1126 1533 1532
f 3483 1755 727
f 727 1755 1214
f 735 1814 707
f 707 1814 1813
f 2891 1834 1246
f 1246 1834 1243
f 2904 1881 1847
f 1847 1881 1848
f 1852 1855 1853
f 1853 1855 1858
f 1902 2903 1877
f 1877 2903 1878
f 2903 2904 1878
f 1878 2904 1847
f 714 713 1848
f 1848 713 1849
f 1440 2990 1883
f 1883 2990 2989
f 1883 2989 1852
f 1852 2989 1855
f 2895 1888 2892
f 2892 1888 1887
f 774 777 1877
f 1877 777 1903
f 1251 2835 1252
f 1252 2835 2834
f 1213 2844 1212
f 1212 2844 1495
f 2851 892 1213
f 1213 892 2844
f 3123 2911 3124
f 3124 2911 2910
f 887 2929 888
f 888 2929 889
f 1435 2963 1436
f 1436 2963 2961
f 1253 1438 1254
f 1254 1438 1437
f 2970 731 735
f 735 731 1814
f 733 732 2885
f 2885 732 1215
f 2901 2902 2976
f 2976 2902 2977
f 2975 2982 2976
f 2976 2982 2979
f 2899 2900 2981
f 2981 2900 2979
f 2899 2981 2898
f 2898 2981 2983
f 2986 2985 2984
f 2984 2985 2983
f 2897 2985 2896
f 2896 2985 2988
f 2991 1439 2987
f 2987 1439 2988
f 777 2978 1903
f 1903 2978 2977
f 1885 1888 1858
f 1858 1888 1853
f 3090 3088 836
f 836 3088 833
f 3083 3088 3097
f 3097 3088 3096
f 3097 3096 3104
f 3104 3096 3106
f 3111 3116 3108
f 3108 3116 3109
f 3112 3111 3114
f 3114 3111 3108
f 3113 3122 3114
f 3114 3122 3115
f 891 890 2837
f 2837 890 2834
f 951 1456 954
f 954 1456 1519
f 967 1457 936
f 936 1457 1454
f 971 1462 902
f 902 1462 963
f 1461 1463 988
f 988 1463 987
f 1466 1468 1474
f 1474 1468 1470
f 1089 1529 1090
f 1090 1529 1531
f 1184 1181 1469
f 1469 1181 1180
f 1082 1527 1061
f 1061 1527 1525
f 1129 1473 1135
f 1135 1473 1475
f 1108 1530 1105
f 1105 1530 1532
f 1452 1499 3132
f 3132 1499 3136
f 3109 3116 3139
f 3139 3116 3138
f 2912 2911 887
f 887 2911 2929
f 2836 2835 1497
f 1497 2835 1494
f 2913 3102 2910
f 2910 3102 3115
f 1133 3187 1134
f 1134 3187 3185
f 3177 3176 3197
f 3197 3176 3198
f 3203 3183 3206
f 3206 3183 3207
f 3196 3202 3197
f 3197 3202 3211
f 3183 3182 3207
f 3207 3182 3185
f 1125 3180 1533
f 1533 3180 3198
f 3331 3203 3330
f 3330 3203 3206
f 3376 3379 3385
f 3385 3379 3386
f 3382 3376 3392
f 3392 3376 3385
f 3412 3415 3413
f 3413 3415 3414
f 3417 3396 3415
f 3415 3396 3395
f 3383 3386 3426
f 3426 3386 3425
f 3413 3414 3432
f 3432 3414 3430
f 3437 3396 3435
f 3435 3396 3417
f 3329 3382 3330
f 3330 3382 3392
f 3426 3425 3460
f 3460 3425 3458
f 3432 3430 3457
f 3457 3430 3463
f 3457 3463 3456
f 3456 3463 3465
f 3460 3458 3467
f 3467 3458 3466
f 3466 3455 3465
f 3465 3455 3456
f 3202 3437 3211
f 3211 3437 3435
f 3104 3106 3138
f 3138 3106 3139
f 3132 3136 1227
f 1227 3136 1476
f 943 687 600
f 600 687 601
f 596 625 667
f 667 625 1297
f 687 686 601
f 601 686 653
f 1319 784 711
f 711 784 712
f 1811 607 783
f 783 607 712
f 862 921 917
f 917 921 920
f 3478 925 3479
f 3479 925 924
f 2846 926 3478
f 3478 926 925
f 659 662 929
f 929 662 930
f 856 921 857
f 857 921 1204
f 1206 864 1207
f 1207 864 863
f 2876 1219 2877
f 2877 1219 1218
f 667 1297 593
f 593 1297 1296
f 917 920 1333
f 1333 920 1346
f 686 693 653
f 653 693 930
f 1277 913 1498
f 1498 913 1207
f 592 1536 610
f 610 1536 711
f 864 1206 1805
f 1805 1206 1804
f 1317 1536 1900
f 1900 1536 1809
f 1900 1809 1295
f 1295 1809 1296
f 3479 924 3477
f 3477 924 2824
f 927 926 1203
f 1203 926 2847
f 3484 2859 3032
f 3032 2859 3033
f 3472 2878 1217
f 1217 2878 1218
f 2889 2888 2880
f 2880 2888 2881
f 2886 2883 2887
f 2887 2883 2882
f 929 928 2847
f 2847 928 1203
f 857 1204 2921
f 2921 1204 2926
f 1820 1819 2882
f 2882 1819 2881
f 1821 2883 2876
f 2876 2883 1219
f 782 2889 783
f 783 2889 2880
f 1352 3034 1353
f 1353 3034 3033
f 3031 3034 3041
f 3041 3034 3043
f 944 943 3043
f 3043 943 600
f 1339 3145 1498
f 1498 3145 3143
f 1208 882 3148
f 3148 882 3143
f 2921 2926 3151
f 3151 2926 3156
f 3477 2824 1345
f 1345 2824 1346
f 1805 1804 3154
f 3154 1804 3156
f 886 3103 883
f 883 3103 3482
f 841 1248 3485
f 3485 1248 3121
f 2811 2819 2812
f 2812 2819 2816
f 2818 2815 2817
f 2817 2815 2806
f 2817 2816 2818
f 2818 2816 2819
f 2793 2795 2819
f 2819 2795 2818
f 243 352 2793
f 2793 352 2795
f 242 353 243
f 243 353 352
f 359 191 242
f 242 191 353
f 247 192 359
f 359 192 191
f 157 193 247
f 247 193 192
f 156 194 157
f 157 194 193
f 378 261 156
f 156 261 194
f 378 381 261
f 261 381 195
f 195 381 196
f 196 381 376
f 196 376 198
f 198 376 375
f 375 1776 198
f 198 1776 197
f 1776 1767 197
f 197 1767 274
f 181 274 199
f 199 274 1767
f 568 566 564
f 564 566 563
f 568 569 566
f 566 569 567
f 501 1773 1771
f 1771 1773 578
f 547 579 1773
f 1773 579 578
f 3486 470 474
f 474 470 469
f 450 582 3487
f 3487 582 3488
f 582 583 3488
f 3488 583 3489
f 583 584 3489
f 3489 584 3490
f 3490 584 3491
f 3491 584 543
f 470 3486 466
f 466 3486 467
f 3489 3490 503
f 503 3490 504
f 503 3492 3489
f 3489 3492 3488
f 3492 503 3493
f 3493 503 502
f 3495 3492 3494
f 3494 3492 3493
f 3487 3488 3495
f 3495 3488 3492
f 468 1774 465
f 465 1774 570
f 3494 3493 1775
f 1775 3493 1771
f 3490 3491 504
f 504 3491 1772
f 3491 543 1772
f 1772 543 548
f 450 3487 474
f 474 3487 3486
f 3495 467 3487
f 3487 467 3486
f 3494 468 3495
f 3495 468 467
f 468 3494 1774
f 1774 3494 1775
f 501 1771 502
f 502 1771 3493
f 527 366 384
f 384 366 365
f 522 524 527
f 527 524 366
f 521 534 522
f 522 534 524
f 530 535 521
f 521 535 534
f 508 486 513
f 513 486 532
f 513 532 541
f 541 532 535
f 667 668 596
f 596 668 597
f 1294 1297 624
f 624 1297 625
f 603 641 604
f 604 641 640
f 1290 1293 650
f 650 1293 651
f 1758 691 660
f 660 691 661
f 602 671 599
f 599 671 670
f 654 662 690
f 690 662 661
f 2856 598 695
f 695 598 597
f 602 654 671
f 671 654 690
f 604 640 676
f 676 640 704
f 1826 1829 708
f 708 1829 709
f 1288 1284 740
f 740 1284 741
f 755 754 758
f 758 754 759
f 2853 2856 932
f 932 2856 695
f 689 691 1192
f 1192 691 1193
f 784 1319 1240
f 1240 1319 1241
f 1813 1816 1244
f 1244 1816 1245
f 754 1288 759
f 759 1288 740
f 1894 1242 1318
f 1318 1242 1241
f 2867 1348 1418
f 1418 1348 1347
f 676 704 673
f 673 704 1347
f 1284 1287 741
f 741 1287 1419
f 1421 1426 1422
f 1422 1426 1425
f 1758 660 615
f 615 660 616
f 1192 1191 1421
f 1421 1191 1426
f 2962 1839 1504
f 1504 1839 1505
f 941 1194 1759
f 1759 1194 1193
f 1287 1537 1419
f 1419 1537 1760
f 1882 2893 1823
f 1823 2893 1824
f 1886 1891 1827
f 1827 1891 1828
f 1887 1886 1834
f 1834 1886 1827
f 1841 716 1838
f 1838 716 1505
f 782 784 1850
f 1850 784 1240
f 1239 1242 1863
f 1863 1242 1864
f 1242 1894 1864
f 1864 1894 1873
f 1822 1239 1823
f 1823 1239 1863
f 1318 1317 1895
f 1895 1317 1900
f 1894 1896 1873
f 1873 1896 1897
f 1291 1896 1292
f 1292 1896 1895
f 605 1898 606
f 606 1898 1897
f 1258 1257 2854
f 2854 1257 2855
f 1257 1351 2855
f 2855 1351 2857
f 1351 1353 2857
f 2857 1353 2858
f 1353 3033 2858
f 2858 3033 2859
f 2860 2861 3036
f 3036 2861 3037
f 2862 2863 2870
f 2870 2863 3039
f 2870 2869 2862
f 2862 2869 2864
f 2868 2865 2869
f 2869 2865 2864
f 1764 2866 2868
f 2868 2866 2865
f 1537 1199 1760
f 1760 1199 1348
f 615 2884 1758
f 1758 2884 1759
f 1825 1246 2890
f 2890 1246 1245
f 2893 2892 1824
f 1824 2892 2891
f 761 2960 758
f 758 2960 2906
f 3000 2943 2940
f 2940 2943 2941
f 2968 710 2950
f 2950 710 709
f 1764 1423 2866
f 2866 1423 2953
f 1423 645 2953
f 2953 645 2954
f 645 644 2954
f 2954 644 2955
f 644 738 2955
f 2955 738 2956
f 738 764 2956
f 2956 764 2957
f 764 763 2957
f 2957 763 2958
f 763 2908 2958
f 2958 2908 2959
f 2908 1436 2959
f 2959 1436 2961
f 1837 2964 1435
f 1435 2964 2963
f 1837 2937 2964
f 2964 2937 2965
f 2936 2968 2966
f 2966 2968 2950
f 1840 2942 1838
f 1838 2942 2941
f 2939 2949 2940
f 2940 2949 3006
f 2939 2942 2966
f 2966 2942 2965
f 1822 1825 1850
f 1850 1825 2890
f 1891 3005 1828
f 1828 3005 3006
f 3035 3038 3045
f 3045 3038 3042
f 3045 3044 3035
f 3035 3044 3040
f 669 1422 3045
f 3045 1422 3044
f 599 670 3041
f 3041 670 3042
f 931 3067 932
f 932 3067 3065
f 2853 3066 2854
f 2854 3066 3076
f 3067 3496 3065
f 3065 3496 3497
f 3066 3498 3076
f 3076 3498 3499
f 707 1813 708
f 708 1813 1244
f 2960 2962 2906
f 2906 2962 1504
f 2892 1887 2891
f 2891 1887 1834
f 1839 2962 2963
f 2963 2962 2961
f 595 626 596
f 596 626 625
f 623 626 3484
f 3484 626 2859
f 1291 1290 606
f 606 1290 603
f 1290 650 603
f 603 650 641
f 641 650 642
f 642 650 649
f 2860 2863 649
f 649 2863 642
f 3036 3039 2860
f 2860 3039 2863
f 3035 3040 3036
f 3036 3040 3039
f 1294 1293 1295
f 1295 1293 1292
f 624 651 1294
f 1294 651 1293
f 623 652 624
f 624 652 651
f 3484 2861 623
f 623 2861 652
f 3032 3037 3484
f 3484 3037 2861
f 3031 3038 3032
f 3032 3038 3037
f 3481 2848 2884
f 2884 2848 942
f 2846 617 1427
f 1427 617 616
f 3049 3167 3048
f 3048 3167 3500
f 1906 3048 3070
f 3070 3048 3500
f 1337 1768 3501
f 3501 1768 3502
f 3020 3503 3021
f 3021 3503 3024
f 2914 3023 3020
f 3020 3023 3503
f 859 1770 860
f 860 1770 3504
f 1336 3505 1768
f 1768 3505 3502
f 3065 3497 3066
f 3066 3497 3498
f 2814 3075 3067
f 3067 3075 3496
f 2839 3174 766
f 766 3174 3017
f 1337 3501 1338
f 1338 3501 1769
f 767 3018 3026
f 3026 3018 3506
f 3076 3499 3064
f 3064 3499 3507
f 727 730 3483
f 3483 730 3030
f 3064 3507 2871
f 2871 3507 3077
f 3100 3160 1786
f 1786 3160 1784
f 3026 3506 752
f 752 3506 3015
f 860 3504 2923
f 2923 3504 3508
f 753 3016 3027
f 3027 3016 3509
f 3027 3509 3008
f 3008 3509 3028
f 1782 1785 1783
f 1783 1785 3022
f 2923 3508 3153
f 3153 3508 3161
f 3148 3149 1208
f 1208 3149 3150
f 1335 1328 3510
f 3510 1328 1327
f 1336 1335 3505
f 3505 1335 3510
f 866 3511 1340
f 1340 3511 3146
f 865 1808 866
f 866 1808 3511
f 842 841 3159
f 3159 841 3485
f 2849 3512 1329
f 1329 3512 1326
f 1202 1331 2849
f 2849 1331 3512
f 3514 3515 3513
f 3513 3515 3516
f 3518 3516 3517
f 3517 3516 3515
f 3519 3520 3514
f 3514 3520 3515
f 3522 3523 3521
f 3521 3523 3524
f 3526 3527 3525
f 3525 3527 3528
f 3530 3531 3529
f 3529 3531 3532
f 3534 3535 3533
f 3533 3535 3536
f 3529 3532 3537
f 3537 3532 3538
f 3537 3539 3529
f 3529 3539 3540
f 3542 3543 3541
f 3541 3543 3544
f 3546 3547 3545
f 3545 3547 3548
f 3550 3534 3549
f 3549 3534 3533
f 3550 3543 3551
f 3551 3543 3552
f 3537 3545 3539
f 3539 3545 3548
f 3553 3554 3556
f 3556 3554 3555
f 3537 3557 3545
f 3545 3557 3546
f 3558 3559 3561
f 3561 3559 3560
f 3563 3564 3562
f 3562 3564 3565
f 3564 3563 3566
f 3566 3563 3567
f 3569 3570 3568
f 3568 3570 3571
f 3573 3574 3572
f 3572 3574 3575
f 3577 3578 3576
f 3576 3578 3579
f 3581 3582 3580
f 3580 3582 3583
f 3585 3586 3584
f 3584 3586 3579
f 3586 3587 3579
f 3579 3587 3576
f 3589 3590 3588
f 3588 3590 3591
f 3592 3593 3595
f 3595 3593 3594
f 3597 3598 3596
f 3596 3598 3595
f 3583 3600 3599
f 3599 3600 3601
f 3603 3599 3602
f 3602 3599 3601
f 3605 3606 3604
f 3604 3606 3607
f 3608 3555 3596
f 3596 3555 3554
f 3597 3610 3609
f 3609 3610 3565
f 3564 3611 3565
f 3565 3611 3609
f 3611 3564 3612
f 3612 3564 3566
f 3613 3614 3569
f 3569 3614 3570
f 3615 3616 3573
f 3573 3616 3574
f 3517 3617 3518
f 3518 3617 3618
f 3620 3621 3619
f 3619 3621 3622
f 3624 3625 3623
f 3623 3625 3626
f 3628 3629 3627
f 3627 3629 3630
f 3632 3633 3631
f 3631 3633 3634
f 3636 3637 3635
f 3635 3637 3638
f 3640 3641 3639
f 3639 3641 3642
f 3643 3644 3639
f 3639 3644 3640
f 3646 3513 3645
f 3645 3513 3647
f 3648 3514 3646
f 3646 3514 3513
f 3649 3519 3648
f 3648 3519 3514
f 3650 3651 3527
f 3527 3651 3652
f 3654 3651 3653
f 3653 3651 3650
f 3568 3571 3655
f 3655 3571 3656
f 3657 3658 3653
f 3653 3658 3659
f 3661 3662 3660
f 3660 3662 3658
f 3664 3665 3663
f 3663 3665 3666
f 3667 3657 3650
f 3650 3657 3653
f 3669 3523 3668
f 3668 3523 3670
f 3672 3673 3671
f 3671 3673 3674
f 3676 3677 3675
f 3675 3677 3678
f 3671 3674 3676
f 3676 3674 3677
f 3680 3681 3679
f 3679 3681 3682
f 3683 3684 3680
f 3680 3684 3681
f 3685 3686 3661
f 3661 3686 3662
f 3686 3687 3662
f 3662 3687 3688
f 3684 3683 3689
f 3689 3683 3690
f 3692 3693 3691
f 3691 3693 3694
f 3691 3694 3695
f 3695 3694 3696
f 3698 3699 3697
f 3697 3699 3700
f 3702 3703 3701
f 3701 3703 3704
f 3705 3706 3519
f 3519 3706 3520
f 3673 3672 3707
f 3707 3672 3708
f 3709 3710 3682
f 3682 3710 3679
f 3711 3712 3692
f 3692 3712 3693
f 3714 3715 3713
f 3713 3715 3716
f 3718 3700 3717
f 3717 3700 3699
f 3720 3721 3719
f 3719 3721 3722
f 3724 3725 3723
f 3723 3725 3726
f 3727 3728 3730
f 3730 3728 3729
f 3722 3721 3731
f 3731 3721 3732
f 3697 3700 3733
f 3733 3700 3714
f 3733 3714 3734
f 3734 3714 3713
f 3721 3723 3732
f 3732 3723 3735
f 3720 3736 3724
f 3724 3736 3737
f 3700 3718 3714
f 3714 3718 3715
f 3717 3699 3738
f 3738 3699 3739
f 3536 3740 3533
f 3533 3740 3540
f 3742 3743 3741
f 3741 3743 3744
f 3746 3747 3745
f 3745 3747 3748
f 3750 3751 3749
f 3749 3751 3752
f 3627 3632 3628
f 3628 3632 3631
f 3754 3755 3753
f 3753 3755 3626
f 3562 3565 3756
f 3756 3565 3610
f 3527 3652 3528
f 3528 3652 3757
f 3758 3524 3669
f 3669 3524 3523
f 3582 3598 3583
f 3583 3598 3600
f 3759 3670 3522
f 3522 3670 3523
f 3675 3678 3760
f 3760 3678 3761
f 3762 3763 3690
f 3690 3763 3689
f 3765 3766 3764
f 3764 3766 3767
f 3768 3739 3698
f 3698 3739 3699
f 3726 3725 3770
f 3770 3725 3769
f 3645 3647 3771
f 3771 3647 3772
f 3645 3678 3646
f 3646 3678 3677
f 3646 3677 3648
f 3648 3677 3674
f 3673 3649 3674
f 3674 3649 3648
f 3707 3773 3673
f 3673 3773 3649
f 3775 3776 3774
f 3774 3776 3777
f 3779 3526 3778
f 3778 3526 3525
f 3526 3779 3667
f 3667 3779 3780
f 3780 3781 3667
f 3667 3781 3657
f 3672 3679 3708
f 3708 3679 3710
f 3671 3680 3672
f 3672 3680 3679
f 3676 3683 3671
f 3671 3683 3680
f 3675 3690 3676
f 3676 3690 3683
f 3760 3762 3675
f 3675 3762 3690
f 3682 3681 3783
f 3783 3681 3782
f 3689 3784 3684
f 3684 3784 3785
f 3684 3785 3681
f 3681 3785 3782
f 3786 3709 3783
f 3783 3709 3682
f 3784 3689 3787
f 3787 3689 3763
f 3789 3557 3788
f 3788 3557 3790
f 3792 3793 3791
f 3791 3793 3794
f 3616 3615 3795
f 3795 3615 3796
f 3797 3798 3727
f 3727 3798 3728
f 3800 3801 3799
f 3799 3801 3802
f 3803 3578 3592
f 3592 3578 3593
f 3805 3806 3804
f 3804 3806 3807
f 3599 3603 3585
f 3585 3603 3586
f 3587 3586 3604
f 3604 3586 3603
f 3588 3591 3794
f 3794 3591 3791
f 3581 3803 3582
f 3582 3803 3592
f 3594 3561 3608
f 3608 3561 3790
f 3662 3688 3808
f 3808 3688 3809
f 3665 3664 3810
f 3810 3664 3811
f 3719 3812 3720
f 3720 3812 3736
f 3717 3813 3718
f 3718 3813 3737
f 3723 3721 3724
f 3724 3721 3720
f 3813 3717 3814
f 3814 3717 3738
f 3815 3816 303
f 303 3816 304
f 3818 3819 3817
f 3817 3819 3820
f 3578 3803 3579
f 3579 3803 3584
f 3558 3593 3577
f 3577 3593 3578
f 3822 3823 3821
f 3821 3823 3824
f 3546 3826 3825
f 3825 3826 3827
f 3828 3829 3547
f 3547 3829 3541
f 3831 3542 3830
f 3830 3542 3832
f 3834 3822 3833
f 3833 3822 3821
f 3835 3836 3827
f 3827 3836 3825
f 3800 3799 3828
f 3828 3799 3829
f 3830 3832 3837
f 3837 3832 3838
f 331 330 3551
f 3551 330 3839
f 3831 333 3552
f 3552 333 332
f 3819 3797 3841
f 3841 3797 3840
f 3513 3516 3647
f 3647 3516 3746
f 337 336 3745
f 3745 336 3772
f 3525 3528 3775
f 3775 3528 3749
f 3610 3597 3554
f 3554 3597 3596
f 3706 3702 3520
f 3520 3702 3701
f 3756 3610 3553
f 3553 3610 3554
f 3757 3750 3528
f 3528 3750 3749
f 3517 3515 3701
f 3701 3515 3520
f 3842 3584 3581
f 3581 3584 3803
f 3525 3775 3778
f 3778 3775 3774
f 3638 3843 3635
f 3635 3843 3618
f 3617 3621 3618
f 3618 3621 3635
f 3617 3517 3704
f 3704 3517 3701
f 3521 3624 3522
f 3522 3624 3623
f 3749 3844 3775
f 3775 3844 3776
f 3846 3847 3845
f 3845 3847 3848
f 3843 3747 3618
f 3618 3747 3518
f 3850 3851 3849
f 3849 3851 3748
f 3853 3854 3852
f 3852 3854 3855
f 3856 3857 3622
f 3622 3857 3619
f 3859 3860 3858
f 3858 3860 3861
f 3862 3844 3752
f 3752 3844 3749
f 3863 3759 3623
f 3623 3759 3522
f 3864 3777 3630
f 3630 3777 3776
f 3713 3865 3734
f 3734 3865 3866
f 3868 3869 3867
f 3867 3869 3870
f 3872 3873 3871
f 3871 3873 3874
f 3876 3877 3875
f 3875 3877 3878
f 3879 3880 3878
f 3878 3880 3881
f 3882 3883 3885
f 3885 3883 3884
f 3780 3886 3781
f 3781 3886 3887
f 3888 3685 3869
f 3869 3685 3661
f 3880 3879 3883
f 3883 3879 3884
f 3693 3783 3694
f 3694 3783 3782
f 3696 3785 3764
f 3764 3785 3784
f 3694 3782 3696
f 3696 3782 3785
f 3693 3786 3783
f 3787 3765 3784
f 3784 3765 3764
f 386 385 3765
f 3765 385 3766
f 3695 3889 3691
f 3691 3889 3890
f 3691 3890 3692
f 3692 3890 3891
f 3892 3711 3891
f 3891 3711 3692
f 3767 3893 3695
f 3695 3893 3889
f 3766 3894 3767
f 3767 3894 3893
f 3882 3885 3895
f 3895 3885 3896
f 3898 3698 3897
f 3897 3698 3697
f 3897 3697 3899
f 3899 3697 3733
f 3899 3733 3900
f 3900 3733 3734
f 3901 3768 3898
f 3898 3768 3698
f 3901 3902 3768
f 3768 3902 3903
f 3904 3905 3907
f 3907 3905 3906
f 3869 3661 3870
f 3870 3661 3660
f 3908 3909 3896
f 3896 3909 3895
f 3909 3758 3895
f 3895 3758 3669
f 3751 3531 3752
f 3752 3531 3848
f 3858 3536 3854
f 3854 3536 3535
f 3652 3562 3757
f 3757 3562 3756
f 3651 3654 3563
f 3563 3654 3567
f 3655 3656 3808
f 3808 3656 3659
f 3530 3740 3845
f 3845 3740 3861
f 3751 3750 3556
f 3556 3750 3553
f 3817 3820 3796
f 3796 3820 3795
f 410 409 3910
f 3910 409 3855
f 3750 3757 3553
f 3553 3757 3756
f 3908 3886 3909
f 3909 3886 3780
f 409 411 3855
f 3855 411 3851
f 413 412 3760
f 3760 412 3762
f 415 414 3763
f 3763 414 3787
f 3790 3557 3538
f 3538 3557 3537
f 3555 3608 3538
f 3538 3608 3790
f 3574 3911 3575
f 3575 3911 3912
f 3535 3534 3910
f 3910 3534 3839
f 3831 3552 3542
f 3542 3552 3543
f 3534 3550 3839
f 3839 3550 3551
f 3543 3550 3544
f 3544 3550 3549
f 3913 3914 3916
f 3916 3914 3915
f 3806 3805 3589
f 3589 3805 3590
f 3849 3843 3917
f 3917 3843 3638
f 3853 3644 3859
f 3859 3644 3742
f 3747 3746 3518
f 3518 3746 3516
f 3695 3696 3767
f 3767 3696 3764
f 3903 3918 3768
f 3768 3918 3739
f 3738 3739 3816
f 3816 3739 3918
f 3919 3920 3769
f 3769 3920 3770
f 3921 3726 3922
f 3922 3726 3770
f 3678 3645 3761
f 3761 3645 3771
f 3924 3913 3923
f 3923 3913 3916
f 3802 3925 3838
f 3838 3925 3837
f 3577 3926 3558
f 3558 3926 3559
f 3815 3919 3814
f 3814 3919 3769
f 3927 3928 3822
f 3822 3928 3823
f 3829 3832 3541
f 3541 3832 3542
f 3834 3927 3822
f 3832 3829 3838
f 3838 3829 3799
f 3745 3772 3746
f 3746 3772 3647
f 3849 3748 3843
f 3843 3748 3747
f 3854 3853 3858
f 3858 3853 3859
f 3854 3535 3855
f 3855 3535 3910
f 3557 3789 3546
f 3546 3789 3826
f 3923 3823 3924
f 3924 3823 3928
f 3823 3923 3929
f 3929 3923 3930
f 3531 3751 3532
f 3532 3751 3556
f 3532 3556 3538
f 3538 3556 3555
f 3932 3634 3931
f 3931 3634 3633
f 3814 3769 3813
f 3813 3769 3725
f 3620 3636 3621
f 3621 3636 3635
f 3847 3862 3848
f 3848 3862 3752
f 3531 3530 3848
f 3848 3530 3845
f 3933 3934 3830
f 3830 3934 3831
f 3925 3933 3837
f 3837 3933 3830
f 3934 440 3831
f 3831 440 333
f 3925 3802 3833
f 3833 3802 3801
f 3776 3844 3630
f 3630 3844 3627
f 3808 3659 3662
f 3662 3659 3658
f 3667 3650 3526
f 3526 3650 3527
f 3935 3666 3936
f 3936 3666 3665
f 3718 3737 3715
f 3715 3737 3736
f 3663 3809 3664
f 3664 3809 3688
f 3807 3806 3938
f 3938 3806 3937
f 445 413 3761
f 3761 413 3760
f 3902 447 3903
f 3903 447 446
f 3897 3890 3898
f 3898 3890 3889
f 3899 3891 3897
f 3897 3891 3890
f 3898 3889 3901
f 3901 3889 3893
f 3893 3894 3901
f 3901 3894 3902
f 414 386 3787
f 3787 386 3765
f 3940 3941 3939
f 3939 3941 3942
f 3840 3797 3943
f 3943 3797 3727
f 3665 3810 3936
f 3936 3810 3944
f 3921 3735 3726
f 3726 3735 3723
f 3920 3945 3770
f 3770 3945 3922
f 3521 3524 3774
f 3774 3524 3778
f 3864 3946 3625
f 3625 3946 3947
f 3773 3705 3649
f 3649 3705 3519
f 3779 3778 3758
f 3758 3778 3524
f 3812 3716 3736
f 3736 3716 3715
f 3624 3521 3777
f 3777 3521 3774
f 3703 3856 3704
f 3704 3856 3622
f 3900 3892 3899
f 3899 3892 3891
f 3641 3917 3642
f 3642 3917 3948
f 3895 3669 3882
f 3882 3669 3668
f 3855 3851 3852
f 3852 3851 3850
f 3894 458 3902
f 3902 458 447
f 3781 3887 3660
f 3660 3887 3870
f 3570 3566 3571
f 3571 3566 3567
f 3950 3576 3949
f 3949 3576 3587
f 3605 3602 3614
f 3614 3602 3612
f 3614 3612 3570
f 3570 3612 3566
f 3571 3567 3656
f 3656 3567 3654
f 3660 3658 3781
f 3781 3658 3657
f 3604 3607 3587
f 3587 3607 3949
f 3653 3659 3654
f 3654 3659 3656
f 3529 3540 3530
f 3530 3540 3740
f 3687 3811 3688
f 3688 3811 3664
f 3813 3725 3737
f 3737 3725 3724
f 3919 3815 461
f 461 3815 303
f 3818 3798 3819
f 3819 3798 3797
f 3819 3841 3820
f 3820 3841 3951
f 3816 3815 3738
f 3738 3815 3814
f 3540 3539 3533
f 3533 3539 3549
f 3548 3547 3544
f 3544 3547 3541
f 3539 3548 3549
f 3549 3548 3544
f 3741 3931 3860
f 3860 3931 3846
f 3801 3800 3835
f 3835 3800 3836
f 3934 3933 3824
f 3824 3933 3821
f 3825 3828 3546
f 3546 3828 3547
f 3833 3821 3925
f 3925 3821 3933
f 3800 3828 3836
f 3836 3828 3825
f 3824 3952 3934
f 3934 3952 440
f 3860 3846 3861
f 3861 3846 3845
f 3629 3946 3630
f 3630 3946 3864
f 3740 3536 3861
f 3861 3536 3858
f 3833 3801 3834
f 3834 3801 3835
f 3583 3599 3580
f 3580 3599 3585
f 3651 3563 3652
f 3652 3563 3562
f 3758 3909 3779
f 3779 3909 3780
f 3621 3617 3622
f 3622 3617 3704
f 3625 3947 3626
f 3626 3947 3753
f 3633 3632 3847
f 3847 3632 3862
f 3852 3850 3640
f 3640 3850 3641
f 3644 3853 3640
f 3640 3853 3852
f 3859 3742 3860
f 3860 3742 3741
f 3632 3627 3862
f 3862 3627 3844
f 3755 3863 3626
f 3626 3863 3623
f 3917 3638 3948
f 3948 3638 3637
f 3644 3643 3742
f 3742 3643 3743
f 3931 3633 3846
f 3846 3633 3847
f 3625 3624 3864
f 3864 3624 3777
f 3917 3641 3849
f 3849 3641 3850
f 3744 3932 3741
f 3741 3932 3931
f 3903 446 3918
f 3918 446 464
f 3953 3954 3956
f 3956 3954 3955
f 3958 3959 3957
f 3957 3959 3960
f 3876 3958 3877
f 3877 3958 3957
f 3877 3957 3961
f 3961 3957 3962
f 3963 3964 3958
f 3958 3964 3959
f 3965 3966 3876
f 3876 3966 3958
f 3966 3963 3958
f 3966 3967 3963
f 3963 3967 3968
f 3878 3877 3879
f 3879 3877 3961
f 3967 3969 3968
f 3968 3969 3970
f 3969 3971 3970
f 3970 3971 3972
f 3974 3904 3973
f 3973 3904 3907
f 3971 3975 3972
f 3972 3975 3976
f 3976 3975 3978
f 3978 3975 3977
f 3979 3980 3977
f 3977 3980 3978
f 3981 3982 3979
f 3979 3982 3980
f 3983 3984 3981
f 3981 3984 3982
f 3972 3985 3970
f 3970 3985 3986
f 3871 3987 3969
f 3969 3987 3971
f 3872 3871 3967
f 3967 3871 3969
f 3965 3872 3966
f 3966 3872 3967
f 3970 3986 3968
f 3968 3986 3988
f 3879 3961 3884
f 3884 3961 3940
f 3884 3940 3885
f 3885 3940 3939
f 3989 3990 3992
f 3992 3990 3991
f 3942 3993 3995
f 3995 3993 3994
f 3994 3996 3995
f 3995 3996 3974
f 3997 3998 3994
f 3994 3998 3996
f 3999 3997 3993
f 3993 3997 3994
f 4001 3996 4000
f 4000 3996 3998
f 4000 3998 4002
f 4002 3998 4003
f 4004 4003 3997
f 3997 4003 3998
f 3997 3999 4004
f 4004 3999 4005
f 4006 3995 3973
f 3973 3995 3974
f 3939 3942 4006
f 4006 3942 3995
f 3906 3887 3907
f 3907 3887 3886
f 3887 3906 3870
f 3870 3906 3867
f 3908 3973 3886
f 3886 3973 3907
f 3865 4007 3866
f 3866 4007 4008
f 3984 3983 4009
f 4009 3983 4010
f 3961 3962 3940
f 3940 3962 3941
f 4012 3868 4011
f 4011 3868 3867
f 4013 3975 3987
f 3987 3975 3971
f 4014 3977 4013
f 4013 3977 3975
f 4015 4010 4007
f 4007 4010 3983
f 4007 3983 4008
f 4008 3983 3981
f 4008 3981 4016
f 4016 3981 3979
f 4017 3984 4018
f 4018 3984 4009
f 3977 4014 3979
f 3979 4014 4016
f 3982 3984 4019
f 4019 3984 4017
f 4021 4022 4020
f 4020 4022 4023
f 4022 4012 4023
f 4023 4012 4011
f 4023 3904 4020
f 4020 3904 3974
f 4024 4025 4018
f 4018 4025 4017
f 4026 4027 4024
f 4024 4027 4025
f 4028 4026 4029
f 4029 4026 4024
f 4018 4021 4024
f 4024 4021 4029
f 4030 4031 4026
f 4026 4031 4027
f 4032 4030 4028
f 4028 4030 4026
f 4029 4001 4028
f 4028 4001 4000
f 4028 4000 4032
f 4032 4000 4002
f 4034 4035 4033
f 4033 4035 4036
f 4037 4038 4019
f 4019 4038 4039
f 4041 4039 4040
f 4040 4039 4038
f 4040 4038 4042
f 4042 4038 4036
f 4042 4036 4043
f 4043 4036 4035
f 3985 4044 4046
f 4046 4044 4045
f 4047 4048 4045
f 4045 4048 4046
f 4047 4049 4048
f 4048 4049 4050
f 4042 4047 4040
f 4040 4047 4045
f 4043 4049 4042
f 4042 4049 4047
f 4040 4045 4041
f 4041 4045 4044
f 4052 3959 4051
f 4051 3959 3964
f 4053 4054 4051
f 4051 4054 4055
f 3956 3960 4052
f 4052 3960 3959
f 3953 3956 4056
f 4056 3956 4052
f 4058 3953 4057
f 4057 3953 4056
f 4060 4061 4059
f 4059 4061 4062
f 4063 4064 4054
f 4054 4064 4057
f 4054 4053 4063
f 4063 4053 4065
f 4066 4067 4069
f 4069 4067 4068
f 4048 4050 4063
f 4063 4050 4064
f 4063 4065 4048
f 4048 4065 4046
f 3985 4046 3986
f 3986 4046 4065
f 3986 4065 3988
f 3988 4065 4053
f 3988 4053 3964
f 3964 4053 4051
f 3976 3978 4044
f 4044 3978 4041
f 3980 3982 4039
f 4039 3982 4019
f 4039 4041 3980
f 3980 4041 3978
f 3973 3908 4006
f 4006 3908 3896
f 3885 3939 3896
f 3896 3939 4006
f 4031 4034 4027
f 4027 4034 4033
f 4027 4033 4025
f 4025 4033 4037
f 4019 4017 4037
f 4037 4017 4025
f 3993 3942 4070
f 4070 3942 3941
f 3999 3993 4071
f 4071 3993 4070
f 3999 4071 4005
f 4005 4071 4072
f 4073 4074 4076
f 4076 4074 4075
f 4078 4079 4077
f 4077 4079 4080
f 4082 4080 4081
f 4081 4080 4079
f 4084 4085 4083
f 4083 4085 4086
f 4087 4088 4090
f 4090 4088 4089
f 4092 4093 4091
f 4091 4093 4094
f 4096 4097 4095
f 4095 4097 4098
f 4100 4101 4099
f 4099 4101 4102
f 4103 4104 4106
f 4106 4104 4105
f 4108 4109 4107
f 4107 4109 4110
f 4112 4113 4111
f 4111 4113 4114
f 4116 4117 4115
f 4115 4117 4118
f 4120 4121 4119
f 4119 4121 4122
f 4123 4124 4126
f 4126 4124 4125
f 4127 4128 4130
f 4130 4128 4129
f 4132 4133 4131
f 4131 4133 4134
f 4136 4108 4135
f 4135 4108 4107
f 4138 4139 4137
f 4137 4139 4140
f 4141 4142 4088
f 4088 4142 4089
f 4144 4145 4143
f 4143 4145 4146
f 4148 4149 4147
f 4147 4149 4150
f 4152 4153 4151
f 4151 4153 4154
f 4156 4082 4155
f 4155 4082 4081
f 4157 4158 4160
f 4160 4158 4159
f 4161 4162 4164
f 4164 4162 4163
f 4166 4122 4165
f 4165 4122 4121
f 4168 4152 4167
f 4167 4152 4151
f 4169 4170 4172
f 4172 4170 4171
f 4174 4175 4173
f 4173 4175 4176
f 4178 4149 4177
f 4177 4149 4179
f 4173 4176 4180
f 4180 4176 4181
f 4156 4085 4182
f 4182 4085 4183
f 4182 4184 4156
f 4156 4184 4082
f 4185 4186 4184
f 4184 4186 4187
f 4186 4188 4187
f 4187 4188 4189
f 4190 4191 4073
f 4073 4191 4074
f 4177 4179 4158
f 4158 4179 4159
f 4193 4127 4192
f 4192 4127 4130
f 4144 4194 4151
f 4151 4194 4167
f 4196 4197 4195
f 4195 4197 4198
f 4095 4199 4096
f 4096 4199 4200
f 4201 4202 4204
f 4204 4202 4203
f 4205 4206 4208
f 4208 4206 4207
f 4121 4120 4209
f 4209 4120 4210
f 4212 4213 4211
f 4211 4213 4214
f 4216 4217 4215
f 4215 4217 4218
f 4220 4221 4219
f 4219 4221 4222
f 4224 4196 4223
f 4223 4196 4195
f 4225 4226 4134
f 4134 4226 4131
f 4228 4229 4227
f 4227 4229 4230
f 4232 4233 4231
f 4231 4233 4098
f 4235 4236 4234
f 4234 4236 4237
f 4239 4240 4238
f 4238 4240 4241
f 4242 4243 4245
f 4245 4243 4244
f 4246 4247 4249
f 4249 4247 4248
f 4251 4252 4250
f 4250 4252 4253
f 4255 4256 4254
f 4254 4256 4257
f 4259 4260 4258
f 4258 4260 4261
f 4263 4264 4262
f 4262 4264 4265
f 4267 4268 4266
f 4266 4268 4269
f 4271 4199 4270
f 4270 4199 4272
f 4273 4274 4276
f 4276 4274 4275
f 4115 4118 4277
f 4277 4118 4278
f 4280 4281 4279
f 4279 4281 4282
f 4211 4283 4212
f 4212 4283 4284
f 4286 4287 4285
f 4285 4287 4288
f 4165 4121 4289
f 4289 4121 4209
f 4291 4286 4290
f 4290 4286 4285
f 4293 4294 4292
f 4292 4294 4295
f 4297 4298 4296
f 4296 4298 4299
f 4301 4302 4300
f 4300 4302 4303
f 4299 4304 4296
f 4296 4304 4305
f 4306 4292 4307
f 4307 4292 4295
f 4307 4308 4306
f 4306 4308 4309
f 4310 4309 4075
f 4075 4309 4308
f 4299 4298 4312
f 4312 4298 4311
f 4302 4301 4293
f 4293 4301 4294
f 3735 3921 4313
f 4313 3921 4314
f 4315 4314 3922
f 3922 4314 3921
f 4316 3945 829
f 829 3945 830
f 4289 4317 4165
f 4165 4317 4318
f 4320 4321 4319
f 4319 4321 4322
f 4324 4325 4323
f 4323 4325 4326
f 4327 4328 4330
f 4330 4328 4329
f 4290 4331 4291
f 4291 4331 4332
f 4165 4318 4166
f 4166 4318 4333
f 4334 4335 4337
f 4337 4335 4336
f 4339 4340 4338
f 4338 4340 4341
f 4168 4343 4342
f 4342 4343 4344
f 4346 4347 4345
f 4345 4347 4348
f 4350 4351 4349
f 4349 4351 4352
f 4354 4355 4353
f 4353 4355 4356
f 4357 4358 4324
f 4324 4358 4325
f 4337 4359 4334
f 4334 4359 4360
f 4362 4363 4361
f 4361 4363 4364
f 4366 4367 4365
f 4365 4367 4368
f 4369 4370 4372
f 4372 4370 4371
f 4331 4290 4374
f 4374 4290 4373
f 4373 4376 4375
f 4375 4376 4377
f 4379 4380 4378
f 4378 4380 4381
f 4217 4382 4218
f 4218 4382 4383
f 4385 4386 4384
f 4384 4386 4387
f 4388 4389 4338
f 4338 4389 4390
f 4337 4336 4392
f 4392 4336 4391
f 4394 4362 4393
f 4393 4362 4361
f 4396 4397 4395
f 4395 4397 4398
f 4400 4401 4399
f 4399 4401 4402
f 4345 4403 4346
f 4346 4403 4404
f 4405 4406 4342
f 4342 4406 4407
f 4409 4410 4408
f 4408 4410 4411
f 4408 4412 4409
f 4409 4412 4413
f 4181 4415 4414
f 4414 4415 4416
f 4182 4183 4417
f 4417 4183 4418
f 4419 4353 4311
f 4311 4353 4312
f 4421 4422 4420
f 4420 4422 4423
f 4353 4356 4312
f 4312 4356 4424
f 4166 4333 4425
f 4425 4333 4426
f 4425 4143 4166
f 4166 4143 4122
f 4427 4107 4428
f 4428 4107 4110
f 4429 4430 4174
f 4174 4430 4175
f 4335 4431 4336
f 4336 4431 4390
f 4336 4390 4391
f 4391 4390 4389
f 4432 4433 4435
f 4435 4433 4434
f 4437 4438 4436
f 4436 4438 4439
f 4441 4442 4440
f 4440 4442 4443
f 4359 4444 4361
f 4361 4444 4393
f 4446 4447 4445
f 4445 4447 4448
f 4338 4341 4388
f 4388 4341 4449
f 4450 4451 4398
f 4398 4451 4395
f 4453 4454 4452
f 4452 4454 4455
f 4457 4458 4456
f 4456 4458 4459
f 4460 4461 4448
f 4448 4461 4445
f 4463 4464 4462
f 4462 4464 4465
f 4462 4465 4466
f 4466 4465 4467
f 4468 4469 4467
f 4467 4469 4466
f 4469 4468 4470
f 4470 4468 4471
f 4472 4473 4471
f 4471 4473 4470
f 4475 4476 4474
f 4474 4476 4477
f 4479 4480 4478
f 4478 4480 4481
f 4483 4484 4482
f 4482 4484 4485
f 4487 4488 4486
f 4486 4488 4489
f 4491 4492 4490
f 4490 4492 4493
f 4494 4495 4493
f 4493 4495 4490
f 4496 4497 4494
f 4494 4497 4495
f 4497 4496 4498
f 4498 4496 4499
f 4500 4501 4503
f 4503 4501 4502
f 4505 4506 4504
f 4504 4506 4507
f 4466 4508 4462
f 4462 4508 4509
f 4470 4510 4469
f 4469 4510 4511
f 4513 4479 4512
f 4512 4479 4478
f 4515 4443 4514
f 4514 4443 4442
f 4516 4517 4519
f 4519 4517 4518
f 4521 4495 4520
f 4520 4495 4497
f 4522 4490 4521
f 4521 4490 4495
f 4491 4523 4488
f 4488 4523 4524
f 4525 4489 4524
f 4524 4489 4488
f 4484 4526 4485
f 4485 4526 4527
f 4503 4528 4500
f 4500 4528 4529
f 4530 4531 4533
f 4533 4531 4532
f 4535 4506 4534
f 4534 4506 4530
f 4486 4536 4487
f 4487 4536 4537
f 4487 4537 4492
f 4492 4537 4538
f 4494 4539 4496
f 4496 4539 4540
f 4542 4533 4541
f 4541 4533 4499
f 4544 4545 4543
f 4543 4545 4546
f 4548 4549 4547
f 4547 4549 4550
f 4536 4551 4537
f 4537 4551 4552
f 4537 4552 4538
f 4538 4552 4553
f 4554 4539 4556
f 4556 4539 4555
f 4557 4540 4554
f 4554 4540 4539
f 4559 4557 4558
f 4558 4557 4560
f 4540 4557 4541
f 4541 4557 4559
f 4562 4563 4561
f 4561 4563 4564
f 4546 4565 4543
f 4543 4565 4566
f 4547 4567 4548
f 4548 4567 4568
f 4570 4571 4569
f 4569 4571 4572
f 4574 4575 4573
f 4573 4575 4576
f 4578 4579 4577
f 4577 4579 4580
f 4582 4583 4581
f 4581 4583 4584
f 4585 4586 4588
f 4588 4586 4587
f 4589 4585 4590
f 4590 4585 4588
f 4592 4593 4591
f 4591 4593 4594
f 4596 4597 4595
f 4595 4597 4598
f 4600 4601 4599
f 4599 4601 4602
f 4563 4604 4603
f 4603 4604 4605
f 4603 4606 4608
f 4608 4606 4607
f 4609 4610 4594
f 4594 4610 4591
f 4611 4612 4614
f 4614 4612 4613
f 4616 4617 4615
f 4615 4617 4618
f 4602 4620 4619
f 4619 4620 4621
f 4619 4622 4602
f 4602 4622 4599
f 4605 4599 4623
f 4623 4599 4622
f 4605 4623 4603
f 4603 4623 4606
f 4625 4626 4624
f 4624 4626 4627
f 4438 4437 4628
f 4628 4437 4629
f 4442 4441 4630
f 4630 4441 4631
f 4630 4632 4442
f 4442 4632 4514
f 4633 4634 4529
f 4529 4634 4500
f 4500 4634 4501
f 4501 4634 4635
f 4637 4546 4636
f 4636 4546 4545
f 4639 4565 4638
f 4638 4565 4640
f 4573 4576 4641
f 4641 4576 4642
f 4593 4643 4594
f 4594 4643 4644
f 4645 4609 4644
f 4644 4609 4594
f 4647 4648 4646
f 4646 4648 4649
f 4651 4652 4650
f 4650 4652 4653
f 4654 4498 4519
f 4519 4498 4532
f 4520 4508 4521
f 4521 4508 4511
f 4522 4510 4523
f 4523 4510 4655
f 4524 4656 4525
f 4525 4656 4657
f 4514 4529 4515
f 4515 4529 4528
f 4658 4659 4661
f 4661 4659 4660
f 4496 4540 4499
f 4499 4540 4541
f 4493 4555 4494
f 4494 4555 4539
f 4549 4483 4550
f 4550 4483 4482
f 4545 4544 4501
f 4501 4544 4502
f 4636 4545 4635
f 4635 4545 4501
f 4589 4663 4662
f 4662 4663 4664
f 4662 4665 4558
f 4558 4665 4559
f 4569 4586 4570
f 4570 4586 4560
f 4552 4666 4553
f 4553 4666 4667
f 4668 4669 4670
f 4670 4669 4666
f 4672 4673 4671
f 4671 4673 4674
f 4287 4675 4288
f 4288 4675 4676
f 4678 4679 4677
f 4677 4679 4680
f 4681 4678 4682
f 4682 4678 4677
f 4682 4683 4681
f 4681 4683 4684
f 4161 4164 4685
f 4685 4164 4686
f 4414 4687 4689
f 4689 4687 4688
f 4405 4690 4346
f 4346 4690 4347
f 4691 4399 4693
f 4693 4399 4692
f 1209 4694 4365
f 4365 4694 4366
f 4650 1211 4651
f 4651 1211 1210
f 4695 4696 4255
f 4255 4696 4256
f 4697 4698 4218
f 4218 4698 4215
f 4700 4701 4699
f 4699 4701 4702
f 4703 4704 4303
f 4303 4704 4300
f 4315 3922 4316
f 4316 3922 3945
f 4653 4706 4705
f 4705 4706 4707
f 4709 4710 4708
f 4708 4710 4711
f 4335 4334 4713
f 4713 4334 4712
f 4714 4340 4321
f 4321 4340 4322
f 4716 4717 4715
f 4715 4717 4718
f 4238 4241 4719
f 4719 4241 4720
f 4231 4721 4307
f 4307 4721 4308
f 4723 4724 4722
f 4722 4724 4725
f 4727 4728 4726
f 4726 4728 4729
f 4730 4731 4327
f 4327 4731 4328
f 4733 4734 4732
f 4732 4734 4735
f 4720 4381 4736
f 4736 4381 4737
f 4738 4739 4741
f 4741 4739 4740
f 4743 4744 4742
f 4742 4744 4745
f 4338 4390 4339
f 4339 4390 4431
f 4746 4747 4431
f 4431 4747 4339
f 4291 4332 4289
f 4289 4332 4317
f 4289 4209 4291
f 4291 4209 4286
f 4287 4286 4210
f 4210 4286 4209
f 4749 4750 4748
f 4748 4750 4751
f 4212 4284 4752
f 4752 4284 4753
f 4752 4754 4212
f 4212 4754 4213
f 4252 4251 4225
f 4225 4251 4226
f 4227 4230 4248
f 4248 4230 4249
f 4205 4755 4757
f 4757 4755 4756
f 4708 4711 4758
f 4758 4711 4647
f 4367 4366 4759
f 4759 4366 4760
f 4526 4513 4527
f 4527 4513 4512
f 4420 4423 4385
f 4385 4423 4386
f 4705 4761 4653
f 4653 4761 4650
f 4761 1279 4650
f 4650 1279 1211
f 4762 4763 3944
f 3944 4763 3936
f 4274 4273 4765
f 4765 4273 4764
f 4767 4768 4766
f 4766 4768 4769
f 4770 4771 4769
f 4769 4771 4766
f 4771 4770 4242
f 4242 4770 4243
f 4093 4163 4094
f 4094 4163 4162
f 4772 4773 4775
f 4775 4773 4774
f 4777 4778 4776
f 4776 4778 4779
f 4417 4185 4182
f 4182 4185 4184
f 4780 4078 4781
f 4781 4078 4077
f 4781 4077 4782
f 4782 4077 4189
f 4188 4783 4189
f 4189 4783 4782
f 4295 4232 4307
f 4307 4232 4231
f 4785 4786 4784
f 4784 4786 4787
f 4784 1307 4785
f 4785 1307 1306
f 4078 4780 4096
f 4096 4780 4097
f 4075 4074 4310
f 4310 4074 4788
f 4788 4074 4789
f 4789 4074 4191
f 4789 4191 4059
f 4059 4191 4790
f 4791 4277 4792
f 4792 4277 4278
f 3732 3735 4793
f 4793 3735 4313
f 4793 4794 3732
f 3732 4794 3731
f 4792 4795 4791
f 4791 4795 4796
f 4797 4798 4799
f 4799 4798 4724
f 4763 4800 3936
f 3936 4800 3935
f 4801 4062 3729
f 3729 4062 3730
f 4713 4712 4802
f 4802 4712 4803
f 4146 4804 4119
f 4119 4804 4805
f 4498 4654 4497
f 4497 4654 4520
f 4806 4807 1326
f 1326 4807 1327
f 4689 4688 1330
f 1330 4688 1331
f 4801 4789 4062
f 4062 4789 4059
f 3730 4062 4808
f 4808 4062 4061
f 4810 4811 4809
f 4809 4811 4812
f 4813 4403 4814
f 4814 4403 4345
f 4815 4816 4349
f 4349 4816 4350
f 4817 4818 4820
f 4820 4818 4819
f 4406 4821 4407
f 4407 4821 4822
f 4823 4161 4824
f 4824 4161 4685
f 4181 4414 4825
f 4825 4414 4689
f 4741 4740 4826
f 4826 4740 4827
f 4828 4829 4827
f 4827 4829 4826
f 4142 4141 4415
f 4415 4141 4148
f 4830 1354 4761
f 4761 1354 1279
f 4832 4833 4831
f 4831 4833 4834
f 4835 4836 4626
f 4626 4836 4421
f 4451 4709 4395
f 4395 4709 4708
f 4627 4420 4837
f 4837 4420 4385
f 4837 1365 4838
f 4838 1365 1364
f 4397 4396 4839
f 4839 4396 4840
f 4842 4628 4841
f 4841 4628 4629
f 4671 4674 4631
f 4631 4674 4630
f 4674 4659 4630
f 4630 4659 4632
f 4633 4632 4658
f 4658 4632 4659
f 4658 4504 4633
f 4633 4504 4634
f 4635 4634 4507
f 4507 4634 4504
f 4843 4636 4507
f 4507 4636 4635
f 4844 4637 4843
f 4843 4637 4636
f 4637 4844 4640
f 4640 4844 4664
f 4638 4663 4642
f 4642 4663 4845
f 4847 4643 4846
f 4846 4643 4641
f 4644 4848 4645
f 4645 4848 4849
f 4851 4852 4850
f 4850 4852 4853
f 4855 4856 4854
f 4854 4856 4857
f 4859 4860 4858
f 4858 4860 4857
f 4715 4718 4859
f 4859 4718 4860
f 4862 4863 4861
f 4861 4863 4864
f 4866 4867 4865
f 4865 4867 4868
f 4870 4871 4869
f 4869 4871 4872
f 4869 4872 4116
f 4116 4872 4117
f 4820 4819 4874
f 4874 4819 4873
f 4876 4877 4875
f 4875 4877 4878
f 4880 4881 4879
f 4879 4881 4882
f 4884 4885 4883
f 4883 4885 4886
f 4887 4888 4280
f 4280 4888 4281
f 4818 4817 4889
f 4889 4817 4890
f 4891 4193 4823
f 4823 4193 4192
f 4892 4893 4228
f 4228 4893 4229
f 4158 4157 4894
f 4894 4157 4895
f 4896 4897 4132
f 4132 4897 4133
f 4099 4683 4100
f 4100 4683 4682
f 4101 4100 4899
f 4899 4100 4898
f 4150 4106 4147
f 4147 4106 4900
f 4100 4682 4898
f 4898 4682 4677
f 4080 4082 4187
f 4187 4082 4184
f 4077 4080 4189
f 4189 4080 4187
f 4191 4190 4790
f 4790 4190 4901
f 4177 4158 4680
f 4680 4158 4894
f 4108 4136 4752
f 4752 4136 4754
f 4752 4753 4108
f 4108 4753 4109
f 4817 4902 4890
f 4890 4902 4903
f 4904 4905 4907
f 4907 4905 4906
f 4909 4910 4908
f 4908 4910 4911
f 4913 4914 4912
f 4912 4914 4915
f 4916 4917 4919
f 4919 4917 4918
f 4312 4424 4299
f 4299 4424 4304
f 4920 4921 4297
f 4297 4921 4298
f 4194 4922 4167
f 4167 4922 4923
f 4924 4400 4691
f 4691 4400 4399
f 4395 4708 4396
f 4396 4708 4758
f 4367 4925 4368
f 4368 4925 4926
f 4919 4918 4873
f 4873 4918 4874
f 4836 4927 4421
f 4421 4927 4422
f 4921 4928 4298
f 4298 4928 4311
f 4143 4146 4122
f 4122 4146 4119
f 4929 4930 4455
f 4455 4930 4452
f 4932 4933 4931
f 4931 4933 4934
f 4935 4936 4932
f 4932 4936 4933
f 4461 4460 4457
f 4457 4460 4458
f 4480 4479 4475
f 4475 4479 4476
f 4660 4673 4517
f 4517 4673 4937
f 4661 4505 4658
f 4658 4505 4504
f 4484 4483 4489
f 4489 4483 4486
f 4462 4509 4463
f 4463 4509 4518
f 4469 4511 4466
f 4466 4511 4508
f 4655 4473 4656
f 4656 4473 4477
f 4476 4657 4477
f 4477 4657 4656
f 4479 4513 4476
f 4476 4513 4657
f 4489 4525 4484
f 4484 4525 4526
f 4483 4549 4486
f 4486 4549 4536
f 4549 4548 4536
f 4536 4548 4551
f 4548 4568 4551
f 4551 4568 4670
f 4663 4589 4845
f 4845 4589 4590
f 4668 4577 4938
f 4938 4577 4580
f 4940 4938 4939
f 4939 4938 4941
f 4940 4942 4669
f 4669 4942 4943
f 4587 4582 4944
f 4944 4582 4581
f 4848 4847 4608
f 4608 4847 4564
f 4616 4945 4613
f 4613 4945 4598
f 4615 4946 4616
f 4616 4946 4945
f 4947 4939 4948
f 4948 4939 4946
f 4599 4605 4600
f 4600 4605 4604
f 4608 4607 4848
f 4848 4607 4849
f 4613 4612 4616
f 4616 4612 4617
f 4835 4949 4709
f 4709 4949 4710
f 4357 1477 4837
f 4837 1477 1365
f 4712 4950 4803
f 4803 4950 4951
f 4401 4952 4402
f 4402 4952 4953
f 4759 4760 4402
f 4402 4760 4399
f 4508 4520 4509
f 4509 4520 4654
f 4510 4522 4511
f 4511 4522 4521
f 4513 4526 4657
f 4657 4526 4525
f 4632 4633 4514
f 4514 4633 4529
f 4931 4934 4453
f 4453 4934 4454
f 4153 4954 4154
f 4154 4954 4955
f 4957 4958 4956
f 4956 4958 4959
f 4961 4962 4960
f 4960 4962 4963
f 4120 4964 4210
f 4210 4964 4965
f 4967 4968 4966
f 4966 4968 4969
f 4349 4692 4815
f 4815 4692 4970
f 4652 4971 4653
f 4653 4971 4706
f 4758 4647 4972
f 4972 4647 4646
f 4973 4363 4646
f 4646 4363 4972
f 4950 4360 4974
f 4974 4360 4364
f 4431 4335 4746
f 4746 4335 4713
f 4358 4714 4325
f 4325 4714 4321
f 4765 4764 4266
f 4266 4764 4975
f 4202 4976 4203
f 4203 4976 4977
f 4917 4978 4918
f 4918 4978 4979
f 4279 4282 4854
f 4854 4282 4269
f 4820 4880 4817
f 4817 4880 4902
f 4890 4903 4980
f 4980 4903 4886
f 4982 4983 4981
f 4981 4983 4123
f 4795 4851 4796
f 4796 4851 4850
f 4918 4979 4874
f 4874 4979 4881
f 4809 4404 4810
f 4810 4404 4403
f 4354 4985 4984
f 4984 4985 4986
f 1364 1516 4838
f 4838 1516 4987
f 4759 4988 4367
f 4367 4988 4925
f 4989 4990 4481
f 4481 4990 4478
f 4443 4515 4990
f 4990 4515 4991
f 4527 4512 4992
f 4992 4512 4991
f 4528 4503 4992
f 4992 4503 4993
f 4993 4994 4485
f 4485 4994 4482
f 4544 4995 4502
f 4502 4995 4994
f 4995 4996 4550
f 4550 4996 4547
f 4998 4999 4997
f 4997 4999 4566
f 4998 5000 4578
f 4578 5000 4579
f 5001 5002 4596
f 4596 5002 4597
f 5003 4591 5004
f 5004 4591 4610
f 4626 4421 4627
f 4627 4421 4420
f 4837 4838 4627
f 4627 4838 4624
f 4761 4705 4830
f 4830 4705 5005
f 4705 4707 5005
f 5005 4707 5006
f 4308 4721 4075
f 4075 4721 4076
f 5007 4200 4797
f 4797 4200 4798
f 4685 4686 5008
f 5008 4686 5009
f 4889 4890 5010
f 5010 4890 4980
f 4323 1541 4324
f 4324 1541 1540
f 4385 4384 4358
f 4358 4384 4714
f 4396 4758 4840
f 4840 4758 4972
f 4866 4852 5011
f 5011 4852 5012
f 5013 4260 4980
f 4980 4260 5010
f 4875 4878 5014
f 5014 4878 5015
f 5017 5018 5016
f 5016 5018 5019
f 5016 5019 5020
f 5020 5019 5021
f 5023 5024 5022
f 5022 5024 5025
f 5027 5028 5026
f 5026 5028 5029
f 5031 5032 5030
f 5030 5032 5033
f 5035 5036 5034
f 5034 5036 5037
f 5039 5040 5038
f 5038 5040 5041
f 5043 5044 5042
f 5042 5044 5045
f 5038 5046 5039
f 5039 5046 5047
f 5049 5050 5048
f 5048 5050 5051
f 5053 5054 5052
f 5052 5054 5055
f 5057 5024 5056
f 5056 5024 5058
f 5060 5061 5059
f 5059 5061 5062
f 5064 5065 5063
f 5063 5065 5066
f 5043 5050 5064
f 5064 5050 5065
f 5038 5041 5067
f 5067 5041 5068
f 5070 5071 5069
f 5069 5071 5072
f 5074 5075 5073
f 5073 5075 5076
f 5034 5077 5035
f 5035 5077 5078
f 5080 5081 5079
f 5079 5081 5082
f 5084 5085 5083
f 5083 5085 5086
f 5085 5084 5087
f 5087 5084 5088
f 5090 5091 5089
f 5089 5091 5092
f 5094 5095 5093
f 5093 5095 5096
f 5098 5099 5097
f 5097 5099 5100
f 5102 5103 5101
f 5101 5103 5104
f 5105 5106 5108
f 5108 5106 5107
f 5110 5111 5109
f 5109 5111 5112
f 5114 5094 5113
f 5113 5094 5093
f 5116 5117 5115
f 5115 5117 5118
f 5120 5121 5119
f 5119 5121 5122
f 5124 5125 5123
f 5123 5125 5126
f 5128 5129 5127
f 5127 5129 5130
f 5097 5131 5098
f 5098 5131 5132
f 5134 5135 5133
f 5133 5135 5122
f 5084 5125 5088
f 5088 5125 5136
f 5138 5139 5137
f 5137 5139 5140
f 5142 5102 5141
f 5141 5102 5101
f 5106 5143 5107
f 5107 5143 5144
f 5146 5147 5145
f 5145 5147 5148
f 5149 5150 5109
f 5109 5150 5110
f 5151 5110 5152
f 5152 5110 5150
f 4715 5140 4716
f 4716 5140 5139
f 5143 4870 5144
f 5144 4870 4869
f 4115 5146 4116
f 4116 5146 5145
f 4791 4796 5149
f 5149 4796 5150
f 4796 4850 5150
f 5150 4850 5152
f 4858 5142 4859
f 4859 5142 5141
f 5153 5154 5115
f 5115 5154 5105
f 5156 5157 5155
f 5155 5157 5158
f 5159 5160 5053
f 5053 5160 5054
f 5161 5162 5020
f 5020 5162 5068
f 5026 5029 5163
f 5163 5029 5021
f 5083 5086 5164
f 5164 5086 5165
f 5090 5167 5166
f 5166 5167 5168
f 5169 5170 5172
f 5172 5170 5171
f 5174 5175 5173
f 5173 5175 5176
f 5177 5109 5178
f 5178 5109 5112
f 5179 5180 5182
f 5182 5180 5181
f 5123 5126 5120
f 5120 5126 5121
f 5180 5167 5181
f 5181 5167 5183
f 5184 5185 5179
f 5179 5185 5180
f 5186 5149 5177
f 5177 5149 5109
f 4868 5184 4865
f 4865 5184 5179
f 5188 5189 5187
f 5187 5189 5190
f 4277 4791 5186
f 5186 4791 5149
f 5179 5182 4865
f 4865 5182 4853
f 5189 4862 5190
f 5190 4862 4861
f 5156 5075 5191
f 5191 5075 5192
f 5036 5035 5193
f 5193 5035 5194
f 5115 5118 5153
f 5153 5118 5195
f 5022 5025 5196
f 5196 5025 5197
f 5155 5158 5069
f 5069 5158 5062
f 5063 5066 5198
f 5198 5066 5199
f 5073 5076 5200
f 5200 5076 5072
f 5202 5131 5201
f 5201 5131 5203
f 5143 5106 5204
f 5204 5106 5205
f 5114 5113 5206
f 5206 5113 5127
f 5098 5132 5193
f 5193 5132 5195
f 5204 5207 5143
f 5143 5207 4870
f 5088 5136 5208
f 5208 5136 5092
f 5209 5210 5089
f 5089 5210 5183
f 5211 5018 5060
f 5060 5018 5061
f 5017 5040 5070
f 5070 5040 5071
f 5191 5160 5156
f 5156 5160 5157
f 5048 5028 5049
f 5049 5028 5058
f 5207 5204 4858
f 4858 5204 5142
f 4859 5141 4715
f 4715 5141 5140
f 5212 5162 5042
f 5042 5162 5051
f 5182 5152 4853
f 4853 5152 4850
f 5214 5134 5213
f 5213 5134 5133
f 5164 5165 5133
f 5133 5165 5213
f 5215 5216 5201
f 5201 5216 5217
f 5147 5218 5148
f 5148 5218 5219
f 5147 5177 5218
f 5218 5177 5178
f 5141 5101 5140
f 5140 5101 5137
f 5201 5217 5202
f 5202 5217 5104
f 5146 5186 5147
f 5147 5186 5177
f 4277 5186 4115
f 4115 5186 5146
f 5191 5192 5031
f 5031 5192 5032
f 5052 5055 5220
f 5220 5055 5197
f 4116 5145 4869
f 4869 5145 5144
f 5034 5037 5214
f 5214 5037 5134
f 5097 5100 5114
f 5114 5100 5094
f 5108 5107 5219
f 5219 5107 5148
f 5221 5135 5116
f 5116 5135 5117
f 5124 5111 5209
f 5209 5111 5210
f 5107 5144 5148
f 5148 5144 5145
f 5152 5182 5151
f 5151 5182 5181
f 5208 5222 5088
f 5088 5222 5087
f 5222 5208 5171
f 5171 5208 5172
f 5223 1756 4698
f 4698 1756 1755
f 4427 5224 4107
f 4107 5224 4135
f 4178 4679 5225
f 5225 4679 5226
f 5227 5228 4892
f 4892 5228 4893
f 5229 5230 4171
f 4171 5230 4172
f 4855 4268 4884
f 4884 4268 4885
f 4884 4871 4855
f 4855 4871 4856
f 4684 5231 4896
f 4896 5231 4897
f 4768 4767 5009
f 5009 4767 5008
f 5205 5154 5102
f 5102 5154 5103
f 5099 5098 5194
f 5194 5098 5193
f 5198 5199 5079
f 5079 5199 5033
f 5102 5142 5205
f 5205 5142 5204
f 5224 4427 4681
f 4681 4427 4678
f 3712 3711 5232
f 5232 3711 5233
f 3968 3988 3963
f 3963 3988 3964
f 3976 4044 3972
f 3972 4044 3985
f 4038 4037 4036
f 4036 4037 4033
f 4794 4762 3731
f 3731 4762 3944
f 3731 3944 3722
f 3722 3944 3810
f 3874 5234 5232
f 5232 5234 3712
f 3906 3905 3867
f 3867 3905 4011
f 3904 4023 3905
f 3905 4023 4011
f 3719 3722 3811
f 3811 3722 3810
f 3812 3719 3687
f 3687 3719 3811
f 3716 3812 3686
f 3686 3812 3687
f 3713 3716 3685
f 3685 3716 3686
f 4810 4403 5235
f 5235 4403 4813
f 4345 1770 4814
f 4814 1770 1769
f 4067 4066 4058
f 4058 4066 5236
f 4043 4068 4049
f 4049 4068 4050
f 4034 5237 3989
f 3989 5237 3990
f 4031 4030 4072
f 4072 4030 4005
f 4003 4004 4002
f 4002 4004 4032
f 4004 4005 4032
f 4032 4005 4030
f 4067 4064 4068
f 4068 4064 4050
f 4058 4057 4067
f 4067 4057 4064
f 4035 4034 5238
f 5238 4034 3989
f 5236 5239 4058
f 4058 5239 5240
f 5234 3874 5241
f 5241 3874 3873
f 5241 3873 3881
f 3881 3873 3878
f 4800 4763 4788
f 4788 4763 4310
f 4763 4762 4310
f 4310 4762 4309
f 4762 4794 4309
f 4309 4794 4306
f 4794 4793 4306
f 4306 4793 4292
f 4293 4313 4302
f 4302 4313 4314
f 4302 4314 4303
f 4303 4314 4315
f 4303 4315 4703
f 4703 4315 4316
f 4035 4069 4043
f 4043 4069 4068
f 4324 1540 4357
f 4357 1540 1477
f 5232 3987 3874
f 3874 3987 3871
f 3987 5232 4013
f 4013 5232 5233
f 4013 5233 4014
f 4014 5233 5242
f 3888 4015 3865
f 3865 4015 4007
f 3866 4008 5243
f 5243 4008 4016
f 3873 5244 3878
f 3878 5244 3875
f 3965 5244 3872
f 3872 5244 3873
f 3876 3875 3965
f 3965 3875 5244
f 5243 4016 5242
f 5242 4016 4014
f 5246 5247 5245
f 5245 5247 5248
f 3576 3950 3577
f 3577 3950 3926
f 3584 3842 3585
f 3585 3842 3580
f 5249 5247 1784
f 1784 5247 1785
f 5250 5251 5253
f 5253 5251 5252
f 5255 5252 5254
f 5254 5252 5256
f 5254 5256 5258
f 5258 5256 5257
f 5258 5257 5260
f 5260 5257 5259
f 4356 5261 4424
f 4424 5261 5259
f 4355 5262 4356
f 4356 5262 5261
f 4924 5264 5263
f 5263 5264 5265
f 4693 5266 4691
f 4691 5266 5267
f 4351 5268 4352
f 4352 5268 5269
f 1808 1807 4351
f 4351 1807 5268
f 3580 3842 3581
f 3799 3802 3838
f 4800 4788 4801
f 4801 4788 4789
f 3729 3935 4801
f 4801 3935 4800
f 3728 3666 3729
f 3729 3666 3935
f 3728 3798 3666
f 3666 3798 3663
f 3798 3818 3663
f 3663 3818 3809
f 3818 3817 3809
f 3809 3817 3808
f 3796 3655 3817
f 3817 3655 3808
f 3615 3568 3796
f 3796 3568 3655
f 3573 3569 3615
f 3615 3569 3568
f 3572 3613 3573
f 3573 3613 3569
f 3792 3606 3572
f 3572 3606 3613
f 3607 3791 3949
f 3949 3791 3591
f 3590 3950 3591
f 3591 3950 3949
f 3805 3926 3590
f 3590 3926 3950
f 3804 3559 3805
f 3805 3559 3926
f 3804 3914 3559
f 3559 3914 3560
f 3924 3789 3913
f 3913 3789 3788
f 3924 3928 3789
f 3789 3928 3826
f 3928 3927 3826
f 3826 3927 3827
f 3927 3834 3827
f 3827 3834 3835
f 4079 4078 5270
f 5270 4078 5007
f 5271 5272 4233
f 4233 5272 5273
f 5275 5276 5274
f 5274 5276 5277
f 5278 5279 4236
f 4236 5279 4237
f 5278 5280 5271
f 5271 5280 5272
f 4235 5281 4236
f 4236 5281 5282
f 5284 5285 5283
f 5283 5285 5286
f 5288 5289 5287
f 5287 5289 5290
f 5292 5293 5291
f 5291 5293 5294
f 5287 5290 4726
f 4726 5290 5295
f 4293 4292 4313
f 4313 4292 4793
f 4720 4736 4719
f 4719 4736 5296
f 5297 4909 5298
f 5298 4909 4908
f 5299 5300 4976
f 4976 5300 5301
f 5302 4202 5303
f 5303 4202 4201
f 5304 5305 4983
f 4983 5305 5306
f 5308 5309 5307
f 5307 5309 5310
f 4722 4725 5283
f 5283 4725 5311
f 5291 5294 4125
f 4125 5294 4126
f 5313 5314 5312
f 5312 5314 5315
f 5316 5317 5319
f 5319 5317 5318
f 5321 5308 5320
f 5320 5308 5307
f 4819 4981 4873
f 4873 4981 5322
f 4981 4123 5322
f 5322 4123 4126
f 5324 5325 5323
f 5323 5325 5326
f 4764 5327 4975
f 4975 5327 5328
f 4172 5327 4169
f 4169 5327 5329
f 4768 4171 4769
f 4769 4171 4170
f 4243 4755 4244
f 4244 4755 5330
f 4755 4205 5330
f 5330 4205 4208
f 4206 4906 4207
f 4207 4906 4905
f 4686 5014 5009
f 5009 5014 5229
f 4756 4770 4170
f 4170 4770 4769
f 4170 4169 4756
f 4756 4169 4757
f 4273 5329 4764
f 4764 5329 5327
f 4276 5331 4273
f 4273 5331 5329
f 4770 4756 4243
f 4243 4756 4755
f 5333 4889 5332
f 5332 4889 5010
f 4877 5332 4878
f 4878 5332 4259
f 4875 4164 4876
f 4876 4164 4163
f 5334 5335 5324
f 5324 5335 5325
f 4983 5306 4123
f 4123 5306 4124
f 4818 4982 4819
f 4819 4982 4981
f 5332 5010 4259
f 4259 5010 4260
f 5014 4686 4875
f 4875 4686 4164
f 4171 4768 5229
f 5229 4768 5009
f 5337 4916 5336
f 5336 4916 4919
f 5293 5337 5294
f 5294 5337 5336
f 4982 4818 5333
f 5333 4818 4889
f 5338 5339 4262
f 4262 5339 5340
f 5307 5310 5338
f 5338 5310 5339
f 5341 5342 4204
f 4204 5342 5309
f 5336 4919 5322
f 5322 4919 4873
f 5294 5336 4126
f 4126 5336 5322
f 5323 5326 5343
f 5343 5326 5286
f 4914 5344 4915
f 4915 5344 5345
f 5312 5315 5344
f 5344 5315 5345
f 5347 5348 5346
f 5346 5348 5349
f 5350 5351 4832
f 4832 5351 4833
f 5352 5353 5349
f 5349 5353 5346
f 5354 5338 4265
f 4265 5338 4262
f 5320 5307 5354
f 5354 5307 5338
f 4201 5308 5303
f 5303 5308 5321
f 5356 5357 5355
f 5355 5357 4799
f 5358 5359 5334
f 5334 5359 5335
f 5358 5360 4093
f 4093 5360 4163
f 5360 5305 4163
f 4163 5305 4876
f 5305 5304 4876
f 4876 5304 4877
f 5270 4778 4079
f 4079 4778 4081
f 4779 5361 4774
f 4774 5361 5357
f 5356 5359 4775
f 4775 5359 4092
f 5333 5304 4982
f 4982 5304 4983
f 5332 4877 5333
f 5333 4877 5304
f 5015 4258 5230
f 5230 4258 5328
f 5327 4172 5328
f 5328 4172 5230
f 4169 5329 4757
f 4757 5329 5331
f 4757 5331 4205
f 4205 5331 4206
f 5331 4276 4206
f 4206 4276 4906
f 4276 4275 4906
f 4906 4275 4907
f 4275 4888 4907
f 4907 4888 4744
f 4887 4717 4745
f 4745 4717 4864
f 4716 5139 4861
f 4861 5139 5190
f 5139 5138 5190
f 5190 5138 5187
f 5138 5216 5187
f 5187 5216 5176
f 5215 5362 5173
f 5173 5362 5130
f 5364 5365 5363
f 5363 5365 5340
f 4742 4863 5366
f 5366 4863 4867
f 4862 5189 4868
f 4868 5189 5184
f 5189 5188 5184
f 5184 5188 5185
f 5188 5175 5185
f 5185 5175 5168
f 3560 3788 3561
f 3561 3788 3790
f 3596 3595 3608
f 3608 3595 3594
f 3598 3582 3595
f 3595 3582 3592
f 3600 3609 3601
f 3601 3609 3611
f 3602 3601 3612
f 3612 3601 3611
f 3606 3605 3613
f 3613 3605 3614
f 3793 5367 3794
f 3794 5367 5368
f 3598 3597 3600
f 3600 3597 3609
f 3793 3792 3575
f 3575 3792 3572
f 3561 3594 3558
f 3558 3594 3593
f 3807 3915 3804
f 3804 3915 3914
f 3916 3915 5370
f 5370 3915 5369
f 3602 3605 3603
f 3603 3605 3604
f 3606 3792 3607
f 3607 3792 3791
f 3914 3913 3560
f 3560 3913 3788
f 5174 5129 5166
f 5166 5129 5371
f 5170 5169 5093
f 5093 5169 5113
f 5166 5371 5090
f 5090 5371 5091
f 5128 5169 5372
f 5372 5169 5172
f 5127 5113 5128
f 5128 5113 5169
f 5114 5206 5203
f 5203 5206 5362
f 5200 5373 5073
f 5073 5373 5096
f 5374 5375 5200
f 5200 5375 5373
f 5039 5047 5374
f 5374 5047 5375
f 5087 5046 5085
f 5085 5046 5376
f 5212 5377 5067
f 5067 5377 5376
f 5042 5045 5212
f 5212 5045 5377
f 5064 5378 5043
f 5043 5378 5044
f 5063 5077 5064
f 5064 5077 5378
f 5079 5082 5198
f 5198 5082 5078
f 5099 5081 5100
f 5100 5081 5379
f 5100 5379 5094
f 5094 5379 5095
f 5381 5382 5380
f 5380 5382 5383
f 5385 5386 5384
f 5384 5386 5383
f 5385 5387 5386
f 5386 5387 5388
f 5390 5391 5389
f 5389 5391 5392
f 5393 5394 5396
f 5396 5394 5395
f 5398 5399 5397
f 5397 5399 5400
f 5402 5403 5401
f 5401 5403 5404
f 5406 5407 5405
f 5405 5407 5404
f 5408 5409 5163
f 5163 5409 5410
f 5411 5412 5414
f 5414 5412 5413
f 5057 5416 5415
f 5415 5416 5417
f 5393 5416 5418
f 5418 5416 5419
f 5396 5395 5420
f 5420 5395 5421
f 5423 5424 5422
f 5422 5424 5425
f 5415 5417 5220
f 5220 5417 5426
f 5418 5391 5393
f 5393 5391 5394
f 5414 5388 5411
f 5411 5388 5392
f 5059 5427 5060
f 5060 5427 5428
f 5423 5427 5429
f 5429 5427 5430
f 5432 5382 5431
f 5431 5382 5425
f 5429 5407 5423
f 5423 5407 5424
f 5380 5409 5381
f 5381 5409 5433
f 5381 5433 5422
f 5422 5433 5428
f 5027 5412 5056
f 5056 5412 5419
f 5435 5436 5434
f 5434 5436 5437
f 5159 5439 5438
f 5438 5439 5440
f 5053 5436 5159
f 5159 5436 5439
f 5441 5403 5398
f 5398 5403 5399
f 5163 5410 5026
f 5026 5410 5413
f 5438 5440 5442
f 5442 5440 5430
f 5444 5445 5443
f 5443 5445 5446
f 5447 5448 5450
f 5450 5448 5449
f 5451 5446 5452
f 5452 5446 5445
f 5454 5455 5453
f 5453 5455 5451
f 5456 5454 5458
f 5458 5454 5457
f 5460 5461 5459
f 5459 5461 5462
f 5464 5465 5463
f 5463 5465 5466
f 5468 5469 5467
f 5467 5469 5470
f 5472 5473 5471
f 5471 5473 5474
f 5475 5476 5478
f 5478 5476 5477
f 5479 5480 5482
f 5482 5480 5481
f 5483 5484 5448
f 5448 5484 5485
f 5448 5485 5449
f 5449 5485 5486
f 5487 5476 5488
f 5488 5476 5475
f 5490 5491 5489
f 5489 5491 5492
f 5494 5495 5493
f 5493 5495 5496
f 5498 5494 5497
f 5497 5494 5493
f 5500 5501 5499
f 5499 5501 5502
f 5503 5504 5446
f 5446 5504 5443
f 5506 5507 5505
f 5505 5507 5508
f 5510 5511 5509
f 5509 5511 5512
f 5514 5515 5513
f 5513 5515 5516
f 5518 5519 5517
f 5517 5519 5520
f 5495 5521 5496
f 5496 5521 5522
f 5524 5525 5523
f 5523 5525 5526
f 5527 5528 5494
f 5494 5528 5495
f 5499 5502 5529
f 5529 5502 5530
f 5531 5532 5485
f 5485 5532 5486
f 5485 5484 5531
f 5531 5484 5533
f 5482 5481 5534
f 5534 5481 5535
f 5536 5512 5506
f 5506 5512 5511
f 5455 5503 5451
f 5451 5503 5446
f 5467 5470 5511
f 5511 5470 5537
f 5538 5467 5510
f 5510 5467 5511
f 5540 5541 5539
f 5539 5541 5542
f 5543 5544 5546
f 5546 5544 5545
f 5548 5472 5547
f 5547 5472 5471
f 5493 5496 5549
f 5549 5496 5550
f 5496 5522 5550
f 5550 5522 5551
f 5553 5554 5552
f 5552 5554 5555
f 5557 5447 5556
f 5556 5447 5558
f 5557 5483 5447
f 5447 5483 5448
f 5478 5477 5553
f 5553 5477 5559
f 5477 5560 5559
f 5559 5560 5561
f 5476 5562 5477
f 5477 5562 5560
f 5476 5487 5562
f 5562 5487 5563
f 5560 5564 5561
f 5561 5564 5565
f 5564 5560 5566
f 5566 5560 5562
f 5563 5567 5562
f 5562 5567 5566
f 5569 5521 5568
f 5568 5521 5570
f 5481 5572 5571
f 5571 5572 5573
f 5574 5535 5571
f 5571 5535 5481
f 5576 5577 5575
f 5575 5577 5578
f 5579 5580 5456
f 5456 5580 5581
f 5475 5582 5488
f 5488 5582 5583
f 5584 5536 5505
f 5505 5536 5506
f 5585 5586 5588
f 5588 5586 5587
f 5590 5591 5589
f 5589 5591 5592
f 5519 5593 5520
f 5520 5593 5594
f 5595 5596 5462
f 5462 5596 5597
f 5599 5600 5598
f 5598 5600 5514
f 5602 5603 5601
f 5601 5603 5604
f 5524 5543 5525
f 5525 5543 5546
f 5543 5524 5606
f 5606 5524 5605
f 5607 5608 5500
f 5500 5608 5501
f 5610 5551 5609
f 5609 5551 5522
f 5611 5510 5598
f 5598 5510 5509
f 5612 5597 5457
f 5457 5597 5458
f 5510 5611 5538
f 5538 5611 5613
f 5580 5508 5581
f 5581 5508 5507
f 5615 5616 5614
f 5614 5616 5617
f 5619 5620 5618
f 5618 5620 5621
f 5623 5624 5622
f 5622 5624 5625
f 5627 5624 5626
f 5626 5624 5623
f 5629 5630 5628
f 5628 5630 5631
f 5633 5634 5632
f 5632 5634 5466
f 5635 5636 5463
f 5463 5636 5637
f 5523 5638 5524
f 5524 5638 5605
f 5639 5640 5641
f 5641 5640 5595
f 5611 5513 5613
f 5613 5513 5642
f 5643 5586 5608
f 5608 5586 5501
f 5622 5625 5590
f 5590 5625 5591
f 5598 5514 5611
f 5611 5514 5513
f 5645 5646 5644
f 5644 5646 5647
f 5620 5619 5491
f 5491 5619 5648
f 5649 5643 5492
f 5492 5643 5608
f 5650 5651 5653
f 5653 5651 5652
f 5463 5466 5635
f 5635 5466 5634
f 5597 5612 5462
f 5462 5612 5459
f 5635 5634 5523
f 5523 5634 5638
f 5654 5638 5633
f 5633 5638 5634
f 5655 5656 5525
f 5525 5656 5526
f 5658 5659 5657
f 5657 5659 5527
f 5660 5464 5637
f 5637 5464 5463
f 5632 5466 5661
f 5661 5466 5465
f 5661 5662 5632
f 5632 5662 5658
f 5662 5663 5658
f 5658 5663 5659
f 5665 5659 5664
f 5664 5659 5663
f 5632 5658 5633
f 5633 5658 5657
f 5666 5629 5530
f 5530 5629 5667
f 5528 5527 5665
f 5665 5527 5659
f 5668 5669 5570
f 5570 5669 5568
f 5669 5668 5670
f 5670 5668 5671
f 5646 5672 5673
f 5672 5674 5673
f 5673 5674 5675
f 5674 5460 5675
f 5675 5460 5459
f 5461 5676 5462
f 5462 5676 5595
f 5677 5678 5680
f 5680 5678 5679
f 5628 5681 5629
f 5629 5681 5667
f 5682 5529 5667
f 5667 5529 5530
f 5675 5459 5683
f 5683 5459 5612
f 5585 5666 5502
f 5502 5666 5530
f 5589 5684 5602
f 5602 5684 5603
f 5646 5645 5663
f 5663 5645 5664
f 5685 5647 5673
f 5673 5647 5646
f 5686 5687 5683
f 5683 5687 5685
f 5688 5689 5533
f 5533 5689 5531
f 5690 5691 5535
f 5535 5691 5534
f 5692 5690 5574
f 5574 5690 5535
f 5685 5687 5689
f 5689 5687 5693
f 5489 5694 5490
f 5490 5694 5695
f 5690 5692 5696
f 5696 5692 5697
f 5696 5644 5690
f 5690 5644 5691
f 5447 5450 5558
f 5558 5450 5698
f 5699 5700 5642
f 5642 5700 5613
f 5701 5702 5540
f 5540 5702 5541
f 5431 5703 5432
f 5432 5703 5697
f 5385 5384 5574
f 5574 5384 5692
f 5389 5387 5573
f 5573 5387 5571
f 5565 5390 5573
f 5573 5390 5389
f 5390 5565 5704
f 5704 5565 5564
f 5566 5705 5564
f 5564 5705 5704
f 5569 5441 5609
f 5609 5441 5398
f 5568 5405 5569
f 5569 5405 5441
f 5670 5706 5669
f 5669 5706 5406
f 5703 5431 5670
f 5670 5431 5706
f 5432 5697 5384
f 5384 5697 5692
f 5574 5571 5385
f 5385 5571 5387
f 5607 5707 5489
f 5489 5707 5694
f 5518 5708 5519
f 5519 5708 5709
f 5711 5576 5710
f 5710 5576 5575
f 5713 5714 5712
f 5712 5714 5715
f 5553 5552 5478
f 5478 5552 5716
f 5717 5475 5716
f 5716 5475 5478
f 5718 5719 5605
f 5605 5719 5606
f 5505 5622 5584
f 5584 5622 5590
f 5508 5623 5505
f 5505 5623 5622
f 5626 5623 5580
f 5580 5623 5508
f 5580 5579 5626
f 5626 5579 5720
f 5579 5721 5720
f 5720 5721 5722
f 5666 5585 5723
f 5723 5585 5588
f 5724 5725 5639
f 5639 5725 5640
f 5554 5726 5555
f 5555 5726 5727
f 5453 5728 5729
f 5689 5688 5685
f 5685 5688 5647
f 5604 5730 5512
f 5512 5730 5509
f 5628 5631 5618
f 5618 5631 5592
f 5601 5604 5536
f 5536 5604 5512
f 5732 5676 5731
f 5731 5676 5660
f 5730 5604 5733
f 5733 5604 5603
f 5563 5487 5551
f 5551 5487 5550
f 5489 5492 5607
f 5607 5492 5608
f 5573 5572 5565
f 5565 5572 5561
f 5609 5522 5569
f 5569 5522 5521
f 5499 5734 5500
f 5500 5734 5735
f 5596 5736 5721
f 5721 5736 5722
f 5737 5600 5594
f 5594 5600 5520
f 5599 5730 5517
f 5517 5730 5733
f 5660 5738 5731
f 5731 5738 5739
f 5648 5649 5491
f 5491 5649 5492
f 5501 5586 5502
f 5502 5586 5585
f 5525 5546 5655
f 5655 5546 5740
f 5600 5599 5520
f 5520 5599 5517
f 5708 5739 5709
f 5709 5739 5738
f 5636 5635 5526
f 5526 5635 5523
f 5670 5671 5703
f 5703 5671 5741
f 5490 5695 5742
f 5742 5695 5743
f 5682 5678 5744
f 5744 5678 5677
f 5678 5681 5679
f 5679 5681 5621
f 5742 5743 5679
f 5679 5743 5680
f 5618 5621 5628
f 5628 5621 5681
f 5725 5724 5589
f 5589 5724 5684
f 5456 5458 5579
f 5579 5458 5721
f 5675 5683 5673
f 5673 5683 5685
f 5529 5682 5745
f 5745 5682 5744
f 5721 5458 5596
f 5596 5458 5597
f 5701 5540 5719
f 5719 5540 5606
f 5703 5741 5697
f 5697 5741 5696
f 5500 5735 5607
f 5607 5735 5707
f 5549 5746 5493
f 5493 5746 5497
f 5700 5747 5613
f 5613 5747 5538
f 5420 5421 5434
f 5434 5421 5400
f 5689 5693 5531
f 5531 5693 5532
f 5705 5566 5748
f 5748 5566 5567
f 5609 5398 5610
f 5610 5398 5397
f 5669 5406 5568
f 5568 5406 5405
f 5488 5583 5549
f 5549 5583 5746
f 5714 5713 5710
f 5710 5713 5711
f 5747 5468 5538
f 5538 5468 5467
f 5548 5547 5749
f 5749 5547 5750
f 5733 5603 5751
f 5751 5603 5684
f 5589 5602 5590
f 5590 5602 5584
f 5636 5752 5614
f 5614 5752 5615
f 5753 5754 5738
f 5738 5754 5755
f 5602 5601 5584
f 5584 5601 5536
f 5723 5736 5630
f 5630 5736 5640
f 5595 5640 5596
f 5596 5640 5736
f 5734 5499 5745
f 5745 5499 5529
f 5627 5587 5643
f 5643 5587 5586
f 5553 5559 5554
f 5554 5559 5480
f 5559 5561 5480
f 5480 5561 5572
f 5554 5480 5726
f 5726 5480 5479
f 5749 5750 5715
f 5715 5750 5712
f 5683 5612 5686
f 5686 5612 5457
f 5678 5682 5681
f 5681 5682 5667
f 5598 5509 5599
f 5599 5509 5730
f 5679 5621 5742
f 5742 5621 5620
f 5652 5616 5653
f 5653 5616 5615
f 5220 5426 5052
f 5052 5426 5437
f 5487 5488 5550
f 5550 5488 5549
f 5742 5620 5490
f 5490 5620 5491
f 5551 5610 5563
f 5563 5610 5567
f 5610 5397 5567
f 5567 5397 5748
f 5614 5617 5753
f 5753 5617 5754
f 5480 5572 5481
f 5755 5756 5738
f 5738 5756 5709
f 5745 5744 5758
f 5758 5744 5757
f 5745 5758 5734
f 5734 5758 5759
f 5735 5734 5760
f 5760 5734 5759
f 5707 5735 5761
f 5761 5735 5760
f 5744 5677 5757
f 5757 5677 5762
f 5677 5680 5762
f 5762 5680 5763
f 5763 5680 5764
f 5764 5680 5743
f 5765 5766 5762
f 5762 5766 5757
f 5768 5769 5767
f 5767 5769 5770
f 5771 5772 5770
f 5770 5772 5767
f 5770 5769 5774
f 5774 5769 5773
f 5775 5776 5774
f 5774 5776 5777
f 5773 5778 5774
f 5774 5778 5775
f 5779 5766 5773
f 5773 5766 5778
f 5777 5771 5774
f 5774 5771 5770
f 5780 5781 5783
f 5783 5781 5782
f 5781 5780 5771
f 5771 5780 5772
f 5773 5769 5779
f 5779 5769 5768
f 5768 5759 5779
f 5779 5759 5758
f 5768 5784 5759
f 5759 5784 5760
f 5767 5785 5768
f 5768 5785 5784
f 5785 5767 5786
f 5786 5767 5772
f 5766 5779 5757
f 5757 5779 5758
f 5780 5787 5772
f 5772 5787 5786
f 5785 5786 5788
f 5788 5786 5789
f 5786 5787 5789
f 5789 5787 5790
f 5788 5789 5791
f 5791 5789 5792
f 5791 5793 5788
f 5788 5793 5794
f 5795 5792 5790
f 5790 5792 5789
f 5785 5788 5784
f 5784 5788 5794
f 5784 5794 5760
f 5760 5794 5761
f 5787 5780 5796
f 5796 5780 5783
f 5775 5778 5797
f 5797 5778 5766
f 5797 5798 5775
f 5775 5798 5776
f 5766 5765 5797
f 5797 5765 5799
f 5798 5797 5800
f 5800 5797 5799
f 5798 5801 5776
f 5776 5801 5802
f 5707 5761 5694
f 5694 5761 5803
f 5695 5804 5743
f 5743 5804 5764
f 5804 5695 5803
f 5803 5695 5694
f 5803 5793 5804
f 5804 5793 5805
f 5793 5791 5805
f 5805 5791 5806
f 5804 5805 5764
f 5764 5805 5807
f 5803 5761 5793
f 5793 5761 5794
f 5808 5763 5807
f 5807 5763 5764
f 5808 5765 5763
f 5763 5765 5762
f 5809 5799 5808
f 5808 5799 5765
f 5809 5808 5810
f 5810 5808 5807
f 5811 5809 5812
f 5812 5809 5810
f 5805 5806 5807
f 5807 5806 5810
f 5806 5813 5810
f 5810 5813 5812
f 5799 5809 5800
f 5800 5809 5811
f 5815 5800 5814
f 5814 5800 5811
f 5814 5817 5816
f 5816 5817 5818
f 5814 5811 5817
f 5817 5811 5812
f 5814 5816 5815
f 5815 5816 5796
f 5815 5796 5801
f 5801 5796 5783
f 5801 5798 5815
f 5815 5798 5800
f 5791 5792 5806
f 5806 5792 5813
f 5818 5813 5795
f 5795 5813 5792
f 5818 5817 5813
f 5813 5817 5812
f 5816 5818 5790
f 5790 5818 5795
f 5790 5787 5816
f 5816 5787 5796
f 5771 5777 5781
f 5781 5777 5782
f 5782 5802 5783
f 5783 5802 5801
f 5782 5777 5802
f 5802 5777 5776
f 5588 5587 5722
f 5722 5587 5720
f 5591 5619 5592
f 5592 5619 5618
f 5625 5624 5648
f 5648 5624 5649
f 5624 5627 5649
f 5649 5627 5643
f 5631 5630 5725
f 5725 5630 5640
f 5625 5648 5591
f 5591 5648 5619
f 5588 5722 5723
f 5723 5722 5736
f 5631 5725 5592
f 5592 5725 5589
f 5723 5630 5666
f 5666 5630 5629
f 5587 5627 5720
f 5720 5627 5626
f 5820 5821 5819
f 5819 5821 5822
f 5824 5825 5823
f 5823 5825 5826
f 5823 5826 5827
f 5827 5826 5828
f 5829 5830 5832
f 5832 5830 5831
f 5518 5833 5708
f 5708 5833 5834
f 5835 5836 5824
f 5824 5836 5825
f 5838 5839 5837
f 5837 5839 5840
f 5751 5684 5842
f 5842 5684 5841
f 5843 5841 5724
f 5724 5841 5684
f 5845 5846 5844
f 5844 5846 5847
f 5848 5830 5836
f 5836 5830 5825
f 5518 5751 5833
f 5833 5751 5842
f 5839 5838 5821
f 5821 5838 5849
f 5850 5848 5822
f 5822 5848 5836
f 5851 5845 5828
f 5828 5845 5852
f 5854 5855 5853
f 5853 5855 5856
f 5845 5844 5852
f 5852 5844 5857
f 5858 5827 5852
f 5852 5827 5828
f 5851 5828 5829
f 5829 5828 5826
f 5819 5859 5820
f 5820 5859 5860
f 5835 5861 5819
f 5819 5861 5859
f 5851 5829 5862
f 5862 5829 5832
f 5844 5847 5837
f 5837 5847 5834
f 5819 5822 5835
f 5835 5822 5836
f 5823 5863 5824
f 5824 5863 5864
f 5849 5850 5821
f 5821 5850 5822
f 5825 5830 5826
f 5826 5830 5829
f 5820 5860 5865
f 5865 5860 5866
f 5858 5854 5867
f 5867 5854 5853
f 5854 5857 5855
f 5855 5857 5840
f 5855 5865 5856
f 5856 5865 5866
f 5837 5840 5844
f 5844 5840 5857
f 5827 5858 5868
f 5868 5858 5867
f 5824 5864 5835
f 5835 5864 5861
f 5732 5731 5862
f 5862 5731 5846
f 5863 5823 5868
f 5868 5823 5827
f 5843 5831 5848
f 5848 5831 5830
f 5854 5858 5857
f 5857 5858 5852
f 5855 5840 5865
f 5865 5840 5839
f 5865 5839 5820
f 5820 5839 5821
f 5868 5867 5870
f 5870 5867 5869
f 5868 5870 5863
f 5863 5870 5871
f 5863 5871 5864
f 5864 5871 5872
f 5864 5872 5861
f 5861 5872 5873
f 5867 5853 5869
f 5869 5853 5874
f 5853 5856 5874
f 5874 5856 5875
f 5856 5866 5875
f 5875 5866 5876
f 5877 5878 5874
f 5874 5878 5869
f 5880 5881 5879
f 5879 5881 5882
f 5883 5884 5880
f 5880 5884 5881
f 5881 5884 5886
f 5886 5884 5885
f 5887 5888 5886
f 5886 5888 5889
f 5885 5890 5886
f 5886 5890 5887
f 5889 5882 5886
f 5886 5882 5881
f 5882 5891 5879
f 5879 5891 5892
f 5885 5884 5893
f 5893 5884 5883
f 5883 5871 5893
f 5893 5871 5870
f 5883 5894 5871
f 5871 5894 5872
f 5880 5895 5883
f 5883 5895 5894
f 5896 5895 5879
f 5879 5895 5880
f 5893 5878 5885
f 5885 5878 5890
f 5878 5893 5869
f 5869 5893 5870
f 5897 5896 5892
f 5892 5896 5879
f 5895 5896 5898
f 5898 5896 5899
f 5896 5897 5899
f 5899 5897 5900
f 5898 5899 5901
f 5901 5899 5902
f 5901 5903 5898
f 5898 5903 5904
f 5900 5905 5899
f 5899 5905 5902
f 5898 5904 5895
f 5895 5904 5894
f 5894 5904 5872
f 5872 5904 5873
f 5897 5892 5907
f 5907 5892 5906
f 5892 5891 5906
f 5906 5891 5908
f 5887 5890 5909
f 5909 5890 5878
f 5888 5887 5910
f 5910 5887 5909
f 5878 5877 5909
f 5909 5877 5911
f 5909 5911 5910
f 5910 5911 5912
f 5913 5914 5910
f 5910 5914 5888
f 5908 5914 5906
f 5906 5914 5913
f 5861 5873 5859
f 5859 5873 5915
f 5860 5916 5866
f 5866 5916 5876
f 5916 5860 5915
f 5915 5860 5859
f 5915 5903 5916
f 5916 5903 5917
f 5903 5901 5917
f 5917 5901 5918
f 5916 5917 5876
f 5876 5917 5919
f 5903 5915 5904
f 5904 5915 5873
f 5920 5875 5919
f 5919 5875 5876
f 5920 5877 5875
f 5875 5877 5874
f 5920 5921 5877
f 5877 5921 5911
f 5921 5920 5922
f 5922 5920 5919
f 5923 5921 5924
f 5924 5921 5922
f 5917 5918 5919
f 5919 5918 5922
f 5918 5925 5922
f 5922 5925 5924
f 5921 5923 5911
f 5911 5923 5912
f 5927 5912 5926
f 5926 5912 5923
f 5926 5929 5928
f 5928 5929 5930
f 5926 5923 5929
f 5929 5923 5924
f 5926 5928 5927
f 5927 5928 5907
f 5927 5907 5913
f 5913 5907 5906
f 5913 5910 5927
f 5927 5910 5912
f 5901 5902 5918
f 5918 5902 5925
f 5930 5925 5905
f 5905 5925 5902
f 5930 5929 5925
f 5925 5929 5924
f 5928 5930 5900
f 5900 5930 5905
f 5900 5897 5928
f 5928 5897 5907
f 5882 5889 5891
f 5891 5889 5908
f 5908 5889 5914
f 5914 5889 5888
f 5832 5831 5641
f 5641 5831 5639
f 5833 5838 5834
f 5834 5838 5837
f 5842 5841 5849
f 5849 5841 5850
f 5841 5843 5850
f 5850 5843 5848
f 5847 5846 5739
f 5739 5846 5731
f 5842 5849 5833
f 5833 5849 5838
f 5862 5832 5732
f 5732 5832 5641
f 5847 5739 5834
f 5834 5739 5708
f 5862 5846 5851
f 5851 5846 5845
f 5831 5843 5639
f 5639 5843 5724
f 5676 5732 5595
f 5595 5732 5641
f 5676 5461 5660
f 5660 5461 5464
f 5461 5460 5464
f 5464 5460 5465
f 5460 5674 5465
f 5465 5674 5661
f 5931 5932 5934
f 5934 5932 5933
f 5936 5937 5935
f 5935 5937 5938
f 5935 5938 5939
f 5939 5938 5940
f 5942 5943 5941
f 5941 5943 5944
f 5945 5946 5936
f 5936 5946 5937
f 5948 5949 5947
f 5947 5949 5950
f 5951 5952 5519
f 5519 5952 5593
f 5953 5951 5709
f 5709 5951 5519
f 5955 5956 5954
f 5954 5956 5957
f 5958 5942 5946
f 5946 5942 5937
f 5948 5959 5949
f 5949 5959 5933
f 5960 5958 5934
f 5934 5958 5946
f 5961 5955 5940
f 5940 5955 5962
f 5963 5964 5966
f 5966 5964 5965
f 5955 5954 5962
f 5962 5954 5967
f 5968 5939 5962
f 5962 5939 5940
f 5961 5940 5941
f 5941 5940 5938
f 5931 5969 5932
f 5932 5969 5970
f 5945 5971 5931
f 5931 5971 5969
f 5941 5944 5961
f 5961 5944 5972
f 5954 5957 5947
f 5947 5957 5973
f 5945 5931 5946
f 5946 5931 5934
f 5935 5974 5936
f 5936 5974 5975
f 5959 5960 5933
f 5933 5960 5934
f 5937 5942 5938
f 5938 5942 5941
f 5932 5970 5976
f 5976 5970 5977
f 5968 5964 5978
f 5978 5964 5963
f 5965 5964 5950
f 5950 5964 5967
f 5976 5977 5965
f 5965 5977 5966
f 5947 5950 5954
f 5954 5950 5967
f 5939 5968 5979
f 5979 5968 5978
f 5936 5975 5945
f 5945 5975 5971
f 5972 5754 5956
f 5956 5754 5617
f 5974 5935 5979
f 5979 5935 5939
f 5953 5943 5958
f 5958 5943 5942
f 5964 5968 5967
f 5967 5968 5962
f 5965 5950 5976
f 5976 5950 5949
f 5976 5949 5932
f 5932 5949 5933
f 5979 5978 5981
f 5981 5978 5980
f 5979 5981 5974
f 5974 5981 5982
f 5974 5982 5975
f 5975 5982 5983
f 5975 5983 5971
f 5971 5983 5984
f 5978 5963 5980
f 5980 5963 5985
f 5963 5966 5985
f 5985 5966 5986
f 5986 5966 5987
f 5987 5966 5977
f 5988 5989 5985
f 5985 5989 5980
f 5991 5992 5990
f 5990 5992 5993
f 5994 5995 5991
f 5991 5995 5992
f 5992 5995 5997
f 5997 5995 5996
f 5998 5999 5997
f 5997 5999 6000
f 5996 6001 5997
f 5997 6001 5998
f 6000 5993 5997
f 5997 5993 5992
f 6002 6003 5993
f 5993 6003 5990
f 5995 5994 5996
f 5996 5994 6004
f 5994 5982 6004
f 6004 5982 5981
f 5994 6005 5982
f 5982 6005 5983
f 5991 6006 5994
f 5994 6006 6005
f 6006 5991 6007
f 6007 5991 5990
f 5996 6004 6001
f 6001 6004 5989
f 5989 6004 5980
f 5980 6004 5981
f 6003 6008 5990
f 5990 6008 6007
f 6009 6006 6010
f 6010 6006 6007
f 6008 6011 6007
f 6007 6011 6010
f 6012 6009 6013
f 6013 6009 6010
f 6009 6012 6015
f 6015 6012 6014
f 6011 6016 6010
f 6010 6016 6013
f 6006 6009 6005
f 6005 6009 6015
f 6005 6015 5983
f 5983 6015 5984
f 6008 6003 6018
f 6018 6003 6017
f 6003 6002 6017
f 6017 6002 6019
f 5998 6001 6020
f 6020 6001 5989
f 5999 5998 6021
f 6021 5998 6020
f 5989 5988 6020
f 6020 5988 6022
f 6021 6020 6023
f 6023 6020 6022
f 6021 6024 5999
f 5999 6024 6025
f 6019 6025 6017
f 6017 6025 6024
f 5971 5984 5969
f 5969 5984 6026
f 5970 6027 5977
f 5977 6027 5987
f 6027 5970 6026
f 6026 5970 5969
f 6026 6014 6027
f 6027 6014 6028
f 6014 6012 6028
f 6028 6012 6029
f 6027 6028 5987
f 5987 6028 6030
f 6026 5984 6014
f 6014 5984 6015
f 6031 5986 6030
f 6030 5986 5987
f 6031 5988 5986
f 5986 5988 5985
f 6032 6022 6031
f 6031 6022 5988
f 6032 6031 6033
f 6033 6031 6030
f 6034 6032 6035
f 6035 6032 6033
f 6028 6029 6030
f 6030 6029 6033
f 6029 6036 6033
f 6033 6036 6035
f 6032 6034 6022
f 6022 6034 6023
f 6038 6023 6037
f 6037 6023 6034
f 6037 6040 6039
f 6039 6040 6041
f 6037 6034 6040
f 6040 6034 6035
f 6037 6039 6038
f 6038 6039 6018
f 6038 6018 6024
f 6024 6018 6017
f 6024 6021 6038
f 6038 6021 6023
f 6012 6013 6029
f 6029 6013 6036
f 6041 6036 6016
f 6016 6036 6013
f 6041 6040 6036
f 6036 6040 6035
f 6041 6016 6039
f 6039 6016 6011
f 6011 6008 6039
f 6039 6008 6018
f 5993 6000 6002
f 6002 6000 6019
f 6019 6000 6025
f 6025 6000 5999
f 5943 5756 5944
f 5944 5756 5755
f 6042 5948 5973
f 5973 5948 5947
f 5952 5951 5959
f 5959 5951 5960
f 5951 5953 5960
f 5960 5953 5958
f 5616 5957 5617
f 5617 5957 5956
f 6042 5952 5948
f 5948 5952 5959
f 5944 5755 5972
f 5972 5755 5754
f 5957 5616 5973
f 5973 5616 5652
f 5956 5955 5972
f 5972 5955 5961
f 5943 5953 5756
f 5756 5953 5709
f 6044 6045 6043
f 6043 6045 6046
f 6048 6049 6047
f 6047 6049 6050
f 6047 6050 6051
f 6051 6050 6052
f 6054 6055 6053
f 6053 6055 6056
f 6057 6058 6060
f 6060 6058 6059
f 6061 6062 6048
f 6048 6062 6049
f 6063 6064 6066
f 6066 6064 6065
f 6067 6068 6070
f 6070 6068 6069
f 6071 6069 5653
f 5653 6069 6068
f 6072 6073 6075
f 6075 6073 6074
f 6062 6076 6049
f 6049 6076 6054
f 6058 6067 6059
f 6059 6067 6070
f 6064 6077 6065
f 6065 6077 6045
f 6078 6076 6046
f 6046 6076 6062
f 6073 6080 6079
f 6079 6080 6052
f 6082 6083 6081
f 6081 6083 6084
f 6072 6085 6073
f 6073 6085 6080
f 6086 6051 6080
f 6080 6051 6052
f 6079 6052 6053
f 6053 6052 6050
f 6043 6087 6044
f 6044 6087 6088
f 6061 6089 6043
f 6043 6089 6087
f 6053 6056 6079
f 6079 6056 6090
f 6063 6072 6060
f 6060 6072 6075
f 6043 6046 6061
f 6061 6046 6062
f 6047 6091 6048
f 6048 6091 6092
f 6077 6078 6045
f 6045 6078 6046
f 6049 6054 6050
f 6050 6054 6053
f 6044 6088 6093
f 6093 6088 6094
f 6086 6082 6095
f 6095 6082 6081
f 6083 6082 6066
f 6066 6082 6085
f 6093 6094 6083
f 6083 6094 6084
f 6072 6063 6085
f 6085 6063 6066
f 6051 6086 6096
f 6096 6086 6095
f 6048 6092 6061
f 6061 6092 6089
f 5656 5655 6090
f 6090 5655 6074
f 6091 6047 6096
f 6096 6047 6051
f 6071 6055 6076
f 6076 6055 6054
f 6082 6086 6085
f 6085 6086 6080
f 6093 6083 6065
f 6065 6083 6066
f 6044 6093 6045
f 6045 6093 6065
f 6096 6095 6098
f 6098 6095 6097
f 6096 6098 6091
f 6091 6098 6099
f 6091 6099 6092
f 6092 6099 6100
f 6092 6100 6089
f 6089 6100 6101
f 6095 6081 6097
f 6097 6081 6102
f 6081 6084 6102
f 6102 6084 6103
f 6103 6084 6104
f 6104 6084 6094
f 6106 6097 6105
f 6105 6097 6102
f 6107 6108 6110
f 6110 6108 6109
f 6111 6112 6108
f 6108 6112 6109
f 6109 6112 6114
f 6114 6112 6113
f 6114 6115 6117
f 6117 6115 6116
f 6113 6118 6114
f 6114 6118 6115
f 6117 6110 6114
f 6114 6110 6109
f 6110 6119 6107
f 6107 6119 6120
f 6112 6111 6113
f 6113 6111 6121
f 6111 6099 6121
f 6121 6099 6098
f 6111 6122 6099
f 6099 6122 6100
f 6123 6122 6108
f 6108 6122 6111
f 6124 6123 6107
f 6107 6123 6108
f 6113 6121 6118
f 6118 6121 6106
f 6106 6121 6097
f 6097 6121 6098
f 6125 6124 6120
f 6120 6124 6107
f 6126 6123 6127
f 6127 6123 6124
f 6125 6128 6124
f 6124 6128 6127
f 6129 6126 6130
f 6130 6126 6127
f 6126 6129 6132
f 6132 6129 6131
f 6128 6133 6127
f 6127 6133 6130
f 6123 6126 6122
f 6122 6126 6132
f 6122 6132 6100
f 6100 6132 6101
f 6120 6134 6125
f 6125 6134 6135
f 6120 6119 6134
f 6134 6119 6136
f 6115 6118 6137
f 6137 6118 6106
f 6115 6137 6116
f 6116 6137 6138
f 6137 6106 6139
f 6139 6106 6105
f 6138 6137 6140
f 6140 6137 6139
f 6141 6142 6138
f 6138 6142 6116
f 6136 6142 6134
f 6134 6142 6141
f 6089 6101 6087
f 6087 6101 6143
f 6088 6144 6094
f 6094 6144 6104
f 6143 6144 6087
f 6087 6144 6088
f 6131 6145 6143
f 6143 6145 6144
f 6129 6146 6131
f 6131 6146 6145
f 6144 6145 6104
f 6104 6145 6147
f 6143 6101 6131
f 6131 6101 6132
f 6148 6103 6147
f 6147 6103 6104
f 6103 6148 6102
f 6102 6148 6105
f 6148 6149 6105
f 6105 6149 6139
f 6149 6148 6150
f 6150 6148 6147
f 6151 6149 6152
f 6152 6149 6150
f 6145 6146 6147
f 6147 6146 6150
f 6146 6153 6150
f 6150 6153 6152
f 6149 6151 6139
f 6139 6151 6140
f 6155 6140 6154
f 6154 6140 6151
f 6154 6157 6156
f 6156 6157 6158
f 6154 6151 6157
f 6157 6151 6152
f 6154 6156 6155
f 6155 6156 6135
f 6155 6135 6141
f 6141 6135 6134
f 6141 6138 6155
f 6155 6138 6140
f 6146 6129 6153
f 6153 6129 6130
f 6158 6153 6133
f 6133 6153 6130
f 6158 6157 6153
f 6153 6157 6152
f 6156 6158 6128
f 6128 6158 6133
f 6128 6125 6156
f 6156 6125 6135
f 6110 6117 6119
f 6119 6117 6136
f 6136 6117 6142
f 6142 6117 6116
f 6055 5615 6056
f 6056 5615 5752
f 6060 6059 6063
f 6063 6059 6064
f 6077 6070 6078
f 6078 6070 6069
f 6069 6071 6078
f 6078 6071 6076
f 6159 6057 6075
f 6075 6057 6060
f 6059 6070 6064
f 6064 6070 6077
f 6056 5752 6090
f 6090 5752 5656
f 6090 6074 6079
f 6079 6074 6073
f 6055 6071 5615
f 5615 6071 5653
f 5547 5471 6160
f 6160 5471 6161
f 5729 5577 6163
f 6163 5577 6162
f 5577 5576 6162
f 6162 5576 6164
f 5713 6165 5711
f 5711 6165 6166
f 5474 5729 6167
f 6167 5729 6163
f 5750 5547 6168
f 6168 5547 6160
f 5471 5474 6161
f 6161 5474 6167
f 6169 5712 6168
f 6168 5712 5750
f 5711 6166 5576
f 5576 6166 6164
f 6165 5713 6169
f 6169 5713 5712
f 6168 6170 6169
f 6169 6170 6171
f 6169 6171 6165
f 6165 6171 6172
f 6165 6172 6166
f 6166 6172 6173
f 6166 6173 6164
f 6164 6173 6174
f 6168 6160 6170
f 6170 6160 6175
f 6160 6161 6175
f 6175 6161 6176
f 6161 6167 6176
f 6176 6167 6177
f 6179 6170 6178
f 6178 6170 6175
f 6181 6182 6180
f 6180 6182 6183
f 6184 6185 6181
f 6181 6185 6182
f 6186 6187 6185
f 6185 6187 6182
f 6186 6188 6187
f 6187 6188 6189
f 6190 6183 6187
f 6187 6183 6182
f 6183 6190 6191
f 6191 6190 6192
f 6191 6193 6183
f 6183 6193 6180
f 6186 6185 6194
f 6194 6185 6184
f 6184 6172 6194
f 6194 6172 6171
f 6184 6195 6172
f 6172 6195 6173
f 6181 6196 6184
f 6184 6196 6195
f 6196 6181 6197
f 6197 6181 6180
f 6186 6194 6188
f 6188 6194 6179
f 6179 6194 6170
f 6170 6194 6171
f 6193 6198 6180
f 6180 6198 6197
f 6199 6196 6200
f 6200 6196 6197
f 6198 6201 6197
f 6197 6201 6200
f 6202 6199 6203
f 6203 6199 6200
f 6199 6202 6205
f 6205 6202 6204
f 6201 6206 6200
f 6200 6206 6203
f 6196 6199 6195
f 6195 6199 6205
f 6195 6205 6173
f 6173 6205 6174
f 6198 6193 6208
f 6208 6193 6207
f 6193 6191 6207
f 6207 6191 6192
f 6189 6188 6209
f 6209 6188 6179
f 6210 6189 6211
f 6211 6189 6209
f 6209 6179 6212
f 6212 6179 6178
f 6211 6209 6213
f 6213 6209 6212
f 6211 6214 6210
f 6210 6214 6215
f 6192 6215 6207
f 6207 6215 6214
f 6190 6187 6210
f 6210 6187 6189
f 6192 6190 6215
f 6215 6190 6210
f 6162 6164 6216
f 6216 6164 6174
f 6167 6163 6177
f 6177 6163 6217
f 6216 6217 6162
f 6162 6217 6163
f 6204 6218 6216
f 6216 6218 6217
f 6202 6219 6204
f 6204 6219 6218
f 6217 6218 6177
f 6177 6218 6220
f 6216 6174 6204
f 6204 6174 6205
f 6221 6176 6220
f 6220 6176 6177
f 6176 6221 6175
f 6175 6221 6178
f 6221 6222 6178
f 6178 6222 6212
f 6222 6221 6223
f 6223 6221 6220
f 6224 6222 6225
f 6225 6222 6223
f 6218 6219 6220
f 6220 6219 6223
f 6219 6226 6223
f 6223 6226 6225
f 6222 6224 6212
f 6212 6224 6213
f 6228 6213 6227
f 6227 6213 6224
f 6229 6227 6231
f 6231 6227 6230
f 6227 6224 6230
f 6230 6224 6225
f 6227 6229 6228
f 6228 6229 6208
f 6228 6208 6214
f 6214 6208 6207
f 6214 6211 6228
f 6228 6211 6213
f 6219 6202 6226
f 6226 6202 6203
f 6231 6226 6206
f 6206 6226 6203
f 6231 6230 6226
f 6226 6230 6225
f 6229 6231 6201
f 6201 6231 6206
f 6201 6198 6229
f 6229 6198 6208
f 5674 5672 5661
f 5661 5672 5662
f 5662 5672 5663
f 5663 5672 5646
f 5651 6042 5652
f 5652 6042 5973
f 5518 5517 5751
f 5751 5517 5733
f 5738 5660 5753
f 5753 5660 5637
f 5752 5636 5656
f 5656 5636 5526
f 5952 6042 5593
f 5593 6042 5651
f 5593 5651 5594
f 5594 5651 5650
f 5600 5737 5514
f 5514 5737 5515
f 5546 5545 5740
f 5740 5545 6232
f 6232 6058 5740
f 5740 6058 6057
f 6067 6058 6233
f 6233 6058 6232
f 6233 6232 6234
f 6234 6232 5545
f 6234 5545 6235
f 6235 5545 5544
f 5606 6236 5543
f 5543 6236 5544
f 6235 5544 5539
f 5539 5544 6236
f 6237 6235 5542
f 5542 6235 5539
f 6235 6237 6234
f 6234 6237 6238
f 6234 6238 6233
f 6233 6238 6239
f 5653 6068 5650
f 5650 6068 6239
f 5642 5513 6240
f 6240 5513 5516
f 5539 6236 5540
f 5540 6236 5606
f 5636 5614 5637
f 5637 5614 5753
f 6239 5737 5650
f 5650 5737 5594
f 6239 6068 6233
f 6233 6068 6067
f 6075 6074 6159
f 6159 6074 5655
f 6057 6159 5740
f 5740 6159 5655
f 5515 5737 6238
f 6238 5737 6239
f 6238 6237 5515
f 5515 6237 5516
f 5542 6240 6237
f 6237 6240 5516
f 6240 5542 5642
f 5642 5542 5541
f 5702 5699 5541
f 5541 5699 5642
f 5582 5475 5717
f 5470 5443 5537
f 5537 5443 5504
f 5469 5444 5470
f 5470 5444 5443
f 5726 5557 5727
f 5727 5557 5556
f 5537 5504 5511
f 5511 5504 5506
f 5504 5503 5506
f 5506 5503 5507
f 5503 5455 5507
f 5507 5455 5581
f 5455 5454 5581
f 5581 5454 5456
f 5473 5453 5474
f 5474 5453 5729
f 5457 5454 5473
f 5473 5454 5453
f 5473 5472 5457
f 5457 5472 5686
f 5472 5548 5686
f 5686 5548 5687
f 5749 5693 5548
f 5548 5693 5687
f 5715 5532 5749
f 5749 5532 5693
f 5714 5486 5715
f 5715 5486 5532
f 5714 5710 5486
f 5486 5710 5449
f 5728 5578 5729
f 5729 5578 5577
f 5452 5445 5698
f 5698 5445 5558
f 5445 5444 5558
f 5558 5444 5556
f 5444 5469 5556
f 5556 5469 5727
f 5469 5468 5727
f 5727 5468 5555
f 5468 5747 5555
f 5555 5747 5552
f 5747 5700 5552
f 5552 5700 5716
f 5700 5699 5716
f 5716 5699 5717
f 5699 5702 5717
f 5717 5702 5582
f 5702 5701 5582
f 5582 5701 5583
f 5726 5479 5557
f 5557 5479 5483
f 5483 5479 5484
f 5484 5479 5482
f 5534 5533 5482
f 5482 5533 5484
f 5691 5688 5534
f 5534 5688 5533
f 5644 5647 5691
f 5691 5647 5688
f 5719 5746 5701
f 5701 5746 5583
f 5718 5497 5719
f 5719 5497 5746
f 5718 5605 5654
f 5654 5605 5638
f 5498 5654 5657
f 5657 5654 5633
f 5497 5718 5498
f 5498 5718 5654
f 5657 5527 5498
f 5498 5527 5494
f 5528 5570 5495
f 5495 5570 5521
f 5665 5668 5528
f 5528 5668 5570
f 5664 5671 5665
f 5665 5671 5668
f 5645 5741 5664
f 5664 5741 5671
f 5644 5696 5645
f 5645 5696 5741
f 5710 5575 5449
f 5449 5575 5450
f 5575 5578 5450
f 5450 5578 5698
f 5578 5728 5698
f 5698 5728 5452
f 5452 5728 5451
f 5451 5728 5453
f 3619 6241 3620
f 3620 6241 6242
f 6243 6244 3628
f 3628 6244 3629
f 6245 6246 3634
f 3634 6246 3631
f 6247 6248 3636
f 3636 6248 3637
f 6249 6250 3642
f 3642 6250 3639
f 3639 6250 3643
f 3643 6250 6251
f 3743 6252 3744
f 3744 6252 6253
f 6246 6243 3631
f 3631 6243 3628
f 3753 6254 3754
f 3754 6254 6255
f 3857 6256 3619
f 3619 6256 6241
f 6257 6245 3932
f 3932 6245 3634
f 6242 6247 3620
f 3620 6247 3636
f 6258 6259 3946
f 3946 6259 3947
f 6260 6249 3948
f 3948 6249 3642
f 6244 6258 3629
f 3629 6258 3946
f 3947 6259 3753
f 3753 6259 6254
f 6248 6260 3637
f 3637 6260 3948
f 3643 6251 3743
f 3743 6251 6252
f 3744 6253 3932
f 3932 6253 6257
f 6250 6249 6251
f 6251 6249 6252
f 6245 6261 6246
f 6246 6261 6262
f 6263 6264 6247
f 6247 6264 6248
f 6252 6265 6253
f 6253 6265 6266
f 6246 6262 6243
f 6243 6262 6267
f 6268 6261 6257
f 6257 6261 6245
f 6269 6263 6242
f 6242 6263 6247
f 6270 6271 6260
f 6260 6271 6249
f 6264 6270 6248
f 6248 6270 6260
f 6253 6266 6257
f 6257 6266 6268
f 6249 6271 6252
f 6252 6271 6265
f 6254 6259 6272
f 6272 6259 6273
f 6266 6265 6270
f 6270 6265 6271
f 6268 6266 6264
f 6264 6266 6270
f 6261 6268 6263
f 6263 6268 6264
f 6269 6262 6263
f 6263 6262 6261
f 4186 4185 6274
f 6274 4185 6275
f 6241 6276 6242
f 6242 6276 6269
f 6258 6244 6277
f 6277 6244 6278
f 6256 6279 6241
f 6241 6279 6276
f 6259 6258 6273
f 6273 6258 6277
f 6243 6267 6244
f 6244 6267 6278
f 6276 6267 6269
f 6269 6267 6262
f 6254 6272 6255
f 6255 6272 6280
f 3865 3713 3888
f 3888 3713 3685
f 5242 5233 3892
f 3892 5233 3711
f 3900 5243 3892
f 3892 5243 5242
f 3734 3866 3900
f 3900 3866 5243
f 4117 6281 4118
f 4118 6281 6282
f 4118 6282 4278
f 4278 6282 4879
f 4717 4887 4718
f 4718 4887 4280
f 4792 4278 4882
f 4882 4278 4879
f 4795 4792 6283
f 6283 4792 4882
f 4852 4851 5012
f 5012 4851 6284
f 4856 5207 4857
f 4857 5207 4858
f 4860 4279 4857
f 4857 4279 4854
f 4718 4280 4860
f 4860 4280 4279
f 4864 4863 4745
f 4745 4863 4742
f 5366 4867 5011
f 5011 4867 4866
f 4871 4884 4872
f 4872 4884 4883
f 4872 4883 4117
f 4117 4883 6281
f 6284 4851 6283
f 6283 4851 4795
f 4852 4866 4853
f 4853 4866 4865
f 4871 4870 4856
f 4856 4870 5207
f 4717 4716 4864
f 4864 4716 4861
f 4868 4867 4862
f 4862 4867 4863
f 4268 4855 4269
f 4269 4855 4854
f 4281 4274 4282
f 4282 4274 4765
f 4744 4743 4907
f 4907 4743 4904
f 4874 4881 4820
f 4820 4881 4880
f 4885 5013 4886
f 4886 5013 4980
f 4888 4275 4281
f 4281 4275 4274
f 4902 6282 4903
f 4903 6282 6281
f 6283 4979 6284
f 6284 4979 4978
f 4282 4765 4269
f 4269 4765 4266
f 4880 4879 4902
f 4902 4879 6282
f 4903 6281 4886
f 4886 6281 4883
f 4882 4881 6283
f 6283 4881 4979
f 5013 4885 4267
f 4267 4885 4268
f 4888 4887 4744
f 4744 4887 4745
f 4410 6285 4411
f 4411 6285 4812
f 4750 4749 6286
f 6286 4749 6287
f 6289 4695 6288
f 6288 4695 4255
f 4750 4675 4751
f 4751 4675 4965
f 6290 6291 4963
f 4963 6291 4960
f 4807 4806 4411
f 4411 4806 4408
f 6292 6293 4959
f 4959 6293 4956
f 4958 6294 4959
f 4959 6294 4955
f 4962 4964 4963
f 4963 4964 4805
f 4962 4961 4751
f 4751 4961 4748
f 6296 6297 6295
f 6295 6297 6298
f 6299 6300 6288
f 6288 6300 4735
f 6302 4961 6301
f 6301 4961 4960
f 6304 6287 6303
f 6303 6287 4749
f 4968 6305 4969
f 4969 6305 6306
f 4413 6308 6307
f 6307 6308 4900
f 6301 4960 6309
f 6309 4960 6291
f 4412 4408 6310
f 6310 4408 4806
f 4696 6311 4256
f 4256 6311 6312
f 6303 4749 6313
f 6313 4749 4748
f 6313 4748 6302
f 6302 4748 4961
f 6315 6316 6314
f 6314 6316 6317
f 4084 6318 6315
f 6315 6318 6316
f 4083 6319 4084
f 4084 6319 6318
f 4112 6320 4083
f 4083 6320 6319
f 6322 4138 6321
f 6321 4138 4137
f 6324 4128 6323
f 6323 4128 4127
f 4127 4193 6323
f 6323 4193 6325
f 4193 4891 6325
f 6325 4891 6326
f 4891 6327 6326
f 6326 6327 6328
f 6327 4824 5227
f 5227 4824 5228
f 5231 4684 6329
f 6329 4684 4683
f 4683 4099 6329
f 6329 4099 6330
f 4099 4102 6330
f 6330 4102 6331
f 4174 4826 4429
f 4429 4826 4829
f 4173 4741 4174
f 4174 4741 4826
f 4180 4738 4173
f 4173 4738 4741
f 6332 6333 4180
f 4180 6333 4738
f 6274 6334 4186
f 4186 6334 4188
f 4181 4825 4180
f 4180 4825 6332
f 5044 5213 5045
f 5045 5213 5165
f 5046 5087 5047
f 5047 5087 5222
f 5077 5063 5078
f 5078 5063 5198
f 5081 5099 5082
f 5082 5099 5194
f 5095 5074 5096
f 5096 5074 5073
f 5373 5170 5096
f 5096 5170 5093
f 5375 5171 5373
f 5373 5171 5170
f 5047 5222 5375
f 5375 5222 5171
f 5046 5038 5376
f 5376 5038 5067
f 5377 5086 5376
f 5376 5086 5085
f 5045 5165 5377
f 5377 5165 5086
f 5378 5214 5044
f 5044 5214 5213
f 5077 5034 5378
f 5378 5034 5214
f 5082 5194 5078
f 5078 5194 5035
f 5081 5080 5379
f 5379 5080 6335
f 5379 6335 5095
f 5095 6335 5074
f 5032 5080 5033
f 5033 5080 5079
f 5040 5017 5041
f 5041 5017 5016
f 5050 5043 5051
f 5051 5043 5042
f 5065 5023 5066
f 5066 5023 5022
f 5050 5049 5065
f 5065 5049 5023
f 5041 5016 5068
f 5068 5016 5020
f 5071 5374 5072
f 5072 5374 5200
f 5075 5156 5076
f 5076 5156 5155
f 5162 5212 5068
f 5068 5212 5067
f 5075 5074 5192
f 5192 5074 6335
f 5066 5022 5199
f 5199 5022 5196
f 5076 5155 5072
f 5072 5155 5069
f 5040 5039 5071
f 5071 5039 5374
f 5162 5161 5051
f 5051 5161 5048
f 5192 6335 5032
f 5032 6335 5080
f 5199 5196 5033
f 5033 5196 5030
f 5018 5211 5019
f 5019 5211 5408
f 5019 5408 5021
f 5021 5408 5163
f 5024 5057 5025
f 5025 5057 5415
f 5028 5048 5029
f 5029 5048 5161
f 5054 5031 5055
f 5055 5031 5030
f 5024 5023 5058
f 5058 5023 5049
f 5061 5070 5062
f 5062 5070 5069
f 5157 5438 5158
f 5158 5438 5442
f 5160 5191 5054
f 5054 5191 5031
f 5029 5161 5021
f 5021 5161 5020
f 5025 5415 5197
f 5197 5415 5220
f 5158 5442 5062
f 5062 5442 5059
f 5018 5017 5061
f 5061 5017 5070
f 5160 5159 5157
f 5157 5159 5438
f 5028 5027 5058
f 5058 5027 5056
f 5055 5030 5197
f 5197 5030 5196
f 5409 5380 5410
f 5410 5380 6336
f 5026 5413 5027
f 5027 5413 5412
f 5396 5417 5393
f 5393 5417 5416
f 5416 5057 5419
f 5419 5057 5056
f 5417 5396 5426
f 5426 5396 5420
f 5427 5423 5428
f 5428 5423 5422
f 5427 5059 5430
f 5430 5059 5442
f 5409 5408 5433
f 5433 5408 5211
f 5433 5211 5428
f 5428 5211 5060
f 5412 5411 5419
f 5419 5411 5418
f 5436 5053 5437
f 5437 5053 5052
f 5439 5402 5440
f 5440 5402 5401
f 5436 5435 5439
f 5439 5435 5402
f 5410 6336 5413
f 5413 6336 5414
f 5440 5401 5430
f 5430 5401 5429
f 5426 5420 5437
f 5437 5420 5434
f 5382 5432 5383
f 5383 5432 5384
f 5386 6336 5383
f 5383 6336 5380
f 6336 5386 5414
f 5414 5386 5388
f 5391 5418 5392
f 5392 5418 5411
f 5705 5395 5704
f 5704 5395 5394
f 5399 5435 5400
f 5400 5435 5434
f 5403 5441 5404
f 5404 5441 5405
f 5407 5429 5404
f 5404 5429 5401
f 5395 5705 5421
f 5421 5705 5748
f 5424 5706 5425
f 5425 5706 5431
f 5391 5390 5394
f 5394 5390 5704
f 5392 5388 5389
f 5389 5388 5387
f 5382 5381 5425
f 5425 5381 5422
f 5407 5406 5424
f 5424 5406 5706
f 5403 5402 5399
f 5399 5402 5435
f 5421 5748 5400
f 5400 5748 5397
f 4097 4721 4098
f 4098 4721 4231
f 4233 5273 4098
f 4098 5273 4095
f 6337 6338 4785
f 4785 6338 4786
f 4076 4780 4073
f 4073 4780 4781
f 4782 4190 4781
f 4781 4190 4073
f 4783 4901 4782
f 4782 4901 4190
f 4780 4076 4097
f 4097 4076 4721
f 6337 2879 4701
f 4701 2879 2878
f 5280 6339 5272
f 5272 6339 6340
f 5282 5281 6341
f 6341 5281 6342
f 4109 6302 4110
f 4110 6302 6301
f 4283 6304 4284
f 4284 6304 6303
f 6305 4379 6306
f 6306 4379 4378
f 4110 6301 4428
f 4428 6301 6309
f 6310 4688 4412
f 4412 4688 4687
f 4284 6303 4753
f 4753 6303 6313
f 4753 6313 4109
f 4109 6313 6302
f 6343 5226 4428
f 4428 5226 4427
f 4147 4900 4416
f 4416 4900 6308
f 6312 6311 4241
f 4241 6311 4720
f 5223 6344 4702
f 4702 6344 4699
f 4221 4220 6345
f 6345 4220 6346
f 5276 5275 6347
f 6347 5275 6348
f 5275 4728 6348
f 6348 4728 6349
f 4727 6350 5284
f 5284 6350 5285
f 6351 6352 6354
f 6354 6352 6353
f 5313 5312 5292
f 5292 5312 5293
f 5312 5344 5293
f 5293 5344 5337
f 5344 4914 5337
f 5337 4914 4916
f 4914 4913 4916
f 4916 4913 4917
f 4913 6355 4917
f 4917 6355 4978
f 6356 6357 6284
f 6284 6357 5012
f 6357 6358 5012
f 5012 6358 5011
f 5011 6358 5366
f 5366 6358 6359
f 6360 4742 6359
f 6359 4742 5366
f 4743 6361 4904
f 4904 6361 5364
f 5363 4905 5364
f 5364 4905 4904
f 5363 6362 4905
f 4905 6362 4207
f 6362 6363 4207
f 4207 6363 4208
f 6363 5342 4208
f 4208 5342 5330
f 5342 5341 5330
f 5330 5341 4244
f 5341 6364 4244
f 4244 6364 4245
f 6364 6365 4245
f 4245 6365 4246
f 6366 6367 4253
f 4253 6367 4250
f 4214 6368 4211
f 4211 6368 4380
f 4380 4379 4211
f 4211 4379 4283
f 4379 6305 4283
f 4283 6305 6304
f 6305 4968 6304
f 6304 4968 6287
f 4968 4967 6287
f 6287 4967 6286
f 4967 6297 6286
f 6286 6297 4676
f 6296 4376 4288
f 4288 4376 4285
f 4376 4373 4285
f 4285 4373 4290
f 6369 6370 6372
f 6372 6370 6371
f 5245 6373 5246
f 5246 6373 6374
f 4317 6375 4318
f 4318 6375 6376
f 4331 6377 4332
f 4332 6377 6378
f 6379 4333 6376
f 6376 4333 4318
f 4343 6380 4344
f 4344 6380 6381
f 4347 6382 4348
f 4348 6382 6383
f 4374 6371 4331
f 4331 6371 6377
f 4333 6379 4426
f 4426 6379 6384
f 4690 6385 4347
f 4347 6385 6382
f 4332 6378 4317
f 4317 6378 6375
f 4922 6386 4923
f 4923 6386 6387
f 6388 6389 4375
f 4375 6389 6390
f 6355 6356 4978
f 4978 6356 6284
f 4742 6360 4743
f 4743 6360 6361
f 6391 4238 6392
f 6392 4238 4719
f 6392 4719 6393
f 6393 4719 5296
f 6395 6396 6394
f 6394 6396 6397
f 6399 6400 6398
f 6398 6400 6401
f 6402 5302 6403
f 6403 5302 5303
f 5303 5321 6403
f 6403 5321 6404
f 5320 6405 5321
f 5321 6405 6404
f 5319 6406 5350
f 5350 6406 5351
f 5319 5318 6406
f 6406 5318 6407
f 5288 4197 6408
f 6408 4197 6409
f 4217 4216 6410
f 6410 4216 6411
f 5227 6412 6327
f 6327 6412 6328
f 4892 6413 5227
f 5227 6413 6412
f 4228 6414 4892
f 4892 6414 6413
f 4227 6415 4228
f 4228 6415 6414
f 4248 6416 4227
f 4227 6416 6415
f 4247 6417 4248
f 4248 6417 6416
f 6417 4247 6419
f 6419 4247 6418
f 6419 6418 6421
f 6421 6418 6420
f 6422 5301 6423
f 6423 5301 5300
f 6423 5300 6424
f 6424 5300 6399
f 6408 6409 6398
f 6398 6409 6425
f 6426 6427 6397
f 6397 6427 6394
f 6428 4224 6429
f 6429 4224 4223
f 6347 6346 5276
f 5276 6346 4220
f 6346 6347 6341
f 6341 6347 6339
f 5280 5278 5282
f 5282 5278 4236
f 4896 5224 4684
f 4684 5224 4681
f 4132 4135 4896
f 4896 4135 5224
f 4131 4136 4132
f 4132 4136 4135
f 4226 4754 4131
f 4131 4754 4136
f 4251 4213 4226
f 4226 4213 4754
f 4250 4214 4251
f 4251 4214 4213
f 4250 6367 4214
f 4214 6367 6368
f 6367 4910 6368
f 6368 4910 4737
f 4909 5297 4736
f 4736 5297 5296
f 5297 6395 5296
f 5296 6395 6393
f 6427 6430 6394
f 6394 6430 6431
f 6429 4383 6428
f 6428 4383 4382
f 4219 5277 4220
f 4220 5277 5276
f 4222 4697 4383
f 4383 4697 4218
f 6345 4699 4221
f 4221 4699 6344
f 6342 4700 6345
f 6345 4700 4699
f 4235 4786 5281
f 5281 4786 6338
f 4234 4787 4235
f 4235 4787 4786
f 5279 5278 6432
f 6432 5278 5271
f 4237 5279 6433
f 6433 5279 6432
f 4787 4234 6433
f 6433 4234 4237
f 6435 6436 6434
f 6434 6436 6437
f 6359 6438 6360
f 6360 6438 6437
f 6439 6440 6441
f 6441 6440 6438
f 6443 6439 6442
f 6442 6439 6441
f 6357 6356 6442
f 6442 6356 6444
f 6444 6446 6445
f 6445 6446 6447
f 4912 6446 4913
f 4913 6446 6355
f 6361 6436 5364
f 5364 6436 5365
f 5319 5350 5316
f 5316 5350 6448
f 4832 6449 5350
f 5350 6449 6448
f 4831 6450 4832
f 4832 6450 6449
f 5354 6451 5320
f 5320 6451 6405
f 4265 6452 5354
f 5354 6452 6451
f 4264 6453 4265
f 4265 6453 6452
f 6450 4831 6447
f 6447 4831 6445
f 4263 6435 4264
f 4264 6435 6434
f 6454 6453 6439
f 6439 6453 6440
f 6439 6443 6454
f 6454 6443 4834
f 4833 6455 4834
f 4834 6455 6454
f 5351 6456 4833
f 4833 6456 6455
f 6457 6391 6458
f 6458 6391 6392
f 6458 6392 6431
f 6431 6392 6393
f 5298 6396 5297
f 5297 6396 6395
f 6402 6400 5302
f 5302 6400 5299
f 6402 6403 6459
f 6459 6403 6460
f 6460 6403 6461
f 6461 6403 6404
f 6405 6462 6404
f 6404 6462 6461
f 6406 6462 5351
f 5351 6462 6456
f 6406 6407 6462
f 6462 6407 6461
f 6407 6463 6461
f 6461 6463 6460
f 6463 6464 6460
f 6460 6464 6459
f 6464 6465 6459
f 6459 6465 6401
f 6430 6466 6431
f 6431 6466 6458
f 6466 6410 6458
f 6458 6410 6457
f 6410 6411 6457
f 6457 6411 6467
f 6396 6424 6397
f 6397 6424 6425
f 6393 6395 6431
f 6431 6395 6394
f 6451 6456 6405
f 6405 6456 6462
f 6452 6455 6451
f 6451 6455 6456
f 6453 6454 6452
f 6452 6454 6455
f 6443 6445 4834
f 4834 6445 4831
f 6440 6453 6434
f 6434 6453 4264
f 6468 5306 5360
f 5360 5306 5305
f 6469 4124 6468
f 6468 4124 5306
f 6470 4125 6469
f 6469 4125 4124
f 6471 5291 6470
f 6470 5291 4125
f 6353 5292 6471
f 6471 5292 5291
f 5292 6353 5313
f 5313 6353 6352
f 5347 5314 6352
f 6352 5314 5313
f 5353 5318 5346
f 5346 5318 5317
f 5334 6468 5358
f 5358 6468 5360
f 5324 6469 5334
f 5334 6469 6468
f 5323 6470 5324
f 5324 6470 6469
f 5343 6471 5323
f 5323 6471 6470
f 6354 6353 5343
f 5343 6353 6471
f 6348 6349 4270
f 4270 6349 5311
f 5272 6340 5273
f 5273 6340 4272
f 6432 5271 4232
f 4232 5271 4233
f 4294 6432 4295
f 4295 6432 4232
f 6432 4294 6433
f 6433 4294 4301
f 4301 4300 6433
f 6433 4300 4787
f 4704 4784 4300
f 4300 4784 4787
f 4704 3013 4784
f 4784 3013 1307
f 5103 6472 5104
f 5104 6472 5202
f 5108 5116 5105
f 5105 5116 5115
f 5111 5124 5112
f 5112 5124 5123
f 5154 5205 5105
f 5105 5205 5106
f 5167 5180 5168
f 5168 5180 5185
f 5175 5188 5176
f 5176 5188 5187
f 5112 5123 5178
f 5178 5123 5120
f 5167 5090 5183
f 5183 5090 5089
f 5210 5151 5183
f 5183 5151 5181
f 5216 5138 5217
f 5217 5138 5137
f 5218 5119 5219
f 5219 5119 5221
f 5218 5178 5119
f 5119 5178 5120
f 5217 5137 5104
f 5104 5137 5101
f 5116 5108 5221
f 5221 5108 5219
f 5111 5110 5210
f 5210 5110 5151
f 5154 5153 5103
f 5103 5153 6472
f 5216 5215 5176
f 5176 5215 5173
f 5175 5174 5168
f 5168 5174 5166
f 5091 5172 5092
f 5092 5172 5208
f 5117 5037 5118
f 5118 5037 5036
f 5121 5164 5122
f 5122 5164 5133
f 5125 5084 5126
f 5126 5084 5083
f 5129 5174 5130
f 5130 5174 5173
f 5131 5202 5132
f 5132 5202 6472
f 5135 5221 5122
f 5122 5221 5119
f 5125 5124 5136
f 5136 5124 5209
f 5126 5083 5121
f 5121 5083 5164
f 5118 5036 5195
f 5195 5036 5193
f 5131 5097 5203
f 5203 5097 5114
f 5132 6472 5195
f 5195 6472 5153
f 5136 5209 5092
f 5092 5209 5089
f 5135 5134 5117
f 5117 5134 5037
f 5362 5206 5130
f 5130 5206 5127
f 5372 5371 5128
f 5128 5371 5129
f 5371 5372 5091
f 5091 5372 5172
f 5362 5215 5203
f 5203 5215 5201
f 6463 6407 5353
f 5353 6407 5318
f 6464 6463 5352
f 5352 6463 5353
f 6408 6465 5288
f 5288 6465 5289
f 4196 4224 6426
f 6426 4224 6427
f 6430 6427 6428
f 6428 6427 4224
f 6466 6430 4382
f 4382 6430 6428
f 6410 6466 4217
f 4217 6466 4382
f 4240 4239 3015
f 3015 4239 3016
f 4254 4257 3017
f 3017 4257 3018
f 6473 6474 4732
f 4732 6474 6475
f 6474 6374 6475
f 6475 6374 6373
f 5246 6374 3022
f 3022 6374 3023
f 4254 6299 4255
f 4255 6299 6288
f 6473 6300 3024
f 3024 6300 3025
f 6476 4257 6312
f 6312 4257 4256
f 4240 6476 4241
f 4241 6476 6312
f 6477 4239 6391
f 6391 4239 4238
f 6467 6477 6457
f 6457 6477 6391
f 6411 3029 6467
f 6467 3029 3028
f 4216 3030 6411
f 6411 3030 3029
f 6479 6480 6478
f 6478 6480 6481
f 6483 6484 6482
f 6482 6484 6485
f 6486 6487 4102
f 4102 6487 6331
f 6483 6488 6478
f 6478 6488 6489
f 4429 4829 6490
f 6490 4829 6479
f 6491 6486 4101
f 4101 6486 4102
f 4895 6491 4899
f 4899 6491 4101
f 4160 6488 4157
f 4157 6488 6492
f 6489 4087 6490
f 6490 4087 4090
f 4267 4261 5013
f 5013 4261 4260
f 4258 4261 5328
f 5328 4261 4975
f 4261 4267 4975
f 4975 4267 4266
f 5367 3793 3912
f 3912 3793 3575
f 6494 3616 6493
f 6493 3616 3795
f 6496 3589 6495
f 6495 3589 3588
f 6495 3588 5368
f 5368 3588 3794
f 3841 3840 3050
f 3050 3840 3051
f 3912 3911 3052
f 3052 3911 3053
f 3929 3930 3054
f 3054 3930 3055
f 5370 3930 3916
f 3916 3930 3923
f 3938 5369 3807
f 3807 5369 3915
f 3589 6496 3806
f 3806 6496 3937
f 3938 3937 3056
f 3056 3937 3057
f 3051 3840 3058
f 3058 3840 3943
f 3730 4808 3727
f 3727 4808 3943
f 3820 3951 3795
f 3795 3951 6493
f 3951 3841 3059
f 3059 3841 3050
f 3911 3574 6494
f 6494 3574 3616
f 3823 3929 3824
f 3824 3929 3952
f 4061 4060 3060
f 3060 4060 3061
f 6497 6498 4901
f 4901 6498 4790
f 6333 6499 4738
f 4738 6499 4739
f 6500 6501 6314
f 6314 6501 4418
f 6502 6275 4417
f 4417 6275 4185
f 6503 6497 4783
f 4783 6497 4901
f 6498 4060 4790
f 4790 4060 4059
f 4808 4061 3069
f 3069 4061 3060
f 5367 3071 5368
f 5368 3071 3070
f 5369 3073 5370
f 5370 3073 3072
f 6274 6275 3074
f 3074 6275 3075
f 6499 6504 4739
f 4739 6504 6317
f 6333 6332 3077
f 3077 6332 3078
f 6334 6274 3079
f 3079 6274 3074
f 6332 4825 3078
f 3078 4825 3080
f 6334 6503 4188
f 4188 6503 4783
f 4825 4689 3080
f 3080 4689 1330
f 6506 4747 6505
f 6505 4747 4746
f 6505 6507 6506
f 6506 6507 6508
f 4297 6509 4920
f 4920 6509 6510
f 4296 6511 4297
f 4297 6511 6509
f 6506 6508 4319
f 4319 6508 6512
f 4372 4371 6514
f 6514 4371 6513
f 6511 4296 5251
f 5251 4296 4305
f 5251 5250 6511
f 6511 5250 6515
f 6516 6509 6515
f 6515 6509 6511
f 6517 6507 6519
f 6519 6507 6518
f 6512 6520 6513
f 6513 6520 6514
f 6507 6517 6508
f 6508 6517 6521
f 5249 6523 6522
f 6522 6523 6524
f 6525 6370 5253
f 5253 6370 6526
f 4370 4323 4371
f 4371 4323 4326
f 4370 3103 4323
f 4323 3103 1541
f 6521 6517 6527
f 6527 6517 6519
f 6520 6528 6514
f 6514 6528 6529
f 6531 6532 6530
f 6530 6532 6533
f 5250 6534 6515
f 6515 6534 6535
f 6530 6533 6536
f 6536 6533 6537
f 6526 6538 6534
f 6534 6538 6537
f 6515 6535 6516
f 6516 6535 6539
f 4325 4321 4326
f 4326 4321 4320
f 4371 4326 6513
f 6513 4326 4320
f 6531 4731 6541
f 6541 4731 6540
f 4731 4730 6540
f 6540 4730 6542
f 4730 3121 6542
f 6542 3121 3120
f 6530 4328 6531
f 6531 4328 4731
f 4328 6530 4329
f 4329 6530 6536
f 4329 6536 6524
f 6524 6536 6543
f 6544 6545 6522
f 6522 6545 5248
f 6389 6388 5245
f 5245 6388 6373
f 6388 6546 6373
f 6373 6546 6475
f 4733 6546 6295
f 6295 6546 4377
f 4732 6475 4733
f 4733 6475 6546
f 4393 4432 4394
f 4394 4432 4435
f 4434 4672 4842
f 4842 4672 4671
f 4440 4439 4441
f 4441 4439 4438
f 4436 4450 4437
f 4437 4450 4398
f 4447 4444 4448
f 4448 4444 4392
f 4446 4464 4433
f 4433 4464 6547
f 4454 4423 4455
f 4455 4423 4422
f 4452 4481 4453
f 4453 4481 4480
f 4458 4389 4459
f 4459 4389 4388
f 4456 4471 4457
f 4457 4471 4468
f 4391 4460 4392
f 4392 4460 4448
f 4461 4467 4445
f 4445 4467 4465
f 4437 4398 4629
f 4629 4398 4397
f 4438 4628 4441
f 4441 4628 4631
f 4841 4629 4839
f 4839 4629 4397
f 4628 4842 4631
f 4631 4842 4671
f 4930 4989 4452
f 4452 4989 4481
f 4929 4927 4436
f 4436 4927 4450
f 4933 4387 4934
f 4934 4387 4386
f 4931 4475 4932
f 4932 4475 4474
f 4936 4449 4933
f 4933 4449 4387
f 4935 4472 4456
f 4456 4472 4471
f 4389 4458 4391
f 4391 4458 4460
f 4457 4468 4461
f 4461 4468 4467
f 4934 4386 4454
f 4454 4386 4423
f 4453 4480 4931
f 4931 4480 4475
f 4575 4997 4576
f 4576 4997 4639
f 4579 4596 4580
f 4580 4596 4595
f 4583 4582 4572
f 4572 4582 4569
f 4587 4944 4588
f 4588 4944 4562
f 4588 4562 4590
f 4590 4562 4561
f 4576 4639 4642
f 4642 4639 4638
f 4642 4845 4641
f 4641 4845 4846
f 4845 4590 4846
f 4846 4590 4561
f 4941 4938 4595
f 4595 4938 4580
f 4938 4940 4668
f 4668 4940 4669
f 4583 4942 4584
f 4584 4942 4947
f 4582 4587 4569
f 4569 4587 4586
f 5000 5001 4579
f 4579 5001 4596
f 4558 4560 4585
f 4585 4560 4586
f 4565 4639 4566
f 4566 4639 4997
f 4568 4567 4577
f 4577 4567 4578
f 4570 4554 4571
f 4571 4554 4556
f 4640 4565 4637
f 4637 4565 4546
f 4662 4664 4665
f 4665 4664 4844
f 4662 4558 4589
f 4589 4558 4585
f 4554 4570 4557
f 4557 4570 4560
f 4571 4667 4572
f 4572 4667 4943
f 4551 4670 4552
f 4552 4670 4666
f 4640 4664 4638
f 4638 4664 4663
f 4670 4568 4668
f 4668 4568 4577
f 4999 4996 4566
f 4566 4996 4543
f 4608 4564 4603
f 4603 4564 4563
f 4573 4593 4574
f 4574 4593 4592
f 4597 4614 4598
f 4598 4614 4613
f 4601 4600 4584
f 4584 4600 4581
f 4563 4562 4604
f 4604 4562 4944
f 4643 4593 4641
f 4641 4593 4573
f 4643 4847 4644
f 4644 4847 4848
f 4564 4847 4561
f 4561 4847 4846
f 4945 4941 4598
f 4598 4941 4595
f 4941 4945 4939
f 4939 4945 4946
f 4601 4948 4602
f 4602 4948 4620
f 4600 4604 4581
f 4581 4604 4944
f 5002 5003 4597
f 4597 5003 4614
f 4988 4759 4953
f 4953 4759 4402
f 4706 6548 4707
f 4707 6548 6549
f 4311 4928 4419
f 4419 4928 6550
f 4921 4920 6551
f 6551 4920 6552
f 4925 6553 4926
f 4926 6553 6554
f 4928 4921 4802
f 4802 4921 6551
f 6555 4985 6550
f 6550 4985 4419
f 4952 6556 4953
f 4953 6556 4649
f 4971 6557 4706
f 4706 6557 6548
f 4988 4648 4925
f 4925 4648 6553
f 4707 6549 5006
f 5006 6549 4987
f 4920 6510 6552
f 6552 6510 6518
f 6558 6510 6516
f 6516 6510 6509
f 6559 6558 6539
f 6539 6558 6516
f 6531 6541 6532
f 6532 6541 6560
f 6540 6561 6541
f 6541 6561 6529
f 6542 6562 6540
f 6540 6562 6561
f 6542 3120 6562
f 6562 3120 3142
f 4366 6563 4760
f 4760 6563 4970
f 4815 6564 4816
f 4816 6564 6565
f 3147 3146 6565
f 6565 3146 4816
f 6564 6563 6565
f 6565 6563 6566
f 4837 4385 4357
f 4357 4385 4358
f 6565 6566 3147
f 3147 6566 3149
f 4694 1209 3150
f 5247 5249 5248
f 5248 5249 6522
f 6372 6390 6545
f 6545 6390 6389
f 6375 5254 6376
f 6376 5254 5258
f 6377 6525 6378
f 6378 6525 5255
f 5260 6379 5258
f 5258 6379 6376
f 6380 6567 6381
f 6381 6567 6568
f 6382 6569 6383
f 6383 6569 6570
f 6377 6371 6525
f 6525 6371 6370
f 6379 5260 6384
f 6384 5260 6571
f 6385 6572 6382
f 6382 6572 6569
f 6378 5255 6375
f 6375 5255 5254
f 6386 6573 6387
f 6387 6573 6574
f 6545 6389 5248
f 5248 6389 5245
f 4675 4750 4676
f 4676 4750 6286
f 4734 6289 4735
f 4735 6289 6288
f 4804 6290 4805
f 4805 6290 4963
f 4811 4807 4812
f 4812 4807 4411
f 4954 6292 4955
f 4955 6292 4959
f 4964 4962 4965
f 4965 4962 4751
f 6285 4821 4812
f 4812 4821 4809
f 4675 4287 4965
f 4965 4287 4210
f 6294 4145 4955
f 4955 4145 4154
f 4964 4120 4805
f 4805 4120 4119
f 6298 4966 4734
f 4734 4966 6289
f 6300 6473 4735
f 4735 6473 4732
f 6297 6296 4676
f 4676 6296 4288
f 6523 3160 4330
f 4330 3160 3159
f 5253 5252 6525
f 6525 5252 5255
f 5256 5252 4305
f 4305 5252 5251
f 4304 5257 4305
f 4305 5257 5256
f 4424 5259 4304
f 4304 5259 5257
f 5261 6571 5259
f 5259 6571 5260
f 5262 6573 5261
f 5261 6573 6571
f 5264 6567 5265
f 5265 6567 6574
f 5266 6572 5267
f 5267 6572 6568
f 5268 6570 5269
f 5269 6570 6569
f 1807 3161 5268
f 5268 3161 6570
f 6524 6523 4329
f 4329 6523 4330
f 5253 6526 5250
f 5250 6526 6534
f 6543 6538 6544
f 6544 6538 6369
f 6524 6543 6522
f 6522 6543 6544
f 3071 5367 3052
f 3052 5367 3912
f 6493 3163 6494
f 6494 3163 3162
f 3164 445 3771
f 3771 445 3761
f 461 3165 3919
f 3919 3165 3920
f 330 410 3839
f 3839 410 3910
f 332 331 3552
f 3552 331 3551
f 464 304 3918
f 3918 304 3816
f 385 458 3766
f 3766 458 3894
f 412 415 3762
f 3762 415 3763
f 3166 337 3748
f 3748 337 3745
f 3072 3055 5370
f 5370 3055 3930
f 3073 5369 3056
f 3056 5369 3938
f 3167 3057 6496
f 6496 3057 3937
f 3069 3058 4808
f 4808 3058 3943
f 411 3166 3851
f 3851 3166 3748
f 3059 3163 3951
f 3951 3163 6493
f 336 3164 3772
f 3772 3164 3771
f 3053 3911 3162
f 3162 3911 6494
f 3054 3168 3929
f 3929 3168 3952
f 3165 830 3920
f 3920 830 3945
f 3170 3169 6497
f 6497 3169 6498
f 3171 1354 5005
f 5005 1354 4830
f 3172 3170 6503
f 6503 3170 6497
f 3169 3061 6498
f 6498 3061 4060
f 3173 3171 5006
f 5006 3171 5005
f 3079 3172 6334
f 6334 3172 6503
f 3174 3025 6299
f 6299 3025 6300
f 6576 6577 6575
f 6575 6577 6578
f 4612 4611 6579
f 6579 4611 6580
f 6582 6583 6581
f 6581 6583 6584
f 6584 6585 4618
f 4618 6585 4621
f 6586 6587 6589
f 6589 6587 6588
f 6588 6587 6590
f 6590 6587 6591
f 6592 4606 6590
f 6590 4606 4623
f 6594 6576 6593
f 6593 6576 6575
f 6595 6582 6579
f 6579 6582 6581
f 6580 6597 6596
f 6596 6597 6598
f 6577 6576 6599
f 6599 6576 6600
f 6595 6596 6601
f 6601 6596 6602
f 6583 6582 6603
f 6603 6582 6604
f 6586 6606 6605
f 6605 6606 6607
f 6587 6586 6608
f 6608 6586 6605
f 6587 6608 6591
f 6591 6608 6609
f 6576 6594 6600
f 6600 6594 6610
f 6582 6595 6604
f 6604 6595 6601
f 6599 6611 6577
f 6577 6611 6598
f 6613 6614 6612
f 6612 6614 6615
f 6617 6618 6616
f 6616 6618 6619
f 6621 6622 6620
f 6620 6622 6623
f 6625 6626 6624
f 6624 6626 6627
f 6629 6630 6628
f 6628 6630 6631
f 6633 6634 6632
f 6632 6634 6635
f 6637 6638 6636
f 6636 6638 6639
f 6640 6641 6637
f 6637 6641 6638
f 6643 6633 6642
f 6642 6633 6632
f 6645 6646 6644
f 6644 6646 6647
f 6646 6648 6647
f 6647 6648 6649
f 6651 6652 6650
f 6650 6652 6653
f 6653 6652 6654
f 6654 6652 6655
f 6656 6657 6659
f 6659 6657 6658
f 6661 6662 6660
f 6660 6662 6663
f 6662 6661 6664
f 6664 6661 6665
f 6667 6657 6666
f 6666 6657 6656
f 6669 6670 6668
f 6668 6670 6671
f 6672 6673 6670
f 6670 6673 6671
f 6674 6675 6677
f 6677 6675 6676
f 6675 6678 6676
f 6676 6678 6679
f 6681 6682 6680
f 6680 6682 6683
f 6684 6685 6683
f 6683 6685 6680
f 6687 6688 6686
f 6686 6688 6689
f 6687 6690 6688
f 6688 6690 6691
f 6619 6618 6633
f 6633 6618 6634
f 6632 6635 6693
f 6693 6635 6692
f 6617 6694 6636
f 6636 6694 6637
f 6695 6692 6639
f 6639 6692 6635
f 6637 6694 6640
f 6640 6694 6696
f 6698 6638 6697
f 6697 6638 6641
f 6643 6616 6633
f 6633 6616 6619
f 6642 6699 6641
f 6641 6699 6697
f 6646 6645 6700
f 6700 6645 6621
f 6644 6701 6654
f 6654 6701 6702
f 6700 6703 6646
f 6646 6703 6648
f 6693 6704 6649
f 6649 6704 6647
f 6620 6623 6651
f 6651 6623 6652
f 6693 6649 6699
f 6699 6649 6650
f 6652 6623 6655
f 6655 6623 6622
f 6654 6702 6653
f 6653 6702 6697
f 6615 6614 6657
f 6657 6614 6658
f 6705 6656 6704
f 6704 6656 6659
f 6613 6706 6660
f 6660 6706 6661
f 6704 6659 6701
f 6701 6659 6663
f 6661 6706 6665
f 6665 6706 6707
f 6708 6702 6664
f 6664 6702 6662
f 6612 6615 6667
f 6667 6615 6657
f 6666 6709 6664
f 6664 6709 6708
f 6629 6710 6669
f 6669 6710 6670
f 6668 6711 6679
f 6679 6711 6712
f 6713 6672 6710
f 6710 6672 6670
f 6714 6671 6705
f 6705 6671 6673
f 6628 6631 6674
f 6674 6631 6675
f 6705 6673 6709
f 6709 6673 6677
f 6631 6630 6675
f 6675 6630 6678
f 6712 6708 6679
f 6679 6708 6676
f 6625 6715 6682
f 6682 6715 6683
f 6716 6717 6681
f 6681 6717 6691
f 6718 6684 6715
f 6715 6684 6683
f 6719 6680 6714
f 6714 6680 6685
f 6624 6627 6686
f 6686 6627 6687
f 6689 6711 6685
f 6685 6711 6714
f 6627 6626 6687
f 6687 6626 6690
f 6717 6712 6691
f 6691 6712 6688
f 6612 6707 6613
f 6613 6707 6706
f 6616 6696 6617
f 6617 6696 6694
f 6703 6700 6620
f 6620 6700 6621
f 6715 6625 6718
f 6718 6625 6624
f 6710 6629 6713
f 6713 6629 6628
f 6639 6635 6636
f 6636 6635 6634
f 6641 6640 6642
f 6642 6640 6643
f 6654 6655 6644
f 6644 6655 6645
f 6651 6650 6648
f 6648 6650 6649
f 6659 6658 6663
f 6663 6658 6660
f 6665 6667 6664
f 6664 6667 6666
f 6678 6669 6679
f 6679 6669 6668
f 6673 6672 6677
f 6677 6672 6674
f 6690 6682 6691
f 6691 6682 6681
f 6685 6684 6689
f 6689 6684 6686
f 6636 6634 6617
f 6617 6634 6618
f 6638 6698 6639
f 6639 6698 6695
f 6640 6696 6643
f 6643 6696 6616
f 6693 6699 6632
f 6632 6699 6642
f 6655 6622 6645
f 6645 6622 6621
f 6704 6701 6647
f 6647 6701 6644
f 6651 6648 6620
f 6620 6648 6703
f 6650 6653 6699
f 6699 6653 6697
f 6613 6660 6614
f 6614 6660 6658
f 6663 6662 6701
f 6701 6662 6702
f 6665 6707 6667
f 6667 6707 6612
f 6705 6709 6656
f 6656 6709 6666
f 6630 6629 6678
f 6678 6629 6669
f 6714 6711 6671
f 6671 6711 6668
f 6672 6713 6674
f 6674 6713 6628
f 6677 6676 6709
f 6709 6676 6708
f 6626 6625 6690
f 6690 6625 6682
f 6680 6719 6681
f 6681 6719 6716
f 6684 6718 6686
f 6686 6718 6624
f 6711 6689 6712
f 6689 6688 6712
f 6593 6720 6594
f 6594 6720 6721
f 6722 6720 4607
f 4607 6720 4849
f 6592 6723 6722
f 6722 6723 6724
f 4610 4609 6578
f 6578 4609 6575
f 6596 6595 6580
f 6580 6595 6579
f 4618 4617 6584
f 6584 4617 6581
f 6589 6585 6586
f 6586 6585 6606
f 4622 4619 6588
f 6588 4619 6589
f 4622 6588 4623
f 4623 6588 6590
f 4609 4645 6575
f 6575 4645 6593
f 4617 4612 6581
f 6581 4612 6579
f 5004 4610 6597
f 6597 4610 6578
f 4645 4849 6593
f 6593 4849 6720
f 6724 6721 6722
f 6722 6721 6720
f 6722 4607 6592
f 6592 4607 4606
f 6725 6610 6721
f 6721 6610 6594
f 6723 6726 6724
f 6724 6726 6727
f 6727 6725 6724
f 6724 6725 6721
f 6728 6729 6605
f 6605 6729 6608
f 6605 6607 6728
f 6728 6607 6730
f 6731 6732 6604
f 6604 6732 6603
f 6733 6734 6725
f 6725 6734 6610
f 6735 6733 6727
f 6727 6733 6725
f 6735 6727 6736
f 6736 6727 6726
f 6591 6609 6723
f 6723 6609 6726
f 6723 6592 6591
f 6591 6592 6590
f 6738 6739 6737
f 6737 6739 6740
f 6740 6739 6742
f 6742 6739 6741
f 6743 6744 6741
f 6741 6744 6742
f 6745 6746 6743
f 6743 6746 6744
f 6747 6748 6745
f 6745 6748 6746
f 6749 6750 6747
f 6747 6750 6748
f 6752 6738 6751
f 6751 6738 6737
f 6754 6752 6753
f 6753 6752 6751
f 6756 6754 6755
f 6755 6754 6753
f 6758 6750 6757
f 6757 6750 6749
f 6760 6756 6759
f 6759 6756 6755
f 6762 6760 6761
f 6761 6760 6759
f 6764 6762 6763
f 6763 6762 6761
f 6757 6764 6758
f 6758 6764 6763
f 6766 6741 6765
f 6765 6741 6739
f 6767 6743 6766
f 6766 6743 6741
f 6768 6745 6767
f 6767 6745 6743
f 6769 6747 6768
f 6768 6747 6745
f 6770 6749 6769
f 6769 6749 6747
f 6772 6769 6771
f 6771 6769 6768
f 6773 6770 6772
f 6772 6770 6769
f 6774 6775 6772
f 6772 6775 6773
f 6777 6778 6776
f 6776 6778 6779
f 6775 6774 6778
f 6778 6774 6779
f 6771 6780 6772
f 6772 6780 6774
f 6780 6781 6774
f 6774 6781 6779
f 6781 6782 6779
f 6779 6782 6776
f 6784 6785 6783
f 6783 6785 6786
f 6786 6787 6783
f 6783 6787 6788
f 6790 6788 6789
f 6789 6788 6787
f 6786 6785 6791
f 6791 6785 6792
f 6791 6793 6786
f 6786 6793 6787
f 6793 6794 6787
f 6787 6794 6789
f 6795 6796 6794
f 6794 6796 6789
f 6790 6789 6797
f 6797 6789 6796
f 6798 6765 6738
f 6738 6765 6739
f 6799 6798 6752
f 6752 6798 6738
f 6767 6800 6768
f 6768 6800 6771
f 6766 6801 6767
f 6767 6801 6800
f 6802 6801 6765
f 6765 6801 6766
f 6798 6803 6765
f 6765 6803 6802
f 6804 6803 6799
f 6799 6803 6798
f 6805 6806 6804
f 6804 6806 6803
f 6807 6799 6754
f 6754 6799 6752
f 6808 6804 6807
f 6807 6804 6799
f 6809 6805 6808
f 6808 6805 6804
f 6810 6811 6805
f 6805 6811 6806
f 6812 6813 6810
f 6810 6813 6811
f 6814 6815 6796
f 6796 6815 6797
f 6813 6814 6816
f 6816 6814 6817
f 6816 6818 6813
f 6813 6818 6811
f 6819 6806 6818
f 6818 6806 6811
f 6802 6803 6819
f 6819 6803 6806
f 6757 6749 6820
f 6820 6749 6770
f 6820 6770 6821
f 6821 6770 6773
f 6821 6773 6822
f 6822 6773 6775
f 6822 6775 6823
f 6823 6775 6778
f 6824 6823 6777
f 6777 6823 6778
f 6784 6825 6777
f 6777 6825 6824
f 6826 6827 6788
f 6788 6827 6783
f 6828 6826 6790
f 6790 6826 6788
f 6829 6828 6797
f 6797 6828 6790
f 6815 6830 6797
f 6797 6830 6829
f 6832 6812 6831
f 6831 6812 6810
f 6831 6810 6809
f 6809 6810 6805
f 6736 6800 6735
f 6735 6800 6801
f 6733 6735 6802
f 6802 6735 6801
f 6734 6733 6819
f 6819 6733 6802
f 6833 6734 6818
f 6818 6734 6819
f 6834 6833 6816
f 6816 6833 6818
f 6816 6817 6834
f 6834 6817 6835
f 6837 6795 6836
f 6836 6795 6794
f 6836 6794 6731
f 6731 6794 6793
f 6732 6731 6791
f 6791 6731 6793
f 6791 6792 6732
f 6732 6792 6730
f 6729 6728 6781
f 6781 6728 6782
f 6838 6807 6756
f 6756 6807 6754
f 6839 6838 6760
f 6760 6838 6756
f 6840 6839 6762
f 6762 6839 6760
f 6841 6840 6764
f 6764 6840 6762
f 6820 6841 6757
f 6757 6841 6764
f 6841 6820 6842
f 6842 6820 6821
f 6840 6841 6843
f 6843 6841 6842
f 6839 6840 6844
f 6844 6840 6843
f 6838 6839 6845
f 6845 6839 6844
f 6807 6838 6808
f 6808 6838 6845
f 6842 6821 6846
f 6846 6821 6822
f 6843 6842 6847
f 6847 6842 6846
f 6844 6843 6848
f 6848 6843 6847
f 6845 6844 6849
f 6849 6844 6848
f 6808 6845 6809
f 6809 6845 6849
f 6850 6831 6849
f 6849 6831 6809
f 6851 6850 6848
f 6848 6850 6849
f 6847 6852 6848
f 6848 6852 6851
f 6853 6852 6846
f 6846 6852 6847
f 6846 6822 6853
f 6853 6822 6823
f 6853 6823 6854
f 6854 6823 6824
f 6854 6855 6853
f 6853 6855 6852
f 6856 6851 6855
f 6855 6851 6852
f 6856 6857 6851
f 6851 6857 6850
f 6857 6832 6850
f 6850 6832 6831
f 6825 6858 6824
f 6824 6858 6854
f 6860 6827 6859
f 6859 6827 6826
f 6859 6826 6861
f 6861 6826 6828
f 6862 6861 6829
f 6829 6861 6828
f 6830 6863 6829
f 6829 6863 6862
f 6863 6864 6862
f 6862 6864 6865
f 6858 6866 6854
f 6854 6866 6855
f 6867 6865 6866
f 6866 6865 6864
f 6869 6859 6868
f 6868 6859 6861
f 6867 6869 6865
f 6865 6869 6868
f 6861 6862 6868
f 6868 6862 6865
f 6867 6860 6869
f 6869 6860 6859
f 6753 6751 6698
f 6698 6751 6695
f 6697 6755 6698
f 6698 6755 6753
f 6759 6755 6702
f 6702 6755 6697
f 6761 6759 6708
f 6708 6759 6702
f 6763 6761 6712
f 6712 6761 6708
f 6758 6763 6717
f 6717 6763 6712
f 6750 6758 6716
f 6716 6758 6717
f 6719 6748 6716
f 6716 6748 6750
f 6714 6746 6719
f 6719 6746 6748
f 6705 6744 6714
f 6714 6744 6746
f 6704 6742 6705
f 6705 6742 6744
f 6740 6742 6693
f 6693 6742 6704
f 6737 6740 6692
f 6692 6740 6693
f 6751 6737 6695
f 6695 6737 6692
f 6601 6602 6836
f 6836 6602 6837
f 6604 6601 6731
f 6731 6601 6836
f 6599 6600 6834
f 6834 6600 6833
f 6834 6835 6599
f 6599 6835 6611
f 6600 6610 6833
f 6833 6610 6734
f 6780 6771 6870
f 6870 6771 6736
f 6736 6771 6800
f 6870 6729 6780
f 6780 6729 6781
f 6608 6729 6609
f 6609 6729 6870
f 6609 6870 6726
f 6726 6870 6736
f 5014 5015 5229
f 5229 5015 5230
f 4258 5015 4259
f 4259 5015 4878
f 3471 3013 4703
f 4703 3013 4704
f 2879 6337 1306
f 1306 6337 4785
f 829 3471 4316
f 4316 3471 4703
f 4702 3472 5223
f 5223 3472 1756
f 6871 6872 4534
f 4534 6872 4535
f 6871 4665 6872
f 6872 4665 4844
f 6871 6873 4665
f 4665 6873 4559
f 6871 4534 6873
f 6873 4534 4542
f 4153 4152 4822
f 4822 4152 4407
f 4152 4168 4407
f 4407 4168 4342
f 4343 4168 4923
f 4923 4168 4167
f 4363 4362 4972
f 4972 4362 4840
f 4362 4394 4840
f 4840 4394 4839
f 4401 4400 4986
f 4986 4400 4984
f 4435 4434 4841
f 4841 4434 4842
f 4506 4505 4530
f 4530 4505 4531
f 4506 4535 4507
f 4507 4535 4843
f 4661 4660 4516
f 4516 4660 4517
f 4673 4672 4937
f 4937 4672 6547
f 4400 4924 4984
f 4984 4924 5263
f 4673 4660 4674
f 4674 4660 4659
f 4505 4661 4531
f 4531 4661 4516
f 4952 4401 6874
f 6874 4401 4986
f 4954 4153 6875
f 6875 4153 4822
f 4363 4973 4364
f 4364 4973 4974
f 5264 4924 5267
f 5267 4924 4691
f 6293 6292 6876
f 6876 6292 6877
f 6380 4343 6387
f 6387 4343 4923
f 4394 4435 4839
f 4839 4435 4841
f 4672 4434 6547
f 6547 4434 4433
f 4973 6556 4974
f 4974 6556 6878
f 6567 6380 6574
f 6574 6380 6387
f 6292 4954 6877
f 6877 4954 6875
f 6567 5264 6568
f 6568 5264 5267
f 4145 4144 4154
f 4154 4144 4151
f 4194 4144 4425
f 4425 4144 4143
f 4355 4354 5263
f 5263 4354 4984
f 4360 4359 4364
f 4364 4359 4361
f 4444 4359 4392
f 4392 4359 4337
f 4447 4446 4432
f 4432 4446 4433
f 4464 4463 6547
f 6547 4463 4937
f 4519 4518 4654
f 4654 4518 4509
f 4533 4532 4499
f 4499 4532 4498
f 4533 4542 4530
f 4530 4542 4534
f 4519 4532 4516
f 4516 4532 4531
f 4922 4194 4426
f 4426 4194 4425
f 4463 4518 4937
f 4937 4518 4517
f 6555 4951 6874
f 6874 4951 6878
f 4958 4957 6290
f 6290 4957 6291
f 4334 4360 4712
f 4712 4360 4950
f 4985 4354 4419
f 4419 4354 4353
f 5262 4355 5265
f 5265 4355 5263
f 6294 4958 4804
f 4804 4958 6290
f 6386 4922 6384
f 6384 4922 4426
f 4444 4447 4393
f 4393 4447 4432
f 4464 4446 4465
f 4465 4446 4445
f 4985 6555 4986
f 4986 6555 6874
f 6573 6386 6571
f 6571 6386 6384
f 4145 6294 4146
f 4146 6294 4804
f 6573 5262 6574
f 6574 5262 5265
f 4542 4541 6873
f 6873 4541 4559
f 4535 6872 4843
f 4843 6872 4844
f 4104 4103 6879
f 6879 4103 6343
f 4105 6293 6307
f 6307 6293 6876
f 4104 4956 4105
f 4105 4956 6293
f 4956 4104 4957
f 4957 4104 6879
f 4957 6879 6291
f 6291 6879 6309
f 4648 4988 4649
f 4649 4988 4953
f 4802 4803 4928
f 4928 4803 6550
f 6550 4803 6555
f 6555 4803 4951
f 1516 3173 4987
f 4987 3173 5006
f 6519 6518 6558
f 6558 6518 6510
f 6527 6519 6559
f 6559 6519 6558
f 6528 6560 6529
f 6529 6560 6541
f 6548 4625 6549
f 6549 4625 4624
f 6551 6552 4746
f 4746 6552 6505
f 6553 4711 6554
f 6554 4711 4710
f 4802 6551 4713
f 4713 6551 4746
f 6556 4973 4649
f 4649 4973 4646
f 6557 4949 6548
f 6548 4949 4625
f 4648 4647 6553
f 6553 4647 4711
f 6549 4624 4987
f 4987 4624 4838
f 6552 6518 6505
f 6505 6518 6507
f 6561 4372 6529
f 6529 4372 6514
f 6562 4369 6561
f 6561 4369 4372
f 3142 3482 6562
f 6562 3482 4369
f 6556 4952 6878
f 6878 4952 6874
f 4951 4950 6878
f 6878 4950 4974
f 3168 440 3952
f 4204 4203 5341
f 5341 4203 6364
f 4219 4222 6429
f 6429 4222 4383
f 4319 4322 6506
f 6506 4322 4747
f 4340 4714 4341
f 4341 4714 4384
f 4375 4377 6388
f 6388 4377 6546
f 4378 4381 6311
f 6311 4381 4720
f 4449 4341 4387
f 4387 4341 4384
f 4473 4472 4477
f 4477 4472 4474
f 4492 4491 4487
f 4487 4491 4488
f 4523 4491 4522
f 4522 4491 4490
f 4492 4538 4493
f 4493 4538 4555
f 4538 4553 4555
f 4555 4553 4556
f 4620 4615 4621
f 4621 4615 4618
f 4652 4651 4368
f 4368 4651 4365
f 4523 4655 4524
f 4524 4655 4656
f 4553 4667 4556
f 4556 4667 4571
f 4651 1210 4365
f 4365 1210 1209
f 4698 4697 5223
f 5223 4697 6344
f 4340 4339 4322
f 4322 4339 4747
f 4726 4729 5287
f 5287 4729 4198
f 4381 4380 4737
f 4737 4380 6368
f 4836 4835 4451
f 4451 4835 4709
f 4910 6367 4911
f 4911 6367 6366
f 4912 4915 6450
f 6450 4915 6449
f 4927 4836 4450
f 4450 4836 4451
f 4930 4929 4439
f 4439 4929 4436
f 4936 4935 4459
f 4459 4935 4456
f 4473 4655 4470
f 4470 4655 4510
f 4942 4583 4943
f 4943 4583 4572
f 4948 4601 4947
f 4947 4601 4584
f 4949 4835 4625
f 4625 4835 4626
f 4966 4969 6289
f 6289 4969 4695
f 4971 4652 4926
f 4926 4652 4368
f 4203 4977 6364
f 6364 4977 6365
f 4990 4989 4443
f 4443 4989 4440
f 4990 4991 4478
f 4478 4991 4512
f 4992 4991 4528
f 4528 4991 4515
f 4992 4993 4527
f 4527 4993 4485
f 4994 4993 4502
f 4502 4993 4503
f 4994 4995 4482
f 4482 4995 4550
f 4543 4996 4544
f 4544 4996 4995
f 4999 4998 4567
f 4567 4998 4578
f 5000 4998 4575
f 4575 4998 4997
f 5002 5001 4592
f 4592 5001 4574
f 5003 5004 4614
f 4614 5004 4611
f 3483 4215 1755
f 1755 4215 4698
f 5274 5277 4195
f 4195 5277 4223
f 4726 5295 4727
f 4727 5295 6350
f 5309 5342 5310
f 5310 5342 6363
f 5315 5314 5316
f 5316 5314 5317
f 5339 6362 5340
f 5340 6362 5363
f 5310 6363 5339
f 5339 6363 6362
f 4204 5309 4201
f 4201 5309 5308
f 4915 5345 6449
f 6449 5345 6448
f 5345 5315 6448
f 6448 5315 5316
f 5348 5347 6351
f 6351 5347 6352
f 5365 4263 5340
f 5340 4263 4262
f 6295 6298 4733
f 4733 6298 4734
f 4969 6306 4695
f 4695 6306 4696
f 6306 4378 4696
f 4696 4378 6311
f 6369 6372 6544
f 6544 6372 6545
f 4375 6390 4373
f 4373 6390 4374
f 6421 6422 4911
f 4911 6422 4908
f 4910 4909 4737
f 4737 4909 4736
f 5277 4219 4223
f 4223 4219 6429
f 4697 4222 6344
f 6344 4222 4221
f 6436 6361 6437
f 6437 6361 6360
f 6438 6440 6437
f 6437 6440 6434
f 6438 6359 6441
f 6441 6359 6358
f 6442 6441 6357
f 6357 6441 6358
f 6442 6444 6443
f 6443 6444 6445
f 6446 6444 6355
f 6355 6444 6356
f 6446 4912 6447
f 6447 4912 6450
f 6436 6435 5365
f 5365 6435 4263
f 5314 5347 5317
f 5317 5347 5346
f 4319 6512 4320
f 4320 6512 6513
f 6520 6512 6521
f 6521 6512 6508
f 6528 6520 6527
f 6527 6520 6521
f 6532 6539 6533
f 6533 6539 6535
f 6533 6535 6537
f 6537 6535 6534
f 6538 6543 6537
f 6537 6543 6536
f 6295 4377 6296
f 6296 4377 4376
f 4989 4930 4440
f 4440 4930 4439
f 4927 4929 4422
f 4422 4929 4455
f 4449 4936 4388
f 4388 4936 4459
f 4472 4935 4474
f 4474 4935 4932
f 4942 4940 4947
f 4947 4940 4939
f 5001 5000 4574
f 4574 5000 4575
f 4669 4943 4666
f 4666 4943 4667
f 4996 4999 4547
f 4547 4999 4567
f 4948 4946 4620
f 4620 4946 4615
f 5003 5002 4591
f 4591 5002 4592
f 6557 4971 6554
f 6554 4971 4926
f 6532 6560 6539
f 6539 6560 6559
f 6390 6372 4374
f 4374 6372 6371
f 4966 6298 4967
f 4967 6298 6297
f 6538 6526 6369
f 6369 6526 6370
f 6585 6589 4621
f 4621 6589 4619
f 6597 6578 6598
f 6598 6578 6577
f 6606 6583 6607
f 6607 6583 6603
f 6611 6602 6598
f 6598 6602 6596
f 6585 6584 6606
f 6606 6584 6583
f 6597 6580 5004
f 5004 6580 4611
f 6607 6603 6730
f 6730 6603 6732
f 6776 6785 6777
f 6777 6785 6784
f 6785 6776 6792
f 6792 6776 6782
f 6815 6814 6812
f 6812 6814 6813
f 6817 6814 6795
f 6795 6814 6796
f 6825 6784 6827
f 6827 6784 6783
f 6830 6815 6832
f 6832 6815 6812
f 6817 6795 6835
f 6835 6795 6837
f 6792 6782 6730
f 6730 6782 6728
f 6858 6825 6860
f 6860 6825 6827
f 6863 6830 6857
f 6857 6830 6832
f 6864 6863 6856
f 6856 6863 6857
f 6866 6858 6867
f 6867 6858 6860
f 6866 6864 6855
f 6855 6864 6856
f 6835 6837 6611
f 6611 6837 6602
f 6560 6528 6559
f 6559 6528 6527
f 4949 6557 4710
f 4710 6557 6554
f 4430 4090 4175
f 4175 4090 4089
f 4777 4113 4155
f 4155 4113 4086
f 4175 4089 4176
f 4176 4089 4142
f 4199 4271 4200
f 4200 4271 4798
f 4199 4095 4272
f 4272 4095 5273
f 4406 4405 4404
f 4404 4405 4346
f 4410 4409 6877
f 6877 4409 6876
f 4409 4413 6876
f 6876 4413 6307
f 4415 4148 4416
f 4416 4148 4147
f 4690 4405 4344
f 4344 4405 4342
f 4693 4692 4352
f 4352 4692 4349
f 4701 4700 6337
f 6337 4700 6338
f 4778 4777 4081
f 4081 4777 4155
f 4821 4406 4809
f 4809 4406 4404
f 4176 4142 4181
f 4181 4142 4415
f 4760 4970 4399
f 4399 4970 4692
f 4200 5007 4096
f 4096 5007 4078
f 5266 4693 5269
f 5269 4693 4352
f 5270 5007 5361
f 5361 5007 4797
f 4778 5270 4779
f 4779 5270 5361
f 6285 4410 6875
f 6875 4410 6877
f 6308 4413 4687
f 4687 4413 4412
f 6480 6320 6481
f 6481 6320 6880
f 4701 2878 4702
f 4702 2878 3472
f 6339 6347 6340
f 6340 6347 6348
f 6341 6342 6346
f 6346 6342 6345
f 4416 6308 4414
f 4414 6308 4687
f 6385 4690 6381
f 6381 4690 4344
f 5282 6341 5280
f 5280 6341 6339
f 4700 6342 6338
f 6338 6342 5281
f 6340 6348 4272
f 4272 6348 4270
f 6480 6479 4828
f 4828 6479 4829
f 6490 6479 6489
f 6489 6479 6478
f 4090 4430 6490
f 6490 4430 4429
f 6563 6564 4970
f 4970 6564 4815
f 4694 6566 4366
f 4366 6566 6563
f 6572 6385 6568
f 6568 6385 6381
f 4821 6285 4822
f 4822 6285 6875
f 6572 5266 6569
f 6569 5266 5269
f 3482 3103 4369
f 4369 3103 4370
f 3121 4730 3485
f 3485 4730 4327
f 6277 6280 6273
f 6273 6280 6272
f 6267 6276 6278
f 6278 6276 6279
f 6278 6279 6277
f 6277 6279 6280
f 6279 6256 6280
f 6280 6256 6255
f 6256 3857 6255
f 6255 3857 3754
f 3857 3856 3754
f 3754 3856 3755
f 3856 3703 3755
f 3755 3703 3863
f 3703 3702 3863
f 3863 3702 3759
f 3702 3706 3759
f 3759 3706 3670
f 3706 3705 3670
f 3670 3705 3668
f 3705 3773 3668
f 3668 3773 3882
f 3882 3773 3883
f 3883 3773 3707
f 3707 3708 3883
f 3883 3708 3880
f 3708 3710 3880
f 3880 3710 3881
f 3709 5241 3710
f 3710 5241 3881
f 5241 3709 5234
f 5234 3709 3786
f 3693 3712 3786
f 3786 3712 5234
f 4051 4055 4052
f 4052 4055 4056
f 4056 4055 4057
f 4057 4055 4054
f 4066 5238 5236
f 5236 5238 3989
f 4066 4069 5238
f 5238 4069 4035
f 6881 3962 3960
f 3960 3962 3957
f 6883 4070 6882
f 6882 4070 3941
f 4070 6883 4071
f 4071 6883 6884
f 4071 6884 4072
f 4072 6884 6885
f 6885 6886 4072
f 4072 6886 4031
f 3955 6881 3956
f 3956 6881 3960
f 6884 3991 6885
f 6885 3991 3990
f 6883 6887 6884
f 6884 6887 3991
f 6887 6888 3991
f 3991 6888 3992
f 6888 6887 6889
f 6889 6887 6890
f 6887 6883 6890
f 6890 6883 6882
f 4058 5240 3953
f 3953 5240 3954
f 5236 6888 5239
f 5239 6888 6889
f 5237 6886 3990
f 3990 6886 6885
f 4034 4031 5237
f 5237 4031 6886
f 6881 6882 3962
f 3962 6882 3941
f 6881 3955 6882
f 6882 3955 6890
f 3955 3954 6890
f 6890 3954 6889
f 5239 6889 5240
f 5240 6889 3954
f 6888 5236 3992
f 3992 5236 3989
f 3869 3868 3888
f 3888 3868 4015
f 3868 4012 4015
f 4015 4012 4010
f 4012 4022 4010
f 4010 4022 4009
f 4022 4021 4009
f 4009 4021 4018
f 4020 3974 4001
f 4001 3974 3996
f 4021 4020 4029
f 4029 4020 4001
f 4085 4156 4086
f 4086 4156 4155
f 4113 4777 4114
f 4114 4777 4776
f 4130 4129 4094
f 4094 4129 4091
f 4139 4773 4140
f 4140 4773 4772
f 4149 4178 4150
f 4150 4178 5225
f 4160 4159 4087
f 4087 4159 4088
f 4149 4148 4179
f 4179 4148 4141
f 4085 4084 4183
f 4183 4084 6315
f 4179 4141 4159
f 4159 4141 4088
f 4192 4130 4162
f 4162 4130 4094
f 4197 5288 4198
f 4198 5288 5287
f 4229 4766 4230
f 4230 4766 4771
f 4245 4246 4242
f 4242 4246 4249
f 4183 6315 4418
f 4418 6315 6314
f 4679 4178 4680
f 4680 4178 4177
f 4724 4798 4725
f 4725 4798 4271
f 4728 5275 4729
f 4729 5275 5274
f 4230 4771 4249
f 4249 4771 4242
f 4724 4723 4799
f 4799 4723 5355
f 4823 4824 4891
f 4891 4824 6327
f 4823 4192 4161
f 4161 4192 4162
f 4893 4767 4229
f 4229 4767 4766
f 4894 4895 4898
f 4898 4895 4899
f 4106 4150 4103
f 4103 4150 5225
f 4680 4894 4677
f 4677 4894 4898
f 6420 4977 5301
f 5301 4977 4976
f 4679 4678 5226
f 5226 4678 4427
f 5228 5008 4893
f 4893 5008 4767
f 5285 6354 5286
f 5286 6354 5343
f 5289 5352 5290
f 5290 5352 5349
f 5290 5349 5295
f 5295 5349 5348
f 5302 5299 4202
f 4202 5299 4976
f 4725 4271 5311
f 5311 4271 4270
f 5325 4723 5326
f 5326 4723 4722
f 5335 5355 5325
f 5325 5355 4723
f 5326 4722 5286
f 5286 4722 5283
f 4799 5357 4797
f 4797 5357 5361
f 5359 5356 5335
f 5335 5356 5355
f 4775 4774 5356
f 5356 4774 5357
f 5359 5358 4092
f 4092 5358 4093
f 6316 4740 6317
f 6317 4740 4739
f 6318 4827 6316
f 6316 4827 4740
f 6319 4828 6318
f 6318 4828 4827
f 6320 6480 6319
f 6319 6480 4828
f 6484 6322 6485
f 6485 6322 6321
f 6487 6324 6331
f 6331 6324 6323
f 6331 6323 6330
f 6330 6323 6325
f 6325 6326 6330
f 6330 6326 6329
f 6326 6328 6329
f 6329 6328 5231
f 4824 4685 5228
f 5228 4685 5008
f 5226 6343 5225
f 5225 6343 4103
f 4728 4727 6349
f 6349 4727 5284
f 6350 6351 5285
f 5285 6351 6354
f 4247 4246 6418
f 6418 4246 6365
f 6400 6402 6401
f 6401 6402 6459
f 4197 4196 6409
f 6409 4196 6426
f 6412 4897 6328
f 6328 4897 5231
f 6413 4133 6412
f 6412 4133 4897
f 6414 4134 6413
f 6413 4134 4133
f 6415 4225 6414
f 6414 4225 4134
f 6416 4252 6415
f 6415 4252 4225
f 6417 4253 6416
f 6416 4253 4252
f 4253 6417 6366
f 6366 6417 6419
f 6366 6419 4911
f 4911 6419 6421
f 6422 6423 4908
f 4908 6423 5298
f 5298 6423 6396
f 6396 6423 6424
f 6409 6426 6425
f 6425 6426 6397
f 5300 5299 6399
f 6399 5299 6400
f 6465 6408 6401
f 6401 6408 6398
f 6424 6399 6425
f 6425 6399 6398
f 6349 5284 5311
f 5311 5284 5283
f 6465 6464 5289
f 5289 6464 5352
f 6488 6483 6492
f 6492 6483 6482
f 6486 6491 6482
f 6482 6491 6492
f 6491 4895 6492
f 6492 4895 4157
f 6488 4160 6489
f 6489 4160 4087
f 6501 6502 4418
f 4418 6502 4417
f 6504 6500 6317
f 6317 6500 6314
f 3497 3496 6501
f 6501 3496 6502
f 3499 3498 6504
f 6504 3498 6500
f 4729 5274 4198
f 4198 5274 4195
f 6418 6365 6420
f 6420 6365 4977
f 5295 5348 6350
f 6350 5348 6351
f 5301 6422 6420
f 6420 6422 6421
f 4113 4112 4086
f 4086 4112 4083
f 6320 4112 6880
f 6880 4112 4111
f 4091 4772 4092
f 4092 4772 4775
f 4129 4140 4091
f 4091 4140 4772
f 4137 4140 4128
f 4128 4140 4129
f 4128 6324 4137
f 4137 6324 6321
f 6324 6487 6321
f 6321 6487 6485
f 6487 6486 6485
f 6485 6486 6482
f 4774 4773 4779
f 4779 4773 4776
f 4773 4139 4776
f 4776 4139 4114
f 4139 4138 4114
f 4114 4138 4111
f 4138 6322 4111
f 4111 6322 6880
f 6322 6484 6880
f 6880 6484 6481
f 6484 6483 6481
f 6481 6483 6478
f 6879 6343 6309
f 6309 6343 4428
f 4106 4105 4900
f 4900 4105 6307
f 3500 3167 6495
f 6495 3167 6496
f 3500 6495 3070
f 3070 6495 5368
f 3502 5235 3501
f 3501 5235 4813
f 3024 3503 6473
f 6473 3503 6474
f 3503 3023 6474
f 6474 3023 6374
f 3504 1770 4348
f 4348 1770 4345
f 3502 3505 5235
f 5235 3505 4810
f 3498 3497 6500
f 6500 3497 6501
f 3496 3075 6502
f 6502 3075 6275
f 6299 4254 3174
f 3174 4254 3017
f 1769 3501 4814
f 4814 3501 4813
f 3506 3018 6476
f 6476 3018 4257
f 3507 3499 6499
f 6499 3499 6504
f 3030 4216 3483
f 3483 4216 4215
f 3077 3507 6333
f 6333 3507 6499
f 1784 3160 5249
f 5249 3160 6523
f 3015 3506 4240
f 4240 3506 6476
f 3508 3504 6383
f 6383 3504 4348
f 3509 3016 6477
f 6477 3016 4239
f 3028 3509 6467
f 6467 3509 6477
f 3022 1785 5246
f 5246 1785 5247
f 3161 3508 6570
f 6570 3508 6383
f 3150 3149 4694
f 4694 3149 6566
f 1327 4807 3510
f 3510 4807 4811
f 3510 4811 3505
f 3505 4811 4810
f 3146 3511 4816
f 4816 3511 4350
f 3511 1808 4350
f 4350 1808 4351
f 3485 4327 3159
f 3159 4327 4330
f 1326 3512 4806
f 4806 3512 6310
f 3512 1331 6310
f 6310 1331 4688
