v 0.12448432 1.13465559 -0.24838628
v 0.12134843 1.12226856 -0.23681957
v 0.13098913 1.11718524 -0.24636845
v 0.13485241 1.12573183 -0.25849798
v 0.12993969 1.10973513 -0.23723514
v 0.12087850 1.11167252 -0.22907320
v 0.13724881 1.10955262 -0.25585034
v 0.14079010 1.11406016 -0.26778698
v 0.14571922 1.07252324 -0.25918564
v 0.14880174 1.06611407 -0.26824805
v 0.14725161 1.07869768 -0.26988015
v 0.14341871 1.08167934 -0.26037526
v 0.14681005 1.04610443 -0.25678030
v 0.14254022 1.03855336 -0.24536143
v 0.14463994 1.02732408 -0.25306743
v 0.14725126 1.03421736 -0.26497272
v 0.11158897 1.05597878 -0.21990989
v 0.11781116 1.04942322 -0.22047025
v 0.12077256 1.05615056 -0.22388949
v 0.11410612 1.06179583 -0.22314571
v 0.10244884 1.06704664 -0.21410504
v 0.10262118 1.07163250 -0.21903339
v 0.09827825 1.07654536 -0.21405348
v 0.09936874 1.07158577 -0.20813227
v 0.10666116 1.05040359 -0.21698141
v 0.11364801 1.04348552 -0.21774623
v 0.10652418 1.06191480 -0.21862410
v 0.10527869 1.05802047 -0.21483314
v 0.10518084 1.05464685 -0.20203488
v 0.10584070 1.05913317 -0.20509230
v 0.10360108 1.06174982 -0.19818646
v 0.10286613 1.05612886 -0.19699618
v 0.10622293 1.05142581 -0.21176609
v 0.10689928 1.05529106 -0.20975611
v 0.10543212 1.05195653 -0.20599693
v 0.10359031 1.04885197 -0.20843823
v 0.10289383 1.06356847 -0.21001887
v 0.10108837 1.06718683 -0.20305178
v 0.09807421 1.07023919 -0.19574490
v 0.10032514 1.06305075 -0.19041777
v 0.12941524 1.03474569 -0.22528383
v 0.12424134 1.04250610 -0.22221862
v 0.12007053 1.03723156 -0.21907850
v 0.12509513 1.03115964 -0.22142985
v 0.10462590 1.04474795 -0.21140446
v 0.11085245 1.02877641 -0.20786695
v 0.11073013 1.03284979 -0.20841637
v 0.10521451 1.03437507 -0.20354939
v 0.10599928 1.03055477 -0.20331810
v 0.13472544 1.01858401 -0.23172472
v 0.13023156 1.01808953 -0.22544186
v 0.13102551 1.01051676 -0.22683313
v 0.13512704 1.00919807 -0.23371249
v 0.12945449 1.00409901 -0.22628713
v 0.13410459 1.00014126 -0.23517741
v 0.12598397 0.98513007 -0.22990659
v 0.13031381 0.99156439 -0.23247571
v 0.12605122 0.99809325 -0.22378638
v 0.12149888 0.99336874 -0.21860962
v 0.11006893 0.99947190 -0.20863770
v 0.10487415 0.99860644 -0.20434991
v 0.11052473 0.98634553 -0.20485318
v 0.11583230 0.98903704 -0.21090032
v 0.10993657 1.02147377 -0.21109414
v 0.11365828 1.02104700 -0.21433710
v 0.11436537 1.02315521 -0.21235806
v 0.11046985 1.02494383 -0.20881447
v 0.11739810 1.02052855 -0.21648699
v 0.11899108 1.02026033 -0.21742368
v 0.11888027 1.02182686 -0.21641096
v 0.11736988 1.02130747 -0.21601303
v 0.11541627 1.02093971 -0.21510062
v 0.11440007 1.01902270 -0.21437162
v 0.11652847 1.01973379 -0.21575253
v 0.11102135 1.01873696 -0.21124744
v 0.10039091 1.01780999 -0.20024171
v 0.10378601 1.01801670 -0.20255993
v 0.10159211 1.02241027 -0.20415485
v 0.09872568 1.02248824 -0.20235053
v 0.11730753 1.02397358 -0.21487752
v 0.11962306 1.02573609 -0.21605629
v 0.11614431 1.02921295 -0.21261565
v 0.11496855 1.02612817 -0.21244125
v 0.12200896 1.02778602 -0.21751848
v 0.12098511 1.02312577 -0.21774517
v 0.12378883 1.02398372 -0.21938287
v 0.11850464 1.01840818 -0.21714336
v 0.12115574 1.01665437 -0.21886310
v 0.12180275 1.01960123 -0.21826918
v 0.11937083 1.01321685 -0.21758166
v 0.11616977 1.01650560 -0.21544060
v 0.11297072 1.01514292 -0.21203336
v 0.10917898 1.01399922 -0.20745760
v 0.11158009 1.00860584 -0.20998439
v 0.11602822 1.01045787 -0.21422525
v 0.11737002 1.03314078 -0.21500979
v 0.12559867 1.01886284 -0.22115308
v 0.12796561 1.02555501 -0.22382300
v 0.12562864 1.01368058 -0.22149800
v 0.12391900 1.00879812 -0.22068806
v 0.12037399 1.00483012 -0.21784723
v 0.11540265 1.00177431 -0.21328086
v 0.11170039 0.97512424 -0.21417998
v 0.11869907 0.97925007 -0.22085626
v 0.11870505 1.10407460 -0.22957645
v 0.12701479 1.10300672 -0.23388244
v 0.12681769 1.09458709 -0.23717697
v 0.12858424 1.09676015 -0.23801064
v 0.12372696 1.09874260 -0.23413749
v 0.12310341 1.09594846 -0.23428465
v 0.13829319 1.08452976 -0.25373268
v 0.13403933 1.08710098 -0.24863471
v 0.13450181 1.08312321 -0.24918720
v 0.14042565 1.07794631 -0.25320923
v 0.12909174 1.07664645 -0.23910226
v 0.13275322 1.07748604 -0.24341330
v 0.12874372 1.08438528 -0.24141501
v 0.12608698 1.08386838 -0.23818710
v 0.12268132 1.08371460 -0.23541667
v 0.11867937 1.08404183 -0.23328276
v 0.11936025 1.07838118 -0.23284101
v 0.12429754 1.07715392 -0.23538813
v 0.11736134 1.09982383 -0.23167956
v 0.11016081 1.09895074 -0.23067895
v 0.11151800 1.09585440 -0.23124421
v 0.11766914 1.09664702 -0.23189871
v 0.10063401 1.08802819 -0.23304021
v 0.10185359 1.09086120 -0.23289202
v 0.09823973 1.09229839 -0.23135504
v 0.09763952 1.08752131 -0.23093608
v 0.10037564 1.08454096 -0.23039068
v 0.10223828 1.08646476 -0.23221724
v 0.11380769 1.15414894 -0.25140178
v 0.11218911 1.14055943 -0.23960094
v 0.12720557 1.14633572 -0.26450521
v 0.13727409 1.13429463 -0.27338296
v 0.14416879 1.11883402 -0.28165165
v 0.13999045 1.02192974 -0.24130908
v 0.14115481 1.01144171 -0.24589109
v 0.14585187 1.01659966 -0.26081350
v 0.14419401 1.00433850 -0.26327631
v 0.13943422 0.99961448 -0.24737826
v 0.12719689 0.97923601 -0.24309964
v 0.13481568 0.98798692 -0.24635243
v 0.13902114 0.99153447 -0.26582956
v 0.14290081 1.00113738 -0.28498515
v 0.14681351 1.01202834 -0.27877873
v 0.14326724 1.01435256 -0.30168369
v 0.13777252 0.98902166 -0.29515052
v 0.13963950 1.01023901 -0.31040779
v 0.12676123 0.95097899 -0.28116623
v 0.12782814 0.93738103 -0.28369930
v 0.13368189 0.94038892 -0.30237940
v 0.13423257 0.95411539 -0.29921803
v 0.14836021 1.02249002 -0.27287537
v 0.14711294 1.08723617 -0.27930614
v 0.14455658 1.08963215 -0.26799506
v 0.14979047 1.07408595 -0.28067195
v 0.14102194 1.14130104 -0.30852485
v 0.13941112 1.14000857 -0.29049045
v 0.14601117 1.12370479 -0.29600385
v 0.14727858 1.12782931 -0.31221560
v 0.11287652 1.17544580 -0.30009845
v 0.11502367 1.16707790 -0.27479795
v 0.12766351 1.15702093 -0.28220645
v 0.12705319 1.16223395 -0.30339986
v 0.14670344 1.12693131 -0.32584766
v 0.14506802 1.12429726 -0.34472674
v 0.13905568 1.13990605 -0.35237241
v 0.14067997 1.14341724 -0.32966417
v 0.12480380 1.15809596 -0.36062893
v 0.12664749 1.16374588 -0.33254662
v 0.13626416 0.99168062 -0.31843385
v 0.13606657 1.01173735 -0.32410571
v 0.13414463 0.97074771 -0.29537719
v 0.13554966 0.97373319 -0.31543949
v 0.10458089 1.17272079 -0.36570755
v 0.10753690 1.17929745 -0.33203033
v 0.12793192 1.09119332 -0.38712481
v 0.13149376 1.11121976 -0.38214859
v 0.13993008 1.10172093 -0.36586520
v 0.13635772 1.08480394 -0.37232092
v 0.11525810 1.09736097 -0.40173021
v 0.11854896 1.12119460 -0.39653888
v 0.11713526 1.03195107 -0.37590572
v 0.11115779 1.01383758 -0.36558130
v 0.10001291 1.01361525 -0.37510863
v 0.10487305 1.03143704 -0.38819396
v 0.13566127 1.10516322 -0.24575551
v 0.13254388 1.10026419 -0.23991992
v 0.13548264 1.09616685 -0.24578270
v 0.13883220 1.09866560 -0.25278464
v 0.14130057 1.10033154 -0.26315057
v 0.14459123 1.10141087 -0.27486926
v 0.14836191 1.10927367 -0.30069190
v 0.14977492 1.11500430 -0.31553239
v 0.14785659 1.11139286 -0.34060076
v 0.14966962 1.11406696 -0.32649544
v 0.14334820 1.09044921 -0.35642132
v 0.14084624 1.07943082 -0.36054814
v 0.13218221 1.01766968 -0.34096855
v 0.12920852 0.99461043 -0.33597112
v 0.11869442 0.99543023 -0.34906232
v 0.12146890 1.01601481 -0.35471937
v 0.09668498 0.99514484 -0.36524311
v 0.10774803 0.99589467 -0.35821339
v 0.12611835 0.95811260 -0.33281755
v 0.12449360 0.94196332 -0.33557221
v 0.11419983 0.94351101 -0.34999368
v 0.11546050 0.95849824 -0.34604314
v 0.10204975 0.94217610 -0.35982791
v 0.08837487 0.94245303 -0.36484373
v 0.09195940 0.95864975 -0.36275300
v 0.10310844 0.95925117 -0.35677508
v 0.10947223 0.93410182 -0.25694171
v 0.10911109 0.92344415 -0.26041570
v 0.11932594 0.92410743 -0.27177930
v 0.11801694 0.93535936 -0.26886746
v 0.12313239 0.92849910 -0.34124145
v 0.11323436 0.93138421 -0.35619190
v 0.12735777 1.03253305 -0.36253589
v 0.13471410 1.03588772 -0.35194978
v 0.10045384 0.92973697 -0.36551210
v 0.10603476 0.97644424 -0.35539490
v 0.11682896 0.97542524 -0.34598309
v 0.08506303 0.99551189 -0.37126663
v 0.08795159 1.01230478 -0.38244203
v 0.10794789 1.06675339 -0.22195038
v 0.10912076 1.08139455 -0.23068026
v 0.10950395 1.08533204 -0.23158300
v 0.10529308 1.08591592 -0.23166777
v 0.10435458 1.08274400 -0.23036239
v 0.09767982 1.12299240 -0.22258018
v 0.09715216 1.10652912 -0.21915722
v 0.10990217 1.11058700 -0.22265181
v 0.11005373 1.12386024 -0.22830391
v 0.13821147 1.05218565 -0.23769970
v 0.12937771 1.05853069 -0.23047052
v 0.12765560 1.04958975 -0.22604288
v 0.13373055 1.04164433 -0.23072815
v 0.13146299 1.08876765 -0.24532944
v 0.13306111 1.09097099 -0.24583389
v 0.13075896 1.09084666 -0.24299492
v 0.13238303 1.02732623 -0.22833511
v 0.13737176 1.03182745 -0.23589739
v 0.15060352 1.05914235 -0.27934855
v 0.14079428 1.09082699 -0.25809392
v 0.09085852 1.18626225 -0.29410169
v 0.09599124 1.17526758 -0.26467744
v 0.08089176 1.18268883 -0.36669913
v 0.08501329 1.18867695 -0.32992080
v 0.10010681 1.12849045 -0.40728572
v 0.09688517 1.10202920 -0.41324842
v 0.07427950 1.10426891 -0.41889679
v 0.07613532 1.13483775 -0.41307530
v 0.09069681 1.03009057 -0.39562461
v 0.07683608 0.94273293 -0.36621511
v 0.07932571 0.96079707 -0.36532143
v 0.09970000 1.15828538 -0.24475107
v 0.09835131 1.13997638 -0.23290543
v 0.14669873 1.10456908 -0.28866509
v 0.14595772 1.06386745 -0.25461110
v 0.14165135 1.07174301 -0.24976890
v 0.14031842 1.06803715 -0.24466884
v 0.14447390 1.05744386 -0.24879844
v 0.14834800 1.05417621 -0.26278138
v 0.14922321 1.04453373 -0.27442434
v 0.14976560 1.03435814 -0.28820822
v 0.14668591 1.02209496 -0.29472792
v 0.14193375 1.11639595 -0.35904124
v 0.13501967 1.12888360 -0.37113133
v 0.12176926 1.14297783 -0.38342306
v 0.10294645 1.15504706 -0.39276871
v 0.14466885 1.10640919 -0.35308519
v 0.07827780 1.16411579 -0.39691326
v 0.10371830 1.03916478 -0.20520565
v 0.10998856 1.03854442 -0.21151659
v 0.10125831 1.04351795 -0.20589222
v 0.10513005 1.01310551 -0.20349860
v 0.10125241 1.01265407 -0.20102242
v 0.10187142 1.00666106 -0.20404902
v 0.10658239 1.00733912 -0.20642103
v 0.11049561 0.96805203 -0.22868568
v 0.11860265 0.97247350 -0.23595725
v 0.10967988 0.94423938 -0.25296369
v 0.11746278 0.94682956 -0.26529223
v 0.10073137 1.05316973 -0.20253654
v 0.09909497 1.05345047 -0.20195961
v 0.09838487 1.05211067 -0.20389768
v 0.10054424 1.05209482 -0.20468543
v 0.11599721 1.02219880 -0.21424523
v 0.10137856 1.03060555 -0.20004971
v 0.09832129 1.03031099 -0.19878945
v 0.09852335 1.02639604 -0.20030032
v 0.10156371 1.02665651 -0.20164999
v 0.13004559 0.97693121 -0.26676172
v 0.12618008 0.96482396 -0.27658027
v 0.13186172 0.94000578 -0.31746671
v 0.13392831 0.95612574 -0.31580696
v 0.12777412 0.97560024 -0.33286485
v 0.09432825 0.97793007 -0.36316231
v 0.08279315 0.97755289 -0.36752295
v 0.05763534 0.98000669 -0.36753723
v 0.05839750 0.99534965 -0.37278095
v 0.07189123 0.99471235 -0.37370965
v 0.06915665 0.97929502 -0.36824811
v 0.11909308 0.96613955 -0.25101081
v 0.11032574 0.96204591 -0.24177010
v 0.11025050 0.95457911 -0.24938470
v 0.11809944 0.95815730 -0.26039779
v 0.09591173 1.04993045 -0.19981620
v 0.09494287 1.04905617 -0.19784197
v 0.09515096 1.04644787 -0.20050912
v 0.09656391 1.04863751 -0.20187582
v 0.10126247 1.04987860 -0.20658076
v 0.09910676 1.04873133 -0.20573393
v 0.09975258 1.04663587 -0.20578003
v 0.10248379 1.05305862 -0.20212321
v 0.10245621 1.05134618 -0.20486581
v 0.09850906 1.05422151 -0.19660294
v 0.10112910 1.05403399 -0.19881144
v 0.09955321 1.05492628 -0.19161950
v 0.09701756 1.05099142 -0.20180981
v 0.09744233 1.04957044 -0.20340386
v 0.10008322 1.05090177 -0.20586887
v 0.09846221 1.05049539 -0.20515104
v 0.09834141 1.05410457 -0.19877912
v 0.09999883 1.05380332 -0.20042071
v 0.09598592 1.07594717 -0.20192614
v 0.09033161 1.07708216 -0.19805157
v 0.09182970 1.07088029 -0.19160190
v 0.09365280 1.06332147 -0.18562245
v 0.09392874 1.05469084 -0.18723117
v 0.10218851 0.95239341 -0.24274753
v 0.10176595 0.94281065 -0.24543598
v 0.08280607 1.13859260 -0.22812858
v 0.08467942 1.12083471 -0.22010957
v 0.11667414 1.02085900 -0.21597420
v 0.10968737 1.10295606 -0.22812264
v 0.13509081 1.06663251 -0.23795655
v 0.11476271 1.06766260 -0.22667141
v 0.12156430 1.06343639 -0.22796665
v 0.12073520 1.07106662 -0.23088875
v 0.11450861 1.07385564 -0.22936238
v 0.10030548 1.09983313 -0.22632933
v 0.09238905 1.09603488 -0.21909021
v 0.09491988 1.09389663 -0.22628595
v 0.09473714 1.08718956 -0.22545588
v 0.09362841 1.08732402 -0.21623221
v 0.09770019 1.08006275 -0.22026068
v 0.09803493 1.08206499 -0.22652790
v 0.12910266 1.09286606 -0.24010554
v 0.13126417 1.09425521 -0.24202752
v 0.10261102 1.07534790 -0.22355595
v 0.10830908 1.07147515 -0.22555608
v 0.10843562 1.07631862 -0.22868359
v 0.10291897 1.07873356 -0.22786117
v 0.12750596 1.06831288 -0.23342937
v 0.13687755 1.09097672 -0.25075585
v 0.13436154 1.07972443 -0.24711554
v 0.13875505 1.04505718 -0.34338114
v 0.13692278 1.03369379 -0.33585712
v 0.14874940 1.02601182 -0.31504935
v 0.14688247 1.02180648 -0.31247035
v 0.13990690 1.02447987 -0.31566602
v 0.14517592 1.02888811 -0.31908426
v 0.14944243 1.08071244 -0.33872938
v 0.14765783 1.08815765 -0.34263024
v 0.14925911 1.09015429 -0.33535001
v 0.14939852 1.08201706 -0.33586463
v 0.14980602 1.08586824 -0.32939520
v 0.15001437 1.08945465 -0.32702333
v 0.15028995 1.08073866 -0.32482612
v 0.14983824 1.08074069 -0.32855996
v 0.15046820 1.10101509 -0.32679167
v 0.15038909 1.09929395 -0.31615928
v 0.14975867 1.08649838 -0.31857696
v 0.14915580 1.08523464 -0.29451191
v 0.14793144 1.07275307 -0.30616480
v 0.14860375 1.08105671 -0.31175297
v 0.14907138 1.09388983 -0.30547562
v 0.14719598 1.02808511 -0.30815706
v 0.14745317 1.03648186 -0.30448729
v 0.13719916 1.02693808 -0.32483074
v 0.04887122 1.10459983 -0.41761723
v 0.04887825 1.13702190 -0.41102371
v 0.12472072 1.07057369 -0.38727084
v 0.11210287 1.07384837 -0.40070167
v 0.13337794 1.06783903 -0.37338576
v 0.13905080 1.06620157 -0.36109355
v 0.09483217 1.07589042 -0.41161117
v 0.07340980 1.07626307 -0.41768098
v 0.15004565 1.06819201 -0.29301038
v 0.14796723 1.06079006 -0.30421907
v 0.12165602 1.05073941 -0.38374218
v 0.10858913 1.05179942 -0.39597917
v 0.13065208 1.05010259 -0.37034181
v 0.13757826 1.05163324 -0.35884884
v 0.09239036 1.05190587 -0.40542832
v 0.07349095 1.02820480 -0.39901730
v 0.07361913 1.05005634 -0.40995690
v 0.14923559 1.03801882 -0.31668124
v 0.14789094 1.03702796 -0.31192884
v 0.14787857 1.03036475 -0.31274620
v 0.15116303 1.03240836 -0.31500724
v 0.15041330 1.05217063 -0.29194215
v 0.14842750 1.04832590 -0.30450639
v 0.09509370 1.08152139 -0.20816810
v 0.08735554 1.08965242 -0.21028124
v 0.08890902 1.08323419 -0.20423023
v 0.08620721 1.09675920 -0.21494828
v 0.06169899 1.19048917 -0.32611948
v 0.06837238 1.18776023 -0.28905967
v 0.05056666 1.16606200 -0.39406312
v 0.05532029 1.18396413 -0.36334589
v 0.10032709 0.99831223 -0.20135893
v 0.10410385 0.98477101 -0.20044613
v 0.09928533 1.03907466 -0.20130664
v 0.09645723 1.03821862 -0.20010445
v 0.09761502 1.03414822 -0.19911054
v 0.10064352 1.03482175 -0.20033991
v 0.10327990 1.09633863 -0.23118268
v 0.07333933 1.01136875 -0.38630804
v 0.06658820 0.96253610 -0.36548355
v 0.06398447 0.94479692 -0.36479989
v 0.08623761 0.92815793 -0.37008008
v 0.07263897 0.92827094 -0.36993721
v 0.09546024 1.04235983 -0.20077838
v 0.09790058 1.04306400 -0.20228544
v 0.09724309 1.05316210 -0.19992056
v 0.10580865 1.02627492 -0.20433122
v 0.09724665 1.04614258 -0.20288211
v 0.09763674 1.04832065 -0.20357397
v 0.09340559 1.04571700 -0.19942027
v 0.09398855 1.04186642 -0.20034683
v 0.11423367 1.07990646 -0.23117475
v 0.11414722 1.08464873 -0.23198935
v 0.09636308 1.05124676 -0.19452399
v 0.09645671 1.05211604 -0.19741994
v 0.09321445 1.05023897 -0.19324294
v 0.12806770 0.92476118 -0.28714773
v 0.13236699 0.92641330 -0.30576503
v 0.09617341 1.03003073 -0.19830011
v 0.09637259 1.02600014 -0.19957563
v 0.07453571 1.17644560 -0.25905573
v 0.05406935 1.02547622 -0.39615816
v 0.05290204 1.04708922 -0.40724477
v 0.14786221 1.06476331 -0.31358072
v 0.14953022 1.05962884 -0.31878552
v 0.14983325 1.06687272 -0.32169771
v 0.14883657 1.07232177 -0.31642553
v 0.10109392 0.93329251 -0.24910706
v 0.12956484 0.92678928 -0.32391548
v 0.05954428 0.92983437 -0.36776510
v 0.13131259 1.08692408 -0.24556993
v 0.13039330 1.08542597 -0.24413906
v 0.10586853 1.09378016 -0.23201381
v 0.05021133 1.07481420 -0.41639733
v 0.10755335 1.01819468 -0.20641908
v 0.10552090 1.02216899 -0.20706306
v 0.05482128 0.96390259 -0.36325526
v 0.10235868 0.95979178 -0.23607388
v 0.09372795 1.04845154 -0.19670114
v 0.05681264 1.01032007 -0.38427827
v 0.15129791 1.07263184 -0.33012065
v 0.15317832 1.07132971 -0.32717150
v 0.15271357 1.06774294 -0.32698870
v 0.15120651 1.06821585 -0.32802710
v 0.15434968 1.07556570 -0.32326323
v 0.15535139 1.07146430 -0.32520270
v 0.15647118 1.07458413 -0.32685518
v 0.15510170 1.07886839 -0.32591626
v 0.14998847 1.07771754 -0.32039660
v 0.15246615 1.07148433 -0.32179132
v 0.15701540 1.07661104 -0.32923955
v 0.15693088 1.07980609 -0.32835075
v 0.15416354 1.08155501 -0.32936227
v 0.14973895 1.08168077 -0.33236623
v 0.15857455 1.08036911 -0.33251378
v 0.15471002 1.08263397 -0.33394685
v 0.16042879 1.07972729 -0.33823743
v 0.15527298 1.08196366 -0.33986852
v 0.16113873 1.07615292 -0.34349886
v 0.15502247 1.07721341 -0.34471044
v 0.14893624 1.04477060 -0.31258726
v 0.14844616 1.04425681 -0.31912035
v 0.16143119 1.07038355 -0.34629989
v 0.15460034 1.07041764 -0.34690806
v 0.16140433 1.06296599 -0.34746286
v 0.15499511 1.06292653 -0.34773448
v 0.16055876 1.05544591 -0.34595263
v 0.15528522 1.05480027 -0.34659740
v 0.15992160 1.04807651 -0.34305865
v 0.15490787 1.04667318 -0.34351054
v 0.15883678 1.04118526 -0.33830583
v 0.15380554 1.03768897 -0.33845717
v 0.15717739 1.07724953 -0.33814204
v 0.15776177 1.07386696 -0.34190583
v 0.14731972 1.07613897 -0.33961570
v 0.15686940 1.07828009 -0.33326763
v 0.15072894 1.06179225 -0.33233345
v 0.14791557 1.06497025 -0.33368751
v 0.14850760 1.06338060 -0.33346039
v 0.14746119 1.06152368 -0.33531952
v 0.14936721 1.05182266 -0.31830111
v 0.14949539 1.05123746 -0.32221246
v 0.14986372 1.05683231 -0.32237446
v 0.14827640 1.04687810 -0.32203346
v 0.14666960 1.04809344 -0.32302213
v 0.14615875 1.05182350 -0.32287958
v 0.14549722 1.05660617 -0.32332522
v 0.14690520 1.04632318 -0.32505569
v 0.14885199 1.04466617 -0.32459873
v 0.14533469 1.04755962 -0.32535210
v 0.14512418 1.04857016 -0.32415995
v 0.14385948 1.05095255 -0.32513955
v 0.14432639 1.05435920 -0.32774729
v 0.14866515 1.05497098 -0.31278858
v 0.14462852 1.04984605 -0.33735970
v 0.14324686 1.04099977 -0.33234814
v 0.15740846 1.03627729 -0.33201987
v 0.15424213 1.03026342 -0.33111358
v 0.15458174 1.02845168 -0.31780285
v 0.15533915 1.02585042 -0.32368609
v 0.14609900 1.07030141 -0.34093502
v 0.14612924 1.06371653 -0.34228861
v 0.14375435 1.03480303 -0.32497370
v 0.14617583 1.05695808 -0.34158346
v 0.15729401 1.04534876 -0.33691654
v 0.15507576 1.04212284 -0.33249199
v 0.15854126 1.05012226 -0.34095338
v 0.15087181 1.04158199 -0.32303005
v 0.15313275 1.03578579 -0.32079294
v 0.15571420 1.03466833 -0.32610935
v 0.15248111 1.04074061 -0.32804486
v 0.15630764 1.04850900 -0.33465478
v 0.15289208 1.04593170 -0.33210337
v 0.15263119 1.05103195 -0.33428481
v 0.14921920 1.04895103 -0.33202964
v 0.14735371 1.04690850 -0.32845578
v 0.14985843 1.04466522 -0.32844606
v 0.14451866 1.05140436 -0.33194143
v 0.14818080 1.05448556 -0.33412048
v 0.14459838 1.04866874 -0.32793072
v 0.15536334 1.05423081 -0.33529565
v 0.15717468 1.05829442 -0.33700758
v 0.15518028 1.06090653 -0.33373243
v 0.15193434 1.05763090 -0.33418456
v 0.15844758 1.05614591 -0.34365639
v 0.15900342 1.05681705 -0.34013733
v 0.15791944 1.05219233 -0.33769277
v 0.15882570 1.06253922 -0.34149361
v 0.15816127 1.06293178 -0.34456500
v 0.15745629 1.06260228 -0.33866474
v 0.15636267 1.06371462 -0.33607185
v 0.15780827 1.07183027 -0.33948767
v 0.15837336 1.06773210 -0.34115252
v 0.15826555 1.06923425 -0.34413624
v 0.15778153 1.06657684 -0.33844805
v 0.15690258 1.06974423 -0.33730116
v 0.15591840 1.06801260 -0.33598450
v 0.15656358 1.06624520 -0.33728614
v 0.15510908 1.07596624 -0.33011046
v 0.15413444 1.07433522 -0.32803491
v 0.15571518 1.07596111 -0.33319920
v 0.15371285 1.07691801 -0.33237943
v 0.15440531 1.07371402 -0.33285776
v 0.15238062 1.07586253 -0.33153141
v 0.15356800 1.07160914 -0.33182073
v 0.15221168 1.06841099 -0.33066043
v 0.11158817 0.90037048 -0.26592615
v 0.10998759 0.91230631 -0.26350930
v 0.09999184 0.91200256 -0.25590888
v 0.10013913 0.90115619 -0.25870913
v 0.15513165 1.06961548 -0.33378348
v 0.15580066 1.07199121 -0.33542743
v 0.15665293 1.07467616 -0.33697978
v 0.15329851 1.06461990 -0.33235002
v 0.15479705 1.06381416 -0.33326933
v 0.15544824 1.06561553 -0.33436191
v 0.15400073 1.06701016 -0.33262756
v 0.14946525 1.06127739 -0.32332996
v 0.14715290 1.05929482 -0.32605430
v 0.14718533 1.05664384 -0.33008188
v 0.13631622 0.87771726 -0.30285257
v 0.14390397 0.88003588 -0.32439768
v 0.13725683 0.88940847 -0.32149237
v 0.13068496 0.88792527 -0.30146632
v 0.15640497 0.85658693 -0.29130438
v 0.16230686 0.84141576 -0.27695644
v 0.17745470 0.83726573 -0.29694510
v 0.16925251 0.85274529 -0.32247624
v 0.18236531 0.82303882 -0.27737969
v 0.16627787 0.82660115 -0.26169500
v 0.18830371 0.78156197 -0.23160936
v 0.18709123 0.79492033 -0.24555485
v 0.17173181 0.79899311 -0.23366979
v 0.17376065 0.78562760 -0.22025889
v 0.20914921 0.70864451 -0.19545278
v 0.20030004 0.71325290 -0.18723080
v 0.19111863 0.69991851 -0.17994240
v 0.20031245 0.69331956 -0.18957555
v 0.23239407 0.76796019 -0.30924714
v 0.23611882 0.75391638 -0.31373367
v 0.23511095 0.76566434 -0.32581750
v 0.22973582 0.78086877 -0.32355154
v 0.15850939 0.87233841 -0.38264605
v 0.14812697 0.88104618 -0.37667814
v 0.15359206 0.87366736 -0.35147348
v 0.16657388 0.86424971 -0.35589448
v 0.22733447 0.70137167 -0.26540297
v 0.22958592 0.71261656 -0.25713530
v 0.22703227 0.70471692 -0.24413463
v 0.22548701 0.69408166 -0.25030342
v 0.20264623 0.61759996 -0.21262027
v 0.19620967 0.62166846 -0.19069207
v 0.19309728 0.59948099 -0.18547633
v 0.19996683 0.59576058 -0.20850602
v 0.20281056 0.62203884 -0.30423412
v 0.20008592 0.60538781 -0.29652232
v 0.18545927 0.60149467 -0.32241324
v 0.18796808 0.61523378 -0.33012173
v 0.21251935 0.77074671 -0.25423127
v 0.21191494 0.78300858 -0.26955837
v 0.20059681 0.78948748 -0.25756940
v 0.20133151 0.77669525 -0.24308468
v 0.26669884 0.61440146 -0.35897508
v 0.26098591 0.63885927 -0.35905591
v 0.24746075 0.63307500 -0.35165304
v 0.25274178 0.60918081 -0.35305077
v 0.19732942 0.51847684 -0.26445270
v 0.20002483 0.50140810 -0.25912765
v 0.18922664 0.50405097 -0.28619850
v 0.18582365 0.52082896 -0.28933090
v 0.25528109 0.76324618 -0.37876096
v 0.25825050 0.76902556 -0.40180996
v 0.25282621 0.78706062 -0.40377343
v 0.25235048 0.78063440 -0.37979725
v 0.23532251 0.73684978 -0.29235214
v 0.23621128 0.74490941 -0.30257997
v 0.23381281 0.75746799 -0.29656109
v 0.23374869 0.74773729 -0.28460339
v 0.18896911 0.64027452 -0.34865031
v 0.18883649 0.65256727 -0.35823694
v 0.19971117 0.65910447 -0.33982411
v 0.20185497 0.64723217 -0.32792866
v 0.20287986 0.63468361 -0.31601465
v 0.18883792 0.62787998 -0.33898872
v 0.22900619 0.75637197 -0.27528432
v 0.22856717 0.76780379 -0.28991631
v 0.22133045 0.77571869 -0.28058249
v 0.22179005 0.76391971 -0.26501465
v 0.18098734 0.68728745 -0.17426974
v 0.19198874 0.67981493 -0.18604130
v 0.20241041 0.49796942 -0.23016343
v 0.20155257 0.51589632 -0.23655725
v 0.19826075 0.51292622 -0.20949791
v 0.19740272 0.49433690 -0.20295763
v 0.18751751 0.64712775 -0.17804639
v 0.19719738 0.64208770 -0.19571859
v 0.19709896 0.66067708 -0.19824764
v 0.18768068 0.66563570 -0.18298201
v 0.18700401 0.49205258 -0.17798150
v 0.18894695 0.51116514 -0.18428819
v 0.17674661 0.51165354 -0.16086528
v 0.17458735 0.49069348 -0.15459070
v 0.18521309 0.80871046 -0.26063895
v 0.16936499 0.81269443 -0.24750593
v 0.22005728 0.70254600 -0.21606469
v 0.21585472 0.70504034 -0.20524599
v 0.20786050 0.68963099 -0.20044588
v 0.21356340 0.68770671 -0.21174535
v 0.22473472 0.72038257 -0.32572681
v 0.22408877 0.72445393 -0.33511117
v 0.23494133 0.74497521 -0.33040848
v 0.23421013 0.73705113 -0.31911620
v 0.19165507 0.48713997 -0.28150538
v 0.20129710 0.48409733 -0.25337195
v 0.18522678 0.47220701 -0.17287573
v 0.17283319 0.46970317 -0.15010938
v 0.18665570 0.69768751 -0.39866361
v 0.19402029 0.70271730 -0.38713899
v 0.19310898 0.69912887 -0.38177308
v 0.18661688 0.69402134 -0.39460161
v 0.16670300 0.72278917 -0.16662158
v 0.17137976 0.70133638 -0.16682291
v 0.18479025 0.71156788 -0.17491204
v 0.18161418 0.72844172 -0.17673646
v 0.20750025 0.67311358 -0.21226574
v 0.20080815 0.67551208 -0.19922474
v 0.20448174 0.65781796 -0.21412593
v 0.14884251 0.71564639 -0.15902820
v 0.15576127 0.68729293 -0.15723573
v 0.15261170 0.81563222 -0.23423752
v 0.15546162 0.80222082 -0.22156145
v 0.14977278 0.82950544 -0.24655956
v 0.14545698 0.84358573 -0.25871739
v 0.12948938 0.84578502 -0.24359024
v 0.13358851 0.83173084 -0.23247528
v 0.14069305 0.85814023 -0.26932168
v 0.12469567 0.85978866 -0.25322482
v 0.12510826 0.87804687 -0.28281751
v 0.12086987 0.88818085 -0.28322643
v 0.23350516 0.73035896 -0.30948702
v 0.23218636 0.72346103 -0.30043778
v 0.19604185 0.47558004 -0.19742882
v 0.09932856 0.78046751 -0.44081685
v 0.11834188 0.77833962 -0.44671485
v 0.11077298 0.76233697 -0.44320616
v 0.09289993 0.76357067 -0.43723238
v 0.18154103 0.85815775 -0.36515942
v 0.16915041 0.86653101 -0.39003721
v 0.15689895 0.70163357 -0.43444076
v 0.15842827 0.69504631 -0.42907706
v 0.15311159 0.69106758 -0.42674085
v 0.14990351 0.69919157 -0.43290249
v 0.17445447 0.69249904 -0.41893718
v 0.17115217 0.69297075 -0.42609987
v 0.17131852 0.68451703 -0.42959496
v 0.17338508 0.68291056 -0.42169029
v 0.17335577 0.50650311 -0.30814055
v 0.16882268 0.52312231 -0.31056824
v 0.12963971 0.62193835 -0.37912804
v 0.13588512 0.63491714 -0.38569739
v 0.15505569 0.62878001 -0.37442249
v 0.15102485 0.61554086 -0.36754021
v 0.01506270 0.78767192 -0.38197729
v 0.02860050 0.78499794 -0.39668891
v 0.02554568 0.76948130 -0.39438525
v 0.01273435 0.77246904 -0.37978932
v 0.06501141 0.79865026 -0.42670760
v 0.04666337 0.79867613 -0.41374013
v 0.05036948 0.81397200 -0.41456172
v 0.07043621 0.81500006 -0.42735460
v 0.07932557 0.78151774 -0.43362275
v 0.07404225 0.76388705 -0.43089908
v 0.17458233 0.63912368 -0.36649281
v 0.17627025 0.65083373 -0.37436417
v 0.17692418 0.66609061 -0.38676324
v 0.17760505 0.67244303 -0.39097130
v 0.18661532 0.67497027 -0.37727508
v 0.18703793 0.66870463 -0.37266615
v 0.13909142 0.88991022 -0.37158790
v 0.13551764 0.88366079 -0.39834562
v 0.12572138 0.89247990 -0.39184049
v 0.06739980 0.87130392 -0.40415344
v 0.08011003 0.87383223 -0.40737763
v 0.07929714 0.86550283 -0.41273162
v 0.06381918 0.86396790 -0.40656909
v 0.02711495 0.69617999 -0.38167977
v 0.03118660 0.67522979 -0.37602338
v 0.01371181 0.68186641 -0.36116713
v 0.01130674 0.70185697 -0.36684069
v 0.16992928 0.67792487 -0.40523574
v 0.16274671 0.68028510 -0.41336003
v 0.16478202 0.68511033 -0.41682765
v 0.17029433 0.68211627 -0.40917152
v 0.16023941 0.67517185 -0.41070732
v 0.16849494 0.67261279 -0.40175942
v 0.16681704 0.66622770 -0.39801988
v 0.15687431 0.66924632 -0.40748182
v 0.14286934 0.64664364 -0.39234719
v 0.14975667 0.65650916 -0.39875588
v 0.16353360 0.65229464 -0.38823098
v 0.15944406 0.64143145 -0.38124737
v 0.01981427 0.61718547 -0.33620501
v 0.01792636 0.63991654 -0.34472942
v 0.03414936 0.63296700 -0.35838673
v 0.03546506 0.61067283 -0.34939796
v 0.20741539 0.70685804 -0.36737525
v 0.20427465 0.69364798 -0.36931255
v 0.21250626 0.70173335 -0.35539591
v 0.21520887 0.71282494 -0.35420418
v 0.17898291 0.68772113 -0.44801736
v 0.18231738 0.69144058 -0.45194921
v 0.18889049 0.68352807 -0.45405540
v 0.18490116 0.68048275 -0.45088944
v 0.19454503 0.66834581 -0.38250560
v 0.19449417 0.64905441 -0.38391033
v 0.20296262 0.65744781 -0.36954486
v 0.20214511 0.67708242 -0.36923140
v 0.16203403 0.85698891 -0.41899785
v 0.15283114 0.86607170 -0.41273731
v 0.18103911 0.86196101 -0.39722541
v 0.18125339 0.67453635 -0.40353325
v 0.17546816 0.67301750 -0.41472816
v 0.17566910 0.65861893 -0.41872451
v 0.17955554 0.65915620 -0.40638497
v 0.27802664 0.61819053 -0.37279287
v 0.27149737 0.64261270 -0.37385285
v 0.19119968 0.62416816 -0.39901009
v 0.18657027 0.64346504 -0.39659002
v 0.18154770 0.64070690 -0.40965864
v 0.18855548 0.62093771 -0.41314292
v 0.14694512 0.60261571 -0.36073825
v 0.12455925 0.60886884 -0.37186518
v 0.13055372 0.51030481 -0.33301198
v 0.12561862 0.52846336 -0.33529207
v 0.14768751 0.52588296 -0.32582033
v 0.15292257 0.50861299 -0.32381192
v 0.17591608 0.48928902 -0.30488265
v 0.13420507 0.49134788 -0.33020461
v 0.15628928 0.49065176 -0.32105178
v 0.11485218 0.90940428 -0.37364665
v 0.11909428 0.90068698 -0.38357022
v 0.10049385 0.89864218 -0.39234444
v 0.09901461 0.90868735 -0.38285288
v 0.18497701 0.37636134 -0.29169139
v 0.20054482 0.37465593 -0.26581997
v 0.20064744 0.34581253 -0.26862481
v 0.18298319 0.34720096 -0.29368994
v 0.06125057 0.89215684 -0.38861847
v 0.06448430 0.90423048 -0.38189241
v 0.08155301 0.90609801 -0.38475952
v 0.08097896 0.89499056 -0.39281633
v 0.18471049 0.40328833 -0.29207000
v 0.19890335 0.40016600 -0.26590225
v 0.12668031 0.90628707 -0.35628489
v 0.13225664 0.89770710 -0.36480284
v 0.13225503 0.90218937 -0.33627430
v 0.13784003 0.89250314 -0.34279227
v 0.13251409 0.90058446 -0.31627467
v 0.20961171 0.36829540 -0.23923284
v 0.21188663 0.34096852 -0.24114540
v 0.09882955 0.91894341 -0.37355229
v 0.08339511 0.91683877 -0.37683368
v 0.06838439 0.91578245 -0.37571123
v 0.05435610 0.91720402 -0.37190405
v 0.04005488 0.91945434 -0.36661485
v 0.04622145 0.93178046 -0.36353189
v 0.19127682 0.47045317 -0.27542427
v 0.17690852 0.47189662 -0.29989552
v 0.11317134 0.24242401 -0.33199164
v 0.12075140 0.22444645 -0.32012990
v 0.08928312 0.22380492 -0.31672326
v 0.08530906 0.23971263 -0.33005759
v 0.02362390 0.25327086 -0.30707991
v 0.05554834 0.24272341 -0.32125118
v 0.05844850 0.22894090 -0.30571750
v 0.02748536 0.23905617 -0.28930429
v 0.02211211 0.37660024 -0.34362015
v 0.02498087 0.39818016 -0.33885753
v 0.05139455 0.39646342 -0.34754643
v 0.04859033 0.37465692 -0.35275823
v 0.15748689 0.47302368 -0.31690481
v 0.13617468 0.47318545 -0.32700035
v 0.19874832 0.46736684 -0.24750517
v 0.22535123 0.21766537 -0.21970850
v 0.22690268 0.18519899 -0.22093672
v 0.21298732 0.18720588 -0.25770727
v 0.21369071 0.21865442 -0.26097605
v 0.16068965 0.18454033 -0.30274290
v 0.12689914 0.18278813 -0.30614886
v 0.12430795 0.20536059 -0.31223205
v 0.15887576 0.21089539 -0.30869308
v 0.16089767 0.46833131 -0.12803294
v 0.15655510 0.44635481 -0.12700450
v 0.16945043 0.44934162 -0.14792533
v 0.11403783 0.46467802 -0.08360155
v 0.10815610 0.44085231 -0.08515097
v 0.12607262 0.44234529 -0.09501737
v 0.13304742 0.46565744 -0.09426546
v 0.09908681 0.31616694 -0.09264788
v 0.10431232 0.34223616 -0.09754616
v 0.09050032 0.34158701 -0.09019239
v 0.08816762 0.31744462 -0.08586060
v 0.21106419 0.36091831 -0.21202996
v 0.20649554 0.38518730 -0.21209022
v 0.19520342 0.37746325 -0.18566677
v 0.19932021 0.35391015 -0.18298730
v 0.05959040 0.21776846 -0.29170153
v 0.03332205 0.22858995 -0.27081665
v 0.22343655 0.21766958 -0.18046743
v 0.22704664 0.18336025 -0.18074819
v 0.21081458 0.18171760 -0.14701560
v 0.20834637 0.21643636 -0.14770582
v 0.18182249 0.21367922 -0.12723413
v 0.18314655 0.18165591 -0.12716883
v 0.07578912 0.22662404 -0.11332397
v 0.07794172 0.22397643 -0.12125895
v 0.09954207 0.24152279 -0.10646571
v 0.09518774 0.24964660 -0.09742723
v 0.01726632 0.28944501 -0.33223376
v 0.04595406 0.28290123 -0.34474584
v 0.04980340 0.26146311 -0.33472052
v 0.01946332 0.27100295 -0.32182008
v 0.11381932 0.47256732 -0.33139181
v 0.11140335 0.49180111 -0.33327273
v 0.08941548 0.49283156 -0.33209163
v 0.08651897 0.51448262 -0.33389619
v 0.10814933 0.51187158 -0.33580568
v 0.07734868 0.63137281 -0.37745813
v 0.08253323 0.64536524 -0.38767156
v 0.10687426 0.63146925 -0.38522077
v 0.10132064 0.61876678 -0.37682369
v 0.04307800 0.78312480 -0.41185853
v 0.03958152 0.76682627 -0.40930581
v 0.09135866 0.18669218 -0.29845086
v 0.09902036 0.15895835 -0.29516059
v 0.06963187 0.16306791 -0.27598169
v 0.05535413 0.19826743 -0.27381009
v 0.16241395 0.15666547 -0.29826552
v 0.19057557 0.18710476 -0.28767362
v 0.18948285 0.15786296 -0.28261819
v 0.22831994 0.15262276 -0.21888292
v 0.21328576 0.15589052 -0.25525156
v 0.21136336 0.14787582 -0.14590207
v 0.18332165 0.14856479 -0.12755361
v 0.09321572 0.17857856 -0.13810700
v 0.09256563 0.15326339 -0.14492118
v 0.11955373 0.15155894 -0.13173634
v 0.12050240 0.17923623 -0.12713647
v 0.13268511 0.31055942 -0.11288754
v 0.14202707 0.28997934 -0.11674921
v 0.16365302 0.31048995 -0.13539451
v 0.15949242 0.33207211 -0.13731623
v 0.13721095 0.48983803 -0.09631936
v 0.12166093 0.48799989 -0.08658808
v 0.16321117 0.49080023 -0.13170151
v 0.15113854 0.49076959 -0.11120753
v 0.14769757 0.46668163 -0.10877707
v 0.15040672 0.58858824 -0.11577674
v 0.14599483 0.56424832 -0.10919785
v 0.16205466 0.56147897 -0.12720725
v 0.16725807 0.58484936 -0.13418742
v 0.17140587 0.60906351 -0.14268468
v 0.15362102 0.61328208 -0.12449691
v 0.15433945 0.66099107 -0.14683934
v 0.17299679 0.65382278 -0.16158515
v 0.17416249 0.67337608 -0.16819179
v 0.13630286 0.81764841 -0.22085512
v 0.13846354 0.80417776 -0.20956388
v 0.21440528 0.33428845 -0.21215998
v 0.03963117 0.19261631 -0.23584607
v 0.05001802 0.16304734 -0.24447608
v 0.04736924 0.16044858 -0.21313566
v 0.04391899 0.18624231 -0.20441338
v 0.20676184 0.39253011 -0.23913574
v 0.20217976 0.47999212 -0.22420573
v 0.19826761 0.46271655 -0.21943821
v 0.21180429 0.63524711 -0.27064916
v 0.20750912 0.61171520 -0.26627132
v 0.19309206 0.71857262 -0.18260899
v 0.19291338 0.73010123 -0.18707256
v 0.19014998 0.21767464 -0.29242006
v 0.20969181 0.11574510 -0.14625427
v 0.18164711 0.11604342 -0.12929562
v 0.17823549 0.08508406 -0.13173817
v 0.20616496 0.08583280 -0.14732471
v 0.07448488 0.12576884 -0.17133877
v 0.07985668 0.09571537 -0.17955631
v 0.09655070 0.09499779 -0.16021535
v 0.09397469 0.12485080 -0.15230285
v 0.08621947 0.06478689 -0.18603089
v 0.08998314 0.03477380 -0.19152972
v 0.10136513 0.03212348 -0.17083956
v 0.10000333 0.06279823 -0.16532838
v 0.22799747 0.14848441 -0.17965089
v 0.22706707 0.08967242 -0.21049157
v 0.22828662 0.11973748 -0.21456671
v 0.22674109 0.11671743 -0.17750908
v 0.22450133 0.08648297 -0.17604981
v 0.13021688 0.15735650 -0.30112886
v 0.07178627 0.17841399 -0.15395233
v 0.07207850 0.15431282 -0.16219746
v 0.06776108 0.09601679 -0.22702529
v 0.05670581 0.12800124 -0.22090004
v 0.06219559 0.12850615 -0.25020403
v 0.07407326 0.09658983 -0.25415358
v 0.17043379 0.10016009 -0.28865993
v 0.16575652 0.12841016 -0.29309663
v 0.19254963 0.12794527 -0.27670759
v 0.19506235 0.09841105 -0.27123719
v 0.21428888 0.12463803 -0.24926095
v 0.21415471 0.09475865 -0.24347906
v 0.22280052 0.03150550 -0.20237131
v 0.22492589 0.06035969 -0.20637254
v 0.22117527 0.05723808 -0.17390776
v 0.21658990 0.02780459 -0.17182535
v 0.21312186 0.03678479 -0.23420715
v 0.21356252 0.06596318 -0.23863213
v 0.19995804 0.04191688 -0.26089352
v 0.19762415 0.07040927 -0.26616868
v 0.17909117 0.04454390 -0.27715257
v 0.17502606 0.07242206 -0.28352454
v 0.15608972 0.04510840 -0.28549364
v 0.14958683 0.07214376 -0.29101735
v 0.12416805 0.07087567 -0.28812218
v 0.13300526 0.04399541 -0.28400081
v 0.11263683 0.04258450 -0.27330464
v 0.10207175 0.06955125 -0.27493879
v 0.08697046 0.03789077 -0.23596363
v 0.07824537 0.06611428 -0.23162137
v 0.08547592 0.06760207 -0.25560531
v 0.09564953 0.04020103 -0.25717840
v 0.12133864 -0.06939027 -0.25458959
v 0.10992435 -0.04183080 -0.25058722
v 0.12533863 -0.03805109 -0.26184464
v 0.13614783 -0.06499509 -0.26332286
v 0.15024956 -0.06171533 -0.27274892
v 0.14078793 -0.03518108 -0.27017060
v 0.15773717 -0.03297243 -0.27442631
v 0.16768266 -0.05891481 -0.27551815
v 0.19327730 -0.03389958 -0.26135153
v 0.20163143 -0.06057641 -0.26140821
v 0.18516906 -0.05841402 -0.27211341
v 0.17555690 -0.03224650 -0.27168477
v 0.21264067 -0.03709539 -0.24880457
v 0.21860896 -0.06339393 -0.24523221
v 0.21995470 -0.04258814 -0.22419083
v 0.22115654 -0.06922690 -0.21948448
v 0.21511269 -0.04866913 -0.19306912
v 0.21761355 -0.07496349 -0.19026983
v 0.10487206 -0.05410931 -0.19559658
v 0.09741987 -0.05067709 -0.21476656
v 0.10491803 -0.07808658 -0.22418806
v 0.10940450 -0.08194795 -0.20469548
v 0.14006571 -0.05717215 -0.16470397
v 0.14157026 -0.08439127 -0.17481397
v 0.16176136 -0.08299925 -0.15570602
v 0.16231796 -0.05606762 -0.14685363
v 0.22013366 0.00411192 -0.19923379
v 0.21392635 0.01001933 -0.23011583
v 0.20273982 0.01487574 -0.25578630
v 0.18273589 0.01782515 -0.27027115
v 0.09438273 0.01111737 -0.24066900
v 0.10570036 0.01401094 -0.25890815
v 0.10235322 0.00230125 -0.17773640
v 0.09223205 0.00543616 -0.19751118
v 0.19164966 -0.02858534 -0.14558011
v 0.20985435 -0.02690377 -0.16636105
v 0.21186316 0.00003914 -0.16927552
v 0.19331823 -0.00175002 -0.14709419
v 0.21706875 -0.01680592 -0.22712964
v 0.20655966 -0.01113382 -0.25198549
v 0.18700792 -0.00801500 -0.26449832
v 0.14960904 -0.00745752 -0.27586967
v 0.16828497 -0.00668415 -0.27462322
v 0.13221489 -0.00936332 -0.27011183
v 0.10179588 -0.01507636 -0.24569461
v 0.11543077 -0.01174971 -0.26042157
v 0.10359231 -0.02645459 -0.18670635
v 0.09440166 -0.02292565 -0.20542255
v 0.18896006 -0.08084943 -0.15136710
v 0.21071458 -0.07831267 -0.16551605
v 0.21132037 -0.05229548 -0.16432182
v 0.19069894 -0.05511763 -0.14571987
v 0.18693566 -0.10414807 -0.16195498
v 0.16526462 -0.10598359 -0.16779611
v 0.17892151 -0.08657607 -0.27787992
v 0.16170864 -0.08857843 -0.27616239
v 0.19586697 -0.08635619 -0.27336365
v 0.22526844 -0.09702315 -0.21456720
v 0.22443441 -0.09078804 -0.24253008
v 0.21780495 -0.10242972 -0.18750033
v 0.20659845 -0.10185102 -0.16915633
v 0.12764569 -0.13406184 -0.23693545
v 0.12964174 -0.13689360 -0.21883617
v 0.11936781 -0.10848966 -0.21331625
v 0.11779957 -0.10488548 -0.23099387
v 0.14113930 -0.12746379 -0.26761010
v 0.13440643 -0.09656951 -0.25646660
v 0.14623007 -0.09270378 -0.26856503
v 0.15403986 -0.12262169 -0.27992070
v 0.19034660 -0.11657962 -0.28520539
v 0.17159349 -0.11878272 -0.28564009
v 0.20856763 -0.11514989 -0.27902344
v 0.23191968 -0.12026998 -0.24004138
v 0.22475387 -0.11569359 -0.26433772
v 0.21284562 -0.08729730 -0.26214713
v 0.23216534 -0.12566599 -0.20852096
v 0.21877769 -0.16462919 -0.18563658
v 0.23915863 -0.15670583 -0.20611334
v 0.21425472 -0.13345787 -0.18343882
v 0.20434022 -0.26811364 -0.19191058
v 0.20796269 -0.30374566 -0.19646904
v 0.22931255 -0.29885849 -0.19755360
v 0.22882088 -0.26322237 -0.19266602
v 0.13167332 -0.16604719 -0.24305405
v 0.13526164 -0.16709831 -0.22308187
v 0.16116437 -0.15493533 -0.28926322
v 0.14524753 -0.16000262 -0.27742305
v 0.25110567 -0.18209878 -0.24017923
v 0.24466823 -0.17860016 -0.26844093
v 0.23668116 -0.14627412 -0.26553783
v 0.24330603 -0.15043220 -0.23863119
v 0.14398097 -0.26851478 -0.23279217
v 0.13704327 -0.23492947 -0.23004211
v 0.13538612 -0.23390183 -0.25260198
v 0.14241698 -0.26780638 -0.25352192
v 0.16436134 -0.18890437 -0.29620215
v 0.16942319 -0.22334412 -0.29902527
v 0.15225904 -0.22798142 -0.28744748
v 0.14784636 -0.19398341 -0.28379649
v 0.25482681 -0.25308415 -0.24132921
v 0.25061974 -0.25126490 -0.26714319
v 0.24936707 -0.21339163 -0.26893404
v 0.25475913 -0.21618852 -0.24117044
v 0.22404501 -0.19565102 -0.18666521
v 0.22798969 -0.22877118 -0.18941702
v 0.24801601 -0.22167495 -0.21038349
v 0.24510229 -0.18832228 -0.20803817
v 0.19772324 -0.20062342 -0.18541119
v 0.20153509 -0.23323765 -0.18812947
v 0.16699322 -0.33952162 -0.25124413
v 0.16770649 -0.34271631 -0.23505135
v 0.15609504 -0.30474803 -0.23403978
v 0.15516312 -0.30256054 -0.25237855
v 0.17715473 -0.25908580 -0.29654613
v 0.18518670 -0.29601875 -0.29002610
v 0.17017175 -0.29880115 -0.28060928
v 0.15971333 -0.26293436 -0.28631046
v 0.25290853 -0.33224097 -0.24108751
v 0.24853168 -0.33125517 -0.26130760
v 0.25001824 -0.29099187 -0.26428512
v 0.25401047 -0.29194859 -0.24133113
v 0.23043309 -0.33765152 -0.20304267
v 0.24785268 -0.33416262 -0.21797402
v 0.24892326 -0.29445162 -0.21497798
v 0.21136543 -0.34188238 -0.20136635
v 0.21527725 -0.37949142 -0.20356648
v 0.23113781 -0.37594405 -0.20509861
v 0.17629559 -0.37596253 -0.24987154
v 0.17853682 -0.37815306 -0.23489881
v 0.18456167 -0.37293985 -0.27182022
v 0.17882289 -0.33623007 -0.27563348
v 0.19158565 -0.33359155 -0.28449738
v 0.19592135 -0.37023130 -0.28048798
v 0.22543548 -0.33272895 -0.28513959
v 0.22705275 -0.36949715 -0.27979288
v 0.21135865 -0.36888835 -0.28333703
v 0.20814110 -0.33235982 -0.28787693
v 0.24657872 -0.36831304 -0.25827441
v 0.23795609 -0.36869928 -0.27109164
v 0.23913255 -0.33144096 -0.27597123
v 0.25124571 -0.36865249 -0.23926729
v 0.24648330 -0.37166044 -0.21773921
v 0.03612678 0.21503237 -0.20711109
v 0.03664074 0.21092561 -0.22290173
v 0.04431861 0.20223853 -0.19322141
v 0.04631126 0.20937222 -0.18000387
v 0.12026185 0.09028348 -0.14190435
v 0.11980546 0.12182108 -0.13647506
v 0.11958282 0.02840779 -0.15225138
v 0.12086774 0.05887213 -0.14654881
v 0.11965738 -0.00120154 -0.15985736
v 0.11966999 -0.05742630 -0.18014333
v 0.11968265 -0.02973571 -0.17002785
v 0.12314539 -0.08489457 -0.18938430
v 0.13129641 -0.11143932 -0.19650927
v 0.14079922 -0.13914850 -0.20140307
v 0.15035623 -0.19980416 -0.20736456
v 0.14823444 -0.16796604 -0.20547049
v 0.13585138 -0.20068684 -0.22686304
v 0.15784901 -0.26894113 -0.21212147
v 0.15211914 -0.23373184 -0.20928620
v 0.17739263 -0.34471598 -0.21938762
v 0.16698256 -0.30658105 -0.21581650
v 0.18824869 -0.37999287 -0.22073625
v 0.15125813 0.23503846 -0.11938207
v 0.15028206 0.25605375 -0.11840443
v 0.12451650 0.24114770 -0.11339076
v 0.12307853 0.22501191 -0.11852821
v 0.05602133 0.21704036 -0.14270538
v 0.05557110 0.21684813 -0.14898849
v 0.06507821 0.21823120 -0.13529456
v 0.06392568 0.21869916 -0.12953277
v 0.21676823 -0.02231618 -0.19594672
v 0.16238721 0.01870831 -0.27947119
v 0.12284067 0.01643177 -0.27143869
v 0.14162339 0.01786963 -0.27933866
v 0.13915086 -0.03149679 -0.15125683
v 0.16492873 -0.03004679 -0.14189035
v 0.16767232 -0.00318017 -0.13839585
v 0.14241350 -0.00318321 -0.14542255
v 0.19372049 -0.17167476 -0.18260781
v 0.16898054 -0.17024860 -0.19200276
v 0.17338617 -0.20072058 -0.19567885
v 0.19074596 -0.14550039 -0.17770417
v 0.22096431 -0.14522901 -0.28451347
v 0.20151487 -0.14691135 -0.29374292
v 0.18655428 -0.18351218 -0.30194032
v 0.18091798 -0.15036532 -0.29457301
v 0.20902103 -0.17964175 -0.30060706
v 0.14614309 0.05482807 -0.13448930
v 0.14376785 0.02564123 -0.13945875
v 0.17095277 0.02526524 -0.13715917
v 0.17433403 0.05471000 -0.13414139
v 0.12096679 0.54598022 -0.33820638
v 0.14245225 0.54239774 -0.32894796
v 0.21886052 0.67515314 -0.24224992
v 0.21325517 0.67298770 -0.22628409
v 0.21079463 0.65662050 -0.23236300
v 0.21593660 0.65815032 -0.25328475
v 0.21866834 0.66405988 -0.27165958
v 0.22256447 0.68007267 -0.25818571
v 0.21864016 0.67287111 -0.28795075
v 0.22354855 0.68794835 -0.27417552
v 0.21192324 0.70910764 -0.33738723
v 0.21074563 0.71266079 -0.34550098
v 0.13326029 0.66342354 -0.13258415
v 0.13349804 0.63987803 -0.12093614
v 0.15511663 0.63748801 -0.13498560
v 0.14185123 0.44383332 -0.10895133
v 0.13700877 0.34703150 -0.12110175
v 0.11943510 0.34332484 -0.10753736
v 0.11357500 0.31331581 -0.10072711
v 0.07791384 0.24503481 -0.09452637
v 0.06432521 0.23224920 -0.10367355
v 0.05638150 0.22019044 -0.12465719
v 0.05087311 0.21710682 -0.14025377
v 0.05407265 0.60285437 -0.35729924
v 0.05342253 0.62442386 -0.36629596
v 0.01752550 0.80216837 -0.38354126
v 0.03174073 0.79986584 -0.39834121
v 0.03754344 0.82820606 -0.39990130
v 0.02288752 0.82984245 -0.38546863
v 0.02572841 0.84257650 -0.38561577
v 0.04022097 0.84140718 -0.39938119
v 0.04873161 0.90495563 -0.37633023
v 0.04360521 0.89217007 -0.38062251
v 0.04690474 0.21808839 -0.16482821
v 0.04350338 0.21751130 -0.17614064
v 0.05313243 0.21631405 -0.15666017
v 0.09462778 0.19980308 -0.13214538
v 0.09712458 0.21555060 -0.12538022
v 0.07581837 0.20949137 -0.13851920
v 0.07332759 0.19665614 -0.14620753
v 0.21306042 0.25030366 -0.25872961
v 0.22364186 0.24825931 -0.21922313
v 0.09071974 0.20711154 -0.30705541
v 0.20792365 0.57935858 -0.41751853
v 0.19790263 0.60065210 -0.41558039
v 0.20197532 0.59936941 -0.42973632
v 0.21350594 0.57837439 -0.43040901
v 0.04528625 0.69176757 -0.39471057
v 0.05643702 0.66596806 -0.38792390
v 0.14461689 0.88369048 -0.34787714
v 0.20973617 0.84715772 -0.40692818
v 0.19455594 0.85579348 -0.40275839
v 0.20954476 0.84845614 -0.37859428
v 0.22179417 0.84183204 -0.38153484
v 0.14530422 0.79145014 -0.45024091
v 0.12868690 0.79549444 -0.44710860
v 0.14162248 0.81343734 -0.44502011
v 0.15820803 0.80787098 -0.44758543
v 0.04566459 0.35149878 -0.35536921
v 0.01878809 0.35379973 -0.34569833
v 0.04197735 0.54381108 -0.32520828
v 0.03907423 0.56607342 -0.33224407
v 0.05766140 0.56001008 -0.34017453
v 0.06160211 0.53902459 -0.33342645
v 0.07532473 0.67225111 -0.40199420
v 0.09493642 0.65596211 -0.39768073
v 0.14651661 0.74030185 -0.16599116
v 0.16420701 0.74371850 -0.17447208
v 0.16157278 0.76027191 -0.18555269
v 0.14448245 0.75944233 -0.17668498
v 0.20652394 0.63416684 -0.45151430
v 0.19772716 0.62341297 -0.44140145
v 0.18579079 0.64310396 -0.43674698
v 0.18971546 0.65003908 -0.44508848
v 0.15357451 0.23391166 -0.31645933
v 0.18855049 0.25085133 -0.29715043
v 0.16268091 0.57053590 -0.32894850
v 0.16193092 0.55474150 -0.32090965
v 0.13997905 0.55814970 -0.33600706
v 0.14044243 0.57379270 -0.34474787
v 0.17051589 0.61346376 -0.35121569
v 0.16733119 0.60070896 -0.34410915
v 0.17269155 0.62632620 -0.35867539
v 0.17908682 0.69395292 -0.41003287
v 0.17939672 0.69231451 -0.40612784
v 0.17368320 0.69261420 -0.41488883
v 0.12123971 0.20410779 -0.12338482
v 0.12182893 0.26557711 -0.10488198
v 0.11516920 0.27723873 -0.09927566
v 0.04904477 0.21818009 -0.15609486
v 0.04687317 0.21735805 -0.15318552
v 0.13141638 0.91382933 -0.31087723
v 0.12890457 0.91432655 -0.32976004
v 0.18658200 0.66181934 -0.39460677
v 0.18899179 0.67844272 -0.39292407
v 0.18665767 0.68078935 -0.38192138
v 0.18608597 0.68526065 -0.38792774
v 0.19342089 0.69162178 -0.37337700
v 0.19430828 0.68737447 -0.36638337
v 0.17841262 0.67784345 -0.39487758
v 0.17801687 0.68205321 -0.40004399
v 0.22608265 0.77939665 -0.30440834
v 0.22255377 0.79229140 -0.32011560
v 0.21481618 0.80108440 -0.31413120
v 0.21877229 0.78827190 -0.29707861
v 0.20969903 0.79592466 -0.28648847
v 0.20595366 0.80879521 -0.30472130
v 0.19539699 0.81671798 -0.29240853
v 0.19879517 0.80304241 -0.27385151
v 0.15409485 0.86990345 -0.32465994
v 0.14679092 0.86938488 -0.29907241
v 0.13323300 0.86967850 -0.27726594
v 0.11981262 0.87096846 -0.26075709
v 0.03880691 0.87954223 -0.38386211
v 0.05853807 0.87817287 -0.39629686
v 0.04857582 0.86565578 -0.39717278
v 0.03312899 0.86699986 -0.38498303
v 0.01780265 0.86901820 -0.37355646
v 0.02220993 0.88149261 -0.37279698
v 0.12819146 0.90017188 -0.29702348
v 0.12042195 0.89990091 -0.28002077
v 0.11254047 0.88946235 -0.26704180
v 0.28526083 0.61861551 -0.39035249
v 0.27838963 0.64256215 -0.39232787
v 0.11290476 0.92002714 -0.36367786
v 0.12348655 0.91738403 -0.34789714
v 0.28793773 0.61671996 -0.40943697
v 0.28121272 0.64069080 -0.41249758
v 0.20151757 0.83833480 -0.34807613
v 0.21410072 0.83369482 -0.35520896
v 0.19595985 0.85357249 -0.37315270
v 0.12803972 0.91291213 -0.29193583
v 0.12054490 0.91220462 -0.27542245
v 0.21420218 0.28253856 -0.25161844
v 0.22033605 0.27860537 -0.21565838
v 0.19480559 0.53504133 -0.26957369
v 0.20059708 0.53337228 -0.24268940
v 0.10851105 0.59259164 -0.09271906
v 0.10676491 0.56894982 -0.08670036
v 0.12674077 0.56615174 -0.09604649
v 0.13035297 0.59098864 -0.10254636
v 0.10949580 0.66394341 -0.12156317
v 0.10985072 0.64094222 -0.11034819
v 0.10038933 0.92292035 -0.25264156
v 0.13887067 0.51494718 -0.09957197
v 0.14166605 0.53987694 -0.10395743
v 0.12248245 0.54063380 -0.09128818
v 0.11888528 0.51319504 -0.08764216
v 0.10841189 0.48673064 -0.08246021
v 0.10550679 0.47431019 -0.08096969
v 0.09515630 0.29463246 -0.08770330
v 0.08647770 0.29588053 -0.08282625
v 0.24999776 0.70436811 -0.36018005
v 0.25965306 0.70977592 -0.37711313
v 0.25796184 0.72939110 -0.37743828
v 0.24869525 0.72212958 -0.36093092
v 0.16550584 0.51362801 -0.13749576
v 0.15373896 0.51519227 -0.11606763
v 0.22398961 0.71501029 -0.31750596
v 0.21251951 0.70313799 -0.33020231
v 0.13217892 0.68713021 -0.14470980
v 0.17926407 0.74462199 -0.18433705
v 0.17704795 0.75910342 -0.19551995
v 0.19156553 0.74338424 -0.19548534
v 0.19081667 0.75645816 -0.20606920
v 0.04291714 0.21913642 -0.16583145
v 0.04444281 0.22092170 -0.16784102
v 0.21626832 0.70407844 -0.46080050
v 0.20950855 0.69754565 -0.46132007
v 0.20040807 0.70707512 -0.46211651
v 0.20803210 0.71404207 -0.46237049
v 0.05540250 0.18071148 -0.17705455
v 0.05725921 0.19728482 -0.16768214
v 0.03543051 0.22224259 -0.24588032
v 0.02872414 0.22189265 -0.22505696
v 0.02212095 0.23180094 -0.23293164
v 0.01751993 0.23648703 -0.24437886
v 0.15118477 0.14913285 -0.12424475
v 0.15197304 0.18134326 -0.12175017
v 0.14961500 0.11730716 -0.12744358
v 0.14805628 0.08595511 -0.13082746
v 0.14841640 -0.11069247 -0.18336751
v 0.16275102 -0.13906351 -0.18515465
v 0.17643116 -0.23401567 -0.19812749
v 0.18074520 -0.26911929 -0.20104669
v 0.18685167 -0.30655107 -0.20545214
v 0.20102252 -0.38096276 -0.20986848
v 0.19384201 -0.34493354 -0.20896852
v 0.28366232 0.61133838 -0.42563555
v 0.27460635 0.60389864 -0.43839511
v 0.26488784 0.62824309 -0.44304129
v 0.27607220 0.63687909 -0.43060085
v 0.19872138 0.62959361 -0.38538137
v 0.20472251 0.60955238 -0.38757119
v 0.21236122 0.61512339 -0.37308523
v 0.20740597 0.63645113 -0.37111321
v 0.21068487 0.58782077 -0.38984951
v 0.19886068 0.60430765 -0.40141734
v 0.20743673 0.58297360 -0.40386206
v 0.22299781 0.58096194 -0.44121554
v 0.21053448 0.60150540 -0.44193602
v 0.22241971 0.60797036 -0.45019707
v 0.23539910 0.58555675 -0.44824338
v 0.26244467 0.59675491 -0.44711974
v 0.24873760 0.59050274 -0.45040390
v 0.23764163 0.61338842 -0.45357886
v 0.25212416 0.61970460 -0.45066503
v 0.23849583 0.60371327 -0.35436061
v 0.23361368 0.62689292 -0.35233155
v 0.22160259 0.62087953 -0.36017588
v 0.22653261 0.59835732 -0.36252898
v 0.26552355 0.71205127 -0.39730117
v 0.26391727 0.73290896 -0.39791247
v 0.21939549 0.72647977 -0.34531668
v 0.21616906 0.72428811 -0.35262004
v 0.22819366 0.73003161 -0.34266499
v 0.23076876 0.73791707 -0.33983812
v 0.26504970 0.66658533 -0.37477681
v 0.27190784 0.66648471 -0.39474878
v 0.26735601 0.69007611 -0.39545217
v 0.26132604 0.68909407 -0.37543103
v 0.22865981 0.64974427 -0.35073385
v 0.22415631 0.67218614 -0.34794465
v 0.21255626 0.66478550 -0.35582453
v 0.21697520 0.64307272 -0.35814521
v 0.18160526 0.64009643 -0.42372832
v 0.19082443 0.62011504 -0.42791751
v 0.23678811 0.71401286 -0.34832364
v 0.23697293 0.69774616 -0.34840658
v 0.22303462 0.70931184 -0.30992448
v 0.19508949 0.68183386 -0.36109909
v 0.19624351 0.67546439 -0.35585690
v 0.21848504 0.68731248 -0.22389881
v 0.22294024 0.70025647 -0.22646268
v 0.20959833 0.66933274 -0.32042280
v 0.21183737 0.65855372 -0.30672166
v 0.22453484 0.69849813 -0.23508315
v 0.22230157 0.68904781 -0.23638792
v 0.18652882 0.62672913 -0.17100385
v 0.11465973 0.87970722 -0.26557723
v 0.23825659 0.67944086 -0.34919223
v 0.25177601 0.68507361 -0.35912722
v 0.17994294 0.66358757 -0.43980747
v 0.17680512 0.65995669 -0.43062487
v 0.17269044 0.67365205 -0.42536712
v 0.17362003 0.67569792 -0.43438897
v 0.10732552 0.68430471 -0.41866261
v 0.12072167 0.67287254 -0.41323519
v 0.10798678 0.66464591 -0.40608475
v 0.09198728 0.67775822 -0.41185820
v 0.23256959 0.71160734 -0.45447007
v 0.22634055 0.72532225 -0.45607081
v 0.23775995 0.72871971 -0.44846573
v 0.24329454 0.71194768 -0.44694087
v 0.25035322 0.73174250 -0.43660378
v 0.26176611 0.73310673 -0.41958967
v 0.26432973 0.71216893 -0.41774815
v 0.25484443 0.71211791 -0.43489042
v 0.19949198 0.31729072 -0.27295163
v 0.18020125 0.31966430 -0.29785815
v 0.18112089 0.45278803 -0.17005028
v 0.19161054 0.45712695 -0.19375141
v 0.15730116 0.35798240 -0.14081377
v 0.07790087 0.22166577 -0.12664112
v 0.09997956 0.23474848 -0.11137298
v 0.05663734 0.15663922 -0.18523967
v 0.21256781 0.31215134 -0.24291581
v 0.07046001 0.09602246 -0.20153239
v 0.06242632 0.12697765 -0.19395322
v 0.09156278 0.09756902 -0.27697441
v 0.08056441 0.12891534 -0.27640465
v 0.10694531 0.12793660 -0.29270923
v 0.11534508 0.09844533 -0.29130363
v 0.13658395 0.12815297 -0.29860061
v 0.14284441 0.09959062 -0.29556498
v 0.19714823 0.02652916 -0.14869034
v 0.19146131 -0.21904281 -0.30458033
v 0.21848634 -0.25356528 -0.29768649
v 0.19753636 -0.25612858 -0.30086201
v 0.21417953 -0.21528825 -0.30215827
v 0.22945109 -0.17779365 -0.28893656
v 0.23473838 -0.21318111 -0.28954422
v 0.24881308 -0.25693485 -0.21184990
v 0.20362404 -0.29388818 -0.29391947
v 0.22250132 -0.29298720 -0.29080695
v 0.23729302 -0.25138918 -0.28641373
v 0.23909335 -0.29127750 -0.28128672
v 0.05952371 0.20727897 -0.15786424
v 0.01247790 0.24055499 -0.25932279
v 0.21373679 0.27699035 -0.17862231
v 0.21905239 0.24804792 -0.17963332
v 0.14729784 0.27332509 -0.11748323
v 0.16958468 0.28914791 -0.13316394
v 0.19127330 0.53025055 -0.19071588
v 0.17981775 0.53206360 -0.16728276
v 0.19714125 0.57310927 -0.20299174
v 0.19415992 0.55081213 -0.19695146
v 0.20037203 0.55120802 -0.22208025
v 0.20227519 0.57189631 -0.22825451
v 0.19510657 0.56948566 -0.28208393
v 0.19390626 0.55204332 -0.27537641
v 0.18053466 0.55265260 -0.30006060
v 0.18142052 0.56916296 -0.30743134
v 0.16402261 0.53897691 -0.31425875
v 0.18201162 0.53658569 -0.29390022
v 0.07570069 0.57462430 -0.35126200
v 0.07452390 0.59489310 -0.36025807
v 0.09575690 0.58719516 -0.35921517
v 0.09671672 0.56857109 -0.35037464
v 0.10545608 0.28815967 -0.09282002
v 0.06332117 0.21720517 -0.14184761
v 0.15193807 0.21054634 -0.12041880
v 0.17904814 0.24346426 -0.12838534
v 0.20397642 0.24671263 -0.14878955
v 0.19698319 0.68515432 -0.38170573
v 0.14646217 0.68667483 -0.42432877
v 0.14145821 0.69567597 -0.43020597
v 0.26763877 0.69042575 -0.41728243
v 0.25936764 0.69136167 -0.43548879
v 0.22269693 0.69182730 -0.34535900
v 0.25682196 0.74651563 -0.37780854
v 0.24764504 0.75330055 -0.35981250
v 0.24809784 0.73800087 -0.36086729
v 0.18143351 0.34466550 -0.15929946
v 0.18628734 0.32182717 -0.15588543
v 0.20421027 0.32877097 -0.18035421
v 0.03187026 0.22108409 -0.20868929
v 0.02848873 0.22752926 -0.21698776
v 0.12488139 0.25396666 -0.10894160
v 0.08478042 0.03612546 -0.21307287
v 0.07847889 0.06530133 -0.20759049
v 0.08954899 0.00839766 -0.21903309
v 0.09411460 -0.01902648 -0.22648613
v 0.09964693 -0.04622861 -0.23443136
v 0.10970545 -0.07320871 -0.24134132
v 0.12350582 -0.10030463 -0.24553895
v 0.13208817 -0.13086703 -0.25315374
v 0.13270091 -0.19988516 -0.24891531
v 0.13535871 -0.16360602 -0.26158470
v 0.13744067 -0.19738093 -0.26779523
v 0.14106603 -0.23155442 -0.27158672
v 0.16072167 -0.30103990 -0.26803365
v 0.14825013 -0.26587537 -0.27159515
v 0.17108628 -0.33739999 -0.26432085
v 0.17866844 -0.37402800 -0.26156127
v 0.04120646 0.21981928 -0.17765902
v 0.03717569 0.22011644 -0.19321033
v 0.18647976 0.84287524 -0.33841419
v 0.20200947 0.69779289 -0.35132658
v 0.20128201 0.70124745 -0.35828793
v 0.22363822 0.70721900 -0.34497699
v 0.00714769 0.25101319 -0.27513930
v 0.00091685 0.26410839 -0.29052743
v 0.24031487 0.64086223 -0.45347729
v 0.25331259 0.65065455 -0.44859299
v 0.21096408 0.68519282 -0.35528824
v 0.20912433 0.71676970 -0.35602692
v 0.20696405 0.71824980 -0.36431578
v 0.34093019 0.45749646 -0.32333827
v 0.34216186 0.44183254 -0.30917376
v 0.34902421 0.43617404 -0.31884739
v 0.34704891 0.45135179 -0.33442986
v 0.33010268 0.46086720 -0.31502238
v 0.33148751 0.44473833 -0.30222595
v 0.27152354 0.43298191 -0.32694176
v 0.27951732 0.41575724 -0.31716290
v 0.28534240 0.42620328 -0.30855435
v 0.27882218 0.44391748 -0.31849861
v 0.32139662 0.42869228 -0.28704411
v 0.31912073 0.44476083 -0.29882073
v 0.30633733 0.44150862 -0.29929519
v 0.30965775 0.42472008 -0.28832674
v 0.27732274 0.41346213 -0.35215616
v 0.26733339 0.42952621 -0.36209241
v 0.27797449 0.42589554 -0.37347654
v 0.28842679 0.41092473 -0.36207902
v 0.25410032 0.50738633 -0.36282861
v 0.25313744 0.52180994 -0.36700854
v 0.24269028 0.51210010 -0.37265322
v 0.24492209 0.49670848 -0.36927649
v 0.33752558 0.49027285 -0.35294083
v 0.33939713 0.47380885 -0.33781353
v 0.34435833 0.46721956 -0.35035458
v 0.34048954 0.48316994 -0.36657432
v 0.29726607 0.49398586 -0.33325118
v 0.29561633 0.51142848 -0.34690654
v 0.27995682 0.50591528 -0.34818867
v 0.28168297 0.48822799 -0.33545673
v 0.33416381 0.49845207 -0.38270876
v 0.33526829 0.50645840 -0.36913297
v 0.30279884 0.45879194 -0.30996451
v 0.29974854 0.47652531 -0.32081828
v 0.28510979 0.47058740 -0.32376781
v 0.28972000 0.45257089 -0.31338093
v 0.29734036 0.38494113 -0.32850629
v 0.28752804 0.39872125 -0.34084263
v 0.29852086 0.39699915 -0.34941906
v 0.30800530 0.38374647 -0.33569250
v 0.29981577 0.41812775 -0.29226774
v 0.29480067 0.43500212 -0.30301809
v 0.29217511 0.40941826 -0.29838517
v 0.35026878 0.40602601 -0.32301304
v 0.34583065 0.41958401 -0.34076482
v 0.35030195 0.42846087 -0.33007172
v 0.35331047 0.41441283 -0.31339931
v 0.25892377 0.47024819 -0.34585303
v 0.26452053 0.45139971 -0.33623457
v 0.27309343 0.46207550 -0.32862422
v 0.26838857 0.48018852 -0.33925012
v 0.32735026 0.49508074 -0.34172943
v 0.32884288 0.47791794 -0.32794759
v 0.34031293 0.43343198 -0.35836250
v 0.33344039 0.44797233 -0.37543204
v 0.34133250 0.45833603 -0.36321619
v 0.34635764 0.44319877 -0.34668404
v 0.31049678 0.45333034 -0.39805275
v 0.32063529 0.43879113 -0.38300386
v 0.30565336 0.43217030 -0.38414255
v 0.29483777 0.44683006 -0.39802766
v 0.24850854 0.47786304 -0.36392477
v 0.25551611 0.48929879 -0.35515818
v 0.25759512 0.44729671 -0.37094840
v 0.24848948 0.46601751 -0.37805903
v 0.25643459 0.45951974 -0.39245781
v 0.26737103 0.44229838 -0.38374773
v 0.30826682 0.54244494 -0.37197122
v 0.31074792 0.53057921 -0.36234462
v 0.32394332 0.52811563 -0.37149850
v 0.31967688 0.54008472 -0.38327637
v 0.33027354 0.52155280 -0.38503018
v 0.32313418 0.53397810 -0.39816746
v 0.30245402 0.54571557 -0.42400789
v 0.30862531 0.53660083 -0.41987380
v 0.29629609 0.53110969 -0.42974311
v 0.29107881 0.54045331 -0.43335339
v 0.28694448 0.48036867 -0.42728075
v 0.29924032 0.46695441 -0.41352731
v 0.28285536 0.46140456 -0.41078502
v 0.26989219 0.47652858 -0.42194834
v 0.24615502 0.49004993 -0.41676256
v 0.25668156 0.47522351 -0.41194823
v 0.24613145 0.47658131 -0.39822915
v 0.23799652 0.49185252 -0.40100935
v 0.22129320 0.54403591 -0.41154811
v 0.22565687 0.52864552 -0.41433588
v 0.22402409 0.53241289 -0.39838493
v 0.22108318 0.54771352 -0.39684978
v 0.23634933 0.54677188 -0.37175888
v 0.24760820 0.55279613 -0.36473659
v 0.24567442 0.56548417 -0.36129865
v 0.23417822 0.55994999 -0.36922202
v 0.29703984 0.57653463 -0.38746694
v 0.29963616 0.56682038 -0.38449159
v 0.30606619 0.56509316 -0.40002376
v 0.30161527 0.57522607 -0.40441519
v 0.27566150 0.49222761 -0.43703309
v 0.25686267 0.49153942 -0.43063131
v 0.23837449 0.53574610 -0.37321061
v 0.24028756 0.52484715 -0.37394974
v 0.25077525 0.53372252 -0.36818668
v 0.24905071 0.54315305 -0.36693627
v 0.27409419 0.55371475 -0.36847094
v 0.27580976 0.54485059 -0.36924097
v 0.28971741 0.54943705 -0.37137350
v 0.28792292 0.55725694 -0.37294275
v 0.30173072 0.55938339 -0.38146988
v 0.30457279 0.55181098 -0.37815648
v 0.31446052 0.54962111 -0.39087310
v 0.31012282 0.55745339 -0.39582223
v 0.26927441 0.50192130 -0.44263071
v 0.26269495 0.51091909 -0.44452634
v 0.27445778 0.51821101 -0.44334143
v 0.28173095 0.50984275 -0.44143918
v 0.23204574 0.50580001 -0.40173778
v 0.23785010 0.50342059 -0.41754052
v 0.27776572 0.53465188 -0.36725083
v 0.26309550 0.54024851 -0.36732212
v 0.26502812 0.52898014 -0.36615244
v 0.31618354 0.54381800 -0.40616074
v 0.22502494 0.54209554 -0.42404458
v 0.21777621 0.55803990 -0.42056426
v 0.22390249 0.55813217 -0.43207797
v 0.23172545 0.54232991 -0.43440804
v 0.21607475 0.56029618 -0.40706944
v 0.21732676 0.56469035 -0.39321253
v 0.24301960 0.58209431 -0.35746208
v 0.23110782 0.57664251 -0.36555791
v 0.25673991 0.58703399 -0.35575083
v 0.25956377 0.57013500 -0.36003640
v 0.27323475 0.57381415 -0.36370477
v 0.27028036 0.59170926 -0.36034146
v 0.29161191 0.59566104 -0.38864458
v 0.29483655 0.59370029 -0.40683383
v 0.29771313 0.57045114 -0.41876274
v 0.29084459 0.58797681 -0.42166254
v 0.22822241 0.53927004 -0.38322142
v 0.23029892 0.52690530 -0.38458040
v 0.32924569 0.42426899 -0.36693740
v 0.33664343 0.41077003 -0.34955296
v 0.32394654 0.40430710 -0.35349706
v 0.31533560 0.41792956 -0.36938298
v 0.31099471 0.39934263 -0.35363320
v 0.31979132 0.38653144 -0.33842772
v 0.31508756 0.47894076 -0.32196513
v 0.31695107 0.46155789 -0.31014165
v 0.33331189 0.42981091 -0.28892136
v 0.29234612 0.53963625 -0.36769682
v 0.29426077 0.52762938 -0.35968646
v 0.28017867 0.53411746 -0.44065878
v 0.27465615 0.54341185 -0.44308704
v 0.28596550 0.54941750 -0.43627909
v 0.29216161 0.50210893 -0.43533477
v 0.30211547 0.51785994 -0.42579091
v 0.31566197 0.50359380 -0.41110066
v 0.30395713 0.49110410 -0.42355785
v 0.25597206 0.52111220 -0.44408187
v 0.24928181 0.53218412 -0.44286352
v 0.26187015 0.53755188 -0.44504371
v 0.26830095 0.52734470 -0.44424954
v 0.28641358 0.57586312 -0.37247708
v 0.28695923 0.56531394 -0.37272963
v 0.27178302 0.57510161 -0.44321111
v 0.28258738 0.58035398 -0.43407950
v 0.28986514 0.56487012 -0.42999232
v 0.27988780 0.56014681 -0.43912360
v 0.29638681 0.55470061 -0.42708901
v 0.25888842 0.57001209 -0.44807491
v 0.26776457 0.55477309 -0.44542581
v 0.28259581 0.59503365 -0.37182379
v 0.24197851 0.54537296 -0.44238779
v 0.23344903 0.56096721 -0.44159698
v 0.24586631 0.56515801 -0.44713953
v 0.25462627 0.54983068 -0.44594517
v 0.30160201 0.41312268 -0.36787266
v 0.29138470 0.42764899 -0.38087615
v 0.23633058 0.50015473 -0.38469312
v 0.24059735 0.48407206 -0.38243559
v 0.23319922 0.51424575 -0.38554564
v 0.27058190 0.42147291 -0.33925661
v 0.28022835 0.40519497 -0.32921615
v 0.25421393 0.45800862 -0.35677907
v 0.26179406 0.43915090 -0.34814611
v 0.32493612 0.46277151 -0.39188913
v 0.23739789 0.51555026 -0.42838034
v 0.24481602 0.50418496 -0.42982087
v 0.23064393 0.51531708 -0.41674092
v 0.22260176 0.57079601 -0.37850234
v 0.22560316 0.55344844 -0.38165429
v 0.25835097 0.49999931 -0.43944266
v 0.21721904 0.59311652 -0.37556347
v 0.31576315 0.52596629 -0.41249260
v 0.30404055 0.56023145 -0.41496995
v 0.30996713 0.55204439 -0.41098920
v 0.35120571 0.42179036 -0.30335936
v 0.31329596 0.49626470 -0.33496454
v 0.27908343 0.52216613 -0.35984457
v 0.26572004 0.51546204 -0.36042643
v 0.23106295 0.52752256 -0.42671886
v 0.23859927 0.52841675 -0.43606198
v 0.24534556 0.51726043 -0.43767926
v 0.26087707 0.55812490 -0.36308455
v 0.27378970 0.56236243 -0.36623886
v 0.28995919 0.39062664 -0.31826153
v 0.26146308 0.54921913 -0.36561769
v 0.32560170 0.51303732 -0.39858428
v 0.02030354 0.81638420 -0.38472816
v 0.00370825 0.80535924 -0.37181777
v 0.00607859 0.81919491 -0.37289831
v 0.21275535 0.64750671 -0.29117784
v 0.20405586 0.63865280 -0.21519233
v 0.20958953 0.63623857 -0.23876585
v 0.20309116 0.69228852 -0.34528580
v 0.20467530 0.68551826 -0.33868942
v 0.19938023 0.70982611 -0.37608898
v 0.19999193 0.70715082 -0.36842564
v 0.21689321 0.68144751 -0.30246463
v 0.14509518 1.08274364 -0.34755221
v 0.14320977 1.07514286 -0.35026443
v 0.14673789 1.09707510 -0.34802845
v 0.10791883 0.50052488 -0.08327277
v 0.09283768 0.47330233 -0.07860713
v 0.09119044 0.45934126 -0.07726811
v 0.15116270 1.06534827 -0.33093575
v 0.14811395 1.05914330 -0.33578897
v 0.15304120 1.06246471 -0.33283177
v 0.15146422 1.06739688 -0.32911614
v 0.15102622 1.06635630 -0.32925764
v 0.14924741 1.10035706 -0.33770588
v 0.14205416 1.06620944 -0.35019258
v 0.14081854 1.05642772 -0.34783199
v 0.14965221 1.08650041 -0.33212674
v 0.05057101 0.47235677 -0.31941685
v 0.05281134 0.45353177 -0.32378852
v 0.02859709 0.45441833 -0.31630039
v 0.02820167 0.47290269 -0.31019476
v 0.00051539 0.44127598 -0.31383848
v 0.00259267 0.45752850 -0.30625346
v 0.02845172 0.43656400 -0.32485229
v 0.14307454 0.39938721 -0.33124134
v 0.14147899 0.42121056 -0.32794613
v 0.16275330 0.42342034 -0.31250623
v 0.16589822 0.40184498 -0.31388959
v 0.17697981 0.44117543 -0.29171917
v 0.18113744 0.42414385 -0.29131955
v 0.15852936 0.44174960 -0.31101173
v 0.19074115 0.43877491 -0.26686978
v 0.19480310 0.42086223 -0.26586649
v 0.19754510 0.43385670 -0.24016505
v 0.20205201 0.41466609 -0.23925516
v 0.20168029 0.40717152 -0.21281886
v 0.19246595 0.39970145 -0.18736830
v 0.17829193 0.36837664 -0.16282082
v 0.17697008 0.39142331 -0.16432598
v 0.15906343 0.38364193 -0.14388213
v 0.14086042 0.37694415 -0.12524405
v 0.12393005 0.37285951 -0.11106208
v 0.10852247 0.37008685 -0.09998461
v 0.09386942 0.36890897 -0.09166142
v 0.07968134 0.36778066 -0.08595313
v 0.07807061 0.34066764 -0.08531788
v 0.19066378 0.82929516 -0.31405702
v 0.11555927 0.87865567 -0.41069752
v 0.14471227 0.87520969 -0.40526596
v 0.12349585 0.86899912 -0.41779044
v 0.10860622 0.79826605 -0.44251388
v 0.08637671 0.79924774 -0.43554258
v 0.09512565 0.81675804 -0.43658271
v 0.12087584 0.81728840 -0.44213268
v 0.09698865 0.87045586 -0.41470787
v 0.09345827 0.87668765 -0.40928355
v 0.10026123 0.86114669 -0.42151493
v 0.07869387 0.85582435 -0.41827184
v 0.06001590 0.85366952 -0.41009113
v 0.19134073 0.84061289 -0.42767015
v 0.20731224 0.83099830 -0.43032804
v 0.18721792 0.81809306 -0.44178429
v 0.17285912 0.82532322 -0.43986261
v 0.13506068 0.77592766 -0.45019063
v 0.14922614 0.77217758 -0.45347396
v 0.14145598 0.75810742 -0.45156118
v 0.12731460 0.76099515 -0.44748691
v 0.24295668 0.78794301 -0.42642018
v 0.25132090 0.77013779 -0.42433611
v 0.23693204 0.76688993 -0.44104019
v 0.22709677 0.78321540 -0.44226933
v 0.15928543 0.78688288 -0.45311603
v 0.06207322 0.69094872 -0.40724060
v 0.07936881 0.69340861 -0.41665903
v 0.09559494 0.69746125 -0.42277828
v 0.13766697 0.70632994 -0.43530312
v 0.13157102 0.69179165 -0.42685649
v 0.12692876 0.70401621 -0.43195316
v 0.14695418 0.70887578 -0.43845615
v 0.15536501 0.71003473 -0.43966058
v 0.24629383 0.76868713 -0.35900918
v 0.24005301 0.75329244 -0.34309545
v 0.23894635 0.74152124 -0.34614882
v 0.16847496 0.70301616 -0.43961173
v 0.16842629 0.69921994 -0.43570808
v 0.16436788 0.70247841 -0.43285784
v 0.16320758 0.70669973 -0.43620071
v 0.17503963 0.84933674 -0.42308530
v 0.22188915 0.76001573 -0.45185181
v 0.20970343 0.75139558 -0.45829543
v 0.19867459 0.76309705 -0.45751122
v 0.21166360 0.77426755 -0.45149931
v 0.19866328 0.74366772 -0.46111628
v 0.18901946 0.73521852 -0.46212313
v 0.17846526 0.74335349 -0.46032104
v 0.18773279 0.75367773 -0.45967492
v 0.16929968 0.70704710 -0.44412717
v 0.16257191 0.71217585 -0.44020471
v 0.26184288 0.75116432 -0.39952278
v 0.23671082 0.82235587 -0.40820208
v 0.22458318 0.83629918 -0.40894166
v 0.23279561 0.83041823 -0.38217911
v 0.24091910 0.81595600 -0.38155577
v 0.19990909 0.69996679 -0.37981290
v 0.19271721 0.69264162 -0.39112517
v 0.18431218 0.68696284 -0.40241161
v 0.16878068 0.69473219 -0.42275301
v 0.17772025 0.68310511 -0.41256961
v 0.22546749 0.71952760 -0.34393039
v 0.23747820 0.72817945 -0.34803498
v 0.23153728 0.81475425 -0.35897508
v 0.23774089 0.80098796 -0.35940248
v 0.25756803 0.75183153 -0.42189744
v 0.24464266 0.74946511 -0.43904313
v 0.17691684 0.68309128 -0.44481263
v 0.17216109 0.69019639 -0.43996713
v 0.17332689 0.69409108 -0.44403341
v 0.16085097 0.68936408 -0.42355701
v 0.16556884 0.69833994 -0.42851987
v 0.22149342 0.81882632 -0.42985150
v 0.21838395 0.73866570 -0.45788419
v 0.23043974 0.74435222 -0.45120063
v 0.17609985 0.76136935 -0.45843831
v 0.16327806 0.76746750 -0.45656279
v 0.17351314 0.78136325 -0.45439848
v 0.18665032 0.77347744 -0.45553032
v 0.19089013 0.71736121 -0.46119827
v 0.19876093 0.72524571 -0.46315995
v 0.15468395 0.75420320 -0.45544162
v 0.16693005 0.74954009 -0.45815223
v 0.17544818 0.69840121 -0.44868657
v 0.22413756 0.82584822 -0.35879129
v 0.21284652 0.81561577 -0.33436695
v 0.22178957 0.80785501 -0.33900544
v 0.22899662 0.79681802 -0.34030771
v 0.23530410 0.78296173 -0.34091631
v 0.23934129 0.76674497 -0.34108350
v 0.20255576 0.82207119 -0.32566300
v 0.25187543 0.50727499 -0.43947420
v 0.17541471 0.67946327 -0.44038805
v 0.18324196 0.67557108 -0.44819060
v 0.18201850 0.66946530 -0.44495973
v 0.22494011 0.63586569 -0.45521942
v 0.09826528 1.01242912 -0.19967613
v 0.09839939 1.00643873 -0.20229256
v 0.09491751 1.03770685 -0.20003147
v 0.09563886 1.03387475 -0.19897422
v 0.28540131 0.52558172 -0.43823400
v 0.29002881 0.51786935 -0.43627101
v 0.31513357 0.47732940 -0.40783897
v 0.32656422 0.48876247 -0.39576241
v 0.33493999 0.47365877 -0.37974516
v 0.32647806 0.51217020 -0.35659558
v 0.31211743 0.51399696 -0.34893668
v 0.26633820 0.49823916 -0.35055995
v 0.26870105 0.45892778 -0.40332326
v 0.34781486 0.40007505 -0.26492527
v 0.34879079 0.38620505 -0.24995269
v 0.35798028 0.38213935 -0.25602821
v 0.35575572 0.39528134 -0.27211711
v 0.34923014 0.37325349 -0.23487779
v 0.33797315 0.38597324 -0.24817750
v 0.33821326 0.37263712 -0.23520926
v 0.32822868 0.38288105 -0.25034904
v 0.32955059 0.36913615 -0.23900256
v 0.32338181 0.36366388 -0.24447538
v 0.32055941 0.37757340 -0.25478831
v 0.31548491 0.37054929 -0.26035744
v 0.31966373 0.35662085 -0.25074115
v 0.30595654 0.37773558 -0.27756214
v 0.30469146 0.36953843 -0.28578445
v 0.31315216 0.35563660 -0.27469829
v 0.31292239 0.36293754 -0.26712367
v 0.33281937 0.33470669 -0.27622148
v 0.32459652 0.34601909 -0.28918344
v 0.33447599 0.34664190 -0.29228336
v 0.34173650 0.33492324 -0.27855608
v 0.34717998 0.36667010 -0.30386662
v 0.35492271 0.35399887 -0.28856748
v 0.34493068 0.34979177 -0.29157218
v 0.33671281 0.36197826 -0.30701759
v 0.36215794 0.34132892 -0.27525872
v 0.36096519 0.36029914 -0.28183472
v 0.36749384 0.34848917 -0.26772565
v 0.33512694 0.41531307 -0.27524328
v 0.34602168 0.41382053 -0.27982059
v 0.34389529 0.42729729 -0.29476079
v 0.31666932 0.39271477 -0.26550213
v 0.32572532 0.39798510 -0.26225978
v 0.32356298 0.41319445 -0.27452156
v 0.31311205 0.40853742 -0.27683905
v 0.28801188 0.39957663 -0.30734748
v 0.29663077 0.38431743 -0.29672176
v 0.29906008 0.39340839 -0.28820392
v 0.31025892 0.38580862 -0.27086490
v 0.30498457 0.40172520 -0.28158602
v 0.30796516 0.36254311 -0.29482302
v 0.31708163 0.34944528 -0.28272137
v 0.35903245 0.38812724 -0.28077665
v 0.36245948 0.37524989 -0.26457024
v 0.36301470 0.36752722 -0.27332970
v 0.35865316 0.38052228 -0.28920129
v 0.29926166 0.37644705 -0.30668333
v 0.35610884 0.40111229 -0.29700565
v 0.35462660 0.39314848 -0.30589229
v 0.35489914 0.37300387 -0.29762831
v 0.34918535 0.38530567 -0.31436840
v 0.36620986 0.36348706 -0.24917564
v 0.35986856 0.36955196 -0.24021238
v 0.35353157 0.40852723 -0.28781128
v 0.31554046 0.35849336 -0.30269489
v 0.30660599 0.37156299 -0.31563798
v 0.31707007 0.37107059 -0.32145336
v 0.32588002 0.35860491 -0.30703992
v 0.33177716 0.39137748 -0.33693442
v 0.33944052 0.37886980 -0.32010975
v 0.32822412 0.37411377 -0.32264829
v 0.35198605 0.33705798 -0.27829510
v 0.34307212 0.39772943 -0.33174986
v 0.33427608 0.29795116 -0.18745172
v 0.33168539 0.30014187 -0.17729191
v 0.32508481 0.30593449 -0.18310601
v 0.32853201 0.30399391 -0.19390357
v 0.31062669 0.32338050 -0.19394796
v 0.31098479 0.32372484 -0.18095182
v 0.31184530 0.33517271 -0.18115297
v 0.31117952 0.33637777 -0.19440839
v 0.33193985 0.30388978 -0.16832916
v 0.32450995 0.30871961 -0.17405218
v 0.33534417 0.31003171 -0.16431035
v 0.33861029 0.30024606 -0.16257444
v 0.34463173 0.30540088 -0.15887520
v 0.34949431 0.30080050 -0.15368077
v 0.35914159 0.30189738 -0.15638439
v 0.35550773 0.31149262 -0.16274412
v 0.37183201 0.30249548 -0.18426861
v 0.37131518 0.29187545 -0.17343374
v 0.37456164 0.28607720 -0.18331744
v 0.37392646 0.29699022 -0.19420373
v 0.37233698 0.27750376 -0.20408642
v 0.37177899 0.28924853 -0.21302645
v 0.37324023 0.29284000 -0.20348123
v 0.37345111 0.28096026 -0.19289802
v 0.33974341 0.29370239 -0.20227116
v 0.33765545 0.29608896 -0.19654395
v 0.33328432 0.30192640 -0.20371683
v 0.33588624 0.29982656 -0.21015400
v 0.33586138 0.31899047 -0.15858151
v 0.33295324 0.31557789 -0.15923552
v 0.34232733 0.31436920 -0.16250771
v 0.34456292 0.32066050 -0.16525930
v 0.32676238 0.30729833 -0.23902899
v 0.32509649 0.31313667 -0.23346509
v 0.32445449 0.32346407 -0.23904823
v 0.32613838 0.31776154 -0.24617882
v 0.31492019 0.33780393 -0.21599683
v 0.32422429 0.35008192 -0.21196394
v 0.32578793 0.35143501 -0.22023512
v 0.31935176 0.33774769 -0.22496001
v 0.31238472 0.33736041 -0.20626386
v 0.32034248 0.34568703 -0.19230697
v 0.32179913 0.34852695 -0.20313054
v 0.31940302 0.34260118 -0.17919296
v 0.33161077 0.31289956 -0.25486979
v 0.33212379 0.30357748 -0.25155109
v 0.33899558 0.26570493 -0.12539765
v 0.34005001 0.26976821 -0.12897405
v 0.33988377 0.26473626 -0.13223469
v 0.33887389 0.26077801 -0.12842798
v 0.35269952 0.30504742 -0.25720274
v 0.34969983 0.31107566 -0.26083213
v 0.35906932 0.31366399 -0.25816065
v 0.36135426 0.30875108 -0.25259411
v 0.35597813 0.29700023 -0.25228536
v 0.36399305 0.30180004 -0.24566737
v 0.35128337 0.26686466 -0.11927800
v 0.35346442 0.27074063 -0.12349229
v 0.34834599 0.27292252 -0.12393411
v 0.34640250 0.26884833 -0.12012269
v 0.33821785 0.29297590 -0.18024722
v 0.33618835 0.29570779 -0.17078221
v 0.34053299 0.28328332 -0.15966649
v 0.34077850 0.28896475 -0.15563613
v 0.33873057 0.29207709 -0.16303793
v 0.34038144 0.28685546 -0.17153889
v 0.34508038 0.27877650 -0.19101109
v 0.34363291 0.28068653 -0.18273567
v 0.34228244 0.28787524 -0.19037737
v 0.34360933 0.28556386 -0.19868891
v 0.34301886 0.27891931 -0.20977716
v 0.34248996 0.27435285 -0.21443076
v 0.34474257 0.26797518 -0.20859671
v 0.34533608 0.27218428 -0.20275076
v 0.34722388 0.26271757 -0.18370675
v 0.34813750 0.25964436 -0.18857282
v 0.35103425 0.25440398 -0.18123956
v 0.35003543 0.25686264 -0.17674237
v 0.34780663 0.31680214 -0.26461127
v 0.35761437 0.31918785 -0.26318520
v 0.36740634 0.27048540 -0.22398359
v 0.36807087 0.26085773 -0.21851875
v 0.36188430 0.25744000 -0.22716954
v 0.36080000 0.26738799 -0.23257340
v 0.36747164 0.31352767 -0.24443643
v 0.36632121 0.31864876 -0.25070691
v 0.35485995 0.26221949 -0.12077110
v 0.35721344 0.26609683 -0.12505423
v 0.33086142 0.34295526 -0.17706786
v 0.33336005 0.34663320 -0.19089234
v 0.33534405 0.34971300 -0.20234296
v 0.33702040 0.35226527 -0.21053848
v 0.33799946 0.35619017 -0.21658696
v 0.34195781 0.28038648 -0.17141789
v 0.33962792 0.29217586 -0.18959889
v 0.34051490 0.29186174 -0.20683737
v 0.33930242 0.27348348 -0.23205969
v 0.33873716 0.27683908 -0.22458589
v 0.33554280 0.28323579 -0.22828539
v 0.33757025 0.27932540 -0.23845437
v 0.35205248 0.26479188 -0.23542137
v 0.35337573 0.25621894 -0.22932842
v 0.34709865 0.25748768 -0.22573049
v 0.34517637 0.26460147 -0.23149447
v 0.33676177 0.32392246 -0.15725341
v 0.34279522 0.32781014 -0.16704915
v 0.34225452 0.30306339 -0.25718045
v 0.34005105 0.31067348 -0.25972587
v 0.33915403 0.31747434 -0.26247096
v 0.33028474 0.30605057 -0.22246581
v 0.32897350 0.30761784 -0.21804923
v 0.32086140 0.31926918 -0.22456336
v 0.32382208 0.31658959 -0.22977230
v 0.31988677 0.31066117 -0.20079607
v 0.31682384 0.31239808 -0.18894675
v 0.31287521 0.32221231 -0.20669779
v 0.32227436 0.32920682 -0.23327112
v 0.32311597 0.33801493 -0.23735474
v 0.32516149 0.33143878 -0.24402215
v 0.32763267 0.32520673 -0.25134996
v 0.33233574 0.32006451 -0.25820741
v 0.32256770 0.34570453 -0.24294813
v 0.32383865 0.33893752 -0.24961586
v 0.32684898 0.33246756 -0.25677028
v 0.33145571 0.32742408 -0.26301101
v 0.36507297 0.33202407 -0.26472577
v 0.36557761 0.32457486 -0.25718373
v 0.35605910 0.32659686 -0.26931611
v 0.32893062 0.35851198 -0.22834845
v 0.32451859 0.35252008 -0.23587203
v 0.32319552 0.34521362 -0.22966990
v 0.33854800 0.36171868 -0.22408229
v 0.31257784 0.32424495 -0.17122079
v 0.31806073 0.31665429 -0.17021415
v 0.31790903 0.31665671 -0.16274643
v 0.31341025 0.32328767 -0.16263431
v 0.34258324 0.29707024 -0.15670773
v 0.34501350 0.29347861 -0.15134734
v 0.35202694 0.29564095 -0.14913262
v 0.33408037 0.29423130 -0.24820550
v 0.32987884 0.29760996 -0.23704699
v 0.34195611 0.27825212 -0.16210938
v 0.35543814 0.27528509 -0.12880108
v 0.35755739 0.28339845 -0.13789558
v 0.35129821 0.28550482 -0.13820785
v 0.34980008 0.27753726 -0.12893230
v 0.34651053 0.27175507 -0.15722924
v 0.34750259 0.26818529 -0.15010527
v 0.34301814 0.27245525 -0.14984000
v 0.34309530 0.27634108 -0.15604761
v 0.34839228 0.25608420 -0.19468209
v 0.35081989 0.25181353 -0.18871874
v 0.36609730 0.28042781 -0.16371745
v 0.36786741 0.29848859 -0.16402817
v 0.36622500 0.28952414 -0.15621425
v 0.34557751 0.27565536 -0.19743429
v 0.34662640 0.26555306 -0.19566122
v 0.34632137 0.26889387 -0.19064049
v 0.34286588 0.27680883 -0.17073983
v 0.34407288 0.27565616 -0.17693090
v 0.34486470 0.27186564 -0.17044269
v 0.34347147 0.27466446 -0.16464548
v 0.34829307 0.27431846 -0.24295789
v 0.35991237 0.27795786 -0.23948404
v 0.34349504 0.27257091 -0.12601399
v 0.34205931 0.26835531 -0.12236406
v 0.34605950 0.32432306 -0.26967204
v 0.33790699 0.32485303 -0.26733854
v 0.34366503 0.28276613 -0.20458649
v 0.36658332 0.30819136 -0.17374349
v 0.34022856 0.28952384 -0.21176787
v 0.36676425 0.25568080 -0.19745892
v 0.36712760 0.24983591 -0.19157977
v 0.36100242 0.24786153 -0.19428477
v 0.36086091 0.25164098 -0.20086248
v 0.34784043 0.26125056 -0.14031428
v 0.34777343 0.25679427 -0.13450105
v 0.34287006 0.25992009 -0.13416737
v 0.34289655 0.26486444 -0.13985693
v 0.34165049 0.28110129 -0.15393284
v 0.34094396 0.27702144 -0.14757104
v 0.34166950 0.28170654 -0.14401230
v 0.34229255 0.28610581 -0.15040176
v 0.34635252 0.28977475 -0.14695013
v 0.34583211 0.28471467 -0.14062861
v 0.35443735 0.26060325 -0.13831365
v 0.35452524 0.26744500 -0.14759427
v 0.36087638 0.27163538 -0.14451149
v 0.35914880 0.26478857 -0.13455591
v 0.37114006 0.30087280 -0.22166537
v 0.36979833 0.28498808 -0.22247423
v 0.36911926 0.29657871 -0.23037677
v 0.37164268 0.26662603 -0.19544886
v 0.36755869 0.26236498 -0.20649287
v 0.37032899 0.27349761 -0.21446928
v 0.36676264 0.28158075 -0.23089422
v 0.35684592 0.27058852 -0.16008121
v 0.36330324 0.27125376 -0.16067001
v 0.36121252 0.27590060 -0.15449318
v 0.33891013 0.28540793 -0.21814036
v 0.34467113 0.27695084 -0.13112482
v 0.36000142 0.34584871 -0.21360709
v 0.35952044 0.33969516 -0.20665677
v 0.36940756 0.33107448 -0.21486056
v 0.36838886 0.33909062 -0.22156967
v 0.34037268 0.26939994 -0.13743967
v 0.34053248 0.27413929 -0.13410500
v 0.35000360 0.25162664 -0.19938767
v 0.35355648 0.24751809 -0.20071214
v 0.35526377 0.24604851 -0.19527031
v 0.35247862 0.24882993 -0.19331932
v 0.36598974 0.29255190 -0.23836310
v 0.36810043 0.25307444 -0.21497682
v 0.36203554 0.24921530 -0.22226891
v 0.36852491 0.30648118 -0.23792157
v 0.37044790 0.31934613 -0.23525171
v 0.37073553 0.31135166 -0.22932452
v 0.36955577 0.26852110 -0.18150806
v 0.37251627 0.30432954 -0.21317448
v 0.37175950 0.31519464 -0.22107300
v 0.37127632 0.32486844 -0.22661014
v 0.37099263 0.33197069 -0.23189270
v 0.37002203 0.32539359 -0.24093290
v 0.35935146 0.27054709 -0.13070843
v 0.35740560 0.26065943 -0.12866706
v 0.36899588 0.33950573 -0.25614259
v 0.36961728 0.33197761 -0.24766663
v 0.36969027 0.34669897 -0.24703194
v 0.37068027 0.33878732 -0.23846433
v 0.36917201 0.32393709 -0.20403711
v 0.37170976 0.31930164 -0.21235424
v 0.37080079 0.31304240 -0.19467233
v 0.37294534 0.30821210 -0.20440026
v 0.37230009 0.27587205 -0.17316262
v 0.35019058 0.24809107 -0.12054310
v 0.34607655 0.24704573 -0.12302238
v 0.34707233 0.25244054 -0.12958716
v 0.35192925 0.25303912 -0.12692705
v 0.35331684 0.25674227 -0.13231508
v 0.35538411 0.25674433 -0.12388591
v 0.36460161 0.31828928 -0.18381146
v 0.34725890 0.26851705 -0.16383797
v 0.35888848 0.33121580 -0.19349164
v 0.35147211 0.33072266 -0.17743720
v 0.35630715 0.32136539 -0.17169756
v 0.34634736 0.34242511 -0.19070588
v 0.34843019 0.34704122 -0.20216638
v 0.34941041 0.35558248 -0.21594396
v 0.34913066 0.35109487 -0.21033075
v 0.34937215 0.36234412 -0.22341520
v 0.34216070 0.33883128 -0.17743307
v 0.33781430 0.25471428 -0.12365400
v 0.33720782 0.25982434 -0.12059388
v 0.35998192 0.35167485 -0.21961148
v 0.36014017 0.35939837 -0.22790109
v 0.31689131 0.31435344 -0.17818256
v 0.33603606 0.29648903 -0.21846689
v 0.33439529 0.29356059 -0.22379059
v 0.33260044 0.28981185 -0.23245497
v 0.33577833 0.28590947 -0.24367876
v 0.36778465 0.35376814 -0.23702744
v 0.31928834 0.34940600 -0.25732401
v 0.32153279 0.34276003 -0.26454905
v 0.36771089 0.35602009 -0.25845763
v 0.33981395 0.26259297 -0.11753000
v 0.35724139 0.25424856 -0.17644435
v 0.35622302 0.25461832 -0.17415132
v 0.31246579 0.33347163 -0.17123218
v 0.31366926 0.33039168 -0.16166615
v 0.32683229 0.33393413 -0.15582076
v 0.32839456 0.33937609 -0.16580954
v 0.31872955 0.33957770 -0.16857064
v 0.31894800 0.33415091 -0.15883484
v 0.33042073 0.30404085 -0.22570962
v 0.33025232 0.30086434 -0.23002183
v 0.35869026 0.28790158 -0.24634439
v 0.34721294 0.28433836 -0.24944349
v 0.35249987 0.29096973 -0.14474526
v 0.35887337 0.28906074 -0.14551732
v 0.35979989 0.29446936 -0.15071397
v 0.36182934 0.27806813 -0.14074060
v 0.35369542 0.27117011 -0.15484184
v 0.35199153 0.26931009 -0.15948842
v 0.32515520 0.30903980 -0.21091703
v 0.31679043 0.32080144 -0.21686938
v 0.32626182 0.31373191 -0.16210744
v 0.32541955 0.31240791 -0.16814598
v 0.34541231 0.27275887 -0.18438396
v 0.36840466 0.26181689 -0.17030585
v 0.37017816 0.26822808 -0.16509221
v 0.34628350 0.26767626 -0.17790543
v 0.34370393 0.26298097 -0.11490846
v 0.34846935 0.26110786 -0.11393493
v 0.36386201 0.28359988 -0.14915133
v 0.34642911 0.26149255 -0.20175737
v 0.36280796 0.25708538 -0.17234990
v 0.36599001 0.25945535 -0.17922191
v 0.35433593 0.25024566 -0.22448902
v 0.36803547 0.34573793 -0.22797047
v 0.34197113 0.25549001 -0.13028039
v 0.34097278 0.24967498 -0.12497148
v 0.35264337 0.25161251 -0.11823305
v 0.35229954 0.25674480 -0.11562115
v 0.34497237 0.29393938 -0.25399587
v 0.33658442 0.29832670 -0.21437213
v 0.32604176 0.33757558 -0.27131936
v 0.33776519 0.33529863 -0.16603230
v 0.33406559 0.32994539 -0.15556127
v 0.34794360 0.26318216 -0.17191452
v 0.36566234 0.25382829 -0.20666301
v 0.36736697 0.25497168 -0.17764442
v 0.37079215 0.25308368 -0.18449487
v 0.37090969 0.25898030 -0.18937154
v 0.36202869 0.25350210 -0.17532749
v 0.35043851 0.25183761 -0.11076323
v 0.35093305 0.24693438 -0.11338506
v 0.34664261 0.25604418 -0.10891898
v 0.34212026 0.25799829 -0.11065204
v 0.33866140 0.25801453 -0.11360493
v 0.34871408 0.24374804 -0.11584385
v 0.34501344 0.24302506 -0.11834282
v 0.34021685 0.24580508 -0.12062381
v 0.34715924 0.23969883 -0.11198352
v 0.34907588 0.24206620 -0.10868509
v 0.34182194 0.24691305 -0.10010910
v 0.34415376 0.24443394 -0.09963816
v 0.34560362 0.24669868 -0.10221335
v 0.34497914 0.25046796 -0.10370594
v 0.34009430 0.24277306 -0.09735793
v 0.34288016 0.24084932 -0.09682582
v 0.34666952 0.24138942 -0.10112424
v 0.34764329 0.24479139 -0.10399708
v 0.34551269 0.23760822 -0.09794959
v 0.34590831 0.23459420 -0.10060410
v 0.34688151 0.23831210 -0.10366680
v 0.34788448 0.24174428 -0.10561785
v 0.34883082 0.24746907 -0.10648869
v 0.33961415 0.23825848 -0.09559105
v 0.34108865 0.23327899 -0.09607139
v 0.34396529 0.23457378 -0.09558114
v 0.34212220 0.23804960 -0.09511429
v 0.34070268 0.25324443 -0.10645941
v 0.33884421 0.24786147 -0.10240882
v 0.33733201 0.24291590 -0.09942085
v 0.33703381 0.23793831 -0.09764994
v 0.33585852 0.24697214 -0.10479552
v 0.33526197 0.24158689 -0.10160191
v 0.33541918 0.23736691 -0.10015735
v 0.33419859 0.24432355 -0.10735522
v 0.33440298 0.23927987 -0.10358831
v 0.33742446 0.25341740 -0.10972220
v 0.33546782 0.25121874 -0.11297053
v 0.33502907 0.23682478 -0.10202023
v 0.33866081 0.23303574 -0.09820043
v 0.34669903 0.23654997 -0.10620898
v 0.34490737 0.23273644 -0.10294002
v 0.34508297 0.23531348 -0.10833251
v 0.34319845 0.23182449 -0.10466002
v 0.34507722 0.23225892 -0.09822589
v 0.34336025 0.23075944 -0.09941877
v 0.33643034 0.25574020 -0.11696262
v 0.33733264 0.25063831 -0.11994316
v 0.33629382 0.24657911 -0.11591060
v 0.33490577 0.23996127 -0.11025798
v 0.33946761 0.24198043 -0.11658260
v 0.34378067 0.23912746 -0.11438411
v 0.34232223 0.23501453 -0.10985146
v 0.33840451 0.23642349 -0.11127735
v 0.34058905 0.23212168 -0.10605803
v 0.33772647 0.23333880 -0.10671470
v 0.33527488 0.23596737 -0.10562485
v 0.33890632 0.23128942 -0.10299772
v 0.34113246 0.23053819 -0.10132588
v 0.33701482 0.23351136 -0.10075551
v 0.33598676 0.23434600 -0.10298264
v 0.33738318 0.23255748 -0.10410628
v 0.34642425 0.23793107 -0.13946836
v 0.34780574 0.24394161 -0.14409345
v 0.34823129 0.23982671 -0.14792041
v 0.34692624 0.23362106 -0.14319322
v 0.35851693 0.24241307 -0.13329634
v 0.36081886 0.24752957 -0.13788442
v 0.35475767 0.24820021 -0.13853997
v 0.35243738 0.24266028 -0.13415675
v 0.36297226 0.23813656 -0.13660863
v 0.36542380 0.24322709 -0.14116310
v 0.36273551 0.25373194 -0.14338532
v 0.36331388 0.26356044 -0.15338518
v 0.35680646 0.26332155 -0.15430856
v 0.35629913 0.25407892 -0.14406070
v 0.35595384 0.24929366 -0.16788884
v 0.35162717 0.25217646 -0.16779782
v 0.35032815 0.24656472 -0.14100814
v 0.34826720 0.24088889 -0.13639972
v 0.35549104 0.23953116 -0.15785232
v 0.35476068 0.23298505 -0.15158573
v 0.35060316 0.23575208 -0.15068136
v 0.35107872 0.24217641 -0.15699705
v 0.34914726 0.25674990 -0.16451827
v 0.34847155 0.26112482 -0.15950686
v 0.35167876 0.26288936 -0.15598378
v 0.36123538 0.23948604 -0.15614931
v 0.36245531 0.24952188 -0.16558823
v 0.36776030 0.25361475 -0.16167545
v 0.36601496 0.24322334 -0.15199344
v 0.35126045 0.25296316 -0.14642900
v 0.34876767 0.24649957 -0.15400539
v 0.34823033 0.25067121 -0.14975616
v 0.36737353 0.24929100 -0.14695787
v 0.36408845 0.23723561 -0.14619061
v 0.35643628 0.22195402 -0.13753939
v 0.35235998 0.22011894 -0.13960208
v 0.35360762 0.22714728 -0.14657719
v 0.35817063 0.22836286 -0.14443383
v 0.35959363 0.23353899 -0.14975749
v 0.36214021 0.23240775 -0.14109746
v 0.34516838 0.22495684 -0.13667409
v 0.34436572 0.22966877 -0.13315037
v 0.34591004 0.23266014 -0.13010079
v 0.36944747 0.25964537 -0.15653652
v 0.34968793 0.23453304 -0.12816194
v 0.35552868 0.23482734 -0.12727445
v 0.34931669 0.22946373 -0.14600885
v 0.34784347 0.22149274 -0.13946833
v 0.35964298 0.22578752 -0.13462967
v 0.36025572 0.23114118 -0.13056415
v 0.35778853 0.22464943 -0.12557346
v 0.35733441 0.21991006 -0.12955302
v 0.35356113 0.22826758 -0.12224738
v 0.34825405 0.22869185 -0.12356586
v 0.34495482 0.22744504 -0.12598619
v 0.35503888 0.21668452 -0.13221702
v 0.35157013 0.21531573 -0.13431609
v 0.34720534 0.21687323 -0.13491341
v 0.35351577 0.21137637 -0.12744318
v 0.35544184 0.21339092 -0.12417831
v 0.34766746 0.21167979 -0.11057675
v 0.35054514 0.21050307 -0.11036208
v 0.35148415 0.21449119 -0.11364181
v 0.34923822 0.21677026 -0.11346076
v 0.35285401 0.21706325 -0.11614518
v 0.35205492 0.22120684 -0.11715815
v 0.35393286 0.21161145 -0.11560177
v 0.35455942 0.21509638 -0.11846373
v 0.35344198 0.20721537 -0.11195369
v 0.35358194 0.20458698 -0.11518519
v 0.35395727 0.20945117 -0.11867145
v 0.35455382 0.21255919 -0.12075361
v 0.34750384 0.20660350 -0.10858996
v 0.35006651 0.20708364 -0.10821743
v 0.35596707 0.21858633 -0.12106524
v 0.34745708 0.22332448 -0.11953910
v 0.34586021 0.21744078 -0.11518902
v 0.34474093 0.21133971 -0.11193877
v 0.34490609 0.20606953 -0.11029139
v 0.34263453 0.21645787 -0.11783805
v 0.34234789 0.21042234 -0.11411645
v 0.34324381 0.20574343 -0.11294225
v 0.34106854 0.21371594 -0.12119081
v 0.34144506 0.20814276 -0.11698457
v 0.34403411 0.22279602 -0.12256438
v 0.34252530 0.22039494 -0.12612087
v 0.34258613 0.20533904 -0.11512879
v 0.34696677 0.20186841 -0.11129870
v 0.34956011 0.20205304 -0.10929867
v 0.35267419 0.20343882 -0.10859063
v 0.35310817 0.20800176 -0.12085557
v 0.35185984 0.20333543 -0.11688493
v 0.35193664 0.20622361 -0.12282239
v 0.35052547 0.20210454 -0.11839444
v 0.35324943 0.20143950 -0.11223441
v 0.35125700 0.20051768 -0.11307898
v 0.34354261 0.22459292 -0.12923780
v 0.34436080 0.22056696 -0.13262960
v 0.34334373 0.21648073 -0.12950009
v 0.34236449 0.20977911 -0.12452953
v 0.34649706 0.21267581 -0.13139814
v 0.35071585 0.21060470 -0.12997505
v 0.34962958 0.20569953 -0.12491370
v 0.34597656 0.20675027 -0.12610081
v 0.34852442 0.20214316 -0.12002819
v 0.34575948 0.20294690 -0.12101911
v 0.34269255 0.20508268 -0.11987974
v 0.34722126 0.20070621 -0.11646431
v 0.34910274 0.20010835 -0.11460128
v 0.34506351 0.20219657 -0.11393771
v 0.34374747 0.20309088 -0.11653780
v 0.34558880 0.20171860 -0.11805228
v 0.35176918 0.22796187 -0.16179642
v 0.35287681 0.23292562 -0.16560645
v 0.35185945 0.23029396 -0.17022052
v 0.35062853 0.22509778 -0.16645510
v 0.36349136 0.22857049 -0.15856475
v 0.36541441 0.23468313 -0.16242296
v 0.36078259 0.23504207 -0.16123886
v 0.35953733 0.22942665 -0.15761787
v 0.36608082 0.22563168 -0.16219333
v 0.36818987 0.23167300 -0.16684195
v 0.36654457 0.24071509 -0.16666722
v 0.36725670 0.24871483 -0.17312008
v 0.36140987 0.24843505 -0.17198023
v 0.36123058 0.24077997 -0.16526031
v 0.35637662 0.23435190 -0.16248140
v 0.35538313 0.22911507 -0.15878418
v 0.35643497 0.23127159 -0.18115439
v 0.35643670 0.22541955 -0.17589906
v 0.35336581 0.22742489 -0.17403840
v 0.35351291 0.23337013 -0.17913748
v 0.35204926 0.24567750 -0.18299179
v 0.35286689 0.24769315 -0.17760044
v 0.35640752 0.24807632 -0.17403863
v 0.36190638 0.23073637 -0.18082963
v 0.36174658 0.24038681 -0.18836054
v 0.36779588 0.24209404 -0.18510608
v 0.36756396 0.23342675 -0.17747471
v 0.35641551 0.23968521 -0.16667856
v 0.35164469 0.23610908 -0.17503121
v 0.35274881 0.23849979 -0.17003113
v 0.36934954 0.23784959 -0.17180425
v 0.36642104 0.22766080 -0.17223081
v 0.35951266 0.21193823 -0.16325380
v 0.35524651 0.21145287 -0.16473733
v 0.35573801 0.21963385 -0.17172998
v 0.36058873 0.21963304 -0.17059094
v 0.36133769 0.22495556 -0.17566767
v 0.36481640 0.22195461 -0.16697884
v 0.34939626 0.21713012 -0.16075921
v 0.34997737 0.22020763 -0.15665287
v 0.35338640 0.22146869 -0.15371168
v 0.37041819 0.24600160 -0.17855866
v 0.35600987 0.24086019 -0.18902834
v 0.35691679 0.22164702 -0.15248778
v 0.36065543 0.22068110 -0.15279201
v 0.35231090 0.22191867 -0.17016032
v 0.35144064 0.21382347 -0.16413972
v 0.36288309 0.21437037 -0.16010112
v 0.36376381 0.21802953 -0.15604910
v 0.36200571 0.21240056 -0.15157813
v 0.36177647 0.20889899 -0.15568402
v 0.35895830 0.21492377 -0.14808744
v 0.35519108 0.21592602 -0.14844915
v 0.35202372 0.21613911 -0.15017729
v 0.35849386 0.20671317 -0.15859431
v 0.35478878 0.20644990 -0.15987515
v 0.35103619 0.20909119 -0.16003545
v 0.35755906 0.20246553 -0.15545309
v 0.36006966 0.20384219 -0.15160406
v 0.35392100 0.20089898 -0.13733935
v 0.35597810 0.19963539 -0.13798286
v 0.35636547 0.20342451 -0.14094253
v 0.35489598 0.20511007 -0.14006570
v 0.35769916 0.20611474 -0.14315543
v 0.35757884 0.20943141 -0.14392406
v 0.35897866 0.20128983 -0.14311576
v 0.35960656 0.20479554 -0.14561898
v 0.35842612 0.19720778 -0.14029819
v 0.35799116 0.19525048 -0.14419797
v 0.35839790 0.19943458 -0.14687744
v 0.35964841 0.20267874 -0.14830916
v 0.35394341 0.19646245 -0.13600130
v 0.35588849 0.19657400 -0.13637215
v 0.36051905 0.20785555 -0.14806259
v 0.35412684 0.21144277 -0.14497238
v 0.35225520 0.20617691 -0.14104538
v 0.35124949 0.20130304 -0.13821581
v 0.35110530 0.19671246 -0.13737556
v 0.34955758 0.20614323 -0.14329985
v 0.34892258 0.20099598 -0.14038670
v 0.34904248 0.19712105 -0.13974229
v 0.34747738 0.20527199 -0.14625050
v 0.34748825 0.20014614 -0.14301585
v 0.35101059 0.21161011 -0.14720592
v 0.34878623 0.21101731 -0.15047543
v 0.34823447 0.19737849 -0.14183792
v 0.35223868 0.19256485 -0.13983572
v 0.35530922 0.19246754 -0.13814253
v 0.35790607 0.19374028 -0.13800812
v 0.35795552 0.19840777 -0.14966415
v 0.35677850 0.19421431 -0.14646319
v 0.35591045 0.19798329 -0.15193126
v 0.35476521 0.19388446 -0.14805052
v 0.35783163 0.19280812 -0.14173600
v 0.35628751 0.19183189 -0.14275075
v 0.34957385 0.21528175 -0.15321505
v 0.34910965 0.21267068 -0.15711719
v 0.34841126 0.20875701 -0.15408310
v 0.34735847 0.20268986 -0.14976603
v 0.35053891 0.20544523 -0.15694770
v 0.35409439 0.20300454 -0.15678331
v 0.35313839 0.19860223 -0.15292227
v 0.34984985 0.20022702 -0.15254338
v 0.35217836 0.19446006 -0.14887923
v 0.34958884 0.19587162 -0.14852530
v 0.34764707 0.19793794 -0.14609727
v 0.35139567 0.19277307 -0.14537580
v 0.35392383 0.19181567 -0.14421624
v 0.34994000 0.19391987 -0.14178693
v 0.34861425 0.19547176 -0.14365135
v 0.34968382 0.19418928 -0.14595008
v 0.35349041 0.24324191 -0.18708596
v 0.35454252 0.22336584 -0.19540946
v 0.35500628 0.22828197 -0.19757521
v 0.35382199 0.22698212 -0.20135519
v 0.35330597 0.22215593 -0.19925773
v 0.36545789 0.22239375 -0.19386461
v 0.36657095 0.22805369 -0.19632755
v 0.36256573 0.22900683 -0.19410926
v 0.36178258 0.22343475 -0.19167919
v 0.36672887 0.22052282 -0.19871825
v 0.36795676 0.22612837 -0.20161368
v 0.36673594 0.23473397 -0.19943731
v 0.36648655 0.24552757 -0.20396341
v 0.36159855 0.24461678 -0.20113297
v 0.36239380 0.23539796 -0.19711956
v 0.35506859 0.24553314 -0.22047959
v 0.35547084 0.23907110 -0.21652603
v 0.35283870 0.23982278 -0.21299575
v 0.35124025 0.24681476 -0.21741644
v 0.35817993 0.22905067 -0.19476038
v 0.35771319 0.22367221 -0.19263777
v 0.35620815 0.22982952 -0.21136071
v 0.35663003 0.22397429 -0.20819645
v 0.35435620 0.22537208 -0.20504241
v 0.35369992 0.23083144 -0.20796217
v 0.34984115 0.24765268 -0.21225041
v 0.35214210 0.24093086 -0.20866932
v 0.35349917 0.24251199 -0.20480976
v 0.35039982 0.24841380 -0.20662464
v 0.35640955 0.24330348 -0.20198990
v 0.36060199 0.22981450 -0.21261792
v 0.35972098 0.23940396 -0.21787477
v 0.36492291 0.24127662 -0.21671489
v 0.36548004 0.23069048 -0.21043870
v 0.35789272 0.23482233 -0.19769859
v 0.35322049 0.23227844 -0.20415135
v 0.35463235 0.23378983 -0.20039675
v 0.36830741 0.23316941 -0.20497760
v 0.36533424 0.22422332 -0.20663838
v 0.35940808 0.21158600 -0.20307454
v 0.35596073 0.21233985 -0.20276850
v 0.35626829 0.21877673 -0.20583901
v 0.36035198 0.21804854 -0.20652194
v 0.36088836 0.22342780 -0.20919542
v 0.36444181 0.21869692 -0.20371488
v 0.35271177 0.21590674 -0.19659765
v 0.35373399 0.21686494 -0.19255593
v 0.35669923 0.21723163 -0.18989018
v 0.36874345 0.24456528 -0.21046524
v 0.36032480 0.21668038 -0.18882096
v 0.36375630 0.21559581 -0.19054648
v 0.35391340 0.22044185 -0.20294681
v 0.35354850 0.21412700 -0.20020972
v 0.36304915 0.21213743 -0.20031627
v 0.36506310 0.21399444 -0.19537061
v 0.36431310 0.20865306 -0.19244237
v 0.36243832 0.20675749 -0.19734688
v 0.36265880 0.21046615 -0.18790345
v 0.35937238 0.21189821 -0.18664697
v 0.35598633 0.21256161 -0.18818849
v 0.35859320 0.20673904 -0.20033289
v 0.35574770 0.20787358 -0.20003033
v 0.35376495 0.20986244 -0.19787027
v 0.35825035 0.20213580 -0.19738533
v 0.36162117 0.20164970 -0.19405106
v 0.35822260 0.19803154 -0.18080014
v 0.36000666 0.19740045 -0.18190923
v 0.36040220 0.20030397 -0.18358421
v 0.35923553 0.20194498 -0.18243095
v 0.36155966 0.20291573 -0.18556297
v 0.36132240 0.20570856 -0.18547791
v 0.36206710 0.19901603 -0.18652850
v 0.36252344 0.20210305 -0.18841845
v 0.36164311 0.19530606 -0.18468258
v 0.36003581 0.19379565 -0.18857750
v 0.36091626 0.19721615 -0.19042931
v 0.36194783 0.20020491 -0.19120175
v 0.35781634 0.19407585 -0.18040116
v 0.35973930 0.19444910 -0.18095799
v 0.36326393 0.20471731 -0.19000877
v 0.35853484 0.20765898 -0.18467818
v 0.35712534 0.20306012 -0.18222518
v 0.35577583 0.19795769 -0.18038364
v 0.35522366 0.19377777 -0.18101853
v 0.35474747 0.20369524 -0.18378657
v 0.35373721 0.19861272 -0.18222001
v 0.35337678 0.19488838 -0.18262133
v 0.35290080 0.20425892 -0.18649137
v 0.35242966 0.19919533 -0.18456873
v 0.35574791 0.20888153 -0.18621230
v 0.35372153 0.20936769 -0.18907155
v 0.35259059 0.19618014 -0.18402781
v 0.35553074 0.19159502 -0.18379043
v 0.35811368 0.19114205 -0.18319905
v 0.36089554 0.19205907 -0.18327919
v 0.35953608 0.19686866 -0.19277897
v 0.35825548 0.19309363 -0.19029324
v 0.35715929 0.19772962 -0.19454131
v 0.35595384 0.19345301 -0.19086733
v 0.35995051 0.19151822 -0.18662366
v 0.35799792 0.19094861 -0.18704154
v 0.35353082 0.21254614 -0.19085953
v 0.35272798 0.21170047 -0.19430837
v 0.35257000 0.20843041 -0.19269849
v 0.35195240 0.20357874 -0.18987712
v 0.35341951 0.20629162 -0.19597496
v 0.35541865 0.20401937 -0.19776922
v 0.35469103 0.19923821 -0.19455761
v 0.35261977 0.20143545 -0.19304253
v 0.35389811 0.19498640 -0.19075376
v 0.35234129 0.19681701 -0.18951540
v 0.35172698 0.19854349 -0.18714784
v 0.35375237 0.19297716 -0.18727377
v 0.35555553 0.19147244 -0.18727869
v 0.35362732 0.19312057 -0.18461621
v 0.35247025 0.19518501 -0.18552461
v 0.35270810 0.19458744 -0.18727371
v 0.35887426 0.24515522 -0.22118534
v 0.33477864 0.31894177 -0.14657336
v 0.33393136 0.31434962 -0.14870757
v 0.32290152 0.31080979 -0.15278426
v 0.31647265 0.31434566 -0.15312356
v 0.31312189 0.32045865 -0.15189216
v 0.31459942 0.32549116 -0.14954013
v 0.31905910 0.32833210 -0.14688718
v 0.32972574 0.31121585 -0.15079665
v 0.33237430 0.32455531 -0.14491692
v 0.32603788 0.32844555 -0.14485574
v 0.32529864 0.32384595 -0.13457662
v 0.33189633 0.32028943 -0.13531414
v 0.31816679 0.32414147 -0.13652784
v 0.31348622 0.32163596 -0.14023143
v 0.31230590 0.31734622 -0.14414495
v 0.33475786 0.31504941 -0.13804305
v 0.33347228 0.31074494 -0.14129746
v 0.32816565 0.30841944 -0.14431559
v 0.33423501 0.31169954 -0.12943663
v 0.33167228 0.31488243 -0.12366837
v 0.31545663 0.31283036 -0.11558554
v 0.31914690 0.31435287 -0.11374643
v 0.31920964 0.31625932 -0.11811090
v 0.31529453 0.31571805 -0.12044432
v 0.32022333 0.31742918 -0.12099469
v 0.31753635 0.31891167 -0.12560347
v 0.32515469 0.31604671 -0.11607374
v 0.32508999 0.31690866 -0.11954724
v 0.33067021 0.31359127 -0.11553513
v 0.32960165 0.31549025 -0.11871132
v 0.32503441 0.31473979 -0.11127399
v 0.31971464 0.31258172 -0.10989035
v 0.32420644 0.31208831 -0.10798569
v 0.31754881 0.31039155 -0.11043465
v 0.32494056 0.31870645 -0.12444239
v 0.31297192 0.31769618 -0.13162073
v 0.31245893 0.31388265 -0.12398803
v 0.31351388 0.31017384 -0.11763550
v 0.31663093 0.30707294 -0.11232540
v 0.31216252 0.31005180 -0.12742160
v 0.31431985 0.30662385 -0.12007226
v 0.31757751 0.30475584 -0.11531056
v 0.31528747 0.30607513 -0.12979892
v 0.31724134 0.30422038 -0.12175367
v 0.31167200 0.31402504 -0.13685940
v 0.31462520 0.30971834 -0.14021578
v 0.31895843 0.30351800 -0.11745520
v 0.32230073 0.30523896 -0.10949357
v 0.32291836 0.30835369 -0.10684043
v 0.33306259 0.31087786 -0.11756969
v 0.33012846 0.31237969 -0.11120285
v 0.33185688 0.30885059 -0.11249701
v 0.33364710 0.30798620 -0.12136400
v 0.33153465 0.30563238 -0.11490984
v 0.32845792 0.31106231 -0.10802771
v 0.32878643 0.30787855 -0.10835156
v 0.31532472 0.31230682 -0.14674063
v 0.32125029 0.30886167 -0.14657691
v 0.32096434 0.30666146 -0.14023589
v 0.32135502 0.30374992 -0.13029452
v 0.32800812 0.30583990 -0.13758489
v 0.33333614 0.30798781 -0.13373724
v 0.33188674 0.30508152 -0.12469047
v 0.32751733 0.30332124 -0.12807916
v 0.32947555 0.30346444 -0.11776500
v 0.32626098 0.30249059 -0.12024342
v 0.32162139 0.30281731 -0.12155461
v 0.32632467 0.30317342 -0.11403189
v 0.32782400 0.30478033 -0.11070092
v 0.32196611 0.30370066 -0.11317499
v 0.32192469 0.30289772 -0.11664799
v 0.32499486 0.30263126 -0.11658656
v 0.34869638 0.25184751 -0.22117797
v 0.34667543 0.25351545 -0.21531193
v 0.34487316 0.25984836 -0.22013770
v 0.34218490 0.26670510 -0.22607066
v 0.34311190 0.27049845 -0.23638685
v 0.34185052 0.27015603 -0.21979780
v 0.34450716 0.26309791 -0.21424937
v 0.34707692 0.25542599 -0.20757020
v 0.34000963 0.27891046 -0.21886584
v 0.12255818 1.09429073 -0.23547991
v 0.12564223 1.09312046 -0.23785238
v 0.12701266 1.08705795 -0.24057096
v 0.12473957 1.08675134 -0.23823725
v 0.12174711 1.08663917 -0.23593459
v 0.11802511 1.08675587 -0.23424678
v 0.11233132 1.09414756 -0.23249100
v 0.11785163 1.09478629 -0.23326696
v 0.10236134 1.08804095 -0.23375227
v 0.10427113 1.08961821 -0.23404048
v 0.10331418 1.08716238 -0.23332192
v 0.10975701 1.08713627 -0.23293816
v 0.10581017 1.08730614 -0.23344433
v 0.12907034 1.09059644 -0.24238782
v 0.12980922 1.08939672 -0.24370237
v 0.12763216 1.09186232 -0.24022412
v 0.11390701 1.08696282 -0.23318239
v 0.12966461 1.08830202 -0.24390142
v 0.12865095 1.08752930 -0.24277639
v 0.10758895 1.09233391 -0.23321004
v 0.12199663 1.08900702 -0.23609243
v 0.11812486 1.08911860 -0.23418137
v 0.11326487 1.09189487 -0.23269637
v 0.11821947 1.09206545 -0.23373699
v 0.10996275 1.08894670 -0.23277318
v 0.10739911 1.08863962 -0.23318814
v 0.12475117 1.08877027 -0.23828104
v 0.11387715 1.08924115 -0.23294292
v 0.12238348 1.09165525 -0.23588222
v 0.10682014 1.08960676 -0.23330866
v 0.10905011 1.09084189 -0.23268202
v 0.12901585 1.08921492 -0.24291195
v 0.12889007 1.08878458 -0.24296062
v 0.11386985 0.84681654 -0.23203357
v 0.11775784 0.83257163 -0.22011341
v 0.12512216 1.09098244 -0.23818058
v 0.12807505 1.08863497 -0.24200600
v 0.12659128 1.08865988 -0.24021922
v 0.12688825 1.09027803 -0.24022903
v 0.12822068 1.08968294 -0.24191180
v 0.25515500 0.66306853 -0.35876992
v 0.24238516 0.65717733 -0.35070932
v 0.27388480 0.66640937 -0.41620943
v 0.26433367 0.66619301 -0.43843743
v 0.15725601 0.53855705 -0.12144237
v 0.11798070 0.56297493 -0.34558433
v 0.11763452 0.57973373 -0.35454807
v 0.03687433 0.58836102 -0.34058663
v 0.05515331 0.58145857 -0.34815824
v 0.20202476 0.57085228 -0.25498322
v 0.20054401 0.55176103 -0.24875689
v 0.18872264 0.57605207 -0.17948538
v 0.18390979 0.55309403 -0.17342599
v 0.19912292 0.53143966 -0.21584581
v 0.08247945 0.53491044 -0.33843794
v 0.07827362 0.55487132 -0.34395579
v 0.09959871 0.55033541 -0.34313926
v 0.10385272 0.53132808 -0.33931038
v 0.02303016 0.57202351 -0.31945971
v 0.02146642 0.59462118 -0.32760188
v 0.19744484 0.58764327 -0.28934631
v 0.18320966 0.58595490 -0.31525299
v 0.14306799 0.58933747 -0.35362691
v 0.12013786 0.59563410 -0.36369202
v 0.07520169 0.61452794 -0.36862293
v 0.09755895 0.60468614 -0.36790296
v 0.18416686 0.60424554 -0.16361561
v 0.17306767 0.63229573 -0.15235409
v 0.20437060 0.59080398 -0.26093462
v 0.13267942 0.61580920 -0.11092322
v 0.03277342 0.65478981 -0.36729094
v 0.05346611 0.64526224 -0.37562108
v 0.16466333 0.58627868 -0.33715746
v 0.14051782 0.78981423 -0.19865163
v 0.14220698 0.77510989 -0.18781824
v 0.15977865 0.77505755 -0.19744952
v 0.15770808 0.78882039 -0.20921785
v 0.17560880 0.77260888 -0.20754829
v 0.18957017 0.76893175 -0.21828353
v 0.20186621 0.76456463 -0.22925758
v 0.22777931 0.74612689 -0.26116773
v 0.22110134 0.75306582 -0.25081271
v 0.23398834 0.72879136 -0.28155154
v 0.23244324 0.73836410 -0.27138177
v 0.23043340 0.71621811 -0.29088390
v 0.22240919 0.70284092 -0.30064589
v 0.21497515 0.68900084 -0.31312633
v 0.21337755 0.69661641 -0.32250187
v 0.22268601 0.69525445 -0.28912878
v 0.22887266 0.70883596 -0.27959770
v 0.23200577 0.72079957 -0.26969841
v 0.12743010 0.73614812 -0.16134392
v 0.12856066 0.71216321 -0.15347342
v 0.10939573 0.86026168 -0.24304688
v 0.28024963 0.44302225 -0.39270669
v 0.33674669 0.40071258 -0.26160198
v 0.04356538 0.85385394 -0.39831749
v 0.02881468 0.85483527 -0.38516721
v 0.01178543 0.84539557 -0.37402728
v 0.01446059 0.85701776 -0.37387726
v 0.12939832 0.85745597 -0.42575136
v 0.10264397 0.84966385 -0.42782724
v 0.07735156 0.84420788 -0.42318490
v 0.05691191 0.84180260 -0.41257557
v 0.20684242 0.61486495 -0.23750424
v 0.03489281 0.81473374 -0.39912984
v 0.05390304 0.82881010 -0.41377947
v 0.07499364 0.83080089 -0.42596540
v 0.10214980 0.83471787 -0.43408242
v 0.13608910 0.84055638 -0.43534240
v 0.15691587 0.83294404 -0.43788311
v 0.17141718 0.80291653 -0.44804847
v 0.18574263 0.79559493 -0.44960448
v 0.20193455 0.80865037 -0.44309840
v 0.21507074 0.79690886 -0.44308195
v 0.19911338 0.78641260 -0.45024952
v 0.24683508 0.69572067 -0.44751433
v 0.24700163 0.67990947 -0.44997379
v 0.24019241 0.66764641 -0.45399800
v 0.22924237 0.65859652 -0.45639095
v 0.21622336 0.65351999 -0.45642066
v 0.20273174 0.65285420 -0.45426688
v 0.19083226 0.65939116 -0.44988799
v 0.17136835 0.68717694 -0.43600336
v 0.16876064 0.69591498 -0.43198499
v 0.15717056 0.68466735 -0.42037827
v 0.15284368 0.68000710 -0.41794232
v 0.12521127 0.65431607 -0.39986938
v 0.13513762 0.66333163 -0.40688810
v 0.11562876 0.64366055 -0.39268190
v 0.09587722 0.43681496 -0.33640045
v 0.09418283 0.45483744 -0.33124092
v 0.11551145 0.45579073 -0.32964900
v 0.11707464 0.43832979 -0.33237281
v 0.02736088 0.49706170 -0.30803698
v 0.04811249 0.49538118 -0.31883952
v 0.18947488 0.45463082 -0.26984128
v 0.17594941 0.45636368 -0.29441196
v 0.15725771 0.45681646 -0.31210837
v 0.13687977 0.45663700 -0.32344732
v 0.19561587 0.45095912 -0.24277157
v 0.15085840 0.42487064 -0.12691844
v 0.16491735 0.42878160 -0.14657399
v 0.10268541 0.41839877 -0.08757937
v 0.11928397 0.41972974 -0.09743765
v 0.19494289 0.44537041 -0.21636742
v 0.13535605 0.42181638 -0.11020471
v 0.17773767 0.43365961 -0.16797760
v 0.18861745 0.43941000 -0.19150022
v 0.09208091 0.47253951 -0.33082977
v 0.07123998 0.47250009 -0.32657760
v 0.06845239 0.49418578 -0.32701740
v 0.02389067 0.71700096 -0.38515183
v 0.03863963 0.71302450 -0.39893326
v 0.05390780 0.71056962 -0.41142628
v 0.06893358 0.72808349 -0.42447177
v 0.08801100 0.72937036 -0.43005815
v 0.08946620 0.71285212 -0.42660156
v 0.07091269 0.71052432 -0.42053613
v 0.12164104 0.73113477 -0.43993393
v 0.13416742 0.73108459 -0.44388500
v 0.13481776 0.71815658 -0.43998370
v 0.12337627 0.71711564 -0.43602571
v 0.14518955 0.71929097 -0.44286641
v 0.15519623 0.71936786 -0.44444874
v 0.16396597 0.71824801 -0.44482446
v 0.17170373 0.71171904 -0.44954005
v 0.18126935 0.72665775 -0.45955476
v 0.17165846 0.73402882 -0.45722023
v 0.12267154 0.74611366 -0.44352993
v 0.10665500 0.74636519 -0.43874767
v 0.02302588 0.75312757 -0.39178213
v 0.01093182 0.75672960 -0.37730148
v 0.20687154 0.67755306 -0.33029070
v 0.19776559 0.66755581 -0.34878907
v 0.18777975 0.66113591 -0.36628321
v 0.17658888 0.65868855 -0.38113287
v 0.16539145 0.65955722 -0.39353547
v 0.15350273 0.66293275 -0.40346947
v 0.14168970 0.66924071 -0.41143265
v 0.14714697 0.67465305 -0.41507164
v 0.13065077 0.67753255 -0.41773203
v 0.13860518 0.68206668 -0.42138278
v 0.12029850 0.68797684 -0.42305282
v 0.11181001 0.70067668 -0.42753276
v 0.10725375 0.71500003 -0.43137851
v 0.10571943 0.73028147 -0.43498701
v 0.07047552 0.74595547 -0.42802840
v 0.08927338 0.74637473 -0.43364879
v 0.05543986 0.76462996 -0.42267245
v 0.06005767 0.78191793 -0.42516258
v 0.05083697 0.72893035 -0.41562292
v 0.05206612 0.74657667 -0.41937405
v 0.10338780 0.88680768 -0.40335873
v 0.08072272 0.88357270 -0.40094188
v 0.19515279 0.67524600 -0.45533246
v 0.19944026 0.66590095 -0.45505029
v 0.19066676 0.66899264 -0.45177209
v 0.18984836 0.67502737 -0.45274192
v 0.20941715 0.66695106 -0.45740440
v 0.21096314 0.68241239 -0.45930597
v 0.21954761 0.67164731 -0.45868352
v 0.20267613 0.67751706 -0.45801392
v 0.22828154 0.67923880 -0.45763645
v 0.21837060 0.68894577 -0.45984587
v 0.23405775 0.68845665 -0.45569482
v 0.22428867 0.69594574 -0.45877448
v 0.22800367 0.70152307 -0.45742244
v 0.23556150 0.69912899 -0.45428047
v 0.20786898 0.73240781 -0.46183637
v 0.21647860 0.72075057 -0.46043366
v 0.22354665 0.70964098 -0.45872346
v 0.17901003 0.70399463 -0.45318219
v 0.18748188 0.69552708 -0.45620444
v 0.19529191 0.68679059 -0.45760384
v 0.20267825 0.69190097 -0.45997950
v 0.19373722 0.70112038 -0.45954141
v 0.18424581 0.71007049 -0.45773110
v 0.02195103 0.73642313 -0.38818327
v 0.03564759 0.73240817 -0.40230408
v 0.14598002 0.73046291 -0.44727680
v 0.15624750 0.72900975 -0.44921359
v 0.16617282 0.72543085 -0.45104036
v 0.17521662 0.71839631 -0.45464137
v 0.16034718 0.73910737 -0.45423332
v 0.14889143 0.74233568 -0.45156565
v 0.13635747 0.74449754 -0.44798067
v 0.03675154 0.74991369 -0.40610865
v 0.00944795 0.73997295 -0.37411383
v 0.24332392 0.78485429 -0.35913292
v 0.24749078 0.79856992 -0.38070279
v 0.24571583 0.80509567 -0.40586945
v 0.23305580 0.80402923 -0.42811871
v 0.02747183 0.89430034 -0.37130889
v 0.22719687 0.51917362 -0.40055630
v -0.00208435 0.68692148 -0.34906873
v -0.00371777 0.70632637 -0.35527557
v 0.00602510 0.62215519 -0.32335714
v 0.00311753 0.64436078 -0.33256522
v 0.04562206 0.52039623 -0.31976888
v 0.02680254 0.52372098 -0.30815583
v 0.02468734 0.54879892 -0.31229258
v 0.00488038 0.47457087 -0.29895803
v 0.00699525 0.49955693 -0.29501995
v 0.00932064 0.55358791 -0.29869676
v 0.00891405 0.57747805 -0.30657947
v 0.01585112 0.66162276 -0.35311964
v 0.00977224 0.72159028 -0.37096322
v -0.00348154 0.74376345 -0.36388674
v -0.00199051 0.76033509 -0.36647525
v -0.00044004 0.77605069 -0.36857072
v 0.21199310 0.73596656 -0.21516806
v 0.21215482 0.74786365 -0.22717959
v 0.20251550 0.75255990 -0.21674590
v 0.20313817 0.74029696 -0.20553322
v 0.22462974 0.72700810 -0.23608503
v 0.22624256 0.73681402 -0.24839336
v 0.22017927 0.74263120 -0.23787276
v 0.21902002 0.73171818 -0.22547704
v 0.23045842 0.72963810 -0.25882813
v 0.22834006 0.72098160 -0.24662764
v 0.21189927 0.72316206 -0.20388171
v 0.21830522 0.71952999 -0.21418776
v 0.20287602 0.72679961 -0.19522130
v 0.22597863 0.71114421 -0.23488532
v 0.22299992 0.71578300 -0.22457707
v 0.10288092 0.96608019 -0.22415836
v 0.10405505 0.97322333 -0.21057805
v 0.09769230 1.01753259 -0.19902082
v 0.09648806 1.02208149 -0.20129338
v 0.09453960 0.95167100 -0.23936766
v 0.09359412 0.94276345 -0.24166229
v 0.09599423 0.99821806 -0.19999778
v 0.09754317 0.98399341 -0.19885868
v 0.09250546 1.04550231 -0.19927795
v 0.09271564 1.04158378 -0.20023710
v 0.09440389 1.02986026 -0.19810718
v 0.09470741 1.02577353 -0.19924444
v 0.09257326 0.93313682 -0.24536799
v 0.09500414 0.95873678 -0.23367122
v 0.09102868 0.91237128 -0.25174773
v 0.09009343 0.90205455 -0.25389332
v 0.10048731 0.89078736 -0.25948831
v 0.10214852 0.88101959 -0.25679061
v 0.12615336 0.75623286 -0.17081988
v 0.12136962 0.80397165 -0.19899869
v 0.12320741 0.78890646 -0.18973418
v 0.11980382 0.81831908 -0.20879464
v 0.10549295 0.87118745 -0.25119740
v 0.09160653 0.92283595 -0.24890460
v 0.09571314 1.01231050 -0.19899994
v 0.09523419 1.00630438 -0.20118949
v 0.09324197 1.03743160 -0.19989790
v 0.09382153 1.03372490 -0.19891475
v 0.09896255 0.84846854 -0.22302726
v 0.10259151 0.83435881 -0.21067734
v 0.12498817 0.77300823 -0.18034980
v 0.10917629 0.73454559 -0.15651453
v 0.10821946 0.71115327 -0.14660940
v 0.09532878 0.86171913 -0.23471424
v 0.10897255 0.68718374 -0.13384119
v 0.16239333 0.26944065 -0.31517377
v 0.14053234 0.25240088 -0.32714605
v 0.12792519 0.26836890 -0.33583805
v 0.14464670 0.28086549 -0.32860121
v 0.15907332 0.32215592 -0.31788629
v 0.16201650 0.34823480 -0.31476635
v 0.16485582 0.37571856 -0.31426221
v 0.10541846 0.26109943 -0.34074268
v 0.07492021 0.27967629 -0.35091120
v 0.08036357 0.25835964 -0.34196988
v 0.14283046 0.37431446 -0.33187500
v 0.14093445 0.34824163 -0.33251908
v 0.13376273 0.28850529 -0.33654037
v 0.13689026 0.30190420 -0.33713874
v 0.15552320 0.29874071 -0.32453552
v 0.09990197 0.28069279 -0.34841576
v 0.12010810 0.28387895 -0.34274015
v 0.05372497 0.43552467 -0.33204344
v 0.05353009 0.41658470 -0.34010869
v 0.02795127 0.41811070 -0.33206815
v 0.13835703 0.43989453 -0.32432485
v 0.11936057 0.41925019 -0.33811194
v -0.00471806 0.27993655 -0.30519038
v 0.11878204 0.30121174 -0.34722790
v 0.07126194 0.30246675 -0.35561129
v 0.09701534 0.30136088 -0.35432100
v 0.07400718 0.37378904 -0.35555795
v 0.09766759 0.37284979 -0.35289803
v 0.09551758 0.34834328 -0.35555041
v 0.07139079 0.35016111 -0.35845211
v 0.12001291 0.37269229 -0.34494877
v 0.12061507 0.39730766 -0.34280810
v 0.07545555 0.39617720 -0.35069767
v 0.09825419 0.39656785 -0.34904188
v 0.09760185 0.41796082 -0.34306657
v 0.11880068 0.34730703 -0.34662485
v 0.07010505 0.32606483 -0.35838738
v 0.04299608 0.32815540 -0.35460871
v 0.01630608 0.33134505 -0.34426561
v -0.01030806 0.33264267 -0.33287844
v -0.00955778 0.35590273 -0.33485001
v 0.07566643 0.41703328 -0.34405944
v 0.07346116 0.45404771 -0.32941520
v 0.07504170 0.43608820 -0.33615407
v 0.06577300 0.51724017 -0.32816330
v 0.20173560 0.05662242 -0.14828894
v 0.03930583 0.21656963 -0.19010368
v 0.04983233 0.21382132 -0.16695949
v 0.21691842 0.30774075 -0.21277840
v 0.19718038 0.28706878 -0.28213164
v 0.17430699 0.29356435 -0.30423632
v 0.07715495 0.21753782 -0.13198662
v 0.09910935 0.22707292 -0.11788218
v 0.20847821 0.30397600 -0.17862350
v 0.17486921 0.26801619 -0.13089356
v 0.06149709 0.21402577 -0.14871350
v 0.13941626 0.32341793 -0.33455619
v 0.11829911 0.32273740 -0.34749451
v 0.09542827 0.32408664 -0.35597768
v 0.04344559 0.30508941 -0.35109794
v 0.01584159 0.30932593 -0.33974287
v -0.01015109 0.31245592 -0.32704613
v 0.09495369 0.27016366 -0.08903579
v 0.08428442 0.27791256 -0.08327828
v 0.09148590 0.28119177 -0.08605671
v 0.07702188 0.29408756 -0.07934285
v 0.07481837 0.27551094 -0.08079783
v 0.08306424 0.26185229 -0.08706809
v 0.07251367 0.25941873 -0.08507966
v 0.06888905 0.24519750 -0.09317733
v 0.14520757 0.40230617 -0.12715092
v 0.16105761 0.40700263 -0.14570230
v 0.09797668 0.39533281 -0.09041920
v 0.11333108 0.39663813 -0.09950949
v 0.19717884 0.42744556 -0.21403620
v 0.12895744 0.39889494 -0.11144478
v 0.17616865 0.41287586 -0.16613060
v 0.18950963 0.42022848 -0.18950480
v -0.00501373 0.40141281 -0.32756922
v -0.00229636 0.42230946 -0.32099405
v 0.08234817 0.39410642 -0.08451927
v 0.09661216 0.97221053 -0.20823833
v 0.09544037 0.96460330 -0.22210523
v 0.08010349 1.15796006 -0.23969564
v 0.05134533 0.94727933 -0.36122081
v 0.08564997 1.10685122 -0.21635731
v 0.09457430 1.02176404 -0.20094103
v 0.09285907 1.04823864 -0.19674674
v 0.08902270 0.89204407 -0.25483659
v 0.08933191 0.88160884 -0.25182393
v 0.03824153 0.22209638 -0.18229094
v 0.09179144 0.87221360 -0.24392888
v 0.03408543 0.22459149 -0.19868937
v 0.00784103 0.60008407 -0.31476751
v 0.18760732 -0.40954056 -0.23151767
v 0.18414496 -0.40819016 -0.24633406
v 0.19061476 -0.43779460 -0.24090183
v 0.19181366 -0.43875995 -0.22594199
v 0.19855030 -0.40344670 -0.27692458
v 0.18834852 -0.40601829 -0.26764733
v 0.21285754 -0.40194741 -0.28030610
v 0.22710566 -0.40165761 -0.27553043
v 0.22590388 -0.43242541 -0.27138194
v 0.21379434 -0.43304399 -0.27827829
v 0.23738083 -0.40140644 -0.26683334
v 0.24462542 -0.43149391 -0.25275993
v 0.24500348 -0.40112010 -0.25500980
v 0.24853446 -0.40106633 -0.23639140
v 0.24694958 -0.43051961 -0.23431684
v 0.24495783 -0.40487888 -0.21573798
v 0.24361876 -0.43411770 -0.21462849
v 0.23179936 -0.40907958 -0.20337167
v 0.19592366 -0.41179863 -0.21705887
v 0.19832151 -0.44004396 -0.21034323
v 0.20048079 -0.43443552 -0.27555245
v 0.19287427 -0.43705633 -0.26403058
v 0.19140747 -0.43734124 -0.25208160
v 0.18491945 -0.40751722 -0.25796187
v 0.19245853 -0.46754220 -0.23457877
v 0.19059306 -0.46646956 -0.21833643
v 0.20110704 -0.46452728 -0.27396384
v 0.19757241 -0.46632519 -0.25855619
v 0.22383811 -0.46257964 -0.26787803
v 0.21378431 -0.46271780 -0.27837080
v 0.24794561 -0.46044925 -0.25246295
v 0.23691361 -0.46134308 -0.26149410
v 0.23618940 -0.43180659 -0.26348034
v 0.25034249 -0.45935240 -0.23386018
v 0.24745832 -0.46004859 -0.21069573
v 0.19829153 -0.46610430 -0.20079011
v 0.19476563 -0.46766892 -0.24633572
v 0.29933268 -0.53709650 -0.05481463
v 0.29758438 -0.53274071 -0.05607924
v 0.29332030 -0.53266108 -0.05430901
v 0.29252008 -0.53765666 -0.05190421
v 0.26123890 -0.53752983 -0.03277802
v 0.25919908 -0.52663517 -0.03257596
v 0.25027746 -0.52892494 -0.03269954
v 0.24944608 -0.54125810 -0.03206758
v 0.27883989 -0.53698957 -0.03896205
v 0.27930105 -0.54094815 -0.04192236
v 0.28414813 -0.54087245 -0.04373404
v 0.28684393 -0.53687704 -0.04115073
v 0.31309432 -0.53972828 -0.09204255
v 0.31296480 -0.54490924 -0.09361468
v 0.31692541 -0.54481578 -0.09640643
v 0.31815353 -0.54059303 -0.09612855
v 0.30415908 -0.53946388 -0.06909801
v 0.30383429 -0.54436696 -0.07134975
v 0.30768779 -0.54394054 -0.07389760
v 0.30951193 -0.54047632 -0.07318790
v 0.25624421 -0.52706707 -0.05814737
v 0.24126384 -0.52636480 -0.05751383
v 0.24594486 -0.52869976 -0.04246941
v 0.25885004 -0.52592838 -0.04352784
v 0.23885073 -0.53852105 -0.04310174
v 0.23370717 -0.53830659 -0.05909817
v 0.24087530 -0.54658914 -0.06079745
v 0.24543497 -0.54390919 -0.04664716
v 0.25479558 -0.54590762 -0.06049192
v 0.25763661 -0.54342818 -0.04757267
v 0.26254639 -0.53797233 -0.05877623
v 0.26729497 -0.53503227 -0.04502332
v 0.28281707 -0.53532624 -0.06282146
v 0.27800775 -0.52782381 -0.06229119
v 0.28288388 -0.52962303 -0.04947750
v 0.28875622 -0.53603852 -0.05088506
v 0.26748112 -0.52863121 -0.05791750
v 0.27496105 -0.52995872 -0.04641761
v 0.26393941 -0.53911889 -0.05579369
v 0.26852137 -0.54476714 -0.06000763
v 0.27447695 -0.54232526 -0.04787141
v 0.26986358 -0.53683817 -0.04356682
v 0.27787426 -0.54362285 -0.06311922
v 0.28328991 -0.54237413 -0.05128193
v 0.29400066 -0.52863395 -0.07445937
v 0.28430834 -0.52958238 -0.06913535
v 0.28970149 -0.53206527 -0.05958454
v 0.29682830 -0.53161609 -0.06265365
v 0.28576091 -0.53972971 -0.05706803
v 0.28142548 -0.53978276 -0.06656423
v 0.28613627 -0.54453564 -0.07006186
v 0.29063120 -0.54299176 -0.05993072
v 0.29494193 -0.54344749 -0.07401728
v 0.29796043 -0.54300845 -0.06220685
v 0.29930755 -0.53524017 -0.07465467
v 0.30207008 -0.53692651 -0.06296502
v 0.31080902 -0.53738749 -0.09238292
v 0.30689466 -0.53029108 -0.09190878
v 0.30845812 -0.53386056 -0.08079894
v 0.31158766 -0.53996491 -0.08155766
v 0.30020440 -0.53048456 -0.08614372
v 0.30343103 -0.53315711 -0.07746076
v 0.29907897 -0.53756225 -0.07469624
v 0.29778719 -0.53610516 -0.08236146
v 0.29958382 -0.54521430 -0.08532615
v 0.30094910 -0.54537284 -0.07643992
v 0.30694827 -0.54555190 -0.09100671
v 0.30783352 -0.54588377 -0.08013713
v 0.31720042 -0.53264189 -0.11202087
v 0.31846789 -0.53432703 -0.10284206
v 0.32026488 -0.54054177 -0.10387374
v 0.31801766 -0.54046261 -0.11433616
v 0.31179628 -0.53153729 -0.10562707
v 0.31323844 -0.53330123 -0.09893514
v 0.30946401 -0.53841150 -0.09686248
v 0.30945632 -0.53724504 -0.10255803
v 0.30926570 -0.54661572 -0.10471928
v 0.31028095 -0.54653811 -0.09816986
v 0.31466213 -0.54654253 -0.11083026
v 0.31668729 -0.54682016 -0.10204540
v 0.25714132 -0.52854323 -0.07347547
v 0.23795661 -0.52460182 -0.07276897
v 0.25018615 -0.54206753 -0.03731461
v 0.23125230 -0.53863263 -0.07454361
v 0.25711724 -0.54175544 -0.03789785
v 0.25674888 -0.54756522 -0.07397197
v 0.23916246 -0.54823208 -0.07631856
v 0.26022536 -0.53853393 -0.06472555
v 0.28441894 -0.53147972 -0.04227608
v 0.27682677 -0.54680455 -0.08064453
v 0.27905884 -0.53859079 -0.07219216
v 0.27959034 -0.53160250 -0.04064682
v 0.27569842 -0.52811444 -0.07968713
v 0.29167441 -0.53019643 -0.09291936
v 0.29375181 -0.54196441 -0.05418241
v 0.29790190 -0.54203987 -0.05564657
v 0.29366070 -0.54710734 -0.09241869
v 0.29731813 -0.53533864 -0.08460353
v 0.30876914 -0.53581405 -0.07406154
v 0.30590767 -0.54796314 -0.10744847
v 0.30979028 -0.53682256 -0.10241608
v 0.30548489 -0.53537405 -0.07214559
v 0.30554056 -0.53024030 -0.10873018
v 0.31724897 -0.53672504 -0.09725283
v 0.31284386 -0.54861879 -0.12179830
v 0.31663224 -0.54089773 -0.12721753
v 0.31455410 -0.53583980 -0.09484369
v 0.31437749 -0.53179681 -0.12305802
v 0.20924304 -0.44038406 -0.19970840
v 0.20627813 -0.41272071 -0.20626125
v 0.21833587 -0.41241458 -0.20127647
v 0.22141531 -0.43955985 -0.19566327
v 0.23321253 -0.43696788 -0.20012373
v 0.21172774 -0.46438435 -0.18946093
v 0.22544917 -0.46284619 -0.18717554
v 0.23697098 -0.46204403 -0.19453576
v 0.25498050 -0.48271099 -0.23660080
v 0.25085655 -0.48280624 -0.25601733
v 0.23648389 -0.48418143 -0.26286578
v 0.22435926 -0.48572269 -0.27145419
v 0.21326643 -0.48645678 -0.28117913
v 0.20157820 -0.48849645 -0.19409692
v 0.21512863 -0.48330680 -0.17844348
v 0.23131619 -0.47934809 -0.17548974
v 0.24455468 -0.47979513 -0.18535373
v 0.22994605 -0.52185130 -0.08907802
v 0.24919777 -0.51915252 -0.09268935
v 0.24090219 -0.51199746 -0.11166417
v 0.22589137 -0.52389252 -0.11028719
v 0.26691476 -0.52234304 -0.10028356
v 0.25897592 -0.51266432 -0.11951409
v 0.28277045 -0.52524948 -0.11190897
v 0.27422974 -0.51725698 -0.13065800
v 0.29696086 -0.52756989 -0.12553489
v 0.28730717 -0.52218974 -0.14311576
v 0.30893844 -0.53044307 -0.13762516
v 0.29942682 -0.52783847 -0.15522313
v 0.31521139 -0.53987098 -0.14318976
v 0.30771565 -0.53790319 -0.16210173
v 0.22438942 -0.54016423 -0.09132497
v 0.22171955 -0.54059553 -0.11309179
v 0.23394997 -0.55242240 -0.09495866
v 0.23108697 -0.55465007 -0.11646849
v 0.25088289 -0.55249488 -0.09955480
v 0.24674237 -0.55490112 -0.12177731
v 0.30410248 -0.55112100 -0.15821227
v 0.31020483 -0.55129087 -0.13803956
v 0.26916823 -0.55227983 -0.10812828
v 0.26401174 -0.55374348 -0.13055176
v 0.28563285 -0.55313945 -0.11846104
v 0.27975821 -0.55448413 -0.14056206
v 0.29902250 -0.55334818 -0.12892947
v 0.29314843 -0.55443883 -0.15020378
v 0.23049866 -0.50755179 -0.13405891
v 0.24917473 -0.50126898 -0.13938233
v 0.26338950 -0.50629544 -0.15101108
v 0.27666080 -0.51291418 -0.16431800
v 0.28815451 -0.52348769 -0.17683846
v 0.29771647 -0.53521454 -0.18410000
v 0.26880148 -0.50092828 -0.19189607
v 0.27733094 -0.52196622 -0.20138039
v 0.28469646 -0.53555977 -0.20579804
v 0.27304026 -0.53624189 -0.22768830
v 0.26807725 -0.52200198 -0.22585273
v 0.25020710 -0.52473211 -0.26526463
v 0.25855505 -0.52269316 -0.24777783
v 0.26399422 -0.53690803 -0.24999106
v 0.25531402 -0.54029000 -0.26837394
v 0.26351127 -0.50302362 -0.21955582
v 0.25570151 -0.50297558 -0.24252647
v 0.24621493 -0.50347114 -0.25842056
v 0.23343834 -0.54387438 -0.28767291
v 0.23153535 -0.52632916 -0.28769168
v 0.24220644 -0.52581108 -0.27767828
v 0.24606943 -0.54241836 -0.28027400
v 0.21548103 -0.54726207 -0.28807226
v 0.21376149 -0.52928317 -0.29091883
v 0.19939590 -0.53216851 -0.27591309
v 0.20063357 -0.54939520 -0.27460685
v 0.22762422 -0.50536847 -0.27919066
v 0.23623762 -0.50522959 -0.26876581
v 0.21353467 -0.50711751 -0.28516480
v 0.20041227 -0.50988007 -0.27317297
v 0.19660887 -0.53256726 -0.25525123
v 0.19853282 -0.51031971 -0.25496542
v 0.19651626 -0.54921389 -0.25477082
v 0.22033502 -0.52505064 -0.13486329
v 0.21976042 -0.53937364 -0.13819061
v 0.25473654 -0.49185398 -0.17003906
v 0.23897609 -0.49013129 -0.15889415
v 0.21875840 -0.50010276 -0.16178307
v 0.21150079 -0.52434361 -0.16133934
v 0.21583998 -0.53997421 -0.16503808
v 0.20432542 -0.52733731 -0.18605961
v 0.21089648 -0.54144180 -0.18892112
v 0.22830586 -0.55024707 -0.14201549
v 0.22533686 -0.54701388 -0.16900232
v 0.21966776 -0.54816258 -0.19244401
v 0.19983892 -0.52952266 -0.20772375
v 0.20502678 -0.54371810 -0.20926508
v 0.19882514 -0.53058457 -0.22565760
v 0.20125301 -0.54555440 -0.22589171
v 0.19836473 -0.54744542 -0.23967727
v 0.19827721 -0.53152156 -0.24002165
v 0.19748226 -0.51057637 -0.22794080
v 0.19788787 -0.51011050 -0.24109277
v 0.19809523 -0.51080620 -0.20955457
v 0.20329051 -0.50768602 -0.18706080
v 0.29558977 -0.54949439 -0.18138734
v 0.28419164 -0.54794955 -0.20405674
v 0.27177966 -0.54710746 -0.22557962
v 0.26176044 -0.54964721 -0.24718589
v 0.25152576 -0.55286324 -0.26356545
v 0.24268463 -0.55458713 -0.27348050
v 0.23181939 -0.55546904 -0.27988505
v 0.21742076 -0.55645847 -0.27897704
v 0.20656691 -0.55801129 -0.26987746
v 0.20368838 -0.55904531 -0.25428054
v 0.20499685 -0.55902660 -0.24082948
v 0.21308927 -0.55236363 -0.21237503
v 0.20781550 -0.55687582 -0.22768804
v 0.19313705 -0.49078932 -0.21257791
v 0.19291408 -0.49046567 -0.23052832
v 0.19518334 -0.48979548 -0.24267766
v 0.20122212 -0.48848668 -0.27166808
v 0.19893727 -0.48903480 -0.25498593
v 0.24233851 -0.55358350 -0.14766353
v 0.25844708 -0.55287099 -0.15612081
v 0.27318969 -0.55362797 -0.16566676
v 0.28567538 -0.55351603 -0.17436498
v 0.27605018 -0.55270040 -0.19829503
v 0.26462302 -0.55312073 -0.19106916
v 0.25054458 -0.55290353 -0.18253791
v 0.23676074 -0.55067563 -0.17436180
v 0.26448336 -0.55302691 -0.21995983
v 0.25445372 -0.55454898 -0.21318585
v 0.24155471 -0.55465341 -0.20599183
v 0.22976080 -0.55281782 -0.19788650
v 0.22185244 -0.55764627 -0.21760096
v 0.23192786 -0.55851376 -0.22575486
v 0.24358623 -0.55757093 -0.23240390
v 0.25291750 -0.55535734 -0.23989372
v 0.24345890 -0.55741119 -0.25524458
v 0.23492831 -0.55912995 -0.24738620
v 0.22460626 -0.56035566 -0.24064404
v 0.21624736 -0.56035447 -0.23337294
v 0.23657916 -0.55830657 -0.26412019
v 0.22000438 -0.55954289 -0.27087802
v 0.22917292 -0.55884707 -0.26963705
v 0.21259494 -0.56089985 -0.26561207
v 0.21160501 -0.56141758 -0.25490621
v 0.21326762 -0.56132889 -0.24441838
v 0.21842806 -0.56078160 -0.25717086
v 0.22096284 -0.56074476 -0.24981393
v 0.22980325 -0.55951059 -0.25624159
v 0.22533666 -0.55959761 -0.26216850
v 0.21737412 -0.56041646 -0.26295060
v 0.22090575 -0.55986249 -0.26539433
v 0.25299084 -0.48383430 -0.20780462
v 0.03368180 0.90769100 -0.36912018
v 0.00857009 0.83267403 -0.37358591
v 0.17261751 -0.12243220 -0.17587820
v 0.18835054 -0.12365826 -0.17173037
v 0.20360734 -0.12024704 -0.17329404
v 0.19166465 0.29901642 -0.15220329
v 0.16915824 0.53568089 -0.14375374
v 0.17952731 0.58037436 -0.15646723
v 0.17424136 0.55752301 -0.14985122
v 0.19809966 0.27393711 -0.15007800
v 0.20430054 0.59320688 -0.23347418
v -0.00797484 0.29582044 -0.31763387
v 0.00137721 0.79086924 -0.37020823
v 0.21234286 0.75921500 -0.24036917
v -0.00755132 0.37943012 -0.33218482
v 0.15315406 1.06846547 -0.32434097
v 0.15035807 1.06692946 -0.32579365
v 0.15000592 1.06299007 -0.32622471
v 0.14817573 1.06122768 -0.33037895
v 0.14720282 1.05916834 -0.33346072
v 0.14704472 1.05792296 -0.33543304
v 0.15124081 1.06353748 -0.32898107
v 0.14877193 1.06631887 -0.33176157
v 0.15084702 1.06601989 -0.32822230
v 0.15188204 1.06549084 -0.32747751
v 0.10468514 0.81930161 -0.19991671
v 0.10629626 0.80385911 -0.19090046
v 0.10796264 0.78842616 -0.18260288
v 0.10899352 0.77200067 -0.17398167
v 0.09545276 1.01734436 -0.19846672
v 0.09390818 0.48735324 -0.08022378
v 0.09524125 0.50264657 -0.08299407
v 0.00931491 0.52746749 -0.29412094
v 0.08855292 0.43953207 -0.07801966
v 0.09863892 0.52008283 -0.08187309
v 0.00031861 0.66634429 -0.34137136
v 0.10934007 0.75457013 -0.16557696
v 0.08542077 0.41732916 -0.08119453
v -0.00442934 0.72569931 -0.36025903
v 0.10371138 0.54385984 -0.08253479
v 0.07786819 0.31614381 -0.08176869
v 0.10928014 0.61681724 -0.10047701
v 0.03780589 1.12691259 -0.23425995
v 0.02627404 1.11680901 -0.24135800
v 0.03322317 1.10958159 -0.23109613
v 0.04499511 1.11636126 -0.22512943
v 0.03842061 1.10324478 -0.22382718
v 0.04931286 1.10694611 -0.21996132
v 0.01960280 1.10439575 -0.24908496
v 0.02538563 1.10089171 -0.23790337
v 0.02128179 1.06434500 -0.23943882
v 0.02259971 1.07351887 -0.24129236
v 0.01585852 1.06915903 -0.24784385
v 0.01591990 1.05710638 -0.24648602
v 0.02443098 1.03822899 -0.23537251
v 0.02149517 1.02769184 -0.24334076
v 0.02934893 1.02185011 -0.23307526
v 0.03263270 1.03262508 -0.22762774
v 0.06554159 1.05351937 -0.21412711
v 0.06165604 1.05886257 -0.21661617
v 0.05665054 1.05265987 -0.21544391
v 0.06130643 1.04653764 -0.21297486
v 0.07380803 1.06579530 -0.21096085
v 0.07868542 1.07095611 -0.20581552
v 0.07693253 1.07535303 -0.21176386
v 0.07166380 1.06988680 -0.21546999
v 0.07112794 1.04855931 -0.21201536
v 0.06684421 1.04128158 -0.21133967
v 0.07177123 1.05635703 -0.20992523
v 0.06941576 1.05988193 -0.21392271
v 0.07758945 1.05348742 -0.19819118
v 0.08146411 1.05524886 -0.19410497
v 0.07980344 1.06095576 -0.19481595
v 0.07532892 1.05796731 -0.20048511
v 0.07269362 1.04972351 -0.20684159
v 0.07719436 1.04746962 -0.20457423
v 0.07584572 1.05059278 -0.20187271
v 0.07274120 1.05378854 -0.20468573
v 0.07529925 1.06184351 -0.20586216
v 0.07963222 1.06629539 -0.19995362
v 0.08482005 1.06943333 -0.19418058
v 0.08574219 1.06228173 -0.18878277
v 0.05183178 1.03180707 -0.21333453
v 0.05739268 1.02869439 -0.21027996
v 0.06179793 1.03502381 -0.21052894
v 0.05638799 1.03933811 -0.21257690
v 0.07635757 1.04342782 -0.20736845
v 0.07582884 1.02733243 -0.20119505
v 0.08183514 1.02941358 -0.19869003
v 0.08114603 1.03371489 -0.19984096
v 0.07460839 1.03156006 -0.20239818
v 0.04629740 1.01511967 -0.21701264
v 0.04649274 1.00608611 -0.21855177
v 0.05378253 1.00769961 -0.21286295
v 0.05317042 1.01487780 -0.21227512
v 0.05689392 1.00106072 -0.21274990
v 0.04956851 0.99719572 -0.21900059
v 0.06179190 0.98175752 -0.21424201
v 0.06821546 0.99082470 -0.20763165
v 0.06196740 0.99560452 -0.21129154
v 0.05468090 0.98910213 -0.21766250
v 0.08072127 0.99849534 -0.20312081
v 0.07558838 0.98670447 -0.20265597
v 0.08313906 0.98430049 -0.19860302
v 0.08655666 0.99777317 -0.20077685
v 0.07718125 1.02027357 -0.20447986
v 0.07672065 1.02360237 -0.20224962
v 0.07234538 1.02188146 -0.20481975
v 0.07292750 1.01937735 -0.20639491
v 0.06820126 1.01836717 -0.20837973
v 0.06833564 1.01931870 -0.20771039
v 0.06648429 1.02000010 -0.20752916
v 0.06623778 1.01802778 -0.20861170
v 0.07032679 1.01883972 -0.20765099
v 0.06953573 1.01746476 -0.20805176
v 0.07235061 1.01691592 -0.20647243
v 0.07600452 1.01675904 -0.20387930
v 0.09010912 1.01709509 -0.19848584
v 0.09028427 1.02179563 -0.20084259
v 0.08715022 1.02148592 -0.20121247
v 0.08601163 1.01700532 -0.19882476
v 0.06807221 1.02210629 -0.20616320
v 0.07101390 1.02461469 -0.20399737
v 0.06919488 1.02792311 -0.20451760
v 0.06548361 1.02410913 -0.20623487
v 0.06197259 1.02637017 -0.20765345
v 0.05959095 1.02117455 -0.20888385
v 0.06356969 1.02057207 -0.20770085
v 0.06760488 1.01600516 -0.20888180
v 0.06321564 1.01718605 -0.20912781
v 0.06448617 1.01380050 -0.20990056
v 0.06736279 1.01098609 -0.20863259
v 0.07031693 1.01442981 -0.20735484
v 0.07423772 1.01334095 -0.20444465
v 0.07153594 1.00874722 -0.20602581
v 0.07734519 1.00721693 -0.20338842
v 0.07951741 1.01237297 -0.20109938
v 0.06624438 1.03147173 -0.20694947
v 0.05886533 1.01596701 -0.21023357
v 0.05462808 1.02203381 -0.21133073
v 0.05985678 1.01077497 -0.21070997
v 0.06279390 1.00630975 -0.20997487
v 0.07368021 1.00000775 -0.20550805
v 0.06744348 1.00267911 -0.20800148
v 0.07012095 0.97565448 -0.20954484
v 0.07980470 0.97228611 -0.20667493
v 0.04322301 1.09737492 -0.22341585
v 0.05190504 1.09992123 -0.22210599
v 0.04299659 1.08917558 -0.22645259
v 0.04682198 1.09082973 -0.22508988
v 0.04593000 1.09360671 -0.22482546
v 0.04111260 1.09107327 -0.22685865
v 0.02908012 1.07717657 -0.23749858
v 0.02781169 1.07052290 -0.23617840
v 0.03384060 1.07619452 -0.23447557
v 0.03437137 1.08042133 -0.23432741
v 0.04256789 1.07052553 -0.22699998
v 0.04449084 1.07789910 -0.22686657
v 0.04111425 1.07803941 -0.22893623
v 0.03798128 1.07083237 -0.22953835
v 0.04835726 1.07817566 -0.22545923
v 0.04755157 1.07146025 -0.22523843
v 0.05242082 1.07330978 -0.22429621
v 0.05248093 1.07906091 -0.22490413
v 0.05270697 1.09528422 -0.22446042
v 0.05223212 1.09208751 -0.22476849
v 0.05809762 1.09200203 -0.22622152
v 0.05973261 1.09556532 -0.22579357
v 0.06757914 1.08526456 -0.22987892
v 0.07075182 1.08552301 -0.22823472
v 0.07006702 1.08997905 -0.22885726
v 0.06669225 1.08796072 -0.22995250
v 0.06654395 1.08354676 -0.22872376
v 0.06865886 1.08227706 -0.22727148
v 0.04332645 1.14880359 -0.24167390
v 0.02849012 1.13780320 -0.24748471
v 0.05210864 1.13433349 -0.22952984
v 0.01800818 1.12366855 -0.25469741
v 0.01162849 1.10847843 -0.26100200
v 0.02760944 1.01120198 -0.23786156
v 0.03729009 1.00734997 -0.22720498
v 0.03816395 1.01754403 -0.22426632
v 0.02886603 1.00006449 -0.24129549
v 0.03986449 0.99656963 -0.22872540
v 0.05437018 0.97613299 -0.22769311
v 0.04488578 0.98548007 -0.22860856
v 0.01792717 1.00609231 -0.25699329
v 0.01937712 0.99637341 -0.26186395
v 0.03306673 0.98828363 -0.24461722
v 0.01112750 1.00692463 -0.27750972
v 0.01254256 1.00301492 -0.28542662
v 0.02256798 0.98610067 -0.27003208
v 0.04471058 0.95548058 -0.25710621
v 0.02778918 0.96016335 -0.26743576
v 0.02491972 0.94926465 -0.26651642
v 0.04194353 0.94552195 -0.25609595
v 0.01830726 1.01691198 -0.25145841
v 0.01185229 1.07853734 -0.25765157
v 0.00999235 1.06380367 -0.25766510
v 0.01812527 1.08098567 -0.24721752
v 0.00066811 1.13496411 -0.28765929
v -0.00426929 1.11599016 -0.28751555
v 0.00270331 1.11271048 -0.27272901
v 0.00929257 1.13060522 -0.26997551
v 0.02757441 1.17116940 -0.28764451
v 0.01168457 1.15436161 -0.28755108
v 0.02056925 1.14728272 -0.26601595
v 0.03566146 1.16183126 -0.26149967
v -0.01054924 1.11565685 -0.30341950
v -0.00647411 1.13417947 -0.30746797
v -0.01140270 1.12775970 -0.32797572
v -0.01396522 1.11147845 -0.31912813
v 0.00291616 1.15467238 -0.31390074
v -0.00412558 1.14671290 -0.33928975
v 0.01028491 1.00553930 -0.29816368
v 0.01324274 0.98900402 -0.29002517
v 0.01541470 0.97513008 -0.28437003
v 0.02862038 0.97216725 -0.26836970
v 0.01067110 1.16380632 -0.35017365
v 0.01917810 1.17207146 -0.31867093
v -0.00852512 1.08041370 -0.36175093
v -0.01179239 1.07308447 -0.34591743
v -0.01435924 1.08894801 -0.33873722
v -0.01185403 1.09909785 -0.35588968
v -0.00283382 1.08711672 -0.37896633
v -0.00610151 1.10962582 -0.37332612
v 0.00574375 1.02627480 -0.35397407
v 0.01220631 1.02666605 -0.36920121
v 0.01929461 1.01046920 -0.35838062
v 0.01307467 1.01082337 -0.34468740
v 0.03091783 1.09727967 -0.22938739
v 0.02686535 1.09035933 -0.23527397
v 0.03323646 1.08901131 -0.23116358
v 0.03694478 1.09357631 -0.22676975
v 0.01519941 1.09203637 -0.25465903
v 0.02100540 1.09130800 -0.24371485
v 0.00082021 1.09679961 -0.27761441
v -0.00531183 1.09999776 -0.28921920
v -0.01381667 1.09841084 -0.31438521
v -0.01048332 1.10063601 -0.30164585
v -0.01194828 1.06786120 -0.33443484
v -0.01356072 1.07789612 -0.32969218
v 0.00649470 1.01257932 -0.31546631
v 0.00934155 1.01150417 -0.33069703
v 0.01306131 0.99419510 -0.32272941
v 0.00912041 0.99251878 -0.30762511
v 0.02425442 0.99534762 -0.34847128
v 0.01839353 0.99499357 -0.33693814
v 0.01061906 0.96445835 -0.29847500
v 0.01329135 0.96506739 -0.31440282
v 0.00898704 0.95411372 -0.31309703
v 0.00956845 0.95324636 -0.29758584
v 0.01220162 0.95251226 -0.32744315
v 0.01734609 0.96524799 -0.32926244
v 0.02287375 0.96356976 -0.34182036
v 0.01844975 0.94942832 -0.33890569
v 0.07161018 0.93738508 -0.24648911
v 0.05828730 0.94109321 -0.25039703
v 0.05523359 0.93164635 -0.25035056
v 0.06973928 0.92814553 -0.24784149
v 0.00623534 0.94439316 -0.29645237
v 0.00319594 0.94621384 -0.31188995
v 0.00276923 1.02736163 -0.33900902
v 0.00048865 1.02964318 -0.32783136
v 0.00537438 0.94340122 -0.32654616
v 0.01385099 0.97855401 -0.31810346
v 0.01909601 0.97942805 -0.33196473
v 0.03269810 0.99415827 -0.35914767
v 0.02864270 1.01007390 -0.37057927
v 0.06659224 1.06436026 -0.21710727
v 0.06160149 1.07780814 -0.22535416
v 0.06541429 1.07985330 -0.22629566
v 0.06410792 1.08257532 -0.22751424
v 0.06072421 1.08141220 -0.22631612
v 0.07196033 1.12035429 -0.21888061
v 0.05823409 1.12006295 -0.22044790
v 0.06162061 1.10758805 -0.21740727
v 0.07448007 1.10484898 -0.21720648
v 0.03786834 1.04649413 -0.22234695
v 0.04517093 1.03731441 -0.21710414
v 0.05105325 1.04554820 -0.21526209
v 0.04705106 1.05376399 -0.21901388
v 0.03749581 1.08244908 -0.23209658
v 0.03866388 1.08479369 -0.23030512
v 0.03601973 1.08451974 -0.23235087
v 0.04832394 1.02375424 -0.21493180
v 0.04083810 1.02743030 -0.22049484
v 0.01118483 1.04955661 -0.25654215
v 0.02463578 1.08251464 -0.24005279
v 0.04705216 1.18236125 -0.28762239
v 0.05420543 1.17178297 -0.25911048
v 0.03939844 1.18395209 -0.32294354
v 0.03093782 1.17689121 -0.35834125
v 0.00438215 1.12008429 -0.39002389
v 0.02331988 1.12995648 -0.40314654
v 0.02605232 1.09987700 -0.40947711
v 0.00826518 1.09421480 -0.39597550
v 0.02351104 1.02805114 -0.38275540
v 0.03132356 0.96331954 -0.35062340
v 0.02706704 0.94767547 -0.34780183
v 0.06119260 1.15538454 -0.23889236
v 0.06739263 1.13741863 -0.22776954
v 0.00789046 1.09283996 -0.26579905
v 0.02284514 1.05628741 -0.23528942
v 0.02839017 1.04998612 -0.22949195
v 0.03238919 1.06145585 -0.22803952
v 0.02847934 1.06512547 -0.23264499
v 0.01874612 1.04639351 -0.24243511
v 0.01514969 1.03646958 -0.25267708
v 0.01010389 1.02657473 -0.26549423
v 0.01005335 1.01411426 -0.27160430
v -0.01376165 1.11615670 -0.34511405
v -0.01470704 1.10326421 -0.33232400
v 0.00470455 1.14493728 -0.37519184
v -0.00783219 1.13086879 -0.36055240
v -0.01500679 1.09327877 -0.32605061
v 0.02511666 1.15812850 -0.38669595
v 0.08088081 1.03801668 -0.20173380
v 0.08182882 1.04249227 -0.20320645
v 0.07299341 1.03695023 -0.20581542
v 0.08475371 1.01174462 -0.19905210
v 0.08319736 1.00619876 -0.20173983
v 0.08824891 1.00598037 -0.20128898
v 0.08955275 1.01191711 -0.19870570
v 0.07825319 0.96595669 -0.22072940
v 0.06683703 0.96953750 -0.22374170
v 0.07356104 0.94636989 -0.24430107
v 0.06074772 0.94998717 -0.24964046
v 0.08167334 1.05193496 -0.19993623
v 0.08098842 1.05102003 -0.20187587
v 0.08306575 1.05151308 -0.20172790
v 0.08337066 1.05240047 -0.19984698
v 0.06968345 1.02046216 -0.20647162
v 0.08702239 1.03005540 -0.19772109
v 0.08712527 1.02588272 -0.19901563
v 0.09040630 1.02580011 -0.19882615
v 0.09045289 1.02979708 -0.19771174
v 0.04378784 0.97459543 -0.24705526
v 0.04556318 0.96552038 -0.25535932
v 0.01383188 0.95140469 -0.28142628
v 0.01539247 0.96272242 -0.28206053
v 0.01061437 0.97737217 -0.30181229
v 0.02388032 0.97883666 -0.34443554
v 0.03244006 0.97930229 -0.35405448
v 0.04348202 0.97926641 -0.36202139
v 0.04391940 0.99400485 -0.36827722
v 0.06301104 0.96487105 -0.23769686
v 0.06182001 0.95868516 -0.24591860
v 0.07465026 0.95483708 -0.24070564
v 0.07630639 0.96087217 -0.23332527
v 0.08812766 1.04966342 -0.19894557
v 0.08698478 1.04820657 -0.20082535
v 0.08930591 1.04597723 -0.20004603
v 0.08999512 1.04870927 -0.19748347
v 0.08003084 1.04880536 -0.20339635
v 0.08241642 1.04575527 -0.20361465
v 0.08258592 1.04804099 -0.20385842
v 0.07929403 1.05025315 -0.20172778
v 0.08023266 1.05197477 -0.19922878
v 0.08592740 1.05337703 -0.19525924
v 0.08739960 1.05467737 -0.19012181
v 0.08259459 1.05299509 -0.19642007
v 0.08575937 1.05083764 -0.20022434
v 0.08537818 1.04944348 -0.20202346
v 0.08289406 1.04999959 -0.20344585
v 0.08108903 1.05001032 -0.20312263
v 0.08520015 1.05300653 -0.19727598
v 0.08314838 1.05264413 -0.19829220
v 0.08390506 1.07494187 -0.20053402
v 0.08455825 0.94399548 -0.24176335
v 0.08552293 0.95251989 -0.23881294
v 0.06908193 1.01874185 -0.20786487
v 0.06128065 1.10021389 -0.22214460
v 0.03904421 1.06053507 -0.22411518
v 0.05911597 1.06431448 -0.21965909
v 0.05787991 1.06985521 -0.22229488
v 0.05237964 1.06637108 -0.22225679
v 0.05373447 1.05937755 -0.21917981
v 0.06968768 1.09743893 -0.22305749
v 0.07451417 1.09206212 -0.22434610
v 0.07919677 1.09458125 -0.21813279
v 0.07519659 1.08563411 -0.22373155
v 0.07201284 1.08026230 -0.22409520
v 0.07472841 1.07856846 -0.21794203
v 0.07954474 1.08599365 -0.21496792
v 0.03812552 1.08803666 -0.22965570
v 0.04039129 1.08699703 -0.22830789
v 0.06965739 1.07329500 -0.21991928
v 0.06772602 1.07634413 -0.22391969
v 0.06307243 1.07314241 -0.22320770
v 0.06450109 1.06869769 -0.22028798
v 0.04622329 1.06299531 -0.22267976
v 0.03103665 1.08366275 -0.23543988
v 0.03496143 1.07281387 -0.23251197
v 0.00413107 1.02539134 -0.31258351
v -0.00144428 1.03554964 -0.32000363
v 0.00581950 1.01905584 -0.29150942
v 0.00595374 1.02075958 -0.29593101
v 0.01038170 1.01508272 -0.29345950
v 0.00889956 1.01526034 -0.28803420
v -0.01033539 1.06975484 -0.31482288
v -0.00882460 1.07041276 -0.31056249
v -0.00993663 1.07670665 -0.30978644
v -0.01108272 1.07537627 -0.31747356
v -0.00791431 1.07318676 -0.30380645
v -0.00757163 1.06995583 -0.30370781
v -0.00628542 1.06976485 -0.30024841
v -0.00720389 1.07656896 -0.30195749
v -0.00393170 1.07475793 -0.29469278
v -0.00470241 1.08618224 -0.29165903
v -0.00878227 1.08740699 -0.30143377
v 0.00488342 1.07463825 -0.27150962
v 0.00013171 1.08200216 -0.28226042
v -0.00026605 1.06980908 -0.28857446
v 0.00228231 1.06185257 -0.28323966
v 0.00676220 1.02723503 -0.28022602
v 0.00673702 1.01879525 -0.28289789
v 0.00880950 1.01860666 -0.30180904
v 0.00138411 1.06593573 -0.37957370
v -0.00493344 1.06170070 -0.36258218
v -0.00845517 1.05786479 -0.34781873
v -0.00893572 1.05572534 -0.33579633
v 0.01164774 1.06985152 -0.39582506
v 0.02855205 1.07219493 -0.40900132
v 0.00491982 1.05730236 -0.26933461
v 0.00392862 1.05025244 -0.28071508
v 0.00016527 1.04351389 -0.35986486
v 0.00707903 1.04594696 -0.37604943
v -0.00407356 1.04205739 -0.34518263
v -0.00441451 1.04305959 -0.33335045
v 0.01787668 1.04876339 -0.39107412
v 0.03362433 1.04806483 -0.40167785
v 0.03768190 1.02773392 -0.39125517
v 0.00050172 1.02670085 -0.29081899
v 0.00031236 1.02112973 -0.28913629
v 0.00315261 1.02021384 -0.28767294
v 0.00356779 1.02608466 -0.28674889
v 0.00569751 1.03847444 -0.27994090
v 0.00698321 1.04238951 -0.26829541
v 0.08184764 1.08045089 -0.20683426
v 0.09044217 0.98379183 -0.19770946
v 0.09151062 0.99791813 -0.19971183
v 0.08638756 1.03832638 -0.19977534
v 0.08660547 1.03418028 -0.19842342
v 0.09014471 1.03363979 -0.19838589
v 0.08985439 1.03771794 -0.19958113
v 0.06595732 1.09363496 -0.22772312
v 0.04163879 1.01060915 -0.38002005
v 0.04233002 0.96331275 -0.35789153
v 0.03821655 0.94694507 -0.35541713
v 0.01145333 0.93833435 -0.33822715
v 0.02087493 0.93470383 -0.34767824
v 0.08969459 1.04193544 -0.20030886
v 0.08643208 1.04228592 -0.20099698
v 0.08559924 1.05231035 -0.19847846
v 0.08232783 1.02509475 -0.19993645
v 0.08529073 1.04781520 -0.20224652
v 0.08623889 1.04547465 -0.20166200
v 0.09152436 1.04554892 -0.19931400
v 0.09146675 1.04167068 -0.20008378
v 0.05713232 1.07559884 -0.22428516
v 0.05669842 1.08012366 -0.22529718
v 0.08767340 1.05158389 -0.19644447
v 0.08943693 1.05099237 -0.19385281
v 0.03810557 0.93551135 -0.25554517
v 0.02163833 0.93929899 -0.26614413
v 0.09268759 1.02578461 -0.19898868
v 0.09264123 1.02967000 -0.19779682
v 0.00131357 1.05385458 -0.29072553
v -0.00131778 1.06103003 -0.29344711
v -0.00296682 1.05519152 -0.29812056
v -0.00036422 1.04917252 -0.29609579
v 0.08275174 0.93491161 -0.24465241
v 0.01191632 0.94156408 -0.28104711
v 0.03241748 0.93309045 -0.35620904
v 0.03868037 1.07889163 -0.23086761
v 0.03748032 1.08040893 -0.23222318
v 0.06315613 1.09061539 -0.22848359
v 0.08115739 1.01681972 -0.20053753
v 0.08240092 1.02094936 -0.20226139
v 0.08640252 0.95913351 -0.23213170
v 0.09179378 1.04831314 -0.19661844
v -0.00582340 1.06284583 -0.30799055
v -0.00489021 1.05937493 -0.30712181
v -0.00705057 1.05820262 -0.30425447
v -0.00745547 1.06159556 -0.30390429
v -0.00823463 1.06566334 -0.29854807
v -0.01029976 1.06900430 -0.30028176
v -0.01127982 1.06503010 -0.30175418
v -0.00924349 1.06230843 -0.30104518
v -0.00447250 1.06660640 -0.29641393
v -0.00568361 1.06140769 -0.29846212
v -0.01323437 1.07003224 -0.30205312
v -0.01283706 1.06693399 -0.30338278
v -0.00799347 1.07033372 -0.30611318
v -0.01067723 1.07154465 -0.30360565
v -0.01285852 1.07296288 -0.30826747
v -0.01665113 1.07077813 -0.30557519
v -0.01628415 1.07221854 -0.31424507
v -0.02053215 1.06930792 -0.31053779
v -0.01792496 1.06723917 -0.31925151
v -0.02304380 1.06528509 -0.31559634
v 0.00384800 1.03500724 -0.28767943
v 0.00248363 1.03453743 -0.29487792
v -0.01807164 1.06013548 -0.32128251
v -0.02364859 1.05930984 -0.31868902
v -0.01702086 1.05239904 -0.32202086
v -0.02253080 1.05184388 -0.31962276
v -0.01536918 1.04434645 -0.32050636
v -0.02012292 1.04434514 -0.31844243
v -0.01307694 1.03634417 -0.31767574
v -0.01768007 1.03746998 -0.31531253
v -0.00959687 1.02756894 -0.31256586
v -0.01442750 1.03122377 -0.31022260
v -0.01842450 1.06347430 -0.31541348
v -0.01634196 1.06714177 -0.31196970
v -0.00967253 1.06560886 -0.31634209
v -0.01426328 1.06837595 -0.30716801
v -0.00468846 1.05277658 -0.31446603
v -0.00388271 1.04973137 -0.31247792
v -0.00631594 1.05061662 -0.30821481
v -0.00412101 1.05315304 -0.31147471
v -0.00165700 1.04655313 -0.29953802
v -0.00152572 1.04112399 -0.29872540
v 0.00085392 1.04185605 -0.29455134
v 0.00020915 1.03724468 -0.29905808
v 0.00058175 1.04151988 -0.30117375
v 0.00037681 1.03835201 -0.30098459
v 0.00112009 1.04499459 -0.30220696
v -0.00037405 1.03668177 -0.30205056
v -0.00116121 1.03516495 -0.30023402
v 0.00045386 1.03759277 -0.30313963
v 0.00104135 1.03875065 -0.30263278
v 0.00158292 1.04033792 -0.30394062
v 0.00123597 1.04276872 -0.30653951
v 0.00275878 1.04450059 -0.28873059
v 0.00053714 1.03175092 -0.30949056
v -0.00451295 1.03902817 -0.31430072
v -0.01002722 1.02651370 -0.30418536
v -0.00559846 1.02118051 -0.30418092
v -0.00112118 1.01830304 -0.29075393
v -0.00347304 1.01797068 -0.29646328
v -0.00891524 1.06023133 -0.31733629
v -0.00863476 1.05364859 -0.31810594
v 0.00429770 1.02637041 -0.30177507
v -0.00714768 1.04666674 -0.31716686
v -0.01252628 1.03521121 -0.30990505
v -0.00887523 1.03198302 -0.30545968
v -0.01594399 1.03972661 -0.31352594
v -0.00191438 1.03203273 -0.29703072
v -0.00562187 1.03115320 -0.30065122
v -0.00641440 1.02539158 -0.29784778
v -0.00296035 1.02573740 -0.29323545
v -0.00672691 1.03582895 -0.30602625
v -0.01060761 1.03836143 -0.30880845
v -0.00345177 1.03770614 -0.30812743
v -0.00699981 1.04053271 -0.31060246
v -0.00169836 1.03652823 -0.30451596
v -0.00355124 1.03470337 -0.30283538
v 0.00020775 1.03935170 -0.30954838
v -0.00303324 1.04340672 -0.31273159
v 0.00047501 1.03785670 -0.30531406
v -0.01038972 1.04375386 -0.31134945
v -0.00699950 1.04683042 -0.31272957
v -0.01044615 1.05031037 -0.31084302
v -0.01313668 1.04761076 -0.31093028
v -0.01383728 1.04186130 -0.31126067
v -0.01634505 1.04601121 -0.31278309
v -0.01752161 1.04537809 -0.31628618
v -0.01734878 1.05135274 -0.31422803
v -0.01850014 1.05197346 -0.31745490
v -0.01462543 1.05150855 -0.31196699
v -0.01256440 1.05265677 -0.31007031
v -0.01915862 1.05847549 -0.31724134
v -0.01733057 1.05668247 -0.31426731
v -0.01632497 1.06108475 -0.31330389
v -0.01530066 1.05537260 -0.31185815
v -0.01437251 1.05880225 -0.31119773
v -0.01358219 1.05482590 -0.31038952
v -0.01253400 1.05678749 -0.30952793
v -0.01020086 1.06606317 -0.30537567
v -0.00860123 1.06430924 -0.30397859
v -0.01237962 1.06585169 -0.30798271
v -0.01066826 1.06317389 -0.30803686
v -0.00940699 1.06428707 -0.30671445
v -0.00795049 1.06328976 -0.30656257
v -0.00949282 1.06087267 -0.30747691
v -0.00737684 1.05913603 -0.30920368
v 0.06546244 0.90807068 -0.24784024
v 0.07883912 0.90494573 -0.25020593
v 0.08050621 0.91495955 -0.24924281
v 0.06760466 0.91830504 -0.24858597
v -0.01254362 1.06133056 -0.30972075
v -0.01097601 1.05887485 -0.30829152
v -0.01446558 1.06426013 -0.31108227
v -0.00888758 1.05485952 -0.31113157
v -0.00959088 1.05669034 -0.30933407
v -0.01117178 1.05473292 -0.30933467
v -0.01016798 1.05340505 -0.31036618
v -0.00213059 1.05052865 -0.30131209
v -0.00050020 1.04852092 -0.30501428
v -0.00120202 1.04548132 -0.30879918
v 0.02355181 0.90145099 -0.24216315
v 0.02637835 0.90807855 -0.25041616
v 0.00775674 0.91493261 -0.25636965
v 0.00278726 0.90993202 -0.24735184
v 0.02275002 0.88526368 -0.21302594
v -0.00706479 0.89375842 -0.21507123
v 0.00533133 0.87421906 -0.19377743
v 0.02713655 0.86853004 -0.19851255
v 0.01409482 0.85734427 -0.17847258
v 0.03287653 0.85309350 -0.18509239
v 0.03173385 0.81234586 -0.14452067
v 0.04798623 0.80967295 -0.15115468
v 0.04342768 0.82376051 -0.16194054
v 0.02683476 0.82680917 -0.15481354
v 0.01475909 0.74080992 -0.10084748
v 0.01698058 0.72218895 -0.10309888
v 0.03169622 0.72486830 -0.10502650
v 0.02728993 0.74175358 -0.10344763
v -0.04446496 0.83162570 -0.13675869
v -0.04808410 0.84811926 -0.14522555
v -0.05732372 0.83717346 -0.13877469
v -0.05439091 0.82100034 -0.13346744
v -0.04564350 0.92517900 -0.25182295
v -0.02866913 0.91313708 -0.23290010
v -0.02123272 0.91526067 -0.24720272
v -0.03721686 0.92697120 -0.26226190
v -0.04198244 0.75366485 -0.12162367
v -0.03585096 0.74147153 -0.11641661
v -0.02658462 0.75172615 -0.11235550
v -0.03154599 0.76387739 -0.11666684
v -0.02665424 0.65151644 -0.10912424
v -0.02935149 0.62952697 -0.10586269
v -0.00801169 0.62820101 -0.09681444
v -0.00612716 0.65030658 -0.10087834
v -0.09074271 0.67363775 -0.15707844
v -0.10701689 0.66881466 -0.18015939
v -0.10480118 0.65109932 -0.17906754
v -0.08974671 0.65380275 -0.15535346
v 0.00104982 0.81424463 -0.13363323
v 0.01592009 0.81392634 -0.13874480
v 0.01063448 0.82844031 -0.14812392
v -0.00461334 0.82872117 -0.14214295
v -0.15141438 0.73828316 -0.07088120
v -0.14359374 0.72534811 -0.07937057
v -0.13198100 0.74377620 -0.09072400
v -0.14068462 0.75695586 -0.08366972
v -0.09450206 0.55233157 -0.14037094
v -0.10466035 0.55591261 -0.16447836
v -0.11047848 0.53673494 -0.16143754
v -0.09924254 0.53227794 -0.13659544
v -0.10395469 0.86827648 -0.13786668
v -0.09633003 0.88142562 -0.14651677
v -0.11355329 0.89534366 -0.15976286
v -0.12141548 0.88248384 -0.14834344
v -0.04642049 0.79807258 -0.12631825
v -0.03631881 0.80551136 -0.12517107
v -0.04084088 0.81820083 -0.12981665
v -0.05067253 0.80872750 -0.12926659
v -0.11338273 0.70116079 -0.18381466
v -0.09935306 0.70672894 -0.16559970
v -0.10323575 0.72210908 -0.17062530
v -0.11680424 0.71732306 -0.18664315
v -0.09489238 0.69032276 -0.16106057
v -0.11002854 0.68497181 -0.18171346
v -0.02517721 0.81076252 -0.12667754
v -0.01265084 0.81318009 -0.12953271
v -0.01847831 0.82755411 -0.13694634
v -0.03041151 0.82468998 -0.13286626
v 0.01785060 0.70511830 -0.10631422
v 0.03590962 0.70887768 -0.10817006
v -0.08239166 0.52644694 -0.11593707
v -0.06213757 0.51983082 -0.10078907
v -0.05957457 0.54235876 -0.10398632
v -0.07877445 0.54778934 -0.11969516
v 0.01558890 0.67050350 -0.10105113
v 0.01766304 0.68939888 -0.10569016
v -0.00036983 0.68869758 -0.10780564
v -0.00390461 0.67060804 -0.10484446
v -0.03962996 0.51333332 -0.08980069
v -0.01591106 0.50768077 -0.07988150
v -0.01342973 0.53214085 -0.08299510
v -0.03713860 0.53681517 -0.09249918
v 0.02107566 0.84178603 -0.16576010
v 0.03847395 0.83825910 -0.17303421
v -0.00836161 0.74058974 -0.10392022
v -0.00925521 0.72285199 -0.10573141
v 0.00323363 0.72172523 -0.10346709
v 0.00240407 0.74046767 -0.10138127
v -0.07352963 0.79065812 -0.14374524
v -0.06476671 0.80657005 -0.13503744
v -0.06926002 0.82058859 -0.13621689
v -0.07883906 0.79677379 -0.14540233
v -0.11481528 0.51714408 -0.15877250
v -0.10259867 0.51206422 -0.13386366
v -0.04190869 0.48947075 -0.08824988
v -0.01801716 0.48337218 -0.07886332
v -0.13675213 0.77471364 -0.19340289
v -0.13203707 0.76819181 -0.19485743
v -0.12019107 0.77133846 -0.18195342
v -0.12492800 0.77940583 -0.18238750
v 0.06520295 0.73904896 -0.11891218
v 0.05251836 0.75040543 -0.11389835
v 0.04461257 0.73415935 -0.10825796
v 0.05350379 0.71948910 -0.11303910
v -0.01195058 0.70568991 -0.10975578
v -0.01626375 0.69026649 -0.11181951
v 0.00208770 0.70461810 -0.10730788
v 0.07690389 0.72587883 -0.12698993
v 0.06346071 0.70042717 -0.11631151
v 0.05610661 0.83394265 -0.17989421
v 0.06028146 0.81991088 -0.16914567
v 0.05203407 0.84819973 -0.19114119
v 0.07065426 0.84352326 -0.19679692
v 0.06767304 0.85726964 -0.20902747
v 0.04851394 0.86230576 -0.20379102
v 0.06642799 0.87107182 -0.22070305
v 0.04689991 0.87692130 -0.21609533
v 0.04500574 0.89489424 -0.24021156
v 0.04634472 0.90295935 -0.24716978
v -0.06012859 0.79651582 -0.13302106
v -0.05620452 0.78724444 -0.13145918
v -0.06450751 0.49691838 -0.09902109
v -0.10545848 0.83982146 -0.30995029
v -0.10593735 0.82081413 -0.31226978
v -0.11924289 0.82799172 -0.29723912
v -0.11877011 0.84645414 -0.29414791
v -0.05489390 0.92567658 -0.24244116
v -0.03928479 0.91463578 -0.22110182
v -0.15084751 0.78412569 -0.23975591
v -0.14734077 0.77773249 -0.24823394
v -0.14644028 0.76789606 -0.24210973
v -0.14957425 0.77552330 -0.23552051
v -0.14980407 0.77351964 -0.21034993
v -0.15462203 0.76924086 -0.20578331
v -0.16006336 0.77399671 -0.21002398
v -0.15293789 0.77805388 -0.21544430
v -0.11441457 0.53878522 -0.18717654
v -0.10825650 0.55755413 -0.18996358
v -0.11724325 0.67005479 -0.25217497
v -0.12006305 0.66725016 -0.22845216
v -0.12410334 0.68489552 -0.22579069
v -0.12257716 0.68906856 -0.24660140
v -0.01640113 0.79663813 -0.36450884
v -0.01782362 0.78085899 -0.36317477
v -0.03764028 0.78717589 -0.35747847
v -0.03664686 0.80364072 -0.35818753
v -0.07338318 0.83984983 -0.33907336
v -0.07074644 0.85669208 -0.33750805
v -0.05219732 0.84449530 -0.35084185
v -0.05522768 0.82897985 -0.35130727
v -0.09079306 0.83158243 -0.32570904
v -0.09192689 0.81276393 -0.32730874
v -0.12616353 0.71589911 -0.20370778
v -0.12308662 0.70012116 -0.20332074
v -0.13066198 0.73655546 -0.20477077
v -0.12120853 0.73874152 -0.19039918
v -0.12283379 0.74570620 -0.19129688
v -0.13217846 0.74370682 -0.20490822
v -0.02900301 0.92996657 -0.27167737
v -0.03829757 0.93069184 -0.29227421
v -0.04894133 0.92862010 -0.28218374
v -0.02782772 0.89558959 -0.34505847
v -0.03128698 0.88887966 -0.34705421
v -0.04220654 0.89743459 -0.33566830
v -0.03525512 0.90250802 -0.33575273
v -0.04478366 0.71325111 -0.34404662
v -0.02353601 0.70944190 -0.35068327
v -0.02265197 0.68899310 -0.34545764
v -0.04625104 0.69101119 -0.33837375
v -0.13957539 0.75041139 -0.21725650
v -0.14192365 0.75743032 -0.21523488
v -0.14543442 0.76164865 -0.22364327
v -0.14286283 0.75415671 -0.22710620
v -0.14056002 0.74724078 -0.22962566
v -0.13826884 0.73980725 -0.23174249
v -0.13582616 0.73718119 -0.21863450
v -0.13768844 0.74427640 -0.21808821
v -0.12774232 0.70651364 -0.24174970
v -0.12774619 0.70253348 -0.22283916
v -0.13155188 0.71760237 -0.22072418
v -0.13266222 0.72089410 -0.23767476
v -0.01644002 0.62144530 -0.32398054
v -0.03914254 0.62104738 -0.31912813
v -0.04176987 0.64460635 -0.32622448
v -0.01900029 0.64434505 -0.33214864
v -0.10692920 0.78793657 -0.15728897
v -0.09469163 0.79257715 -0.14614198
v -0.10049891 0.78430128 -0.14451030
v -0.11433107 0.77769971 -0.15637814
v -0.17769191 0.78682220 -0.20790678
v -0.18471201 0.78437257 -0.20053504
v -0.18739723 0.78993809 -0.19896504
v -0.18035361 0.79311192 -0.20742016
v -0.13399780 0.75714612 -0.16304338
v -0.12128440 0.76495481 -0.15265979
v -0.12948179 0.74939477 -0.14586852
v -0.14290352 0.74237680 -0.15723823
v -0.07978576 0.92138636 -0.25809383
v -0.06443217 0.92674685 -0.23307961
v -0.06948496 0.92400384 -0.26550806
v -0.14664957 0.75983858 -0.18693356
v -0.15431750 0.74954677 -0.18321778
v -0.16376856 0.75129509 -0.19051030
v -0.15485342 0.76037180 -0.19555640
v -0.16558552 0.75042546 -0.06827894
v -0.15530884 0.76841331 -0.08222575
v -0.16490674 0.72454667 -0.15813321
v -0.17749166 0.72488356 -0.16408986
v -0.16475439 0.73726463 -0.17562224
v -0.15408562 0.73740327 -0.16762331
v -0.11199263 0.65181148 -0.25524518
v -0.11589777 0.64988828 -0.23009552
v -0.10274021 0.53768575 -0.23456506
v -0.11141853 0.53897071 -0.21199512
v -0.10521807 0.55804944 -0.21491848
v -0.09780316 0.55757380 -0.23723407
v -0.11908478 0.51932430 -0.18512456
v -0.10594712 0.51684618 -0.23174524
v -0.11546649 0.51901484 -0.20955396
v -0.01556296 0.93617439 -0.30536625
v -0.01345561 0.93085694 -0.32318592
v -0.02445388 0.92572570 -0.32026532
v -0.02707025 0.93310738 -0.29977486
v -0.13490126 0.40042958 -0.17704320
v -0.13602053 0.36996743 -0.17974328
v -0.13357607 0.36752319 -0.14882952
v -0.13021919 0.39737579 -0.14744449
v -0.00374136 0.90619671 -0.35085538
v -0.01585951 0.91555011 -0.33648711
v -0.00534793 0.92242742 -0.33747694
v 0.00518547 0.91466534 -0.34966949
v -0.12609048 0.42273852 -0.14884903
v -0.13179564 0.42719290 -0.17741413
v -0.01054525 0.93383157 -0.28725162
v -0.02015334 0.93201494 -0.27951828
v -0.00804182 0.92306995 -0.26625079
v 0.00010350 0.92665875 -0.27393505
v 0.01365582 0.92102909 -0.26274490
v -0.12732066 0.35933378 -0.12123241
v -0.12095512 0.38729209 -0.12117713
v -0.00338113 0.93631268 -0.32557437
v 0.00356714 0.92960858 -0.33841744
v 0.01355654 0.92395377 -0.34880003
v 0.02592483 0.92107725 -0.35837874
v -0.12050299 0.49967030 -0.18347362
v -0.11577402 0.49716684 -0.15730301
v -0.11506705 0.25934976 -0.26015338
v -0.09267801 0.25406486 -0.27561924
v -0.08772163 0.23590842 -0.26422754
v -0.11482222 0.24021533 -0.24869192
v -0.02877465 0.25819197 -0.29274353
v -0.02067705 0.24324682 -0.27719387
v -0.05521078 0.23760420 -0.27386108
v -0.06383739 0.25279742 -0.28684697
v -0.03809422 0.38249338 -0.32253349
v -0.06573687 0.38516298 -0.31250224
v -0.06214959 0.40683335 -0.30659842
v -0.03587756 0.40393263 -0.31694949
v -0.10765877 0.49725816 -0.23008062
v -0.11706945 0.49942151 -0.20789818
v -0.10314085 0.49153572 -0.13325681
v -0.13661674 0.22337016 -0.11055730
v -0.15039726 0.23090941 -0.14656308
v -0.15124425 0.19775450 -0.15008405
v -0.14030059 0.18947122 -0.11478217
v -0.13417765 0.19944173 -0.21611287
v -0.13580014 0.22679272 -0.21825983
v -0.11230469 0.22023019 -0.24231772
v -0.11026154 0.19658750 -0.23817343
v 0.00559762 0.47831574 -0.06963572
v -0.01953949 0.45995551 -0.07990880
v 0.00420271 0.45423231 -0.07195739
v 0.07093161 0.46668836 -0.06739105
v 0.04905464 0.47007057 -0.06273812
v 0.04935495 0.44598064 -0.06733425
v 0.06947632 0.44252378 -0.07129521
v 0.05086855 0.31670287 -0.07689759
v 0.06578565 0.31764597 -0.07874277
v 0.06477117 0.34219629 -0.08198467
v 0.04808747 0.34311309 -0.07871480
v -0.10585691 0.37413329 -0.09932487
v -0.08229758 0.36139032 -0.08472982
v -0.07842804 0.38642964 -0.08943982
v -0.10021427 0.39989394 -0.10369435
v -0.01303517 0.23260066 -0.26091298
v -0.04626335 0.22513646 -0.26271597
v -0.11783557 0.18074194 -0.08339324
v -0.11296372 0.21612093 -0.08055952
v -0.08508649 0.17402560 -0.06476779
v -0.04955032 0.17188972 -0.06514154
v -0.04763041 0.20443374 -0.06310970
v -0.08201821 0.20805907 -0.06381138
v 0.04692130 0.22793809 -0.10925655
v 0.04304698 0.24884230 -0.08511464
v 0.03250079 0.24134329 -0.09108089
v 0.03975108 0.22640243 -0.11684643
v -0.03789157 0.29507992 -0.31547943
v -0.03480697 0.27696750 -0.30619773
v -0.06740321 0.27182063 -0.29868633
v -0.06904334 0.29339439 -0.30792430
v -0.09192134 0.51384974 -0.25012159
v -0.09386390 0.49310783 -0.24909326
v -0.07552733 0.51044607 -0.26442474
v -0.08946002 0.53544486 -0.25238180
v -0.07315432 0.53307581 -0.26630023
v -0.08460282 0.66209614 -0.29901484
v -0.10133024 0.65588892 -0.27872649
v -0.10777438 0.67429328 -0.27671310
v -0.09244791 0.68218458 -0.29840040
v -0.05797270 0.79502428 -0.35119963
v -0.05708434 0.81228638 -0.35161394
v -0.07699659 0.19780055 -0.25286916
v -0.03311259 0.20535985 -0.25337803
v -0.04676152 0.17314249 -0.25087622
v -0.08195899 0.17134801 -0.24863504
v -0.13360751 0.17079952 -0.21462074
v -0.14779875 0.17008808 -0.18748948
v -0.14941052 0.20167708 -0.18616599
v -0.15039706 0.16440940 -0.15245695
v -0.14101532 0.15542787 -0.11624115
v -0.08604257 0.13951772 -0.06744687
v -0.05049477 0.13842115 -0.06901718
v 0.02088931 0.17431903 -0.12775248
v 0.00475576 0.17226607 -0.10326737
v 0.00168800 0.14592576 -0.11081928
v 0.01596163 0.14964187 -0.13745084
v 0.00647004 0.31061503 -0.07219435
v -0.02714725 0.33201987 -0.07362109
v -0.03246833 0.30851015 -0.06974360
v -0.00446705 0.28900003 -0.07072490
v 0.06873065 0.49142513 -0.06525436
v 0.05068945 0.49592933 -0.06176135
v 0.02867009 0.47413456 -0.06358208
v 0.03071229 0.49991947 -0.06326273
v 0.00788962 0.50366127 -0.07000040
v 0.06305335 0.59930515 -0.07879891
v 0.03830709 0.60117376 -0.07907717
v 0.03861367 0.57627594 -0.07433566
v 0.06286040 0.57403910 -0.07373151
v 0.06225539 0.62505102 -0.08571611
v 0.03753482 0.62671709 -0.08535076
v 0.06219301 0.67384100 -0.10523735
v 0.03896314 0.69220150 -0.10753645
v 0.03756274 0.67185724 -0.10104781
v 0.07365869 0.82924962 -0.18613680
v 0.07698272 0.81507671 -0.17623575
v -0.11190645 0.34662208 -0.09765469
v -0.00009991 0.19836479 -0.23524740
v 0.01719600 0.18924919 -0.21122541
v 0.00689237 0.16438055 -0.21872479
v -0.01479196 0.17002630 -0.23972841
v -0.11517325 0.41288850 -0.12404781
v -0.08496651 0.50498760 -0.11360797
v -0.08544628 0.48344862 -0.11389524
v -0.06610741 0.68192554 -0.13471191
v -0.06913669 0.65598595 -0.13533375
v 0.03981700 0.75718439 -0.11053934
v 0.03745303 0.74497795 -0.10659882
v -0.15059766 0.23350370 -0.18519315
v -0.08570957 0.10708942 -0.07197332
v -0.08427773 0.07705066 -0.07827739
v -0.05083440 0.07555488 -0.08145471
v -0.05043550 0.10608795 -0.07481351
v 0.01165321 0.12506047 -0.17302507
v 0.00894039 0.12167680 -0.14590514
v 0.00014799 0.09256712 -0.15362987
v 0.00110912 0.09588894 -0.17926447
v -0.00896374 0.06620923 -0.18375859
v -0.00773353 0.06127593 -0.15817162
v -0.01346244 0.03118815 -0.16496563
v -0.01676407 0.03691718 -0.18821092
v -0.11940388 0.14551294 -0.08553039
v -0.13920030 0.09045879 -0.11834396
v -0.11745530 0.08151392 -0.09139812
v -0.11903581 0.11237094 -0.08792789
v -0.14084846 0.12209710 -0.11720102
v -0.11155856 0.17013305 -0.23547719
v 0.02151852 0.15344724 -0.16398427
v 0.02826177 0.17643774 -0.15438624
v -0.01864926 0.10247537 -0.22454540
v -0.03968958 0.10619029 -0.24065898
v -0.02816632 0.13762423 -0.24171193
v -0.00574461 0.13353625 -0.22295472
v -0.13633491 0.11139973 -0.21037385
v -0.14658965 0.10816702 -0.18347314
v -0.14706162 0.13896298 -0.18509300
v -0.13491522 0.14098656 -0.21273398
v -0.14910743 0.13183618 -0.15163557
v -0.14722000 0.10029814 -0.15143672
v -0.13426726 0.02997104 -0.12133234
v -0.11111656 0.02251038 -0.09961389
v -0.11470096 0.05154834 -0.09556728
v -0.13668726 0.05967638 -0.11929200
v -0.14340290 0.04038021 -0.15109207
v -0.14507435 0.07027773 -0.15116084
v -0.14617938 0.07832565 -0.18198058
v -0.14578800 0.04886695 -0.17965281
v -0.13697052 0.05401089 -0.20375344
v -0.13733786 0.08269755 -0.20775640
v -0.12096146 0.08357313 -0.22784185
v -0.12273142 0.05610183 -0.22293146
v -0.09901702 0.08309951 -0.23975012
v -0.07417905 0.08102223 -0.24316101
v -0.08151603 0.05398282 -0.23767349
v -0.10370132 0.05567053 -0.23418963
v -0.04045631 0.04627815 -0.22477227
v -0.05923230 0.05052223 -0.23518337
v -0.05007464 0.07754532 -0.23826684
v -0.03036453 0.07355168 -0.22466323
v -0.07555127 -0.05777869 -0.22775587
v -0.09210528 -0.05277982 -0.22814623
v -0.08311400 -0.02692107 -0.22818413
v -0.06529267 -0.03170696 -0.22742629
v -0.10847013 -0.04853711 -0.22843303
v -0.12471060 -0.04618517 -0.22274217
v -0.11668925 -0.02170167 -0.22242068
v -0.10021846 -0.02370187 -0.22705540
v -0.14085589 -0.02622787 -0.19503972
v -0.13097502 -0.02228674 -0.21146722
v -0.13865685 -0.04682443 -0.21146807
v -0.14798062 -0.05120317 -0.19540124
v -0.15574908 -0.05711820 -0.17421930
v -0.15180226 -0.03186151 -0.17419907
v -0.14984678 -0.06788728 -0.15236035
v -0.14860021 -0.04207047 -0.15075451
v -0.12981565 -0.05284318 -0.12772140
v -0.13301466 -0.07812676 -0.12892109
v -0.03311124 -0.05258546 -0.18833536
v -0.04265278 -0.07927837 -0.19387767
v -0.04842348 -0.07147363 -0.21156420
v -0.03685418 -0.04499229 -0.20636272
v -0.04816788 -0.06192473 -0.14434429
v -0.05761228 -0.06471255 -0.11703381
v -0.06402452 -0.09030643 -0.12758571
v -0.05573270 -0.08846852 -0.15313172
v -0.14322320 0.01208368 -0.15135446
v -0.13178077 0.00136295 -0.12337259
v -0.13647617 0.02641186 -0.19921449
v -0.14568789 0.02092919 -0.17738706
v -0.04907790 0.01986047 -0.22523366
v -0.06771734 0.02438864 -0.23206678
v -0.01919002 0.00271246 -0.17213127
v -0.02325660 0.00872997 -0.19390866
v -0.07956813 -0.03815272 -0.09577106
v -0.07934771 -0.00995197 -0.09368366
v -0.10877796 -0.00613519 -0.10190694
v -0.10821714 -0.03431150 -0.10272424
v -0.14571582 -0.01517054 -0.15030059
v -0.14776760 -0.00576534 -0.17557371
v -0.13744874 -0.00013235 -0.19601116
v -0.12656552 0.00322018 -0.21359572
v -0.11135201 0.00347040 -0.22410284
v -0.09366760 0.00201354 -0.22844206
v -0.07528864 -0.00083664 -0.22958308
v -0.05719278 -0.00574895 -0.22587720
v -0.02945167 -0.01861128 -0.20027603
v -0.02552179 -0.02560338 -0.18062380
v -0.08568811 -0.09010413 -0.11019526
v -0.08135656 -0.06545678 -0.10023741
v -0.11082511 -0.06095580 -0.10485812
v -0.11359480 -0.08563510 -0.11048685
v -0.09242786 -0.11081048 -0.12240093
v -0.07551342 -0.11058035 -0.13802187
v -0.11885390 -0.07420226 -0.23211910
v -0.13440548 -0.07206842 -0.22524668
v -0.14796384 -0.07306352 -0.21381898
v -0.16279608 -0.08401998 -0.17648081
v -0.15282606 -0.09480699 -0.15263417
v -0.13386741 -0.10425743 -0.13238895
v -0.11452034 -0.10714474 -0.11963339
v -0.07165405 -0.12360761 -0.21852016
v -0.06076984 -0.09625164 -0.21412539
v -0.05537446 -0.10321465 -0.19803989
v -0.06770898 -0.12919429 -0.20194855
v -0.09595078 -0.11176714 -0.23829408
v -0.11215313 -0.10553799 -0.24346414
v -0.10184804 -0.07861707 -0.23242648
v -0.08637390 -0.08392069 -0.22788855
v -0.13029429 -0.10164245 -0.24109016
v -0.14684935 -0.10008076 -0.23266895
v -0.16077043 -0.10009941 -0.22057989
v -0.17065056 -0.11144724 -0.17848106
v -0.15881029 -0.07649586 -0.19752511
v -0.17059804 -0.10345426 -0.20180334
v -0.15805222 -0.12310836 -0.15085562
v -0.13953857 -0.16427991 -0.13916732
v -0.13176915 -0.13421336 -0.13433093
v -0.16640924 -0.15318713 -0.15241197
v -0.13240664 -0.26432803 -0.16630502
v -0.15794204 -0.25969836 -0.15883820
v -0.16145518 -0.29441878 -0.16945982
v -0.13916460 -0.29883417 -0.17576784
v -0.07518423 -0.15814981 -0.20784453
v -0.07863900 -0.15338615 -0.22629854
v -0.10307075 -0.14208266 -0.24986549
v -0.12155443 -0.13549051 -0.25406909
v -0.19076957 -0.17104974 -0.18548311
v -0.18160923 -0.14058027 -0.17977710
v -0.18269916 -0.13217542 -0.20589952
v -0.19229539 -0.16288438 -0.21192330
v -0.09096347 -0.25594416 -0.22742420
v -0.09526104 -0.25218329 -0.24647667
v -0.08708745 -0.21829358 -0.24265516
v -0.08248781 -0.22261623 -0.22217958
v -0.12744397 -0.16798243 -0.26434004
v -0.10786282 -0.17429188 -0.26002803
v -0.11374304 -0.20754573 -0.26705238
v -0.13334879 -0.20157859 -0.27089483
v -0.19788939 -0.24044278 -0.19705169
v -0.19616316 -0.20434079 -0.19092163
v -0.19845155 -0.19690636 -0.21706960
v -0.20059720 -0.23446229 -0.22135004
v -0.14677519 -0.19417420 -0.14359042
v -0.17483652 -0.18268415 -0.15817200
v -0.18020049 -0.21466640 -0.16498283
v -0.15387185 -0.22601917 -0.15036452
v -0.11949576 -0.19888708 -0.15176916
v -0.12631705 -0.23049173 -0.15781161
v -0.11997764 -0.32482174 -0.24752541
v -0.10782088 -0.28731462 -0.24704367
v -0.10372277 -0.29239604 -0.23004875
v -0.11670056 -0.33016393 -0.23303598
v -0.14032288 -0.23749819 -0.27168843
v -0.12096518 -0.24257752 -0.26929173
v -0.13047028 -0.27934441 -0.26621965
v -0.14691338 -0.27534857 -0.26931331
v -0.19821061 -0.31984475 -0.20979638
v -0.19815631 -0.27945217 -0.20368528
v -0.20056926 -0.27476522 -0.22587651
v -0.19932880 -0.31539991 -0.23030084
v -0.16545521 -0.33184317 -0.18051811
v -0.18451898 -0.28690305 -0.18038169
v -0.18684039 -0.32580468 -0.18975875
v -0.16834576 -0.36961988 -0.18792777
v -0.15197374 -0.37295035 -0.19146124
v -0.14576818 -0.33557382 -0.18535781
v -0.12813522 -0.36642542 -0.23455703
v -0.12972631 -0.36226085 -0.24855381
v -0.14338809 -0.35551533 -0.26539192
v -0.15625040 -0.35125151 -0.26906902
v -0.15233871 -0.31375924 -0.26796734
v -0.13808505 -0.31768993 -0.26474681
v -0.18391132 -0.31259564 -0.25831115
v -0.16868454 -0.31202516 -0.26564699
v -0.17139271 -0.34962466 -0.26698908
v -0.18508059 -0.35051003 -0.25970766
v -0.19759282 -0.35293469 -0.23413149
v -0.19453827 -0.31310585 -0.24643518
v -0.19372112 -0.35106745 -0.24887922
v -0.19729006 -0.35677722 -0.21485725
v -0.18727477 -0.36358580 -0.19581312
v 0.02305446 0.21958244 -0.21086100
v 0.03127585 0.21320179 -0.18436751
v 0.02508641 0.20508018 -0.19927895
v 0.01313780 0.21517321 -0.22587974
v -0.00870206 0.08582464 -0.12501541
v -0.00331246 0.11693869 -0.11798979
v -0.01815531 0.02512721 -0.13842148
v -0.01399570 0.05403003 -0.13072363
v -0.02429207 -0.00433090 -0.14711452
v -0.03096019 -0.03233168 -0.15762064
v -0.03681160 -0.06021317 -0.16752201
v -0.04615831 -0.08585057 -0.17414644
v -0.05781947 -0.10945513 -0.17852147
v -0.07030393 -0.13542649 -0.18179075
v -0.08462037 -0.19278160 -0.19242476
v -0.07864127 -0.18978676 -0.21516961
v -0.08042087 -0.16291103 -0.18659055
v -0.09635118 -0.26018444 -0.20349516
v -0.08882879 -0.22548768 -0.19790381
v -0.10775135 -0.29716507 -0.20922802
v -0.12039272 -0.33465490 -0.21553481
v -0.13209619 -0.37033960 -0.21833025
v -0.01539706 0.22813419 -0.07354175
v 0.00846236 0.21975970 -0.09033340
v 0.00961675 0.23694205 -0.08406694
v -0.01395594 0.25038195 -0.07155018
v 0.04457305 0.21940911 -0.14325175
v 0.04619412 0.22108969 -0.12903568
v 0.04102346 0.22122097 -0.13542235
v 0.04037882 0.21999562 -0.15088832
v -0.12977859 -0.02596995 -0.12512183
v -0.12380499 0.02928052 -0.21731877
v -0.10701694 0.02931700 -0.22836156
v -0.08776627 0.02759228 -0.23201220
v -0.03820031 -0.03705480 -0.13103935
v -0.03464628 -0.00864169 -0.12206963
v -0.05166776 -0.01127430 -0.10128893
v -0.05428968 -0.03881237 -0.10885276
v -0.11266077 -0.17154828 -0.14699927
v -0.10032515 -0.19633844 -0.17192668
v -0.09360170 -0.16798338 -0.16537063
v -0.10603601 -0.14754263 -0.13974516
v -0.15904640 -0.12831661 -0.24164499
v -0.17410327 -0.12825444 -0.22717917
v -0.14872001 -0.16191235 -0.26072595
v -0.16891749 -0.15865847 -0.25108194
v -0.14034383 -0.13054249 -0.25077578
v -0.02833680 0.04730818 -0.10571823
v -0.05145301 0.04571721 -0.08895552
v -0.05217510 0.01708367 -0.09625491
v -0.03095560 0.01916436 -0.11399812
v -0.10109773 0.57602656 -0.21925825
v -0.09437715 0.57621086 -0.24124441
v -0.03684675 0.71695256 -0.11769680
v -0.04819479 0.70155084 -0.12466435
v -0.03237808 0.69425750 -0.11746551
v -0.02479161 0.70974326 -0.11317897
v -0.05934207 0.71328413 -0.13087167
v -0.04637270 0.72736788 -0.12281331
v -0.05352043 0.74028969 -0.12873960
v -0.06669015 0.72696090 -0.13716483
v -0.08399887 0.77703941 -0.15716270
v -0.08867496 0.78211820 -0.15933309
v 0.06187677 0.64982235 -0.09435946
v 0.08630337 0.64630532 -0.10022235
v 0.08613728 0.66983902 -0.11115682
v 0.02723806 0.44945338 -0.06749357
v 0.00391818 0.34770447 -0.07560569
v 0.03263146 0.31343862 -0.07419480
v 0.02775673 0.34440655 -0.07631230
v 0.05973838 0.24502173 -0.09100668
v -0.05923137 0.61996734 -0.30737355
v -0.06187123 0.64364147 -0.31298041
v -0.03467339 0.81907737 -0.35884312
v -0.01447644 0.81141984 -0.36551103
v -0.02817540 0.84740376 -0.35915199
v -0.02420624 0.85996568 -0.35894948
v -0.00594632 0.85147238 -0.36654052
v -0.00930078 0.83894145 -0.36652458
v 0.01879811 0.90984309 -0.36052588
v 0.01136625 0.89892375 -0.36208898
v 0.03821273 0.22079557 -0.16612887
v 0.03755413 0.21958476 -0.15907353
v 0.03460730 0.22116521 -0.17785642
v 0.02384523 0.19562018 -0.11892274
v 0.03209753 0.19498542 -0.14367783
v 0.03349484 0.20929945 -0.13475445
v 0.02507448 0.21321008 -0.11122162
v -0.13136320 0.25592637 -0.10589650
v -0.14679983 0.26533741 -0.14058395
v -0.08147734 0.21915430 -0.25728303
v -0.20408955 0.69874942 -0.13480669
v -0.21697833 0.70457447 -0.13410296
v -0.20452203 0.71764076 -0.15066160
v -0.19084907 0.71241212 -0.15002143
v -0.06592052 0.71985555 -0.33255491
v -0.07226878 0.69497335 -0.32004571
v -0.01468468 0.92005980 -0.25787333
v -0.08253004 0.92474926 -0.21034774
v -0.06537499 0.91630495 -0.18878385
v -0.05745846 0.91720212 -0.19994473
v -0.07360242 0.92627192 -0.22241400
v -0.12653573 0.86876643 -0.27327359
v -0.12040026 0.88644075 -0.26436442
v -0.11159085 0.88488019 -0.27972272
v -0.11677481 0.86540782 -0.28851885
v -0.03927755 0.35963920 -0.32557163
v -0.06781659 0.36216184 -0.31649750
v -0.03390705 0.55266225 -0.29268947
v -0.05389134 0.55327332 -0.28376716
v -0.05415662 0.57439327 -0.29235920
v -0.03434944 0.57480752 -0.30196270
v -0.09319171 0.71283984 -0.30933285
v -0.10499208 0.70071566 -0.29115787
v 0.08273618 0.75047767 -0.13580503
v 0.08324195 0.76964819 -0.14617375
v 0.06888197 0.77663994 -0.13760698
v 0.06889948 0.75966346 -0.12773064
v -0.20976105 0.75596023 -0.16631174
v -0.19285256 0.76020300 -0.18428792
v -0.18716034 0.74999869 -0.18236417
v -0.20316328 0.74024415 -0.16636528
v -0.14864834 0.27154163 -0.18486209
v -0.13635090 0.25266182 -0.22280701
v -0.10724840 0.61291933 -0.20140198
v -0.10684437 0.61321223 -0.22809130
v -0.10300149 0.59419036 -0.22406155
v -0.10455038 0.59366703 -0.19825804
v -0.11675560 0.66691291 -0.20440210
v -0.11361910 0.64946222 -0.20423092
v -0.11981422 0.68322790 -0.20367831
v -0.14429234 0.77011383 -0.21354999
v -0.13934293 0.76736498 -0.20575187
v -0.14360142 0.77274323 -0.20330240
v 0.00713635 0.19804153 -0.09642839
v 0.01712651 0.26436165 -0.07544927
v 0.02708498 0.27739090 -0.07402685
v 0.04223140 0.22006562 -0.15695114
v 0.00765398 0.93289351 -0.27912238
v 0.01833551 0.92980123 -0.26557052
v -0.13740769 0.76341772 -0.17649791
v -0.14480573 0.75139022 -0.17353350
v -0.12494925 0.75068808 -0.19264063
v -0.11203019 0.75622141 -0.18037528
v -0.11597098 0.76066279 -0.18101369
v -0.12882048 0.75639820 -0.19366302
v -0.13717937 0.75585294 -0.20535459
v -0.13423675 0.74892926 -0.20544830
v -0.03468054 0.83890259 -0.14159563
v -0.02376945 0.84259021 -0.14691579
v -0.02872734 0.85775733 -0.15901595
v -0.03880874 0.85457003 -0.15241230
v -0.01077116 0.84391391 -0.15249342
v 0.00438655 0.84361196 -0.15881374
v -0.00305839 0.85946631 -0.17186090
v -0.01736109 0.85948789 -0.16539015
v -0.00121204 0.90572011 -0.23385997
v 0.02249097 0.89757180 -0.22753987
v 0.04585306 0.88875282 -0.22802565
v 0.06520550 0.88208866 -0.23111263
v 0.00545976 0.88782275 -0.36379507
v 0.00072177 0.87506318 -0.36514595
v -0.01710108 0.88228965 -0.35630009
v -0.01473050 0.89606118 -0.35169131
v 0.02970727 0.91651666 -0.25423166
v 0.04863125 0.91221654 -0.24948607
v 0.06411990 0.89828491 -0.24582712
v -0.18270388 0.75824440 -0.06934904
v -0.17331117 0.77642322 -0.08419611
v -0.00467085 0.94006300 -0.30989796
v -0.00066821 0.93806791 -0.29322132
v -0.19189878 0.78134835 -0.08979921
v -0.20094725 0.76280439 -0.07443964
v -0.03631264 0.89784396 -0.19297856
v -0.04903234 0.91629219 -0.21037801
v -0.04508953 0.89910138 -0.18377194
v 0.03341070 0.92597365 -0.25538334
v 0.05160438 0.92197537 -0.24996758
v -0.14008029 0.29793453 -0.13177311
v -0.12410910 0.28652230 -0.10161720
v -0.07563157 0.56868136 -0.12364819
v -0.09055471 0.57216215 -0.14428191
v 0.08645624 0.59605420 -0.08369717
v 0.08606181 0.57104051 -0.07823220
v 0.08152990 0.92508745 -0.24722357
v 0.05634093 0.52238369 -0.06518619
v 0.07787082 0.51657546 -0.07025100
v 0.08269604 0.54458904 -0.07399662
v 0.06054522 0.54834747 -0.06961876
v 0.08175319 0.48834556 -0.07184861
v 0.08172755 0.47573724 -0.07202115
v 0.05391963 0.29424414 -0.07569074
v 0.06602772 0.29490539 -0.07721391
v -0.11404091 0.80708051 -0.11419620
v -0.10616806 0.82208216 -0.12142915
v -0.11797918 0.83859837 -0.12289893
v -0.12736019 0.82186723 -0.11485750
v 0.03459038 0.52640450 -0.06671460
v 0.01079329 0.52918541 -0.07344094
v -0.06963228 0.78298926 -0.14229360
v -0.08073464 0.77091134 -0.15506428
v 0.08682822 0.69374800 -0.12450732
v 0.05497411 0.76681149 -0.12185694
v 0.05401784 0.78172922 -0.13076951
v 0.03862855 0.78488374 -0.12550990
v 0.04011196 0.77112126 -0.11713322
v 0.03998571 0.22256392 -0.16794196
v -0.18937089 0.82501519 -0.18613721
v -0.18377273 0.83070624 -0.19781566
v -0.18485329 0.82054377 -0.20146254
v -0.19102870 0.81577933 -0.18945527
v 0.03165131 0.19744486 -0.17120692
v 0.02563262 0.18116242 -0.18292150
v -0.00080381 0.22583091 -0.24347408
v 0.01775305 0.22481266 -0.22740324
v -0.02056190 0.14077321 -0.08620051
v -0.01856021 0.17230904 -0.08033234
v -0.02310817 0.10841349 -0.09199205
v -0.02569315 0.07735900 -0.09870541
v -0.06772956 -0.11254182 -0.15891001
v -0.08278251 -0.13942209 -0.15749046
v -0.10686685 -0.22828713 -0.17777821
v -0.11442079 -0.26249084 -0.18465327
v -0.12296422 -0.29889420 -0.19221805
v -0.13220727 -0.33676329 -0.19945461
v -0.14005449 -0.37311819 -0.20326528
v -0.21714966 0.76203465 -0.08251570
v -0.20951626 0.78192866 -0.09999479
v -0.22068624 0.77340877 -0.11051121
v -0.22913821 0.75518477 -0.09180357
v -0.15302558 0.72793734 -0.14841881
v -0.14001267 0.73348236 -0.13690396
v -0.15155837 0.71758878 -0.12671191
v -0.16477551 0.71409190 -0.13727553
v -0.17727740 0.69893014 -0.12521490
v -0.19080004 0.69737458 -0.13154641
v -0.17726858 0.71179318 -0.14560376
v -0.22804977 0.71428061 -0.13040897
v -0.23544012 0.72511911 -0.12385057
v -0.22378336 0.73995364 -0.14327019
v -0.21632321 0.72707641 -0.14804003
v -0.23687299 0.74640739 -0.10284702
v -0.22737859 0.76306343 -0.12111931
v -0.22871910 0.75211203 -0.13266899
v -0.23917373 0.73596179 -0.11408364
v -0.14378779 0.71404099 -0.09153223
v -0.15173048 0.70617020 -0.10477832
v -0.13911051 0.72336590 -0.11479024
v -0.13165414 0.73176789 -0.10172723
v -0.13571335 0.85195899 -0.12818006
v -0.14486122 0.83329976 -0.11931397
v -0.08279786 0.80264473 -0.14792316
v -0.07651962 0.81622899 -0.13709986
v -0.08115372 0.80959618 -0.13549100
v -0.08862208 0.80156398 -0.14855048
v -0.14518829 0.78640234 -0.09580979
v -0.13607867 0.80432022 -0.10600510
v -0.15388852 0.81401932 -0.10963642
v -0.16366078 0.79478621 -0.09789027
v -0.11982930 0.74909711 -0.11218795
v -0.12740473 0.74000537 -0.12442058
v -0.11648314 0.75657284 -0.13368502
v -0.10846277 0.76534259 -0.12128546
v -0.19093843 0.72996414 -0.16671775
v -0.17614983 0.74135470 -0.18043488
v -0.09640513 0.80481744 -0.12330971
v -0.10358351 0.79098427 -0.11793362
v -0.06623061 0.77447581 -0.14118950
v -0.10733348 0.74438643 -0.17688304
v -0.10924576 0.75120401 -0.17882197
v -0.01957590 0.72601652 -0.10863432
v -0.01723935 0.74151301 -0.10707910
v -0.08305880 0.71538675 -0.14940226
v -0.08759804 0.73000872 -0.15557975
v -0.02865294 0.73189032 -0.11221483
v -0.02359398 0.74240255 -0.10993527
v 0.01481890 0.65010667 -0.09553055
v 0.06379384 0.88985646 -0.24044020
v -0.12171036 0.79128623 -0.10610826
v -0.11121319 0.77776313 -0.11164027
v -0.17977685 0.76540864 -0.19599347
v -0.16897422 0.77033150 -0.20462927
v -0.16253465 0.76425433 -0.20144513
v -0.17305188 0.75737846 -0.19414851
v -0.12139113 0.74180102 -0.28616545
v -0.10909624 0.72786736 -0.29848599
v -0.11619805 0.71797001 -0.28133014
v -0.12629126 0.73316169 -0.27083927
v -0.18588328 0.83692002 -0.17227080
v -0.18284063 0.84010088 -0.16008863
v -0.17514068 0.85331619 -0.17161141
v -0.17955242 0.84665596 -0.18323013
v -0.16754144 0.85841775 -0.15705568
v -0.17585166 0.84183955 -0.14538258
v -0.16311747 0.83989978 -0.13008276
v -0.15434016 0.85849726 -0.14097294
v -0.13893132 0.34149671 -0.18619427
v -0.13890426 0.33658251 -0.15505949
v -0.06529279 0.47465202 -0.09976212
v -0.04318053 0.46672896 -0.08905892
v -0.02418096 0.35913530 -0.07747341
v 0.02866028 0.23393103 -0.09684533
v 0.03689664 0.22302824 -0.12247923
v 0.01745234 0.15784314 -0.19208875
v -0.13341768 0.32797098 -0.12511991
v 0.00689731 0.12917146 -0.19867741
v -0.00518204 0.09914436 -0.20320128
v -0.06694549 0.10911515 -0.24753253
v -0.09419972 0.11122463 -0.24405347
v -0.08857587 0.14088252 -0.24651243
v -0.05791716 0.14002198 -0.24978366
v -0.11847273 0.11165938 -0.23124628
v -0.11535032 0.14097440 -0.23331772
v -0.08097115 0.01883325 -0.09074275
v -0.15490936 -0.19664225 -0.26755679
v -0.17910323 -0.23175195 -0.25918964
v -0.17527649 -0.19324180 -0.25758901
v -0.16048232 -0.23395684 -0.26863363
v -0.19046326 -0.19315353 -0.24012876
v -0.18415639 -0.15864536 -0.23453255
v -0.18271482 -0.24968156 -0.17185497
v -0.16514648 -0.27260938 -0.26669666
v -0.18171044 -0.27199587 -0.25812945
v -0.19321311 -0.23145124 -0.24262209
v -0.19433472 -0.27222297 -0.24414295
v 0.03504214 0.20895615 -0.15914313
v -0.10728443 0.24775031 -0.07858455
v -0.10057479 0.27710781 -0.07813297
v -0.03788996 0.28521416 -0.06665897
v -0.01055986 0.26958606 -0.07016599
v -0.01135581 0.55552077 -0.08628827
v -0.03496401 0.55931175 -0.09542187
v -0.03116059 0.60634744 -0.10217378
v -0.05254491 0.60906208 -0.11409065
v -0.05440391 0.58667111 -0.11076684
v -0.03271606 0.58270323 -0.09860322
v -0.08867231 0.61231935 -0.15085299
v -0.10088950 0.61264610 -0.17525354
v -0.09972879 0.59312499 -0.17201431
v -0.08867256 0.59208822 -0.14776860
v -0.10026929 0.57418633 -0.16809094
v -0.10360155 0.57519162 -0.19388300
v -0.07321417 0.59639001 -0.28497216
v -0.08667666 0.59604704 -0.26726362
v -0.08981255 0.61675119 -0.27299735
v -0.07594191 0.61857784 -0.29130149
v 0.04091106 0.28842455 -0.07399983
v 0.03884791 0.21957314 -0.14236142
v -0.01700813 0.20179409 -0.07608324
v -0.04458628 0.23491222 -0.06290659
v -0.07706782 0.23999041 -0.06364316
v -0.12681308 0.76988876 -0.16631335
v -0.14247635 0.77007902 -0.25619128
v -0.14266650 0.76003087 -0.24855098
v -0.18614113 0.82457554 -0.13421784
v -0.17250080 0.82073534 -0.11934326
v -0.09915572 0.77925360 -0.12754501
v -0.11020148 0.85362637 -0.13011144
v -0.09796084 0.83518219 -0.12703094
v -0.09068702 0.84865093 -0.13289744
v -0.05640729 0.34595615 -0.07710339
v -0.08867079 0.33285049 -0.08030127
v -0.06176701 0.32133275 -0.07176189
v 0.02639158 0.22388363 -0.20963617
v 0.01198310 0.25125438 -0.07899481
v -0.01614463 0.06980606 -0.20591061
v -0.02522527 0.04163327 -0.20879701
v -0.03362406 0.01455018 -0.21219330
v -0.04110618 -0.01174590 -0.21594739
v -0.04906420 -0.03788337 -0.22020282
v -0.06023462 -0.06339266 -0.22292764
v -0.07256836 -0.08993402 -0.22330694
v -0.08230872 -0.11736611 -0.23030315
v -0.08241153 -0.18527111 -0.23518935
v -0.09292194 -0.17976943 -0.25029546
v -0.08837445 -0.14749721 -0.24084412
v -0.09836760 -0.21342978 -0.25723892
v -0.10619734 -0.24773583 -0.26044458
v -0.11768182 -0.28324500 -0.25865379
v -0.12770867 -0.32079521 -0.25770134
v -0.13499895 -0.35853127 -0.25841036
v 0.03671571 0.22188562 -0.17773879
v 0.03190229 0.22302336 -0.19239961
v -0.02573394 0.89465404 -0.20343508
v -0.09728593 0.76562834 -0.16928560
v -0.10166740 0.76997650 -0.17067909
v -0.09202124 0.79109299 -0.13141301
v -0.21815918 0.77741766 -0.13939154
v -0.21301658 0.78978360 -0.13046324
v -0.10750693 0.77196860 -0.14076382
v -0.09286694 0.79103959 -0.15950499
v -0.09854561 0.79644907 -0.16002202
v -0.21722580 0.60503304 0.04491607
v -0.23270731 0.60765076 0.04635826
v -0.22849949 0.58779943 0.05605599
v -0.21435501 0.58497107 0.05322036
v -0.20483625 0.59936178 0.03818962
v -0.20379357 0.57956159 0.04604918
v -0.21587180 0.55815637 -0.01553866
v -0.20442276 0.56617618 -0.00742720
v -0.20770596 0.54930294 0.00426112
v -0.21962799 0.54215968 -0.00279654
v -0.19721596 0.55422914 0.04425356
v -0.19722544 0.54719996 0.03356052
v -0.19589843 0.56516719 0.02430102
v -0.19736688 0.57266510 0.03591731
v -0.24975379 0.55678248 -0.01594074
v -0.26259518 0.56406260 -0.00912893
v -0.26094934 0.57776952 -0.02436787
v -0.24650823 0.57084870 -0.03021581
v -0.19982050 0.63253307 -0.05534830
v -0.20994762 0.62231159 -0.06372282
v -0.20389107 0.63722897 -0.06906368
v -0.19578415 0.64746380 -0.05993609
v -0.22338603 0.64534104 0.02583024
v -0.24020173 0.64656687 0.02357897
v -0.23651223 0.62714303 0.03553775
v -0.21987511 0.62512088 0.03580421
v -0.19216183 0.62329793 -0.00277819
v -0.19333820 0.61340332 -0.01683304
v -0.19343653 0.63456511 -0.02601604
v -0.19303477 0.64494431 -0.01195842
v -0.22761227 0.66499674 0.01400325
v -0.24384306 0.66466248 0.00936233
v -0.19388571 0.58356273 0.01552108
v -0.19716445 0.57500577 0.00303036
v -0.19456151 0.59366274 -0.00695598
v -0.19238611 0.60294223 0.00664985
v -0.25131893 0.52952468 0.01386035
v -0.26136538 0.53616452 0.02138144
v -0.26265410 0.55015540 0.00630650
v -0.25122970 0.54311490 -0.00095273
v -0.20218019 0.54040515 0.02409753
v -0.21040495 0.53332174 0.01621393
v -0.19996636 0.55743933 0.01347274
v -0.25091326 0.56580484 0.06075147
v -0.23831333 0.56852365 0.06501836
v -0.24342097 0.58769035 0.05417979
v -0.25643128 0.58415115 0.04825109
v -0.20754817 0.59357476 -0.03881754
v -0.19817944 0.60306621 -0.02941604
v -0.20086880 0.58399487 -0.01880765
v -0.21174572 0.57532537 -0.02756555
v -0.20777929 0.64040339 0.02094576
v -0.20590013 0.61954856 0.02987600
v -0.26104689 0.60219157 0.03495887
v -0.24814112 0.60683978 0.04286319
v -0.25195491 0.62542558 0.02985946
v -0.26460940 0.61977839 0.02063009
v -0.27424261 0.62539172 -0.00694960
v -0.27316117 0.61355352 -0.01983440
v -0.27298775 0.59945059 -0.00343530
v -0.27231094 0.61048830 0.00907789
v -0.20368139 0.61336458 -0.04835318
v -0.21630688 0.60446668 -0.05561243
v -0.24151213 0.58572495 -0.04397088
v -0.25766048 0.59160447 -0.03937678
v -0.25238317 0.60563004 -0.05390711
v -0.23458053 0.60119021 -0.05742679
v -0.20369197 0.68908739 -0.01638244
v -0.21877061 0.69529033 -0.01164433
v -0.21536012 0.68097329 -0.00032598
v -0.20138945 0.67487216 -0.00776416
v -0.23253281 0.68349469 0.00013611
v -0.23587157 0.69718754 -0.01393191
v -0.24678315 0.70953691 -0.04390271
v -0.25441954 0.70311904 -0.05328756
v -0.25661311 0.69533598 -0.04497422
v -0.24891536 0.70201778 -0.03445823
v -0.27658147 0.65098906 -0.04099287
v -0.26985464 0.63960183 -0.05345824
v -0.27219450 0.62699020 -0.03654490
v -0.27618861 0.63894105 -0.02357308
v -0.25290662 0.63886368 -0.07456167
v -0.23732965 0.63004291 -0.07687913
v -0.24520715 0.61859214 -0.06677441
v -0.25935420 0.62800336 -0.06178613
v -0.21620242 0.67358625 -0.10820293
v -0.20205422 0.67204070 -0.10435198
v -0.21163942 0.66045415 -0.09711329
v -0.22650047 0.66274202 -0.09973173
v -0.18464215 0.66804242 -0.08274847
v -0.17576502 0.67844713 -0.08804977
v -0.16816540 0.68529344 -0.07627414
v -0.17746997 0.67543578 -0.07185451
v -0.19863412 0.72534060 -0.04293902
v -0.21644725 0.73058820 -0.04643591
v -0.21791728 0.72156096 -0.03783642
v -0.20097566 0.71612239 -0.03631659
v -0.27521917 0.66066587 -0.05624154
v -0.26620674 0.65122175 -0.06964852
v -0.19163370 0.65894067 -0.07829073
v -0.18453550 0.66727376 -0.06849757
v -0.19081514 0.65873194 -0.06435636
v -0.19814058 0.64939427 -0.07354821
v -0.18558618 0.68766224 -0.04904781
v -0.19139422 0.69810247 -0.03873193
v -0.19416629 0.68982506 -0.03325161
v -0.19096868 0.67925513 -0.04459670
v -0.20257266 0.70821714 -0.03054777
v -0.21891658 0.71381021 -0.03035521
v -0.21977805 0.70538139 -0.02164802
v -0.20368786 0.69945729 -0.02404795
v -0.27394310 0.66786587 -0.06593473
v -0.27209136 0.67713499 -0.05635804
v -0.26857132 0.68170202 -0.06507808
v -0.26968715 0.67294729 -0.07415497
v -0.24450247 0.64719832 -0.08460519
v -0.22922505 0.64084160 -0.08449806
v -0.19469742 0.66850007 -0.04024823
v -0.19331279 0.65797663 -0.04978822
v -0.18892761 0.66877389 -0.05434994
v -0.23661245 0.70626497 -0.02563108
v -0.22891019 0.67691576 -0.10861350
v -0.23990844 0.68277526 -0.10683256
v -0.22954403 0.69194746 -0.11838746
v -0.21799479 0.68615079 -0.11949829
v -0.20540005 0.68342602 -0.11760128
v -0.19120489 0.68293095 -0.11268897
v -0.16496958 0.69047892 -0.09468257
v -0.15690863 0.69754255 -0.08235078
v -0.15601593 0.70806992 -0.06991578
v -0.16203977 0.72010458 -0.06051996
v -0.17241734 0.70618761 -0.05356683
v -0.16685125 0.69457138 -0.06408750
v -0.19117647 0.74071848 -0.05538489
v -0.20925990 0.74495435 -0.05967133
v -0.23080413 0.72990978 -0.05360248
v -0.22493513 0.74338853 -0.06657603
v -0.20447095 0.65269160 -0.08622590
v -0.19692893 0.66274536 -0.09142281
v -0.26984662 0.59446776 0.02434150
v -0.27157977 0.58464253 0.01205263
v -0.26890028 0.56897914 0.02701113
v -0.26570347 0.57756698 0.03870431
v -0.26559031 0.54452586 0.03090751
v -0.26837406 0.55932009 0.01594898
v -0.19678722 0.59184945 0.02798972
v -0.19666570 0.61171985 0.01957858
v -0.20213670 0.56074166 0.05410251
v -0.19626769 0.67924225 -0.02817064
v -0.19507518 0.66509867 -0.02020630
v -0.26123390 0.69578969 -0.06334431
v -0.25236166 0.71077228 -0.06217371
v -0.25831825 0.70285225 -0.07239860
v -0.27326632 0.67258573 -0.04386872
v -0.27207860 0.66330266 -0.02762723
v -0.25885937 0.67330050 -0.01722277
v -0.26089704 0.68483937 -0.03570588
v -0.26343459 0.67800033 -0.08189839
v -0.26408353 0.68707597 -0.07309679
v -0.25889540 0.69372296 -0.08210658
v -0.25607690 0.68421066 -0.09065291
v -0.18316352 0.71625972 -0.04637807
v -0.18798372 0.70615983 -0.04203944
v -0.24477370 0.73018348 -0.08606710
v -0.24924086 0.71958625 -0.07290943
v -0.24114256 0.72519934 -0.06254621
v -0.23687418 0.73690498 -0.07489873
v -0.24422662 0.71693838 -0.05272141
v -0.24782081 0.72172809 -0.09746606
v -0.25380486 0.71158493 -0.08374901
v -0.17454550 0.73179722 -0.05539483
v -0.24798037 0.69216025 -0.10155797
v -0.25284740 0.70205641 -0.09332686
v -0.24535178 0.71181035 -0.10691656
v -0.23884372 0.70147443 -0.11422078
v -0.26959881 0.57403529 0.00068608
v -0.26923937 0.58824170 -0.01479840
v -0.21914022 0.62951934 -0.07538065
v -0.22676040 0.61585474 -0.06813174
v -0.21169953 0.64202118 -0.08104637
v -0.23250790 0.55417383 -0.01867525
v -0.23561458 0.53995454 -0.00447026
v -0.22251506 0.58641779 -0.04434113
v -0.22797482 0.56966209 -0.03187500
v -0.26727793 0.63598263 0.00545347
v -0.24814327 0.66129053 -0.09130105
v -0.23594074 0.65434396 -0.09227302
v -0.25670069 0.65576494 -0.08243945
v -0.17722878 0.68622243 -0.10496051
v -0.18804087 0.67390776 -0.09744991
v -0.27003688 0.66099036 -0.07349035
v -0.16364218 0.70204532 -0.11618038
v -0.24940000 0.69290042 -0.02305907
v -0.23518218 0.71396065 -0.03579987
v -0.23344688 0.72138083 -0.04424315
v -0.22405858 0.56843591 0.06556126
v -0.19696240 0.63253903 0.01070066
v -0.19449277 0.65451562 -0.03341622
v -0.19575341 0.64332986 -0.04522298
v -0.25785559 0.66901302 -0.08837087
v -0.24934645 0.67502475 -0.09696090
v -0.23913695 0.66807234 -0.09958977
v -0.17993101 0.69572353 -0.05060018
v -0.17584844 0.68477809 -0.06045712
v -0.23722751 0.52639294 0.01015283
v -0.18289633 0.67703259 -0.05830835
v -0.24729453 0.68046892 -0.00686896
v -0.01202580 0.82546055 -0.36623961
v -0.07666087 0.69952595 -0.14297715
v -0.02246794 0.67263567 -0.11168985
v -0.04247454 0.67605734 -0.12064767
v -0.09196846 0.75292504 -0.16423154
v -0.09413709 0.76066327 -0.16707700
v -0.10589838 0.77940607 -0.16990700
v -0.11107485 0.78824031 -0.17135483
v -0.07225522 0.73987019 -0.14399728
v -0.01126693 1.07072854 -0.32215330
v -0.00993971 1.06360602 -0.32489139
v -0.01364939 1.08377528 -0.32144418
v 0.08507971 0.50246155 -0.07451570
v -0.00555612 1.05738509 -0.31254616
v -0.00358025 1.04831040 -0.31430024
v -0.00837257 1.05233061 -0.31217059
v -0.00486101 1.05882275 -0.31081146
v -0.00501976 1.06013286 -0.31038070
v -0.01210436 1.08683300 -0.31144980
v -0.00733194 1.05519629 -0.32582369
v -0.00480304 1.04587090 -0.32440087
v -0.00847056 1.07366145 -0.30613431
v -0.04074019 0.48041138 -0.28285596
v -0.01893497 0.47696820 -0.29163730
v -0.02305188 0.45885238 -0.29672730
v -0.04515413 0.46221903 -0.28544340
v -0.02784658 0.44157413 -0.30376759
v -0.12433884 0.42075095 -0.23518783
v -0.13088509 0.42520544 -0.20720658
v -0.12506996 0.44626200 -0.20684369
v -0.11838868 0.44237581 -0.23314330
v -0.12215836 0.46371716 -0.18102258
v -0.11977208 0.46374434 -0.20660570
v -0.12635896 0.44697872 -0.17872097
v -0.12076969 0.44284308 -0.15162633
v -0.11698133 0.46067196 -0.15469985
v -0.10954733 0.43427765 -0.12772791
v -0.10528637 0.45338142 -0.13080855
v -0.09485339 0.42265198 -0.10831611
v -0.07473423 0.41072634 -0.09415749
v -0.05300832 0.37278917 -0.08217907
v -0.02216079 0.38813207 -0.08020030
v -0.04952357 0.39852175 -0.08527263
v 0.02728079 0.37469977 -0.07751486
v 0.00410595 0.37957618 -0.07761341
v 0.06500090 0.36984774 -0.08195630
v 0.04725539 0.37172607 -0.07909195
v -0.01298993 0.87600207 -0.18704191
v -0.05148046 0.91982222 -0.30444464
v -0.06313699 0.91675293 -0.29676378
v -0.05923746 0.92675710 -0.27292332
v -0.10489042 0.85959017 -0.30523884
v -0.10089338 0.88030624 -0.29806662
v -0.08766550 0.86953890 -0.31887236
v -0.08986153 0.85054111 -0.32309377
v -0.04927007 0.90806973 -0.32148385
v -0.04142661 0.90984094 -0.32509267
v -0.05927529 0.90423167 -0.31769964
v -0.03728167 0.88012874 -0.34816524
v -0.05029858 0.89145052 -0.33520833
v -0.09839801 0.91987860 -0.23344158
v -0.11085489 0.90443897 -0.25169057
v -0.11805688 0.90404415 -0.23858109
v -0.10707772 0.91836882 -0.21966930
v -0.12960753 0.85118186 -0.27893984
v -0.13071992 0.83390212 -0.28220901
v -0.13915251 0.83748865 -0.27036807
v -0.13759963 0.85376644 -0.26678869
v -0.13000976 0.89969087 -0.17832030
v -0.14184366 0.89342093 -0.19783157
v -0.15096639 0.88452852 -0.18379208
v -0.13844691 0.88828611 -0.16519329
v -0.13346545 0.87039089 -0.26112646
v -0.08613797 0.72979748 -0.32270220
v -0.10303161 0.74096298 -0.31159204
v -0.11596639 0.75251234 -0.29886362
v -0.14147145 0.78171957 -0.26279727
v -0.13524337 0.77429140 -0.27165684
v -0.13711908 0.76176763 -0.26436323
v -0.14674886 0.78840947 -0.25480390
v -0.15120909 0.79289341 -0.24470665
v -0.08269283 0.82767761 -0.13095215
v -0.07541795 0.83688033 -0.13397154
v -0.08321945 0.86054599 -0.13880426
v -0.15906747 0.79208207 -0.22409248
v -0.15274574 0.79245901 -0.23288131
v -0.15161709 0.78616488 -0.22971489
v -0.15770283 0.78727877 -0.22177306
v -0.08911481 0.92041910 -0.24654752
v -0.15892109 0.87410867 -0.19839425
v -0.14941558 0.88116419 -0.21197015
v -0.15586075 0.86749756 -0.22149691
v -0.16469625 0.86256468 -0.20773515
v -0.16798076 0.85082424 -0.21663222
v -0.16009595 0.85428929 -0.22983171
v -0.16137482 0.84149718 -0.23573640
v -0.16872014 0.83914733 -0.22289675
v -0.16113473 0.79812050 -0.22637735
v -0.15419523 0.79909790 -0.23551387
v -0.12814172 0.86796319 -0.13745534
v -0.09754603 0.91655219 -0.18471402
v -0.07970348 0.90479493 -0.16724557
v -0.07221220 0.91221499 -0.17773449
v -0.08996677 0.92210817 -0.19759861
v -0.13145986 0.77356398 -0.17932606
v -0.11968370 0.78060627 -0.16829157
v -0.14071633 0.76810503 -0.19012633
v -0.14844581 0.77476954 -0.22068611
v -0.14846586 0.76704144 -0.19923630
v -0.08630995 0.80142355 -0.13402915
v -0.08963969 0.81696713 -0.12768261
v -0.06791253 0.88296890 -0.15622452
v -0.06032307 0.89135778 -0.16517761
v -0.14633426 0.87445855 -0.15210637
v -0.15947440 0.87267697 -0.16954269
v -0.16858125 0.78890216 -0.21573234
v -0.16642815 0.78378808 -0.21434404
v -0.17551936 0.78136313 -0.20734322
v -0.14775042 0.76800418 -0.23027486
v -0.15065268 0.78055036 -0.22608365
v -0.11444835 0.91487312 -0.20649129
v -0.16772255 0.86455691 -0.18468356
v -0.17295298 0.85492241 -0.19526006
v -0.15265128 0.85576499 -0.24245724
v -0.14802058 0.87017953 -0.23517948
v -0.14080203 0.87107873 -0.24804783
v -0.14518295 0.85530615 -0.25466606
v -0.17712776 0.83559012 -0.21030204
v -0.17747334 0.82452321 -0.21393146
v -0.14679106 0.84001815 -0.25909173
v -0.15408908 0.84150779 -0.24776869
v -0.17121941 0.79525065 -0.21656580
v -0.05319496 0.89727151 -0.17434052
v -0.04562083 0.87493312 -0.16366488
v -0.03626278 0.87711394 -0.17213236
v -0.06083676 0.85937846 -0.14644390
v -0.05318136 0.86861527 -0.15508711
v -0.06844637 0.84710443 -0.13878667
v -0.02643496 0.87661266 -0.17934334
v -0.26511925 0.66393697 -0.08031758
v -0.17324308 0.77617681 -0.20609309
v -0.18277742 0.77275050 -0.19794899
v -0.18387452 0.77903128 -0.19955027
v -0.21806686 0.76647174 -0.15186346
v 0.09226575 1.00611269 -0.20101133
v 0.09289970 1.01215744 -0.19868426
v 0.09220693 1.03364944 -0.19860458
v 0.09175399 1.03752077 -0.19972736
v -0.26360664 0.68950641 -0.05553269
v -0.26635385 0.68439019 -0.04953864
v -0.26969224 0.65060341 -0.01060454
v -0.25487497 0.64319777 0.01556549
v -0.25720489 0.65916872 -0.00007388
v -0.21082507 0.66178727 0.01134739
v -0.19837928 0.65455568 0.00176971
v -0.19683743 0.62369359 -0.03852340
v -0.26449624 0.61536980 -0.04700318
v -0.20257948 0.52937126 0.07992417
v -0.21399786 0.53165448 0.08500737
v -0.20852782 0.51334620 0.09501979
v -0.19836022 0.51081491 0.08839491
v -0.19355409 0.49321198 0.09698671
v -0.19018501 0.48856962 0.08693570
v -0.19328266 0.50580323 0.07899353
v -0.19323355 0.48395345 0.07757178
v -0.19427857 0.50058722 0.06943807
v -0.20013535 0.47980908 0.07013576
v -0.20823745 0.47581923 0.06566118
v -0.20677243 0.49092796 0.05580497
v -0.19931352 0.49582836 0.06148586
v -0.21431251 0.50232863 0.04051379
v -0.21630983 0.48695186 0.05242247
v -0.22729321 0.48444030 0.05122185
v -0.22587301 0.49873820 0.03764844
v -0.24608739 0.47410822 0.07283125
v -0.25013128 0.47870728 0.08018351
v -0.25359878 0.49279782 0.06636095
v -0.24829079 0.48746017 0.05829600
v -0.25553289 0.52097046 0.07048792
v -0.25795400 0.51440907 0.06085840
v -0.25402880 0.49928164 0.07568163
v -0.25183854 0.50534713 0.08497846
v -0.24979182 0.49085179 0.09884208
v -0.24090444 0.49480525 0.10601386
v -0.24530251 0.50981224 0.09240574
v -0.21135135 0.56577349 0.06168384
v -0.20718797 0.54747343 0.07085812
v -0.19903177 0.54246664 0.06266710
v -0.19833541 0.51254702 0.05224923
v -0.19785404 0.52966869 0.04282567
v -0.19620508 0.53612173 0.05253083
v -0.19496988 0.51824200 0.06110952
v -0.22250248 0.52756560 0.01063432
v -0.21259500 0.51776433 0.02833131
v -0.22437932 0.51327109 0.02421546
v -0.20509395 0.50718427 0.04554436
v -0.20371395 0.52350068 0.03487632
v -0.23860864 0.49863291 0.03869537
v -0.23868926 0.48486677 0.05335820
v -0.22708888 0.53143597 0.08648327
v -0.23959880 0.52968132 0.08447623
v -0.23396431 0.51201200 0.09641819
v -0.22137837 0.51335299 0.09730703
v -0.23789416 0.51271188 0.02466902
v -0.24530731 0.54763174 0.07279769
v -0.23279957 0.54981208 0.07578352
v -0.24980389 0.52622330 0.07906702
v -0.25481302 0.54300761 0.06572783
v -0.21601875 0.49663889 0.10798744
v -0.20331751 0.49555999 0.10457838
v -0.21921693 0.54989064 0.07537380
v -0.24970688 0.50174642 0.04334536
v -0.25647819 0.50757968 0.05146298
v -0.25897968 0.52196634 0.03642979
v -0.25064316 0.51572490 0.02867970
v -0.26480815 0.55282009 0.04152358
v -0.26173910 0.52936220 0.04591033
v -0.25996459 0.53670371 0.05597154
v -0.25140280 0.48482534 0.08912870
v -0.26046851 0.56011260 0.05231217
v -0.19161107 0.40368280 0.11687353
v -0.19187224 0.40919945 0.10807532
v -0.18105631 0.40508619 0.10881928
v -0.18139797 0.40039060 0.11800580
v -0.17623527 0.41785035 0.08843233
v -0.16951923 0.42921177 0.08660928
v -0.15972115 0.42229736 0.09259501
v -0.16558558 0.41305891 0.09422943
v -0.17228162 0.39955413 0.12069923
v -0.17205156 0.40334979 0.11128148
v -0.16671030 0.40371856 0.12327653
v -0.16698916 0.40129256 0.13442090
v -0.17115879 0.39650974 0.12918940
v -0.16658108 0.39711127 0.14128906
v -0.16989999 0.41186148 0.14126664
v -0.17067964 0.40271938 0.14863068
v -0.19639879 0.41860420 0.15032834
v -0.20829029 0.41886702 0.15005222
v -0.20522088 0.40566167 0.15665483
v -0.19292951 0.40537897 0.15552363
v -0.22725062 0.40624163 0.14976513
v -0.21610107 0.40503705 0.15408707
v -0.21820785 0.41913146 0.14761314
v -0.22799374 0.41973761 0.14366320
v -0.20760195 0.40813074 0.11635000
v -0.20971055 0.41516516 0.10846171
v -0.20240477 0.41341722 0.10850546
v -0.20113795 0.40717834 0.11660531
v -0.15731403 0.40878996 0.12287283
v -0.16375691 0.41636410 0.12841421
v -0.16452944 0.40919229 0.12899265
v -0.15901324 0.40494478 0.12114704
v -0.22773020 0.43000117 0.08755589
v -0.22816618 0.44206557 0.08248103
v -0.21865536 0.44323331 0.08259911
v -0.21952339 0.43245861 0.08763435
v -0.18821108 0.44147238 0.08063656
v -0.19728427 0.44697613 0.08101464
v -0.18761073 0.45880905 0.08549461
v -0.18044716 0.45276251 0.08806749
v -0.17929055 0.43563426 0.08246842
v -0.17338349 0.44684929 0.09025857
v -0.16541804 0.43894762 0.09389143
v -0.15609702 0.43002996 0.09839058
v -0.23944195 0.44341958 0.08531418
v -0.24135877 0.43411037 0.08853175
v -0.15828392 0.35097396 0.15129086
v -0.16370296 0.34812510 0.15078920
v -0.16482323 0.35355526 0.14937443
v -0.15926114 0.35652602 0.14977187
v -0.25103846 0.44468352 0.10520059
v -0.24778078 0.44898203 0.11460924
v -0.24864452 0.45549136 0.10966861
v -0.24966444 0.45083174 0.10009265
v -0.25228423 0.43697992 0.11203277
v -0.24641661 0.44126156 0.12142304
v -0.15632603 0.35425243 0.16401383
v -0.15397400 0.35450682 0.15905598
v -0.15569085 0.36035082 0.15830418
v -0.15856047 0.36018145 0.16342708
v -0.17979732 0.39540744 0.12538654
v -0.18957962 0.39772072 0.12408549
v -0.17866988 0.38202605 0.13595355
v -0.18641748 0.38983378 0.13072732
v -0.17621833 0.39010245 0.13129136
v -0.17224704 0.38493720 0.13627681
v -0.20811757 0.39232299 0.12872458
v -0.21020657 0.40077573 0.12268427
v -0.20183089 0.39909339 0.12466288
v -0.19982487 0.39032608 0.13041306
v -0.22334747 0.39876381 0.11866572
v -0.22185446 0.39085147 0.12516746
v -0.22898392 0.38954946 0.12312579
v -0.22962524 0.39667636 0.11726463
v -0.21179791 0.37626883 0.13756377
v -0.20995295 0.36939213 0.14417982
v -0.21564637 0.36948261 0.14408863
v -0.21780406 0.37574881 0.13703516
v -0.24989568 0.46245295 0.10520089
v -0.24945752 0.45780596 0.09544760
v -0.24691094 0.40687683 0.13899159
v -0.25354668 0.40571892 0.12989333
v -0.25477904 0.39503786 0.13450506
v -0.24785568 0.39653420 0.14342296
v -0.23992251 0.45197013 0.12269831
v -0.24190576 0.45923936 0.11828077
v -0.16138582 0.35243228 0.16737333
v -0.16361232 0.35847762 0.16679910
v -0.16764301 0.44379023 0.10528263
v -0.15772055 0.43364736 0.10825798
v -0.17559972 0.45223823 0.10230440
v -0.18102027 0.45860299 0.09987837
v -0.18464138 0.46556228 0.09714079
v -0.19023842 0.38508487 0.13377100
v -0.19809194 0.40158829 0.12195799
v -0.21259566 0.40840003 0.11515722
v -0.24353968 0.40229425 0.10844857
v -0.24486284 0.40922311 0.10364497
v -0.23407201 0.40720996 0.10421038
v -0.23543300 0.40161571 0.10951531
v -0.25454178 0.40117964 0.12085283
v -0.24942766 0.39685321 0.11621008
v -0.24928842 0.38890430 0.12158168
v -0.25487015 0.39166954 0.12591571
v -0.15363660 0.41268173 0.12314680
v -0.16105588 0.42237070 0.12471735
v -0.24921991 0.43924090 0.09586293
v -0.24690102 0.44654766 0.09148655
v -0.24541436 0.45433441 0.08792904
v -0.21524067 0.42356166 0.09757558
v -0.21399690 0.43348822 0.08740190
v -0.20686947 0.43246287 0.08613309
v -0.20988299 0.42278436 0.09780500
v -0.19129913 0.41455483 0.09623805
v -0.18775921 0.42359200 0.08542934
v -0.17995420 0.40965748 0.09804613
v -0.20990148 0.44480154 0.08189085
v -0.21869271 0.45282421 0.07920924
v -0.20883936 0.45449594 0.07881201
v -0.22893147 0.45181105 0.08035425
v -0.23846708 0.45225155 0.08322462
v -0.21871890 0.46175191 0.07381571
v -0.20899056 0.46389198 0.07382670
v -0.22934051 0.46093354 0.07557208
v -0.23853178 0.46111163 0.07854253
v -0.24676086 0.47893623 0.10914347
v -0.25046292 0.47307149 0.09906363
v -0.24415658 0.46784058 0.11436099
v -0.19100346 0.47004554 0.08349629
v -0.19837286 0.45669177 0.08042230
v -0.19981876 0.46645954 0.07695005
v -0.18731922 0.47490445 0.09353227
v -0.15844719 0.40960398 0.09869069
v -0.15253513 0.40509412 0.10224107
v -0.15715484 0.40127930 0.10750157
v -0.16284434 0.40517417 0.10529232
v -0.16620389 0.39177284 0.14632222
v -0.16710232 0.38831601 0.14001119
v -0.16906558 0.39279899 0.13532212
v -0.23200782 0.42127225 0.09287757
v -0.24402751 0.42504004 0.09350193
v -0.18361591 0.37924805 0.13758880
v -0.16102466 0.36714980 0.16188258
v -0.15790348 0.36701676 0.15653634
v -0.16175996 0.37810123 0.15241584
v -0.16465741 0.37843576 0.15839106
v -0.18421219 0.37258318 0.14448836
v -0.17974585 0.37481752 0.14083034
v -0.17659815 0.36805052 0.14353400
v -0.18041366 0.36643884 0.14848018
v -0.22310956 0.37011978 0.14105722
v -0.22508405 0.37522614 0.13539213
v -0.18992467 0.39018247 0.15663567
v -0.17845176 0.39514774 0.15767649
v -0.18036273 0.40632436 0.15460610
v -0.21539031 0.39197606 0.12700948
v -0.21372654 0.38389471 0.13234016
v -0.21996687 0.38292250 0.13116947
v -0.19201928 0.38214418 0.13566214
v -0.18818869 0.37784544 0.13883582
v -0.19495983 0.37833175 0.13850039
v -0.19804773 0.38393638 0.13437581
v -0.25316420 0.41738787 0.12465635
v -0.25418907 0.41104206 0.11285940
v -0.15485331 0.35336074 0.15450469
v -0.15599339 0.35899642 0.15338272
v -0.24901350 0.46725366 0.08971629
v -0.24517481 0.46310696 0.08298612
v -0.21672599 0.40045384 0.12070888
v -0.18326811 0.41755125 0.14802736
v -0.21795140 0.40795037 0.11322844
v -0.23265837 0.38314793 0.15167558
v -0.23672347 0.37882844 0.14598104
v -0.23271258 0.37308007 0.14909425
v -0.23108773 0.37603787 0.15529674
v -0.17629512 0.35705525 0.15392101
v -0.17227298 0.35788751 0.14888346
v -0.17021511 0.35148883 0.15200680
v -0.17385413 0.35090894 0.15697980
v -0.17505655 0.37763122 0.13920534
v -0.16955177 0.38045642 0.13993669
v -0.16631925 0.37351462 0.14285731
v -0.17163119 0.37047872 0.14175689
v -0.16548693 0.38344577 0.14366639
v -0.16251537 0.37632135 0.14687845
v -0.17699176 0.35830003 0.16066223
v -0.17290090 0.36202538 0.16517121
v -0.17769498 0.37266079 0.16146895
v -0.18085052 0.36785555 0.15589467
v -0.22879966 0.43276021 0.13748401
v -0.23775847 0.43234393 0.13320559
v -0.23783128 0.41954109 0.13925496
v -0.23795374 0.40640005 0.14497039
v -0.23686744 0.39269653 0.14775711
v -0.22582169 0.39350674 0.15448272
v -0.24592103 0.41925505 0.13387835
v -0.18938337 0.37674543 0.15290093
v -0.18331127 0.38058409 0.15707159
v -0.19133329 0.38013080 0.15802273
v -0.22555359 0.40617737 0.11042467
v -0.15816796 0.36544457 0.15144178
v -0.19471924 0.46279866 0.12020824
v -0.20700134 0.46330720 0.12554801
v -0.20586823 0.45384607 0.13091871
v -0.19173852 0.45456991 0.12392744
v -0.16715321 0.35994807 0.14682904
v -0.16159177 0.36261624 0.14735767
v -0.23186766 0.37425610 0.13575318
v -0.22900493 0.37008139 0.14121196
v -0.23285483 0.36979955 0.14371362
v -0.23648758 0.37279424 0.13964820
v -0.24564050 0.43137950 0.12812155
v -0.25529984 0.38627133 0.13784939
v -0.24931495 0.38871786 0.14641929
v -0.23858865 0.44362435 0.12771127
v -0.22933744 0.44458219 0.13202876
v -0.22985639 0.45406732 0.12774718
v -0.21271466 0.38870558 0.15742773
v -0.21984042 0.43227187 0.14079070
v -0.22046123 0.44432732 0.13476110
v -0.21983214 0.45460132 0.12961972
v -0.22032700 0.46298090 0.12539944
v -0.23126005 0.46198884 0.12356415
v -0.16648445 0.36530748 0.16546360
v -0.16980553 0.35533366 0.16677749
v -0.23309691 0.47114497 0.11933926
v -0.23644347 0.48196569 0.11409852
v -0.22451819 0.48278746 0.11589655
v -0.22159369 0.47197139 0.12132082
v -0.21086989 0.44358435 0.13615513
v -0.20081861 0.44316360 0.13615733
v -0.21050550 0.43165487 0.14279488
v -0.19924067 0.43087509 0.14336985
v -0.20186865 0.39251062 0.16059890
v -0.16828877 0.33866084 0.16664144
v -0.17125829 0.34648848 0.16429755
v -0.17218380 0.34505206 0.15918988
v -0.16959186 0.33720827 0.16236725
v -0.17382804 0.35226184 0.16272533
v -0.16736622 0.34935927 0.16772169
v -0.18571244 0.42946991 0.14072654
v -0.19178994 0.37326512 0.14380294
v -0.18530278 0.44242290 0.12979770
v -0.17190908 0.42431641 0.13684025
v -0.17036748 0.43290904 0.12861335
v -0.18088225 0.45498684 0.11422618
v -0.17386229 0.44602010 0.11671375
v -0.18858662 0.46913263 0.10797495
v -0.18547814 0.46200988 0.11125886
v -0.19073224 0.47910139 0.10371670
v -0.16340603 0.43536648 0.11844969
v -0.15717316 0.34308225 0.15302411
v -0.16270605 0.34040752 0.15313050
v -0.19696462 0.47086626 0.11639032
v -0.19934869 0.48122552 0.11163667
v -0.17010288 0.40664753 0.10184327
v -0.22467329 0.41388372 0.10282266
v -0.21889530 0.41509971 0.10555339
v -0.24516894 0.41632321 0.09874413
v -0.23313315 0.41328347 0.09886033
v -0.21159558 0.48292413 0.11606258
v -0.21765535 0.47292361 0.06425187
v -0.22827633 0.47178265 0.06518245
v -0.22867633 0.49600193 0.10795709
v -0.15323876 0.34508666 0.15600163
v -0.21088870 0.36869171 0.15129820
v -0.21325208 0.36969289 0.15173852
v -0.15284222 0.41668740 0.09701154
v -0.14783293 0.41019464 0.10168272
v -0.14514858 0.41591480 0.11267257
v -0.14500134 0.41377178 0.10580011
v -0.14923885 0.42226902 0.10183689
v -0.15018602 0.42514440 0.11031610
v -0.21949585 0.42287123 0.09661314
v -0.22477464 0.42139637 0.09522888
v -0.25292933 0.42794207 0.11866355
v -0.25381979 0.42183003 0.10738495
v -0.16470470 0.38585481 0.14953098
v -0.17012526 0.39452580 0.15267140
v -0.16829789 0.38713345 0.15532601
v -0.17099541 0.37687728 0.16213045
v -0.18873574 0.37356666 0.14939070
v -0.18434142 0.37356991 0.15168747
v -0.19819799 0.42871293 0.08517251
v -0.20186782 0.41956624 0.09702623
v -0.16551748 0.40346006 0.11328757
v -0.16043375 0.40187010 0.11558311
v -0.20613909 0.38468194 0.13316411
v -0.20705357 0.37792891 0.16160673
v -0.19895186 0.38198125 0.16325536
v -0.20378616 0.37797120 0.13779798
v -0.15410091 0.34563944 0.16525465
v -0.15195559 0.34586012 0.16030005
v -0.17532034 0.38594636 0.15937260
v -0.22742198 0.38187280 0.12917322
v -0.21497475 0.37864518 0.15726420
v -0.21002625 0.37267020 0.15745264
v -0.25426990 0.38528296 0.12979510
v -0.20886211 0.47193125 0.12108353
v -0.16932443 0.34572089 0.15372774
v -0.16797638 0.33797112 0.15649208
v -0.16478239 0.34133986 0.16896436
v -0.15918742 0.34423620 0.16857001
v -0.25216937 0.43094125 0.10146686
v -0.21432541 0.41558382 0.10741553
v -0.23835845 0.47205269 0.06816143
v -0.15498227 0.42562750 0.11881608
v -0.14856721 0.41560274 0.11962610
v -0.20157702 0.37194946 0.14242998
v -0.24154855 0.38485184 0.14758787
v -0.22496884 0.38435909 0.15778935
v -0.22439320 0.37743849 0.16073108
v -0.21635975 0.37481514 0.16039518
v -0.21369635 0.37054744 0.15698984
v -0.16302587 0.33494803 0.17054278
v -0.15739903 0.33752283 0.17012736
v -0.15223201 0.33862793 0.16699889
v -0.15054815 0.33915383 0.16192013
v -0.15230419 0.33903277 0.15766281
v -0.16633639 0.33257079 0.16838673
v -0.16763322 0.33158094 0.16413680
v -0.16629115 0.33258399 0.15851077
v -0.16498534 0.32719409 0.16946697
v -0.16123618 0.32840073 0.17195439
v -0.14848919 0.32582581 0.16835091
v -0.15058021 0.33145124 0.16882986
v -0.15194447 0.32794985 0.17066965
v -0.15063085 0.32450801 0.17104781
v -0.14999400 0.32007137 0.17174542
v -0.14827570 0.32063976 0.16871122
v -0.15522552 0.32799757 0.17200416
v -0.15456894 0.32372567 0.17300895
v -0.15857619 0.32253063 0.17306650
v -0.15790732 0.31814364 0.17414182
v -0.15390921 0.31919527 0.17413411
v -0.15847424 0.32633954 0.17237121
v -0.15598801 0.33176729 0.17146781
v -0.14948024 0.31612906 0.17002934
v -0.15004496 0.31696361 0.17245156
v -0.15292735 0.31535324 0.17442191
v -0.15299177 0.31321838 0.17224947
v -0.14955138 0.33316505 0.16351840
v -0.14869982 0.32641372 0.16457134
v -0.14887366 0.32045582 0.16556400
v -0.15027174 0.31563383 0.16711453
v -0.15065287 0.32557490 0.16138384
v -0.15109129 0.31967044 0.16327676
v -0.15243629 0.31567776 0.16491041
v -0.15403891 0.32386613 0.15964741
v -0.15396287 0.31845072 0.16217738
v -0.15511164 0.33195531 0.15680724
v -0.15134570 0.33328280 0.15927032
v -0.15419598 0.31589964 0.16388619
v -0.15414433 0.31266779 0.16929758
v -0.16163211 0.32220358 0.17224684
v -0.16034022 0.31723216 0.17298788
v -0.16370717 0.32132441 0.17023826
v -0.16190526 0.31626382 0.17081428
v -0.15774670 0.31356484 0.17337534
v -0.15646106 0.31515205 0.17485872
v -0.15638432 0.33751523 0.15477675
v -0.16183445 0.33496422 0.15541184
v -0.16052099 0.32944569 0.15715012
v -0.15916921 0.32169235 0.15962183
v -0.16483471 0.32765770 0.16028798
v -0.16618508 0.32648396 0.16541106
v -0.16437458 0.32085636 0.16697699
v -0.16324095 0.32094437 0.16285938
v -0.16211750 0.31606698 0.16782433
v -0.16084589 0.31622076 0.16488552
v -0.15748712 0.31695330 0.16280019
v -0.15915313 0.31334949 0.16794676
v -0.15866967 0.31287882 0.17079148
v -0.15530482 0.31348303 0.16684359
v -0.15890169 0.31435096 0.16597152
v -0.15635210 0.31484374 0.16492265
v -0.18789046 0.33719686 0.16027990
v -0.19375224 0.33537257 0.15985620
v -0.19451490 0.34272867 0.15793490
v -0.18870869 0.34442398 0.15826777
v -0.18384519 0.34279397 0.17218539
v -0.18178365 0.34114584 0.16656679
v -0.18270896 0.34826580 0.16545117
v -0.18525521 0.34984544 0.17114758
v -0.19044499 0.34258217 0.17530128
v -0.19221671 0.34955662 0.17430070
v -0.18672144 0.35790107 0.16907582
v -0.18427183 0.35609680 0.16315296
v -0.18810175 0.36832827 0.15713933
v -0.18940972 0.37073520 0.16310796
v -0.20543385 0.36195093 0.14935309
v -0.20826785 0.36181611 0.15440032
v -0.18362518 0.33896843 0.16248357
v -0.18462695 0.34612834 0.16090533
v -0.20476829 0.34969854 0.16044304
v -0.20142105 0.34935847 0.15618610
v -0.19968036 0.34165680 0.15975353
v -0.20313859 0.34179160 0.16369951
v -0.19258934 0.36520106 0.14845726
v -0.19923469 0.36351898 0.14752099
v -0.18928620 0.36648643 0.15231729
v -0.20558776 0.35144722 0.16618273
v -0.20182995 0.35443228 0.17093414
v -0.20432800 0.36778665 0.16628271
v -0.20823471 0.36396351 0.16123128
v -0.18607885 0.35400921 0.15813249
v -0.19601960 0.35059959 0.15425915
v -0.19002295 0.35216334 0.15477413
v -0.19404073 0.35759041 0.17224008
v -0.19997953 0.34638354 0.17276332
v -0.19910662 0.32775542 0.17349821
v -0.20167612 0.33667132 0.17064905
v -0.20228158 0.33468717 0.16601059
v -0.20016381 0.32542893 0.16937053
v -0.20340107 0.34340385 0.16851574
v -0.19785430 0.33965650 0.17429101
v -0.18662193 0.32690331 0.16311398
v -0.19255075 0.32518667 0.16305891
v -0.18239632 0.32882610 0.16505599
v -0.19649282 0.37104800 0.16775888
v -0.18225056 0.33292279 0.17396453
v -0.18068609 0.33096874 0.16865769
v -0.19901869 0.33429599 0.16181785
v -0.19778217 0.32464671 0.16501856
v -0.19530860 0.33057889 0.17663237
v -0.18837997 0.33322138 0.17714384
v -0.19365172 0.32286930 0.17826772
v -0.18717778 0.32500011 0.17869768
v -0.18136311 0.32477015 0.17591825
v -0.18015379 0.32357547 0.17057163
v -0.18217205 0.32223645 0.16713822
v -0.19733810 0.32067272 0.17551568
v -0.19849063 0.31922328 0.17170104
v -0.19663480 0.31891167 0.16736192
v -0.19615822 0.31371555 0.17732558
v -0.19251433 0.31484774 0.18028393
v -0.17904900 0.30464569 0.17914179
v -0.17907052 0.31055081 0.17822134
v -0.18170837 0.30968553 0.18065909
v -0.18075269 0.30478013 0.18205950
v -0.18074197 0.31674445 0.17820415
v -0.18281044 0.31334248 0.18028057
v -0.18621513 0.31336048 0.18127090
v -0.18576914 0.30913648 0.18273386
v -0.19005188 0.30817938 0.18217367
v -0.18944880 0.30355516 0.18388638
v -0.18490614 0.30422726 0.18469527
v -0.18984491 0.31217116 0.18122017
v -0.18100768 0.30102599 0.18325585
v -0.18098827 0.29983115 0.18098420
v -0.18655226 0.31791878 0.18049088
v -0.17954893 0.31735188 0.17274132
v -0.17903966 0.31041083 0.17426527
v -0.17992756 0.30391970 0.17585242
v -0.18235612 0.29899168 0.17789668
v -0.18139239 0.30914655 0.17098525
v -0.18219511 0.30286452 0.17329967
v -0.18418624 0.29894853 0.17565501
v -0.18532525 0.30760896 0.16899318
v -0.18526506 0.30177256 0.17196181
v -0.18590270 0.31570357 0.16672197
v -0.18171151 0.31686160 0.16889250
v -0.18575007 0.29933095 0.17425165
v -0.18481942 0.29730406 0.18358693
v -0.18594313 0.29668748 0.18034700
v -0.18400185 0.29949886 0.18602809
v -0.19257639 0.30784929 0.18068880
v -0.19176945 0.30269778 0.18216500
v -0.19509853 0.30719861 0.17905810
v -0.19371171 0.30162585 0.18065125
v -0.18958151 0.29851404 0.18385947
v -0.18825771 0.29998070 0.18533090
v -0.18620966 0.32094312 0.16521898
v -0.19173460 0.31964886 0.16519934
v -0.19140831 0.31425446 0.16648564
v -0.19063064 0.30620444 0.16884089
v -0.19588290 0.31388533 0.16885981
v -0.19737199 0.31328261 0.17351219
v -0.19606146 0.30652538 0.17570156
v -0.19476002 0.30610698 0.17164049
v -0.19418530 0.30111206 0.17760497
v -0.19310421 0.30084592 0.17416385
v -0.18965445 0.30085188 0.17201155
v -0.19127060 0.29766059 0.17833310
v -0.19078365 0.29749212 0.18146238
v -0.18732339 0.29718906 0.17730516
v -0.19117235 0.29832056 0.17573443
v -0.18849437 0.29837003 0.17487612
v -0.21405025 0.33960769 0.15897876
v -0.21932076 0.33866096 0.15635303
v -0.22003646 0.34498757 0.15486264
v -0.21471052 0.34561324 0.15738901
v -0.21404208 0.34359068 0.17044976
v -0.21172135 0.34230080 0.16744369
v -0.21181391 0.34872237 0.16575813
v -0.21423657 0.35094169 0.16917491
v -0.21969672 0.34392607 0.17187649
v -0.22066940 0.35166502 0.17028707
v -0.21470715 0.35793054 0.16725689
v -0.21203758 0.35506213 0.16329259
v -0.21347244 0.36462259 0.15876922
v -0.21583630 0.36784637 0.16344926
v -0.21170829 0.34073842 0.16330397
v -0.21210088 0.34686545 0.16152328
v -0.22919936 0.35220310 0.15388292
v -0.22596611 0.35156646 0.15150896
v -0.22511657 0.34483549 0.15487033
v -0.22823800 0.34541246 0.15722317
v -0.21694024 0.36299530 0.14866588
v -0.22217371 0.36298025 0.14585388
v -0.21424164 0.36322755 0.15345401
v -0.23080678 0.35399801 0.15916902
v -0.22864218 0.35708430 0.16516021
v -0.23007460 0.36758041 0.15996817
v -0.23166056 0.36498719 0.15359464
v -0.21255790 0.35291815 0.15870017
v -0.22068189 0.35139775 0.15129322
v -0.21526761 0.35188183 0.15415752
v -0.22175647 0.35904121 0.16817015
v -0.22725190 0.34995374 0.16740686
v -0.22711121 0.33050132 0.16800478
v -0.22877537 0.34056118 0.16434059
v -0.22804640 0.33886448 0.15933743
v -0.22694282 0.32900620 0.16353878
v -0.22976930 0.34711981 0.16197503
v -0.22590376 0.34256351 0.16945514
v -0.21365692 0.33003891 0.16145697
v -0.21879138 0.32907701 0.15924084
v -0.21133889 0.33113739 0.16540790
v -0.22319566 0.36923319 0.16434610
v -0.23061161 0.36311388 0.14781553
v -0.21307682 0.33320609 0.17243883
v -0.21100999 0.33229277 0.16947210
v -0.22480489 0.33841270 0.15634343
v -0.22409885 0.32871717 0.15990341
v -0.22414748 0.33235198 0.17229038
v -0.21824847 0.33377549 0.17415759
v -0.22331198 0.32533139 0.17432594
v -0.21742766 0.32654810 0.17589244
v -0.21213423 0.32593468 0.17442340
v -0.21043380 0.32526127 0.17087263
v -0.21125536 0.32463542 0.16685516
v -0.22601031 0.32341251 0.17026040
v -0.22579168 0.32251710 0.16624093
v -0.22327234 0.32296509 0.16237438
v -0.22546761 0.31814069 0.17167318
v -0.22236119 0.31891096 0.17573446
v -0.20990376 0.30761889 0.17773399
v -0.20992310 0.31272325 0.17653078
v -0.21231247 0.31250322 0.17767748
v -0.21187742 0.30811605 0.17930830
v -0.21153329 0.31902254 0.17615426
v -0.21308489 0.31622818 0.17729670
v -0.21656530 0.31696564 0.17788869
v -0.21622147 0.31276160 0.17918971
v -0.22052772 0.31273577 0.17731214
v -0.22016107 0.30843270 0.17874300
v -0.21580897 0.30827659 0.18048611
v -0.22009219 0.31635553 0.17713118
v -0.21235324 0.30511567 0.18021941
v -0.21144964 0.30383325 0.17891857
v -0.21686704 0.32075450 0.17717090
v -0.20974565 0.31932616 0.17207792
v -0.20902067 0.31296739 0.17324531
v -0.20941301 0.30710000 0.17469770
v -0.21157204 0.30332717 0.17580664
v -0.21035714 0.31278962 0.16951931
v -0.21076240 0.30709469 0.17125821
v -0.21258567 0.30375302 0.17249072
v -0.21319894 0.31260338 0.16654527
v -0.21324365 0.30706662 0.16883382
v -0.21366461 0.31917536 0.16479841
v -0.21091060 0.31926650 0.16799173
v -0.21389209 0.30459902 0.17060688
v -0.21559282 0.30249518 0.17945269
v -0.21623217 0.30177259 0.17622897
v -0.21551089 0.30454740 0.18115664
v -0.22300987 0.31287825 0.17561716
v -0.22220208 0.30806422 0.17680779
v -0.22440837 0.31249189 0.17274371
v -0.22313459 0.30735192 0.17434621
v -0.22019111 0.30443236 0.17839256
v -0.21910386 0.30542874 0.17983210
v -0.21386512 0.32416430 0.16340601
v -0.21842466 0.32373455 0.16152692
v -0.21796323 0.31886727 0.16313219
v -0.21747987 0.31194288 0.16503912
v -0.22253875 0.31832740 0.16389808
v -0.22485451 0.31766933 0.16761789
v -0.22397836 0.31200162 0.16941547
v -0.22186418 0.31188768 0.16616514
v -0.22276555 0.30699053 0.17141065
v -0.22099759 0.30672103 0.16872773
v -0.21708016 0.30657297 0.16776940
v -0.22049476 0.30367085 0.17283249
v -0.22079067 0.30364168 0.17568088
v -0.21650065 0.30249614 0.17301980
v -0.21976043 0.30432767 0.17056286
v -0.21668564 0.30393180 0.17051911
v -0.22729747 0.36314955 0.14582953
v -0.24623491 0.35137463 0.14760792
v -0.24947931 0.35165033 0.14480406
v -0.24871935 0.35642463 0.14345434
v -0.24569957 0.35633197 0.14617088
v -0.24803822 0.35443300 0.15877375
v -0.24490781 0.35284907 0.15597942
v -0.24401958 0.35838267 0.15461937
v -0.24727337 0.36044177 0.15775356
v -0.25377068 0.35570973 0.15791792
v -0.25330999 0.36187077 0.15686074
v -0.24592169 0.36695245 0.15535316
v -0.24261878 0.36432156 0.15216476
v -0.24075471 0.37346178 0.14798209
v -0.24378626 0.37725958 0.15115497
v -0.25379902 0.37994632 0.13276950
v -0.24959441 0.37837628 0.13060775
v -0.25063005 0.37128225 0.13460597
v -0.25465536 0.37320295 0.13573831
v -0.24467157 0.35172877 0.15173888
v -0.24382959 0.35687974 0.15023914
v -0.25577626 0.36357820 0.14045846
v -0.25184575 0.36190274 0.13945389
v -0.25258455 0.35698900 0.14225179
v -0.25639972 0.35815206 0.14315760
v -0.24481852 0.37631324 0.13105410
v -0.23999132 0.37440225 0.13377053
v -0.24258764 0.37027225 0.13883162
v -0.24641578 0.37003344 0.13578862
v -0.24100460 0.37092063 0.14291984
v -0.25801170 0.36575350 0.14393777
v -0.25700748 0.36768487 0.14956760
v -0.25596535 0.37856898 0.14429203
v -0.25659692 0.37560734 0.13919973
v -0.24282344 0.36231712 0.14777669
v -0.24780904 0.36121047 0.14075005
v -0.24437334 0.36144194 0.14379793
v -0.25223055 0.36871171 0.15454328
v -0.25762683 0.36123043 0.15213770
v -0.25987276 0.34736916 0.15010273
v -0.25935960 0.35466436 0.14824370
v -0.25757298 0.35333815 0.14437222
v -0.25849804 0.34649315 0.14650586
v -0.25861865 0.35982430 0.14670131
v -0.25810811 0.35557792 0.15345848
v -0.24693479 0.34455353 0.14947131
v -0.25041884 0.34511361 0.14639854
v -0.24548621 0.34486386 0.15337607
v -0.25039881 0.37998405 0.15048912
v -0.24850975 0.34687513 0.16005367
v -0.24573208 0.34556490 0.15726528
v -0.25352857 0.35217297 0.14349201
v -0.25481811 0.34575942 0.14534181
v -0.25843126 0.34808889 0.15505138
v -0.25394070 0.34822491 0.15924177
v -0.25874525 0.34202015 0.15663657
v -0.25423905 0.34227574 0.16080296
v -0.24870022 0.34107786 0.16125962
v -0.24595930 0.34025037 0.15839934
v -0.24608971 0.34018171 0.15454575
v -0.26010621 0.34137481 0.15175593
v -0.25854993 0.34107605 0.14851564
v -0.25510991 0.34107390 0.14731786
v -0.25966915 0.33651650 0.15347350
v -0.25838667 0.33633101 0.15850902
v -0.24838556 0.32534027 0.16279781
v -0.24784575 0.32977533 0.16228411
v -0.25014856 0.32990032 0.16299900
v -0.25015438 0.32611188 0.16400325
v -0.24901624 0.33544308 0.16214216
v -0.25075400 0.33338800 0.16274655
v -0.25392181 0.33445349 0.16226539
v -0.25369796 0.33081910 0.16328683
v -0.25722840 0.33081433 0.16092733
v -0.25724357 0.32673448 0.16165841
v -0.25379434 0.32671964 0.16442430
v -0.25679326 0.33402190 0.16080761
v -0.25067675 0.32352558 0.16490304
v -0.24988137 0.32206342 0.16359758
v -0.25408560 0.33759132 0.16173738
v -0.24647246 0.33549681 0.15932769
v -0.24656515 0.32969829 0.16018412
v -0.24767207 0.32445070 0.16081032
v -0.24991156 0.32125691 0.16091433
v -0.24689309 0.33019638 0.15713915
v -0.24804454 0.32473922 0.15814385
v -0.25027162 0.32184875 0.15840638
v -0.24843134 0.33089605 0.15383071
v -0.24935664 0.32537043 0.15548232
v -0.24813919 0.33636260 0.15218139
v -0.24643849 0.33588356 0.15591234
v -0.25053078 0.32283947 0.15669796
v -0.25379294 0.32119402 0.16294226
v -0.25335303 0.32057002 0.16011670
v -0.25409332 0.32342756 0.16507643
v -0.25891849 0.33105636 0.15835565
v -0.25854149 0.32587570 0.15923506
v -0.25926447 0.33136082 0.15489045
v -0.25833479 0.32560790 0.15645349
v -0.25703797 0.32265288 0.16091016
v -0.25683644 0.32401446 0.16271982
v -0.24774982 0.34027863 0.15087053
v -0.25105742 0.34077761 0.14811406
v -0.25137269 0.33682775 0.14937633
v -0.25149006 0.33130375 0.15111139
v -0.25519726 0.33682218 0.14859015
v -0.25835598 0.33666754 0.15008590
v -0.25797868 0.33105832 0.15209436
v -0.25507897 0.33107913 0.15033409
v -0.25695601 0.32555255 0.15421391
v -0.25458050 0.32557920 0.15290734
v -0.25164118 0.32577795 0.15350512
v -0.25504801 0.32229441 0.15641111
v -0.25632447 0.32199121 0.15842581
v -0.25268224 0.32122135 0.15774220
v -0.25392127 0.32296455 0.15506291
v -0.25215504 0.32260513 0.15585455
v -0.25561520 0.38123235 0.13598090
v -0.14682484 0.40331814 0.12577564
v -0.15068184 0.39955017 0.12570411
v -0.15061477 0.39483884 0.10972959
v -0.15337978 0.39408520 0.11631158
v -0.14599024 0.39817390 0.10586347
v -0.13921924 0.40483639 0.10965616
v -0.14165398 0.40173206 0.10633527
v -0.15322161 0.39602748 0.12273198
v -0.14214598 0.40632740 0.12256336
v -0.13905375 0.40705204 0.11589951
v -0.13576898 0.39844283 0.12626970
v -0.13223898 0.39904955 0.11944604
v -0.13243666 0.39698607 0.11250639
v -0.13616094 0.39449024 0.10869903
v -0.14122218 0.39194822 0.10796952
v -0.14126760 0.39617422 0.12961686
v -0.14611259 0.39320269 0.12895766
v -0.14882332 0.39038697 0.12424538
v -0.13549834 0.38937411 0.13299185
v -0.12842877 0.38918802 0.13098028
v -0.11964852 0.37805849 0.12038410
v -0.12257358 0.38248125 0.11804790
v -0.12075549 0.38339600 0.12172148
v -0.11802863 0.38033691 0.12319213
v -0.12564544 0.38813046 0.11684915
v -0.12269133 0.38609007 0.12128690
v -0.12303132 0.38693780 0.12591776
v -0.12056255 0.38469571 0.12720096
v -0.12414885 0.38674012 0.13029954
v -0.12232436 0.38453504 0.13255215
v -0.11738168 0.38181886 0.12851128
v -0.11571960 0.37767240 0.12533551
v -0.11532295 0.37823263 0.12956834
v -0.11676539 0.37510058 0.12405804
v -0.12612353 0.39044794 0.12386364
v -0.13061386 0.38750097 0.11165226
v -0.12602472 0.38120088 0.11523286
v -0.12229006 0.37581483 0.11906572
v -0.11990574 0.37212941 0.12367091
v -0.13079268 0.37905204 0.11486202
v -0.12639090 0.37398869 0.11995101
v -0.12380998 0.37202451 0.12445444
v -0.13519314 0.37763759 0.11817378
v -0.12966241 0.37365475 0.12271699
v -0.14178108 0.38454640 0.11340326
v -0.13626035 0.38585547 0.11040056
v -0.12669218 0.37228796 0.12521568
v -0.11590368 0.37418875 0.12996525
v -0.11975884 0.37212723 0.12972319
v -0.12583192 0.38383490 0.13492823
v -0.11950067 0.38167828 0.13370746
v -0.12233780 0.37973413 0.13603687
v -0.13040328 0.38287309 0.13560787
v -0.12592395 0.37768382 0.13613519
v -0.11879811 0.37641892 0.13485917
v -0.11686628 0.37900814 0.13360840
v -0.14610994 0.38983509 0.11086509
v -0.14859055 0.38917658 0.11718577
v -0.14455362 0.38414666 0.12010810
v -0.13799368 0.37784490 0.12381497
v -0.14444394 0.38534769 0.12718996
v -0.14103590 0.38748819 0.13233513
v -0.13470638 0.38079005 0.13435236
v -0.13760023 0.37898865 0.13006175
v -0.12913920 0.37582883 0.13444725
v -0.13133903 0.37479419 0.13106319
v -0.13132368 0.37400189 0.12670705
v -0.12541282 0.37317184 0.13258517
v -0.12206036 0.37414023 0.13435394
v -0.12363866 0.37191850 0.12894967
v -0.12774235 0.37317345 0.13081387
v -0.12707034 0.37251285 0.12806863
v -0.24925767 0.38306347 0.12592709
v -0.24307825 0.38110769 0.12611878
v -0.24301602 0.38756910 0.12105191
v -0.24325632 0.39495149 0.11471069
v -0.24958159 0.40306017 0.11117518
v -0.23619501 0.39514986 0.11572603
v -0.23632695 0.38771680 0.12205648
v -0.23576577 0.37958714 0.12892815
v -0.23011290 0.40146628 0.11222723
v 0.04408856 1.08761132 -0.22757560
v 0.04724303 1.08895671 -0.22628860
v 0.04528361 1.08118641 -0.22751041
v 0.04250375 1.08119297 -0.22886650
v 0.05255190 1.08196223 -0.22609539
v 0.04811930 1.08120430 -0.22686562
v 0.05195396 1.09002221 -0.22591195
v 0.05706380 1.08996737 -0.22703891
v 0.06436419 1.08619869 -0.23045824
v 0.06610796 1.08489847 -0.23028730
v 0.06539923 1.08386123 -0.22953612
v 0.06329094 1.08363330 -0.22912607
v 0.05995423 1.08302844 -0.22759093
v 0.03925976 1.08323991 -0.23115020
v 0.04013147 1.08467376 -0.23029120
v 0.04179176 1.08621478 -0.22887351
v 0.05636007 1.08247149 -0.22650446
v 0.04044982 1.08147407 -0.23014550
v 0.03936953 1.08210182 -0.23109780
v 0.06117806 1.08865905 -0.22890684
v 0.05207664 1.08434284 -0.22617351
v 0.04811873 1.08381724 -0.22648188
v 0.05174999 1.08719993 -0.22598955
v 0.05625654 1.08743346 -0.22675025
v 0.06172619 1.08478808 -0.22862865
v 0.05945210 1.08483994 -0.22758932
v 0.04498363 1.08328307 -0.22754824
v 0.05601777 1.08473182 -0.22667664
v 0.04757378 1.08638203 -0.22642799
v 0.05995764 1.08688271 -0.22796223
v 0.06211093 1.08593094 -0.22899488
v 0.04007148 1.08320785 -0.23060735
v 0.04009305 1.08275878 -0.23055983
v 0.08401172 0.85237861 -0.21530920
v 0.08715519 0.83848536 -0.20286655
v 0.04457535 1.08542669 -0.22759764
v 0.04099958 1.08282447 -0.22982092
v 0.04265560 1.08300233 -0.22874793
v 0.04236623 1.08463240 -0.22891110
v 0.04088737 1.08383882 -0.22998087
v -0.12107524 0.76133072 -0.10243911
v -0.13030969 0.77479899 -0.09632332
v -0.18282239 0.80150878 -0.10547961
v -0.20048840 0.80437326 -0.12233260
v 0.03732417 0.55166328 -0.07056333
v -0.09657221 0.59475076 -0.24739051
v -0.10085365 0.61454058 -0.25227213
v -0.03660156 0.59788024 -0.31110451
v -0.05621169 0.59673119 -0.30022037
v -0.07322040 0.58991027 -0.12707710
v -0.07205726 0.61127591 -0.13021521
v -0.00994645 0.57926333 -0.08930220
v -0.00924757 0.60393572 -0.09281547
v -0.05697407 0.56421614 -0.10735817
v -0.07197452 0.55468035 -0.27189007
v -0.08677655 0.55624235 -0.25636101
v -0.08452624 0.57620323 -0.26117444
v -0.07140759 0.57530951 -0.27834341
v -0.01455332 0.59885323 -0.31527367
v -0.01268814 0.57625926 -0.30645040
v -0.08915234 0.63336408 -0.15353251
v -0.10258652 0.63261378 -0.17773841
v -0.11145097 0.63211191 -0.23036934
v -0.10642146 0.63338494 -0.25521815
v -0.09499463 0.63712370 -0.27677479
v -0.07933941 0.64092910 -0.29555222
v 0.01384031 0.62757456 -0.08953574
v 0.03734967 0.65012050 -0.09305130
v -0.07079098 0.63330030 -0.13329270
v 0.08647725 0.62167406 -0.09105203
v -0.06551541 0.66759217 -0.31743273
v -0.04390923 0.66776228 -0.33286321
v -0.11034104 0.63202465 -0.20374438
v 0.08025378 0.80053759 -0.16655785
v 0.06423877 0.80603456 -0.15849927
v 0.06728016 0.79171705 -0.14795482
v 0.08222301 0.78546166 -0.15649612
v 0.05164802 0.79575741 -0.14070730
v 0.03578080 0.79841685 -0.13464707
v 0.02041937 0.79985678 -0.12984972
v -0.01937807 0.79770398 -0.12186686
v -0.00723727 0.79960585 -0.12339690
v -0.04188043 0.78757286 -0.12366555
v -0.03090870 0.79390287 -0.12157522
v -0.05222470 0.77728844 -0.12939718
v -0.06265412 0.76457500 -0.13904244
v -0.07792738 0.76245999 -0.15293257
v -0.07509361 0.75151610 -0.14889027
v -0.05888254 0.75289321 -0.13471219
v -0.04747595 0.76619589 -0.12623423
v -0.03671462 0.77626264 -0.12053691
v 0.09087737 0.71741593 -0.13758466
v 0.09495510 0.74062872 -0.14749928
v 0.08147314 0.86569726 -0.22750206
v -0.26771027 0.60203803 -0.03108471
v -0.19598846 0.52441585 0.07117123
v -0.00256954 0.86327553 -0.36615893
v -0.02054527 0.87131953 -0.35804284
v -0.07046179 0.89740896 -0.31466916
v -0.07501279 0.91193533 -0.29110956
v -0.05891881 0.88304377 -0.33497190
v -0.04281925 0.87036574 -0.34902319
v -0.04763210 0.65406811 -0.12052378
v -0.03198379 0.83391750 -0.35887855
v -0.04831884 0.85842192 -0.34986126
v -0.06592236 0.87163746 -0.33590430
v -0.08115870 0.88672316 -0.31468803
v -0.09097005 0.90316737 -0.28591377
v -0.10220164 0.90457582 -0.26673895
v -0.12712796 0.88709986 -0.25145939
v -0.13387591 0.88664997 -0.23859467
v -0.14122473 0.88483667 -0.22546899
v -0.13371970 0.89939785 -0.21160784
v -0.12581430 0.90261447 -0.22536013
v -0.19149604 0.82667017 -0.15099230
v -0.20021059 0.81245518 -0.14603522
v -0.20712464 0.79952753 -0.14879990
v -0.21065755 0.78797221 -0.15539768
v -0.20952214 0.77839088 -0.16567299
v -0.20317426 0.77167273 -0.17693296
v -0.19272515 0.77037072 -0.18828040
v -0.16418879 0.77973485 -0.21225196
v -0.15629724 0.78348339 -0.21905127
v -0.14503051 0.76021338 -0.23494853
v -0.14204514 0.75239813 -0.23957172
v -0.13033603 0.72609973 -0.25429851
v -0.12297496 0.71147203 -0.26202983
v -0.11538410 0.69350410 -0.26996613
v -0.08590449 0.45213291 -0.26851624
v -0.10052486 0.45666197 -0.25187153
v -0.09582184 0.47442457 -0.24857417
v -0.08014674 0.46962938 -0.26440832
v -0.03769827 0.50391054 -0.28393295
v -0.01580431 0.50081086 -0.29038078
v -0.11913419 0.48068783 -0.18184002
v -0.11478463 0.47814438 -0.15631625
v -0.10838611 0.47883472 -0.22910698
v -0.11656342 0.48060372 -0.20694658
v -0.10249555 0.47210863 -0.13284349
v -0.02001968 0.43728772 -0.08110496
v 0.00429269 0.43119332 -0.07500662
v 0.04920016 0.42254254 -0.07258354
v 0.06819087 0.41994658 -0.07599844
v -0.08633980 0.46327218 -0.11423849
v 0.02799318 0.42636991 -0.07179658
v -0.06713609 0.45346153 -0.10006071
v -0.04442156 0.44437268 -0.08936910
v -0.05729103 0.50704718 -0.27517134
v -0.05983421 0.48471346 -0.27431038
v -0.07744397 0.48893008 -0.26379347
v -0.04190084 0.73372781 -0.34928623
v -0.06153012 0.73967302 -0.34114388
v -0.08097497 0.74707866 -0.33256498
v -0.09545015 0.77412176 -0.32595843
v -0.09825025 0.75636828 -0.32086411
v -0.11173800 0.76681495 -0.30690956
v -0.10919125 0.78409815 -0.31091771
v -0.13200536 0.80169606 -0.28170696
v -0.13160755 0.78753734 -0.27805132
v -0.14003469 0.79407585 -0.26829094
v -0.13999820 0.80735362 -0.27101845
v -0.14659125 0.79961193 -0.25880525
v -0.15202296 0.80373502 -0.24843673
v -0.15631658 0.80676532 -0.23742580
v -0.16428150 0.80557740 -0.22722465
v -0.16805013 0.82828307 -0.22665045
v -0.16058379 0.82904935 -0.23934782
v -0.13118650 0.81731868 -0.28307319
v -0.12003277 0.81004441 -0.29771423
v -0.03827857 0.77043152 -0.35581306
v -0.01893584 0.76463974 -0.36150706
v -0.08980834 0.74213791 -0.16030844
v -0.10553649 0.73400879 -0.17398378
v -0.11909972 0.72898340 -0.18866909
v -0.12822025 0.72783375 -0.20348057
v -0.13384841 0.72830832 -0.21937007
v -0.13572666 0.73106945 -0.23437159
v -0.13883556 0.74466622 -0.24410979
v -0.13512829 0.73617375 -0.24861875
v -0.13835166 0.75208700 -0.25512794
v -0.13332272 0.74359941 -0.26185805
v -0.13059734 0.75263071 -0.27369320
v -0.12680532 0.76367128 -0.28426877
v -0.12314945 0.77772498 -0.29113886
v -0.12150715 0.79331136 -0.29554138
v -0.10742311 0.80223775 -0.31268007
v -0.09367914 0.79340482 -0.32754892
v -0.07670487 0.80389917 -0.34140703
v -0.07519558 0.82206929 -0.34060487
v -0.07760790 0.78500295 -0.34089077
v -0.07819423 0.76551533 -0.33843064
v -0.03781821 0.92007565 -0.31662592
v -0.02668275 0.90860450 -0.33596241
v -0.19336343 0.78635120 -0.19094485
v -0.18992315 0.78251743 -0.19456275
v -0.19148606 0.77782118 -0.19169888
v -0.19810875 0.78051353 -0.18421973
v -0.20292543 0.78673518 -0.17641276
v -0.19794810 0.80147088 -0.18126871
v -0.19691126 0.79269302 -0.18561842
v -0.20434842 0.79563761 -0.16958359
v -0.20220707 0.80596054 -0.16483927
v -0.19682202 0.81087315 -0.17759378
v -0.19783601 0.81667805 -0.16268785
v -0.19421251 0.82000518 -0.17502038
v -0.19213082 0.82713497 -0.16489485
v -0.19132577 0.82681453 -0.17395291
v -0.17566036 0.84567690 -0.20415223
v -0.18195090 0.83945835 -0.19240168
v -0.18743038 0.83247101 -0.18150383
v -0.17413300 0.80320871 -0.21666420
v -0.18320993 0.80090106 -0.20598581
v -0.19073990 0.79778171 -0.19565465
v -0.19181810 0.80664384 -0.19267902
v -0.18484649 0.81026733 -0.20400381
v -0.17662004 0.81313145 -0.21578024
v -0.03921404 0.75278866 -0.35329828
v -0.05858695 0.75855923 -0.34699655
v -0.14703426 0.81210339 -0.26067936
v -0.15259162 0.81539142 -0.25088888
v -0.15853053 0.81657422 -0.23962907
v -0.16700807 0.81569064 -0.22779545
v -0.15447603 0.82793057 -0.25006372
v -0.14725122 0.82564104 -0.26074690
v -0.13961126 0.82189643 -0.27182254
v -0.05825799 0.77709508 -0.34985420
v -0.02066457 0.74766314 -0.35870865
v -0.07565647 0.87234139 -0.14703032
v -0.08796856 0.89396691 -0.15688872
v -0.10537249 0.90698552 -0.17197147
v -0.12200911 0.90884888 -0.19205534
v -0.22054903 0.65062547 -0.09113428
v -0.01248700 0.55282986 -0.29749355
v -0.01319909 0.52779233 -0.29147068
v -0.03491127 0.52933288 -0.28566390
v -0.02096832 0.66737306 -0.33925185
v -0.02262654 0.72913992 -0.35508230
v 0.01243497 0.77248883 -0.11176167
v 0.02550543 0.77247512 -0.11361055
v 0.02361263 0.78630149 -0.12152413
v 0.00999646 0.78669047 -0.11891309
v -0.01108469 0.77163601 -0.11217743
v 0.00022183 0.77241874 -0.11144896
v -0.00293399 0.78644276 -0.11746573
v -0.01483423 0.78506851 -0.11712274
v -0.02152223 0.76917076 -0.11370216
v -0.02597920 0.78211761 -0.11782619
v 0.00183286 0.75716257 -0.10505467
v 0.01380695 0.75762677 -0.10416749
v 0.02648729 0.75789320 -0.10650356
v -0.01813307 0.75550568 -0.10933517
v -0.00877030 0.75673139 -0.10697581
v 0.08733542 0.96491838 -0.22030723
v 0.08875938 0.97178972 -0.20662171
v 0.09307952 1.01715839 -0.19838479
v 0.09259161 1.02165651 -0.20071524
v 0.07787322 0.88578928 -0.24510805
v 0.07752311 0.89530730 -0.24940740
v 0.09599704 0.76043248 -0.15684509
v 0.09453388 0.79331791 -0.17498538
v 0.09238476 0.80853796 -0.18347517
v 0.08999527 0.82359838 -0.19259603
v 0.07869323 0.87678635 -0.23686831
v 0.09561151 0.77729952 -0.16579747
v -0.14209776 0.28922057 -0.21419527
v -0.13259473 0.27156097 -0.23849794
v -0.13581923 0.30076694 -0.23548895
v -0.12837084 0.28741166 -0.25243795
v -0.13414776 0.37074441 -0.20993938
v -0.13663304 0.34408301 -0.21540794
v -0.13364141 0.39880723 -0.20719279
v -0.11486533 0.27852795 -0.27080423
v -0.09493615 0.27311513 -0.28646383
v -0.09485751 0.29424194 -0.29492378
v -0.12780032 0.39588967 -0.23552719
v -0.12943658 0.36963898 -0.23784941
v -0.13161416 0.30814272 -0.24821399
v -0.13788965 0.32014471 -0.22371206
v -0.13239971 0.32277265 -0.24550669
v -0.11348519 0.29730123 -0.27904937
v -0.12564522 0.30276945 -0.26185358
v -0.05099326 0.44508162 -0.29228175
v -0.03255137 0.42398080 -0.30990508
v -0.05719526 0.42657208 -0.29930955
v -0.11226565 0.46104226 -0.23066956
v -0.10736573 0.43799886 -0.25529811
v -0.12439495 0.32103446 -0.26491815
v -0.11237203 0.31853354 -0.28416836
v -0.09403343 0.31654936 -0.30158898
v -0.08811694 0.38762105 -0.29886034
v -0.09080657 0.36442998 -0.30260456
v -0.10859580 0.36545923 -0.28473869
v -0.10553204 0.38994691 -0.28155586
v -0.11387230 0.41670242 -0.25860649
v -0.11833204 0.39261052 -0.26072079
v -0.08332352 0.40980777 -0.29378968
v -0.10039410 0.41323426 -0.27775216
v -0.09318046 0.43402216 -0.27319816
v -0.12129931 0.36701471 -0.26301119
v -0.06826186 0.33823663 -0.31797794
v -0.09247404 0.34013057 -0.30401084
v -0.03945882 0.33652642 -0.32545826
v -0.07682098 0.43013081 -0.28791180
v -0.06914821 0.44848517 -0.28105280
v -0.06313679 0.46602783 -0.27575833
v -0.05460882 0.53091609 -0.27675530
v -0.08279209 0.04757681 -0.08524469
v 0.03518244 0.21756086 -0.16989979
v 0.03013683 0.22093269 -0.19306706
v -0.11786625 0.31820655 -0.09816487
v -0.14484149 0.30633372 -0.16583186
v -0.14217854 0.31458145 -0.19785331
v 0.02588923 0.22541973 -0.10379528
v 0.03515493 0.21859038 -0.12787977
v -0.09498335 0.30584630 -0.07861173
v -0.04113202 0.26118019 -0.06444891
v 0.03704867 0.21626443 -0.14960694
v -0.13090856 0.34445080 -0.24155200
v -0.12314001 0.34237626 -0.26482937
v -0.11077493 0.34118861 -0.28586835
v -0.06914353 0.31528652 -0.31458759
v -0.03923163 0.31503162 -0.32186216
v 0.05093180 0.26947975 -0.07756066
v 0.05688172 0.28070772 -0.07647551
v 0.06559968 0.27773637 -0.07814176
v 0.06224480 0.26149997 -0.08217828
v -0.02049650 0.41349983 -0.08174014
v 0.00432845 0.40676531 -0.07745574
v 0.04857234 0.39860210 -0.07694755
v 0.06667233 0.39614421 -0.07991159
v -0.08990633 0.44310203 -0.11225995
v 0.02788569 0.40235147 -0.07607533
v -0.07050799 0.43256524 -0.09811549
v -0.04660357 0.42196509 -0.08819841
v -0.13770866 -0.39826384 -0.23304194
v -0.14068629 -0.42774621 -0.23041692
v -0.14460357 -0.42498198 -0.24496938
v -0.13877968 -0.39507213 -0.24760807
v -0.15860339 -0.38549557 -0.27118364
v -0.14670363 -0.38979629 -0.26614532
v -0.17279765 -0.38340846 -0.26943958
v -0.17421106 -0.41544989 -0.27233139
v -0.18455383 -0.41552618 -0.26322448
v -0.18511525 -0.38362256 -0.26201800
v -0.19265433 -0.38442877 -0.25075150
v -0.19758767 -0.41704455 -0.23974656
v -0.19432820 -0.41860071 -0.22127283
v -0.19460957 -0.38916281 -0.21836258
v -0.19653496 -0.38591412 -0.23727539
v -0.18615121 -0.39634421 -0.19995034
v -0.18715623 -0.42391613 -0.20231088
v -0.17012657 -0.40180936 -0.19235872
v -0.13978347 -0.40199819 -0.21647115
v -0.14077806 -0.43025926 -0.21261629
v -0.16029270 -0.41727021 -0.27400258
v -0.15001436 -0.42093077 -0.26556662
v -0.14022301 -0.39315251 -0.25787297
v -0.14745317 -0.42308262 -0.25489622
v -0.14435498 -0.45486417 -0.24207278
v -0.13686565 -0.45637098 -0.22654185
v -0.16103321 -0.44767573 -0.27664933
v -0.15524407 -0.45044723 -0.26343665
v -0.18262216 -0.44592503 -0.26449797
v -0.17444362 -0.44550875 -0.27695128
v -0.20095165 -0.44599858 -0.24263172
v -0.19225246 -0.41602102 -0.25255543
v -0.19312105 -0.44603601 -0.25450805
v -0.19960278 -0.44594958 -0.22310954
v -0.19126324 -0.44930974 -0.20115408
v -0.13829350 -0.45675960 -0.20647997
v -0.15054220 -0.45286396 -0.25232524
v -0.20983583 -0.54676080 -0.04395333
v -0.20258981 -0.54850006 -0.04251420
v -0.20289978 -0.54285109 -0.04328537
v -0.20768094 -0.54232490 -0.04422466
v -0.16885811 -0.55207253 -0.03353727
v -0.15680726 -0.55695748 -0.03592053
v -0.15639509 -0.54472196 -0.03309639
v -0.16475362 -0.54217803 -0.03143802
v -0.18718502 -0.55094862 -0.03393826
v -0.19524243 -0.54979396 -0.03438946
v -0.19367716 -0.55331981 -0.03831136
v -0.18850878 -0.55374622 -0.03789334
v -0.23226161 -0.53985095 -0.07589000
v -0.23801301 -0.53911066 -0.07871391
v -0.23734541 -0.54320836 -0.08048008
v -0.23327591 -0.54422748 -0.07908694
v -0.21887554 -0.54546773 -0.05624881
v -0.22506864 -0.54499567 -0.05962348
v -0.22405337 -0.54852057 -0.06142908
v -0.22033407 -0.54981768 -0.05986181
v -0.16773364 -0.53491020 -0.05404223
v -0.16719249 -0.53754795 -0.03950268
v -0.15395655 -0.54144275 -0.04226059
v -0.15166971 -0.53548777 -0.05646664
v -0.14838535 -0.55171669 -0.04698077
v -0.15791897 -0.55586255 -0.05023144
v -0.15656859 -0.55522203 -0.06526187
v -0.14653355 -0.54804122 -0.06296231
v -0.17102489 -0.55475461 -0.04776954
v -0.17141898 -0.55389798 -0.06197519
v -0.17787591 -0.54521883 -0.05702774
v -0.17885153 -0.54602110 -0.04109709
v -0.19708888 -0.54225814 -0.05486087
v -0.19993965 -0.54587710 -0.04238556
v -0.19291084 -0.54043245 -0.04067020
v -0.19080532 -0.53514135 -0.05326725
v -0.18459120 -0.54171729 -0.03977753
v -0.17903204 -0.53705037 -0.05197125
v -0.17761426 -0.54774547 -0.05498674
v -0.17940778 -0.54930449 -0.04019496
v -0.18525170 -0.55355346 -0.04480715
v -0.18334103 -0.55235326 -0.05890679
v -0.19270721 -0.55082119 -0.05861652
v -0.19470920 -0.55264008 -0.04561473
v -0.20887907 -0.53301811 -0.06065376
v -0.20857497 -0.53948939 -0.04992638
v -0.20080473 -0.54063570 -0.04909275
v -0.19795156 -0.53520000 -0.05846596
v -0.19757697 -0.54913926 -0.04958440
v -0.20359395 -0.55181003 -0.05176380
v -0.20170183 -0.55006766 -0.06270240
v -0.19585727 -0.54624820 -0.05959095
v -0.21147092 -0.54794836 -0.06385636
v -0.21142693 -0.55108714 -0.05262473
v -0.21501516 -0.53935504 -0.06067337
v -0.21482481 -0.54446077 -0.05085523
v -0.23083107 -0.53730106 -0.07577432
v -0.22892897 -0.54266632 -0.06631413
v -0.22490422 -0.53746378 -0.06458332
v -0.22633345 -0.53055561 -0.07458155
v -0.21860783 -0.53744090 -0.06237006
v -0.21779291 -0.53237927 -0.07032737
v -0.21510987 -0.54297984 -0.06194307
v -0.21875148 -0.54962564 -0.06540802
v -0.21914448 -0.54704463 -0.07378459
v -0.21537183 -0.53955543 -0.06839439
v -0.22594579 -0.54892325 -0.06745572
v -0.22741435 -0.54556215 -0.07746945
v -0.24001808 -0.52808475 -0.09238450
v -0.24232014 -0.53498006 -0.09609395
v -0.24147244 -0.53727746 -0.08570945
v -0.23872565 -0.53201497 -0.08394326
v -0.23305552 -0.53217268 -0.08108339
v -0.23331960 -0.52852619 -0.08698633
v -0.22977291 -0.53771758 -0.08114832
v -0.23186292 -0.54456151 -0.08432430
v -0.23251860 -0.54310691 -0.09040731
v -0.23146386 -0.53529084 -0.08585010
v -0.23867448 -0.54339767 -0.08620190
v -0.23887737 -0.54127192 -0.09481492
v -0.15113282 -0.53081465 -0.07134504
v -0.17166299 -0.53262341 -0.06794512
v -0.15973696 -0.55632877 -0.04020238
v -0.14702424 -0.54532027 -0.07860021
v -0.16727464 -0.55576444 -0.03923799
v -0.17532051 -0.55227578 -0.07485850
v -0.15739802 -0.55368400 -0.08086446
v -0.17632565 -0.54505432 -0.06379022
v -0.19281082 -0.54450357 -0.03460333
v -0.19499707 -0.54322159 -0.06510000
v -0.19577855 -0.54957664 -0.07562837
v -0.18799204 -0.54524791 -0.03429431
v -0.19149317 -0.53072894 -0.06984475
v -0.21094243 -0.52918136 -0.07925159
v -0.20525675 -0.55218518 -0.04568518
v -0.20941742 -0.55176401 -0.04638120
v -0.21516193 -0.54702151 -0.08215381
v -0.21575432 -0.53763783 -0.07043095
v -0.22362404 -0.54079604 -0.05941632
v -0.23214130 -0.53453541 -0.08542971
v -0.23030891 -0.54402339 -0.09373562
v -0.21998124 -0.54073691 -0.05804047
v -0.22830300 -0.52554321 -0.09110118
v -0.23638074 -0.53558278 -0.07953128
v -0.24377881 -0.53295529 -0.10886529
v -0.24016912 -0.54139733 -0.10591906
v -0.23333855 -0.53536832 -0.07767938
v -0.24012770 -0.52425671 -0.10349040
v -0.14517814 -0.40463081 -0.20240000
v -0.14757170 -0.43116263 -0.19845957
v -0.15610287 -0.40489796 -0.19377674
v -0.17269333 -0.42863050 -0.19288082
v -0.15986618 -0.43129638 -0.19171964
v -0.14904939 -0.45573714 -0.19110711
v -0.17664817 -0.45315877 -0.18972243
v -0.16312373 -0.45447448 -0.18620579
v -0.20519620 -0.46770599 -0.24872068
v -0.20689940 -0.46823671 -0.22729637
v -0.19314085 -0.46837512 -0.25951394
v -0.17528455 -0.46843997 -0.28294173
v -0.18403330 -0.46858540 -0.27092385
v -0.15081617 -0.47577432 -0.18063501
v -0.14144929 -0.47917810 -0.20048776
v -0.16607821 -0.47279623 -0.17385957
v -0.18306026 -0.47077730 -0.17953756
v -0.14575873 -0.52557671 -0.08924222
v -0.14593439 -0.52420962 -0.11237719
v -0.15983675 -0.51105249 -0.10712977
v -0.16580722 -0.52081764 -0.08654338
v -0.18124215 -0.50960875 -0.11155171
v -0.18598920 -0.52158797 -0.09112863
v -0.20063455 -0.51027012 -0.11962938
v -0.20543426 -0.52021158 -0.09928915
v -0.21742652 -0.51242554 -0.12979066
v -0.22316365 -0.51944983 -0.10979901
v -0.23202096 -0.51785254 -0.14008161
v -0.23778297 -0.52097261 -0.11974410
v -0.24193631 -0.52781618 -0.14644915
v -0.24569826 -0.53061020 -0.12554526
v -0.14299327 -0.54416919 -0.09699951
v -0.14405763 -0.54129374 -0.11901508
v -0.15593225 -0.55429399 -0.10051882
v -0.15638787 -0.55388224 -0.12259353
v -0.17475639 -0.55231249 -0.10091431
v -0.17419457 -0.55208528 -0.12404911
v -0.23838063 -0.54158521 -0.14500314
v -0.24092744 -0.54289675 -0.12332549
v -0.19458897 -0.54954255 -0.10450277
v -0.19328551 -0.54853511 -0.12800485
v -0.21306349 -0.54798126 -0.11050141
v -0.21119110 -0.54705417 -0.13391963
v -0.22854517 -0.54639184 -0.11737412
v -0.22631042 -0.54585361 -0.14013204
v -0.15473753 -0.50426054 -0.13269459
v -0.17511195 -0.49634865 -0.13289985
v -0.19430798 -0.49810067 -0.14204955
v -0.21059012 -0.50335205 -0.15338147
v -0.22475375 -0.51319623 -0.16429225
v -0.23614402 -0.52367151 -0.17027722
v -0.20796649 -0.49037376 -0.18158710
v -0.21845190 -0.51087892 -0.19108744
v -0.22771426 -0.52299070 -0.19497035
v -0.21456738 -0.50910819 -0.21813104
v -0.22081400 -0.52240419 -0.21967481
v -0.20714670 -0.50867915 -0.26199150
v -0.21393050 -0.52348888 -0.26476264
v -0.21716057 -0.52150679 -0.24423547
v -0.21049967 -0.50817096 -0.24257353
v -0.20750596 -0.48997524 -0.21100236
v -0.20607112 -0.48881903 -0.23617591
v -0.20141910 -0.48862877 -0.25487992
v -0.19846396 -0.52553797 -0.28990158
v -0.20837186 -0.52483654 -0.27921614
v -0.20305793 -0.50886536 -0.27616331
v -0.19568750 -0.50828075 -0.28875670
v -0.17918740 -0.51061940 -0.29734993
v -0.18120271 -0.52855837 -0.29431570
v -0.16170546 -0.51520956 -0.28730944
v -0.16356237 -0.53247750 -0.28625208
v -0.18939874 -0.48810282 -0.27959704
v -0.19518051 -0.48906055 -0.26748550
v -0.17729536 -0.48894373 -0.28975818
v -0.16188705 -0.49258974 -0.28195369
v -0.15872137 -0.49499360 -0.26474234
v -0.15687124 -0.51761484 -0.26752397
v -0.15583278 -0.53434718 -0.26804432
v -0.14669153 -0.52229857 -0.13903737
v -0.14828676 -0.53604031 -0.14420526
v -0.18952896 -0.48383453 -0.16268584
v -0.16908085 -0.48421982 -0.15460680
v -0.15031579 -0.49521127 -0.16400906
v -0.14525095 -0.51909781 -0.16794074
v -0.15172896 -0.53360415 -0.17208427
v -0.15417732 -0.53265405 -0.19746217
v -0.14557457 -0.52023637 -0.19545113
v -0.15832049 -0.54631436 -0.14796233
v -0.16208696 -0.53996694 -0.17475274
v -0.16311175 -0.53858674 -0.19947571
v -0.15370591 -0.53329396 -0.21970166
v -0.14750957 -0.52035046 -0.21877111
v -0.15441014 -0.53333175 -0.23748954
v -0.15135330 -0.51861334 -0.23700941
v -0.15444055 -0.51758015 -0.25153807
v -0.15477009 -0.53377783 -0.25239062
v -0.14956298 -0.49799433 -0.23764189
v -0.15395564 -0.49612013 -0.25074011
v -0.14492603 -0.50037980 -0.21948475
v -0.14307870 -0.49979106 -0.19506808
v -0.23380764 -0.53827310 -0.16964298
v -0.22696070 -0.53528547 -0.19437255
v -0.21983959 -0.53298128 -0.21881053
v -0.21527089 -0.53380370 -0.24285771
v -0.20962548 -0.53592861 -0.26194441
v -0.20381050 -0.53696525 -0.27400729
v -0.18133762 -0.53861654 -0.28581005
v -0.19524482 -0.53742933 -0.28296471
v -0.16925044 -0.54131329 -0.28011414
v -0.16340792 -0.54371321 -0.26590928
v -0.16212259 -0.54495418 -0.25206906
v -0.16206375 -0.54108357 -0.22126862
v -0.16146034 -0.54398406 -0.23812416
v -0.13893284 -0.48028162 -0.22270678
v -0.14438793 -0.47832027 -0.24083324
v -0.15075998 -0.47604612 -0.25221759
v -0.16140635 -0.47120062 -0.27810141
v -0.15681925 -0.47369352 -0.26316929
v -0.17407313 -0.54861689 -0.15063660
v -0.19194749 -0.54588556 -0.15471634
v -0.20872240 -0.54446292 -0.16031396
v -0.22268961 -0.54306507 -0.16563922
v -0.21818633 -0.54060447 -0.19126874
v -0.20563641 -0.54217219 -0.18726622
v -0.19015148 -0.54386640 -0.18254945
v -0.17452447 -0.54302514 -0.17782955
v -0.21194197 -0.53943169 -0.21561646
v -0.20106764 -0.54178059 -0.21174808
v -0.18727146 -0.54350626 -0.20786488
v -0.17401105 -0.54285097 -0.20277366
v -0.17201225 -0.54579532 -0.22443560
v -0.18347554 -0.54535687 -0.22992785
v -0.19550577 -0.54317784 -0.23366046
v -0.20568542 -0.54010630 -0.23846883
v -0.20048954 -0.54088783 -0.25608966
v -0.19089726 -0.54335892 -0.25049728
v -0.18011910 -0.54546702 -0.24650517
v -0.17111446 -0.54664135 -0.24154001
v -0.19608310 -0.54132199 -0.26642817
v -0.18239412 -0.54251921 -0.27732855
v -0.19051121 -0.54164660 -0.27372515
v -0.17449838 -0.54454410 -0.27430987
v -0.17150870 -0.54585779 -0.26416737
v -0.17089877 -0.54663873 -0.25331759
v -0.17897457 -0.54523957 -0.25634366
v -0.17834942 -0.54474199 -0.26430136
v -0.18819995 -0.54302037 -0.26040694
v -0.18548493 -0.54297435 -0.26732808
v -0.17849107 -0.54406142 -0.27029955
v -0.18211985 -0.54314339 -0.27171463
v -0.19658412 -0.47222808 -0.19947907
v -0.09938070 -0.12777850 -0.13246951
v -0.08630840 -0.12551931 -0.14277720
v -0.11450092 -0.12406840 -0.12737550
v -0.06665882 0.29551274 -0.06782235
v 0.01264360 0.55358469 -0.07715705
v 0.01342892 0.60239995 -0.08458678
v 0.01354976 0.57769239 -0.08049044
v -0.07195090 0.26909021 -0.06527999
v -0.05029973 0.63156939 -0.11757877
v 0.00611507 0.80043876 -0.12617311
v -0.00698813 1.05895150 -0.30107293
v -0.00517744 1.05526793 -0.30193478
v -0.00434517 1.05208743 -0.30387428
v -0.00442674 1.04912412 -0.30631301
v -0.00421349 1.04696250 -0.30940363
v -0.00281844 1.04678285 -0.31330195
v -0.00658892 1.05307484 -0.30634788
v -0.00452550 1.05563915 -0.31027770
v -0.00475791 1.05777001 -0.30880946
v -0.00673103 1.05559981 -0.30496454
f 2 3 1
f 1 3 4
f 3 2 5
f 5 2 6
f 3 7 4
f 4 7 8
f 10 11 9
f 9 11 12
f 14 15 13
f 13 15 16
f 18 19 17
f 17 19 20
f 22 23 21
f 21 23 24
f 26 18 25
f 25 18 17
f 27 28 17
f 17 28 25
f 30 31 29
f 29 31 32
f 34 35 33
f 33 35 36
f 21 24 37
f 37 24 38
f 40 31 39
f 39 31 38
f 34 33 28
f 28 33 25
f 41 42 44
f 44 42 43
f 36 45 33
f 33 45 25
f 46 47 49
f 49 47 48
f 51 52 50
f 50 52 53
f 55 53 54
f 54 53 52
f 57 58 56
f 56 58 59
f 61 62 60
f 60 62 63
f 65 66 64
f 64 66 67
f 69 70 68
f 68 70 71
f 65 73 72
f 72 73 74
f 64 75 65
f 65 75 73
f 77 78 76
f 76 78 79
f 80 81 83
f 83 81 82
f 81 85 84
f 84 85 86
f 88 89 87
f 87 89 69
f 88 87 90
f 90 87 91
f 93 94 92
f 92 94 95
f 96 84 43
f 43 84 44
f 51 98 97
f 97 98 86
f 97 99 51
f 51 99 52
f 54 52 100
f 100 52 99
f 58 101 59
f 59 101 102
f 62 103 63
f 63 103 104
f 105 106 6
f 6 106 5
f 108 109 107
f 107 109 110
f 112 113 111
f 111 113 114
f 116 117 115
f 115 117 118
f 120 121 119
f 119 121 122
f 124 125 123
f 123 125 126
f 128 129 127
f 127 129 130
f 130 131 127
f 127 131 132
f 134 1 133
f 133 1 135
f 1 4 135
f 135 4 136
f 4 8 136
f 136 8 137
f 138 139 15
f 15 139 140
f 140 139 141
f 141 139 142
f 144 57 143
f 143 57 56
f 145 146 141
f 141 146 147
f 146 149 148
f 148 149 150
f 152 153 151
f 151 153 154
f 141 147 140
f 140 147 155
f 157 11 156
f 156 11 158
f 160 161 159
f 159 161 162
f 164 165 163
f 163 165 166
f 165 160 166
f 166 160 159
f 168 169 167
f 167 169 170
f 169 171 170
f 170 171 172
f 149 173 150
f 150 173 174
f 175 176 149
f 149 176 173
f 178 172 177
f 177 172 171
f 180 181 179
f 179 181 182
f 184 180 183
f 183 180 179
f 186 187 185
f 185 187 188
f 190 191 189
f 189 191 192
f 7 193 8
f 8 193 194
f 196 162 195
f 195 162 161
f 197 168 198
f 198 168 167
f 181 199 182
f 182 199 200
f 202 203 201
f 201 203 204
f 187 186 205
f 205 186 206
f 208 209 207
f 207 209 210
f 212 213 211
f 211 213 214
f 215 216 218
f 218 216 217
f 220 209 219
f 219 209 208
f 204 186 221
f 221 186 185
f 201 204 222
f 222 204 221
f 223 211 220
f 220 211 209
f 224 225 214
f 214 225 210
f 203 206 204
f 204 206 186
f 227 187 226
f 226 187 205
f 27 228 21
f 21 228 22
f 230 231 229
f 229 231 232
f 234 235 233
f 233 235 236
f 238 239 237
f 237 239 240
f 119 122 118
f 118 122 115
f 112 242 241
f 241 242 243
f 98 51 244
f 244 51 50
f 245 138 14
f 14 138 15
f 11 10 158
f 158 10 246
f 89 85 69
f 69 85 70
f 11 157 12
f 12 157 247
f 249 164 248
f 248 164 163
f 177 250 178
f 178 250 251
f 253 254 252
f 252 254 255
f 187 227 188
f 188 227 256
f 212 257 213
f 213 257 258
f 260 134 259
f 259 134 133
f 165 164 135
f 135 164 133
f 160 165 136
f 136 165 135
f 136 137 160
f 160 137 161
f 137 261 161
f 161 261 195
f 263 264 262
f 262 264 265
f 13 16 266
f 266 16 267
f 268 267 155
f 155 267 16
f 147 269 155
f 155 269 268
f 162 196 167
f 167 196 198
f 167 170 162
f 162 170 159
f 170 172 159
f 159 172 166
f 172 178 166
f 166 178 163
f 178 251 163
f 163 251 248
f 168 270 169
f 169 270 271
f 272 273 171
f 171 273 177
f 271 272 169
f 169 272 171
f 168 197 270
f 270 197 274
f 250 177 275
f 275 177 273
f 277 45 276
f 276 45 278
f 280 281 279
f 279 281 282
f 284 104 283
f 283 104 103
f 285 215 286
f 286 215 218
f 288 289 287
f 287 289 290
f 291 80 66
f 66 80 83
f 293 294 292
f 292 294 295
f 73 91 74
f 74 91 87
f 91 73 92
f 92 73 75
f 279 77 280
f 280 77 76
f 80 291 70
f 70 291 71
f 277 47 96
f 96 47 82
f 297 175 296
f 296 175 149
f 299 154 298
f 298 154 153
f 225 300 210
f 210 300 207
f 224 301 206
f 206 301 205
f 210 209 214
f 214 209 211
f 226 205 302
f 302 205 301
f 304 305 303
f 303 305 306
f 308 309 307
f 307 309 310
f 72 291 65
f 65 291 66
f 66 83 67
f 67 83 46
f 312 313 311
f 311 313 314
f 316 317 315
f 315 317 36
f 29 318 35
f 35 318 319
f 321 32 320
f 320 32 322
f 311 314 323
f 323 314 324
f 315 325 316
f 316 325 326
f 318 287 319
f 319 287 290
f 328 321 327
f 327 321 320
f 329 330 39
f 39 330 331
f 332 333 40
f 40 333 322
f 309 334 285
f 285 334 335
f 236 2 134
f 134 2 1
f 260 336 233
f 233 336 337
f 237 14 265
f 265 14 13
f 84 86 44
f 44 86 98
f 189 192 7
f 7 192 193
f 44 98 41
f 41 98 244
f 237 240 14
f 14 240 245
f 7 3 189
f 189 3 5
f 338 71 72
f 72 71 291
f 262 265 266
f 266 265 13
f 124 123 339
f 339 123 105
f 123 109 105
f 105 109 106
f 189 5 190
f 190 5 106
f 111 114 12
f 12 114 9
f 264 340 265
f 265 340 237
f 342 343 341
f 341 343 344
f 6 235 105
f 105 235 339
f 234 346 345
f 345 346 347
f 349 350 348
f 348 350 351
f 107 352 108
f 108 352 353
f 355 356 354
f 354 356 357
f 237 340 238
f 238 340 358
f 12 247 111
f 111 247 359
f 264 263 116
f 116 263 360
f 361 362 222
f 222 362 201
f 364 365 363
f 363 365 366
f 368 369 367
f 367 369 370
f 372 373 371
f 371 373 374
f 375 376 372
f 372 376 377
f 378 379 381
f 381 379 380
f 382 383 269
f 269 383 268
f 150 174 365
f 365 174 384
f 380 377 381
f 381 377 376
f 271 270 180
f 180 270 181
f 273 272 252
f 252 272 184
f 272 271 184
f 184 271 180
f 181 270 274
f 252 255 273
f 273 255 275
f 254 385 255
f 255 385 386
f 387 388 179
f 179 388 183
f 389 387 182
f 182 387 179
f 182 200 389
f 389 200 390
f 388 391 183
f 183 391 253
f 391 392 253
f 253 392 254
f 394 379 393
f 393 379 378
f 185 188 395
f 395 188 396
f 221 185 397
f 397 185 395
f 222 221 398
f 398 221 397
f 188 256 396
f 396 256 399
f 400 401 256
f 256 401 399
f 402 403 405
f 405 403 404
f 148 150 364
f 364 150 365
f 393 406 394
f 394 406 407
f 158 246 393
f 393 246 406
f 342 19 238
f 238 19 239
f 23 22 350
f 350 22 354
f 244 50 245
f 245 50 138
f 55 142 53
f 53 142 139
f 145 144 296
f 296 144 143
f 355 228 341
f 341 228 20
f 41 240 42
f 42 240 239
f 283 308 284
f 284 308 307
f 349 409 408
f 408 409 410
f 244 245 41
f 41 245 240
f 268 383 406
f 406 383 407
f 346 411 349
f 349 411 409
f 251 412 248
f 248 412 413
f 275 414 250
f 250 414 415
f 25 45 26
f 26 45 277
f 43 26 96
f 96 26 277
f 416 417 61
f 61 417 62
f 329 24 408
f 408 24 23
f 31 40 32
f 32 40 322
f 39 38 329
f 329 38 24
f 37 38 30
f 30 38 31
f 418 419 421
f 421 419 420
f 78 295 79
f 79 295 294
f 124 339 422
f 422 339 345
f 232 131 357
f 357 131 351
f 2 236 6
f 6 236 235
f 252 184 253
f 253 184 183
f 227 423 256
f 256 423 400
f 423 227 305
f 305 227 226
f 424 258 425
f 425 258 257
f 426 427 212
f 212 427 257
f 259 133 249
f 249 133 164
f 419 418 428
f 428 418 429
f 327 430 328
f 328 430 288
f 49 431 46
f 46 431 67
f 306 302 424
f 424 302 258
f 313 432 314
f 314 432 433
f 32 321 29
f 29 321 318
f 324 314 433
f 287 318 328
f 328 318 321
f 134 260 236
f 236 260 233
f 345 339 234
f 234 339 235
f 357 351 354
f 354 351 350
f 408 23 349
f 349 23 350
f 317 278 36
f 36 278 45
f 432 313 429
f 429 313 428
f 435 428 434
f 434 428 313
f 42 239 18
f 18 239 19
f 43 42 26
f 26 42 18
f 121 120 436
f 436 120 437
f 302 301 258
f 258 301 213
f 110 109 126
f 126 109 123
f 238 358 342
f 342 358 343
f 341 20 342
f 342 20 19
f 322 438 320
f 320 438 439
f 320 439 327
f 327 439 430
f 333 440 322
f 322 440 438
f 289 288 323
f 323 288 430
f 115 340 116
f 116 340 264
f 146 145 149
f 149 145 296
f 15 140 16
f 16 140 155
f 441 442 152
f 152 442 153
f 225 224 203
f 203 224 206
f 175 297 154
f 154 297 151
f 293 443 294
f 294 443 444
f 248 413 249
f 249 413 445
f 446 447 400
f 400 447 401
f 388 387 396
f 396 387 395
f 387 389 395
f 395 389 397
f 391 388 399
f 399 388 396
f 401 392 399
f 399 392 391
f 255 386 275
f 275 386 414
f 449 450 448
f 448 450 451
f 335 452 285
f 285 452 215
f 453 298 442
f 442 298 153
f 211 223 212
f 212 223 426
f 425 257 454
f 454 257 427
f 266 10 262
f 262 10 9
f 360 113 456
f 456 113 455
f 8 194 137
f 137 194 261
f 10 266 246
f 246 266 267
f 203 202 225
f 225 202 300
f 262 9 263
f 263 9 114
f 108 353 190
f 190 353 191
f 389 390 397
f 397 390 398
f 457 422 128
f 128 422 129
f 156 158 378
f 378 158 393
f 347 346 348
f 348 346 349
f 447 458 401
f 401 458 392
f 364 382 148
f 148 382 269
f 55 54 57
f 57 54 58
f 75 64 459
f 459 64 460
f 100 90 101
f 101 90 95
f 101 58 100
f 100 58 54
f 142 55 144
f 144 55 57
f 147 146 269
f 269 146 148
f 459 93 75
f 75 93 92
f 144 145 142
f 142 145 141
f 228 27 20
f 20 27 17
f 154 299 175
f 175 299 176
f 214 213 224
f 224 213 301
f 424 461 306
f 306 461 303
f 285 286 309
f 309 286 310
f 462 334 308
f 308 334 309
f 302 306 226
f 226 306 305
f 37 28 21
f 21 28 27
f 29 35 30
f 30 35 34
f 30 34 37
f 37 34 28
f 344 436 356
f 356 436 229
f 325 290 326
f 326 290 289
f 311 439 312
f 312 439 438
f 35 319 36
f 36 319 315
f 439 311 430
f 430 311 323
f 315 319 325
f 325 319 290
f 440 463 438
f 438 463 312
f 341 344 355
f 355 344 356
f 360 456 116
f 116 456 117
f 354 22 355
f 355 22 228
f 326 289 324
f 324 289 323
f 74 87 68
f 68 87 69
f 50 53 138
f 138 53 139
f 268 406 267
f 267 406 246
f 190 106 108
f 108 106 109
f 241 455 112
f 112 455 113
f 358 122 343
f 343 122 121
f 129 347 130
f 130 347 348
f 348 351 130
f 130 351 131
f 229 232 356
f 356 232 357
f 340 115 358
f 358 115 122
f 111 359 112
f 112 359 242
f 125 124 457
f 457 124 422
f 231 132 232
f 232 132 131
f 343 121 344
f 344 121 436
f 263 114 360
f 360 114 113
f 347 129 345
f 345 129 422
f 230 229 437
f 437 229 436
f 464 446 423
f 423 446 400
f 465 466 468
f 468 466 467
f 470 471 469
f 469 471 472
f 469 472 373
f 373 472 374
f 474 469 473
f 473 469 373
f 471 475 472
f 472 475 476
f 472 477 374
f 374 477 478
f 477 472 476
f 479 480 476
f 476 480 477
f 473 373 377
f 377 373 372
f 481 482 479
f 479 482 480
f 483 484 481
f 481 484 482
f 403 402 485
f 485 402 486
f 487 488 483
f 483 488 484
f 487 489 488
f 488 489 490
f 489 491 490
f 490 491 492
f 491 493 492
f 492 493 494
f 493 495 494
f 494 495 496
f 497 498 481
f 481 498 483
f 484 499 482
f 482 499 367
f 370 480 367
f 367 480 482
f 480 370 477
f 477 370 478
f 500 497 479
f 479 497 481
f 451 473 380
f 380 473 377
f 448 451 379
f 379 451 380
f 501 502 504
f 504 502 503
f 449 505 507
f 507 505 506
f 486 508 505
f 505 508 506
f 508 509 506
f 506 509 510
f 511 507 510
f 510 507 506
f 509 508 512
f 512 508 513
f 515 509 514
f 514 509 512
f 509 515 510
f 510 515 516
f 510 516 511
f 511 516 517
f 486 505 485
f 485 505 518
f 505 449 518
f 518 449 448
f 383 382 403
f 403 382 404
f 363 404 364
f 364 404 382
f 403 485 383
f 383 485 407
f 519 520 361
f 361 520 362
f 522 496 521
f 521 496 495
f 450 474 451
f 451 474 473
f 363 366 523
f 523 366 524
f 525 499 488
f 488 499 484
f 488 490 525
f 525 490 526
f 496 522 520
f 520 522 527
f 494 496 519
f 519 496 520
f 492 494 528
f 528 494 519
f 529 530 495
f 495 530 521
f 490 492 526
f 526 492 528
f 529 495 531
f 531 495 493
f 533 534 532
f 532 534 535
f 523 524 533
f 533 524 534
f 486 402 532
f 532 402 533
f 529 536 530
f 530 536 537
f 536 538 537
f 537 538 539
f 540 541 539
f 539 541 537
f 530 537 535
f 535 537 541
f 542 539 543
f 543 539 538
f 539 542 540
f 540 542 544
f 541 540 513
f 513 540 512
f 540 544 512
f 512 544 514
f 546 547 545
f 545 547 548
f 549 550 531
f 531 550 551
f 550 549 552
f 552 549 553
f 546 550 554
f 554 550 552
f 547 546 555
f 555 546 554
f 498 556 558
f 558 556 557
f 559 557 560
f 560 557 556
f 561 562 560
f 560 562 559
f 557 559 552
f 552 559 554
f 559 562 554
f 554 562 555
f 558 557 553
f 553 557 552
f 475 471 563
f 563 471 564
f 565 563 567
f 567 563 566
f 471 470 564
f 564 470 466
f 564 466 568
f 568 466 465
f 568 465 569
f 569 465 570
f 572 573 571
f 571 573 574
f 569 575 567
f 567 575 576
f 577 565 576
f 576 565 567
f 578 579 581
f 581 579 580
f 575 561 576
f 576 561 560
f 556 577 560
f 560 577 576
f 577 556 497
f 497 556 498
f 565 577 500
f 500 577 497
f 563 565 475
f 475 565 500
f 553 489 558
f 558 489 487
f 531 493 549
f 549 493 491
f 489 553 491
f 491 553 549
f 394 407 518
f 518 407 485
f 518 448 394
f 394 448 379
f 545 548 538
f 538 548 543
f 551 545 536
f 536 545 538
f 536 529 551
f 551 529 531
f 507 582 449
f 449 582 450
f 511 583 507
f 507 583 582
f 511 517 583
f 583 517 584
f 585 586 588
f 588 586 587
f 590 591 589
f 589 591 592
f 591 590 593
f 593 590 594
f 596 597 595
f 595 597 598
f 599 600 602
f 602 600 601
f 604 605 603
f 603 605 606
f 608 609 607
f 607 609 610
f 612 613 611
f 611 613 614
f 615 616 618
f 618 616 617
f 620 621 619
f 619 621 622
f 624 625 623
f 623 625 626
f 628 629 627
f 627 629 630
f 632 633 631
f 631 633 634
f 635 636 638
f 638 636 637
f 639 640 642
f 642 640 641
f 644 645 643
f 643 645 646
f 619 622 647
f 647 622 648
f 650 651 649
f 649 651 652
f 601 653 602
f 602 653 654
f 656 657 655
f 655 657 658
f 660 661 659
f 659 661 662
f 664 665 663
f 663 665 666
f 593 594 667
f 667 594 668
f 669 670 672
f 672 670 671
f 673 674 676
f 676 674 675
f 633 632 677
f 677 632 678
f 663 666 679
f 679 666 680
f 681 682 684
f 684 682 683
f 686 687 685
f 685 687 688
f 690 661 689
f 689 661 691
f 693 686 692
f 692 686 685
f 695 597 694
f 694 597 668
f 594 696 668
f 668 696 694
f 697 698 696
f 696 698 699
f 700 701 697
f 697 701 698
f 702 585 703
f 703 585 588
f 671 690 672
f 672 690 689
f 640 639 704
f 704 639 705
f 679 706 663
f 663 706 658
f 708 709 707
f 707 709 710
f 711 712 610
f 610 712 607
f 713 714 716
f 716 714 715
f 717 718 720
f 720 718 719
f 722 634 721
f 721 634 633
f 724 725 723
f 723 725 726
f 728 729 727
f 727 729 730
f 732 733 731
f 731 733 734
f 707 710 735
f 735 710 736
f 643 737 644
f 644 737 738
f 740 741 739
f 739 741 742
f 608 744 743
f 743 744 745
f 747 748 746
f 746 748 749
f 751 752 750
f 750 752 753
f 754 755 757
f 757 755 756
f 758 759 761
f 761 759 760
f 763 764 762
f 762 764 765
f 767 768 766
f 766 768 769
f 771 772 770
f 770 772 773
f 775 776 774
f 774 776 777
f 779 780 778
f 778 780 781
f 783 712 782
f 782 712 784
f 785 786 788
f 788 786 787
f 790 628 789
f 789 628 627
f 792 793 791
f 791 793 794
f 795 796 726
f 726 796 723
f 798 799 797
f 797 799 800
f 721 633 801
f 801 633 677
f 797 800 802
f 802 800 803
f 805 806 804
f 804 806 807
f 809 810 808
f 808 810 811
f 813 814 812
f 812 814 815
f 809 808 817
f 817 808 816
f 818 819 804
f 804 819 805
f 820 821 818
f 818 821 819
f 821 820 587
f 587 820 822
f 809 823 810
f 810 823 824
f 814 807 815
f 815 807 806
f 826 426 825
f 825 426 223
f 426 826 427
f 427 826 827
f 828 829 454
f 454 829 830
f 831 832 677
f 677 832 801
f 834 835 833
f 833 835 836
f 838 839 837
f 837 839 840
f 841 842 844
f 844 842 843
f 845 846 803
f 803 846 802
f 847 831 678
f 678 831 677
f 848 849 851
f 851 849 850
f 853 854 852
f 852 854 855
f 857 858 856
f 856 858 680
f 860 861 859
f 859 861 862
f 864 865 863
f 863 865 866
f 868 869 867
f 867 869 870
f 839 871 840
f 840 871 872
f 849 848 874
f 874 848 873
f 876 877 875
f 875 877 878
f 880 881 879
f 879 881 882
f 883 884 886
f 886 884 885
f 846 887 802
f 802 887 888
f 890 891 889
f 889 891 888
f 893 894 892
f 892 894 895
f 896 897 728
f 728 897 729
f 899 900 898
f 898 900 901
f 902 852 904
f 904 852 903
f 849 905 850
f 850 905 906
f 875 878 907
f 907 878 908
f 910 911 909
f 909 911 912
f 914 915 913
f 913 915 916
f 917 918 862
f 862 918 859
f 919 920 856
f 856 920 921
f 923 924 922
f 922 924 925
f 926 927 925
f 925 927 922
f 929 930 928
f 928 930 693
f 932 695 931
f 931 695 694
f 823 867 824
f 824 867 933
f 935 936 934
f 934 936 937
f 938 868 823
f 823 868 867
f 940 847 939
f 939 847 678
f 632 655 678
f 678 655 939
f 941 942 619
f 619 942 620
f 687 943 688
f 688 943 944
f 851 850 945
f 945 850 903
f 850 906 903
f 903 906 904
f 946 947 949
f 949 947 948
f 951 952 950
f 950 952 953
f 955 956 954
f 954 956 957
f 907 958 875
f 875 958 874
f 960 961 959
f 959 961 962
f 963 853 902
f 902 853 852
f 909 964 910
f 910 964 965
f 967 968 966
f 966 968 969
f 971 972 970
f 970 972 973
f 974 960 975
f 975 960 959
f 977 978 976
f 976 978 979
f 981 977 980
f 980 977 976
f 980 982 981
f 981 982 983
f 985 983 984
f 984 983 982
f 984 986 985
f 985 986 987
f 989 990 988
f 988 990 991
f 993 994 992
f 992 994 995
f 997 998 996
f 996 998 999
f 1001 1002 1000
f 1000 1002 1003
f 1005 1006 1004
f 1004 1006 1007
f 1004 1008 1005
f 1005 1008 1009
f 1008 1010 1009
f 1009 1010 1011
f 1013 1011 1012
f 1012 1011 1010
f 1014 1015 1017
f 1017 1015 1016
f 1019 1020 1018
f 1018 1020 1021
f 1022 1023 976
f 976 1023 980
f 1024 1025 982
f 982 1025 984
f 992 995 1026
f 1026 995 1027
f 956 955 1028
f 1028 955 1029
f 1030 1031 1033
f 1033 1031 1032
f 1010 1008 1034
f 1034 1008 1035
f 1008 1004 1035
f 1035 1004 1036
f 1037 1038 1002
f 1002 1038 1007
f 1002 1001 1037
f 1037 1001 1039
f 1040 1041 997
f 997 1041 998
f 1015 1014 1043
f 1043 1014 1042
f 1044 1045 1047
f 1047 1045 1046
f 1044 1020 1048
f 1048 1020 1049
f 1050 1051 1003
f 1003 1051 1000
f 1052 1050 1006
f 1006 1050 1003
f 1053 1054 1011
f 1011 1054 1009
f 1013 1045 1055
f 1055 1045 1056
f 1058 1059 1057
f 1057 1059 1060
f 1062 1063 1061
f 1061 1063 1064
f 1065 1066 1050
f 1050 1066 1051
f 1067 1065 1052
f 1052 1065 1050
f 1068 1069 1054
f 1054 1069 1070
f 1071 1068 1053
f 1053 1068 1054
f 1073 1071 1072
f 1072 1071 1074
f 1074 1071 1055
f 1055 1071 1053
f 1076 1077 1075
f 1075 1077 1078
f 1079 1080 1057
f 1057 1080 1058
f 1081 1082 1064
f 1064 1082 1061
f 1084 1085 1083
f 1083 1085 1086
f 1088 1089 1087
f 1087 1089 1090
f 1092 1093 1091
f 1091 1093 1094
f 1096 1097 1095
f 1095 1097 1098
f 1099 1100 1102
f 1102 1100 1101
f 1103 1104 1099
f 1099 1104 1100
f 1106 1107 1105
f 1105 1107 1108
f 1110 1111 1109
f 1109 1111 1112
f 1114 1115 1113
f 1113 1115 1116
f 1118 1119 1117
f 1117 1119 1077
f 1117 1120 1122
f 1122 1120 1121
f 1105 1123 1106
f 1106 1123 1124
f 1125 1126 1128
f 1128 1126 1127
f 1130 1131 1129
f 1129 1131 1132
f 1134 1135 1133
f 1133 1135 1114
f 1113 1136 1114
f 1114 1136 1133
f 1118 1137 1113
f 1113 1137 1136
f 1118 1117 1137
f 1137 1117 1122
f 1139 1140 1138
f 1138 1140 1141
f 1143 953 1142
f 1142 953 952
f 1145 957 1144
f 1144 957 956
f 1028 1146 956
f 956 1146 1144
f 1014 1147 1042
f 1042 1147 1148
f 1014 1017 1147
f 1147 1017 1149
f 1059 1058 1150
f 1150 1058 1151
f 1153 1080 1152
f 1152 1080 1154
f 1156 1088 1155
f 1155 1088 1087
f 1157 1158 1106
f 1106 1158 1107
f 1106 1124 1157
f 1157 1124 1159
f 1161 1162 1160
f 1160 1162 1163
f 1165 1166 1164
f 1164 1166 1167
f 1168 1031 1012
f 1012 1031 1046
f 1024 1023 1035
f 1035 1023 1034
f 1036 1038 1025
f 1025 1038 1169
f 1170 1171 1039
f 1039 1171 1037
f 1028 1029 1042
f 1042 1029 1043
f 1172 1173 1175
f 1175 1173 1174
f 1055 1053 1013
f 1013 1053 1011
f 1005 1009 1070
f 1070 1009 1054
f 996 999 1062
f 1062 999 1063
f 1016 1060 1017
f 1017 1060 1059
f 1017 1059 1149
f 1149 1059 1150
f 1177 1178 1176
f 1176 1178 1103
f 1176 1072 1179
f 1179 1072 1074
f 1073 1102 1086
f 1086 1102 1083
f 1180 1181 1067
f 1067 1181 1065
f 1182 1183 1184
f 1184 1183 1181
f 1186 1187 1185
f 1185 1187 1188
f 1189 1190 798
f 798 1190 799
f 1192 1193 1191
f 1191 1193 1194
f 1195 1196 1194
f 1194 1196 1191
f 1196 1195 1198
f 1198 1195 1197
f 1200 674 1199
f 1199 674 673
f 928 1201 1203
f 1203 1201 1202
f 861 1204 862
f 862 1204 921
f 1205 1206 913
f 913 1206 1207
f 882 1208 879
f 879 1208 1209
f 1210 1211 1167
f 1167 1211 1164
f 1212 769 1213
f 1213 769 768
f 727 1214 728
f 728 1214 1215
f 1217 1218 1216
f 1216 1218 1219
f 1220 813 1221
f 1221 813 812
f 827 828 427
f 427 828 454
f 1223 1224 1222
f 1222 1224 1165
f 1226 1227 1225
f 1225 1227 1228
f 851 1229 848
f 848 1229 1230
f 834 854 835
f 835 854 1231
f 1233 1234 1232
f 1232 1234 1235
f 1237 751 1236
f 1236 751 750
f 743 819 1238
f 1238 819 821
f 1240 1241 1239
f 1239 1241 1242
f 1244 1245 1243
f 1243 1245 1246
f 844 1247 841
f 841 1247 1248
f 1250 1251 1249
f 1249 1251 1252
f 1254 893 1253
f 1253 893 1237
f 1255 1256 1258
f 1258 1256 1257
f 1260 1261 1259
f 1259 1261 1262
f 945 903 855
f 855 903 852
f 855 1263 945
f 945 1263 1264
f 832 845 801
f 801 845 803
f 800 721 803
f 803 721 801
f 721 800 722
f 722 800 799
f 1266 1267 1265
f 1265 1267 1268
f 1270 795 1269
f 1269 795 726
f 725 1271 726
f 726 1271 1269
f 737 765 738
f 738 765 764
f 759 740 760
f 760 740 739
f 717 1272 1274
f 1274 1272 1273
f 1163 1226 1275
f 1275 1226 1225
f 1277 882 1276
f 1276 882 881
f 1041 1040 1027
f 1027 1040 1026
f 900 935 901
f 901 935 934
f 1164 1278 1165
f 1165 1278 1222
f 1211 1279 1164
f 1164 1279 1278
f 442 1280 453
f 453 1280 1281
f 788 1282 785
f 785 1282 1283
f 1285 1286 1284
f 1284 1286 1287
f 1284 1288 1285
f 1285 1288 1289
f 757 1289 754
f 754 1289 1288
f 605 604 675
f 675 604 676
f 1290 1291 1293
f 1293 1291 1292
f 1295 1296 1294
f 1294 1296 1297
f 696 699 694
f 694 699 931
f 1298 1299 592
f 592 1299 589
f 1299 1300 589
f 589 1300 700
f 1300 1301 700
f 700 1301 701
f 743 745 819
f 819 745 805
f 1303 1304 1302
f 1302 1304 1305
f 1306 1307 1305
f 1305 1307 1302
f 609 1298 610
f 610 1298 592
f 587 822 588
f 588 822 1308
f 703 588 1309
f 1309 588 1308
f 1310 703 571
f 571 703 1309
f 1311 1312 789
f 789 1312 790
f 825 223 1313
f 1313 223 220
f 219 1314 220
f 220 1314 1313
f 1315 1316 1311
f 1311 1316 1312
f 1317 1318 1319
f 1319 1318 1241
f 441 1320 442
f 442 1320 1280
f 1321 217 572
f 572 217 216
f 1323 1230 1322
f 1322 1230 1229
f 1324 1325 631
f 631 1325 656
f 1034 1168 1010
f 1010 1168 1012
f 1327 1328 1326
f 1326 1328 1329
f 1331 1202 1330
f 1330 1202 1201
f 571 1309 572
f 572 1309 1321
f 573 572 1332
f 1332 572 216
f 1334 1335 1333
f 1333 1335 1336
f 1337 1338 918
f 918 1338 859
f 1339 863 1340
f 1340 863 866
f 1341 1342 1344
f 1344 1342 1343
f 1345 1346 919
f 919 1346 920
f 1347 1348 673
f 673 1348 1199
f 693 1349 928
f 928 1349 1201
f 1351 1257 1350
f 1350 1257 1256
f 1350 1352 1351
f 1351 1352 1353
f 653 930 654
f 654 930 662
f 1279 1354 1278
f 1278 1354 1355
f 1357 1358 1356
f 1356 1358 1359
f 937 1360 1140
f 1140 1360 1361
f 1225 1228 909
f 909 1228 964
f 901 934 1362
f 1362 934 1139
f 1364 1365 1363
f 1363 1365 1362
f 1367 912 1366
f 1366 912 911
f 1143 1142 1368
f 1368 1142 1369
f 1144 1186 1145
f 1145 1186 1185
f 1146 1175 1144
f 1144 1175 1186
f 1175 1146 1172
f 1172 1146 1148
f 1147 1018 1148
f 1148 1018 1172
f 1018 1147 1019
f 1019 1147 1149
f 1149 1150 1019
f 1019 1150 1370
f 1150 1151 1370
f 1370 1151 1371
f 1151 1153 1371
f 1371 1153 1177
f 1152 1156 1178
f 1178 1156 1372
f 1155 1158 1373
f 1373 1158 1374
f 1157 1159 1376
f 1376 1159 1375
f 1378 1379 1377
f 1377 1379 1380
f 1382 1383 1381
f 1381 1383 1384
f 1382 1386 1385
f 1385 1386 1387
f 1386 1233 1387
f 1387 1233 1232
f 1389 1390 1388
f 1388 1390 1391
f 1393 1394 1392
f 1392 1394 1395
f 1397 1398 1396
f 1396 1398 1399
f 629 1397 630
f 630 1397 1396
f 1342 1400 1343
f 1343 1400 1401
f 1403 1404 1402
f 1402 1404 1405
f 1407 1408 1406
f 1406 1408 1409
f 1411 1412 1410
f 1410 1412 1413
f 793 1414 794
f 794 1414 1415
f 1417 1341 1416
f 1416 1341 1344
f 704 705 1347
f 1347 705 1418
f 741 1419 742
f 742 1419 1420
f 1422 669 1421
f 1421 669 672
f 645 1423 646
f 646 1423 1424
f 1196 1198 614
f 614 1198 611
f 613 1425 614
f 614 1425 1426
f 1427 616 659
f 659 616 660
f 614 1426 1196
f 1196 1426 1191
f 696 594 697
f 697 594 590
f 697 590 700
f 700 590 589
f 703 1310 702
f 702 1310 1428
f 1421 672 1192
f 1192 672 689
f 1271 648 1269
f 1269 648 622
f 621 1270 622
f 622 1270 1269
f 1429 1430 1417
f 1417 1430 1341
f 1431 1432 1434
f 1434 1432 1433
f 1436 1437 1435
f 1435 1437 1438
f 1440 1441 1439
f 1439 1441 1442
f 1443 1444 1446
f 1446 1444 1445
f 823 809 938
f 938 809 817
f 810 1447 811
f 811 1447 1448
f 1449 1450 679
f 679 1450 706
f 913 916 1205
f 1205 916 1451
f 1275 1225 912
f 912 1225 909
f 1452 1453 880
f 880 1453 881
f 1444 1401 1445
f 1445 1401 1400
f 936 1454 937
f 937 1454 1360
f 824 1455 810
f 810 1455 1447
f 631 656 632
f 632 656 655
f 966 1456 967
f 967 1456 1457
f 1459 1460 1458
f 1458 1460 1461
f 1460 1462 1461
f 1461 1462 1463
f 972 974 973
f 973 974 975
f 990 995 991
f 991 995 994
f 1464 1187 1033
f 1033 1187 1174
f 1018 1021 1172
f 1172 1021 1173
f 1000 999 1001
f 1001 999 998
f 976 979 1022
f 1022 979 1032
f 1023 1024 980
f 980 1024 982
f 989 986 1171
f 1171 986 1169
f 1171 1170 989
f 989 1170 990
f 1170 1027 990
f 990 1027 995
f 1041 1039 998
f 998 1039 1001
f 1051 1063 1000
f 1000 1063 999
f 1066 1064 1051
f 1051 1064 1063
f 1183 1081 1066
f 1066 1081 1064
f 1178 1372 1103
f 1103 1372 1104
f 1092 1091 1465
f 1465 1091 1182
f 1467 1465 1466
f 1466 1465 1468
f 1469 1470 1184
f 1184 1470 1468
f 1095 1098 1471
f 1471 1098 1101
f 1076 1374 1120
f 1120 1374 1376
f 1110 1472 1127
f 1127 1472 1132
f 1472 1473 1132
f 1132 1473 1129
f 1474 1475 1466
f 1466 1475 1473
f 1119 1118 1116
f 1116 1118 1113
f 1375 1121 1376
f 1376 1121 1120
f 1127 1132 1128
f 1128 1132 1131
f 1227 1476 1228
f 1228 1476 1361
f 1365 1477 1362
f 1362 1477 872
f 1478 1479 1323
f 1323 1479 1230
f 1480 1481 914
f 914 1481 915
f 913 1277 914
f 914 1277 1276
f 1168 1034 1022
f 1022 1034 1023
f 1035 1036 1024
f 1024 1036 1025
f 1039 1041 1170
f 1170 1041 1027
f 1042 1148 1028
f 1028 1148 1146
f 968 1459 969
f 969 1459 1458
f 1482 1483 664
f 664 1483 665
f 1485 1486 1484
f 1484 1486 1487
f 1489 1490 1488
f 1488 1490 1491
f 1492 1493 722
f 722 1493 634
f 1495 1496 1494
f 1494 1496 1497
f 1498 1207 1339
f 1339 1207 863
f 1224 1499 1165
f 1165 1499 1166
f 1160 1163 1500
f 1500 1163 1275
f 1500 877 1160
f 1160 877 1501
f 876 873 1502
f 1502 873 1479
f 945 1264 851
f 851 1264 1229
f 835 1231 839
f 839 1231 871
f 1503 1283 778
f 778 1283 1282
f 716 715 1505
f 1505 715 1504
f 1446 1445 1507
f 1507 1445 1506
f 779 792 1381
f 1381 792 791
f 1430 1409 1341
f 1341 1409 1342
f 1411 1429 1508
f 1508 1429 1417
f 635 1510 1509
f 1509 1510 1511
f 1377 1380 1315
f 1315 1380 1316
f 1445 1400 1506
f 1506 1400 1408
f 918 917 1336
f 1336 917 1333
f 1513 1514 1512
f 1512 1514 870
f 1515 1516 1363
f 1363 1516 1364
f 1453 1517 881
f 881 1517 1276
f 992 1518 993
f 993 1518 1519
f 1520 1029 1518
f 1518 1029 955
f 1520 1026 1521
f 1521 1026 1040
f 1522 1015 1521
f 1521 1015 1043
f 996 1523 997
f 997 1523 1522
f 1060 1016 1524
f 1524 1016 1523
f 1061 1525 1062
f 1062 1525 1524
f 1079 1527 1526
f 1526 1527 1528
f 1093 1529 1094
f 1094 1529 1528
f 1111 1530 1112
f 1112 1530 1531
f 1532 1533 1105
f 1105 1533 1123
f 934 937 1139
f 1139 937 1140
f 1138 1363 1139
f 1139 1363 1362
f 1534 1222 1355
f 1355 1222 1278
f 1535 1223 1534
f 1534 1223 1222
f 821 587 1238
f 1238 587 586
f 1319 711 1317
f 1317 711 1536
f 1538 1200 1537
f 1537 1200 1199
f 1508 1417 1539
f 1539 1417 1416
f 1540 1541 840
f 840 1541 837
f 1231 898 871
f 871 898 901
f 1500 1275 1367
f 1367 1275 912
f 1543 1379 1542
f 1542 1379 1395
f 1539 772 1508
f 1508 772 1544
f 1546 1403 1545
f 1545 1403 1402
f 1548 1549 1547
f 1547 1549 1550
f 1552 1548 1551
f 1551 1548 1547
f 1554 1555 1553
f 1553 1555 1556
f 1558 1559 1557
f 1557 1559 1560
f 1562 1563 1561
f 1561 1563 1564
f 1566 1567 1565
f 1565 1567 1568
f 1570 1571 1569
f 1569 1571 1572
f 1574 1575 1573
f 1573 1575 1576
f 1577 1578 1572
f 1572 1578 1569
f 1580 1581 1579
f 1579 1581 1582
f 1584 1585 1583
f 1583 1585 1586
f 1588 1555 1587
f 1587 1555 1589
f 1591 1592 1590
f 1590 1592 1593
f 1595 1596 1594
f 1594 1596 1597
f 1596 1581 1597
f 1597 1581 1576
f 1599 1570 1598
f 1598 1570 1569
f 1601 1602 1600
f 1600 1602 1603
f 1605 1606 1604
f 1604 1606 1607
f 1608 1609 1568
f 1568 1609 1565
f 1611 1612 1610
f 1610 1612 1613
f 1615 1616 1614
f 1614 1616 1617
f 1619 1617 1618
f 1618 1617 1616
f 1621 1622 1620
f 1620 1622 1623
f 1625 1626 1624
f 1624 1626 1627
f 1629 1630 1628
f 1628 1630 1631
f 1633 1634 1632
f 1632 1634 1635
f 1636 1637 1639
f 1639 1637 1638
f 1641 1642 1640
f 1640 1642 1643
f 1624 1627 1644
f 1644 1627 1645
f 1647 1648 1646
f 1646 1648 1649
f 1651 1652 1650
f 1650 1652 1653
f 1655 1656 1654
f 1654 1656 1657
f 1659 1660 1658
f 1658 1660 1661
f 1662 1663 1631
f 1631 1663 1628
f 1651 1665 1664
f 1664 1665 1666
f 1667 1656 1619
f 1619 1656 1617
f 1669 1670 1668
f 1668 1670 1671
f 1632 1635 1672
f 1672 1635 1673
f 1674 1675 1638
f 1638 1675 1639
f 1677 1678 1676
f 1676 1678 1679
f 1680 1640 1681
f 1681 1640 1643
f 1682 1683 1643
f 1643 1683 1681
f 1670 1669 1235
f 1235 1669 1232
f 1396 1399 1674
f 1674 1399 1675
f 627 630 1679
f 1679 630 1676
f 1681 1315 1680
f 1680 1315 1311
f 1683 1377 1681
f 1681 1377 1315
f 1672 1673 1387
f 1387 1673 1385
f 1636 1684 1646
f 1646 1684 1685
f 1687 1688 1686
f 1686 1688 1689
f 1585 1690 1586
f 1586 1690 1691
f 1599 1692 1551
f 1551 1692 1693
f 1552 1558 1694
f 1694 1558 1557
f 1696 1615 1695
f 1695 1615 1614
f 1698 1699 1697
f 1697 1699 1623
f 1700 1701 1703
f 1703 1701 1702
f 1705 1706 1704
f 1704 1706 1707
f 1708 1709 1640
f 1640 1709 1641
f 1710 1711 1713
f 1713 1711 1712
f 1652 1655 1653
f 1653 1655 1654
f 1714 1699 1712
f 1712 1699 1713
f 1715 1710 1716
f 1716 1710 1713
f 1717 1708 1680
f 1680 1708 1640
f 1393 1392 1715
f 1715 1392 1710
f 1719 1720 1718
f 1718 1720 1721
f 1680 1311 1717
f 1717 1311 789
f 1378 1711 1392
f 1392 1711 1710
f 1388 1391 1719
f 1719 1391 1720
f 1723 1606 1722
f 1722 1606 1689
f 1725 1568 1724
f 1724 1568 1567
f 1726 1647 1685
f 1685 1647 1646
f 1728 1554 1727
f 1727 1554 1553
f 1591 1687 1600
f 1600 1687 1686
f 1730 1595 1729
f 1729 1595 1594
f 1601 1605 1731
f 1731 1605 1604
f 1733 1663 1732
f 1732 1663 1734
f 1736 1639 1735
f 1735 1639 1675
f 1658 1644 1737
f 1737 1644 1645
f 1726 1662 1724
f 1724 1662 1631
f 1399 1738 1675
f 1675 1738 1735
f 1621 1667 1739
f 1739 1667 1619
f 1714 1740 1620
f 1620 1740 1741
f 1592 1549 1593
f 1593 1549 1742
f 1602 1571 1603
f 1603 1571 1550
f 1688 1690 1689
f 1689 1690 1722
f 1588 1559 1582
f 1582 1559 1579
f 1673 1735 1385
f 1385 1735 1738
f 1387 1232 1672
f 1672 1232 1669
f 1580 1692 1573
f 1573 1692 1743
f 1377 1683 1378
f 1378 1683 1711
f 1664 1666 1744
f 1744 1666 1745
f 1744 1696 1664
f 1664 1696 1695
f 1746 1747 1732
f 1732 1747 1748
f 1749 1750 1677
f 1677 1750 1678
f 1709 1708 1750
f 1750 1708 1678
f 1668 1632 1669
f 1669 1632 1672
f 1633 1746 1734
f 1734 1746 1732
f 1679 1678 1717
f 1717 1678 1708
f 789 627 1717
f 1717 627 1679
f 1563 1723 1564
f 1564 1723 1722
f 1728 1584 1751
f 1751 1584 1583
f 1674 1676 1396
f 1396 1676 630
f 1666 1566 1745
f 1745 1566 1565
f 1627 1629 1645
f 1645 1629 1628
f 1637 1749 1638
f 1638 1749 1677
f 1648 1665 1649
f 1649 1665 1752
f 1740 1642 1741
f 1741 1642 1657
f 1676 1674 1677
f 1677 1674 1638
f 1683 1682 1711
f 1711 1682 1712
f 1618 1753 1619
f 1619 1753 1739
f 1701 1739 1702
f 1702 1739 1753
f 1754 1214 1756
f 1756 1214 1755
f 647 1757 619
f 619 1757 941
f 1759 1193 1758
f 1758 1193 691
f 1419 1760 1420
f 1420 1760 1761
f 682 1762 683
f 683 1762 1763
f 1412 780 1413
f 1413 780 1384
f 1383 1398 1384
f 1384 1398 1413
f 1197 1424 1764
f 1764 1424 1423
f 1537 1287 1538
f 1538 1287 1286
f 1634 1684 1635
f 1635 1684 1736
f 1724 1631 1725
f 1725 1631 1630
f 1562 1730 1610
f 1610 1730 1729
f 1735 1673 1736
f 1736 1673 1635
f 1757 1195 941
f 941 1195 1194
f 1766 200 1765
f 1765 200 199
f 475 500 476
f 476 500 479
f 498 558 483
f 483 558 487
f 545 551 546
f 546 551 550
f 453 1281 219
f 219 1281 1314
f 298 453 208
f 208 453 219
f 368 1765 1767
f 1767 1765 199
f 523 405 363
f 363 405 404
f 523 533 405
f 405 533 402
f 298 208 299
f 299 208 207
f 299 207 176
f 176 207 300
f 176 300 173
f 173 300 202
f 173 202 174
f 174 202 201
f 1337 918 1768
f 1768 918 1336
f 1769 1770 1338
f 1338 1770 859
f 581 570 578
f 578 570 1771
f 555 562 580
f 580 562 561
f 504 1772 501
f 501 1772 548
f 517 542 584
f 584 542 543
f 515 514 516
f 516 514 544
f 542 517 544
f 544 517 516
f 561 575 580
f 580 575 581
f 575 569 581
f 581 569 570
f 501 548 1773
f 1773 548 547
f 1774 1775 570
f 570 1775 1771
f 369 368 1776
f 1776 368 1767
f 372 369 375
f 375 369 1776
f 822 1280 1308
f 1308 1280 1320
f 820 1281 822
f 822 1281 1280
f 818 1314 820
f 820 1314 1281
f 1314 818 1313
f 1313 818 804
f 807 814 825
f 825 814 826
f 814 813 826
f 826 813 827
f 813 1220 827
f 827 1220 828
f 580 579 555
f 555 579 547
f 1477 1540 872
f 872 1540 840
f 367 499 368
f 368 499 1765
f 1766 1765 525
f 525 1765 499
f 1777 1766 526
f 526 1766 525
f 520 527 362
f 362 527 384
f 361 1778 519
f 519 1778 528
f 371 1779 372
f 372 1779 369
f 369 1779 370
f 370 1779 478
f 1779 371 478
f 478 371 374
f 1778 1777 528
f 528 1777 526
f 1781 1782 1780
f 1780 1782 1783
f 431 460 67
f 67 460 64
f 68 338 74
f 74 338 72
f 1785 1782 1784
f 1784 1782 1786
f 1787 1788 1790
f 1790 1788 1789
f 1792 1789 1791
f 1791 1789 1793
f 1791 1794 1792
f 1792 1794 1795
f 1794 1796 1795
f 1795 1796 1797
f 1797 1798 938
f 938 1798 868
f 1798 1799 868
f 868 1799 869
f 1801 1802 1800
f 1800 1802 1451
f 1803 1804 1205
f 1205 1804 1206
f 1805 1806 864
f 864 1806 865
f 1806 1807 865
f 865 1807 1808
f 68 71 338
f 287 328 288
f 1320 1321 1308
f 1308 1321 1309
f 1320 441 1321
f 1321 441 217
f 441 152 217
f 217 152 218
f 151 286 152
f 152 286 218
f 297 310 151
f 151 310 286
f 296 307 297
f 297 307 310
f 296 143 307
f 307 143 284
f 143 56 284
f 284 56 104
f 56 59 104
f 104 59 63
f 59 102 63
f 63 102 60
f 102 94 60
f 60 94 282
f 93 459 279
f 279 459 77
f 459 460 77
f 77 460 78
f 460 431 78
f 78 431 295
f 431 49 295
f 295 49 292
f 48 421 49
f 49 421 292
f 276 278 418
f 418 278 429
f 317 432 278
f 278 432 429
f 432 317 433
f 433 317 316
f 326 324 316
f 316 324 433
f 1536 592 1809
f 1809 592 591
f 1810 744 1812
f 1812 744 1811
f 1814 1815 1813
f 1813 1815 1816
f 1817 748 1818
f 1818 748 747
f 1812 1819 1810
f 1810 1819 1817
f 1820 1821 748
f 748 1821 749
f 1823 1824 1822
f 1822 1824 1825
f 1827 1828 1826
f 1826 1828 1829
f 1831 1832 1830
f 1830 1832 1833
f 1834 1827 1243
f 1243 1827 1826
f 1313 804 825
f 825 804 807
f 1835 1253 1236
f 1236 1253 1237
f 1836 1837 1438
f 1438 1837 1435
f 1838 1505 1840
f 1840 1505 1839
f 1841 1842 716
f 716 1842 713
f 1843 1844 1510
f 1510 1844 1845
f 1847 1848 1846
f 1846 1848 1849
f 1850 1240 1822
f 1822 1240 1239
f 636 1831 637
f 637 1831 1830
f 1852 1853 1851
f 1851 1853 1854
f 1855 1856 1858
f 1858 1856 1857
f 1846 1849 1859
f 1859 1849 1860
f 1343 1401 1509
f 1509 1401 1861
f 1509 1861 635
f 635 1861 636
f 1863 1864 1862
f 1862 1864 1865
f 1283 1503 1867
f 1867 1503 1866
f 1868 1867 681
f 681 1867 682
f 1286 1285 683
f 683 1285 684
f 757 756 1274
f 1274 756 1869
f 1274 1869 717
f 717 1869 718
f 1434 1433 719
f 719 1433 720
f 1200 1538 1545
f 1545 1538 1763
f 1285 1289 684
f 684 1289 1273
f 684 1273 681
f 681 1273 1272
f 785 1283 1868
f 1868 1283 1867
f 786 785 1870
f 1870 785 1868
f 1289 757 1273
f 1273 757 1274
f 1539 1416 1871
f 1871 1416 1872
f 773 1871 1403
f 1403 1871 1404
f 675 674 1405
f 1405 674 1402
f 1864 1873 1865
f 1865 1873 1874
f 638 1843 635
f 635 1843 1510
f 1344 1343 1511
f 1511 1343 1509
f 772 1539 773
f 773 1539 1871
f 674 1200 1402
f 1402 1200 1545
f 1538 1286 1763
f 1763 1286 683
f 1444 1443 1875
f 1875 1443 1876
f 1875 1876 1831
f 1831 1876 1832
f 1416 1344 1872
f 1872 1344 1511
f 1877 1878 774
f 774 1878 1879
f 1878 1847 1879
f 1879 1847 1846
f 1880 714 1881
f 1881 714 1848
f 1401 1444 1861
f 1861 1444 1875
f 1861 1875 636
f 636 1875 1831
f 1823 1863 1882
f 1882 1863 1862
f 1441 1440 1884
f 1884 1440 1883
f 1883 1852 1884
f 1884 1852 1851
f 1886 1887 1885
f 1885 1887 1888
f 1358 1889 1359
f 1359 1889 1890
f 1891 1886 1892
f 1892 1886 1885
f 774 1879 775
f 775 1879 1893
f 1859 1893 1846
f 1846 1893 1879
f 713 1842 1849
f 1849 1842 1860
f 1318 1895 1894
f 1894 1895 1896
f 1873 1897 1874
f 1874 1897 1898
f 1898 605 1899
f 1899 605 675
f 1405 1844 675
f 675 1844 1899
f 1404 1845 1405
f 1405 1845 1844
f 593 1296 591
f 591 1296 1809
f 1295 1292 1900
f 1900 1292 1895
f 606 1897 1291
f 1291 1897 1896
f 1510 1845 1511
f 1511 1845 1872
f 1871 1872 1404
f 1404 1872 1845
f 1866 770 1762
f 1762 770 1546
f 1762 682 1866
f 1866 682 1867
f 1870 1868 1272
f 1272 1868 681
f 1272 717 1870
f 1870 717 720
f 1870 720 786
f 786 720 1433
f 786 1433 787
f 787 1433 1432
f 1261 1414 1432
f 1432 1414 787
f 1389 1234 1260
f 1260 1234 1415
f 1719 1670 1388
f 1388 1670 1235
f 1718 1671 1719
f 1719 1671 1670
f 1705 1747 1718
f 1718 1747 1671
f 1659 1901 1704
f 1704 1901 1748
f 1877 1903 1902
f 1902 1903 1904
f 1259 1905 1390
f 1390 1905 1394
f 1715 1720 1393
f 1393 1720 1391
f 1716 1721 1715
f 1715 1721 1720
f 1698 1706 1716
f 1716 1706 1721
f 277 276 47
f 47 276 48
f 84 96 81
f 81 96 82
f 80 70 81
f 81 70 85
f 99 97 88
f 88 97 89
f 90 100 88
f 88 100 99
f 101 95 102
f 102 95 94
f 1906 1907 280
f 280 1907 281
f 97 86 89
f 89 86 85
f 60 282 61
f 61 282 281
f 83 82 46
f 46 82 47
f 293 292 420
f 420 292 421
f 419 1908 420
f 420 1908 1909
f 92 95 91
f 91 95 90
f 279 282 93
f 93 282 94
f 276 418 48
f 48 418 421
f 1910 1660 1697
f 1697 1660 1707
f 1703 1624 1700
f 1700 1624 1644
f 1622 1910 1623
f 1623 1910 1697
f 1701 1700 1911
f 1911 1700 1661
f 1700 1644 1661
f 1661 1644 1658
f 1901 1737 1733
f 1733 1737 1645
f 1625 1912 1604
f 1604 1912 1731
f 1912 1913 1731
f 1731 1913 1914
f 1913 1577 1914
f 1914 1577 1572
f 1915 1578 1616
f 1616 1578 1618
f 1915 1916 1598
f 1598 1916 1743
f 1916 1574 1743
f 1743 1574 1573
f 1575 1917 1576
f 1576 1917 1597
f 1917 1609 1597
f 1597 1609 1594
f 1608 1611 1729
f 1729 1611 1610
f 1918 1612 1629
f 1629 1612 1630
f 1626 1918 1627
f 1627 1918 1629
f 1920 1921 1919
f 1919 1921 1922
f 1920 1924 1923
f 1923 1924 1925
f 1926 1927 1924
f 1924 1927 1925
f 1929 1930 1928
f 1928 1930 1931
f 1932 1933 1935
f 1935 1933 1934
f 1937 1938 1936
f 1936 1938 1939
f 1941 1942 1940
f 1940 1942 1943
f 1941 1945 1944
f 1944 1945 1946
f 1947 1948 1694
f 1694 1948 1949
f 1950 1951 1953
f 1953 1951 1952
f 1955 1956 1954
f 1954 1956 1589
f 1958 1956 1957
f 1957 1956 1932
f 1960 1934 1959
f 1959 1934 1933
f 1962 1963 1961
f 1961 1963 1964
f 1965 1955 1751
f 1751 1955 1954
f 1935 1930 1932
f 1932 1930 1957
f 1951 1950 1926
f 1926 1950 1929
f 1966 1967 1593
f 1593 1967 1590
f 1969 1967 1968
f 1968 1967 1964
f 1962 1921 1970
f 1970 1921 1971
f 1963 1945 1964
f 1964 1945 1968
f 1972 1948 1922
f 1922 1948 1919
f 1966 1972 1961
f 1961 1972 1922
f 1958 1953 1587
f 1587 1953 1560
f 1974 1975 1973
f 1973 1975 1976
f 1978 1979 1977
f 1977 1979 1691
f 1979 1975 1691
f 1691 1975 1586
f 1938 1942 1939
f 1939 1942 1980
f 1952 1947 1557
f 1557 1947 1694
f 1969 1978 1981
f 1981 1978 1977
f 1983 1984 1982
f 1982 1984 1985
f 1986 1987 1989
f 1989 1987 1988
f 1990 1991 1983
f 1983 1991 1984
f 1990 1993 1992
f 1992 1993 1994
f 1995 1996 1994
f 1994 1996 1997
f 1999 2000 1998
f 1998 2000 2001
f 2003 2004 2002
f 2002 2004 2005
f 2007 2008 2006
f 2006 2008 2009
f 2011 2012 2010
f 2010 2012 2013
f 2014 2015 2017
f 2017 2015 2016
f 2018 2019 2021
f 2021 2019 2020
f 2022 1989 2024
f 2024 1989 2023
f 1989 1988 2023
f 2023 1988 2025
f 2026 2027 2017
f 2017 2027 2014
f 2029 2030 2028
f 2028 2030 2031
f 2033 2034 2032
f 2032 2034 2035
f 2032 2035 2036
f 2036 2035 2037
f 2039 2040 2038
f 2038 2040 2041
f 1982 2042 1983
f 1983 2042 2043
f 2045 2046 2044
f 2044 2046 2047
f 2049 2050 2048
f 2048 2050 2051
f 2053 2054 2052
f 2052 2054 2055
f 2057 2058 2056
f 2056 2058 2059
f 2060 2061 2033
f 2033 2061 2034
f 2063 2064 2062
f 2062 2064 2065
f 2066 2035 2067
f 2067 2035 2034
f 2069 2039 2068
f 2068 2039 2038
f 2025 2070 2023
f 2023 2070 2071
f 2072 2024 2071
f 2071 2024 2023
f 2074 2020 2073
f 2073 2020 2019
f 2050 2049 2047
f 2047 2049 2075
f 1983 2043 1990
f 1990 2043 1993
f 2006 2050 2007
f 2007 2050 2076
f 2050 2006 2051
f 2051 2006 2077
f 2079 2080 2078
f 2078 2080 2081
f 2082 2083 2085
f 2085 2083 2084
f 2010 2013 2086
f 2086 2013 2087
f 2089 2033 2088
f 2088 2033 2032
f 2090 2060 2089
f 2089 2060 2033
f 2092 2093 2091
f 2091 2093 2094
f 2096 1986 2095
f 2095 1986 2097
f 2097 1986 2022
f 2022 1986 1989
f 2015 2094 2016
f 2016 2094 2098
f 2016 2098 2100
f 2100 2098 2099
f 2017 2016 2101
f 2101 2016 2100
f 2017 2101 2026
f 2026 2101 2102
f 2100 2099 2104
f 2104 2099 2103
f 2104 2105 2100
f 2100 2105 2101
f 2105 2106 2101
f 2101 2106 2102
f 2108 2061 2107
f 2107 2061 2109
f 2111 2112 2110
f 2110 2112 2020
f 2020 2074 2110
f 2110 2074 2113
f 2115 2116 2114
f 2114 2116 2117
f 2118 2119 1995
f 1995 2119 2120
f 2121 2122 2027
f 2027 2122 2014
f 2047 2075 2044
f 2044 2075 2123
f 2124 2125 2127
f 2127 2125 2126
f 2129 2130 2128
f 2128 2130 2131
f 2132 2133 2057
f 2057 2133 2058
f 2134 1999 2136
f 2136 1999 2135
f 2055 2138 2137
f 2137 2138 2139
f 2141 2142 2140
f 2140 2142 2143
f 2083 2082 2064
f 2064 2082 2065
f 2082 2144 2065
f 2065 2144 2145
f 2040 2146 2041
f 2041 2146 2147
f 2060 2090 2148
f 2148 2090 2149
f 2048 2051 2137
f 2137 2051 2150
f 2151 1997 2135
f 2135 1997 1996
f 2152 2150 2077
f 2077 2150 2051
f 2046 2045 2118
f 2118 2045 2119
f 2154 2155 2153
f 2153 2155 2156
f 2158 2159 2157
f 2157 2159 2160
f 2162 2163 2161
f 2161 2163 2164
f 2164 2163 2165
f 2165 2163 2166
f 2168 2169 2167
f 2167 2169 2170
f 2003 2172 2171
f 2171 2172 2173
f 2174 2175 2002
f 2002 2175 2176
f 2145 2177 2065
f 2065 2177 2062
f 2178 2179 2180
f 2180 2179 2134
f 2181 2052 2152
f 2152 2052 2150
f 2040 2127 2146
f 2146 2127 2182
f 2130 2162 2131
f 2131 2162 2161
f 2052 2055 2150
f 2150 2055 2137
f 2184 2185 2183
f 2183 2185 2186
f 2159 2030 2160
f 2160 2030 2187
f 2146 2182 2029
f 2029 2182 2188
f 2189 2190 2192
f 2192 2190 2191
f 2172 2003 2176
f 2176 2003 2002
f 1998 2151 1999
f 1999 2151 2135
f 2177 2172 2062
f 2062 2172 2176
f 2172 2177 2173
f 2173 2177 2193
f 2063 2194 2064
f 2064 2194 2195
f 2066 2197 2196
f 2196 2197 2198
f 2002 2005 2174
f 2174 2005 2199
f 2004 2003 2200
f 2200 2003 2171
f 2198 2201 2171
f 2171 2201 2200
f 2197 2202 2198
f 2198 2202 2201
f 2202 2197 2203
f 2203 2197 2204
f 2196 2198 2173
f 2173 2198 2171
f 2205 2069 2170
f 2170 2069 2206
f 2197 2066 2204
f 2204 2066 2067
f 2107 2207 2108
f 2108 2207 2208
f 2210 2208 2209
f 2209 2208 2207
f 2185 2211 2212
f 2213 2214 2211
f 2211 2214 2212
f 1998 2001 2213
f 2213 2001 2214
f 2134 2215 1999
f 1999 2215 2000
f 2216 2217 2219
f 2219 2217 2218
f 2206 2220 2170
f 2170 2220 2167
f 2069 2068 2206
f 2206 2068 2221
f 2151 1998 2222
f 2222 1998 2213
f 2124 2039 2205
f 2205 2039 2069
f 2142 2223 2143
f 2143 2223 2128
f 2203 2186 2202
f 2202 2186 2185
f 2185 2184 2211
f 2211 2184 2224
f 2224 2225 2222
f 2222 2225 2226
f 2071 2227 2072
f 2072 2227 2228
f 2229 2074 2230
f 2230 2074 2073
f 2074 2229 2113
f 2113 2229 2231
f 2232 2225 2227
f 2227 2225 2224
f 2233 2234 2031
f 2031 2234 2028
f 2236 2231 2235
f 2235 2231 2229
f 2230 2183 2229
f 2229 2183 2235
f 2237 1987 2096
f 2096 1987 1986
f 2152 2238 2181
f 2181 2238 2239
f 2080 2240 2081
f 2081 2240 2241
f 2236 2242 1971
f 1971 2242 1970
f 1925 2113 1923
f 1923 2113 2231
f 2110 1927 2111
f 2111 1927 1928
f 2103 2111 1931
f 1931 2111 1928
f 1931 2243 2103
f 2103 2243 2104
f 2105 2104 2244
f 2244 2104 2243
f 1939 1980 2148
f 2148 1980 2109
f 1980 1944 2109
f 2109 1944 2107
f 1946 2245 2207
f 2207 2245 2209
f 2245 1970 2209
f 2209 1970 2242
f 2231 2236 1923
f 1923 2236 1971
f 2113 1925 2110
f 2110 1925 1927
f 2234 2246 2028
f 2028 2246 2147
f 2247 2248 2058
f 2058 2248 2059
f 2114 2117 2249
f 2249 2117 2250
f 2252 2253 2251
f 2251 2253 2254
f 2094 2015 2091
f 2091 2015 2255
f 2256 2255 2014
f 2014 2255 2015
f 2257 2145 2258
f 2258 2145 2144
f 2131 2161 2123
f 2123 2161 2044
f 2045 2044 2164
f 2164 2044 2161
f 2045 2164 2119
f 2119 2164 2165
f 2259 2120 2165
f 2165 2120 2119
f 2260 2261 2259
f 2259 2261 2120
f 2205 2262 2124
f 2124 2262 2125
f 2180 2263 2178
f 2178 2263 2264
f 2265 2266 2092
f 2092 2266 2093
f 1992 2267 2268
f 2184 2228 2224
f 2224 2228 2227
f 2048 2269 2049
f 2049 2269 2141
f 2129 2168 2157
f 2157 2168 2167
f 2049 2141 2075
f 2075 2141 2140
f 2199 2215 2270
f 2270 2215 2271
f 2142 2141 2272
f 2272 2141 2269
f 2089 2026 2090
f 2090 2026 2102
f 2146 2029 2147
f 2147 2029 2028
f 2111 2103 2112
f 2112 2103 2099
f 2061 2060 2109
f 2109 2060 2148
f 2273 2274 2041
f 2041 2274 2038
f 2260 2275 2261
f 2261 2275 2136
f 2057 2138 2132
f 2132 2138 2276
f 2272 2269 2056
f 2056 2269 2139
f 2277 2278 2270
f 2270 2278 2199
f 2029 2188 2030
f 2030 2188 2187
f 2040 2039 2127
f 2127 2039 2124
f 2064 2195 2083
f 2083 2195 2279
f 2056 2139 2057
f 2057 2139 2138
f 2278 2277 2247
f 2247 2277 2248
f 2062 2176 2063
f 2063 2176 2175
f 2280 2210 2242
f 2242 2210 2209
f 2282 2233 2281
f 2281 2233 2031
f 2216 2219 2283
f 2283 2219 2221
f 2158 2220 2218
f 2218 2220 2219
f 2217 2282 2218
f 2218 2282 2281
f 2220 2158 2167
f 2167 2158 2157
f 2223 2264 2128
f 2128 2264 2263
f 2261 1996 2120
f 2120 1996 1995
f 2213 2211 2222
f 2222 2211 2224
f 2283 2221 2284
f 2284 2221 2068
f 2135 1996 2136
f 2136 1996 2261
f 2144 2081 2258
f 2258 2081 2241
f 2235 2280 2236
f 2236 2280 2242
f 2246 2273 2147
f 2147 2273 2041
f 2036 2285 2032
f 2032 2285 2088
f 2077 2286 2152
f 2152 2286 2238
f 1937 1960 1973
f 1973 1960 1959
f 2070 2232 2071
f 2071 2232 2227
f 2244 2287 2105
f 2105 2287 2106
f 1936 1939 2149
f 2149 1939 2148
f 1944 1946 2107
f 2107 1946 2207
f 2285 2121 2088
f 2088 2121 2027
f 2253 2249 2254
f 2254 2249 2250
f 2006 2009 2077
f 2077 2009 2286
f 2289 2086 2288
f 2288 2086 2087
f 2223 2142 2290
f 2290 2142 2272
f 2128 2131 2143
f 2143 2131 2123
f 2156 2291 2153
f 2153 2291 2175
f 2292 2293 2278
f 2278 2293 2294
f 2075 2140 2123
f 2123 2140 2143
f 2262 2169 2275
f 2275 2169 2180
f 2275 2180 2136
f 2136 2180 2134
f 2274 2284 2038
f 2038 2284 2068
f 2127 2126 2182
f 2182 2126 2166
f 2094 2093 2098
f 2098 2093 2021
f 2098 2021 2099
f 2099 2021 2112
f 2018 2021 2266
f 2266 2021 2093
f 2251 2289 2252
f 2252 2289 2288
f 1997 2151 2226
f 2226 2151 2222
f 2206 2221 2220
f 2220 2221 2219
f 2269 2048 2139
f 2139 2048 2137
f 2159 2158 2281
f 2281 2158 2218
f 2156 2155 2190
f 2190 2155 2191
f 1974 1965 1583
f 1583 1965 1751
f 2088 2027 2089
f 2089 2027 2026
f 2030 2159 2031
f 2031 2159 2281
f 2106 2149 2102
f 2102 2149 2090
f 2287 1936 2106
f 2106 1936 2149
f 2293 2154 2294
f 2294 2154 2153
f 2021 2020 2112
f 2247 2295 2278
f 2278 2295 2292
f 2284 2296 2283
f 2283 2296 2297
f 2298 2296 2274
f 2274 2296 2284
f 2273 2299 2274
f 2274 2299 2298
f 2246 2300 2273
f 2273 2300 2299
f 2283 2297 2216
f 2216 2297 2301
f 2216 2301 2217
f 2217 2301 2302
f 2302 2303 2217
f 2217 2303 2282
f 2304 2301 2305
f 2305 2301 2297
f 2307 2308 2306
f 2306 2308 2309
f 2306 2310 2307
f 2307 2310 2311
f 2307 2312 2308
f 2308 2312 2313
f 2314 2315 2312
f 2312 2315 2316
f 2316 2317 2312
f 2312 2317 2313
f 2317 2305 2313
f 2313 2305 2318
f 2314 2312 2311
f 2311 2312 2307
f 2319 2320 2322
f 2322 2320 2321
f 2322 2311 2319
f 2319 2311 2310
f 2313 2318 2308
f 2308 2318 2309
f 2296 2298 2318
f 2318 2298 2309
f 2309 2298 2323
f 2323 2298 2299
f 2306 2309 2324
f 2324 2309 2323
f 2310 2306 2325
f 2325 2306 2324
f 2296 2318 2297
f 2297 2318 2305
f 2319 2310 2326
f 2326 2310 2325
f 2328 2325 2327
f 2327 2325 2324
f 2325 2328 2326
f 2326 2328 2329
f 2331 2328 2330
f 2330 2328 2327
f 2332 2333 2327
f 2327 2333 2330
f 2328 2331 2329
f 2329 2331 2334
f 2324 2323 2327
f 2327 2323 2332
f 2300 2332 2299
f 2299 2332 2323
f 2326 2335 2319
f 2319 2335 2320
f 2305 2317 2336
f 2336 2317 2316
f 2336 2316 2337
f 2337 2316 2315
f 2338 2304 2336
f 2336 2304 2305
f 2337 2339 2336
f 2336 2339 2338
f 2337 2315 2341
f 2341 2315 2340
f 2342 2300 2234
f 2234 2300 2246
f 2303 2343 2282
f 2282 2343 2233
f 2234 2233 2342
f 2342 2233 2343
f 2342 2343 2333
f 2333 2343 2344
f 2333 2344 2330
f 2330 2344 2345
f 2346 2344 2303
f 2303 2344 2343
f 2332 2300 2333
f 2333 2300 2342
f 2347 2346 2302
f 2302 2346 2303
f 2301 2304 2302
f 2302 2304 2347
f 2304 2338 2347
f 2347 2338 2348
f 2348 2349 2347
f 2347 2349 2346
f 2350 2351 2348
f 2348 2351 2349
f 2349 2345 2346
f 2346 2345 2344
f 2345 2349 2352
f 2352 2349 2351
f 2338 2339 2348
f 2348 2339 2350
f 2350 2339 2353
f 2353 2339 2354
f 2356 2357 2355
f 2355 2357 2353
f 2351 2350 2357
f 2357 2350 2353
f 2353 2354 2355
f 2355 2354 2335
f 2320 2335 2341
f 2341 2335 2354
f 2339 2337 2354
f 2354 2337 2341
f 2352 2331 2345
f 2345 2331 2330
f 2356 2334 2352
f 2352 2334 2331
f 2356 2352 2357
f 2357 2352 2351
f 2355 2329 2356
f 2356 2329 2334
f 2335 2326 2355
f 2355 2326 2329
f 2321 2314 2322
f 2322 2314 2311
f 2321 2320 2340
f 2340 2320 2341
f 2315 2314 2340
f 2340 2314 2321
f 2125 2260 2126
f 2126 2260 2259
f 2157 2160 2129
f 2129 2160 2130
f 2188 2163 2187
f 2187 2163 2162
f 2182 2166 2188
f 2188 2166 2163
f 2180 2169 2263
f 2263 2169 2168
f 2160 2187 2130
f 2130 2187 2162
f 2275 2260 2262
f 2262 2260 2125
f 2128 2263 2129
f 2129 2263 2168
f 2262 2205 2169
f 2169 2205 2170
f 2165 2166 2259
f 2259 2166 2126
f 2359 2360 2358
f 2358 2360 2361
f 2363 2364 2362
f 2362 2364 2365
f 2367 2363 2366
f 2366 2363 2362
f 2368 2369 2371
f 2371 2369 2370
f 2372 2373 2248
f 2248 2373 2059
f 2364 2374 2365
f 2365 2374 2375
f 2377 2378 2376
f 2376 2378 2379
f 2290 2380 2223
f 2223 2380 2381
f 2223 2381 2264
f 2264 2381 2382
f 2384 2385 2383
f 2383 2385 2386
f 2364 2371 2374
f 2374 2371 2387
f 2059 2373 2290
f 2290 2373 2380
f 2378 2360 2379
f 2379 2360 2388
f 2374 2387 2359
f 2359 2387 2389
f 2390 2367 2386
f 2386 2367 2391
f 2393 2394 2392
f 2392 2394 2395
f 2386 2391 2383
f 2383 2391 2396
f 2367 2366 2391
f 2391 2366 2397
f 2363 2367 2368
f 2368 2367 2390
f 2398 2399 2361
f 2361 2399 2358
f 2399 2400 2358
f 2358 2400 2375
f 2390 2401 2368
f 2368 2401 2369
f 2372 2384 2376
f 2376 2384 2383
f 2374 2359 2375
f 2375 2359 2358
f 2402 2403 2365
f 2365 2403 2362
f 2359 2389 2360
f 2360 2389 2388
f 2364 2363 2371
f 2371 2363 2368
f 2405 2398 2404
f 2404 2398 2361
f 2392 2395 2406
f 2406 2395 2397
f 2377 2396 2394
f 2394 2396 2395
f 2394 2393 2404
f 2404 2393 2405
f 2396 2377 2383
f 2383 2377 2376
f 2406 2397 2407
f 2407 2397 2366
f 2400 2402 2375
f 2375 2402 2365
f 2385 2270 2401
f 2401 2270 2271
f 2403 2407 2362
f 2362 2407 2366
f 2371 2370 2387
f 2387 2370 2382
f 2391 2397 2396
f 2396 2397 2395
f 2378 2377 2404
f 2404 2377 2394
f 2360 2378 2361
f 2361 2378 2404
f 2407 2408 2406
f 2406 2408 2409
f 2410 2408 2403
f 2403 2408 2407
f 2411 2410 2402
f 2402 2410 2403
f 2412 2411 2400
f 2400 2411 2402
f 2406 2409 2392
f 2392 2409 2413
f 2392 2413 2393
f 2393 2413 2414
f 2415 2405 2414
f 2414 2405 2393
f 2416 2413 2417
f 2417 2413 2409
f 2419 2420 2418
f 2418 2420 2421
f 2420 2422 2421
f 2421 2422 2423
f 2420 2424 2422
f 2422 2424 2425
f 2426 2427 2424
f 2424 2427 2428
f 2428 2429 2424
f 2424 2429 2425
f 2426 2424 2419
f 2419 2424 2420
f 2419 2418 2431
f 2431 2418 2430
f 2425 2432 2422
f 2422 2432 2423
f 2408 2410 2432
f 2432 2410 2423
f 2423 2410 2433
f 2433 2410 2411
f 2421 2423 2434
f 2434 2423 2433
f 2435 2418 2434
f 2434 2418 2421
f 2429 2417 2425
f 2425 2417 2432
f 2408 2432 2409
f 2409 2432 2417
f 2418 2435 2430
f 2430 2435 2436
f 2438 2435 2437
f 2437 2435 2434
f 2435 2438 2436
f 2436 2438 2439
f 2441 2438 2440
f 2440 2438 2437
f 2442 2443 2437
f 2437 2443 2440
f 2439 2438 2444
f 2444 2438 2441
f 2433 2442 2434
f 2434 2442 2437
f 2412 2442 2411
f 2411 2442 2433
f 2436 2445 2430
f 2430 2445 2446
f 2430 2446 2431
f 2431 2446 2447
f 2417 2429 2448
f 2448 2429 2428
f 2427 2449 2428
f 2428 2449 2448
f 2450 2416 2448
f 2448 2416 2417
f 2451 2450 2449
f 2449 2450 2448
f 2427 2452 2449
f 2449 2452 2453
f 2447 2446 2452
f 2452 2446 2453
f 2454 2412 2399
f 2399 2412 2400
f 2415 2455 2405
f 2405 2455 2398
f 2399 2398 2454
f 2454 2398 2455
f 2454 2455 2443
f 2443 2455 2456
f 2443 2456 2440
f 2440 2456 2457
f 2458 2456 2415
f 2415 2456 2455
f 2443 2442 2454
f 2454 2442 2412
f 2459 2458 2414
f 2414 2458 2415
f 2413 2416 2414
f 2414 2416 2459
f 2459 2416 2460
f 2460 2416 2450
f 2460 2461 2459
f 2459 2461 2458
f 2462 2463 2460
f 2460 2463 2461
f 2461 2457 2458
f 2458 2457 2456
f 2457 2461 2464
f 2464 2461 2463
f 2451 2462 2450
f 2450 2462 2460
f 2462 2451 2465
f 2465 2451 2466
f 2468 2469 2467
f 2467 2469 2465
f 2463 2462 2469
f 2469 2462 2465
f 2465 2466 2467
f 2467 2466 2445
f 2446 2445 2453
f 2453 2445 2466
f 2451 2449 2466
f 2466 2449 2453
f 2464 2441 2457
f 2457 2441 2440
f 2468 2444 2464
f 2464 2444 2441
f 2468 2464 2469
f 2469 2464 2463
f 2467 2439 2468
f 2468 2439 2444
f 2445 2436 2467
f 2467 2436 2439
f 2447 2426 2431
f 2431 2426 2419
f 2427 2426 2452
f 2452 2426 2447
f 2369 2179 2370
f 2370 2179 2178
f 2376 2379 2372
f 2372 2379 2373
f 2389 2381 2388
f 2388 2381 2380
f 2387 2382 2389
f 2389 2382 2381
f 2270 2385 2277
f 2277 2385 2384
f 2379 2388 2373
f 2373 2388 2380
f 2401 2271 2369
f 2369 2271 2179
f 2248 2277 2372
f 2372 2277 2384
f 2401 2390 2385
f 2385 2390 2386
f 2264 2382 2178
f 2178 2382 2370
f 2215 2134 2271
f 2271 2134 2179
f 2005 2000 2199
f 2199 2000 2215
f 2004 2001 2005
f 2005 2001 2000
f 2200 2214 2004
f 2004 2214 2001
f 2470 2471 2473
f 2473 2471 2472
f 2475 2476 2474
f 2474 2476 2477
f 2479 2475 2478
f 2478 2475 2474
f 2481 2482 2480
f 2480 2482 2483
f 2476 2484 2477
f 2477 2484 2485
f 2487 2488 2486
f 2486 2488 2489
f 2133 2490 2058
f 2058 2490 2491
f 2058 2491 2247
f 2247 2491 2492
f 2494 2495 2493
f 2493 2495 2496
f 2476 2483 2484
f 2484 2483 2497
f 2472 2498 2488
f 2488 2498 2489
f 2484 2497 2471
f 2471 2497 2499
f 2500 2479 2496
f 2496 2479 2501
f 2502 2503 2505
f 2505 2503 2504
f 2496 2501 2493
f 2493 2501 2506
f 2479 2478 2501
f 2501 2478 2507
f 2475 2479 2480
f 2480 2479 2500
f 2508 2509 2473
f 2473 2509 2470
f 2509 2510 2470
f 2470 2510 2485
f 2511 2481 2500
f 2500 2481 2480
f 2512 2494 2486
f 2486 2494 2493
f 2485 2484 2470
f 2470 2484 2471
f 2513 2514 2477
f 2477 2514 2474
f 2471 2499 2472
f 2472 2499 2498
f 2476 2475 2483
f 2483 2475 2480
f 2516 2508 2515
f 2515 2508 2473
f 2502 2505 2517
f 2517 2505 2507
f 2504 2487 2505
f 2505 2487 2506
f 2503 2516 2504
f 2504 2516 2515
f 2506 2487 2493
f 2493 2487 2486
f 2517 2507 2518
f 2518 2507 2478
f 2510 2513 2485
f 2485 2513 2477
f 2511 2495 2293
f 2293 2495 2154
f 2514 2518 2474
f 2474 2518 2478
f 2483 2482 2497
f 2497 2482 2492
f 2501 2507 2506
f 2506 2507 2505
f 2488 2487 2515
f 2515 2487 2504
f 2472 2488 2473
f 2473 2488 2515
f 2518 2519 2517
f 2517 2519 2520
f 2521 2519 2514
f 2514 2519 2518
f 2522 2521 2513
f 2513 2521 2514
f 2523 2522 2510
f 2510 2522 2513
f 2517 2520 2502
f 2502 2520 2524
f 2502 2524 2503
f 2503 2524 2525
f 2525 2526 2503
f 2503 2526 2516
f 2527 2524 2528
f 2528 2524 2520
f 2530 2531 2529
f 2529 2531 2532
f 2531 2533 2532
f 2532 2533 2534
f 2531 2535 2533
f 2533 2535 2536
f 2537 2538 2535
f 2535 2538 2539
f 2539 2540 2535
f 2535 2540 2536
f 2537 2535 2530
f 2530 2535 2531
f 2529 2541 2530
f 2530 2541 2542
f 2543 2534 2536
f 2536 2534 2533
f 2519 2521 2543
f 2543 2521 2534
f 2534 2521 2544
f 2544 2521 2522
f 2532 2534 2545
f 2545 2534 2544
f 2529 2532 2546
f 2546 2532 2545
f 2536 2540 2543
f 2543 2540 2528
f 2519 2543 2520
f 2520 2543 2528
f 2541 2529 2547
f 2547 2529 2546
f 2548 2549 2545
f 2545 2549 2546
f 2549 2550 2546
f 2546 2550 2547
f 2551 2552 2548
f 2548 2552 2549
f 2548 2553 2551
f 2551 2553 2554
f 2550 2549 2555
f 2555 2549 2552
f 2545 2544 2548
f 2548 2544 2553
f 2523 2553 2522
f 2522 2553 2544
f 2547 2556 2541
f 2541 2556 2557
f 2541 2557 2542
f 2542 2557 2558
f 2528 2540 2559
f 2559 2540 2539
f 2538 2560 2539
f 2539 2560 2559
f 2561 2527 2559
f 2559 2527 2528
f 2560 2562 2559
f 2559 2562 2561
f 2560 2538 2564
f 2564 2538 2563
f 2558 2557 2563
f 2563 2557 2564
f 2565 2523 2509
f 2509 2523 2510
f 2526 2566 2516
f 2516 2566 2508
f 2509 2508 2565
f 2565 2508 2566
f 2565 2566 2554
f 2554 2566 2567
f 2554 2567 2551
f 2551 2567 2568
f 2569 2567 2526
f 2526 2567 2566
f 2553 2523 2554
f 2554 2523 2565
f 2570 2569 2525
f 2525 2569 2526
f 2524 2527 2525
f 2525 2527 2570
f 2527 2561 2570
f 2570 2561 2571
f 2571 2572 2570
f 2570 2572 2569
f 2573 2574 2571
f 2571 2574 2572
f 2572 2568 2569
f 2569 2568 2567
f 2568 2572 2575
f 2575 2572 2574
f 2562 2573 2561
f 2561 2573 2571
f 2573 2562 2576
f 2576 2562 2577
f 2579 2580 2578
f 2578 2580 2576
f 2574 2573 2580
f 2580 2573 2576
f 2576 2577 2578
f 2578 2577 2556
f 2557 2556 2564
f 2564 2556 2577
f 2562 2560 2577
f 2577 2560 2564
f 2575 2552 2568
f 2568 2552 2551
f 2579 2555 2575
f 2575 2555 2552
f 2579 2575 2580
f 2580 2575 2574
f 2550 2555 2578
f 2578 2555 2579
f 2556 2547 2578
f 2578 2547 2550
f 2558 2537 2542
f 2542 2537 2530
f 2538 2537 2563
f 2563 2537 2558
f 2292 2295 2481
f 2481 2295 2482
f 2486 2489 2512
f 2512 2489 2581
f 2499 2491 2498
f 2498 2491 2490
f 2497 2492 2499
f 2499 2492 2491
f 2155 2154 2494
f 2494 2154 2495
f 2581 2489 2490
f 2490 2489 2498
f 2293 2292 2511
f 2511 2292 2481
f 2191 2155 2512
f 2512 2155 2494
f 2500 2496 2511
f 2511 2496 2495
f 2247 2492 2295
f 2295 2492 2482
f 2583 2584 2582
f 2582 2584 2585
f 2587 2588 2586
f 2586 2588 2589
f 2591 2587 2590
f 2590 2587 2586
f 2593 2594 2592
f 2592 2594 2595
f 2596 2597 2599
f 2599 2597 2598
f 2588 2600 2589
f 2589 2600 2601
f 2602 2603 2605
f 2605 2603 2604
f 2606 2607 2609
f 2609 2607 2608
f 2609 2608 2190
f 2190 2608 2610
f 2611 2612 2614
f 2614 2612 2613
f 2600 2588 2615
f 2615 2588 2595
f 2599 2598 2606
f 2606 2598 2607
f 2584 2616 2604
f 2604 2616 2605
f 2600 2615 2583
f 2583 2615 2617
f 2591 2619 2618
f 2618 2619 2614
f 2621 2622 2620
f 2620 2622 2623
f 2619 2624 2614
f 2614 2624 2611
f 2591 2590 2619
f 2619 2590 2625
f 2587 2591 2592
f 2592 2591 2618
f 2626 2627 2585
f 2585 2627 2582
f 2627 2628 2582
f 2582 2628 2601
f 2629 2593 2618
f 2618 2593 2592
f 2602 2597 2611
f 2611 2597 2612
f 2600 2583 2601
f 2601 2583 2582
f 2630 2631 2589
f 2589 2631 2586
f 2583 2617 2584
f 2584 2617 2616
f 2588 2587 2595
f 2595 2587 2592
f 2633 2626 2632
f 2632 2626 2585
f 2620 2623 2634
f 2634 2623 2625
f 2622 2603 2623
f 2623 2603 2624
f 2621 2633 2622
f 2622 2633 2632
f 2611 2624 2602
f 2602 2624 2603
f 2634 2625 2635
f 2635 2625 2590
f 2628 2630 2601
f 2601 2630 2589
f 2613 2195 2629
f 2629 2195 2194
f 2631 2635 2586
f 2586 2635 2590
f 2595 2594 2615
f 2615 2594 2610
f 2619 2625 2624
f 2624 2625 2623
f 2632 2604 2622
f 2622 2604 2603
f 2585 2584 2632
f 2632 2584 2604
f 2635 2636 2634
f 2634 2636 2637
f 2638 2636 2631
f 2631 2636 2635
f 2639 2638 2630
f 2630 2638 2631
f 2640 2639 2628
f 2628 2639 2630
f 2634 2637 2620
f 2620 2637 2641
f 2620 2641 2621
f 2621 2641 2642
f 2642 2643 2621
f 2621 2643 2633
f 2641 2637 2644
f 2644 2637 2645
f 2646 2647 2649
f 2649 2647 2648
f 2648 2650 2649
f 2649 2650 2651
f 2648 2652 2650
f 2650 2652 2653
f 2652 2654 2656
f 2656 2654 2655
f 2656 2657 2652
f 2652 2657 2653
f 2654 2652 2647
f 2647 2652 2648
f 2647 2646 2659
f 2659 2646 2658
f 2660 2651 2653
f 2653 2651 2650
f 2636 2638 2660
f 2660 2638 2651
f 2651 2638 2661
f 2661 2638 2639
f 2651 2661 2649
f 2649 2661 2662
f 2663 2646 2662
f 2662 2646 2649
f 2653 2657 2660
f 2660 2657 2645
f 2636 2660 2637
f 2637 2660 2645
f 2646 2663 2658
f 2658 2663 2664
f 2665 2666 2662
f 2662 2666 2663
f 2666 2667 2663
f 2663 2667 2664
f 2668 2669 2665
f 2665 2669 2666
f 2665 2670 2668
f 2668 2670 2671
f 2667 2666 2672
f 2672 2666 2669
f 2662 2661 2665
f 2665 2661 2670
f 2640 2670 2639
f 2639 2670 2661
f 2673 2674 2664
f 2664 2674 2658
f 2658 2674 2659
f 2659 2674 2675
f 2645 2657 2676
f 2676 2657 2656
f 2677 2676 2655
f 2655 2676 2656
f 2676 2678 2645
f 2645 2678 2644
f 2677 2679 2676
f 2676 2679 2678
f 2655 2680 2677
f 2677 2680 2681
f 2675 2674 2680
f 2680 2674 2681
f 2682 2640 2627
f 2627 2640 2628
f 2643 2683 2633
f 2633 2683 2626
f 2682 2627 2683
f 2683 2627 2626
f 2683 2684 2682
f 2682 2684 2671
f 2684 2685 2671
f 2671 2685 2668
f 2686 2684 2643
f 2643 2684 2683
f 2670 2640 2671
f 2671 2640 2682
f 2687 2686 2642
f 2642 2686 2643
f 2642 2641 2687
f 2687 2641 2644
f 2687 2644 2688
f 2688 2644 2678
f 2688 2689 2687
f 2687 2689 2686
f 2690 2691 2688
f 2688 2691 2689
f 2689 2685 2686
f 2686 2685 2684
f 2685 2689 2692
f 2692 2689 2691
f 2679 2690 2678
f 2678 2690 2688
f 2690 2679 2693
f 2693 2679 2694
f 2696 2697 2695
f 2695 2697 2693
f 2691 2690 2697
f 2697 2690 2693
f 2693 2694 2695
f 2695 2694 2673
f 2674 2673 2681
f 2681 2673 2694
f 2679 2677 2694
f 2694 2677 2681
f 2685 2692 2668
f 2668 2692 2669
f 2696 2672 2692
f 2692 2672 2669
f 2696 2692 2697
f 2697 2692 2691
f 2695 2667 2696
f 2696 2667 2672
f 2673 2664 2695
f 2695 2664 2667
f 2675 2654 2659
f 2659 2654 2647
f 2655 2654 2680
f 2680 2654 2675
f 2291 2156 2593
f 2593 2156 2594
f 2597 2602 2598
f 2598 2602 2605
f 2616 2617 2607
f 2607 2617 2608
f 2615 2610 2617
f 2617 2610 2608
f 2597 2596 2612
f 2612 2596 2698
f 2598 2605 2607
f 2607 2605 2616
f 2194 2291 2629
f 2629 2291 2593
f 2629 2618 2613
f 2613 2618 2614
f 2190 2610 2156
f 2156 2610 2594
f 2700 2010 2699
f 2699 2010 2086
f 2267 2701 2116
f 2116 2701 2702
f 2116 2702 2117
f 2117 2702 2703
f 2704 2705 2250
f 2250 2705 2254
f 2011 2706 2267
f 2267 2706 2701
f 2699 2086 2707
f 2707 2086 2289
f 2010 2700 2011
f 2011 2700 2706
f 2708 2707 2251
f 2251 2707 2289
f 2703 2704 2117
f 2117 2704 2250
f 2705 2708 2254
f 2254 2708 2251
f 2709 2710 2708
f 2708 2710 2707
f 2711 2709 2705
f 2705 2709 2708
f 2712 2711 2704
f 2704 2711 2705
f 2713 2712 2703
f 2703 2712 2704
f 2707 2710 2699
f 2699 2710 2714
f 2699 2714 2700
f 2700 2714 2715
f 2716 2706 2715
f 2715 2706 2700
f 2714 2710 2717
f 2717 2710 2718
f 2720 2721 2719
f 2719 2721 2722
f 2721 2723 2722
f 2722 2723 2724
f 2721 2725 2723
f 2723 2725 2726
f 2727 2728 2725
f 2725 2728 2726
f 2729 2725 2720
f 2720 2725 2721
f 2731 2729 2730
f 2730 2729 2720
f 2719 2732 2720
f 2720 2732 2730
f 2726 2733 2723
f 2723 2733 2724
f 2709 2711 2733
f 2733 2711 2724
f 2724 2711 2734
f 2734 2711 2712
f 2722 2724 2735
f 2735 2724 2734
f 2719 2722 2736
f 2736 2722 2735
f 2726 2728 2733
f 2733 2728 2718
f 2709 2733 2710
f 2710 2733 2718
f 2732 2719 2737
f 2737 2719 2736
f 2738 2739 2735
f 2735 2739 2736
f 2739 2740 2736
f 2736 2740 2737
f 2741 2742 2738
f 2738 2742 2739
f 2738 2743 2741
f 2741 2743 2744
f 2740 2739 2745
f 2745 2739 2742
f 2735 2734 2738
f 2738 2734 2743
f 2713 2743 2712
f 2712 2743 2734
f 2737 2746 2732
f 2732 2746 2747
f 2732 2747 2730
f 2730 2747 2731
f 2718 2728 2748
f 2748 2728 2727
f 2749 2750 2727
f 2727 2750 2748
f 2748 2751 2718
f 2718 2751 2717
f 2750 2752 2748
f 2748 2752 2751
f 2750 2749 2754
f 2754 2749 2753
f 2731 2747 2753
f 2753 2747 2754
f 2727 2725 2749
f 2749 2725 2729
f 2749 2729 2753
f 2753 2729 2731
f 2702 2755 2703
f 2703 2755 2713
f 2706 2716 2701
f 2701 2716 2756
f 2755 2702 2756
f 2756 2702 2701
f 2756 2757 2755
f 2755 2757 2744
f 2757 2758 2744
f 2744 2758 2741
f 2759 2757 2716
f 2716 2757 2756
f 2743 2713 2744
f 2744 2713 2755
f 2760 2759 2715
f 2715 2759 2716
f 2715 2714 2760
f 2760 2714 2717
f 2760 2717 2761
f 2761 2717 2751
f 2761 2762 2760
f 2760 2762 2759
f 2763 2764 2761
f 2761 2764 2762
f 2762 2758 2759
f 2759 2758 2757
f 2758 2762 2765
f 2765 2762 2764
f 2752 2763 2751
f 2751 2763 2761
f 2763 2752 2766
f 2766 2752 2767
f 2768 2769 2766
f 2766 2769 2770
f 2764 2763 2770
f 2770 2763 2766
f 2766 2767 2768
f 2768 2767 2746
f 2747 2746 2754
f 2754 2746 2767
f 2752 2750 2767
f 2767 2750 2754
f 2758 2765 2741
f 2741 2765 2742
f 2769 2745 2765
f 2765 2745 2742
f 2769 2765 2770
f 2770 2765 2764
f 2768 2740 2769
f 2769 2740 2745
f 2746 2737 2768
f 2768 2737 2740
f 2201 2212 2200
f 2200 2212 2214
f 2201 2202 2212
f 2212 2202 2185
f 2512 2581 2191
f 2191 2581 2192
f 2059 2290 2056
f 2056 2290 2272
f 2174 2199 2294
f 2294 2199 2278
f 2063 2175 2194
f 2194 2175 2291
f 2192 2581 2133
f 2133 2581 2490
f 2133 2132 2192
f 2192 2132 2189
f 2054 2276 2055
f 2055 2276 2138
f 2083 2279 2084
f 2084 2279 2771
f 2771 2279 2599
f 2599 2279 2596
f 2606 2772 2599
f 2599 2772 2771
f 2772 2773 2771
f 2771 2773 2084
f 2773 2774 2084
f 2084 2774 2085
f 2085 2775 2082
f 2082 2775 2144
f 2774 2078 2085
f 2085 2078 2775
f 2078 2774 2079
f 2079 2774 2776
f 2774 2773 2776
f 2776 2773 2777
f 2773 2772 2777
f 2777 2772 2778
f 2190 2189 2609
f 2609 2189 2778
f 2053 2052 2779
f 2779 2052 2181
f 2144 2775 2081
f 2081 2775 2078
f 2294 2153 2174
f 2174 2153 2175
f 2132 2276 2189
f 2189 2276 2778
f 2606 2609 2772
f 2772 2609 2778
f 2195 2613 2698
f 2698 2613 2612
f 2596 2279 2698
f 2698 2279 2195
f 2054 2777 2276
f 2276 2777 2778
f 2777 2054 2776
f 2776 2054 2053
f 2053 2779 2776
f 2776 2779 2079
f 2779 2181 2079
f 2079 2181 2080
f 2181 2239 2080
f 2080 2239 2240
f 2122 2256 2014
f 2042 1982 2076
f 2076 1982 2007
f 1982 1985 2007
f 2007 1985 2008
f 2095 2097 2265
f 2265 2097 2266
f 2076 2050 2042
f 2042 2050 2047
f 2046 2043 2047
f 2047 2043 2042
f 2118 1993 2046
f 2046 1993 2043
f 1995 1994 2118
f 2118 1994 1993
f 2267 1992 2011
f 2011 1992 2012
f 1997 2012 1994
f 1994 2012 1992
f 2226 2013 1997
f 1997 2013 2012
f 2225 2087 2226
f 2226 2087 2013
f 2225 2232 2087
f 2087 2232 2288
f 2232 2070 2288
f 2288 2070 2252
f 2070 2025 2252
f 2252 2025 2253
f 1988 2249 2025
f 2025 2249 2253
f 2116 2115 2267
f 2267 2115 2268
f 2096 1984 2237
f 2237 1984 1991
f 2095 1985 2096
f 2096 1985 1984
f 2265 2008 2095
f 2095 2008 1985
f 2092 2009 2265
f 2265 2009 2008
f 2091 2286 2092
f 2092 2286 2009
f 2255 2238 2091
f 2091 2238 2286
f 2256 2239 2255
f 2255 2239 2238
f 2122 2240 2256
f 2256 2240 2239
f 2121 2241 2122
f 2122 2241 2240
f 2022 2018 2097
f 2097 2018 2266
f 2022 2024 2018
f 2018 2024 2019
f 2024 2072 2019
f 2019 2072 2073
f 2072 2228 2073
f 2073 2228 2230
f 2228 2184 2230
f 2230 2184 2183
f 2121 2285 2241
f 2241 2285 2258
f 2285 2036 2258
f 2258 2036 2257
f 2177 2145 2193
f 2193 2145 2257
f 2173 2193 2196
f 2196 2193 2037
f 2036 2037 2257
f 2257 2037 2193
f 2196 2037 2066
f 2066 2037 2035
f 2061 2108 2034
f 2034 2108 2067
f 2108 2208 2067
f 2067 2208 2204
f 2208 2210 2204
f 2204 2210 2203
f 2210 2280 2203
f 2203 2280 2186
f 2183 2186 2235
f 2235 2186 2280
f 1987 2114 1988
f 1988 2114 2249
f 2237 2115 1987
f 1987 2115 2114
f 1991 2268 2237
f 2237 2268 2115
f 1991 1990 2268
f 2268 1990 1992
f 107 110 2781
f 2781 110 2780
f 117 2782 118
f 118 2782 2783
f 119 2784 120
f 120 2784 2785
f 125 2786 126
f 126 2786 2787
f 127 2788 128
f 128 2788 2789
f 127 132 2788
f 2788 132 2790
f 231 230 2792
f 2792 230 2791
f 118 2783 119
f 119 2783 2784
f 241 243 2794
f 2794 243 2793
f 2781 2795 107
f 107 2795 352
f 120 2785 437
f 437 2785 2796
f 126 2787 110
f 110 2787 2780
f 455 2797 456
f 456 2797 2798
f 128 2789 457
f 457 2789 2799
f 456 2798 117
f 117 2798 2782
f 2794 2797 241
f 241 2797 455
f 457 2799 125
f 125 2799 2786
f 132 231 2790
f 2790 231 2792
f 230 437 2791
f 2791 437 2796
f 2792 2789 2790
f 2790 2789 2788
f 2785 2784 2801
f 2801 2784 2800
f 2786 2802 2787
f 2787 2802 2803
f 2792 2791 2805
f 2805 2791 2804
f 2784 2783 2800
f 2800 2783 2806
f 2785 2801 2796
f 2796 2801 2807
f 2787 2803 2780
f 2780 2803 2808
f 2789 2809 2799
f 2799 2809 2810
f 2799 2810 2786
f 2786 2810 2802
f 2791 2796 2804
f 2804 2796 2807
f 2789 2792 2809
f 2809 2792 2805
f 2812 2797 2811
f 2811 2797 2794
f 2809 2805 2810
f 2810 2805 2804
f 2810 2804 2802
f 2802 2804 2807
f 2802 2807 2803
f 2803 2807 2801
f 2808 2803 2800
f 2800 2803 2801
f 2814 699 2813
f 2813 699 698
f 2808 2815 2780
f 2780 2815 2781
f 2817 2782 2816
f 2816 2782 2798
f 2815 2818 2781
f 2781 2818 2795
f 2797 2812 2798
f 2798 2812 2816
f 2783 2782 2806
f 2806 2782 2817
f 2800 2806 2808
f 2808 2806 2815
f 2794 2793 2811
f 2811 2793 2819
f 174 201 384
f 384 201 362
f 200 1766 390
f 390 1766 1777
f 1777 1778 390
f 390 1778 398
f 1778 361 398
f 398 361 222
f 2820 2821 628
f 628 2821 629
f 1406 2820 790
f 790 2820 628
f 794 1415 1233
f 1233 1415 1234
f 1406 790 1407
f 1407 790 1312
f 1407 1312 2822
f 2822 1312 1316
f 2823 1380 1543
f 1543 1380 1379
f 1385 1738 1382
f 1382 1738 1383
f 1381 791 1382
f 1382 791 1386
f 791 794 1386
f 1386 794 1233
f 1259 1390 1260
f 1260 1390 1389
f 1905 1542 1394
f 1394 1542 1395
f 1410 1413 1397
f 1397 1413 1398
f 2821 1410 629
f 629 1410 1397
f 2823 2822 1380
f 1380 2822 1316
f 1392 1395 1378
f 1378 1395 1379
f 1738 1399 1383
f 1383 1399 1398
f 1388 1235 1389
f 1389 1235 1234
f 1393 1391 1394
f 1394 1391 1390
f 1381 1384 779
f 779 1384 780
f 1282 788 792
f 792 788 793
f 1431 1262 1432
f 1432 1262 1261
f 1400 1342 1408
f 1408 1342 1409
f 1508 1544 1411
f 1411 1544 1412
f 788 787 793
f 793 787 1414
f 2821 2820 1429
f 1429 2820 1430
f 2822 2823 1506
f 1506 2823 1507
f 778 1282 779
f 779 1282 792
f 2820 1406 1430
f 1430 1406 1409
f 1410 2821 1411
f 1411 2821 1429
f 1407 2822 1408
f 1408 2822 1506
f 1544 781 1412
f 1412 781 780
f 1260 1415 1261
f 1261 1415 1414
f 1334 2824 923
f 923 2824 924
f 2826 1268 2825
f 2825 1268 1267
f 769 1212 2827
f 2827 1212 2828
f 1492 1190 1266
f 1266 1190 1267
f 1488 2829 1489
f 1489 2829 2830
f 922 1329 923
f 923 1329 1328
f 1484 2831 1485
f 1485 2831 2832
f 1482 2833 1485
f 1485 2833 1486
f 1324 1493 1489
f 1489 1493 1490
f 1265 1491 1266
f 1266 1491 1490
f 2835 2836 2834
f 2834 2836 2837
f 1250 2838 2827
f 2827 2838 2839
f 1488 1491 2840
f 2840 1491 2841
f 1268 2826 2842
f 2842 2826 2843
f 2844 2845 1495
f 1495 2845 1496
f 1427 2847 2846
f 2846 2847 926
f 2829 1488 2848
f 2848 1488 2840
f 1329 922 2849
f 2849 922 927
f 2850 2851 768
f 768 2851 1213
f 1265 1268 2852
f 2852 1268 2842
f 1491 1265 2841
f 2841 1265 2852
f 2854 2855 2853
f 2853 2855 2856
f 2855 2857 2856
f 2856 2857 598
f 2857 2858 598
f 598 2858 595
f 2858 2859 595
f 595 2859 626
f 649 652 2860
f 2860 652 2861
f 639 642 2862
f 2862 642 2863
f 2864 705 2862
f 2862 705 639
f 2865 1418 2864
f 2864 1418 705
f 2866 2867 2865
f 2865 2867 1418
f 1760 1348 1761
f 1761 1348 2867
f 1764 2868 1197
f 1197 2868 1198
f 2869 611 2868
f 2868 611 1198
f 2870 612 2869
f 2869 612 611
f 1352 1350 944
f 944 1350 688
f 1350 1256 688
f 688 1256 685
f 1256 1255 685
f 685 1255 692
f 1255 2871 692
f 692 2871 2872
f 701 2873 698
f 698 2873 2813
f 2872 1349 692
f 692 1349 693
f 1696 1744 1574
f 1574 1744 1575
f 1753 1618 1577
f 1577 1618 1578
f 1729 1594 1608
f 1608 1594 1609
f 1725 1630 1611
f 1611 1630 1612
f 1604 1607 1625
f 1625 1607 1626
f 1624 1703 1625
f 1625 1703 1912
f 1703 1702 1912
f 1912 1702 1913
f 1702 1753 1913
f 1913 1753 1577
f 1598 1569 1915
f 1915 1569 1578
f 1616 1615 1915
f 1915 1615 1916
f 1615 1696 1916
f 1916 1696 1574
f 1744 1745 1575
f 1575 1745 1917
f 1745 1565 1917
f 1917 1565 1609
f 1568 1725 1608
f 1608 1725 1611
f 2874 1613 1918
f 1918 1613 1612
f 1607 2874 1626
f 1626 2874 1918
f 1610 1613 1562
f 1562 1613 1563
f 1547 1550 1570
f 1570 1550 1571
f 1573 1576 1580
f 1580 1576 1581
f 1553 1556 1595
f 1595 1556 1596
f 1556 1582 1596
f 1596 1582 1581
f 1551 1547 1599
f 1599 1547 1570
f 1731 1914 1601
f 1601 1914 1602
f 1686 1689 1605
f 1605 1689 1606
f 1598 1743 1599
f 1599 1743 1692
f 2874 1607 1723
f 1723 1607 1606
f 1727 1553 1730
f 1730 1553 1595
f 1600 1686 1601
f 1601 1686 1605
f 1914 1572 1602
f 1602 1572 1571
f 1579 1693 1580
f 1580 1693 1692
f 1613 2874 1563
f 1563 2874 1723
f 1561 1727 1562
f 1562 1727 1730
f 1949 1742 1548
f 1548 1742 1549
f 1694 1949 1552
f 1552 1949 1548
f 1954 1589 1554
f 1554 1589 1555
f 1693 1579 1558
f 1558 1579 1559
f 1561 1564 1584
f 1584 1564 1585
f 1582 1556 1588
f 1588 1556 1555
f 1600 1603 1591
f 1591 1603 1592
f 1981 1977 1687
f 1687 1977 1688
f 1564 1722 1585
f 1585 1722 1690
f 1551 1693 1552
f 1552 1693 1558
f 1751 1954 1728
f 1728 1954 1554
f 1590 1981 1591
f 1591 1981 1687
f 1603 1550 1592
f 1592 1550 1549
f 1977 1691 1688
f 1688 1691 1690
f 1587 1560 1588
f 1588 1560 1559
f 1727 1561 1728
f 1728 1561 1584
f 2875 1919 1947
f 1947 1919 1948
f 1557 1560 1952
f 1952 1560 1953
f 1933 1932 1955
f 1955 1932 1956
f 1587 1589 1958
f 1958 1589 1956
f 1959 1933 1965
f 1965 1933 1955
f 1961 1964 1966
f 1966 1964 1967
f 1981 1590 1969
f 1969 1590 1967
f 1742 1949 1972
f 1972 1949 1948
f 1593 1742 1966
f 1966 1742 1972
f 1957 1950 1958
f 1958 1950 1953
f 1583 1586 1974
f 1974 1586 1975
f 1940 1943 1978
f 1978 1943 1979
f 1943 1976 1979
f 1979 1976 1975
f 1951 2875 1952
f 1952 2875 1947
f 1968 1940 1969
f 1969 1940 1978
f 1973 1959 1974
f 1974 1959 1965
f 1923 1971 1920
f 1920 1971 1921
f 1919 2875 1920
f 1920 2875 1924
f 2875 1951 1924
f 1924 1951 1926
f 1950 1957 1929
f 1929 1957 1930
f 2244 2243 1934
f 1934 2243 1935
f 1973 1976 1937
f 1937 1976 1938
f 1944 1980 1941
f 1941 1980 1942
f 1940 1968 1941
f 1941 1968 1945
f 2287 2244 1960
f 1960 2244 1934
f 1970 2245 1962
f 1962 2245 1963
f 2243 1931 1935
f 1935 1931 1930
f 1927 1926 1928
f 1928 1926 1929
f 1961 1922 1962
f 1962 1922 1921
f 2245 1946 1963
f 1963 1946 1945
f 1976 1943 1938
f 1938 1943 1942
f 1936 2287 1937
f 1937 2287 1960
f 743 1238 608
f 608 1238 609
f 607 1811 608
f 608 1811 744
f 1304 2876 1305
f 1305 2876 2877
f 586 585 1298
f 1298 585 1299
f 585 702 1299
f 1299 702 1300
f 702 1428 1300
f 1300 1428 1301
f 1238 586 609
f 609 586 1298
f 2878 2879 1218
f 1218 2879 2877
f 2880 2881 1812
f 1812 2881 1819
f 2883 1821 2882
f 2882 1821 1820
f 2840 2841 620
f 620 2841 621
f 2842 2843 795
f 795 2843 796
f 892 895 2844
f 2844 895 2845
f 2848 2840 942
f 942 2840 620
f 2849 927 1202
f 1202 927 1203
f 2852 2842 1270
f 1270 2842 795
f 2841 2852 621
f 621 2852 1270
f 941 1759 942
f 942 1759 2884
f 659 929 1427
f 1427 929 2847
f 1237 2851 751
f 751 2851 2850
f 1216 2885 1217
f 1217 2885 1754
f 2887 734 2886
f 2886 734 733
f 2889 1816 2888
f 2888 1816 1815
f 2890 1245 2889
f 2889 1245 1816
f 1824 2891 1825
f 1825 2891 1246
f 2892 2893 2895
f 2895 2893 2894
f 1854 1833 1851
f 1851 1833 1832
f 1851 1832 1884
f 1884 1832 1876
f 1884 1876 1441
f 1441 1876 1443
f 1441 1443 1442
f 1442 1443 1446
f 1442 1446 2896
f 2896 1446 1507
f 2897 2823 2898
f 2898 2823 1543
f 1542 2899 1543
f 1543 2899 2898
f 1542 1905 2899
f 2899 1905 2900
f 1905 1259 2900
f 2900 1259 2901
f 1262 1431 2902
f 2902 1431 1904
f 1431 1434 1904
f 1904 1434 1902
f 1902 1434 2903
f 2903 1434 719
f 2903 719 2904
f 2904 719 718
f 1869 1881 718
f 718 1881 2904
f 1881 1869 1880
f 1880 1869 756
f 1880 756 2905
f 2905 756 755
f 2905 755 2906
f 2906 755 758
f 762 2907 763
f 763 2907 2908
f 724 723 2909
f 2909 723 894
f 796 895 723
f 723 895 894
f 2843 2845 796
f 796 2845 895
f 2826 1496 2843
f 2843 1496 2845
f 2825 1497 2826
f 2826 1497 1496
f 1189 2836 2825
f 2825 2836 1497
f 797 891 798
f 798 891 2837
f 802 888 797
f 797 888 891
f 2910 2911 2913
f 2913 2911 2912
f 1780 1783 2915
f 2915 1783 2914
f 2916 2917 831
f 831 2917 832
f 2918 2919 845
f 845 2919 846
f 2920 2916 847
f 847 2916 831
f 2921 2922 857
f 857 2922 858
f 2923 2924 860
f 860 2924 861
f 2919 2912 846
f 846 2912 887
f 2925 2920 940
f 940 2920 847
f 2924 2926 861
f 861 2926 1204
f 2917 2918 832
f 832 2918 845
f 2927 2928 1449
f 1449 2928 1450
f 2929 2930 889
f 889 2930 2931
f 2896 1507 2897
f 2897 1507 2823
f 2902 2901 1262
f 1262 2901 1259
f 2932 2933 750
f 750 2933 1236
f 2933 2934 1236
f 1236 2934 1835
f 2936 2937 2935
f 2935 2937 2938
f 2940 2941 2939
f 2939 2941 2942
f 2943 2944 1841
f 1841 2944 1842
f 2945 1860 2944
f 2944 1860 1842
f 2945 2946 1860
f 1860 2946 1859
f 1889 2947 1890
f 1890 2947 1856
f 1856 2947 1857
f 1857 2947 2948
f 2950 709 2949
f 2949 709 1829
f 2952 730 2951
f 2951 730 729
f 2866 2953 2867
f 2867 2953 1761
f 2953 2954 1761
f 1761 2954 1420
f 2954 2955 1420
f 1420 2955 742
f 2955 2956 742
f 742 2956 739
f 2956 2957 739
f 739 2957 760
f 2957 2958 760
f 760 2958 761
f 2958 2959 761
f 761 2959 2960
f 2959 2961 2960
f 2960 2961 2962
f 2963 2964 1839
f 1839 2964 1840
f 2964 2965 1840
f 1840 2965 2942
f 2966 2950 2939
f 2939 2950 2949
f 2935 2967 2936
f 2936 2967 2968
f 2969 2970 736
f 736 2970 735
f 734 2887 1815
f 1815 2887 2888
f 2887 2882 2888
f 2888 2882 2881
f 1819 1820 1817
f 1817 1820 748
f 1195 1757 1197
f 1197 1757 1424
f 1757 647 1424
f 1424 647 646
f 647 648 646
f 646 648 643
f 648 1271 643
f 643 1271 737
f 1271 725 737
f 737 725 765
f 725 724 765
f 765 724 762
f 762 724 2907
f 2907 724 2909
f 1254 1437 2909
f 2909 1437 2907
f 1438 1253 1836
f 1836 1253 1835
f 1836 1835 2938
f 2938 1835 2934
f 2971 2972 2935
f 2935 2972 2967
f 897 896 2969
f 2969 896 2970
f 1815 1814 734
f 734 1814 731
f 728 1215 896
f 896 1215 732
f 2885 1216 733
f 733 1216 2886
f 1216 1219 2886
f 2886 1219 2883
f 2876 1304 1821
f 1821 1304 749
f 1304 1303 749
f 749 1303 746
f 1818 2973 1817
f 1817 2973 1810
f 747 2974 1818
f 1818 2974 2973
f 747 746 2974
f 2974 746 1303
f 2976 2977 2975
f 2975 2977 2978
f 2976 2979 2901
f 2901 2979 2900
f 2980 2981 2982
f 2982 2981 2979
f 2981 2980 2983
f 2983 2980 2984
f 2985 2897 2983
f 2983 2897 2898
f 2987 2988 2986
f 2986 2988 2985
f 2896 2988 1442
f 1442 2988 1439
f 1903 2977 1904
f 1904 2977 2902
f 1856 1855 1890
f 1890 1855 2989
f 2989 2990 1890
f 1890 2990 1359
f 2990 2991 1359
f 1359 2991 1356
f 2946 2992 1859
f 1859 2992 1893
f 2992 2993 1893
f 1893 2993 775
f 2993 2994 775
f 775 2994 776
f 2986 1356 2987
f 2987 1356 2991
f 2975 2978 776
f 776 2978 777
f 2982 2994 2980
f 2980 2994 2995
f 1357 2984 2995
f 2995 2984 2980
f 2995 2996 1357
f 1357 2996 1358
f 2996 2997 1358
f 1358 2997 1889
f 2998 2999 2932
f 2932 2999 2933
f 2999 2971 2933
f 2933 2971 2934
f 1837 1836 2937
f 2937 1836 2938
f 2943 1841 2941
f 2941 1841 1838
f 3001 2944 3000
f 3000 2944 2943
f 3001 3002 2944
f 2944 3002 2945
f 3002 3003 2945
f 2945 3003 2946
f 2997 3003 1889
f 1889 3003 2947
f 2947 3003 2948
f 2948 3003 3002
f 3001 3004 3002
f 3002 3004 2948
f 3000 3005 3001
f 3001 3005 3004
f 2940 3006 3000
f 3000 3006 3005
f 2999 3007 2971
f 2971 3007 2972
f 2998 2951 2999
f 2999 2951 3007
f 3008 2952 2998
f 2998 2952 2951
f 2966 2965 2936
f 2936 2965 2937
f 2935 2938 2971
f 2971 2938 2934
f 3003 2997 2946
f 2946 2997 2992
f 2997 2996 2992
f 2992 2996 2993
f 2996 2995 2993
f 2993 2995 2994
f 1356 2986 1357
f 1357 2986 2984
f 2982 2975 2994
f 2994 2975 776
f 1844 1843 1899
f 1899 1843 3009
f 1843 638 3009
f 3009 638 3010
f 638 637 3010
f 3010 637 3011
f 637 1830 3011
f 3011 1830 3012
f 1830 1833 3012
f 3012 1833 2894
f 1833 1854 2894
f 2894 1854 2895
f 1854 1853 2895
f 2895 1853 1888
f 1858 1857 1885
f 1885 1857 1892
f 1899 3009 1898
f 1898 3009 1874
f 3009 3010 1874
f 1874 3010 1865
f 3010 3011 1865
f 1865 3011 1862
f 3011 3012 1862
f 1862 3012 1882
f 3012 2894 1882
f 1882 2894 2893
f 1850 2890 782
f 782 2890 2889
f 783 2880 1811
f 1811 2880 1812
f 744 1810 745
f 745 1810 2973
f 745 2973 805
f 805 2973 806
f 2973 2974 806
f 806 2974 815
f 1303 812 2974
f 2974 812 815
f 1303 1302 812
f 812 1302 1221
f 1307 3013 1302
f 1302 3013 1221
f 1734 3014 1633
f 1633 3014 1634
f 1646 1649 1636
f 1636 1649 1637
f 1654 1657 1641
f 1641 1657 1642
f 1639 1736 1636
f 1636 1736 1684
f 1716 1713 1698
f 1698 1713 1699
f 1718 1721 1705
f 1705 1721 1706
f 1653 1654 1709
f 1709 1654 1641
f 1620 1623 1714
f 1714 1623 1699
f 1712 1682 1714
f 1714 1682 1740
f 1668 1671 1746
f 1746 1671 1747
f 1752 1650 1749
f 1749 1650 1750
f 1750 1650 1709
f 1709 1650 1653
f 1632 1668 1633
f 1633 1668 1746
f 1649 1752 1637
f 1637 1752 1749
f 1682 1643 1740
f 1740 1643 1642
f 3014 1685 1634
f 1634 1685 1684
f 1704 1748 1705
f 1705 1748 1747
f 1697 1707 1698
f 1698 1707 1706
f 1739 1701 1621
f 1621 1701 1622
f 1567 1566 1647
f 1647 1566 1648
f 1664 1695 1651
f 1651 1695 1652
f 1614 1617 1655
f 1655 1617 1656
f 1704 1707 1659
f 1659 1707 1660
f 3014 1734 1662
f 1662 1734 1663
f 1650 1752 1651
f 1651 1752 1665
f 1741 1657 1667
f 1667 1657 1656
f 1695 1614 1652
f 1652 1614 1655
f 1724 1567 1726
f 1726 1567 1647
f 1645 1628 1733
f 1733 1628 1663
f 1685 3014 1726
f 1726 3014 1662
f 1620 1741 1621
f 1621 1741 1667
f 1566 1666 1648
f 1648 1666 1665
f 1658 1737 1659
f 1659 1737 1901
f 1911 1661 1910
f 1910 1661 1660
f 1701 1911 1622
f 1622 1911 1910
f 1732 1748 1733
f 1733 1748 1901
f 1857 2948 1892
f 1892 2948 3004
f 1892 3004 1891
f 1891 3004 3005
f 1828 3006 1829
f 1829 3006 2949
f 2967 736 2968
f 2968 736 710
f 2972 2969 2967
f 2967 2969 736
f 2969 2972 897
f 897 2972 3007
f 897 3007 729
f 729 3007 2951
f 3016 753 3015
f 3015 753 752
f 3018 767 3017
f 3017 767 766
f 3019 3020 1249
f 1249 3020 3021
f 2915 2914 3019
f 3019 2914 3020
f 3023 2914 3022
f 3022 2914 1783
f 2827 2839 769
f 769 2839 766
f 3025 2838 3024
f 3024 2838 3021
f 768 767 2850
f 2850 767 3026
f 2850 3026 751
f 751 3026 752
f 750 753 2932
f 2932 753 3027
f 3008 2998 3027
f 3027 2998 2932
f 3028 3029 3008
f 3008 3029 2952
f 3029 3030 2952
f 2952 3030 730
f 3032 3033 3031
f 3031 3033 3034
f 3036 3037 3035
f 3035 3037 3038
f 2870 3039 612
f 612 3039 3040
f 3041 3042 3031
f 3031 3042 3038
f 3034 1352 3043
f 3043 1352 944
f 612 3040 613
f 613 3040 3044
f 613 3044 1425
f 1425 3044 1422
f 3045 3042 669
f 669 3042 670
f 3041 3043 599
f 599 3043 600
f 772 771 1544
f 1544 771 781
f 1503 771 1866
f 1866 771 770
f 771 1503 781
f 781 1503 778
f 61 281 416
f 416 281 1907
f 283 103 3046
f 3046 103 3047
f 76 79 3048
f 3048 79 3049
f 280 76 1906
f 1906 76 3048
f 3051 335 3050
f 3050 335 334
f 3053 417 3052
f 3052 417 416
f 3055 435 3054
f 3054 435 434
f 428 435 419
f 419 435 1908
f 420 1909 293
f 293 1909 443
f 79 294 3049
f 3049 294 444
f 3057 444 3056
f 3056 444 443
f 3051 3058 335
f 335 3058 452
f 216 215 1332
f 1332 215 452
f 308 283 462
f 462 283 3046
f 3050 334 3059
f 3059 334 462
f 103 62 3047
f 3047 62 417
f 313 312 434
f 434 312 463
f 3061 574 3060
f 3060 574 573
f 1310 3062 1428
f 1428 3062 3063
f 1258 3064 1255
f 1255 3064 2871
f 932 3065 2853
f 2853 3065 3066
f 699 2814 931
f 931 2814 3067
f 3068 1301 3063
f 3063 1301 1428
f 571 574 1310
f 1310 574 3062
f 3060 573 3069
f 3069 573 1332
f 3070 3071 1906
f 1906 3071 1907
f 3072 3073 1908
f 1908 3073 1909
f 3075 2814 3074
f 3074 2814 2813
f 2854 3076 1258
f 1258 3076 3064
f 2871 3077 2872
f 2872 3077 3078
f 3074 2813 3079
f 3079 2813 2873
f 2872 3078 1349
f 1349 3078 3080
f 2873 701 3068
f 3068 701 1301
f 1330 1201 3080
f 3080 1201 1349
f 1264 1263 3081
f 3081 1263 3082
f 3083 3084 3082
f 3082 3084 3081
f 811 1448 3086
f 3086 1448 3085
f 808 811 3087
f 3087 811 3086
f 3088 3083 833
f 833 3083 3082
f 884 3089 885
f 885 3089 3090
f 3087 1790 808
f 808 1790 816
f 1790 3087 1787
f 1787 3087 3091
f 3092 3091 3086
f 3086 3091 3087
f 3093 3094 3084
f 3084 3094 3095
f 3089 3096 3090
f 3090 3096 3088
f 3097 3093 3083
f 3083 3093 3084
f 3099 3100 3098
f 3098 3100 1786
f 3101 1788 2913
f 2913 1788 3102
f 838 837 885
f 885 837 886
f 886 837 3103
f 3103 837 1541
f 3094 3093 3104
f 3104 3093 3097
f 3105 3106 3089
f 3089 3106 3096
f 3108 3109 3107
f 3107 3109 3110
f 3111 3112 3091
f 3091 3112 1787
f 3114 3108 3113
f 3113 3108 3107
f 3114 3115 3112
f 3112 3115 3102
f 3091 3092 3111
f 3111 3092 3116
f 839 838 835
f 835 838 836
f 885 3090 838
f 838 3090 836
f 3110 3117 1247
f 1247 3117 3118
f 1247 3118 1248
f 1248 3118 3119
f 3120 3121 3119
f 3119 3121 1248
f 1247 844 3110
f 3110 844 3107
f 844 843 3107
f 3107 843 3113
f 843 3099 3113
f 3113 3099 3122
f 1781 3123 3098
f 3098 3123 3124
f 2915 2931 1780
f 1780 2931 2930
f 3019 3125 2915
f 2915 3125 2931
f 890 3125 2834
f 2834 3125 1252
f 3125 3019 1252
f 1252 3019 1249
f 907 908 946
f 946 908 947
f 1185 1188 1369
f 1369 1188 948
f 954 957 951
f 951 957 952
f 910 965 953
f 953 965 950
f 905 958 960
f 960 958 961
f 3126 978 949
f 949 978 962
f 936 935 967
f 967 935 968
f 994 993 969
f 969 993 966
f 902 904 971
f 971 904 972
f 983 985 973
f 973 985 970
f 906 905 974
f 974 905 960
f 977 981 959
f 959 981 975
f 911 910 1143
f 1143 910 953
f 952 957 1142
f 1142 957 1145
f 911 1143 1366
f 1366 1143 1368
f 1185 1369 1145
f 1145 1369 1142
f 993 1519 966
f 966 1519 1456
f 965 1454 950
f 950 1454 1457
f 900 899 1459
f 1459 899 1460
f 988 991 1461
f 1461 991 1458
f 899 963 1460
f 1460 963 1462
f 985 987 970
f 970 987 1463
f 904 906 972
f 972 906 974
f 981 983 975
f 975 983 973
f 935 900 968
f 968 900 1459
f 991 994 1458
f 1458 994 969
f 1154 1526 1088
f 1088 1526 1089
f 1109 1112 1092
f 1092 1112 1093
f 1083 1098 1084
f 1084 1098 1097
f 1078 1471 1100
f 1100 1471 1101
f 1075 1078 1104
f 1104 1078 1100
f 1152 1154 1156
f 1156 1154 1088
f 1156 1155 1372
f 1372 1155 1373
f 1372 1373 1104
f 1104 1373 1075
f 1467 1109 1465
f 1465 1109 1092
f 1465 1182 1468
f 1468 1182 1184
f 1474 1470 1096
f 1096 1470 1097
f 1102 1101 1083
f 1083 1101 1098
f 1112 1531 1093
f 1093 1531 1529
f 1102 1073 1099
f 1099 1073 1072
f 1526 1154 1079
f 1079 1154 1080
f 1081 1091 1082
f 1082 1091 1094
f 1069 1068 1085
f 1085 1068 1086
f 1153 1151 1080
f 1080 1151 1058
f 1371 1177 1179
f 1179 1177 1176
f 1099 1072 1103
f 1103 1072 1176
f 1068 1071 1086
f 1086 1071 1073
f 1085 1084 1180
f 1180 1084 1469
f 1066 1065 1183
f 1183 1065 1181
f 1153 1152 1177
f 1177 1152 1178
f 1091 1081 1182
f 1182 1081 1183
f 1057 1525 1079
f 1079 1525 1527
f 1120 1117 1076
f 1076 1117 1077
f 1087 1090 1107
f 1107 1090 1108
f 1127 1126 1110
f 1110 1126 1111
f 1095 1116 1096
f 1096 1116 1115
f 1471 1078 1119
f 1119 1078 1077
f 1087 1107 1155
f 1155 1107 1158
f 1376 1374 1157
f 1157 1374 1158
f 1076 1075 1374
f 1374 1075 1373
f 1109 1467 1110
f 1110 1467 1472
f 1467 1466 1472
f 1472 1466 1473
f 1135 1475 1114
f 1114 1475 1115
f 1471 1119 1095
f 1095 1119 1116
f 1126 1532 1111
f 1111 1532 1530
f 914 1276 1480
f 1480 1276 1517
f 3127 3128 1223
f 1223 3128 1224
f 824 933 1455
f 1455 933 3129
f 3131 1448 3130
f 3130 1448 1447
f 3132 3133 1452
f 1452 3133 1453
f 3130 1447 1322
f 1322 1447 1455
f 933 1514 3129
f 3129 1514 3134
f 1161 3135 1480
f 1480 3135 1481
f 3128 3136 1224
f 1224 3136 1499
f 3133 1162 1453
f 1453 1162 1517
f 1515 3127 1535
f 1535 3127 1223
f 3095 3085 3131
f 3131 3085 1448
f 3137 3092 3085
f 3085 3092 3086
f 3138 3116 3137
f 3137 3116 3092
f 3110 3109 3117
f 3117 3109 3139
f 3105 3140 3117
f 3117 3140 3118
f 3140 3141 3118
f 3118 3141 3119
f 3142 3120 3141
f 3141 3120 3119
f 1498 3143 1277
f 1277 3143 882
f 3144 3145 1340
f 1340 3145 1339
f 1340 3146 3144
f 3144 3146 3147
f 3145 3144 3143
f 3143 3144 3148
f 871 901 872
f 872 901 1362
f 3149 3148 3147
f 3147 3148 3144
f 1208 3150 1209
f 3098 1786 1781
f 1781 1786 1782
f 2930 2929 3123
f 3123 2929 2911
f 1794 1791 2916
f 2916 1791 2917
f 1793 3101 2918
f 2918 3101 2919
f 1796 1794 2920
f 2920 1794 2916
f 3151 3152 2921
f 2921 3152 2922
f 3153 3154 2923
f 2923 3154 2924
f 2919 3101 2912
f 2912 3101 2913
f 3155 1796 2925
f 2925 1796 2920
f 3154 3156 2924
f 2924 3156 2926
f 1791 1793 2917
f 2917 1793 2918
f 3157 3158 2927
f 2927 3158 2928
f 1780 2930 1781
f 1781 2930 3123
f 2825 1267 1189
f 1189 1267 1190
f 2827 2828 1250
f 1250 2828 1251
f 1489 2830 1324
f 1324 2830 1325
f 923 1328 1334
f 1334 1328 1335
f 1485 2832 1482
f 1482 2832 1483
f 1266 1490 1492
f 1492 1490 1493
f 1333 1346 1334
f 1334 1346 2824
f 722 799 1492
f 1492 799 1190
f 664 657 1482
f 1482 657 2833
f 631 634 1324
f 1324 634 1493
f 2828 1494 1251
f 1251 1494 2835
f 1249 3021 1250
f 1250 3021 2838
f 798 2837 1189
f 1189 2837 2836
f 3100 842 3160
f 3160 842 3159
f 1788 3101 1789
f 1789 3101 1793
f 1792 816 1789
f 1789 816 1790
f 817 816 1795
f 1795 816 1792
f 938 817 1797
f 1797 817 1795
f 1796 3155 1797
f 1797 3155 1798
f 3155 3158 1798
f 1798 3158 1799
f 3157 3152 1801
f 1801 3152 1802
f 3151 3156 1803
f 1803 3156 1804
f 3154 3153 1805
f 1805 3153 1806
f 3153 3161 1806
f 1806 3161 1807
f 3099 843 3100
f 3100 843 842
f 1788 1787 3102
f 3102 1787 3112
f 2910 3115 3124
f 3124 3115 3122
f 3099 3098 3122
f 3122 3098 3124
f 416 1907 3052
f 3052 1907 3071
f 3046 3047 3163
f 3163 3047 3162
f 249 445 259
f 259 445 3164
f 425 3165 424
f 424 3165 461
f 408 410 329
f 329 410 330
f 39 331 40
f 40 331 332
f 305 304 423
f 423 304 464
f 385 254 458
f 458 254 392
f 250 415 251
f 251 415 412
f 233 337 234
f 234 337 3166
f 435 3055 1908
f 1908 3055 3072
f 443 1909 3056
f 3056 1909 3073
f 3167 3049 3057
f 3057 3049 444
f 452 3058 1332
f 1332 3058 3069
f 234 3166 346
f 346 3166 411
f 3046 3163 462
f 462 3163 3059
f 259 3164 260
f 260 3164 336
f 3047 417 3162
f 3162 417 3053
f 463 3168 434
f 434 3168 3054
f 454 830 425
f 425 830 3165
f 3062 3169 3063
f 3063 3169 3170
f 1355 1354 1534
f 1534 1354 3171
f 3063 3170 3068
f 3068 3170 3172
f 574 3061 3062
f 3062 3061 3169
f 1534 3171 1535
f 1535 3171 3173
f 3079 2873 3172
f 3172 2873 3068
f 2838 3025 2839
f 2839 3025 3174
f 3176 3177 3175
f 3175 3177 3178
f 3180 1125 3179
f 3179 1125 1128
f 3182 3183 3181
f 3181 3183 3184
f 1134 3185 1130
f 1130 3185 3182
f 3186 3187 3189
f 3189 3187 3188
f 3191 3189 3190
f 3190 3189 3188
f 1137 1122 3190
f 3190 1122 3192
f 3175 3178 3193
f 3193 3178 3194
f 3181 3184 3179
f 3179 3184 3195
f 3197 3198 3196
f 3196 3198 3180
f 3200 3178 3199
f 3199 3178 3177
f 3202 3196 3201
f 3201 3196 3195
f 3204 3184 3203
f 3203 3184 3183
f 3206 3207 3205
f 3205 3207 3186
f 3205 3186 3208
f 3208 3186 3189
f 3209 3208 3191
f 3191 3208 3189
f 3210 3194 3200
f 3200 3194 3178
f 3201 3195 3204
f 3204 3195 3184
f 3197 3211 3177
f 3177 3211 3199
f 3213 3214 3212
f 3212 3214 3215
f 3217 3218 3216
f 3216 3218 3219
f 3221 3222 3220
f 3220 3222 3223
f 3225 3226 3224
f 3224 3226 3227
f 3229 3230 3228
f 3228 3230 3231
f 3233 3234 3232
f 3232 3234 3235
f 3237 3238 3236
f 3236 3238 3239
f 3238 3240 3239
f 3239 3240 3241
f 3232 3235 3242
f 3242 3235 3243
f 3245 3246 3244
f 3244 3246 3247
f 3248 3249 3245
f 3245 3249 3246
f 3251 3252 3250
f 3250 3252 3253
f 3255 3252 3254
f 3254 3252 3251
f 3256 3257 3259
f 3259 3257 3258
f 3261 3262 3260
f 3260 3262 3263
f 3265 3263 3264
f 3264 3263 3262
f 3256 3259 3266
f 3266 3259 3267
f 3269 3270 3268
f 3268 3270 3271
f 3269 3272 3270
f 3270 3272 3273
f 3274 3275 3277
f 3277 3275 3276
f 3278 3279 3276
f 3276 3279 3277
f 3281 3282 3280
f 3280 3282 3283
f 3280 3284 3281
f 3281 3284 3285
f 3287 3288 3286
f 3286 3288 3289
f 3290 3291 3288
f 3288 3291 3289
f 3234 3218 3235
f 3235 3218 3217
f 3232 3292 3233
f 3233 3292 3293
f 3239 3294 3236
f 3236 3294 3219
f 3233 3293 3237
f 3237 3293 3295
f 3296 3294 3241
f 3241 3294 3239
f 3240 3238 3297
f 3297 3238 3298
f 3217 3216 3235
f 3235 3216 3243
f 3297 3299 3240
f 3240 3299 3242
f 3246 3300 3247
f 3247 3300 3223
f 3301 3302 3254
f 3254 3302 3244
f 3249 3303 3246
f 3246 3303 3300
f 3245 3304 3248
f 3248 3304 3292
f 3252 3221 3253
f 3253 3221 3220
f 3250 3248 3299
f 3299 3248 3292
f 3222 3221 3255
f 3255 3221 3252
f 3297 3301 3251
f 3251 3301 3254
f 3258 3214 3259
f 3259 3214 3213
f 3257 3256 3304
f 3304 3256 3305
f 3263 3306 3260
f 3260 3306 3215
f 3261 3257 3302
f 3302 3257 3304
f 3307 3306 3265
f 3265 3306 3263
f 3262 3301 3264
f 3264 3301 3308
f 3259 3213 3267
f 3267 3213 3212
f 3308 3309 3264
f 3264 3309 3266
f 3270 3310 3271
f 3271 3310 3231
f 3311 3312 3278
f 3278 3312 3268
f 3270 3273 3310
f 3310 3273 3313
f 3272 3269 3305
f 3305 3269 3314
f 3277 3229 3274
f 3274 3229 3228
f 3275 3272 3309
f 3309 3272 3305
f 3279 3230 3277
f 3277 3230 3229
f 3276 3308 3278
f 3278 3308 3311
f 3281 3315 3282
f 3282 3315 3227
f 3290 3316 3283
f 3283 3316 3317
f 3281 3285 3315
f 3315 3285 3318
f 3284 3280 3314
f 3314 3280 3319
f 3289 3225 3286
f 3286 3225 3224
f 3287 3284 3312
f 3284 3314 3312
f 3291 3226 3289
f 3289 3226 3225
f 3288 3311 3290
f 3290 3311 3316
f 3212 3215 3307
f 3307 3215 3306
f 3294 3296 3219
f 3219 3296 3216
f 3303 3220 3300
f 3300 3220 3223
f 3224 3227 3318
f 3318 3227 3315
f 3228 3231 3313
f 3313 3231 3310
f 3234 3233 3236
f 3236 3233 3237
f 3243 3241 3242
f 3242 3241 3240
f 3247 3255 3244
f 3244 3255 3254
f 3253 3249 3250
f 3250 3249 3248
f 3260 3258 3261
f 3261 3258 3257
f 3266 3267 3264
f 3264 3267 3265
f 3268 3271 3278
f 3278 3271 3279
f 3274 3273 3275
f 3275 3273 3272
f 3283 3282 3290
f 3290 3282 3291
f 3286 3285 3287
f 3287 3285 3284
f 3218 3234 3219
f 3219 3234 3236
f 3295 3298 3237
f 3237 3298 3238
f 3216 3296 3243
f 3243 3296 3241
f 3242 3299 3232
f 3232 3299 3292
f 3223 3222 3247
f 3247 3222 3255
f 3244 3302 3245
f 3245 3302 3304
f 3303 3249 3220
f 3220 3249 3253
f 3297 3251 3299
f 3299 3251 3250
f 3215 3214 3260
f 3260 3214 3258
f 3301 3262 3302
f 3302 3262 3261
f 3212 3307 3267
f 3267 3307 3265
f 3266 3309 3256
f 3256 3309 3305
f 3271 3231 3279
f 3279 3231 3230
f 3268 3312 3269
f 3269 3312 3314
f 3228 3313 3274
f 3274 3313 3273
f 3308 3276 3309
f 3309 3276 3275
f 3282 3227 3291
f 3291 3227 3226
f 3317 3319 3283
f 3283 3319 3280
f 3224 3318 3286
f 3286 3318 3285
f 3312 3311 3287
f 3311 3288 3287
f 3320 3321 3194
f 3194 3321 3193
f 1375 3321 1121
f 1121 3321 3322
f 3323 3324 3322
f 3322 3324 3192
f 3175 1124 3176
f 3176 1124 1123
f 3179 3195 3180
f 3180 3195 3196
f 3181 1131 3182
f 3182 1131 1130
f 3207 3185 3186
f 3186 3185 3187
f 1136 3188 1133
f 1133 3188 3187
f 3190 3188 1137
f 1137 3188 1136
f 3193 1159 3175
f 3175 1159 1124
f 3179 1128 3181
f 3181 1128 1131
f 1533 3198 1123
f 1123 3198 3176
f 3321 1375 3193
f 3193 1375 1159
f 3321 3320 3322
f 3322 3320 3323
f 1122 1121 3192
f 3192 1121 3322
f 3194 3210 3320
f 3320 3210 3325
f 3324 3323 3327
f 3327 3323 3326
f 3320 3325 3323
f 3323 3325 3326
f 3208 3328 3205
f 3205 3328 3329
f 3330 3206 3329
f 3329 3206 3205
f 3203 3331 3204
f 3204 3331 3332
f 3210 3333 3325
f 3325 3333 3334
f 3325 3334 3326
f 3326 3334 3335
f 3327 3326 3336
f 3336 3326 3335
f 3327 3209 3324
f 3324 3209 3191
f 3190 3192 3191
f 3191 3192 3324
f 3338 3339 3337
f 3337 3339 3340
f 3338 3341 3339
f 3339 3341 3342
f 3341 3343 3342
f 3342 3343 3344
f 3343 3345 3344
f 3344 3345 3346
f 3345 3347 3346
f 3346 3347 3348
f 3347 3349 3348
f 3348 3349 3350
f 3337 3340 3351
f 3351 3340 3352
f 3351 3352 3353
f 3353 3352 3354
f 3353 3354 3355
f 3355 3354 3356
f 3350 3349 3357
f 3357 3349 3358
f 3355 3356 3359
f 3359 3356 3360
f 3359 3360 3361
f 3361 3360 3362
f 3361 3362 3363
f 3363 3362 3364
f 3363 3364 3358
f 3358 3364 3357
f 3339 3342 3365
f 3365 3342 3366
f 3342 3344 3366
f 3366 3344 3367
f 3344 3346 3367
f 3367 3346 3368
f 3346 3348 3368
f 3368 3348 3369
f 3348 3350 3369
f 3369 3350 3370
f 3368 3369 3371
f 3371 3369 3372
f 3369 3370 3372
f 3372 3370 3373
f 3373 3374 3372
f 3372 3374 3375
f 3377 3378 3376
f 3376 3378 3379
f 3377 3375 3378
f 3378 3375 3374
f 3375 3380 3372
f 3372 3380 3371
f 3377 3381 3375
f 3375 3381 3380
f 3376 3382 3377
f 3377 3382 3381
f 3384 3385 3383
f 3383 3385 3386
f 3384 3383 3388
f 3388 3383 3387
f 3388 3387 3389
f 3389 3387 3390
f 3392 3385 3391
f 3391 3385 3384
f 3388 3393 3384
f 3384 3393 3391
f 3389 3394 3388
f 3388 3394 3393
f 3389 3395 3394
f 3394 3395 3396
f 3395 3389 3397
f 3397 3389 3390
f 3339 3365 3340
f 3340 3365 3398
f 3340 3398 3352
f 3352 3398 3399
f 3371 3400 3368
f 3368 3400 3367
f 3400 3401 3367
f 3367 3401 3366
f 3366 3401 3365
f 3365 3401 3402
f 3398 3365 3403
f 3403 3365 3402
f 3398 3403 3399
f 3399 3403 3404
f 3403 3405 3404
f 3404 3405 3406
f 3352 3399 3354
f 3354 3399 3407
f 3399 3404 3407
f 3407 3404 3408
f 3404 3406 3408
f 3408 3406 3409
f 3405 3410 3406
f 3406 3410 3411
f 3410 3412 3411
f 3411 3412 3413
f 3397 3414 3395
f 3395 3414 3415
f 3417 3415 3416
f 3416 3415 3412
f 3410 3418 3412
f 3412 3418 3416
f 3410 3405 3418
f 3418 3405 3419
f 3405 3403 3419
f 3419 3403 3402
f 3370 3350 3420
f 3420 3350 3357
f 3373 3370 3421
f 3421 3370 3420
f 3374 3373 3422
f 3422 3373 3421
f 3378 3374 3423
f 3423 3374 3422
f 3378 3423 3379
f 3379 3423 3424
f 3424 3425 3379
f 3379 3425 3386
f 3383 3426 3387
f 3387 3426 3427
f 3387 3427 3390
f 3390 3427 3428
f 3390 3428 3397
f 3397 3428 3429
f 3429 3430 3397
f 3397 3430 3414
f 3411 3413 3431
f 3431 3413 3432
f 3406 3411 3409
f 3409 3411 3431
f 3401 3400 3335
f 3335 3400 3336
f 3401 3335 3402
f 3402 3335 3334
f 3402 3334 3419
f 3419 3334 3333
f 3419 3333 3418
f 3418 3333 3433
f 3418 3433 3416
f 3416 3433 3434
f 3435 3417 3434
f 3434 3417 3416
f 3394 3396 3436
f 3436 3396 3437
f 3393 3394 3332
f 3332 3394 3436
f 3393 3332 3391
f 3391 3332 3331
f 3330 3392 3331
f 3331 3392 3391
f 3382 3329 3381
f 3381 3329 3328
f 3354 3407 3356
f 3356 3407 3438
f 3356 3438 3360
f 3360 3438 3439
f 3360 3439 3362
f 3362 3439 3440
f 3362 3440 3364
f 3364 3440 3441
f 3364 3441 3357
f 3357 3441 3420
f 3421 3420 3442
f 3442 3420 3441
f 3442 3441 3443
f 3443 3441 3440
f 3443 3440 3444
f 3444 3440 3439
f 3444 3439 3445
f 3445 3439 3438
f 3445 3438 3408
f 3408 3438 3407
f 3422 3421 3446
f 3446 3421 3442
f 3446 3442 3447
f 3447 3442 3443
f 3447 3443 3448
f 3448 3443 3444
f 3448 3444 3449
f 3449 3444 3445
f 3449 3445 3409
f 3409 3445 3408
f 3409 3431 3449
f 3449 3431 3450
f 3449 3450 3448
f 3448 3450 3451
f 3451 3452 3448
f 3448 3452 3447
f 3447 3452 3446
f 3446 3452 3453
f 3446 3453 3422
f 3422 3453 3423
f 3424 3423 3454
f 3454 3423 3453
f 3452 3455 3453
f 3453 3455 3454
f 3452 3451 3455
f 3455 3451 3456
f 3450 3457 3451
f 3451 3457 3456
f 3431 3432 3450
f 3450 3432 3457
f 3454 3458 3424
f 3424 3458 3425
f 3427 3426 3459
f 3459 3426 3460
f 3428 3427 3461
f 3461 3427 3459
f 3428 3461 3429
f 3429 3461 3462
f 3462 3463 3429
f 3429 3463 3430
f 3464 3465 3462
f 3462 3465 3463
f 3455 3466 3454
f 3454 3466 3458
f 3465 3464 3466
f 3466 3464 3467
f 3461 3459 3468
f 3468 3459 3469
f 3468 3469 3464
f 3464 3469 3467
f 3464 3462 3468
f 3468 3462 3461
f 3459 3460 3469
f 3469 3460 3467
f 3295 3351 3298
f 3298 3351 3353
f 3353 3355 3298
f 3298 3355 3297
f 3297 3355 3301
f 3301 3355 3359
f 3301 3359 3308
f 3308 3359 3361
f 3308 3361 3311
f 3311 3361 3363
f 3311 3363 3316
f 3316 3363 3358
f 3316 3358 3317
f 3317 3358 3349
f 3349 3347 3317
f 3317 3347 3319
f 3347 3345 3319
f 3319 3345 3314
f 3345 3343 3314
f 3314 3343 3305
f 3343 3341 3305
f 3305 3341 3304
f 3304 3341 3292
f 3292 3341 3338
f 3292 3338 3293
f 3293 3338 3337
f 3293 3337 3295
f 3295 3337 3351
f 3437 3202 3436
f 3436 3202 3201
f 3436 3201 3332
f 3332 3201 3204
f 3433 3200 3434
f 3434 3200 3199
f 3211 3435 3199
f 3199 3435 3434
f 3333 3210 3433
f 3433 3210 3200
f 3380 3470 3371
f 3400 3371 3336
f 3336 3371 3470
f 3381 3328 3380
f 3380 3328 3470
f 3470 3328 3209
f 3209 3328 3208
f 3336 3470 3327
f 3327 3470 3209
f 1545 1763 1546
f 1546 1763 1762
f 1403 1546 773
f 773 1546 770
f 1221 3013 1220
f 1220 3013 3471
f 1305 2877 1306
f 1306 2877 2879
f 1220 3471 828
f 828 3471 829
f 1217 1754 3472
f 3472 1754 1756
f 1049 3473 1048
f 1048 3473 3474
f 1371 1179 3473
f 3473 1179 3474
f 1074 3475 1179
f 1179 3475 3474
f 3474 3475 1048
f 1048 3475 1056
f 919 666 1345
f 1345 666 665
f 856 680 919
f 919 680 666
f 679 680 1449
f 1449 680 858
f 1367 878 1500
f 1500 878 877
f 1366 908 1367
f 1367 908 878
f 1512 916 1513
f 1513 916 915
f 947 1368 948
f 948 1368 1369
f 1047 1021 1044
f 1044 1021 1020
f 1370 1049 1019
f 1019 1049 1020
f 1173 1030 1174
f 1174 1030 1033
f 3126 1188 1464
f 1464 1188 1187
f 1800 1451 1512
f 1512 1451 916
f 1175 1174 1186
f 1186 1174 1187
f 1030 1173 1047
f 1047 1173 1021
f 1513 915 3476
f 3476 915 1481
f 1345 665 3477
f 3477 665 1483
f 1502 1501 876
f 876 1501 877
f 1205 1451 1803
f 1803 1451 1802
f 3479 2832 3478
f 3478 2832 2831
f 1449 858 2927
f 2927 858 2922
f 908 1366 947
f 947 1366 1368
f 949 948 3126
f 3126 948 1188
f 3480 3135 1502
f 1502 3135 1501
f 2927 2922 3157
f 3157 2922 3152
f 3477 1483 3479
f 3479 1483 2832
f 1803 1802 3151
f 3151 1802 3152
f 663 658 664
f 664 658 657
f 655 658 939
f 939 658 706
f 1512 870 1800
f 1800 870 869
f 875 874 876
f 876 874 873
f 849 874 905
f 905 874 958
f 949 962 946
f 946 962 961
f 978 3126 979
f 979 3126 1464
f 1031 1168 1032
f 1032 1168 1022
f 1045 1013 1046
f 1046 1013 1012
f 1045 1044 1056
f 1056 1044 1048
f 1047 1046 1030
f 1030 1046 1031
f 939 706 940
f 940 706 1450
f 979 1464 1032
f 1032 1464 1033
f 3480 1478 3476
f 3476 1478 3134
f 2829 1487 2830
f 2830 1487 1486
f 848 1230 873
f 873 1230 1479
f 867 870 933
f 933 870 1514
f 1800 869 1801
f 1801 869 1799
f 2830 1486 1325
f 1325 1486 2833
f 940 1450 2925
f 2925 1450 2928
f 946 961 907
f 907 961 958
f 959 962 977
f 977 962 978
f 3476 3134 1513
f 1513 3134 1514
f 2925 2928 3155
f 3155 2928 3158
f 1325 2833 656
f 656 2833 657
f 1801 1799 3157
f 3157 1799 3158
f 1074 1055 3475
f 3475 1055 1056
f 1371 3473 1370
f 1370 3473 1049
f 2884 615 3481
f 3481 615 618
f 3478 2831 2846
f 2846 2831 617
f 2831 1484 617
f 617 1484 618
f 1484 1487 618
f 618 1487 3481
f 2848 3481 2829
f 2829 3481 1487
f 1480 1517 1161
f 1161 1517 1162
f 3129 1323 1455
f 1455 1323 1322
f 3129 3134 1323
f 1323 3134 1478
f 1535 3173 1515
f 1515 3173 1516
f 3085 3095 3137
f 3137 3095 3094
f 3137 3094 3138
f 3138 3094 3104
f 3117 3139 3105
f 3105 3139 3106
f 1138 1141 3127
f 3127 1141 3128
f 3081 3131 1264
f 1264 3131 3130
f 1227 1226 3132
f 3132 1226 3133
f 1264 3130 1229
f 1229 3130 1322
f 1160 1501 1161
f 1161 1501 3135
f 1141 1476 3128
f 3128 1476 3136
f 1226 1163 3133
f 3133 1163 1162
f 1363 1138 1515
f 1515 1138 3127
f 3084 3095 3081
f 3081 3095 3131
f 3089 884 3105
f 3105 884 3140
f 884 883 3140
f 3140 883 3141
f 883 3482 3141
f 3141 3482 3142
f 3476 1481 3480
f 3480 1481 3135
f 1502 1479 3480
f 3480 1479 1478
f 3168 463 440
f 714 1880 715
f 715 1880 2905
f 896 732 2970
f 2970 732 731
f 1263 834 3082
f 3082 834 833
f 898 1231 853
f 853 1231 854
f 3125 890 2931
f 2931 890 889
f 1237 893 2851
f 2851 893 892
f 898 853 899
f 899 853 963
f 988 987 989
f 989 987 986
f 1002 1007 1003
f 1003 1007 1006
f 1038 1036 1007
f 1007 1036 1004
f 1070 1052 1005
f 1005 1052 1006
f 1069 1067 1070
f 1070 1067 1052
f 1130 1129 1134
f 1134 1129 1135
f 879 1167 880
f 880 1167 1166
f 1171 1169 1037
f 1037 1169 1038
f 1085 1180 1069
f 1069 1180 1067
f 1209 1210 879
f 879 1210 1167
f 2885 1215 1754
f 1754 1215 1214
f 1263 855 834
f 834 855 854
f 708 1244 1826
f 1826 1244 1243
f 2909 894 1254
f 1254 894 893
f 1228 1361 964
f 964 1361 1360
f 2908 2907 1436
f 1436 2907 1437
f 2990 1440 2991
f 2991 1440 1439
f 964 1360 965
f 965 1360 1454
f 950 1457 951
f 951 1457 1456
f 970 1463 971
f 971 1463 1462
f 1025 1169 984
f 984 1169 986
f 1084 1097 1469
f 1469 1097 1470
f 1096 1115 1474
f 1474 1115 1475
f 1140 1361 1141
f 1141 1361 1476
f 1212 1495 2828
f 2828 1495 1494
f 880 1166 1452
f 1452 1166 1499
f 715 2905 1504
f 1504 2905 2906
f 954 1519 955
f 955 1519 1518
f 1026 1520 992
f 992 1520 1518
f 1029 1520 1043
f 1043 1520 1521
f 997 1522 1040
f 1040 1522 1521
f 1015 1522 1016
f 1016 1522 1523
f 1523 996 1524
f 1524 996 1062
f 1057 1060 1525
f 1525 1060 1524
f 1094 1528 1082
f 1082 1528 1527
f 1526 1528 1089
f 1089 1528 1529
f 1090 1531 1108
f 1108 1531 1530
f 1125 1533 1126
f 1126 1533 1532
f 3483 1755 727
f 727 1755 1214
f 735 1814 707
f 707 1814 1813
f 2891 1834 1246
f 1246 1834 1243
f 2904 1881 1847
f 1847 1881 1848
f 1852 1855 1853
f 1853 1855 1858
f 1902 2903 1877
f 1877 2903 1878
f 2903 2904 1878
f 1878 2904 1847
f 714 713 1848
f 1848 713 1849
f 1440 2990 1883
f 1883 2990 2989
f 1883 2989 1852
f 1852 2989 1855
f 2895 1888 2892
f 2892 1888 1887
f 774 777 1877
f 1877 777 1903
f 1251 2835 1252
f 1252 2835 2834
f 1213 2844 1212
f 1212 2844 1495
f 2851 892 1213
f 1213 892 2844
f 3123 2911 3124
f 3124 2911 2910
f 887 2929 888
f 888 2929 889
f 1435 2963 1436
f 1436 2963 2961
f 1253 1438 1254
f 1254 1438 1437
f 2970 731 735
f 735 731 1814
f 733 732 2885
f 2885 732 1215
f 2901 2902 2976
f 2976 2902 2977
f 2975 2982 2976
f 2976 2982 2979
f 2899 2900 2981
f 2981 2900 2979
f 2899 2981 2898
f 2898 2981 2983
f 2986 2985 2984
f 2984 2985 2983
f 2897 2985 2896
f 2896 2985 2988
f 2991 1439 2987
f 2987 1439 2988
f 777 2978 1903
f 1903 2978 2977
f 1885 1888 1858
f 1858 1888 1853
f 3090 3088 836
f 836 3088 833
f 3083 3088 3097
f 3097 3088 3096
f 3097 3096 3104
f 3104 3096 3106
f 3111 3116 3108
f 3108 3116 3109
f 3112 3111 3114
f 3114 3111 3108
f 3113 3122 3114
f 3114 3122 3115
f 891 890 2837
f 2837 890 2834
f 951 1456 954
f 954 1456 1519
f 967 1457 936
f 936 1457 1454
f 971 1462 902
f 902 1462 963
f 1461 1463 988
f 988 1463 987
f 1466 1468 1474
f 1474 1468 1470
f 1089 1529 1090
f 1090 1529 1531
f 1184 1181 1469
f 1469 1181 1180
f 1082 1527 1061
f 1061 1527 1525
f 1129 1473 1135
f 1135 1473 1475
f 1108 1530 1105
f 1105 1530 1532
f 1452 1499 3132
f 3132 1499 3136
f 3109 3116 3139
f 3139 3116 3138
f 2912 2911 887
f 887 2911 2929
f 2836 2835 1497
f 1497 2835 1494
f 2913 3102 2910
f 2910 3102 3115
f 1133 3187 1134
f 1134 3187 3185
f 3177 3176 3197
f 3197 3176 3198
f 3203 3183 3206
f 3206 3183 3207
f 3196 3202 3197
f 3197 3202 3211
f 3183 3182 3207
f 3207 3182 3185
f 1125 3180 1533
f 1533 3180 3198
f 3331 3203 3330
f 3330 3203 3206
f 3376 3379 3385
f 3385 3379 3386
f 3382 3376 3392
f 3392 3376 3385
f 3412 3415 3413
f 3413 3415 3414
f 3417 3396 3415
f 3415 3396 3395
f 3383 3386 3426
f 3426 3386 3425
f 3413 3414 3432
f 3432 3414 3430
f 3437 3396 3435
f 3435 3396 3417
f 3329 3382 3330
f 3330 3382 3392
f 3426 3425 3460
f 3460 3425 3458
f 3432 3430 3457
f 3457 3430 3463
f 3457 3463 3456
f 3456 3463 3465
f 3460 3458 3467
f 3467 3458 3466
f 3466 3455 3465
f 3465 3455 3456
f 3202 3437 3211
f 3211 3437 3435
f 3104 3106 3138
f 3138 3106 3139
f 3132 3136 1227
f 1227 3136 1476
f 943 687 600
f 600 687 601
f 596 625 667
f 667 625 1297
f 687 686 601
f 601 686 653
f 1319 784 711
f 711 784 712
f 1811 607 783
f 783 607 712
f 862 921 917
f 917 921 920
f 3478 925 3479
f 3479 925 924
f 2846 926 3478
f 3478 926 925
f 659 662 929
f 929 662 930
f 856 921 857
f 857 921 1204
f 1206 864 1207
f 1207 864 863
f 2876 1219 2877
f 2877 1219 1218
f 667 1297 593
f 593 1297 1296
f 917 920 1333
f 1333 920 1346
f 686 693 653
f 653 693 930
f 1277 913 1498
f 1498 913 1207
f 592 1536 610
f 610 1536 711
f 864 1206 1805
f 1805 1206 1804
f 1317 1536 1900
f 1900 1536 1809
f 1900 1809 1295
f 1295 1809 1296
f 3479 924 3477
f 3477 924 2824
f 927 926 1203
f 1203 926 2847
f 3484 2859 3032
f 3032 2859 3033
f 3472 2878 1217
f 1217 2878 1218
f 2889 2888 2880
f 2880 2888 2881
f 2886 2883 2887
f 2887 2883 2882
f 929 928 2847
f 2847 928 1203
f 857 1204 2921
f 2921 1204 2926
f 1820 1819 2882
f 2882 1819 2881
f 1821 2883 2876
f 2876 2883 1219
f 782 2889 783
f 783 2889 2880
f 1352 3034 1353
f 1353 3034 3033
f 3031 3034 3041
f 3041 3034 3043
f 944 943 3043
f 3043 943 600
f 1339 3145 1498
f 1498 3145 3143
f 1208 882 3148
f 3148 882 3143
f 2921 2926 3151
f 3151 2926 3156
f 3477 2824 1345
f 1345 2824 1346
f 1805 1804 3154
f 3154 1804 3156
f 886 3103 883
f 883 3103 3482
f 841 1248 3485
f 3485 1248 3121
f 2811 2819 2812
f 2812 2819 2816
f 2818 2815 2817
f 2817 2815 2806
f 2817 2816 2818
f 2818 2816 2819
f 2793 2795 2819
f 2819 2795 2818
f 243 352 2793
f 2793 352 2795
f 242 353 243
f 243 353 352
f 359 191 242
f 242 191 353
f 247 192 359
f 359 192 191
f 157 193 247
f 247 193 192
f 156 194 157
f 157 194 193
f 378 261 156
f 156 261 194
f 378 381 261
f 261 381 195
f 195 381 196
f 196 381 376
f 196 376 198
f 198 376 375
f 375 1776 198
f 198 1776 197
f 1776 1767 197
f 197 1767 274
f 181 274 199
f 199 274 1767
f 568 566 564
f 564 566 563
f 568 569 566
f 566 569 567
f 501 1773 1771
f 1771 1773 578
f 547 579 1773
f 1773 579 578
f 3486 470 474
f 474 470 469
f 450 582 3487
f 3487 582 3488
f 582 583 3488
f 3488 583 3489
f 583 584 3489
f 3489 584 3490
f 3490 584 3491
f 3491 584 543
f 470 3486 466
f 466 3486 467
f 3489 3490 503
f 503 3490 504
f 503 3492 3489
f 3489 3492 3488
f 3492 503 3493
f 3493 503 502
f 3495 3492 3494
f 3494 3492 3493
f 3487 3488 3495
f 3495 3488 3492
f 468 1774 465
f 465 1774 570
f 3494 3493 1775
f 1775 3493 1771
f 3490 3491 504
f 504 3491 1772
f 3491 543 1772
f 1772 543 548
f 450 3487 474
f 474 3487 3486
f 3495 467 3487
f 3487 467 3486
f 3494 468 3495
f 3495 468 467
f 468 3494 1774
f 1774 3494 1775
f 501 1771 502
f 502 1771 3493
f 527 366 384
f 384 366 365
f 522 524 527
f 527 524 366
f 521 534 522
f 522 534 524
f 530 535 521
f 521 535 534
f 508 486 513
f 513 486 532
f 513 532 541
f 541 532 535
f 667 668 596
f 596 668 597
f 1294 1297 624
f 624 1297 625
f 603 641 604
f 604 641 640
f 1290 1293 650
f 650 1293 651
f 1758 691 660
f 660 691 661
f 602 671 599
f 599 671 670
f 654 662 690
f 690 662 661
f 2856 598 695
f 695 598 597
f 602 654 671
f 671 654 690
f 604 640 676
f 676 640 704
f 1826 1829 708
f 708 1829 709
f 1288 1284 740
f 740 1284 741
f 755 754 758
f 758 754 759
f 2853 2856 932
f 932 2856 695
f 689 691 1192
f 1192 691 1193
f 784 1319 1240
f 1240 1319 1241
f 1813 1816 1244
f 1244 1816 1245
f 754 1288 759
f 759 1288 740
f 1894 1242 1318
f 1318 1242 1241
f 2867 1348 1418
f 1418 1348 1347
f 676 704 673
f 673 704 1347
f 1284 1287 741
f 741 1287 1419
f 1421 1426 1422
f 1422 1426 1425
f 1758 660 615
f 615 660 616
f 1192 1191 1421
f 1421 1191 1426
f 2962 1839 1504
f 1504 1839 1505
f 941 1194 1759
f 1759 1194 1193
f 1287 1537 1419
f 1419 1537 1760
f 1882 2893 1823
f 1823 2893 1824
f 1886 1891 1827
f 1827 1891 1828
f 1887 1886 1834
f 1834 1886 1827
f 1841 716 1838
f 1838 716 1505
f 782 784 1850
f 1850 784 1240
f 1239 1242 1863
f 1863 1242 1864
f 1242 1894 1864
f 1864 1894 1873
f 1822 1239 1823
f 1823 1239 1863
f 1318 1317 1895
f 1895 1317 1900
f 1894 1896 1873
f 1873 1896 1897
f 1291 1896 1292
f 1292 1896 1895
f 605 1898 606
f 606 1898 1897
f 1258 1257 2854
f 2854 1257 2855
f 1257 1351 2855
f 2855 1351 2857
f 1351 1353 2857
f 2857 1353 2858
f 1353 3033 2858
f 2858 3033 2859
f 2860 2861 3036
f 3036 2861 3037
f 2862 2863 2870
f 2870 2863 3039
f 2870 2869 2862
f 2862 2869 2864
f 2868 2865 2869
f 2869 2865 2864
f 1764 2866 2868
f 2868 2866 2865
f 1537 1199 1760
f 1760 1199 1348
f 615 2884 1758
f 1758 2884 1759
f 1825 1246 2890
f 2890 1246 1245
f 2893 2892 1824
f 1824 2892 2891
f 761 2960 758
f 758 2960 2906
f 3000 2943 2940
f 2940 2943 2941
f 2968 710 2950
f 2950 710 709
f 1764 1423 2866
f 2866 1423 2953
f 1423 645 2953
f 2953 645 2954
f 645 644 2954
f 2954 644 2955
f 644 738 2955
f 2955 738 2956
f 738 764 2956
f 2956 764 2957
f 764 763 2957
f 2957 763 2958
f 763 2908 2958
f 2958 2908 2959
f 2908 1436 2959
f 2959 1436 2961
f 1837 2964 1435
f 1435 2964 2963
f 1837 2937 2964
f 2964 2937 2965
f 2936 2968 2966
f 2966 2968 2950
f 1840 2942 1838
f 1838 2942 2941
f 2939 2949 2940
f 2940 2949 3006
f 2939 2942 2966
f 2966 2942 2965
f 1822 1825 1850
f 1850 1825 2890
f 1891 3005 1828
f 1828 3005 3006
f 3035 3038 3045
f 3045 3038 3042
f 3045 3044 3035
f 3035 3044 3040
f 669 1422 3045
f 3045 1422 3044
f 599 670 3041
f 3041 670 3042
f 931 3067 932
f 932 3067 3065
f 2853 3066 2854
f 2854 3066 3076
f 3067 3496 3065
f 3065 3496 3497
f 3066 3498 3076
f 3076 3498 3499
f 707 1813 708
f 708 1813 1244
f 2960 2962 2906
f 2906 2962 1504
f 2892 1887 2891
f 2891 1887 1834
f 1839 2962 2963
f 2963 2962 2961
f 595 626 596
f 596 626 625
f 623 626 3484
f 3484 626 2859
f 1291 1290 606
f 606 1290 603
f 1290 650 603
f 603 650 641
f 641 650 642
f 642 650 649
f 2860 2863 649
f 649 2863 642
f 3036 3039 2860
f 2860 3039 2863
f 3035 3040 3036
f 3036 3040 3039
f 1294 1293 1295
f 1295 1293 1292
f 624 651 1294
f 1294 651 1293
f 623 652 624
f 624 652 651
f 3484 2861 623
f 623 2861 652
f 3032 3037 3484
f 3484 3037 2861
f 3031 3038 3032
f 3032 3038 3037
f 3481 2848 2884
f 2884 2848 942
f 2846 617 1427
f 1427 617 616
f 3049 3167 3048
f 3048 3167 3500
f 1906 3048 3070
f 3070 3048 3500
f 1337 1768 3501
f 3501 1768 3502
f 3020 3503 3021
f 3021 3503 3024
f 2914 3023 3020
f 3020 3023 3503
f 859 1770 860
f 860 1770 3504
f 1336 3505 1768
f 1768 3505 3502
f 3065 3497 3066
f 3066 3497 3498
f 2814 3075 3067
f 3067 3075 3496
f 2839 3174 766
f 766 3174 3017
f 1337 3501 1338
f 1338 3501 1769
f 767 3018 3026
f 3026 3018 3506
f 3076 3499 3064
f 3064 3499 3507
f 727 730 3483
f 3483 730 3030
f 3064 3507 2871
f 2871 3507 3077
f 3100 3160 1786
f 1786 3160 1784
f 3026 3506 752
f 752 3506 3015
f 860 3504 2923
f 2923 3504 3508
f 753 3016 3027
f 3027 3016 3509
f 3027 3509 3008
f 3008 3509 3028
f 1782 1785 1783
f 1783 1785 3022
f 2923 3508 3153
f 3153 3508 3161
f 3148 3149 1208
f 1208 3149 3150
f 1335 1328 3510
f 3510 1328 1327
f 1336 1335 3505
f 3505 1335 3510
f 866 3511 1340
f 1340 3511 3146
f 865 1808 866
f 866 1808 3511
f 842 841 3159
f 3159 841 3485
f 2849 3512 1329
f 1329 3512 1326
f 1202 1331 2849
f 2849 1331 3512
f 3514 3515 3513
f 3513 3515 3516
f 3518 3516 3517
f 3517 3516 3515
f 3519 3520 3514
f 3514 3520 3515
f 3522 3523 3521
f 3521 3523 3524
f 3526 3527 3525
f 3525 3527 3528
f 3530 3531 3529
f 3529 3531 3532
f 3534 3535 3533
f 3533 3535 3536
f 3529 3532 3537
f 3537 3532 3538
f 3537 3539 3529
f 3529 3539 3540
f 3542 3543 3541
f 3541 3543 3544
f 3546 3547 3545
f 3545 3547 3548
f 3550 3534 3549
f 3549 3534 3533
f 3550 3543 3551
f 3551 3543 3552
f 3537 3545 3539
f 3539 3545 3548
f 3553 3554 3556
f 3556 3554 3555
f 3537 3557 3545
f 3545 3557 3546
f 3558 3559 3561
f 3561 3559 3560
f 3563 3564 3562
f 3562 3564 3565
f 3564 3563 3566
f 3566 3563 3567
f 3569 3570 3568
f 3568 3570 3571
f 3573 3574 3572
f 3572 3574 3575
f 3577 3578 3576
f 3576 3578 3579
f 3581 3582 3580
f 3580 3582 3583
f 3585 3586 3584
f 3584 3586 3579
f 3586 3587 3579
f 3579 3587 3576
f 3589 3590 3588
f 3588 3590 3591
f 3592 3593 3595
f 3595 3593 3594
f 3597 3598 3596
f 3596 3598 3595
f 3583 3600 3599
f 3599 3600 3601
f 3603 3599 3602
f 3602 3599 3601
f 3605 3606 3604
f 3604 3606 3607
f 3608 3555 3596
f 3596 3555 3554
f 3597 3610 3609
f 3609 3610 3565
f 3564 3611 3565
f 3565 3611 3609
f 3611 3564 3612
f 3612 3564 3566
f 3613 3614 3569
f 3569 3614 3570
f 3615 3616 3573
f 3573 3616 3574
f 3517 3617 3518
f 3518 3617 3618
f 3620 3621 3619
f 3619 3621 3622
f 3624 3625 3623
f 3623 3625 3626
f 3628 3629 3627
f 3627 3629 3630
f 3632 3633 3631
f 3631 3633 3634
f 3636 3637 3635
f 3635 3637 3638
f 3640 3641 3639
f 3639 3641 3642
f 3643 3644 3639
f 3639 3644 3640
f 3646 3513 3645
f 3645 3513 3647
f 3648 3514 3646
f 3646 3514 3513
f 3649 3519 3648
f 3648 3519 3514
f 3650 3651 3527
f 3527 3651 3652
f 3654 3651 3653
f 3653 3651 3650
f 3568 3571 3655
f 3655 3571 3656
f 3657 3658 3653
f 3653 3658 3659
f 3661 3662 3660
f 3660 3662 3658
f 3664 3665 3663
f 3663 3665 3666
f 3667 3657 3650
f 3650 3657 3653
f 3669 3523 3668
f 3668 3523 3670
f 3672 3673 3671
f 3671 3673 3674
f 3676 3677 3675
f 3675 3677 3678
f 3671 3674 3676
f 3676 3674 3677
f 3680 3681 3679
f 3679 3681 3682
f 3683 3684 3680
f 3680 3684 3681
f 3685 3686 3661
f 3661 3686 3662
f 3686 3687 3662
f 3662 3687 3688
f 3684 3683 3689
f 3689 3683 3690
f 3692 3693 3691
f 3691 3693 3694
f 3691 3694 3695
f 3695 3694 3696
f 3698 3699 3697
f 3697 3699 3700
f 3702 3703 3701
f 3701 3703 3704
f 3705 3706 3519
f 3519 3706 3520
f 3673 3672 3707
f 3707 3672 3708
f 3709 3710 3682
f 3682 3710 3679
f 3711 3712 3692
f 3692 3712 3693
f 3714 3715 3713
f 3713 3715 3716
f 3718 3700 3717
f 3717 3700 3699
f 3720 3721 3719
f 3719 3721 3722
f 3724 3725 3723
f 3723 3725 3726
f 3727 3728 3730
f 3730 3728 3729
f 3722 3721 3731
f 3731 3721 3732
f 3697 3700 3733
f 3733 3700 3714
f 3733 3714 3734
f 3734 3714 3713
f 3721 3723 3732
f 3732 3723 3735
f 3720 3736 3724
f 3724 3736 3737
f 3700 3718 3714
f 3714 3718 3715
f 3717 3699 3738
f 3738 3699 3739
f 3536 3740 3533
f 3533 3740 3540
f 3742 3743 3741
f 3741 3743 3744
f 3746 3747 3745
f 3745 3747 3748
f 3750 3751 3749
f 3749 3751 3752
f 3627 3632 3628
f 3628 3632 3631
f 3754 3755 3753
f 3753 3755 3626
f 3562 3565 3756
f 3756 3565 3610
f 3527 3652 3528
f 3528 3652 3757
f 3758 3524 3669
f 3669 3524 3523
f 3582 3598 3583
f 3583 3598 3600
f 3759 3670 3522
f 3522 3670 3523
f 3675 3678 3760
f 3760 3678 3761
f 3762 3763 3690
f 3690 3763 3689
f 3765 3766 3764
f 3764 3766 3767
f 3768 3739 3698
f 3698 3739 3699
f 3726 3725 3770
f 3770 3725 3769
f 3645 3647 3771
f 3771 3647 3772
f 3645 3678 3646
f 3646 3678 3677
f 3646 3677 3648
f 3648 3677 3674
f 3673 3649 3674
f 3674 3649 3648
f 3707 3773 3673
f 3673 3773 3649
f 3775 3776 3774
f 3774 3776 3777
f 3779 3526 3778
f 3778 3526 3525
f 3526 3779 3667
f 3667 3779 3780
f 3780 3781 3667
f 3667 3781 3657
f 3672 3679 3708
f 3708 3679 3710
f 3671 3680 3672
f 3672 3680 3679
f 3676 3683 3671
f 3671 3683 3680
f 3675 3690 3676
f 3676 3690 3683
f 3760 3762 3675
f 3675 3762 3690
f 3682 3681 3783
f 3783 3681 3782
f 3689 3784 3684
f 3684 3784 3785
f 3684 3785 3681
f 3681 3785 3782
f 3786 3709 3783
f 3783 3709 3682
f 3784 3689 3787
f 3787 3689 3763
f 3789 3557 3788
f 3788 3557 3790
f 3792 3793 3791
f 3791 3793 3794
f 3616 3615 3795
f 3795 3615 3796
f 3797 3798 3727
f 3727 3798 3728
f 3800 3801 3799
f 3799 3801 3802
f 3803 3578 3592
f 3592 3578 3593
f 3805 3806 3804
f 3804 3806 3807
f 3599 3603 3585
f 3585 3603 3586
f 3587 3586 3604
f 3604 3586 3603
f 3588 3591 3794
f 3794 3591 3791
f 3581 3803 3582
f 3582 3803 3592
f 3594 3561 3608
f 3608 3561 3790
f 3662 3688 3808
f 3808 3688 3809
f 3665 3664 3810
f 3810 3664 3811
f 3719 3812 3720
f 3720 3812 3736
f 3717 3813 3718
f 3718 3813 3737
f 3723 3721 3724
f 3724 3721 3720
f 3813 3717 3814
f 3814 3717 3738
f 3815 3816 303
f 303 3816 304
f 3818 3819 3817
f 3817 3819 3820
f 3578 3803 3579
f 3579 3803 3584
f 3558 3593 3577
f 3577 3593 3578
f 3822 3823 3821
f 3821 3823 3824
f 3546 3826 3825
f 3825 3826 3827
f 3828 3829 3547
f 3547 3829 3541
f 3831 3542 3830
f 3830 3542 3832
f 3834 3822 3833
f 3833 3822 3821
f 3835 3836 3827
f 3827 3836 3825
f 3800 3799 3828
f 3828 3799 3829
f 3830 3832 3837
f 3837 3832 3838
f 331 330 3551
f 3551 330 3839
f 3831 333 3552
f 3552 333 332
f 3819 3797 3841
f 3841 3797 3840
f 3513 3516 3647
f 3647 3516 3746
f 337 336 3745
f 3745 336 3772
f 3525 3528 3775
f 3775 3528 3749
f 3610 3597 3554
f 3554 3597 3596
f 3706 3702 3520
f 3520 3702 3701
f 3756 3610 3553
f 3553 3610 3554
f 3757 3750 3528
f 3528 3750 3749
f 3517 3515 3701
f 3701 3515 3520
f 3842 3584 3581
f 3581 3584 3803
f 3525 3775 3778
f 3778 3775 3774
f 3638 3843 3635
f 3635 3843 3618
f 3617 3621 3618
f 3618 3621 3635
f 3617 3517 3704
f 3704 3517 3701
f 3521 3624 3522
f 3522 3624 3623
f 3749 3844 3775
f 3775 3844 3776
f 3846 3847 3845
f 3845 3847 3848
f 3843 3747 3618
f 3618 3747 3518
f 3850 3851 3849
f 3849 3851 3748
f 3853 3854 3852
f 3852 3854 3855
f 3856 3857 3622
f 3622 3857 3619
f 3859 3860 3858
f 3858 3860 3861
f 3862 3844 3752
f 3752 3844 3749
f 3863 3759 3623
f 3623 3759 3522
f 3864 3777 3630
f 3630 3777 3776
f 3713 3865 3734
f 3734 3865 3866
f 3868 3869 3867
f 3867 3869 3870
f 3872 3873 3871
f 3871 3873 3874
f 3876 3877 3875
f 3875 3877 3878
f 3879 3880 3878
f 3878 3880 3881
f 3882 3883 3885
f 3885 3883 3884
f 3780 3886 3781
f 3781 3886 3887
f 3888 3685 3869
f 3869 3685 3661
f 3880 3879 3883
f 3883 3879 3884
f 3693 3783 3694
f 3694 3783 3782
f 3696 3785 3764
f 3764 3785 3784
f 3694 3782 3696
f 3696 3782 3785
f 3693 3786 3783
f 3787 3765 3784
f 3784 3765 3764
f 386 385 3765
f 3765 385 3766
f 3695 3889 3691
f 3691 3889 3890
f 3691 3890 3692
f 3692 3890 3891
f 3892 3711 3891
f 3891 3711 3692
f 3767 3893 3695
f 3695 3893 3889
f 3766 3894 3767
f 3767 3894 3893
f 3882 3885 3895
f 3895 3885 3896
f 3898 3698 3897
f 3897 3698 3697
f 3897 3697 3899
f 3899 3697 3733
f 3899 3733 3900
f 3900 3733 3734
f 3901 3768 3898
f 3898 3768 3698
f 3901 3902 3768
f 3768 3902 3903
f 3904 3905 3907
f 3907 3905 3906
f 3869 3661 3870
f 3870 3661 3660
f 3908 3909 3896
f 3896 3909 3895
f 3909 3758 3895
f 3895 3758 3669
f 3751 3531 3752
f 3752 3531 3848
f 3858 3536 3854
f 3854 3536 3535
f 3652 3562 3757
f 3757 3562 3756
f 3651 3654 3563
f 3563 3654 3567
f 3655 3656 3808
f 3808 3656 3659
f 3530 3740 3845
f 3845 3740 3861
f 3751 3750 3556
f 3556 3750 3553
f 3817 3820 3796
f 3796 3820 3795
f 410 409 3910
f 3910 409 3855
f 3750 3757 3553
f 3553 3757 3756
f 3908 3886 3909
f 3909 3886 3780
f 409 411 3855
f 3855 411 3851
f 413 412 3760
f 3760 412 3762
f 415 414 3763
f 3763 414 3787
f 3790 3557 3538
f 3538 3557 3537
f 3555 3608 3538
f 3538 3608 3790
f 3574 3911 3575
f 3575 3911 3912
f 3535 3534 3910
f 3910 3534 3839
f 3831 3552 3542
f 3542 3552 3543
f 3534 3550 3839
f 3839 3550 3551
f 3543 3550 3544
f 3544 3550 3549
f 3913 3914 3916
f 3916 3914 3915
f 3806 3805 3589
f 3589 3805 3590
f 3849 3843 3917
f 3917 3843 3638
f 3853 3644 3859
f 3859 3644 3742
f 3747 3746 3518
f 3518 3746 3516
f 3695 3696 3767
f 3767 3696 3764
f 3903 3918 3768
f 3768 3918 3739
f 3738 3739 3816
f 3816 3739 3918
f 3919 3920 3769
f 3769 3920 3770
f 3921 3726 3922
f 3922 3726 3770
f 3678 3645 3761
f 3761 3645 3771
f 3924 3913 3923
f 3923 3913 3916
f 3802 3925 3838
f 3838 3925 3837
f 3577 3926 3558
f 3558 3926 3559
f 3815 3919 3814
f 3814 3919 3769
f 3927 3928 3822
f 3822 3928 3823
f 3829 3832 3541
f 3541 3832 3542
f 3834 3927 3822
f 3832 3829 3838
f 3838 3829 3799
f 3745 3772 3746
f 3746 3772 3647
f 3849 3748 3843
f 3843 3748 3747
f 3854 3853 3858
f 3858 3853 3859
f 3854 3535 3855
f 3855 3535 3910
f 3557 3789 3546
f 3546 3789 3826
f 3923 3823 3924
f 3924 3823 3928
f 3823 3923 3929
f 3929 3923 3930
f 3531 3751 3532
f 3532 3751 3556
f 3532 3556 3538
f 3538 3556 3555
f 3932 3634 3931
f 3931 3634 3633
f 3814 3769 3813
f 3813 3769 3725
f 3620 3636 3621
f 3621 3636 3635
f 3847 3862 3848
f 3848 3862 3752
f 3531 3530 3848
f 3848 3530 3845
f 3933 3934 3830
f 3830 3934 3831
f 3925 3933 3837
f 3837 3933 3830
f 3934 440 3831
f 3831 440 333
f 3925 3802 3833
f 3833 3802 3801
f 3776 3844 3630
f 3630 3844 3627
f 3808 3659 3662
f 3662 3659 3658
f 3667 3650 3526
f 3526 3650 3527
f 3935 3666 3936
f 3936 3666 3665
f 3718 3737 3715
f 3715 3737 3736
f 3663 3809 3664
f 3664 3809 3688
f 3807 3806 3938
f 3938 3806 3937
f 445 413 3761
f 3761 413 3760
f 3902 447 3903
f 3903 447 446
f 3897 3890 3898
f 3898 3890 3889
f 3899 3891 3897
f 3897 3891 3890
f 3898 3889 3901
f 3901 3889 3893
f 3893 3894 3901
f 3901 3894 3902
f 414 386 3787
f 3787 386 3765
f 3940 3941 3939
f 3939 3941 3942
f 3840 3797 3943
f 3943 3797 3727
f 3665 3810 3936
f 3936 3810 3944
f 3921 3735 3726
f 3726 3735 3723
f 3920 3945 3770
f 3770 3945 3922
f 3521 3524 3774
f 3774 3524 3778
f 3864 3946 3625
f 3625 3946 3947
f 3773 3705 3649
f 3649 3705 3519
f 3779 3778 3758
f 3758 3778 3524
f 3812 3716 3736
f 3736 3716 3715
f 3624 3521 3777
f 3777 3521 3774
f 3703 3856 3704
f 3704 3856 3622
f 3900 3892 3899
f 3899 3892 3891
f 3641 3917 3642
f 3642 3917 3948
f 3895 3669 3882
f 3882 3669 3668
f 3855 3851 3852
f 3852 3851 3850
f 3894 458 3902
f 3902 458 447
f 3781 3887 3660
f 3660 3887 3870
f 3570 3566 3571
f 3571 3566 3567
f 3950 3576 3949
f 3949 3576 3587
f 3605 3602 3614
f 3614 3602 3612
f 3614 3612 3570
f 3570 3612 3566
f 3571 3567 3656
f 3656 3567 3654
f 3660 3658 3781
f 3781 3658 3657
f 3604 3607 3587
f 3587 3607 3949
f 3653 3659 3654
f 3654 3659 3656
f 3529 3540 3530
f 3530 3540 3740
f 3687 3811 3688
f 3688 3811 3664
f 3813 3725 3737
f 3737 3725 3724
f 3919 3815 461
f 461 3815 303
f 3818 3798 3819
f 3819 3798 3797
f 3819 3841 3820
f 3820 3841 3951
f 3816 3815 3738
f 3738 3815 3814
f 3540 3539 3533
f 3533 3539 3549
f 3548 3547 3544
f 3544 3547 3541
f 3539 3548 3549
f 3549 3548 3544
f 3741 3931 3860
f 3860 3931 3846
f 3801 3800 3835
f 3835 3800 3836
f 3934 3933 3824
f 3824 3933 3821
f 3825 3828 3546
f 3546 3828 3547
f 3833 3821 3925
f 3925 3821 3933
f 3800 3828 3836
f 3836 3828 3825
f 3824 3952 3934
f 3934 3952 440
f 3860 3846 3861
f 3861 3846 3845
f 3629 3946 3630
f 3630 3946 3864
f 3740 3536 3861
f 3861 3536 3858
f 3833 3801 3834
f 3834 3801 3835
f 3583 3599 3580
f 3580 3599 3585
f 3651 3563 3652
f 3652 3563 3562
f 3758 3909 3779
f 3779 3909 3780
f 3621 3617 3622
f 3622 3617 3704
f 3625 3947 3626
f 3626 3947 3753
f 3633 3632 3847
f 3847 3632 3862
f 3852 3850 3640
f 3640 3850 3641
f 3644 3853 3640
f 3640 3853 3852
f 3859 3742 3860
f 3860 3742 3741
f 3632 3627 3862
f 3862 3627 3844
f 3755 3863 3626
f 3626 3863 3623
f 3917 3638 3948
f 3948 3638 3637
f 3644 3643 3742
f 3742 3643 3743
f 3931 3633 3846
f 3846 3633 3847
f 3625 3624 3864
f 3864 3624 3777
f 3917 3641 3849
f 3849 3641 3850
f 3744 3932 3741
f 3741 3932 3931
f 3903 446 3918
f 3918 446 464
f 3953 3954 3956
f 3956 3954 3955
f 3958 3959 3957
f 3957 3959 3960
f 3876 3958 3877
f 3877 3958 3957
f 3877 3957 3961
f 3961 3957 3962
f 3963 3964 3958
f 3958 3964 3959
f 3965 3966 3876
f 3876 3966 3958
f 3966 3963 3958
f 3966 3967 3963
f 3963 3967 3968
f 3878 3877 3879
f 3879 3877 3961
f 3967 3969 3968
f 3968 3969 3970
f 3969 3971 3970
f 3970 3971 3972
f 3974 3904 3973
f 3973 3904 3907
f 3971 3975 3972
f 3972 3975 3976
f 3976 3975 3978
f 3978 3975 3977
f 3979 3980 3977
f 3977 3980 3978
f 3981 3982 3979
f 3979 3982 3980
f 3983 3984 3981
f 3981 3984 3982
f 3972 3985 3970
f 3970 3985 3986
f 3871 3987 3969
f 3969 3987 3971
f 3872 3871 3967
f 3967 3871 3969
f 3965 3872 3966
f 3966 3872 3967
f 3970 3986 3968
f 3968 3986 3988
f 3879 3961 3884
f 3884 3961 3940
f 3884 3940 3885
f 3885 3940 3939
f 3989 3990 3992
f 3992 3990 3991
f 3942 3993 3995
f 3995 3993 3994
f 3994 3996 3995
f 3995 3996 3974
f 3997 3998 3994
f 3994 3998 3996
f 3999 3997 3993
f 3993 3997 3994
f 4001 3996 4000
f 4000 3996 3998
f 4000 3998 4002
f 4002 3998 4003
f 4004 4003 3997
f 3997 4003 3998
f 3997 3999 4004
f 4004 3999 4005
f 4006 3995 3973
f 3973 3995 3974
f 3939 3942 4006
f 4006 3942 3995
f 3906 3887 3907
f 3907 3887 3886
f 3887 3906 3870
f 3870 3906 3867
f 3908 3973 3886
f 3886 3973 3907
f 3865 4007 3866
f 3866 4007 4008
f 3984 3983 4009
f 4009 3983 4010
f 3961 3962 3940
f 3940 3962 3941
f 4012 3868 4011
f 4011 3868 3867
f 4013 3975 3987
f 3987 3975 3971
f 4014 3977 4013
f 4013 3977 3975
f 4015 4010 4007
f 4007 4010 3983
f 4007 3983 4008
f 4008 3983 3981
f 4008 3981 4016
f 4016 3981 3979
f 4017 3984 4018
f 4018 3984 4009
f 3977 4014 3979
f 3979 4014 4016
f 3982 3984 4019
f 4019 3984 4017
f 4021 4022 4020
f 4020 4022 4023
f 4022 4012 4023
f 4023 4012 4011
f 4023 3904 4020
f 4020 3904 3974
f 4024 4025 4018
f 4018 4025 4017
f 4026 4027 4024
f 4024 4027 4025
f 4028 4026 4029
f 4029 4026 4024
f 4018 4021 4024
f 4024 4021 4029
f 4030 4031 4026
f 4026 4031 4027
f 4032 4030 4028
f 4028 4030 4026
f 4029 4001 4028
f 4028 4001 4000
f 4028 4000 4032
f 4032 4000 4002
f 4034 4035 4033
f 4033 4035 4036
f 4037 4038 4019
f 4019 4038 4039
f 4041 4039 4040
f 4040 4039 4038
f 4040 4038 4042
f 4042 4038 4036
f 4042 4036 4043
f 4043 4036 4035
f 3985 4044 4046
f 4046 4044 4045
f 4047 4048 4045
f 4045 4048 4046
f 4047 4049 4048
f 4048 4049 4050
f 4042 4047 4040
f 4040 4047 4045
f 4043 4049 4042
f 4042 4049 4047
f 4040 4045 4041
f 4041 4045 4044
f 4052 3959 4051
f 4051 3959 3964
f 4053 4054 4051
f 4051 4054 4055
f 3956 3960 4052
f 4052 3960 3959
f 3953 3956 4056
f 4056 3956 4052
f 4058 3953 4057
f 4057 3953 4056
f 4060 4061 4059
f 4059 4061 4062
f 4063 4064 4054
f 4054 4064 4057
f 4054 4053 4063
f 4063 4053 4065
f 4066 4067 4069
f 4069 4067 4068
f 4048 4050 4063
f 4063 4050 4064
f 4063 4065 4048
f 4048 4065 4046
f 3985 4046 3986
f 3986 4046 4065
f 3986 4065 3988
f 3988 4065 4053
f 3988 4053 3964
f 3964 4053 4051
f 3976 3978 4044
f 4044 3978 4041
f 3980 3982 4039
f 4039 3982 4019
f 4039 4041 3980
f 3980 4041 3978
f 3973 3908 4006
f 4006 3908 3896
f 3885 3939 3896
f 3896 3939 4006
f 4031 4034 4027
f 4027 4034 4033
f 4027 4033 4025
f 4025 4033 4037
f 4019 4017 4037
f 4037 4017 4025
f 3993 3942 4070
f 4070 3942 3941
f 3999 3993 4071
f 4071 3993 4070
f 3999 4071 4005
f 4005 4071 4072
f 4073 4074 4076
f 4076 4074 4075
f 4078 4079 4077
f 4077 4079 4080
f 4082 4080 4081
f 4081 4080 4079
f 4084 4085 4083
f 4083 4085 4086
f 4087 4088 4090
f 4090 4088 4089
f 4092 4093 4091
f 4091 4093 4094
f 4096 4097 4095
f 4095 4097 4098
f 4100 4101 4099
f 4099 4101 4102
f 4103 4104 4106
f 4106 4104 4105
f 4108 4109 4107
f 4107 4109 4110
f 4112 4113 4111
f 4111 4113 4114
f 4116 4117 4115
f 4115 4117 4118
f 4120 4121 4119
f 4119 4121 4122
f 4123 4124 4126
f 4126 4124 4125
f 4127 4128 4130
f 4130 4128 4129
f 4132 4133 4131
f 4131 4133 4134
f 4136 4108 4135
f 4135 4108 4107
f 4138 4139 4137
f 4137 4139 4140
f 4141 4142 4088
f 4088 4142 4089
f 4144 4145 4143
f 4143 4145 4146
f 4148 4149 4147
f 4147 4149 4150
f 4152 4153 4151
f 4151 4153 4154
f 4156 4082 4155
f 4155 4082 4081
f 4157 4158 4160
f 4160 4158 4159
f 4161 4162 4164
f 4164 4162 4163
f 4166 4122 4165
f 4165 4122 4121
f 4168 4152 4167
f 4167 4152 4151
f 4169 4170 4172
f 4172 4170 4171
f 4174 4175 4173
f 4173 4175 4176
f 4178 4149 4177
f 4177 4149 4179
f 4173 4176 4180
f 4180 4176 4181
f 4156 4085 4182
f 4182 4085 4183
f 4182 4184 4156
f 4156 4184 4082
f 4185 4186 4184
f 4184 4186 4187
f 4186 4188 4187
f 4187 4188 4189
f 4190 4191 4073
f 4073 4191 4074
f 4177 4179 4158
f 4158 4179 4159
f 4193 4127 4192
f 4192 4127 4130
f 4144 4194 4151
f 4151 4194 4167
f 4196 4197 4195
f 4195 4197 4198
f 4095 4199 4096
f 4096 4199 4200
f 4201 4202 4204
f 4204 4202 4203
f 4205 4206 4208
f 4208 4206 4207
f 4121 4120 4209
f 4209 4120 4210
f 4212 4213 4211
f 4211 4213 4214
f 4216 4217 4215
f 4215 4217 4218
f 4220 4221 4219
f 4219 4221 4222
f 4224 4196 4223
f 4223 4196 4195
f 4225 4226 4134
f 4134 4226 4131
f 4228 4229 4227
f 4227 4229 4230
f 4232 4233 4231
f 4231 4233 4098
f 4235 4236 4234
f 4234 4236 4237
f 4239 4240 4238
f 4238 4240 4241
f 4242 4243 4245
f 4245 4243 4244
f 4246 4247 4249
f 4249 4247 4248
f 4251 4252 4250
f 4250 4252 4253
f 4255 4256 4254
f 4254 4256 4257
f 4259 4260 4258
f 4258 4260 4261
f 4263 4264 4262
f 4262 4264 4265
f 4267 4268 4266
f 4266 4268 4269
f 4271 4199 4270
f 4270 4199 4272
f 4273 4274 4276
f 4276 4274 4275
f 4115 4118 4277
f 4277 4118 4278
f 4280 4281 4279
f 4279 4281 4282
f 4211 4283 4212
f 4212 4283 4284
f 4286 4287 4285
f 4285 4287 4288
f 4165 4121 4289
f 4289 4121 4209
f 4291 4286 4290
f 4290 4286 4285
f 4293 4294 4292
f 4292 4294 4295
f 4297 4298 4296
f 4296 4298 4299
f 4301 4302 4300
f 4300 4302 4303
f 4299 4304 4296
f 4296 4304 4305
f 4306 4292 4307
f 4307 4292 4295
f 4307 4308 4306
f 4306 4308 4309
f 4310 4309 4075
f 4075 4309 4308
f 4299 4298 4312
f 4312 4298 4311
f 4302 4301 4293
f 4293 4301 4294
f 3735 3921 4313
f 4313 3921 4314
f 4315 4314 3922
f 3922 4314 3921
f 4316 3945 829
f 829 3945 830
f 4289 4317 4165
f 4165 4317 4318
f 4320 4321 4319
f 4319 4321 4322
f 4324 4325 4323
f 4323 4325 4326
f 4327 4328 4330
f 4330 4328 4329
f 4290 4331 4291
f 4291 4331 4332
f 4165 4318 4166
f 4166 4318 4333
f 4334 4335 4337
f 4337 4335 4336
f 4339 4340 4338
f 4338 4340 4341
f 4168 4343 4342
f 4342 4343 4344
f 4346 4347 4345
f 4345 4347 4348
f 4350 4351 4349
f 4349 4351 4352
f 4354 4355 4353
f 4353 4355 4356
f 4357 4358 4324
f 4324 4358 4325
f 4337 4359 4334
f 4334 4359 4360
f 4362 4363 4361
f 4361 4363 4364
f 4366 4367 4365
f 4365 4367 4368
f 4369 4370 4372
f 4372 4370 4371
f 4331 4290 4374
f 4374 4290 4373
f 4373 4376 4375
f 4375 4376 4377
f 4379 4380 4378
f 4378 4380 4381
f 4217 4382 4218
f 4218 4382 4383
f 4385 4386 4384
f 4384 4386 4387
f 4388 4389 4338
f 4338 4389 4390
f 4337 4336 4392
f 4392 4336 4391
f 4394 4362 4393
f 4393 4362 4361
f 4396 4397 4395
f 4395 4397 4398
f 4400 4401 4399
f 4399 4401 4402
f 4345 4403 4346
f 4346 4403 4404
f 4405 4406 4342
f 4342 4406 4407
f 4409 4410 4408
f 4408 4410 4411
f 4408 4412 4409
f 4409 4412 4413
f 4181 4415 4414
f 4414 4415 4416
f 4182 4183 4417
f 4417 4183 4418
f 4419 4353 4311
f 4311 4353 4312
f 4421 4422 4420
f 4420 4422 4423
f 4353 4356 4312
f 4312 4356 4424
f 4166 4333 4425
f 4425 4333 4426
f 4425 4143 4166
f 4166 4143 4122
f 4427 4107 4428
f 4428 4107 4110
f 4429 4430 4174
f 4174 4430 4175
f 4335 4431 4336
f 4336 4431 4390
f 4336 4390 4391
f 4391 4390 4389
f 4432 4433 4435
f 4435 4433 4434
f 4437 4438 4436
f 4436 4438 4439
f 4441 4442 4440
f 4440 4442 4443
f 4359 4444 4361
f 4361 4444 4393
f 4446 4447 4445
f 4445 4447 4448
f 4338 4341 4388
f 4388 4341 4449
f 4450 4451 4398
f 4398 4451 4395
f 4453 4454 4452
f 4452 4454 4455
f 4457 4458 4456
f 4456 4458 4459
f 4460 4461 4448
f 4448 4461 4445
f 4463 4464 4462
f 4462 4464 4465
f 4462 4465 4466
f 4466 4465 4467
f 4468 4469 4467
f 4467 4469 4466
f 4469 4468 4470
f 4470 4468 4471
f 4472 4473 4471
f 4471 4473 4470
f 4475 4476 4474
f 4474 4476 4477
f 4479 4480 4478
f 4478 4480 4481
f 4483 4484 4482
f 4482 4484 4485
f 4487 4488 4486
f 4486 4488 4489
f 4491 4492 4490
f 4490 4492 4493
f 4494 4495 4493
f 4493 4495 4490
f 4496 4497 4494
f 4494 4497 4495
f 4497 4496 4498
f 4498 4496 4499
f 4500 4501 4503
f 4503 4501 4502
f 4505 4506 4504
f 4504 4506 4507
f 4466 4508 4462
f 4462 4508 4509
f 4470 4510 4469
f 4469 4510 4511
f 4513 4479 4512
f 4512 4479 4478
f 4515 4443 4514
f 4514 4443 4442
f 4516 4517 4519
f 4519 4517 4518
f 4521 4495 4520
f 4520 4495 4497
f 4522 4490 4521
f 4521 4490 4495
f 4491 4523 4488
f 4488 4523 4524
f 4525 4489 4524
f 4524 4489 4488
f 4484 4526 4485
f 4485 4526 4527
f 4503 4528 4500
f 4500 4528 4529
f 4530 4531 4533
f 4533 4531 4532
f 4535 4506 4534
f 4534 4506 4530
f 4486 4536 4487
f 4487 4536 4537
f 4487 4537 4492
f 4492 4537 4538
f 4494 4539 4496
f 4496 4539 4540
f 4542 4533 4541
f 4541 4533 4499
f 4544 4545 4543
f 4543 4545 4546
f 4548 4549 4547
f 4547 4549 4550
f 4536 4551 4537
f 4537 4551 4552
f 4537 4552 4538
f 4538 4552 4553
f 4554 4539 4556
f 4556 4539 4555
f 4557 4540 4554
f 4554 4540 4539
f 4559 4557 4558
f 4558 4557 4560
f 4540 4557 4541
f 4541 4557 4559
f 4562 4563 4561
f 4561 4563 4564
f 4546 4565 4543
f 4543 4565 4566
f 4547 4567 4548
f 4548 4567 4568
f 4570 4571 4569
f 4569 4571 4572
f 4574 4575 4573
f 4573 4575 4576
f 4578 4579 4577
f 4577 4579 4580
f 4582 4583 4581
f 4581 4583 4584
f 4585 4586 4588
f 4588 4586 4587
f 4589 4585 4590
f 4590 4585 4588
f 4592 4593 4591
f 4591 4593 4594
f 4596 4597 4595
f 4595 4597 4598
f 4600 4601 4599
f 4599 4601 4602
f 4563 4604 4603
f 4603 4604 4605
f 4603 4606 4608
f 4608 4606 4607
f 4609 4610 4594
f 4594 4610 4591
f 4611 4612 4614
f 4614 4612 4613
f 4616 4617 4615
f 4615 4617 4618
f 4602 4620 4619
f 4619 4620 4621
f 4619 4622 4602
f 4602 4622 4599
f 4605 4599 4623
f 4623 4599 4622
f 4605 4623 4603
f 4603 4623 4606
f 4625 4626 4624
f 4624 4626 4627
f 4438 4437 4628
f 4628 4437 4629
f 4442 4441 4630
f 4630 4441 4631
f 4630 4632 4442
f 4442 4632 4514
f 4633 4634 4529
f 4529 4634 4500
f 4500 4634 4501
f 4501 4634 4635
f 4637 4546 4636
f 4636 4546 4545
f 4639 4565 4638
f 4638 4565 4640
f 4573 4576 4641
f 4641 4576 4642
f 4593 4643 4594
f 4594 4643 4644
f 4645 4609 4644
f 4644 4609 4594
f 4647 4648 4646
f 4646 4648 4649
f 4651 4652 4650
f 4650 4652 4653
f 4654 4498 4519
f 4519 4498 4532
f 4520 4508 4521
f 4521 4508 4511
f 4522 4510 4523
f 4523 4510 4655
f 4524 4656 4525
f 4525 4656 4657
f 4514 4529 4515
f 4515 4529 4528
f 4658 4659 4661
f 4661 4659 4660
f 4496 4540 4499
f 4499 4540 4541
f 4493 4555 4494
f 4494 4555 4539
f 4549 4483 4550
f 4550 4483 4482
f 4545 4544 4501
f 4501 4544 4502
f 4636 4545 4635
f 4635 4545 4501
f 4589 4663 4662
f 4662 4663 4664
f 4662 4665 4558
f 4558 4665 4559
f 4569 4586 4570
f 4570 4586 4560
f 4552 4666 4553
f 4553 4666 4667
f 4668 4669 4670
f 4670 4669 4666
f 4672 4673 4671
f 4671 4673 4674
f 4287 4675 4288
f 4288 4675 4676
f 4678 4679 4677
f 4677 4679 4680
f 4681 4678 4682
f 4682 4678 4677
f 4682 4683 4681
f 4681 4683 4684
f 4161 4164 4685
f 4685 4164 4686
f 4414 4687 4689
f 4689 4687 4688
f 4405 4690 4346
f 4346 4690 4347
f 4691 4399 4693
f 4693 4399 4692
f 1209 4694 4365
f 4365 4694 4366
f 4650 1211 4651
f 4651 1211 1210
f 4695 4696 4255
f 4255 4696 4256
f 4697 4698 4218
f 4218 4698 4215
f 4700 4701 4699
f 4699 4701 4702
f 4703 4704 4303
f 4303 4704 4300
f 4315 3922 4316
f 4316 3922 3945
f 4653 4706 4705
f 4705 4706 4707
f 4709 4710 4708
f 4708 4710 4711
f 4335 4334 4713
f 4713 4334 4712
f 4714 4340 4321
f 4321 4340 4322
f 4716 4717 4715
f 4715 4717 4718
f 4238 4241 4719
f 4719 4241 4720
f 4231 4721 4307
f 4307 4721 4308
f 4723 4724 4722
f 4722 4724 4725
f 4727 4728 4726
f 4726 4728 4729
f 4730 4731 4327
f 4327 4731 4328
f 4733 4734 4732
f 4732 4734 4735
f 4720 4381 4736
f 4736 4381 4737
f 4738 4739 4741
f 4741 4739 4740
f 4743 4744 4742
f 4742 4744 4745
f 4338 4390 4339
f 4339 4390 4431
f 4746 4747 4431
f 4431 4747 4339
f 4291 4332 4289
f 4289 4332 4317
f 4289 4209 4291
f 4291 4209 4286
f 4287 4286 4210
f 4210 4286 4209
f 4749 4750 4748
f 4748 4750 4751
f 4212 4284 4752
f 4752 4284 4753
f 4752 4754 4212
f 4212 4754 4213
f 4252 4251 4225
f 4225 4251 4226
f 4227 4230 4248
f 4248 4230 4249
f 4205 4755 4757
f 4757 4755 4756
f 4708 4711 4758
f 4758 4711 4647
f 4367 4366 4759
f 4759 4366 4760
f 4526 4513 4527
f 4527 4513 4512
f 4420 4423 4385
f 4385 4423 4386
f 4705 4761 4653
f 4653 4761 4650
f 4761 1279 4650
f 4650 1279 1211
f 4762 4763 3944
f 3944 4763 3936
f 4274 4273 4765
f 4765 4273 4764
f 4767 4768 4766
f 4766 4768 4769
f 4770 4771 4769
f 4769 4771 4766
f 4771 4770 4242
f 4242 4770 4243
f 4093 4163 4094
f 4094 4163 4162
f 4772 4773 4775
f 4775 4773 4774
f 4777 4778 4776
f 4776 4778 4779
f 4417 4185 4182
f 4182 4185 4184
f 4780 4078 4781
f 4781 4078 4077
f 4781 4077 4782
f 4782 4077 4189
f 4188 4783 4189
f 4189 4783 4782
f 4295 4232 4307
f 4307 4232 4231
f 4785 4786 4784
f 4784 4786 4787
f 4784 1307 4785
f 4785 1307 1306
f 4078 4780 4096
f 4096 4780 4097
f 4075 4074 4310
f 4310 4074 4788
f 4788 4074 4789
f 4789 4074 4191
f 4789 4191 4059
f 4059 4191 4790
f 4791 4277 4792
f 4792 4277 4278
f 3732 3735 4793
f 4793 3735 4313
f 4793 4794 3732
f 3732 4794 3731
f 4792 4795 4791
f 4791 4795 4796
f 4797 4798 4799
f 4799 4798 4724
f 4763 4800 3936
f 3936 4800 3935
f 4801 4062 3729
f 3729 4062 3730
f 4713 4712 4802
f 4802 4712 4803
f 4146 4804 4119
f 4119 4804 4805
f 4498 4654 4497
f 4497 4654 4520
f 4806 4807 1326
f 1326 4807 1327
f 4689 4688 1330
f 1330 4688 1331
f 4801 4789 4062
f 4062 4789 4059
f 3730 4062 4808
f 4808 4062 4061
f 4810 4811 4809
f 4809 4811 4812
f 4813 4403 4814
f 4814 4403 4345
f 4815 4816 4349
f 4349 4816 4350
f 4817 4818 4820
f 4820 4818 4819
f 4406 4821 4407
f 4407 4821 4822
f 4823 4161 4824
f 4824 4161 4685
f 4181 4414 4825
f 4825 4414 4689
f 4741 4740 4826
f 4826 4740 4827
f 4828 4829 4827
f 4827 4829 4826
f 4142 4141 4415
f 4415 4141 4148
f 4830 1354 4761
f 4761 1354 1279
f 4832 4833 4831
f 4831 4833 4834
f 4835 4836 4626
f 4626 4836 4421
f 4451 4709 4395
f 4395 4709 4708
f 4627 4420 4837
f 4837 4420 4385
f 4837 1365 4838
f 4838 1365 1364
f 4397 4396 4839
f 4839 4396 4840
f 4842 4628 4841
f 4841 4628 4629
f 4671 4674 4631
f 4631 4674 4630
f 4674 4659 4630
f 4630 4659 4632
f 4633 4632 4658
f 4658 4632 4659
f 4658 4504 4633
f 4633 4504 4634
f 4635 4634 4507
f 4507 4634 4504
f 4843 4636 4507
f 4507 4636 4635
f 4844 4637 4843
f 4843 4637 4636
f 4637 4844 4640
f 4640 4844 4664
f 4638 4663 4642
f 4642 4663 4845
f 4847 4643 4846
f 4846 4643 4641
f 4644 4848 4645
f 4645 4848 4849
f 4851 4852 4850
f 4850 4852 4853
f 4855 4856 4854
f 4854 4856 4857
f 4859 4860 4858
f 4858 4860 4857
f 4715 4718 4859
f 4859 4718 4860
f 4862 4863 4861
f 4861 4863 4864
f 4866 4867 4865
f 4865 4867 4868
f 4870 4871 4869
f 4869 4871 4872
f 4869 4872 4116
f 4116 4872 4117
f 4820 4819 4874
f 4874 4819 4873
f 4876 4877 4875
f 4875 4877 4878
f 4880 4881 4879
f 4879 4881 4882
f 4884 4885 4883
f 4883 4885 4886
f 4887 4888 4280
f 4280 4888 4281
f 4818 4817 4889
f 4889 4817 4890
f 4891 4193 4823
f 4823 4193 4192
f 4892 4893 4228
f 4228 4893 4229
f 4158 4157 4894
f 4894 4157 4895
f 4896 4897 4132
f 4132 4897 4133
f 4099 4683 4100
f 4100 4683 4682
f 4101 4100 4899
f 4899 4100 4898
f 4150 4106 4147
f 4147 4106 4900
f 4100 4682 4898
f 4898 4682 4677
f 4080 4082 4187
f 4187 4082 4184
f 4077 4080 4189
f 4189 4080 4187
f 4191 4190 4790
f 4790 4190 4901
f 4177 4158 4680
f 4680 4158 4894
f 4108 4136 4752
f 4752 4136 4754
f 4752 4753 4108
f 4108 4753 4109
f 4817 4902 4890
f 4890 4902 4903
f 4904 4905 4907
f 4907 4905 4906
f 4909 4910 4908
f 4908 4910 4911
f 4913 4914 4912
f 4912 4914 4915
f 4916 4917 4919
f 4919 4917 4918
f 4312 4424 4299
f 4299 4424 4304
f 4920 4921 4297
f 4297 4921 4298
f 4194 4922 4167
f 4167 4922 4923
f 4924 4400 4691
f 4691 4400 4399
f 4395 4708 4396
f 4396 4708 4758
f 4367 4925 4368
f 4368 4925 4926
f 4919 4918 4873
f 4873 4918 4874
f 4836 4927 4421
f 4421 4927 4422
f 4921 4928 4298
f 4298 4928 4311
f 4143 4146 4122
f 4122 4146 4119
f 4929 4930 4455
f 4455 4930 4452
f 4932 4933 4931
f 4931 4933 4934
f 4935 4936 4932
f 4932 4936 4933
f 4461 4460 4457
f 4457 4460 4458
f 4480 4479 4475
f 4475 4479 4476
f 4660 4673 4517
f 4517 4673 4937
f 4661 4505 4658
f 4658 4505 4504
f 4484 4483 4489
f 4489 4483 4486
f 4462 4509 4463
f 4463 4509 4518
f 4469 4511 4466
f 4466 4511 4508
f 4655 4473 4656
f 4656 4473 4477
f 4476 4657 4477
f 4477 4657 4656
f 4479 4513 4476
f 4476 4513 4657
f 4489 4525 4484
f 4484 4525 4526
f 4483 4549 4486
f 4486 4549 4536
f 4549 4548 4536
f 4536 4548 4551
f 4548 4568 4551
f 4551 4568 4670
f 4663 4589 4845
f 4845 4589 4590
f 4668 4577 4938
f 4938 4577 4580
f 4940 4938 4939
f 4939 4938 4941
f 4940 4942 4669
f 4669 4942 4943
f 4587 4582 4944
f 4944 4582 4581
f 4848 4847 4608
f 4608 4847 4564
f 4616 4945 4613
f 4613 4945 4598
f 4615 4946 4616
f 4616 4946 4945
f 4947 4939 4948
f 4948 4939 4946
f 4599 4605 4600
f 4600 4605 4604
f 4608 4607 4848
f 4848 4607 4849
f 4613 4612 4616
f 4616 4612 4617
f 4835 4949 4709
f 4709 4949 4710
f 4357 1477 4837
f 4837 1477 1365
f 4712 4950 4803
f 4803 4950 4951
f 4401 4952 4402
f 4402 4952 4953
f 4759 4760 4402
f 4402 4760 4399
f 4508 4520 4509
f 4509 4520 4654
f 4510 4522 4511
f 4511 4522 4521
f 4513 4526 4657
f 4657 4526 4525
f 4632 4633 4514
f 4514 4633 4529
f 4931 4934 4453
f 4453 4934 4454
f 4153 4954 4154
f 4154 4954 4955
f 4957 4958 4956
f 4956 4958 4959
f 4961 4962 4960
f 4960 4962 4963
f 4120 4964 4210
f 4210 4964 4965
f 4967 4968 4966
f 4966 4968 4969
f 4349 4692 4815
f 4815 4692 4970
f 4652 4971 4653
f 4653 4971 4706
f 4758 4647 4972
f 4972 4647 4646
f 4973 4363 4646
f 4646 4363 4972
f 4950 4360 4974
f 4974 4360 4364
f 4431 4335 4746
f 4746 4335 4713
f 4358 4714 4325
f 4325 4714 4321
f 4765 4764 4266
f 4266 4764 4975
f 4202 4976 4203
f 4203 4976 4977
f 4917 4978 4918
f 4918 4978 4979
f 4279 4282 4854
f 4854 4282 4269
f 4820 4880 4817
f 4817 4880 4902
f 4890 4903 4980
f 4980 4903 4886
f 4982 4983 4981
f 4981 4983 4123
f 4795 4851 4796
f 4796 4851 4850
f 4918 4979 4874
f 4874 4979 4881
f 4809 4404 4810
f 4810 4404 4403
f 4354 4985 4984
f 4984 4985 4986
f 1364 1516 4838
f 4838 1516 4987
f 4759 4988 4367
f 4367 4988 4925
f 4989 4990 4481
f 4481 4990 4478
f 4443 4515 4990
f 4990 4515 4991
f 4527 4512 4992
f 4992 4512 4991
f 4528 4503 4992
f 4992 4503 4993
f 4993 4994 4485
f 4485 4994 4482
f 4544 4995 4502
f 4502 4995 4994
f 4995 4996 4550
f 4550 4996 4547
f 4998 4999 4997
f 4997 4999 4566
f 4998 5000 4578
f 4578 5000 4579
f 5001 5002 4596
f 4596 5002 4597
f 5003 4591 5004
f 5004 4591 4610
f 4626 4421 4627
f 4627 4421 4420
f 4837 4838 4627
f 4627 4838 4624
f 4761 4705 4830
f 4830 4705 5005
f 4705 4707 5005
f 5005 4707 5006
f 4308 4721 4075
f 4075 4721 4076
f 5007 4200 4797
f 4797 4200 4798
f 4685 4686 5008
f 5008 4686 5009
f 4889 4890 5010
f 5010 4890 4980
f 4323 1541 4324
f 4324 1541 1540
f 4385 4384 4358
f 4358 4384 4714
f 4396 4758 4840
f 4840 4758 4972
f 4866 4852 5011
f 5011 4852 5012
f 5013 4260 4980
f 4980 4260 5010
f 4875 4878 5014
f 5014 4878 5015
f 5017 5018 5016
f 5016 5018 5019
f 5016 5019 5020
f 5020 5019 5021
f 5023 5024 5022
f 5022 5024 5025
f 5027 5028 5026
f 5026 5028 5029
f 5031 5032 5030
f 5030 5032 5033
f 5035 5036 5034
f 5034 5036 5037
f 5039 5040 5038
f 5038 5040 5041
f 5043 5044 5042
f 5042 5044 5045
f 5038 5046 5039
f 5039 5046 5047
f 5049 5050 5048
f 5048 5050 5051
f 5053 5054 5052
f 5052 5054 5055
f 5057 5024 5056
f 5056 5024 5058
f 5060 5061 5059
f 5059 5061 5062
f 5064 5065 5063
f 5063 5065 5066
f 5043 5050 5064
f 5064 5050 5065
f 5038 5041 5067
f 5067 5041 5068
f 5070 5071 5069
f 5069 5071 5072
f 5074 5075 5073
f 5073 5075 5076
f 5034 5077 5035
f 5035 5077 5078
f 5080 5081 5079
f 5079 5081 5082
f 5084 5085 5083
f 5083 5085 5086
f 5085 5084 5087
f 5087 5084 5088
f 5090 5091 5089
f 5089 5091 5092
f 5094 5095 5093
f 5093 5095 5096
f 5098 5099 5097
f 5097 5099 5100
f 5102 5103 5101
f 5101 5103 5104
f 5105 5106 5108
f 5108 5106 5107
f 5110 5111 5109
f 5109 5111 5112
f 5114 5094 5113
f 5113 5094 5093
f 5116 5117 5115
f 5115 5117 5118
f 5120 5121 5119
f 5119 5121 5122
f 5124 5125 5123
f 5123 5125 5126
f 5128 5129 5127
f 5127 5129 5130
f 5097 5131 5098
f 5098 5131 5132
f 5134 5135 5133
f 5133 5135 5122
f 5084 5125 5088
f 5088 5125 5136
f 5138 5139 5137
f 5137 5139 5140
f 5142 5102 5141
f 5141 5102 5101
f 5106 5143 5107
f 5107 5143 5144
f 5146 5147 5145
f 5145 5147 5148
f 5149 5150 5109
f 5109 5150 5110
f 5151 5110 5152
f 5152 5110 5150
f 4715 5140 4716
f 4716 5140 5139
f 5143 4870 5144
f 5144 4870 4869
f 4115 5146 4116
f 4116 5146 5145
f 4791 4796 5149
f 5149 4796 5150
f 4796 4850 5150
f 5150 4850 5152
f 4858 5142 4859
f 4859 5142 5141
f 5153 5154 5115
f 5115 5154 5105
f 5156 5157 5155
f 5155 5157 5158
f 5159 5160 5053
f 5053 5160 5054
f 5161 5162 5020
f 5020 5162 5068
f 5026 5029 5163
f 5163 5029 5021
f 5083 5086 5164
f 5164 5086 5165
f 5090 5167 5166
f 5166 5167 5168
f 5169 5170 5172
f 5172 5170 5171
f 5174 5175 5173
f 5173 5175 5176
f 5177 5109 5178
f 5178 5109 5112
f 5179 5180 5182
f 5182 5180 5181
f 5123 5126 5120
f 5120 5126 5121
f 5180 5167 5181
f 5181 5167 5183
f 5184 5185 5179
f 5179 5185 5180
f 5186 5149 5177
f 5177 5149 5109
f 4868 5184 4865
f 4865 5184 5179
f 5188 5189 5187
f 5187 5189 5190
f 4277 4791 5186
f 5186 4791 5149
f 5179 5182 4865
f 4865 5182 4853
f 5189 4862 5190
f 5190 4862 4861
f 5156 5075 5191
f 5191 5075 5192
f 5036 5035 5193
f 5193 5035 5194
f 5115 5118 5153
f 5153 5118 5195
f 5022 5025 5196
f 5196 5025 5197
f 5155 5158 5069
f 5069 5158 5062
f 5063 5066 5198
f 5198 5066 5199
f 5073 5076 5200
f 5200 5076 5072
f 5202 5131 5201
f 5201 5131 5203
f 5143 5106 5204
f 5204 5106 5205
f 5114 5113 5206
f 5206 5113 5127
f 5098 5132 5193
f 5193 5132 5195
f 5204 5207 5143
f 5143 5207 4870
f 5088 5136 5208
f 5208 5136 5092
f 5209 5210 5089
f 5089 5210 5183
f 5211 5018 5060
f 5060 5018 5061
f 5017 5040 5070
f 5070 5040 5071
f 5191 5160 5156
f 5156 5160 5157
f 5048 5028 5049
f 5049 5028 5058
f 5207 5204 4858
f 4858 5204 5142
f 4859 5141 4715
f 4715 5141 5140
f 5212 5162 5042
f 5042 5162 5051
f 5182 5152 4853
f 4853 5152 4850
f 5214 5134 5213
f 5213 5134 5133
f 5164 5165 5133
f 5133 5165 5213
f 5215 5216 5201
f 5201 5216 5217
f 5147 5218 5148
f 5148 5218 5219
f 5147 5177 5218
f 5218 5177 5178
f 5141 5101 5140
f 5140 5101 5137
f 5201 5217 5202
f 5202 5217 5104
f 5146 5186 5147
f 5147 5186 5177
f 4277 5186 4115
f 4115 5186 5146
f 5191 5192 5031
f 5031 5192 5032
f 5052 5055 5220
f 5220 5055 5197
f 4116 5145 4869
f 4869 5145 5144
f 5034 5037 5214
f 5214 5037 5134
f 5097 5100 5114
f 5114 5100 5094
f 5108 5107 5219
f 5219 5107 5148
f 5221 5135 5116
f 5116 5135 5117
f 5124 5111 5209
f 5209 5111 5210
f 5107 5144 5148
f 5148 5144 5145
f 5152 5182 5151
f 5151 5182 5181
f 5208 5222 5088
f 5088 5222 5087
f 5222 5208 5171
f 5171 5208 5172
f 5223 1756 4698
f 4698 1756 1755
f 4427 5224 4107
f 4107 5224 4135
f 4178 4679 5225
f 5225 4679 5226
f 5227 5228 4892
f 4892 5228 4893
f 5229 5230 4171
f 4171 5230 4172
f 4855 4268 4884
f 4884 4268 4885
f 4884 4871 4855
f 4855 4871 4856
f 4684 5231 4896
f 4896 5231 4897
f 4768 4767 5009
f 5009 4767 5008
f 5205 5154 5102
f 5102 5154 5103
f 5099 5098 5194
f 5194 5098 5193
f 5198 5199 5079
f 5079 5199 5033
f 5102 5142 5205
f 5205 5142 5204
f 5224 4427 4681
f 4681 4427 4678
f 3712 3711 5232
f 5232 3711 5233
f 3968 3988 3963
f 3963 3988 3964
f 3976 4044 3972
f 3972 4044 3985
f 4038 4037 4036
f 4036 4037 4033
f 4794 4762 3731
f 3731 4762 3944
f 3731 3944 3722
f 3722 3944 3810
f 3874 5234 5232
f 5232 5234 3712
f 3906 3905 3867
f 3867 3905 4011
f 3904 4023 3905
f 3905 4023 4011
f 3719 3722 3811
f 3811 3722 3810
f 3812 3719 3687
f 3687 3719 3811
f 3716 3812 3686
f 3686 3812 3687
f 3713 3716 3685
f 3685 3716 3686
f 4810 4403 5235
f 5235 4403 4813
f 4345 1770 4814
f 4814 1770 1769
f 4067 4066 4058
f 4058 4066 5236
f 4043 4068 4049
f 4049 4068 4050
f 4034 5237 3989
f 3989 5237 3990
f 4031 4030 4072
f 4072 4030 4005
f 4003 4004 4002
f 4002 4004 4032
f 4004 4005 4032
f 4032 4005 4030
f 4067 4064 4068
f 4068 4064 4050
f 4058 4057 4067
f 4067 4057 4064
f 4035 4034 5238
f 5238 4034 3989
f 5236 5239 4058
f 4058 5239 5240
f 5234 3874 5241
f 5241 3874 3873
f 5241 3873 3881
f 3881 3873 3878
f 4800 4763 4788
f 4788 4763 4310
f 4763 4762 4310
f 4310 4762 4309
f 4762 4794 4309
f 4309 4794 4306
f 4794 4793 4306
f 4306 4793 4292
f 4293 4313 4302
f 4302 4313 4314
f 4302 4314 4303
f 4303 4314 4315
f 4303 4315 4703
f 4703 4315 4316
f 4035 4069 4043
f 4043 4069 4068
f 4324 1540 4357
f 4357 1540 1477
f 5232 3987 3874
f 3874 3987 3871
f 3987 5232 4013
f 4013 5232 5233
f 4013 5233 4014
f 4014 5233 5242
f 3888 4015 3865
f 3865 4015 4007
f 3866 4008 5243
f 5243 4008 4016
f 3873 5244 3878
f 3878 5244 3875
f 3965 5244 3872
f 3872 5244 3873
f 3876 3875 3965
f 3965 3875 5244
f 5243 4016 5242
f 5242 4016 4014
f 5246 5247 5245
f 5245 5247 5248
f 3576 3950 3577
f 3577 3950 3926
f 3584 3842 3585
f 3585 3842 3580
f 5249 5247 1784
f 1784 5247 1785
f 5250 5251 5253
f 5253 5251 5252
f 5255 5252 5254
f 5254 5252 5256
f 5254 5256 5258
f 5258 5256 5257
f 5258 5257 5260
f 5260 5257 5259
f 4356 5261 4424
f 4424 5261 5259
f 4355 5262 4356
f 4356 5262 5261
f 4924 5264 5263
f 5263 5264 5265
f 4693 5266 4691
f 4691 5266 5267
f 4351 5268 4352
f 4352 5268 5269
f 1808 1807 4351
f 4351 1807 5268
f 3580 3842 3581
f 3799 3802 3838
f 4800 4788 4801
f 4801 4788 4789
f 3729 3935 4801
f 4801 3935 4800
f 3728 3666 3729
f 3729 3666 3935
f 3728 3798 3666
f 3666 3798 3663
f 3798 3818 3663
f 3663 3818 3809
f 3818 3817 3809
f 3809 3817 3808
f 3796 3655 3817
f 3817 3655 3808
f 3615 3568 3796
f 3796 3568 3655
f 3573 3569 3615
f 3615 3569 3568
f 3572 3613 3573
f 3573 3613 3569
f 3792 3606 3572
f 3572 3606 3613
f 3607 3791 3949
f 3949 3791 3591
f 3590 3950 3591
f 3591 3950 3949
f 3805 3926 3590
f 3590 3926 3950
f 3804 3559 3805
f 3805 3559 3926
f 3804 3914 3559
f 3559 3914 3560
f 3924 3789 3913
f 3913 3789 3788
f 3924 3928 3789
f 3789 3928 3826
f 3928 3927 3826
f 3826 3927 3827
f 3927 3834 3827
f 3827 3834 3835
f 4079 4078 5270
f 5270 4078 5007
f 5271 5272 4233
f 4233 5272 5273
f 5275 5276 5274
f 5274 5276 5277
f 5278 5279 4236
f 4236 5279 4237
f 5278 5280 5271
f 5271 5280 5272
f 4235 5281 4236
f 4236 5281 5282
f 5284 5285 5283
f 5283 5285 5286
f 5288 5289 5287
f 5287 5289 5290
f 5292 5293 5291
f 5291 5293 5294
f 5287 5290 4726
f 4726 5290 5295
f 4293 4292 4313
f 4313 4292 4793
f 4720 4736 4719
f 4719 4736 5296
f 5297 4909 5298
f 5298 4909 4908
f 5299 5300 4976
f 4976 5300 5301
f 5302 4202 5303
f 5303 4202 4201
f 5304 5305 4983
f 4983 5305 5306
f 5308 5309 5307
f 5307 5309 5310
f 4722 4725 5283
f 5283 4725 5311
f 5291 5294 4125
f 4125 5294 4126
f 5313 5314 5312
f 5312 5314 5315
f 5316 5317 5319
f 5319 5317 5318
f 5321 5308 5320
f 5320 5308 5307
f 4819 4981 4873
f 4873 4981 5322
f 4981 4123 5322
f 5322 4123 4126
f 5324 5325 5323
f 5323 5325 5326
f 4764 5327 4975
f 4975 5327 5328
f 4172 5327 4169
f 4169 5327 5329
f 4768 4171 4769
f 4769 4171 4170
f 4243 4755 4244
f 4244 4755 5330
f 4755 4205 5330
f 5330 4205 4208
f 4206 4906 4207
f 4207 4906 4905
f 4686 5014 5009
f 5009 5014 5229
f 4756 4770 4170
f 4170 4770 4769
f 4170 4169 4756
f 4756 4169 4757
f 4273 5329 4764
f 4764 5329 5327
f 4276 5331 4273
f 4273 5331 5329
f 4770 4756 4243
f 4243 4756 4755
f 5333 4889 5332
f 5332 4889 5010
f 4877 5332 4878
f 4878 5332 4259
f 4875 4164 4876
f 4876 4164 4163
f 5334 5335 5324
f 5324 5335 5325
f 4983 5306 4123
f 4123 5306 4124
f 4818 4982 4819
f 4819 4982 4981
f 5332 5010 4259
f 4259 5010 4260
f 5014 4686 4875
f 4875 4686 4164
f 4171 4768 5229
f 5229 4768 5009
f 5337 4916 5336
f 5336 4916 4919
f 5293 5337 5294
f 5294 5337 5336
f 4982 4818 5333
f 5333 4818 4889
f 5338 5339 4262
f 4262 5339 5340
f 5307 5310 5338
f 5338 5310 5339
f 5341 5342 4204
f 4204 5342 5309
f 5336 4919 5322
f 5322 4919 4873
f 5294 5336 4126
f 4126 5336 5322
f 5323 5326 5343
f 5343 5326 5286
f 4914 5344 4915
f 4915 5344 5345
f 5312 5315 5344
f 5344 5315 5345
f 5347 5348 5346
f 5346 5348 5349
f 5350 5351 4832
f 4832 5351 4833
f 5352 5353 5349
f 5349 5353 5346
f 5354 5338 4265
f 4265 5338 4262
f 5320 5307 5354
f 5354 5307 5338
f 4201 5308 5303
f 5303 5308 5321
f 5356 5357 5355
f 5355 5357 4799
f 5358 5359 5334
f 5334 5359 5335
f 5358 5360 4093
f 4093 5360 4163
f 5360 5305 4163
f 4163 5305 4876
f 5305 5304 4876
f 4876 5304 4877
f 5270 4778 4079
f 4079 4778 4081
f 4779 5361 4774
f 4774 5361 5357
f 5356 5359 4775
f 4775 5359 4092
f 5333 5304 4982
f 4982 5304 4983
f 5332 4877 5333
f 5333 4877 5304
f 5015 4258 5230
f 5230 4258 5328
f 5327 4172 5328
f 5328 4172 5230
f 4169 5329 4757
f 4757 5329 5331
f 4757 5331 4205
f 4205 5331 4206
f 5331 4276 4206
f 4206 4276 4906
f 4276 4275 4906
f 4906 4275 4907
f 4275 4888 4907
f 4907 4888 4744
f 4887 4717 4745
f 4745 4717 4864
f 4716 5139 4861
f 4861 5139 5190
f 5139 5138 5190
f 5190 5138 5187
f 5138 5216 5187
f 5187 5216 5176
f 5215 5362 5173
f 5173 5362 5130
f 5364 5365 5363
f 5363 5365 5340
f 4742 4863 5366
f 5366 4863 4867
f 4862 5189 4868
f 4868 5189 5184
f 5189 5188 5184
f 5184 5188 5185
f 5188 5175 5185
f 5185 5175 5168
f 3560 3788 3561
f 3561 3788 3790
f 3596 3595 3608
f 3608 3595 3594
f 3598 3582 3595
f 3595 3582 3592
f 3600 3609 3601
f 3601 3609 3611
f 3602 3601 3612
f 3612 3601 3611
f 3606 3605 3613
f 3613 3605 3614
f 3793 5367 3794
f 3794 5367 5368
f 3598 3597 3600
f 3600 3597 3609
f 3793 3792 3575
f 3575 3792 3572
f 3561 3594 3558
f 3558 3594 3593
f 3807 3915 3804
f 3804 3915 3914
f 3916 3915 5370
f 5370 3915 5369
f 3602 3605 3603
f 3603 3605 3604
f 3606 3792 3607
f 3607 3792 3791
f 3914 3913 3560
f 3560 3913 3788
f 5174 5129 5166
f 5166 5129 5371
f 5170 5169 5093
f 5093 5169 5113
f 5166 5371 5090
f 5090 5371 5091
f 5128 5169 5372
f 5372 5169 5172
f 5127 5113 5128
f 5128 5113 5169
f 5114 5206 5203
f 5203 5206 5362
f 5200 5373 5073
f 5073 5373 5096
f 5374 5375 5200
f 5200 5375 5373
f 5039 5047 5374
f 5374 5047 5375
f 5087 5046 5085
f 5085 5046 5376
f 5212 5377 5067
f 5067 5377 5376
f 5042 5045 5212
f 5212 5045 5377
f 5064 5378 5043
f 5043 5378 5044
f 5063 5077 5064
f 5064 5077 5378
f 5079 5082 5198
f 5198 5082 5078
f 5099 5081 5100
f 5100 5081 5379
f 5100 5379 5094
f 5094 5379 5095
f 5381 5382 5380
f 5380 5382 5383
f 5385 5386 5384
f 5384 5386 5383
f 5385 5387 5386
f 5386 5387 5388
f 5390 5391 5389
f 5389 5391 5392
f 5393 5394 5396
f 5396 5394 5395
f 5398 5399 5397
f 5397 5399 5400
f 5402 5403 5401
f 5401 5403 5404
f 5406 5407 5405
f 5405 5407 5404
f 5408 5409 5163
f 5163 5409 5410
f 5411 5412 5414
f 5414 5412 5413
f 5057 5416 5415
f 5415 5416 5417
f 5393 5416 5418
f 5418 5416 5419
f 5396 5395 5420
f 5420 5395 5421
f 5423 5424 5422
f 5422 5424 5425
f 5415 5417 5220
f 5220 5417 5426
f 5418 5391 5393
f 5393 5391 5394
f 5414 5388 5411
f 5411 5388 5392
f 5059 5427 5060
f 5060 5427 5428
f 5423 5427 5429
f 5429 5427 5430
f 5432 5382 5431
f 5431 5382 5425
f 5429 5407 5423
f 5423 5407 5424
f 5380 5409 5381
f 5381 5409 5433
f 5381 5433 5422
f 5422 5433 5428
f 5027 5412 5056
f 5056 5412 5419
f 5435 5436 5434
f 5434 5436 5437
f 5159 5439 5438
f 5438 5439 5440
f 5053 5436 5159
f 5159 5436 5439
f 5441 5403 5398
f 5398 5403 5399
f 5163 5410 5026
f 5026 5410 5413
f 5438 5440 5442
f 5442 5440 5430
f 5444 5445 5443
f 5443 5445 5446
f 5447 5448 5450
f 5450 5448 5449
f 5451 5446 5452
f 5452 5446 5445
f 5454 5455 5453
f 5453 5455 5451
f 5456 5454 5458
f 5458 5454 5457
f 5460 5461 5459
f 5459 5461 5462
f 5464 5465 5463
f 5463 5465 5466
f 5468 5469 5467
f 5467 5469 5470
f 5472 5473 5471
f 5471 5473 5474
f 5475 5476 5478
f 5478 5476 5477
f 5479 5480 5482
f 5482 5480 5481
f 5483 5484 5448
f 5448 5484 5485
f 5448 5485 5449
f 5449 5485 5486
f 5487 5476 5488
f 5488 5476 5475
f 5490 5491 5489
f 5489 5491 5492
f 5494 5495 5493
f 5493 5495 5496
f 5498 5494 5497
f 5497 5494 5493
f 5500 5501 5499
f 5499 5501 5502
f 5503 5504 5446
f 5446 5504 5443
f 5506 5507 5505
f 5505 5507 5508
f 5510 5511 5509
f 5509 5511 5512
f 5514 5515 5513
f 5513 5515 5516
f 5518 5519 5517
f 5517 5519 5520
f 5495 5521 5496
f 5496 5521 5522
f 5524 5525 5523
f 5523 5525 5526
f 5527 5528 5494
f 5494 5528 5495
f 5499 5502 5529
f 5529 5502 5530
f 5531 5532 5485
f 5485 5532 5486
f 5485 5484 5531
f 5531 5484 5533
f 5482 5481 5534
f 5534 5481 5535
f 5536 5512 5506
f 5506 5512 5511
f 5455 5503 5451
f 5451 5503 5446
f 5467 5470 5511
f 5511 5470 5537
f 5538 5467 5510
f 5510 5467 5511
f 5540 5541 5539
f 5539 5541 5542
f 5543 5544 5546
f 5546 5544 5545
f 5548 5472 5547
f 5547 5472 5471
f 5493 5496 5549
f 5549 5496 5550
f 5496 5522 5550
f 5550 5522 5551
f 5553 5554 5552
f 5552 5554 5555
f 5557 5447 5556
f 5556 5447 5558
f 5557 5483 5447
f 5447 5483 5448
f 5478 5477 5553
f 5553 5477 5559
f 5477 5560 5559
f 5559 5560 5561
f 5476 5562 5477
f 5477 5562 5560
f 5476 5487 5562
f 5562 5487 5563
f 5560 5564 5561
f 5561 5564 5565
f 5564 5560 5566
f 5566 5560 5562
f 5563 5567 5562
f 5562 5567 5566
f 5569 5521 5568
f 5568 5521 5570
f 5481 5572 5571
f 5571 5572 5573
f 5574 5535 5571
f 5571 5535 5481
f 5576 5577 5575
f 5575 5577 5578
f 5579 5580 5456
f 5456 5580 5581
f 5475 5582 5488
f 5488 5582 5583
f 5584 5536 5505
f 5505 5536 5506
f 5585 5586 5588
f 5588 5586 5587
f 5590 5591 5589
f 5589 5591 5592
f 5519 5593 5520
f 5520 5593 5594
f 5595 5596 5462
f 5462 5596 5597
f 5599 5600 5598
f 5598 5600 5514
f 5602 5603 5601
f 5601 5603 5604
f 5524 5543 5525
f 5525 5543 5546
f 5543 5524 5606
f 5606 5524 5605
f 5607 5608 5500
f 5500 5608 5501
f 5610 5551 5609
f 5609 5551 5522
f 5611 5510 5598
f 5598 5510 5509
f 5612 5597 5457
f 5457 5597 5458
f 5510 5611 5538
f 5538 5611 5613
f 5580 5508 5581
f 5581 5508 5507
f 5615 5616 5614
f 5614 5616 5617
f 5619 5620 5618
f 5618 5620 5621
f 5623 5624 5622
f 5622 5624 5625
f 5627 5624 5626
f 5626 5624 5623
f 5629 5630 5628
f 5628 5630 5631
f 5633 5634 5632
f 5632 5634 5466
f 5635 5636 5463
f 5463 5636 5637
f 5523 5638 5524
f 5524 5638 5605
f 5639 5640 5641
f 5641 5640 5595
f 5611 5513 5613
f 5613 5513 5642
f 5643 5586 5608
f 5608 5586 5501
f 5622 5625 5590
f 5590 5625 5591
f 5598 5514 5611
f 5611 5514 5513
f 5645 5646 5644
f 5644 5646 5647
f 5620 5619 5491
f 5491 5619 5648
f 5649 5643 5492
f 5492 5643 5608
f 5650 5651 5653
f 5653 5651 5652
f 5463 5466 5635
f 5635 5466 5634
f 5597 5612 5462
f 5462 5612 5459
f 5635 5634 5523
f 5523 5634 5638
f 5654 5638 5633
f 5633 5638 5634
f 5655 5656 5525
f 5525 5656 5526
f 5658 5659 5657
f 5657 5659 5527
f 5660 5464 5637
f 5637 5464 5463
f 5632 5466 5661
f 5661 5466 5465
f 5661 5662 5632
f 5632 5662 5658
f 5662 5663 5658
f 5658 5663 5659
f 5665 5659 5664
f 5664 5659 5663
f 5632 5658 5633
f 5633 5658 5657
f 5666 5629 5530
f 5530 5629 5667
f 5528 5527 5665
f 5665 5527 5659
f 5668 5669 5570
f 5570 5669 5568
f 5669 5668 5670
f 5670 5668 5671
f 5646 5672 5673
f 5672 5674 5673
f 5673 5674 5675
f 5674 5460 5675
f 5675 5460 5459
f 5461 5676 5462
f 5462 5676 5595
f 5677 5678 5680
f 5680 5678 5679
f 5628 5681 5629
f 5629 5681 5667
f 5682 5529 5667
f 5667 5529 5530
f 5675 5459 5683
f 5683 5459 5612
f 5585 5666 5502
f 5502 5666 5530
f 5589 5684 5602
f 5602 5684 5603
f 5646 5645 5663
f 5663 5645 5664
f 5685 5647 5673
f 5673 5647 5646
f 5686 5687 5683
f 5683 5687 5685
f 5688 5689 5533
f 5533 5689 5531
f 5690 5691 5535
f 5535 5691 5534
f 5692 5690 5574
f 5574 5690 5535
f 5685 5687 5689
f 5689 5687 5693
f 5489 5694 5490
f 5490 5694 5695
f 5690 5692 5696
f 5696 5692 5697
f 5696 5644 5690
f 5690 5644 5691
f 5447 5450 5558
f 5558 5450 5698
f 5699 5700 5642
f 5642 5700 5613
f 5701 5702 5540
f 5540 5702 5541
f 5431 5703 5432
f 5432 5703 5697
f 5385 5384 5574
f 5574 5384 5692
f 5389 5387 5573
f 5573 5387 5571
f 5565 5390 5573
f 5573 5390 5389
f 5390 5565 5704
f 5704 5565 5564
f 5566 5705 5564
f 5564 5705 5704
f 5569 5441 5609
f 5609 5441 5398
f 5568 5405 5569
f 5569 5405 5441
f 5670 5706 5669
f 5669 5706 5406
f 5703 5431 5670
f 5670 5431 5706
f 5432 5697 5384
f 5384 5697 5692
f 5574 5571 5385
f 5385 5571 5387
f 5607 5707 5489
f 5489 5707 5694
f 5518 5708 5519
f 5519 5708 5709
f 5711 5576 5710
f 5710 5576 5575
f 5713 5714 5712
f 5712 5714 5715
f 5553 5552 5478
f 5478 5552 5716
f 5717 5475 5716
f 5716 5475 5478
f 5718 5719 5605
f 5605 5719 5606
f 5505 5622 5584
f 5584 5622 5590
f 5508 5623 5505
f 5505 5623 5622
f 5626 5623 5580
f 5580 5623 5508
f 5580 5579 5626
f 5626 5579 5720
f 5579 5721 5720
f 5720 5721 5722
f 5666 5585 5723
f 5723 5585 5588
f 5724 5725 5639
f 5639 5725 5640
f 5554 5726 5555
f 5555 5726 5727
f 5453 5728 5729
f 5689 5688 5685
f 5685 5688 5647
f 5604 5730 5512
f 5512 5730 5509
f 5628 5631 5618
f 5618 5631 5592
f 5601 5604 5536
f 5536 5604 5512
f 5732 5676 5731
f 5731 5676 5660
f 5730 5604 5733
f 5733 5604 5603
f 5563 5487 5551
f 5551 5487 5550
f 5489 5492 5607
f 5607 5492 5608
f 5573 5572 5565
f 5565 5572 5561
f 5609 5522 5569
f 5569 5522 5521
f 5499 5734 5500
f 5500 5734 5735
f 5596 5736 5721
f 5721 5736 5722
f 5737 5600 5594
f 5594 5600 5520
f 5599 5730 5517
f 5517 5730 5733
f 5660 5738 5731
f 5731 5738 5739
f 5648 5649 5491
f 5491 5649 5492
f 5501 5586 5502
f 5502 5586 5585
f 5525 5546 5655
f 5655 5546 5740
f 5600 5599 5520
f 5520 5599 5517
f 5708 5739 5709
f 5709 5739 5738
f 5636 5635 5526
f 5526 5635 5523
f 5670 5671 5703
f 5703 5671 5741
f 5490 5695 5742
f 5742 5695 5743
f 5682 5678 5744
f 5744 5678 5677
f 5678 5681 5679
f 5679 5681 5621
f 5742 5743 5679
f 5679 5743 5680
f 5618 5621 5628
f 5628 5621 5681
f 5725 5724 5589
f 5589 5724 5684
f 5456 5458 5579
f 5579 5458 5721
f 5675 5683 5673
f 5673 5683 5685
f 5529 5682 5745
f 5745 5682 5744
f 5721 5458 5596
f 5596 5458 5597
f 5701 5540 5719
f 5719 5540 5606
f 5703 5741 5697
f 5697 5741 5696
f 5500 5735 5607
f 5607 5735 5707
f 5549 5746 5493
f 5493 5746 5497
f 5700 5747 5613
f 5613 5747 5538
f 5420 5421 5434
f 5434 5421 5400
f 5689 5693 5531
f 5531 5693 5532
f 5705 5566 5748
f 5748 5566 5567
f 5609 5398 5610
f 5610 5398 5397
f 5669 5406 5568
f 5568 5406 5405
f 5488 5583 5549
f 5549 5583 5746
f 5714 5713 5710
f 5710 5713 5711
f 5747 5468 5538
f 5538 5468 5467
f 5548 5547 5749
f 5749 5547 5750
f 5733 5603 5751
f 5751 5603 5684
f 5589 5602 5590
f 5590 5602 5584
f 5636 5752 5614
f 5614 5752 5615
f 5753 5754 5738
f 5738 5754 5755
f 5602 5601 5584
f 5584 5601 5536
f 5723 5736 5630
f 5630 5736 5640
f 5595 5640 5596
f 5596 5640 5736
f 5734 5499 5745
f 5745 5499 5529
f 5627 5587 5643
f 5643 5587 5586
f 5553 5559 5554
f 5554 5559 5480
f 5559 5561 5480
f 5480 5561 5572
f 5554 5480 5726
f 5726 5480 5479
f 5749 5750 5715
f 5715 5750 5712
f 5683 5612 5686
f 5686 5612 5457
f 5678 5682 5681
f 5681 5682 5667
f 5598 5509 5599
f 5599 5509 5730
f 5679 5621 5742
f 5742 5621 5620
f 5652 5616 5653
f 5653 5616 5615
f 5220 5426 5052
f 5052 5426 5437
f 5487 5488 5550
f 5550 5488 5549
f 5742 5620 5490
f 5490 5620 5491
f 5551 5610 5563
f 5563 5610 5567
f 5610 5397 5567
f 5567 5397 5748
f 5614 5617 5753
f 5753 5617 5754
f 5480 5572 5481
f 5755 5756 5738
f 5738 5756 5709
f 5745 5744 5758
f 5758 5744 5757
f 5745 5758 5734
f 5734 5758 5759
f 5735 5734 5760
f 5760 5734 5759
f 5707 5735 5761
f 5761 5735 5760
f 5744 5677 5757
f 5757 5677 5762
f 5677 5680 5762
f 5762 5680 5763
f 5763 5680 5764
f 5764 5680 5743
f 5765 5766 5762
f 5762 5766 5757
f 5768 5769 5767
f 5767 5769 5770
f 5771 5772 5770
f 5770 5772 5767
f 5770 5769 5774
f 5774 5769 5773
f 5775 5776 5774
f 5774 5776 5777
f 5773 5778 5774
f 5774 5778 5775
f 5779 5766 5773
f 5773 5766 5778
f 5777 5771 5774
f 5774 5771 5770
f 5780 5781 5783
f 5783 5781 5782
f 5781 5780 5771
f 5771 5780 5772
f 5773 5769 5779
f 5779 5769 5768
f 5768 5759 5779
f 5779 5759 5758
f 5768 5784 5759
f 5759 5784 5760
f 5767 5785 5768
f 5768 5785 5784
f 5785 5767 5786
f 5786 5767 5772
f 5766 5779 5757
f 5757 5779 5758
f 5780 5787 5772
f 5772 5787 5786
f 5785 5786 5788
f 5788 5786 5789
f 5786 5787 5789
f 5789 5787 5790
f 5788 5789 5791
f 5791 5789 5792
f 5791 5793 5788
f 5788 5793 5794
f 5795 5792 5790
f 5790 5792 5789
f 5785 5788 5784
f 5784 5788 5794
f 5784 5794 5760
f 5760 5794 5761
f 5787 5780 5796
f 5796 5780 5783
f 5775 5778 5797
f 5797 5778 5766
f 5797 5798 5775
f 5775 5798 5776
f 5766 5765 5797
f 5797 5765 5799
f 5798 5797 5800
f 5800 5797 5799
f 5798 5801 5776
f 5776 5801 5802
f 5707 5761 5694
f 5694 5761 5803
f 5695 5804 5743
f 5743 5804 5764
f 5804 5695 5803
f 5803 5695 5694
f 5803 5793 5804
f 5804 5793 5805
f 5793 5791 5805
f 5805 5791 5806
f 5804 5805 5764
f 5764 5805 5807
f 5803 5761 5793
f 5793 5761 5794
f 5808 5763 5807
f 5807 5763 5764
f 5808 5765 5763
f 5763 5765 5762
f 5809 5799 5808
f 5808 5799 5765
f 5809 5808 5810
f 5810 5808 5807
f 5811 5809 5812
f 5812 5809 5810
f 5805 5806 5807
f 5807 5806 5810
f 5806 5813 5810
f 5810 5813 5812
f 5799 5809 5800
f 5800 5809 5811
f 5815 5800 5814
f 5814 5800 5811
f 5814 5817 5816
f 5816 5817 5818
f 5814 5811 5817
f 5817 5811 5812
f 5814 5816 5815
f 5815 5816 5796
f 5815 5796 5801
f 5801 5796 5783
f 5801 5798 5815
f 5815 5798 5800
f 5791 5792 5806
f 5806 5792 5813
f 5818 5813 5795
f 5795 5813 5792
f 5818 5817 5813
f 5813 5817 5812
f 5816 5818 5790
f 5790 5818 5795
f 5790 5787 5816
f 5816 5787 5796
f 5771 5777 5781
f 5781 5777 5782
f 5782 5802 5783
f 5783 5802 5801
f 5782 5777 5802
f 5802 5777 5776
f 5588 5587 5722
f 5722 5587 5720
f 5591 5619 5592
f 5592 5619 5618
f 5625 5624 5648
f 5648 5624 5649
f 5624 5627 5649
f 5649 5627 5643
f 5631 5630 5725
f 5725 5630 5640
f 5625 5648 5591
f 5591 5648 5619
f 5588 5722 5723
f 5723 5722 5736
f 5631 5725 5592
f 5592 5725 5589
f 5723 5630 5666
f 5666 5630 5629
f 5587 5627 5720
f 5720 5627 5626
f 5820 5821 5819
f 5819 5821 5822
f 5824 5825 5823
f 5823 5825 5826
f 5823 5826 5827
f 5827 5826 5828
f 5829 5830 5832
f 5832 5830 5831
f 5518 5833 5708
f 5708 5833 5834
f 5835 5836 5824
f 5824 5836 5825
f 5838 5839 5837
f 5837 5839 5840
f 5751 5684 5842
f 5842 5684 5841
f 5843 5841 5724
f 5724 5841 5684
f 5845 5846 5844
f 5844 5846 5847
f 5848 5830 5836
f 5836 5830 5825
f 5518 5751 5833
f 5833 5751 5842
f 5839 5838 5821
f 5821 5838 5849
f 5850 5848 5822
f 5822 5848 5836
f 5851 5845 5828
f 5828 5845 5852
f 5854 5855 5853
f 5853 5855 5856
f 5845 5844 5852
f 5852 5844 5857
f 5858 5827 5852
f 5852 5827 5828
f 5851 5828 5829
f 5829 5828 5826
f 5819 5859 5820
f 5820 5859 5860
f 5835 5861 5819
f 5819 5861 5859
f 5851 5829 5862
f 5862 5829 5832
f 5844 5847 5837
f 5837 5847 5834
f 5819 5822 5835
f 5835 5822 5836
f 5823 5863 5824
f 5824 5863 5864
f 5849 5850 5821
f 5821 5850 5822
f 5825 5830 5826
f 5826 5830 5829
f 5820 5860 5865
f 5865 5860 5866
f 5858 5854 5867
f 5867 5854 5853
f 5854 5857 5855
f 5855 5857 5840
f 5855 5865 5856
f 5856 5865 5866
f 5837 5840 5844
f 5844 5840 5857
f 5827 5858 5868
f 5868 5858 5867
f 5824 5864 5835
f 5835 5864 5861
f 5732 5731 5862
f 5862 5731 5846
f 5863 5823 5868
f 5868 5823 5827
f 5843 5831 5848
f 5848 5831 5830
f 5854 5858 5857
f 5857 5858 5852
f 5855 5840 5865
f 5865 5840 5839
f 5865 5839 5820
f 5820 5839 5821
f 5868 5867 5870
f 5870 5867 5869
f 5868 5870 5863
f 5863 5870 5871
f 5863 5871 5864
f 5864 5871 5872
f 5864 5872 5861
f 5861 5872 5873
f 5867 5853 5869
f 5869 5853 5874
f 5853 5856 5874
f 5874 5856 5875
f 5856 5866 5875
f 5875 5866 5876
f 5877 5878 5874
f 5874 5878 5869
f 5880 5881 5879
f 5879 5881 5882
f 5883 5884 5880
f 5880 5884 5881
f 5881 5884 5886
f 5886 5884 5885
f 5887 5888 5886
f 5886 5888 5889
f 5885 5890 5886
f 5886 5890 5887
f 5889 5882 5886
f 5886 5882 5881
f 5882 5891 5879
f 5879 5891 5892
f 5885 5884 5893
f 5893 5884 5883
f 5883 5871 5893
f 5893 5871 5870
f 5883 5894 5871
f 5871 5894 5872
f 5880 5895 5883
f 5883 5895 5894
f 5896 5895 5879
f 5879 5895 5880
f 5893 5878 5885
f 5885 5878 5890
f 5878 5893 5869
f 5869 5893 5870
f 5897 5896 5892
f 5892 5896 5879
f 5895 5896 5898
f 5898 5896 5899
f 5896 5897 5899
f 5899 5897 5900
f 5898 5899 5901
f 5901 5899 5902
f 5901 5903 5898
f 5898 5903 5904
f 5900 5905 5899
f 5899 5905 5902
f 5898 5904 5895
f 5895 5904 5894
f 5894 5904 5872
f 5872 5904 5873
f 5897 5892 5907
f 5907 5892 5906
f 5892 5891 5906
f 5906 5891 5908
f 5887 5890 5909
f 5909 5890 5878
f 5888 5887 5910
f 5910 5887 5909
f 5878 5877 5909
f 5909 5877 5911
f 5909 5911 5910
f 5910 5911 5912
f 5913 5914 5910
f 5910 5914 5888
f 5908 5914 5906
f 5906 5914 5913
f 5861 5873 5859
f 5859 5873 5915
f 5860 5916 5866
f 5866 5916 5876
f 5916 5860 5915
f 5915 5860 5859
f 5915 5903 5916
f 5916 5903 5917
f 5903 5901 5917
f 5917 5901 5918
f 5916 5917 5876
f 5876 5917 5919
f 5903 5915 5904
f 5904 5915 5873
f 5920 5875 5919
f 5919 5875 5876
f 5920 5877 5875
f 5875 5877 5874
f 5920 5921 5877
f 5877 5921 5911
f 5921 5920 5922
f 5922 5920 5919
f 5923 5921 5924
f 5924 5921 5922
f 5917 5918 5919
f 5919 5918 5922
f 5918 5925 5922
f 5922 5925 5924
f 5921 5923 5911
f 5911 5923 5912
f 5927 5912 5926
f 5926 5912 5923
f 5926 5929 5928
f 5928 5929 5930
f 5926 5923 5929
f 5929 5923 5924
f 5926 5928 5927
f 5927 5928 5907
f 5927 5907 5913
f 5913 5907 5906
f 5913 5910 5927
f 5927 5910 5912
f 5901 5902 5918
f 5918 5902 5925
f 5930 5925 5905
f 5905 5925 5902
f 5930 5929 5925
f 5925 5929 5924
f 5928 5930 5900
f 5900 5930 5905
f 5900 5897 5928
f 5928 5897 5907
f 5882 5889 5891
f 5891 5889 5908
f 5908 5889 5914
f 5914 5889 5888
f 5832 5831 5641
f 5641 5831 5639
f 5833 5838 5834
f 5834 5838 5837
f 5842 5841 5849
f 5849 5841 5850
f 5841 5843 5850
f 5850 5843 5848
f 5847 5846 5739
f 5739 5846 5731
f 5842 5849 5833
f 5833 5849 5838
f 5862 5832 5732
f 5732 5832 5641
f 5847 5739 5834
f 5834 5739 5708
f 5862 5846 5851
f 5851 5846 5845
f 5831 5843 5639
f 5639 5843 5724
f 5676 5732 5595
f 5595 5732 5641
f 5676 5461 5660
f 5660 5461 5464
f 5461 5460 5464
f 5464 5460 5465
f 5460 5674 5465
f 5465 5674 5661
f 5931 5932 5934
f 5934 5932 5933
f 5936 5937 5935
f 5935 5937 5938
f 5935 5938 5939
f 5939 5938 5940
f 5942 5943 5941
f 5941 5943 5944
f 5945 5946 5936
f 5936 5946 5937
f 5948 5949 5947
f 5947 5949 5950
f 5951 5952 5519
f 5519 5952 5593
f 5953 5951 5709
f 5709 5951 5519
f 5955 5956 5954
f 5954 5956 5957
f 5958 5942 5946
f 5946 5942 5937
f 5948 5959 5949
f 5949 5959 5933
f 5960 5958 5934
f 5934 5958 5946
f 5961 5955 5940
f 5940 5955 5962
f 5963 5964 5966
f 5966 5964 5965
f 5955 5954 5962
f 5962 5954 5967
f 5968 5939 5962
f 5962 5939 5940
f 5961 5940 5941
f 5941 5940 5938
f 5931 5969 5932
f 5932 5969 5970
f 5945 5971 5931
f 5931 5971 5969
f 5941 5944 5961
f 5961 5944 5972
f 5954 5957 5947
f 5947 5957 5973
f 5945 5931 5946
f 5946 5931 5934
f 5935 5974 5936
f 5936 5974 5975
f 5959 5960 5933
f 5933 5960 5934
f 5937 5942 5938
f 5938 5942 5941
f 5932 5970 5976
f 5976 5970 5977
f 5968 5964 5978
f 5978 5964 5963
f 5965 5964 5950
f 5950 5964 5967
f 5976 5977 5965
f 5965 5977 5966
f 5947 5950 5954
f 5954 5950 5967
f 5939 5968 5979
f 5979 5968 5978
f 5936 5975 5945
f 5945 5975 5971
f 5972 5754 5956
f 5956 5754 5617
f 5974 5935 5979
f 5979 5935 5939
f 5953 5943 5958
f 5958 5943 5942
f 5964 5968 5967
f 5967 5968 5962
f 5965 5950 5976
f 5976 5950 5949
f 5976 5949 5932
f 5932 5949 5933
f 5979 5978 5981
f 5981 5978 5980
f 5979 5981 5974
f 5974 5981 5982
f 5974 5982 5975
f 5975 5982 5983
f 5975 5983 5971
f 5971 5983 5984
f 5978 5963 5980
f 5980 5963 5985
f 5963 5966 5985
f 5985 5966 5986
f 5986 5966 5987
f 5987 5966 5977
f 5988 5989 5985
f 5985 5989 5980
f 5991 5992 5990
f 5990 5992 5993
f 5994 5995 5991
f 5991 5995 5992
f 5992 5995 5997
f 5997 5995 5996
f 5998 5999 5997
f 5997 5999 6000
f 5996 6001 5997
f 5997 6001 5998
f 6000 5993 5997
f 5997 5993 5992
f 6002 6003 5993
f 5993 6003 5990
f 5995 5994 5996
f 5996 5994 6004
f 5994 5982 6004
f 6004 5982 5981
f 5994 6005 5982
f 5982 6005 5983
f 5991 6006 5994
f 5994 6006 6005
f 6006 5991 6007
f 6007 5991 5990
f 5996 6004 6001
f 6001 6004 5989
f 5989 6004 5980
f 5980 6004 5981
f 6003 6008 5990
f 5990 6008 6007
f 6009 6006 6010
f 6010 6006 6007
f 6008 6011 6007
f 6007 6011 6010
f 6012 6009 6013
f 6013 6009 6010
f 6009 6012 6015
f 6015 6012 6014
f 6011 6016 6010
f 6010 6016 6013
f 6006 6009 6005
f 6005 6009 6015
f 6005 6015 5983
f 5983 6015 5984
f 6008 6003 6018
f 6018 6003 6017
f 6003 6002 6017
f 6017 6002 6019
f 5998 6001 6020
f 6020 6001 5989
f 5999 5998 6021
f 6021 5998 6020
f 5989 5988 6020
f 6020 5988 6022
f 6021 6020 6023
f 6023 6020 6022
f 6021 6024 5999
f 5999 6024 6025
f 6019 6025 6017
f 6017 6025 6024
f 5971 5984 5969
f 5969 5984 6026
f 5970 6027 5977
f 5977 6027 5987
f 6027 5970 6026
f 6026 5970 5969
f 6026 6014 6027
f 6027 6014 6028
f 6014 6012 6028
f 6028 6012 6029
f 6027 6028 5987
f 5987 6028 6030
f 6026 5984 6014
f 6014 5984 6015
f 6031 5986 6030
f 6030 5986 5987
f 6031 5988 5986
f 5986 5988 5985
f 6032 6022 6031
f 6031 6022 5988
f 6032 6031 6033
f 6033 6031 6030
f 6034 6032 6035
f 6035 6032 6033
f 6028 6029 6030
f 6030 6029 6033
f 6029 6036 6033
f 6033 6036 6035
f 6032 6034 6022
f 6022 6034 6023
f 6038 6023 6037
f 6037 6023 6034
f 6037 6040 6039
f 6039 6040 6041
f 6037 6034 6040
f 6040 6034 6035
f 6037 6039 6038
f 6038 6039 6018
f 6038 6018 6024
f 6024 6018 6017
f 6024 6021 6038
f 6038 6021 6023
f 6012 6013 6029
f 6029 6013 6036
f 6041 6036 6016
f 6016 6036 6013
f 6041 6040 6036
f 6036 6040 6035
f 6041 6016 6039
f 6039 6016 6011
f 6011 6008 6039
f 6039 6008 6018
f 5993 6000 6002
f 6002 6000 6019
f 6019 6000 6025
f 6025 6000 5999
f 5943 5756 5944
f 5944 5756 5755
f 6042 5948 5973
f 5973 5948 5947
f 5952 5951 5959
f 5959 5951 5960
f 5951 5953 5960
f 5960 5953 5958
f 5616 5957 5617
f 5617 5957 5956
f 6042 5952 5948
f 5948 5952 5959
f 5944 5755 5972
f 5972 5755 5754
f 5957 5616 5973
f 5973 5616 5652
f 5956 5955 5972
f 5972 5955 5961
f 5943 5953 5756
f 5756 5953 5709
f 6044 6045 6043
f 6043 6045 6046
f 6048 6049 6047
f 6047 6049 6050
f 6047 6050 6051
f 6051 6050 6052
f 6054 6055 6053
f 6053 6055 6056
f 6057 6058 6060
f 6060 6058 6059
f 6061 6062 6048
f 6048 6062 6049
f 6063 6064 6066
f 6066 6064 6065
f 6067 6068 6070
f 6070 6068 6069
f 6071 6069 5653
f 5653 6069 6068
f 6072 6073 6075
f 6075 6073 6074
f 6062 6076 6049
f 6049 6076 6054
f 6058 6067 6059
f 6059 6067 6070
f 6064 6077 6065
f 6065 6077 6045
f 6078 6076 6046
f 6046 6076 6062
f 6073 6080 6079
f 6079 6080 6052
f 6082 6083 6081
f 6081 6083 6084
f 6072 6085 6073
f 6073 6085 6080
f 6086 6051 6080
f 6080 6051 6052
f 6079 6052 6053
f 6053 6052 6050
f 6043 6087 6044
f 6044 6087 6088
f 6061 6089 6043
f 6043 6089 6087
f 6053 6056 6079
f 6079 6056 6090
f 6063 6072 6060
f 6060 6072 6075
f 6043 6046 6061
f 6061 6046 6062
f 6047 6091 6048
f 6048 6091 6092
f 6077 6078 6045
f 6045 6078 6046
f 6049 6054 6050
f 6050 6054 6053
f 6044 6088 6093
f 6093 6088 6094
f 6086 6082 6095
f 6095 6082 6081
f 6083 6082 6066
f 6066 6082 6085
f 6093 6094 6083
f 6083 6094 6084
f 6072 6063 6085
f 6085 6063 6066
f 6051 6086 6096
f 6096 6086 6095
f 6048 6092 6061
f 6061 6092 6089
f 5656 5655 6090
f 6090 5655 6074
f 6091 6047 6096
f 6096 6047 6051
f 6071 6055 6076
f 6076 6055 6054
f 6082 6086 6085
f 6085 6086 6080
f 6093 6083 6065
f 6065 6083 6066
f 6044 6093 6045
f 6045 6093 6065
f 6096 6095 6098
f 6098 6095 6097
f 6096 6098 6091
f 6091 6098 6099
f 6091 6099 6092
f 6092 6099 6100
f 6092 6100 6089
f 6089 6100 6101
f 6095 6081 6097
f 6097 6081 6102
f 6081 6084 6102
f 6102 6084 6103
f 6103 6084 6104
f 6104 6084 6094
f 6106 6097 6105
f 6105 6097 6102
f 6107 6108 6110
f 6110 6108 6109
f 6111 6112 6108
f 6108 6112 6109
f 6109 6112 6114
f 6114 6112 6113
f 6114 6115 6117
f 6117 6115 6116
f 6113 6118 6114
f 6114 6118 6115
f 6117 6110 6114
f 6114 6110 6109
f 6110 6119 6107
f 6107 6119 6120
f 6112 6111 6113
f 6113 6111 6121
f 6111 6099 6121
f 6121 6099 6098
f 6111 6122 6099
f 6099 6122 6100
f 6123 6122 6108
f 6108 6122 6111
f 6124 6123 6107
f 6107 6123 6108
f 6113 6121 6118
f 6118 6121 6106
f 6106 6121 6097
f 6097 6121 6098
f 6125 6124 6120
f 6120 6124 6107
f 6126 6123 6127
f 6127 6123 6124
f 6125 6128 6124
f 6124 6128 6127
f 6129 6126 6130
f 6130 6126 6127
f 6126 6129 6132
f 6132 6129 6131
f 6128 6133 6127
f 6127 6133 6130
f 6123 6126 6122
f 6122 6126 6132
f 6122 6132 6100
f 6100 6132 6101
f 6120 6134 6125
f 6125 6134 6135
f 6120 6119 6134
f 6134 6119 6136
f 6115 6118 6137
f 6137 6118 6106
f 6115 6137 6116
f 6116 6137 6138
f 6137 6106 6139
f 6139 6106 6105
f 6138 6137 6140
f 6140 6137 6139
f 6141 6142 6138
f 6138 6142 6116
f 6136 6142 6134
f 6134 6142 6141
f 6089 6101 6087
f 6087 6101 6143
f 6088 6144 6094
f 6094 6144 6104
f 6143 6144 6087
f 6087 6144 6088
f 6131 6145 6143
f 6143 6145 6144
f 6129 6146 6131
f 6131 6146 6145
f 6144 6145 6104
f 6104 6145 6147
f 6143 6101 6131
f 6131 6101 6132
f 6148 6103 6147
f 6147 6103 6104
f 6103 6148 6102
f 6102 6148 6105
f 6148 6149 6105
f 6105 6149 6139
f 6149 6148 6150
f 6150 6148 6147
f 6151 6149 6152
f 6152 6149 6150
f 6145 6146 6147
f 6147 6146 6150
f 6146 6153 6150
f 6150 6153 6152
f 6149 6151 6139
f 6139 6151 6140
f 6155 6140 6154
f 6154 6140 6151
f 6154 6157 6156
f 6156 6157 6158
f 6154 6151 6157
f 6157 6151 6152
f 6154 6156 6155
f 6155 6156 6135
f 6155 6135 6141
f 6141 6135 6134
f 6141 6138 6155
f 6155 6138 6140
f 6146 6129 6153
f 6153 6129 6130
f 6158 6153 6133
f 6133 6153 6130
f 6158 6157 6153
f 6153 6157 6152
f 6156 6158 6128
f 6128 6158 6133
f 6128 6125 6156
f 6156 6125 6135
f 6110 6117 6119
f 6119 6117 6136
f 6136 6117 6142
f 6142 6117 6116
f 6055 5615 6056
f 6056 5615 5752
f 6060 6059 6063
f 6063 6059 6064
f 6077 6070 6078
f 6078 6070 6069
f 6069 6071 6078
f 6078 6071 6076
f 6159 6057 6075
f 6075 6057 6060
f 6059 6070 6064
f 6064 6070 6077
f 6056 5752 6090
f 6090 5752 5656
f 6090 6074 6079
f 6079 6074 6073
f 6055 6071 5615
f 5615 6071 5653
f 5547 5471 6160
f 6160 5471 6161
f 5729 5577 6163
f 6163 5577 6162
f 5577 5576 6162
f 6162 5576 6164
f 5713 6165 5711
f 5711 6165 6166
f 5474 5729 6167
f 6167 5729 6163
f 5750 5547 6168
f 6168 5547 6160
f 5471 5474 6161
f 6161 5474 6167
f 6169 5712 6168
f 6168 5712 5750
f 5711 6166 5576
f 5576 6166 6164
f 6165 5713 6169
f 6169 5713 5712
f 6168 6170 6169
f 6169 6170 6171
f 6169 6171 6165
f 6165 6171 6172
f 6165 6172 6166
f 6166 6172 6173
f 6166 6173 6164
f 6164 6173 6174
f 6168 6160 6170
f 6170 6160 6175
f 6160 6161 6175
f 6175 6161 6176
f 6161 6167 6176
f 6176 6167 6177
f 6179 6170 6178
f 6178 6170 6175
f 6181 6182 6180
f 6180 6182 6183
f 6184 6185 6181
f 6181 6185 6182
f 6186 6187 6185
f 6185 6187 6182
f 6186 6188 6187
f 6187 6188 6189
f 6190 6183 6187
f 6187 6183 6182
f 6183 6190 6191
f 6191 6190 6192
f 6191 6193 6183
f 6183 6193 6180
f 6186 6185 6194
f 6194 6185 6184
f 6184 6172 6194
f 6194 6172 6171
f 6184 6195 6172
f 6172 6195 6173
f 6181 6196 6184
f 6184 6196 6195
f 6196 6181 6197
f 6197 6181 6180
f 6186 6194 6188
f 6188 6194 6179
f 6179 6194 6170
f 6170 6194 6171
f 6193 6198 6180
f 6180 6198 6197
f 6199 6196 6200
f 6200 6196 6197
f 6198 6201 6197
f 6197 6201 6200
f 6202 6199 6203
f 6203 6199 6200
f 6199 6202 6205
f 6205 6202 6204
f 6201 6206 6200
f 6200 6206 6203
f 6196 6199 6195
f 6195 6199 6205
f 6195 6205 6173
f 6173 6205 6174
f 6198 6193 6208
f 6208 6193 6207
f 6193 6191 6207
f 6207 6191 6192
f 6189 6188 6209
f 6209 6188 6179
f 6210 6189 6211
f 6211 6189 6209
f 6209 6179 6212
f 6212 6179 6178
f 6211 6209 6213
f 6213 6209 6212
f 6211 6214 6210
f 6210 6214 6215
f 6192 6215 6207
f 6207 6215 6214
f 6190 6187 6210
f 6210 6187 6189
f 6192 6190 6215
f 6215 6190 6210
f 6162 6164 6216
f 6216 6164 6174
f 6167 6163 6177
f 6177 6163 6217
f 6216 6217 6162
f 6162 6217 6163
f 6204 6218 6216
f 6216 6218 6217
f 6202 6219 6204
f 6204 6219 6218
f 6217 6218 6177
f 6177 6218 6220
f 6216 6174 6204
f 6204 6174 6205
f 6221 6176 6220
f 6220 6176 6177
f 6176 6221 6175
f 6175 6221 6178
f 6221 6222 6178
f 6178 6222 6212
f 6222 6221 6223
f 6223 6221 6220
f 6224 6222 6225
f 6225 6222 6223
f 6218 6219 6220
f 6220 6219 6223
f 6219 6226 6223
f 6223 6226 6225
f 6222 6224 6212
f 6212 6224 6213
f 6228 6213 6227
f 6227 6213 6224
f 6229 6227 6231
f 6231 6227 6230
f 6227 6224 6230
f 6230 6224 6225
f 6227 6229 6228
f 6228 6229 6208
f 6228 6208 6214
f 6214 6208 6207
f 6214 6211 6228
f 6228 6211 6213
f 6219 6202 6226
f 6226 6202 6203
f 6231 6226 6206
f 6206 6226 6203
f 6231 6230 6226
f 6226 6230 6225
f 6229 6231 6201
f 6201 6231 6206
f 6201 6198 6229
f 6229 6198 6208
f 5674 5672 5661
f 5661 5672 5662
f 5662 5672 5663
f 5663 5672 5646
f 5651 6042 5652
f 5652 6042 5973
f 5518 5517 5751
f 5751 5517 5733
f 5738 5660 5753
f 5753 5660 5637
f 5752 5636 5656
f 5656 5636 5526
f 5952 6042 5593
f 5593 6042 5651
f 5593 5651 5594
f 5594 5651 5650
f 5600 5737 5514
f 5514 5737 5515
f 5546 5545 5740
f 5740 5545 6232
f 6232 6058 5740
f 5740 6058 6057
f 6067 6058 6233
f 6233 6058 6232
f 6233 6232 6234
f 6234 6232 5545
f 6234 5545 6235
f 6235 5545 5544
f 5606 6236 5543
f 5543 6236 5544
f 6235 5544 5539
f 5539 5544 6236
f 6237 6235 5542
f 5542 6235 5539
f 6235 6237 6234
f 6234 6237 6238
f 6234 6238 6233
f 6233 6238 6239
f 5653 6068 5650
f 5650 6068 6239
f 5642 5513 6240
f 6240 5513 5516
f 5539 6236 5540
f 5540 6236 5606
f 5636 5614 5637
f 5637 5614 5753
f 6239 5737 5650
f 5650 5737 5594
f 6239 6068 6233
f 6233 6068 6067
f 6075 6074 6159
f 6159 6074 5655
f 6057 6159 5740
f 5740 6159 5655
f 5515 5737 6238
f 6238 5737 6239
f 6238 6237 5515
f 5515 6237 5516
f 5542 6240 6237
f 6237 6240 5516
f 6240 5542 5642
f 5642 5542 5541
f 5702 5699 5541
f 5541 5699 5642
f 5582 5475 5717
f 5470 5443 5537
f 5537 5443 5504
f 5469 5444 5470
f 5470 5444 5443
f 5726 5557 5727
f 5727 5557 5556
f 5537 5504 5511
f 5511 5504 5506
f 5504 5503 5506
f 5506 5503 5507
f 5503 5455 5507
f 5507 5455 5581
f 5455 5454 5581
f 5581 5454 5456
f 5473 5453 5474
f 5474 5453 5729
f 5457 5454 5473
f 5473 5454 5453
f 5473 5472 5457
f 5457 5472 5686
f 5472 5548 5686
f 5686 5548 5687
f 5749 5693 5548
f 5548 5693 5687
f 5715 5532 5749
f 5749 5532 5693
f 5714 5486 5715
f 5715 5486 5532
f 5714 5710 5486
f 5486 5710 5449
f 5728 5578 5729
f 5729 5578 5577
f 5452 5445 5698
f 5698 5445 5558
f 5445 5444 5558
f 5558 5444 5556
f 5444 5469 5556
f 5556 5469 5727
f 5469 5468 5727
f 5727 5468 5555
f 5468 5747 5555
f 5555 5747 5552
f 5747 5700 5552
f 5552 5700 5716
f 5700 5699 5716
f 5716 5699 5717
f 5699 5702 5717
f 5717 5702 5582
f 5702 5701 5582
f 5582 5701 5583
f 5726 5479 5557
f 5557 5479 5483
f 5483 5479 5484
f 5484 5479 5482
f 5534 5533 5482
f 5482 5533 5484
f 5691 5688 5534
f 5534 5688 5533
f 5644 5647 5691
f 5691 5647 5688
f 5719 5746 5701
f 5701 5746 5583
f 5718 5497 5719
f 5719 5497 5746
f 5718 5605 5654
f 5654 5605 5638
f 5498 5654 5657
f 5657 5654 5633
f 5497 5718 5498
f 5498 5718 5654
f 5657 5527 5498
f 5498 5527 5494
f 5528 5570 5495
f 5495 5570 5521
f 5665 5668 5528
f 5528 5668 5570
f 5664 5671 5665
f 5665 5671 5668
f 5645 5741 5664
f 5664 5741 5671
f 5644 5696 5645
f 5645 5696 5741
f 5710 5575 5449
f 5449 5575 5450
f 5575 5578 5450
f 5450 5578 5698
f 5578 5728 5698
f 5698 5728 5452
f 5452 5728 5451
f 5451 5728 5453
f 3619 6241 3620
f 3620 6241 6242
f 6243 6244 3628
f 3628 6244 3629
f 6245 6246 3634
f 3634 6246 3631
f 6247 6248 3636
f 3636 6248 3637
f 6249 6250 3642
f 3642 6250 3639
f 3639 6250 3643
f 3643 6250 6251
f 3743 6252 3744
f 3744 6252 6253
f 6246 6243 3631
f 3631 6243 3628
f 3753 6254 3754
f 3754 6254 6255
f 3857 6256 3619
f 3619 6256 6241
f 6257 6245 3932
f 3932 6245 3634
f 6242 6247 3620
f 3620 6247 3636
f 6258 6259 3946
f 3946 6259 3947
f 6260 6249 3948
f 3948 6249 3642
f 6244 6258 3629
f 3629 6258 3946
f 3947 6259 3753
f 3753 6259 6254
f 6248 6260 3637
f 3637 6260 3948
f 3643 6251 3743
f 3743 6251 6252
f 3744 6253 3932
f 3932 6253 6257
f 6250 6249 6251
f 6251 6249 6252
f 6245 6261 6246
f 6246 6261 6262
f 6263 6264 6247
f 6247 6264 6248
f 6252 6265 6253
f 6253 6265 6266
f 6246 6262 6243
f 6243 6262 6267
f 6268 6261 6257
f 6257 6261 6245
f 6269 6263 6242
f 6242 6263 6247
f 6270 6271 6260
f 6260 6271 6249
f 6264 6270 6248
f 6248 6270 6260
f 6253 6266 6257
f 6257 6266 6268
f 6249 6271 6252
f 6252 6271 6265
f 6254 6259 6272
f 6272 6259 6273
f 6266 6265 6270
f 6270 6265 6271
f 6268 6266 6264
f 6264 6266 6270
f 6261 6268 6263
f 6263 6268 6264
f 6269 6262 6263
f 6263 6262 6261
f 4186 4185 6274
f 6274 4185 6275
f 6241 6276 6242
f 6242 6276 6269
f 6258 6244 6277
f 6277 6244 6278
f 6256 6279 6241
f 6241 6279 6276
f 6259 6258 6273
f 6273 6258 6277
f 6243 6267 6244
f 6244 6267 6278
f 6276 6267 6269
f 6269 6267 6262
f 6254 6272 6255
f 6255 6272 6280
f 3865 3713 3888
f 3888 3713 3685
f 5242 5233 3892
f 3892 5233 3711
f 3900 5243 3892
f 3892 5243 5242
f 3734 3866 3900
f 3900 3866 5243
f 4117 6281 4118
f 4118 6281 6282
f 4118 6282 4278
f 4278 6282 4879
f 4717 4887 4718
f 4718 4887 4280
f 4792 4278 4882
f 4882 4278 4879
f 4795 4792 6283
f 6283 4792 4882
f 4852 4851 5012
f 5012 4851 6284
f 4856 5207 4857
f 4857 5207 4858
f 4860 4279 4857
f 4857 4279 4854
f 4718 4280 4860
f 4860 4280 4279
f 4864 4863 4745
f 4745 4863 4742
f 5366 4867 5011
f 5011 4867 4866
f 4871 4884 4872
f 4872 4884 4883
f 4872 4883 4117
f 4117 4883 6281
f 6284 4851 6283
f 6283 4851 4795
f 4852 4866 4853
f 4853 4866 4865
f 4871 4870 4856
f 4856 4870 5207
f 4717 4716 4864
f 4864 4716 4861
f 4868 4867 4862
f 4862 4867 4863
f 4268 4855 4269
f 4269 4855 4854
f 4281 4274 4282
f 4282 4274 4765
f 4744 4743 4907
f 4907 4743 4904
f 4874 4881 4820
f 4820 4881 4880
f 4885 5013 4886
f 4886 5013 4980
f 4888 4275 4281
f 4281 4275 4274
f 4902 6282 4903
f 4903 6282 6281
f 6283 4979 6284
f 6284 4979 4978
f 4282 4765 4269
f 4269 4765 4266
f 4880 4879 4902
f 4902 4879 6282
f 4903 6281 4886
f 4886 6281 4883
f 4882 4881 6283
f 6283 4881 4979
f 5013 4885 4267
f 4267 4885 4268
f 4888 4887 4744
f 4744 4887 4745
f 4410 6285 4411
f 4411 6285 4812
f 4750 4749 6286
f 6286 4749 6287
f 6289 4695 6288
f 6288 4695 4255
f 4750 4675 4751
f 4751 4675 4965
f 6290 6291 4963
f 4963 6291 4960
f 4807 4806 4411
f 4411 4806 4408
f 6292 6293 4959
f 4959 6293 4956
f 4958 6294 4959
f 4959 6294 4955
f 4962 4964 4963
f 4963 4964 4805
f 4962 4961 4751
f 4751 4961 4748
f 6296 6297 6295
f 6295 6297 6298
f 6299 6300 6288
f 6288 6300 4735
f 6302 4961 6301
f 6301 4961 4960
f 6304 6287 6303
f 6303 6287 4749
f 4968 6305 4969
f 4969 6305 6306
f 4413 6308 6307
f 6307 6308 4900
f 6301 4960 6309
f 6309 4960 6291
f 4412 4408 6310
f 6310 4408 4806
f 4696 6311 4256
f 4256 6311 6312
f 6303 4749 6313
f 6313 4749 4748
f 6313 4748 6302
f 6302 4748 4961
f 6315 6316 6314
f 6314 6316 6317
f 4084 6318 6315
f 6315 6318 6316
f 4083 6319 4084
f 4084 6319 6318
f 4112 6320 4083
f 4083 6320 6319
f 6322 4138 6321
f 6321 4138 4137
f 6324 4128 6323
f 6323 4128 4127
f 4127 4193 6323
f 6323 4193 6325
f 4193 4891 6325
f 6325 4891 6326
f 4891 6327 6326
f 6326 6327 6328
f 6327 4824 5227
f 5227 4824 5228
f 5231 4684 6329
f 6329 4684 4683
f 4683 4099 6329
f 6329 4099 6330
f 4099 4102 6330
f 6330 4102 6331
f 4174 4826 4429
f 4429 4826 4829
f 4173 4741 4174
f 4174 4741 4826
f 4180 4738 4173
f 4173 4738 4741
f 6332 6333 4180
f 4180 6333 4738
f 6274 6334 4186
f 4186 6334 4188
f 4181 4825 4180
f 4180 4825 6332
f 5044 5213 5045
f 5045 5213 5165
f 5046 5087 5047
f 5047 5087 5222
f 5077 5063 5078
f 5078 5063 5198
f 5081 5099 5082
f 5082 5099 5194
f 5095 5074 5096
f 5096 5074 5073
f 5373 5170 5096
f 5096 5170 5093
f 5375 5171 5373
f 5373 5171 5170
f 5047 5222 5375
f 5375 5222 5171
f 5046 5038 5376
f 5376 5038 5067
f 5377 5086 5376
f 5376 5086 5085
f 5045 5165 5377
f 5377 5165 5086
f 5378 5214 5044
f 5044 5214 5213
f 5077 5034 5378
f 5378 5034 5214
f 5082 5194 5078
f 5078 5194 5035
f 5081 5080 5379
f 5379 5080 6335
f 5379 6335 5095
f 5095 6335 5074
f 5032 5080 5033
f 5033 5080 5079
f 5040 5017 5041
f 5041 5017 5016
f 5050 5043 5051
f 5051 5043 5042
f 5065 5023 5066
f 5066 5023 5022
f 5050 5049 5065
f 5065 5049 5023
f 5041 5016 5068
f 5068 5016 5020
f 5071 5374 5072
f 5072 5374 5200
f 5075 5156 5076
f 5076 5156 5155
f 5162 5212 5068
f 5068 5212 5067
f 5075 5074 5192
f 5192 5074 6335
f 5066 5022 5199
f 5199 5022 5196
f 5076 5155 5072
f 5072 5155 5069
f 5040 5039 5071
f 5071 5039 5374
f 5162 5161 5051
f 5051 5161 5048
f 5192 6335 5032
f 5032 6335 5080
f 5199 5196 5033
f 5033 5196 5030
f 5018 5211 5019
f 5019 5211 5408
f 5019 5408 5021
f 5021 5408 5163
f 5024 5057 5025
f 5025 5057 5415
f 5028 5048 5029
f 5029 5048 5161
f 5054 5031 5055
f 5055 5031 5030
f 5024 5023 5058
f 5058 5023 5049
f 5061 5070 5062
f 5062 5070 5069
f 5157 5438 5158
f 5158 5438 5442
f 5160 5191 5054
f 5054 5191 5031
f 5029 5161 5021
f 5021 5161 5020
f 5025 5415 5197
f 5197 5415 5220
f 5158 5442 5062
f 5062 5442 5059
f 5018 5017 5061
f 5061 5017 5070
f 5160 5159 5157
f 5157 5159 5438
f 5028 5027 5058
f 5058 5027 5056
f 5055 5030 5197
f 5197 5030 5196
f 5409 5380 5410
f 5410 5380 6336
f 5026 5413 5027
f 5027 5413 5412
f 5396 5417 5393
f 5393 5417 5416
f 5416 5057 5419
f 5419 5057 5056
f 5417 5396 5426
f 5426 5396 5420
f 5427 5423 5428
f 5428 5423 5422
f 5427 5059 5430
f 5430 5059 5442
f 5409 5408 5433
f 5433 5408 5211
f 5433 5211 5428
f 5428 5211 5060
f 5412 5411 5419
f 5419 5411 5418
f 5436 5053 5437
f 5437 5053 5052
f 5439 5402 5440
f 5440 5402 5401
f 5436 5435 5439
f 5439 5435 5402
f 5410 6336 5413
f 5413 6336 5414
f 5440 5401 5430
f 5430 5401 5429
f 5426 5420 5437
f 5437 5420 5434
f 5382 5432 5383
f 5383 5432 5384
f 5386 6336 5383
f 5383 6336 5380
f 6336 5386 5414
f 5414 5386 5388
f 5391 5418 5392
f 5392 5418 5411
f 5705 5395 5704
f 5704 5395 5394
f 5399 5435 5400
f 5400 5435 5434
f 5403 5441 5404
f 5404 5441 5405
f 5407 5429 5404
f 5404 5429 5401
f 5395 5705 5421
f 5421 5705 5748
f 5424 5706 5425
f 5425 5706 5431
f 5391 5390 5394
f 5394 5390 5704
f 5392 5388 5389
f 5389 5388 5387
f 5382 5381 5425
f 5425 5381 5422
f 5407 5406 5424
f 5424 5406 5706
f 5403 5402 5399
f 5399 5402 5435
f 5421 5748 5400
f 5400 5748 5397
f 4097 4721 4098
f 4098 4721 4231
f 4233 5273 4098
f 4098 5273 4095
f 6337 6338 4785
f 4785 6338 4786
f 4076 4780 4073
f 4073 4780 4781
f 4782 4190 4781
f 4781 4190 4073
f 4783 4901 4782
f 4782 4901 4190
f 4780 4076 4097
f 4097 4076 4721
f 6337 2879 4701
f 4701 2879 2878
f 5280 6339 5272
f 5272 6339 6340
f 5282 5281 6341
f 6341 5281 6342
f 4109 6302 4110
f 4110 6302 6301
f 4283 6304 4284
f 4284 6304 6303
f 6305 4379 6306
f 6306 4379 4378
f 4110 6301 4428
f 4428 6301 6309
f 6310 4688 4412
f 4412 4688 4687
f 4284 6303 4753
f 4753 6303 6313
f 4753 6313 4109
f 4109 6313 6302
f 6343 5226 4428
f 4428 5226 4427
f 4147 4900 4416
f 4416 4900 6308
f 6312 6311 4241
f 4241 6311 4720
f 5223 6344 4702
f 4702 6344 4699
f 4221 4220 6345
f 6345 4220 6346
f 5276 5275 6347
f 6347 5275 6348
f 5275 4728 6348
f 6348 4728 6349
f 4727 6350 5284
f 5284 6350 5285
f 6351 6352 6354
f 6354 6352 6353
f 5313 5312 5292
f 5292 5312 5293
f 5312 5344 5293
f 5293 5344 5337
f 5344 4914 5337
f 5337 4914 4916
f 4914 4913 4916
f 4916 4913 4917
f 4913 6355 4917
f 4917 6355 4978
f 6356 6357 6284
f 6284 6357 5012
f 6357 6358 5012
f 5012 6358 5011
f 5011 6358 5366
f 5366 6358 6359
f 6360 4742 6359
f 6359 4742 5366
f 4743 6361 4904
f 4904 6361 5364
f 5363 4905 5364
f 5364 4905 4904
f 5363 6362 4905
f 4905 6362 4207
f 6362 6363 4207
f 4207 6363 4208
f 6363 5342 4208
f 4208 5342 5330
f 5342 5341 5330
f 5330 5341 4244
f 5341 6364 4244
f 4244 6364 4245
f 6364 6365 4245
f 4245 6365 4246
f 6366 6367 4253
f 4253 6367 4250
f 4214 6368 4211
f 4211 6368 4380
f 4380 4379 4211
f 4211 4379 4283
f 4379 6305 4283
f 4283 6305 6304
f 6305 4968 6304
f 6304 4968 6287
f 4968 4967 6287
f 6287 4967 6286
f 4967 6297 6286
f 6286 6297 4676
f 6296 4376 4288
f 4288 4376 4285
f 4376 4373 4285
f 4285 4373 4290
f 6369 6370 6372
f 6372 6370 6371
f 5245 6373 5246
f 5246 6373 6374
f 4317 6375 4318
f 4318 6375 6376
f 4331 6377 4332
f 4332 6377 6378
f 6379 4333 6376
f 6376 4333 4318
f 4343 6380 4344
f 4344 6380 6381
f 4347 6382 4348
f 4348 6382 6383
f 4374 6371 4331
f 4331 6371 6377
f 4333 6379 4426
f 4426 6379 6384
f 4690 6385 4347
f 4347 6385 6382
f 4332 6378 4317
f 4317 6378 6375
f 4922 6386 4923
f 4923 6386 6387
f 6388 6389 4375
f 4375 6389 6390
f 6355 6356 4978
f 4978 6356 6284
f 4742 6360 4743
f 4743 6360 6361
f 6391 4238 6392
f 6392 4238 4719
f 6392 4719 6393
f 6393 4719 5296
f 6395 6396 6394
f 6394 6396 6397
f 6399 6400 6398
f 6398 6400 6401
f 6402 5302 6403
f 6403 5302 5303
f 5303 5321 6403
f 6403 5321 6404
f 5320 6405 5321
f 5321 6405 6404
f 5319 6406 5350
f 5350 6406 5351
f 5319 5318 6406
f 6406 5318 6407
f 5288 4197 6408
f 6408 4197 6409
f 4217 4216 6410
f 6410 4216 6411
f 5227 6412 6327
f 6327 6412 6328
f 4892 6413 5227
f 5227 6413 6412
f 4228 6414 4892
f 4892 6414 6413
f 4227 6415 4228
f 4228 6415 6414
f 4248 6416 4227
f 4227 6416 6415
f 4247 6417 4248
f 4248 6417 6416
f 6417 4247 6419
f 6419 4247 6418
f 6419 6418 6421
f 6421 6418 6420
f 6422 5301 6423
f 6423 5301 5300
f 6423 5300 6424
f 6424 5300 6399
f 6408 6409 6398
f 6398 6409 6425
f 6426 6427 6397
f 6397 6427 6394
f 6428 4224 6429
f 6429 4224 4223
f 6347 6346 5276
f 5276 6346 4220
f 6346 6347 6341
f 6341 6347 6339
f 5280 5278 5282
f 5282 5278 4236
f 4896 5224 4684
f 4684 5224 4681
f 4132 4135 4896
f 4896 4135 5224
f 4131 4136 4132
f 4132 4136 4135
f 4226 4754 4131
f 4131 4754 4136
f 4251 4213 4226
f 4226 4213 4754
f 4250 4214 4251
f 4251 4214 4213
f 4250 6367 4214
f 4214 6367 6368
f 6367 4910 6368
f 6368 4910 4737
f 4909 5297 4736
f 4736 5297 5296
f 5297 6395 5296
f 5296 6395 6393
f 6427 6430 6394
f 6394 6430 6431
f 6429 4383 6428
f 6428 4383 4382
f 4219 5277 4220
f 4220 5277 5276
f 4222 4697 4383
f 4383 4697 4218
f 6345 4699 4221
f 4221 4699 6344
f 6342 4700 6345
f 6345 4700 4699
f 4235 4786 5281
f 5281 4786 6338
f 4234 4787 4235
f 4235 4787 4786
f 5279 5278 6432
f 6432 5278 5271
f 4237 5279 6433
f 6433 5279 6432
f 4787 4234 6433
f 6433 4234 4237
f 6435 6436 6434
f 6434 6436 6437
f 6359 6438 6360
f 6360 6438 6437
f 6439 6440 6441
f 6441 6440 6438
f 6443 6439 6442
f 6442 6439 6441
f 6357 6356 6442
f 6442 6356 6444
f 6444 6446 6445
f 6445 6446 6447
f 4912 6446 4913
f 4913 6446 6355
f 6361 6436 5364
f 5364 6436 5365
f 5319 5350 5316
f 5316 5350 6448
f 4832 6449 5350
f 5350 6449 6448
f 4831 6450 4832
f 4832 6450 6449
f 5354 6451 5320
f 5320 6451 6405
f 4265 6452 5354
f 5354 6452 6451
f 4264 6453 4265
f 4265 6453 6452
f 6450 4831 6447
f 6447 4831 6445
f 4263 6435 4264
f 4264 6435 6434
f 6454 6453 6439
f 6439 6453 6440
f 6439 6443 6454
f 6454 6443 4834
f 4833 6455 4834
f 4834 6455 6454
f 5351 6456 4833
f 4833 6456 6455
f 6457 6391 6458
f 6458 6391 6392
f 6458 6392 6431
f 6431 6392 6393
f 5298 6396 5297
f 5297 6396 6395
f 6402 6400 5302
f 5302 6400 5299
f 6402 6403 6459
f 6459 6403 6460
f 6460 6403 6461
f 6461 6403 6404
f 6405 6462 6404
f 6404 6462 6461
f 6406 6462 5351
f 5351 6462 6456
f 6406 6407 6462
f 6462 6407 6461
f 6407 6463 6461
f 6461 6463 6460
f 6463 6464 6460
f 6460 6464 6459
f 6464 6465 6459
f 6459 6465 6401
f 6430 6466 6431
f 6431 6466 6458
f 6466 6410 6458
f 6458 6410 6457
f 6410 6411 6457
f 6457 6411 6467
f 6396 6424 6397
f 6397 6424 6425
f 6393 6395 6431
f 6431 6395 6394
f 6451 6456 6405
f 6405 6456 6462
f 6452 6455 6451
f 6451 6455 6456
f 6453 6454 6452
f 6452 6454 6455
f 6443 6445 4834
f 4834 6445 4831
f 6440 6453 6434
f 6434 6453 4264
f 6468 5306 5360
f 5360 5306 5305
f 6469 4124 6468
f 6468 4124 5306
f 6470 4125 6469
f 6469 4125 4124
f 6471 5291 6470
f 6470 5291 4125
f 6353 5292 6471
f 6471 5292 5291
f 5292 6353 5313
f 5313 6353 6352
f 5347 5314 6352
f 6352 5314 5313
f 5353 5318 5346
f 5346 5318 5317
f 5334 6468 5358
f 5358 6468 5360
f 5324 6469 5334
f 5334 6469 6468
f 5323 6470 5324
f 5324 6470 6469
f 5343 6471 5323
f 5323 6471 6470
f 6354 6353 5343
f 5343 6353 6471
f 6348 6349 4270
f 4270 6349 5311
f 5272 6340 5273
f 5273 6340 4272
f 6432 5271 4232
f 4232 5271 4233
f 4294 6432 4295
f 4295 6432 4232
f 6432 4294 6433
f 6433 4294 4301
f 4301 4300 6433
f 6433 4300 4787
f 4704 4784 4300
f 4300 4784 4787
f 4704 3013 4784
f 4784 3013 1307
f 5103 6472 5104
f 5104 6472 5202
f 5108 5116 5105
f 5105 5116 5115
f 5111 5124 5112
f 5112 5124 5123
f 5154 5205 5105
f 5105 5205 5106
f 5167 5180 5168
f 5168 5180 5185
f 5175 5188 5176
f 5176 5188 5187
f 5112 5123 5178
f 5178 5123 5120
f 5167 5090 5183
f 5183 5090 5089
f 5210 5151 5183
f 5183 5151 5181
f 5216 5138 5217
f 5217 5138 5137
f 5218 5119 5219
f 5219 5119 5221
f 5218 5178 5119
f 5119 5178 5120
f 5217 5137 5104
f 5104 5137 5101
f 5116 5108 5221
f 5221 5108 5219
f 5111 5110 5210
f 5210 5110 5151
f 5154 5153 5103
f 5103 5153 6472
f 5216 5215 5176
f 5176 5215 5173
f 5175 5174 5168
f 5168 5174 5166
f 5091 5172 5092
f 5092 5172 5208
f 5117 5037 5118
f 5118 5037 5036
f 5121 5164 5122
f 5122 5164 5133
f 5125 5084 5126
f 5126 5084 5083
f 5129 5174 5130
f 5130 5174 5173
f 5131 5202 5132
f 5132 5202 6472
f 5135 5221 5122
f 5122 5221 5119
f 5125 5124 5136
f 5136 5124 5209
f 5126 5083 5121
f 5121 5083 5164
f 5118 5036 5195
f 5195 5036 5193
f 5131 5097 5203
f 5203 5097 5114
f 5132 6472 5195
f 5195 6472 5153
f 5136 5209 5092
f 5092 5209 5089
f 5135 5134 5117
f 5117 5134 5037
f 5362 5206 5130
f 5130 5206 5127
f 5372 5371 5128
f 5128 5371 5129
f 5371 5372 5091
f 5091 5372 5172
f 5362 5215 5203
f 5203 5215 5201
f 6463 6407 5353
f 5353 6407 5318
f 6464 6463 5352
f 5352 6463 5353
f 6408 6465 5288
f 5288 6465 5289
f 4196 4224 6426
f 6426 4224 6427
f 6430 6427 6428
f 6428 6427 4224
f 6466 6430 4382
f 4382 6430 6428
f 6410 6466 4217
f 4217 6466 4382
f 4240 4239 3015
f 3015 4239 3016
f 4254 4257 3017
f 3017 4257 3018
f 6473 6474 4732
f 4732 6474 6475
f 6474 6374 6475
f 6475 6374 6373
f 5246 6374 3022
f 3022 6374 3023
f 4254 6299 4255
f 4255 6299 6288
f 6473 6300 3024
f 3024 6300 3025
f 6476 4257 6312
f 6312 4257 4256
f 4240 6476 4241
f 4241 6476 6312
f 6477 4239 6391
f 6391 4239 4238
f 6467 6477 6457
f 6457 6477 6391
f 6411 3029 6467
f 6467 3029 3028
f 4216 3030 6411
f 6411 3030 3029
f 6479 6480 6478
f 6478 6480 6481
f 6483 6484 6482
f 6482 6484 6485
f 6486 6487 4102
f 4102 6487 6331
f 6483 6488 6478
f 6478 6488 6489
f 4429 4829 6490
f 6490 4829 6479
f 6491 6486 4101
f 4101 6486 4102
f 4895 6491 4899
f 4899 6491 4101
f 4160 6488 4157
f 4157 6488 6492
f 6489 4087 6490
f 6490 4087 4090
f 4267 4261 5013
f 5013 4261 4260
f 4258 4261 5328
f 5328 4261 4975
f 4261 4267 4975
f 4975 4267 4266
f 5367 3793 3912
f 3912 3793 3575
f 6494 3616 6493
f 6493 3616 3795
f 6496 3589 6495
f 6495 3589 3588
f 6495 3588 5368
f 5368 3588 3794
f 3841 3840 3050
f 3050 3840 3051
f 3912 3911 3052
f 3052 3911 3053
f 3929 3930 3054
f 3054 3930 3055
f 5370 3930 3916
f 3916 3930 3923
f 3938 5369 3807
f 3807 5369 3915
f 3589 6496 3806
f 3806 6496 3937
f 3938 3937 3056
f 3056 3937 3057
f 3051 3840 3058
f 3058 3840 3943
f 3730 4808 3727
f 3727 4808 3943
f 3820 3951 3795
f 3795 3951 6493
f 3951 3841 3059
f 3059 3841 3050
f 3911 3574 6494
f 6494 3574 3616
f 3823 3929 3824
f 3824 3929 3952
f 4061 4060 3060
f 3060 4060 3061
f 6497 6498 4901
f 4901 6498 4790
f 6333 6499 4738
f 4738 6499 4739
f 6500 6501 6314
f 6314 6501 4418
f 6502 6275 4417
f 4417 6275 4185
f 6503 6497 4783
f 4783 6497 4901
f 6498 4060 4790
f 4790 4060 4059
f 4808 4061 3069
f 3069 4061 3060
f 5367 3071 5368
f 5368 3071 3070
f 5369 3073 5370
f 5370 3073 3072
f 6274 6275 3074
f 3074 6275 3075
f 6499 6504 4739
f 4739 6504 6317
f 6333 6332 3077
f 3077 6332 3078
f 6334 6274 3079
f 3079 6274 3074
f 6332 4825 3078
f 3078 4825 3080
f 6334 6503 4188
f 4188 6503 4783
f 4825 4689 3080
f 3080 4689 1330
f 6506 4747 6505
f 6505 4747 4746
f 6505 6507 6506
f 6506 6507 6508
f 4297 6509 4920
f 4920 6509 6510
f 4296 6511 4297
f 4297 6511 6509
f 6506 6508 4319
f 4319 6508 6512
f 4372 4371 6514
f 6514 4371 6513
f 6511 4296 5251
f 5251 4296 4305
f 5251 5250 6511
f 6511 5250 6515
f 6516 6509 6515
f 6515 6509 6511
f 6517 6507 6519
f 6519 6507 6518
f 6512 6520 6513
f 6513 6520 6514
f 6507 6517 6508
f 6508 6517 6521
f 5249 6523 6522
f 6522 6523 6524
f 6525 6370 5253
f 5253 6370 6526
f 4370 4323 4371
f 4371 4323 4326
f 4370 3103 4323
f 4323 3103 1541
f 6521 6517 6527
f 6527 6517 6519
f 6520 6528 6514
f 6514 6528 6529
f 6531 6532 6530
f 6530 6532 6533
f 5250 6534 6515
f 6515 6534 6535
f 6530 6533 6536
f 6536 6533 6537
f 6526 6538 6534
f 6534 6538 6537
f 6515 6535 6516
f 6516 6535 6539
f 4325 4321 4326
f 4326 4321 4320
f 4371 4326 6513
f 6513 4326 4320
f 6531 4731 6541
f 6541 4731 6540
f 4731 4730 6540
f 6540 4730 6542
f 4730 3121 6542
f 6542 3121 3120
f 6530 4328 6531
f 6531 4328 4731
f 4328 6530 4329
f 4329 6530 6536
f 4329 6536 6524
f 6524 6536 6543
f 6544 6545 6522
f 6522 6545 5248
f 6389 6388 5245
f 5245 6388 6373
f 6388 6546 6373
f 6373 6546 6475
f 4733 6546 6295
f 6295 6546 4377
f 4732 6475 4733
f 4733 6475 6546
f 4393 4432 4394
f 4394 4432 4435
f 4434 4672 4842
f 4842 4672 4671
f 4440 4439 4441
f 4441 4439 4438
f 4436 4450 4437
f 4437 4450 4398
f 4447 4444 4448
f 4448 4444 4392
f 4446 4464 4433
f 4433 4464 6547
f 4454 4423 4455
f 4455 4423 4422
f 4452 4481 4453
f 4453 4481 4480
f 4458 4389 4459
f 4459 4389 4388
f 4456 4471 4457
f 4457 4471 4468
f 4391 4460 4392
f 4392 4460 4448
f 4461 4467 4445
f 4445 4467 4465
f 4437 4398 4629
f 4629 4398 4397
f 4438 4628 4441
f 4441 4628 4631
f 4841 4629 4839
f 4839 4629 4397
f 4628 4842 4631
f 4631 4842 4671
f 4930 4989 4452
f 4452 4989 4481
f 4929 4927 4436
f 4436 4927 4450
f 4933 4387 4934
f 4934 4387 4386
f 4931 4475 4932
f 4932 4475 4474
f 4936 4449 4933
f 4933 4449 4387
f 4935 4472 4456
f 4456 4472 4471
f 4389 4458 4391
f 4391 4458 4460
f 4457 4468 4461
f 4461 4468 4467
f 4934 4386 4454
f 4454 4386 4423
f 4453 4480 4931
f 4931 4480 4475
f 4575 4997 4576
f 4576 4997 4639
f 4579 4596 4580
f 4580 4596 4595
f 4583 4582 4572
f 4572 4582 4569
f 4587 4944 4588
f 4588 4944 4562
f 4588 4562 4590
f 4590 4562 4561
f 4576 4639 4642
f 4642 4639 4638
f 4642 4845 4641
f 4641 4845 4846
f 4845 4590 4846
f 4846 4590 4561
f 4941 4938 4595
f 4595 4938 4580
f 4938 4940 4668
f 4668 4940 4669
f 4583 4942 4584
f 4584 4942 4947
f 4582 4587 4569
f 4569 4587 4586
f 5000 5001 4579
f 4579 5001 4596
f 4558 4560 4585
f 4585 4560 4586
f 4565 4639 4566
f 4566 4639 4997
f 4568 4567 4577
f 4577 4567 4578
f 4570 4554 4571
f 4571 4554 4556
f 4640 4565 4637
f 4637 4565 4546
f 4662 4664 4665
f 4665 4664 4844
f 4662 4558 4589
f 4589 4558 4585
f 4554 4570 4557
f 4557 4570 4560
f 4571 4667 4572
f 4572 4667 4943
f 4551 4670 4552
f 4552 4670 4666
f 4640 4664 4638
f 4638 4664 4663
f 4670 4568 4668
f 4668 4568 4577
f 4999 4996 4566
f 4566 4996 4543
f 4608 4564 4603
f 4603 4564 4563
f 4573 4593 4574
f 4574 4593 4592
f 4597 4614 4598
f 4598 4614 4613
f 4601 4600 4584
f 4584 4600 4581
f 4563 4562 4604
f 4604 4562 4944
f 4643 4593 4641
f 4641 4593 4573
f 4643 4847 4644
f 4644 4847 4848
f 4564 4847 4561
f 4561 4847 4846
f 4945 4941 4598
f 4598 4941 4595
f 4941 4945 4939
f 4939 4945 4946
f 4601 4948 4602
f 4602 4948 4620
f 4600 4604 4581
f 4581 4604 4944
f 5002 5003 4597
f 4597 5003 4614
f 4988 4759 4953
f 4953 4759 4402
f 4706 6548 4707
f 4707 6548 6549
f 4311 4928 4419
f 4419 4928 6550
f 4921 4920 6551
f 6551 4920 6552
f 4925 6553 4926
f 4926 6553 6554
f 4928 4921 4802
f 4802 4921 6551
f 6555 4985 6550
f 6550 4985 4419
f 4952 6556 4953
f 4953 6556 4649
f 4971 6557 4706
f 4706 6557 6548
f 4988 4648 4925
f 4925 4648 6553
f 4707 6549 5006
f 5006 6549 4987
f 4920 6510 6552
f 6552 6510 6518
f 6558 6510 6516
f 6516 6510 6509
f 6559 6558 6539
f 6539 6558 6516
f 6531 6541 6532
f 6532 6541 6560
f 6540 6561 6541
f 6541 6561 6529
f 6542 6562 6540
f 6540 6562 6561
f 6542 3120 6562
f 6562 3120 3142
f 4366 6563 4760
f 4760 6563 4970
f 4815 6564 4816
f 4816 6564 6565
f 3147 3146 6565
f 6565 3146 4816
f 6564 6563 6565
f 6565 6563 6566
f 4837 4385 4357
f 4357 4385 4358
f 6565 6566 3147
f 3147 6566 3149
f 4694 1209 3150
f 5247 5249 5248
f 5248 5249 6522
f 6372 6390 6545
f 6545 6390 6389
f 6375 5254 6376
f 6376 5254 5258
f 6377 6525 6378
f 6378 6525 5255
f 5260 6379 5258
f 5258 6379 6376
f 6380 6567 6381
f 6381 6567 6568
f 6382 6569 6383
f 6383 6569 6570
f 6377 6371 6525
f 6525 6371 6370
f 6379 5260 6384
f 6384 5260 6571
f 6385 6572 6382
f 6382 6572 6569
f 6378 5255 6375
f 6375 5255 5254
f 6386 6573 6387
f 6387 6573 6574
f 6545 6389 5248
f 5248 6389 5245
f 4675 4750 4676
f 4676 4750 6286
f 4734 6289 4735
f 4735 6289 6288
f 4804 6290 4805
f 4805 6290 4963
f 4811 4807 4812
f 4812 4807 4411
f 4954 6292 4955
f 4955 6292 4959
f 4964 4962 4965
f 4965 4962 4751
f 6285 4821 4812
f 4812 4821 4809
f 4675 4287 4965
f 4965 4287 4210
f 6294 4145 4955
f 4955 4145 4154
f 4964 4120 4805
f 4805 4120 4119
f 6298 4966 4734
f 4734 4966 6289
f 6300 6473 4735
f 4735 6473 4732
f 6297 6296 4676
f 4676 6296 4288
f 6523 3160 4330
f 4330 3160 3159
f 5253 5252 6525
f 6525 5252 5255
f 5256 5252 4305
f 4305 5252 5251
f 4304 5257 4305
f 4305 5257 5256
f 4424 5259 4304
f 4304 5259 5257
f 5261 6571 5259
f 5259 6571 5260
f 5262 6573 5261
f 5261 6573 6571
f 5264 6567 5265
f 5265 6567 6574
f 5266 6572 5267
f 5267 6572 6568
f 5268 6570 5269
f 5269 6570 6569
f 1807 3161 5268
f 5268 3161 6570
f 6524 6523 4329
f 4329 6523 4330
f 5253 6526 5250
f 5250 6526 6534
f 6543 6538 6544
f 6544 6538 6369
f 6524 6543 6522
f 6522 6543 6544
f 3071 5367 3052
f 3052 5367 3912
f 6493 3163 6494
f 6494 3163 3162
f 3164 445 3771
f 3771 445 3761
f 461 3165 3919
f 3919 3165 3920
f 330 410 3839
f 3839 410 3910
f 332 331 3552
f 3552 331 3551
f 464 304 3918
f 3918 304 3816
f 385 458 3766
f 3766 458 3894
f 412 415 3762
f 3762 415 3763
f 3166 337 3748
f 3748 337 3745
f 3072 3055 5370
f 5370 3055 3930
f 3073 5369 3056
f 3056 5369 3938
f 3167 3057 6496
f 6496 3057 3937
f 3069 3058 4808
f 4808 3058 3943
f 411 3166 3851
f 3851 3166 3748
f 3059 3163 3951
f 3951 3163 6493
f 336 3164 3772
f 3772 3164 3771
f 3053 3911 3162
f 3162 3911 6494
f 3054 3168 3929
f 3929 3168 3952
f 3165 830 3920
f 3920 830 3945
f 3170 3169 6497
f 6497 3169 6498
f 3171 1354 5005
f 5005 1354 4830
f 3172 3170 6503
f 6503 3170 6497
f 3169 3061 6498
f 6498 3061 4060
f 3173 3171 5006
f 5006 3171 5005
f 3079 3172 6334
f 6334 3172 6503
f 3174 3025 6299
f 6299 3025 6300
f 6576 6577 6575
f 6575 6577 6578
f 4612 4611 6579
f 6579 4611 6580
f 6582 6583 6581
f 6581 6583 6584
f 6584 6585 4618
f 4618 6585 4621
f 6586 6587 6589
f 6589 6587 6588
f 6588 6587 6590
f 6590 6587 6591
f 6592 4606 6590
f 6590 4606 4623
f 6594 6576 6593
f 6593 6576 6575
f 6595 6582 6579
f 6579 6582 6581
f 6580 6597 6596
f 6596 6597 6598
f 6577 6576 6599
f 6599 6576 6600
f 6595 6596 6601
f 6601 6596 6602
f 6583 6582 6603
f 6603 6582 6604
f 6586 6606 6605
f 6605 6606 6607
f 6587 6586 6608
f 6608 6586 6605
f 6587 6608 6591
f 6591 6608 6609
f 6576 6594 6600
f 6600 6594 6610
f 6582 6595 6604
f 6604 6595 6601
f 6599 6611 6577
f 6577 6611 6598
f 6613 6614 6612
f 6612 6614 6615
f 6617 6618 6616
f 6616 6618 6619
f 6621 6622 6620
f 6620 6622 6623
f 6625 6626 6624
f 6624 6626 6627
f 6629 6630 6628
f 6628 6630 6631
f 6633 6634 6632
f 6632 6634 6635
f 6637 6638 6636
f 6636 6638 6639
f 6640 6641 6637
f 6637 6641 6638
f 6643 6633 6642
f 6642 6633 6632
f 6645 6646 6644
f 6644 6646 6647
f 6646 6648 6647
f 6647 6648 6649
f 6651 6652 6650
f 6650 6652 6653
f 6653 6652 6654
f 6654 6652 6655
f 6656 6657 6659
f 6659 6657 6658
f 6661 6662 6660
f 6660 6662 6663
f 6662 6661 6664
f 6664 6661 6665
f 6667 6657 6666
f 6666 6657 6656
f 6669 6670 6668
f 6668 6670 6671
f 6672 6673 6670
f 6670 6673 6671
f 6674 6675 6677
f 6677 6675 6676
f 6675 6678 6676
f 6676 6678 6679
f 6681 6682 6680
f 6680 6682 6683
f 6684 6685 6683
f 6683 6685 6680
f 6687 6688 6686
f 6686 6688 6689
f 6687 6690 6688
f 6688 6690 6691
f 6619 6618 6633
f 6633 6618 6634
f 6632 6635 6693
f 6693 6635 6692
f 6617 6694 6636
f 6636 6694 6637
f 6695 6692 6639
f 6639 6692 6635
f 6637 6694 6640
f 6640 6694 6696
f 6698 6638 6697
f 6697 6638 6641
f 6643 6616 6633
f 6633 6616 6619
f 6642 6699 6641
f 6641 6699 6697
f 6646 6645 6700
f 6700 6645 6621
f 6644 6701 6654
f 6654 6701 6702
f 6700 6703 6646
f 6646 6703 6648
f 6693 6704 6649
f 6649 6704 6647
f 6620 6623 6651
f 6651 6623 6652
f 6693 6649 6699
f 6699 6649 6650
f 6652 6623 6655
f 6655 6623 6622
f 6654 6702 6653
f 6653 6702 6697
f 6615 6614 6657
f 6657 6614 6658
f 6705 6656 6704
f 6704 6656 6659
f 6613 6706 6660
f 6660 6706 6661
f 6704 6659 6701
f 6701 6659 6663
f 6661 6706 6665
f 6665 6706 6707
f 6708 6702 6664
f 6664 6702 6662
f 6612 6615 6667
f 6667 6615 6657
f 6666 6709 6664
f 6664 6709 6708
f 6629 6710 6669
f 6669 6710 6670
f 6668 6711 6679
f 6679 6711 6712
f 6713 6672 6710
f 6710 6672 6670
f 6714 6671 6705
f 6705 6671 6673
f 6628 6631 6674
f 6674 6631 6675
f 6705 6673 6709
f 6709 6673 6677
f 6631 6630 6675
f 6675 6630 6678
f 6712 6708 6679
f 6679 6708 6676
f 6625 6715 6682
f 6682 6715 6683
f 6716 6717 6681
f 6681 6717 6691
f 6718 6684 6715
f 6715 6684 6683
f 6719 6680 6714
f 6714 6680 6685
f 6624 6627 6686
f 6686 6627 6687
f 6689 6711 6685
f 6685 6711 6714
f 6627 6626 6687
f 6687 6626 6690
f 6717 6712 6691
f 6691 6712 6688
f 6612 6707 6613
f 6613 6707 6706
f 6616 6696 6617
f 6617 6696 6694
f 6703 6700 6620
f 6620 6700 6621
f 6715 6625 6718
f 6718 6625 6624
f 6710 6629 6713
f 6713 6629 6628
f 6639 6635 6636
f 6636 6635 6634
f 6641 6640 6642
f 6642 6640 6643
f 6654 6655 6644
f 6644 6655 6645
f 6651 6650 6648
f 6648 6650 6649
f 6659 6658 6663
f 6663 6658 6660
f 6665 6667 6664
f 6664 6667 6666
f 6678 6669 6679
f 6679 6669 6668
f 6673 6672 6677
f 6677 6672 6674
f 6690 6682 6691
f 6691 6682 6681
f 6685 6684 6689
f 6689 6684 6686
f 6636 6634 6617
f 6617 6634 6618
f 6638 6698 6639
f 6639 6698 6695
f 6640 6696 6643
f 6643 6696 6616
f 6693 6699 6632
f 6632 6699 6642
f 6655 6622 6645
f 6645 6622 6621
f 6704 6701 6647
f 6647 6701 6644
f 6651 6648 6620
f 6620 6648 6703
f 6650 6653 6699
f 6699 6653 6697
f 6613 6660 6614
f 6614 6660 6658
f 6663 6662 6701
f 6701 6662 6702
f 6665 6707 6667
f 6667 6707 6612
f 6705 6709 6656
f 6656 6709 6666
f 6630 6629 6678
f 6678 6629 6669
f 6714 6711 6671
f 6671 6711 6668
f 6672 6713 6674
f 6674 6713 6628
f 6677 6676 6709
f 6709 6676 6708
f 6626 6625 6690
f 6690 6625 6682
f 6680 6719 6681
f 6681 6719 6716
f 6684 6718 6686
f 6686 6718 6624
f 6711 6689 6712
f 6689 6688 6712
f 6593 6720 6594
f 6594 6720 6721
f 6722 6720 4607
f 4607 6720 4849
f 6592 6723 6722
f 6722 6723 6724
f 4610 4609 6578
f 6578 4609 6575
f 6596 6595 6580
f 6580 6595 6579
f 4618 4617 6584
f 6584 4617 6581
f 6589 6585 6586
f 6586 6585 6606
f 4622 4619 6588
f 6588 4619 6589
f 4622 6588 4623
f 4623 6588 6590
f 4609 4645 6575
f 6575 4645 6593
f 4617 4612 6581
f 6581 4612 6579
f 5004 4610 6597
f 6597 4610 6578
f 4645 4849 6593
f 6593 4849 6720
f 6724 6721 6722
f 6722 6721 6720
f 6722 4607 6592
f 6592 4607 4606
f 6725 6610 6721
f 6721 6610 6594
f 6723 6726 6724
f 6724 6726 6727
f 6727 6725 6724
f 6724 6725 6721
f 6728 6729 6605
f 6605 6729 6608
f 6605 6607 6728
f 6728 6607 6730
f 6731 6732 6604
f 6604 6732 6603
f 6733 6734 6725
f 6725 6734 6610
f 6735 6733 6727
f 6727 6733 6725
f 6735 6727 6736
f 6736 6727 6726
f 6591 6609 6723
f 6723 6609 6726
f 6723 6592 6591
f 6591 6592 6590
f 6738 6739 6737
f 6737 6739 6740
f 6740 6739 6742
f 6742 6739 6741
f 6743 6744 6741
f 6741 6744 6742
f 6745 6746 6743
f 6743 6746 6744
f 6747 6748 6745
f 6745 6748 6746
f 6749 6750 6747
f 6747 6750 6748
f 6752 6738 6751
f 6751 6738 6737
f 6754 6752 6753
f 6753 6752 6751
f 6756 6754 6755
f 6755 6754 6753
f 6758 6750 6757
f 6757 6750 6749
f 6760 6756 6759
f 6759 6756 6755
f 6762 6760 6761
f 6761 6760 6759
f 6764 6762 6763
f 6763 6762 6761
f 6757 6764 6758
f 6758 6764 6763
f 6766 6741 6765
f 6765 6741 6739
f 6767 6743 6766
f 6766 6743 6741
f 6768 6745 6767
f 6767 6745 6743
f 6769 6747 6768
f 6768 6747 6745
f 6770 6749 6769
f 6769 6749 6747
f 6772 6769 6771
f 6771 6769 6768
f 6773 6770 6772
f 6772 6770 6769
f 6774 6775 6772
f 6772 6775 6773
f 6777 6778 6776
f 6776 6778 6779
f 6775 6774 6778
f 6778 6774 6779
f 6771 6780 6772
f 6772 6780 6774
f 6780 6781 6774
f 6774 6781 6779
f 6781 6782 6779
f 6779 6782 6776
f 6784 6785 6783
f 6783 6785 6786
f 6786 6787 6783
f 6783 6787 6788
f 6790 6788 6789
f 6789 6788 6787
f 6786 6785 6791
f 6791 6785 6792
f 6791 6793 6786
f 6786 6793 6787
f 6793 6794 6787
f 6787 6794 6789
f 6795 6796 6794
f 6794 6796 6789
f 6790 6789 6797
f 6797 6789 6796
f 6798 6765 6738
f 6738 6765 6739
f 6799 6798 6752
f 6752 6798 6738
f 6767 6800 6768
f 6768 6800 6771
f 6766 6801 6767
f 6767 6801 6800
f 6802 6801 6765
f 6765 6801 6766
f 6798 6803 6765
f 6765 6803 6802
f 6804 6803 6799
f 6799 6803 6798
f 6805 6806 6804
f 6804 6806 6803
f 6807 6799 6754
f 6754 6799 6752
f 6808 6804 6807
f 6807 6804 6799
f 6809 6805 6808
f 6808 6805 6804
f 6810 6811 6805
f 6805 6811 6806
f 6812 6813 6810
f 6810 6813 6811
f 6814 6815 6796
f 6796 6815 6797
f 6813 6814 6816
f 6816 6814 6817
f 6816 6818 6813
f 6813 6818 6811
f 6819 6806 6818
f 6818 6806 6811
f 6802 6803 6819
f 6819 6803 6806
f 6757 6749 6820
f 6820 6749 6770
f 6820 6770 6821
f 6821 6770 6773
f 6821 6773 6822
f 6822 6773 6775
f 6822 6775 6823
f 6823 6775 6778
f 6824 6823 6777
f 6777 6823 6778
f 6784 6825 6777
f 6777 6825 6824
f 6826 6827 6788
f 6788 6827 6783
f 6828 6826 6790
f 6790 6826 6788
f 6829 6828 6797
f 6797 6828 6790
f 6815 6830 6797
f 6797 6830 6829
f 6832 6812 6831
f 6831 6812 6810
f 6831 6810 6809
f 6809 6810 6805
f 6736 6800 6735
f 6735 6800 6801
f 6733 6735 6802
f 6802 6735 6801
f 6734 6733 6819
f 6819 6733 6802
f 6833 6734 6818
f 6818 6734 6819
f 6834 6833 6816
f 6816 6833 6818
f 6816 6817 6834
f 6834 6817 6835
f 6837 6795 6836
f 6836 6795 6794
f 6836 6794 6731
f 6731 6794 6793
f 6732 6731 6791
f 6791 6731 6793
f 6791 6792 6732
f 6732 6792 6730
f 6729 6728 6781
f 6781 6728 6782
f 6838 6807 6756
f 6756 6807 6754
f 6839 6838 6760
f 6760 6838 6756
f 6840 6839 6762
f 6762 6839 6760
f 6841 6840 6764
f 6764 6840 6762
f 6820 6841 6757
f 6757 6841 6764
f 6841 6820 6842
f 6842 6820 6821
f 6840 6841 6843
f 6843 6841 6842
f 6839 6840 6844
f 6844 6840 6843
f 6838 6839 6845
f 6845 6839 6844
f 6807 6838 6808
f 6808 6838 6845
f 6842 6821 6846
f 6846 6821 6822
f 6843 6842 6847
f 6847 6842 6846
f 6844 6843 6848
f 6848 6843 6847
f 6845 6844 6849
f 6849 6844 6848
f 6808 6845 6809
f 6809 6845 6849
f 6850 6831 6849
f 6849 6831 6809
f 6851 6850 6848
f 6848 6850 6849
f 6847 6852 6848
f 6848 6852 6851
f 6853 6852 6846
f 6846 6852 6847
f 6846 6822 6853
f 6853 6822 6823
f 6853 6823 6854
f 6854 6823 6824
f 6854 6855 6853
f 6853 6855 6852
f 6856 6851 6855
f 6855 6851 6852
f 6856 6857 6851
f 6851 6857 6850
f 6857 6832 6850
f 6850 6832 6831
f 6825 6858 6824
f 6824 6858 6854
f 6860 6827 6859
f 6859 6827 6826
f 6859 6826 6861
f 6861 6826 6828
f 6862 6861 6829
f 6829 6861 6828
f 6830 6863 6829
f 6829 6863 6862
f 6863 6864 6862
f 6862 6864 6865
f 6858 6866 6854
f 6854 6866 6855
f 6867 6865 6866
f 6866 6865 6864
f 6869 6859 6868
f 6868 6859 6861
f 6867 6869 6865
f 6865 6869 6868
f 6861 6862 6868
f 6868 6862 6865
f 6867 6860 6869
f 6869 6860 6859
f 6753 6751 6698
f 6698 6751 6695
f 6697 6755 6698
f 6698 6755 6753
f 6759 6755 6702
f 6702 6755 6697
f 6761 6759 6708
f 6708 6759 6702
f 6763 6761 6712
f 6712 6761 6708
f 6758 6763 6717
f 6717 6763 6712
f 6750 6758 6716
f 6716 6758 6717
f 6719 6748 6716
f 6716 6748 6750
f 6714 6746 6719
f 6719 6746 6748
f 6705 6744 6714
f 6714 6744 6746
f 6704 6742 6705
f 6705 6742 6744
f 6740 6742 6693
f 6693 6742 6704
f 6737 6740 6692
f 6692 6740 6693
f 6751 6737 6695
f 6695 6737 6692
f 6601 6602 6836
f 6836 6602 6837
f 6604 6601 6731
f 6731 6601 6836
f 6599 6600 6834
f 6834 6600 6833
f 6834 6835 6599
f 6599 6835 6611
f 6600 6610 6833
f 6833 6610 6734
f 6780 6771 6870
f 6870 6771 6736
f 6736 6771 6800
f 6870 6729 6780
f 6780 6729 6781
f 6608 6729 6609
f 6609 6729 6870
f 6609 6870 6726
f 6726 6870 6736
f 5014 5015 5229
f 5229 5015 5230
f 4258 5015 4259
f 4259 5015 4878
f 3471 3013 4703
f 4703 3013 4704
f 2879 6337 1306
f 1306 6337 4785
f 829 3471 4316
f 4316 3471 4703
f 4702 3472 5223
f 5223 3472 1756
f 6871 6872 4534
f 4534 6872 4535
f 6871 4665 6872
f 6872 4665 4844
f 6871 6873 4665
f 4665 6873 4559
f 6871 4534 6873
f 6873 4534 4542
f 4153 4152 4822
f 4822 4152 4407
f 4152 4168 4407
f 4407 4168 4342
f 4343 4168 4923
f 4923 4168 4167
f 4363 4362 4972
f 4972 4362 4840
f 4362 4394 4840
f 4840 4394 4839
f 4401 4400 4986
f 4986 4400 4984
f 4435 4434 4841
f 4841 4434 4842
f 4506 4505 4530
f 4530 4505 4531
f 4506 4535 4507
f 4507 4535 4843
f 4661 4660 4516
f 4516 4660 4517
f 4673 4672 4937
f 4937 4672 6547
f 4400 4924 4984
f 4984 4924 5263
f 4673 4660 4674
f 4674 4660 4659
f 4505 4661 4531
f 4531 4661 4516
f 4952 4401 6874
f 6874 4401 4986
f 4954 4153 6875
f 6875 4153 4822
f 4363 4973 4364
f 4364 4973 4974
f 5264 4924 5267
f 5267 4924 4691
f 6293 6292 6876
f 6876 6292 6877
f 6380 4343 6387
f 6387 4343 4923
f 4394 4435 4839
f 4839 4435 4841
f 4672 4434 6547
f 6547 4434 4433
f 4973 6556 4974
f 4974 6556 6878
f 6567 6380 6574
f 6574 6380 6387
f 6292 4954 6877
f 6877 4954 6875
f 6567 5264 6568
f 6568 5264 5267
f 4145 4144 4154
f 4154 4144 4151
f 4194 4144 4425
f 4425 4144 4143
f 4355 4354 5263
f 5263 4354 4984
f 4360 4359 4364
f 4364 4359 4361
f 4444 4359 4392
f 4392 4359 4337
f 4447 4446 4432
f 4432 4446 4433
f 4464 4463 6547
f 6547 4463 4937
f 4519 4518 4654
f 4654 4518 4509
f 4533 4532 4499
f 4499 4532 4498
f 4533 4542 4530
f 4530 4542 4534
f 4519 4532 4516
f 4516 4532 4531
f 4922 4194 4426
f 4426 4194 4425
f 4463 4518 4937
f 4937 4518 4517
f 6555 4951 6874
f 6874 4951 6878
f 4958 4957 6290
f 6290 4957 6291
f 4334 4360 4712
f 4712 4360 4950
f 4985 4354 4419
f 4419 4354 4353
f 5262 4355 5265
f 5265 4355 5263
f 6294 4958 4804
f 4804 4958 6290
f 6386 4922 6384
f 6384 4922 4426
f 4444 4447 4393
f 4393 4447 4432
f 4464 4446 4465
f 4465 4446 4445
f 4985 6555 4986
f 4986 6555 6874
f 6573 6386 6571
f 6571 6386 6384
f 4145 6294 4146
f 4146 6294 4804
f 6573 5262 6574
f 6574 5262 5265
f 4542 4541 6873
f 6873 4541 4559
f 4535 6872 4843
f 4843 6872 4844
f 4104 4103 6879
f 6879 4103 6343
f 4105 6293 6307
f 6307 6293 6876
f 4104 4956 4105
f 4105 4956 6293
f 4956 4104 4957
f 4957 4104 6879
f 4957 6879 6291
f 6291 6879 6309
f 4648 4988 4649
f 4649 4988 4953
f 4802 4803 4928
f 4928 4803 6550
f 6550 4803 6555
f 6555 4803 4951
f 1516 3173 4987
f 4987 3173 5006
f 6519 6518 6558
f 6558 6518 6510
f 6527 6519 6559
f 6559 6519 6558
f 6528 6560 6529
f 6529 6560 6541
f 6548 4625 6549
f 6549 4625 4624
f 6551 6552 4746
f 4746 6552 6505
f 6553 4711 6554
f 6554 4711 4710
f 4802 6551 4713
f 4713 6551 4746
f 6556 4973 4649
f 4649 4973 4646
f 6557 4949 6548
f 6548 4949 4625
f 4648 4647 6553
f 6553 4647 4711
f 6549 4624 4987
f 4987 4624 4838
f 6552 6518 6505
f 6505 6518 6507
f 6561 4372 6529
f 6529 4372 6514
f 6562 4369 6561
f 6561 4369 4372
f 3142 3482 6562
f 6562 3482 4369
f 6556 4952 6878
f 6878 4952 6874
f 4951 4950 6878
f 6878 4950 4974
f 3168 440 3952
f 4204 4203 5341
f 5341 4203 6364
f 4219 4222 6429
f 6429 4222 4383
f 4319 4322 6506
f 6506 4322 4747
f 4340 4714 4341
f 4341 4714 4384
f 4375 4377 6388
f 6388 4377 6546
f 4378 4381 6311
f 6311 4381 4720
f 4449 4341 4387
f 4387 4341 4384
f 4473 4472 4477
f 4477 4472 4474
f 4492 4491 4487
f 4487 4491 4488
f 4523 4491 4522
f 4522 4491 4490
f 4492 4538 4493
f 4493 4538 4555
f 4538 4553 4555
f 4555 4553 4556
f 4620 4615 4621
f 4621 4615 4618
f 4652 4651 4368
f 4368 4651 4365
f 4523 4655 4524
f 4524 4655 4656
f 4553 4667 4556
f 4556 4667 4571
f 4651 1210 4365
f 4365 1210 1209
f 4698 4697 5223
f 5223 4697 6344
f 4340 4339 4322
f 4322 4339 4747
f 4726 4729 5287
f 5287 4729 4198
f 4381 4380 4737
f 4737 4380 6368
f 4836 4835 4451
f 4451 4835 4709
f 4910 6367 4911
f 4911 6367 6366
f 4912 4915 6450
f 6450 4915 6449
f 4927 4836 4450
f 4450 4836 4451
f 4930 4929 4439
f 4439 4929 4436
f 4936 4935 4459
f 4459 4935 4456
f 4473 4655 4470
f 4470 4655 4510
f 4942 4583 4943
f 4943 4583 4572
f 4948 4601 4947
f 4947 4601 4584
f 4949 4835 4625
f 4625 4835 4626
f 4966 4969 6289
f 6289 4969 4695
f 4971 4652 4926
f 4926 4652 4368
f 4203 4977 6364
f 6364 4977 6365
f 4990 4989 4443
f 4443 4989 4440
f 4990 4991 4478
f 4478 4991 4512
f 4992 4991 4528
f 4528 4991 4515
f 4992 4993 4527
f 4527 4993 4485
f 4994 4993 4502
f 4502 4993 4503
f 4994 4995 4482
f 4482 4995 4550
f 4543 4996 4544
f 4544 4996 4995
f 4999 4998 4567
f 4567 4998 4578
f 5000 4998 4575
f 4575 4998 4997
f 5002 5001 4592
f 4592 5001 4574
f 5003 5004 4614
f 4614 5004 4611
f 3483 4215 1755
f 1755 4215 4698
f 5274 5277 4195
f 4195 5277 4223
f 4726 5295 4727
f 4727 5295 6350
f 5309 5342 5310
f 5310 5342 6363
f 5315 5314 5316
f 5316 5314 5317
f 5339 6362 5340
f 5340 6362 5363
f 5310 6363 5339
f 5339 6363 6362
f 4204 5309 4201
f 4201 5309 5308
f 4915 5345 6449
f 6449 5345 6448
f 5345 5315 6448
f 6448 5315 5316
f 5348 5347 6351
f 6351 5347 6352
f 5365 4263 5340
f 5340 4263 4262
f 6295 6298 4733
f 4733 6298 4734
f 4969 6306 4695
f 4695 6306 4696
f 6306 4378 4696
f 4696 4378 6311
f 6369 6372 6544
f 6544 6372 6545
f 4375 6390 4373
f 4373 6390 4374
f 6421 6422 4911
f 4911 6422 4908
f 4910 4909 4737
f 4737 4909 4736
f 5277 4219 4223
f 4223 4219 6429
f 4697 4222 6344
f 6344 4222 4221
f 6436 6361 6437
f 6437 6361 6360
f 6438 6440 6437
f 6437 6440 6434
f 6438 6359 6441
f 6441 6359 6358
f 6442 6441 6357
f 6357 6441 6358
f 6442 6444 6443
f 6443 6444 6445
f 6446 6444 6355
f 6355 6444 6356
f 6446 4912 6447
f 6447 4912 6450
f 6436 6435 5365
f 5365 6435 4263
f 5314 5347 5317
f 5317 5347 5346
f 4319 6512 4320
f 4320 6512 6513
f 6520 6512 6521
f 6521 6512 6508
f 6528 6520 6527
f 6527 6520 6521
f 6532 6539 6533
f 6533 6539 6535
f 6533 6535 6537
f 6537 6535 6534
f 6538 6543 6537
f 6537 6543 6536
f 6295 4377 6296
f 6296 4377 4376
f 4989 4930 4440
f 4440 4930 4439
f 4927 4929 4422
f 4422 4929 4455
f 4449 4936 4388
f 4388 4936 4459
f 4472 4935 4474
f 4474 4935 4932
f 4942 4940 4947
f 4947 4940 4939
f 5001 5000 4574
f 4574 5000 4575
f 4669 4943 4666
f 4666 4943 4667
f 4996 4999 4547
f 4547 4999 4567
f 4948 4946 4620
f 4620 4946 4615
f 5003 5002 4591
f 4591 5002 4592
f 6557 4971 6554
f 6554 4971 4926
f 6532 6560 6539
f 6539 6560 6559
f 6390 6372 4374
f 4374 6372 6371
f 4966 6298 4967
f 4967 6298 6297
f 6538 6526 6369
f 6369 6526 6370
f 6585 6589 4621
f 4621 6589 4619
f 6597 6578 6598
f 6598 6578 6577
f 6606 6583 6607
f 6607 6583 6603
f 6611 6602 6598
f 6598 6602 6596
f 6585 6584 6606
f 6606 6584 6583
f 6597 6580 5004
f 5004 6580 4611
f 6607 6603 6730
f 6730 6603 6732
f 6776 6785 6777
f 6777 6785 6784
f 6785 6776 6792
f 6792 6776 6782
f 6815 6814 6812
f 6812 6814 6813
f 6817 6814 6795
f 6795 6814 6796
f 6825 6784 6827
f 6827 6784 6783
f 6830 6815 6832
f 6832 6815 6812
f 6817 6795 6835
f 6835 6795 6837
f 6792 6782 6730
f 6730 6782 6728
f 6858 6825 6860
f 6860 6825 6827
f 6863 6830 6857
f 6857 6830 6832
f 6864 6863 6856
f 6856 6863 6857
f 6866 6858 6867
f 6867 6858 6860
f 6866 6864 6855
f 6855 6864 6856
f 6835 6837 6611
f 6611 6837 6602
f 6560 6528 6559
f 6559 6528 6527
f 4949 6557 4710
f 4710 6557 6554
f 4430 4090 4175
f 4175 4090 4089
f 4777 4113 4155
f 4155 4113 4086
f 4175 4089 4176
f 4176 4089 4142
f 4199 4271 4200
f 4200 4271 4798
f 4199 4095 4272
f 4272 4095 5273
f 4406 4405 4404
f 4404 4405 4346
f 4410 4409 6877
f 6877 4409 6876
f 4409 4413 6876
f 6876 4413 6307
f 4415 4148 4416
f 4416 4148 4147
f 4690 4405 4344
f 4344 4405 4342
f 4693 4692 4352
f 4352 4692 4349
f 4701 4700 6337
f 6337 4700 6338
f 4778 4777 4081
f 4081 4777 4155
f 4821 4406 4809
f 4809 4406 4404
f 4176 4142 4181
f 4181 4142 4415
f 4760 4970 4399
f 4399 4970 4692
f 4200 5007 4096
f 4096 5007 4078
f 5266 4693 5269
f 5269 4693 4352
f 5270 5007 5361
f 5361 5007 4797
f 4778 5270 4779
f 4779 5270 5361
f 6285 4410 6875
f 6875 4410 6877
f 6308 4413 4687
f 4687 4413 4412
f 6480 6320 6481
f 6481 6320 6880
f 4701 2878 4702
f 4702 2878 3472
f 6339 6347 6340
f 6340 6347 6348
f 6341 6342 6346
f 6346 6342 6345
f 4416 6308 4414
f 4414 6308 4687
f 6385 4690 6381
f 6381 4690 4344
f 5282 6341 5280
f 5280 6341 6339
f 4700 6342 6338
f 6338 6342 5281
f 6340 6348 4272
f 4272 6348 4270
f 6480 6479 4828
f 4828 6479 4829
f 6490 6479 6489
f 6489 6479 6478
f 4090 4430 6490
f 6490 4430 4429
f 6563 6564 4970
f 4970 6564 4815
f 4694 6566 4366
f 4366 6566 6563
f 6572 6385 6568
f 6568 6385 6381
f 4821 6285 4822
f 4822 6285 6875
f 6572 5266 6569
f 6569 5266 5269
f 3482 3103 4369
f 4369 3103 4370
f 3121 4730 3485
f 3485 4730 4327
f 6277 6280 6273
f 6273 6280 6272
f 6267 6276 6278
f 6278 6276 6279
f 6278 6279 6277
f 6277 6279 6280
f 6279 6256 6280
f 6280 6256 6255
f 6256 3857 6255
f 6255 3857 3754
f 3857 3856 3754
f 3754 3856 3755
f 3856 3703 3755
f 3755 3703 3863
f 3703 3702 3863
f 3863 3702 3759
f 3702 3706 3759
f 3759 3706 3670
f 3706 3705 3670
f 3670 3705 3668
f 3705 3773 3668
f 3668 3773 3882
f 3882 3773 3883
f 3883 3773 3707
f 3707 3708 3883
f 3883 3708 3880
f 3708 3710 3880
f 3880 3710 3881
f 3709 5241 3710
f 3710 5241 3881
f 5241 3709 5234
f 5234 3709 3786
f 3693 3712 3786
f 3786 3712 5234
f 4051 4055 4052
f 4052 4055 4056
f 4056 4055 4057
f 4057 4055 4054
f 4066 5238 5236
f 5236 5238 3989
f 4066 4069 5238
f 5238 4069 4035
f 6881 3962 3960
f 3960 3962 3957
f 6883 4070 6882
f 6882 4070 3941
f 4070 6883 4071
f 4071 6883 6884
f 4071 6884 4072
f 4072 6884 6885
f 6885 6886 4072
f 4072 6886 4031
f 3955 6881 3956
f 3956 6881 3960
f 6884 3991 6885
f 6885 3991 3990
f 6883 6887 6884
f 6884 6887 3991
f 6887 6888 3991
f 3991 6888 3992
f 6888 6887 6889
f 6889 6887 6890
f 6887 6883 6890
f 6890 6883 6882
f 4058 5240 3953
f 3953 5240 3954
f 5236 6888 5239
f 5239 6888 6889
f 5237 6886 3990
f 3990 6886 6885
f 4034 4031 5237
f 5237 4031 6886
f 6881 6882 3962
f 3962 6882 3941
f 6881 3955 6882
f 6882 3955 6890
f 3955 3954 6890
f 6890 3954 6889
f 5239 6889 5240
f 5240 6889 3954
f 6888 5236 3992
f 3992 5236 3989
f 3869 3868 3888
f 3888 3868 4015
f 3868 4012 4015
f 4015 4012 4010
f 4012 4022 4010
f 4010 4022 4009
f 4022 4021 4009
f 4009 4021 4018
f 4020 3974 4001
f 4001 3974 3996
f 4021 4020 4029
f 4029 4020 4001
f 4085 4156 4086
f 4086 4156 4155
f 4113 4777 4114
f 4114 4777 4776
f 4130 4129 4094
f 4094 4129 4091
f 4139 4773 4140
f 4140 4773 4772
f 4149 4178 4150
f 4150 4178 5225
f 4160 4159 4087
f 4087 4159 4088
f 4149 4148 4179
f 4179 4148 4141
f 4085 4084 4183
f 4183 4084 6315
f 4179 4141 4159
f 4159 4141 4088
f 4192 4130 4162
f 4162 4130 4094
f 4197 5288 4198
f 4198 5288 5287
f 4229 4766 4230
f 4230 4766 4771
f 4245 4246 4242
f 4242 4246 4249
f 4183 6315 4418
f 4418 6315 6314
f 4679 4178 4680
f 4680 4178 4177
f 4724 4798 4725
f 4725 4798 4271
f 4728 5275 4729
f 4729 5275 5274
f 4230 4771 4249
f 4249 4771 4242
f 4724 4723 4799
f 4799 4723 5355
f 4823 4824 4891
f 4891 4824 6327
f 4823 4192 4161
f 4161 4192 4162
f 4893 4767 4229
f 4229 4767 4766
f 4894 4895 4898
f 4898 4895 4899
f 4106 4150 4103
f 4103 4150 5225
f 4680 4894 4677
f 4677 4894 4898
f 6420 4977 5301
f 5301 4977 4976
f 4679 4678 5226
f 5226 4678 4427
f 5228 5008 4893
f 4893 5008 4767
f 5285 6354 5286
f 5286 6354 5343
f 5289 5352 5290
f 5290 5352 5349
f 5290 5349 5295
f 5295 5349 5348
f 5302 5299 4202
f 4202 5299 4976
f 4725 4271 5311
f 5311 4271 4270
f 5325 4723 5326
f 5326 4723 4722
f 5335 5355 5325
f 5325 5355 4723
f 5326 4722 5286
f 5286 4722 5283
f 4799 5357 4797
f 4797 5357 5361
f 5359 5356 5335
f 5335 5356 5355
f 4775 4774 5356
f 5356 4774 5357
f 5359 5358 4092
f 4092 5358 4093
f 6316 4740 6317
f 6317 4740 4739
f 6318 4827 6316
f 6316 4827 4740
f 6319 4828 6318
f 6318 4828 4827
f 6320 6480 6319
f 6319 6480 4828
f 6484 6322 6485
f 6485 6322 6321
f 6487 6324 6331
f 6331 6324 6323
f 6331 6323 6330
f 6330 6323 6325
f 6325 6326 6330
f 6330 6326 6329
f 6326 6328 6329
f 6329 6328 5231
f 4824 4685 5228
f 5228 4685 5008
f 5226 6343 5225
f 5225 6343 4103
f 4728 4727 6349
f 6349 4727 5284
f 6350 6351 5285
f 5285 6351 6354
f 4247 4246 6418
f 6418 4246 6365
f 6400 6402 6401
f 6401 6402 6459
f 4197 4196 6409
f 6409 4196 6426
f 6412 4897 6328
f 6328 4897 5231
f 6413 4133 6412
f 6412 4133 4897
f 6414 4134 6413
f 6413 4134 4133
f 6415 4225 6414
f 6414 4225 4134
f 6416 4252 6415
f 6415 4252 4225
f 6417 4253 6416
f 6416 4253 4252
f 4253 6417 6366
f 6366 6417 6419
f 6366 6419 4911
f 4911 6419 6421
f 6422 6423 4908
f 4908 6423 5298
f 5298 6423 6396
f 6396 6423 6424
f 6409 6426 6425
f 6425 6426 6397
f 5300 5299 6399
f 6399 5299 6400
f 6465 6408 6401
f 6401 6408 6398
f 6424 6399 6425
f 6425 6399 6398
f 6349 5284 5311
f 5311 5284 5283
f 6465 6464 5289
f 5289 6464 5352
f 6488 6483 6492
f 6492 6483 6482
f 6486 6491 6482
f 6482 6491 6492
f 6491 4895 6492
f 6492 4895 4157
f 6488 4160 6489
f 6489 4160 4087
f 6501 6502 4418
f 4418 6502 4417
f 6504 6500 6317
f 6317 6500 6314
f 3497 3496 6501
f 6501 3496 6502
f 3499 3498 6504
f 6504 3498 6500
f 4729 5274 4198
f 4198 5274 4195
f 6418 6365 6420
f 6420 6365 4977
f 5295 5348 6350
f 6350 5348 6351
f 5301 6422 6420
f 6420 6422 6421
f 4113 4112 4086
f 4086 4112 4083
f 6320 4112 6880
f 6880 4112 4111
f 4091 4772 4092
f 4092 4772 4775
f 4129 4140 4091
f 4091 4140 4772
f 4137 4140 4128
f 4128 4140 4129
f 4128 6324 4137
f 4137 6324 6321
f 6324 6487 6321
f 6321 6487 6485
f 6487 6486 6485
f 6485 6486 6482
f 4774 4773 4779
f 4779 4773 4776
f 4773 4139 4776
f 4776 4139 4114
f 4139 4138 4114
f 4114 4138 4111
f 4138 6322 4111
f 4111 6322 6880
f 6322 6484 6880
f 6880 6484 6481
f 6484 6483 6481
f 6481 6483 6478
f 6879 6343 6309
f 6309 6343 4428
f 4106 4105 4900
f 4900 4105 6307
f 3500 3167 6495
f 6495 3167 6496
f 3500 6495 3070
f 3070 6495 5368
f 3502 5235 3501
f 3501 5235 4813
f 3024 3503 6473
f 6473 3503 6474
f 3503 3023 6474
f 6474 3023 6374
f 3504 1770 4348
f 4348 1770 4345
f 3502 3505 5235
f 5235 3505 4810
f 3498 3497 6500
f 6500 3497 6501
f 3496 3075 6502
f 6502 3075 6275
f 6299 4254 3174
f 3174 4254 3017
f 1769 3501 4814
f 4814 3501 4813
f 3506 3018 6476
f 6476 3018 4257
f 3507 3499 6499
f 6499 3499 6504
f 3030 4216 3483
f 3483 4216 4215
f 3077 3507 6333
f 6333 3507 6499
f 1784 3160 5249
f 5249 3160 6523
f 3015 3506 4240
f 4240 3506 6476
f 3508 3504 6383
f 6383 3504 4348
f 3509 3016 6477
f 6477 3016 4239
f 3028 3509 6467
f 6467 3509 6477
f 3022 1785 5246
f 5246 1785 5247
f 3161 3508 6570
f 6570 3508 6383
f 3150 3149 4694
f 4694 3149 6566
f 1327 4807 3510
f 3510 4807 4811
f 3510 4811 3505
f 3505 4811 4810
f 3146 3511 4816
f 4816 3511 4350
f 3511 1808 4350
f 4350 1808 4351
f 3485 4327 3159
f 3159 4327 4330
f 1326 3512 4806
f 4806 3512 6310
f 3512 1331 6310
f 6310 1331 4688
