v -0.02590755 0.70291686 0.42626208
v -0.03157563 0.68736088 0.42733061
v -0.02133433 0.68724668 0.41716856
v -0.01558334 0.69985247 0.41233587
v -0.02499570 0.67622101 0.41947848
v -0.03408713 0.67629623 0.42674017
v -0.01495944 0.68475479 0.40546632
v -0.01044281 0.69496191 0.39809471
v -0.01092988 0.65428972 0.38180810
v -0.00721213 0.65327036 0.37137687
v -0.00705700 0.66436338 0.37731999
v -0.01177235 0.66290534 0.38605154
v -0.01268877 0.63139158 0.37003243
v -0.01806606 0.62016582 0.37504855
v -0.01680008 0.61517692 0.36273435
v -0.01243694 0.62653220 0.35703132
v -0.04839663 0.62529862 0.40385526
v -0.04335219 0.61947095 0.40012360
v -0.03942955 0.62620217 0.40102816
v -0.04523088 0.63137561 0.40427160
v -0.05642161 0.63279498 0.41373962
v -0.05525548 0.63913369 0.41223007
v -0.05930601 0.64093852 0.41902035
v -0.05964022 0.63364840 0.42114061
v -0.05386659 0.61990726 0.40305060
v -0.04852994 0.61395442 0.39865077
v -0.05272278 0.63005495 0.40772116
v -0.05462365 0.62551105 0.40853268
v -0.05749051 0.61628926 0.41667861
v -0.05586577 0.62121934 0.41678232
v -0.05839812 0.62012529 0.42412889
v -0.05998902 0.61509275 0.42149037
v -0.05488778 0.61890543 0.40758508
v -0.05424025 0.62081283 0.41119874
v -0.05664149 0.61655796 0.41231591
v -0.05805160 0.61522222 0.40877086
v -0.05717409 0.62802309 0.41532165
v -0.05932972 0.62736881 0.42303485
v -0.06256902 0.62629056 0.43053895
v -0.06189697 0.61745417 0.43069875
v -0.03358394 0.60893005 0.38834035
v -0.03780964 0.61429280 0.39526916
v -0.04307595 0.60894167 0.39442635
v -0.03874589 0.60474551 0.38928980
v -0.05711995 0.61347014 0.40409195
v -0.05429987 0.59856665 0.39769942
v -0.05379511 0.60204697 0.39944583
v -0.05948164 0.60161650 0.40401560
v -0.05935663 0.59836626 0.40219116
v -0.02976211 0.59861493 0.37443528
v -0.03506752 0.59569836 0.37883162
v -0.03500155 0.59031832 0.37377143
v -0.03036715 0.59200859 0.36797988
v -0.03763200 0.58441377 0.37091362
v -0.03226590 0.58534122 0.36226279
v -0.04157164 0.57209665 0.35724324
v -0.03682542 0.57799888 0.35915023
v -0.04157233 0.57880545 0.36941415
v -0.04678794 0.57288074 0.37066138
v -0.05734801 0.57521778 0.38189238
v -0.06292002 0.57266259 0.38498735
v -0.05874075 0.56194580 0.37758219
v -0.05311145 0.56607461 0.37422100
v -0.05517294 0.59375316 0.39174783
v -0.05155133 0.59484339 0.38876754
v -0.05092864 0.59543806 0.39147717
v -0.05467177 0.59542096 0.39529496
v -0.04805767 0.59527123 0.38663411
v -0.04650495 0.59524649 0.38578129
v -0.04651756 0.59595811 0.38743359
v -0.04786118 0.59597433 0.38766432
v -0.04982952 0.59547842 0.38819700
v -0.05102490 0.59366345 0.38782293
v -0.04902272 0.59443891 0.38679230
v -0.05432373 0.59197485 0.39043546
v -0.06604602 0.58750677 0.39831197
v -0.06257683 0.58789915 0.39662355
v -0.06381341 0.59218132 0.39771098
v -0.06680006 0.59227931 0.39913899
v -0.04765962 0.59783620 0.38995808
v -0.04563555 0.59873354 0.38982910
v -0.04902197 0.60026944 0.39435691
v -0.05031303 0.59782791 0.39285189
v -0.04278650 0.60086495 0.39016944
v -0.04433399 0.59739172 0.38717437
v -0.04124515 0.59864926 0.38628453
v -0.04720865 0.59381032 0.38501930
v -0.04467584 0.59273970 0.38284743
v -0.04384771 0.59471810 0.38483286
v -0.04696584 0.58984977 0.38189274
v -0.04977246 0.59177536 0.38533437
v -0.05319571 0.58924401 0.38738340
v -0.05740829 0.58654737 0.39052999
v -0.05536665 0.58320951 0.38555753
v -0.05069578 0.58642375 0.38303000
v -0.04678806 0.60466492 0.39468867
v -0.03995905 0.59497839 0.38234138
v -0.03652928 0.60099429 0.38416463
v -0.04038567 0.59108984 0.37940788
v -0.04270170 0.58707893 0.37748158
v -0.04711623 0.58210486 0.37719679
v -0.05196037 0.57880527 0.37923986
v -0.05747053 0.55820978 0.36252549
v -0.05001816 0.56363618 0.35992655
v -0.03637309 0.66963291 0.42171288
v -0.02817327 0.66975236 0.41828227
v -0.02769400 0.66378713 0.41121459
v -0.02625797 0.66548181 0.41186976
v -0.03099056 0.66661048 0.41554570
v -0.03144984 0.66393018 0.41403151
v -0.01675738 0.66311288 0.39279324
v -0.02047809 0.66286522 0.39856559
v -0.02090651 0.65983820 0.39532751
v -0.01586851 0.65709615 0.38919771
v -0.02783814 0.65061891 0.39951766
v -0.02409516 0.65272725 0.39637756
v -0.02671461 0.65797818 0.40234470
v -0.02951652 0.65639865 0.40451336
v -0.03298124 0.65539855 0.40656489
v -0.03719231 0.65481019 0.40778202
v -0.03703299 0.65037078 0.40554321
v -0.03231118 0.65013528 0.40299439
v -0.03718423 0.66736102 0.41780680
v -0.04441950 0.66625106 0.41775429
v -0.04305266 0.66417754 0.41595757
v -0.03687134 0.66432643 0.41633505
v -0.05367923 0.65993595 0.40949643
v -0.05233282 0.66181278 0.41137302
v -0.05548960 0.66240716 0.41368604
v -0.05657488 0.65867203 0.41108054
v -0.05440610 0.65622032 0.40971696
v -0.05239597 0.65848875 0.40905350
v -0.03472770 0.72348368 0.43308192
v -0.03883586 0.70430106 0.43577552
v -0.02019361 0.72115231 0.41860640
v -0.01055922 0.71537250 0.40409476
v -0.00572256 0.70611072 0.38911027
v -0.02309968 0.60528791 0.36894569
v -0.02310904 0.59925741 0.35969153
v -0.01658636 0.61064470 0.35085383
v -0.01923517 0.60306829 0.34242517
v -0.02570746 0.59109914 0.35223848
v -0.03970860 0.57488704 0.34286696
v -0.03111667 0.58245993 0.34654206
v -0.02489252 0.59593558 0.33356100
v -0.01866424 0.61350131 0.32413518
v -0.01464172 0.61694169 0.33427167
v -0.01495975 0.63233459 0.31867179
v -0.02492636 0.61213881 0.31062701
v -0.01817470 0.63490105 0.31075972
v -0.03917178 0.57902324 0.29425657
v -0.03628882 0.57232380 0.28245872
v -0.02646029 0.58599430 0.27575213
v -0.02805688 0.59187704 0.28661448
v -0.01238441 0.62172174 0.34468326
v -0.00557728 0.67740160 0.37449750
v -0.00906787 0.67336178 0.38494205
v -0.00426453 0.66656649 0.36610478
v -0.00301020 0.73924088 0.37841040
v -0.00656106 0.72847903 0.39340860
v -0.00069174 0.71697551 0.38061005
v 0.00228736 0.72822630 0.36827147
v -0.02845146 0.76754987 0.40084088
v -0.02925476 0.74664426 0.41999334
v -0.01748639 0.73945659 0.40823293
v -0.01505831 0.75555730 0.39198840
v 0.00260917 0.73385525 0.35576886
v 0.00154131 0.74151266 0.33901173
v -0.00314988 0.75797224 0.33909577
v -0.00295814 0.75134361 0.36003810
v -0.01460034 0.77840519 0.34130710
v -0.01403400 0.77049720 0.36704057
v -0.02116729 0.62832236 0.29608673
v -0.01913425 0.64490396 0.30131555
v -0.02975396 0.60021245 0.29953733
v -0.02290645 0.61471176 0.28866661
v -0.03194212 0.79390895 0.34379521
v -0.03069321 0.78517354 0.37420675
v -0.01386919 0.73923481 0.28733933
v -0.00976869 0.75208735 0.30081666
v -0.00269995 0.73484939 0.31008738
v -0.00656390 0.72520566 0.29616570
v -0.02636647 0.75341213 0.27824301
v -0.02170626 0.76913047 0.29423612
v -0.02726213 0.69074130 0.26664382
v -0.03396940 0.67469943 0.26826578
v -0.04279513 0.68145943 0.25705773
v -0.03797736 0.69920325 0.25374478
v -0.01855181 0.67602634 0.41096598
v -0.02224220 0.66911155 0.41264135
v -0.01883566 0.66842520 0.40578288
v -0.01511779 0.67385781 0.40194321
v -0.01142322 0.68031013 0.39451277
v -0.00745764 0.68748641 0.38532233
v -0.00069415 0.70657861 0.36839443
v 0.00265508 0.71804249 0.35891241
v 0.00282674 0.72833717 0.33610994
v 0.00356197 0.72295451 0.34915885
v -0.00064797 0.71993494 0.31236339
v -0.00371169 0.71429521 0.30369294
v -0.02042570 0.66083968 0.29097670
v -0.02446642 0.64244616 0.28459474
v -0.03252346 0.65300965 0.27482098
v -0.02681803 0.66889024 0.27911109
v -0.04860301 0.66549385 0.25705564
v -0.04026888 0.65957516 0.26650903
v -0.02720665 0.61715579 0.26830575
v -0.02699046 0.61130404 0.25792742
v -0.03289474 0.62401593 0.24960926
v -0.03420725 0.62752485 0.25904444
v -0.04158507 0.63285220 0.24115035
v -0.05241856 0.63893765 0.23534548
v -0.05187872 0.64451683 0.24373171
v -0.04325083 0.63878405 0.25094724
v -0.05690886 0.55341542 0.29247749
v -0.05609873 0.54931533 0.28038481
v -0.04519051 0.55722314 0.27628586
v -0.04789013 0.56196839 0.28756973
v -0.02486742 0.61012089 0.24786136
v -0.03034244 0.62479722 0.24139334
v -0.02023291 0.68352616 0.28058341
v -0.01624210 0.67967206 0.29131937
v -0.03884443 0.63369012 0.23251313
v -0.04251806 0.64628792 0.25989258
v -0.03399748 0.63763958 0.26760411
v -0.05892583 0.67081892 0.25038293
v -0.05486206 0.68618870 0.24775772
v -0.05036062 0.63625193 0.40727913
v -0.04671354 0.65269721 0.40776843
v -0.04594178 0.65639460 0.40922642
v -0.04985370 0.65721554 0.40920144
v -0.05111775 0.65412498 0.40878075
v -0.05649784 0.68380588 0.43828154
v -0.05788348 0.66824859 0.43163335
v -0.04538516 0.67280746 0.43091828
v -0.04367467 0.68608099 0.43480486
v -0.02177180 0.62768173 0.38876706
v -0.03027651 0.63031328 0.39766157
v -0.03346194 0.62057698 0.39632505
v -0.02799570 0.61609960 0.38849753
v -0.02296491 0.66251481 0.40180773
v -0.02141066 0.66381663 0.40283269
v -0.02360686 0.66312289 0.40486443
v -0.03136941 0.60404301 0.38192058
v -0.02476326 0.61069030 0.37879574
v -0.00542060 0.65320718 0.35924900
v -0.01317832 0.66973770 0.39328426
v -0.04937328 0.77554226 0.40937477
v -0.04825402 0.75086224 0.43113524
v -0.05307207 0.80438018 0.34780943
v -0.05047049 0.79378462 0.37966168
v -0.03808685 0.78199339 0.28878179
v -0.04411667 0.76531351 0.27146745
v -0.06102161 0.77370250 0.26740581
v -0.05990636 0.79183209 0.28939873
v -0.05082459 0.70478797 0.24570665
v -0.06336591 0.64227873 0.22960944
v -0.06305167 0.64949435 0.23819096
v -0.04928915 0.72517490 0.43878669
v -0.05250873 0.70293713 0.44149488
v -0.00433758 0.69693303 0.37584174
v -0.01166859 0.64537865 0.38079762
v -0.01569388 0.65005457 0.38853258
v -0.01773263 0.64455712 0.39095771
v -0.01424832 0.63730311 0.38251680
v -0.00956929 0.64139998 0.36939269
v -0.00889620 0.63974798 0.35516977
v -0.00836251 0.63896990 0.33909875
v -0.01178274 0.63343942 0.32768276
v -0.00010738 0.74315530 0.32278800
v -0.00694264 0.76082194 0.31775698
v -0.01770276 0.77899563 0.31516448
v -0.03515941 0.79255736 0.31445718
v 0.00125873 0.73113984 0.32306319
v -0.05692984 0.80173123 0.31646359
v -0.05999874 0.60588896 0.40561271
v -0.05336408 0.60805476 0.40027761
v -0.06144928 0.60997164 0.40759933
v -0.06178498 0.58435339 0.39318126
v -0.06574941 0.58315742 0.39499545
v -0.06510118 0.57940018 0.38974017
v -0.06038517 0.58084643 0.38791531
v -0.05762960 0.56154919 0.34602886
v -0.04889592 0.56803715 0.34353662
v -0.05715383 0.55752075 0.30453283
v -0.04912192 0.56671083 0.29970807
v -0.06119778 0.61604452 0.41535324
v -0.06274703 0.61607093 0.41596657
v -0.06312992 0.61607772 0.41350919
v -0.06116667 0.61618876 0.41305202
v -0.04932486 0.59561682 0.38930100
v -0.06402475 0.59731960 0.40475571
v -0.06700652 0.59687752 0.40563250
v -0.06694534 0.59440106 0.40262181
v -0.06382191 0.59467781 0.40171671
v -0.03548613 0.58701813 0.32364911
v -0.03928426 0.58470309 0.30780900
v -0.02410471 0.59653020 0.26677704
v -0.02413645 0.60422766 0.27789283
v -0.02609890 0.62803984 0.27728781
v -0.05063188 0.65450263 0.25153807
v -0.06064928 0.65822411 0.24376339
v -0.08668438 0.66352522 0.24022725
v -0.08603189 0.67647016 0.24292848
v -0.07216948 0.67400002 0.24463212
v -0.07430673 0.66181195 0.24181488
v -0.04812114 0.57160437 0.32719916
v -0.05697290 0.56447244 0.33079106
v -0.05677426 0.56295151 0.31785345
v -0.04879066 0.57143998 0.31353518
v -0.06635399 0.61284006 0.41553664
v -0.06769959 0.61116755 0.41672730
v -0.06740335 0.61042166 0.41314954
v -0.06554227 0.61280686 0.41316032
v -0.06049384 0.61516643 0.41040874
v -0.06264472 0.61447573 0.41025013
v -0.06231773 0.61271060 0.40918732
v -0.05977938 0.61571795 0.41559356
v -0.05952446 0.61571199 0.41255826
v -0.06404917 0.61420125 0.42069912
v -0.06152061 0.61439586 0.41890812
v -0.06373152 0.61173362 0.42516649
v -0.06497027 0.61397171 0.41465425
v -0.06455186 0.61367702 0.41258478
v -0.06160342 0.61563444 0.41145504
v -0.06319582 0.61514652 0.41167957
v -0.06400981 0.61473191 0.41893566
v -0.06225869 0.61509609 0.41749102
v -0.06305556 0.63419652 0.42823887
v -0.06896757 0.63390309 0.43142599
v -0.06904584 0.62525773 0.43342924
v -0.06911255 0.61624157 0.43410903
v -0.06944424 0.61043513 0.42825747
v -0.06436311 0.55799377 0.31981739
v -0.06490812 0.55273438 0.30714163
v -0.06856774 0.70183754 0.44389200
v -0.06893282 0.68262285 0.43901128
v -0.04874782 0.59539366 0.38716596
v -0.04485707 0.66856194 0.42229587
v -0.02336120 0.64062577 0.39555871
v -0.04341749 0.63881779 0.40460527
v -0.03730755 0.63456422 0.40204024
v -0.03698826 0.64315426 0.40350771
v -0.04261554 0.64544994 0.40563762
v -0.05364854 0.66582334 0.42236871
v -0.06205975 0.65954095 0.42634511
v -0.05881796 0.66129625 0.41909981
v -0.05981430 0.65584987 0.41574371
v -0.06209365 0.65154994 0.42344713
v -0.05869841 0.64725214 0.41582727
v -0.05732410 0.65212071 0.41163182
v -0.02517593 0.66379565 0.40834945
v -0.02310684 0.66546166 0.40741503
v -0.05423772 0.64473855 0.41038007
v -0.04918913 0.64197052 0.40677589
v -0.04802461 0.64773798 0.40695363
v -0.05304550 0.64976215 0.40870589
v -0.03072459 0.64105898 0.39988911
v -0.01751018 0.66662520 0.39902419
v -0.02177665 0.65622711 0.39487910
v -0.01152216 0.67907500 0.30031973
v -0.01452634 0.66612625 0.30072528
v -0.00578815 0.64714503 0.31226039
v -0.00824145 0.64250273 0.31372619
v -0.01440939 0.64718819 0.31185174
v -0.00880205 0.65138870 0.30875206
v 0.00075413 0.70174170 0.32248503
v 0.00022724 0.70987624 0.32322031
v 0.00067431 0.70765376 0.32978809
v 0.00036126 0.70130682 0.32507864
v 0.00030783 0.70123112 0.33234200
v 0.00063210 0.70269960 0.33621487
v 0.00006878 0.69516724 0.33341655
v 0.00000055 0.69683373 0.33037433
v 0.00217187 0.71221542 0.34226507
v 0.00106843 0.70547038 0.35019791
v -0.00085770 0.69657987 0.34161946
v -0.00400348 0.68390357 0.36090708
v -0.00378779 0.67902339 0.34485447
v -0.00256328 0.68906593 0.34443134
v -0.00218634 0.69622916 0.35628027
v -0.00763333 0.64467770 0.32024738
v -0.00818127 0.65003800 0.32723582
v -0.01581799 0.65473962 0.30542272
v -0.08202444 0.78094304 0.27084672
v -0.07982759 0.79995918 0.29366976
v -0.01742705 0.72441590 0.27663195
v -0.03001259 0.73553562 0.26685303
v -0.01037434 0.71340686 0.28723764
v -0.00637958 0.70427775 0.29674649
v -0.04422422 0.74605733 0.25864705
v -0.05962810 0.75156772 0.25154197
v -0.00335500 0.66729724 0.35339096
v -0.00530492 0.66847795 0.34011537
v -0.02303918 0.70801580 0.27033103
v -0.03504740 0.71759522 0.25918341
v -0.01431924 0.69887221 0.28098887
v -0.01001199 0.69287604 0.29239282
v -0.04841301 0.72682387 0.25092229
v -0.06839675 0.70897365 0.24129879
v -0.06681555 0.72924811 0.24451786
v -0.00529496 0.65742600 0.31740922
v -0.00657964 0.65413988 0.32115829
v -0.00640228 0.64935744 0.31635740
v -0.00348942 0.65169734 0.31537718
v -0.00472993 0.65493822 0.34554255
v -0.00620189 0.65920931 0.33368766
v -0.06252179 0.64250994 0.42625231
v -0.06887406 0.65079260 0.42846036
v -0.06867588 0.64263737 0.42995971
v -0.06887054 0.65982699 0.42909658
v -0.07301717 0.79454577 0.38687593
v -0.07128650 0.77678049 0.41418409
v -0.07880056 0.80804539 0.32360882
v -0.07534827 0.80518425 0.35502642
v -0.06796028 0.57122189 0.38695061
v -0.06524293 0.55930161 0.38001150
v -0.06458090 0.60467744 0.40840197
v -0.06756572 0.60377342 0.40892416
v -0.06721321 0.60016656 0.40739578
v -0.06428048 0.60071164 0.40672028
v -0.05107795 0.66523087 0.41610831
v -0.07006820 0.68982482 0.24363154
v -0.07570874 0.65071356 0.23558208
v -0.07605684 0.64314544 0.22689423
v -0.05038897 0.63877285 0.22531401
v -0.06293049 0.63997144 0.22038925
v -0.06783593 0.60699129 0.41082883
v -0.06523162 0.60800362 0.40992731
v -0.06491353 0.61466789 0.41738915
v -0.05950991 0.59490007 0.39941937
v -0.06526192 0.61084187 0.41107172
v -0.06445096 0.61276495 0.41175085
v -0.06952569 0.60920358 0.41372997
v -0.06942713 0.60673678 0.41093737
v -0.04207389 0.65110421 0.40700901
v -0.04176723 0.65493143 0.40893888
v -0.06677715 0.61079371 0.42080480
v -0.06616290 0.61279178 0.41888160
v -0.07002322 0.60971785 0.42123246
v -0.03277578 0.56710565 0.27114478
v -0.02479520 0.58067358 0.26416650
v -0.06906542 0.59672797 0.40587777
v -0.06910854 0.59411383 0.40296263
v -0.06976162 0.75144625 0.43471444
v -0.08825869 0.70713711 0.24014300
v -0.08645178 0.72778660 0.24360099
v -0.00319946 0.67701900 0.33433610
v -0.00195043 0.67595226 0.32802537
v -0.00037465 0.68332642 0.32933766
v -0.00193955 0.68470144 0.33580041
v -0.06510603 0.54844934 0.29529634
v -0.02311078 0.59503889 0.25526696
v -0.07637803 0.63874465 0.21712008
v -0.02337603 0.66129541 0.40047711
v -0.02468621 0.65963095 0.40061754
v -0.04856925 0.66331446 0.41382164
v -0.08518849 0.75354671 0.25466138
v -0.05843368 0.58931828 0.39368206
v -0.05974919 0.59305930 0.39521003
v -0.08814646 0.65155637 0.23556301
v -0.06495547 0.55924213 0.33291829
v -0.06929956 0.60978401 0.41748434
v -0.08676326 0.68989766 0.24303271
v 0.00106715 0.69235444 0.32479465
v 0.00267719 0.68982530 0.32665887
v 0.00230777 0.68695194 0.32498696
v 0.00086920 0.68801463 0.32423532
v 0.00353471 0.69050068 0.33189633
v 0.00444490 0.68869686 0.32843745
v 0.00582231 0.69124293 0.32880217
v 0.00491937 0.69405925 0.33167419
v -0.00012081 0.69054514 0.33528495
v 0.00156471 0.68664700 0.33106214
v 0.00691422 0.69399303 0.32786250
v 0.00709763 0.69560516 0.33025920
v 0.00444913 0.69778097 0.33033285
v 0.00052854 0.69956052 0.32770199
v 0.00926366 0.69782293 0.32743782
v 0.00564321 0.70074689 0.32715917
v 0.01157544 0.69934511 0.32282740
v 0.00684969 0.70236337 0.32253480
v 0.01263147 0.69919145 0.31640035
v 0.00701321 0.70164466 0.31600118
v -0.00609194 0.66024411 0.32560492
v -0.00580145 0.66351038 0.31949759
v 0.01278703 0.69561672 0.31100601
v 0.00632045 0.69733524 0.31029010
v 0.01185340 0.69050336 0.30594170
v 0.00635116 0.69195944 0.30494535
v 0.01044515 0.68418926 0.30241752
v 0.00573374 0.68481159 0.30063716
v 0.00891541 0.67733765 0.30068082
v 0.00387765 0.67719364 0.29891941
v 0.00695599 0.66949189 0.30082938
v 0.00149699 0.66749609 0.29827586
v 0.00800915 0.69813263 0.32105684
v 0.00892740 0.69682002 0.31629467
v -0.00135817 0.69897377 0.31920132
v 0.00712047 0.69673204 0.32567951
v 0.00030315 0.68475914 0.31705391
v -0.00161765 0.68803287 0.31778103
v -0.00117577 0.68638664 0.31755260
v -0.00190501 0.68601620 0.31488639
v -0.00443093 0.66853589 0.32457745
v -0.00282545 0.67040598 0.32129812
v -0.00197959 0.67489123 0.32434690
v -0.00452776 0.66717768 0.31863862
v -0.00510474 0.66893435 0.31847692
v -0.00513238 0.67189813 0.32065070
v -0.00456072 0.67641532 0.32234341
v -0.00457118 0.66881114 0.31576729
v -0.00360251 0.66704476 0.31492132
v -0.00543085 0.67046344 0.31601149
v -0.00573599 0.67061913 0.31754085
v -0.00627575 0.67310566 0.31803334
v -0.00513793 0.67700571 0.31740016
v -0.00456980 0.66829449 0.33063477
v -0.00568705 0.67772269 0.30665964
v -0.00849245 0.66821253 0.30529973
v 0.00376869 0.66280341 0.30335820
v 0.00066012 0.65731013 0.30007356
v -0.00035825 0.64958131 0.31088230
v 0.00099253 0.65011096 0.30422044
v -0.00215444 0.69547606 0.31481898
v -0.00221918 0.69094574 0.30994254
v -0.00939032 0.65925348 0.30650842
v -0.00280375 0.68556368 0.30650163
v 0.00489938 0.67284274 0.30401486
v 0.00177650 0.66881073 0.30577749
v 0.00729380 0.67868650 0.30349675
v -0.00276867 0.66339958 0.31426153
v -0.00166952 0.65715402 0.31222767
v 0.00129795 0.65863311 0.30747277
v -0.00094220 0.66525602 0.30944562
v 0.00345628 0.67477387 0.30739433
v 0.00031021 0.67159301 0.30886215
v 0.00107090 0.67703009 0.30960375
v -0.00192758 0.67427713 0.31112051
v -0.00363446 0.67133856 0.31300277
v -0.00239372 0.66880351 0.31159210
v -0.00514562 0.67632008 0.31283805
v -0.00152525 0.68053657 0.31189859
v -0.00560845 0.67274475 0.31455147
v 0.00337866 0.67976654 0.31015193
v 0.00529881 0.68346208 0.31111023
v 0.00386177 0.68463516 0.31491894
v 0.00127222 0.68252516 0.31319612
v 0.00801164 0.68446279 0.30473280
v 0.00764947 0.68317789 0.30797845
v 0.00566690 0.67870790 0.30719727
v 0.00848312 0.68860853 0.30983490
v 0.00827701 0.69006777 0.30775136
v 0.00653786 0.68787062 0.31195045
v 0.00536451 0.68779218 0.31459200
v 0.00814953 0.69496667 0.31696457
v 0.00845663 0.69228601 0.31321383
v 0.00933200 0.69445425 0.31211632
v 0.00731534 0.69067287 0.31439325
v 0.00672414 0.69271541 0.31710127
v 0.00527379 0.69063860 0.31731403
v 0.00594845 0.69009227 0.31520629
v 0.00486870 0.69414067 0.32675123
v 0.00371249 0.69208777 0.32761419
v 0.00583756 0.69578630 0.32416642
v 0.00382287 0.69620514 0.32533920
v 0.00437876 0.69424897 0.32298625
v 0.00244874 0.69525743 0.32541129
v 0.00336198 0.69199216 0.32279325
v 0.00172924 0.68909132 0.32207444
v -0.05056036 0.53859097 0.25415951
v -0.05368682 0.54436451 0.26709443
v -0.06374575 0.53834760 0.26833001
v -0.06251393 0.53377903 0.25446999
v 0.00446445 0.69102627 0.32010281
v 0.00553163 0.69366801 0.32006922
v 0.00672089 0.69576752 0.32055718
v 0.00259590 0.68687534 0.31837329
v 0.00362073 0.68635267 0.31707418
v 0.00442033 0.68813968 0.31731302
v 0.00317094 0.68845028 0.31953502
v -0.00134004 0.67923141 0.32512277
v -0.00294156 0.67872047 0.32157171
v -0.00226506 0.67978978 0.31658512
v -0.01514453 0.54737747 0.22779104
v -0.00137851 0.56334519 0.22664979
v -0.00968472 0.57006526 0.23361953
v -0.02108930 0.55473852 0.23632404
v -0.00254443 0.52060872 0.21532825
v -0.00063642 0.50230396 0.20421977
v 0.01881377 0.51132149 0.20202854
v 0.02032403 0.53824997 0.21158162
v 0.01754268 0.48931122 0.19505963
v 0.00009007 0.48341650 0.19607475
v 0.01636231 0.43317062 0.17377210
v 0.01667408 0.45119154 0.18025945
v 0.00064036 0.44614387 0.18313068
v 0.00099128 0.42821044 0.17549746
v 0.03940441 0.37159702 0.12493954
v 0.02831129 0.36718032 0.12990583
v 0.02083844 0.35907775 0.11580425
v 0.03251686 0.36384112 0.10844782
v 0.07740130 0.47862571 0.15800370
v 0.08424457 0.47599679 0.14655860
v 0.08677807 0.48995069 0.15313546
v 0.07927262 0.49458504 0.16465241
v 0.03410401 0.59679174 0.21669444
v 0.02202377 0.60084963 0.21991415
v 0.01775117 0.57665700 0.21964623
v 0.03048097 0.56988645 0.21626171
v 0.07362475 0.42470855 0.10456090
v 0.07071377 0.42089915 0.11730485
v 0.06859770 0.40834263 0.11123817
v 0.07064257 0.41068858 0.09935012
v 0.04634615 0.37021643 0.03322848
v 0.03392146 0.35592538 0.04223367
v 0.03443124 0.34264284 0.02785976
v 0.04768125 0.35737473 0.01795457
v 0.07013033 0.43747902 0.01155290
v 0.06980299 0.42684364 -0.00328273
v 0.06729319 0.44835615 -0.01719528
v 0.06777138 0.45879260 -0.00356859
v 0.04292623 0.44215089 0.16607414
v 0.04460967 0.45889699 0.17289701
v 0.03124290 0.45524833 0.17696704
v 0.03041187 0.43794355 0.17053960
v 0.16050285 0.46493393 0.01516259
v 0.15110296 0.47374564 0.03685199
v 0.13748124 0.46880782 0.02980251
v 0.14668575 0.46109152 0.00831985
v 0.07469482 0.35871482 -0.06598030
v 0.07465636 0.34495136 -0.07332745
v 0.07704950 0.36227337 -0.09086175
v 0.07523011 0.37778878 -0.08136475
v 0.12951839 0.52528930 0.14490472
v 0.14027366 0.54510087 0.14701791
v 0.13389102 0.55229557 0.16226354
v 0.12470388 0.53019661 0.16015670
v 0.07702600 0.45584071 0.13590197
v 0.08044068 0.46561381 0.14150015
v 0.07444360 0.46541241 0.15261526
v 0.07119729 0.45337400 0.14667320
v 0.07374740 0.48099816 0.02078776
v 0.07648220 0.49278691 0.03315073
v 0.07887899 0.47690785 0.04435792
v 0.07644583 0.46330434 0.03381205
v 0.07333616 0.45010740 0.02245633
v 0.07028390 0.46954095 0.00856988
v 0.06347562 0.44976801 0.15419322
v 0.06644305 0.46499145 0.16140310
v 0.05642541 0.46212047 0.16738787
v 0.05399629 0.44615155 0.16058904
v 0.01116523 0.35464615 0.10107477
v 0.02516042 0.36104560 0.09227738
v 0.06824068 0.32703799 -0.05609515
v 0.06888667 0.33970144 -0.04989322
v 0.05801643 0.32210672 -0.03605238
v 0.05685667 0.31069773 -0.04100934
v 0.01798933 0.35747913 0.06343108
v 0.03174057 0.36745325 0.05612924
v 0.03294634 0.36986172 0.07153393
v 0.01970381 0.36131513 0.07798277
v 0.04139825 0.29646194 -0.02735327
v 0.04317915 0.30659318 -0.02376464
v 0.02684359 0.29312155 -0.01270446
v 0.02598264 0.28231221 -0.01600122
v 0.01685983 0.46965289 0.18771313
v 0.00051205 0.46452534 0.19002312
v 0.05609187 0.38584828 0.11540715
v 0.04876173 0.37829620 0.12023966
v 0.04305842 0.37108350 0.10323727
v 0.05207347 0.37928343 0.09950025
v 0.08722762 0.47893488 0.11384189
v 0.09114099 0.48795468 0.11438707
v 0.09295570 0.48706132 0.13469596
v 0.08854008 0.47521517 0.13133420
v 0.08005438 0.34738177 -0.09864414
v 0.07695756 0.33235186 -0.07894462
v 0.04220340 0.28929025 -0.03069368
v 0.02585459 0.27580512 -0.01846917
v 0.08489592 0.53868830 0.07003358
v 0.08605405 0.52965260 0.07797353
v 0.08560867 0.52389538 0.07703286
v 0.08522344 0.53336263 0.06896848
v -0.00895847 0.36066300 0.13546306
v -0.00151420 0.35322472 0.11596525
v 0.01129664 0.35950857 0.12751624
v 0.00574429 0.36753711 0.14168444
v 0.04714220 0.37806332 0.08206464
v 0.03709745 0.36935812 0.08609211
v 0.04457317 0.37982461 0.06674661
v -0.02512982 0.35686237 0.12639008
v -0.01685478 0.34978056 0.10018865
v -0.01674964 0.45858759 0.19007742
v -0.01598201 0.44075668 0.18396664
v -0.01751205 0.47630918 0.19754383
v -0.01979817 0.49348468 0.20619264
v -0.03726453 0.48606157 0.20785400
v -0.03513545 0.46917087 0.19861037
v -0.02241623 0.50938916 0.21688804
v -0.04024479 0.50091636 0.21836665
v -0.03104818 0.53472948 0.23039541
v -0.03456198 0.54212028 0.23969626
v 0.08397277 0.46710557 0.12707284
v 0.08035422 0.45866269 0.12200296
v 0.05760073 0.30263922 -0.04518054
v 0.02319578 0.63759947 0.11053690
v 0.04133487 0.63296711 0.11591522
v 0.03534202 0.62873119 0.09890166
v 0.01836018 0.63202226 0.09257820
v 0.04640435 0.56746244 0.21471167
v 0.04652873 0.59544516 0.21542925
v 0.07450476 0.58110261 0.06175036
v 0.07452995 0.57308573 0.05733486
v 0.06978416 0.57237291 0.05315301
v 0.06907264 0.58217490 0.05800279
v 0.08255427 0.55586344 0.05929013
v 0.08201411 0.56380081 0.05775426
v 0.08294723 0.56277275 0.04913110
v 0.08251726 0.55530602 0.04985362
v 0.07274891 0.37917224 -0.10661453
v 0.06822061 0.39584559 -0.09599550
v 0.03812281 0.51783991 -0.02496399
v 0.04499491 0.52709860 -0.00970432
v 0.05619312 0.50862062 -0.00699095
v 0.05126571 0.49850836 -0.02173802
v -0.08136178 0.61497319 0.09383799
v -0.06190541 0.62267160 0.09364054
v -0.06301351 0.61683512 0.07924554
v -0.08229146 0.60899436 0.07994822
v -0.01412453 0.64119422 0.11462216
v -0.03782256 0.63634193 0.10973031
v -0.03591190 0.64022875 0.12417849
v -0.01123329 0.64505064 0.13032979
v 0.00279150 0.63804269 0.10400758
v -0.00065761 0.63215041 0.08632036
v 0.06884602 0.49949899 0.01250627
v 0.07197789 0.50881612 0.02563110
v 0.07567994 0.52217638 0.04205842
v 0.07834905 0.52673507 0.04846239
v 0.08076549 0.51489562 0.05522254
v 0.07870125 0.50959307 0.04923921
v 0.01012839 0.60573608 0.22381531
v 0.01948727 0.62277257 0.21268636
v 0.00573108 0.62686574 0.21612361
v -0.03831991 0.64577329 0.17510702
v -0.02654429 0.64582932 0.18043335
v -0.02227079 0.64686167 0.17336562
v -0.03831497 0.64590251 0.16772056
v -0.05677690 0.58582693 0.01189318
v -0.05129344 0.57029891 -0.00798519
v -0.07579568 0.56736481 -0.00544469
v -0.07869243 0.58263373 0.01404385
v 0.07756516 0.54183567 0.05015017
v 0.07446430 0.55211818 0.04873513
v 0.07669228 0.55601156 0.05305116
v 0.07916131 0.54616451 0.05350627
v 0.07130111 0.54939806 0.04279798
v 0.07507581 0.53785288 0.04447418
v 0.07201377 0.53392744 0.03773066
v 0.06772894 0.54583240 0.03588454
v 0.05249126 0.53397965 0.00581212
v 0.05837492 0.53906262 0.02055102
v 0.06550496 0.52477449 0.02250605
v 0.06183501 0.51730394 0.00781287
v -0.06536517 0.51134801 -0.06547280
v -0.06901608 0.53158271 -0.04754786
v -0.04698423 0.53277349 -0.04939970
v -0.04513146 0.51310301 -0.06858771
v 0.08942521 0.51252306 0.08692697
v 0.08868592 0.50950450 0.07412820
v 0.09161557 0.49952817 0.08515981
v 0.09197017 0.50201547 0.09577028
v 0.09598505 0.57684278 0.04805998
v 0.10031540 0.58072424 0.05136339
v 0.10658862 0.57847536 0.04407693
v 0.10202297 0.57549560 0.04116975
v 0.08826794 0.51259935 0.04644253
v 0.09251613 0.50631052 0.02717021
v 0.09517912 0.49703467 0.03984403
v 0.09049097 0.50381798 0.05841143
v 0.05671807 0.61809540 0.20165354
v 0.04405605 0.61958516 0.20618129
v 0.05924214 0.59350055 0.21405724
v 0.08290070 0.53516442 0.04679763
v 0.08239172 0.54480946 0.04144555
v 0.08524048 0.54244506 0.02654764
v 0.08461606 0.53171301 0.03005759
v 0.17425135 0.47521681 0.01788294
v 0.16456106 0.48416483 0.03908822
v 0.09689002 0.51096040 0.00064453
v 0.08873720 0.51660395 0.01923887
v 0.08838610 0.52771550 0.01364877
v 0.09898268 0.52260810 -0.00516276
v 0.04815782 0.48758304 -0.03642996
v 0.03361770 0.50595957 -0.04021347
v 0.04731097 0.40630591 -0.13262729
v 0.04024880 0.42493510 -0.11793374
v 0.05612016 0.41172987 -0.10818276
v 0.06243414 0.39382023 -0.12075266
v 0.07601241 0.36111841 -0.11679287
v 0.05168130 0.38477659 -0.14630105
v 0.06614765 0.37391558 -0.13297026
v -0.01601496 0.62771887 0.22673085
v -0.00581096 0.62798113 0.22092682
v -0.01953664 0.63895470 0.20913571
v -0.02763423 0.63813305 0.21675791
v 0.10531307 0.25060716 -0.15331681
v 0.10852111 0.25164241 -0.12455310
v 0.11152739 0.22473860 -0.12374747
v 0.10537139 0.21981379 -0.15252151
v -0.05600544 0.64387149 0.19182283
v -0.05918269 0.64276552 0.20168361
v -0.04298503 0.64221489 0.20799242
v -0.03705816 0.64326394 0.19914570
v 0.10091492 0.27682674 -0.14894928
v 0.10407180 0.27227572 -0.12245230
v -0.01127979 0.60978961 0.23368442
v -0.00059647 0.60844159 0.22831133
v -0.01207910 0.59110200 0.23701620
v -0.00269028 0.58849967 0.23046213
v -0.01682522 0.57429516 0.24225530
v 0.10538467 0.24826248 -0.09872577
v 0.11104087 0.22677182 -0.09507076
v -0.03464052 0.63621622 0.22420523
v -0.04813438 0.64049679 0.21609247
v -0.06152758 0.64106297 0.21082476
v -0.07611807 0.63931322 0.20815530
v -0.09145185 0.63611996 0.20733005
v -0.09028400 0.63906944 0.21438895
v 0.08360539 0.33263820 -0.10388850
v 0.08075673 0.34467974 -0.12508635
v 0.04350185 0.10790864 -0.17069404
v 0.04447866 0.09349388 -0.14250247
v 0.01116807 0.08792761 -0.16206111
v 0.01531193 0.10327078 -0.18571024
v -0.05320133 0.11264510 -0.21341695
v -0.01766587 0.10415083 -0.20052890
v -0.02264003 0.09176193 -0.17883380
v -0.05821152 0.10254543 -0.19300543
v -0.03383456 0.24915016 -0.25634241
v -0.03298699 0.27815199 -0.24774264
v -0.00337588 0.27696103 -0.24449424
v -0.00378036 0.24834907 -0.25293648
v 0.07064121 0.35532999 -0.14300887
v 0.05678494 0.36414391 -0.15835159
v 0.07895217 0.32056707 -0.08364870
v 0.10491826 0.15039670 -0.00850970
v 0.10038217 0.13052601 0.01499569
v 0.09825730 0.10536145 -0.01678565
v 0.10693521 0.12724122 -0.04178691
v 0.06208282 0.06907402 -0.07066768
v 0.02960569 0.06041700 -0.09088543
v 0.03792607 0.07594858 -0.11673859
v 0.07053805 0.08685833 -0.09831597
v 0.00812475 0.26272514 -0.00818427
v 0.00546981 0.25658002 -0.01111901
v 0.02400701 0.26952612 -0.02098481
v -0.05444722 0.24089341 0.00574788
v -0.05737467 0.23555066 0.00291075
v -0.03596269 0.23902610 0.00087933
v -0.03193936 0.24444772 0.00370400
v -0.05578639 0.19987209 -0.00463866
v -0.05015534 0.21214578 -0.00501409
v -0.06692028 0.20934351 -0.00298448
v -0.06977617 0.19780225 -0.00322907
v 0.09484672 0.24634829 -0.07443771
v 0.09005519 0.26098335 -0.07611459
v 0.07206852 0.25665888 -0.05776985
v 0.07664152 0.24596938 -0.05393057
v -0.03101642 0.08261380 -0.15525515
v -0.06111751 0.09942795 -0.17047794
v 0.08980703 0.17536125 0.01607370
v 0.08706091 0.15629938 0.04126908
v 0.05876542 0.17621455 0.05693492
v 0.06158827 0.19268580 0.03146245
v 0.02579259 0.19821909 0.03503993
v 0.02383530 0.18325388 0.05828699
v -0.07476036 0.14349234 -0.02354422
v -0.07393654 0.14614123 -0.02747212
v -0.05640442 0.16724515 -0.01020418
v -0.06110635 0.16680357 -0.00892657
v -0.04465109 0.14673862 -0.24505715
v -0.01298147 0.14089364 -0.23825593
v -0.01425026 0.12054102 -0.22120379
v -0.04835404 0.12854737 -0.23130204
v 0.03985407 0.37003881 -0.17140751
v 0.03403427 0.39297500 -0.15703340
v 0.01496141 0.39902481 -0.16403370
v 0.00978269 0.42355627 -0.14656191
v 0.02908749 0.41634282 -0.14144401
v -0.00311316 0.53638101 -0.03725055
v 0.00281963 0.55075109 -0.02173327
v 0.02213235 0.53461647 -0.02527702
v 0.01682013 0.52235389 -0.04006016
v -0.04013804 0.63159722 0.09425236
v -0.04272364 0.62560183 0.07842153
v -0.00499515 0.06075986 -0.10852115
v -0.00386145 0.04431145 -0.07379733
v -0.03539507 0.05219746 -0.07742733
v -0.04496334 0.07450120 -0.12044032
v 0.05439185 0.05159914 -0.04196522
v 0.08582603 0.08458634 -0.04764277
v 0.07645177 0.06727491 -0.02082223
v 0.09420136 0.11216770 0.04189666
v 0.09043094 0.08606359 0.01010305
v 0.05397346 0.15912741 0.08306226
v 0.02006653 0.16654381 0.08270817
v -0.05968796 0.14801508 0.00968260
v -0.05923336 0.13186967 0.02719249
v -0.03887384 0.14745724 0.05028821
v -0.03869145 0.16256078 0.03170145
v -0.01479740 0.20994917 -0.00727144
v -0.00497133 0.20879169 -0.00758962
v 0.02573238 0.22328031 -0.01871949
v 0.02346627 0.22876692 -0.02020007
v -0.02892887 0.25163841 0.00720312
v -0.04773669 0.24813439 0.00960416
v 0.00907788 0.26948434 -0.00576842
v -0.00983351 0.25855458 0.00244304
v -0.01151743 0.25150865 -0.00078686
v -0.02225120 0.29245552 0.04300459
v -0.02515390 0.28094733 0.03116265
v -0.00346341 0.28890160 0.02471733
v -0.00013828 0.30141884 0.03611590
v 0.00191637 0.31688040 0.04791648
v -0.01972946 0.30805942 0.05473408
v -0.01908684 0.34556937 0.07858095
v 0.00111764 0.35032973 0.07108442
v 0.00297590 0.35401866 0.08658470
v -0.03374296 0.45224702 0.19012254
v -0.03278837 0.43581465 0.18252502
v 0.10203064 0.23110920 -0.06937779
v -0.06828265 0.08695814 -0.09386529
v -0.06120868 0.06694163 -0.06589398
v -0.07407824 0.08444509 -0.04281156
v -0.07584970 0.10102123 -0.06455326
v 0.09971546 0.26698345 -0.09814923
v 0.06945189 0.31703746 -0.06101140
v 0.07052585 0.30794084 -0.06536141
v 0.06585106 0.41607186 0.03314196
v 0.06648914 0.40660137 0.01212693
v 0.01984102 0.36628172 0.13444796
v 0.01878902 0.37379682 0.14357755
v 0.09497174 0.10458912 -0.07468782
v 0.04814947 0.14181302 0.10827418
v 0.01556323 0.14878625 0.10750887
v 0.01030461 0.13001427 0.13240004
v 0.04205828 0.12367271 0.13366343
v -0.06901743 0.09902383 0.02704693
v -0.06518966 0.08002877 0.05239519
v -0.05643862 0.09667315 0.07220995
v -0.05832881 0.11429459 0.04887094
v -0.06257956 0.06227532 0.08036967
v -0.06179330 0.04433723 0.10698452
v -0.05758563 0.05954368 0.12704127
v -0.05598163 0.07866074 0.10031913
v 0.08166573 0.13785666 0.06840810
v 0.08046598 0.08222103 0.09919833
v 0.08706886 0.09756701 0.07137851
v 0.07458033 0.12178881 0.09515049
v 0.06777018 0.10539955 0.12143392
v 0.02598196 0.04399836 -0.05947052
v -0.07296439 0.13227251 -0.01212162
v -0.07169492 0.11668974 0.00498288
v -0.06319587 0.04658403 0.01598734
v -0.06953847 0.06535056 -0.01520452
v -0.05572856 0.04715002 -0.03370742
v -0.04929764 0.02976874 0.00083078
v 0.04794724 0.02748442 0.02031834
v 0.05058365 0.03865682 -0.01013377
v 0.07095250 0.05428705 0.01161397
v 0.06656156 0.04177904 0.04265691
v 0.08448652 0.07310455 0.04116605
v 0.07876291 0.06029293 0.07113022
v 0.06556373 0.05201201 0.15355714
v 0.07318433 0.06755313 0.12659906
v 0.05939109 0.08852980 0.14777201
v 0.05141649 0.07157938 0.17417338
v 0.06666439 0.03310806 0.12759195
v 0.07278288 0.04691130 0.09968635
v 0.05803133 0.01804723 0.10060705
v 0.06273898 0.03007883 0.07245218
v 0.04235481 0.00639032 0.08002689
v 0.04530140 0.01663584 0.05076011
v 0.02446011 -0.00115077 0.06522055
v 0.02442522 0.00744413 0.03578081
v 0.00038722 0.00345780 0.02628414
v 0.00288936 -0.00528836 0.05618956
v -0.01853205 -0.00322616 0.05517089
v -0.02261402 0.00591445 0.02500428
v -0.05249710 0.01519915 0.07254209
v -0.05707501 0.03036073 0.04589078
v -0.04364715 0.01577216 0.03181052
v -0.03847190 0.00374158 0.06066643
v -0.04587945 -0.05051434 0.15449442
v -0.04741823 -0.03405461 0.13538784
v -0.02952557 -0.03586534 0.12998432
v -0.02929703 -0.05083734 0.14939338
v -0.01249960 -0.05048919 0.14537220
v -0.01207551 -0.03521270 0.12843953
v 0.00463635 -0.03482485 0.13028027
v 0.00442629 -0.04970089 0.14604662
v 0.03533376 -0.02945140 0.14949121
v 0.03457072 -0.04592997 0.16496658
v 0.01998629 -0.04867551 0.15255541
v 0.02134289 -0.03322300 0.13691658
v 0.04696561 -0.02167484 0.16811422
v 0.04593205 -0.03997183 0.18464410
v 0.05174955 -0.01223412 0.19541076
v 0.04574189 -0.03323022 0.21039411
v 0.04597018 -0.00198367 0.22365671
v 0.03817146 -0.02478451 0.23678830
v -0.06174426 -0.00613219 0.18495435
v -0.06523999 -0.01700479 0.16556251
v -0.06487344 -0.03846022 0.17883658
v -0.06285015 -0.02964246 0.19801812
v -0.03950448 0.01210822 0.23132339
v -0.04199317 -0.01717031 0.23842062
v -0.02439897 -0.00681216 0.25816503
v -0.01996079 0.02167755 0.25336748
v 0.05827566 0.03598000 0.18010218
v 0.06015130 0.01983170 0.15263072
v 0.05310302 0.00637233 0.12578413
v 0.03994077 -0.00285375 0.10625429
v -0.04989197 0.00015870 0.09557156
v -0.03380204 -0.00829372 0.08585925
v -0.05895539 0.03875774 0.15047485
v -0.06263582 0.02570096 0.13008888
v 0.01524578 0.04605410 0.24193904
v 0.03918197 0.03420408 0.22954607
v 0.04420423 0.05324194 0.20227626
v 0.02062418 0.06622875 0.21386139
v 0.05533310 0.00496192 0.17521524
v 0.04925611 -0.00595441 0.14844994
v 0.03737300 -0.01419187 0.12951072
v 0.00574054 -0.02256167 0.10870734
v 0.02332650 -0.01924273 0.11635454
v -0.01235873 -0.02327600 0.10616115
v -0.04859678 -0.01606926 0.11545752
v -0.03121609 -0.02127588 0.10803020
v -0.05965018 0.01657954 0.16980502
v -0.06395313 0.00562239 0.14913523
v 0.00326332 -0.00570232 0.26899987
v 0.02711423 -0.01428410 0.26078123
v 0.03483883 0.01122434 0.24960084
v 0.00991355 0.02141589 0.26230845
v -0.00390960 -0.03382456 0.26685214
v -0.02592409 -0.03430104 0.25878981
v 0.00466516 -0.06582105 0.15390012
v -0.01342303 -0.06525487 0.15103452
v 0.02053570 -0.06629294 0.16017178
v 0.04006640 -0.05700776 0.22254992
v 0.04443667 -0.06219736 0.19633782
v 0.03022697 -0.04987878 0.24838406
v 0.01601178 -0.03882828 0.26383537
v -0.06446704 -0.07651523 0.19279644
v -0.06317639 -0.07237613 0.21116889
v -0.06267731 -0.04907763 0.20776471
v -0.06254996 -0.05558047 0.18902561
v -0.04807110 -0.08195430 0.16244681
v -0.04481677 -0.06332895 0.16580373
v -0.03049354 -0.06469947 0.15670113
v -0.03347680 -0.08386680 0.15033434
v 0.00443079 -0.08919078 0.14890638
v -0.01461186 -0.08676007 0.14597245
v 0.02267854 -0.09013769 0.15827262
v 0.04042459 -0.08944592 0.20190872
v 0.03736230 -0.09104741 0.17598948
v 0.03599306 -0.06466949 0.17500632
v 0.03398036 -0.08477497 0.23091039
v 0.00625532 -0.11136216 0.25246644
v 0.02835874 -0.11671728 0.23497173
v 0.01428396 -0.07873186 0.25356978
v -0.04561546 -0.20691124 0.24419917
v -0.05642669 -0.24137247 0.23993413
v -0.03579964 -0.24467319 0.24003646
v -0.02217403 -0.21154955 0.24466434
v -0.07258370 -0.10138047 0.18989953
v -0.06928188 -0.09785587 0.21059921
v -0.03892256 -0.10975939 0.14268062
v -0.05605835 -0.10684878 0.15549396
v 0.03214350 -0.15298039 0.20234318
v 0.03059124 -0.15351880 0.17377204
v 0.03622932 -0.12149584 0.17625099
v 0.03768723 -0.11987174 0.20424804
v -0.10064133 -0.19116849 0.20204045
v -0.09268408 -0.15849197 0.20461881
v -0.09424009 -0.16041592 0.18235929
v -0.10216385 -0.19280919 0.18104899
v -0.04785297 -0.13911644 0.13749377
v -0.05725452 -0.17029127 0.13546351
v -0.07518568 -0.16650975 0.14753291
v -0.06595906 -0.13568881 0.15085168
v 0.00791503 -0.21957588 0.20026600
v 0.00589258 -0.22024125 0.17353879
v 0.02049381 -0.18638733 0.17224674
v 0.02219106 -0.18635824 0.20076829
v -0.00017405 -0.14468938 0.25108784
v -0.00896080 -0.17854196 0.24773011
v 0.01201914 -0.18266988 0.22923750
v 0.02204930 -0.14995050 0.23213340
v -0.02614815 -0.13928470 0.25164145
v -0.03456599 -0.17285344 0.24859306
v -0.10764267 -0.26327482 0.18509290
v -0.10811786 -0.26478758 0.20162442
v -0.10447796 -0.22726414 0.20136100
v -0.10480708 -0.22709846 0.18248464
v -0.06476523 -0.20344576 0.13793959
v -0.07162905 -0.23753953 0.14534548
v -0.08752882 -0.23317233 0.15401106
v -0.08348316 -0.19904649 0.14788315
v -0.02542435 -0.28812107 0.19980824
v -0.02858323 -0.28797546 0.17908095
v -0.01092938 -0.25395414 0.17642191
v -0.00835128 -0.25321701 0.19928458
v -0.04944864 -0.28011909 0.23538940
v -0.03179004 -0.28527638 0.22178847
v -0.01598398 -0.24968028 0.22488168
v -0.06827043 -0.27676496 0.23620467
v -0.07907185 -0.31124178 0.23504911
v -0.06338990 -0.31426433 0.23436984
v -0.11257602 -0.29832879 0.18783100
v -0.11150871 -0.29962215 0.20293522
v -0.10212415 -0.30086765 0.16627531
v -0.09343257 -0.26769027 0.16076618
v -0.07973964 -0.27120295 0.15243176
v -0.09024471 -0.30366871 0.15804574
v -0.04891493 -0.28317544 0.15455480
v -0.06173214 -0.31453517 0.16126822
v -0.07540961 -0.30880854 0.15643026
v -0.06392130 -0.27667800 0.15003458
v -0.04493112 -0.31904277 0.18285009
v -0.05250996 -0.31731674 0.16964881
v -0.03648115 -0.28635797 0.16387010
v -0.04101472 -0.31907013 0.20171961
v -0.04707092 -0.31772992 0.22204936
v -0.08199824 0.10528614 -0.10490109
v -0.07388847 0.10202484 -0.10843129
v -0.07894193 0.11103812 -0.07498166
v -0.08411419 0.11758269 -0.07607569
v -0.04009316 0.11201474 0.09831673
v -0.03893821 0.12989292 0.07315050
v -0.04619944 0.07423858 0.14949253
v -0.04274977 0.09364940 0.12480219
v -0.04861288 0.05205663 0.17328434
v -0.05252176 0.00102550 0.20842950
v -0.05047797 0.02762084 0.19298175
v -0.05388681 -0.02372196 0.21981844
v -0.05400112 -0.04649237 0.22682475
v -0.05444674 -0.07123041 0.22984132
v -0.06753904 -0.12684730 0.22843665
v -0.05812213 -0.09773403 0.22966766
v -0.08115415 -0.12716553 0.20804295
v -0.08822422 -0.19367880 0.22289279
v -0.07868353 -0.15929520 0.22570871
v -0.09971134 -0.26833859 0.21752158
v -0.09450720 -0.23086461 0.21994989
v -0.10365734 -0.30324075 0.21709643
v -0.00692888 0.20048201 0.01312529
v -0.00581849 0.20579006 0.00248091
v -0.03461851 0.18824425 -0.00110646
v -0.03576928 0.18367267 0.00487405
v -0.08448102 0.12648632 -0.05111426
v -0.08482891 0.12839384 -0.05578423
v -0.08128117 0.13559334 -0.04142740
v -0.08162184 0.13257885 -0.03766340
v 0.05184468 0.01874547 0.20427272
v 0.02449299 -0.00916389 0.09224146
v -0.01445775 -0.01230159 0.08229220
v 0.00494708 -0.01322439 0.08400539
v -0.03713725 0.04015368 0.21857467
v -0.01395135 0.04754649 0.23837216
v -0.00940630 0.07079302 0.21202032
v -0.03334266 0.06326135 0.19643974
v -0.01841825 -0.10991165 0.25432906
v -0.04055177 -0.10260466 0.24541526
v -0.04778132 -0.13289854 0.24212873
v -0.01132860 -0.08265138 0.25907552
v 0.02337680 -0.11943114 0.15448746
v 0.00393908 -0.11660144 0.14234197
v -0.02461317 -0.14296281 0.13310267
v -0.01743405 -0.11332712 0.13870649
v -0.00146212 -0.14733511 0.13698761
v -0.02265705 0.10510780 0.14668800
v -0.02820488 0.08488029 0.17126526
v -0.00242988 0.09066533 0.18490580
v 0.00434467 0.11052409 0.15826102
v 0.03335751 0.44210869 -0.10141590
v 0.04857946 0.42835736 -0.09388775
v 0.06418989 0.40078911 0.08002187
v 0.05631895 0.38856187 0.07977094
v 0.05473048 0.39217019 0.06182193
v 0.06381103 0.40703160 0.05961502
v 0.07078362 0.42085674 0.06314556
v 0.07044870 0.41387373 0.08354881
v 0.07543186 0.43515062 0.06981087
v 0.07471200 0.42824751 0.08910602
v 0.08430962 0.48894298 0.09916347
v 0.08768138 0.49533150 0.10023104
v -0.04184530 0.33930555 0.08095962
v -0.04237732 0.32098991 0.07019517
v -0.01877804 0.32652053 0.06700532
v -0.01516451 0.24560583 -0.00321570
v -0.00641056 0.22421871 -0.01493913
v -0.03021719 0.21675603 -0.00874941
v -0.03924176 0.20252694 -0.00589742
v -0.07720193 0.15860403 -0.01369554
v -0.08667927 0.14437653 -0.02293205
v -0.08782500 0.12981158 -0.03805473
v -0.08841595 0.12261401 -0.05080102
v -0.02432787 0.50960791 -0.07015212
v -0.02554470 0.52880454 -0.05150807
v -0.08019541 0.62002945 0.10743488
v -0.05927318 0.62786365 0.10781915
v -0.05721001 0.63609922 0.13354687
v -0.07810994 0.62842262 0.13245235
v -0.07763680 0.63163584 0.14383619
v -0.05756222 0.63877720 0.14524202
v -0.07665245 0.64139152 0.19817732
v -0.07562511 0.64179754 0.18765239
v -0.08602809 0.12208714 -0.07404745
v -0.08623454 0.11849745 -0.08316430
v -0.08571844 0.12806261 -0.06153806
v -0.05960703 0.15876652 -0.00320251
v -0.05909793 0.16482359 -0.00883168
v -0.07427749 0.14768222 -0.02835833
v -0.07347967 0.14295168 -0.02347115
v 0.11364337 0.15177713 -0.06225142
v 0.10924947 0.17314595 -0.02841891
v 0.00280961 0.07274900 -0.13610618
v 0.12377193 0.50981450 -0.04185449
v 0.11080883 0.51682526 -0.02292098
v 0.11803354 0.52845228 -0.02621904
v 0.13151124 0.52039027 -0.04474370
v -0.03300366 0.58788204 0.01104154
v -0.02189922 0.56816280 -0.01012245
v 0.00688218 0.58353353 0.22509681
v 0.08971932 0.58421773 0.20745814
v 0.07320479 0.58959115 0.21225569
v 0.07462158 0.56204820 0.21185699
v 0.08727088 0.55733275 0.20912406
v 0.06584398 0.63031530 0.13461858
v 0.05022489 0.63560796 0.13242824
v 0.05777074 0.63503647 0.15287350
v 0.07227636 0.62810254 0.15358680
v -0.00638866 0.21965097 -0.25777829
v -0.03627052 0.22106348 -0.26060402
v -0.03720599 0.45459199 -0.12739347
v -0.03995688 0.47473133 -0.10823369
v -0.02006309 0.47137707 -0.11016800
v -0.01610937 0.45046899 -0.12956168
v -0.00038177 0.57516265 0.00372180
v 0.01554973 0.55897588 -0.00578338
v -0.02878041 0.37033629 0.14644997
v -0.01230311 0.37443444 0.15105662
v -0.01384153 0.38989818 0.16206291
v -0.03104095 0.38593990 0.15943046
v 0.12405776 0.55713224 0.00269493
v 0.11411580 0.54645371 -0.00691940
v 0.09903712 0.55126834 0.01136264
v 0.10602253 0.55953908 0.01553361
v 0.07620024 0.10713427 -0.12747909
v 0.10298053 0.13200533 -0.10543212
v 0.05858200 0.44247669 -0.05692557
v 0.05841715 0.42694581 -0.07082826
v 0.04490236 0.44483978 -0.07957789
v 0.04534297 0.46112433 -0.06571890
v 0.06113183 0.47895861 -0.01449782
v 0.05922166 0.46845165 -0.02819300
v 0.06455901 0.48928994 -0.00105201
v 0.08316638 0.54791480 0.06311155
v 0.08317480 0.54376143 0.06338965
v 0.08118898 0.55312526 0.06046039
v -0.03736011 0.17594674 0.01541638
v -0.03113317 0.19058935 -0.00394697
v -0.03907439 0.18881497 -0.00264072
v -0.08606750 0.12186719 -0.06615110
v -0.08799399 0.11862545 -0.06395382
v -0.02191813 0.57772863 0.25293332
v -0.01951837 0.59317636 0.24522048
v 0.08572451 0.52180034 0.03714214
v 0.08476723 0.52604520 0.05377080
v 0.08294959 0.52009517 0.06058570
v 0.08442377 0.52625155 0.06392882
v 0.08543731 0.51538384 0.07384232
v 0.08362368 0.50862819 0.07092510
v 0.08091372 0.53111815 0.05367746
v 0.08219104 0.53652853 0.05704483
v 0.06878851 0.48022804 0.16668907
v 0.07091969 0.49674729 0.17335227
v 0.06090175 0.49788541 0.17972472
v 0.05886326 0.47958657 0.17389281
v 0.04662839 0.47712857 0.17930648
v 0.04861688 0.49635547 0.18584561
v 0.03414641 0.49396786 0.19099516
v 0.03241115 0.47389495 0.18403517
v 0.00850214 0.55323386 0.22195420
v -0.00698128 0.53525472 0.22430147
v -0.02562432 0.52264428 0.22537637
v -0.04302036 0.51403546 0.22664627
v -0.07411286 0.63976324 0.17705774
v -0.05074320 0.64428270 0.17935191
v -0.05588334 0.64234054 0.16705482
v -0.07541233 0.63689816 0.16599867
v -0.09526502 0.63260877 0.16475528
v -0.09428076 0.63586718 0.17609479
v -0.02555903 0.55981767 0.24822104
v -0.03741251 0.54721212 0.25218919
v -0.04839588 0.53249502 0.24222150
v 0.18451205 0.48847166 0.01536936
v 0.17516139 0.49804646 0.03556894
v -0.02497623 0.62625229 0.23353347
v -0.01969584 0.61029947 0.24017259
v 0.18986520 0.50362372 0.00888794
v 0.18043390 0.51403868 0.02927554
v 0.05736508 0.54004490 0.20353055
v 0.07064838 0.53858531 0.20176640
v 0.06083394 0.56533778 0.21339272
v -0.02919920 0.56350392 0.25996888
v -0.04093758 0.55207837 0.26441687
v 0.11757597 0.17753357 -0.07607621
v 0.10978467 0.19485606 -0.04522276
v 0.07319214 0.37264982 -0.05668125
v 0.06977392 0.35232943 -0.04185922
v -0.06975485 0.28669924 0.04568099
v -0.07103880 0.27501243 0.03395702
v -0.04805565 0.27667725 0.03373069
v -0.04580980 0.28810644 0.04599489
v -0.06594111 0.33576590 0.08069399
v -0.06706078 0.31832230 0.06947786
v -0.06474498 0.54361290 0.28240317
v -0.02838568 0.26164386 0.01300713
v -0.02703542 0.27086031 0.02095663
v -0.04960985 0.26732481 0.02272542
v -0.05193304 0.25743946 0.01498922
v -0.06149895 0.24531823 0.00783569
v -0.06391458 0.24228162 0.00629792
v -0.06032183 0.18912631 -0.00452590
v -0.07115354 0.18743744 -0.00445025
v 0.12984172 0.49566966 0.09458151
v 0.14368966 0.50821841 0.09874921
v 0.13838112 0.51459670 0.11576369
v 0.12538674 0.50114572 0.10981102
v 0.01058760 0.27990404 -0.00120892
v -0.00801175 0.26857993 0.00798300
v 0.08323435 0.47173882 0.11005041
v 0.08128048 0.48166221 0.09450552
v -0.04077435 0.34771746 0.09803477
v 0.00340789 0.38038796 0.15331870
v 0.00231655 0.39490849 0.16226500
v 0.01776957 0.38605732 0.15308961
v 0.01698725 0.40036836 0.16059148
v -0.08733229 0.11572367 -0.07874869
v -0.08586084 0.12088014 -0.07783976
v 0.12859052 0.58664620 0.07006779
v 0.12288640 0.58581829 0.06257340
v 0.11593033 0.59154034 0.07081999
v 0.12237334 0.59281987 0.07869346
v -0.07759479 0.11598678 -0.03471026
v -0.07943140 0.12578142 -0.04646829
v -0.06655720 0.09948610 -0.14324780
v -0.07976507 0.10059516 -0.13065423
v -0.08154011 0.10522570 -0.14460863
v -0.08032735 0.10658659 -0.16040732
v -0.01249227 0.15961435 0.07118531
v -0.01036090 0.17625439 0.04876201
v -0.01475038 0.14224923 0.09518579
v -0.01813083 0.12351026 0.12060810
v -0.03993620 -0.04258403 0.24384177
v -0.03511043 -0.07081667 0.24873310
v -0.05687413 -0.16596949 0.23835596
v -0.06642973 -0.20035148 0.23471218
v -0.07591367 -0.23686448 0.23113871
v -0.09216566 -0.30744800 0.22840917
v -0.08529620 -0.27366397 0.22889861
v 0.18927357 0.51667857 -0.00060914
v 0.18427315 0.52615458 -0.01216729
v 0.17311257 0.53943157 0.00854136
v 0.17878950 0.52930450 0.02148664
v 0.09866682 0.50038654 0.00988205
v 0.10809321 0.49432766 -0.00821553
v 0.11168090 0.48366424 0.00135778
v 0.10269732 0.49033922 0.02043407
v 0.11820727 0.48813415 -0.02777489
v 0.10723893 0.50557840 -0.01639616
v 0.11886559 0.49927500 -0.03556597
v 0.14140296 0.53035200 -0.04326256
v 0.12787464 0.53881848 -0.02506855
v 0.13955700 0.54642141 -0.01887509
v 0.15414950 0.53550100 -0.03887929
v 0.17591104 0.53295583 -0.02293818
v 0.16564658 0.53637230 -0.03224009
v 0.15300125 0.54766005 -0.01214638
v 0.16476110 0.54480809 -0.00323798
v 0.13486913 0.46236643 -0.00002554
v 0.12572786 0.46945649 0.02089539
v 0.11719785 0.47471100 0.01133486
v 0.12617946 0.46797442 -0.00891207
v 0.15490597 0.52478957 0.09809267
v 0.15019855 0.53118300 0.11656656
v 0.09254455 0.49547839 0.11117524
v 0.09132155 0.50315124 0.10596008
v 0.09801587 0.49558675 0.11596020
v 0.09694069 0.49310285 0.12441337
v 0.15526006 0.49326634 0.06126454
v 0.16632083 0.50796694 0.05771945
v 0.15955609 0.51655257 0.07881933
v 0.14854887 0.50103271 0.08092399
v 0.11660662 0.47637039 0.04153933
v 0.10776898 0.48198080 0.06197271
v 0.09993228 0.48762581 0.05139078
v 0.10809446 0.48156404 0.03134212
v 0.09230139 0.53953588 0.01119324
v 0.10398365 0.53492737 -0.00717798
v 0.11133450 0.49318096 0.10200711
v 0.11545286 0.48827577 0.08785072
v 0.08009159 0.46395916 0.10472301
v 0.08161251 0.50277758 0.06610310
v 0.08048443 0.49622202 0.05992080
v 0.05941955 0.38828409 0.09683938
v 0.06196731 0.39325374 0.11070254
v 0.07870396 0.46172747 0.05954581
v 0.07641990 0.44716394 0.05057010
v 0.06592948 0.39957929 0.10680974
v 0.06559766 0.39851835 0.09651466
v 0.01990974 0.34393427 0.05136184
v -0.04633003 0.52456957 0.23298982
v 0.12032155 0.48308957 0.07128890
v 0.13492027 0.48945597 0.07774197
v 0.09441473 0.56153893 0.02788676
v 0.08907261 0.55277902 0.02574538
v 0.08332019 0.55430871 0.03933358
v 0.08645415 0.56221700 0.03943788
v 0.03291451 0.58075833 0.02903232
v 0.04172666 0.56688976 0.02370185
v 0.02911314 0.56310642 0.00984290
v 0.01706257 0.57774639 0.01663759
v 0.14237228 0.58088928 0.07890797
v 0.13685673 0.58807909 0.09112728
v 0.14489079 0.58039892 0.09781093
v 0.15031907 0.57267451 0.08263483
v 0.15177760 0.56837058 0.10529827
v 0.15504920 0.55170023 0.11256494
v 0.16022271 0.54303038 0.09321315
v 0.15682235 0.56019163 0.08754860
v 0.11439262 0.19700263 -0.11931887
v 0.10537898 0.19251624 -0.14907305
v 0.04168119 0.28256851 -0.03387289
v 0.05791690 0.29471508 -0.04946175
v 0.02227394 0.23805501 -0.02555816
v -0.07455081 0.14726645 -0.02910519
v -0.05699985 0.16751765 -0.01076719
v -0.07677417 0.10102995 -0.01803756
v 0.11479343 0.20530513 -0.08824117
v -0.06732274 0.06392553 0.03417765
v -0.07264665 0.08298808 0.00583493
v -0.02652216 0.01831597 -0.00722905
v -0.03153420 0.03402942 -0.04219970
v -0.00375540 0.02840208 -0.03858548
v -0.00154353 0.01373728 -0.00510657
v 0.02457196 0.03031676 -0.02751307
v 0.02445555 0.01754110 0.00539617
v 0.02612085 0.08695833 0.18471994
v -0.03441574 -0.17552006 0.13129303
v -0.02324761 -0.21418652 0.13955474
v -0.04384329 -0.20888570 0.13490570
v -0.01094209 -0.18034270 0.13570541
v 0.01833902 -0.15118024 0.15126297
v 0.00833590 -0.18370140 0.14997968
v -0.00160176 -0.21557921 0.22819717
v -0.05339706 -0.24279335 0.14252961
v -0.03567151 -0.24897012 0.14716624
v -0.00536223 -0.21772662 0.15321608
v -0.02040491 -0.25224665 0.15849091
v -0.08127777 0.13108879 -0.05007033
v -0.08039923 0.10870877 -0.17840020
v 0.08817870 0.20913969 -0.02149126
v 0.09064650 0.19328949 -0.00465086
v -0.00416606 0.20815520 -0.00541526
v 0.02686171 0.22093603 -0.01201001
v 0.04607327 0.31727612 -0.01709630
v 0.02938507 0.30338243 -0.00652449
v 0.04875975 0.34360850 0.00435159
v 0.04854154 0.32971096 -0.00770137
v 0.06127921 0.34679604 -0.01847941
v 0.06035057 0.36074623 -0.00694874
v 0.07105955 0.40058637 -0.03279653
v 0.07113620 0.38677257 -0.04556748
v 0.06783757 0.40719169 -0.05918209
v 0.06747686 0.42236328 -0.04547641
v 0.06216148 0.41109747 -0.08394846
v 0.07104803 0.39264208 -0.07154080
v -0.00351362 0.48351082 -0.09070531
v -0.00483856 0.50154936 -0.07144406
v 0.01278221 0.49075317 -0.07171506
v 0.01408808 0.47285283 -0.08910537
v -0.04897963 0.18886478 -0.00476578
v -0.08248850 0.13615711 -0.04564643
v -0.00794782 0.19060200 0.02930351
v 0.02583929 0.20941697 0.01494305
v 0.06191259 0.20611523 0.01048018
v 0.08684061 0.51763713 0.06311119
v 0.06474908 0.57101732 0.04703142
v 0.06222921 0.58205616 0.05247591
v 0.16464201 0.53491271 0.07427307
v 0.16089797 0.55263817 0.06970324
v 0.10207810 0.48671925 0.07987688
v 0.13366514 0.51997715 0.13058625
v 0.11663759 0.51029027 0.13757843
v 0.12088300 0.50639248 0.12377830
v 0.05170608 0.24024405 -0.03648150
v 0.05493566 0.23158877 -0.03098105
v 0.08188347 0.23431589 -0.04710813
v -0.08399983 0.10544646 -0.11545761
v -0.08308740 0.10501812 -0.12633036
v -0.03185181 0.19004944 -0.00322863
v -0.06072237 0.02909715 0.08871736
v -0.06345776 0.04591541 0.06320337
v -0.06006085 0.01234329 0.11069097
v -0.06009768 -0.00713462 0.13036565
v -0.06066503 -0.02768296 0.14769907
v -0.05879213 -0.04516786 0.16273835
v -0.05749687 -0.06073782 0.17467211
v -0.05908285 -0.07973284 0.17644848
v -0.08362672 -0.12969643 0.18573505
v -0.06733567 -0.10417935 0.17241728
v -0.07758614 -0.13254303 0.16708320
v -0.08754954 -0.16313294 0.16311428
v -0.09847178 -0.22946626 0.16630945
v -0.09536908 -0.19520718 0.16215160
v -0.10186192 -0.26420417 0.17143364
v -0.10837793 -0.29838941 0.17599139
v -0.08588801 0.11654960 -0.08764246
v -0.08496383 0.11157213 -0.10109212
v 0.04173609 0.54058743 0.20570222
v 0.08349568 0.49877673 0.08469684
v 0.08583464 0.50502729 0.08629086
v 0.09938201 0.49078405 0.09412950
v -0.07976121 0.11484046 -0.19687758
v -0.07871744 0.12413540 -0.21439733
v 0.15207058 0.55588520 0.01444522
v 0.16132674 0.55265284 0.02695085
v 0.09395411 0.49421358 0.07022347
v 0.08783839 0.50632930 0.09909171
v 0.08726495 0.51358074 0.09638526
v 0.25655067 0.37756619 -0.09291914
v 0.26051983 0.35993662 -0.10086159
v 0.26795918 0.36611837 -0.10756785
v 0.26372832 0.38466221 -0.10036308
v 0.24577770 0.37161252 -0.08944941
v 0.24981758 0.35492697 -0.09825058
v 0.19980606 0.37156323 -0.12770040
v 0.20982519 0.35663000 -0.13786103
v 0.21281826 0.35329860 -0.12501071
v 0.20373008 0.36858302 -0.11470468
v 0.24324259 0.33587730 -0.10854933
v 0.23825037 0.35182333 -0.09941375
v 0.22755262 0.35099840 -0.10517710
v 0.23395726 0.33554214 -0.11497599
v 0.20855945 0.38552600 -0.15161552
v 0.19656992 0.40013862 -0.14302738
v 0.20725220 0.40826443 -0.14830221
v 0.21921584 0.39300278 -0.15560533
v 0.16838923 0.43010128 -0.08150059
v 0.16394502 0.43853664 -0.07085703
v 0.15728942 0.44068778 -0.08281383
v 0.16270977 0.43228486 -0.09404650
v 0.24786508 0.41409329 -0.07605967
v 0.25228456 0.39571694 -0.08451013
v 0.25848138 0.40379113 -0.09300868
v 0.25231829 0.42302355 -0.08569357
v 0.20916367 0.39961618 -0.07491177
v 0.20386165 0.41739991 -0.06537533
v 0.19111806 0.41675228 -0.07320298
v 0.19664448 0.39977700 -0.08340327
v 0.24525166 0.44210899 -0.07911287
v 0.24341610 0.43312284 -0.06822221
v 0.22123697 0.36676571 -0.09494975
v 0.21493724 0.38270706 -0.08477996
v 0.20342958 0.38313484 -0.09314808
v 0.21116814 0.36739582 -0.10374853
v 0.23101577 0.35475254 -0.16494079
v 0.22012112 0.37042782 -0.15884636
v 0.23062530 0.37715563 -0.16156529
v 0.24122086 0.36076087 -0.16670100
v 0.22691640 0.33652022 -0.12382238
v 0.21919715 0.35188866 -0.11409211
v 0.22184467 0.33847037 -0.13484226
v 0.27544004 0.35928869 -0.13543077
v 0.26956019 0.37883005 -0.13041939
v 0.27072009 0.37284309 -0.11798321
v 0.27568501 0.35396951 -0.12379509
v 0.18063661 0.40203524 -0.10571156
v 0.18945405 0.38663304 -0.11676699
v 0.19487345 0.38435635 -0.10410644
v 0.18688220 0.40030855 -0.09375004
v 0.23694912 0.40692618 -0.07098477
v 0.24121958 0.38913369 -0.08019570
v 0.26271942 0.39856592 -0.12539123
v 0.25483069 0.41821414 -0.12004057
v 0.25902483 0.41143692 -0.10568891
v 0.26529899 0.39224166 -0.11164497
v 0.23495984 0.43924516 -0.12765060
v 0.24557945 0.42109102 -0.13310750
v 0.23288679 0.41955191 -0.14193164
v 0.22099733 0.43658936 -0.13583447
v 0.17006877 0.42059681 -0.10701117
v 0.17403576 0.41723102 -0.09356453
v 0.18455580 0.41450226 -0.13280530
v 0.17270043 0.42805564 -0.12144314
v 0.18208134 0.43782699 -0.13017900
v 0.19489229 0.42326763 -0.13968225
v 0.21306685 0.44756973 -0.04570732
v 0.21576297 0.43567687 -0.05215123
v 0.22960514 0.44195762 -0.05393301
v 0.22582448 0.45572364 -0.04801705
v 0.23788863 0.45163965 -0.06123184
v 0.23248035 0.46637508 -0.05617259
v 0.21616003 0.49474680 -0.05762397
v 0.22256446 0.48732787 -0.06305245
v 0.21211883 0.49362171 -0.07342996
v 0.20648149 0.50107265 -0.06750819
v 0.20981818 0.47407639 -0.11792175
v 0.22278532 0.45716971 -0.12279555
v 0.20779216 0.45311770 -0.12976430
v 0.19380352 0.46941745 -0.12306659
v 0.16822886 0.47244793 -0.11525474
v 0.18028486 0.46141765 -0.12385076
v 0.16958347 0.45038751 -0.11974506
v 0.15959811 0.45944351 -0.10973792
v 0.13887215 0.48932117 -0.07154411
v 0.14519227 0.48527578 -0.08442357
v 0.14015347 0.47340661 -0.07707249
v 0.13571098 0.47769898 -0.06481647
v 0.14593127 0.45410800 -0.05492082
v 0.15467829 0.44958547 -0.04544443
v 0.15000412 0.45249820 -0.03452337
v 0.14114761 0.45786813 -0.04380092
v 0.20122260 0.47259051 -0.02057813
v 0.20516381 0.46759415 -0.02808186
v 0.21369410 0.48036051 -0.03256924
v 0.20777041 0.48693973 -0.02590156
v 0.19822147 0.48789811 -0.11280060
v 0.17962199 0.48429304 -0.11608253
v 0.15008524 0.44999456 -0.06464309
v 0.15274501 0.44683832 -0.07339022
v 0.16055030 0.44410920 -0.06206849
v 0.15845841 0.44638830 -0.05416286
v 0.18150619 0.45053703 -0.04002340
v 0.18278795 0.44791707 -0.04742357
v 0.19554996 0.45129418 -0.04189245
v 0.19366571 0.45566183 -0.03556754
v 0.20741189 0.46313530 -0.03349751
v 0.20982596 0.45708045 -0.03890443
v 0.22148916 0.46668875 -0.04200563
v 0.21764073 0.47434440 -0.03719038
v 0.19164926 0.49585545 -0.10793573
v 0.18458015 0.50131440 -0.10192338
v 0.19409883 0.50223148 -0.09273124
v 0.20214570 0.49652606 -0.09791565
v 0.15172806 0.46531051 -0.09937823
v 0.15892053 0.47823632 -0.10589111
v 0.18611693 0.44122899 -0.05648747
v 0.17203024 0.44373906 -0.05381933
v 0.17365330 0.43930304 -0.06210862
v 0.22698766 0.47732869 -0.05094250
v 0.14491442 0.49921492 -0.07554400
v 0.13639331 0.50333530 -0.06122838
v 0.14362583 0.51317739 -0.06312683
v 0.15251601 0.50824118 -0.07728119
v 0.13125458 0.49261168 -0.05666271
v 0.12916154 0.48162508 -0.04928125
v 0.14378679 0.45632708 -0.01952688
v 0.13534209 0.46174753 -0.02850264
v 0.15540743 0.45520365 -0.01181106
v 0.16201344 0.45146331 -0.02713247
v 0.17514330 0.45376471 -0.02192037
v 0.16832197 0.45807359 -0.00558741
v 0.19331685 0.47963727 -0.00451775
v 0.19867313 0.49465460 -0.01049347
v 0.20677286 0.49874604 -0.03444487
v 0.19791615 0.50638598 -0.02043729
v 0.14105409 0.46215951 -0.06612965
v 0.14508539 0.45834258 -0.07643916
v 0.25508955 0.40227079 -0.13824262
v 0.26355094 0.38292280 -0.14284481
v 0.25316820 0.38382101 -0.15229733
v 0.24357939 0.40195820 -0.14745800
v 0.24204412 0.38187617 -0.15899949
v 0.25181821 0.36441821 -0.16348775
v 0.22838312 0.38444957 -0.08019586
v 0.23338205 0.36762768 -0.08988260
v 0.25382686 0.33834624 -0.10595047
v 0.19850877 0.44353092 -0.04992811
v 0.20098794 0.43283212 -0.05731669
v 0.19691151 0.50532734 -0.07669419
v 0.19187874 0.51135647 -0.07065544
v 0.20037466 0.50739235 -0.06098744
v 0.21158090 0.48815989 -0.10050468
v 0.21761408 0.48504341 -0.08157665
v 0.23088306 0.46777385 -0.08718239
v 0.22390941 0.47371033 -0.10439724
v 0.17698681 0.50607061 -0.09459011
v 0.16996592 0.51065361 -0.08592875
v 0.18137035 0.51348269 -0.07945023
v 0.18774155 0.50771123 -0.08685374
v 0.18903720 0.46067697 -0.01946618
v 0.19171312 0.45852810 -0.02871203
v 0.18568826 0.52265233 -0.04102398
v 0.19328603 0.51520264 -0.03173266
v 0.20173150 0.50731623 -0.04402910
v 0.19408318 0.51385128 -0.05273576
v 0.20893660 0.50122243 -0.05153719
v 0.17593619 0.52672172 -0.04928704
v 0.18505085 0.51858550 -0.06175183
v 0.18188488 0.46621466 -0.00234510
v 0.16209418 0.51620960 -0.07482401
v 0.15292996 0.52223122 -0.06115529
v 0.16508076 0.52690458 -0.05642463
v 0.17396179 0.51961267 -0.06951430
v 0.23134252 0.39884573 -0.15357183
v 0.21982425 0.41509938 -0.14716317
v 0.15505677 0.44747186 -0.09758581
v 0.16227168 0.43934870 -0.10918450
v 0.14941016 0.45371836 -0.08674490
v 0.20098302 0.37759143 -0.14171992
v 0.21234488 0.36292240 -0.15054838
v 0.17894080 0.40660739 -0.11997902
v 0.18975553 0.39216095 -0.13135381
v 0.24563724 0.43744349 -0.11466444
v 0.15892971 0.49162456 -0.09847863
v 0.16665578 0.48920476 -0.10822786
v 0.15135619 0.48188609 -0.09565337
v 0.12985784 0.47092530 -0.03830469
v 0.13688487 0.46628797 -0.05494104
v 0.18076518 0.49448407 -0.11114456
v 0.12141200 0.47691578 -0.01883522
v 0.22870252 0.47717941 -0.06827962
v 0.21452436 0.49185714 -0.04148999
v 0.22049135 0.48577991 -0.04625073
v 0.27233016 0.34812397 -0.11386712
v 0.22330067 0.40165299 -0.07039224
v 0.18780792 0.43219092 -0.06423494
v 0.17695302 0.43042094 -0.07192338
v 0.15171874 0.49518627 -0.08771557
v 0.15934435 0.50376368 -0.08874784
v 0.16657013 0.49998376 -0.09824353
v 0.16665524 0.44891149 -0.03774661
v 0.17864928 0.45216590 -0.03217262
v 0.22323844 0.34807724 -0.15789641
v 0.16894040 0.44744635 -0.04561529
v 0.23699170 0.46075147 -0.07337703
v -0.07918531 0.62456071 0.12021827
v -0.09982139 0.61500216 0.10827447
v -0.09887558 0.61954570 0.12044755
v 0.07201391 0.43261164 0.04174171
v 0.04335666 0.37973619 0.04922379
v 0.05443586 0.39490375 0.04138784
v 0.08127555 0.49207434 0.08006091
v 0.08025601 0.48427653 0.07377055
v 0.08571079 0.52143127 0.08652505
v 0.08619034 0.51470250 0.08708273
v 0.07798638 0.44947368 0.07641343
v -0.00121485 0.70887077 0.31593978
v -0.00282833 0.70507872 0.30986091
v 0.00154412 0.72033173 0.32268792
v -0.06247637 0.25100777 0.01071931
v -0.07651764 0.24241441 0.00413579
v -0.07807353 0.23934641 0.00359181
v 0.00085279 0.68713415 0.32002419
v -0.00133517 0.68464351 0.31309479
v 0.00218441 0.68526608 0.31682211
v 0.00102238 0.68776560 0.32280031
v 0.00069090 0.68700397 0.32207406
v 0.00248001 0.71724212 0.33316010
v -0.00462709 0.69788623 0.30515486
v -0.00721067 0.68939209 0.30176139
v 0.00061600 0.70277095 0.33051133
v -0.02137291 0.37841257 -0.18850039
v -0.01587096 0.35431701 -0.20459898
v -0.04193370 0.35611185 -0.20485710
v -0.04574733 0.37987441 -0.18784921
v -0.06804314 0.33716592 -0.21964522
v -0.06998513 0.35953736 -0.20429443
v -0.03807331 0.33119568 -0.22139113
v 0.07795996 0.27698433 -0.19554238
v 0.07361614 0.30224544 -0.18864356
v 0.08701832 0.30086908 -0.16690423
v 0.09221979 0.27672791 -0.17349575
v 0.08919860 0.31386018 -0.13706730
v 0.09590846 0.29608849 -0.14344750
v 0.08045486 0.32091394 -0.15919285
v 0.09095647 0.30559278 -0.11427046
v 0.09756445 0.28959608 -0.11956677
v 0.08651071 0.29704073 -0.09343317
v 0.09250154 0.28281420 -0.09709236
v 0.08315749 0.27599615 -0.07670949
v 0.06700943 0.26761088 -0.05857697
v 0.04841322 0.24875472 -0.04110634
v 0.04512747 0.25776792 -0.04141673
v 0.02243324 0.24644853 -0.02678385
v -0.00201225 0.23576346 -0.01639581
v -0.02483220 0.22722413 -0.00883009
v -0.04601832 0.22162199 -0.00381447
v -0.06492320 0.21903187 -0.00085610
v -0.08104138 0.21821669 -0.00080711
v -0.08088767 0.20806082 -0.00275794
v 0.03631677 0.51580215 0.19770414
v 0.00722634 0.63729864 0.19804525
v 0.03199492 0.62028635 0.20982614
v 0.01970567 0.63590562 0.19418803
v 0.03163426 0.64158916 0.12704235
v 0.00919905 0.64361769 0.12042464
v 0.01445021 0.64671987 0.13834734
v 0.03910892 0.64224064 0.14817978
v -0.00651284 0.64425290 0.18345910
v -0.01412834 0.64380842 0.18712386
v 0.00219460 0.64552164 0.17818762
v -0.01704699 0.64794999 0.16579592
v -0.03707499 0.64581847 0.15944082
v 0.08605916 0.60788941 0.19540203
v 0.10177887 0.60076094 0.18969437
v 0.09252452 0.61523569 0.17161918
v 0.07939620 0.62196076 0.17480826
v 0.05974454 0.62869632 0.11754538
v 0.07254968 0.62464142 0.11842242
v 0.06734338 0.62170744 0.10343709
v 0.05403509 0.62524223 0.10130838
v 0.13459164 0.57480609 0.15799879
v 0.14320773 0.56610805 0.14358383
v 0.13731357 0.58442426 0.13588594
v 0.12809643 0.59235609 0.14919123
v 0.07601046 0.62510198 0.13697147
v -0.01225656 0.59119338 0.01757117
v 0.00620294 0.59211910 0.02644318
v 0.02409241 0.59288073 0.03563371
v 0.06060495 0.59243166 0.05892460
v 0.05474933 0.58112305 0.04471077
v 0.05209797 0.59270912 0.05282909
v 0.06851713 0.59209108 0.06439263
v 0.07469141 0.58974081 0.06770591
v 0.11245059 0.51336980 0.15164398
v 0.10296535 0.49907607 0.13940109
v 0.10577772 0.50000656 0.12727058
v 0.08402065 0.58032238 0.06502926
v 0.08262127 0.57574403 0.06172898
v 0.07905456 0.57659823 0.06397431
v 0.08094325 0.58127260 0.06634948
v 0.07018726 0.61379027 0.19873227
v 0.13040721 0.59567046 0.12479036
v 0.12266827 0.60147542 0.11317570
v 0.11297711 0.60741127 0.12282526
v 0.12069581 0.60237801 0.13611303
v 0.11528555 0.60484666 0.10353564
v 0.10843284 0.60471618 0.09494382
v 0.09981295 0.60921031 0.10047431
v 0.10609681 0.60988295 0.11119357
v 0.08891500 0.58449328 0.06675135
v 0.08245882 0.58703846 0.07020397
v 0.14522976 0.53853738 0.13231160
v 0.11695326 0.56800979 0.19118711
v 0.10442578 0.57681942 0.20156807
v 0.10015737 0.55039370 0.20213683
v 0.10866617 0.54367608 0.19097373
v 0.08712565 0.52161813 0.07726073
v 0.08596995 0.53026366 0.06776490
v 0.08391281 0.53863436 0.05936358
v 0.07961582 0.56295228 0.05943044
v 0.08266567 0.54766381 0.05280939
v 0.09791876 0.49400383 0.10556832
v 0.10912719 0.49636841 0.11512294
v 0.09027740 0.52857852 0.19051971
v 0.09875477 0.52287233 0.17942564
v 0.14980507 0.55881226 0.12842399
v 0.14500320 0.57658774 0.12132037
v 0.09266748 0.57274419 0.04514571
v 0.08742971 0.57296318 0.05272617
v 0.09024809 0.57762688 0.05574685
v 0.07515012 0.56506878 0.05437814
v 0.07842403 0.57000232 0.06091718
v 0.11563776 0.59211314 0.18122585
v 0.13081098 0.59492600 0.10147692
v 0.13841873 0.58815438 0.11138432
v 0.09641523 0.61461496 0.11585289
v 0.08474051 0.61974990 0.11815252
v 0.09061129 0.61912537 0.13343303
v 0.10205718 0.61348075 0.12937589
v 0.11046215 0.59628558 0.07705406
v 0.11677638 0.59906173 0.08573060
v 0.07663228 0.61831963 0.10580934
v 0.08762413 0.61400771 0.10498445
v 0.09199444 0.58323085 0.06116860
v 0.08210405 0.53466809 0.19791287
v 0.06481973 0.51819688 0.18844336
v 0.07508353 0.51615041 0.18356468
v 0.08338583 0.51117015 0.17562895
v 0.09085179 0.50628793 0.16500890
v 0.09772254 0.50106895 0.15177925
v 0.05229787 0.51756585 0.19290371
v 0.17366612 0.49754322 -0.10627142
v 0.08972728 0.56813270 0.04137212
v 0.09939975 0.57191706 0.03710301
v 0.09753523 0.56736469 0.03220043
v 0.14051950 0.55768472 0.00617385
v -0.06885403 0.58269787 0.39592558
v -0.06886550 0.57871878 0.39110839
v -0.06930488 0.60322499 0.40887105
v -0.06922376 0.59982502 0.40744764
v 0.20225406 0.49919349 -0.08226635
v 0.20722044 0.49410051 -0.08712091
v 0.23535720 0.45615795 -0.10913214
v 0.24204242 0.44982892 -0.09289061
v 0.25101608 0.43096417 -0.09917194
v 0.23319626 0.42494920 -0.06163204
v 0.21893719 0.41950452 -0.06058300
v 0.18113041 0.41621411 -0.08284520
v 0.19449267 0.44664085 -0.13240846
v 0.27157024 0.30784366 -0.12002498
v 0.27457729 0.29064155 -0.12675308
v 0.28416100 0.29470932 -0.12998126
v 0.28044710 0.31254670 -0.12482427
v 0.27741206 0.27397019 -0.13199903
v 0.26493147 0.28832918 -0.12832315
v 0.26779205 0.27267903 -0.13542201
v 0.25714138 0.28814390 -0.13387696
v 0.26101306 0.27300903 -0.14141436
v 0.25677690 0.27466753 -0.14946724
v 0.25168356 0.28937018 -0.14174564
v 0.24889609 0.29129857 -0.15096612
v 0.25536606 0.27689418 -0.15872048
v 0.23957238 0.30905810 -0.15243085
v 0.23996684 0.31282672 -0.16257142
v 0.25029862 0.29765567 -0.16910480
v 0.24847376 0.29392260 -0.16041674
v 0.27152023 0.29088634 -0.18452726
v 0.26197439 0.30672765 -0.18065731
v 0.27101779 0.31025392 -0.17966063
v 0.27964175 0.29408723 -0.18358372
v 0.27929017 0.32873648 -0.16402496
v 0.28803504 0.31147033 -0.16796635
v 0.28012156 0.31168523 -0.17491488
v 0.27073443 0.32918775 -0.17134432
v 0.29638720 0.29592893 -0.17217748
v 0.29210776 0.30879891 -0.15874483
v 0.29903340 0.29295570 -0.16221721
v 0.25772908 0.32144758 -0.11291036
v 0.26823223 0.32529715 -0.11387418
v 0.26438567 0.34269351 -0.10770440
v 0.24551973 0.30463588 -0.13301499
v 0.25225374 0.30390066 -0.12537219
v 0.24775118 0.31989565 -0.11699769
v 0.23968926 0.32018605 -0.12396978
v 0.21988332 0.34226051 -0.14699925
v 0.23023811 0.32774103 -0.15512235
v 0.23073933 0.32403606 -0.14384674
v 0.24150062 0.30650005 -0.14223348
v 0.23413324 0.32160330 -0.13322647
v 0.24400622 0.31783396 -0.17112873
v 0.25458944 0.30218068 -0.17684104
v 0.28504503 0.31739670 -0.13389359
v 0.28990313 0.29962337 -0.13823117
v 0.29221383 0.30422983 -0.14846931
v 0.28659278 0.32197917 -0.14407133
v 0.23384199 0.33306456 -0.16462542
v 0.28027847 0.33545142 -0.12899227
v 0.28108805 0.34030765 -0.13982548
v 0.28509447 0.32635581 -0.15470938
v 0.27819976 0.34457964 -0.15091951
v 0.29459417 0.28335202 -0.14185093
v 0.28769073 0.27805546 -0.13429143
v 0.27656639 0.33039948 -0.11955075
v 0.25175998 0.32312351 -0.17596604
v 0.24148709 0.33899996 -0.17050780
v 0.25140646 0.34413922 -0.17141826
v 0.26120889 0.32739311 -0.17582996
v 0.26207525 0.36527038 -0.15629064
v 0.27061495 0.34668094 -0.16037126
v 0.26118362 0.34662163 -0.16742052
v 0.28845048 0.29588294 -0.17912580
v 0.27078670 0.36337140 -0.14693208
v 0.28955472 0.20237507 -0.17306004
v 0.28638151 0.19438183 -0.16746272
v 0.27845144 0.20040891 -0.16772117
v 0.28224751 0.20925602 -0.17320605
v 0.25981840 0.21422338 -0.16412626
v 0.25984159 0.20358825 -0.15732236
v 0.25668871 0.20858495 -0.14906879
v 0.25556621 0.22005898 -0.15490781
v 0.28504077 0.18853852 -0.16028856
v 0.27661693 0.19397095 -0.16114445
v 0.28549656 0.18865281 -0.15243869
v 0.29250965 0.18349737 -0.15877388
v 0.29568985 0.18405113 -0.15136780
v 0.30224106 0.17848045 -0.15186845
v 0.31023511 0.18322340 -0.14915188
v 0.30266860 0.19226463 -0.14537586
v 0.31989288 0.20903665 -0.15724106
v 0.32422191 0.19545233 -0.16060816
v 0.32886997 0.20183700 -0.16839369
v 0.32369414 0.21517998 -0.16509242
v 0.32967505 0.21464406 -0.18436037
v 0.32440719 0.22662747 -0.17978062
v 0.32430118 0.22070107 -0.17248286
v 0.32963774 0.20731774 -0.17657353
v 0.29567897 0.21371628 -0.18143483
v 0.29320875 0.20984855 -0.17751928
v 0.28707495 0.21740061 -0.17784582
v 0.28984937 0.22198018 -0.18178068
v 0.28209504 0.18803689 -0.14274837
v 0.28060332 0.18645057 -0.14610346
v 0.28979826 0.19061852 -0.14630638
v 0.28933412 0.19622916 -0.14276688
v 0.27741230 0.24600823 -0.19200422
v 0.27418652 0.24392849 -0.18579330
v 0.26953480 0.25294006 -0.18079190
v 0.27280617 0.25637951 -0.18772702
v 0.25812981 0.23920296 -0.16256849
v 0.26199695 0.24274109 -0.14913489
v 0.26267442 0.25026956 -0.15071465
v 0.26166150 0.24694224 -0.16504480
v 0.25624320 0.23045512 -0.15954925
v 0.26044726 0.22391233 -0.14454766
v 0.26068732 0.23437673 -0.14730470
v 0.26088527 0.21153516 -0.14079110
v 0.27844545 0.26231620 -0.19382064
v 0.28266183 0.25560266 -0.19895326
v 0.31414241 0.13447416 -0.16961919
v 0.31240046 0.13944566 -0.16799073
v 0.31401536 0.14025590 -0.17323355
v 0.31599039 0.13520584 -0.17467503
v 0.29979575 0.26466775 -0.19404472
v 0.29450190 0.26962581 -0.19255812
v 0.30159414 0.27004126 -0.18643554
v 0.30596069 0.26401529 -0.18654500
v 0.30609885 0.25788465 -0.19665523
v 0.31145751 0.25618601 -0.18755625
v 0.32514200 0.13393167 -0.16189994
v 0.32428485 0.13970587 -0.16051333
v 0.31901956 0.13912511 -0.16084529
v 0.31986758 0.13363460 -0.16245665
v 0.29471907 0.19474348 -0.17243241
v 0.29188618 0.18758819 -0.16668244
v 0.30135909 0.17279623 -0.17018603
v 0.29944575 0.17234282 -0.16412686
v 0.29588744 0.17982928 -0.16533126
v 0.29915291 0.18483695 -0.17261060
v 0.30636513 0.19859675 -0.18572156
v 0.30450991 0.19217850 -0.18124281
v 0.30032194 0.20173846 -0.17960452
v 0.30217823 0.20779514 -0.18446411
v 0.30373117 0.21381930 -0.19409050
v 0.30467919 0.21531284 -0.19965832
v 0.30915603 0.20808412 -0.20128857
v 0.30854714 0.20534751 -0.19545700
v 0.31566295 0.18574423 -0.19427173
v 0.31727600 0.18872866 -0.19836219
v 0.32276985 0.18122990 -0.19866382
v 0.32110479 0.17813787 -0.19542052
v 0.29043126 0.27507317 -0.19082995
v 0.29806536 0.27641651 -0.18548657
v 0.32732067 0.22665717 -0.20008908
v 0.33125266 0.21863090 -0.20449506
v 0.32650748 0.22253804 -0.21282060
v 0.32209212 0.23084781 -0.20832710
v 0.30978698 0.26047897 -0.17773782
v 0.30632728 0.26723775 -0.17744987
v 0.33000770 0.13472986 -0.16474248
v 0.32931644 0.14060444 -0.16322999
v 0.27030325 0.21235067 -0.13591327
v 0.27108493 0.22570461 -0.13939230
v 0.27158520 0.23683433 -0.14203711
v 0.27192858 0.24491465 -0.14284940
v 0.27173516 0.25134727 -0.14195733
v 0.30341539 0.18189532 -0.17707686
v 0.29642275 0.20264339 -0.17666779
v 0.29674962 0.21661569 -0.18449973
v 0.30124483 0.22846189 -0.20924471
v 0.29997978 0.22389135 -0.20352869
v 0.29457164 0.22903490 -0.20149337
v 0.29712260 0.23581697 -0.20864700
v 0.31496951 0.22977470 -0.21366550
v 0.31955901 0.22153953 -0.21690093
v 0.31401697 0.21770227 -0.21626599
v 0.30943406 0.22511800 -0.21394052
v 0.28158703 0.18931916 -0.13826601
v 0.28557977 0.20013902 -0.13862927
v 0.29178226 0.26187813 -0.19904657
v 0.28673029 0.26703167 -0.19564156
v 0.28246862 0.27203390 -0.19163685
v 0.28185165 0.23311612 -0.18460543
v 0.28062978 0.23026451 -0.18185575
v 0.26899654 0.23892759 -0.17854647
v 0.27207166 0.24238555 -0.18208234
v 0.27238357 0.21629173 -0.17399843
v 0.26911449 0.20666006 -0.16794671
v 0.26201642 0.22467303 -0.17063059
v 0.26615259 0.25043935 -0.17448293
v 0.26398087 0.25758225 -0.16872780
v 0.26730043 0.26048839 -0.17628483
v 0.27089205 0.26401073 -0.18363531
v 0.27593645 0.26834661 -0.18939252
v 0.26077494 0.26551864 -0.16464217
v 0.26339659 0.26834926 -0.17271449
v 0.26728085 0.27195397 -0.18045093
v 0.27237555 0.27573612 -0.18604474
v 0.30075702 0.28401971 -0.17451502
v 0.30328569 0.27488247 -0.17639984
v 0.29430738 0.28458205 -0.18341883
v 0.26304665 0.26009324 -0.14681937
v 0.26077959 0.26253608 -0.15563802
v 0.26219857 0.25438124 -0.15966757
v 0.27093443 0.25947508 -0.14003731
v 0.26073167 0.19602638 -0.15152912
v 0.26791760 0.19301759 -0.15483366
v 0.26744872 0.18675543 -0.15131353
v 0.26139143 0.18852247 -0.14807548
v 0.29754299 0.17782247 -0.15770288
v 0.30153513 0.17153484 -0.15776892
v 0.30696860 0.17219210 -0.15317316
v 0.28813016 0.24923316 -0.20332323
v 0.28371942 0.24093589 -0.19697590
v 0.30491298 0.17252029 -0.17487942
v 0.32284835 0.14657511 -0.15895109
v 0.31951046 0.15805352 -0.15628056
v 0.31300047 0.15727293 -0.15696232
v 0.31714106 0.14565223 -0.15930064
v 0.31290379 0.16626254 -0.17695110
v 0.31643036 0.15920392 -0.17635559
v 0.31043595 0.15928295 -0.17434041
v 0.30758390 0.16635498 -0.17376854
v 0.31824243 0.19237229 -0.20378394
v 0.32275236 0.18635973 -0.20396997
v 0.32551813 0.18132047 -0.16661952
v 0.31905472 0.19008413 -0.15234937
v 0.32194555 0.17903647 -0.15638725
v 0.30780002 0.20261422 -0.19056113
v 0.31277001 0.19674765 -0.19718380
v 0.31150916 0.19400124 -0.19271092
v 0.30605391 0.17961830 -0.17938571
v 0.30727237 0.18483922 -0.18245773
v 0.31023374 0.17755002 -0.18240602
v 0.30825737 0.17316709 -0.17841519
v 0.30805904 0.23913085 -0.21086119
v 0.31707954 0.24050027 -0.20363332
v 0.31457201 0.13907710 -0.16353770
v 0.31593314 0.13391373 -0.16524492
v 0.28604597 0.28241879 -0.18794023
v 0.27850911 0.27928910 -0.18866204
v 0.30305874 0.21136647 -0.18894409
v 0.31369278 0.20208764 -0.14989485
v 0.29713050 0.21944399 -0.18827726
v 0.33388266 0.19969359 -0.19972663
v 0.33735147 0.19314837 -0.20159011
v 0.33248642 0.19257867 -0.20621656
v 0.32975674 0.19925529 -0.20580448
v 0.32149851 0.14848728 -0.17679642
v 0.32453549 0.14194244 -0.17738248
v 0.31875670 0.14113358 -0.17672645
v 0.31541163 0.14779061 -0.17566712
v 0.30409756 0.16650061 -0.16951241
v 0.30647716 0.15880200 -0.17033340
v 0.30538952 0.15806940 -0.16500343
v 0.30256733 0.16621679 -0.16392703
v 0.30494747 0.16561870 -0.15868266
v 0.30815175 0.15747344 -0.16015093
v 0.32774127 0.14875257 -0.17408465
v 0.32329884 0.15910035 -0.17334719
v 0.32700631 0.16027826 -0.16647960
v 0.33031350 0.14863051 -0.16771717
v 0.31887347 0.23813330 -0.17538904
v 0.32401374 0.23199314 -0.18789782
v 0.31858280 0.24291088 -0.18310614
v 0.33377334 0.20323026 -0.18896814
v 0.33107522 0.20937279 -0.19819222
v 0.32903144 0.22093093 -0.19262357
v 0.32216075 0.23656102 -0.19506989
v 0.32224378 0.17138627 -0.17588337
v 0.32734236 0.17414132 -0.17335783
v 0.32401717 0.17039603 -0.16770194
v 0.29726836 0.22242130 -0.19464757
v 0.31242853 0.14561713 -0.16209118
v 0.29335815 0.24825048 -0.14203171
v 0.29511362 0.24039105 -0.14328764
v 0.30611196 0.24490741 -0.15076260
v 0.30251309 0.25296596 -0.14826085
v 0.31111562 0.14679858 -0.17183392
v 0.30961838 0.14580512 -0.16679759
v 0.32060987 0.19460072 -0.20888902
v 0.32509962 0.19530904 -0.21121411
v 0.32816595 0.19099315 -0.20989577
v 0.32473436 0.18939066 -0.20787309
v 0.31701872 0.24691856 -0.19040962
v 0.33388975 0.21291132 -0.20844992
v 0.32952064 0.21551050 -0.21666859
v 0.31383154 0.25278175 -0.17941110
v 0.31063348 0.25611535 -0.16832303
v 0.31418884 0.24838197 -0.17128207
v 0.33243540 0.19228587 -0.18212421
v 0.31879196 0.23308831 -0.16868149
v 0.31382552 0.24371450 -0.16452701
v 0.30962077 0.25177577 -0.16007541
v 0.30681765 0.25859326 -0.15753774
v 0.30766508 0.26277530 -0.16688709
v 0.32813403 0.14767346 -0.16175367
v 0.33180863 0.14159594 -0.16883464
v 0.30267856 0.28055489 -0.16372918
v 0.30491677 0.27079871 -0.16539200
v 0.30132690 0.27606848 -0.15391202
v 0.30402952 0.26638073 -0.15585206
v 0.30878493 0.23340718 -0.15116031
v 0.31231421 0.23861688 -0.15766104
v 0.31452844 0.22166309 -0.15449329
v 0.31790903 0.22787297 -0.16181464
v 0.33197463 0.18890846 -0.17237847
v 0.33303714 0.12792142 -0.17615356
v 0.32967398 0.12820804 -0.17939298
v 0.32688209 0.13606042 -0.17837493
v 0.33111009 0.13570498 -0.17502646
v 0.32960990 0.14200705 -0.17442353
v 0.33278033 0.13553475 -0.16984950
v 0.30742678 0.21428812 -0.14766942
v 0.31437016 0.17079514 -0.18174274
v 0.29775137 0.22648661 -0.14407422
v 0.29187581 0.21169114 -0.13931949
v 0.29931220 0.20414661 -0.14215355
v 0.28334194 0.22658020 -0.13817884
v 0.28319642 0.23831221 -0.13981892
v 0.28151962 0.25248936 -0.13907023
v 0.28243649 0.24641325 -0.14013873
v 0.27987012 0.26065075 -0.13665025
v 0.28121909 0.21325971 -0.13557194
v 0.31882793 0.12859657 -0.17709117
v 0.31631771 0.12757146 -0.17223416
v 0.29166058 0.25517187 -0.14050369
v 0.28987014 0.26458311 -0.13838901
v 0.26804194 0.19842178 -0.16102163
v 0.29052454 0.22687854 -0.18763934
v 0.28991625 0.22951454 -0.19241904
v 0.28933400 0.23455010 -0.19953753
v 0.29290131 0.24234882 -0.20658036
v 0.29788488 0.27049375 -0.14439382
v 0.25669071 0.27948391 -0.16741492
v 0.26029247 0.28320333 -0.17528589
v 0.29762113 0.28828421 -0.15188734
v 0.31756136 0.12681571 -0.16782446
v 0.32880279 0.17911813 -0.19490714
v 0.32795686 0.17697844 -0.19415186
v 0.25790709 0.19979790 -0.14531238
v 0.25951099 0.19088130 -0.14252518
v 0.26968628 0.19040768 -0.13351141
v 0.26930371 0.20111878 -0.13372235
v 0.26115689 0.20139670 -0.13804801
v 0.26274142 0.19118667 -0.13699867
v 0.28242746 0.23469165 -0.18726338
v 0.28325745 0.23673251 -0.19127215
v 0.31174198 0.24969362 -0.19943951
v 0.30307847 0.24836780 -0.20683198
v 0.31018662 0.16578698 -0.15505664
v 0.31687728 0.16730234 -0.15480612
v 0.31455901 0.17479640 -0.15229492
v 0.32537553 0.15987679 -0.15974404
v 0.31980309 0.16625166 -0.17411165
v 0.31864652 0.16879046 -0.17807253
v 0.27721161 0.22467592 -0.17837287
v 0.26545945 0.23293206 -0.17502727
v 0.27581382 0.18653204 -0.15061031
v 0.27571046 0.19080362 -0.15501325
v 0.30931905 0.19021183 -0.18741797
v 0.33564344 0.18036869 -0.18296964
v 0.33430845 0.17873955 -0.17523845
v 0.31277329 0.18261588 -0.18831582
v 0.32123199 0.12610099 -0.16510434
v 0.32644969 0.12625626 -0.16430216
v 0.32336003 0.16986412 -0.15859206
v 0.31358036 0.19988504 -0.20301802
v 0.33284271 0.17846557 -0.18930750
v 0.33374178 0.18604743 -0.18912508
v 0.32282257 0.21551219 -0.21898340
v 0.30022064 0.26054794 -0.14647673
v 0.32091370 0.13594359 -0.17828824
v 0.32374698 0.12902160 -0.18023895
v 0.33378756 0.12798464 -0.17176969
v 0.33142629 0.12751216 -0.16696878
v 0.29744583 0.25564697 -0.20269780
v 0.29071748 0.22461525 -0.18465684
v 0.26500210 0.28716779 -0.18152620
v 0.27872697 0.20158842 -0.13407941
v 0.27724198 0.19000612 -0.13396938
v 0.31682283 0.17589530 -0.18897910
v 0.33207649 0.20588581 -0.20481785
v 0.33709228 0.18374220 -0.19128571
v 0.33998346 0.18979535 -0.19461353
v 0.33714151 0.19561434 -0.19228564
v 0.33344746 0.17954350 -0.19339861
v 0.33292347 0.12101339 -0.16873397
v 0.33517385 0.12164424 -0.17332591
v 0.32804137 0.11957781 -0.16608779
v 0.32288253 0.12014200 -0.16705896
v 0.31939614 0.12145060 -0.16957577
v 0.33452186 0.12179369 -0.17747788
v 0.33137265 0.12239456 -0.18038540
v 0.32569465 0.12366626 -0.18120752
v 0.33570144 0.11665726 -0.17898135
v 0.33653450 0.11531132 -0.17511977
v 0.32979676 0.10720158 -0.16996513
v 0.33295295 0.10679585 -0.17067240
v 0.33257884 0.11026894 -0.16978757
v 0.33011788 0.11261004 -0.16809560
v 0.33078593 0.10285723 -0.17221294
v 0.33408165 0.10263065 -0.17235003
v 0.33622375 0.10776143 -0.17272086
v 0.33487344 0.11176971 -0.17135282
v 0.33762991 0.10334329 -0.17440937
v 0.33890095 0.10468447 -0.17772727
v 0.33734548 0.10889791 -0.17611600
v 0.33623159 0.11211674 -0.17422192
v 0.33418718 0.11525746 -0.17027859
v 0.33279181 0.09962414 -0.17480461
v 0.33631542 0.09880315 -0.17825122
v 0.33829594 0.09972030 -0.17610912
v 0.33508143 0.09992297 -0.17388253
v 0.32470164 0.11446023 -0.16885360
v 0.32632148 0.10845365 -0.17134123
v 0.32792535 0.10367130 -0.17397262
v 0.33040643 0.10043128 -0.17686610
v 0.32386249 0.10905659 -0.17414878
v 0.32653448 0.10440172 -0.17667224
v 0.32896900 0.10188296 -0.17899661
v 0.32352257 0.10981277 -0.17784621
v 0.32673311 0.10509972 -0.17953883
v 0.32122928 0.11610381 -0.17132707
v 0.32022974 0.11738071 -0.17516355
v 0.32867095 0.10317060 -0.18035637
v 0.33411169 0.09984156 -0.18015428
v 0.33766633 0.11040050 -0.17867799
v 0.33864981 0.10568361 -0.18051951
v 0.33661574 0.11125575 -0.18110983
v 0.33733112 0.10627705 -0.18250029
v 0.33985105 0.10150428 -0.17864282
v 0.33883584 0.10156889 -0.18088423
v 0.31823060 0.12276207 -0.17361443
v 0.32102609 0.12381688 -0.17837326
v 0.32275468 0.11862399 -0.17959873
v 0.32577008 0.11108384 -0.18203653
v 0.32751065 0.11867133 -0.18209203
v 0.33281353 0.11726131 -0.18166678
v 0.33427763 0.11157644 -0.18296285
v 0.33019885 0.11189289 -0.18387632
v 0.33485296 0.10676697 -0.18384011
v 0.33178538 0.10680516 -0.18420525
v 0.32872269 0.10599026 -0.18255566
v 0.33432361 0.10340482 -0.18352012
v 0.33678108 0.10242368 -0.18258803
v 0.33204281 0.10164641 -0.18150733
v 0.33048624 0.10346444 -0.18226571
v 0.33231065 0.10426703 -0.18362282
v 0.33305869 0.13883631 -0.19506328
v 0.33031654 0.14523828 -0.19220437
v 0.33207202 0.14709473 -0.19670884
v 0.33517742 0.14058705 -0.19962023
v 0.34204987 0.13942358 -0.18506093
v 0.34048676 0.14577581 -0.18258755
v 0.33509314 0.14444426 -0.18442483
v 0.33671811 0.13818017 -0.18733974
v 0.34713292 0.14219046 -0.18814848
v 0.34575686 0.14857736 -0.18558832
v 0.33801255 0.15311080 -0.17965822
v 0.33214256 0.16513884 -0.17622288
v 0.32650119 0.16376884 -0.17901902
v 0.33240059 0.15166581 -0.18182512
v 0.33108008 0.16969320 -0.19563289
v 0.32571515 0.16927183 -0.19475733
v 0.33168614 0.14448097 -0.18815611
v 0.33363795 0.13798440 -0.19101687
v 0.33708158 0.15764198 -0.19869496
v 0.34088314 0.15003425 -0.20098738
v 0.33584177 0.14878979 -0.20015724
v 0.33182901 0.15635896 -0.19794171
v 0.32179171 0.16746005 -0.19036309
v 0.31957164 0.16455212 -0.18533362
v 0.32208368 0.16333519 -0.18168722
v 0.34239510 0.15818968 -0.19597913
v 0.33704886 0.16999930 -0.19226028
v 0.34014487 0.17009562 -0.18572439
v 0.34515247 0.15770596 -0.18996532
v 0.32823566 0.15155056 -0.18533559
v 0.32805067 0.15465817 -0.19401254
v 0.32622829 0.15243647 -0.18941291
v 0.34340176 0.15604773 -0.18289436
v 0.34749633 0.15025449 -0.19255014
v 0.35071969 0.13514970 -0.20232724
v 0.34763095 0.13469085 -0.20580365
v 0.34388813 0.14348125 -0.20334400
v 0.34767339 0.14377743 -0.20013048
v 0.34514293 0.15038297 -0.19817184
v 0.34917462 0.14372370 -0.19448061
v 0.33949235 0.13144296 -0.20360766
v 0.33686933 0.12990114 -0.19901611
v 0.33698553 0.12896051 -0.19503029
v 0.33874783 0.16839331 -0.17839460
v 0.33962297 0.12934622 -0.19157158
v 0.34456331 0.13075107 -0.18894695
v 0.33901238 0.14229797 -0.20299025
v 0.34307307 0.13344347 -0.20638426
v 0.35167220 0.13515832 -0.19728194
v 0.34963396 0.13380711 -0.19144617
v 0.35191736 0.12650312 -0.19470321
v 0.35376844 0.12808961 -0.19998078
v 0.34724081 0.12355071 -0.19202583
v 0.34227437 0.12296262 -0.19415839
v 0.33973065 0.12337492 -0.19728260
v 0.35313135 0.12830661 -0.20414098
v 0.35035014 0.12830955 -0.20718227
v 0.34573147 0.12783533 -0.20787467
v 0.35537171 0.12194408 -0.20628746
v 0.35646403 0.12062432 -0.20285712
v 0.35295716 0.10615312 -0.20082454
v 0.35618642 0.10656255 -0.20054920
v 0.35438409 0.11097351 -0.19869302
v 0.35125333 0.11082877 -0.19786002
v 0.35375893 0.11438757 -0.19744517
v 0.35067943 0.11636631 -0.19524221
v 0.35763657 0.11235335 -0.20131470
v 0.35568684 0.11619960 -0.19937731
v 0.35998878 0.10770349 -0.20256035
v 0.36080208 0.10946339 -0.20586811
v 0.35811791 0.11420242 -0.20376606
v 0.35669675 0.11722910 -0.20222868
v 0.35582036 0.10260852 -0.20363532
v 0.35784292 0.10334957 -0.20220931
v 0.35444954 0.12003073 -0.19759084
v 0.34514996 0.11755320 -0.19646357
v 0.34761742 0.11129719 -0.19934101
v 0.35044196 0.10612470 -0.20262317
v 0.35357738 0.10298939 -0.20566799
v 0.34503737 0.11203916 -0.20228182
v 0.34863731 0.10688291 -0.20505108
v 0.35196266 0.10462497 -0.20756005
v 0.34473261 0.11338045 -0.20622592
v 0.34866178 0.10819754 -0.20821248
v 0.34206325 0.11862367 -0.19940750
v 0.34163657 0.12028843 -0.20308699
v 0.35128608 0.10614182 -0.20896043
v 0.35728949 0.10302502 -0.20846997
v 0.35976380 0.10220928 -0.20660569
v 0.36184782 0.10322693 -0.20412631
v 0.35778829 0.11522190 -0.20603688
v 0.35973170 0.10987116 -0.20812012
v 0.35743093 0.11584672 -0.20850421
v 0.35901135 0.11029357 -0.21006699
v 0.36252832 0.10579109 -0.20701064
v 0.36128125 0.10547446 -0.20876749
v 0.33966398 0.12461860 -0.20117210
v 0.34189111 0.12629482 -0.20522128
v 0.34373966 0.12198822 -0.20706616
v 0.34716487 0.11522742 -0.21003564
v 0.34790418 0.12329396 -0.20946626
v 0.35278350 0.12279099 -0.20878805
v 0.35526910 0.11655790 -0.21051387
v 0.35138309 0.11665657 -0.21156870
v 0.35702837 0.11091641 -0.21140908
v 0.35399979 0.11115517 -0.21219756
v 0.35064542 0.10993709 -0.21118458
v 0.35718286 0.10710229 -0.21136262
v 0.35942572 0.10593411 -0.21042357
v 0.35524052 0.10469322 -0.20995639
v 0.35309646 0.10687286 -0.21080337
v 0.35501862 0.10824242 -0.21180911
v 0.33937770 0.15675503 -0.21077041
v 0.33713835 0.16171551 -0.20818518
v 0.33677882 0.16423118 -0.21258087
v 0.33893511 0.15915361 -0.21539675
v 0.34940818 0.15820685 -0.20479168
v 0.34730062 0.16391772 -0.20111300
v 0.34349048 0.16152161 -0.20196320
v 0.34583789 0.15642577 -0.20517875
v 0.35237893 0.16100928 -0.20762636
v 0.35030305 0.16743025 -0.20433609
v 0.34460291 0.16969286 -0.19799908
v 0.34043729 0.17794085 -0.19434325
v 0.33582789 0.17495170 -0.19612150
v 0.34043676 0.16674605 -0.19920363
v 0.33995914 0.16080955 -0.20455949
v 0.34232324 0.15581778 -0.20732777
v 0.33828315 0.17485589 -0.21510048
v 0.34202266 0.16880780 -0.21734013
v 0.33872426 0.16684121 -0.21602453
v 0.33509657 0.17281714 -0.21345727
v 0.32749504 0.17989451 -0.20593338
v 0.32795563 0.17644867 -0.20184259
v 0.33136150 0.17479149 -0.19890101
v 0.34329480 0.17626727 -0.21337532
v 0.33739468 0.18553710 -0.20925139
v 0.34229997 0.18558788 -0.20437761
v 0.34734121 0.17637083 -0.20782931
v 0.33664507 0.16591108 -0.20219041
v 0.33301613 0.16990016 -0.21021001
v 0.33356032 0.16699624 -0.20580925
v 0.34755966 0.17384532 -0.20138215
v 0.34995481 0.16989282 -0.21036862
v 0.35359314 0.15523852 -0.22087161
v 0.35003954 0.15484321 -0.22337203
v 0.34504646 0.16348261 -0.22007467
v 0.34930912 0.16413660 -0.21772663
v 0.34639201 0.17013592 -0.21567126
v 0.35233966 0.16329151 -0.21296017
v 0.34300360 0.15148050 -0.21942393
v 0.34256747 0.14927486 -0.21511637
v 0.34532252 0.14847332 -0.21170355
v 0.34362113 0.18248841 -0.19760756
v 0.33214411 0.18440393 -0.21111970
v 0.34846881 0.14869863 -0.20984332
v 0.35200691 0.14989822 -0.20935793
v 0.34129947 0.16179997 -0.21888210
v 0.34581575 0.15385160 -0.22274508
v 0.35569382 0.15453786 -0.21643470
v 0.35534778 0.15268251 -0.21159981
v 0.35748994 0.14661950 -0.21455397
v 0.35835567 0.14877053 -0.21912186
v 0.35431689 0.14369881 -0.21227084
v 0.35056984 0.14299862 -0.21303658
v 0.34744146 0.14337486 -0.21468763
v 0.35623616 0.14938697 -0.22320472
v 0.35307598 0.14910074 -0.22527073
v 0.34860885 0.14887653 -0.22465070
v 0.35815385 0.14511833 -0.22542296
v 0.36017093 0.14327371 -0.22181986
v 0.35880223 0.12867785 -0.22022454
v 0.36100560 0.12938043 -0.22067438
v 0.35899004 0.13332643 -0.21895896
v 0.35709569 0.13264646 -0.21784054
v 0.35842684 0.13647194 -0.21736313
v 0.35653049 0.13814975 -0.21524726
v 0.36193079 0.13520777 -0.22050761
v 0.36020535 0.13866884 -0.21869983
v 0.36391276 0.13131347 -0.22260623
v 0.36396968 0.13376281 -0.22585143
v 0.36181450 0.13752928 -0.22369470
v 0.36090916 0.14013726 -0.22141264
v 0.36121523 0.12597436 -0.22290020
v 0.36275819 0.12699364 -0.22231956
v 0.35900879 0.14182410 -0.21709840
v 0.35247043 0.13845210 -0.21538825
v 0.35418198 0.13287669 -0.21832548
v 0.35622075 0.12860397 -0.22110711
v 0.35849148 0.12629092 -0.22418834
v 0.35155866 0.13375849 -0.22015496
v 0.35409743 0.12951548 -0.22292449
v 0.35624221 0.12767935 -0.22548689
v 0.34979218 0.13514036 -0.22273363
v 0.35294560 0.13081816 -0.22514643
v 0.34933642 0.13924980 -0.21720393
v 0.34726363 0.14095642 -0.21978576
v 0.35512558 0.12919590 -0.22641899
v 0.36111742 0.12722874 -0.22791071
v 0.36406294 0.12675935 -0.22631489
v 0.36568123 0.12795925 -0.22441451
v 0.36140543 0.13923877 -0.22583981
v 0.36300367 0.13483493 -0.22798164
v 0.35955334 0.14023578 -0.22782631
v 0.36127257 0.13531327 -0.22953255
v 0.36548042 0.13073406 -0.22672246
v 0.36448565 0.13072249 -0.22837369
v 0.34532654 0.14479178 -0.21746634
v 0.34566894 0.14703688 -0.22130509
v 0.34761122 0.14310032 -0.22313981
v 0.35056394 0.13715822 -0.22619243
v 0.35057330 0.14508948 -0.22618024
v 0.35474437 0.14530772 -0.22677164
v 0.35673645 0.14031290 -0.22892682
v 0.35328868 0.13954611 -0.22849394
v 0.35869515 0.13532227 -0.23036383
v 0.35589850 0.13465506 -0.23001502
v 0.35364622 0.13272482 -0.22801794
v 0.35947239 0.13166004 -0.23028131
v 0.36221448 0.13121969 -0.22968452
v 0.35828155 0.12861738 -0.22838579
v 0.35612878 0.13022460 -0.22847076
v 0.35725120 0.13200596 -0.23006372
v 0.32916647 0.18273370 -0.20902888
v 0.33709526 0.18412623 -0.22680233
v 0.33501628 0.18738909 -0.22372518
v 0.33417037 0.18979698 -0.22681241
v 0.33618259 0.18662445 -0.22987922
v 0.34719747 0.18636289 -0.22316550
v 0.34520951 0.19025472 -0.21948151
v 0.34163347 0.18742433 -0.21913721
v 0.34379888 0.18364170 -0.22271220
v 0.34846863 0.19011265 -0.22632776
v 0.34659374 0.19434373 -0.22283088
v 0.34190294 0.19464023 -0.21573336
v 0.33645505 0.20143545 -0.20951571
v 0.33301514 0.19752449 -0.21069680
v 0.33824238 0.19162765 -0.21557282
v 0.32507524 0.21084201 -0.22044159
v 0.32861510 0.20585543 -0.22343434
v 0.32649595 0.20250738 -0.22205751
v 0.32183340 0.20766483 -0.21901424
v 0.33777219 0.18645540 -0.22082193
v 0.34005886 0.18305704 -0.22428142
v 0.33396533 0.19931309 -0.22802602
v 0.33720836 0.19547467 -0.23110129
v 0.33499420 0.19258495 -0.22946514
v 0.33175713 0.19609839 -0.22666053
v 0.32068625 0.20355621 -0.21663336
v 0.32579488 0.19921654 -0.21964698
v 0.32666704 0.19698098 -0.21646212
v 0.32129622 0.19927555 -0.21374811
v 0.32913822 0.19602901 -0.21380635
v 0.33746362 0.20160399 -0.22718044
v 0.33181691 0.20835195 -0.22249873
v 0.33562648 0.20976016 -0.21906893
v 0.34139141 0.20175600 -0.22401376
v 0.33465415 0.19034892 -0.21777193
v 0.33103004 0.19333443 -0.22406475
v 0.33200255 0.19103161 -0.22082837
v 0.34334758 0.19893786 -0.21880122
v 0.34455511 0.19700861 -0.22737990
v 0.34601280 0.18880539 -0.23781432
v 0.34279150 0.18764274 -0.23828085
v 0.33956361 0.19212887 -0.23430695
v 0.34328198 0.19381331 -0.23378433
v 0.34091505 0.19738722 -0.23050196
v 0.34677413 0.19305390 -0.23076306
v 0.33906436 0.18243670 -0.23390545
v 0.33996093 0.17964800 -0.23106177
v 0.34267980 0.17859197 -0.22860877
v 0.33812788 0.20686562 -0.21248175
v 0.34612879 0.17880023 -0.22736521
v 0.34933981 0.18105301 -0.22778572
v 0.33712560 0.18942191 -0.23261194
v 0.34024262 0.18520802 -0.23660640
v 0.34922212 0.18796010 -0.23502840
v 0.35060337 0.18495703 -0.23066922
v 0.35283121 0.18077955 -0.23394097
v 0.35162076 0.18371144 -0.23820470
v 0.35118973 0.17706014 -0.23112677
v 0.34804481 0.17532186 -0.23067971
v 0.34461316 0.17565787 -0.23178725
v 0.34799927 0.18483326 -0.24076863
v 0.34516266 0.18391678 -0.24075620
v 0.34287423 0.18197185 -0.23901062
v 0.35032156 0.18096536 -0.24330236
v 0.35383233 0.17920801 -0.24109693
v 0.35446620 0.16586924 -0.23934628
v 0.35609409 0.16718303 -0.23967965
v 0.35475293 0.16960491 -0.23801465
v 0.35314277 0.16883788 -0.23672940
v 0.35421637 0.17253727 -0.23643716
v 0.35268775 0.17323343 -0.23431583
v 0.35645840 0.17230310 -0.23969720
v 0.35504028 0.17500240 -0.23798327
v 0.35821676 0.16939779 -0.24188457
v 0.35714182 0.17168763 -0.24538617
v 0.35594586 0.17465602 -0.24324788
v 0.35517454 0.17656758 -0.24086405
v 0.35622078 0.16405442 -0.24225910
v 0.35752296 0.16533199 -0.24156453
v 0.35420191 0.17732531 -0.23636897
v 0.34963819 0.17221454 -0.23338576
v 0.35095149 0.16828178 -0.23647712
v 0.35259882 0.16462722 -0.23998640
v 0.35418823 0.16356343 -0.24366979
v 0.34845993 0.16892250 -0.23738723
v 0.35038620 0.16560492 -0.24103861
v 0.35203028 0.16453776 -0.24425142
v 0.34626019 0.17063135 -0.23870923
v 0.34860396 0.16731223 -0.24201883
v 0.34655365 0.17287996 -0.23403670
v 0.34408635 0.17463878 -0.23548199
v 0.35030296 0.16597545 -0.24404930
v 0.35509428 0.16535127 -0.24643902
v 0.35754433 0.16553837 -0.24567483
v 0.35937807 0.16687943 -0.24402393
v 0.35463211 0.17601249 -0.24501516
v 0.35574156 0.17227192 -0.24728675
v 0.35198101 0.17688906 -0.24589889
v 0.35356459 0.17205891 -0.24802180
v 0.35840932 0.16920894 -0.24627231
v 0.35699728 0.16872717 -0.24754895
v 0.34218305 0.17700265 -0.23380165
v 0.34145397 0.17930900 -0.23626359
v 0.34308931 0.17694849 -0.23822497
v 0.34531033 0.17291597 -0.24106757
v 0.34446788 0.17934769 -0.24102898
v 0.34702694 0.18081877 -0.24288590
v 0.34918475 0.17650491 -0.24558975
v 0.34657669 0.17517041 -0.24389695
v 0.35112372 0.17171308 -0.24751402
v 0.34909764 0.17069818 -0.24608184
v 0.34805414 0.16902581 -0.24389176
v 0.35247695 0.16812927 -0.24753667
v 0.35469529 0.16828409 -0.24807929
v 0.35265240 0.16588923 -0.24631710
v 0.35056740 0.16689152 -0.24552716
v 0.35082313 0.16825876 -0.24666478
v 0.32834792 0.21236420 -0.22007947
v 0.28090376 0.17793347 -0.13709359
v 0.28114325 0.17733443 -0.14171599
v 0.27352965 0.17687666 -0.14897670
v 0.26677608 0.17745323 -0.14901836
v 0.26150054 0.17852645 -0.14514731
v 0.26112893 0.17910814 -0.13977922
v 0.26429406 0.17908776 -0.13526891
v 0.27903005 0.17677751 -0.14589803
v 0.27731070 0.17871317 -0.13287453
v 0.27038011 0.17901656 -0.13224785
v 0.27081788 0.16854239 -0.13051058
v 0.27784976 0.16889469 -0.13115810
v 0.26439974 0.16878957 -0.13343529
v 0.26100910 0.16975972 -0.13844492
v 0.26134935 0.17070936 -0.14384119
v 0.28176582 0.16924638 -0.13561814
v 0.28185707 0.16956386 -0.14083178
v 0.27848867 0.16997661 -0.14537789
v 0.28215978 0.16063474 -0.13413368
v 0.27891430 0.15702924 -0.12940042
v 0.26509407 0.14642477 -0.13197465
v 0.26759908 0.14638533 -0.12851836
v 0.26711193 0.15083197 -0.12937553
v 0.26410308 0.15163624 -0.13250677
v 0.26789150 0.15392941 -0.12978397
v 0.26523638 0.15755126 -0.13185434
v 0.27242362 0.15027897 -0.12659456
v 0.27234945 0.15340149 -0.12793784
v 0.27812234 0.14982921 -0.12684934
v 0.27674735 0.15301606 -0.12722977
v 0.27259386 0.14586200 -0.12516530
v 0.26865181 0.14272794 -0.12769507
v 0.27271944 0.14177945 -0.12557812
v 0.26758891 0.14159545 -0.13041331
v 0.27183768 0.15806112 -0.12907632
v 0.26155367 0.16084875 -0.13732500
v 0.26231596 0.15283653 -0.13654314
v 0.26416293 0.14621839 -0.13563882
v 0.26806858 0.14137611 -0.13431166
v 0.26339343 0.15369052 -0.14143597
v 0.26620209 0.14666101 -0.13940217
v 0.26976612 0.14276405 -0.13740416
v 0.26762864 0.15461776 -0.14449452
v 0.26980820 0.14759284 -0.14131524
v 0.26165256 0.16322562 -0.14306299
v 0.26617935 0.16475052 -0.14679958
v 0.27148923 0.14420131 -0.13909073
v 0.27368605 0.13948241 -0.13263641
v 0.27300856 0.13894928 -0.12857725
v 0.28104231 0.15057820 -0.12932445
v 0.27801916 0.14573185 -0.12563081
v 0.28078011 0.14544106 -0.12860899
v 0.28251055 0.15226872 -0.13326828
v 0.28166568 0.14573941 -0.13250418
v 0.27700728 0.14227524 -0.12537362
v 0.27842435 0.14114703 -0.12807454
v 0.26614204 0.17116669 -0.14778312
v 0.27257422 0.17060837 -0.14824890
v 0.27270544 0.16464376 -0.14700817
v 0.27384445 0.15516832 -0.14466311
v 0.27901015 0.16346475 -0.14433871
v 0.28253683 0.16222507 -0.13921817
v 0.28225142 0.15333745 -0.13756947
v 0.27941632 0.15445194 -0.14204402
v 0.28080541 0.14651512 -0.13618802
v 0.27843732 0.14744735 -0.13924988
v 0.27433982 0.14768972 -0.14115955
v 0.27803469 0.14286464 -0.13542272
v 0.27868870 0.14130285 -0.13202427
v 0.27405342 0.14152801 -0.13587175
v 0.27436516 0.14387533 -0.13833855
v 0.27714035 0.14434800 -0.13756438
v 0.31783524 0.21206355 -0.21796758
v 0.31592771 0.20752245 -0.21457203
v 0.31176502 0.21378385 -0.21249063
v 0.30649209 0.22108915 -0.21078373
v 0.30525026 0.23122106 -0.21227778
v 0.30537331 0.21752258 -0.20543997
v 0.31052613 0.21033438 -0.20758681
v 0.31600091 0.20211984 -0.20986195
v 0.30056697 0.22042458 -0.19907247
v -0.03251205 0.66182059 0.41232193
v -0.02880382 0.66265887 0.41033262
v -0.02781034 0.65973294 0.40467972
v -0.03034890 0.65867734 0.40614742
v -0.03366025 0.65751839 0.40773898
v -0.03744341 0.65730762 0.40880030
v -0.04244984 0.66253793 0.41440207
v -0.03680138 0.66275257 0.41445476
v -0.05216929 0.66007745 0.40897751
v -0.05032270 0.66106105 0.40954280
v -0.05144399 0.65915883 0.40871590
v -0.04551333 0.65817833 0.40913576
v -0.04916576 0.65898919 0.40862161
v -0.02514860 0.66297805 0.40540808
v -0.02443600 0.66267920 0.40370363
v -0.02674801 0.66258311 0.40787613
v -0.04151860 0.65747750 0.40941632
v -0.02475902 0.66198039 0.40288967
v -0.02594413 0.66097581 0.40327084
v -0.04712366 0.66240597 0.41204268
v -0.03306044 0.65925682 0.40904868
v -0.03701565 0.65902877 0.41025531
v -0.04166125 0.66087723 0.41284871
v -0.03664187 0.66091084 0.41246098
v -0.04491557 0.65977979 0.41054010
v -0.04738454 0.66003841 0.40988553
v -0.02994853 0.66013163 0.40737063
v -0.04130583 0.65911210 0.41090471
v -0.03211639 0.66155100 0.41073370
v -0.04804401 0.66051060 0.41016257
v -0.04563884 0.66118640 0.41182822
v -0.02546176 0.66159475 0.40389478
v -0.02547965 0.66179299 0.40347397
v -0.05344624 0.47991976 0.20833883
v -0.05147745 0.46238863 0.19923887
v -0.02931352 0.66150928 0.40838546
v -0.02642177 0.66124052 0.40417749
v -0.02796062 0.66059303 0.40549928
v -0.02745321 0.66176748 0.40644020
v -0.02607944 0.66198236 0.40482891
v 0.14171523 0.48226845 0.05832335
v 0.12825590 0.47689128 0.05114479
v 0.17133972 0.52548146 0.05256474
v 0.16691637 0.54593056 0.04556369
v -0.00621425 0.27854297 0.01549312
v 0.02980744 0.46010059 -0.08555080
v 0.02932829 0.47730729 -0.07020915
v -0.04284208 0.49447066 -0.08855586
v -0.02266249 0.49097535 -0.09057851
v 0.06821773 0.38007754 -0.01883666
v 0.06897032 0.36619467 -0.03132045
v 0.03467219 0.32878822 0.01532727
v 0.03283215 0.31567371 0.00295635
v 0.06023873 0.33383062 -0.02845156
v 0.00370444 0.44414252 -0.12869565
v -0.00046358 0.46390316 -0.10968845
v 0.01699445 0.45383066 -0.10652053
v 0.02261804 0.43571490 -0.12473790
v -0.06012612 0.47361508 -0.10272343
v -0.06301238 0.49290210 -0.08408988
v 0.07040126 0.41457352 -0.01847067
v 0.06739602 0.43595994 -0.03186722
v 0.04590619 0.47507411 -0.05058488
v 0.03053922 0.49207360 -0.05470306
v -0.00468024 0.51906407 -0.05407326
v 0.01426318 0.50697178 -0.05519691
v 0.02002581 0.32889777 0.03836949
v 0.00255795 0.33437160 0.06000925
v 0.06797963 0.39328611 -0.00444426
v -0.04356800 0.30278721 0.05791222
v -0.04902496 0.55164033 -0.02904837
v -0.02611601 0.54866052 -0.03182711
v 0.05846304 0.45649946 -0.04257187
v -0.03207413 0.41886318 0.17640190
v -0.03117362 0.40244892 0.16738471
v -0.01453474 0.40675378 0.16924125
v -0.01526113 0.42367697 0.17680077
v 0.00157548 0.41105476 0.16933727
v 0.01653349 0.41606686 0.16739109
v 0.02991933 0.42148307 0.16381764
v 0.06097109 0.43573788 0.14741449
v 0.05221096 0.43117839 0.15409021
v 0.07387332 0.44534361 0.13024808
v 0.06809933 0.44041181 0.13977258
v 0.07742514 0.44935691 0.11601532
v 0.07854103 0.45462006 0.09933922
v 0.07901963 0.46148700 0.08200473
v 0.07987765 0.47313407 0.08846636
v 0.07681368 0.44270086 0.09421498
v 0.07545974 0.43814698 0.11034048
v 0.07208099 0.43295592 0.12351295
v -0.04489481 0.36832792 0.14086905
v -0.04287445 0.35647008 0.11960014
v -0.05601103 0.49593025 0.21764505
v 0.20741031 0.43106690 -0.14019425
v 0.26139531 0.30476582 -0.12039971
v -0.05704992 0.64077020 0.15632345
v -0.07764712 0.63468778 0.15476167
v -0.09639869 0.62666422 0.14415525
v -0.09550629 0.62976241 0.15473275
v 0.03097265 0.63569307 0.18784922
v 0.01037636 0.64657998 0.17003223
v -0.01283249 0.64861786 0.15650123
v -0.03630926 0.64500678 0.14870693
v 0.05805374 0.38651425 0.02355092
v -0.05748428 0.63267469 0.12037277
v -0.03560774 0.64311504 0.13705058
v -0.01054564 0.64745688 0.14466028
v 0.01638730 0.64707083 0.15681919
v 0.04497091 0.63667226 0.17560811
v 0.06482094 0.62873983 0.17611219
v 0.08458475 0.62226212 0.15277790
v 0.09712618 0.61521679 0.14971156
v 0.10664453 0.60770577 0.16609047
v 0.11831947 0.60037690 0.15869564
v 0.10923634 0.60903955 0.14428407
v 0.15383488 0.56669623 0.06678403
v 0.15551180 0.56291741 0.05059377
v 0.15151194 0.56363618 0.03691033
v 0.14323345 0.56485492 0.02653302
v 0.13224956 0.56569123 0.02026493
v 0.11826197 0.56652158 0.02083910
v 0.10613703 0.56727886 0.02596705
v 0.08331051 0.56927669 0.05157569
v 0.08098844 0.57064152 0.05914390
v 0.07191315 0.56240940 0.04981043
v 0.06810207 0.55989742 0.04383990
v 0.04123498 0.54858559 0.00630166
v 0.05021458 0.55272222 0.02088109
v 0.03122938 0.54306996 -0.00998098
v 0.03325085 0.32702774 -0.20637991
v 0.02695401 0.34956166 -0.19398041
v 0.04514321 0.34816742 -0.18270580
v 0.05161021 0.32570010 -0.19535054
v -0.05022081 0.40536383 -0.16730066
v -0.02692463 0.40488219 -0.16960226
v 0.08601683 0.31920680 -0.10828136
v 0.08416647 0.32912070 -0.13081338
v 0.07490427 0.33787331 -0.15083204
v 0.06112979 0.34465796 -0.16818272
v 0.08042385 0.31019276 -0.08789188
v 0.00327317 0.25114843 -0.01244368
v 0.02257387 0.26290494 -0.02319391
v -0.06025534 0.23307860 0.00382797
v -0.03933772 0.23580134 0.00058196
v 0.07161396 0.29964882 -0.06996365
v -0.01791410 0.24151628 -0.00436363
v 0.04096905 0.27537090 -0.03703511
v 0.05827860 0.28770316 -0.05332744
v 0.02107202 0.37418795 -0.18075021
v 0.00066072 0.37733334 -0.18622364
v -0.00523388 0.40278691 -0.16827168
v -0.06223494 0.59845269 0.02950870
v -0.04115730 0.60146368 0.02905517
v -0.02105339 0.60381758 0.03202475
v -0.00421480 0.61495066 0.05366690
v 0.01612329 0.61551595 0.05966850
v 0.01800641 0.60446370 0.04616060
v -0.00111063 0.60457504 0.03931057
v 0.04775809 0.61299765 0.07320032
v 0.06114962 0.61024451 0.07708360
v 0.05917434 0.60199988 0.06751414
v 0.04919574 0.60334796 0.06149226
v 0.06991153 0.60036683 0.07094532
v 0.07836767 0.59695363 0.07403122
v 0.08515994 0.59257483 0.07521489
v 0.09252288 0.59006870 0.07124674
v 0.10257881 0.60140002 0.08553413
v 0.09408281 0.60555089 0.09081811
v 0.05030640 0.61994708 0.08590470
v 0.03375796 0.62275481 0.08109950
v -0.06409156 0.61061060 0.06309494
v -0.08249693 0.60306084 0.06414336
v 0.07950591 0.47359961 0.06642215
v 0.07958127 0.48767847 0.05214074
v 0.07726333 0.50238824 0.04159853
v 0.07291587 0.51635319 0.03474123
v 0.06849550 0.52973974 0.03073549
v 0.06347529 0.54265672 0.02838644
v 0.05749226 0.55563462 0.02862063
v 0.06312608 0.55815220 0.03658454
v 0.05123269 0.56843901 0.03123519
v 0.05840883 0.56982708 0.03921292
v 0.04463463 0.58112884 0.03630827
v 0.03921352 0.59342521 0.04374887
v 0.03502157 0.60485256 0.05381928
v 0.03312733 0.61492890 0.06625295
v -0.00340522 0.62464762 0.06950071
v 0.01652661 0.62477022 0.07502195
v -0.02169159 0.63155580 0.08132471
v -0.01756082 0.63670260 0.09827854
v -0.02509791 0.61471117 0.04700533
v -0.02401350 0.62421751 0.06409712
v -0.00944030 0.64002067 0.19990689
v -0.03081762 0.64434934 0.18960524
v 0.11289496 0.57562190 0.03690247
v 0.11682891 0.57144642 0.02918925
v 0.10778528 0.57143694 0.03109305
v 0.10721811 0.57439578 0.03632601
v 0.12569684 0.57196218 0.03084605
v 0.12661257 0.57797587 0.04486860
v 0.13428962 0.57236201 0.03668689
v 0.11968266 0.57698882 0.03953671
v 0.14089769 0.57232201 0.04541893
v 0.13247716 0.57889354 0.05240559
v 0.14470530 0.57319415 0.05566356
v 0.13689470 0.57969385 0.06056935
v 0.13972321 0.58018881 0.06716648
v 0.14570495 0.57541025 0.06668171
v 0.12334142 0.59872723 0.09414549
v 0.13015568 0.59190643 0.08472534
v 0.13605988 0.58505470 0.07449561
v 0.09885847 0.58731937 0.06368005
v 0.10611648 0.58463967 0.05534544
v 0.11298849 0.58103025 0.04733722
v 0.11918166 0.58333009 0.05304778
v 0.11174328 0.58793598 0.06139696
v 0.10435080 0.59217680 0.06968085
v -0.06384519 0.60490334 0.04597465
v -0.04532250 0.61099106 0.04543833
v 0.07213271 0.60764718 0.08018181
v 0.08104517 0.60417044 0.08223446
v 0.08921973 0.59985524 0.08203922
v 0.09713124 0.59601188 0.07742043
v 0.08514900 0.60979259 0.09200726
v 0.07518426 0.61380130 0.09136356
v 0.06376543 0.61655241 0.08916536
v -0.04446565 0.61866963 0.06194444
v -0.08238057 0.59887409 0.04741359
v 0.10577727 0.51858395 0.16565965
v 0.11722987 0.53734267 0.17598373
v 0.12555355 0.56027651 0.17740512
v 0.12625310 0.58283257 0.17045498
v -0.09402496 0.63746643 0.18708684
v 0.14537710 0.46968830 -0.08830948
v -0.09687871 0.56488824 -0.00321455
v -0.09919604 0.58000004 0.01493561
v -0.08605553 0.50846124 -0.06007303
v -0.09046507 0.52966917 -0.04452814
v -0.03264893 0.43241429 -0.14821883
v -0.05464443 0.43385816 -0.14410086
v -0.05723856 0.45508647 -0.12293376
v -0.07129268 0.38250440 -0.18571316
v -0.07350571 0.40673727 -0.16326953
v -0.07774888 0.45288461 -0.11741586
v -0.07997622 0.47056428 -0.09711060
v -0.07244628 0.55039239 -0.02705146
v -0.08061768 0.59398711 0.03039829
v -0.10088881 0.59519899 0.04952376
v -0.10077219 0.59879327 0.06499535
v -0.10041171 0.60459530 0.08053693
v 0.04151615 0.39680815 0.14633310
v 0.04149576 0.41124988 0.15315077
v 0.03013191 0.40582365 0.15756650
v 0.03058366 0.39131629 0.15069695
v 0.05843379 0.40942848 0.13506505
v 0.05945005 0.42248648 0.14143011
v 0.05128630 0.41694376 0.14773804
v 0.05080123 0.40298373 0.14109932
v 0.06630164 0.42779845 0.13348006
v 0.06515368 0.41554016 0.12724829
v 0.04137558 0.38323009 0.13753596
v 0.05042221 0.38963926 0.13250111
v 0.03048027 0.37811589 0.14171767
v 0.06383076 0.40305436 0.11983865
v 0.05771432 0.39643794 0.12666704
v -0.06498674 0.55840993 0.34794438
v -0.06492948 0.55531812 0.36424017
v -0.06877958 0.58697635 0.39906061
v -0.06915873 0.59185314 0.39958817
v -0.07138612 0.55614638 0.32016256
v -0.07240381 0.55107063 0.30909368
v -0.07226097 0.57121366 0.38822258
v -0.07192252 0.55832964 0.38096654
v -0.07054362 0.60895979 0.41388613
v -0.07071680 0.60659826 0.41091466
v -0.07075392 0.59665346 0.40604651
v -0.07083106 0.59389287 0.40310019
v -0.07286663 0.54619884 0.29619467
v -0.07146859 0.55761302 0.33263549
v -0.07229863 0.53555262 0.26780850
v -0.07256079 0.53135812 0.25375509
v -0.06139777 0.52876055 0.24128078
v -0.06019979 0.52056372 0.23120937
v -0.04591424 0.38310027 0.15426362
v -0.04928065 0.43011057 0.17935731
v -0.04813278 0.41443276 0.17366393
v -0.05046531 0.44584042 0.18877581
v -0.05824698 0.50887001 0.22468980
v -0.07251585 0.54092729 0.28201276
v -0.07124478 0.58318901 0.39631712
v -0.07198615 0.57878971 0.39166033
v -0.07075358 0.60335237 0.40881181
v -0.07075572 0.60005140 0.40744215
v -0.06829802 0.47569355 0.20853576
v -0.06647518 0.45812553 0.19910815
v -0.04688372 0.39887607 0.16391635
v -0.06054650 0.36751014 0.13768062
v -0.06219985 0.35485169 0.11674666
v -0.07009643 0.49220902 0.21740447
v -0.06401380 0.34561142 0.09642363
v 0.08932630 0.14059845 -0.14802112
v 0.06982566 0.12072249 -0.15785028
v 0.06255452 0.13334593 -0.18154620
v 0.07807168 0.14759040 -0.17421390
v 0.09170941 0.19176771 -0.17654724
v 0.09406894 0.21875510 -0.17837597
v 0.09457762 0.24872680 -0.17878102
v 0.04176243 0.12437937 -0.19390787
v 0.01635396 0.14038390 -0.22653185
v 0.01604661 0.11936021 -0.20826070
v 0.07993505 0.24678294 -0.20046668
v 0.07896257 0.21853492 -0.20179890
v 0.07087738 0.15359306 -0.18954434
v 0.07458461 0.16761550 -0.19410865
v 0.08765968 0.16688831 -0.17418097
v 0.04138648 0.14227509 -0.21255066
v 0.05926099 0.14701194 -0.19822200
v -0.00969473 0.32881245 -0.21896653
v -0.00525966 0.30375785 -0.23208131
v -0.03395033 0.30532569 -0.23529349
v 0.06745794 0.32475895 -0.17901056
v 0.05755813 0.30366981 -0.20433892
v -0.07595904 0.13810280 -0.23106028
v 0.06002633 0.16510308 -0.20998819
v 0.01737838 0.16376288 -0.23994784
v 0.04189881 0.16444686 -0.22544484
v 0.02232329 0.24707556 -0.24448164
v 0.04448751 0.24592948 -0.23254140
v 0.04249922 0.21798857 -0.23529850
v 0.02029165 0.21945463 -0.24839009
v 0.06331395 0.24524745 -0.21829621
v 0.06114688 0.27627000 -0.21305670
v 0.02150848 0.27632475 -0.23691975
v 0.04281474 0.27613217 -0.22634728
v 0.03882248 0.30446625 -0.21660666
v 0.06218029 0.21614568 -0.22034915
v 0.01855432 0.19059269 -0.24766411
v -0.01075698 0.19048898 -0.25739872
v -0.04026826 0.19296448 -0.25929105
v -0.07006450 0.19583561 -0.25673765
v -0.06873059 0.22408709 -0.25927597
v 0.01830473 0.30349275 -0.22622289
v 0.00613879 0.35298762 -0.20051475
v 0.01335535 0.32885331 -0.21362446
v -0.01064803 0.42879236 -0.14862110
v 0.03377838 0.10421370 0.15874763
v -0.08545804 0.11228807 -0.09367791
v -0.08603284 0.12382767 -0.06895661
v 0.10677405 0.21386850 -0.05969661
v 0.11259564 0.16646396 -0.11048824
v 0.10072533 0.16570497 -0.14546768
v -0.07495213 0.14782053 -0.02955964
v -0.05848798 0.16750181 -0.01196872
v 0.08691382 0.22319761 -0.03633003
v 0.02740443 0.21737328 -0.00084606
v -0.08318651 0.13481754 -0.04972596
v 0.07688362 0.19190964 -0.19822992
v 0.06069060 0.18862627 -0.21672370
v 0.04232726 0.18977229 -0.23318754
v -0.01208360 0.16432554 -0.25092965
v -0.04292654 0.16835293 -0.25503415
v -0.07193995 0.17354421 -0.25223148
v -0.06151903 0.17678514 -0.00605024
v -0.07303941 0.17807601 -0.00500450
v -0.06525134 0.18093941 -0.00551900
v -0.08181396 0.18517336 -0.00470987
v -0.08256998 0.17565086 -0.00609891
v -0.07368086 0.17007707 -0.00764465
v -0.08363812 0.16587709 -0.00952190
v -0.08495255 0.15594202 -0.01547608
v 0.00058345 0.24476866 -0.01429000
v 0.02192421 0.25489867 -0.02573772
v -0.06250067 0.22809516 0.00217078
v -0.04245573 0.23086068 -0.00089395
v 0.07679259 0.28845018 -0.07448362
v -0.02131841 0.23624347 -0.00632846
v 0.04208115 0.26629359 -0.03931133
v 0.06191053 0.27809075 -0.05652839
v -0.06750137 0.27999610 -0.24840294
v -0.06820343 0.30955458 -0.23534285
v -0.08114491 0.22750615 0.00214248
v -0.07231811 0.55454582 0.36580211
v -0.07186347 0.55744433 0.34840557
v -0.06938408 0.72443688 0.44392586
v -0.08908952 0.64241898 0.22614044
v -0.06903489 0.66885757 0.43372095
v -0.07111348 0.59147108 0.39976811
v -0.07029787 0.60986185 0.41744590
v -0.07294441 0.52670163 0.24045244
v -0.07277025 0.51848722 0.22977793
v -0.08612616 0.11295395 -0.09355645
v -0.07156716 0.50606626 0.22400853
v -0.08448455 0.10889503 -0.10809317
v -0.08279754 0.48943126 -0.07854645
v -0.11613734 -0.33019236 0.20682032
v -0.11803384 -0.32928148 0.19202982
v -0.12419064 -0.35635248 0.19784975
v -0.12377964 -0.35561261 0.21265323
v -0.10042853 -0.33291647 0.16316722
v -0.11147100 -0.33045086 0.17145559
v -0.08650307 -0.33716169 0.16150776
v -0.07439432 -0.34166637 0.16671664
v -0.08702882 -0.36708865 0.17134871
v -0.09789556 -0.36342320 0.16505063
v -0.06636438 -0.34462807 0.17567070
v -0.07248588 -0.37169495 0.18996546
v -0.06020667 -0.34646586 0.18665430
v -0.05626801 -0.34621146 0.20483419
v -0.06918320 -0.37024674 0.20713580
v -0.06258517 -0.34568879 0.22419028
v -0.07404685 -0.36938629 0.22630927
v -0.07600452 -0.34311244 0.23628952
v -0.10952061 -0.33280954 0.22170117
v -0.11891274 -0.35706285 0.22821438
v -0.11065651 -0.35939297 0.16656375
v -0.11908199 -0.35756609 0.17596138
v -0.12243038 -0.35684130 0.18733062
v -0.11612793 -0.32947233 0.18077199
v -0.13272966 -0.38076219 0.20429866
v -0.13479161 -0.37846723 0.22006023
v -0.12094153 -0.38457856 0.16869928
v -0.12681858 -0.38302156 0.18225744
v -0.09865379 -0.39112744 0.17396094
v -0.10810955 -0.38816527 0.16576140
v -0.07917771 -0.39663348 0.19243021
v -0.08826265 -0.39419749 0.18244378
v -0.07957125 -0.36973938 0.17981216
v -0.07682455 -0.39554045 0.20899358
v -0.08137976 -0.39287570 0.23152292
v -0.12768786 -0.37880078 0.23730952
v -0.12989809 -0.38238117 0.19327077
v -0.08803250 -0.47755131 0.38634235
v -0.08763709 -0.47300270 0.38541752
v -0.09170488 -0.47125468 0.38657051
v -0.09456955 -0.47557619 0.38807213
v -0.12457555 -0.46406654 0.40044838
v -0.12256495 -0.45359096 0.40155369
v -0.13115333 -0.45223323 0.40046072
v -0.13628873 -0.46297112 0.39987022
v -0.10844917 -0.47037509 0.39744991
v -0.10882109 -0.47411689 0.39468086
v -0.10436949 -0.47594622 0.39363891
v -0.10120659 -0.47308889 0.39638209
v -0.07084301 -0.48317870 0.35552478
v -0.07275485 -0.48752591 0.35371810
v -0.06886949 -0.48887298 0.35158485
v -0.06613871 -0.48574629 0.35232067
v -0.08260357 -0.48092386 0.37468672
v -0.08441613 -0.48531380 0.37242436
v -0.08044065 -0.48618796 0.37059388
v -0.07729252 -0.48363146 0.37163824
v -0.12089563 -0.45210943 0.37851465
v -0.13387817 -0.44606170 0.37743253
v -0.13316710 -0.45027426 0.39126730
v -0.12062663 -0.45259294 0.39183360
v -0.14244449 -0.45670661 0.38936687
v -0.14397962 -0.45450112 0.37457255
v -0.13999966 -0.46471915 0.37338471
v -0.13774019 -0.46414766 0.38656151
v -0.12809446 -0.46921024 0.37520313
v -0.12707347 -0.46828154 0.38703197
v -0.11894259 -0.46464816 0.37781531
v -0.11619660 -0.46401510 0.39073271
v -0.10030513 -0.46993533 0.37699509
v -0.10180269 -0.46112475 0.37744999
v -0.10037935 -0.46465287 0.38902020
v -0.09719712 -0.47294077 0.38837355
v -0.11213155 -0.45786127 0.38037342
v -0.10800455 -0.46206966 0.39106333
v -0.11928435 -0.46632347 0.38095564
v -0.11650801 -0.47313544 0.37745672
v -0.11230690 -0.47341743 0.38870049
v -0.11535020 -0.46679583 0.39248329
v -0.10752346 -0.47556105 0.37572610
v -0.10413319 -0.47676024 0.38695937
v -0.08628472 -0.46763989 0.36894757
v -0.09611476 -0.46478412 0.37240839
v -0.09374968 -0.46927026 0.38146806
v -0.08673114 -0.47124651 0.37963700
v -0.10060954 -0.47497216 0.38268459
v -0.10278194 -0.47297350 0.37358505
v -0.09969553 -0.47917882 0.37075949
v -0.09693236 -0.47982386 0.38053304
v -0.09086734 -0.48162702 0.36857304
v -0.09004994 -0.48240396 0.37910730
v -0.08384857 -0.47565666 0.36880037
v -0.08426813 -0.47817734 0.37949747
v -0.07203710 -0.48113045 0.35456309
v -0.07280830 -0.47296873 0.35494834
v -0.07449376 -0.47648540 0.36500826
v -0.07393450 -0.48380467 0.36425269
v -0.07997472 -0.47094527 0.35927871
v -0.07979859 -0.47413722 0.36747998
v -0.08569796 -0.47712520 0.36940667
v -0.08484413 -0.47529438 0.36209807
v -0.08607303 -0.48424408 0.35920325
v -0.08671040 -0.48502424 0.36747032
v -0.07889270 -0.48687121 0.35523257
v -0.07975496 -0.48771760 0.36489725
v -0.06168894 -0.47881374 0.33792305
v -0.06284547 -0.48027828 0.34651810
v -0.06355494 -0.48642853 0.34545442
v -0.06367378 -0.48553351 0.33573037
v -0.06704625 -0.47574899 0.34315449
v -0.06746047 -0.47811708 0.34940964
v -0.07285000 -0.48138049 0.35047215
v -0.07157464 -0.47977725 0.34553000
v -0.07504810 -0.48789826 0.34307900
v -0.07535134 -0.48804572 0.34919390
v -0.06954584 -0.48970136 0.33827254
v -0.06892067 -0.49063346 0.34624076
v -0.11810520 -0.45318124 0.36496183
v -0.13348001 -0.44317165 0.36348826
v -0.13474578 -0.46430483 0.39523429
v -0.14352521 -0.45374516 0.36047244
v -0.12875180 -0.46644124 0.39533633
v -0.12515160 -0.47125581 0.36373037
v -0.13969502 -0.46549234 0.35957417
v -0.12032384 -0.46411154 0.37267977
v -0.10100669 -0.46714208 0.39564270
v -0.10686866 -0.47778079 0.36035964
v -0.10338207 -0.47106990 0.36832106
v -0.10566927 -0.46539232 0.39678842
v -0.10103401 -0.45981589 0.36184996
v -0.08596086 -0.46719864 0.35199434
v -0.09465685 -0.47972676 0.38582683
v -0.09100314 -0.48121604 0.38497019
v -0.09041545 -0.48410651 0.35219574
v -0.08416094 -0.47461429 0.36002070
v -0.07633337 -0.47851297 0.37103578
v -0.07789216 -0.48876634 0.34016538
v -0.07097606 -0.47995344 0.34546924
v -0.07936941 -0.47749588 0.37234706
v -0.07146435 -0.47186539 0.33951527
v -0.06535590 -0.48273572 0.35128412
v -0.07004476 -0.49167678 0.32785493
v -0.06305958 -0.48600009 0.32341045
v -0.06769396 -0.48100123 0.35326761
v -0.06220188 -0.47665039 0.32740727
v -0.10886349 -0.36026654 0.23969756
v -0.10064356 -0.33652374 0.23308960
v -0.08964381 -0.34041998 0.23870048
v -0.09766207 -0.36461625 0.24435884
v -0.08519433 -0.36801919 0.23968607
v -0.11611272 -0.38105497 0.24936199
v -0.10315504 -0.38505694 0.25324982
v -0.09171890 -0.38915101 0.24656022
v -0.08143764 -0.41673622 0.20980167
v -0.08422175 -0.41676059 0.19118086
v -0.09579013 -0.41380444 0.18176658
v -0.10554950 -0.41122755 0.17197222
v -0.11611533 -0.40811273 0.16312453
v -0.13359646 -0.40021512 0.24404663
v -0.12126294 -0.39941940 0.25998026
v -0.10630870 -0.40177581 0.26513910
v -0.09278589 -0.40684637 0.25729272
v -0.13572900 -0.43868688 0.34737659
v -0.11828147 -0.44205418 0.34686071
v -0.11966789 -0.43313149 0.32805389
v -0.13701719 -0.43840888 0.32684961
v -0.10330892 -0.45139930 0.34220743
v -0.10314453 -0.43977520 0.32337746
v -0.08870160 -0.45875040 0.33354628
v -0.08984715 -0.44873831 0.31474543
v -0.07526293 -0.46582630 0.32267737
v -0.07869295 -0.45793685 0.30452383
v -0.06464592 -0.47376397 0.31272346
v -0.06991669 -0.46893319 0.29451865
v -0.06225984 -0.48514310 0.30789989
v -0.06651297 -0.48140338 0.28896409
v -0.14704736 -0.45268729 0.34407893
v -0.14621277 -0.45263395 0.32324874
v -0.14261580 -0.46781972 0.34184256
v -0.14243764 -0.46977344 0.32123202
v -0.12790501 -0.47390035 0.33991688
v -0.12864946 -0.47541949 0.31852108
v -0.07400949 -0.49249241 0.29221284
v -0.07123468 -0.49387100 0.31219971
v -0.11102282 -0.48004213 0.33448446
v -0.11240345 -0.48034713 0.31278467
v -0.09576252 -0.48684511 0.32725617
v -0.09807643 -0.48699918 0.30544519
v -0.08272298 -0.49179533 0.31934544
v -0.08541636 -0.49193314 0.29817653
v -0.12290732 -0.42594829 0.30495048
v -0.10354980 -0.42623022 0.30277115
v -0.09157483 -0.43564650 0.29366887
v -0.08182740 -0.44715014 0.28270191
v -0.07537673 -0.46187112 0.27221331
v -0.07196222 -0.47599271 0.26692155
v -0.08121582 -0.43506309 0.25535724
v -0.08112936 -0.45788714 0.24722289
v -0.08019544 -0.47274342 0.24442646
v -0.08778029 -0.47007391 0.22181390
v -0.08620461 -0.45538828 0.22243713
v -0.09837189 -0.45372280 0.18253255
v -0.09276205 -0.45389560 0.20008713
v -0.09285720 -0.46864346 0.19919907
v -0.09919295 -0.46951976 0.18088366
v -0.08310302 -0.43655905 0.22748941
v -0.08908961 -0.43522462 0.20472915
v -0.09568295 -0.43357453 0.18843305
v -0.11702758 -0.46574572 0.16056490
v -0.11299568 -0.44994655 0.15993536
v -0.10453443 -0.45267132 0.17030306
v -0.10630176 -0.46876207 0.16880807
v -0.13334003 -0.46254107 0.15708916
v -0.12915713 -0.44629106 0.15411603
v -0.14386652 -0.44350561 0.16586815
v -0.14851871 -0.45883968 0.16690798
v -0.10944220 -0.42972413 0.16618407
v -0.10290233 -0.43192431 0.17719908
v -0.12243156 -0.42628399 0.15878817
v -0.13597520 -0.42332307 0.16894031
v -0.14847118 -0.44202957 0.18488525
v -0.14024806 -0.42285213 0.18570670
v -0.15420064 -0.45655140 0.18506277
v -0.13763639 -0.43853500 0.30255187
v -0.14188139 -0.45163831 0.29897979
v -0.09158571 -0.42083386 0.27374798
v -0.10545671 -0.41317365 0.28249747
v -0.12649801 -0.41523686 0.27697477
v -0.14057600 -0.43533912 0.27627522
v -0.14070103 -0.45132753 0.27255875
v -0.14450246 -0.43675801 0.25146848
v -0.14279871 -0.45150092 0.24894826
v -0.13819957 -0.46486303 0.29633337
v -0.13570094 -0.46120766 0.26983979
v -0.13826075 -0.46042356 0.24664289
v -0.14784054 -0.43810597 0.23017612
v -0.14786828 -0.45226148 0.22892597
v -0.14798877 -0.43891022 0.21350172
v -0.15114367 -0.45340195 0.21288624
v -0.15365893 -0.45478949 0.19962972
v -0.14800328 -0.44032666 0.20008296
v -0.14275774 -0.42066714 0.21159498
v -0.14138260 -0.42157331 0.19912767
v -0.14284870 -0.41977122 0.22906381
v -0.13925448 -0.41783962 0.25074878
v -0.07857595 -0.48792204 0.26918864
v -0.08488012 -0.48310551 0.24590570
v -0.09243030 -0.47911581 0.22355933
v -0.09901749 -0.47918805 0.20154859
v -0.10681352 -0.47954479 0.18460253
v -0.11372764 -0.47837213 0.17413685
v -0.12266169 -0.47541156 0.16667740
v -0.13560162 -0.47133568 0.16517946
v -0.14674604 -0.46839854 0.17195562
v -0.15120310 -0.46776256 0.18603989
v -0.15146917 -0.46740392 0.19897898
v -0.14409594 -0.46271464 0.22680405
v -0.14913318 -0.46573594 0.21169180
v -0.14075677 -0.40024599 0.22572802
v -0.13979855 -0.40150395 0.20855632
v -0.13710614 -0.40259007 0.19697908
v -0.12858605 -0.40480652 0.17090790
v -0.13345090 -0.40363041 0.18578613
v -0.12754773 -0.47263017 0.29280245
v -0.11297650 -0.47800174 0.28722525
v -0.10004395 -0.48479393 0.28030431
v -0.08866798 -0.48916498 0.27401662
v -0.09344466 -0.48511407 0.24984974
v -0.10399138 -0.48180404 0.25474924
v -0.11624342 -0.47614130 0.26038688
v -0.12770048 -0.46887878 0.26620507
v -0.10072984 -0.48199543 0.22762167
v -0.11025122 -0.47980765 0.23227555
v -0.12215000 -0.47509304 0.23691511
v -0.13158968 -0.46848181 0.24277067
v -0.13832977 -0.47076133 0.22290784
v -0.12967625 -0.47562185 0.21672474
v -0.11836502 -0.47924677 0.21242920
v -0.10909811 -0.48097083 0.20697501
v -0.11606946 -0.48017290 0.19109759
v -0.12476927 -0.47821721 0.19709815
v -0.13504755 -0.47542110 0.20175482
v -0.14279521 -0.47206011 0.20733264
v -0.12119861 -0.47908112 0.18175051
v -0.13532420 -0.47453853 0.17296974
v -0.12715979 -0.47726300 0.17542893
v -0.14287266 -0.47289506 0.17672512
v -0.14504799 -0.47258893 0.18651924
v -0.14470033 -0.47251710 0.19662969
v -0.13861340 -0.47450814 0.18544394
v -0.13727164 -0.47497430 0.19270104
v -0.12838089 -0.47736147 0.18803091
v -0.13166045 -0.47624090 0.18176153
v -0.13883089 -0.47408977 0.17987272
v -0.13525401 -0.47500047 0.17808659
v -0.08532009 -0.41483197 0.23721391
v -0.09359922 0.63725346 0.19820404
v -0.09804808 0.62353754 0.13266464
v -0.02197418 -0.05476925 0.25765556
v -0.00770266 -0.05881622 0.26298627
v 0.00770003 -0.05972028 0.26277435
v 0.05856783 0.22607931 -0.02134764
v 0.01272757 0.29012990 0.00537200
v 0.01893643 0.31452626 0.02612793
v 0.01606845 0.30109543 0.01433299
v 0.06205527 0.21807483 -0.00712386
v 0.05957531 0.37429574 0.00748477
v -0.07348609 0.15541887 -0.24417932
v -0.10052775 0.61007321 0.09515634
v 0.04182307 0.42663115 0.15941764
v -0.06767726 0.25192466 -0.25731277
v 0.00210215 0.68533605 0.32768196
v -0.00002351 0.68489140 0.32573515
v -0.00038319 0.68190098 0.32334346
v -0.00156999 0.68256480 0.31899607
v -0.00220282 0.68282747 0.31536788
v -0.00226745 0.68337274 0.31308603
v 0.00111175 0.68461514 0.32115355
v -0.00071172 0.68853664 0.31998864
v 0.00067987 0.68644750 0.32278550
v 0.00167917 0.68541169 0.32339329
v -0.06558787 0.44172025 0.18643525
v -0.06410733 0.42645606 0.17643529
v -0.06204852 0.41100246 0.17111951
v -0.06099577 0.39567944 0.16250235
v -0.07102880 0.58682525 0.39941907
v -0.07578462 0.24629837 0.00571127
v -0.07499526 0.25212324 0.00835769
v -0.07543087 0.43352020 -0.13763757
v -0.08005923 0.23737793 0.00395983
v -0.07396299 0.25773036 0.01430222
v -0.09406698 0.54863250 -0.02380219
v -0.06029814 0.38134804 0.15204509
v -0.08097284 0.23358521 0.00445829
v -0.10042004 0.59079158 0.03226472
v -0.07261874 0.26589635 0.02219755
v -0.08085839 0.19645792 -0.00384580
v -0.06838874 0.30074775 0.05742416
v -0.11398988 0.70169747 0.42803222
v -0.12555736 0.69784868 0.41698205
v -0.11967844 0.68586838 0.42185616
v -0.10790516 0.68701422 0.43104416
v -0.11539972 0.67591262 0.42429757
v -0.10497981 0.67514884 0.43055987
v -0.13314781 0.69225860 0.40449828
v -0.12772295 0.68260741 0.41168648
v -0.13430059 0.65374720 0.39125967
v -0.13240652 0.66210949 0.39488900
v -0.13790701 0.66340935 0.38656855
v -0.13930239 0.65246630 0.38136518
v -0.13463046 0.62882984 0.37960929
v -0.13754345 0.62509215 0.36648217
v -0.13209331 0.61332369 0.37241673
v -0.12858713 0.61862379 0.38396311
v -0.09453253 0.62555844 0.40803999
v -0.09759926 0.63175285 0.40897602
v -0.10370974 0.62653756 0.40662283
v -0.09994404 0.61979187 0.40490931
v -0.08446752 0.63363212 0.41601813
v -0.07973794 0.63439441 0.42228574
v -0.08028950 0.64144802 0.42030066
v -0.08584179 0.63950258 0.41485929
v -0.08931947 0.62070847 0.40627968
v -0.09484147 0.61462766 0.40252817
v -0.08752878 0.62560284 0.41156691
v -0.08955138 0.63062465 0.41091996
v -0.08351928 0.61669701 0.41859299
v -0.08035748 0.61539221 0.42285347
v -0.08112726 0.62038469 0.42534471
v -0.08470729 0.62164128 0.41914868
v -0.08769313 0.61878097 0.41030014
v -0.08412668 0.61519796 0.41080230
v -0.08500990 0.61661053 0.41432416
v -0.08721825 0.62086236 0.41391355
v -0.08388320 0.62753427 0.41732770
v -0.07998785 0.62735331 0.42424202
v -0.07556042 0.62639129 0.43056357
v -0.07633076 0.61772251 0.43102676
v -0.11106866 0.60859966 0.39518327
v -0.10565187 0.60469329 0.39538759
v -0.10053916 0.60957527 0.39925301
v -0.10559777 0.61413717 0.40074641
v -0.08547229 0.61355376 0.40679836
v -0.08837602 0.59829187 0.40177619
v -0.08254996 0.59814435 0.40501934
v -0.08258346 0.60195535 0.40657258
v -0.08903888 0.60207856 0.40333611
v -0.11779732 0.59734499 0.38225639
v -0.11841489 0.59042919 0.37553436
v -0.11140061 0.58872300 0.38116693
v -0.11135989 0.59442806 0.38585824
v -0.10904653 0.58248520 0.37758958
v -0.11591165 0.58238447 0.36995929
v -0.10560246 0.56690139 0.36529446
v -0.10020630 0.56991553 0.37712860
v -0.10509566 0.57654154 0.37630212
v -0.11169378 0.57463735 0.36647066
v -0.08768283 0.57400286 0.38618201
v -0.09419318 0.56369221 0.37934035
v -0.08651111 0.55997527 0.38127637
v -0.08180208 0.57189226 0.38781172
v -0.08824724 0.59346151 0.39631450
v -0.08814921 0.59521139 0.39939505
v -0.09247510 0.59542215 0.39641649
v -0.09232053 0.59402972 0.39423376
v -0.09665219 0.59464890 0.39178413
v -0.09648920 0.59539175 0.39270306
v -0.09807486 0.59611511 0.39291656
v -0.09852125 0.59472740 0.39115077
v -0.09483406 0.59437740 0.39280695
v -0.09573258 0.59352779 0.39174765
v -0.09353485 0.59218699 0.39270234
v -0.09006485 0.59046853 0.39484233
v -0.07635500 0.58696258 0.39953274
v -0.07548141 0.59156799 0.40013236
v -0.07869735 0.59188664 0.39948672
v -0.08029560 0.58733010 0.39891690
v -0.09628642 0.59680825 0.39515716
v -0.09329963 0.59749675 0.39812768
v -0.09461832 0.60048193 0.39948940
v -0.09843159 0.59869289 0.39595455
v -0.10149547 0.60135937 0.39610296
v -0.10418012 0.59823996 0.39209217
v -0.10056391 0.59681356 0.39284748
v -0.09747487 0.59303069 0.39008874
v -0.10127977 0.59474099 0.38997084
v -0.10047586 0.59205925 0.38779402
v -0.09833051 0.58877969 0.38747954
v -0.09534702 0.59072304 0.39067203
v -0.09192361 0.58818609 0.39241397
v -0.09484073 0.58532715 0.38849056
v -0.08977626 0.58228433 0.39005399
v -0.08705253 0.58556640 0.39456147
v -0.09677515 0.60483813 0.39983642
v -0.10541219 0.59474635 0.38824534
v -0.10884370 0.60024726 0.39081579
v -0.10542748 0.58983052 0.38484544
v -0.10301622 0.58573061 0.38300943
v -0.09404210 0.57701468 0.38428980
v -0.09927209 0.58113182 0.38307637
v -0.09807473 0.55946636 0.36584562
v -0.08901377 0.55476999 0.36667377
v -0.11182850 0.66953236 0.42261636
v -0.10334172 0.66918659 0.42566824
v -0.11277746 0.66372496 0.41659695
v -0.10877291 0.66382694 0.41882938
v -0.10957985 0.66601062 0.42004007
v -0.11431788 0.66648155 0.41686463
v -0.12616745 0.66252542 0.40058541
v -0.12811321 0.65631354 0.39785933
v -0.12205499 0.65916479 0.40285659
v -0.12119365 0.66257077 0.40536749
v -0.11457644 0.64955306 0.40603936
v -0.11164457 0.65559000 0.41016811
v -0.11489514 0.65714419 0.40816194
v -0.11889967 0.65156949 0.40395248
v -0.10781551 0.65479159 0.41112155
v -0.10961013 0.64911246 0.40807986
v -0.10461527 0.64959073 0.41001391
v -0.10376447 0.65455222 0.41224718
v -0.10260276 0.66630554 0.42171985
v -0.10316767 0.66392386 0.42018777
v -0.09701101 0.66352725 0.41929257
v -0.09528101 0.66631997 0.42125285
v -0.08744925 0.65918761 0.41212469
v -0.08430452 0.65833604 0.41330230
v -0.08468789 0.66200286 0.41527510
v -0.08813254 0.66147822 0.41353452
v -0.08877827 0.65746289 0.41197127
v -0.08698695 0.65543735 0.41231596
v -0.10580376 0.72266436 0.43350250
v -0.12006021 0.71892321 0.42222434
v -0.09955865 0.70302892 0.43796837
v -0.13160227 0.71248704 0.40906066
v -0.13822681 0.70322114 0.39634889
v -0.13394940 0.60759890 0.36180180
v -0.12637934 0.59666872 0.36910212
v -0.12507465 0.60367495 0.37767899
v -0.13234085 0.60000741 0.35210234
v -0.12417433 0.58833951 0.36119381
v -0.10933189 0.57113135 0.34954369
v -0.11863792 0.57904327 0.35418451
v -0.13921796 0.61561728 0.34256521
v -0.13595712 0.61037642 0.33276445
v -0.12678830 0.59163487 0.34196901
v -0.14127527 0.62904984 0.32633328
v -0.13981318 0.62872350 0.31771314
v -0.13152955 0.60599041 0.31936765
v -0.11248256 0.57192791 0.30133131
v -0.12668121 0.58274490 0.29592314
v -0.12811491 0.57575613 0.28392419
v -0.11394219 0.56488264 0.28927404
v -0.13989355 0.62111813 0.35327178
v -0.14008023 0.67672408 0.38356662
v -0.14297926 0.66497993 0.37528735
v -0.13559970 0.67196405 0.39350605
v -0.14298354 0.74165654 0.38579077
v -0.14929596 0.72705138 0.37607399
v -0.14459983 0.71551776 0.38714069
v -0.13736624 0.72768605 0.39934629
v -0.11334701 0.76793396 0.40492129
v -0.13034758 0.75623178 0.39586443
v -0.12547697 0.73776412 0.41189516
v -0.10970576 0.74649024 0.42387372
v -0.15276483 0.73628318 0.36236924
v -0.14628625 0.75260663 0.36796078
v -0.14934723 0.75806415 0.34671670
v -0.15519577 0.74123538 0.34738022
v -0.13444373 0.76995289 0.37248451
v -0.13733575 0.77750647 0.34692490
v -0.14076413 0.63802195 0.30907184
v -0.13890468 0.62044829 0.30486912
v -0.13701069 0.60607499 0.29766744
v -0.12638626 0.59263408 0.30782354
v -0.12002201 0.79095125 0.34654039
v -0.11702894 0.78362703 0.37687755
v -0.14635526 0.73779178 0.29590684
v -0.15233418 0.72368312 0.30568284
v -0.15500732 0.73323756 0.31928080
v -0.14822209 0.75056994 0.31009990
v -0.13702396 0.75122631 0.28575718
v -0.13761225 0.76730859 0.30123037
v -0.13760662 0.68938553 0.27571574
v -0.13019809 0.69780660 0.26252162
v -0.12417555 0.68145037 0.26394421
v -0.13291603 0.67322785 0.27470034
v -0.12302674 0.67446554 0.41673774
v -0.12738200 0.67210793 0.40852481
v -0.12176076 0.66821796 0.41168785
v -0.11795287 0.66918015 0.41752505
v -0.13715830 0.68561155 0.39352506
v -0.13217741 0.67828709 0.40177339
v -0.14705104 0.70458901 0.37551451
v -0.15188150 0.71425533 0.36695623
v -0.15711714 0.72720420 0.34490079
v -0.15542923 0.72186363 0.35669816
v -0.15473376 0.71250033 0.31277919
v -0.15589949 0.71851170 0.32156736
v -0.14277956 0.65554845 0.29982865
v -0.13840225 0.66540968 0.28588986
v -0.13703361 0.64679527 0.28186119
v -0.14128828 0.63643134 0.29225197
v -0.12443247 0.66412175 0.26093039
v -0.12922283 0.65644968 0.27123928
v -0.13863698 0.60896325 0.27612561
v -0.13432157 0.62067258 0.26630521
v -0.13615485 0.61182702 0.25731093
v -0.13812245 0.60088658 0.26561463
v -0.13145870 0.62154502 0.24801347
v -0.12834792 0.63010252 0.25712812
v -0.12181957 0.63853240 0.24882668
v -0.12449410 0.63028729 0.23980905
v -0.09025475 0.55094981 0.29564285
v -0.10065144 0.55735278 0.29274833
v -0.10253588 0.55151093 0.28079748
v -0.09087448 0.54580206 0.28313270
v -0.14008521 0.59463573 0.25587669
v -0.14052609 0.60818672 0.24895743
v -0.14310998 0.68149680 0.28807560
v -0.14660040 0.67598081 0.29952598
v -0.13682412 0.61946774 0.23987411
v -0.13502447 0.63249743 0.27495420
v -0.12838775 0.64074779 0.26515293
v -0.11450908 0.66944218 0.25186497
v -0.11503614 0.68594491 0.25288367
v -0.09175532 0.63604844 0.41098380
v -0.09492359 0.65168154 0.41188991
v -0.09067523 0.65317702 0.41210377
v -0.09167144 0.65609515 0.41269833
v -0.09534693 0.65511346 0.41305745
v -0.08161969 0.68257767 0.43987048
v -0.09489185 0.68535876 0.43795049
v -0.09332500 0.67192566 0.43408531
v -0.08011661 0.66815770 0.43258554
v -0.12269677 0.62681055 0.39666396
v -0.11717142 0.61510646 0.39580202
v -0.11040629 0.62070906 0.40273970
v -0.11288488 0.63054061 0.40426439
v -0.11825901 0.66231585 0.40825832
v -0.11720194 0.66327864 0.41083997
v -0.11955182 0.66464788 0.40883499
v -0.11515209 0.60306466 0.38907760
v -0.12191117 0.60945803 0.38688028
v -0.14301851 0.65193617 0.36801469
v -0.12977391 0.66863620 0.40089822
v -0.09269995 0.77541804 0.41169447
v -0.09086620 0.74995017 0.43115050
v -0.09511685 0.79283953 0.38177478
v -0.09747382 0.80046773 0.34864277
v -0.12189978 0.77949524 0.29459846
v -0.10584240 0.79139662 0.28877836
v -0.10436446 0.77240920 0.27039784
v -0.12179600 0.76298344 0.27677512
v -0.11816579 0.70386755 0.25117347
v -0.11303007 0.64592814 0.24133334
v -0.11449079 0.63671756 0.23321943
v -0.08911209 0.72447121 0.44071007
v -0.08410037 0.70191067 0.44269425
v -0.14153330 0.69385320 0.38392180
v -0.13412830 0.64464438 0.39011699
v -0.13044281 0.63540637 0.39176399
v -0.12556827 0.64339578 0.39979923
v -0.12829681 0.64964747 0.39766067
v -0.13823588 0.64031184 0.37800854
v -0.14127545 0.63825715 0.36338693
v -0.14422193 0.63762915 0.34726775
v -0.14334661 0.63163930 0.33545637
v -0.14870460 0.75935864 0.32535511
v -0.15487283 0.74175191 0.33207679
v -0.12288751 0.79094183 0.31787843
v -0.13983299 0.77718508 0.32153907
v -0.15653661 0.72994268 0.33246511
v -0.10329720 0.80357039 0.31701410
v -0.08238485 0.60602313 0.40794909
v -0.08075977 0.60997272 0.40945816
v -0.08970980 0.60805947 0.40400016
v -0.08193949 0.58375478 0.39585930
v -0.08435129 0.57991898 0.39094424
v -0.07895114 0.57925564 0.39154494
v -0.07730253 0.58303046 0.39634621
v -0.08817929 0.55832368 0.34964758
v -0.09820507 0.56370246 0.34884506
v -0.08965375 0.55553269 0.30925786
v -0.09971759 0.56282842 0.30544174
v -0.07989915 0.61593473 0.41665649
v -0.08072674 0.61527824 0.41474313
v -0.07865287 0.61588216 0.41513491
v -0.07843364 0.61600298 0.41712642
v -0.09498434 0.59574199 0.39409178
v -0.07791451 0.59693074 0.40652269
v -0.07800312 0.59458256 0.40335017
v -0.07491504 0.59408104 0.40348917
v -0.07461214 0.59672469 0.40641469
v -0.11581680 0.58145380 0.33058131
v -0.11253027 0.57846808 0.31444263
v -0.13618349 0.58723044 0.27512354
v -0.13637722 0.59572852 0.28709179
v -0.13988620 0.62073606 0.28545117
v -0.12235765 0.65022886 0.25558436
v -0.11326932 0.65722013 0.24726720
v -0.10105374 0.66095787 0.24208853
v -0.10144450 0.67422879 0.24486513
v -0.09964007 0.56745166 0.33228675
v -0.09948532 0.56646323 0.31814891
v -0.08911956 0.55936289 0.32114220
v -0.08838493 0.56066704 0.33404005
v -0.07439304 0.61292732 0.41653043
v -0.07549441 0.61289382 0.41425008
v -0.07365957 0.61041373 0.41381413
v -0.07292067 0.61118603 0.41716820
v -0.08150700 0.61512321 0.41241884
v -0.07963623 0.61301517 0.41078985
v -0.07922064 0.61480987 0.41168886
v -0.08199795 0.61588013 0.41432148
v -0.08112878 0.61598289 0.41714048
v -0.07618301 0.61451280 0.42125040
v -0.07562181 0.61251324 0.42575550
v -0.07919262 0.61481607 0.41997308
v -0.07632484 0.61470711 0.41605848
v -0.07680320 0.61411464 0.41390955
v -0.07885473 0.61550814 0.41295755
v -0.08045257 0.61601955 0.41312444
v -0.07665928 0.61522341 0.41945499
v -0.07853156 0.61564159 0.41837406
v -0.07485613 0.63428432 0.42831075
v -0.08022541 0.55190271 0.30974749
v -0.08004746 0.55608022 0.32169315
v -0.09594110 0.59466779 0.39233011
v -0.09378990 0.66842419 0.42643589
v -0.11955731 0.64002579 0.40319276
v -0.09915628 0.63841808 0.40921134
v -0.09968659 0.64439082 0.41007936
v -0.10559158 0.64245498 0.40820342
v -0.10562640 0.63415372 0.40736836
v -0.08494357 0.66610271 0.42377168
v -0.08024497 0.66141897 0.41964817
v -0.07562802 0.66021323 0.42551190
v -0.08003164 0.65611643 0.41638839
v -0.08369917 0.65223885 0.41337150
v -0.08167589 0.64733821 0.41704458
v -0.07614897 0.65141726 0.42287552
v -0.11727860 0.66602606 0.41296202
v -0.11533239 0.66393375 0.41370302
v -0.08715647 0.64478958 0.41312456
v -0.08849937 0.64965856 0.41186076
v -0.09383026 0.64720017 0.41100520
v -0.09303049 0.64164209 0.41062355
v -0.11221609 0.64046216 0.40615946
v -0.12401433 0.66637886 0.40547037
v -0.12131487 0.65537721 0.40229851
v -0.14609094 0.66297108 0.30986929
v -0.14929655 0.67597866 0.30903053
v -0.14610660 0.64669675 0.32295966
v -0.14538246 0.65048474 0.32009161
v -0.14083993 0.64405596 0.31844345
v -0.14309242 0.64143765 0.32308131
v -0.15652451 0.70199388 0.33105093
v -0.15562074 0.70012307 0.33502388
v -0.15572855 0.70561713 0.33860940
v -0.15596053 0.70872229 0.33132678
v -0.15506296 0.69898474 0.34227511
v -0.15479739 0.69591504 0.34076118
v -0.15448156 0.69365203 0.34348834
v -0.15413189 0.70082819 0.34533459
v -0.15246689 0.69505078 0.35067970
v -0.15207370 0.70349902 0.35859418
v -0.15520278 0.71014512 0.35078454
v -0.14498466 0.68196446 0.36940682
v -0.14818093 0.69480753 0.36446613
v -0.14925429 0.68757176 0.35322708
v -0.14713675 0.67810285 0.35319871
v -0.14516868 0.64746678 0.33647585
v -0.14628178 0.64105380 0.32964361
v -0.14194813 0.65150845 0.31352133
v -0.13466805 0.73345292 0.27493626
v -0.14406201 0.72177333 0.28579563
v -0.15031174 0.71121395 0.29589266
v -0.15292990 0.70195985 0.30558175
v -0.12211950 0.74454182 0.26503199
v -0.10423060 0.74858892 0.25916225
v -0.14602491 0.66628230 0.36175853
v -0.14684126 0.66684067 0.34884816
v -0.14217776 0.70580971 0.27839988
v -0.13285381 0.71489012 0.26651192
v -0.14742649 0.69658697 0.29027131
v -0.14977846 0.68995750 0.30159438
v -0.11974613 0.72507715 0.25675094
v -0.10504183 0.72875321 0.24799764
v -0.10373706 0.70694172 0.24389055
v -0.15133846 0.65332443 0.32828552
v -0.15213868 0.64769065 0.32592076
v -0.14936879 0.64569509 0.32657322
v -0.14871919 0.65000749 0.33093345
v -0.14638908 0.65644825 0.34290171
v -0.14554825 0.65302181 0.35399517
v -0.07527307 0.64249909 0.42615336
v -0.07896297 0.55846357 0.38174319
v -0.07683825 0.57118064 0.38856065
v -0.07736792 0.60408628 0.40969151
v -0.07762119 0.60083258 0.40811187
v -0.07438071 0.60001820 0.40799379
v -0.07404788 0.60363132 0.40943825
v -0.08869542 0.66547906 0.41833675
v -0.10228232 0.68869996 0.24511033
v -0.10134375 0.64975494 0.23664424
v -0.10265743 0.64049929 0.22868499
v -0.12883084 0.62653041 0.23102316
v -0.11793613 0.63124287 0.22429526
v -0.07365422 0.60713452 0.41135502
v -0.07672463 0.60771334 0.41119963
v -0.07640696 0.61468792 0.41823846
v -0.08269040 0.59498966 0.40204859
v -0.07703564 0.61297154 0.41297477
v -0.07638811 0.61084867 0.41225845
v -0.07165079 0.60902798 0.41406935
v -0.07199392 0.60664743 0.41125369
v -0.09951548 0.65077072 0.41110790
v -0.09939289 0.65485799 0.41267627
v -0.07469187 0.61332870 0.41944730
v -0.07342859 0.61131614 0.42110574
v -0.11677733 0.55867922 0.27727962
v -0.13021314 0.56913847 0.27172858
v -0.07264723 0.59407103 0.40329409
v -0.07248206 0.59657592 0.40620732
v -0.14910138 0.67497849 0.34313220
v -0.15086178 0.68271863 0.34489036
v -0.15316668 0.68018800 0.33820391
v -0.15096042 0.67409396 0.33647859
v -0.08119978 0.54730219 0.29693648
v -0.13651687 0.58150554 0.26322037
v -0.10482624 0.63626772 0.21891657
v -0.11727405 0.65859616 0.40719157
v -0.11836073 0.66065753 0.40689254
v -0.09165847 0.66329288 0.41626352
v -0.08498162 0.58892262 0.39723378
v -0.08302483 0.59277105 0.39825863
v -0.07983570 0.55795550 0.33457196
v -0.07133234 0.60975909 0.41760546
v -0.15417424 0.69091678 0.33474186
v -0.15375960 0.68780303 0.33341086
v -0.15619171 0.68625402 0.33504468
v -0.15636328 0.68875301 0.33715570
v -0.15733711 0.68972713 0.34324473
v -0.15850562 0.69352782 0.34346619
v -0.16011551 0.69099408 0.34043455
v -0.15861103 0.68827879 0.33954093
v -0.15375908 0.68896693 0.34529507
v -0.15530233 0.68578732 0.34131092
v -0.16095911 0.69579041 0.34236068
v -0.16097823 0.69391382 0.34010828
v -0.15527147 0.69776344 0.33883804
v -0.15793148 0.69752854 0.34162998
v -0.15924227 0.70122159 0.33848977
v -0.16337129 0.69853878 0.33981270
v -0.16186391 0.70372915 0.33303821
v -0.16621162 0.70044124 0.33497107
v -0.16283450 0.70259595 0.32673430
v -0.16756767 0.70009959 0.32864425
v -0.14776483 0.65794903 0.33502749
v -0.14808470 0.66207564 0.32965720
v -0.16315836 0.69850969 0.32153106
v -0.16851595 0.69681776 0.32313433
v -0.16266218 0.69265068 0.31636769
v -0.16791381 0.69148123 0.31853503
v -0.16220750 0.68512613 0.31297934
v -0.16655569 0.68478602 0.31509119
v -0.16093849 0.67675841 0.31095845
v -0.16501214 0.67710972 0.31395108
v -0.15881550 0.66576177 0.31105334
v -0.16307992 0.66857547 0.31488967
v -0.16393119 0.69804060 0.32814795
v -0.16262187 0.69881380 0.33302742
v -0.15578680 0.69962817 0.32744268
v -0.16149712 0.69694233 0.33767524
v -0.15347144 0.68646049 0.32456398
v -0.15294716 0.68322802 0.32448673
v -0.15543489 0.68245673 0.32766968
v -0.15332761 0.68536544 0.32708260
v -0.15186831 0.67423946 0.33256096
v -0.15168133 0.66949034 0.33017823
v -0.15004766 0.66761374 0.33340815
v -0.15006979 0.66640759 0.32779473
v -0.14950427 0.67094088 0.32863533
v -0.14983933 0.66824830 0.32705396
v -0.14849754 0.67439127 0.33024082
v -0.15064460 0.66721010 0.32527971
v -0.15122484 0.66535997 0.32579619
v -0.14964437 0.66855800 0.32509586
v -0.14911632 0.66903210 0.32610974
v -0.14817283 0.67087448 0.32614487
v -0.14843574 0.67426074 0.32548541
v -0.14881539 0.66649508 0.33961034
v -0.14953282 0.66665053 0.31510869
v -0.15286091 0.67572629 0.31564075
v -0.16011538 0.66102332 0.31760603
v -0.15679646 0.65630996 0.31450287
v -0.15350580 0.64664090 0.32311895
v -0.15546004 0.64935350 0.31885704
v -0.15563296 0.69579363 0.32369459
v -0.15590614 0.69072151 0.31934404
v -0.14644733 0.65786588 0.31853035
v -0.15464634 0.68447298 0.31700253
v -0.16103959 0.67129469 0.31769371
v -0.15844068 0.66599244 0.31967637
v -0.16327295 0.67749274 0.31711024
v -0.15210357 0.66135263 0.32641315
v -0.15572947 0.66224444 0.32276881
v -0.15733388 0.65661758 0.32188314
v -0.15443777 0.65416527 0.32540345
v -0.15623610 0.66907310 0.32172644
v -0.15947461 0.67313135 0.32071832
v -0.15284650 0.67154920 0.32133314
v -0.15610319 0.67548168 0.32089493
v -0.15143420 0.66866159 0.32344866
v -0.15332028 0.66641176 0.32350522
v -0.14940794 0.67324644 0.32142097
v -0.15218362 0.67841506 0.32092831
v -0.14937946 0.66997325 0.32369399
v -0.15904592 0.67864692 0.32163900
v -0.15586846 0.68146563 0.32235506
v -0.15904090 0.68365461 0.32578641
v -0.16137515 0.68182075 0.32396081
v -0.16229656 0.67726827 0.32035199
v -0.16409522 0.68211210 0.32137778
v -0.16391528 0.68404365 0.31800616
v -0.16434421 0.68753248 0.32310212
v -0.16444866 0.69016850 0.32038993
v -0.16265187 0.68583739 0.32509965
v -0.16105437 0.68565464 0.32733768
v -0.16475822 0.69530177 0.32400477
v -0.16408211 0.69199574 0.32569402
v -0.16337116 0.69483864 0.32904297
v -0.16302949 0.68925136 0.32728159
v -0.16224244 0.69145232 0.32986987
v -0.16175887 0.68776369 0.32824147
v -0.16099605 0.68871570 0.33011475
v -0.15834136 0.69360167 0.33831137
v -0.15715468 0.69117749 0.33854669
v -0.16005388 0.69497550 0.33595753
v -0.15876113 0.69264668 0.33483493
v -0.15760434 0.69271362 0.33646202
v -0.15626590 0.69151640 0.33609849
v -0.15794840 0.69014853 0.33423302
v -0.15602191 0.68927681 0.33188772
v -0.09364120 0.53324533 0.25739661
v -0.08224935 0.53104883 0.25647825
v -0.08138646 0.53629327 0.26995140
v -0.09212749 0.53983319 0.27016321
v -0.16055974 0.69226682 0.33262199
v -0.15961367 0.68910050 0.33249319
v -0.16153459 0.69578719 0.33266252
v -0.15760210 0.68702996 0.32817826
v -0.15834668 0.68764937 0.33052003
v -0.15992594 0.68642765 0.32912686
v -0.15894029 0.68572730 0.32781053
v -0.15213856 0.67822182 0.33329815
v -0.15030381 0.67837262 0.32939845
v -0.15076490 0.67802441 0.32497162
v -0.12826478 0.53275049 0.23658389
v -0.12505764 0.54132605 0.24401939
v -0.14043950 0.55235684 0.24277174
v -0.14567202 0.54456669 0.23831283
v -0.13442951 0.50272745 0.22920340
v -0.15808317 0.51448476 0.23324773
v -0.15123822 0.48669201 0.22350205
v -0.13432164 0.48310834 0.21779655
v -0.14664550 0.46473294 0.21423227
v -0.13217884 0.46416253 0.20839968
v -0.13675623 0.41135710 0.18930256
v -0.12221561 0.41104293 0.18767199
v -0.12520345 0.42802727 0.19420977
v -0.13958967 0.42812315 0.19708818
v -0.15975374 0.34951851 0.13828981
v -0.15597752 0.34414050 0.12025706
v -0.14191811 0.34260142 0.12619367
v -0.14710642 0.34864402 0.14190188
v -0.20096014 0.43574655 0.20389119
v -0.20224574 0.45059460 0.21915792
v -0.21111651 0.44273463 0.21348947
v -0.20917831 0.43025190 0.19570127
v -0.18464950 0.56689030 0.23965313
v -0.17303100 0.54359531 0.23963514
v -0.16535321 0.55304110 0.23782462
v -0.17665134 0.57318181 0.23956424
v -0.20563167 0.38771597 0.13084824
v -0.20180389 0.37695673 0.12185849
v -0.19562772 0.37477067 0.13414657
v -0.19807446 0.38489252 0.14306751
v -0.18393943 0.35339978 0.04246958
v -0.18824765 0.34368265 0.02483220
v -0.17244536 0.33137316 0.03320521
v -0.16930315 0.34199041 0.04957390
v -0.22512719 0.40936455 0.03206962
v -0.23299813 0.42893341 0.01852286
v -0.23085597 0.42378524 0.00038388
v -0.22548836 0.40379864 0.01383589
v -0.16429985 0.41225910 0.18786693
v -0.15121436 0.41191536 0.18907905
v -0.15363258 0.42776304 0.19777167
v -0.16686824 0.42743620 0.19740975
v -0.31068671 0.34620774 0.23409396
v -0.30308962 0.34009004 0.22094652
v -0.29015961 0.36108902 0.22102496
v -0.29786143 0.36746114 0.23338853
v -0.22572207 0.36008888 -0.06846893
v -0.22508481 0.37946174 -0.08244969
v -0.22773501 0.36803705 -0.09461018
v -0.22656268 0.34966296 -0.07918873
v -0.25009522 0.47220790 0.25403920
v -0.24150088 0.48374528 0.25598609
v -0.25497445 0.50420123 0.25778997
v -0.26394716 0.49180907 0.25693646
v -0.20320836 0.41364062 0.17063852
v -0.19531888 0.41345626 0.17839265
v -0.19841759 0.42399347 0.19053400
v -0.20625086 0.42154711 0.18152817
v -0.24238101 0.43953401 0.05356007
v -0.23549184 0.42373443 0.06513721
v -0.23827583 0.43246248 0.08106521
v -0.24493721 0.44672775 0.07078988
v -0.23132113 0.41568232 0.04798884
v -0.23822239 0.43346560 0.03516615
v -0.18685332 0.41340566 0.18297224
v -0.17630458 0.41299665 0.18558511
v -0.17926304 0.42705008 0.19689809
v -0.18981194 0.42661470 0.19576633
v -0.15273920 0.34371510 0.10136507
v -0.13578852 0.34125599 0.10928577
v -0.21961325 0.33173880 -0.06415814
v -0.20906344 0.31513935 -0.05083217
v -0.20956062 0.32411501 -0.04112050
v -0.22020218 0.34171957 -0.05427453
v -0.15069380 0.34334195 0.06980763
v -0.15035029 0.34527171 0.08504905
v -0.16568679 0.35120913 0.07937461
v -0.16622639 0.35002178 0.06357830
v -0.19498265 0.29917586 -0.03779010
v -0.17890887 0.28448212 -0.02458540
v -0.17770115 0.29298922 -0.01731595
v -0.19472985 0.30744922 -0.02890469
v -0.14279608 0.44575155 0.20513918
v -0.12858295 0.44577876 0.20097956
v -0.18098164 0.35804307 0.13134725
v -0.17986755 0.35385314 0.11350052
v -0.16891938 0.34807482 0.11626992
v -0.17137221 0.35318053 0.13480915
v -0.22290558 0.42933109 0.16285656
v -0.21714139 0.42686585 0.18167247
v -0.22225976 0.43457234 0.20237333
v -0.22826082 0.43216199 0.17430951
v -0.23023909 0.35649824 -0.10531549
v -0.22905812 0.34017777 -0.08809796
v -0.19701751 0.29233018 -0.04372841
v -0.18104810 0.27807844 -0.02903263
v -0.26685899 0.45535684 0.14234291
v -0.26153764 0.45671743 0.13292603
v -0.25444460 0.44894618 0.14129397
v -0.25921571 0.44970328 0.15108252
v -0.10843319 0.35177165 0.14153302
v -0.12215465 0.35408467 0.15088552
v -0.12976484 0.34541589 0.13649133
v -0.11962425 0.34321856 0.12286630
v -0.17904963 0.35445121 0.09411670
v -0.17912874 0.35800344 0.07655495
v -0.16723837 0.34815663 0.09667538
v -0.09490655 0.35174239 0.13019653
v -0.10832973 0.34230027 0.10489966
v -0.11263268 0.44477722 0.19761696
v -0.10979515 0.42748016 0.19094869
v -0.11497798 0.46184969 0.20602678
v -0.09806453 0.45961070 0.20347460
v -0.09880073 0.47648448 0.21267645
v -0.11571136 0.47943753 0.21483894
v -0.09815352 0.49246150 0.22281513
v -0.11485284 0.49606398 0.22540841
v -0.11056958 0.52448976 0.23564483
v -0.10852688 0.53341681 0.24428955
v -0.21320522 0.42117307 0.16862625
v -0.21101035 0.41514242 0.15861963
v -0.21063070 0.30763686 -0.05780160
v -0.22367224 0.59263539 0.14303996
v -0.22428256 0.58793259 0.12681712
v -0.23776996 0.57751822 0.13754454
v -0.23718452 0.58259070 0.15263325
v -0.19264698 0.56307977 0.24194208
v -0.18201379 0.53884017 0.24275914
v -0.27117509 0.50709951 0.12256506
v -0.26406363 0.51563835 0.11441866
v -0.26325703 0.50662553 0.10888162
v -0.26948118 0.49999493 0.11788078
v -0.27566522 0.46808815 0.13377161
v -0.28201550 0.45875329 0.13850960
v -0.28598860 0.46394646 0.13997275
v -0.27803576 0.47411257 0.13526806
v -0.22264972 0.38487691 -0.10885513
v -0.21870759 0.39736974 -0.09600423
v -0.22575933 0.49152562 -0.00300892
v -0.23211971 0.46953130 0.00150193
v -0.23985133 0.47300959 0.02124716
v -0.23542121 0.49363345 0.01924428
v -0.12044545 0.60914469 0.09826050
v -0.12083170 0.60385239 0.08449782
v -0.14363976 0.60462153 0.08994100
v -0.14409977 0.60959429 0.10445179
v -0.18835516 0.61172736 0.13736773
v -0.18554117 0.61444700 0.15190533
v -0.16398540 0.61824095 0.13946259
v -0.16544449 0.61487174 0.12580997
v -0.20682189 0.60143864 0.13231879
v -0.20750006 0.59660584 0.11644073
v -0.24819329 0.46248752 0.06362869
v -0.24518177 0.45759985 0.04556163
v -0.25450221 0.46673012 0.08729846
v -0.24964964 0.45452809 0.09427816
v -0.25206110 0.45617872 0.10288715
v -0.25667614 0.46757030 0.09638518
v -0.16936538 0.58005464 0.24143356
v -0.17410487 0.59865570 0.23358341
v -0.18326974 0.59207779 0.23258749
v -0.14991747 0.62740469 0.18699723
v -0.15164085 0.62707949 0.18004426
v -0.16455418 0.62290096 0.18990919
v -0.15936744 0.62343526 0.19507107
v -0.14493482 0.57595050 0.02093798
v -0.12082583 0.57819963 0.01717848
v -0.11841755 0.56387943 -0.00318836
v -0.14437237 0.56136030 -0.00079335
v -0.26081434 0.47777849 0.10152051
v -0.26410568 0.47396973 0.11111775
v -0.26592240 0.48356527 0.11126155
v -0.26169524 0.48790210 0.10176659
v -0.25867733 0.49020332 0.09298208
v -0.25619167 0.49155599 0.08322854
v -0.25628808 0.47914225 0.08401576
v -0.25846210 0.47910011 0.09340274
v -0.24197385 0.49395305 0.04056583
v -0.24512476 0.47599483 0.04189111
v -0.24874955 0.47829717 0.06002634
v -0.24849981 0.49426711 0.05837833
v -0.10541455 0.51119143 -0.06386416
v -0.12645614 0.51078224 -0.06561868
v -0.13194455 0.52863371 -0.04500639
v -0.11005813 0.53049099 -0.04518038
v -0.25183558 0.43500197 0.17738603
v -0.24517569 0.42928597 0.19025651
v -0.25012797 0.42303288 0.19194511
v -0.25825101 0.42677349 0.17738165
v -0.30248639 0.46888435 0.15078862
v -0.31010258 0.46052635 0.15440427
v -0.31261685 0.46391279 0.15913920
v -0.30491024 0.47317553 0.15546498
v -0.27289847 0.41466695 0.16385096
v -0.26520494 0.41385087 0.17652164
v -0.27389067 0.39637366 0.17559981
v -0.28201976 0.39759380 0.16174319
v -0.21067289 0.58020031 0.23183723
v -0.20069763 0.55954742 0.24399987
v -0.20157200 0.58335853 0.23224464
v -0.27877790 0.43549320 0.14629525
v -0.28681448 0.42183360 0.14613329
v -0.29318514 0.42725122 0.14236163
v -0.28445327 0.44125259 0.14178935
v -0.32348150 0.35552701 0.24119884
v -0.31035277 0.37669373 0.24026841
v -0.30099899 0.38164610 0.15254740
v -0.31076348 0.38578987 0.14731547
v -0.29689604 0.40412655 0.14638470
v -0.28945932 0.39998353 0.15235828
v -0.21544087 0.48636901 -0.02474043
v -0.22437510 0.46523547 -0.01872849
v -0.19721773 0.41208625 -0.13343693
v -0.21216100 0.39996630 -0.12200755
v -0.20756312 0.41330707 -0.10683005
v -0.19317718 0.42734629 -0.11640003
v -0.22516236 0.37202153 -0.12192136
v -0.19985281 0.39480966 -0.14825071
v -0.21524230 0.38450950 -0.13623707
v -0.15574682 0.60645139 0.23860672
v -0.15036184 0.61935550 0.22768694
v -0.15806895 0.61742300 0.22245206
v -0.16457313 0.60324967 0.23516786
v -0.25363740 0.26435098 -0.16645785
v -0.25492185 0.23423971 -0.17142449
v -0.26261511 0.23319800 -0.14117889
v -0.25894874 0.26199740 -0.13842638
v -0.13068172 0.63201344 0.19740170
v -0.14613952 0.62559569 0.20873918
v -0.13928121 0.62648207 0.21566142
v -0.12581962 0.63054568 0.20627712
v -0.25419754 0.28518176 -0.13422345
v -0.25029713 0.29311392 -0.15992822
v -0.15388379 0.58866107 0.24426150
v -0.16223234 0.58478355 0.24314502
v -0.15264121 0.56692123 0.24311142
v -0.14595683 0.57207519 0.24629091
v -0.13539307 0.55856287 0.24996802
v -0.26346457 0.23219886 -0.11172836
v -0.25789377 0.25456357 -0.11249283
v -0.14315733 0.61926115 0.23321272
v -0.13362536 0.62622607 0.22266442
v -0.12148234 0.63084567 0.21494663
v -0.10735684 0.63416708 0.20980611
v -0.22916988 0.35797268 -0.13205858
v -0.23368755 0.34415954 -0.11374755
v -0.20157325 0.11596365 -0.21005578
v -0.17231229 0.11209150 -0.22066326
v -0.17440090 0.09357965 -0.20079680
v -0.20773952 0.09657124 -0.18887581
v -0.10328774 0.11916189 -0.22605138
v -0.10437607 0.10694885 -0.20756726
v -0.13924301 0.09875995 -0.20662682
v -0.14030650 0.11215298 -0.22574095
v -0.10268883 0.25480911 -0.25854975
v -0.13455740 0.25747561 -0.25912291
v -0.13395512 0.28537288 -0.24769895
v -0.10305353 0.28253910 -0.24862374
v -0.20349431 0.37768024 -0.16237889
v -0.21891104 0.36896920 -0.14840610
v -0.23114541 0.33013177 -0.09489153
v -0.28000870 0.12297502 -0.05752981
v -0.27993697 0.11275846 -0.09543021
v -0.27919975 0.08374450 -0.08121473
v -0.28166673 0.09412487 -0.04493910
v -0.24095714 0.05853455 -0.13666983
v -0.24069342 0.08395129 -0.15467708
v -0.20887776 0.07320011 -0.16992612
v -0.20825154 0.05100192 -0.15114249
v -0.16316226 0.26501226 -0.01601657
v -0.18208212 0.27265790 -0.03224520
v -0.16392547 0.25934017 -0.01941688
v -0.10128630 0.24163267 0.00292949
v -0.12382203 0.24658491 -0.00046989
v -0.12301636 0.24135043 -0.00308333
v -0.10213926 0.23723899 0.00122261
v -0.10881657 0.19785224 -0.00628676
v -0.09379234 0.19643936 -0.00491966
v -0.09533226 0.20885698 -0.00458075
v -0.11240432 0.21049416 -0.00792654
v -0.24922711 0.24842620 -0.08680643
v -0.23239458 0.24338356 -0.06360385
v -0.22893667 0.25707743 -0.06719029
v -0.24449512 0.26408917 -0.08819139
v -0.10437086 0.09989640 -0.18609156
v -0.13584381 0.08425604 -0.18541004
v -0.27178660 0.10340139 -0.01006645
v -0.26673818 0.13260394 -0.02413853
v -0.24687809 0.11206150 0.01745165
v -0.21245646 0.11449255 0.02804317
v -0.20821646 0.13990124 0.01377466
v -0.24196243 0.13807210 0.00223076
v -0.10118504 0.13243690 -0.03125696
v -0.11091891 0.15240628 -0.01576842
v -0.12003007 0.14442274 -0.01944482
v -0.10443857 0.12771577 -0.03641357
v -0.10187528 0.15569387 -0.25170010
v -0.10285381 0.13706070 -0.24159069
v -0.13659017 0.13016096 -0.24296363
v -0.13369367 0.15249193 -0.25511587
v -0.18134546 0.40177709 -0.15768506
v -0.18453962 0.38204062 -0.17350827
v -0.16197963 0.40637380 -0.16402350
v -0.17976546 0.42180005 -0.14175339
v -0.16069122 0.42833769 -0.14685158
v -0.18440476 0.52310306 -0.02615871
v -0.20154378 0.50603038 -0.02758427
v -0.21331513 0.51311898 -0.00595227
v -0.19670939 0.53275430 -0.00380671
v -0.16618560 0.60562617 0.09665163
v -0.16619164 0.61069798 0.11203568
v -0.16893773 0.05238676 -0.16100617
v -0.12717317 0.06548887 -0.15673469
v -0.14617419 0.03224795 -0.13321106
v -0.17956120 0.02819441 -0.13897879
v -0.24095148 0.03381920 -0.11869912
v -0.26339108 0.04337819 -0.09684639
v -0.26472986 0.07091333 -0.11472811
v -0.27928901 0.05453958 -0.06474999
v -0.28393322 0.06620847 -0.02780038
v -0.24975720 0.08501212 0.03497721
v -0.21507484 0.08829327 0.04281614
v -0.12639825 0.09188271 -0.01095535
v -0.14929107 0.10009396 0.00893536
v -0.15345606 0.07726161 0.01799650
v -0.13111755 0.06920227 -0.00409423
v -0.15096530 0.19936273 -0.01201279
v -0.18443817 0.21874113 -0.02788801
v -0.18943746 0.20537470 -0.02472439
v -0.16192640 0.18775062 -0.01546150
v -0.10511923 0.24886778 0.00655770
v -0.12373963 0.25320169 0.00331550
v -0.14346626 0.25401521 -0.00603272
v -0.14236695 0.26015013 -0.00234045
v -0.16152202 0.27096701 -0.01220697
v -0.11659300 0.28893274 0.04354587
v -0.13854356 0.29616714 0.03735323
v -0.13942233 0.28466788 0.02504142
v -0.11760293 0.27742311 0.03133459
v -0.11523856 0.30283242 0.05641739
v -0.13703208 0.30972949 0.05051830
v -0.11033227 0.33690536 0.08285587
v -0.13173035 0.34143022 0.09273837
v -0.13216168 0.33889118 0.07654458
v -0.09650303 0.44315445 0.19447501
v -0.09419945 0.42659718 0.18700652
v -0.25567484 0.22894810 -0.08287890
v -0.10692205 0.06804395 -0.12314744
v -0.10185138 0.07115538 -0.09182599
v -0.11060387 0.04517156 -0.08442973
v -0.12161896 0.03777581 -0.11261594
v -0.25321564 0.27362752 -0.11143525
v -0.22132275 0.32370937 -0.07191023
v -0.22304419 0.31556731 -0.07803646
v -0.21168208 0.38857442 0.05139703
v -0.21387595 0.38406557 0.02723562
v -0.13483687 0.35686252 0.15573841
v -0.13741332 0.34942189 0.14556527
v -0.26550993 0.09867799 -0.13139664
v -0.25058728 0.05744307 0.05047475
v -0.25115958 0.02949062 0.06540819
v -0.21867391 0.03176008 0.07216346
v -0.21695414 0.05979705 0.05815300
v -0.12649874 0.03398034 -0.01969276
v -0.13865325 0.04334579 0.00416160
v -0.14690463 0.01527974 0.01549535
v -0.13729633 0.00670393 -0.00835581
v -0.14703593 -0.02061811 0.00654975
v -0.15422121 -0.01251888 0.03092283
v -0.15780571 -0.04112485 0.04391830
v -0.15343066 -0.04738241 0.02012230
v -0.27413028 0.07645041 0.00741695
v -0.28474149 0.01286706 0.00957745
v -0.27574316 0.02171227 0.04277827
v -0.27548411 0.04884608 0.02427562
v -0.28440574 0.03916144 -0.00895990
v -0.21341267 0.02800393 -0.13152806
v -0.11675049 0.06022681 -0.02778959
v -0.11134142 0.08262810 -0.03328881
v -0.13984387 -0.01148194 -0.05246887
v -0.15263243 -0.01797989 -0.07403295
v -0.13778315 0.00834678 -0.09436041
v -0.12454177 0.01582582 -0.06966320
v -0.25075001 -0.01247820 -0.07498568
v -0.26846841 -0.00417584 -0.05241357
v -0.26628610 0.01942159 -0.07439142
v -0.24633223 0.01027724 -0.09661886
v -0.28007129 0.02956870 -0.04350783
v -0.28068098 0.00452279 -0.02333453
v -0.28454477 -0.03689238 0.04622816
v -0.27293146 -0.02993679 0.07486984
v -0.27459857 -0.00426906 0.05961377
v -0.28467879 -0.01230669 0.02799022
v -0.28267306 -0.04293713 0.01611474
v -0.28172559 -0.01949939 -0.00315988
v -0.27073076 -0.02697054 -0.03169625
v -0.27290747 -0.04885757 -0.01200886
v -0.25725588 -0.05431643 -0.03283420
v -0.25416127 -0.03391263 -0.05393103
v -0.23310846 -0.04005000 -0.06831488
v -0.23816246 -0.05937627 -0.04696941
v -0.20870036 -0.04413635 -0.07411441
v -0.18526837 -0.04378915 -0.06917465
v -0.19565013 -0.06378064 -0.04914621
v -0.21655856 -0.06319770 -0.05243590
v -0.16281995 -0.05864170 -0.02217157
v -0.17655751 -0.06263968 -0.03881690
v -0.16544683 -0.04083475 -0.05587417
v -0.15302378 -0.03556544 -0.03622878
v -0.19416110 -0.14975935 0.01928654
v -0.20999806 -0.14593506 0.01220408
v -0.20248029 -0.12481451 0.00182180
v -0.18542111 -0.12787288 0.01011878
v -0.22577512 -0.14211461 0.00573254
v -0.24328870 -0.13811260 0.00458523
v -0.23674718 -0.11843544 -0.00271170
v -0.21952960 -0.12179613 -0.00147006
v -0.26990408 -0.11360982 0.01402231
v -0.25436428 -0.11623490 0.00230798
v -0.26002076 -0.13531658 0.01038073
v -0.27543744 -0.13353965 0.02235431
v -0.28834239 -0.13167208 0.04089661
v -0.28466168 -0.11022949 0.03286158
v -0.29060540 -0.13316140 0.06601653
v -0.29026729 -0.10936654 0.05937186
v -0.28581852 -0.11095822 0.08958149
v -0.28443852 -0.13619232 0.09428767
v -0.17173955 -0.12364075 0.06312987
v -0.17782269 -0.14941922 0.06638128
v -0.17547978 -0.15044633 0.04674194
v -0.16798262 -0.12579614 0.04265733
v -0.19849840 -0.11671951 0.10623995
v -0.21828517 -0.11282176 0.12977883
v -0.22028098 -0.14012903 0.12547691
v -0.20307061 -0.14479443 0.10407989
v -0.28399187 -0.06550416 0.03321840
v -0.28441614 -0.06076705 0.06359919
v -0.26059467 -0.07381922 -0.01334570
v -0.27558932 -0.06977773 0.00602535
v -0.17090017 -0.08140728 -0.00960627
v -0.18598965 -0.08341104 -0.02319378
v -0.16252385 -0.06885281 0.05405816
v -0.15813795 -0.07380617 0.03084198
v -0.25010809 -0.08217388 0.12788595
v -0.24908268 -0.05405623 0.11129552
v -0.27230266 -0.05654213 0.09310983
v -0.27350041 -0.08312643 0.10925094
v -0.28773114 -0.08720565 0.04834609
v -0.27958953 -0.08957750 0.02120191
v -0.26499757 -0.09358895 0.00219466
v -0.24908608 -0.09677309 -0.01058477
v -0.23119152 -0.09980541 -0.01616393
v -0.21288563 -0.10215035 -0.01521087
v -0.19476514 -0.10375091 -0.01021275
v -0.17846908 -0.10457397 0.00046626
v -0.16290618 -0.09961051 0.03775428
v -0.16758579 -0.09717458 0.05975194
v -0.24784422 -0.13755748 0.13308711
v -0.24919954 -0.11051187 0.13678019
v -0.27494171 -0.11040658 0.11876642
v -0.27285376 -0.13690922 0.12093900
v -0.24663129 -0.16268158 0.12360904
v -0.22412536 -0.16471857 0.11747292
v -0.23057887 -0.15804270 0.00818819
v -0.24848926 -0.15427050 0.00760205
v -0.26509693 -0.15233445 0.01269232
v -0.29230818 -0.15324172 0.04402523
v -0.29157063 -0.15841749 0.06994621
v -0.28315675 -0.16332695 0.09746197
v -0.26845136 -0.16154140 0.11690357
v -0.18976422 -0.19028404 0.04880240
v -0.18404001 -0.16937697 0.05086906
v -0.18627602 -0.17017224 0.06843273
v -0.19225140 -0.19240227 0.06542110
v -0.20307973 -0.18408093 0.01821530
v -0.21640396 -0.17961079 0.00561119
v -0.21512812 -0.16245359 0.01596315
v -0.20145890 -0.16564828 0.02529199
v -0.23464248 -0.17678979 0.00016144
v -0.25348336 -0.17421609 0.00067264
v -0.27123860 -0.17238945 0.00636631
v -0.29630652 -0.17966840 0.04207556
v -0.28146583 -0.15165278 0.02597941
v -0.28779399 -0.17435917 0.01993769
v -0.29322448 -0.18674755 0.07111465
v -0.27655196 -0.22432464 0.08794923
v -0.27579546 -0.19369966 0.09720875
v -0.29654130 -0.21716425 0.06610364
v -0.24865007 -0.32296744 0.05664953
v -0.27468640 -0.32061383 0.05326774
v -0.26919845 -0.35357931 0.03964201
v -0.24693581 -0.35581526 0.04204755
v -0.19377670 -0.21784359 0.05782177
v -0.18868461 -0.21528724 0.03914274
v -0.20165440 -0.20713392 0.00567169
v -0.21729913 -0.20198449 -0.00720955
v -0.30378184 -0.23804364 0.02411508
v -0.30108175 -0.20817629 0.03613372
v -0.29381508 -0.20142445 0.01174295
v -0.29608619 -0.23056263 -0.00000867
v -0.18631765 -0.31033501 0.02505398
v -0.18241984 -0.30688527 0.00574319
v -0.18206814 -0.27433285 0.01616875
v -0.18657601 -0.27827302 0.03662691
v -0.21474794 -0.22919276 -0.02029492
v -0.19861756 -0.23455250 -0.00664429
v -0.19737431 -0.26501104 -0.01815429
v -0.21382025 -0.26040128 -0.03108901
v -0.29732332 -0.30496499 0.00432391
v -0.30242836 -0.27022520 0.01330811
v -0.29587224 -0.26275125 -0.01052749
v -0.29177973 -0.29846492 -0.01857924
v -0.27839336 -0.25574818 0.07747325
v -0.29882440 -0.24779743 0.05444019
v -0.29727173 -0.27919623 0.04307434
v -0.27891967 -0.28803155 0.06536667
v -0.25016075 -0.25730005 0.08102784
v -0.25035855 -0.28916982 0.06912762
v -0.19557439 -0.37637201 -0.01254968
v -0.18806425 -0.34054223 -0.00408463
v -0.19172682 -0.34506246 0.01134756
v -0.19846267 -0.38163665 0.00098452
v -0.21534789 -0.29466423 -0.03891638
v -0.19822484 -0.29880872 -0.02669661
v -0.20246807 -0.33382317 -0.03317294
v -0.21776044 -0.33081350 -0.04302420
v -0.28263012 -0.37946549 -0.01229294
v -0.29048815 -0.34134981 -0.00462778
v -0.28481963 -0.33590791 -0.02583086
v -0.27688920 -0.37395862 -0.03201680
v -0.26442900 -0.38939747 0.02522643
v -0.28656566 -0.34780142 0.02128015
v -0.28001204 -0.38495424 0.00931288
v -0.25855964 -0.42519698 0.01442059
v -0.24262866 -0.42711338 0.01721501
v -0.24491790 -0.39116636 0.02781752
v -0.20448638 -0.41644904 -0.00897881
v -0.20041916 -0.41198602 -0.02092938
v -0.20741662 -0.40608355 -0.04162015
v -0.21877694 -0.40241274 -0.05041672
v -0.21934626 -0.36691305 -0.04598677
v -0.20663787 -0.37018970 -0.03697430
v -0.25225312 -0.36844292 -0.05127668
v -0.23556942 -0.36639223 -0.05118214
v -0.23345727 -0.40183005 -0.05520216
v -0.24829754 -0.40404966 -0.05461194
v -0.26847506 -0.40908453 -0.03664240
v -0.26630181 -0.37039807 -0.04498558
v -0.25998810 -0.40580609 -0.04826729
v -0.27492067 -0.41344121 -0.01928392
v -0.27306852 -0.42054728 0.00091320
v -0.09062833 0.09768176 -0.11596057
v -0.09439846 0.09905928 -0.08674484
v -0.09784646 0.08943366 -0.09162670
v -0.09663092 0.09085397 -0.12546320
v -0.16410699 0.02225511 0.04226679
v -0.15886867 0.05111961 0.02880739
v -0.17115641 -0.03493845 0.06862663
v -0.16924518 -0.00598103 0.05702576
v -0.17474589 -0.06400132 0.07783221
v -0.17894864 -0.09264717 0.08268036
v -0.18279499 -0.12134218 0.08455448
v -0.18851170 -0.14861232 0.08637735
v -0.19605401 -0.17117155 0.08585221
v -0.20236677 -0.19491735 0.08239447
v -0.20477082 -0.24934414 0.06520791
v -0.19043756 -0.24690154 0.04710107
v -0.20600477 -0.22098842 0.07462357
v -0.20147547 -0.31541571 0.04356252
v -0.20220402 -0.28135183 0.05562907
v -0.20442727 -0.35094264 0.02834338
v -0.20929961 -0.38722780 0.01424841
v -0.21409687 -0.42147467 0.00325622
v -0.17179589 0.15183894 0.00157241
v -0.14466441 0.13730456 -0.00621288
v -0.14358434 0.14886537 -0.01026569
v -0.16905120 0.16652083 -0.00657547
v -0.09287197 0.11865655 -0.05596529
v -0.09591713 0.12335788 -0.04414935
v -0.09725019 0.11991617 -0.04995805
v -0.09301841 0.11578009 -0.06301485
v -0.28568745 -0.08450058 0.07949795
v -0.24357477 -0.07792434 -0.02670605
v -0.22418615 -0.08146590 -0.03206117
v -0.20469260 -0.08306205 -0.03036036
v -0.19400972 -0.08824351 0.10702617
v -0.19299853 -0.05922484 0.09992360
v -0.21829398 -0.05487296 0.11399643
v -0.21882850 -0.08402950 0.12580389
v -0.24927557 -0.23023418 0.09168181
v -0.22594026 -0.25390747 0.07537355
v -0.22497863 -0.22598907 0.08683566
v -0.24916980 -0.20522341 0.10308002
v -0.25801480 -0.19662371 -0.01286076
v -0.27790007 -0.19685116 -0.00529240
v -0.23657152 -0.22553462 -0.02688394
v -0.25938702 -0.22366065 -0.02757852
v -0.23712686 -0.19870809 -0.01235442
v -0.19206849 -0.00120790 0.07711892
v -0.21983171 0.00305150 0.08566289
v -0.21908161 -0.02564344 0.09880713
v -0.19224888 -0.02976152 0.08901654
v -0.20322204 0.42553586 -0.09084685
v -0.18924513 0.44028759 -0.09707466
v -0.19978571 0.37081000 0.09793806
v -0.20449805 0.37796021 0.07770763
v -0.19177859 0.36684799 0.07578332
v -0.19010106 0.36171001 0.09453231
v -0.21368989 0.38760564 0.08589676
v -0.20718908 0.38027218 0.10505617
v -0.21209303 0.39165246 0.11463383
v -0.21915144 0.39812478 0.09740771
v -0.22960928 0.43616974 0.14781632
v -0.23433599 0.43795052 0.15609290
v -0.11299214 0.32065886 0.07013719
v -0.08992174 0.31813017 0.07134794
v -0.08815866 0.33520034 0.08308443
v -0.14392547 0.24845260 -0.00937915
v -0.15525979 0.22048365 -0.02005015
v -0.12589583 0.19728597 -0.00904216
v -0.13197255 0.21358782 -0.01246254
v -0.09355085 0.15256172 -0.01676433
v -0.14750171 0.50439012 -0.06703907
v -0.15431333 0.52120024 -0.04501453
v -0.14260501 0.61465716 0.11724639
v -0.12060687 0.61413097 0.11203172
v -0.13928670 0.62168360 0.14233798
v -0.13717607 0.62514234 0.15346564
v -0.11713423 0.62501049 0.14725739
v -0.11838219 0.62229717 0.13612637
v -0.10960751 0.63462752 0.20023434
v -0.11258386 0.63419783 0.19022793
v -0.09019905 0.11270072 -0.07790913
v -0.09271159 0.11155355 -0.06968474
v -0.08982820 0.10882305 -0.08851355
v -0.12398963 0.11017971 -0.01633249
v -0.10941333 0.09992287 -0.03676343
v -0.10796803 0.11117232 -0.03914693
v -0.12260090 0.12282740 -0.01988514
v -0.27605638 0.15185338 -0.06662920
v -0.27919334 0.14411165 -0.10487197
v -0.17236522 0.07169941 -0.18111823
v -0.34044468 0.34660608 0.15480509
v -0.35203296 0.35187200 0.15553679
v -0.33744991 0.37196028 0.15088440
v -0.32533282 0.36676192 0.15088743
v -0.17039838 0.57223946 0.02701028
v -0.17552954 0.55325854 0.00423822
v -0.15931599 0.56111479 0.24034119
v -0.21728198 0.54716492 0.24947913
v -0.20655100 0.52408445 0.25368571
v -0.19891566 0.53070515 0.24904262
v -0.20890680 0.55417740 0.24640539
v -0.24649471 0.57672393 0.17691337
v -0.24267879 0.57792115 0.19514836
v -0.23344111 0.58774459 0.18966301
v -0.23644915 0.58653760 0.16999067
v -0.10107749 0.22788090 -0.26240283
v -0.13295405 0.23018320 -0.26444817
v -0.11775193 0.45479935 -0.12767752
v -0.13844182 0.45188692 -0.12944327
v -0.13861018 0.47056329 -0.10920678
v -0.11880215 0.47401726 -0.10731117
v -0.20109987 0.55308640 0.02669673
v -0.21341136 0.53393537 0.01908852
v -0.08859866 0.36523068 0.15039307
v -0.08715616 0.38022339 0.16359368
v -0.10269275 0.37975559 0.16927978
v -0.10387294 0.36546952 0.15752770
v -0.33837709 0.41383630 0.15971813
v -0.32013974 0.42872828 0.15120022
v -0.31564251 0.41825253 0.14692926
v -0.33295676 0.40000901 0.15117759
v -0.26536381 0.13317101 -0.14889137
v -0.23973411 0.10943429 -0.17371322
v -0.22181353 0.43027627 -0.04791756
v -0.21132648 0.45015025 -0.05719249
v -0.20561075 0.43854809 -0.07486118
v -0.21691713 0.41995627 -0.06547298
v -0.23446286 0.44843811 0.00856203
v -0.22976810 0.44425362 -0.01026767
v -0.24074069 0.45266491 0.02638996
v -0.26853025 0.47294474 0.12518242
v -0.26564029 0.46517855 0.12672156
v -0.27127883 0.46162137 0.13623232
v -0.14604656 0.12159854 -0.00011985
v -0.14028130 0.16693482 -0.01251817
v -0.13086973 0.17379767 -0.00879933
v -0.09027825 0.11572243 -0.06895611
v -0.13964914 0.57671928 0.25300381
v -0.13234052 0.56380945 0.25998712
v -0.27269924 0.43116650 0.15449986
v -0.28027716 0.41721481 0.15321453
v -0.25448954 0.45690012 0.11072557
v -0.24710783 0.44814301 0.12069093
v -0.25058392 0.44798958 0.12913278
v -0.25752047 0.45595974 0.11953250
v -0.26198962 0.46474564 0.11391209
v -0.25894549 0.46723074 0.10410730
v -0.19212295 0.44061553 0.20834421
v -0.18206099 0.44310242 0.20976865
v -0.18401831 0.46056908 0.22151953
v -0.19355893 0.45643795 0.22145791
v -0.16981314 0.44408208 0.20879167
v -0.15657666 0.44485569 0.20762023
v -0.16012929 0.46416867 0.21767911
v -0.17327170 0.46283883 0.21976486
v -0.15072238 0.53340065 0.23744228
v -0.13191788 0.52002639 0.23606309
v -0.11284211 0.51141441 0.23261130
v -0.09726432 0.50576258 0.23039159
v -0.11471548 0.63350236 0.17958471
v -0.11523358 0.63081360 0.16835840
v -0.13529421 0.62965238 0.17391384
v -0.13709125 0.63106722 0.18720073
v -0.12304190 0.54772300 0.25468910
v -0.10710974 0.53974998 0.25644588
v -0.09487324 0.52629411 0.24524535
v -0.33830842 0.36349109 0.24081165
v -0.32573766 0.38542461 0.24015686
v -0.14724915 0.60724193 0.24269766
v -0.14558759 0.59140199 0.24870941
v -0.34109759 0.39279008 0.23395447
v -0.35360542 0.37008089 0.23431328
v -0.18384883 0.50918210 0.24021101
v -0.19089705 0.53523552 0.24538332
v -0.19197044 0.50618720 0.24360141
v -0.12040519 0.55336571 0.26555562
v -0.10528653 0.54542434 0.26862431
v -0.27605042 0.17307882 -0.10868524
v -0.27007324 0.17822787 -0.07271372
v -0.21915510 0.35025433 -0.04243502
v -0.22324994 0.36971182 -0.05551767
v -0.09344360 0.28590858 0.04597135
v -0.09419597 0.27471229 0.03377046
v -0.08142421 0.54198050 0.28379178
v -0.12055598 0.26112780 0.01054670
v -0.09760380 0.25717482 0.01316178
v -0.09541728 0.26625749 0.02232413
v -0.11856690 0.26873344 0.01990841
v -0.09038436 0.24560834 0.00563937
v -0.08943607 0.24230853 0.00420863
v -0.10524125 0.18446916 -0.00727721
v -0.09320772 0.18497294 -0.00558536
v -0.26589322 0.41974562 0.23646230
v -0.25676164 0.43288288 0.23889038
v -0.26659158 0.44723561 0.24894333
v -0.27706647 0.43234479 0.24569762
v -0.14084524 0.26857561 0.00455490
v -0.16010973 0.27942640 -0.00559111
v -0.21976060 0.42532599 0.15275148
v -0.22684327 0.43265530 0.13850881
v -0.08559933 0.34358865 0.10072414
v -0.11910319 0.36659601 0.16307944
v -0.11880320 0.38022906 0.17262655
v -0.13408220 0.38147116 0.17398810
v -0.13409232 0.36828825 0.16564946
v -0.08854043 0.11544059 -0.07956897
v -0.31760398 0.48378977 0.18995228
v -0.31069300 0.49648434 0.18618762
v -0.31043899 0.49073568 0.17687422
v -0.31807157 0.47831756 0.18164493
v -0.10085154 0.09232081 -0.06172192
v -0.10414147 0.07574096 -0.05992800
v -0.09962930 0.09682128 -0.15967642
v -0.08899395 0.09866217 -0.13965677
v -0.18178087 0.08394346 0.03628909
v -0.17865837 0.10976641 0.02392659
v -0.18538310 0.05691677 0.04871085
v -0.18896380 0.02780195 0.06299630
v -0.21014565 -0.16985026 0.10159558
v -0.22223955 -0.19658571 0.09873694
v -0.22590366 -0.28549775 0.06320086
v -0.22506627 -0.31882468 0.04988082
v -0.22543401 -0.35449448 0.03566746
v -0.22597560 -0.39089617 0.02162356
v -0.22693193 -0.42592892 0.01237326
v -0.36590677 0.37360820 0.22336721
v -0.35410732 0.39873728 0.22232157
v -0.36166844 0.39748585 0.20771033
v -0.37391859 0.37323272 0.21002427
v -0.29289648 0.37905008 0.16238637
v -0.28532696 0.37774521 0.17589197
v -0.29789478 0.35852006 0.17644206
v -0.30607083 0.36057723 0.16423395
v -0.31952810 0.34065467 0.16587120
v -0.32934490 0.34307501 0.15821153
v -0.31474063 0.36327687 0.15539600
v -0.36291513 0.35862291 0.16065663
v -0.37153459 0.36484575 0.16967767
v -0.35635060 0.38742930 0.16556258
v -0.34892276 0.37869227 0.15605436
v -0.37751573 0.37115893 0.19585119
v -0.36436880 0.39375532 0.19347051
v -0.36280000 0.39092463 0.17909759
v -0.37681720 0.36842293 0.18192412
v -0.30145806 0.33748305 0.20542251
v -0.30435222 0.33745590 0.19030257
v -0.29157895 0.35772729 0.19054776
v -0.28866145 0.35798758 0.20610943
v -0.28128409 0.46276084 0.25275099
v -0.29181716 0.44553086 0.24824978
v -0.23391116 0.43496069 0.18519524
v -0.23012894 0.43447167 0.20449853
v -0.23544180 0.43115598 0.20612851
v -0.23916510 0.43493271 0.18885908
v -0.29777414 0.39700696 0.24034029
v -0.28682578 0.41542369 0.24250464
v -0.30192962 0.42659077 0.24387224
v -0.31317464 0.40656620 0.24077268
v -0.27502394 0.37768382 0.20670673
v -0.27856991 0.37730101 0.19136989
v -0.26695836 0.39595181 0.19115272
v -0.26277810 0.39502782 0.20671913
v -0.32175827 0.39181745 0.14719385
v -0.30594230 0.41025698 0.14438377
v -0.24962136 0.42245865 0.22389361
v -0.25767767 0.41071892 0.22241074
v -0.21827427 0.41988462 0.14357229
v -0.24137387 0.44378388 0.10430370
v -0.24401960 0.44652301 0.11322300
v -0.18878976 0.36034054 0.11299985
v -0.18837951 0.36366889 0.12893419
v -0.22738892 0.40939814 0.07992944
v -0.23046589 0.41934371 0.09371264
v -0.19607782 0.36806571 0.11545407
v -0.19332825 0.36829185 0.12691668
v -0.15312594 0.33267552 0.05723654
v -0.09573172 0.51797140 0.23575979
v -0.27504376 0.40479308 0.23395558
v -0.26627210 0.39786169 0.22106749
v -0.30624729 0.44137594 0.14612512
v -0.29478332 0.45316058 0.14296468
v -0.28990394 0.44741797 0.14087364
v -0.30083317 0.43394077 0.14311455
v -0.23519993 0.54133976 0.06573082
v -0.21957245 0.54847533 0.04655866
v -0.22805086 0.53131908 0.04113100
v -0.24087042 0.52610683 0.06122308
v -0.31788877 0.48559627 0.20680697
v -0.31769383 0.48045403 0.21778046
v -0.30867887 0.49714077 0.21887615
v -0.31006792 0.49996972 0.20598644
v -0.30467388 0.49049985 0.23333330
v -0.31454259 0.47165960 0.23085293
v -0.30615455 0.45908934 0.24264932
v -0.29584727 0.47843975 0.24622968
v -0.25581479 0.20556974 -0.17433108
v -0.26697037 0.20623842 -0.14356320
v -0.21208605 0.30098745 -0.06286030
v -0.19809324 0.28665894 -0.04799239
v -0.18300530 0.23435113 -0.03180368
v -0.12073076 0.13773258 -0.02088137
v -0.10466756 0.12182195 -0.03930423
v -0.11018975 0.05197473 -0.05449092
v -0.26909533 0.20603505 -0.11032972
v -0.12223471 0.02481543 -0.04372990
v -0.13517518 -0.00252375 -0.02990116
v -0.17418350 -0.02196461 -0.09002724
v -0.20033410 -0.02291390 -0.09509297
v -0.19081908 0.00196376 -0.11675234
v -0.16161606 0.00347114 -0.11169280
v -0.22717789 -0.01904783 -0.08943814
v -0.22066078 0.00445855 -0.11109406
v -0.24921423 -0.02540877 0.09452103
v -0.23558813 -0.25751576 -0.03852838
v -0.25739720 -0.29247645 -0.04502988
v -0.25926939 -0.25608614 -0.03837258
v -0.23588961 -0.29287508 -0.04514943
v -0.28034869 -0.25784722 -0.02893215
v -0.28052333 -0.22544384 -0.01788346
v -0.29282796 -0.31230810 0.03260992
v -0.23652801 -0.32917866 -0.04825713
v -0.25562814 -0.33037660 -0.04707772
v -0.27749762 -0.29395053 -0.03517464
v -0.27263534 -0.33212146 -0.03989924
v -0.09896021 0.10357954 -0.06210235
v -0.26099089 0.15991649 -0.03453200
v -0.25354338 0.18516961 -0.04307283
v -0.19400170 0.19349091 -0.01790874
v -0.16689394 0.17829300 -0.01257043
v -0.17754269 0.30163187 -0.00793292
v -0.19496778 0.31570724 -0.01855175
v -0.19085263 0.33499485 0.00863653
v -0.20553473 0.34986424 -0.00068550
v -0.20842560 0.34055087 -0.01594749
v -0.19386764 0.32453048 -0.00570527
v -0.22433820 0.38763615 -0.02333760
v -0.22666785 0.40979892 -0.03638436
v -0.22276214 0.39984775 -0.05382237
v -0.22259608 0.37878782 -0.04040249
v -0.22173920 0.38951367 -0.06871831
v -0.21492046 0.40866128 -0.08133666
v -0.16101263 0.47969025 -0.08816408
v -0.17770003 0.46858895 -0.08545652
v -0.18322966 0.48309314 -0.06591783
v -0.16647321 0.49495828 -0.06716192
v -0.11713298 0.18095484 -0.00798993
v -0.09695857 0.11490269 -0.05490413
v -0.17509672 0.13310996 0.01200041
v -0.20336369 0.16114540 0.00121892
v -0.23586231 0.16217732 -0.01081412
v -0.26592991 0.42844939 0.16482489
v -0.25771096 0.52126670 0.10591114
v -0.25792336 0.51128477 0.09963976
v -0.32525915 0.45098317 0.22742978
v -0.31654346 0.43853414 0.23814969
v -0.25337443 0.40843150 0.20719537
v -0.25754797 0.46009970 0.25165030
v -0.24780536 0.44411215 0.24017139
v -0.23978716 0.45379627 0.24258856
v -0.21071279 0.23331572 -0.04497047
v -0.23985574 0.22494540 -0.05777127
v -0.21625622 0.21820730 -0.03828025
v -0.08716972 0.10232420 -0.11978622
v -0.14272322 0.15817367 -0.01185012
v -0.14664277 -0.02832153 -0.01503019
v -0.15489104 -0.05360898 -0.00163244
v -0.16156541 -0.07796642 0.00890529
v -0.16746020 -0.10242963 0.01772033
v -0.17345771 -0.12754181 0.02390778
v -0.18184060 -0.15050757 0.03021099
v -0.19006854 -0.16776526 0.03512146
v -0.19403441 -0.18770975 0.03255157
v -0.18513478 -0.24359033 0.02781366
v -0.18865195 -0.23916018 0.00905297
v -0.19162293 -0.21169117 0.02117211
v -0.18675333 -0.26988074 -0.00224346
v -0.18683520 -0.30245671 -0.01290314
v -0.19285068 -0.33672193 -0.01994179
v -0.19916040 -0.37239298 -0.02539539
v -0.20178343 -0.40839061 -0.03135261
v -0.08835882 0.11161129 -0.08937186
v -0.08780953 0.10757503 -0.10356924
v -0.17396043 0.51132834 0.23644572
v -0.23791212 0.44218677 0.13373365
v -0.24215385 0.44299290 0.14137709
v -0.24607426 0.41895479 0.20751166
v -0.35236862 0.41556513 0.18940641
v -0.35001361 0.42115259 0.20377421
v -0.25735465 0.41214967 0.19145912
v -0.23904395 0.43944597 0.16808756
v -0.24377975 0.44132519 0.17572647
v -0.42545852 0.19874477 0.27539101
v -0.43839100 0.20220548 0.26987997
v -0.44060662 0.18212196 0.27528793
v -0.42799118 0.17885278 0.27916554
v -0.41229880 0.19390532 0.27391875
v -0.41575783 0.17437872 0.27685511
v -0.39866319 0.16999322 0.21814843
v -0.39255336 0.17416853 0.23075795
v -0.40154877 0.15614712 0.23535079
v -0.40839794 0.15259829 0.22365278
v -0.41076657 0.15070422 0.27267390
v -0.40638080 0.14647752 0.26265821
v -0.40013927 0.16490528 0.25939214
v -0.40610063 0.16964935 0.26990610
v -0.42417550 0.17204180 0.20274682
v -0.43677881 0.17761651 0.20350072
v -0.42753252 0.19380738 0.19511661
v -0.41437456 0.18799439 0.19569431
v -0.36149135 0.24638727 0.20500810
v -0.36662135 0.24030952 0.19220228
v -0.35756877 0.25503719 0.19142658
v -0.35369605 0.26031739 0.20495409
v -0.41921121 0.23938726 0.26644310
v -0.43118963 0.24284545 0.25761560
v -0.43509305 0.22260495 0.26404130
v -0.42216322 0.21895365 0.27125376
v -0.38262925 0.22375819 0.25033689
v -0.37731105 0.21872529 0.23661387
v -0.37223482 0.23962010 0.23313949
v -0.37842125 0.24492262 0.24658832
v -0.41661903 0.25985542 0.26086634
v -0.42685908 0.26198539 0.24993932
v -0.39381084 0.18383148 0.25689328
v -0.39101675 0.17915404 0.24373281
v -0.38368407 0.19848289 0.24046785
v -0.38800463 0.20342851 0.25388318
v -0.44051212 0.13966456 0.22012940
v -0.45137793 0.14498568 0.22278392
v -0.44479302 0.16154185 0.21305019
v -0.43304375 0.15582635 0.21119271
v -0.40651441 0.14244792 0.25176656
v -0.41008717 0.13844207 0.24062090
v -0.39905325 0.16064432 0.24741793
v -0.46174049 0.16339488 0.26382670
v -0.45371464 0.16385958 0.27345657
v -0.45165375 0.18393216 0.26715675
v -0.45910424 0.18308473 0.25570893
v -0.37952822 0.20769554 0.20961964
v -0.37599340 0.21309367 0.22265181
v -0.38381916 0.19319680 0.22644779
v -0.38898832 0.18843721 0.21356171
v -0.40471566 0.23428050 0.26823318
v -0.40851903 0.21399695 0.27096581
v -0.45547405 0.20295545 0.24682337
v -0.44873902 0.20379941 0.26009130
v -0.44452626 0.22377874 0.25236994
v -0.45078859 0.22190449 0.23841649
v -0.44456136 0.23367816 0.21324901
v -0.43769634 0.22610955 0.20030612
v -0.44612265 0.20934813 0.21062931
v -0.45129138 0.21636619 0.22347078
v -0.37044084 0.22749771 0.20658621
v -0.37761337 0.22263449 0.19392945
v -0.40344846 0.20469165 0.18972109
v -0.41718188 0.21004698 0.18765578
v -0.40592915 0.22617300 0.18097436
v -0.39120501 0.22157505 0.18431717
v -0.38128203 0.28510180 0.25026730
v -0.39568675 0.29145208 0.25141352
v -0.39848083 0.27601790 0.25689137
v -0.38453594 0.27074489 0.25302157
v -0.41320330 0.27949855 0.25314233
v -0.40965465 0.29523790 0.24569875
v -0.40819058 0.31577912 0.22121252
v -0.40971258 0.31365669 0.20779929
v -0.41403693 0.30367136 0.21126583
v -0.41340914 0.30649590 0.22532278
v -0.42979148 0.26527101 0.19150147
v -0.41892108 0.25805932 0.18081640
v -0.42857242 0.24220511 0.19039565
v -0.43742055 0.24998917 0.20223697
v -0.39653045 0.26263073 0.16922885
v -0.38290912 0.25417364 0.17084107
v -0.39422145 0.24112023 0.17472485
v -0.40739015 0.24939908 0.17531130
v -0.35563818 0.30882955 0.16295430
v -0.34515381 0.30509368 0.16837990
v -0.35451984 0.29058000 0.16871019
v -0.36591581 0.29478791 0.16422921
v -0.33631939 0.28944668 0.19012913
v -0.32772481 0.30256671 0.18969578
v -0.32457000 0.30286628 0.20394899
v -0.33328542 0.29060560 0.20411009
v -0.36389402 0.32414737 0.24233647
v -0.37917626 0.33104381 0.23692086
v -0.38509575 0.32103679 0.24031878
v -0.37002581 0.31378591 0.24408099
v -0.42228842 0.27858460 0.18272412
v -0.40916952 0.27344093 0.17162453
v -0.34286597 0.27837241 0.19031413
v -0.34011000 0.28047121 0.20426813
v -0.34695482 0.27106133 0.20464166
v -0.35009697 0.26721948 0.19106713
v -0.35039702 0.29123157 0.22941682
v -0.36074027 0.29783794 0.23969373
v -0.36482683 0.28921068 0.24041218
v -0.35626230 0.28251526 0.22894371
v -0.37385538 0.30514827 0.24610530
v -0.38896960 0.31228825 0.24326326
v -0.39231727 0.30250469 0.24791425
v -0.37718308 0.29595268 0.24849865
v -0.41686884 0.28807783 0.17773531
v -0.41954911 0.29256654 0.18967861
v -0.41419974 0.29995683 0.18503371
v -0.41057581 0.29551119 0.17425933
v -0.38533428 0.27315119 0.16635527
v -0.37249389 0.26619080 0.16912881
v -0.36288360 0.27254677 0.22848669
v -0.35577911 0.26586744 0.21785125
v -0.34915054 0.27581382 0.21811700
v -0.40586194 0.30630344 0.23964642
v -0.36628205 0.31302148 0.16112922
v -0.37667948 0.31824547 0.16186300
v -0.36582375 0.33256525 0.15924609
v -0.35526988 0.32725781 0.15833239
v -0.34476864 0.32319474 0.16094421
v -0.33439320 0.32016504 0.16756701
v -0.31704766 0.31761116 0.19001609
v -0.31403875 0.31798482 0.20499240
v -0.31611258 0.32049727 0.22020411
v -0.32323948 0.32627663 0.23285803
v -0.33515868 0.31077284 0.23148575
v -0.32704556 0.30512086 0.21869320
v -0.35113138 0.34199297 0.24137032
v -0.36649942 0.34855619 0.23501974
v -0.38918594 0.33464253 0.22680438
v -0.37842888 0.35099834 0.22447282
v -0.35120857 0.27694154 0.17757389
v -0.34381783 0.28900054 0.17767003
v -0.45732355 0.19848855 0.23311359
v -0.45352420 0.19218494 0.22019383
v -0.45933822 0.17444861 0.23011786
v -0.46180215 0.17971709 0.24295698
v -0.45935792 0.15097210 0.22959462
v -0.45357785 0.16821775 0.21968076
v -0.40142637 0.18894133 0.26741308
v -0.39675334 0.20843934 0.26453000
v -0.41902056 0.15543029 0.27981016
v -0.37034166 0.27865115 0.24020645
v -0.37487224 0.26480046 0.24232170
v -0.40981439 0.31129855 0.19410062
v -0.40438494 0.32366106 0.20431620
v -0.40461138 0.32127506 0.19083259
v -0.42542231 0.28430894 0.19775081
v -0.43237609 0.27209151 0.20826784
v -0.42636949 0.27679554 0.22558896
v -0.41954839 0.29159164 0.21337590
v -0.40343174 0.30283806 0.17181070
v -0.40865722 0.30774775 0.18158647
v -0.40195516 0.31746557 0.17896762
v -0.39551967 0.31233433 0.16962075
v -0.34776151 0.31689346 0.23987301
v -0.35534519 0.30613193 0.23932216
v -0.38938120 0.35016900 0.19786617
v -0.39734584 0.33550975 0.20118332
v -0.39488921 0.33547708 0.21420053
v -0.38605466 0.35036033 0.21138176
v -0.40205553 0.32485896 0.21743020
v -0.38850966 0.34866428 0.18494464
v -0.39756855 0.33359677 0.18804806
v -0.33542019 0.33399540 0.24108776
v -0.38647857 0.32479325 0.16729519
v -0.39375782 0.32992211 0.17634752
v -0.38415170 0.34511662 0.17322046
v -0.37569505 0.33924845 0.16431460
v -0.44659880 0.18504679 0.21009450
v -0.43815976 0.20166640 0.20058431
v -0.36834788 0.25137848 0.17871079
v -0.37883323 0.23739088 0.18036334
v -0.35911095 0.26453164 0.17795429
v -0.41035983 0.16878507 0.20775011
v -0.41976902 0.15234451 0.21465255
v -0.38909340 0.20399612 0.19754654
v -0.39980495 0.18603745 0.20218635
v -0.44511437 0.24008404 0.22868496
v -0.38596821 0.28970248 0.16458963
v -0.37532285 0.28324115 0.16520889
v -0.39645094 0.28110951 0.16608521
v -0.32436049 0.31879294 0.17722777
v -0.33509997 0.30309021 0.17754124
v -0.41062486 0.28403002 0.17033738
v -0.31014726 0.33863816 0.17674872
v -0.41793960 0.29538909 0.23141396
v -0.40122277 0.31566933 0.23409969
v -0.39602327 0.32438999 0.23046154
v -0.44235912 0.16233978 0.28034577
v -0.39185658 0.22893043 0.26155487
v -0.36797896 0.25912225 0.23007169
v -0.36257562 0.25255725 0.21780750
v -0.39559034 0.29633856 0.16567180
v -0.38664231 0.30597186 0.16375467
v -0.37643114 0.30005306 0.16312604
v -0.34382328 0.29981500 0.23016733
v -0.33566391 0.29383287 0.21831897
v -0.42826399 0.13633950 0.22273284
v -0.34244087 0.28499863 0.21775326
v -0.42207053 0.28041768 0.23995878
v -0.11982831 0.61859572 0.12437622
v -0.22181037 0.39973277 0.06558187
v -0.18083680 0.35936561 0.05937307
v -0.19585593 0.37138548 0.05504923
v -0.23289010 0.43493646 0.11672887
v -0.23493916 0.43915272 0.12587561
v -0.24688372 0.44300216 0.15387684
v -0.25067770 0.44581780 0.16287231
v -0.22254565 0.40923709 0.10753988
v -0.15548955 0.70783854 0.32477063
v -0.15474123 0.70311147 0.31889111
v -0.15683426 0.71907949 0.33178395
v -0.08761223 0.25138709 0.00865946
v -0.15411398 0.68932080 0.32841200
v -0.15238494 0.68307471 0.32230484
v -0.15707070 0.68579119 0.32590437
v -0.15336341 0.68949616 0.33042002
v -0.15332429 0.69023240 0.33144525
v -0.15713039 0.71528554 0.34186769
v -0.15328583 0.69577253 0.31404528
v -0.15157823 0.68719518 0.31085074
v -0.15519324 0.70049334 0.34034142
v -0.12135686 0.38199523 -0.18726481
v -0.09706364 0.38088590 -0.18781634
v -0.09716839 0.35750166 -0.20593138
v -0.12389361 0.35840234 -0.20487987
v -0.09776078 0.33434713 -0.22228999
v -0.22322226 0.29319212 -0.20689781
v -0.23974687 0.29448548 -0.18499653
v -0.23355833 0.31749609 -0.17581441
v -0.21887520 0.31905553 -0.19659944
v -0.23772201 0.32867587 -0.14765222
v -0.22658679 0.33654276 -0.16707660
v -0.24375370 0.31251284 -0.15323775
v -0.24804071 0.30322340 -0.12948109
v -0.24243850 0.31802180 -0.12575833
v -0.24654511 0.29124716 -0.10789415
v -0.24032158 0.30574223 -0.10406521
v -0.23935995 0.27986550 -0.08796719
v -0.22547331 0.26915553 -0.06887475
v -0.20672101 0.24635293 -0.04775406
v -0.18215659 0.24668692 -0.03459550
v -0.20461947 0.25907817 -0.05048765
v -0.13578732 0.22728075 -0.01336646
v -0.15852740 0.23583387 -0.02195191
v -0.09750058 0.21913245 -0.00285497
v -0.11534365 0.22224841 -0.00721188
v -0.16540319 0.48641604 0.22755092
v -0.18095052 0.60723305 0.21817890
v -0.19139233 0.60213017 0.21665245
v -0.19239211 0.58636296 0.23249905
v -0.22296795 0.59622997 0.16037065
v -0.22108653 0.59740889 0.18059513
v -0.20611085 0.60780263 0.16631633
v -0.20693919 0.60491109 0.14918384
v -0.17479506 0.61624241 0.20272814
v -0.16782647 0.61834300 0.20441172
v -0.18340850 0.61370492 0.19937599
v -0.15502638 0.62581372 0.17165551
v -0.17114577 0.62165076 0.18406984
v -0.22790650 0.56623340 0.23542726
v -0.23641017 0.57577288 0.21550073
v -0.24477908 0.56746751 0.21963826
v -0.23731294 0.55733049 0.23965725
v -0.24797544 0.57288432 0.16041064
v -0.24779847 0.56723320 0.14532381
v -0.25645545 0.55984831 0.15230867
v -0.25659630 0.56528491 0.16655520
v -0.26605284 0.52308881 0.24927923
v -0.27322969 0.53597677 0.23232301
v -0.28412145 0.52250177 0.23420465
v -0.27637345 0.50971615 0.24940480
v -0.25503910 0.56871134 0.18324746
v -0.19369131 0.56871349 0.04047716
v -0.21298400 0.56257373 0.05648485
v -0.22951135 0.55496311 0.07190795
v -0.25713781 0.53050917 0.11296033
v -0.25137839 0.53638780 0.10351074
v -0.25198504 0.52658105 0.09541402
v -0.26273364 0.52546716 0.12006949
v -0.27064985 0.51618695 0.12677394
v -0.23498577 0.43942302 0.22557096
v -0.22754955 0.44430745 0.22640859
v -0.23169506 0.46307081 0.24471608
v -0.28379992 0.48988497 0.14039572
v -0.27573025 0.50158888 0.13185716
v -0.27472940 0.49491239 0.12929764
v -0.28241971 0.48466182 0.13824792
v -0.21883899 0.57378888 0.23249409
v -0.28861722 0.52770412 0.21651135
v -0.27764946 0.54077661 0.21375656
v -0.28174466 0.54020709 0.19761431
v -0.29200664 0.52721524 0.20165288
v -0.29308075 0.52605879 0.18758860
v -0.28383380 0.53856659 0.18278995
v -0.28365770 0.53490126 0.16975610
v -0.29278800 0.52329218 0.17541470
v -0.28535220 0.49571204 0.14341643
v -0.27719259 0.50801700 0.13638067
v -0.27248564 0.47796375 0.25549358
v -0.23489264 0.52816808 0.25648353
v -0.22222382 0.50600410 0.25807273
v -0.21372497 0.51563168 0.25648671
v -0.22574335 0.53831553 0.25339603
v -0.26623017 0.44333330 0.15380251
v -0.25881431 0.43939689 0.16459221
v -0.27223930 0.44757086 0.14489327
v -0.27154323 0.48115271 0.12589733
v -0.27769822 0.45291793 0.13989846
v -0.24031493 0.42654353 0.20653781
v -0.24230605 0.43215266 0.22473505
v -0.21477482 0.48336112 0.24782959
v -0.20663473 0.49260783 0.24785745
v -0.28651017 0.49532199 0.24833742
v -0.29504564 0.50718677 0.23457393
v -0.29337806 0.47826755 0.14670117
v -0.29135740 0.47361848 0.14386714
v -0.30046767 0.46381921 0.14831147
v -0.26786134 0.49197286 0.11395968
v -0.27391857 0.48827052 0.12797669
v -0.24667951 0.54717219 0.24392992
v -0.29914668 0.51313823 0.21745825
v -0.30168986 0.51369393 0.20323274
v -0.27443588 0.54902911 0.17724706
v -0.27202243 0.55193573 0.19253549
v -0.26340070 0.56117392 0.18748194
v -0.26576984 0.55782670 0.17188126
v -0.30176306 0.51055741 0.18028966
v -0.30161226 0.50382781 0.17060538
v -0.26580173 0.55222875 0.15855350
v -0.27461758 0.54422516 0.16405979
v -0.29546121 0.48392501 0.14929998
v -0.19950444 0.50075364 0.24652945
v -0.19607718 0.47771060 0.23530629
v -0.18719468 0.48219705 0.23359022
v -0.21152017 0.46123344 0.23280701
v -0.20331445 0.47056895 0.23468250
v -0.21998852 0.45101178 0.22901976
v -0.17787695 0.48419368 0.23080397
v -0.40404364 0.28914398 0.16762057
v -0.29845393 0.45875055 0.14574565
v -0.30880046 0.44897053 0.14927472
v -0.30913717 0.45566779 0.15144807
v -0.34887996 0.41360885 0.17446347
v -0.07514721 0.57882082 0.39185959
v -0.07416954 0.58279568 0.39659584
v -0.07258216 0.59963202 0.40782899
v -0.07242222 0.60306764 0.40920210
v -0.41416341 0.30256325 0.19763254
v -0.41787136 0.29580435 0.19996230
v -0.43901247 0.25696176 0.21900895
v -0.43929145 0.24290216 0.24442631
v -0.43322551 0.26084670 0.23513880
v -0.40164620 0.25560552 0.26446888
v -0.38798440 0.25043485 0.25817460
v -0.36906365 0.23369308 0.21939033
v -0.41786128 0.23391375 0.18316588
v -0.43270200 0.12148494 0.29316548
v -0.44458294 0.12427340 0.29231399
v -0.44518495 0.10507703 0.29864663
v -0.43346503 0.10203491 0.29776087
v -0.43432018 0.08360031 0.30309206
v -0.42770970 0.07941185 0.29609060
v -0.42537120 0.09766173 0.29220134
v -0.42658964 0.07615370 0.28697413
v -0.42232519 0.09395833 0.28339836
v -0.42928010 0.07395773 0.27756295
v -0.43479583 0.07192904 0.26996189
v -0.42798838 0.08886664 0.26560628
v -0.42345619 0.09130442 0.27403522
v -0.42645305 0.10424019 0.25246134
v -0.43456432 0.08680761 0.25817996
v -0.44243822 0.08601646 0.25195217
v -0.43412322 0.10273336 0.24464574
v -0.46788388 0.07419688 0.25787640
v -0.47432610 0.07790148 0.26192155
v -0.46917495 0.09419812 0.25238463
v -0.46164843 0.09017728 0.24802703
v -0.47141692 0.12009881 0.25938004
v -0.46891737 0.11590351 0.24972968
v -0.47363105 0.09850749 0.25999376
v -0.47560671 0.10277621 0.26930648
v -0.48064396 0.08753438 0.27876520
v -0.47704008 0.08986548 0.28861013
v -0.47384447 0.10569108 0.27869785
v -0.43029913 0.15957913 0.28274781
v -0.43190557 0.14048928 0.28782615
v -0.42130774 0.13627481 0.28375167
v -0.41766623 0.10950977 0.27022249
v -0.41203088 0.12796032 0.26640972
v -0.41460192 0.13203922 0.27611598
v -0.41839853 0.11297050 0.27977508
v -0.41749114 0.13584296 0.23014179
v -0.41841680 0.12152123 0.24645437
v -0.42592481 0.11949408 0.23736048
v -0.42085597 0.10661456 0.26114976
v -0.41377288 0.12451011 0.25634044
v -0.44407162 0.10372996 0.23935871
v -0.45204407 0.08736686 0.24828742
v -0.45603502 0.12503150 0.28746736
v -0.46543548 0.12501094 0.27980781
v -0.46672222 0.10653089 0.28777912
v -0.45692849 0.10646893 0.29467505
v -0.43622237 0.12017450 0.23126754
v -0.46388596 0.14391628 0.27182913
v -0.45510605 0.14426114 0.28040308
v -0.47083911 0.12324350 0.26996857
v -0.46794996 0.14152743 0.26104575
v -0.45768517 0.08912918 0.30213764
v -0.44570115 0.08701004 0.30524993
v -0.44385779 0.14305088 0.28660530
v -0.45461425 0.10677537 0.23833701
v -0.46345446 0.11124408 0.24238195
v -0.45752680 0.12818016 0.23240173
v -0.44754666 0.12330215 0.22936168
v -0.46375862 0.15620112 0.23994826
v -0.46423033 0.13314885 0.23997270
v -0.46766570 0.13783243 0.24972939
v -0.47908372 0.08284120 0.26927844
v -0.46496993 0.16065972 0.25182039
v -0.45681798 -0.00092706 0.31031173
v -0.45193455 0.00459082 0.30353826
v -0.44373500 -0.00143760 0.30843031
v -0.44927549 -0.00630787 0.31506678
v -0.42914149 0.00913577 0.29458821
v -0.42096180 0.01772301 0.29620171
v -0.41603816 0.00895977 0.30447885
v -0.42305171 0.00180547 0.30319604
v -0.44278911 -0.00882259 0.32110012
v -0.43732986 -0.00532642 0.31385830
v -0.43805492 -0.00589526 0.32576072
v -0.44481784 -0.00813290 0.33458871
v -0.44674557 -0.01213935 0.32836089
v -0.44912422 -0.01218238 0.34089941
v -0.44800532 0.00270499 0.33913937
v -0.45469105 -0.00568271 0.34531564
v -0.47224221 0.01537837 0.33631372
v -0.48156077 0.01843511 0.33137375
v -0.48544365 0.00620411 0.33793068
v -0.47524947 0.00287379 0.34226763
v -0.49955979 0.01175337 0.32291436
v -0.49309099 0.00830567 0.33126938
v -0.48826814 0.02094421 0.32552874
v -0.49434662 0.02356078 0.31840733
v -0.46912646 0.00703563 0.30365750
v -0.46599087 0.01379286 0.29673401
v -0.46036524 0.01063409 0.29965359
v -0.46408522 0.00460808 0.30639535
v -0.42824835 -0.00339130 0.32920152
v -0.43569064 0.00527522 0.33121592
v -0.43804356 -0.00108860 0.33123517
v -0.42931086 -0.00650734 0.32726917
v -0.46754944 0.03007630 0.27350846
v -0.46313322 0.04108733 0.27008539
v -0.45536342 0.04038082 0.27417803
v -0.46056780 0.03062253 0.27683926
v -0.43094546 0.03299724 0.28442240
v -0.43707398 0.03994739 0.28190178
v -0.42918700 0.04923405 0.29069042
v -0.42594379 0.04201163 0.29464519
v -0.42576531 0.02572285 0.28910059
v -0.42219049 0.03491867 0.29839331
v -0.41864681 0.02572876 0.30396402
v -0.41429496 0.01516981 0.31101850
v -0.47310087 0.04386252 0.26758718
v -0.47804940 0.03622141 0.26893127
v -0.46473551 -0.05623072 0.35609972
v -0.46951139 -0.05731326 0.35313305
v -0.46762502 -0.05252713 0.35106313
v -0.46279070 -0.05135816 0.35405299
v -0.49049887 0.04778357 0.27947813
v -0.49107268 0.05139208 0.28867322
v -0.48871022 0.05632260 0.28413671
v -0.48636234 0.05217062 0.27545774
v -0.49606681 0.04167964 0.28390139
v -0.49454448 0.04493472 0.29431051
v -0.46792209 -0.05171674 0.36733347
v -0.46383718 -0.05308604 0.36441326
v -0.46277848 -0.04764599 0.36257821
v -0.46722248 -0.04605207 0.36536625
v -0.45253554 -0.01166186 0.32148555
v -0.45977151 -0.00723633 0.31650871
v -0.46057713 -0.02450222 0.33095813
v -0.46208301 -0.01530722 0.32310301
v -0.45373553 -0.01728508 0.32780671
v -0.45468360 -0.02294883 0.33404493
v -0.47869369 -0.00713414 0.31286412
v -0.47565597 0.00108401 0.30748507
v -0.47004607 -0.00260264 0.31231433
v -0.47311988 -0.01115113 0.31756109
v -0.48510510 0.00253123 0.29888096
v -0.48868161 -0.00490561 0.30439404
v -0.49385232 -0.00436184 0.29965112
v -0.49006355 0.00210464 0.29499424
v -0.49044693 -0.02033103 0.31858411
v -0.49410126 -0.02644795 0.32499814
v -0.49875072 -0.02466244 0.32229218
v -0.49505660 -0.01919180 0.31542978
v -0.48679814 0.06173243 0.28019685
v -0.48309761 0.05769818 0.27209944
v -0.51096052 0.01591896 0.30598801
v -0.51252723 0.01566613 0.29569805
v -0.51824641 0.00725085 0.29784787
v -0.51616615 0.00762804 0.30836999
v -0.48780671 0.05311418 0.29862013
v -0.48607004 0.05910502 0.29436380
v -0.47382820 -0.05118030 0.36772740
v -0.47312048 -0.04541716 0.36583453
v -0.42423695 0.03088723 0.31236935
v -0.41897154 0.01913288 0.31856650
v -0.42804566 0.04064170 0.30743864
v -0.43022555 0.04779398 0.30432725
v -0.43029538 0.05534284 0.30184945
v -0.46813941 -0.01868403 0.32415175
v -0.46515289 -0.00135186 0.31162703
v -0.47257993 0.00845231 0.30072880
v -0.49615496 0.00993387 0.28210360
v -0.49343798 0.01599005 0.27824938
v -0.48551011 0.01214619 0.28314495
v -0.49031001 0.00783294 0.28655881
v -0.51045847 0.01176831 0.28739220
v -0.50552356 0.00672968 0.28548074
v -0.50969678 -0.00006329 0.28924185
v -0.51538575 0.00394173 0.29042155
v -0.42488825 -0.00063963 0.33125132
v -0.43062273 0.00997832 0.32974595
v -0.48646697 0.04243606 0.27187577
v -0.48111400 0.04797870 0.26946682
v -0.47689864 0.05403365 0.26775682
v -0.46365690 0.02198279 0.28592011
v -0.45598453 0.03050415 0.27878854
v -0.45014915 0.02830967 0.28066611
v -0.45990473 0.02034552 0.28824171
v -0.44543415 0.00941944 0.29445839
v -0.43640777 0.01689214 0.28754282
v -0.43735978 0.00246534 0.30046022
v -0.44773385 0.04017971 0.27701408
v -0.45208916 0.04910868 0.27244765
v -0.44388527 0.04913622 0.27639633
v -0.46083742 0.04977600 0.26895195
v -0.46962440 0.05128090 0.26699191
v -0.44855031 0.05802694 0.26941538
v -0.44047818 0.05870610 0.27386612
v -0.45754752 0.05861670 0.26603594
v -0.46602657 0.05980080 0.26440462
v -0.48388124 0.07594162 0.28637171
v -0.48351002 0.07100642 0.27580351
v -0.48508850 0.06630069 0.29061729
v -0.42904601 0.06124410 0.28957319
v -0.43585989 0.04944161 0.28243893
v -0.43393496 0.05949135 0.28067812
v -0.42952108 0.06517816 0.29939628
v -0.41900104 -0.00292230 0.30927673
v -0.41569969 -0.00819662 0.31428027
v -0.42230180 -0.01061404 0.31671754
v -0.42607459 -0.00563866 0.31295246
v -0.45319331 -0.01742908 0.34572738
v -0.45144796 -0.02099431 0.33980566
v -0.44922131 -0.01590845 0.33436102
v -0.47540629 0.02330646 0.27566728
v -0.48452067 0.02886444 0.27134091
v -0.46642113 -0.02594638 0.33040637
v -0.46584365 -0.03950378 0.36261272
v -0.46121234 -0.04148081 0.35968274
v -0.45806816 -0.03098419 0.35385057
v -0.46309036 -0.02889165 0.35746524
v -0.47319978 -0.03103900 0.33679986
v -0.46689150 -0.03080603 0.33536568
v -0.46845236 -0.03732628 0.33959106
v -0.47444892 -0.03685862 0.34209710
v -0.50299257 -0.02225643 0.31628966
v -0.50020123 -0.01785493 0.31068891
v -0.47774979 -0.01155439 0.34455472
v -0.46753126 -0.01009324 0.34969112
v -0.46444643 0.00036301 0.34589630
v -0.48401141 -0.00554186 0.30854028
v -0.48722789 -0.01323986 0.31336099
v -0.49195513 -0.01246503 0.30976784
v -0.47151265 -0.02084228 0.32526600
v -0.47144836 -0.02587932 0.32985955
v -0.47651446 -0.02324069 0.32668418
v -0.47525650 -0.01744655 0.32159323
v -0.50692862 0.02539676 0.29263937
v -0.50439489 0.01979540 0.28189629
v -0.46284440 -0.05461600 0.36026949
v -0.46115407 -0.04958749 0.35845363
v -0.47946745 0.06591567 0.26840618
v -0.47286257 0.06194067 0.26483682
v -0.48017061 0.00240360 0.30324239
v -0.46094346 0.01126851 0.33940047
v -0.47613424 0.00932668 0.29706526
v -0.51077652 -0.00661981 0.32074282
v -0.51305044 -0.00946325 0.31401604
v -0.51280504 -0.01574248 0.31824791
v -0.51317960 -0.01283395 0.32415891
v -0.47719559 -0.04537594 0.34912533
v -0.47141996 -0.04671180 0.34682721
v -0.47373709 -0.05229014 0.35078818
v -0.47904083 -0.05082235 0.35304466
v -0.46128458 -0.02951163 0.33595648
v -0.45631185 -0.02796027 0.33897558
v -0.45821086 -0.03516006 0.34367049
v -0.46274945 -0.03670418 0.34027621
v -0.45434424 -0.02599457 0.34417704
v -0.45648479 -0.03315848 0.34883893
v -0.48049930 -0.04274714 0.35434768
v -0.47822326 -0.03981793 0.35996401
v -0.47632167 -0.02973598 0.35420173
v -0.47787613 -0.03409973 0.34814680
v -0.48927397 0.03473198 0.31364366
v -0.49489790 0.03606293 0.30676863
v -0.50047284 0.02498329 0.31065577
v -0.50617689 0.01395787 0.31440741
v -0.50998122 0.00236686 0.31641749
v -0.50389975 0.00087194 0.32690316
v -0.50473064 0.02613942 0.30321664
v -0.48013127 -0.02446213 0.34156710
v -0.47574604 -0.02196008 0.34765765
v -0.48273116 -0.02023152 0.34503525
v -0.48153502 0.00948443 0.29162318
v -0.45942298 -0.04360914 0.35540751
v -0.44838226 0.05480526 0.31584448
v -0.46045986 0.05758335 0.31520638
v -0.46377808 0.04887061 0.31888363
v -0.44926375 0.04653761 0.31895477
v -0.46564379 -0.04672804 0.34739000
v -0.46092385 -0.04580694 0.35047734
v -0.50613099 -0.01685339 0.30785364
v -0.50763369 -0.02058271 0.31359607
v -0.51182419 -0.01918837 0.31376943
v -0.51211578 -0.01569378 0.30900431
v -0.49914926 0.03646655 0.29952484
v -0.52205575 0.00053565 0.29937288
v -0.52053708 0.00223814 0.30943030
v -0.49066547 0.04591346 0.30276898
v -0.48482031 0.04509456 0.30987290
v -0.48138064 0.05323483 0.30694413
v -0.49640125 -0.00658923 0.33522731
v -0.48365730 0.03272185 0.31989348
v -0.47926629 0.04338139 0.31547776
v -0.47410712 0.05218488 0.31259468
v -0.47124389 0.05957067 0.31008422
v -0.47926262 0.06018856 0.30385384
v -0.47220665 -0.03876829 0.36312228
v -0.47898996 -0.04628432 0.36298269
v -0.47793224 0.06823426 0.30036572
v -0.47801116 0.07811208 0.29618150
v -0.46870497 0.07764150 0.30254483
v -0.46939957 0.06767286 0.30688381
v -0.47194934 0.04087231 0.32045466
v -0.46400428 0.03838322 0.32439962
v -0.47716004 0.03027277 0.32517993
v -0.46869999 0.02697536 0.32993567
v -0.48829105 -0.00606233 0.34263352
v -0.48333809 -0.06139088 0.36431286
v -0.48195803 -0.05402273 0.36054975
v -0.48077470 -0.05601519 0.35589528
v -0.48278853 -0.06310436 0.36018407
v -0.48124361 -0.04853913 0.35774076
v -0.47956902 -0.05197170 0.36520565
v -0.45694229 0.02262008 0.33279067
v -0.47861069 -0.02816892 0.33310038
v -0.44920707 0.03392036 0.32465953
v -0.44495219 0.01458390 0.33478636
v -0.43839991 0.02175558 0.32884815
v -0.43663034 0.04437977 0.31506884
v -0.43371108 0.03457770 0.31884557
v -0.43724272 0.05960287 0.30931950
v -0.43753937 0.05199343 0.31191176
v -0.43601629 0.06954156 0.30664283
v -0.42782483 0.02219425 0.32410601
v -0.46725491 -0.06332710 0.35842392
v -0.47245947 -0.06406891 0.35583359
v -0.44738880 0.06277904 0.31296945
v -0.44643080 0.07271650 0.30975595
v -0.43095157 -0.00267327 0.30739361
v -0.47567269 0.01578370 0.28628021
v -0.47192124 0.01570563 0.29079086
v -0.48985636 0.02180928 0.27462751
v -0.48090562 0.01680990 0.27961454
v -0.45814314 0.07578540 0.30798382
v -0.44221303 0.07018025 0.26396170
v -0.45094824 0.07063651 0.25987405
v -0.46828094 0.08994038 0.29602271
v -0.46506733 -0.06217369 0.36270541
v -0.49824437 -0.02575824 0.33059311
v -0.50023574 -0.02399969 0.32969099
v -0.41266006 0.00228420 0.31058457
v -0.41075727 -0.00446314 0.31625426
v -0.41263887 0.00036716 0.32677895
v -0.40996361 -0.00174749 0.32111269
v -0.41113254 0.00668015 0.31639475
v -0.41484877 0.00966007 0.32304978
v -0.46664861 0.02222870 0.28358275
v -0.47057849 0.02207829 0.28053498
v -0.50150359 0.03422055 0.28851309
v -0.49913058 0.02874148 0.27844232
v -0.45601529 -0.02321148 0.34951764
v -0.45888382 -0.01339707 0.34935379
v -0.46138272 -0.02047065 0.35275149
v -0.47004160 -0.02786124 0.35770452
v -0.47897762 -0.02800953 0.33910668
v -0.47655725 -0.02891040 0.34287369
v -0.44364947 0.02343436 0.28328812
v -0.45371667 0.01606216 0.29091635
v -0.43220624 -0.00654298 0.31830195
v -0.42830819 -0.00903425 0.32220659
v -0.48116049 -0.01444948 0.31726307
v -0.49687326 -0.01712260 0.34101832
v -0.49029553 -0.01568487 0.34613413
v -0.48341417 -0.02090377 0.32226238
v -0.46974379 -0.05969122 0.36993873
v -0.46586639 -0.06107950 0.36683893
v -0.46896788 -0.01897717 0.35300404
v -0.49735162 -0.01150683 0.30490127
v -0.50102329 -0.01471514 0.33361882
v -0.49895000 -0.02152246 0.33612055
v -0.51814276 -0.00133055 0.29335666
v -0.45901501 0.06569259 0.31192079
v -0.47590744 -0.05727679 0.35283437
v -0.47871754 -0.06407174 0.35598597
v -0.48082769 -0.05961236 0.36785442
v -0.47550246 -0.05880049 0.37017477
v -0.49308980 0.03609273 0.27502716
v -0.46905571 0.01513614 0.29407275
v -0.46007058 0.07192396 0.25768387
v -0.42224771 0.01146977 0.32796499
v -0.41868052 0.00083782 0.33081651
v -0.48587993 -0.02669245 0.32749116
v -0.51573664 -0.00270826 0.31350350
v -0.50725514 -0.00684437 0.32955608
v -0.51023781 -0.01245666 0.33183539
v -0.50481421 -0.01701319 0.33514255
v -0.50275230 -0.02217931 0.33357424
v -0.48223019 -0.06543517 0.37029222
v -0.47706077 -0.06489101 0.37267321
v -0.47147083 -0.06601676 0.37266251
v -0.46774578 -0.06703317 0.36920938
v -0.46708435 -0.06747639 0.36479133
v -0.48448470 -0.06696746 0.36700058
v -0.48384798 -0.06828451 0.36287272
v -0.48001540 -0.06890976 0.35871056
v -0.48568043 -0.07189834 0.36876816
v -0.48365045 -0.07146487 0.37262076
v -0.47358218 -0.07819089 0.37616688
v -0.47347271 -0.07248530 0.37528005
v -0.47649533 -0.07479328 0.37630278
v -0.47684219 -0.07818967 0.37740958
v -0.47810146 -0.08218458 0.37851644
v -0.47525698 -0.08278921 0.37676090
v -0.47949007 -0.07351771 0.37569326
v -0.48087457 -0.07726181 0.37718606
v -0.48428127 -0.07717308 0.37514061
v -0.48557919 -0.08104807 0.37657720
v -0.48229831 -0.08131391 0.37860912
v -0.48260903 -0.07394585 0.37446550
v -0.47849038 -0.07010809 0.37463957
v -0.47816482 -0.08615589 0.37746638
v -0.47948661 -0.08485919 0.37917972
v -0.48313037 -0.08507395 0.37944990
v -0.48286954 -0.08736756 0.37757552
v -0.46961302 -0.07221287 0.37120861
v -0.47172421 -0.07830480 0.37285858
v -0.47430941 -0.08341157 0.37382564
v -0.47770086 -0.08692759 0.37457234
v -0.47200280 -0.07913530 0.36930037
v -0.47521037 -0.08390951 0.37085286
v -0.47830164 -0.08669305 0.37166488
v -0.47431558 -0.08011389 0.36615160
v -0.47720486 -0.08435237 0.36859325
v -0.47111008 -0.07305557 0.36294621
v -0.46898577 -0.07239246 0.36684853
v -0.47902399 -0.08615837 0.36999977
v -0.48245293 -0.08791852 0.37456015
v -0.48620602 -0.07675520 0.37287766
v -0.48729119 -0.08140206 0.37428606
v -0.48705816 -0.07732576 0.37021202
v -0.48776364 -0.08220354 0.37175521
v -0.48685336 -0.08536068 0.37610549
v -0.48606688 -0.08408093 0.37797827
v -0.46926916 -0.06813544 0.36046153
v -0.47454244 -0.06870681 0.35828716
v -0.47609752 -0.07364559 0.36060253
v -0.47876400 -0.08045036 0.36373788
v -0.48130760 -0.07333332 0.36113179
v -0.48496079 -0.07294729 0.36487979
v -0.48624641 -0.07814956 0.36726087
v -0.48354083 -0.07926166 0.36437666
v -0.48668081 -0.08290270 0.36919451
v -0.48434696 -0.08372572 0.36742771
v -0.48069820 -0.08452502 0.36732662
v -0.48547745 -0.08617136 0.37082690
v -0.48656097 -0.08613816 0.37343138
v -0.48210445 -0.08739385 0.37184677
v -0.48406848 -0.08573845 0.36932015
v -0.48156437 -0.08627510 0.36970061
v -0.49638671 -0.05869317 0.35031235
v -0.50095302 -0.05872783 0.34723407
v -0.49817824 -0.05225435 0.34507546
v -0.49366555 -0.05234888 0.34800628
v -0.49691108 -0.05283841 0.36160505
v -0.49358031 -0.05591184 0.35790360
v -0.49129274 -0.04957989 0.35627678
v -0.49491805 -0.04646254 0.35985911
v -0.50297040 -0.05053741 0.36113399
v -0.50136358 -0.04414317 0.35924855
v -0.49215144 -0.03942335 0.35708392
v -0.48852494 -0.04271385 0.35335666
v -0.48405173 -0.03174621 0.34607583
v -0.48684779 -0.02834707 0.35030004
v -0.49540481 -0.03357726 0.33190218
v -0.49982283 -0.03212395 0.33463222
v -0.49371982 -0.05800110 0.35388964
v -0.49125534 -0.05165407 0.35184875
v -0.50413406 -0.04289544 0.34177321
v -0.49992219 -0.04481891 0.33996078
v -0.50291419 -0.05150095 0.34394789
v -0.50700104 -0.04976586 0.34550470
v -0.48446262 -0.03440809 0.33713233
v -0.48945019 -0.03416362 0.33326751
v -0.48337972 -0.03368253 0.34171158
v -0.50651360 -0.04016796 0.34614146
v -0.50509870 -0.03773585 0.35180461
v -0.50010085 -0.02604580 0.34633490
v -0.50197226 -0.02913496 0.34033638
v -0.48833293 -0.04476005 0.34858942
v -0.49480641 -0.04553777 0.34100962
v -0.49033779 -0.04571640 0.34421480
v -0.49892378 -0.03701040 0.35649487
v -0.50736326 -0.04497167 0.35438034
v -0.51319522 -0.06164211 0.35600138
v -0.51065546 -0.05347180 0.35211504
v -0.50972301 -0.05588889 0.34805489
v -0.51294440 -0.06422153 0.35219276
v -0.50866413 -0.04745701 0.34930116
v -0.50876385 -0.05117762 0.35690436
v -0.50028265 -0.06789887 0.35360831
v -0.50504112 -0.06773672 0.35081851
v -0.49745515 -0.06708711 0.35696715
v -0.49398643 -0.02511591 0.35120049
v -0.49999991 -0.06179047 0.36421242
v -0.49722955 -0.06499085 0.36056942
v -0.50583577 -0.05791420 0.34612355
v -0.50970107 -0.06638792 0.34979177
v -0.51106554 -0.05954957 0.36035103
v -0.50559109 -0.05908841 0.36402613
v -0.51323444 -0.06659344 0.36271811
v -0.50820309 -0.06650382 0.36608967
v -0.50288987 -0.06893206 0.36656177
v -0.50005513 -0.07131940 0.36282527
v -0.50030732 -0.07258582 0.35914028
v -0.51524520 -0.06803495 0.35881433
v -0.51492411 -0.06969297 0.35522020
v -0.51187938 -0.07136279 0.35251734
v -0.51771963 -0.07416028 0.36119273
v -0.51623470 -0.07364491 0.36532053
v -0.50995201 -0.08675313 0.37122631
v -0.50738698 -0.08171442 0.37019569
v -0.51065075 -0.08118457 0.37104794
v -0.51238859 -0.08549708 0.37292576
v -0.50626874 -0.07576022 0.36915922
v -0.50991809 -0.07771873 0.37005103
v -0.51285720 -0.07654059 0.36926675
v -0.51473600 -0.08006322 0.37092060
v -0.51789677 -0.07980812 0.36837107
v -0.52000099 -0.08379135 0.37016386
v -0.51683635 -0.08429673 0.37313110
v -0.51584971 -0.07650536 0.36756861
v -0.51445735 -0.08864057 0.37403625
v -0.51387399 -0.09017020 0.37207878
v -0.51104218 -0.07265320 0.36814213
v -0.50261647 -0.07659283 0.36519778
v -0.50550878 -0.08256292 0.36699691
v -0.50924987 -0.08774137 0.36813432
v -0.51372069 -0.09106165 0.36882898
v -0.50599200 -0.08368933 0.36324567
v -0.50994611 -0.08858767 0.36499387
v -0.51395148 -0.09101957 0.36611810
v -0.50840920 -0.08435094 0.35970426
v -0.51198977 -0.08894458 0.36244124
v -0.50492871 -0.07735163 0.35727632
v -0.50256962 -0.07713896 0.36099511
v -0.51433486 -0.09048495 0.36421216
v -0.51884001 -0.09085852 0.37247688
v -0.51836830 -0.09160489 0.36920792
v -0.51860189 -0.08860230 0.37497497
v -0.51900995 -0.07975012 0.36588684
v -0.52104068 -0.08424509 0.36764035
v -0.52020001 -0.07988220 0.36339566
v -0.52203757 -0.08487836 0.36554074
v -0.52194184 -0.08822763 0.37027383
v -0.52124965 -0.08704144 0.37213308
v -0.50281286 -0.07292929 0.35575187
v -0.50721741 -0.07251605 0.35310802
v -0.50927728 -0.07708523 0.35450789
v -0.51277852 -0.08403850 0.35710102
v -0.51375377 -0.07567376 0.35430500
v -0.51707822 -0.07487673 0.35749245
v -0.51958066 -0.08080104 0.36025435
v -0.51703870 -0.08233353 0.35745543
v -0.52112174 -0.08573544 0.36292750
v -0.51891768 -0.08695385 0.36059523
v -0.51539516 -0.08836010 0.36046207
v -0.52073789 -0.08941773 0.36498708
v -0.52197421 -0.08915073 0.36774015
v -0.51762050 -0.09127921 0.36602762
v -0.51920378 -0.08935472 0.36292601
v -0.51683307 -0.09031734 0.36346346
v -0.51596004 -0.04854885 0.33465868
v -0.51895952 -0.04833314 0.33017802
v -0.51645094 -0.04286095 0.32887658
v -0.51338267 -0.04342791 0.33325475
v -0.51963770 -0.04301730 0.34375149
v -0.51717436 -0.04530993 0.34250921
v -0.51397943 -0.04003045 0.34114695
v -0.51636124 -0.03685677 0.34272301
v -0.52409142 -0.04087427 0.34236252
v -0.52122533 -0.03420404 0.34083843
v -0.51317412 -0.03106484 0.34115684
v -0.51055336 -0.03494218 0.33918637
v -0.50582057 -0.02694747 0.33499268
v -0.50845420 -0.02270541 0.33764887
v -0.51597095 -0.04738998 0.33920741
v -0.51296872 -0.04231173 0.33769506
v -0.51992977 -0.03421527 0.32372016
v -0.51678813 -0.03607276 0.32356966
v -0.52020252 -0.04153350 0.32651311
v -0.52318126 -0.03974450 0.32678896
v -0.50444967 -0.02906781 0.32542819
v -0.50717771 -0.02797535 0.32071999
v -0.50445110 -0.02890381 0.33047438
v -0.52257061 -0.03136477 0.32730830
v -0.52263135 -0.02821976 0.33314347
v -0.51744139 -0.01958025 0.32833645
v -0.51665819 -0.02248198 0.32233858
v -0.50965410 -0.03748211 0.33540434
v -0.51286632 -0.03777310 0.32581222
v -0.50997066 -0.03839704 0.33062422
v -0.51828563 -0.02791277 0.33873457
v -0.52531147 -0.03430429 0.33542705
v -0.53260022 -0.05129069 0.33597291
v -0.52835160 -0.04257068 0.33209264
v -0.52644676 -0.04512170 0.32838714
v -0.53125030 -0.05345297 0.33236021
v -0.52567148 -0.03701130 0.32979220
v -0.52794045 -0.04068100 0.33764648
v -0.52055264 -0.05674380 0.33698094
v -0.52352220 -0.05648297 0.33279681
v -0.52034044 -0.05562136 0.34115070
v -0.51380384 -0.01927119 0.33501887
v -0.51429886 -0.02517781 0.31799126
v -0.52384931 -0.05209309 0.34587151
v -0.52150524 -0.05397859 0.34447652
v -0.52303046 -0.04694495 0.32765085
v -0.52779490 -0.05513197 0.33082640
v -0.53184062 -0.04968014 0.34079733
v -0.52797866 -0.04979295 0.34498709
v -0.53476739 -0.05569801 0.34278765
v -0.53087270 -0.05605429 0.34672636
v -0.52689588 -0.05832779 0.34794524
v -0.52443731 -0.06003755 0.34589893
v -0.52331203 -0.06109288 0.34242550
v -0.53553325 -0.05735698 0.33830190
v -0.53398466 -0.05891937 0.33515888
v -0.53039187 -0.05995387 0.33314455
v -0.53785712 -0.06174931 0.33970407
v -0.53711259 -0.06125242 0.34438241
v -0.53356874 -0.07433692 0.35205132
v -0.53120017 -0.07009313 0.35086548
v -0.53346509 -0.06939924 0.35073608
v -0.53551102 -0.07310072 0.35242891
v -0.52983361 -0.06417587 0.34967524
v -0.53247130 -0.06594989 0.34997427
v -0.53487504 -0.06419557 0.34884307
v -0.53688008 -0.06772047 0.35024798
v -0.53903788 -0.06685707 0.34665069
v -0.54106790 -0.07053059 0.34809655
v -0.53888744 -0.07156333 0.35165465
v -0.53727531 -0.06377837 0.34663638
v -0.53737235 -0.07545322 0.35325629
v -0.53655440 -0.07707375 0.35254514
v -0.53326672 -0.06096366 0.34802786
v -0.52659845 -0.06517786 0.34723270
v -0.52896988 -0.07077080 0.34860748
v -0.53203779 -0.07551351 0.34983408
v -0.53539354 -0.07801694 0.34988657
v -0.52828360 -0.07122943 0.34506178
v -0.53138840 -0.07584009 0.34643215
v -0.53447354 -0.07795089 0.34669983
v -0.52892613 -0.07115716 0.34135890
v -0.53210789 -0.07557231 0.34333730
v -0.52604604 -0.06551108 0.33967507
v -0.52550924 -0.06562826 0.34349877
v -0.53424358 -0.07721111 0.34453875
v -0.54037672 -0.07691437 0.35112500
v -0.53947443 -0.07796958 0.34812620
v -0.54045272 -0.07479909 0.35265583
v -0.53989071 -0.06629860 0.34414065
v -0.54171914 -0.07056376 0.34556383
v -0.53974366 -0.06679574 0.34114963
v -0.54147410 -0.07138696 0.34315926
v -0.54240257 -0.07410800 0.34793544
v -0.54203594 -0.07325765 0.34965673
v -0.52371520 -0.06138572 0.33848932
v -0.52627397 -0.06080496 0.33480155
v -0.52845246 -0.06485447 0.33630264
v -0.53157359 -0.07075697 0.33818054
v -0.53224337 -0.06388572 0.33472782
v -0.53582203 -0.06305113 0.33670482
v -0.53821224 -0.06793857 0.33859688
v -0.53527135 -0.06930697 0.33697605
v -0.54010469 -0.07235640 0.34093249
v -0.53772265 -0.07365236 0.33961725
v -0.53451771 -0.07506219 0.34073585
v -0.54030788 -0.07564780 0.34325176
v -0.54180539 -0.07502314 0.34546673
v -0.53795117 -0.07780895 0.34533501
v -0.53854614 -0.07571802 0.34174770
v -0.53639668 -0.07696608 0.34314591
v -0.51090181 -0.02639189 0.31822371
v -0.53205025 -0.02872774 0.31033731
v -0.53328747 -0.02789953 0.30658841
v -0.53024668 -0.02432555 0.30611765
v -0.52908570 -0.02500153 0.30960879
v -0.53727305 -0.02376139 0.31822360
v -0.53425145 -0.02653226 0.31747651
v -0.53070492 -0.02255911 0.31697869
v -0.53380668 -0.01937473 0.31800181
v -0.54069901 -0.02117014 0.31492925
v -0.53743690 -0.01663139 0.31451201
v -0.52922332 -0.01504546 0.31695011
v -0.52613103 -0.01861802 0.31599364
v -0.51923180 -0.01227403 0.31363413
v -0.52173722 -0.00786436 0.31494123
v -0.52031118 -0.00550008 0.29574192
v -0.51669091 -0.00815162 0.29613161
v -0.52181578 -0.01307684 0.29865605
v -0.52473491 -0.01030159 0.29744130
v -0.53254020 -0.02828708 0.31428474
v -0.52915198 -0.02452251 0.31362563
v -0.53136891 -0.01713988 0.30038887
v -0.52856416 -0.01971793 0.30167037
v -0.53236282 -0.02293950 0.30328456
v -0.53511888 -0.02080753 0.30205834
v -0.51382273 -0.01087672 0.29876423
v -0.51185495 -0.01355627 0.30294627
v -0.51774371 -0.01571736 0.30555129
v -0.51951653 -0.01511338 0.30160499
v -0.51810044 -0.01505992 0.30948171
v -0.53384638 -0.01420441 0.30206531
v -0.53484070 -0.01212814 0.30713838
v -0.52785105 -0.00430402 0.30374059
v -0.52696145 -0.00727966 0.29926202
v -0.52509314 -0.02091908 0.31237531
v -0.52636367 -0.02111995 0.30465758
v -0.52495795 -0.02176180 0.30857825
v -0.53304207 -0.01199538 0.31346324
v -0.53886122 -0.01663664 0.30862117
v -0.54531264 -0.02761528 0.30533445
v -0.54103017 -0.02198461 0.30436081
v -0.53851873 -0.02419412 0.30219182
v -0.54300535 -0.02932423 0.30319875
v -0.53772295 -0.01834121 0.30377829
v -0.54201025 -0.02079645 0.30917260
v -0.53627479 -0.03405893 0.31144440
v -0.53728580 -0.03302133 0.30732208
v -0.53682315 -0.03354695 0.31513786
v -0.52589536 -0.00382605 0.31164047
v -0.54134035 -0.02967966 0.31883404
v -0.53857619 -0.03220049 0.31799424
v -0.53551912 -0.02639994 0.30358237
v -0.53992552 -0.03132379 0.30426669
v -0.54608542 -0.02664801 0.31004626
v -0.54448086 -0.02712554 0.31566045
v -0.54966825 -0.03129968 0.31100583
v -0.54802150 -0.03167009 0.31660151
v -0.54451782 -0.03423303 0.31952071
v -0.54148477 -0.03627834 0.31864560
v -0.53983492 -0.03699967 0.31577441
v -0.54875660 -0.03225121 0.30641490
v -0.54621029 -0.03353524 0.30470347
v -0.54303783 -0.03481287 0.30562177
v -0.55109918 -0.03620279 0.30794892
v -0.55237484 -0.03590313 0.31259811
v -0.55100560 -0.04744029 0.32085899
v -0.54878563 -0.04390857 0.32062125
v -0.55079144 -0.04299220 0.32012987
v -0.55248654 -0.04603869 0.32095969
v -0.54748380 -0.03871620 0.31994697
v -0.54972023 -0.03990299 0.31961733
v -0.55149931 -0.03816941 0.31777820
v -0.55318731 -0.04099876 0.31867212
v -0.55489433 -0.04052407 0.31510803
v -0.55669940 -0.04372758 0.31568325
v -0.55530179 -0.04411638 0.31961882
v -0.55313885 -0.03783876 0.31518200
v -0.55434525 -0.04789767 0.32149121
v -0.55369657 -0.04961118 0.32082498
v -0.55020720 -0.03550372 0.31730679
v -0.54425234 -0.03996894 0.31904173
v -0.54694456 -0.04471165 0.31965142
v -0.54991400 -0.04875726 0.31973946
v -0.55277401 -0.05082330 0.31877625
v -0.54550958 -0.04473013 0.31721598
v -0.54886687 -0.04892740 0.31750959
v -0.55173618 -0.05071983 0.31668371
v -0.54492557 -0.04430547 0.31392261
v -0.54841369 -0.04836738 0.31479564
v -0.54195666 -0.03991166 0.31283331
v -0.54266697 -0.04016179 0.31648195
v -0.55088061 -0.05005470 0.31521463
v -0.55670989 -0.04928443 0.31850034
v -0.55528796 -0.05048981 0.31655115
v -0.55710417 -0.04691917 0.32000285
v -0.55478686 -0.04019758 0.31220415
v -0.55687320 -0.04441580 0.31314981
v -0.55349284 -0.04046845 0.30931592
v -0.55568129 -0.04528537 0.31109238
v -0.55771124 -0.04744056 0.31530148
v -0.55792302 -0.04598299 0.31679189
v -0.53929436 -0.03708959 0.31215173
v -0.54040116 -0.03617436 0.30830884
v -0.54282910 -0.03914723 0.30910575
v -0.54574084 -0.04353991 0.31041372
v -0.54540849 -0.03810677 0.30660507
v -0.54841387 -0.03710681 0.30596268
v -0.55132639 -0.04164240 0.30775827
v -0.54835266 -0.04275775 0.30800503
v -0.55352283 -0.04622689 0.31009033
v -0.55126685 -0.04709882 0.31034738
v -0.54917920 -0.04778337 0.31218505
v -0.55427688 -0.04919207 0.31281620
v -0.55625445 -0.04867908 0.31373954
v -0.55348361 -0.05058572 0.31501764
v -0.55259478 -0.04918098 0.31236002
v -0.55172026 -0.04993099 0.31377664
v -0.52282679 -0.00364983 0.29744095
v -0.42100152 -0.01061818 0.33593941
v -0.42459568 -0.01315001 0.33403701
v -0.41852221 -0.01793733 0.32072973
v -0.42343190 -0.01787803 0.32516795
v -0.41251045 -0.01583603 0.31971991
v -0.40747896 -0.01111817 0.32616132
v -0.40858445 -0.01352203 0.32220531
v -0.42573571 -0.01588386 0.33059692
v -0.41539198 -0.00889665 0.33556587
v -0.40962943 -0.00901687 0.33153218
v -0.41233134 -0.01726142 0.34070158
v -0.40615776 -0.01754630 0.33685446
v -0.40393078 -0.01975223 0.33065325
v -0.40579507 -0.02138481 0.32579073
v -0.41015127 -0.02255449 0.32283670
v -0.41849366 -0.01812521 0.34103525
v -0.42265037 -0.01986662 0.33839166
v -0.42335418 -0.02181497 0.33321846
v -0.41613677 -0.02550843 0.34587514
v -0.40924037 -0.02709472 0.34729910
v -0.39855400 -0.03919679 0.34113032
v -0.39951456 -0.03481090 0.33827084
v -0.39922395 -0.03406584 0.34233424
v -0.39780170 -0.03727284 0.34446543
v -0.40095326 -0.02916563 0.33649859
v -0.40050757 -0.03122339 0.34141442
v -0.40267441 -0.03031385 0.34523886
v -0.40116295 -0.03257352 0.34729138
v -0.40549746 -0.03009826 0.34846079
v -0.40519887 -0.03219685 0.35098749
v -0.39921296 -0.03569087 0.34953049
v -0.39705163 -0.04009160 0.34709638
v -0.39847860 -0.03937256 0.35107258
v -0.39821282 -0.04241210 0.34527028
v -0.40418780 -0.02660808 0.34256721
v -0.40328372 -0.02880910 0.32990980
v -0.40161026 -0.03544903 0.33426428
v -0.40092102 -0.04103240 0.33867252
v -0.40150672 -0.04438350 0.34346884
v -0.40621203 -0.03647685 0.33173978
v -0.40543389 -0.04183075 0.33752054
v -0.40550220 -0.04407674 0.34220761
v -0.41167942 -0.03684729 0.33248222
v -0.40957579 -0.04152074 0.33835435
v -0.41417700 -0.02913091 0.32628542
v -0.40794751 -0.02916247 0.32623851
v -0.40833253 -0.04326868 0.34167320
v -0.40026325 -0.04313418 0.35063097
v -0.40415347 -0.04454032 0.34848052
v -0.40950394 -0.03231782 0.35119829
v -0.40366796 -0.03527209 0.35294291
v -0.40777344 -0.03654915 0.35328770
v -0.41402102 -0.03227201 0.34965074
v -0.41137066 -0.03787497 0.35151097
v -0.40469909 -0.04026508 0.35373056
v -0.40165201 -0.03811267 0.35395592
v -0.41577250 -0.02334741 0.32323700
v -0.42048588 -0.02320120 0.32742375
v -0.41933545 -0.02852941 0.33096588
v -0.41624114 -0.03584668 0.33612806
v -0.42162040 -0.02727440 0.33691126
v -0.42062557 -0.02596062 0.34252328
v -0.41751486 -0.03338957 0.34648937
v -0.41848698 -0.03465742 0.34153283
v -0.41384026 -0.03907230 0.34862995
v -0.41427621 -0.03976840 0.34477788
v -0.41259778 -0.04070786 0.34107876
v -0.41034284 -0.04237378 0.34841862
v -0.40796828 -0.04196334 0.35148764
v -0.40737703 -0.04410696 0.34608680
v -0.41149518 -0.04206035 0.34595257
v -0.40986797 -0.04292360 0.34390068
v -0.51311529 -0.00485572 0.29249722
v -0.50878328 -0.00799385 0.29554754
v -0.50484037 -0.00260410 0.29176092
v -0.50039989 0.00368986 0.28690267
v -0.50197327 0.01188615 0.28181982
v -0.49510658 0.00233771 0.29087588
v -0.49988267 -0.00399432 0.29564935
v -0.50468493 -0.01120546 0.30097973
v -0.48716465 0.00650506 0.29093802
v -0.11164700 0.66292071 0.41501117
v -0.10817760 0.66311610 0.41705549
v -0.11046492 0.65832227 0.41138870
v -0.11325790 0.65936792 0.41015613
v -0.10342080 0.65726471 0.41290885
v -0.10739139 0.65750796 0.41222876
v -0.10343748 0.66291714 0.41831791
v -0.09812572 0.66261417 0.41777623
v -0.09069256 0.66047120 0.41253215
v -0.08891966 0.65961444 0.41164225
v -0.08966588 0.65875828 0.41161186
v -0.09194840 0.65865892 0.41190565
v -0.09559330 0.65787309 0.41279072
v -0.11638367 0.66256642 0.40939051
v -0.11564087 0.66274965 0.41097170
v -0.11376847 0.66330427 0.41286755
v -0.09938850 0.65737832 0.41317546
v -0.11519945 0.66055208 0.40922236
v -0.11623557 0.66165578 0.40880877
v -0.09362463 0.66255414 0.41509557
v -0.10370059 0.65873766 0.41446108
v -0.10755356 0.65942502 0.41358387
v -0.10370292 0.66117024 0.41618484
v -0.09908550 0.66092265 0.41613054
v -0.09373197 0.65895599 0.41315031
v -0.09602532 0.65913045 0.41387331
v -0.11070450 0.66000330 0.41233534
v -0.09957666 0.65900135 0.41457182
v -0.10792474 0.66148150 0.41499174
v -0.09525923 0.66068661 0.41489309
v -0.09326267 0.65999544 0.41354567
v -0.11573069 0.66185522 0.40984017
v -0.11568312 0.66147280 0.40963930
v -0.08318720 0.47526485 0.21017522
v -0.08197635 0.45800322 0.20097834
v -0.11112002 0.66139114 0.41354358
v -0.11475457 0.66101784 0.41026610
v -0.11311796 0.66041005 0.41120619
v -0.11336747 0.66172242 0.41201681
v -0.11486458 0.66190660 0.41070634
v -0.27712733 0.38111538 0.22089463
v -0.28511804 0.38775405 0.23313725
v -0.32821360 0.41644233 0.23446010
v -0.33957177 0.42846021 0.22022103
v -0.14006399 0.27594504 0.01391044
v -0.19206610 0.45490411 -0.08135837
v -0.19813643 0.46855533 -0.06307161
v -0.12189785 0.49290830 -0.08714654
v -0.14234231 0.48815513 -0.08865555
v -0.21836236 0.35925344 -0.02751406
v -0.21698065 0.36769584 -0.01142755
v -0.17698160 0.30952764 0.00402606
v -0.17467126 0.32064986 0.01778287
v -0.20979530 0.33216152 -0.02982584
v -0.15819670 0.44665158 -0.12815522
v -0.17659068 0.43825904 -0.12371364
v -0.17418820 0.45311236 -0.10416470
v -0.15779194 0.46321929 -0.10822614
v -0.10194203 0.49227166 -0.08326553
v -0.09933550 0.47338057 -0.10226157
v -0.22572321 0.39609349 -0.00463890
v -0.22948498 0.41765451 -0.01800105
v -0.21754305 0.45944238 -0.03842963
v -0.20588307 0.47872630 -0.04452239
v -0.19132406 0.49542165 -0.04636037
v -0.17392373 0.50933301 -0.04628870
v -0.15580912 0.31965256 0.04201607
v -0.13443740 0.32537121 0.06458762
v -0.21633935 0.37562197 0.00715809
v -0.09217840 0.30001107 0.05854061
v -0.16325596 0.53765297 -0.02287605
v -0.13778481 0.54546559 -0.02392806
v -0.22613299 0.43891534 -0.02944617
v -0.09054343 0.41090482 0.18071608
v -0.10691704 0.41101575 0.18460976
v -0.10399468 0.39512613 0.17779183
v -0.08884991 0.39519113 0.17189227
v -0.11954966 0.39521727 0.18074863
v -0.13501394 0.39569366 0.18154003
v -0.14938827 0.39670816 0.18127376
v -0.18418148 0.40144521 0.17312366
v -0.17406768 0.39974979 0.17665166
v -0.20142189 0.40508586 0.16155319
v -0.19304585 0.40318096 0.16845918
v -0.20948857 0.40742135 0.14958113
v -0.21668042 0.41249904 0.13412935
v -0.22531322 0.42734283 0.12845743
v -0.22389898 0.41852671 0.11776789
v -0.21508528 0.40291733 0.12442090
v -0.20762086 0.39853895 0.14049534
v -0.19969621 0.39566284 0.15250863
v -0.07939756 0.35391819 0.12179983
v -0.07469954 0.36664590 0.14269313
v -0.08363385 0.49150452 0.21949181
v -0.42831320 0.21797864 0.19172251
v -0.42323908 0.11728163 0.28811198
v -0.11579868 0.62787151 0.15761037
v -0.13601348 0.62735653 0.16306889
v -0.19337980 0.61106932 0.19371000
v -0.20129092 0.59867096 0.21299079
v -0.17735407 0.61987859 0.17597260
v -0.15832582 0.62350732 0.16259438
v -0.19884364 0.36734420 0.03582333
v -0.14126928 0.61804354 0.13038871
v -0.16156673 0.62111616 0.15184289
v -0.18292800 0.61774957 0.16519627
v -0.20135200 0.60934770 0.18298963
v -0.21470155 0.59572172 0.20533770
v -0.22728011 0.58466744 0.21142200
v -0.25057095 0.57024080 0.19993882
v -0.25886467 0.56164187 0.20478415
v -0.26778173 0.55180711 0.20942515
v -0.26304132 0.54795593 0.22839431
v -0.25355530 0.55808079 0.22408228
v -0.32649666 0.46354944 0.21509403
v -0.33428600 0.44898409 0.20812045
v -0.34007087 0.44008288 0.19706094
v -0.34165785 0.43412149 0.18487592
v -0.33809850 0.43221420 0.17232390
v -0.33031201 0.43333626 0.16256684
v -0.31944913 0.44028381 0.15415880
v -0.28919441 0.46873802 0.14252591
v -0.28092313 0.47936124 0.13772157
v -0.26237014 0.49708983 0.10500873
v -0.25844321 0.50071585 0.09517000
v -0.24567530 0.51000214 0.05897839
v -0.23608980 0.51300108 0.03977171
v -0.22578830 0.51439464 0.01714085
v -0.17386299 0.33993968 -0.20858262
v -0.19348752 0.34148183 -0.20023207
v -0.18875989 0.36089307 -0.18728708
v -0.16867352 0.36154214 -0.19616313
v -0.11971410 0.40752846 -0.16834046
v -0.09697856 0.40661013 -0.16695176
v -0.23270360 0.34371862 -0.13949849
v -0.23709041 0.33134508 -0.12000938
v -0.20695366 0.35873604 -0.17402564
v -0.22138003 0.35288724 -0.15827705
v -0.23464337 0.31859186 -0.09977667
v -0.18224531 0.26641718 -0.03385821
v -0.16312887 0.25388125 -0.02042158
v -0.12176364 0.23666082 -0.00293724
v -0.10118853 0.23322667 0.00148620
v -0.22663397 0.30584338 -0.08244935
v -0.14253752 0.24372242 -0.01005311
v -0.21498644 0.29259294 -0.06640235
v -0.19995414 0.27956888 -0.05026013
v -0.14139448 0.40783265 -0.16752110
v -0.14393662 0.38389641 -0.18523182
v -0.16454297 0.38420960 -0.18087964
v -0.14467442 0.58741069 0.03984646
v -0.16687380 0.58557469 0.04565826
v -0.18867122 0.58132690 0.05531038
v -0.20698188 0.58377612 0.08352539
v -0.20843181 0.57464081 0.06808223
v -0.22601324 0.56627470 0.08257224
v -0.22503537 0.57528043 0.09645173
v -0.24893004 0.55386221 0.12087064
v -0.24979669 0.54584873 0.11161871
v -0.25629154 0.53932571 0.12081325
v -0.25527051 0.54722482 0.12860279
v -0.26263833 0.53367436 0.12695374
v -0.27114129 0.52522433 0.13344613
v -0.27840790 0.51413071 0.14142232
v -0.28813878 0.50181115 0.14863025
v -0.29179403 0.51761764 0.16473390
v -0.28232020 0.52936721 0.15842465
v -0.24743357 0.56144357 0.13195364
v -0.23798150 0.57179248 0.12236229
v -0.14246501 0.59900731 0.07386224
v -0.12147875 0.59823209 0.06916153
v -0.23138851 0.42771685 0.10565184
v -0.23943606 0.43896222 0.09310539
v -0.24670073 0.45162100 0.08330546
v -0.25034016 0.46492228 0.07659797
v -0.25304762 0.47873366 0.07272713
v -0.25323367 0.49285764 0.07133526
v -0.25507826 0.50381684 0.08469180
v -0.25131059 0.50672269 0.07283729
v -0.25347203 0.51571047 0.08898588
v -0.24860576 0.52003074 0.07677186
v -0.24573943 0.53301167 0.08189758
v -0.24255708 0.54529494 0.08843587
v -0.24017331 0.55577385 0.09851967
v -0.23909706 0.56468010 0.10938729
v -0.22487909 0.58244050 0.11136244
v -0.20736550 0.59070575 0.10026152
v -0.18778130 0.60327995 0.10592058
v -0.18834618 0.60774571 0.12194925
v -0.18741602 0.59751892 0.08978789
v -0.18677999 0.59113872 0.07196882
v -0.16751018 0.61427271 0.21636020
v -0.15319568 0.62456250 0.20142946
v -0.31863084 0.45570308 0.16144116
v -0.31532177 0.45500147 0.15694286
v -0.31717530 0.44902098 0.15591827
v -0.32403800 0.44631213 0.16198394
v -0.32968616 0.44651425 0.17032295
v -0.32443827 0.46184361 0.17642452
v -0.32263976 0.45737535 0.16838345
v -0.33237880 0.44947028 0.18039598
v -0.33174607 0.45527786 0.19028565
v -0.32464257 0.46726093 0.18505639
v -0.32872662 0.46290666 0.19898802
v -0.32338610 0.47329345 0.19282094
v -0.32412159 0.47280622 0.20483628
v -0.32166857 0.47817653 0.19839171
v -0.30181256 0.51359266 0.19133332
v -0.30994043 0.50081068 0.19477606
v -0.31678915 0.48794335 0.19723141
v -0.29807132 0.48952669 0.15500627
v -0.30735424 0.47856054 0.16103201
v -0.31527701 0.46792549 0.16521551
v -0.31681347 0.47357342 0.17244959
v -0.30921012 0.48438716 0.16792819
v -0.30036652 0.49635166 0.16210639
v -0.14250413 0.59451735 0.05715228
v -0.16510832 0.59408557 0.06360212
v -0.26362541 0.54042399 0.13566987
v -0.27152866 0.53295881 0.14198437
v -0.28013921 0.52281201 0.14828768
v -0.29036728 0.50972831 0.15566581
v -0.27355120 0.53891730 0.15216295
v -0.26477972 0.54674196 0.14616702
v -0.25579369 0.55406559 0.13957515
v -0.16558455 0.59988177 0.08052908
v -0.12118865 0.59418428 0.05204997
v -0.22316882 0.47357151 0.24643260
v -0.23199931 0.49480313 0.25759816
v -0.24477461 0.51642448 0.25760645
v -0.25598454 0.53583932 0.24687694
v -0.36298281 0.27821919 0.16858314
v -0.09750172 0.45496970 -0.12306140
v -0.09689820 0.43420690 -0.14382063
v -0.11849146 0.43338531 -0.14814933
v -0.11484899 0.54824018 -0.02445866
v -0.12284984 0.58901966 0.03540372
v -0.16075125 0.37161171 0.16291299
v -0.14809313 0.36967918 0.16522673
v -0.14834110 0.38275361 0.17345205
v -0.16114473 0.38462308 0.17145303
v -0.18194020 0.37815747 0.15618385
v -0.17228015 0.37447143 0.15999191
v -0.17271100 0.38712364 0.16829620
v -0.18288490 0.38994175 0.16466831
v -0.19038141 0.38186109 0.15087248
v -0.19160904 0.39291418 0.15985093
v -0.17207384 0.36218822 0.14942208
v -0.16069332 0.35931933 0.15253721
v -0.14813931 0.35784265 0.15506892
v -0.18906695 0.37113112 0.14095230
v -0.18128793 0.36671272 0.14550841
v -0.07974892 0.55703533 0.34988511
v -0.07987703 0.55437279 0.36650422
v -0.07331893 0.58683425 0.39955384
v -0.07301565 0.59150493 0.40002054
v -0.08388013 0.51708698 0.23402050
v -0.08335058 0.52547145 0.24401566
v -0.07389741 0.38062462 0.15581502
v -0.07563806 0.41083539 0.17450510
v -0.07928815 0.42613515 0.18037033
v -0.08077671 0.44160825 0.19037977
v -0.08425688 0.50539100 0.22742215
v -0.07487965 0.39504153 0.16553712
v -0.24720371 0.14719230 -0.18446334
v -0.22836047 0.12700066 -0.19682215
v -0.23201397 0.15802050 -0.20766588
v -0.21728247 0.14361478 -0.21652453
v -0.24253944 0.23563153 -0.19655906
v -0.24144456 0.20523338 -0.20038660
v -0.24129283 0.26560670 -0.19178908
v -0.19537213 0.13468938 -0.22776215
v -0.16838494 0.13009571 -0.23690908
v -0.16452864 0.15223582 -0.25053030
v -0.22525251 0.26367781 -0.21295957
v -0.22588697 0.23424245 -0.21867584
v -0.22214246 0.16563985 -0.21987335
v -0.23895106 0.17896876 -0.20365326
v -0.22452447 0.18126240 -0.22138564
v -0.19076262 0.15462920 -0.24034624
v -0.21012934 0.15964667 -0.22911914
v -0.12712428 0.33588666 -0.22052319
v -0.10307807 0.30911663 -0.23504786
v -0.13182053 0.31041306 -0.23261707
v -0.21171311 0.34066290 -0.18469800
v -0.19994617 0.31793207 -0.20894860
v -0.20849818 0.17947614 -0.23572804
v -0.18819061 0.17717850 -0.24780144
v -0.16199434 0.17641009 -0.25779808
v -0.16271949 0.25952616 -0.25244606
v -0.16134745 0.23204044 -0.25903672
v -0.18606219 0.23178664 -0.24842037
v -0.18650803 0.26086941 -0.24167208
v -0.20450453 0.29134417 -0.22072054
v -0.20693281 0.26144487 -0.22833757
v -0.16013768 0.28774816 -0.24164562
v -0.18356141 0.28965712 -0.23305501
v -0.17886987 0.31621954 -0.22093685
v -0.20762002 0.23115276 -0.23448379
v -0.13091569 0.20190436 -0.26570916
v -0.16057482 0.20384926 -0.26185840
v -0.09987804 0.20113422 -0.26250595
v -0.15582992 0.31435937 -0.22863869
v -0.15210165 0.33809477 -0.21476422
v -0.14718936 0.36011595 -0.20014499
v -0.13972220 0.43182588 -0.14918752
v -0.24988902 0.00238270 0.07918247
v -0.09269705 0.10643463 -0.07764414
v -0.08967415 0.10360408 -0.10161562
v -0.26323789 0.20690426 -0.07899898
v -0.27011579 0.17350858 -0.14634867
v -0.25548822 0.17524908 -0.17823400
v -0.12184303 0.13151008 -0.02173629
v -0.10590143 0.11748025 -0.03999405
v -0.24736491 0.20637265 -0.05005847
v -0.19828415 0.17965433 -0.00944354
v -0.09717306 0.11046302 -0.05871014
v -0.22516891 0.20612417 -0.22142397
v -0.20804650 0.20385318 -0.23666523
v -0.18642621 0.20340990 -0.25019312
v -0.13226588 0.17557082 -0.26302135
v -0.10081003 0.17694706 -0.25934196
v -0.10548447 0.16827111 -0.00927404
v -0.10132676 0.17593180 -0.00720191
v -0.09213259 0.17488763 -0.00708543
v -0.09344175 0.16414328 -0.01036593
v -0.18234351 0.25691807 -0.03504944
v -0.16082790 0.24578458 -0.02201878
v -0.11854996 0.23076604 -0.00451183
v -0.09921408 0.22790575 0.00001349
v -0.23266038 0.29370585 -0.08564033
v -0.13914323 0.23726222 -0.01155344
v -0.22036511 0.28210226 -0.06828047
v -0.20289555 0.26990369 -0.05163313
v -0.20898643 -0.44739899 -0.01400813
v -0.20951024 -0.47509012 -0.01557162
v -0.20830327 -0.47209588 -0.02840842
v -0.20456842 -0.44378790 -0.02672073
v -0.21703462 -0.43479589 -0.05499390
v -0.20714939 -0.43825540 -0.04618484
v -0.23049378 -0.43363634 -0.05963752
v -0.22811249 -0.46314642 -0.06415908
v -0.24021339 -0.46462801 -0.06102416
v -0.24418446 -0.43487504 -0.05790973
v -0.25448266 -0.43725666 -0.05093190
v -0.25810212 -0.46899125 -0.04477608
v -0.26252002 -0.47110388 -0.02768545
v -0.26774791 -0.44399896 -0.02361915
v -0.26201397 -0.44015720 -0.04038551
v -0.26640767 -0.45132473 -0.00459900
v -0.26210958 -0.47679153 -0.00901067
v -0.25409123 -0.45600012 0.00820000
v -0.21747413 -0.45214608 0.00016870
v -0.21593554 -0.47863075 -0.00042887
v -0.21516311 -0.46418181 -0.05968489
v -0.20746157 -0.46749321 -0.04908356
v -0.20324361 -0.44140604 -0.03578867
v -0.20739323 -0.47000602 -0.03806832
v -0.20652461 -0.49956307 -0.02924763
v -0.20558211 -0.50125837 -0.01362789
v -0.21280217 -0.49228796 -0.06458150
v -0.20900527 -0.49547449 -0.05145083
v -0.23688743 -0.49192777 -0.06420317
v -0.22548285 -0.49075076 -0.07022677
v -0.25906006 -0.49511531 -0.05022757
v -0.24959463 -0.46658698 -0.05414484
v -0.24841949 -0.49365303 -0.05799916
v -0.26352730 -0.49620172 -0.03236373
v -0.26277685 -0.50003612 -0.00937252
v -0.21385881 -0.50299454 0.00278100
v -0.20851785 -0.49797252 -0.03914280
v -0.30373636 -0.59954584 0.13278820
v -0.29720017 -0.59998906 0.13564432
v -0.29821828 -0.59455323 0.13403925
v -0.30251297 -0.59484100 0.13212648
v -0.26800361 -0.59810209 0.15025850
v -0.25645256 -0.60119736 0.15081978
v -0.25790986 -0.58894873 0.15222679
v -0.26615715 -0.58749473 0.15193817
v -0.28521657 -0.59941542 0.14602643
v -0.29281992 -0.59961355 0.14394139
v -0.29008332 -0.60325670 0.14109641
v -0.28528208 -0.60305250 0.14262034
v -0.31850296 -0.59713733 0.10001132
v -0.32342657 -0.59749055 0.09530003
v -0.32166895 -0.60155010 0.09530967
v -0.31803843 -0.60126960 0.09700052
v -0.30986547 -0.60015774 0.12096178
v -0.31485435 -0.60082173 0.11713284
v -0.31307876 -0.60437858 0.11574286
v -0.30962512 -0.60489500 0.11805227
v -0.26488677 -0.58233190 0.13013338
v -0.26698798 -0.58384967 0.14357638
v -0.25393078 -0.58556855 0.14418224
v -0.25001121 -0.58059847 0.13139714
v -0.24733993 -0.59551418 0.14176384
v -0.25450400 -0.60154104 0.13763566
v -0.25018385 -0.60187280 0.12464681
v -0.24297950 -0.59293008 0.12792234
v -0.26707810 -0.60225427 0.13687445
v -0.26411059 -0.60230124 0.12450791
v -0.27206272 -0.59420800 0.12639874
v -0.27631399 -0.59396207 0.14054357
v -0.29100850 -0.59355295 0.12433967
v -0.29610100 -0.59687531 0.13519634
v -0.29051006 -0.59003770 0.13744268
v -0.28609788 -0.58507311 0.12653780
v -0.28265339 -0.59021986 0.14040634
v -0.27534786 -0.58568430 0.13036148
v -0.27170157 -0.59655559 0.12903079
v -0.27689159 -0.59735143 0.14190690
v -0.28080881 -0.60287511 0.13699108
v -0.27573210 -0.60242939 0.12484864
v -0.28486040 -0.60196304 0.12290329
v -0.28962389 -0.60339642 0.13431372
v -0.30135572 -0.58673394 0.11609178
v -0.30246836 -0.59255815 0.12641500
v -0.29516047 -0.59222901 0.12899119
v -0.29153445 -0.58709002 0.12022828
v -0.29110560 -0.60031736 0.13021789
v -0.29592556 -0.60406399 0.12722684
v -0.29201585 -0.60285759 0.11817831
v -0.28782892 -0.59784865 0.12111115
v -0.30123317 -0.60236144 0.11537418
v -0.30299425 -0.60452640 0.12485784
v -0.30625159 -0.59407341 0.11632332
v -0.30713567 -0.59846997 0.12492962
v -0.31755012 -0.59489834 0.10005467
v -0.31708646 -0.59912443 0.10877754
v -0.31482410 -0.59326208 0.11066383
v -0.31457388 -0.58757043 0.10051563
v -0.30934149 -0.59247839 0.11372691
v -0.30756840 -0.58782542 0.10620699
v -0.30542514 -0.59745884 0.11616451
v -0.30697766 -0.60480773 0.11338000
v -0.30595657 -0.60267830 0.10529143
v -0.30464166 -0.59443879 0.10930648
v -0.31326145 -0.60515606 0.11017654
v -0.31300288 -0.60256290 0.10029039
v -0.32347429 -0.58763361 0.08098713
v -0.32433793 -0.59460962 0.07763032
v -0.32537881 -0.59654498 0.08907104
v -0.32367790 -0.59098113 0.09063463
v -0.31916353 -0.58999848 0.09338725
v -0.31851041 -0.58677888 0.08721783
v -0.31525260 -0.59506440 0.09538461
v -0.31554511 -0.60226667 0.09300914
v -0.31515807 -0.60141003 0.08699025
v -0.31622469 -0.59325099 0.09030794
v -0.32175735 -0.60229468 0.08991729
v -0.32040769 -0.60058296 0.08126119
v -0.24723631 -0.57731771 0.11832933
v -0.26581004 -0.58133054 0.11675926
v -0.25839898 -0.60154665 0.14591861
v -0.24049252 -0.59168899 0.11435457
v -0.26528096 -0.60194612 0.14537653
v -0.26526907 -0.60237062 0.11233214
v -0.24809477 -0.60162759 0.11101452
v -0.26925230 -0.59431648 0.12076870
v -0.29125121 -0.59380317 0.14328429
v -0.28637144 -0.59499526 0.11590460
v -0.28399742 -0.60239494 0.10744485
v -0.28667650 -0.59383821 0.14474875
v -0.28388265 -0.58202374 0.11097752
v -0.29959169 -0.58380997 0.09968825
v -0.29855582 -0.60416770 0.13310112
v -0.30229682 -0.60446203 0.13180265
v -0.30078879 -0.60282636 0.09828359
v -0.30493909 -0.59285891 0.10691103
v -0.31411716 -0.59614849 0.11611208
v -0.31697556 -0.59259903 0.08957274
v -0.31264988 -0.60237110 0.08427848
v -0.31114584 -0.59561169 0.11859211
v -0.31334499 -0.58354270 0.08514837
v -0.32219425 -0.59378898 0.09451582
v -0.32368833 -0.59226549 0.06503670
v -0.31951535 -0.60083222 0.06953873
v -0.31984124 -0.59300470 0.09683602
v -0.32206050 -0.58368218 0.07029801
v -0.22736761 -0.45592931 0.00903690
v -0.22696051 -0.48124525 0.00944842
v -0.24018872 -0.45786741 0.01160478
v -0.25225544 -0.48151776 0.00585146
v -0.23978111 -0.48305318 0.01112332
v -0.22720343 -0.50373006 0.01471770
v -0.25274190 -0.50316501 0.00618189
v -0.24124113 -0.50395060 0.01493573
v -0.25894889 -0.51509750 -0.05641426
v -0.26557821 -0.51708317 -0.03706153
v -0.24633965 -0.51386964 -0.06289567
v -0.22328016 -0.51198757 -0.07722013
v -0.23534927 -0.51244295 -0.07078242
v -0.22914150 -0.52332723 0.02274235
v -0.21529233 -0.52465057 0.00671107
v -0.24522781 -0.52196753 0.02431262
v -0.25922534 -0.52089417 0.01352427
v -0.23963523 -0.57316756 0.10382183
v -0.23490760 -0.57225657 0.08401424
v -0.25091416 -0.56128275 0.08379467
v -0.25828320 -0.57078040 0.10030104
v -0.26903880 -0.56245422 0.07480759
v -0.27585894 -0.57338822 0.09222957
v -0.28450412 -0.56520712 0.06312964
v -0.29203084 -0.57499337 0.08089490
v -0.29748553 -0.56810081 0.05066600
v -0.30597210 -0.57653499 0.06775463
v -0.30805674 -0.57388163 0.03809410
v -0.31722319 -0.57919335 0.05569920
v -0.31450245 -0.58393097 0.03035286
v -0.32206377 -0.58877337 0.04892936
v -0.23343724 -0.59083498 0.09935063
v -0.22997922 -0.58930111 0.07997748
v -0.24284700 -0.60336006 0.09404146
v -0.23916915 -0.60359359 0.07360689
v -0.25938016 -0.60368073 0.08928633
v -0.25489953 -0.60383844 0.06776948
v -0.31048957 -0.59776640 0.03282415
v -0.31647867 -0.60138738 0.05286903
v -0.27705303 -0.60373676 0.08133142
v -0.27203250 -0.60217988 0.05962586
v -0.29289508 -0.60472977 0.07166095
v -0.28730747 -0.60240304 0.04988922
v -0.30588222 -0.60459852 0.06166276
v -0.30006102 -0.60207224 0.04042996
v -0.24168077 -0.55393350 0.06299811
v -0.26078179 -0.54831755 0.05728895
v -0.27565527 -0.55115378 0.04459058
v -0.28708357 -0.55708575 0.03061393
v -0.29597092 -0.56702828 0.01748250
v -0.30330500 -0.57712054 0.00993951
v -0.27826723 -0.54233634 0.00567027
v -0.28410396 -0.56125820 -0.00575347
v -0.29056093 -0.57310069 -0.01108189
v -0.27419770 -0.55682981 -0.02982041
v -0.27806443 -0.57023811 -0.03208837
v -0.25604901 -0.55296838 -0.06848903
v -0.26058853 -0.56826866 -0.07264970
v -0.26841134 -0.56766653 -0.05402771
v -0.26417616 -0.55383193 -0.05162047
v -0.27075052 -0.53904188 -0.02130614
v -0.26224148 -0.53548908 -0.04531123
v -0.25367618 -0.53355646 -0.06112887
v -0.23993319 -0.56780875 -0.09165952
v -0.25174987 -0.56833649 -0.08431591
v -0.24833634 -0.55230725 -0.08011402
v -0.23815948 -0.55089045 -0.08965704
v -0.22130600 -0.55230570 -0.09274828
v -0.22311878 -0.56981623 -0.09141748
v -0.20756608 -0.55638075 -0.07868387
v -0.20885521 -0.57315123 -0.07973553
v -0.23602560 -0.53103638 -0.07992639
v -0.24482289 -0.53267038 -0.07096072
v -0.22208136 -0.53092861 -0.08581875
v -0.20971984 -0.53464341 -0.07306451
v -0.20956591 -0.53772533 -0.05576126
v -0.20718279 -0.55926526 -0.05931023
v -0.20560971 -0.57564938 -0.06095991
v -0.23091754 -0.57023311 0.05982941
v -0.23024473 -0.58384800 0.05549861
v -0.26792479 -0.53526735 0.02749698
v -0.25188357 -0.53425276 0.04004534
v -0.23115185 -0.54237616 0.03702778
v -0.22427207 -0.56515563 0.03430031
v -0.22876081 -0.57945192 0.02828086
v -0.22486478 -0.57664716 0.00419402
v -0.21826281 -0.56416512 0.00907066
v -0.23759288 -0.59501910 0.04912127
v -0.23672152 -0.58647120 0.02304551
v -0.23160642 -0.58299661 -0.00028154
v -0.21771407 -0.57615542 -0.01601042
v -0.21326375 -0.56328571 -0.01235367
v -0.21279520 -0.57564759 -0.03223127
v -0.21110058 -0.56125760 -0.02962509
v -0.20932037 -0.56001675 -0.04355161
v -0.20847538 -0.57565534 -0.04572697
v -0.21002828 -0.54140162 -0.02832915
v -0.20980783 -0.53932083 -0.04131770
v -0.21105251 -0.54407144 -0.01076357
v -0.21666600 -0.54455376 0.01121168
v -0.30111742 -0.59102607 0.01091256
v -0.28910619 -0.58494115 -0.01030518
v -0.27676010 -0.58024359 -0.03130768
v -0.26685998 -0.57948327 -0.05290632
v -0.25697142 -0.58036840 -0.06946969
v -0.24853981 -0.58035791 -0.07914069
v -0.22479832 -0.58015490 -0.08472535
v -0.23834106 -0.57978523 -0.08549994
v -0.21464598 -0.58226228 -0.07640101
v -0.21277004 -0.58511198 -0.06150909
v -0.21484186 -0.58645260 -0.04845297
v -0.22403499 -0.58419263 -0.02006428
v -0.21849048 -0.58633387 -0.03555347
v -0.20616809 -0.52427518 -0.01190110
v -0.20565534 -0.52182543 -0.02945299
v -0.20788580 -0.51972353 -0.04010773
v -0.21140826 -0.51428771 -0.06688650
v -0.20917653 -0.51724279 -0.05213776
v -0.25098240 -0.59789598 0.04293818
v -0.26656932 -0.59646475 0.03483982
v -0.28066000 -0.59649193 0.02551819
v -0.29200518 -0.59578061 0.01716981
v -0.28230807 -0.59006488 -0.00571270
v -0.27205294 -0.59119213 0.00083756
v -0.25922590 -0.59171104 0.00890422
v -0.24642715 -0.59028113 0.01710605
v -0.27052397 -0.58639407 -0.02680978
v -0.26173708 -0.58832037 -0.02082032
v -0.25012845 -0.58918834 -0.01418510
v -0.23976234 -0.58787799 -0.00616080
v -0.23161554 -0.58897054 -0.02603692
v -0.24047360 -0.58930314 -0.03383833
v -0.25085071 -0.58806598 -0.03999175
v -0.25922883 -0.58548510 -0.04670401
v -0.24993411 -0.58506680 -0.06199896
v -0.24230760 -0.58725452 -0.05461821
v -0.23316866 -0.58875430 -0.04823482
v -0.22596702 -0.58906722 -0.04149103
v -0.24306479 -0.58457673 -0.07056649
v -0.22745863 -0.58420324 -0.07738696
v -0.23598894 -0.58384216 -0.07581031
v -0.22071919 -0.58567953 -0.07262301
v -0.22034845 -0.58740866 -0.06233922
v -0.22249916 -0.58856893 -0.05222228
v -0.22936568 -0.58784699 -0.05712672
v -0.22676045 -0.58685124 -0.06424205
v -0.23731786 -0.58640993 -0.06294891
v -0.23283306 -0.58547485 -0.06879300
v -0.22545734 -0.58576024 -0.06990317
v -0.22859588 -0.58513784 -0.07209753
v -0.26577160 -0.52163935 -0.00868033
v -0.24767298 -0.18359563 0.11321618
v -0.23137465 -0.18144757 0.11038361
v -0.26414269 -0.18017852 0.11087889
v -0.22282469 0.20176625 -0.02957834
v -0.15991013 0.28765482 0.00368454
v -0.15799499 0.30794615 0.02772228
v -0.15956327 0.29644981 0.01491792
v -0.22904411 0.18375410 -0.02054594
v -0.20296632 0.35809246 0.01695673
v -0.16234183 0.39819199 0.17947300
v -0.15643029 0.68523383 0.33792505
v -0.15487051 0.68242204 0.33544496
v -0.15396717 0.68086362 0.33215499
v -0.15381801 0.67977214 0.32881567
v -0.15346622 0.67975342 0.32534325
v -0.15175118 0.68135548 0.32232285
v -0.15603630 0.68330288 0.33052796
v -0.15352313 0.68680942 0.32922113
v -0.15363152 0.68774819 0.33139291
v -0.15605406 0.68452668 0.33304608
f 2 3 1
f 1 3 4
f 3 2 5
f 5 2 6
f 3 7 4
f 4 7 8
f 10 11 9
f 9 11 12
f 14 15 13
f 13 15 16
f 18 19 17
f 17 19 20
f 22 23 21
f 21 23 24
f 26 18 25
f 25 18 17
f 27 28 17
f 17 28 25
f 30 31 29
f 29 31 32
f 34 35 33
f 33 35 36
f 21 24 37
f 37 24 38
f 40 31 39
f 39 31 38
f 34 33 28
f 28 33 25
f 41 42 44
f 44 42 43
f 36 45 33
f 33 45 25
f 46 47 49
f 49 47 48
f 51 52 50
f 50 52 53
f 55 53 54
f 54 53 52
f 57 58 56
f 56 58 59
f 61 62 60
f 60 62 63
f 65 66 64
f 64 66 67
f 69 70 68
f 68 70 71
f 65 73 72
f 72 73 74
f 64 75 65
f 65 75 73
f 77 78 76
f 76 78 79
f 80 81 83
f 83 81 82
f 81 85 84
f 84 85 86
f 88 89 87
f 87 89 69
f 88 87 90
f 90 87 91
f 93 94 92
f 92 94 95
f 96 84 43
f 43 84 44
f 51 98 97
f 97 98 86
f 97 99 51
f 51 99 52
f 54 52 100
f 100 52 99
f 58 101 59
f 59 101 102
f 62 103 63
f 63 103 104
f 105 106 6
f 6 106 5
f 108 109 107
f 107 109 110
f 112 113 111
f 111 113 114
f 116 117 115
f 115 117 118
f 120 121 119
f 119 121 122
f 124 125 123
f 123 125 126
f 128 129 127
f 127 129 130
f 130 131 127
f 127 131 132
f 134 1 133
f 133 1 135
f 1 4 135
f 135 4 136
f 4 8 136
f 136 8 137
f 138 139 15
f 15 139 140
f 140 139 141
f 141 139 142
f 144 57 143
f 143 57 56
f 145 146 141
f 141 146 147
f 146 149 148
f 148 149 150
f 152 153 151
f 151 153 154
f 141 147 140
f 140 147 155
f 157 11 156
f 156 11 158
f 160 161 159
f 159 161 162
f 164 165 163
f 163 165 166
f 165 160 166
f 166 160 159
f 168 169 167
f 167 169 170
f 169 171 170
f 170 171 172
f 149 173 150
f 150 173 174
f 175 176 149
f 149 176 173
f 178 172 177
f 177 172 171
f 180 181 179
f 179 181 182
f 184 180 183
f 183 180 179
f 186 187 185
f 185 187 188
f 190 191 189
f 189 191 192
f 7 193 8
f 8 193 194
f 196 162 195
f 195 162 161
f 197 168 198
f 198 168 167
f 181 199 182
f 182 199 200
f 202 203 201
f 201 203 204
f 187 186 205
f 205 186 206
f 208 209 207
f 207 209 210
f 212 213 211
f 211 213 214
f 215 216 218
f 218 216 217
f 220 209 219
f 219 209 208
f 204 186 221
f 221 186 185
f 201 204 222
f 222 204 221
f 223 211 220
f 220 211 209
f 224 225 214
f 214 225 210
f 203 206 204
f 204 206 186
f 227 187 226
f 226 187 205
f 27 228 21
f 21 228 22
f 230 231 229
f 229 231 232
f 234 235 233
f 233 235 236
f 238 239 237
f 237 239 240
f 119 122 118
f 118 122 115
f 112 242 241
f 241 242 243
f 98 51 244
f 244 51 50
f 245 138 14
f 14 138 15
f 11 10 158
f 158 10 246
f 89 85 69
f 69 85 70
f 11 157 12
f 12 157 247
f 249 164 248
f 248 164 163
f 177 250 178
f 178 250 251
f 253 254 252
f 252 254 255
f 187 227 188
f 188 227 256
f 212 257 213
f 213 257 258
f 260 134 259
f 259 134 133
f 165 164 135
f 135 164 133
f 160 165 136
f 136 165 135
f 136 137 160
f 160 137 161
f 137 261 161
f 161 261 195
f 263 264 262
f 262 264 265
f 13 16 266
f 266 16 267
f 268 267 155
f 155 267 16
f 147 269 155
f 155 269 268
f 162 196 167
f 167 196 198
f 167 170 162
f 162 170 159
f 170 172 159
f 159 172 166
f 172 178 166
f 166 178 163
f 178 251 163
f 163 251 248
f 168 270 169
f 169 270 271
f 272 273 171
f 171 273 177
f 271 272 169
f 169 272 171
f 168 197 270
f 270 197 274
f 250 177 275
f 275 177 273
f 277 45 276
f 276 45 278
f 280 281 279
f 279 281 282
f 284 104 283
f 283 104 103
f 285 215 286
f 286 215 218
f 288 289 287
f 287 289 290
f 291 80 66
f 66 80 83
f 293 294 292
f 292 294 295
f 73 91 74
f 74 91 87
f 91 73 92
f 92 73 75
f 279 77 280
f 280 77 76
f 80 291 70
f 70 291 71
f 277 47 96
f 96 47 82
f 297 175 296
f 296 175 149
f 299 154 298
f 298 154 153
f 225 300 210
f 210 300 207
f 224 301 206
f 206 301 205
f 210 209 214
f 214 209 211
f 226 205 302
f 302 205 301
f 304 305 303
f 303 305 306
f 308 309 307
f 307 309 310
f 72 291 65
f 65 291 66
f 66 83 67
f 67 83 46
f 312 313 311
f 311 313 314
f 316 317 315
f 315 317 36
f 29 318 35
f 35 318 319
f 321 32 320
f 320 32 322
f 311 314 323
f 323 314 324
f 315 325 316
f 316 325 326
f 318 287 319
f 319 287 290
f 328 321 327
f 327 321 320
f 329 330 39
f 39 330 331
f 332 333 40
f 40 333 322
f 309 334 285
f 285 334 335
f 236 2 134
f 134 2 1
f 260 336 233
f 233 336 337
f 237 14 265
f 265 14 13
f 84 86 44
f 44 86 98
f 189 192 7
f 7 192 193
f 44 98 41
f 41 98 244
f 237 240 14
f 14 240 245
f 7 3 189
f 189 3 5
f 338 71 72
f 72 71 291
f 262 265 266
f 266 265 13
f 124 123 339
f 339 123 105
f 123 109 105
f 105 109 106
f 189 5 190
f 190 5 106
f 111 114 12
f 12 114 9
f 264 340 265
f 265 340 237
f 342 343 341
f 341 343 344
f 6 235 105
f 105 235 339
f 234 346 345
f 345 346 347
f 349 350 348
f 348 350 351
f 107 352 108
f 108 352 353
f 355 356 354
f 354 356 357
f 237 340 238
f 238 340 358
f 12 247 111
f 111 247 359
f 264 263 116
f 116 263 360
f 361 362 222
f 222 362 201
f 364 365 363
f 363 365 366
f 368 369 367
f 367 369 370
f 372 373 371
f 371 373 374
f 375 376 372
f 372 376 377
f 378 379 381
f 381 379 380
f 382 383 269
f 269 383 268
f 150 174 365
f 365 174 384
f 380 377 381
f 381 377 376
f 271 270 180
f 180 270 181
f 273 272 252
f 252 272 184
f 272 271 184
f 184 271 180
f 181 270 274
f 252 255 273
f 273 255 275
f 254 385 255
f 255 385 386
f 387 388 179
f 179 388 183
f 389 387 182
f 182 387 179
f 182 200 389
f 389 200 390
f 388 391 183
f 183 391 253
f 391 392 253
f 253 392 254
f 394 379 393
f 393 379 378
f 185 188 395
f 395 188 396
f 221 185 397
f 397 185 395
f 222 221 398
f 398 221 397
f 188 256 396
f 396 256 399
f 400 401 256
f 256 401 399
f 402 403 405
f 405 403 404
f 148 150 364
f 364 150 365
f 393 406 394
f 394 406 407
f 158 246 393
f 393 246 406
f 342 19 238
f 238 19 239
f 23 22 350
f 350 22 354
f 244 50 245
f 245 50 138
f 55 142 53
f 53 142 139
f 145 144 296
f 296 144 143
f 355 228 341
f 341 228 20
f 41 240 42
f 42 240 239
f 283 308 284
f 284 308 307
f 349 409 408
f 408 409 410
f 244 245 41
f 41 245 240
f 268 383 406
f 406 383 407
f 346 411 349
f 349 411 409
f 251 412 248
f 248 412 413
f 275 414 250
f 250 414 415
f 25 45 26
f 26 45 277
f 43 26 96
f 96 26 277
f 416 417 61
f 61 417 62
f 329 24 408
f 408 24 23
f 31 40 32
f 32 40 322
f 39 38 329
f 329 38 24
f 37 38 30
f 30 38 31
f 418 419 421
f 421 419 420
f 78 295 79
f 79 295 294
f 124 339 422
f 422 339 345
f 232 131 357
f 357 131 351
f 2 236 6
f 6 236 235
f 252 184 253
f 253 184 183
f 227 423 256
f 256 423 400
f 423 227 305
f 305 227 226
f 424 258 425
f 425 258 257
f 426 427 212
f 212 427 257
f 259 133 249
f 249 133 164
f 419 418 428
f 428 418 429
f 327 430 328
f 328 430 288
f 49 431 46
f 46 431 67
f 306 302 424
f 424 302 258
f 313 432 314
f 314 432 433
f 32 321 29
f 29 321 318
f 324 314 433
f 287 318 328
f 328 318 321
f 134 260 236
f 236 260 233
f 345 339 234
f 234 339 235
f 357 351 354
f 354 351 350
f 408 23 349
f 349 23 350
f 317 278 36
f 36 278 45
f 432 313 429
f 429 313 428
f 435 428 434
f 434 428 313
f 42 239 18
f 18 239 19
f 43 42 26
f 26 42 18
f 121 120 436
f 436 120 437
f 302 301 258
f 258 301 213
f 110 109 126
f 126 109 123
f 238 358 342
f 342 358 343
f 341 20 342
f 342 20 19
f 322 438 320
f 320 438 439
f 320 439 327
f 327 439 430
f 333 440 322
f 322 440 438
f 289 288 323
f 323 288 430
f 115 340 116
f 116 340 264
f 146 145 149
f 149 145 296
f 15 140 16
f 16 140 155
f 441 442 152
f 152 442 153
f 225 224 203
f 203 224 206
f 175 297 154
f 154 297 151
f 293 443 294
f 294 443 444
f 248 413 249
f 249 413 445
f 446 447 400
f 400 447 401
f 388 387 396
f 396 387 395
f 387 389 395
f 395 389 397
f 391 388 399
f 399 388 396
f 401 392 399
f 399 392 391
f 255 386 275
f 275 386 414
f 449 450 448
f 448 450 451
f 335 452 285
f 285 452 215
f 453 298 442
f 442 298 153
f 211 223 212
f 212 223 426
f 425 257 454
f 454 257 427
f 266 10 262
f 262 10 9
f 360 113 456
f 456 113 455
f 8 194 137
f 137 194 261
f 10 266 246
f 246 266 267
f 203 202 225
f 225 202 300
f 262 9 263
f 263 9 114
f 108 353 190
f 190 353 191
f 389 390 397
f 397 390 398
f 457 422 128
f 128 422 129
f 156 158 378
f 378 158 393
f 347 346 348
f 348 346 349
f 447 458 401
f 401 458 392
f 364 382 148
f 148 382 269
f 55 54 57
f 57 54 58
f 75 64 459
f 459 64 460
f 100 90 101
f 101 90 95
f 101 58 100
f 100 58 54
f 142 55 144
f 144 55 57
f 147 146 269
f 269 146 148
f 459 93 75
f 75 93 92
f 144 145 142
f 142 145 141
f 228 27 20
f 20 27 17
f 154 299 175
f 175 299 176
f 214 213 224
f 224 213 301
f 424 461 306
f 306 461 303
f 285 286 309
f 309 286 310
f 462 334 308
f 308 334 309
f 302 306 226
f 226 306 305
f 37 28 21
f 21 28 27
f 29 35 30
f 30 35 34
f 30 34 37
f 37 34 28
f 344 436 356
f 356 436 229
f 325 290 326
f 326 290 289
f 311 439 312
f 312 439 438
f 35 319 36
f 36 319 315
f 439 311 430
f 430 311 323
f 315 319 325
f 325 319 290
f 440 463 438
f 438 463 312
f 341 344 355
f 355 344 356
f 360 456 116
f 116 456 117
f 354 22 355
f 355 22 228
f 326 289 324
f 324 289 323
f 74 87 68
f 68 87 69
f 50 53 138
f 138 53 139
f 268 406 267
f 267 406 246
f 190 106 108
f 108 106 109
f 241 455 112
f 112 455 113
f 358 122 343
f 343 122 121
f 129 347 130
f 130 347 348
f 348 351 130
f 130 351 131
f 229 232 356
f 356 232 357
f 340 115 358
f 358 115 122
f 111 359 112
f 112 359 242
f 125 124 457
f 457 124 422
f 231 132 232
f 232 132 131
f 343 121 344
f 344 121 436
f 263 114 360
f 360 114 113
f 347 129 345
f 345 129 422
f 230 229 437
f 437 229 436
f 464 446 423
f 423 446 400
f 465 466 468
f 468 466 467
f 470 471 469
f 469 471 472
f 469 472 373
f 373 472 374
f 474 469 473
f 473 469 373
f 471 475 472
f 472 475 476
f 472 477 374
f 374 477 478
f 477 472 476
f 479 480 476
f 476 480 477
f 473 373 377
f 377 373 372
f 481 482 479
f 479 482 480
f 483 484 481
f 481 484 482
f 403 402 485
f 485 402 486
f 487 488 483
f 483 488 484
f 487 489 488
f 488 489 490
f 489 491 490
f 490 491 492
f 491 493 492
f 492 493 494
f 493 495 494
f 494 495 496
f 497 498 481
f 481 498 483
f 484 499 482
f 482 499 367
f 370 480 367
f 367 480 482
f 480 370 477
f 477 370 478
f 500 497 479
f 479 497 481
f 451 473 380
f 380 473 377
f 448 451 379
f 379 451 380
f 501 502 504
f 504 502 503
f 449 505 507
f 507 505 506
f 486 508 505
f 505 508 506
f 508 509 506
f 506 509 510
f 511 507 510
f 510 507 506
f 509 508 512
f 512 508 513
f 515 509 514
f 514 509 512
f 509 515 510
f 510 515 516
f 510 516 511
f 511 516 517
f 486 505 485
f 485 505 518
f 505 449 518
f 518 449 448
f 383 382 403
f 403 382 404
f 363 404 364
f 364 404 382
f 403 485 383
f 383 485 407
f 519 520 361
f 361 520 362
f 522 496 521
f 521 496 495
f 450 474 451
f 451 474 473
f 363 366 523
f 523 366 524
f 525 499 488
f 488 499 484
f 488 490 525
f 525 490 526
f 496 522 520
f 520 522 527
f 494 496 519
f 519 496 520
f 492 494 528
f 528 494 519
f 529 530 495
f 495 530 521
f 490 492 526
f 526 492 528
f 529 495 531
f 531 495 493
f 533 534 532
f 532 534 535
f 523 524 533
f 533 524 534
f 486 402 532
f 532 402 533
f 529 536 530
f 530 536 537
f 536 538 537
f 537 538 539
f 540 541 539
f 539 541 537
f 530 537 535
f 535 537 541
f 542 539 543
f 543 539 538
f 539 542 540
f 540 542 544
f 541 540 513
f 513 540 512
f 540 544 512
f 512 544 514
f 546 547 545
f 545 547 548
f 549 550 531
f 531 550 551
f 550 549 552
f 552 549 553
f 546 550 554
f 554 550 552
f 547 546 555
f 555 546 554
f 498 556 558
f 558 556 557
f 559 557 560
f 560 557 556
f 561 562 560
f 560 562 559
f 557 559 552
f 552 559 554
f 559 562 554
f 554 562 555
f 558 557 553
f 553 557 552
f 475 471 563
f 563 471 564
f 565 563 567
f 567 563 566
f 471 470 564
f 564 470 466
f 564 466 568
f 568 466 465
f 568 465 569
f 569 465 570
f 572 573 571
f 571 573 574
f 569 575 567
f 567 575 576
f 577 565 576
f 576 565 567
f 578 579 581
f 581 579 580
f 575 561 576
f 576 561 560
f 556 577 560
f 560 577 576
f 577 556 497
f 497 556 498
f 565 577 500
f 500 577 497
f 563 565 475
f 475 565 500
f 553 489 558
f 558 489 487
f 531 493 549
f 549 493 491
f 489 553 491
f 491 553 549
f 394 407 518
f 518 407 485
f 518 448 394
f 394 448 379
f 545 548 538
f 538 548 543
f 551 545 536
f 536 545 538
f 536 529 551
f 551 529 531
f 507 582 449
f 449 582 450
f 511 583 507
f 507 583 582
f 511 517 583
f 583 517 584
f 585 586 588
f 588 586 587
f 590 591 589
f 589 591 592
f 591 590 593
f 593 590 594
f 596 597 595
f 595 597 598
f 599 600 602
f 602 600 601
f 604 605 603
f 603 605 606
f 608 609 607
f 607 609 610
f 612 613 611
f 611 613 614
f 615 616 618
f 618 616 617
f 620 621 619
f 619 621 622
f 624 625 623
f 623 625 626
f 628 629 627
f 627 629 630
f 632 633 631
f 631 633 634
f 635 636 638
f 638 636 637
f 639 640 642
f 642 640 641
f 644 645 643
f 643 645 646
f 619 622 647
f 647 622 648
f 650 651 649
f 649 651 652
f 601 653 602
f 602 653 654
f 656 657 655
f 655 657 658
f 660 661 659
f 659 661 662
f 664 665 663
f 663 665 666
f 593 594 667
f 667 594 668
f 669 670 672
f 672 670 671
f 673 674 676
f 676 674 675
f 633 632 677
f 677 632 678
f 663 666 679
f 679 666 680
f 681 682 684
f 684 682 683
f 686 687 685
f 685 687 688
f 690 661 689
f 689 661 691
f 693 686 692
f 692 686 685
f 695 597 694
f 694 597 668
f 594 696 668
f 668 696 694
f 697 698 696
f 696 698 699
f 700 701 697
f 697 701 698
f 702 585 703
f 703 585 588
f 671 690 672
f 672 690 689
f 640 639 704
f 704 639 705
f 679 706 663
f 663 706 658
f 708 709 707
f 707 709 710
f 711 712 610
f 610 712 607
f 713 714 716
f 716 714 715
f 717 718 720
f 720 718 719
f 722 634 721
f 721 634 633
f 724 725 723
f 723 725 726
f 728 729 727
f 727 729 730
f 732 733 731
f 731 733 734
f 707 710 735
f 735 710 736
f 643 737 644
f 644 737 738
f 740 741 739
f 739 741 742
f 608 744 743
f 743 744 745
f 747 748 746
f 746 748 749
f 751 752 750
f 750 752 753
f 754 755 757
f 757 755 756
f 758 759 761
f 761 759 760
f 763 764 762
f 762 764 765
f 767 768 766
f 766 768 769
f 771 772 770
f 770 772 773
f 775 776 774
f 774 776 777
f 779 780 778
f 778 780 781
f 783 712 782
f 782 712 784
f 785 786 788
f 788 786 787
f 790 628 789
f 789 628 627
f 792 793 791
f 791 793 794
f 795 796 726
f 726 796 723
f 798 799 797
f 797 799 800
f 721 633 801
f 801 633 677
f 797 800 802
f 802 800 803
f 805 806 804
f 804 806 807
f 809 810 808
f 808 810 811
f 813 814 812
f 812 814 815
f 809 808 817
f 817 808 816
f 818 819 804
f 804 819 805
f 820 821 818
f 818 821 819
f 821 820 587
f 587 820 822
f 809 823 810
f 810 823 824
f 814 807 815
f 815 807 806
f 826 426 825
f 825 426 223
f 426 826 427
f 427 826 827
f 828 829 454
f 454 829 830
f 831 832 677
f 677 832 801
f 834 835 833
f 833 835 836
f 838 839 837
f 837 839 840
f 841 842 844
f 844 842 843
f 845 846 803
f 803 846 802
f 847 831 678
f 678 831 677
f 848 849 851
f 851 849 850
f 853 854 852
f 852 854 855
f 857 858 856
f 856 858 680
f 860 861 859
f 859 861 862
f 864 865 863
f 863 865 866
f 868 869 867
f 867 869 870
f 839 871 840
f 840 871 872
f 849 848 874
f 874 848 873
f 876 877 875
f 875 877 878
f 880 881 879
f 879 881 882
f 883 884 886
f 886 884 885
f 846 887 802
f 802 887 888
f 890 891 889
f 889 891 888
f 893 894 892
f 892 894 895
f 896 897 728
f 728 897 729
f 899 900 898
f 898 900 901
f 902 852 904
f 904 852 903
f 849 905 850
f 850 905 906
f 875 878 907
f 907 878 908
f 910 911 909
f 909 911 912
f 914 915 913
f 913 915 916
f 917 918 862
f 862 918 859
f 919 920 856
f 856 920 921
f 923 924 922
f 922 924 925
f 926 927 925
f 925 927 922
f 929 930 928
f 928 930 693
f 932 695 931
f 931 695 694
f 823 867 824
f 824 867 933
f 935 936 934
f 934 936 937
f 938 868 823
f 823 868 867
f 940 847 939
f 939 847 678
f 632 655 678
f 678 655 939
f 941 942 619
f 619 942 620
f 687 943 688
f 688 943 944
f 851 850 945
f 945 850 903
f 850 906 903
f 903 906 904
f 946 947 949
f 949 947 948
f 951 952 950
f 950 952 953
f 955 956 954
f 954 956 957
f 907 958 875
f 875 958 874
f 960 961 959
f 959 961 962
f 963 853 902
f 902 853 852
f 909 964 910
f 910 964 965
f 967 968 966
f 966 968 969
f 971 972 970
f 970 972 973
f 974 960 975
f 975 960 959
f 977 978 976
f 976 978 979
f 981 977 980
f 980 977 976
f 980 982 981
f 981 982 983
f 985 983 984
f 984 983 982
f 984 986 985
f 985 986 987
f 989 990 988
f 988 990 991
f 993 994 992
f 992 994 995
f 997 998 996
f 996 998 999
f 1001 1002 1000
f 1000 1002 1003
f 1005 1006 1004
f 1004 1006 1007
f 1004 1008 1005
f 1005 1008 1009
f 1008 1010 1009
f 1009 1010 1011
f 1013 1011 1012
f 1012 1011 1010
f 1014 1015 1017
f 1017 1015 1016
f 1019 1020 1018
f 1018 1020 1021
f 1022 1023 976
f 976 1023 980
f 1024 1025 982
f 982 1025 984
f 992 995 1026
f 1026 995 1027
f 956 955 1028
f 1028 955 1029
f 1030 1031 1033
f 1033 1031 1032
f 1010 1008 1034
f 1034 1008 1035
f 1008 1004 1035
f 1035 1004 1036
f 1037 1038 1002
f 1002 1038 1007
f 1002 1001 1037
f 1037 1001 1039
f 1040 1041 997
f 997 1041 998
f 1015 1014 1043
f 1043 1014 1042
f 1044 1045 1047
f 1047 1045 1046
f 1044 1020 1048
f 1048 1020 1049
f 1050 1051 1003
f 1003 1051 1000
f 1052 1050 1006
f 1006 1050 1003
f 1053 1054 1011
f 1011 1054 1009
f 1013 1045 1055
f 1055 1045 1056
f 1058 1059 1057
f 1057 1059 1060
f 1062 1063 1061
f 1061 1063 1064
f 1065 1066 1050
f 1050 1066 1051
f 1067 1065 1052
f 1052 1065 1050
f 1068 1069 1054
f 1054 1069 1070
f 1071 1068 1053
f 1053 1068 1054
f 1073 1071 1072
f 1072 1071 1074
f 1074 1071 1055
f 1055 1071 1053
f 1076 1077 1075
f 1075 1077 1078
f 1079 1080 1057
f 1057 1080 1058
f 1081 1082 1064
f 1064 1082 1061
f 1084 1085 1083
f 1083 1085 1086
f 1088 1089 1087
f 1087 1089 1090
f 1092 1093 1091
f 1091 1093 1094
f 1096 1097 1095
f 1095 1097 1098
f 1099 1100 1102
f 1102 1100 1101
f 1103 1104 1099
f 1099 1104 1100
f 1106 1107 1105
f 1105 1107 1108
f 1110 1111 1109
f 1109 1111 1112
f 1114 1115 1113
f 1113 1115 1116
f 1118 1119 1117
f 1117 1119 1077
f 1117 1120 1122
f 1122 1120 1121
f 1105 1123 1106
f 1106 1123 1124
f 1125 1126 1128
f 1128 1126 1127
f 1130 1131 1129
f 1129 1131 1132
f 1134 1135 1133
f 1133 1135 1114
f 1113 1136 1114
f 1114 1136 1133
f 1118 1137 1113
f 1113 1137 1136
f 1118 1117 1137
f 1137 1117 1122
f 1139 1140 1138
f 1138 1140 1141
f 1143 953 1142
f 1142 953 952
f 1145 957 1144
f 1144 957 956
f 1028 1146 956
f 956 1146 1144
f 1014 1147 1042
f 1042 1147 1148
f 1014 1017 1147
f 1147 1017 1149
f 1059 1058 1150
f 1150 1058 1151
f 1153 1080 1152
f 1152 1080 1154
f 1156 1088 1155
f 1155 1088 1087
f 1157 1158 1106
f 1106 1158 1107
f 1106 1124 1157
f 1157 1124 1159
f 1161 1162 1160
f 1160 1162 1163
f 1165 1166 1164
f 1164 1166 1167
f 1168 1031 1012
f 1012 1031 1046
f 1024 1023 1035
f 1035 1023 1034
f 1036 1038 1025
f 1025 1038 1169
f 1170 1171 1039
f 1039 1171 1037
f 1028 1029 1042
f 1042 1029 1043
f 1172 1173 1175
f 1175 1173 1174
f 1055 1053 1013
f 1013 1053 1011
f 1005 1009 1070
f 1070 1009 1054
f 996 999 1062
f 1062 999 1063
f 1016 1060 1017
f 1017 1060 1059
f 1017 1059 1149
f 1149 1059 1150
f 1177 1178 1176
f 1176 1178 1103
f 1176 1072 1179
f 1179 1072 1074
f 1073 1102 1086
f 1086 1102 1083
f 1180 1181 1067
f 1067 1181 1065
f 1182 1183 1184
f 1184 1183 1181
f 1186 1187 1185
f 1185 1187 1188
f 1189 1190 798
f 798 1190 799
f 1192 1193 1191
f 1191 1193 1194
f 1195 1196 1194
f 1194 1196 1191
f 1196 1195 1198
f 1198 1195 1197
f 1200 674 1199
f 1199 674 673
f 928 1201 1203
f 1203 1201 1202
f 861 1204 862
f 862 1204 921
f 1205 1206 913
f 913 1206 1207
f 882 1208 879
f 879 1208 1209
f 1210 1211 1167
f 1167 1211 1164
f 1212 769 1213
f 1213 769 768
f 727 1214 728
f 728 1214 1215
f 1217 1218 1216
f 1216 1218 1219
f 1220 813 1221
f 1221 813 812
f 827 828 427
f 427 828 454
f 1223 1224 1222
f 1222 1224 1165
f 1226 1227 1225
f 1225 1227 1228
f 851 1229 848
f 848 1229 1230
f 834 854 835
f 835 854 1231
f 1233 1234 1232
f 1232 1234 1235
f 1237 751 1236
f 1236 751 750
f 743 819 1238
f 1238 819 821
f 1240 1241 1239
f 1239 1241 1242
f 1244 1245 1243
f 1243 1245 1246
f 844 1247 841
f 841 1247 1248
f 1250 1251 1249
f 1249 1251 1252
f 1254 893 1253
f 1253 893 1237
f 1255 1256 1258
f 1258 1256 1257
f 1260 1261 1259
f 1259 1261 1262
f 945 903 855
f 855 903 852
f 855 1263 945
f 945 1263 1264
f 832 845 801
f 801 845 803
f 800 721 803
f 803 721 801
f 721 800 722
f 722 800 799
f 1266 1267 1265
f 1265 1267 1268
f 1270 795 1269
f 1269 795 726
f 725 1271 726
f 726 1271 1269
f 737 765 738
f 738 765 764
f 759 740 760
f 760 740 739
f 717 1272 1274
f 1274 1272 1273
f 1163 1226 1275
f 1275 1226 1225
f 1277 882 1276
f 1276 882 881
f 1041 1040 1027
f 1027 1040 1026
f 900 935 901
f 901 935 934
f 1164 1278 1165
f 1165 1278 1222
f 1211 1279 1164
f 1164 1279 1278
f 442 1280 453
f 453 1280 1281
f 788 1282 785
f 785 1282 1283
f 1285 1286 1284
f 1284 1286 1287
f 1284 1288 1285
f 1285 1288 1289
f 757 1289 754
f 754 1289 1288
f 605 604 675
f 675 604 676
f 1290 1291 1293
f 1293 1291 1292
f 1295 1296 1294
f 1294 1296 1297
f 696 699 694
f 694 699 931
f 1298 1299 592
f 592 1299 589
f 1299 1300 589
f 589 1300 700
f 1300 1301 700
f 700 1301 701
f 743 745 819
f 819 745 805
f 1303 1304 1302
f 1302 1304 1305
f 1306 1307 1305
f 1305 1307 1302
f 609 1298 610
f 610 1298 592
f 587 822 588
f 588 822 1308
f 703 588 1309
f 1309 588 1308
f 1310 703 571
f 571 703 1309
f 1311 1312 789
f 789 1312 790
f 825 223 1313
f 1313 223 220
f 219 1314 220
f 220 1314 1313
f 1315 1316 1311
f 1311 1316 1312
f 1317 1318 1319
f 1319 1318 1241
f 441 1320 442
f 442 1320 1280
f 1321 217 572
f 572 217 216
f 1323 1230 1322
f 1322 1230 1229
f 1324 1325 631
f 631 1325 656
f 1034 1168 1010
f 1010 1168 1012
f 1327 1328 1326
f 1326 1328 1329
f 1331 1202 1330
f 1330 1202 1201
f 571 1309 572
f 572 1309 1321
f 573 572 1332
f 1332 572 216
f 1334 1335 1333
f 1333 1335 1336
f 1337 1338 918
f 918 1338 859
f 1339 863 1340
f 1340 863 866
f 1341 1342 1344
f 1344 1342 1343
f 1345 1346 919
f 919 1346 920
f 1347 1348 673
f 673 1348 1199
f 693 1349 928
f 928 1349 1201
f 1351 1257 1350
f 1350 1257 1256
f 1350 1352 1351
f 1351 1352 1353
f 653 930 654
f 654 930 662
f 1279 1354 1278
f 1278 1354 1355
f 1357 1358 1356
f 1356 1358 1359
f 937 1360 1140
f 1140 1360 1361
f 1225 1228 909
f 909 1228 964
f 901 934 1362
f 1362 934 1139
f 1364 1365 1363
f 1363 1365 1362
f 1367 912 1366
f 1366 912 911
f 1143 1142 1368
f 1368 1142 1369
f 1144 1186 1145
f 1145 1186 1185
f 1146 1175 1144
f 1144 1175 1186
f 1175 1146 1172
f 1172 1146 1148
f 1147 1018 1148
f 1148 1018 1172
f 1018 1147 1019
f 1019 1147 1149
f 1149 1150 1019
f 1019 1150 1370
f 1150 1151 1370
f 1370 1151 1371
f 1151 1153 1371
f 1371 1153 1177
f 1152 1156 1178
f 1178 1156 1372
f 1155 1158 1373
f 1373 1158 1374
f 1157 1159 1376
f 1376 1159 1375
f 1378 1379 1377
f 1377 1379 1380
f 1382 1383 1381
f 1381 1383 1384
f 1382 1386 1385
f 1385 1386 1387
f 1386 1233 1387
f 1387 1233 1232
f 1389 1390 1388
f 1388 1390 1391
f 1393 1394 1392
f 1392 1394 1395
f 1397 1398 1396
f 1396 1398 1399
f 629 1397 630
f 630 1397 1396
f 1342 1400 1343
f 1343 1400 1401
f 1403 1404 1402
f 1402 1404 1405
f 1407 1408 1406
f 1406 1408 1409
f 1411 1412 1410
f 1410 1412 1413
f 793 1414 794
f 794 1414 1415
f 1417 1341 1416
f 1416 1341 1344
f 704 705 1347
f 1347 705 1418
f 741 1419 742
f 742 1419 1420
f 1422 669 1421
f 1421 669 672
f 645 1423 646
f 646 1423 1424
f 1196 1198 614
f 614 1198 611
f 613 1425 614
f 614 1425 1426
f 1427 616 659
f 659 616 660
f 614 1426 1196
f 1196 1426 1191
f 696 594 697
f 697 594 590
f 697 590 700
f 700 590 589
f 703 1310 702
f 702 1310 1428
f 1421 672 1192
f 1192 672 689
f 1271 648 1269
f 1269 648 622
f 621 1270 622
f 622 1270 1269
f 1429 1430 1417
f 1417 1430 1341
f 1431 1432 1434
f 1434 1432 1433
f 1436 1437 1435
f 1435 1437 1438
f 1440 1441 1439
f 1439 1441 1442
f 1443 1444 1446
f 1446 1444 1445
f 823 809 938
f 938 809 817
f 810 1447 811
f 811 1447 1448
f 1449 1450 679
f 679 1450 706
f 913 916 1205
f 1205 916 1451
f 1275 1225 912
f 912 1225 909
f 1452 1453 880
f 880 1453 881
f 1444 1401 1445
f 1445 1401 1400
f 936 1454 937
f 937 1454 1360
f 824 1455 810
f 810 1455 1447
f 631 656 632
f 632 656 655
f 966 1456 967
f 967 1456 1457
f 1459 1460 1458
f 1458 1460 1461
f 1460 1462 1461
f 1461 1462 1463
f 972 974 973
f 973 974 975
f 990 995 991
f 991 995 994
f 1464 1187 1033
f 1033 1187 1174
f 1018 1021 1172
f 1172 1021 1173
f 1000 999 1001
f 1001 999 998
f 976 979 1022
f 1022 979 1032
f 1023 1024 980
f 980 1024 982
f 989 986 1171
f 1171 986 1169
f 1171 1170 989
f 989 1170 990
f 1170 1027 990
f 990 1027 995
f 1041 1039 998
f 998 1039 1001
f 1051 1063 1000
f 1000 1063 999
f 1066 1064 1051
f 1051 1064 1063
f 1183 1081 1066
f 1066 1081 1064
f 1178 1372 1103
f 1103 1372 1104
f 1092 1091 1465
f 1465 1091 1182
f 1467 1465 1466
f 1466 1465 1468
f 1469 1470 1184
f 1184 1470 1468
f 1095 1098 1471
f 1471 1098 1101
f 1076 1374 1120
f 1120 1374 1376
f 1110 1472 1127
f 1127 1472 1132
f 1472 1473 1132
f 1132 1473 1129
f 1474 1475 1466
f 1466 1475 1473
f 1119 1118 1116
f 1116 1118 1113
f 1375 1121 1376
f 1376 1121 1120
f 1127 1132 1128
f 1128 1132 1131
f 1227 1476 1228
f 1228 1476 1361
f 1365 1477 1362
f 1362 1477 872
f 1478 1479 1323
f 1323 1479 1230
f 1480 1481 914
f 914 1481 915
f 913 1277 914
f 914 1277 1276
f 1168 1034 1022
f 1022 1034 1023
f 1035 1036 1024
f 1024 1036 1025
f 1039 1041 1170
f 1170 1041 1027
f 1042 1148 1028
f 1028 1148 1146
f 968 1459 969
f 969 1459 1458
f 1482 1483 664
f 664 1483 665
f 1485 1486 1484
f 1484 1486 1487
f 1489 1490 1488
f 1488 1490 1491
f 1492 1493 722
f 722 1493 634
f 1495 1496 1494
f 1494 1496 1497
f 1498 1207 1339
f 1339 1207 863
f 1224 1499 1165
f 1165 1499 1166
f 1160 1163 1500
f 1500 1163 1275
f 1500 877 1160
f 1160 877 1501
f 876 873 1502
f 1502 873 1479
f 945 1264 851
f 851 1264 1229
f 835 1231 839
f 839 1231 871
f 1503 1283 778
f 778 1283 1282
f 716 715 1505
f 1505 715 1504
f 1446 1445 1507
f 1507 1445 1506
f 779 792 1381
f 1381 792 791
f 1430 1409 1341
f 1341 1409 1342
f 1411 1429 1508
f 1508 1429 1417
f 635 1510 1509
f 1509 1510 1511
f 1377 1380 1315
f 1315 1380 1316
f 1445 1400 1506
f 1506 1400 1408
f 918 917 1336
f 1336 917 1333
f 1513 1514 1512
f 1512 1514 870
f 1515 1516 1363
f 1363 1516 1364
f 1453 1517 881
f 881 1517 1276
f 992 1518 993
f 993 1518 1519
f 1520 1029 1518
f 1518 1029 955
f 1520 1026 1521
f 1521 1026 1040
f 1522 1015 1521
f 1521 1015 1043
f 996 1523 997
f 997 1523 1522
f 1060 1016 1524
f 1524 1016 1523
f 1061 1525 1062
f 1062 1525 1524
f 1079 1527 1526
f 1526 1527 1528
f 1093 1529 1094
f 1094 1529 1528
f 1111 1530 1112
f 1112 1530 1531
f 1532 1533 1105
f 1105 1533 1123
f 934 937 1139
f 1139 937 1140
f 1138 1363 1139
f 1139 1363 1362
f 1534 1222 1355
f 1355 1222 1278
f 1535 1223 1534
f 1534 1223 1222
f 821 587 1238
f 1238 587 586
f 1319 711 1317
f 1317 711 1536
f 1538 1200 1537
f 1537 1200 1199
f 1508 1417 1539
f 1539 1417 1416
f 1540 1541 840
f 840 1541 837
f 1231 898 871
f 871 898 901
f 1500 1275 1367
f 1367 1275 912
f 1543 1379 1542
f 1542 1379 1395
f 1539 772 1508
f 1508 772 1544
f 1546 1403 1545
f 1545 1403 1402
f 1548 1549 1547
f 1547 1549 1550
f 1552 1548 1551
f 1551 1548 1547
f 1554 1555 1553
f 1553 1555 1556
f 1558 1559 1557
f 1557 1559 1560
f 1562 1563 1561
f 1561 1563 1564
f 1566 1567 1565
f 1565 1567 1568
f 1570 1571 1569
f 1569 1571 1572
f 1574 1575 1573
f 1573 1575 1576
f 1577 1578 1572
f 1572 1578 1569
f 1580 1581 1579
f 1579 1581 1582
f 1584 1585 1583
f 1583 1585 1586
f 1588 1555 1587
f 1587 1555 1589
f 1591 1592 1590
f 1590 1592 1593
f 1595 1596 1594
f 1594 1596 1597
f 1596 1581 1597
f 1597 1581 1576
f 1599 1570 1598
f 1598 1570 1569
f 1601 1602 1600
f 1600 1602 1603
f 1605 1606 1604
f 1604 1606 1607
f 1608 1609 1568
f 1568 1609 1565
f 1611 1612 1610
f 1610 1612 1613
f 1615 1616 1614
f 1614 1616 1617
f 1619 1617 1618
f 1618 1617 1616
f 1621 1622 1620
f 1620 1622 1623
f 1625 1626 1624
f 1624 1626 1627
f 1629 1630 1628
f 1628 1630 1631
f 1633 1634 1632
f 1632 1634 1635
f 1636 1637 1639
f 1639 1637 1638
f 1641 1642 1640
f 1640 1642 1643
f 1624 1627 1644
f 1644 1627 1645
f 1647 1648 1646
f 1646 1648 1649
f 1651 1652 1650
f 1650 1652 1653
f 1655 1656 1654
f 1654 1656 1657
f 1659 1660 1658
f 1658 1660 1661
f 1662 1663 1631
f 1631 1663 1628
f 1651 1665 1664
f 1664 1665 1666
f 1667 1656 1619
f 1619 1656 1617
f 1669 1670 1668
f 1668 1670 1671
f 1632 1635 1672
f 1672 1635 1673
f 1674 1675 1638
f 1638 1675 1639
f 1677 1678 1676
f 1676 1678 1679
f 1680 1640 1681
f 1681 1640 1643
f 1682 1683 1643
f 1643 1683 1681
f 1670 1669 1235
f 1235 1669 1232
f 1396 1399 1674
f 1674 1399 1675
f 627 630 1679
f 1679 630 1676
f 1681 1315 1680
f 1680 1315 1311
f 1683 1377 1681
f 1681 1377 1315
f 1672 1673 1387
f 1387 1673 1385
f 1636 1684 1646
f 1646 1684 1685
f 1687 1688 1686
f 1686 1688 1689
f 1585 1690 1586
f 1586 1690 1691
f 1599 1692 1551
f 1551 1692 1693
f 1552 1558 1694
f 1694 1558 1557
f 1696 1615 1695
f 1695 1615 1614
f 1698 1699 1697
f 1697 1699 1623
f 1700 1701 1703
f 1703 1701 1702
f 1705 1706 1704
f 1704 1706 1707
f 1708 1709 1640
f 1640 1709 1641
f 1710 1711 1713
f 1713 1711 1712
f 1652 1655 1653
f 1653 1655 1654
f 1714 1699 1712
f 1712 1699 1713
f 1715 1710 1716
f 1716 1710 1713
f 1717 1708 1680
f 1680 1708 1640
f 1393 1392 1715
f 1715 1392 1710
f 1719 1720 1718
f 1718 1720 1721
f 1680 1311 1717
f 1717 1311 789
f 1378 1711 1392
f 1392 1711 1710
f 1388 1391 1719
f 1719 1391 1720
f 1723 1606 1722
f 1722 1606 1689
f 1725 1568 1724
f 1724 1568 1567
f 1726 1647 1685
f 1685 1647 1646
f 1728 1554 1727
f 1727 1554 1553
f 1591 1687 1600
f 1600 1687 1686
f 1730 1595 1729
f 1729 1595 1594
f 1601 1605 1731
f 1731 1605 1604
f 1733 1663 1732
f 1732 1663 1734
f 1736 1639 1735
f 1735 1639 1675
f 1658 1644 1737
f 1737 1644 1645
f 1726 1662 1724
f 1724 1662 1631
f 1399 1738 1675
f 1675 1738 1735
f 1621 1667 1739
f 1739 1667 1619
f 1714 1740 1620
f 1620 1740 1741
f 1592 1549 1593
f 1593 1549 1742
f 1602 1571 1603
f 1603 1571 1550
f 1688 1690 1689
f 1689 1690 1722
f 1588 1559 1582
f 1582 1559 1579
f 1673 1735 1385
f 1385 1735 1738
f 1387 1232 1672
f 1672 1232 1669
f 1580 1692 1573
f 1573 1692 1743
f 1377 1683 1378
f 1378 1683 1711
f 1664 1666 1744
f 1744 1666 1745
f 1744 1696 1664
f 1664 1696 1695
f 1746 1747 1732
f 1732 1747 1748
f 1749 1750 1677
f 1677 1750 1678
f 1709 1708 1750
f 1750 1708 1678
f 1668 1632 1669
f 1669 1632 1672
f 1633 1746 1734
f 1734 1746 1732
f 1679 1678 1717
f 1717 1678 1708
f 789 627 1717
f 1717 627 1679
f 1563 1723 1564
f 1564 1723 1722
f 1728 1584 1751
f 1751 1584 1583
f 1674 1676 1396
f 1396 1676 630
f 1666 1566 1745
f 1745 1566 1565
f 1627 1629 1645
f 1645 1629 1628
f 1637 1749 1638
f 1638 1749 1677
f 1648 1665 1649
f 1649 1665 1752
f 1740 1642 1741
f 1741 1642 1657
f 1676 1674 1677
f 1677 1674 1638
f 1683 1682 1711
f 1711 1682 1712
f 1618 1753 1619
f 1619 1753 1739
f 1701 1739 1702
f 1702 1739 1753
f 1754 1214 1756
f 1756 1214 1755
f 647 1757 619
f 619 1757 941
f 1759 1193 1758
f 1758 1193 691
f 1419 1760 1420
f 1420 1760 1761
f 682 1762 683
f 683 1762 1763
f 1412 780 1413
f 1413 780 1384
f 1383 1398 1384
f 1384 1398 1413
f 1197 1424 1764
f 1764 1424 1423
f 1537 1287 1538
f 1538 1287 1286
f 1634 1684 1635
f 1635 1684 1736
f 1724 1631 1725
f 1725 1631 1630
f 1562 1730 1610
f 1610 1730 1729
f 1735 1673 1736
f 1736 1673 1635
f 1757 1195 941
f 941 1195 1194
f 1766 200 1765
f 1765 200 199
f 475 500 476
f 476 500 479
f 498 558 483
f 483 558 487
f 545 551 546
f 546 551 550
f 453 1281 219
f 219 1281 1314
f 298 453 208
f 208 453 219
f 368 1765 1767
f 1767 1765 199
f 523 405 363
f 363 405 404
f 523 533 405
f 405 533 402
f 298 208 299
f 299 208 207
f 299 207 176
f 176 207 300
f 176 300 173
f 173 300 202
f 173 202 174
f 174 202 201
f 1337 918 1768
f 1768 918 1336
f 1769 1770 1338
f 1338 1770 859
f 581 570 578
f 578 570 1771
f 555 562 580
f 580 562 561
f 504 1772 501
f 501 1772 548
f 517 542 584
f 584 542 543
f 515 514 516
f 516 514 544
f 542 517 544
f 544 517 516
f 561 575 580
f 580 575 581
f 575 569 581
f 581 569 570
f 501 548 1773
f 1773 548 547
f 1774 1775 570
f 570 1775 1771
f 369 368 1776
f 1776 368 1767
f 372 369 375
f 375 369 1776
f 822 1280 1308
f 1308 1280 1320
f 820 1281 822
f 822 1281 1280
f 818 1314 820
f 820 1314 1281
f 1314 818 1313
f 1313 818 804
f 807 814 825
f 825 814 826
f 814 813 826
f 826 813 827
f 813 1220 827
f 827 1220 828
f 580 579 555
f 555 579 547
f 1477 1540 872
f 872 1540 840
f 367 499 368
f 368 499 1765
f 1766 1765 525
f 525 1765 499
f 1777 1766 526
f 526 1766 525
f 520 527 362
f 362 527 384
f 361 1778 519
f 519 1778 528
f 371 1779 372
f 372 1779 369
f 369 1779 370
f 370 1779 478
f 1779 371 478
f 478 371 374
f 1778 1777 528
f 528 1777 526
f 1781 1782 1780
f 1780 1782 1783
f 431 460 67
f 67 460 64
f 68 338 74
f 74 338 72
f 1785 1782 1784
f 1784 1782 1786
f 1787 1788 1790
f 1790 1788 1789
f 1792 1789 1791
f 1791 1789 1793
f 1791 1794 1792
f 1792 1794 1795
f 1794 1796 1795
f 1795 1796 1797
f 1797 1798 938
f 938 1798 868
f 1798 1799 868
f 868 1799 869
f 1801 1802 1800
f 1800 1802 1451
f 1803 1804 1205
f 1205 1804 1206
f 1805 1806 864
f 864 1806 865
f 1806 1807 865
f 865 1807 1808
f 68 71 338
f 287 328 288
f 1320 1321 1308
f 1308 1321 1309
f 1320 441 1321
f 1321 441 217
f 441 152 217
f 217 152 218
f 151 286 152
f 152 286 218
f 297 310 151
f 151 310 286
f 296 307 297
f 297 307 310
f 296 143 307
f 307 143 284
f 143 56 284
f 284 56 104
f 56 59 104
f 104 59 63
f 59 102 63
f 63 102 60
f 102 94 60
f 60 94 282
f 93 459 279
f 279 459 77
f 459 460 77
f 77 460 78
f 460 431 78
f 78 431 295
f 431 49 295
f 295 49 292
f 48 421 49
f 49 421 292
f 276 278 418
f 418 278 429
f 317 432 278
f 278 432 429
f 432 317 433
f 433 317 316
f 326 324 316
f 316 324 433
f 1536 592 1809
f 1809 592 591
f 1810 744 1812
f 1812 744 1811
f 1814 1815 1813
f 1813 1815 1816
f 1817 748 1818
f 1818 748 747
f 1812 1819 1810
f 1810 1819 1817
f 1820 1821 748
f 748 1821 749
f 1823 1824 1822
f 1822 1824 1825
f 1827 1828 1826
f 1826 1828 1829
f 1831 1832 1830
f 1830 1832 1833
f 1834 1827 1243
f 1243 1827 1826
f 1313 804 825
f 825 804 807
f 1835 1253 1236
f 1236 1253 1237
f 1836 1837 1438
f 1438 1837 1435
f 1838 1505 1840
f 1840 1505 1839
f 1841 1842 716
f 716 1842 713
f 1843 1844 1510
f 1510 1844 1845
f 1847 1848 1846
f 1846 1848 1849
f 1850 1240 1822
f 1822 1240 1239
f 636 1831 637
f 637 1831 1830
f 1852 1853 1851
f 1851 1853 1854
f 1855 1856 1858
f 1858 1856 1857
f 1846 1849 1859
f 1859 1849 1860
f 1343 1401 1509
f 1509 1401 1861
f 1509 1861 635
f 635 1861 636
f 1863 1864 1862
f 1862 1864 1865
f 1283 1503 1867
f 1867 1503 1866
f 1868 1867 681
f 681 1867 682
f 1286 1285 683
f 683 1285 684
f 757 756 1274
f 1274 756 1869
f 1274 1869 717
f 717 1869 718
f 1434 1433 719
f 719 1433 720
f 1200 1538 1545
f 1545 1538 1763
f 1285 1289 684
f 684 1289 1273
f 684 1273 681
f 681 1273 1272
f 785 1283 1868
f 1868 1283 1867
f 786 785 1870
f 1870 785 1868
f 1289 757 1273
f 1273 757 1274
f 1539 1416 1871
f 1871 1416 1872
f 773 1871 1403
f 1403 1871 1404
f 675 674 1405
f 1405 674 1402
f 1864 1873 1865
f 1865 1873 1874
f 638 1843 635
f 635 1843 1510
f 1344 1343 1511
f 1511 1343 1509
f 772 1539 773
f 773 1539 1871
f 674 1200 1402
f 1402 1200 1545
f 1538 1286 1763
f 1763 1286 683
f 1444 1443 1875
f 1875 1443 1876
f 1875 1876 1831
f 1831 1876 1832
f 1416 1344 1872
f 1872 1344 1511
f 1877 1878 774
f 774 1878 1879
f 1878 1847 1879
f 1879 1847 1846
f 1880 714 1881
f 1881 714 1848
f 1401 1444 1861
f 1861 1444 1875
f 1861 1875 636
f 636 1875 1831
f 1823 1863 1882
f 1882 1863 1862
f 1441 1440 1884
f 1884 1440 1883
f 1883 1852 1884
f 1884 1852 1851
f 1886 1887 1885
f 1885 1887 1888
f 1358 1889 1359
f 1359 1889 1890
f 1891 1886 1892
f 1892 1886 1885
f 774 1879 775
f 775 1879 1893
f 1859 1893 1846
f 1846 1893 1879
f 713 1842 1849
f 1849 1842 1860
f 1318 1895 1894
f 1894 1895 1896
f 1873 1897 1874
f 1874 1897 1898
f 1898 605 1899
f 1899 605 675
f 1405 1844 675
f 675 1844 1899
f 1404 1845 1405
f 1405 1845 1844
f 593 1296 591
f 591 1296 1809
f 1295 1292 1900
f 1900 1292 1895
f 606 1897 1291
f 1291 1897 1896
f 1510 1845 1511
f 1511 1845 1872
f 1871 1872 1404
f 1404 1872 1845
f 1866 770 1762
f 1762 770 1546
f 1762 682 1866
f 1866 682 1867
f 1870 1868 1272
f 1272 1868 681
f 1272 717 1870
f 1870 717 720
f 1870 720 786
f 786 720 1433
f 786 1433 787
f 787 1433 1432
f 1261 1414 1432
f 1432 1414 787
f 1389 1234 1260
f 1260 1234 1415
f 1719 1670 1388
f 1388 1670 1235
f 1718 1671 1719
f 1719 1671 1670
f 1705 1747 1718
f 1718 1747 1671
f 1659 1901 1704
f 1704 1901 1748
f 1877 1903 1902
f 1902 1903 1904
f 1259 1905 1390
f 1390 1905 1394
f 1715 1720 1393
f 1393 1720 1391
f 1716 1721 1715
f 1715 1721 1720
f 1698 1706 1716
f 1716 1706 1721
f 277 276 47
f 47 276 48
f 84 96 81
f 81 96 82
f 80 70 81
f 81 70 85
f 99 97 88
f 88 97 89
f 90 100 88
f 88 100 99
f 101 95 102
f 102 95 94
f 1906 1907 280
f 280 1907 281
f 97 86 89
f 89 86 85
f 60 282 61
f 61 282 281
f 83 82 46
f 46 82 47
f 293 292 420
f 420 292 421
f 419 1908 420
f 420 1908 1909
f 92 95 91
f 91 95 90
f 279 282 93
f 93 282 94
f 276 418 48
f 48 418 421
f 1910 1660 1697
f 1697 1660 1707
f 1703 1624 1700
f 1700 1624 1644
f 1622 1910 1623
f 1623 1910 1697
f 1701 1700 1911
f 1911 1700 1661
f 1700 1644 1661
f 1661 1644 1658
f 1901 1737 1733
f 1733 1737 1645
f 1625 1912 1604
f 1604 1912 1731
f 1912 1913 1731
f 1731 1913 1914
f 1913 1577 1914
f 1914 1577 1572
f 1915 1578 1616
f 1616 1578 1618
f 1915 1916 1598
f 1598 1916 1743
f 1916 1574 1743
f 1743 1574 1573
f 1575 1917 1576
f 1576 1917 1597
f 1917 1609 1597
f 1597 1609 1594
f 1608 1611 1729
f 1729 1611 1610
f 1918 1612 1629
f 1629 1612 1630
f 1626 1918 1627
f 1627 1918 1629
f 1920 1921 1919
f 1919 1921 1922
f 1920 1924 1923
f 1923 1924 1925
f 1926 1927 1924
f 1924 1927 1925
f 1929 1930 1928
f 1928 1930 1931
f 1932 1933 1935
f 1935 1933 1934
f 1937 1938 1936
f 1936 1938 1939
f 1941 1942 1940
f 1940 1942 1943
f 1941 1945 1944
f 1944 1945 1946
f 1947 1948 1694
f 1694 1948 1949
f 1950 1951 1953
f 1953 1951 1952
f 1955 1956 1954
f 1954 1956 1589
f 1958 1956 1957
f 1957 1956 1932
f 1960 1934 1959
f 1959 1934 1933
f 1962 1963 1961
f 1961 1963 1964
f 1965 1955 1751
f 1751 1955 1954
f 1935 1930 1932
f 1932 1930 1957
f 1951 1950 1926
f 1926 1950 1929
f 1966 1967 1593
f 1593 1967 1590
f 1969 1967 1968
f 1968 1967 1964
f 1962 1921 1970
f 1970 1921 1971
f 1963 1945 1964
f 1964 1945 1968
f 1972 1948 1922
f 1922 1948 1919
f 1966 1972 1961
f 1961 1972 1922
f 1958 1953 1587
f 1587 1953 1560
f 1974 1975 1973
f 1973 1975 1976
f 1978 1979 1977
f 1977 1979 1691
f 1979 1975 1691
f 1691 1975 1586
f 1938 1942 1939
f 1939 1942 1980
f 1952 1947 1557
f 1557 1947 1694
f 1969 1978 1981
f 1981 1978 1977
f 1983 1984 1982
f 1982 1984 1985
f 1986 1987 1989
f 1989 1987 1988
f 1990 1991 1983
f 1983 1991 1984
f 1990 1993 1992
f 1992 1993 1994
f 1995 1996 1994
f 1994 1996 1997
f 1999 2000 1998
f 1998 2000 2001
f 2003 2004 2002
f 2002 2004 2005
f 2007 2008 2006
f 2006 2008 2009
f 2011 2012 2010
f 2010 2012 2013
f 2014 2015 2017
f 2017 2015 2016
f 2018 2019 2021
f 2021 2019 2020
f 2022 1989 2024
f 2024 1989 2023
f 1989 1988 2023
f 2023 1988 2025
f 2026 2027 2017
f 2017 2027 2014
f 2029 2030 2028
f 2028 2030 2031
f 2033 2034 2032
f 2032 2034 2035
f 2032 2035 2036
f 2036 2035 2037
f 2039 2040 2038
f 2038 2040 2041
f 1982 2042 1983
f 1983 2042 2043
f 2045 2046 2044
f 2044 2046 2047
f 2049 2050 2048
f 2048 2050 2051
f 2053 2054 2052
f 2052 2054 2055
f 2057 2058 2056
f 2056 2058 2059
f 2060 2061 2033
f 2033 2061 2034
f 2063 2064 2062
f 2062 2064 2065
f 2066 2035 2067
f 2067 2035 2034
f 2069 2039 2068
f 2068 2039 2038
f 2025 2070 2023
f 2023 2070 2071
f 2072 2024 2071
f 2071 2024 2023
f 2074 2020 2073
f 2073 2020 2019
f 2050 2049 2047
f 2047 2049 2075
f 1983 2043 1990
f 1990 2043 1993
f 2006 2050 2007
f 2007 2050 2076
f 2050 2006 2051
f 2051 2006 2077
f 2079 2080 2078
f 2078 2080 2081
f 2082 2083 2085
f 2085 2083 2084
f 2010 2013 2086
f 2086 2013 2087
f 2089 2033 2088
f 2088 2033 2032
f 2090 2060 2089
f 2089 2060 2033
f 2092 2093 2091
f 2091 2093 2094
f 2096 1986 2095
f 2095 1986 2097
f 2097 1986 2022
f 2022 1986 1989
f 2015 2094 2016
f 2016 2094 2098
f 2016 2098 2100
f 2100 2098 2099
f 2017 2016 2101
f 2101 2016 2100
f 2017 2101 2026
f 2026 2101 2102
f 2100 2099 2104
f 2104 2099 2103
f 2104 2105 2100
f 2100 2105 2101
f 2105 2106 2101
f 2101 2106 2102
f 2108 2061 2107
f 2107 2061 2109
f 2111 2112 2110
f 2110 2112 2020
f 2020 2074 2110
f 2110 2074 2113
f 2115 2116 2114
f 2114 2116 2117
f 2118 2119 1995
f 1995 2119 2120
f 2121 2122 2027
f 2027 2122 2014
f 2047 2075 2044
f 2044 2075 2123
f 2124 2125 2127
f 2127 2125 2126
f 2129 2130 2128
f 2128 2130 2131
f 2132 2133 2057
f 2057 2133 2058
f 2134 1999 2136
f 2136 1999 2135
f 2055 2138 2137
f 2137 2138 2139
f 2141 2142 2140
f 2140 2142 2143
f 2083 2082 2064
f 2064 2082 2065
f 2082 2144 2065
f 2065 2144 2145
f 2040 2146 2041
f 2041 2146 2147
f 2060 2090 2148
f 2148 2090 2149
f 2048 2051 2137
f 2137 2051 2150
f 2151 1997 2135
f 2135 1997 1996
f 2152 2150 2077
f 2077 2150 2051
f 2046 2045 2118
f 2118 2045 2119
f 2154 2155 2153
f 2153 2155 2156
f 2158 2159 2157
f 2157 2159 2160
f 2162 2163 2161
f 2161 2163 2164
f 2164 2163 2165
f 2165 2163 2166
f 2168 2169 2167
f 2167 2169 2170
f 2003 2172 2171
f 2171 2172 2173
f 2174 2175 2002
f 2002 2175 2176
f 2145 2177 2065
f 2065 2177 2062
f 2178 2179 2180
f 2180 2179 2134
f 2181 2052 2152
f 2152 2052 2150
f 2040 2127 2146
f 2146 2127 2182
f 2130 2162 2131
f 2131 2162 2161
f 2052 2055 2150
f 2150 2055 2137
f 2184 2185 2183
f 2183 2185 2186
f 2159 2030 2160
f 2160 2030 2187
f 2146 2182 2029
f 2029 2182 2188
f 2189 2190 2192
f 2192 2190 2191
f 2172 2003 2176
f 2176 2003 2002
f 1998 2151 1999
f 1999 2151 2135
f 2177 2172 2062
f 2062 2172 2176
f 2172 2177 2173
f 2173 2177 2193
f 2063 2194 2064
f 2064 2194 2195
f 2066 2197 2196
f 2196 2197 2198
f 2002 2005 2174
f 2174 2005 2199
f 2004 2003 2200
f 2200 2003 2171
f 2198 2201 2171
f 2171 2201 2200
f 2197 2202 2198
f 2198 2202 2201
f 2202 2197 2203
f 2203 2197 2204
f 2196 2198 2173
f 2173 2198 2171
f 2205 2069 2170
f 2170 2069 2206
f 2197 2066 2204
f 2204 2066 2067
f 2107 2207 2108
f 2108 2207 2208
f 2210 2208 2209
f 2209 2208 2207
f 2185 2211 2212
f 2213 2214 2211
f 2211 2214 2212
f 1998 2001 2213
f 2213 2001 2214
f 2134 2215 1999
f 1999 2215 2000
f 2216 2217 2219
f 2219 2217 2218
f 2206 2220 2170
f 2170 2220 2167
f 2069 2068 2206
f 2206 2068 2221
f 2151 1998 2222
f 2222 1998 2213
f 2124 2039 2205
f 2205 2039 2069
f 2142 2223 2143
f 2143 2223 2128
f 2203 2186 2202
f 2202 2186 2185
f 2185 2184 2211
f 2211 2184 2224
f 2224 2225 2222
f 2222 2225 2226
f 2071 2227 2072
f 2072 2227 2228
f 2229 2074 2230
f 2230 2074 2073
f 2074 2229 2113
f 2113 2229 2231
f 2232 2225 2227
f 2227 2225 2224
f 2233 2234 2031
f 2031 2234 2028
f 2236 2231 2235
f 2235 2231 2229
f 2230 2183 2229
f 2229 2183 2235
f 2237 1987 2096
f 2096 1987 1986
f 2152 2238 2181
f 2181 2238 2239
f 2080 2240 2081
f 2081 2240 2241
f 2236 2242 1971
f 1971 2242 1970
f 1925 2113 1923
f 1923 2113 2231
f 2110 1927 2111
f 2111 1927 1928
f 2103 2111 1931
f 1931 2111 1928
f 1931 2243 2103
f 2103 2243 2104
f 2105 2104 2244
f 2244 2104 2243
f 1939 1980 2148
f 2148 1980 2109
f 1980 1944 2109
f 2109 1944 2107
f 1946 2245 2207
f 2207 2245 2209
f 2245 1970 2209
f 2209 1970 2242
f 2231 2236 1923
f 1923 2236 1971
f 2113 1925 2110
f 2110 1925 1927
f 2234 2246 2028
f 2028 2246 2147
f 2247 2248 2058
f 2058 2248 2059
f 2114 2117 2249
f 2249 2117 2250
f 2252 2253 2251
f 2251 2253 2254
f 2094 2015 2091
f 2091 2015 2255
f 2256 2255 2014
f 2014 2255 2015
f 2257 2145 2258
f 2258 2145 2144
f 2131 2161 2123
f 2123 2161 2044
f 2045 2044 2164
f 2164 2044 2161
f 2045 2164 2119
f 2119 2164 2165
f 2259 2120 2165
f 2165 2120 2119
f 2260 2261 2259
f 2259 2261 2120
f 2205 2262 2124
f 2124 2262 2125
f 2180 2263 2178
f 2178 2263 2264
f 2265 2266 2092
f 2092 2266 2093
f 1992 2267 2268
f 2184 2228 2224
f 2224 2228 2227
f 2048 2269 2049
f 2049 2269 2141
f 2129 2168 2157
f 2157 2168 2167
f 2049 2141 2075
f 2075 2141 2140
f 2199 2215 2270
f 2270 2215 2271
f 2142 2141 2272
f 2272 2141 2269
f 2089 2026 2090
f 2090 2026 2102
f 2146 2029 2147
f 2147 2029 2028
f 2111 2103 2112
f 2112 2103 2099
f 2061 2060 2109
f 2109 2060 2148
f 2273 2274 2041
f 2041 2274 2038
f 2260 2275 2261
f 2261 2275 2136
f 2057 2138 2132
f 2132 2138 2276
f 2272 2269 2056
f 2056 2269 2139
f 2277 2278 2270
f 2270 2278 2199
f 2029 2188 2030
f 2030 2188 2187
f 2040 2039 2127
f 2127 2039 2124
f 2064 2195 2083
f 2083 2195 2279
f 2056 2139 2057
f 2057 2139 2138
f 2278 2277 2247
f 2247 2277 2248
f 2062 2176 2063
f 2063 2176 2175
f 2280 2210 2242
f 2242 2210 2209
f 2282 2233 2281
f 2281 2233 2031
f 2216 2219 2283
f 2283 2219 2221
f 2158 2220 2218
f 2218 2220 2219
f 2217 2282 2218
f 2218 2282 2281
f 2220 2158 2167
f 2167 2158 2157
f 2223 2264 2128
f 2128 2264 2263
f 2261 1996 2120
f 2120 1996 1995
f 2213 2211 2222
f 2222 2211 2224
f 2283 2221 2284
f 2284 2221 2068
f 2135 1996 2136
f 2136 1996 2261
f 2144 2081 2258
f 2258 2081 2241
f 2235 2280 2236
f 2236 2280 2242
f 2246 2273 2147
f 2147 2273 2041
f 2036 2285 2032
f 2032 2285 2088
f 2077 2286 2152
f 2152 2286 2238
f 1937 1960 1973
f 1973 1960 1959
f 2070 2232 2071
f 2071 2232 2227
f 2244 2287 2105
f 2105 2287 2106
f 1936 1939 2149
f 2149 1939 2148
f 1944 1946 2107
f 2107 1946 2207
f 2285 2121 2088
f 2088 2121 2027
f 2253 2249 2254
f 2254 2249 2250
f 2006 2009 2077
f 2077 2009 2286
f 2289 2086 2288
f 2288 2086 2087
f 2223 2142 2290
f 2290 2142 2272
f 2128 2131 2143
f 2143 2131 2123
f 2156 2291 2153
f 2153 2291 2175
f 2292 2293 2278
f 2278 2293 2294
f 2075 2140 2123
f 2123 2140 2143
f 2262 2169 2275
f 2275 2169 2180
f 2275 2180 2136
f 2136 2180 2134
f 2274 2284 2038
f 2038 2284 2068
f 2127 2126 2182
f 2182 2126 2166
f 2094 2093 2098
f 2098 2093 2021
f 2098 2021 2099
f 2099 2021 2112
f 2018 2021 2266
f 2266 2021 2093
f 2251 2289 2252
f 2252 2289 2288
f 1997 2151 2226
f 2226 2151 2222
f 2206 2221 2220
f 2220 2221 2219
f 2269 2048 2139
f 2139 2048 2137
f 2159 2158 2281
f 2281 2158 2218
f 2156 2155 2190
f 2190 2155 2191
f 1974 1965 1583
f 1583 1965 1751
f 2088 2027 2089
f 2089 2027 2026
f 2030 2159 2031
f 2031 2159 2281
f 2106 2149 2102
f 2102 2149 2090
f 2287 1936 2106
f 2106 1936 2149
f 2293 2154 2294
f 2294 2154 2153
f 2021 2020 2112
f 2247 2295 2278
f 2278 2295 2292
f 2284 2296 2283
f 2283 2296 2297
f 2298 2296 2274
f 2274 2296 2284
f 2273 2299 2274
f 2274 2299 2298
f 2246 2300 2273
f 2273 2300 2299
f 2283 2297 2216
f 2216 2297 2301
f 2216 2301 2217
f 2217 2301 2302
f 2302 2303 2217
f 2217 2303 2282
f 2304 2301 2305
f 2305 2301 2297
f 2307 2308 2306
f 2306 2308 2309
f 2306 2310 2307
f 2307 2310 2311
f 2307 2312 2308
f 2308 2312 2313
f 2314 2315 2312
f 2312 2315 2316
f 2316 2317 2312
f 2312 2317 2313
f 2317 2305 2313
f 2313 2305 2318
f 2314 2312 2311
f 2311 2312 2307
f 2319 2320 2322
f 2322 2320 2321
f 2322 2311 2319
f 2319 2311 2310
f 2313 2318 2308
f 2308 2318 2309
f 2296 2298 2318
f 2318 2298 2309
f 2309 2298 2323
f 2323 2298 2299
f 2306 2309 2324
f 2324 2309 2323
f 2310 2306 2325
f 2325 2306 2324
f 2296 2318 2297
f 2297 2318 2305
f 2319 2310 2326
f 2326 2310 2325
f 2328 2325 2327
f 2327 2325 2324
f 2325 2328 2326
f 2326 2328 2329
f 2331 2328 2330
f 2330 2328 2327
f 2332 2333 2327
f 2327 2333 2330
f 2328 2331 2329
f 2329 2331 2334
f 2324 2323 2327
f 2327 2323 2332
f 2300 2332 2299
f 2299 2332 2323
f 2326 2335 2319
f 2319 2335 2320
f 2305 2317 2336
f 2336 2317 2316
f 2336 2316 2337
f 2337 2316 2315
f 2338 2304 2336
f 2336 2304 2305
f 2337 2339 2336
f 2336 2339 2338
f 2337 2315 2341
f 2341 2315 2340
f 2342 2300 2234
f 2234 2300 2246
f 2303 2343 2282
f 2282 2343 2233
f 2234 2233 2342
f 2342 2233 2343
f 2342 2343 2333
f 2333 2343 2344
f 2333 2344 2330
f 2330 2344 2345
f 2346 2344 2303
f 2303 2344 2343
f 2332 2300 2333
f 2333 2300 2342
f 2347 2346 2302
f 2302 2346 2303
f 2301 2304 2302
f 2302 2304 2347
f 2304 2338 2347
f 2347 2338 2348
f 2348 2349 2347
f 2347 2349 2346
f 2350 2351 2348
f 2348 2351 2349
f 2349 2345 2346
f 2346 2345 2344
f 2345 2349 2352
f 2352 2349 2351
f 2338 2339 2348
f 2348 2339 2350
f 2350 2339 2353
f 2353 2339 2354
f 2356 2357 2355
f 2355 2357 2353
f 2351 2350 2357
f 2357 2350 2353
f 2353 2354 2355
f 2355 2354 2335
f 2320 2335 2341
f 2341 2335 2354
f 2339 2337 2354
f 2354 2337 2341
f 2352 2331 2345
f 2345 2331 2330
f 2356 2334 2352
f 2352 2334 2331
f 2356 2352 2357
f 2357 2352 2351
f 2355 2329 2356
f 2356 2329 2334
f 2335 2326 2355
f 2355 2326 2329
f 2321 2314 2322
f 2322 2314 2311
f 2321 2320 2340
f 2340 2320 2341
f 2315 2314 2340
f 2340 2314 2321
f 2125 2260 2126
f 2126 2260 2259
f 2157 2160 2129
f 2129 2160 2130
f 2188 2163 2187
f 2187 2163 2162
f 2182 2166 2188
f 2188 2166 2163
f 2180 2169 2263
f 2263 2169 2168
f 2160 2187 2130
f 2130 2187 2162
f 2275 2260 2262
f 2262 2260 2125
f 2128 2263 2129
f 2129 2263 2168
f 2262 2205 2169
f 2169 2205 2170
f 2165 2166 2259
f 2259 2166 2126
f 2359 2360 2358
f 2358 2360 2361
f 2363 2364 2362
f 2362 2364 2365
f 2367 2363 2366
f 2366 2363 2362
f 2368 2369 2371
f 2371 2369 2370
f 2372 2373 2248
f 2248 2373 2059
f 2364 2374 2365
f 2365 2374 2375
f 2377 2378 2376
f 2376 2378 2379
f 2290 2380 2223
f 2223 2380 2381
f 2223 2381 2264
f 2264 2381 2382
f 2384 2385 2383
f 2383 2385 2386
f 2364 2371 2374
f 2374 2371 2387
f 2059 2373 2290
f 2290 2373 2380
f 2378 2360 2379
f 2379 2360 2388
f 2374 2387 2359
f 2359 2387 2389
f 2390 2367 2386
f 2386 2367 2391
f 2393 2394 2392
f 2392 2394 2395
f 2386 2391 2383
f 2383 2391 2396
f 2367 2366 2391
f 2391 2366 2397
f 2363 2367 2368
f 2368 2367 2390
f 2398 2399 2361
f 2361 2399 2358
f 2399 2400 2358
f 2358 2400 2375
f 2390 2401 2368
f 2368 2401 2369
f 2372 2384 2376
f 2376 2384 2383
f 2374 2359 2375
f 2375 2359 2358
f 2402 2403 2365
f 2365 2403 2362
f 2359 2389 2360
f 2360 2389 2388
f 2364 2363 2371
f 2371 2363 2368
f 2405 2398 2404
f 2404 2398 2361
f 2392 2395 2406
f 2406 2395 2397
f 2377 2396 2394
f 2394 2396 2395
f 2394 2393 2404
f 2404 2393 2405
f 2396 2377 2383
f 2383 2377 2376
f 2406 2397 2407
f 2407 2397 2366
f 2400 2402 2375
f 2375 2402 2365
f 2385 2270 2401
f 2401 2270 2271
f 2403 2407 2362
f 2362 2407 2366
f 2371 2370 2387
f 2387 2370 2382
f 2391 2397 2396
f 2396 2397 2395
f 2378 2377 2404
f 2404 2377 2394
f 2360 2378 2361
f 2361 2378 2404
f 2407 2408 2406
f 2406 2408 2409
f 2410 2408 2403
f 2403 2408 2407
f 2411 2410 2402
f 2402 2410 2403
f 2412 2411 2400
f 2400 2411 2402
f 2406 2409 2392
f 2392 2409 2413
f 2392 2413 2393
f 2393 2413 2414
f 2415 2405 2414
f 2414 2405 2393
f 2416 2413 2417
f 2417 2413 2409
f 2419 2420 2418
f 2418 2420 2421
f 2420 2422 2421
f 2421 2422 2423
f 2420 2424 2422
f 2422 2424 2425
f 2426 2427 2424
f 2424 2427 2428
f 2428 2429 2424
f 2424 2429 2425
f 2426 2424 2419
f 2419 2424 2420
f 2419 2418 2431
f 2431 2418 2430
f 2425 2432 2422
f 2422 2432 2423
f 2408 2410 2432
f 2432 2410 2423
f 2423 2410 2433
f 2433 2410 2411
f 2421 2423 2434
f 2434 2423 2433
f 2435 2418 2434
f 2434 2418 2421
f 2429 2417 2425
f 2425 2417 2432
f 2408 2432 2409
f 2409 2432 2417
f 2418 2435 2430
f 2430 2435 2436
f 2438 2435 2437
f 2437 2435 2434
f 2435 2438 2436
f 2436 2438 2439
f 2441 2438 2440
f 2440 2438 2437
f 2442 2443 2437
f 2437 2443 2440
f 2439 2438 2444
f 2444 2438 2441
f 2433 2442 2434
f 2434 2442 2437
f 2412 2442 2411
f 2411 2442 2433
f 2436 2445 2430
f 2430 2445 2446
f 2430 2446 2431
f 2431 2446 2447
f 2417 2429 2448
f 2448 2429 2428
f 2427 2449 2428
f 2428 2449 2448
f 2450 2416 2448
f 2448 2416 2417
f 2451 2450 2449
f 2449 2450 2448
f 2427 2452 2449
f 2449 2452 2453
f 2447 2446 2452
f 2452 2446 2453
f 2454 2412 2399
f 2399 2412 2400
f 2415 2455 2405
f 2405 2455 2398
f 2399 2398 2454
f 2454 2398 2455
f 2454 2455 2443
f 2443 2455 2456
f 2443 2456 2440
f 2440 2456 2457
f 2458 2456 2415
f 2415 2456 2455
f 2443 2442 2454
f 2454 2442 2412
f 2459 2458 2414
f 2414 2458 2415
f 2413 2416 2414
f 2414 2416 2459
f 2459 2416 2460
f 2460 2416 2450
f 2460 2461 2459
f 2459 2461 2458
f 2462 2463 2460
f 2460 2463 2461
f 2461 2457 2458
f 2458 2457 2456
f 2457 2461 2464
f 2464 2461 2463
f 2451 2462 2450
f 2450 2462 2460
f 2462 2451 2465
f 2465 2451 2466
f 2468 2469 2467
f 2467 2469 2465
f 2463 2462 2469
f 2469 2462 2465
f 2465 2466 2467
f 2467 2466 2445
f 2446 2445 2453
f 2453 2445 2466
f 2451 2449 2466
f 2466 2449 2453
f 2464 2441 2457
f 2457 2441 2440
f 2468 2444 2464
f 2464 2444 2441
f 2468 2464 2469
f 2469 2464 2463
f 2467 2439 2468
f 2468 2439 2444
f 2445 2436 2467
f 2467 2436 2439
f 2447 2426 2431
f 2431 2426 2419
f 2427 2426 2452
f 2452 2426 2447
f 2369 2179 2370
f 2370 2179 2178
f 2376 2379 2372
f 2372 2379 2373
f 2389 2381 2388
f 2388 2381 2380
f 2387 2382 2389
f 2389 2382 2381
f 2270 2385 2277
f 2277 2385 2384
f 2379 2388 2373
f 2373 2388 2380
f 2401 2271 2369
f 2369 2271 2179
f 2248 2277 2372
f 2372 2277 2384
f 2401 2390 2385
f 2385 2390 2386
f 2264 2382 2178
f 2178 2382 2370
f 2215 2134 2271
f 2271 2134 2179
f 2005 2000 2199
f 2199 2000 2215
f 2004 2001 2005
f 2005 2001 2000
f 2200 2214 2004
f 2004 2214 2001
f 2470 2471 2473
f 2473 2471 2472
f 2475 2476 2474
f 2474 2476 2477
f 2479 2475 2478
f 2478 2475 2474
f 2481 2482 2480
f 2480 2482 2483
f 2476 2484 2477
f 2477 2484 2485
f 2487 2488 2486
f 2486 2488 2489
f 2133 2490 2058
f 2058 2490 2491
f 2058 2491 2247
f 2247 2491 2492
f 2494 2495 2493
f 2493 2495 2496
f 2476 2483 2484
f 2484 2483 2497
f 2472 2498 2488
f 2488 2498 2489
f 2484 2497 2471
f 2471 2497 2499
f 2500 2479 2496
f 2496 2479 2501
f 2502 2503 2505
f 2505 2503 2504
f 2496 2501 2493
f 2493 2501 2506
f 2479 2478 2501
f 2501 2478 2507
f 2475 2479 2480
f 2480 2479 2500
f 2508 2509 2473
f 2473 2509 2470
f 2509 2510 2470
f 2470 2510 2485
f 2511 2481 2500
f 2500 2481 2480
f 2512 2494 2486
f 2486 2494 2493
f 2485 2484 2470
f 2470 2484 2471
f 2513 2514 2477
f 2477 2514 2474
f 2471 2499 2472
f 2472 2499 2498
f 2476 2475 2483
f 2483 2475 2480
f 2516 2508 2515
f 2515 2508 2473
f 2502 2505 2517
f 2517 2505 2507
f 2504 2487 2505
f 2505 2487 2506
f 2503 2516 2504
f 2504 2516 2515
f 2506 2487 2493
f 2493 2487 2486
f 2517 2507 2518
f 2518 2507 2478
f 2510 2513 2485
f 2485 2513 2477
f 2511 2495 2293
f 2293 2495 2154
f 2514 2518 2474
f 2474 2518 2478
f 2483 2482 2497
f 2497 2482 2492
f 2501 2507 2506
f 2506 2507 2505
f 2488 2487 2515
f 2515 2487 2504
f 2472 2488 2473
f 2473 2488 2515
f 2518 2519 2517
f 2517 2519 2520
f 2521 2519 2514
f 2514 2519 2518
f 2522 2521 2513
f 2513 2521 2514
f 2523 2522 2510
f 2510 2522 2513
f 2517 2520 2502
f 2502 2520 2524
f 2502 2524 2503
f 2503 2524 2525
f 2525 2526 2503
f 2503 2526 2516
f 2527 2524 2528
f 2528 2524 2520
f 2530 2531 2529
f 2529 2531 2532
f 2531 2533 2532
f 2532 2533 2534
f 2531 2535 2533
f 2533 2535 2536
f 2537 2538 2535
f 2535 2538 2539
f 2539 2540 2535
f 2535 2540 2536
f 2537 2535 2530
f 2530 2535 2531
f 2529 2541 2530
f 2530 2541 2542
f 2543 2534 2536
f 2536 2534 2533
f 2519 2521 2543
f 2543 2521 2534
f 2534 2521 2544
f 2544 2521 2522
f 2532 2534 2545
f 2545 2534 2544
f 2529 2532 2546
f 2546 2532 2545
f 2536 2540 2543
f 2543 2540 2528
f 2519 2543 2520
f 2520 2543 2528
f 2541 2529 2547
f 2547 2529 2546
f 2548 2549 2545
f 2545 2549 2546
f 2549 2550 2546
f 2546 2550 2547
f 2551 2552 2548
f 2548 2552 2549
f 2548 2553 2551
f 2551 2553 2554
f 2550 2549 2555
f 2555 2549 2552
f 2545 2544 2548
f 2548 2544 2553
f 2523 2553 2522
f 2522 2553 2544
f 2547 2556 2541
f 2541 2556 2557
f 2541 2557 2542
f 2542 2557 2558
f 2528 2540 2559
f 2559 2540 2539
f 2538 2560 2539
f 2539 2560 2559
f 2561 2527 2559
f 2559 2527 2528
f 2560 2562 2559
f 2559 2562 2561
f 2560 2538 2564
f 2564 2538 2563
f 2558 2557 2563
f 2563 2557 2564
f 2565 2523 2509
f 2509 2523 2510
f 2526 2566 2516
f 2516 2566 2508
f 2509 2508 2565
f 2565 2508 2566
f 2565 2566 2554
f 2554 2566 2567
f 2554 2567 2551
f 2551 2567 2568
f 2569 2567 2526
f 2526 2567 2566
f 2553 2523 2554
f 2554 2523 2565
f 2570 2569 2525
f 2525 2569 2526
f 2524 2527 2525
f 2525 2527 2570
f 2527 2561 2570
f 2570 2561 2571
f 2571 2572 2570
f 2570 2572 2569
f 2573 2574 2571
f 2571 2574 2572
f 2572 2568 2569
f 2569 2568 2567
f 2568 2572 2575
f 2575 2572 2574
f 2562 2573 2561
f 2561 2573 2571
f 2573 2562 2576
f 2576 2562 2577
f 2579 2580 2578
f 2578 2580 2576
f 2574 2573 2580
f 2580 2573 2576
f 2576 2577 2578
f 2578 2577 2556
f 2557 2556 2564
f 2564 2556 2577
f 2562 2560 2577
f 2577 2560 2564
f 2575 2552 2568
f 2568 2552 2551
f 2579 2555 2575
f 2575 2555 2552
f 2579 2575 2580
f 2580 2575 2574
f 2550 2555 2578
f 2578 2555 2579
f 2556 2547 2578
f 2578 2547 2550
f 2558 2537 2542
f 2542 2537 2530
f 2538 2537 2563
f 2563 2537 2558
f 2292 2295 2481
f 2481 2295 2482
f 2486 2489 2512
f 2512 2489 2581
f 2499 2491 2498
f 2498 2491 2490
f 2497 2492 2499
f 2499 2492 2491
f 2155 2154 2494
f 2494 2154 2495
f 2581 2489 2490
f 2490 2489 2498
f 2293 2292 2511
f 2511 2292 2481
f 2191 2155 2512
f 2512 2155 2494
f 2500 2496 2511
f 2511 2496 2495
f 2247 2492 2295
f 2295 2492 2482
f 2583 2584 2582
f 2582 2584 2585
f 2587 2588 2586
f 2586 2588 2589
f 2591 2587 2590
f 2590 2587 2586
f 2593 2594 2592
f 2592 2594 2595
f 2596 2597 2599
f 2599 2597 2598
f 2588 2600 2589
f 2589 2600 2601
f 2602 2603 2605
f 2605 2603 2604
f 2606 2607 2609
f 2609 2607 2608
f 2609 2608 2190
f 2190 2608 2610
f 2611 2612 2614
f 2614 2612 2613
f 2600 2588 2615
f 2615 2588 2595
f 2599 2598 2606
f 2606 2598 2607
f 2584 2616 2604
f 2604 2616 2605
f 2600 2615 2583
f 2583 2615 2617
f 2591 2619 2618
f 2618 2619 2614
f 2621 2622 2620
f 2620 2622 2623
f 2619 2624 2614
f 2614 2624 2611
f 2591 2590 2619
f 2619 2590 2625
f 2587 2591 2592
f 2592 2591 2618
f 2626 2627 2585
f 2585 2627 2582
f 2627 2628 2582
f 2582 2628 2601
f 2629 2593 2618
f 2618 2593 2592
f 2602 2597 2611
f 2611 2597 2612
f 2600 2583 2601
f 2601 2583 2582
f 2630 2631 2589
f 2589 2631 2586
f 2583 2617 2584
f 2584 2617 2616
f 2588 2587 2595
f 2595 2587 2592
f 2633 2626 2632
f 2632 2626 2585
f 2620 2623 2634
f 2634 2623 2625
f 2622 2603 2623
f 2623 2603 2624
f 2621 2633 2622
f 2622 2633 2632
f 2611 2624 2602
f 2602 2624 2603
f 2634 2625 2635
f 2635 2625 2590
f 2628 2630 2601
f 2601 2630 2589
f 2613 2195 2629
f 2629 2195 2194
f 2631 2635 2586
f 2586 2635 2590
f 2595 2594 2615
f 2615 2594 2610
f 2619 2625 2624
f 2624 2625 2623
f 2632 2604 2622
f 2622 2604 2603
f 2585 2584 2632
f 2632 2584 2604
f 2635 2636 2634
f 2634 2636 2637
f 2638 2636 2631
f 2631 2636 2635
f 2639 2638 2630
f 2630 2638 2631
f 2640 2639 2628
f 2628 2639 2630
f 2634 2637 2620
f 2620 2637 2641
f 2620 2641 2621
f 2621 2641 2642
f 2642 2643 2621
f 2621 2643 2633
f 2641 2637 2644
f 2644 2637 2645
f 2646 2647 2649
f 2649 2647 2648
f 2648 2650 2649
f 2649 2650 2651
f 2648 2652 2650
f 2650 2652 2653
f 2652 2654 2656
f 2656 2654 2655
f 2656 2657 2652
f 2652 2657 2653
f 2654 2652 2647
f 2647 2652 2648
f 2647 2646 2659
f 2659 2646 2658
f 2660 2651 2653
f 2653 2651 2650
f 2636 2638 2660
f 2660 2638 2651
f 2651 2638 2661
f 2661 2638 2639
f 2651 2661 2649
f 2649 2661 2662
f 2663 2646 2662
f 2662 2646 2649
f 2653 2657 2660
f 2660 2657 2645
f 2636 2660 2637
f 2637 2660 2645
f 2646 2663 2658
f 2658 2663 2664
f 2665 2666 2662
f 2662 2666 2663
f 2666 2667 2663
f 2663 2667 2664
f 2668 2669 2665
f 2665 2669 2666
f 2665 2670 2668
f 2668 2670 2671
f 2667 2666 2672
f 2672 2666 2669
f 2662 2661 2665
f 2665 2661 2670
f 2640 2670 2639
f 2639 2670 2661
f 2673 2674 2664
f 2664 2674 2658
f 2658 2674 2659
f 2659 2674 2675
f 2645 2657 2676
f 2676 2657 2656
f 2677 2676 2655
f 2655 2676 2656
f 2676 2678 2645
f 2645 2678 2644
f 2677 2679 2676
f 2676 2679 2678
f 2655 2680 2677
f 2677 2680 2681
f 2675 2674 2680
f 2680 2674 2681
f 2682 2640 2627
f 2627 2640 2628
f 2643 2683 2633
f 2633 2683 2626
f 2682 2627 2683
f 2683 2627 2626
f 2683 2684 2682
f 2682 2684 2671
f 2684 2685 2671
f 2671 2685 2668
f 2686 2684 2643
f 2643 2684 2683
f 2670 2640 2671
f 2671 2640 2682
f 2687 2686 2642
f 2642 2686 2643
f 2642 2641 2687
f 2687 2641 2644
f 2687 2644 2688
f 2688 2644 2678
f 2688 2689 2687
f 2687 2689 2686
f 2690 2691 2688
f 2688 2691 2689
f 2689 2685 2686
f 2686 2685 2684
f 2685 2689 2692
f 2692 2689 2691
f 2679 2690 2678
f 2678 2690 2688
f 2690 2679 2693
f 2693 2679 2694
f 2696 2697 2695
f 2695 2697 2693
f 2691 2690 2697
f 2697 2690 2693
f 2693 2694 2695
f 2695 2694 2673
f 2674 2673 2681
f 2681 2673 2694
f 2679 2677 2694
f 2694 2677 2681
f 2685 2692 2668
f 2668 2692 2669
f 2696 2672 2692
f 2692 2672 2669
f 2696 2692 2697
f 2697 2692 2691
f 2695 2667 2696
f 2696 2667 2672
f 2673 2664 2695
f 2695 2664 2667
f 2675 2654 2659
f 2659 2654 2647
f 2655 2654 2680
f 2680 2654 2675
f 2291 2156 2593
f 2593 2156 2594
f 2597 2602 2598
f 2598 2602 2605
f 2616 2617 2607
f 2607 2617 2608
f 2615 2610 2617
f 2617 2610 2608
f 2597 2596 2612
f 2612 2596 2698
f 2598 2605 2607
f 2607 2605 2616
f 2194 2291 2629
f 2629 2291 2593
f 2629 2618 2613
f 2613 2618 2614
f 2190 2610 2156
f 2156 2610 2594
f 2700 2010 2699
f 2699 2010 2086
f 2267 2701 2116
f 2116 2701 2702
f 2116 2702 2117
f 2117 2702 2703
f 2704 2705 2250
f 2250 2705 2254
f 2011 2706 2267
f 2267 2706 2701
f 2699 2086 2707
f 2707 2086 2289
f 2010 2700 2011
f 2011 2700 2706
f 2708 2707 2251
f 2251 2707 2289
f 2703 2704 2117
f 2117 2704 2250
f 2705 2708 2254
f 2254 2708 2251
f 2709 2710 2708
f 2708 2710 2707
f 2711 2709 2705
f 2705 2709 2708
f 2712 2711 2704
f 2704 2711 2705
f 2713 2712 2703
f 2703 2712 2704
f 2707 2710 2699
f 2699 2710 2714
f 2699 2714 2700
f 2700 2714 2715
f 2716 2706 2715
f 2715 2706 2700
f 2714 2710 2717
f 2717 2710 2718
f 2720 2721 2719
f 2719 2721 2722
f 2721 2723 2722
f 2722 2723 2724
f 2721 2725 2723
f 2723 2725 2726
f 2727 2728 2725
f 2725 2728 2726
f 2729 2725 2720
f 2720 2725 2721
f 2731 2729 2730
f 2730 2729 2720
f 2719 2732 2720
f 2720 2732 2730
f 2726 2733 2723
f 2723 2733 2724
f 2709 2711 2733
f 2733 2711 2724
f 2724 2711 2734
f 2734 2711 2712
f 2722 2724 2735
f 2735 2724 2734
f 2719 2722 2736
f 2736 2722 2735
f 2726 2728 2733
f 2733 2728 2718
f 2709 2733 2710
f 2710 2733 2718
f 2732 2719 2737
f 2737 2719 2736
f 2738 2739 2735
f 2735 2739 2736
f 2739 2740 2736
f 2736 2740 2737
f 2741 2742 2738
f 2738 2742 2739
f 2738 2743 2741
f 2741 2743 2744
f 2740 2739 2745
f 2745 2739 2742
f 2735 2734 2738
f 2738 2734 2743
f 2713 2743 2712
f 2712 2743 2734
f 2737 2746 2732
f 2732 2746 2747
f 2732 2747 2730
f 2730 2747 2731
f 2718 2728 2748
f 2748 2728 2727
f 2749 2750 2727
f 2727 2750 2748
f 2748 2751 2718
f 2718 2751 2717
f 2750 2752 2748
f 2748 2752 2751
f 2750 2749 2754
f 2754 2749 2753
f 2731 2747 2753
f 2753 2747 2754
f 2727 2725 2749
f 2749 2725 2729
f 2749 2729 2753
f 2753 2729 2731
f 2702 2755 2703
f 2703 2755 2713
f 2706 2716 2701
f 2701 2716 2756
f 2755 2702 2756
f 2756 2702 2701
f 2756 2757 2755
f 2755 2757 2744
f 2757 2758 2744
f 2744 2758 2741
f 2759 2757 2716
f 2716 2757 2756
f 2743 2713 2744
f 2744 2713 2755
f 2760 2759 2715
f 2715 2759 2716
f 2715 2714 2760
f 2760 2714 2717
f 2760 2717 2761
f 2761 2717 2751
f 2761 2762 2760
f 2760 2762 2759
f 2763 2764 2761
f 2761 2764 2762
f 2762 2758 2759
f 2759 2758 2757
f 2758 2762 2765
f 2765 2762 2764
f 2752 2763 2751
f 2751 2763 2761
f 2763 2752 2766
f 2766 2752 2767
f 2768 2769 2766
f 2766 2769 2770
f 2764 2763 2770
f 2770 2763 2766
f 2766 2767 2768
f 2768 2767 2746
f 2747 2746 2754
f 2754 2746 2767
f 2752 2750 2767
f 2767 2750 2754
f 2758 2765 2741
f 2741 2765 2742
f 2769 2745 2765
f 2765 2745 2742
f 2769 2765 2770
f 2770 2765 2764
f 2768 2740 2769
f 2769 2740 2745
f 2746 2737 2768
f 2768 2737 2740
f 2201 2212 2200
f 2200 2212 2214
f 2201 2202 2212
f 2212 2202 2185
f 2512 2581 2191
f 2191 2581 2192
f 2059 2290 2056
f 2056 2290 2272
f 2174 2199 2294
f 2294 2199 2278
f 2063 2175 2194
f 2194 2175 2291
f 2192 2581 2133
f 2133 2581 2490
f 2133 2132 2192
f 2192 2132 2189
f 2054 2276 2055
f 2055 2276 2138
f 2083 2279 2084
f 2084 2279 2771
f 2771 2279 2599
f 2599 2279 2596
f 2606 2772 2599
f 2599 2772 2771
f 2772 2773 2771
f 2771 2773 2084
f 2773 2774 2084
f 2084 2774 2085
f 2085 2775 2082
f 2082 2775 2144
f 2774 2078 2085
f 2085 2078 2775
f 2078 2774 2079
f 2079 2774 2776
f 2774 2773 2776
f 2776 2773 2777
f 2773 2772 2777
f 2777 2772 2778
f 2190 2189 2609
f 2609 2189 2778
f 2053 2052 2779
f 2779 2052 2181
f 2144 2775 2081
f 2081 2775 2078
f 2294 2153 2174
f 2174 2153 2175
f 2132 2276 2189
f 2189 2276 2778
f 2606 2609 2772
f 2772 2609 2778
f 2195 2613 2698
f 2698 2613 2612
f 2596 2279 2698
f 2698 2279 2195
f 2054 2777 2276
f 2276 2777 2778
f 2777 2054 2776
f 2776 2054 2053
f 2053 2779 2776
f 2776 2779 2079
f 2779 2181 2079
f 2079 2181 2080
f 2181 2239 2080
f 2080 2239 2240
f 2122 2256 2014
f 2042 1982 2076
f 2076 1982 2007
f 1982 1985 2007
f 2007 1985 2008
f 2095 2097 2265
f 2265 2097 2266
f 2076 2050 2042
f 2042 2050 2047
f 2046 2043 2047
f 2047 2043 2042
f 2118 1993 2046
f 2046 1993 2043
f 1995 1994 2118
f 2118 1994 1993
f 2267 1992 2011
f 2011 1992 2012
f 1997 2012 1994
f 1994 2012 1992
f 2226 2013 1997
f 1997 2013 2012
f 2225 2087 2226
f 2226 2087 2013
f 2225 2232 2087
f 2087 2232 2288
f 2232 2070 2288
f 2288 2070 2252
f 2070 2025 2252
f 2252 2025 2253
f 1988 2249 2025
f 2025 2249 2253
f 2116 2115 2267
f 2267 2115 2268
f 2096 1984 2237
f 2237 1984 1991
f 2095 1985 2096
f 2096 1985 1984
f 2265 2008 2095
f 2095 2008 1985
f 2092 2009 2265
f 2265 2009 2008
f 2091 2286 2092
f 2092 2286 2009
f 2255 2238 2091
f 2091 2238 2286
f 2256 2239 2255
f 2255 2239 2238
f 2122 2240 2256
f 2256 2240 2239
f 2121 2241 2122
f 2122 2241 2240
f 2022 2018 2097
f 2097 2018 2266
f 2022 2024 2018
f 2018 2024 2019
f 2024 2072 2019
f 2019 2072 2073
f 2072 2228 2073
f 2073 2228 2230
f 2228 2184 2230
f 2230 2184 2183
f 2121 2285 2241
f 2241 2285 2258
f 2285 2036 2258
f 2258 2036 2257
f 2177 2145 2193
f 2193 2145 2257
f 2173 2193 2196
f 2196 2193 2037
f 2036 2037 2257
f 2257 2037 2193
f 2196 2037 2066
f 2066 2037 2035
f 2061 2108 2034
f 2034 2108 2067
f 2108 2208 2067
f 2067 2208 2204
f 2208 2210 2204
f 2204 2210 2203
f 2210 2280 2203
f 2203 2280 2186
f 2183 2186 2235
f 2235 2186 2280
f 1987 2114 1988
f 1988 2114 2249
f 2237 2115 1987
f 1987 2115 2114
f 1991 2268 2237
f 2237 2268 2115
f 1991 1990 2268
f 2268 1990 1992
f 107 110 2781
f 2781 110 2780
f 117 2782 118
f 118 2782 2783
f 119 2784 120
f 120 2784 2785
f 125 2786 126
f 126 2786 2787
f 127 2788 128
f 128 2788 2789
f 127 132 2788
f 2788 132 2790
f 231 230 2792
f 2792 230 2791
f 118 2783 119
f 119 2783 2784
f 241 243 2794
f 2794 243 2793
f 2781 2795 107
f 107 2795 352
f 120 2785 437
f 437 2785 2796
f 126 2787 110
f 110 2787 2780
f 455 2797 456
f 456 2797 2798
f 128 2789 457
f 457 2789 2799
f 456 2798 117
f 117 2798 2782
f 2794 2797 241
f 241 2797 455
f 457 2799 125
f 125 2799 2786
f 132 231 2790
f 2790 231 2792
f 230 437 2791
f 2791 437 2796
f 2792 2789 2790
f 2790 2789 2788
f 2785 2784 2801
f 2801 2784 2800
f 2786 2802 2787
f 2787 2802 2803
f 2792 2791 2805
f 2805 2791 2804
f 2784 2783 2800
f 2800 2783 2806
f 2785 2801 2796
f 2796 2801 2807
f 2787 2803 2780
f 2780 2803 2808
f 2789 2809 2799
f 2799 2809 2810
f 2799 2810 2786
f 2786 2810 2802
f 2791 2796 2804
f 2804 2796 2807
f 2789 2792 2809
f 2809 2792 2805
f 2812 2797 2811
f 2811 2797 2794
f 2809 2805 2810
f 2810 2805 2804
f 2810 2804 2802
f 2802 2804 2807
f 2802 2807 2803
f 2803 2807 2801
f 2808 2803 2800
f 2800 2803 2801
f 2814 699 2813
f 2813 699 698
f 2808 2815 2780
f 2780 2815 2781
f 2817 2782 2816
f 2816 2782 2798
f 2815 2818 2781
f 2781 2818 2795
f 2797 2812 2798
f 2798 2812 2816
f 2783 2782 2806
f 2806 2782 2817
f 2800 2806 2808
f 2808 2806 2815
f 2794 2793 2811
f 2811 2793 2819
f 174 201 384
f 384 201 362
f 200 1766 390
f 390 1766 1777
f 1777 1778 390
f 390 1778 398
f 1778 361 398
f 398 361 222
f 2820 2821 628
f 628 2821 629
f 1406 2820 790
f 790 2820 628
f 794 1415 1233
f 1233 1415 1234
f 1406 790 1407
f 1407 790 1312
f 1407 1312 2822
f 2822 1312 1316
f 2823 1380 1543
f 1543 1380 1379
f 1385 1738 1382
f 1382 1738 1383
f 1381 791 1382
f 1382 791 1386
f 791 794 1386
f 1386 794 1233
f 1259 1390 1260
f 1260 1390 1389
f 1905 1542 1394
f 1394 1542 1395
f 1410 1413 1397
f 1397 1413 1398
f 2821 1410 629
f 629 1410 1397
f 2823 2822 1380
f 1380 2822 1316
f 1392 1395 1378
f 1378 1395 1379
f 1738 1399 1383
f 1383 1399 1398
f 1388 1235 1389
f 1389 1235 1234
f 1393 1391 1394
f 1394 1391 1390
f 1381 1384 779
f 779 1384 780
f 1282 788 792
f 792 788 793
f 1431 1262 1432
f 1432 1262 1261
f 1400 1342 1408
f 1408 1342 1409
f 1508 1544 1411
f 1411 1544 1412
f 788 787 793
f 793 787 1414
f 2821 2820 1429
f 1429 2820 1430
f 2822 2823 1506
f 1506 2823 1507
f 778 1282 779
f 779 1282 792
f 2820 1406 1430
f 1430 1406 1409
f 1410 2821 1411
f 1411 2821 1429
f 1407 2822 1408
f 1408 2822 1506
f 1544 781 1412
f 1412 781 780
f 1260 1415 1261
f 1261 1415 1414
f 1334 2824 923
f 923 2824 924
f 2826 1268 2825
f 2825 1268 1267
f 769 1212 2827
f 2827 1212 2828
f 1492 1190 1266
f 1266 1190 1267
f 1488 2829 1489
f 1489 2829 2830
f 922 1329 923
f 923 1329 1328
f 1484 2831 1485
f 1485 2831 2832
f 1482 2833 1485
f 1485 2833 1486
f 1324 1493 1489
f 1489 1493 1490
f 1265 1491 1266
f 1266 1491 1490
f 2835 2836 2834
f 2834 2836 2837
f 1250 2838 2827
f 2827 2838 2839
f 1488 1491 2840
f 2840 1491 2841
f 1268 2826 2842
f 2842 2826 2843
f 2844 2845 1495
f 1495 2845 1496
f 1427 2847 2846
f 2846 2847 926
f 2829 1488 2848
f 2848 1488 2840
f 1329 922 2849
f 2849 922 927
f 2850 2851 768
f 768 2851 1213
f 1265 1268 2852
f 2852 1268 2842
f 1491 1265 2841
f 2841 1265 2852
f 2854 2855 2853
f 2853 2855 2856
f 2855 2857 2856
f 2856 2857 598
f 2857 2858 598
f 598 2858 595
f 2858 2859 595
f 595 2859 626
f 649 652 2860
f 2860 652 2861
f 639 642 2862
f 2862 642 2863
f 2864 705 2862
f 2862 705 639
f 2865 1418 2864
f 2864 1418 705
f 2866 2867 2865
f 2865 2867 1418
f 1760 1348 1761
f 1761 1348 2867
f 1764 2868 1197
f 1197 2868 1198
f 2869 611 2868
f 2868 611 1198
f 2870 612 2869
f 2869 612 611
f 1352 1350 944
f 944 1350 688
f 1350 1256 688
f 688 1256 685
f 1256 1255 685
f 685 1255 692
f 1255 2871 692
f 692 2871 2872
f 701 2873 698
f 698 2873 2813
f 2872 1349 692
f 692 1349 693
f 1696 1744 1574
f 1574 1744 1575
f 1753 1618 1577
f 1577 1618 1578
f 1729 1594 1608
f 1608 1594 1609
f 1725 1630 1611
f 1611 1630 1612
f 1604 1607 1625
f 1625 1607 1626
f 1624 1703 1625
f 1625 1703 1912
f 1703 1702 1912
f 1912 1702 1913
f 1702 1753 1913
f 1913 1753 1577
f 1598 1569 1915
f 1915 1569 1578
f 1616 1615 1915
f 1915 1615 1916
f 1615 1696 1916
f 1916 1696 1574
f 1744 1745 1575
f 1575 1745 1917
f 1745 1565 1917
f 1917 1565 1609
f 1568 1725 1608
f 1608 1725 1611
f 2874 1613 1918
f 1918 1613 1612
f 1607 2874 1626
f 1626 2874 1918
f 1610 1613 1562
f 1562 1613 1563
f 1547 1550 1570
f 1570 1550 1571
f 1573 1576 1580
f 1580 1576 1581
f 1553 1556 1595
f 1595 1556 1596
f 1556 1582 1596
f 1596 1582 1581
f 1551 1547 1599
f 1599 1547 1570
f 1731 1914 1601
f 1601 1914 1602
f 1686 1689 1605
f 1605 1689 1606
f 1598 1743 1599
f 1599 1743 1692
f 2874 1607 1723
f 1723 1607 1606
f 1727 1553 1730
f 1730 1553 1595
f 1600 1686 1601
f 1601 1686 1605
f 1914 1572 1602
f 1602 1572 1571
f 1579 1693 1580
f 1580 1693 1692
f 1613 2874 1563
f 1563 2874 1723
f 1561 1727 1562
f 1562 1727 1730
f 1949 1742 1548
f 1548 1742 1549
f 1694 1949 1552
f 1552 1949 1548
f 1954 1589 1554
f 1554 1589 1555
f 1693 1579 1558
f 1558 1579 1559
f 1561 1564 1584
f 1584 1564 1585
f 1582 1556 1588
f 1588 1556 1555
f 1600 1603 1591
f 1591 1603 1592
f 1981 1977 1687
f 1687 1977 1688
f 1564 1722 1585
f 1585 1722 1690
f 1551 1693 1552
f 1552 1693 1558
f 1751 1954 1728
f 1728 1954 1554
f 1590 1981 1591
f 1591 1981 1687
f 1603 1550 1592
f 1592 1550 1549
f 1977 1691 1688
f 1688 1691 1690
f 1587 1560 1588
f 1588 1560 1559
f 1727 1561 1728
f 1728 1561 1584
f 2875 1919 1947
f 1947 1919 1948
f 1557 1560 1952
f 1952 1560 1953
f 1933 1932 1955
f 1955 1932 1956
f 1587 1589 1958
f 1958 1589 1956
f 1959 1933 1965
f 1965 1933 1955
f 1961 1964 1966
f 1966 1964 1967
f 1981 1590 1969
f 1969 1590 1967
f 1742 1949 1972
f 1972 1949 1948
f 1593 1742 1966
f 1966 1742 1972
f 1957 1950 1958
f 1958 1950 1953
f 1583 1586 1974
f 1974 1586 1975
f 1940 1943 1978
f 1978 1943 1979
f 1943 1976 1979
f 1979 1976 1975
f 1951 2875 1952
f 1952 2875 1947
f 1968 1940 1969
f 1969 1940 1978
f 1973 1959 1974
f 1974 1959 1965
f 1923 1971 1920
f 1920 1971 1921
f 1919 2875 1920
f 1920 2875 1924
f 2875 1951 1924
f 1924 1951 1926
f 1950 1957 1929
f 1929 1957 1930
f 2244 2243 1934
f 1934 2243 1935
f 1973 1976 1937
f 1937 1976 1938
f 1944 1980 1941
f 1941 1980 1942
f 1940 1968 1941
f 1941 1968 1945
f 2287 2244 1960
f 1960 2244 1934
f 1970 2245 1962
f 1962 2245 1963
f 2243 1931 1935
f 1935 1931 1930
f 1927 1926 1928
f 1928 1926 1929
f 1961 1922 1962
f 1962 1922 1921
f 2245 1946 1963
f 1963 1946 1945
f 1976 1943 1938
f 1938 1943 1942
f 1936 2287 1937
f 1937 2287 1960
f 743 1238 608
f 608 1238 609
f 607 1811 608
f 608 1811 744
f 1304 2876 1305
f 1305 2876 2877
f 586 585 1298
f 1298 585 1299
f 585 702 1299
f 1299 702 1300
f 702 1428 1300
f 1300 1428 1301
f 1238 586 609
f 609 586 1298
f 2878 2879 1218
f 1218 2879 2877
f 2880 2881 1812
f 1812 2881 1819
f 2883 1821 2882
f 2882 1821 1820
f 2840 2841 620
f 620 2841 621
f 2842 2843 795
f 795 2843 796
f 892 895 2844
f 2844 895 2845
f 2848 2840 942
f 942 2840 620
f 2849 927 1202
f 1202 927 1203
f 2852 2842 1270
f 1270 2842 795
f 2841 2852 621
f 621 2852 1270
f 941 1759 942
f 942 1759 2884
f 659 929 1427
f 1427 929 2847
f 1237 2851 751
f 751 2851 2850
f 1216 2885 1217
f 1217 2885 1754
f 2887 734 2886
f 2886 734 733
f 2889 1816 2888
f 2888 1816 1815
f 2890 1245 2889
f 2889 1245 1816
f 1824 2891 1825
f 1825 2891 1246
f 2892 2893 2895
f 2895 2893 2894
f 1854 1833 1851
f 1851 1833 1832
f 1851 1832 1884
f 1884 1832 1876
f 1884 1876 1441
f 1441 1876 1443
f 1441 1443 1442
f 1442 1443 1446
f 1442 1446 2896
f 2896 1446 1507
f 2897 2823 2898
f 2898 2823 1543
f 1542 2899 1543
f 1543 2899 2898
f 1542 1905 2899
f 2899 1905 2900
f 1905 1259 2900
f 2900 1259 2901
f 1262 1431 2902
f 2902 1431 1904
f 1431 1434 1904
f 1904 1434 1902
f 1902 1434 2903
f 2903 1434 719
f 2903 719 2904
f 2904 719 718
f 1869 1881 718
f 718 1881 2904
f 1881 1869 1880
f 1880 1869 756
f 1880 756 2905
f 2905 756 755
f 2905 755 2906
f 2906 755 758
f 762 2907 763
f 763 2907 2908
f 724 723 2909
f 2909 723 894
f 796 895 723
f 723 895 894
f 2843 2845 796
f 796 2845 895
f 2826 1496 2843
f 2843 1496 2845
f 2825 1497 2826
f 2826 1497 1496
f 1189 2836 2825
f 2825 2836 1497
f 797 891 798
f 798 891 2837
f 802 888 797
f 797 888 891
f 2910 2911 2913
f 2913 2911 2912
f 1780 1783 2915
f 2915 1783 2914
f 2916 2917 831
f 831 2917 832
f 2918 2919 845
f 845 2919 846
f 2920 2916 847
f 847 2916 831
f 2921 2922 857
f 857 2922 858
f 2923 2924 860
f 860 2924 861
f 2919 2912 846
f 846 2912 887
f 2925 2920 940
f 940 2920 847
f 2924 2926 861
f 861 2926 1204
f 2917 2918 832
f 832 2918 845
f 2927 2928 1449
f 1449 2928 1450
f 2929 2930 889
f 889 2930 2931
f 2896 1507 2897
f 2897 1507 2823
f 2902 2901 1262
f 1262 2901 1259
f 2932 2933 750
f 750 2933 1236
f 2933 2934 1236
f 1236 2934 1835
f 2936 2937 2935
f 2935 2937 2938
f 2940 2941 2939
f 2939 2941 2942
f 2943 2944 1841
f 1841 2944 1842
f 2945 1860 2944
f 2944 1860 1842
f 2945 2946 1860
f 1860 2946 1859
f 1889 2947 1890
f 1890 2947 1856
f 1856 2947 1857
f 1857 2947 2948
f 2950 709 2949
f 2949 709 1829
f 2952 730 2951
f 2951 730 729
f 2866 2953 2867
f 2867 2953 1761
f 2953 2954 1761
f 1761 2954 1420
f 2954 2955 1420
f 1420 2955 742
f 2955 2956 742
f 742 2956 739
f 2956 2957 739
f 739 2957 760
f 2957 2958 760
f 760 2958 761
f 2958 2959 761
f 761 2959 2960
f 2959 2961 2960
f 2960 2961 2962
f 2963 2964 1839
f 1839 2964 1840
f 2964 2965 1840
f 1840 2965 2942
f 2966 2950 2939
f 2939 2950 2949
f 2935 2967 2936
f 2936 2967 2968
f 2969 2970 736
f 736 2970 735
f 734 2887 1815
f 1815 2887 2888
f 2887 2882 2888
f 2888 2882 2881
f 1819 1820 1817
f 1817 1820 748
f 1195 1757 1197
f 1197 1757 1424
f 1757 647 1424
f 1424 647 646
f 647 648 646
f 646 648 643
f 648 1271 643
f 643 1271 737
f 1271 725 737
f 737 725 765
f 725 724 765
f 765 724 762
f 762 724 2907
f 2907 724 2909
f 1254 1437 2909
f 2909 1437 2907
f 1438 1253 1836
f 1836 1253 1835
f 1836 1835 2938
f 2938 1835 2934
f 2971 2972 2935
f 2935 2972 2967
f 897 896 2969
f 2969 896 2970
f 1815 1814 734
f 734 1814 731
f 728 1215 896
f 896 1215 732
f 2885 1216 733
f 733 1216 2886
f 1216 1219 2886
f 2886 1219 2883
f 2876 1304 1821
f 1821 1304 749
f 1304 1303 749
f 749 1303 746
f 1818 2973 1817
f 1817 2973 1810
f 747 2974 1818
f 1818 2974 2973
f 747 746 2974
f 2974 746 1303
f 2976 2977 2975
f 2975 2977 2978
f 2976 2979 2901
f 2901 2979 2900
f 2980 2981 2982
f 2982 2981 2979
f 2981 2980 2983
f 2983 2980 2984
f 2985 2897 2983
f 2983 2897 2898
f 2987 2988 2986
f 2986 2988 2985
f 2896 2988 1442
f 1442 2988 1439
f 1903 2977 1904
f 1904 2977 2902
f 1856 1855 1890
f 1890 1855 2989
f 2989 2990 1890
f 1890 2990 1359
f 2990 2991 1359
f 1359 2991 1356
f 2946 2992 1859
f 1859 2992 1893
f 2992 2993 1893
f 1893 2993 775
f 2993 2994 775
f 775 2994 776
f 2986 1356 2987
f 2987 1356 2991
f 2975 2978 776
f 776 2978 777
f 2982 2994 2980
f 2980 2994 2995
f 1357 2984 2995
f 2995 2984 2980
f 2995 2996 1357
f 1357 2996 1358
f 2996 2997 1358
f 1358 2997 1889
f 2998 2999 2932
f 2932 2999 2933
f 2999 2971 2933
f 2933 2971 2934
f 1837 1836 2937
f 2937 1836 2938
f 2943 1841 2941
f 2941 1841 1838
f 3001 2944 3000
f 3000 2944 2943
f 3001 3002 2944
f 2944 3002 2945
f 3002 3003 2945
f 2945 3003 2946
f 2997 3003 1889
f 1889 3003 2947
f 2947 3003 2948
f 2948 3003 3002
f 3001 3004 3002
f 3002 3004 2948
f 3000 3005 3001
f 3001 3005 3004
f 2940 3006 3000
f 3000 3006 3005
f 2999 3007 2971
f 2971 3007 2972
f 2998 2951 2999
f 2999 2951 3007
f 3008 2952 2998
f 2998 2952 2951
f 2966 2965 2936
f 2936 2965 2937
f 2935 2938 2971
f 2971 2938 2934
f 3003 2997 2946
f 2946 2997 2992
f 2997 2996 2992
f 2992 2996 2993
f 2996 2995 2993
f 2993 2995 2994
f 1356 2986 1357
f 1357 2986 2984
f 2982 2975 2994
f 2994 2975 776
f 1844 1843 1899
f 1899 1843 3009
f 1843 638 3009
f 3009 638 3010
f 638 637 3010
f 3010 637 3011
f 637 1830 3011
f 3011 1830 3012
f 1830 1833 3012
f 3012 1833 2894
f 1833 1854 2894
f 2894 1854 2895
f 1854 1853 2895
f 2895 1853 1888
f 1858 1857 1885
f 1885 1857 1892
f 1899 3009 1898
f 1898 3009 1874
f 3009 3010 1874
f 1874 3010 1865
f 3010 3011 1865
f 1865 3011 1862
f 3011 3012 1862
f 1862 3012 1882
f 3012 2894 1882
f 1882 2894 2893
f 1850 2890 782
f 782 2890 2889
f 783 2880 1811
f 1811 2880 1812
f 744 1810 745
f 745 1810 2973
f 745 2973 805
f 805 2973 806
f 2973 2974 806
f 806 2974 815
f 1303 812 2974
f 2974 812 815
f 1303 1302 812
f 812 1302 1221
f 1307 3013 1302
f 1302 3013 1221
f 1734 3014 1633
f 1633 3014 1634
f 1646 1649 1636
f 1636 1649 1637
f 1654 1657 1641
f 1641 1657 1642
f 1639 1736 1636
f 1636 1736 1684
f 1716 1713 1698
f 1698 1713 1699
f 1718 1721 1705
f 1705 1721 1706
f 1653 1654 1709
f 1709 1654 1641
f 1620 1623 1714
f 1714 1623 1699
f 1712 1682 1714
f 1714 1682 1740
f 1668 1671 1746
f 1746 1671 1747
f 1752 1650 1749
f 1749 1650 1750
f 1750 1650 1709
f 1709 1650 1653
f 1632 1668 1633
f 1633 1668 1746
f 1649 1752 1637
f 1637 1752 1749
f 1682 1643 1740
f 1740 1643 1642
f 3014 1685 1634
f 1634 1685 1684
f 1704 1748 1705
f 1705 1748 1747
f 1697 1707 1698
f 1698 1707 1706
f 1739 1701 1621
f 1621 1701 1622
f 1567 1566 1647
f 1647 1566 1648
f 1664 1695 1651
f 1651 1695 1652
f 1614 1617 1655
f 1655 1617 1656
f 1704 1707 1659
f 1659 1707 1660
f 3014 1734 1662
f 1662 1734 1663
f 1650 1752 1651
f 1651 1752 1665
f 1741 1657 1667
f 1667 1657 1656
f 1695 1614 1652
f 1652 1614 1655
f 1724 1567 1726
f 1726 1567 1647
f 1645 1628 1733
f 1733 1628 1663
f 1685 3014 1726
f 1726 3014 1662
f 1620 1741 1621
f 1621 1741 1667
f 1566 1666 1648
f 1648 1666 1665
f 1658 1737 1659
f 1659 1737 1901
f 1911 1661 1910
f 1910 1661 1660
f 1701 1911 1622
f 1622 1911 1910
f 1732 1748 1733
f 1733 1748 1901
f 1857 2948 1892
f 1892 2948 3004
f 1892 3004 1891
f 1891 3004 3005
f 1828 3006 1829
f 1829 3006 2949
f 2967 736 2968
f 2968 736 710
f 2972 2969 2967
f 2967 2969 736
f 2969 2972 897
f 897 2972 3007
f 897 3007 729
f 729 3007 2951
f 3016 753 3015
f 3015 753 752
f 3018 767 3017
f 3017 767 766
f 3019 3020 1249
f 1249 3020 3021
f 2915 2914 3019
f 3019 2914 3020
f 3023 2914 3022
f 3022 2914 1783
f 2827 2839 769
f 769 2839 766
f 3025 2838 3024
f 3024 2838 3021
f 768 767 2850
f 2850 767 3026
f 2850 3026 751
f 751 3026 752
f 750 753 2932
f 2932 753 3027
f 3008 2998 3027
f 3027 2998 2932
f 3028 3029 3008
f 3008 3029 2952
f 3029 3030 2952
f 2952 3030 730
f 3032 3033 3031
f 3031 3033 3034
f 3036 3037 3035
f 3035 3037 3038
f 2870 3039 612
f 612 3039 3040
f 3041 3042 3031
f 3031 3042 3038
f 3034 1352 3043
f 3043 1352 944
f 612 3040 613
f 613 3040 3044
f 613 3044 1425
f 1425 3044 1422
f 3045 3042 669
f 669 3042 670
f 3041 3043 599
f 599 3043 600
f 772 771 1544
f 1544 771 781
f 1503 771 1866
f 1866 771 770
f 771 1503 781
f 781 1503 778
f 61 281 416
f 416 281 1907
f 283 103 3046
f 3046 103 3047
f 76 79 3048
f 3048 79 3049
f 280 76 1906
f 1906 76 3048
f 3051 335 3050
f 3050 335 334
f 3053 417 3052
f 3052 417 416
f 3055 435 3054
f 3054 435 434
f 428 435 419
f 419 435 1908
f 420 1909 293
f 293 1909 443
f 79 294 3049
f 3049 294 444
f 3057 444 3056
f 3056 444 443
f 3051 3058 335
f 335 3058 452
f 216 215 1332
f 1332 215 452
f 308 283 462
f 462 283 3046
f 3050 334 3059
f 3059 334 462
f 103 62 3047
f 3047 62 417
f 313 312 434
f 434 312 463
f 3061 574 3060
f 3060 574 573
f 1310 3062 1428
f 1428 3062 3063
f 1258 3064 1255
f 1255 3064 2871
f 932 3065 2853
f 2853 3065 3066
f 699 2814 931
f 931 2814 3067
f 3068 1301 3063
f 3063 1301 1428
f 571 574 1310
f 1310 574 3062
f 3060 573 3069
f 3069 573 1332
f 3070 3071 1906
f 1906 3071 1907
f 3072 3073 1908
f 1908 3073 1909
f 3075 2814 3074
f 3074 2814 2813
f 2854 3076 1258
f 1258 3076 3064
f 2871 3077 2872
f 2872 3077 3078
f 3074 2813 3079
f 3079 2813 2873
f 2872 3078 1349
f 1349 3078 3080
f 2873 701 3068
f 3068 701 1301
f 1330 1201 3080
f 3080 1201 1349
f 1264 1263 3081
f 3081 1263 3082
f 3083 3084 3082
f 3082 3084 3081
f 811 1448 3086
f 3086 1448 3085
f 808 811 3087
f 3087 811 3086
f 3088 3083 833
f 833 3083 3082
f 884 3089 885
f 885 3089 3090
f 3087 1790 808
f 808 1790 816
f 1790 3087 1787
f 1787 3087 3091
f 3092 3091 3086
f 3086 3091 3087
f 3093 3094 3084
f 3084 3094 3095
f 3089 3096 3090
f 3090 3096 3088
f 3097 3093 3083
f 3083 3093 3084
f 3099 3100 3098
f 3098 3100 1786
f 3101 1788 2913
f 2913 1788 3102
f 838 837 885
f 885 837 886
f 886 837 3103
f 3103 837 1541
f 3094 3093 3104
f 3104 3093 3097
f 3105 3106 3089
f 3089 3106 3096
f 3108 3109 3107
f 3107 3109 3110
f 3111 3112 3091
f 3091 3112 1787
f 3114 3108 3113
f 3113 3108 3107
f 3114 3115 3112
f 3112 3115 3102
f 3091 3092 3111
f 3111 3092 3116
f 839 838 835
f 835 838 836
f 885 3090 838
f 838 3090 836
f 3110 3117 1247
f 1247 3117 3118
f 1247 3118 1248
f 1248 3118 3119
f 3120 3121 3119
f 3119 3121 1248
f 1247 844 3110
f 3110 844 3107
f 844 843 3107
f 3107 843 3113
f 843 3099 3113
f 3113 3099 3122
f 1781 3123 3098
f 3098 3123 3124
f 2915 2931 1780
f 1780 2931 2930
f 3019 3125 2915
f 2915 3125 2931
f 890 3125 2834
f 2834 3125 1252
f 3125 3019 1252
f 1252 3019 1249
f 907 908 946
f 946 908 947
f 1185 1188 1369
f 1369 1188 948
f 954 957 951
f 951 957 952
f 910 965 953
f 953 965 950
f 905 958 960
f 960 958 961
f 3126 978 949
f 949 978 962
f 936 935 967
f 967 935 968
f 994 993 969
f 969 993 966
f 902 904 971
f 971 904 972
f 983 985 973
f 973 985 970
f 906 905 974
f 974 905 960
f 977 981 959
f 959 981 975
f 911 910 1143
f 1143 910 953
f 952 957 1142
f 1142 957 1145
f 911 1143 1366
f 1366 1143 1368
f 1185 1369 1145
f 1145 1369 1142
f 993 1519 966
f 966 1519 1456
f 965 1454 950
f 950 1454 1457
f 900 899 1459
f 1459 899 1460
f 988 991 1461
f 1461 991 1458
f 899 963 1460
f 1460 963 1462
f 985 987 970
f 970 987 1463
f 904 906 972
f 972 906 974
f 981 983 975
f 975 983 973
f 935 900 968
f 968 900 1459
f 991 994 1458
f 1458 994 969
f 1154 1526 1088
f 1088 1526 1089
f 1109 1112 1092
f 1092 1112 1093
f 1083 1098 1084
f 1084 1098 1097
f 1078 1471 1100
f 1100 1471 1101
f 1075 1078 1104
f 1104 1078 1100
f 1152 1154 1156
f 1156 1154 1088
f 1156 1155 1372
f 1372 1155 1373
f 1372 1373 1104
f 1104 1373 1075
f 1467 1109 1465
f 1465 1109 1092
f 1465 1182 1468
f 1468 1182 1184
f 1474 1470 1096
f 1096 1470 1097
f 1102 1101 1083
f 1083 1101 1098
f 1112 1531 1093
f 1093 1531 1529
f 1102 1073 1099
f 1099 1073 1072
f 1526 1154 1079
f 1079 1154 1080
f 1081 1091 1082
f 1082 1091 1094
f 1069 1068 1085
f 1085 1068 1086
f 1153 1151 1080
f 1080 1151 1058
f 1371 1177 1179
f 1179 1177 1176
f 1099 1072 1103
f 1103 1072 1176
f 1068 1071 1086
f 1086 1071 1073
f 1085 1084 1180
f 1180 1084 1469
f 1066 1065 1183
f 1183 1065 1181
f 1153 1152 1177
f 1177 1152 1178
f 1091 1081 1182
f 1182 1081 1183
f 1057 1525 1079
f 1079 1525 1527
f 1120 1117 1076
f 1076 1117 1077
f 1087 1090 1107
f 1107 1090 1108
f 1127 1126 1110
f 1110 1126 1111
f 1095 1116 1096
f 1096 1116 1115
f 1471 1078 1119
f 1119 1078 1077
f 1087 1107 1155
f 1155 1107 1158
f 1376 1374 1157
f 1157 1374 1158
f 1076 1075 1374
f 1374 1075 1373
f 1109 1467 1110
f 1110 1467 1472
f 1467 1466 1472
f 1472 1466 1473
f 1135 1475 1114
f 1114 1475 1115
f 1471 1119 1095
f 1095 1119 1116
f 1126 1532 1111
f 1111 1532 1530
f 914 1276 1480
f 1480 1276 1517
f 3127 3128 1223
f 1223 3128 1224
f 824 933 1455
f 1455 933 3129
f 3131 1448 3130
f 3130 1448 1447
f 3132 3133 1452
f 1452 3133 1453
f 3130 1447 1322
f 1322 1447 1455
f 933 1514 3129
f 3129 1514 3134
f 1161 3135 1480
f 1480 3135 1481
f 3128 3136 1224
f 1224 3136 1499
f 3133 1162 1453
f 1453 1162 1517
f 1515 3127 1535
f 1535 3127 1223
f 3095 3085 3131
f 3131 3085 1448
f 3137 3092 3085
f 3085 3092 3086
f 3138 3116 3137
f 3137 3116 3092
f 3110 3109 3117
f 3117 3109 3139
f 3105 3140 3117
f 3117 3140 3118
f 3140 3141 3118
f 3118 3141 3119
f 3142 3120 3141
f 3141 3120 3119
f 1498 3143 1277
f 1277 3143 882
f 3144 3145 1340
f 1340 3145 1339
f 1340 3146 3144
f 3144 3146 3147
f 3145 3144 3143
f 3143 3144 3148
f 871 901 872
f 872 901 1362
f 3149 3148 3147
f 3147 3148 3144
f 1208 3150 1209
f 3098 1786 1781
f 1781 1786 1782
f 2930 2929 3123
f 3123 2929 2911
f 1794 1791 2916
f 2916 1791 2917
f 1793 3101 2918
f 2918 3101 2919
f 1796 1794 2920
f 2920 1794 2916
f 3151 3152 2921
f 2921 3152 2922
f 3153 3154 2923
f 2923 3154 2924
f 2919 3101 2912
f 2912 3101 2913
f 3155 1796 2925
f 2925 1796 2920
f 3154 3156 2924
f 2924 3156 2926
f 1791 1793 2917
f 2917 1793 2918
f 3157 3158 2927
f 2927 3158 2928
f 1780 2930 1781
f 1781 2930 3123
f 2825 1267 1189
f 1189 1267 1190
f 2827 2828 1250
f 1250 2828 1251
f 1489 2830 1324
f 1324 2830 1325
f 923 1328 1334
f 1334 1328 1335
f 1485 2832 1482
f 1482 2832 1483
f 1266 1490 1492
f 1492 1490 1493
f 1333 1346 1334
f 1334 1346 2824
f 722 799 1492
f 1492 799 1190
f 664 657 1482
f 1482 657 2833
f 631 634 1324
f 1324 634 1493
f 2828 1494 1251
f 1251 1494 2835
f 1249 3021 1250
f 1250 3021 2838
f 798 2837 1189
f 1189 2837 2836
f 3100 842 3160
f 3160 842 3159
f 1788 3101 1789
f 1789 3101 1793
f 1792 816 1789
f 1789 816 1790
f 817 816 1795
f 1795 816 1792
f 938 817 1797
f 1797 817 1795
f 1796 3155 1797
f 1797 3155 1798
f 3155 3158 1798
f 1798 3158 1799
f 3157 3152 1801
f 1801 3152 1802
f 3151 3156 1803
f 1803 3156 1804
f 3154 3153 1805
f 1805 3153 1806
f 3153 3161 1806
f 1806 3161 1807
f 3099 843 3100
f 3100 843 842
f 1788 1787 3102
f 3102 1787 3112
f 2910 3115 3124
f 3124 3115 3122
f 3099 3098 3122
f 3122 3098 3124
f 416 1907 3052
f 3052 1907 3071
f 3046 3047 3163
f 3163 3047 3162
f 249 445 259
f 259 445 3164
f 425 3165 424
f 424 3165 461
f 408 410 329
f 329 410 330
f 39 331 40
f 40 331 332
f 305 304 423
f 423 304 464
f 385 254 458
f 458 254 392
f 250 415 251
f 251 415 412
f 233 337 234
f 234 337 3166
f 435 3055 1908
f 1908 3055 3072
f 443 1909 3056
f 3056 1909 3073
f 3167 3049 3057
f 3057 3049 444
f 452 3058 1332
f 1332 3058 3069
f 234 3166 346
f 346 3166 411
f 3046 3163 462
f 462 3163 3059
f 259 3164 260
f 260 3164 336
f 3047 417 3162
f 3162 417 3053
f 463 3168 434
f 434 3168 3054
f 454 830 425
f 425 830 3165
f 3062 3169 3063
f 3063 3169 3170
f 1355 1354 1534
f 1534 1354 3171
f 3063 3170 3068
f 3068 3170 3172
f 574 3061 3062
f 3062 3061 3169
f 1534 3171 1535
f 1535 3171 3173
f 3079 2873 3172
f 3172 2873 3068
f 2838 3025 2839
f 2839 3025 3174
f 3176 3177 3175
f 3175 3177 3178
f 3180 1125 3179
f 3179 1125 1128
f 3182 3183 3181
f 3181 3183 3184
f 1134 3185 1130
f 1130 3185 3182
f 3186 3187 3189
f 3189 3187 3188
f 3191 3189 3190
f 3190 3189 3188
f 1137 1122 3190
f 3190 1122 3192
f 3175 3178 3193
f 3193 3178 3194
f 3181 3184 3179
f 3179 3184 3195
f 3197 3198 3196
f 3196 3198 3180
f 3200 3178 3199
f 3199 3178 3177
f 3202 3196 3201
f 3201 3196 3195
f 3204 3184 3203
f 3203 3184 3183
f 3206 3207 3205
f 3205 3207 3186
f 3205 3186 3208
f 3208 3186 3189
f 3209 3208 3191
f 3191 3208 3189
f 3210 3194 3200
f 3200 3194 3178
f 3201 3195 3204
f 3204 3195 3184
f 3197 3211 3177
f 3177 3211 3199
f 3213 3214 3212
f 3212 3214 3215
f 3217 3218 3216
f 3216 3218 3219
f 3221 3222 3220
f 3220 3222 3223
f 3225 3226 3224
f 3224 3226 3227
f 3229 3230 3228
f 3228 3230 3231
f 3233 3234 3232
f 3232 3234 3235
f 3237 3238 3236
f 3236 3238 3239
f 3238 3240 3239
f 3239 3240 3241
f 3232 3235 3242
f 3242 3235 3243
f 3245 3246 3244
f 3244 3246 3247
f 3248 3249 3245
f 3245 3249 3246
f 3251 3252 3250
f 3250 3252 3253
f 3255 3252 3254
f 3254 3252 3251
f 3256 3257 3259
f 3259 3257 3258
f 3261 3262 3260
f 3260 3262 3263
f 3265 3263 3264
f 3264 3263 3262
f 3256 3259 3266
f 3266 3259 3267
f 3269 3270 3268
f 3268 3270 3271
f 3269 3272 3270
f 3270 3272 3273
f 3274 3275 3277
f 3277 3275 3276
f 3278 3279 3276
f 3276 3279 3277
f 3281 3282 3280
f 3280 3282 3283
f 3280 3284 3281
f 3281 3284 3285
f 3287 3288 3286
f 3286 3288 3289
f 3290 3291 3288
f 3288 3291 3289
f 3234 3218 3235
f 3235 3218 3217
f 3232 3292 3233
f 3233 3292 3293
f 3239 3294 3236
f 3236 3294 3219
f 3233 3293 3237
f 3237 3293 3295
f 3296 3294 3241
f 3241 3294 3239
f 3240 3238 3297
f 3297 3238 3298
f 3217 3216 3235
f 3235 3216 3243
f 3297 3299 3240
f 3240 3299 3242
f 3246 3300 3247
f 3247 3300 3223
f 3301 3302 3254
f 3254 3302 3244
f 3249 3303 3246
f 3246 3303 3300
f 3245 3304 3248
f 3248 3304 3292
f 3252 3221 3253
f 3253 3221 3220
f 3250 3248 3299
f 3299 3248 3292
f 3222 3221 3255
f 3255 3221 3252
f 3297 3301 3251
f 3251 3301 3254
f 3258 3214 3259
f 3259 3214 3213
f 3257 3256 3304
f 3304 3256 3305
f 3263 3306 3260
f 3260 3306 3215
f 3261 3257 3302
f 3302 3257 3304
f 3307 3306 3265
f 3265 3306 3263
f 3262 3301 3264
f 3264 3301 3308
f 3259 3213 3267
f 3267 3213 3212
f 3308 3309 3264
f 3264 3309 3266
f 3270 3310 3271
f 3271 3310 3231
f 3311 3312 3278
f 3278 3312 3268
f 3270 3273 3310
f 3310 3273 3313
f 3272 3269 3305
f 3305 3269 3314
f 3277 3229 3274
f 3274 3229 3228
f 3275 3272 3309
f 3309 3272 3305
f 3279 3230 3277
f 3277 3230 3229
f 3276 3308 3278
f 3278 3308 3311
f 3281 3315 3282
f 3282 3315 3227
f 3290 3316 3283
f 3283 3316 3317
f 3281 3285 3315
f 3315 3285 3318
f 3284 3280 3314
f 3314 3280 3319
f 3289 3225 3286
f 3286 3225 3224
f 3287 3284 3312
f 3284 3314 3312
f 3291 3226 3289
f 3289 3226 3225
f 3288 3311 3290
f 3290 3311 3316
f 3212 3215 3307
f 3307 3215 3306
f 3294 3296 3219
f 3219 3296 3216
f 3303 3220 3300
f 3300 3220 3223
f 3224 3227 3318
f 3318 3227 3315
f 3228 3231 3313
f 3313 3231 3310
f 3234 3233 3236
f 3236 3233 3237
f 3243 3241 3242
f 3242 3241 3240
f 3247 3255 3244
f 3244 3255 3254
f 3253 3249 3250
f 3250 3249 3248
f 3260 3258 3261
f 3261 3258 3257
f 3266 3267 3264
f 3264 3267 3265
f 3268 3271 3278
f 3278 3271 3279
f 3274 3273 3275
f 3275 3273 3272
f 3283 3282 3290
f 3290 3282 3291
f 3286 3285 3287
f 3287 3285 3284
f 3218 3234 3219
f 3219 3234 3236
f 3295 3298 3237
f 3237 3298 3238
f 3216 3296 3243
f 3243 3296 3241
f 3242 3299 3232
f 3232 3299 3292
f 3223 3222 3247
f 3247 3222 3255
f 3244 3302 3245
f 3245 3302 3304
f 3303 3249 3220
f 3220 3249 3253
f 3297 3251 3299
f 3299 3251 3250
f 3215 3214 3260
f 3260 3214 3258
f 3301 3262 3302
f 3302 3262 3261
f 3212 3307 3267
f 3267 3307 3265
f 3266 3309 3256
f 3256 3309 3305
f 3271 3231 3279
f 3279 3231 3230
f 3268 3312 3269
f 3269 3312 3314
f 3228 3313 3274
f 3274 3313 3273
f 3308 3276 3309
f 3309 3276 3275
f 3282 3227 3291
f 3291 3227 3226
f 3317 3319 3283
f 3283 3319 3280
f 3224 3318 3286
f 3286 3318 3285
f 3312 3311 3287
f 3311 3288 3287
f 3320 3321 3194
f 3194 3321 3193
f 1375 3321 1121
f 1121 3321 3322
f 3323 3324 3322
f 3322 3324 3192
f 3175 1124 3176
f 3176 1124 1123
f 3179 3195 3180
f 3180 3195 3196
f 3181 1131 3182
f 3182 1131 1130
f 3207 3185 3186
f 3186 3185 3187
f 1136 3188 1133
f 1133 3188 3187
f 3190 3188 1137
f 1137 3188 1136
f 3193 1159 3175
f 3175 1159 1124
f 3179 1128 3181
f 3181 1128 1131
f 1533 3198 1123
f 1123 3198 3176
f 3321 1375 3193
f 3193 1375 1159
f 3321 3320 3322
f 3322 3320 3323
f 1122 1121 3192
f 3192 1121 3322
f 3194 3210 3320
f 3320 3210 3325
f 3324 3323 3327
f 3327 3323 3326
f 3320 3325 3323
f 3323 3325 3326
f 3208 3328 3205
f 3205 3328 3329
f 3330 3206 3329
f 3329 3206 3205
f 3203 3331 3204
f 3204 3331 3332
f 3210 3333 3325
f 3325 3333 3334
f 3325 3334 3326
f 3326 3334 3335
f 3327 3326 3336
f 3336 3326 3335
f 3327 3209 3324
f 3324 3209 3191
f 3190 3192 3191
f 3191 3192 3324
f 3338 3339 3337
f 3337 3339 3340
f 3338 3341 3339
f 3339 3341 3342
f 3341 3343 3342
f 3342 3343 3344
f 3343 3345 3344
f 3344 3345 3346
f 3345 3347 3346
f 3346 3347 3348
f 3347 3349 3348
f 3348 3349 3350
f 3337 3340 3351
f 3351 3340 3352
f 3351 3352 3353
f 3353 3352 3354
f 3353 3354 3355
f 3355 3354 3356
f 3350 3349 3357
f 3357 3349 3358
f 3355 3356 3359
f 3359 3356 3360
f 3359 3360 3361
f 3361 3360 3362
f 3361 3362 3363
f 3363 3362 3364
f 3363 3364 3358
f 3358 3364 3357
f 3339 3342 3365
f 3365 3342 3366
f 3342 3344 3366
f 3366 3344 3367
f 3344 3346 3367
f 3367 3346 3368
f 3346 3348 3368
f 3368 3348 3369
f 3348 3350 3369
f 3369 3350 3370
f 3368 3369 3371
f 3371 3369 3372
f 3369 3370 3372
f 3372 3370 3373
f 3373 3374 3372
f 3372 3374 3375
f 3377 3378 3376
f 3376 3378 3379
f 3377 3375 3378
f 3378 3375 3374
f 3375 3380 3372
f 3372 3380 3371
f 3377 3381 3375
f 3375 3381 3380
f 3376 3382 3377
f 3377 3382 3381
f 3384 3385 3383
f 3383 3385 3386
f 3384 3383 3388
f 3388 3383 3387
f 3388 3387 3389
f 3389 3387 3390
f 3392 3385 3391
f 3391 3385 3384
f 3388 3393 3384
f 3384 3393 3391
f 3389 3394 3388
f 3388 3394 3393
f 3389 3395 3394
f 3394 3395 3396
f 3395 3389 3397
f 3397 3389 3390
f 3339 3365 3340
f 3340 3365 3398
f 3340 3398 3352
f 3352 3398 3399
f 3371 3400 3368
f 3368 3400 3367
f 3400 3401 3367
f 3367 3401 3366
f 3366 3401 3365
f 3365 3401 3402
f 3398 3365 3403
f 3403 3365 3402
f 3398 3403 3399
f 3399 3403 3404
f 3403 3405 3404
f 3404 3405 3406
f 3352 3399 3354
f 3354 3399 3407
f 3399 3404 3407
f 3407 3404 3408
f 3404 3406 3408
f 3408 3406 3409
f 3405 3410 3406
f 3406 3410 3411
f 3410 3412 3411
f 3411 3412 3413
f 3397 3414 3395
f 3395 3414 3415
f 3417 3415 3416
f 3416 3415 3412
f 3410 3418 3412
f 3412 3418 3416
f 3410 3405 3418
f 3418 3405 3419
f 3405 3403 3419
f 3419 3403 3402
f 3370 3350 3420
f 3420 3350 3357
f 3373 3370 3421
f 3421 3370 3420
f 3374 3373 3422
f 3422 3373 3421
f 3378 3374 3423
f 3423 3374 3422
f 3378 3423 3379
f 3379 3423 3424
f 3424 3425 3379
f 3379 3425 3386
f 3383 3426 3387
f 3387 3426 3427
f 3387 3427 3390
f 3390 3427 3428
f 3390 3428 3397
f 3397 3428 3429
f 3429 3430 3397
f 3397 3430 3414
f 3411 3413 3431
f 3431 3413 3432
f 3406 3411 3409
f 3409 3411 3431
f 3401 3400 3335
f 3335 3400 3336
f 3401 3335 3402
f 3402 3335 3334
f 3402 3334 3419
f 3419 3334 3333
f 3419 3333 3418
f 3418 3333 3433
f 3418 3433 3416
f 3416 3433 3434
f 3435 3417 3434
f 3434 3417 3416
f 3394 3396 3436
f 3436 3396 3437
f 3393 3394 3332
f 3332 3394 3436
f 3393 3332 3391
f 3391 3332 3331
f 3330 3392 3331
f 3331 3392 3391
f 3382 3329 3381
f 3381 3329 3328
f 3354 3407 3356
f 3356 3407 3438
f 3356 3438 3360
f 3360 3438 3439
f 3360 3439 3362
f 3362 3439 3440
f 3362 3440 3364
f 3364 3440 3441
f 3364 3441 3357
f 3357 3441 3420
f 3421 3420 3442
f 3442 3420 3441
f 3442 3441 3443
f 3443 3441 3440
f 3443 3440 3444
f 3444 3440 3439
f 3444 3439 3445
f 3445 3439 3438
f 3445 3438 3408
f 3408 3438 3407
f 3422 3421 3446
f 3446 3421 3442
f 3446 3442 3447
f 3447 3442 3443
f 3447 3443 3448
f 3448 3443 3444
f 3448 3444 3449
f 3449 3444 3445
f 3449 3445 3409
f 3409 3445 3408
f 3409 3431 3449
f 3449 3431 3450
f 3449 3450 3448
f 3448 3450 3451
f 3451 3452 3448
f 3448 3452 3447
f 3447 3452 3446
f 3446 3452 3453
f 3446 3453 3422
f 3422 3453 3423
f 3424 3423 3454
f 3454 3423 3453
f 3452 3455 3453
f 3453 3455 3454
f 3452 3451 3455
f 3455 3451 3456
f 3450 3457 3451
f 3451 3457 3456
f 3431 3432 3450
f 3450 3432 3457
f 3454 3458 3424
f 3424 3458 3425
f 3427 3426 3459
f 3459 3426 3460
f 3428 3427 3461
f 3461 3427 3459
f 3428 3461 3429
f 3429 3461 3462
f 3462 3463 3429
f 3429 3463 3430
f 3464 3465 3462
f 3462 3465 3463
f 3455 3466 3454
f 3454 3466 3458
f 3465 3464 3466
f 3466 3464 3467
f 3461 3459 3468
f 3468 3459 3469
f 3468 3469 3464
f 3464 3469 3467
f 3464 3462 3468
f 3468 3462 3461
f 3459 3460 3469
f 3469 3460 3467
f 3295 3351 3298
f 3298 3351 3353
f 3353 3355 3298
f 3298 3355 3297
f 3297 3355 3301
f 3301 3355 3359
f 3301 3359 3308
f 3308 3359 3361
f 3308 3361 3311
f 3311 3361 3363
f 3311 3363 3316
f 3316 3363 3358
f 3316 3358 3317
f 3317 3358 3349
f 3349 3347 3317
f 3317 3347 3319
f 3347 3345 3319
f 3319 3345 3314
f 3345 3343 3314
f 3314 3343 3305
f 3343 3341 3305
f 3305 3341 3304
f 3304 3341 3292
f 3292 3341 3338
f 3292 3338 3293
f 3293 3338 3337
f 3293 3337 3295
f 3295 3337 3351
f 3437 3202 3436
f 3436 3202 3201
f 3436 3201 3332
f 3332 3201 3204
f 3433 3200 3434
f 3434 3200 3199
f 3211 3435 3199
f 3199 3435 3434
f 3333 3210 3433
f 3433 3210 3200
f 3380 3470 3371
f 3400 3371 3336
f 3336 3371 3470
f 3381 3328 3380
f 3380 3328 3470
f 3470 3328 3209
f 3209 3328 3208
f 3336 3470 3327
f 3327 3470 3209
f 1545 1763 1546
f 1546 1763 1762
f 1403 1546 773
f 773 1546 770
f 1221 3013 1220
f 1220 3013 3471
f 1305 2877 1306
f 1306 2877 2879
f 1220 3471 828
f 828 3471 829
f 1217 1754 3472
f 3472 1754 1756
f 1049 3473 1048
f 1048 3473 3474
f 1371 1179 3473
f 3473 1179 3474
f 1074 3475 1179
f 1179 3475 3474
f 3474 3475 1048
f 1048 3475 1056
f 919 666 1345
f 1345 666 665
f 856 680 919
f 919 680 666
f 679 680 1449
f 1449 680 858
f 1367 878 1500
f 1500 878 877
f 1366 908 1367
f 1367 908 878
f 1512 916 1513
f 1513 916 915
f 947 1368 948
f 948 1368 1369
f 1047 1021 1044
f 1044 1021 1020
f 1370 1049 1019
f 1019 1049 1020
f 1173 1030 1174
f 1174 1030 1033
f 3126 1188 1464
f 1464 1188 1187
f 1800 1451 1512
f 1512 1451 916
f 1175 1174 1186
f 1186 1174 1187
f 1030 1173 1047
f 1047 1173 1021
f 1513 915 3476
f 3476 915 1481
f 1345 665 3477
f 3477 665 1483
f 1502 1501 876
f 876 1501 877
f 1205 1451 1803
f 1803 1451 1802
f 3479 2832 3478
f 3478 2832 2831
f 1449 858 2927
f 2927 858 2922
f 908 1366 947
f 947 1366 1368
f 949 948 3126
f 3126 948 1188
f 3480 3135 1502
f 1502 3135 1501
f 2927 2922 3157
f 3157 2922 3152
f 3477 1483 3479
f 3479 1483 2832
f 1803 1802 3151
f 3151 1802 3152
f 663 658 664
f 664 658 657
f 655 658 939
f 939 658 706
f 1512 870 1800
f 1800 870 869
f 875 874 876
f 876 874 873
f 849 874 905
f 905 874 958
f 949 962 946
f 946 962 961
f 978 3126 979
f 979 3126 1464
f 1031 1168 1032
f 1032 1168 1022
f 1045 1013 1046
f 1046 1013 1012
f 1045 1044 1056
f 1056 1044 1048
f 1047 1046 1030
f 1030 1046 1031
f 939 706 940
f 940 706 1450
f 979 1464 1032
f 1032 1464 1033
f 3480 1478 3476
f 3476 1478 3134
f 2829 1487 2830
f 2830 1487 1486
f 848 1230 873
f 873 1230 1479
f 867 870 933
f 933 870 1514
f 1800 869 1801
f 1801 869 1799
f 2830 1486 1325
f 1325 1486 2833
f 940 1450 2925
f 2925 1450 2928
f 946 961 907
f 907 961 958
f 959 962 977
f 977 962 978
f 3476 3134 1513
f 1513 3134 1514
f 2925 2928 3155
f 3155 2928 3158
f 1325 2833 656
f 656 2833 657
f 1801 1799 3157
f 3157 1799 3158
f 1074 1055 3475
f 3475 1055 1056
f 1371 3473 1370
f 1370 3473 1049
f 2884 615 3481
f 3481 615 618
f 3478 2831 2846
f 2846 2831 617
f 2831 1484 617
f 617 1484 618
f 1484 1487 618
f 618 1487 3481
f 2848 3481 2829
f 2829 3481 1487
f 1480 1517 1161
f 1161 1517 1162
f 3129 1323 1455
f 1455 1323 1322
f 3129 3134 1323
f 1323 3134 1478
f 1535 3173 1515
f 1515 3173 1516
f 3085 3095 3137
f 3137 3095 3094
f 3137 3094 3138
f 3138 3094 3104
f 3117 3139 3105
f 3105 3139 3106
f 1138 1141 3127
f 3127 1141 3128
f 3081 3131 1264
f 1264 3131 3130
f 1227 1226 3132
f 3132 1226 3133
f 1264 3130 1229
f 1229 3130 1322
f 1160 1501 1161
f 1161 1501 3135
f 1141 1476 3128
f 3128 1476 3136
f 1226 1163 3133
f 3133 1163 1162
f 1363 1138 1515
f 1515 1138 3127
f 3084 3095 3081
f 3081 3095 3131
f 3089 884 3105
f 3105 884 3140
f 884 883 3140
f 3140 883 3141
f 883 3482 3141
f 3141 3482 3142
f 3476 1481 3480
f 3480 1481 3135
f 1502 1479 3480
f 3480 1479 1478
f 3168 463 440
f 714 1880 715
f 715 1880 2905
f 896 732 2970
f 2970 732 731
f 1263 834 3082
f 3082 834 833
f 898 1231 853
f 853 1231 854
f 3125 890 2931
f 2931 890 889
f 1237 893 2851
f 2851 893 892
f 898 853 899
f 899 853 963
f 988 987 989
f 989 987 986
f 1002 1007 1003
f 1003 1007 1006
f 1038 1036 1007
f 1007 1036 1004
f 1070 1052 1005
f 1005 1052 1006
f 1069 1067 1070
f 1070 1067 1052
f 1130 1129 1134
f 1134 1129 1135
f 879 1167 880
f 880 1167 1166
f 1171 1169 1037
f 1037 1169 1038
f 1085 1180 1069
f 1069 1180 1067
f 1209 1210 879
f 879 1210 1167
f 2885 1215 1754
f 1754 1215 1214
f 1263 855 834
f 834 855 854
f 708 1244 1826
f 1826 1244 1243
f 2909 894 1254
f 1254 894 893
f 1228 1361 964
f 964 1361 1360
f 2908 2907 1436
f 1436 2907 1437
f 2990 1440 2991
f 2991 1440 1439
f 964 1360 965
f 965 1360 1454
f 950 1457 951
f 951 1457 1456
f 970 1463 971
f 971 1463 1462
f 1025 1169 984
f 984 1169 986
f 1084 1097 1469
f 1469 1097 1470
f 1096 1115 1474
f 1474 1115 1475
f 1140 1361 1141
f 1141 1361 1476
f 1212 1495 2828
f 2828 1495 1494
f 880 1166 1452
f 1452 1166 1499
f 715 2905 1504
f 1504 2905 2906
f 954 1519 955
f 955 1519 1518
f 1026 1520 992
f 992 1520 1518
f 1029 1520 1043
f 1043 1520 1521
f 997 1522 1040
f 1040 1522 1521
f 1015 1522 1016
f 1016 1522 1523
f 1523 996 1524
f 1524 996 1062
f 1057 1060 1525
f 1525 1060 1524
f 1094 1528 1082
f 1082 1528 1527
f 1526 1528 1089
f 1089 1528 1529
f 1090 1531 1108
f 1108 1531 1530
f 1125 1533 1126
f 1126 1533 1532
f 3483 1755 727
f 727 1755 1214
f 735 1814 707
f 707 1814 1813
f 2891 1834 1246
f 1246 1834 1243
f 2904 1881 1847
f 1847 1881 1848
f 1852 1855 1853
f 1853 1855 1858
f 1902 2903 1877
f 1877 2903 1878
f 2903 2904 1878
f 1878 2904 1847
f 714 713 1848
f 1848 713 1849
f 1440 2990 1883
f 1883 2990 2989
f 1883 2989 1852
f 1852 2989 1855
f 2895 1888 2892
f 2892 1888 1887
f 774 777 1877
f 1877 777 1903
f 1251 2835 1252
f 1252 2835 2834
f 1213 2844 1212
f 1212 2844 1495
f 2851 892 1213
f 1213 892 2844
f 3123 2911 3124
f 3124 2911 2910
f 887 2929 888
f 888 2929 889
f 1435 2963 1436
f 1436 2963 2961
f 1253 1438 1254
f 1254 1438 1437
f 2970 731 735
f 735 731 1814
f 733 732 2885
f 2885 732 1215
f 2901 2902 2976
f 2976 2902 2977
f 2975 2982 2976
f 2976 2982 2979
f 2899 2900 2981
f 2981 2900 2979
f 2899 2981 2898
f 2898 2981 2983
f 2986 2985 2984
f 2984 2985 2983
f 2897 2985 2896
f 2896 2985 2988
f 2991 1439 2987
f 2987 1439 2988
f 777 2978 1903
f 1903 2978 2977
f 1885 1888 1858
f 1858 1888 1853
f 3090 3088 836
f 836 3088 833
f 3083 3088 3097
f 3097 3088 3096
f 3097 3096 3104
f 3104 3096 3106
f 3111 3116 3108
f 3108 3116 3109
f 3112 3111 3114
f 3114 3111 3108
f 3113 3122 3114
f 3114 3122 3115
f 891 890 2837
f 2837 890 2834
f 951 1456 954
f 954 1456 1519
f 967 1457 936
f 936 1457 1454
f 971 1462 902
f 902 1462 963
f 1461 1463 988
f 988 1463 987
f 1466 1468 1474
f 1474 1468 1470
f 1089 1529 1090
f 1090 1529 1531
f 1184 1181 1469
f 1469 1181 1180
f 1082 1527 1061
f 1061 1527 1525
f 1129 1473 1135
f 1135 1473 1475
f 1108 1530 1105
f 1105 1530 1532
f 1452 1499 3132
f 3132 1499 3136
f 3109 3116 3139
f 3139 3116 3138
f 2912 2911 887
f 887 2911 2929
f 2836 2835 1497
f 1497 2835 1494
f 2913 3102 2910
f 2910 3102 3115
f 1133 3187 1134
f 1134 3187 3185
f 3177 3176 3197
f 3197 3176 3198
f 3203 3183 3206
f 3206 3183 3207
f 3196 3202 3197
f 3197 3202 3211
f 3183 3182 3207
f 3207 3182 3185
f 1125 3180 1533
f 1533 3180 3198
f 3331 3203 3330
f 3330 3203 3206
f 3376 3379 3385
f 3385 3379 3386
f 3382 3376 3392
f 3392 3376 3385
f 3412 3415 3413
f 3413 3415 3414
f 3417 3396 3415
f 3415 3396 3395
f 3383 3386 3426
f 3426 3386 3425
f 3413 3414 3432
f 3432 3414 3430
f 3437 3396 3435
f 3435 3396 3417
f 3329 3382 3330
f 3330 3382 3392
f 3426 3425 3460
f 3460 3425 3458
f 3432 3430 3457
f 3457 3430 3463
f 3457 3463 3456
f 3456 3463 3465
f 3460 3458 3467
f 3467 3458 3466
f 3466 3455 3465
f 3465 3455 3456
f 3202 3437 3211
f 3211 3437 3435
f 3104 3106 3138
f 3138 3106 3139
f 3132 3136 1227
f 1227 3136 1476
f 943 687 600
f 600 687 601
f 596 625 667
f 667 625 1297
f 687 686 601
f 601 686 653
f 1319 784 711
f 711 784 712
f 1811 607 783
f 783 607 712
f 862 921 917
f 917 921 920
f 3478 925 3479
f 3479 925 924
f 2846 926 3478
f 3478 926 925
f 659 662 929
f 929 662 930
f 856 921 857
f 857 921 1204
f 1206 864 1207
f 1207 864 863
f 2876 1219 2877
f 2877 1219 1218
f 667 1297 593
f 593 1297 1296
f 917 920 1333
f 1333 920 1346
f 686 693 653
f 653 693 930
f 1277 913 1498
f 1498 913 1207
f 592 1536 610
f 610 1536 711
f 864 1206 1805
f 1805 1206 1804
f 1317 1536 1900
f 1900 1536 1809
f 1900 1809 1295
f 1295 1809 1296
f 3479 924 3477
f 3477 924 2824
f 927 926 1203
f 1203 926 2847
f 3484 2859 3032
f 3032 2859 3033
f 3472 2878 1217
f 1217 2878 1218
f 2889 2888 2880
f 2880 2888 2881
f 2886 2883 2887
f 2887 2883 2882
f 929 928 2847
f 2847 928 1203
f 857 1204 2921
f 2921 1204 2926
f 1820 1819 2882
f 2882 1819 2881
f 1821 2883 2876
f 2876 2883 1219
f 782 2889 783
f 783 2889 2880
f 1352 3034 1353
f 1353 3034 3033
f 3031 3034 3041
f 3041 3034 3043
f 944 943 3043
f 3043 943 600
f 1339 3145 1498
f 1498 3145 3143
f 1208 882 3148
f 3148 882 3143
f 2921 2926 3151
f 3151 2926 3156
f 3477 2824 1345
f 1345 2824 1346
f 1805 1804 3154
f 3154 1804 3156
f 886 3103 883
f 883 3103 3482
f 841 1248 3485
f 3485 1248 3121
f 2811 2819 2812
f 2812 2819 2816
f 2818 2815 2817
f 2817 2815 2806
f 2817 2816 2818
f 2818 2816 2819
f 2793 2795 2819
f 2819 2795 2818
f 243 352 2793
f 2793 352 2795
f 242 353 243
f 243 353 352
f 359 191 242
f 242 191 353
f 247 192 359
f 359 192 191
f 157 193 247
f 247 193 192
f 156 194 157
f 157 194 193
f 378 261 156
f 156 261 194
f 378 381 261
f 261 381 195
f 195 381 196
f 196 381 376
f 196 376 198
f 198 376 375
f 375 1776 198
f 198 1776 197
f 1776 1767 197
f 197 1767 274
f 181 274 199
f 199 274 1767
f 568 566 564
f 564 566 563
f 568 569 566
f 566 569 567
f 501 1773 1771
f 1771 1773 578
f 547 579 1773
f 1773 579 578
f 3486 470 474
f 474 470 469
f 450 582 3487
f 3487 582 3488
f 582 583 3488
f 3488 583 3489
f 583 584 3489
f 3489 584 3490
f 3490 584 3491
f 3491 584 543
f 470 3486 466
f 466 3486 467
f 3489 3490 503
f 503 3490 504
f 503 3492 3489
f 3489 3492 3488
f 3492 503 3493
f 3493 503 502
f 3495 3492 3494
f 3494 3492 3493
f 3487 3488 3495
f 3495 3488 3492
f 468 1774 465
f 465 1774 570
f 3494 3493 1775
f 1775 3493 1771
f 3490 3491 504
f 504 3491 1772
f 3491 543 1772
f 1772 543 548
f 450 3487 474
f 474 3487 3486
f 3495 467 3487
f 3487 467 3486
f 3494 468 3495
f 3495 468 467
f 468 3494 1774
f 1774 3494 1775
f 501 1771 502
f 502 1771 3493
f 527 366 384
f 384 366 365
f 522 524 527
f 527 524 366
f 521 534 522
f 522 534 524
f 530 535 521
f 521 535 534
f 508 486 513
f 513 486 532
f 513 532 541
f 541 532 535
f 667 668 596
f 596 668 597
f 1294 1297 624
f 624 1297 625
f 603 641 604
f 604 641 640
f 1290 1293 650
f 650 1293 651
f 1758 691 660
f 660 691 661
f 602 671 599
f 599 671 670
f 654 662 690
f 690 662 661
f 2856 598 695
f 695 598 597
f 602 654 671
f 671 654 690
f 604 640 676
f 676 640 704
f 1826 1829 708
f 708 1829 709
f 1288 1284 740
f 740 1284 741
f 755 754 758
f 758 754 759
f 2853 2856 932
f 932 2856 695
f 689 691 1192
f 1192 691 1193
f 784 1319 1240
f 1240 1319 1241
f 1813 1816 1244
f 1244 1816 1245
f 754 1288 759
f 759 1288 740
f 1894 1242 1318
f 1318 1242 1241
f 2867 1348 1418
f 1418 1348 1347
f 676 704 673
f 673 704 1347
f 1284 1287 741
f 741 1287 1419
f 1421 1426 1422
f 1422 1426 1425
f 1758 660 615
f 615 660 616
f 1192 1191 1421
f 1421 1191 1426
f 2962 1839 1504
f 1504 1839 1505
f 941 1194 1759
f 1759 1194 1193
f 1287 1537 1419
f 1419 1537 1760
f 1882 2893 1823
f 1823 2893 1824
f 1886 1891 1827
f 1827 1891 1828
f 1887 1886 1834
f 1834 1886 1827
f 1841 716 1838
f 1838 716 1505
f 782 784 1850
f 1850 784 1240
f 1239 1242 1863
f 1863 1242 1864
f 1242 1894 1864
f 1864 1894 1873
f 1822 1239 1823
f 1823 1239 1863
f 1318 1317 1895
f 1895 1317 1900
f 1894 1896 1873
f 1873 1896 1897
f 1291 1896 1292
f 1292 1896 1895
f 605 1898 606
f 606 1898 1897
f 1258 1257 2854
f 2854 1257 2855
f 1257 1351 2855
f 2855 1351 2857
f 1351 1353 2857
f 2857 1353 2858
f 1353 3033 2858
f 2858 3033 2859
f 2860 2861 3036
f 3036 2861 3037
f 2862 2863 2870
f 2870 2863 3039
f 2870 2869 2862
f 2862 2869 2864
f 2868 2865 2869
f 2869 2865 2864
f 1764 2866 2868
f 2868 2866 2865
f 1537 1199 1760
f 1760 1199 1348
f 615 2884 1758
f 1758 2884 1759
f 1825 1246 2890
f 2890 1246 1245
f 2893 2892 1824
f 1824 2892 2891
f 761 2960 758
f 758 2960 2906
f 3000 2943 2940
f 2940 2943 2941
f 2968 710 2950
f 2950 710 709
f 1764 1423 2866
f 2866 1423 2953
f 1423 645 2953
f 2953 645 2954
f 645 644 2954
f 2954 644 2955
f 644 738 2955
f 2955 738 2956
f 738 764 2956
f 2956 764 2957
f 764 763 2957
f 2957 763 2958
f 763 2908 2958
f 2958 2908 2959
f 2908 1436 2959
f 2959 1436 2961
f 1837 2964 1435
f 1435 2964 2963
f 1837 2937 2964
f 2964 2937 2965
f 2936 2968 2966
f 2966 2968 2950
f 1840 2942 1838
f 1838 2942 2941
f 2939 2949 2940
f 2940 2949 3006
f 2939 2942 2966
f 2966 2942 2965
f 1822 1825 1850
f 1850 1825 2890
f 1891 3005 1828
f 1828 3005 3006
f 3035 3038 3045
f 3045 3038 3042
f 3045 3044 3035
f 3035 3044 3040
f 669 1422 3045
f 3045 1422 3044
f 599 670 3041
f 3041 670 3042
f 931 3067 932
f 932 3067 3065
f 2853 3066 2854
f 2854 3066 3076
f 3067 3496 3065
f 3065 3496 3497
f 3066 3498 3076
f 3076 3498 3499
f 707 1813 708
f 708 1813 1244
f 2960 2962 2906
f 2906 2962 1504
f 2892 1887 2891
f 2891 1887 1834
f 1839 2962 2963
f 2963 2962 2961
f 595 626 596
f 596 626 625
f 623 626 3484
f 3484 626 2859
f 1291 1290 606
f 606 1290 603
f 1290 650 603
f 603 650 641
f 641 650 642
f 642 650 649
f 2860 2863 649
f 649 2863 642
f 3036 3039 2860
f 2860 3039 2863
f 3035 3040 3036
f 3036 3040 3039
f 1294 1293 1295
f 1295 1293 1292
f 624 651 1294
f 1294 651 1293
f 623 652 624
f 624 652 651
f 3484 2861 623
f 623 2861 652
f 3032 3037 3484
f 3484 3037 2861
f 3031 3038 3032
f 3032 3038 3037
f 3481 2848 2884
f 2884 2848 942
f 2846 617 1427
f 1427 617 616
f 3049 3167 3048
f 3048 3167 3500
f 1906 3048 3070
f 3070 3048 3500
f 1337 1768 3501
f 3501 1768 3502
f 3020 3503 3021
f 3021 3503 3024
f 2914 3023 3020
f 3020 3023 3503
f 859 1770 860
f 860 1770 3504
f 1336 3505 1768
f 1768 3505 3502
f 3065 3497 3066
f 3066 3497 3498
f 2814 3075 3067
f 3067 3075 3496
f 2839 3174 766
f 766 3174 3017
f 1337 3501 1338
f 1338 3501 1769
f 767 3018 3026
f 3026 3018 3506
f 3076 3499 3064
f 3064 3499 3507
f 727 730 3483
f 3483 730 3030
f 3064 3507 2871
f 2871 3507 3077
f 3100 3160 1786
f 1786 3160 1784
f 3026 3506 752
f 752 3506 3015
f 860 3504 2923
f 2923 3504 3508
f 753 3016 3027
f 3027 3016 3509
f 3027 3509 3008
f 3008 3509 3028
f 1782 1785 1783
f 1783 1785 3022
f 2923 3508 3153
f 3153 3508 3161
f 3148 3149 1208
f 1208 3149 3150
f 1335 1328 3510
f 3510 1328 1327
f 1336 1335 3505
f 3505 1335 3510
f 866 3511 1340
f 1340 3511 3146
f 865 1808 866
f 866 1808 3511
f 842 841 3159
f 3159 841 3485
f 2849 3512 1329
f 1329 3512 1326
f 1202 1331 2849
f 2849 1331 3512
f 3514 3515 3513
f 3513 3515 3516
f 3518 3516 3517
f 3517 3516 3515
f 3519 3520 3514
f 3514 3520 3515
f 3522 3523 3521
f 3521 3523 3524
f 3526 3527 3525
f 3525 3527 3528
f 3530 3531 3529
f 3529 3531 3532
f 3534 3535 3533
f 3533 3535 3536
f 3529 3532 3537
f 3537 3532 3538
f 3537 3539 3529
f 3529 3539 3540
f 3542 3543 3541
f 3541 3543 3544
f 3546 3547 3545
f 3545 3547 3548
f 3550 3534 3549
f 3549 3534 3533
f 3550 3543 3551
f 3551 3543 3552
f 3537 3545 3539
f 3539 3545 3548
f 3553 3554 3556
f 3556 3554 3555
f 3537 3557 3545
f 3545 3557 3546
f 3558 3559 3561
f 3561 3559 3560
f 3563 3564 3562
f 3562 3564 3565
f 3564 3563 3566
f 3566 3563 3567
f 3569 3570 3568
f 3568 3570 3571
f 3573 3574 3572
f 3572 3574 3575
f 3577 3578 3576
f 3576 3578 3579
f 3581 3582 3580
f 3580 3582 3583
f 3585 3586 3584
f 3584 3586 3579
f 3586 3587 3579
f 3579 3587 3576
f 3589 3590 3588
f 3588 3590 3591
f 3592 3593 3595
f 3595 3593 3594
f 3597 3598 3596
f 3596 3598 3595
f 3583 3600 3599
f 3599 3600 3601
f 3603 3599 3602
f 3602 3599 3601
f 3605 3606 3604
f 3604 3606 3607
f 3608 3555 3596
f 3596 3555 3554
f 3597 3610 3609
f 3609 3610 3565
f 3564 3611 3565
f 3565 3611 3609
f 3611 3564 3612
f 3612 3564 3566
f 3613 3614 3569
f 3569 3614 3570
f 3615 3616 3573
f 3573 3616 3574
f 3517 3617 3518
f 3518 3617 3618
f 3620 3621 3619
f 3619 3621 3622
f 3624 3625 3623
f 3623 3625 3626
f 3628 3629 3627
f 3627 3629 3630
f 3632 3633 3631
f 3631 3633 3634
f 3636 3637 3635
f 3635 3637 3638
f 3640 3641 3639
f 3639 3641 3642
f 3643 3644 3639
f 3639 3644 3640
f 3646 3513 3645
f 3645 3513 3647
f 3648 3514 3646
f 3646 3514 3513
f 3649 3519 3648
f 3648 3519 3514
f 3650 3651 3527
f 3527 3651 3652
f 3654 3651 3653
f 3653 3651 3650
f 3568 3571 3655
f 3655 3571 3656
f 3657 3658 3653
f 3653 3658 3659
f 3661 3662 3660
f 3660 3662 3658
f 3664 3665 3663
f 3663 3665 3666
f 3667 3657 3650
f 3650 3657 3653
f 3669 3523 3668
f 3668 3523 3670
f 3672 3673 3671
f 3671 3673 3674
f 3676 3677 3675
f 3675 3677 3678
f 3671 3674 3676
f 3676 3674 3677
f 3680 3681 3679
f 3679 3681 3682
f 3683 3684 3680
f 3680 3684 3681
f 3685 3686 3661
f 3661 3686 3662
f 3686 3687 3662
f 3662 3687 3688
f 3684 3683 3689
f 3689 3683 3690
f 3692 3693 3691
f 3691 3693 3694
f 3691 3694 3695
f 3695 3694 3696
f 3698 3699 3697
f 3697 3699 3700
f 3702 3703 3701
f 3701 3703 3704
f 3705 3706 3519
f 3519 3706 3520
f 3673 3672 3707
f 3707 3672 3708
f 3709 3710 3682
f 3682 3710 3679
f 3711 3712 3692
f 3692 3712 3693
f 3714 3715 3713
f 3713 3715 3716
f 3718 3700 3717
f 3717 3700 3699
f 3720 3721 3719
f 3719 3721 3722
f 3724 3725 3723
f 3723 3725 3726
f 3727 3728 3730
f 3730 3728 3729
f 3722 3721 3731
f 3731 3721 3732
f 3697 3700 3733
f 3733 3700 3714
f 3733 3714 3734
f 3734 3714 3713
f 3721 3723 3732
f 3732 3723 3735
f 3720 3736 3724
f 3724 3736 3737
f 3700 3718 3714
f 3714 3718 3715
f 3717 3699 3738
f 3738 3699 3739
f 3536 3740 3533
f 3533 3740 3540
f 3742 3743 3741
f 3741 3743 3744
f 3746 3747 3745
f 3745 3747 3748
f 3750 3751 3749
f 3749 3751 3752
f 3627 3632 3628
f 3628 3632 3631
f 3754 3755 3753
f 3753 3755 3626
f 3562 3565 3756
f 3756 3565 3610
f 3527 3652 3528
f 3528 3652 3757
f 3758 3524 3669
f 3669 3524 3523
f 3582 3598 3583
f 3583 3598 3600
f 3759 3670 3522
f 3522 3670 3523
f 3675 3678 3760
f 3760 3678 3761
f 3762 3763 3690
f 3690 3763 3689
f 3765 3766 3764
f 3764 3766 3767
f 3768 3739 3698
f 3698 3739 3699
f 3726 3725 3770
f 3770 3725 3769
f 3645 3647 3771
f 3771 3647 3772
f 3645 3678 3646
f 3646 3678 3677
f 3646 3677 3648
f 3648 3677 3674
f 3673 3649 3674
f 3674 3649 3648
f 3707 3773 3673
f 3673 3773 3649
f 3775 3776 3774
f 3774 3776 3777
f 3779 3526 3778
f 3778 3526 3525
f 3526 3779 3667
f 3667 3779 3780
f 3780 3781 3667
f 3667 3781 3657
f 3672 3679 3708
f 3708 3679 3710
f 3671 3680 3672
f 3672 3680 3679
f 3676 3683 3671
f 3671 3683 3680
f 3675 3690 3676
f 3676 3690 3683
f 3760 3762 3675
f 3675 3762 3690
f 3682 3681 3783
f 3783 3681 3782
f 3689 3784 3684
f 3684 3784 3785
f 3684 3785 3681
f 3681 3785 3782
f 3786 3709 3783
f 3783 3709 3682
f 3784 3689 3787
f 3787 3689 3763
f 3789 3557 3788
f 3788 3557 3790
f 3792 3793 3791
f 3791 3793 3794
f 3616 3615 3795
f 3795 3615 3796
f 3797 3798 3727
f 3727 3798 3728
f 3800 3801 3799
f 3799 3801 3802
f 3803 3578 3592
f 3592 3578 3593
f 3805 3806 3804
f 3804 3806 3807
f 3599 3603 3585
f 3585 3603 3586
f 3587 3586 3604
f 3604 3586 3603
f 3588 3591 3794
f 3794 3591 3791
f 3581 3803 3582
f 3582 3803 3592
f 3594 3561 3608
f 3608 3561 3790
f 3662 3688 3808
f 3808 3688 3809
f 3665 3664 3810
f 3810 3664 3811
f 3719 3812 3720
f 3720 3812 3736
f 3717 3813 3718
f 3718 3813 3737
f 3723 3721 3724
f 3724 3721 3720
f 3813 3717 3814
f 3814 3717 3738
f 3815 3816 303
f 303 3816 304
f 3818 3819 3817
f 3817 3819 3820
f 3578 3803 3579
f 3579 3803 3584
f 3558 3593 3577
f 3577 3593 3578
f 3822 3823 3821
f 3821 3823 3824
f 3546 3826 3825
f 3825 3826 3827
f 3828 3829 3547
f 3547 3829 3541
f 3831 3542 3830
f 3830 3542 3832
f 3834 3822 3833
f 3833 3822 3821
f 3835 3836 3827
f 3827 3836 3825
f 3800 3799 3828
f 3828 3799 3829
f 3830 3832 3837
f 3837 3832 3838
f 331 330 3551
f 3551 330 3839
f 3831 333 3552
f 3552 333 332
f 3819 3797 3841
f 3841 3797 3840
f 3513 3516 3647
f 3647 3516 3746
f 337 336 3745
f 3745 336 3772
f 3525 3528 3775
f 3775 3528 3749
f 3610 3597 3554
f 3554 3597 3596
f 3706 3702 3520
f 3520 3702 3701
f 3756 3610 3553
f 3553 3610 3554
f 3757 3750 3528
f 3528 3750 3749
f 3517 3515 3701
f 3701 3515 3520
f 3842 3584 3581
f 3581 3584 3803
f 3525 3775 3778
f 3778 3775 3774
f 3638 3843 3635
f 3635 3843 3618
f 3617 3621 3618
f 3618 3621 3635
f 3617 3517 3704
f 3704 3517 3701
f 3521 3624 3522
f 3522 3624 3623
f 3749 3844 3775
f 3775 3844 3776
f 3846 3847 3845
f 3845 3847 3848
f 3843 3747 3618
f 3618 3747 3518
f 3850 3851 3849
f 3849 3851 3748
f 3853 3854 3852
f 3852 3854 3855
f 3856 3857 3622
f 3622 3857 3619
f 3859 3860 3858
f 3858 3860 3861
f 3862 3844 3752
f 3752 3844 3749
f 3863 3759 3623
f 3623 3759 3522
f 3864 3777 3630
f 3630 3777 3776
f 3713 3865 3734
f 3734 3865 3866
f 3868 3869 3867
f 3867 3869 3870
f 3872 3873 3871
f 3871 3873 3874
f 3876 3877 3875
f 3875 3877 3878
f 3879 3880 3878
f 3878 3880 3881
f 3882 3883 3885
f 3885 3883 3884
f 3780 3886 3781
f 3781 3886 3887
f 3888 3685 3869
f 3869 3685 3661
f 3880 3879 3883
f 3883 3879 3884
f 3693 3783 3694
f 3694 3783 3782
f 3696 3785 3764
f 3764 3785 3784
f 3694 3782 3696
f 3696 3782 3785
f 3693 3786 3783
f 3787 3765 3784
f 3784 3765 3764
f 386 385 3765
f 3765 385 3766
f 3695 3889 3691
f 3691 3889 3890
f 3691 3890 3692
f 3692 3890 3891
f 3892 3711 3891
f 3891 3711 3692
f 3767 3893 3695
f 3695 3893 3889
f 3766 3894 3767
f 3767 3894 3893
f 3882 3885 3895
f 3895 3885 3896
f 3898 3698 3897
f 3897 3698 3697
f 3897 3697 3899
f 3899 3697 3733
f 3899 3733 3900
f 3900 3733 3734
f 3901 3768 3898
f 3898 3768 3698
f 3901 3902 3768
f 3768 3902 3903
f 3904 3905 3907
f 3907 3905 3906
f 3869 3661 3870
f 3870 3661 3660
f 3908 3909 3896
f 3896 3909 3895
f 3909 3758 3895
f 3895 3758 3669
f 3751 3531 3752
f 3752 3531 3848
f 3858 3536 3854
f 3854 3536 3535
f 3652 3562 3757
f 3757 3562 3756
f 3651 3654 3563
f 3563 3654 3567
f 3655 3656 3808
f 3808 3656 3659
f 3530 3740 3845
f 3845 3740 3861
f 3751 3750 3556
f 3556 3750 3553
f 3817 3820 3796
f 3796 3820 3795
f 410 409 3910
f 3910 409 3855
f 3750 3757 3553
f 3553 3757 3756
f 3908 3886 3909
f 3909 3886 3780
f 409 411 3855
f 3855 411 3851
f 413 412 3760
f 3760 412 3762
f 415 414 3763
f 3763 414 3787
f 3790 3557 3538
f 3538 3557 3537
f 3555 3608 3538
f 3538 3608 3790
f 3574 3911 3575
f 3575 3911 3912
f 3535 3534 3910
f 3910 3534 3839
f 3831 3552 3542
f 3542 3552 3543
f 3534 3550 3839
f 3839 3550 3551
f 3543 3550 3544
f 3544 3550 3549
f 3913 3914 3916
f 3916 3914 3915
f 3806 3805 3589
f 3589 3805 3590
f 3849 3843 3917
f 3917 3843 3638
f 3853 3644 3859
f 3859 3644 3742
f 3747 3746 3518
f 3518 3746 3516
f 3695 3696 3767
f 3767 3696 3764
f 3903 3918 3768
f 3768 3918 3739
f 3738 3739 3816
f 3816 3739 3918
f 3919 3920 3769
f 3769 3920 3770
f 3921 3726 3922
f 3922 3726 3770
f 3678 3645 3761
f 3761 3645 3771
f 3924 3913 3923
f 3923 3913 3916
f 3802 3925 3838
f 3838 3925 3837
f 3577 3926 3558
f 3558 3926 3559
f 3815 3919 3814
f 3814 3919 3769
f 3927 3928 3822
f 3822 3928 3823
f 3829 3832 3541
f 3541 3832 3542
f 3834 3927 3822
f 3832 3829 3838
f 3838 3829 3799
f 3745 3772 3746
f 3746 3772 3647
f 3849 3748 3843
f 3843 3748 3747
f 3854 3853 3858
f 3858 3853 3859
f 3854 3535 3855
f 3855 3535 3910
f 3557 3789 3546
f 3546 3789 3826
f 3923 3823 3924
f 3924 3823 3928
f 3823 3923 3929
f 3929 3923 3930
f 3531 3751 3532
f 3532 3751 3556
f 3532 3556 3538
f 3538 3556 3555
f 3932 3634 3931
f 3931 3634 3633
f 3814 3769 3813
f 3813 3769 3725
f 3620 3636 3621
f 3621 3636 3635
f 3847 3862 3848
f 3848 3862 3752
f 3531 3530 3848
f 3848 3530 3845
f 3933 3934 3830
f 3830 3934 3831
f 3925 3933 3837
f 3837 3933 3830
f 3934 440 3831
f 3831 440 333
f 3925 3802 3833
f 3833 3802 3801
f 3776 3844 3630
f 3630 3844 3627
f 3808 3659 3662
f 3662 3659 3658
f 3667 3650 3526
f 3526 3650 3527
f 3935 3666 3936
f 3936 3666 3665
f 3718 3737 3715
f 3715 3737 3736
f 3663 3809 3664
f 3664 3809 3688
f 3807 3806 3938
f 3938 3806 3937
f 445 413 3761
f 3761 413 3760
f 3902 447 3903
f 3903 447 446
f 3897 3890 3898
f 3898 3890 3889
f 3899 3891 3897
f 3897 3891 3890
f 3898 3889 3901
f 3901 3889 3893
f 3893 3894 3901
f 3901 3894 3902
f 414 386 3787
f 3787 386 3765
f 3940 3941 3939
f 3939 3941 3942
f 3840 3797 3943
f 3943 3797 3727
f 3665 3810 3936
f 3936 3810 3944
f 3921 3735 3726
f 3726 3735 3723
f 3920 3945 3770
f 3770 3945 3922
f 3521 3524 3774
f 3774 3524 3778
f 3864 3946 3625
f 3625 3946 3947
f 3773 3705 3649
f 3649 3705 3519
f 3779 3778 3758
f 3758 3778 3524
f 3812 3716 3736
f 3736 3716 3715
f 3624 3521 3777
f 3777 3521 3774
f 3703 3856 3704
f 3704 3856 3622
f 3900 3892 3899
f 3899 3892 3891
f 3641 3917 3642
f 3642 3917 3948
f 3895 3669 3882
f 3882 3669 3668
f 3855 3851 3852
f 3852 3851 3850
f 3894 458 3902
f 3902 458 447
f 3781 3887 3660
f 3660 3887 3870
f 3570 3566 3571
f 3571 3566 3567
f 3950 3576 3949
f 3949 3576 3587
f 3605 3602 3614
f 3614 3602 3612
f 3614 3612 3570
f 3570 3612 3566
f 3571 3567 3656
f 3656 3567 3654
f 3660 3658 3781
f 3781 3658 3657
f 3604 3607 3587
f 3587 3607 3949
f 3653 3659 3654
f 3654 3659 3656
f 3529 3540 3530
f 3530 3540 3740
f 3687 3811 3688
f 3688 3811 3664
f 3813 3725 3737
f 3737 3725 3724
f 3919 3815 461
f 461 3815 303
f 3818 3798 3819
f 3819 3798 3797
f 3819 3841 3820
f 3820 3841 3951
f 3816 3815 3738
f 3738 3815 3814
f 3540 3539 3533
f 3533 3539 3549
f 3548 3547 3544
f 3544 3547 3541
f 3539 3548 3549
f 3549 3548 3544
f 3741 3931 3860
f 3860 3931 3846
f 3801 3800 3835
f 3835 3800 3836
f 3934 3933 3824
f 3824 3933 3821
f 3825 3828 3546
f 3546 3828 3547
f 3833 3821 3925
f 3925 3821 3933
f 3800 3828 3836
f 3836 3828 3825
f 3824 3952 3934
f 3934 3952 440
f 3860 3846 3861
f 3861 3846 3845
f 3629 3946 3630
f 3630 3946 3864
f 3740 3536 3861
f 3861 3536 3858
f 3833 3801 3834
f 3834 3801 3835
f 3583 3599 3580
f 3580 3599 3585
f 3651 3563 3652
f 3652 3563 3562
f 3758 3909 3779
f 3779 3909 3780
f 3621 3617 3622
f 3622 3617 3704
f 3625 3947 3626
f 3626 3947 3753
f 3633 3632 3847
f 3847 3632 3862
f 3852 3850 3640
f 3640 3850 3641
f 3644 3853 3640
f 3640 3853 3852
f 3859 3742 3860
f 3860 3742 3741
f 3632 3627 3862
f 3862 3627 3844
f 3755 3863 3626
f 3626 3863 3623
f 3917 3638 3948
f 3948 3638 3637
f 3644 3643 3742
f 3742 3643 3743
f 3931 3633 3846
f 3846 3633 3847
f 3625 3624 3864
f 3864 3624 3777
f 3917 3641 3849
f 3849 3641 3850
f 3744 3932 3741
f 3741 3932 3931
f 3903 446 3918
f 3918 446 464
f 3953 3954 3956
f 3956 3954 3955
f 3958 3959 3957
f 3957 3959 3960
f 3876 3958 3877
f 3877 3958 3957
f 3877 3957 3961
f 3961 3957 3962
f 3963 3964 3958
f 3958 3964 3959
f 3965 3966 3876
f 3876 3966 3958
f 3966 3963 3958
f 3966 3967 3963
f 3963 3967 3968
f 3878 3877 3879
f 3879 3877 3961
f 3967 3969 3968
f 3968 3969 3970
f 3969 3971 3970
f 3970 3971 3972
f 3974 3904 3973
f 3973 3904 3907
f 3971 3975 3972
f 3972 3975 3976
f 3976 3975 3978
f 3978 3975 3977
f 3979 3980 3977
f 3977 3980 3978
f 3981 3982 3979
f 3979 3982 3980
f 3983 3984 3981
f 3981 3984 3982
f 3972 3985 3970
f 3970 3985 3986
f 3871 3987 3969
f 3969 3987 3971
f 3872 3871 3967
f 3967 3871 3969
f 3965 3872 3966
f 3966 3872 3967
f 3970 3986 3968
f 3968 3986 3988
f 3879 3961 3884
f 3884 3961 3940
f 3884 3940 3885
f 3885 3940 3939
f 3989 3990 3992
f 3992 3990 3991
f 3942 3993 3995
f 3995 3993 3994
f 3994 3996 3995
f 3995 3996 3974
f 3997 3998 3994
f 3994 3998 3996
f 3999 3997 3993
f 3993 3997 3994
f 4001 3996 4000
f 4000 3996 3998
f 4000 3998 4002
f 4002 3998 4003
f 4004 4003 3997
f 3997 4003 3998
f 3997 3999 4004
f 4004 3999 4005
f 4006 3995 3973
f 3973 3995 3974
f 3939 3942 4006
f 4006 3942 3995
f 3906 3887 3907
f 3907 3887 3886
f 3887 3906 3870
f 3870 3906 3867
f 3908 3973 3886
f 3886 3973 3907
f 3865 4007 3866
f 3866 4007 4008
f 3984 3983 4009
f 4009 3983 4010
f 3961 3962 3940
f 3940 3962 3941
f 4012 3868 4011
f 4011 3868 3867
f 4013 3975 3987
f 3987 3975 3971
f 4014 3977 4013
f 4013 3977 3975
f 4015 4010 4007
f 4007 4010 3983
f 4007 3983 4008
f 4008 3983 3981
f 4008 3981 4016
f 4016 3981 3979
f 4017 3984 4018
f 4018 3984 4009
f 3977 4014 3979
f 3979 4014 4016
f 3982 3984 4019
f 4019 3984 4017
f 4021 4022 4020
f 4020 4022 4023
f 4022 4012 4023
f 4023 4012 4011
f 4023 3904 4020
f 4020 3904 3974
f 4024 4025 4018
f 4018 4025 4017
f 4026 4027 4024
f 4024 4027 4025
f 4028 4026 4029
f 4029 4026 4024
f 4018 4021 4024
f 4024 4021 4029
f 4030 4031 4026
f 4026 4031 4027
f 4032 4030 4028
f 4028 4030 4026
f 4029 4001 4028
f 4028 4001 4000
f 4028 4000 4032
f 4032 4000 4002
f 4034 4035 4033
f 4033 4035 4036
f 4037 4038 4019
f 4019 4038 4039
f 4041 4039 4040
f 4040 4039 4038
f 4040 4038 4042
f 4042 4038 4036
f 4042 4036 4043
f 4043 4036 4035
f 3985 4044 4046
f 4046 4044 4045
f 4047 4048 4045
f 4045 4048 4046
f 4047 4049 4048
f 4048 4049 4050
f 4042 4047 4040
f 4040 4047 4045
f 4043 4049 4042
f 4042 4049 4047
f 4040 4045 4041
f 4041 4045 4044
f 4052 3959 4051
f 4051 3959 3964
f 4053 4054 4051
f 4051 4054 4055
f 3956 3960 4052
f 4052 3960 3959
f 3953 3956 4056
f 4056 3956 4052
f 4058 3953 4057
f 4057 3953 4056
f 4060 4061 4059
f 4059 4061 4062
f 4063 4064 4054
f 4054 4064 4057
f 4054 4053 4063
f 4063 4053 4065
f 4066 4067 4069
f 4069 4067 4068
f 4048 4050 4063
f 4063 4050 4064
f 4063 4065 4048
f 4048 4065 4046
f 3985 4046 3986
f 3986 4046 4065
f 3986 4065 3988
f 3988 4065 4053
f 3988 4053 3964
f 3964 4053 4051
f 3976 3978 4044
f 4044 3978 4041
f 3980 3982 4039
f 4039 3982 4019
f 4039 4041 3980
f 3980 4041 3978
f 3973 3908 4006
f 4006 3908 3896
f 3885 3939 3896
f 3896 3939 4006
f 4031 4034 4027
f 4027 4034 4033
f 4027 4033 4025
f 4025 4033 4037
f 4019 4017 4037
f 4037 4017 4025
f 3993 3942 4070
f 4070 3942 3941
f 3999 3993 4071
f 4071 3993 4070
f 3999 4071 4005
f 4005 4071 4072
f 4073 4074 4076
f 4076 4074 4075
f 4078 4079 4077
f 4077 4079 4080
f 4082 4080 4081
f 4081 4080 4079
f 4084 4085 4083
f 4083 4085 4086
f 4087 4088 4090
f 4090 4088 4089
f 4092 4093 4091
f 4091 4093 4094
f 4096 4097 4095
f 4095 4097 4098
f 4100 4101 4099
f 4099 4101 4102
f 4103 4104 4106
f 4106 4104 4105
f 4108 4109 4107
f 4107 4109 4110
f 4112 4113 4111
f 4111 4113 4114
f 4116 4117 4115
f 4115 4117 4118
f 4120 4121 4119
f 4119 4121 4122
f 4123 4124 4126
f 4126 4124 4125
f 4127 4128 4130
f 4130 4128 4129
f 4132 4133 4131
f 4131 4133 4134
f 4136 4108 4135
f 4135 4108 4107
f 4138 4139 4137
f 4137 4139 4140
f 4141 4142 4088
f 4088 4142 4089
f 4144 4145 4143
f 4143 4145 4146
f 4148 4149 4147
f 4147 4149 4150
f 4152 4153 4151
f 4151 4153 4154
f 4156 4082 4155
f 4155 4082 4081
f 4157 4158 4160
f 4160 4158 4159
f 4161 4162 4164
f 4164 4162 4163
f 4166 4122 4165
f 4165 4122 4121
f 4168 4152 4167
f 4167 4152 4151
f 4169 4170 4172
f 4172 4170 4171
f 4174 4175 4173
f 4173 4175 4176
f 4178 4149 4177
f 4177 4149 4179
f 4173 4176 4180
f 4180 4176 4181
f 4156 4085 4182
f 4182 4085 4183
f 4182 4184 4156
f 4156 4184 4082
f 4185 4186 4184
f 4184 4186 4187
f 4186 4188 4187
f 4187 4188 4189
f 4190 4191 4073
f 4073 4191 4074
f 4177 4179 4158
f 4158 4179 4159
f 4193 4127 4192
f 4192 4127 4130
f 4144 4194 4151
f 4151 4194 4167
f 4196 4197 4195
f 4195 4197 4198
f 4095 4199 4096
f 4096 4199 4200
f 4201 4202 4204
f 4204 4202 4203
f 4205 4206 4208
f 4208 4206 4207
f 4121 4120 4209
f 4209 4120 4210
f 4212 4213 4211
f 4211 4213 4214
f 4216 4217 4215
f 4215 4217 4218
f 4220 4221 4219
f 4219 4221 4222
f 4224 4196 4223
f 4223 4196 4195
f 4225 4226 4134
f 4134 4226 4131
f 4228 4229 4227
f 4227 4229 4230
f 4232 4233 4231
f 4231 4233 4098
f 4235 4236 4234
f 4234 4236 4237
f 4239 4240 4238
f 4238 4240 4241
f 4242 4243 4245
f 4245 4243 4244
f 4246 4247 4249
f 4249 4247 4248
f 4251 4252 4250
f 4250 4252 4253
f 4255 4256 4254
f 4254 4256 4257
f 4259 4260 4258
f 4258 4260 4261
f 4263 4264 4262
f 4262 4264 4265
f 4267 4268 4266
f 4266 4268 4269
f 4271 4199 4270
f 4270 4199 4272
f 4273 4274 4276
f 4276 4274 4275
f 4115 4118 4277
f 4277 4118 4278
f 4280 4281 4279
f 4279 4281 4282
f 4211 4283 4212
f 4212 4283 4284
f 4286 4287 4285
f 4285 4287 4288
f 4165 4121 4289
f 4289 4121 4209
f 4291 4286 4290
f 4290 4286 4285
f 4293 4294 4292
f 4292 4294 4295
f 4297 4298 4296
f 4296 4298 4299
f 4301 4302 4300
f 4300 4302 4303
f 4299 4304 4296
f 4296 4304 4305
f 4306 4292 4307
f 4307 4292 4295
f 4307 4308 4306
f 4306 4308 4309
f 4310 4309 4075
f 4075 4309 4308
f 4299 4298 4312
f 4312 4298 4311
f 4302 4301 4293
f 4293 4301 4294
f 3735 3921 4313
f 4313 3921 4314
f 4315 4314 3922
f 3922 4314 3921
f 4316 3945 829
f 829 3945 830
f 4289 4317 4165
f 4165 4317 4318
f 4320 4321 4319
f 4319 4321 4322
f 4324 4325 4323
f 4323 4325 4326
f 4327 4328 4330
f 4330 4328 4329
f 4290 4331 4291
f 4291 4331 4332
f 4165 4318 4166
f 4166 4318 4333
f 4334 4335 4337
f 4337 4335 4336
f 4339 4340 4338
f 4338 4340 4341
f 4168 4343 4342
f 4342 4343 4344
f 4346 4347 4345
f 4345 4347 4348
f 4350 4351 4349
f 4349 4351 4352
f 4354 4355 4353
f 4353 4355 4356
f 4357 4358 4324
f 4324 4358 4325
f 4337 4359 4334
f 4334 4359 4360
f 4362 4363 4361
f 4361 4363 4364
f 4366 4367 4365
f 4365 4367 4368
f 4369 4370 4372
f 4372 4370 4371
f 4331 4290 4374
f 4374 4290 4373
f 4373 4376 4375
f 4375 4376 4377
f 4379 4380 4378
f 4378 4380 4381
f 4217 4382 4218
f 4218 4382 4383
f 4385 4386 4384
f 4384 4386 4387
f 4388 4389 4338
f 4338 4389 4390
f 4337 4336 4392
f 4392 4336 4391
f 4394 4362 4393
f 4393 4362 4361
f 4396 4397 4395
f 4395 4397 4398
f 4400 4401 4399
f 4399 4401 4402
f 4345 4403 4346
f 4346 4403 4404
f 4405 4406 4342
f 4342 4406 4407
f 4409 4410 4408
f 4408 4410 4411
f 4408 4412 4409
f 4409 4412 4413
f 4181 4415 4414
f 4414 4415 4416
f 4182 4183 4417
f 4417 4183 4418
f 4419 4353 4311
f 4311 4353 4312
f 4421 4422 4420
f 4420 4422 4423
f 4353 4356 4312
f 4312 4356 4424
f 4166 4333 4425
f 4425 4333 4426
f 4425 4143 4166
f 4166 4143 4122
f 4427 4107 4428
f 4428 4107 4110
f 4429 4430 4174
f 4174 4430 4175
f 4335 4431 4336
f 4336 4431 4390
f 4336 4390 4391
f 4391 4390 4389
f 4432 4433 4435
f 4435 4433 4434
f 4437 4438 4436
f 4436 4438 4439
f 4441 4442 4440
f 4440 4442 4443
f 4359 4444 4361
f 4361 4444 4393
f 4446 4447 4445
f 4445 4447 4448
f 4338 4341 4388
f 4388 4341 4449
f 4450 4451 4398
f 4398 4451 4395
f 4453 4454 4452
f 4452 4454 4455
f 4457 4458 4456
f 4456 4458 4459
f 4460 4461 4448
f 4448 4461 4445
f 4463 4464 4462
f 4462 4464 4465
f 4462 4465 4466
f 4466 4465 4467
f 4468 4469 4467
f 4467 4469 4466
f 4469 4468 4470
f 4470 4468 4471
f 4472 4473 4471
f 4471 4473 4470
f 4475 4476 4474
f 4474 4476 4477
f 4479 4480 4478
f 4478 4480 4481
f 4483 4484 4482
f 4482 4484 4485
f 4487 4488 4486
f 4486 4488 4489
f 4491 4492 4490
f 4490 4492 4493
f 4494 4495 4493
f 4493 4495 4490
f 4496 4497 4494
f 4494 4497 4495
f 4497 4496 4498
f 4498 4496 4499
f 4500 4501 4503
f 4503 4501 4502
f 4505 4506 4504
f 4504 4506 4507
f 4466 4508 4462
f 4462 4508 4509
f 4470 4510 4469
f 4469 4510 4511
f 4513 4479 4512
f 4512 4479 4478
f 4515 4443 4514
f 4514 4443 4442
f 4516 4517 4519
f 4519 4517 4518
f 4521 4495 4520
f 4520 4495 4497
f 4522 4490 4521
f 4521 4490 4495
f 4491 4523 4488
f 4488 4523 4524
f 4525 4489 4524
f 4524 4489 4488
f 4484 4526 4485
f 4485 4526 4527
f 4503 4528 4500
f 4500 4528 4529
f 4530 4531 4533
f 4533 4531 4532
f 4535 4506 4534
f 4534 4506 4530
f 4486 4536 4487
f 4487 4536 4537
f 4487 4537 4492
f 4492 4537 4538
f 4494 4539 4496
f 4496 4539 4540
f 4542 4533 4541
f 4541 4533 4499
f 4544 4545 4543
f 4543 4545 4546
f 4548 4549 4547
f 4547 4549 4550
f 4536 4551 4537
f 4537 4551 4552
f 4537 4552 4538
f 4538 4552 4553
f 4554 4539 4556
f 4556 4539 4555
f 4557 4540 4554
f 4554 4540 4539
f 4559 4557 4558
f 4558 4557 4560
f 4540 4557 4541
f 4541 4557 4559
f 4562 4563 4561
f 4561 4563 4564
f 4546 4565 4543
f 4543 4565 4566
f 4547 4567 4548
f 4548 4567 4568
f 4570 4571 4569
f 4569 4571 4572
f 4574 4575 4573
f 4573 4575 4576
f 4578 4579 4577
f 4577 4579 4580
f 4582 4583 4581
f 4581 4583 4584
f 4585 4586 4588
f 4588 4586 4587
f 4589 4585 4590
f 4590 4585 4588
f 4592 4593 4591
f 4591 4593 4594
f 4596 4597 4595
f 4595 4597 4598
f 4600 4601 4599
f 4599 4601 4602
f 4563 4604 4603
f 4603 4604 4605
f 4603 4606 4608
f 4608 4606 4607
f 4609 4610 4594
f 4594 4610 4591
f 4611 4612 4614
f 4614 4612 4613
f 4616 4617 4615
f 4615 4617 4618
f 4602 4620 4619
f 4619 4620 4621
f 4619 4622 4602
f 4602 4622 4599
f 4605 4599 4623
f 4623 4599 4622
f 4605 4623 4603
f 4603 4623 4606
f 4625 4626 4624
f 4624 4626 4627
f 4438 4437 4628
f 4628 4437 4629
f 4442 4441 4630
f 4630 4441 4631
f 4630 4632 4442
f 4442 4632 4514
f 4633 4634 4529
f 4529 4634 4500
f 4500 4634 4501
f 4501 4634 4635
f 4637 4546 4636
f 4636 4546 4545
f 4639 4565 4638
f 4638 4565 4640
f 4573 4576 4641
f 4641 4576 4642
f 4593 4643 4594
f 4594 4643 4644
f 4645 4609 4644
f 4644 4609 4594
f 4647 4648 4646
f 4646 4648 4649
f 4651 4652 4650
f 4650 4652 4653
f 4654 4498 4519
f 4519 4498 4532
f 4520 4508 4521
f 4521 4508 4511
f 4522 4510 4523
f 4523 4510 4655
f 4524 4656 4525
f 4525 4656 4657
f 4514 4529 4515
f 4515 4529 4528
f 4658 4659 4661
f 4661 4659 4660
f 4496 4540 4499
f 4499 4540 4541
f 4493 4555 4494
f 4494 4555 4539
f 4549 4483 4550
f 4550 4483 4482
f 4545 4544 4501
f 4501 4544 4502
f 4636 4545 4635
f 4635 4545 4501
f 4589 4663 4662
f 4662 4663 4664
f 4662 4665 4558
f 4558 4665 4559
f 4569 4586 4570
f 4570 4586 4560
f 4552 4666 4553
f 4553 4666 4667
f 4668 4669 4670
f 4670 4669 4666
f 4672 4673 4671
f 4671 4673 4674
f 4287 4675 4288
f 4288 4675 4676
f 4678 4679 4677
f 4677 4679 4680
f 4681 4678 4682
f 4682 4678 4677
f 4682 4683 4681
f 4681 4683 4684
f 4161 4164 4685
f 4685 4164 4686
f 4414 4687 4689
f 4689 4687 4688
f 4405 4690 4346
f 4346 4690 4347
f 4691 4399 4693
f 4693 4399 4692
f 1209 4694 4365
f 4365 4694 4366
f 4650 1211 4651
f 4651 1211 1210
f 4695 4696 4255
f 4255 4696 4256
f 4697 4698 4218
f 4218 4698 4215
f 4700 4701 4699
f 4699 4701 4702
f 4703 4704 4303
f 4303 4704 4300
f 4315 3922 4316
f 4316 3922 3945
f 4653 4706 4705
f 4705 4706 4707
f 4709 4710 4708
f 4708 4710 4711
f 4335 4334 4713
f 4713 4334 4712
f 4714 4340 4321
f 4321 4340 4322
f 4716 4717 4715
f 4715 4717 4718
f 4238 4241 4719
f 4719 4241 4720
f 4231 4721 4307
f 4307 4721 4308
f 4723 4724 4722
f 4722 4724 4725
f 4727 4728 4726
f 4726 4728 4729
f 4730 4731 4327
f 4327 4731 4328
f 4733 4734 4732
f 4732 4734 4735
f 4720 4381 4736
f 4736 4381 4737
f 4738 4739 4741
f 4741 4739 4740
f 4743 4744 4742
f 4742 4744 4745
f 4338 4390 4339
f 4339 4390 4431
f 4746 4747 4431
f 4431 4747 4339
f 4291 4332 4289
f 4289 4332 4317
f 4289 4209 4291
f 4291 4209 4286
f 4287 4286 4210
f 4210 4286 4209
f 4749 4750 4748
f 4748 4750 4751
f 4212 4284 4752
f 4752 4284 4753
f 4752 4754 4212
f 4212 4754 4213
f 4252 4251 4225
f 4225 4251 4226
f 4227 4230 4248
f 4248 4230 4249
f 4205 4755 4757
f 4757 4755 4756
f 4708 4711 4758
f 4758 4711 4647
f 4367 4366 4759
f 4759 4366 4760
f 4526 4513 4527
f 4527 4513 4512
f 4420 4423 4385
f 4385 4423 4386
f 4705 4761 4653
f 4653 4761 4650
f 4761 1279 4650
f 4650 1279 1211
f 4762 4763 3944
f 3944 4763 3936
f 4274 4273 4765
f 4765 4273 4764
f 4767 4768 4766
f 4766 4768 4769
f 4770 4771 4769
f 4769 4771 4766
f 4771 4770 4242
f 4242 4770 4243
f 4093 4163 4094
f 4094 4163 4162
f 4772 4773 4775
f 4775 4773 4774
f 4777 4778 4776
f 4776 4778 4779
f 4417 4185 4182
f 4182 4185 4184
f 4780 4078 4781
f 4781 4078 4077
f 4781 4077 4782
f 4782 4077 4189
f 4188 4783 4189
f 4189 4783 4782
f 4295 4232 4307
f 4307 4232 4231
f 4785 4786 4784
f 4784 4786 4787
f 4784 1307 4785
f 4785 1307 1306
f 4078 4780 4096
f 4096 4780 4097
f 4075 4074 4310
f 4310 4074 4788
f 4788 4074 4789
f 4789 4074 4191
f 4789 4191 4059
f 4059 4191 4790
f 4791 4277 4792
f 4792 4277 4278
f 3732 3735 4793
f 4793 3735 4313
f 4793 4794 3732
f 3732 4794 3731
f 4792 4795 4791
f 4791 4795 4796
f 4797 4798 4799
f 4799 4798 4724
f 4763 4800 3936
f 3936 4800 3935
f 4801 4062 3729
f 3729 4062 3730
f 4713 4712 4802
f 4802 4712 4803
f 4146 4804 4119
f 4119 4804 4805
f 4498 4654 4497
f 4497 4654 4520
f 4806 4807 1326
f 1326 4807 1327
f 4689 4688 1330
f 1330 4688 1331
f 4801 4789 4062
f 4062 4789 4059
f 3730 4062 4808
f 4808 4062 4061
f 4810 4811 4809
f 4809 4811 4812
f 4813 4403 4814
f 4814 4403 4345
f 4815 4816 4349
f 4349 4816 4350
f 4817 4818 4820
f 4820 4818 4819
f 4406 4821 4407
f 4407 4821 4822
f 4823 4161 4824
f 4824 4161 4685
f 4181 4414 4825
f 4825 4414 4689
f 4741 4740 4826
f 4826 4740 4827
f 4828 4829 4827
f 4827 4829 4826
f 4142 4141 4415
f 4415 4141 4148
f 4830 1354 4761
f 4761 1354 1279
f 4832 4833 4831
f 4831 4833 4834
f 4835 4836 4626
f 4626 4836 4421
f 4451 4709 4395
f 4395 4709 4708
f 4627 4420 4837
f 4837 4420 4385
f 4837 1365 4838
f 4838 1365 1364
f 4397 4396 4839
f 4839 4396 4840
f 4842 4628 4841
f 4841 4628 4629
f 4671 4674 4631
f 4631 4674 4630
f 4674 4659 4630
f 4630 4659 4632
f 4633 4632 4658
f 4658 4632 4659
f 4658 4504 4633
f 4633 4504 4634
f 4635 4634 4507
f 4507 4634 4504
f 4843 4636 4507
f 4507 4636 4635
f 4844 4637 4843
f 4843 4637 4636
f 4637 4844 4640
f 4640 4844 4664
f 4638 4663 4642
f 4642 4663 4845
f 4847 4643 4846
f 4846 4643 4641
f 4644 4848 4645
f 4645 4848 4849
f 4851 4852 4850
f 4850 4852 4853
f 4855 4856 4854
f 4854 4856 4857
f 4859 4860 4858
f 4858 4860 4857
f 4715 4718 4859
f 4859 4718 4860
f 4862 4863 4861
f 4861 4863 4864
f 4866 4867 4865
f 4865 4867 4868
f 4870 4871 4869
f 4869 4871 4872
f 4869 4872 4116
f 4116 4872 4117
f 4820 4819 4874
f 4874 4819 4873
f 4876 4877 4875
f 4875 4877 4878
f 4880 4881 4879
f 4879 4881 4882
f 4884 4885 4883
f 4883 4885 4886
f 4887 4888 4280
f 4280 4888 4281
f 4818 4817 4889
f 4889 4817 4890
f 4891 4193 4823
f 4823 4193 4192
f 4892 4893 4228
f 4228 4893 4229
f 4158 4157 4894
f 4894 4157 4895
f 4896 4897 4132
f 4132 4897 4133
f 4099 4683 4100
f 4100 4683 4682
f 4101 4100 4899
f 4899 4100 4898
f 4150 4106 4147
f 4147 4106 4900
f 4100 4682 4898
f 4898 4682 4677
f 4080 4082 4187
f 4187 4082 4184
f 4077 4080 4189
f 4189 4080 4187
f 4191 4190 4790
f 4790 4190 4901
f 4177 4158 4680
f 4680 4158 4894
f 4108 4136 4752
f 4752 4136 4754
f 4752 4753 4108
f 4108 4753 4109
f 4817 4902 4890
f 4890 4902 4903
f 4904 4905 4907
f 4907 4905 4906
f 4909 4910 4908
f 4908 4910 4911
f 4913 4914 4912
f 4912 4914 4915
f 4916 4917 4919
f 4919 4917 4918
f 4312 4424 4299
f 4299 4424 4304
f 4920 4921 4297
f 4297 4921 4298
f 4194 4922 4167
f 4167 4922 4923
f 4924 4400 4691
f 4691 4400 4399
f 4395 4708 4396
f 4396 4708 4758
f 4367 4925 4368
f 4368 4925 4926
f 4919 4918 4873
f 4873 4918 4874
f 4836 4927 4421
f 4421 4927 4422
f 4921 4928 4298
f 4298 4928 4311
f 4143 4146 4122
f 4122 4146 4119
f 4929 4930 4455
f 4455 4930 4452
f 4932 4933 4931
f 4931 4933 4934
f 4935 4936 4932
f 4932 4936 4933
f 4461 4460 4457
f 4457 4460 4458
f 4480 4479 4475
f 4475 4479 4476
f 4660 4673 4517
f 4517 4673 4937
f 4661 4505 4658
f 4658 4505 4504
f 4484 4483 4489
f 4489 4483 4486
f 4462 4509 4463
f 4463 4509 4518
f 4469 4511 4466
f 4466 4511 4508
f 4655 4473 4656
f 4656 4473 4477
f 4476 4657 4477
f 4477 4657 4656
f 4479 4513 4476
f 4476 4513 4657
f 4489 4525 4484
f 4484 4525 4526
f 4483 4549 4486
f 4486 4549 4536
f 4549 4548 4536
f 4536 4548 4551
f 4548 4568 4551
f 4551 4568 4670
f 4663 4589 4845
f 4845 4589 4590
f 4668 4577 4938
f 4938 4577 4580
f 4940 4938 4939
f 4939 4938 4941
f 4940 4942 4669
f 4669 4942 4943
f 4587 4582 4944
f 4944 4582 4581
f 4848 4847 4608
f 4608 4847 4564
f 4616 4945 4613
f 4613 4945 4598
f 4615 4946 4616
f 4616 4946 4945
f 4947 4939 4948
f 4948 4939 4946
f 4599 4605 4600
f 4600 4605 4604
f 4608 4607 4848
f 4848 4607 4849
f 4613 4612 4616
f 4616 4612 4617
f 4835 4949 4709
f 4709 4949 4710
f 4357 1477 4837
f 4837 1477 1365
f 4712 4950 4803
f 4803 4950 4951
f 4401 4952 4402
f 4402 4952 4953
f 4759 4760 4402
f 4402 4760 4399
f 4508 4520 4509
f 4509 4520 4654
f 4510 4522 4511
f 4511 4522 4521
f 4513 4526 4657
f 4657 4526 4525
f 4632 4633 4514
f 4514 4633 4529
f 4931 4934 4453
f 4453 4934 4454
f 4153 4954 4154
f 4154 4954 4955
f 4957 4958 4956
f 4956 4958 4959
f 4961 4962 4960
f 4960 4962 4963
f 4120 4964 4210
f 4210 4964 4965
f 4967 4968 4966
f 4966 4968 4969
f 4349 4692 4815
f 4815 4692 4970
f 4652 4971 4653
f 4653 4971 4706
f 4758 4647 4972
f 4972 4647 4646
f 4973 4363 4646
f 4646 4363 4972
f 4950 4360 4974
f 4974 4360 4364
f 4431 4335 4746
f 4746 4335 4713
f 4358 4714 4325
f 4325 4714 4321
f 4765 4764 4266
f 4266 4764 4975
f 4202 4976 4203
f 4203 4976 4977
f 4917 4978 4918
f 4918 4978 4979
f 4279 4282 4854
f 4854 4282 4269
f 4820 4880 4817
f 4817 4880 4902
f 4890 4903 4980
f 4980 4903 4886
f 4982 4983 4981
f 4981 4983 4123
f 4795 4851 4796
f 4796 4851 4850
f 4918 4979 4874
f 4874 4979 4881
f 4809 4404 4810
f 4810 4404 4403
f 4354 4985 4984
f 4984 4985 4986
f 1364 1516 4838
f 4838 1516 4987
f 4759 4988 4367
f 4367 4988 4925
f 4989 4990 4481
f 4481 4990 4478
f 4443 4515 4990
f 4990 4515 4991
f 4527 4512 4992
f 4992 4512 4991
f 4528 4503 4992
f 4992 4503 4993
f 4993 4994 4485
f 4485 4994 4482
f 4544 4995 4502
f 4502 4995 4994
f 4995 4996 4550
f 4550 4996 4547
f 4998 4999 4997
f 4997 4999 4566
f 4998 5000 4578
f 4578 5000 4579
f 5001 5002 4596
f 4596 5002 4597
f 5003 4591 5004
f 5004 4591 4610
f 4626 4421 4627
f 4627 4421 4420
f 4837 4838 4627
f 4627 4838 4624
f 4761 4705 4830
f 4830 4705 5005
f 4705 4707 5005
f 5005 4707 5006
f 4308 4721 4075
f 4075 4721 4076
f 5007 4200 4797
f 4797 4200 4798
f 4685 4686 5008
f 5008 4686 5009
f 4889 4890 5010
f 5010 4890 4980
f 4323 1541 4324
f 4324 1541 1540
f 4385 4384 4358
f 4358 4384 4714
f 4396 4758 4840
f 4840 4758 4972
f 4866 4852 5011
f 5011 4852 5012
f 5013 4260 4980
f 4980 4260 5010
f 4875 4878 5014
f 5014 4878 5015
f 5017 5018 5016
f 5016 5018 5019
f 5016 5019 5020
f 5020 5019 5021
f 5023 5024 5022
f 5022 5024 5025
f 5027 5028 5026
f 5026 5028 5029
f 5031 5032 5030
f 5030 5032 5033
f 5035 5036 5034
f 5034 5036 5037
f 5039 5040 5038
f 5038 5040 5041
f 5043 5044 5042
f 5042 5044 5045
f 5038 5046 5039
f 5039 5046 5047
f 5049 5050 5048
f 5048 5050 5051
f 5053 5054 5052
f 5052 5054 5055
f 5057 5024 5056
f 5056 5024 5058
f 5060 5061 5059
f 5059 5061 5062
f 5064 5065 5063
f 5063 5065 5066
f 5043 5050 5064
f 5064 5050 5065
f 5038 5041 5067
f 5067 5041 5068
f 5070 5071 5069
f 5069 5071 5072
f 5074 5075 5073
f 5073 5075 5076
f 5034 5077 5035
f 5035 5077 5078
f 5080 5081 5079
f 5079 5081 5082
f 5084 5085 5083
f 5083 5085 5086
f 5085 5084 5087
f 5087 5084 5088
f 5090 5091 5089
f 5089 5091 5092
f 5094 5095 5093
f 5093 5095 5096
f 5098 5099 5097
f 5097 5099 5100
f 5102 5103 5101
f 5101 5103 5104
f 5105 5106 5108
f 5108 5106 5107
f 5110 5111 5109
f 5109 5111 5112
f 5114 5094 5113
f 5113 5094 5093
f 5116 5117 5115
f 5115 5117 5118
f 5120 5121 5119
f 5119 5121 5122
f 5124 5125 5123
f 5123 5125 5126
f 5128 5129 5127
f 5127 5129 5130
f 5097 5131 5098
f 5098 5131 5132
f 5134 5135 5133
f 5133 5135 5122
f 5084 5125 5088
f 5088 5125 5136
f 5138 5139 5137
f 5137 5139 5140
f 5142 5102 5141
f 5141 5102 5101
f 5106 5143 5107
f 5107 5143 5144
f 5146 5147 5145
f 5145 5147 5148
f 5149 5150 5109
f 5109 5150 5110
f 5151 5110 5152
f 5152 5110 5150
f 4715 5140 4716
f 4716 5140 5139
f 5143 4870 5144
f 5144 4870 4869
f 4115 5146 4116
f 4116 5146 5145
f 4791 4796 5149
f 5149 4796 5150
f 4796 4850 5150
f 5150 4850 5152
f 4858 5142 4859
f 4859 5142 5141
f 5153 5154 5115
f 5115 5154 5105
f 5156 5157 5155
f 5155 5157 5158
f 5159 5160 5053
f 5053 5160 5054
f 5161 5162 5020
f 5020 5162 5068
f 5026 5029 5163
f 5163 5029 5021
f 5083 5086 5164
f 5164 5086 5165
f 5090 5167 5166
f 5166 5167 5168
f 5169 5170 5172
f 5172 5170 5171
f 5174 5175 5173
f 5173 5175 5176
f 5177 5109 5178
f 5178 5109 5112
f 5179 5180 5182
f 5182 5180 5181
f 5123 5126 5120
f 5120 5126 5121
f 5180 5167 5181
f 5181 5167 5183
f 5184 5185 5179
f 5179 5185 5180
f 5186 5149 5177
f 5177 5149 5109
f 4868 5184 4865
f 4865 5184 5179
f 5188 5189 5187
f 5187 5189 5190
f 4277 4791 5186
f 5186 4791 5149
f 5179 5182 4865
f 4865 5182 4853
f 5189 4862 5190
f 5190 4862 4861
f 5156 5075 5191
f 5191 5075 5192
f 5036 5035 5193
f 5193 5035 5194
f 5115 5118 5153
f 5153 5118 5195
f 5022 5025 5196
f 5196 5025 5197
f 5155 5158 5069
f 5069 5158 5062
f 5063 5066 5198
f 5198 5066 5199
f 5073 5076 5200
f 5200 5076 5072
f 5202 5131 5201
f 5201 5131 5203
f 5143 5106 5204
f 5204 5106 5205
f 5114 5113 5206
f 5206 5113 5127
f 5098 5132 5193
f 5193 5132 5195
f 5204 5207 5143
f 5143 5207 4870
f 5088 5136 5208
f 5208 5136 5092
f 5209 5210 5089
f 5089 5210 5183
f 5211 5018 5060
f 5060 5018 5061
f 5017 5040 5070
f 5070 5040 5071
f 5191 5160 5156
f 5156 5160 5157
f 5048 5028 5049
f 5049 5028 5058
f 5207 5204 4858
f 4858 5204 5142
f 4859 5141 4715
f 4715 5141 5140
f 5212 5162 5042
f 5042 5162 5051
f 5182 5152 4853
f 4853 5152 4850
f 5214 5134 5213
f 5213 5134 5133
f 5164 5165 5133
f 5133 5165 5213
f 5215 5216 5201
f 5201 5216 5217
f 5147 5218 5148
f 5148 5218 5219
f 5147 5177 5218
f 5218 5177 5178
f 5141 5101 5140
f 5140 5101 5137
f 5201 5217 5202
f 5202 5217 5104
f 5146 5186 5147
f 5147 5186 5177
f 4277 5186 4115
f 4115 5186 5146
f 5191 5192 5031
f 5031 5192 5032
f 5052 5055 5220
f 5220 5055 5197
f 4116 5145 4869
f 4869 5145 5144
f 5034 5037 5214
f 5214 5037 5134
f 5097 5100 5114
f 5114 5100 5094
f 5108 5107 5219
f 5219 5107 5148
f 5221 5135 5116
f 5116 5135 5117
f 5124 5111 5209
f 5209 5111 5210
f 5107 5144 5148
f 5148 5144 5145
f 5152 5182 5151
f 5151 5182 5181
f 5208 5222 5088
f 5088 5222 5087
f 5222 5208 5171
f 5171 5208 5172
f 5223 1756 4698
f 4698 1756 1755
f 4427 5224 4107
f 4107 5224 4135
f 4178 4679 5225
f 5225 4679 5226
f 5227 5228 4892
f 4892 5228 4893
f 5229 5230 4171
f 4171 5230 4172
f 4855 4268 4884
f 4884 4268 4885
f 4884 4871 4855
f 4855 4871 4856
f 4684 5231 4896
f 4896 5231 4897
f 4768 4767 5009
f 5009 4767 5008
f 5205 5154 5102
f 5102 5154 5103
f 5099 5098 5194
f 5194 5098 5193
f 5198 5199 5079
f 5079 5199 5033
f 5102 5142 5205
f 5205 5142 5204
f 5224 4427 4681
f 4681 4427 4678
f 3712 3711 5232
f 5232 3711 5233
f 3968 3988 3963
f 3963 3988 3964
f 3976 4044 3972
f 3972 4044 3985
f 4038 4037 4036
f 4036 4037 4033
f 4794 4762 3731
f 3731 4762 3944
f 3731 3944 3722
f 3722 3944 3810
f 3874 5234 5232
f 5232 5234 3712
f 3906 3905 3867
f 3867 3905 4011
f 3904 4023 3905
f 3905 4023 4011
f 3719 3722 3811
f 3811 3722 3810
f 3812 3719 3687
f 3687 3719 3811
f 3716 3812 3686
f 3686 3812 3687
f 3713 3716 3685
f 3685 3716 3686
f 4810 4403 5235
f 5235 4403 4813
f 4345 1770 4814
f 4814 1770 1769
f 4067 4066 4058
f 4058 4066 5236
f 4043 4068 4049
f 4049 4068 4050
f 4034 5237 3989
f 3989 5237 3990
f 4031 4030 4072
f 4072 4030 4005
f 4003 4004 4002
f 4002 4004 4032
f 4004 4005 4032
f 4032 4005 4030
f 4067 4064 4068
f 4068 4064 4050
f 4058 4057 4067
f 4067 4057 4064
f 4035 4034 5238
f 5238 4034 3989
f 5236 5239 4058
f 4058 5239 5240
f 5234 3874 5241
f 5241 3874 3873
f 5241 3873 3881
f 3881 3873 3878
f 4800 4763 4788
f 4788 4763 4310
f 4763 4762 4310
f 4310 4762 4309
f 4762 4794 4309
f 4309 4794 4306
f 4794 4793 4306
f 4306 4793 4292
f 4293 4313 4302
f 4302 4313 4314
f 4302 4314 4303
f 4303 4314 4315
f 4303 4315 4703
f 4703 4315 4316
f 4035 4069 4043
f 4043 4069 4068
f 4324 1540 4357
f 4357 1540 1477
f 5232 3987 3874
f 3874 3987 3871
f 3987 5232 4013
f 4013 5232 5233
f 4013 5233 4014
f 4014 5233 5242
f 3888 4015 3865
f 3865 4015 4007
f 3866 4008 5243
f 5243 4008 4016
f 3873 5244 3878
f 3878 5244 3875
f 3965 5244 3872
f 3872 5244 3873
f 3876 3875 3965
f 3965 3875 5244
f 5243 4016 5242
f 5242 4016 4014
f 5246 5247 5245
f 5245 5247 5248
f 3576 3950 3577
f 3577 3950 3926
f 3584 3842 3585
f 3585 3842 3580
f 5249 5247 1784
f 1784 5247 1785
f 5250 5251 5253
f 5253 5251 5252
f 5255 5252 5254
f 5254 5252 5256
f 5254 5256 5258
f 5258 5256 5257
f 5258 5257 5260
f 5260 5257 5259
f 4356 5261 4424
f 4424 5261 5259
f 4355 5262 4356
f 4356 5262 5261
f 4924 5264 5263
f 5263 5264 5265
f 4693 5266 4691
f 4691 5266 5267
f 4351 5268 4352
f 4352 5268 5269
f 1808 1807 4351
f 4351 1807 5268
f 3580 3842 3581
f 3799 3802 3838
f 4800 4788 4801
f 4801 4788 4789
f 3729 3935 4801
f 4801 3935 4800
f 3728 3666 3729
f 3729 3666 3935
f 3728 3798 3666
f 3666 3798 3663
f 3798 3818 3663
f 3663 3818 3809
f 3818 3817 3809
f 3809 3817 3808
f 3796 3655 3817
f 3817 3655 3808
f 3615 3568 3796
f 3796 3568 3655
f 3573 3569 3615
f 3615 3569 3568
f 3572 3613 3573
f 3573 3613 3569
f 3792 3606 3572
f 3572 3606 3613
f 3607 3791 3949
f 3949 3791 3591
f 3590 3950 3591
f 3591 3950 3949
f 3805 3926 3590
f 3590 3926 3950
f 3804 3559 3805
f 3805 3559 3926
f 3804 3914 3559
f 3559 3914 3560
f 3924 3789 3913
f 3913 3789 3788
f 3924 3928 3789
f 3789 3928 3826
f 3928 3927 3826
f 3826 3927 3827
f 3927 3834 3827
f 3827 3834 3835
f 4079 4078 5270
f 5270 4078 5007
f 5271 5272 4233
f 4233 5272 5273
f 5275 5276 5274
f 5274 5276 5277
f 5278 5279 4236
f 4236 5279 4237
f 5278 5280 5271
f 5271 5280 5272
f 4235 5281 4236
f 4236 5281 5282
f 5284 5285 5283
f 5283 5285 5286
f 5288 5289 5287
f 5287 5289 5290
f 5292 5293 5291
f 5291 5293 5294
f 5287 5290 4726
f 4726 5290 5295
f 4293 4292 4313
f 4313 4292 4793
f 4720 4736 4719
f 4719 4736 5296
f 5297 4909 5298
f 5298 4909 4908
f 5299 5300 4976
f 4976 5300 5301
f 5302 4202 5303
f 5303 4202 4201
f 5304 5305 4983
f 4983 5305 5306
f 5308 5309 5307
f 5307 5309 5310
f 4722 4725 5283
f 5283 4725 5311
f 5291 5294 4125
f 4125 5294 4126
f 5313 5314 5312
f 5312 5314 5315
f 5316 5317 5319
f 5319 5317 5318
f 5321 5308 5320
f 5320 5308 5307
f 4819 4981 4873
f 4873 4981 5322
f 4981 4123 5322
f 5322 4123 4126
f 5324 5325 5323
f 5323 5325 5326
f 4764 5327 4975
f 4975 5327 5328
f 4172 5327 4169
f 4169 5327 5329
f 4768 4171 4769
f 4769 4171 4170
f 4243 4755 4244
f 4244 4755 5330
f 4755 4205 5330
f 5330 4205 4208
f 4206 4906 4207
f 4207 4906 4905
f 4686 5014 5009
f 5009 5014 5229
f 4756 4770 4170
f 4170 4770 4769
f 4170 4169 4756
f 4756 4169 4757
f 4273 5329 4764
f 4764 5329 5327
f 4276 5331 4273
f 4273 5331 5329
f 4770 4756 4243
f 4243 4756 4755
f 5333 4889 5332
f 5332 4889 5010
f 4877 5332 4878
f 4878 5332 4259
f 4875 4164 4876
f 4876 4164 4163
f 5334 5335 5324
f 5324 5335 5325
f 4983 5306 4123
f 4123 5306 4124
f 4818 4982 4819
f 4819 4982 4981
f 5332 5010 4259
f 4259 5010 4260
f 5014 4686 4875
f 4875 4686 4164
f 4171 4768 5229
f 5229 4768 5009
f 5337 4916 5336
f 5336 4916 4919
f 5293 5337 5294
f 5294 5337 5336
f 4982 4818 5333
f 5333 4818 4889
f 5338 5339 4262
f 4262 5339 5340
f 5307 5310 5338
f 5338 5310 5339
f 5341 5342 4204
f 4204 5342 5309
f 5336 4919 5322
f 5322 4919 4873
f 5294 5336 4126
f 4126 5336 5322
f 5323 5326 5343
f 5343 5326 5286
f 4914 5344 4915
f 4915 5344 5345
f 5312 5315 5344
f 5344 5315 5345
f 5347 5348 5346
f 5346 5348 5349
f 5350 5351 4832
f 4832 5351 4833
f 5352 5353 5349
f 5349 5353 5346
f 5354 5338 4265
f 4265 5338 4262
f 5320 5307 5354
f 5354 5307 5338
f 4201 5308 5303
f 5303 5308 5321
f 5356 5357 5355
f 5355 5357 4799
f 5358 5359 5334
f 5334 5359 5335
f 5358 5360 4093
f 4093 5360 4163
f 5360 5305 4163
f 4163 5305 4876
f 5305 5304 4876
f 4876 5304 4877
f 5270 4778 4079
f 4079 4778 4081
f 4779 5361 4774
f 4774 5361 5357
f 5356 5359 4775
f 4775 5359 4092
f 5333 5304 4982
f 4982 5304 4983
f 5332 4877 5333
f 5333 4877 5304
f 5015 4258 5230
f 5230 4258 5328
f 5327 4172 5328
f 5328 4172 5230
f 4169 5329 4757
f 4757 5329 5331
f 4757 5331 4205
f 4205 5331 4206
f 5331 4276 4206
f 4206 4276 4906
f 4276 4275 4906
f 4906 4275 4907
f 4275 4888 4907
f 4907 4888 4744
f 4887 4717 4745
f 4745 4717 4864
f 4716 5139 4861
f 4861 5139 5190
f 5139 5138 5190
f 5190 5138 5187
f 5138 5216 5187
f 5187 5216 5176
f 5215 5362 5173
f 5173 5362 5130
f 5364 5365 5363
f 5363 5365 5340
f 4742 4863 5366
f 5366 4863 4867
f 4862 5189 4868
f 4868 5189 5184
f 5189 5188 5184
f 5184 5188 5185
f 5188 5175 5185
f 5185 5175 5168
f 3560 3788 3561
f 3561 3788 3790
f 3596 3595 3608
f 3608 3595 3594
f 3598 3582 3595
f 3595 3582 3592
f 3600 3609 3601
f 3601 3609 3611
f 3602 3601 3612
f 3612 3601 3611
f 3606 3605 3613
f 3613 3605 3614
f 3793 5367 3794
f 3794 5367 5368
f 3598 3597 3600
f 3600 3597 3609
f 3793 3792 3575
f 3575 3792 3572
f 3561 3594 3558
f 3558 3594 3593
f 3807 3915 3804
f 3804 3915 3914
f 3916 3915 5370
f 5370 3915 5369
f 3602 3605 3603
f 3603 3605 3604
f 3606 3792 3607
f 3607 3792 3791
f 3914 3913 3560
f 3560 3913 3788
f 5174 5129 5166
f 5166 5129 5371
f 5170 5169 5093
f 5093 5169 5113
f 5166 5371 5090
f 5090 5371 5091
f 5128 5169 5372
f 5372 5169 5172
f 5127 5113 5128
f 5128 5113 5169
f 5114 5206 5203
f 5203 5206 5362
f 5200 5373 5073
f 5073 5373 5096
f 5374 5375 5200
f 5200 5375 5373
f 5039 5047 5374
f 5374 5047 5375
f 5087 5046 5085
f 5085 5046 5376
f 5212 5377 5067
f 5067 5377 5376
f 5042 5045 5212
f 5212 5045 5377
f 5064 5378 5043
f 5043 5378 5044
f 5063 5077 5064
f 5064 5077 5378
f 5079 5082 5198
f 5198 5082 5078
f 5099 5081 5100
f 5100 5081 5379
f 5100 5379 5094
f 5094 5379 5095
f 5381 5382 5380
f 5380 5382 5383
f 5385 5386 5384
f 5384 5386 5383
f 5385 5387 5386
f 5386 5387 5388
f 5390 5391 5389
f 5389 5391 5392
f 5393 5394 5396
f 5396 5394 5395
f 5398 5399 5397
f 5397 5399 5400
f 5402 5403 5401
f 5401 5403 5404
f 5406 5407 5405
f 5405 5407 5404
f 5408 5409 5163
f 5163 5409 5410
f 5411 5412 5414
f 5414 5412 5413
f 5057 5416 5415
f 5415 5416 5417
f 5393 5416 5418
f 5418 5416 5419
f 5396 5395 5420
f 5420 5395 5421
f 5423 5424 5422
f 5422 5424 5425
f 5415 5417 5220
f 5220 5417 5426
f 5418 5391 5393
f 5393 5391 5394
f 5414 5388 5411
f 5411 5388 5392
f 5059 5427 5060
f 5060 5427 5428
f 5423 5427 5429
f 5429 5427 5430
f 5432 5382 5431
f 5431 5382 5425
f 5429 5407 5423
f 5423 5407 5424
f 5380 5409 5381
f 5381 5409 5433
f 5381 5433 5422
f 5422 5433 5428
f 5027 5412 5056
f 5056 5412 5419
f 5435 5436 5434
f 5434 5436 5437
f 5159 5439 5438
f 5438 5439 5440
f 5053 5436 5159
f 5159 5436 5439
f 5441 5403 5398
f 5398 5403 5399
f 5163 5410 5026
f 5026 5410 5413
f 5438 5440 5442
f 5442 5440 5430
f 5444 5445 5443
f 5443 5445 5446
f 5447 5448 5450
f 5450 5448 5449
f 5451 5446 5452
f 5452 5446 5445
f 5454 5455 5453
f 5453 5455 5451
f 5456 5454 5458
f 5458 5454 5457
f 5460 5461 5459
f 5459 5461 5462
f 5464 5465 5463
f 5463 5465 5466
f 5468 5469 5467
f 5467 5469 5470
f 5472 5473 5471
f 5471 5473 5474
f 5475 5476 5478
f 5478 5476 5477
f 5479 5480 5482
f 5482 5480 5481
f 5483 5484 5448
f 5448 5484 5485
f 5448 5485 5449
f 5449 5485 5486
f 5487 5476 5488
f 5488 5476 5475
f 5490 5491 5489
f 5489 5491 5492
f 5494 5495 5493
f 5493 5495 5496
f 5498 5494 5497
f 5497 5494 5493
f 5500 5501 5499
f 5499 5501 5502
f 5503 5504 5446
f 5446 5504 5443
f 5506 5507 5505
f 5505 5507 5508
f 5510 5511 5509
f 5509 5511 5512
f 5514 5515 5513
f 5513 5515 5516
f 5518 5519 5517
f 5517 5519 5520
f 5495 5521 5496
f 5496 5521 5522
f 5524 5525 5523
f 5523 5525 5526
f 5527 5528 5494
f 5494 5528 5495
f 5499 5502 5529
f 5529 5502 5530
f 5531 5532 5485
f 5485 5532 5486
f 5485 5484 5531
f 5531 5484 5533
f 5482 5481 5534
f 5534 5481 5535
f 5536 5512 5506
f 5506 5512 5511
f 5455 5503 5451
f 5451 5503 5446
f 5467 5470 5511
f 5511 5470 5537
f 5538 5467 5510
f 5510 5467 5511
f 5540 5541 5539
f 5539 5541 5542
f 5543 5544 5546
f 5546 5544 5545
f 5548 5472 5547
f 5547 5472 5471
f 5493 5496 5549
f 5549 5496 5550
f 5496 5522 5550
f 5550 5522 5551
f 5553 5554 5552
f 5552 5554 5555
f 5557 5447 5556
f 5556 5447 5558
f 5557 5483 5447
f 5447 5483 5448
f 5478 5477 5553
f 5553 5477 5559
f 5477 5560 5559
f 5559 5560 5561
f 5476 5562 5477
f 5477 5562 5560
f 5476 5487 5562
f 5562 5487 5563
f 5560 5564 5561
f 5561 5564 5565
f 5564 5560 5566
f 5566 5560 5562
f 5563 5567 5562
f 5562 5567 5566
f 5569 5521 5568
f 5568 5521 5570
f 5481 5572 5571
f 5571 5572 5573
f 5574 5535 5571
f 5571 5535 5481
f 5576 5577 5575
f 5575 5577 5578
f 5579 5580 5456
f 5456 5580 5581
f 5475 5582 5488
f 5488 5582 5583
f 5584 5536 5505
f 5505 5536 5506
f 5585 5586 5588
f 5588 5586 5587
f 5590 5591 5589
f 5589 5591 5592
f 5519 5593 5520
f 5520 5593 5594
f 5595 5596 5462
f 5462 5596 5597
f 5599 5600 5598
f 5598 5600 5514
f 5602 5603 5601
f 5601 5603 5604
f 5524 5543 5525
f 5525 5543 5546
f 5543 5524 5606
f 5606 5524 5605
f 5607 5608 5500
f 5500 5608 5501
f 5610 5551 5609
f 5609 5551 5522
f 5611 5510 5598
f 5598 5510 5509
f 5612 5597 5457
f 5457 5597 5458
f 5510 5611 5538
f 5538 5611 5613
f 5580 5508 5581
f 5581 5508 5507
f 5615 5616 5614
f 5614 5616 5617
f 5619 5620 5618
f 5618 5620 5621
f 5623 5624 5622
f 5622 5624 5625
f 5627 5624 5626
f 5626 5624 5623
f 5629 5630 5628
f 5628 5630 5631
f 5633 5634 5632
f 5632 5634 5466
f 5635 5636 5463
f 5463 5636 5637
f 5523 5638 5524
f 5524 5638 5605
f 5639 5640 5641
f 5641 5640 5595
f 5611 5513 5613
f 5613 5513 5642
f 5643 5586 5608
f 5608 5586 5501
f 5622 5625 5590
f 5590 5625 5591
f 5598 5514 5611
f 5611 5514 5513
f 5645 5646 5644
f 5644 5646 5647
f 5620 5619 5491
f 5491 5619 5648
f 5649 5643 5492
f 5492 5643 5608
f 5650 5651 5653
f 5653 5651 5652
f 5463 5466 5635
f 5635 5466 5634
f 5597 5612 5462
f 5462 5612 5459
f 5635 5634 5523
f 5523 5634 5638
f 5654 5638 5633
f 5633 5638 5634
f 5655 5656 5525
f 5525 5656 5526
f 5658 5659 5657
f 5657 5659 5527
f 5660 5464 5637
f 5637 5464 5463
f 5632 5466 5661
f 5661 5466 5465
f 5661 5662 5632
f 5632 5662 5658
f 5662 5663 5658
f 5658 5663 5659
f 5665 5659 5664
f 5664 5659 5663
f 5632 5658 5633
f 5633 5658 5657
f 5666 5629 5530
f 5530 5629 5667
f 5528 5527 5665
f 5665 5527 5659
f 5668 5669 5570
f 5570 5669 5568
f 5669 5668 5670
f 5670 5668 5671
f 5646 5672 5673
f 5672 5674 5673
f 5673 5674 5675
f 5674 5460 5675
f 5675 5460 5459
f 5461 5676 5462
f 5462 5676 5595
f 5677 5678 5680
f 5680 5678 5679
f 5628 5681 5629
f 5629 5681 5667
f 5682 5529 5667
f 5667 5529 5530
f 5675 5459 5683
f 5683 5459 5612
f 5585 5666 5502
f 5502 5666 5530
f 5589 5684 5602
f 5602 5684 5603
f 5646 5645 5663
f 5663 5645 5664
f 5685 5647 5673
f 5673 5647 5646
f 5686 5687 5683
f 5683 5687 5685
f 5688 5689 5533
f 5533 5689 5531
f 5690 5691 5535
f 5535 5691 5534
f 5692 5690 5574
f 5574 5690 5535
f 5685 5687 5689
f 5689 5687 5693
f 5489 5694 5490
f 5490 5694 5695
f 5690 5692 5696
f 5696 5692 5697
f 5696 5644 5690
f 5690 5644 5691
f 5447 5450 5558
f 5558 5450 5698
f 5699 5700 5642
f 5642 5700 5613
f 5701 5702 5540
f 5540 5702 5541
f 5431 5703 5432
f 5432 5703 5697
f 5385 5384 5574
f 5574 5384 5692
f 5389 5387 5573
f 5573 5387 5571
f 5565 5390 5573
f 5573 5390 5389
f 5390 5565 5704
f 5704 5565 5564
f 5566 5705 5564
f 5564 5705 5704
f 5569 5441 5609
f 5609 5441 5398
f 5568 5405 5569
f 5569 5405 5441
f 5670 5706 5669
f 5669 5706 5406
f 5703 5431 5670
f 5670 5431 5706
f 5432 5697 5384
f 5384 5697 5692
f 5574 5571 5385
f 5385 5571 5387
f 5607 5707 5489
f 5489 5707 5694
f 5518 5708 5519
f 5519 5708 5709
f 5711 5576 5710
f 5710 5576 5575
f 5713 5714 5712
f 5712 5714 5715
f 5553 5552 5478
f 5478 5552 5716
f 5717 5475 5716
f 5716 5475 5478
f 5718 5719 5605
f 5605 5719 5606
f 5505 5622 5584
f 5584 5622 5590
f 5508 5623 5505
f 5505 5623 5622
f 5626 5623 5580
f 5580 5623 5508
f 5580 5579 5626
f 5626 5579 5720
f 5579 5721 5720
f 5720 5721 5722
f 5666 5585 5723
f 5723 5585 5588
f 5724 5725 5639
f 5639 5725 5640
f 5554 5726 5555
f 5555 5726 5727
f 5453 5728 5729
f 5689 5688 5685
f 5685 5688 5647
f 5604 5730 5512
f 5512 5730 5509
f 5628 5631 5618
f 5618 5631 5592
f 5601 5604 5536
f 5536 5604 5512
f 5732 5676 5731
f 5731 5676 5660
f 5730 5604 5733
f 5733 5604 5603
f 5563 5487 5551
f 5551 5487 5550
f 5489 5492 5607
f 5607 5492 5608
f 5573 5572 5565
f 5565 5572 5561
f 5609 5522 5569
f 5569 5522 5521
f 5499 5734 5500
f 5500 5734 5735
f 5596 5736 5721
f 5721 5736 5722
f 5737 5600 5594
f 5594 5600 5520
f 5599 5730 5517
f 5517 5730 5733
f 5660 5738 5731
f 5731 5738 5739
f 5648 5649 5491
f 5491 5649 5492
f 5501 5586 5502
f 5502 5586 5585
f 5525 5546 5655
f 5655 5546 5740
f 5600 5599 5520
f 5520 5599 5517
f 5708 5739 5709
f 5709 5739 5738
f 5636 5635 5526
f 5526 5635 5523
f 5670 5671 5703
f 5703 5671 5741
f 5490 5695 5742
f 5742 5695 5743
f 5682 5678 5744
f 5744 5678 5677
f 5678 5681 5679
f 5679 5681 5621
f 5742 5743 5679
f 5679 5743 5680
f 5618 5621 5628
f 5628 5621 5681
f 5725 5724 5589
f 5589 5724 5684
f 5456 5458 5579
f 5579 5458 5721
f 5675 5683 5673
f 5673 5683 5685
f 5529 5682 5745
f 5745 5682 5744
f 5721 5458 5596
f 5596 5458 5597
f 5701 5540 5719
f 5719 5540 5606
f 5703 5741 5697
f 5697 5741 5696
f 5500 5735 5607
f 5607 5735 5707
f 5549 5746 5493
f 5493 5746 5497
f 5700 5747 5613
f 5613 5747 5538
f 5420 5421 5434
f 5434 5421 5400
f 5689 5693 5531
f 5531 5693 5532
f 5705 5566 5748
f 5748 5566 5567
f 5609 5398 5610
f 5610 5398 5397
f 5669 5406 5568
f 5568 5406 5405
f 5488 5583 5549
f 5549 5583 5746
f 5714 5713 5710
f 5710 5713 5711
f 5747 5468 5538
f 5538 5468 5467
f 5548 5547 5749
f 5749 5547 5750
f 5733 5603 5751
f 5751 5603 5684
f 5589 5602 5590
f 5590 5602 5584
f 5636 5752 5614
f 5614 5752 5615
f 5753 5754 5738
f 5738 5754 5755
f 5602 5601 5584
f 5584 5601 5536
f 5723 5736 5630
f 5630 5736 5640
f 5595 5640 5596
f 5596 5640 5736
f 5734 5499 5745
f 5745 5499 5529
f 5627 5587 5643
f 5643 5587 5586
f 5553 5559 5554
f 5554 5559 5480
f 5559 5561 5480
f 5480 5561 5572
f 5554 5480 5726
f 5726 5480 5479
f 5749 5750 5715
f 5715 5750 5712
f 5683 5612 5686
f 5686 5612 5457
f 5678 5682 5681
f 5681 5682 5667
f 5598 5509 5599
f 5599 5509 5730
f 5679 5621 5742
f 5742 5621 5620
f 5652 5616 5653
f 5653 5616 5615
f 5220 5426 5052
f 5052 5426 5437
f 5487 5488 5550
f 5550 5488 5549
f 5742 5620 5490
f 5490 5620 5491
f 5551 5610 5563
f 5563 5610 5567
f 5610 5397 5567
f 5567 5397 5748
f 5614 5617 5753
f 5753 5617 5754
f 5480 5572 5481
f 5755 5756 5738
f 5738 5756 5709
f 5745 5744 5758
f 5758 5744 5757
f 5745 5758 5734
f 5734 5758 5759
f 5735 5734 5760
f 5760 5734 5759
f 5707 5735 5761
f 5761 5735 5760
f 5744 5677 5757
f 5757 5677 5762
f 5677 5680 5762
f 5762 5680 5763
f 5763 5680 5764
f 5764 5680 5743
f 5765 5766 5762
f 5762 5766 5757
f 5768 5769 5767
f 5767 5769 5770
f 5771 5772 5770
f 5770 5772 5767
f 5770 5769 5774
f 5774 5769 5773
f 5775 5776 5774
f 5774 5776 5777
f 5773 5778 5774
f 5774 5778 5775
f 5779 5766 5773
f 5773 5766 5778
f 5777 5771 5774
f 5774 5771 5770
f 5780 5781 5783
f 5783 5781 5782
f 5781 5780 5771
f 5771 5780 5772
f 5773 5769 5779
f 5779 5769 5768
f 5768 5759 5779
f 5779 5759 5758
f 5768 5784 5759
f 5759 5784 5760
f 5767 5785 5768
f 5768 5785 5784
f 5785 5767 5786
f 5786 5767 5772
f 5766 5779 5757
f 5757 5779 5758
f 5780 5787 5772
f 5772 5787 5786
f 5785 5786 5788
f 5788 5786 5789
f 5786 5787 5789
f 5789 5787 5790
f 5788 5789 5791
f 5791 5789 5792
f 5791 5793 5788
f 5788 5793 5794
f 5795 5792 5790
f 5790 5792 5789
f 5785 5788 5784
f 5784 5788 5794
f 5784 5794 5760
f 5760 5794 5761
f 5787 5780 5796
f 5796 5780 5783
f 5775 5778 5797
f 5797 5778 5766
f 5797 5798 5775
f 5775 5798 5776
f 5766 5765 5797
f 5797 5765 5799
f 5798 5797 5800
f 5800 5797 5799
f 5798 5801 5776
f 5776 5801 5802
f 5707 5761 5694
f 5694 5761 5803
f 5695 5804 5743
f 5743 5804 5764
f 5804 5695 5803
f 5803 5695 5694
f 5803 5793 5804
f 5804 5793 5805
f 5793 5791 5805
f 5805 5791 5806
f 5804 5805 5764
f 5764 5805 5807
f 5803 5761 5793
f 5793 5761 5794
f 5808 5763 5807
f 5807 5763 5764
f 5808 5765 5763
f 5763 5765 5762
f 5809 5799 5808
f 5808 5799 5765
f 5809 5808 5810
f 5810 5808 5807
f 5811 5809 5812
f 5812 5809 5810
f 5805 5806 5807
f 5807 5806 5810
f 5806 5813 5810
f 5810 5813 5812
f 5799 5809 5800
f 5800 5809 5811
f 5815 5800 5814
f 5814 5800 5811
f 5814 5817 5816
f 5816 5817 5818
f 5814 5811 5817
f 5817 5811 5812
f 5814 5816 5815
f 5815 5816 5796
f 5815 5796 5801
f 5801 5796 5783
f 5801 5798 5815
f 5815 5798 5800
f 5791 5792 5806
f 5806 5792 5813
f 5818 5813 5795
f 5795 5813 5792
f 5818 5817 5813
f 5813 5817 5812
f 5816 5818 5790
f 5790 5818 5795
f 5790 5787 5816
f 5816 5787 5796
f 5771 5777 5781
f 5781 5777 5782
f 5782 5802 5783
f 5783 5802 5801
f 5782 5777 5802
f 5802 5777 5776
f 5588 5587 5722
f 5722 5587 5720
f 5591 5619 5592
f 5592 5619 5618
f 5625 5624 5648
f 5648 5624 5649
f 5624 5627 5649
f 5649 5627 5643
f 5631 5630 5725
f 5725 5630 5640
f 5625 5648 5591
f 5591 5648 5619
f 5588 5722 5723
f 5723 5722 5736
f 5631 5725 5592
f 5592 5725 5589
f 5723 5630 5666
f 5666 5630 5629
f 5587 5627 5720
f 5720 5627 5626
f 5820 5821 5819
f 5819 5821 5822
f 5824 5825 5823
f 5823 5825 5826
f 5823 5826 5827
f 5827 5826 5828
f 5829 5830 5832
f 5832 5830 5831
f 5518 5833 5708
f 5708 5833 5834
f 5835 5836 5824
f 5824 5836 5825
f 5838 5839 5837
f 5837 5839 5840
f 5751 5684 5842
f 5842 5684 5841
f 5843 5841 5724
f 5724 5841 5684
f 5845 5846 5844
f 5844 5846 5847
f 5848 5830 5836
f 5836 5830 5825
f 5518 5751 5833
f 5833 5751 5842
f 5839 5838 5821
f 5821 5838 5849
f 5850 5848 5822
f 5822 5848 5836
f 5851 5845 5828
f 5828 5845 5852
f 5854 5855 5853
f 5853 5855 5856
f 5845 5844 5852
f 5852 5844 5857
f 5858 5827 5852
f 5852 5827 5828
f 5851 5828 5829
f 5829 5828 5826
f 5819 5859 5820
f 5820 5859 5860
f 5835 5861 5819
f 5819 5861 5859
f 5851 5829 5862
f 5862 5829 5832
f 5844 5847 5837
f 5837 5847 5834
f 5819 5822 5835
f 5835 5822 5836
f 5823 5863 5824
f 5824 5863 5864
f 5849 5850 5821
f 5821 5850 5822
f 5825 5830 5826
f 5826 5830 5829
f 5820 5860 5865
f 5865 5860 5866
f 5858 5854 5867
f 5867 5854 5853
f 5854 5857 5855
f 5855 5857 5840
f 5855 5865 5856
f 5856 5865 5866
f 5837 5840 5844
f 5844 5840 5857
f 5827 5858 5868
f 5868 5858 5867
f 5824 5864 5835
f 5835 5864 5861
f 5732 5731 5862
f 5862 5731 5846
f 5863 5823 5868
f 5868 5823 5827
f 5843 5831 5848
f 5848 5831 5830
f 5854 5858 5857
f 5857 5858 5852
f 5855 5840 5865
f 5865 5840 5839
f 5865 5839 5820
f 5820 5839 5821
f 5868 5867 5870
f 5870 5867 5869
f 5868 5870 5863
f 5863 5870 5871
f 5863 5871 5864
f 5864 5871 5872
f 5864 5872 5861
f 5861 5872 5873
f 5867 5853 5869
f 5869 5853 5874
f 5853 5856 5874
f 5874 5856 5875
f 5856 5866 5875
f 5875 5866 5876
f 5877 5878 5874
f 5874 5878 5869
f 5880 5881 5879
f 5879 5881 5882
f 5883 5884 5880
f 5880 5884 5881
f 5881 5884 5886
f 5886 5884 5885
f 5887 5888 5886
f 5886 5888 5889
f 5885 5890 5886
f 5886 5890 5887
f 5889 5882 5886
f 5886 5882 5881
f 5882 5891 5879
f 5879 5891 5892
f 5885 5884 5893
f 5893 5884 5883
f 5883 5871 5893
f 5893 5871 5870
f 5883 5894 5871
f 5871 5894 5872
f 5880 5895 5883
f 5883 5895 5894
f 5896 5895 5879
f 5879 5895 5880
f 5893 5878 5885
f 5885 5878 5890
f 5878 5893 5869
f 5869 5893 5870
f 5897 5896 5892
f 5892 5896 5879
f 5895 5896 5898
f 5898 5896 5899
f 5896 5897 5899
f 5899 5897 5900
f 5898 5899 5901
f 5901 5899 5902
f 5901 5903 5898
f 5898 5903 5904
f 5900 5905 5899
f 5899 5905 5902
f 5898 5904 5895
f 5895 5904 5894
f 5894 5904 5872
f 5872 5904 5873
f 5897 5892 5907
f 5907 5892 5906
f 5892 5891 5906
f 5906 5891 5908
f 5887 5890 5909
f 5909 5890 5878
f 5888 5887 5910
f 5910 5887 5909
f 5878 5877 5909
f 5909 5877 5911
f 5909 5911 5910
f 5910 5911 5912
f 5913 5914 5910
f 5910 5914 5888
f 5908 5914 5906
f 5906 5914 5913
f 5861 5873 5859
f 5859 5873 5915
f 5860 5916 5866
f 5866 5916 5876
f 5916 5860 5915
f 5915 5860 5859
f 5915 5903 5916
f 5916 5903 5917
f 5903 5901 5917
f 5917 5901 5918
f 5916 5917 5876
f 5876 5917 5919
f 5903 5915 5904
f 5904 5915 5873
f 5920 5875 5919
f 5919 5875 5876
f 5920 5877 5875
f 5875 5877 5874
f 5920 5921 5877
f 5877 5921 5911
f 5921 5920 5922
f 5922 5920 5919
f 5923 5921 5924
f 5924 5921 5922
f 5917 5918 5919
f 5919 5918 5922
f 5918 5925 5922
f 5922 5925 5924
f 5921 5923 5911
f 5911 5923 5912
f 5927 5912 5926
f 5926 5912 5923
f 5926 5929 5928
f 5928 5929 5930
f 5926 5923 5929
f 5929 5923 5924
f 5926 5928 5927
f 5927 5928 5907
f 5927 5907 5913
f 5913 5907 5906
f 5913 5910 5927
f 5927 5910 5912
f 5901 5902 5918
f 5918 5902 5925
f 5930 5925 5905
f 5905 5925 5902
f 5930 5929 5925
f 5925 5929 5924
f 5928 5930 5900
f 5900 5930 5905
f 5900 5897 5928
f 5928 5897 5907
f 5882 5889 5891
f 5891 5889 5908
f 5908 5889 5914
f 5914 5889 5888
f 5832 5831 5641
f 5641 5831 5639
f 5833 5838 5834
f 5834 5838 5837
f 5842 5841 5849
f 5849 5841 5850
f 5841 5843 5850
f 5850 5843 5848
f 5847 5846 5739
f 5739 5846 5731
f 5842 5849 5833
f 5833 5849 5838
f 5862 5832 5732
f 5732 5832 5641
f 5847 5739 5834
f 5834 5739 5708
f 5862 5846 5851
f 5851 5846 5845
f 5831 5843 5639
f 5639 5843 5724
f 5676 5732 5595
f 5595 5732 5641
f 5676 5461 5660
f 5660 5461 5464
f 5461 5460 5464
f 5464 5460 5465
f 5460 5674 5465
f 5465 5674 5661
f 5931 5932 5934
f 5934 5932 5933
f 5936 5937 5935
f 5935 5937 5938
f 5935 5938 5939
f 5939 5938 5940
f 5942 5943 5941
f 5941 5943 5944
f 5945 5946 5936
f 5936 5946 5937
f 5948 5949 5947
f 5947 5949 5950
f 5951 5952 5519
f 5519 5952 5593
f 5953 5951 5709
f 5709 5951 5519
f 5955 5956 5954
f 5954 5956 5957
f 5958 5942 5946
f 5946 5942 5937
f 5948 5959 5949
f 5949 5959 5933
f 5960 5958 5934
f 5934 5958 5946
f 5961 5955 5940
f 5940 5955 5962
f 5963 5964 5966
f 5966 5964 5965
f 5955 5954 5962
f 5962 5954 5967
f 5968 5939 5962
f 5962 5939 5940
f 5961 5940 5941
f 5941 5940 5938
f 5931 5969 5932
f 5932 5969 5970
f 5945 5971 5931
f 5931 5971 5969
f 5941 5944 5961
f 5961 5944 5972
f 5954 5957 5947
f 5947 5957 5973
f 5945 5931 5946
f 5946 5931 5934
f 5935 5974 5936
f 5936 5974 5975
f 5959 5960 5933
f 5933 5960 5934
f 5937 5942 5938
f 5938 5942 5941
f 5932 5970 5976
f 5976 5970 5977
f 5968 5964 5978
f 5978 5964 5963
f 5965 5964 5950
f 5950 5964 5967
f 5976 5977 5965
f 5965 5977 5966
f 5947 5950 5954
f 5954 5950 5967
f 5939 5968 5979
f 5979 5968 5978
f 5936 5975 5945
f 5945 5975 5971
f 5972 5754 5956
f 5956 5754 5617
f 5974 5935 5979
f 5979 5935 5939
f 5953 5943 5958
f 5958 5943 5942
f 5964 5968 5967
f 5967 5968 5962
f 5965 5950 5976
f 5976 5950 5949
f 5976 5949 5932
f 5932 5949 5933
f 5979 5978 5981
f 5981 5978 5980
f 5979 5981 5974
f 5974 5981 5982
f 5974 5982 5975
f 5975 5982 5983
f 5975 5983 5971
f 5971 5983 5984
f 5978 5963 5980
f 5980 5963 5985
f 5963 5966 5985
f 5985 5966 5986
f 5986 5966 5987
f 5987 5966 5977
f 5988 5989 5985
f 5985 5989 5980
f 5991 5992 5990
f 5990 5992 5993
f 5994 5995 5991
f 5991 5995 5992
f 5992 5995 5997
f 5997 5995 5996
f 5998 5999 5997
f 5997 5999 6000
f 5996 6001 5997
f 5997 6001 5998
f 6000 5993 5997
f 5997 5993 5992
f 6002 6003 5993
f 5993 6003 5990
f 5995 5994 5996
f 5996 5994 6004
f 5994 5982 6004
f 6004 5982 5981
f 5994 6005 5982
f 5982 6005 5983
f 5991 6006 5994
f 5994 6006 6005
f 6006 5991 6007
f 6007 5991 5990
f 5996 6004 6001
f 6001 6004 5989
f 5989 6004 5980
f 5980 6004 5981
f 6003 6008 5990
f 5990 6008 6007
f 6009 6006 6010
f 6010 6006 6007
f 6008 6011 6007
f 6007 6011 6010
f 6012 6009 6013
f 6013 6009 6010
f 6009 6012 6015
f 6015 6012 6014
f 6011 6016 6010
f 6010 6016 6013
f 6006 6009 6005
f 6005 6009 6015
f 6005 6015 5983
f 5983 6015 5984
f 6008 6003 6018
f 6018 6003 6017
f 6003 6002 6017
f 6017 6002 6019
f 5998 6001 6020
f 6020 6001 5989
f 5999 5998 6021
f 6021 5998 6020
f 5989 5988 6020
f 6020 5988 6022
f 6021 6020 6023
f 6023 6020 6022
f 6021 6024 5999
f 5999 6024 6025
f 6019 6025 6017
f 6017 6025 6024
f 5971 5984 5969
f 5969 5984 6026
f 5970 6027 5977
f 5977 6027 5987
f 6027 5970 6026
f 6026 5970 5969
f 6026 6014 6027
f 6027 6014 6028
f 6014 6012 6028
f 6028 6012 6029
f 6027 6028 5987
f 5987 6028 6030
f 6026 5984 6014
f 6014 5984 6015
f 6031 5986 6030
f 6030 5986 5987
f 6031 5988 5986
f 5986 5988 5985
f 6032 6022 6031
f 6031 6022 5988
f 6032 6031 6033
f 6033 6031 6030
f 6034 6032 6035
f 6035 6032 6033
f 6028 6029 6030
f 6030 6029 6033
f 6029 6036 6033
f 6033 6036 6035
f 6032 6034 6022
f 6022 6034 6023
f 6038 6023 6037
f 6037 6023 6034
f 6037 6040 6039
f 6039 6040 6041
f 6037 6034 6040
f 6040 6034 6035
f 6037 6039 6038
f 6038 6039 6018
f 6038 6018 6024
f 6024 6018 6017
f 6024 6021 6038
f 6038 6021 6023
f 6012 6013 6029
f 6029 6013 6036
f 6041 6036 6016
f 6016 6036 6013
f 6041 6040 6036
f 6036 6040 6035
f 6041 6016 6039
f 6039 6016 6011
f 6011 6008 6039
f 6039 6008 6018
f 5993 6000 6002
f 6002 6000 6019
f 6019 6000 6025
f 6025 6000 5999
f 5943 5756 5944
f 5944 5756 5755
f 6042 5948 5973
f 5973 5948 5947
f 5952 5951 5959
f 5959 5951 5960
f 5951 5953 5960
f 5960 5953 5958
f 5616 5957 5617
f 5617 5957 5956
f 6042 5952 5948
f 5948 5952 5959
f 5944 5755 5972
f 5972 5755 5754
f 5957 5616 5973
f 5973 5616 5652
f 5956 5955 5972
f 5972 5955 5961
f 5943 5953 5756
f 5756 5953 5709
f 6044 6045 6043
f 6043 6045 6046
f 6048 6049 6047
f 6047 6049 6050
f 6047 6050 6051
f 6051 6050 6052
f 6054 6055 6053
f 6053 6055 6056
f 6057 6058 6060
f 6060 6058 6059
f 6061 6062 6048
f 6048 6062 6049
f 6063 6064 6066
f 6066 6064 6065
f 6067 6068 6070
f 6070 6068 6069
f 6071 6069 5653
f 5653 6069 6068
f 6072 6073 6075
f 6075 6073 6074
f 6062 6076 6049
f 6049 6076 6054
f 6058 6067 6059
f 6059 6067 6070
f 6064 6077 6065
f 6065 6077 6045
f 6078 6076 6046
f 6046 6076 6062
f 6073 6080 6079
f 6079 6080 6052
f 6082 6083 6081
f 6081 6083 6084
f 6072 6085 6073
f 6073 6085 6080
f 6086 6051 6080
f 6080 6051 6052
f 6079 6052 6053
f 6053 6052 6050
f 6043 6087 6044
f 6044 6087 6088
f 6061 6089 6043
f 6043 6089 6087
f 6053 6056 6079
f 6079 6056 6090
f 6063 6072 6060
f 6060 6072 6075
f 6043 6046 6061
f 6061 6046 6062
f 6047 6091 6048
f 6048 6091 6092
f 6077 6078 6045
f 6045 6078 6046
f 6049 6054 6050
f 6050 6054 6053
f 6044 6088 6093
f 6093 6088 6094
f 6086 6082 6095
f 6095 6082 6081
f 6083 6082 6066
f 6066 6082 6085
f 6093 6094 6083
f 6083 6094 6084
f 6072 6063 6085
f 6085 6063 6066
f 6051 6086 6096
f 6096 6086 6095
f 6048 6092 6061
f 6061 6092 6089
f 5656 5655 6090
f 6090 5655 6074
f 6091 6047 6096
f 6096 6047 6051
f 6071 6055 6076
f 6076 6055 6054
f 6082 6086 6085
f 6085 6086 6080
f 6093 6083 6065
f 6065 6083 6066
f 6044 6093 6045
f 6045 6093 6065
f 6096 6095 6098
f 6098 6095 6097
f 6096 6098 6091
f 6091 6098 6099
f 6091 6099 6092
f 6092 6099 6100
f 6092 6100 6089
f 6089 6100 6101
f 6095 6081 6097
f 6097 6081 6102
f 6081 6084 6102
f 6102 6084 6103
f 6103 6084 6104
f 6104 6084 6094
f 6106 6097 6105
f 6105 6097 6102
f 6107 6108 6110
f 6110 6108 6109
f 6111 6112 6108
f 6108 6112 6109
f 6109 6112 6114
f 6114 6112 6113
f 6114 6115 6117
f 6117 6115 6116
f 6113 6118 6114
f 6114 6118 6115
f 6117 6110 6114
f 6114 6110 6109
f 6110 6119 6107
f 6107 6119 6120
f 6112 6111 6113
f 6113 6111 6121
f 6111 6099 6121
f 6121 6099 6098
f 6111 6122 6099
f 6099 6122 6100
f 6123 6122 6108
f 6108 6122 6111
f 6124 6123 6107
f 6107 6123 6108
f 6113 6121 6118
f 6118 6121 6106
f 6106 6121 6097
f 6097 6121 6098
f 6125 6124 6120
f 6120 6124 6107
f 6126 6123 6127
f 6127 6123 6124
f 6125 6128 6124
f 6124 6128 6127
f 6129 6126 6130
f 6130 6126 6127
f 6126 6129 6132
f 6132 6129 6131
f 6128 6133 6127
f 6127 6133 6130
f 6123 6126 6122
f 6122 6126 6132
f 6122 6132 6100
f 6100 6132 6101
f 6120 6134 6125
f 6125 6134 6135
f 6120 6119 6134
f 6134 6119 6136
f 6115 6118 6137
f 6137 6118 6106
f 6115 6137 6116
f 6116 6137 6138
f 6137 6106 6139
f 6139 6106 6105
f 6138 6137 6140
f 6140 6137 6139
f 6141 6142 6138
f 6138 6142 6116
f 6136 6142 6134
f 6134 6142 6141
f 6089 6101 6087
f 6087 6101 6143
f 6088 6144 6094
f 6094 6144 6104
f 6143 6144 6087
f 6087 6144 6088
f 6131 6145 6143
f 6143 6145 6144
f 6129 6146 6131
f 6131 6146 6145
f 6144 6145 6104
f 6104 6145 6147
f 6143 6101 6131
f 6131 6101 6132
f 6148 6103 6147
f 6147 6103 6104
f 6103 6148 6102
f 6102 6148 6105
f 6148 6149 6105
f 6105 6149 6139
f 6149 6148 6150
f 6150 6148 6147
f 6151 6149 6152
f 6152 6149 6150
f 6145 6146 6147
f 6147 6146 6150
f 6146 6153 6150
f 6150 6153 6152
f 6149 6151 6139
f 6139 6151 6140
f 6155 6140 6154
f 6154 6140 6151
f 6154 6157 6156
f 6156 6157 6158
f 6154 6151 6157
f 6157 6151 6152
f 6154 6156 6155
f 6155 6156 6135
f 6155 6135 6141
f 6141 6135 6134
f 6141 6138 6155
f 6155 6138 6140
f 6146 6129 6153
f 6153 6129 6130
f 6158 6153 6133
f 6133 6153 6130
f 6158 6157 6153
f 6153 6157 6152
f 6156 6158 6128
f 6128 6158 6133
f 6128 6125 6156
f 6156 6125 6135
f 6110 6117 6119
f 6119 6117 6136
f 6136 6117 6142
f 6142 6117 6116
f 6055 5615 6056
f 6056 5615 5752
f 6060 6059 6063
f 6063 6059 6064
f 6077 6070 6078
f 6078 6070 6069
f 6069 6071 6078
f 6078 6071 6076
f 6159 6057 6075
f 6075 6057 6060
f 6059 6070 6064
f 6064 6070 6077
f 6056 5752 6090
f 6090 5752 5656
f 6090 6074 6079
f 6079 6074 6073
f 6055 6071 5615
f 5615 6071 5653
f 5547 5471 6160
f 6160 5471 6161
f 5729 5577 6163
f 6163 5577 6162
f 5577 5576 6162
f 6162 5576 6164
f 5713 6165 5711
f 5711 6165 6166
f 5474 5729 6167
f 6167 5729 6163
f 5750 5547 6168
f 6168 5547 6160
f 5471 5474 6161
f 6161 5474 6167
f 6169 5712 6168
f 6168 5712 5750
f 5711 6166 5576
f 5576 6166 6164
f 6165 5713 6169
f 6169 5713 5712
f 6168 6170 6169
f 6169 6170 6171
f 6169 6171 6165
f 6165 6171 6172
f 6165 6172 6166
f 6166 6172 6173
f 6166 6173 6164
f 6164 6173 6174
f 6168 6160 6170
f 6170 6160 6175
f 6160 6161 6175
f 6175 6161 6176
f 6161 6167 6176
f 6176 6167 6177
f 6179 6170 6178
f 6178 6170 6175
f 6181 6182 6180
f 6180 6182 6183
f 6184 6185 6181
f 6181 6185 6182
f 6186 6187 6185
f 6185 6187 6182
f 6186 6188 6187
f 6187 6188 6189
f 6190 6183 6187
f 6187 6183 6182
f 6183 6190 6191
f 6191 6190 6192
f 6191 6193 6183
f 6183 6193 6180
f 6186 6185 6194
f 6194 6185 6184
f 6184 6172 6194
f 6194 6172 6171
f 6184 6195 6172
f 6172 6195 6173
f 6181 6196 6184
f 6184 6196 6195
f 6196 6181 6197
f 6197 6181 6180
f 6186 6194 6188
f 6188 6194 6179
f 6179 6194 6170
f 6170 6194 6171
f 6193 6198 6180
f 6180 6198 6197
f 6199 6196 6200
f 6200 6196 6197
f 6198 6201 6197
f 6197 6201 6200
f 6202 6199 6203
f 6203 6199 6200
f 6199 6202 6205
f 6205 6202 6204
f 6201 6206 6200
f 6200 6206 6203
f 6196 6199 6195
f 6195 6199 6205
f 6195 6205 6173
f 6173 6205 6174
f 6198 6193 6208
f 6208 6193 6207
f 6193 6191 6207
f 6207 6191 6192
f 6189 6188 6209
f 6209 6188 6179
f 6210 6189 6211
f 6211 6189 6209
f 6209 6179 6212
f 6212 6179 6178
f 6211 6209 6213
f 6213 6209 6212
f 6211 6214 6210
f 6210 6214 6215
f 6192 6215 6207
f 6207 6215 6214
f 6190 6187 6210
f 6210 6187 6189
f 6192 6190 6215
f 6215 6190 6210
f 6162 6164 6216
f 6216 6164 6174
f 6167 6163 6177
f 6177 6163 6217
f 6216 6217 6162
f 6162 6217 6163
f 6204 6218 6216
f 6216 6218 6217
f 6202 6219 6204
f 6204 6219 6218
f 6217 6218 6177
f 6177 6218 6220
f 6216 6174 6204
f 6204 6174 6205
f 6221 6176 6220
f 6220 6176 6177
f 6176 6221 6175
f 6175 6221 6178
f 6221 6222 6178
f 6178 6222 6212
f 6222 6221 6223
f 6223 6221 6220
f 6224 6222 6225
f 6225 6222 6223
f 6218 6219 6220
f 6220 6219 6223
f 6219 6226 6223
f 6223 6226 6225
f 6222 6224 6212
f 6212 6224 6213
f 6228 6213 6227
f 6227 6213 6224
f 6229 6227 6231
f 6231 6227 6230
f 6227 6224 6230
f 6230 6224 6225
f 6227 6229 6228
f 6228 6229 6208
f 6228 6208 6214
f 6214 6208 6207
f 6214 6211 6228
f 6228 6211 6213
f 6219 6202 6226
f 6226 6202 6203
f 6231 6226 6206
f 6206 6226 6203
f 6231 6230 6226
f 6226 6230 6225
f 6229 6231 6201
f 6201 6231 6206
f 6201 6198 6229
f 6229 6198 6208
f 5674 5672 5661
f 5661 5672 5662
f 5662 5672 5663
f 5663 5672 5646
f 5651 6042 5652
f 5652 6042 5973
f 5518 5517 5751
f 5751 5517 5733
f 5738 5660 5753
f 5753 5660 5637
f 5752 5636 5656
f 5656 5636 5526
f 5952 6042 5593
f 5593 6042 5651
f 5593 5651 5594
f 5594 5651 5650
f 5600 5737 5514
f 5514 5737 5515
f 5546 5545 5740
f 5740 5545 6232
f 6232 6058 5740
f 5740 6058 6057
f 6067 6058 6233
f 6233 6058 6232
f 6233 6232 6234
f 6234 6232 5545
f 6234 5545 6235
f 6235 5545 5544
f 5606 6236 5543
f 5543 6236 5544
f 6235 5544 5539
f 5539 5544 6236
f 6237 6235 5542
f 5542 6235 5539
f 6235 6237 6234
f 6234 6237 6238
f 6234 6238 6233
f 6233 6238 6239
f 5653 6068 5650
f 5650 6068 6239
f 5642 5513 6240
f 6240 5513 5516
f 5539 6236 5540
f 5540 6236 5606
f 5636 5614 5637
f 5637 5614 5753
f 6239 5737 5650
f 5650 5737 5594
f 6239 6068 6233
f 6233 6068 6067
f 6075 6074 6159
f 6159 6074 5655
f 6057 6159 5740
f 5740 6159 5655
f 5515 5737 6238
f 6238 5737 6239
f 6238 6237 5515
f 5515 6237 5516
f 5542 6240 6237
f 6237 6240 5516
f 6240 5542 5642
f 5642 5542 5541
f 5702 5699 5541
f 5541 5699 5642
f 5582 5475 5717
f 5470 5443 5537
f 5537 5443 5504
f 5469 5444 5470
f 5470 5444 5443
f 5726 5557 5727
f 5727 5557 5556
f 5537 5504 5511
f 5511 5504 5506
f 5504 5503 5506
f 5506 5503 5507
f 5503 5455 5507
f 5507 5455 5581
f 5455 5454 5581
f 5581 5454 5456
f 5473 5453 5474
f 5474 5453 5729
f 5457 5454 5473
f 5473 5454 5453
f 5473 5472 5457
f 5457 5472 5686
f 5472 5548 5686
f 5686 5548 5687
f 5749 5693 5548
f 5548 5693 5687
f 5715 5532 5749
f 5749 5532 5693
f 5714 5486 5715
f 5715 5486 5532
f 5714 5710 5486
f 5486 5710 5449
f 5728 5578 5729
f 5729 5578 5577
f 5452 5445 5698
f 5698 5445 5558
f 5445 5444 5558
f 5558 5444 5556
f 5444 5469 5556
f 5556 5469 5727
f 5469 5468 5727
f 5727 5468 5555
f 5468 5747 5555
f 5555 5747 5552
f 5747 5700 5552
f 5552 5700 5716
f 5700 5699 5716
f 5716 5699 5717
f 5699 5702 5717
f 5717 5702 5582
f 5702 5701 5582
f 5582 5701 5583
f 5726 5479 5557
f 5557 5479 5483
f 5483 5479 5484
f 5484 5479 5482
f 5534 5533 5482
f 5482 5533 5484
f 5691 5688 5534
f 5534 5688 5533
f 5644 5647 5691
f 5691 5647 5688
f 5719 5746 5701
f 5701 5746 5583
f 5718 5497 5719
f 5719 5497 5746
f 5718 5605 5654
f 5654 5605 5638
f 5498 5654 5657
f 5657 5654 5633
f 5497 5718 5498
f 5498 5718 5654
f 5657 5527 5498
f 5498 5527 5494
f 5528 5570 5495
f 5495 5570 5521
f 5665 5668 5528
f 5528 5668 5570
f 5664 5671 5665
f 5665 5671 5668
f 5645 5741 5664
f 5664 5741 5671
f 5644 5696 5645
f 5645 5696 5741
f 5710 5575 5449
f 5449 5575 5450
f 5575 5578 5450
f 5450 5578 5698
f 5578 5728 5698
f 5698 5728 5452
f 5452 5728 5451
f 5451 5728 5453
f 3619 6241 3620
f 3620 6241 6242
f 6243 6244 3628
f 3628 6244 3629
f 6245 6246 3634
f 3634 6246 3631
f 6247 6248 3636
f 3636 6248 3637
f 6249 6250 3642
f 3642 6250 3639
f 3639 6250 3643
f 3643 6250 6251
f 3743 6252 3744
f 3744 6252 6253
f 6246 6243 3631
f 3631 6243 3628
f 3753 6254 3754
f 3754 6254 6255
f 3857 6256 3619
f 3619 6256 6241
f 6257 6245 3932
f 3932 6245 3634
f 6242 6247 3620
f 3620 6247 3636
f 6258 6259 3946
f 3946 6259 3947
f 6260 6249 3948
f 3948 6249 3642
f 6244 6258 3629
f 3629 6258 3946
f 3947 6259 3753
f 3753 6259 6254
f 6248 6260 3637
f 3637 6260 3948
f 3643 6251 3743
f 3743 6251 6252
f 3744 6253 3932
f 3932 6253 6257
f 6250 6249 6251
f 6251 6249 6252
f 6245 6261 6246
f 6246 6261 6262
f 6263 6264 6247
f 6247 6264 6248
f 6252 6265 6253
f 6253 6265 6266
f 6246 6262 6243
f 6243 6262 6267
f 6268 6261 6257
f 6257 6261 6245
f 6269 6263 6242
f 6242 6263 6247
f 6270 6271 6260
f 6260 6271 6249
f 6264 6270 6248
f 6248 6270 6260
f 6253 6266 6257
f 6257 6266 6268
f 6249 6271 6252
f 6252 6271 6265
f 6254 6259 6272
f 6272 6259 6273
f 6266 6265 6270
f 6270 6265 6271
f 6268 6266 6264
f 6264 6266 6270
f 6261 6268 6263
f 6263 6268 6264
f 6269 6262 6263
f 6263 6262 6261
f 4186 4185 6274
f 6274 4185 6275
f 6241 6276 6242
f 6242 6276 6269
f 6258 6244 6277
f 6277 6244 6278
f 6256 6279 6241
f 6241 6279 6276
f 6259 6258 6273
f 6273 6258 6277
f 6243 6267 6244
f 6244 6267 6278
f 6276 6267 6269
f 6269 6267 6262
f 6254 6272 6255
f 6255 6272 6280
f 3865 3713 3888
f 3888 3713 3685
f 5242 5233 3892
f 3892 5233 3711
f 3900 5243 3892
f 3892 5243 5242
f 3734 3866 3900
f 3900 3866 5243
f 4117 6281 4118
f 4118 6281 6282
f 4118 6282 4278
f 4278 6282 4879
f 4717 4887 4718
f 4718 4887 4280
f 4792 4278 4882
f 4882 4278 4879
f 4795 4792 6283
f 6283 4792 4882
f 4852 4851 5012
f 5012 4851 6284
f 4856 5207 4857
f 4857 5207 4858
f 4860 4279 4857
f 4857 4279 4854
f 4718 4280 4860
f 4860 4280 4279
f 4864 4863 4745
f 4745 4863 4742
f 5366 4867 5011
f 5011 4867 4866
f 4871 4884 4872
f 4872 4884 4883
f 4872 4883 4117
f 4117 4883 6281
f 6284 4851 6283
f 6283 4851 4795
f 4852 4866 4853
f 4853 4866 4865
f 4871 4870 4856
f 4856 4870 5207
f 4717 4716 4864
f 4864 4716 4861
f 4868 4867 4862
f 4862 4867 4863
f 4268 4855 4269
f 4269 4855 4854
f 4281 4274 4282
f 4282 4274 4765
f 4744 4743 4907
f 4907 4743 4904
f 4874 4881 4820
f 4820 4881 4880
f 4885 5013 4886
f 4886 5013 4980
f 4888 4275 4281
f 4281 4275 4274
f 4902 6282 4903
f 4903 6282 6281
f 6283 4979 6284
f 6284 4979 4978
f 4282 4765 4269
f 4269 4765 4266
f 4880 4879 4902
f 4902 4879 6282
f 4903 6281 4886
f 4886 6281 4883
f 4882 4881 6283
f 6283 4881 4979
f 5013 4885 4267
f 4267 4885 4268
f 4888 4887 4744
f 4744 4887 4745
f 4410 6285 4411
f 4411 6285 4812
f 4750 4749 6286
f 6286 4749 6287
f 6289 4695 6288
f 6288 4695 4255
f 4750 4675 4751
f 4751 4675 4965
f 6290 6291 4963
f 4963 6291 4960
f 4807 4806 4411
f 4411 4806 4408
f 6292 6293 4959
f 4959 6293 4956
f 4958 6294 4959
f 4959 6294 4955
f 4962 4964 4963
f 4963 4964 4805
f 4962 4961 4751
f 4751 4961 4748
f 6296 6297 6295
f 6295 6297 6298
f 6299 6300 6288
f 6288 6300 4735
f 6302 4961 6301
f 6301 4961 4960
f 6304 6287 6303
f 6303 6287 4749
f 4968 6305 4969
f 4969 6305 6306
f 4413 6308 6307
f 6307 6308 4900
f 6301 4960 6309
f 6309 4960 6291
f 4412 4408 6310
f 6310 4408 4806
f 4696 6311 4256
f 4256 6311 6312
f 6303 4749 6313
f 6313 4749 4748
f 6313 4748 6302
f 6302 4748 4961
f 6315 6316 6314
f 6314 6316 6317
f 4084 6318 6315
f 6315 6318 6316
f 4083 6319 4084
f 4084 6319 6318
f 4112 6320 4083
f 4083 6320 6319
f 6322 4138 6321
f 6321 4138 4137
f 6324 4128 6323
f 6323 4128 4127
f 4127 4193 6323
f 6323 4193 6325
f 4193 4891 6325
f 6325 4891 6326
f 4891 6327 6326
f 6326 6327 6328
f 6327 4824 5227
f 5227 4824 5228
f 5231 4684 6329
f 6329 4684 4683
f 4683 4099 6329
f 6329 4099 6330
f 4099 4102 6330
f 6330 4102 6331
f 4174 4826 4429
f 4429 4826 4829
f 4173 4741 4174
f 4174 4741 4826
f 4180 4738 4173
f 4173 4738 4741
f 6332 6333 4180
f 4180 6333 4738
f 6274 6334 4186
f 4186 6334 4188
f 4181 4825 4180
f 4180 4825 6332
f 5044 5213 5045
f 5045 5213 5165
f 5046 5087 5047
f 5047 5087 5222
f 5077 5063 5078
f 5078 5063 5198
f 5081 5099 5082
f 5082 5099 5194
f 5095 5074 5096
f 5096 5074 5073
f 5373 5170 5096
f 5096 5170 5093
f 5375 5171 5373
f 5373 5171 5170
f 5047 5222 5375
f 5375 5222 5171
f 5046 5038 5376
f 5376 5038 5067
f 5377 5086 5376
f 5376 5086 5085
f 5045 5165 5377
f 5377 5165 5086
f 5378 5214 5044
f 5044 5214 5213
f 5077 5034 5378
f 5378 5034 5214
f 5082 5194 5078
f 5078 5194 5035
f 5081 5080 5379
f 5379 5080 6335
f 5379 6335 5095
f 5095 6335 5074
f 5032 5080 5033
f 5033 5080 5079
f 5040 5017 5041
f 5041 5017 5016
f 5050 5043 5051
f 5051 5043 5042
f 5065 5023 5066
f 5066 5023 5022
f 5050 5049 5065
f 5065 5049 5023
f 5041 5016 5068
f 5068 5016 5020
f 5071 5374 5072
f 5072 5374 5200
f 5075 5156 5076
f 5076 5156 5155
f 5162 5212 5068
f 5068 5212 5067
f 5075 5074 5192
f 5192 5074 6335
f 5066 5022 5199
f 5199 5022 5196
f 5076 5155 5072
f 5072 5155 5069
f 5040 5039 5071
f 5071 5039 5374
f 5162 5161 5051
f 5051 5161 5048
f 5192 6335 5032
f 5032 6335 5080
f 5199 5196 5033
f 5033 5196 5030
f 5018 5211 5019
f 5019 5211 5408
f 5019 5408 5021
f 5021 5408 5163
f 5024 5057 5025
f 5025 5057 5415
f 5028 5048 5029
f 5029 5048 5161
f 5054 5031 5055
f 5055 5031 5030
f 5024 5023 5058
f 5058 5023 5049
f 5061 5070 5062
f 5062 5070 5069
f 5157 5438 5158
f 5158 5438 5442
f 5160 5191 5054
f 5054 5191 5031
f 5029 5161 5021
f 5021 5161 5020
f 5025 5415 5197
f 5197 5415 5220
f 5158 5442 5062
f 5062 5442 5059
f 5018 5017 5061
f 5061 5017 5070
f 5160 5159 5157
f 5157 5159 5438
f 5028 5027 5058
f 5058 5027 5056
f 5055 5030 5197
f 5197 5030 5196
f 5409 5380 5410
f 5410 5380 6336
f 5026 5413 5027
f 5027 5413 5412
f 5396 5417 5393
f 5393 5417 5416
f 5416 5057 5419
f 5419 5057 5056
f 5417 5396 5426
f 5426 5396 5420
f 5427 5423 5428
f 5428 5423 5422
f 5427 5059 5430
f 5430 5059 5442
f 5409 5408 5433
f 5433 5408 5211
f 5433 5211 5428
f 5428 5211 5060
f 5412 5411 5419
f 5419 5411 5418
f 5436 5053 5437
f 5437 5053 5052
f 5439 5402 5440
f 5440 5402 5401
f 5436 5435 5439
f 5439 5435 5402
f 5410 6336 5413
f 5413 6336 5414
f 5440 5401 5430
f 5430 5401 5429
f 5426 5420 5437
f 5437 5420 5434
f 5382 5432 5383
f 5383 5432 5384
f 5386 6336 5383
f 5383 6336 5380
f 6336 5386 5414
f 5414 5386 5388
f 5391 5418 5392
f 5392 5418 5411
f 5705 5395 5704
f 5704 5395 5394
f 5399 5435 5400
f 5400 5435 5434
f 5403 5441 5404
f 5404 5441 5405
f 5407 5429 5404
f 5404 5429 5401
f 5395 5705 5421
f 5421 5705 5748
f 5424 5706 5425
f 5425 5706 5431
f 5391 5390 5394
f 5394 5390 5704
f 5392 5388 5389
f 5389 5388 5387
f 5382 5381 5425
f 5425 5381 5422
f 5407 5406 5424
f 5424 5406 5706
f 5403 5402 5399
f 5399 5402 5435
f 5421 5748 5400
f 5400 5748 5397
f 4097 4721 4098
f 4098 4721 4231
f 4233 5273 4098
f 4098 5273 4095
f 6337 6338 4785
f 4785 6338 4786
f 4076 4780 4073
f 4073 4780 4781
f 4782 4190 4781
f 4781 4190 4073
f 4783 4901 4782
f 4782 4901 4190
f 4780 4076 4097
f 4097 4076 4721
f 6337 2879 4701
f 4701 2879 2878
f 5280 6339 5272
f 5272 6339 6340
f 5282 5281 6341
f 6341 5281 6342
f 4109 6302 4110
f 4110 6302 6301
f 4283 6304 4284
f 4284 6304 6303
f 6305 4379 6306
f 6306 4379 4378
f 4110 6301 4428
f 4428 6301 6309
f 6310 4688 4412
f 4412 4688 4687
f 4284 6303 4753
f 4753 6303 6313
f 4753 6313 4109
f 4109 6313 6302
f 6343 5226 4428
f 4428 5226 4427
f 4147 4900 4416
f 4416 4900 6308
f 6312 6311 4241
f 4241 6311 4720
f 5223 6344 4702
f 4702 6344 4699
f 4221 4220 6345
f 6345 4220 6346
f 5276 5275 6347
f 6347 5275 6348
f 5275 4728 6348
f 6348 4728 6349
f 4727 6350 5284
f 5284 6350 5285
f 6351 6352 6354
f 6354 6352 6353
f 5313 5312 5292
f 5292 5312 5293
f 5312 5344 5293
f 5293 5344 5337
f 5344 4914 5337
f 5337 4914 4916
f 4914 4913 4916
f 4916 4913 4917
f 4913 6355 4917
f 4917 6355 4978
f 6356 6357 6284
f 6284 6357 5012
f 6357 6358 5012
f 5012 6358 5011
f 5011 6358 5366
f 5366 6358 6359
f 6360 4742 6359
f 6359 4742 5366
f 4743 6361 4904
f 4904 6361 5364
f 5363 4905 5364
f 5364 4905 4904
f 5363 6362 4905
f 4905 6362 4207
f 6362 6363 4207
f 4207 6363 4208
f 6363 5342 4208
f 4208 5342 5330
f 5342 5341 5330
f 5330 5341 4244
f 5341 6364 4244
f 4244 6364 4245
f 6364 6365 4245
f 4245 6365 4246
f 6366 6367 4253
f 4253 6367 4250
f 4214 6368 4211
f 4211 6368 4380
f 4380 4379 4211
f 4211 4379 4283
f 4379 6305 4283
f 4283 6305 6304
f 6305 4968 6304
f 6304 4968 6287
f 4968 4967 6287
f 6287 4967 6286
f 4967 6297 6286
f 6286 6297 4676
f 6296 4376 4288
f 4288 4376 4285
f 4376 4373 4285
f 4285 4373 4290
f 6369 6370 6372
f 6372 6370 6371
f 5245 6373 5246
f 5246 6373 6374
f 4317 6375 4318
f 4318 6375 6376
f 4331 6377 4332
f 4332 6377 6378
f 6379 4333 6376
f 6376 4333 4318
f 4343 6380 4344
f 4344 6380 6381
f 4347 6382 4348
f 4348 6382 6383
f 4374 6371 4331
f 4331 6371 6377
f 4333 6379 4426
f 4426 6379 6384
f 4690 6385 4347
f 4347 6385 6382
f 4332 6378 4317
f 4317 6378 6375
f 4922 6386 4923
f 4923 6386 6387
f 6388 6389 4375
f 4375 6389 6390
f 6355 6356 4978
f 4978 6356 6284
f 4742 6360 4743
f 4743 6360 6361
f 6391 4238 6392
f 6392 4238 4719
f 6392 4719 6393
f 6393 4719 5296
f 6395 6396 6394
f 6394 6396 6397
f 6399 6400 6398
f 6398 6400 6401
f 6402 5302 6403
f 6403 5302 5303
f 5303 5321 6403
f 6403 5321 6404
f 5320 6405 5321
f 5321 6405 6404
f 5319 6406 5350
f 5350 6406 5351
f 5319 5318 6406
f 6406 5318 6407
f 5288 4197 6408
f 6408 4197 6409
f 4217 4216 6410
f 6410 4216 6411
f 5227 6412 6327
f 6327 6412 6328
f 4892 6413 5227
f 5227 6413 6412
f 4228 6414 4892
f 4892 6414 6413
f 4227 6415 4228
f 4228 6415 6414
f 4248 6416 4227
f 4227 6416 6415
f 4247 6417 4248
f 4248 6417 6416
f 6417 4247 6419
f 6419 4247 6418
f 6419 6418 6421
f 6421 6418 6420
f 6422 5301 6423
f 6423 5301 5300
f 6423 5300 6424
f 6424 5300 6399
f 6408 6409 6398
f 6398 6409 6425
f 6426 6427 6397
f 6397 6427 6394
f 6428 4224 6429
f 6429 4224 4223
f 6347 6346 5276
f 5276 6346 4220
f 6346 6347 6341
f 6341 6347 6339
f 5280 5278 5282
f 5282 5278 4236
f 4896 5224 4684
f 4684 5224 4681
f 4132 4135 4896
f 4896 4135 5224
f 4131 4136 4132
f 4132 4136 4135
f 4226 4754 4131
f 4131 4754 4136
f 4251 4213 4226
f 4226 4213 4754
f 4250 4214 4251
f 4251 4214 4213
f 4250 6367 4214
f 4214 6367 6368
f 6367 4910 6368
f 6368 4910 4737
f 4909 5297 4736
f 4736 5297 5296
f 5297 6395 5296
f 5296 6395 6393
f 6427 6430 6394
f 6394 6430 6431
f 6429 4383 6428
f 6428 4383 4382
f 4219 5277 4220
f 4220 5277 5276
f 4222 4697 4383
f 4383 4697 4218
f 6345 4699 4221
f 4221 4699 6344
f 6342 4700 6345
f 6345 4700 4699
f 4235 4786 5281
f 5281 4786 6338
f 4234 4787 4235
f 4235 4787 4786
f 5279 5278 6432
f 6432 5278 5271
f 4237 5279 6433
f 6433 5279 6432
f 4787 4234 6433
f 6433 4234 4237
f 6435 6436 6434
f 6434 6436 6437
f 6359 6438 6360
f 6360 6438 6437
f 6439 6440 6441
f 6441 6440 6438
f 6443 6439 6442
f 6442 6439 6441
f 6357 6356 6442
f 6442 6356 6444
f 6444 6446 6445
f 6445 6446 6447
f 4912 6446 4913
f 4913 6446 6355
f 6361 6436 5364
f 5364 6436 5365
f 5319 5350 5316
f 5316 5350 6448
f 4832 6449 5350
f 5350 6449 6448
f 4831 6450 4832
f 4832 6450 6449
f 5354 6451 5320
f 5320 6451 6405
f 4265 6452 5354
f 5354 6452 6451
f 4264 6453 4265
f 4265 6453 6452
f 6450 4831 6447
f 6447 4831 6445
f 4263 6435 4264
f 4264 6435 6434
f 6454 6453 6439
f 6439 6453 6440
f 6439 6443 6454
f 6454 6443 4834
f 4833 6455 4834
f 4834 6455 6454
f 5351 6456 4833
f 4833 6456 6455
f 6457 6391 6458
f 6458 6391 6392
f 6458 6392 6431
f 6431 6392 6393
f 5298 6396 5297
f 5297 6396 6395
f 6402 6400 5302
f 5302 6400 5299
f 6402 6403 6459
f 6459 6403 6460
f 6460 6403 6461
f 6461 6403 6404
f 6405 6462 6404
f 6404 6462 6461
f 6406 6462 5351
f 5351 6462 6456
f 6406 6407 6462
f 6462 6407 6461
f 6407 6463 6461
f 6461 6463 6460
f 6463 6464 6460
f 6460 6464 6459
f 6464 6465 6459
f 6459 6465 6401
f 6430 6466 6431
f 6431 6466 6458
f 6466 6410 6458
f 6458 6410 6457
f 6410 6411 6457
f 6457 6411 6467
f 6396 6424 6397
f 6397 6424 6425
f 6393 6395 6431
f 6431 6395 6394
f 6451 6456 6405
f 6405 6456 6462
f 6452 6455 6451
f 6451 6455 6456
f 6453 6454 6452
f 6452 6454 6455
f 6443 6445 4834
f 4834 6445 4831
f 6440 6453 6434
f 6434 6453 4264
f 6468 5306 5360
f 5360 5306 5305
f 6469 4124 6468
f 6468 4124 5306
f 6470 4125 6469
f 6469 4125 4124
f 6471 5291 6470
f 6470 5291 4125
f 6353 5292 6471
f 6471 5292 5291
f 5292 6353 5313
f 5313 6353 6352
f 5347 5314 6352
f 6352 5314 5313
f 5353 5318 5346
f 5346 5318 5317
f 5334 6468 5358
f 5358 6468 5360
f 5324 6469 5334
f 5334 6469 6468
f 5323 6470 5324
f 5324 6470 6469
f 5343 6471 5323
f 5323 6471 6470
f 6354 6353 5343
f 5343 6353 6471
f 6348 6349 4270
f 4270 6349 5311
f 5272 6340 5273
f 5273 6340 4272
f 6432 5271 4232
f 4232 5271 4233
f 4294 6432 4295
f 4295 6432 4232
f 6432 4294 6433
f 6433 4294 4301
f 4301 4300 6433
f 6433 4300 4787
f 4704 4784 4300
f 4300 4784 4787
f 4704 3013 4784
f 4784 3013 1307
f 5103 6472 5104
f 5104 6472 5202
f 5108 5116 5105
f 5105 5116 5115
f 5111 5124 5112
f 5112 5124 5123
f 5154 5205 5105
f 5105 5205 5106
f 5167 5180 5168
f 5168 5180 5185
f 5175 5188 5176
f 5176 5188 5187
f 5112 5123 5178
f 5178 5123 5120
f 5167 5090 5183
f 5183 5090 5089
f 5210 5151 5183
f 5183 5151 5181
f 5216 5138 5217
f 5217 5138 5137
f 5218 5119 5219
f 5219 5119 5221
f 5218 5178 5119
f 5119 5178 5120
f 5217 5137 5104
f 5104 5137 5101
f 5116 5108 5221
f 5221 5108 5219
f 5111 5110 5210
f 5210 5110 5151
f 5154 5153 5103
f 5103 5153 6472
f 5216 5215 5176
f 5176 5215 5173
f 5175 5174 5168
f 5168 5174 5166
f 5091 5172 5092
f 5092 5172 5208
f 5117 5037 5118
f 5118 5037 5036
f 5121 5164 5122
f 5122 5164 5133
f 5125 5084 5126
f 5126 5084 5083
f 5129 5174 5130
f 5130 5174 5173
f 5131 5202 5132
f 5132 5202 6472
f 5135 5221 5122
f 5122 5221 5119
f 5125 5124 5136
f 5136 5124 5209
f 5126 5083 5121
f 5121 5083 5164
f 5118 5036 5195
f 5195 5036 5193
f 5131 5097 5203
f 5203 5097 5114
f 5132 6472 5195
f 5195 6472 5153
f 5136 5209 5092
f 5092 5209 5089
f 5135 5134 5117
f 5117 5134 5037
f 5362 5206 5130
f 5130 5206 5127
f 5372 5371 5128
f 5128 5371 5129
f 5371 5372 5091
f 5091 5372 5172
f 5362 5215 5203
f 5203 5215 5201
f 6463 6407 5353
f 5353 6407 5318
f 6464 6463 5352
f 5352 6463 5353
f 6408 6465 5288
f 5288 6465 5289
f 4196 4224 6426
f 6426 4224 6427
f 6430 6427 6428
f 6428 6427 4224
f 6466 6430 4382
f 4382 6430 6428
f 6410 6466 4217
f 4217 6466 4382
f 4240 4239 3015
f 3015 4239 3016
f 4254 4257 3017
f 3017 4257 3018
f 6473 6474 4732
f 4732 6474 6475
f 6474 6374 6475
f 6475 6374 6373
f 5246 6374 3022
f 3022 6374 3023
f 4254 6299 4255
f 4255 6299 6288
f 6473 6300 3024
f 3024 6300 3025
f 6476 4257 6312
f 6312 4257 4256
f 4240 6476 4241
f 4241 6476 6312
f 6477 4239 6391
f 6391 4239 4238
f 6467 6477 6457
f 6457 6477 6391
f 6411 3029 6467
f 6467 3029 3028
f 4216 3030 6411
f 6411 3030 3029
f 6479 6480 6478
f 6478 6480 6481
f 6483 6484 6482
f 6482 6484 6485
f 6486 6487 4102
f 4102 6487 6331
f 6483 6488 6478
f 6478 6488 6489
f 4429 4829 6490
f 6490 4829 6479
f 6491 6486 4101
f 4101 6486 4102
f 4895 6491 4899
f 4899 6491 4101
f 4160 6488 4157
f 4157 6488 6492
f 6489 4087 6490
f 6490 4087 4090
f 4267 4261 5013
f 5013 4261 4260
f 4258 4261 5328
f 5328 4261 4975
f 4261 4267 4975
f 4975 4267 4266
f 5367 3793 3912
f 3912 3793 3575
f 6494 3616 6493
f 6493 3616 3795
f 6496 3589 6495
f 6495 3589 3588
f 6495 3588 5368
f 5368 3588 3794
f 3841 3840 3050
f 3050 3840 3051
f 3912 3911 3052
f 3052 3911 3053
f 3929 3930 3054
f 3054 3930 3055
f 5370 3930 3916
f 3916 3930 3923
f 3938 5369 3807
f 3807 5369 3915
f 3589 6496 3806
f 3806 6496 3937
f 3938 3937 3056
f 3056 3937 3057
f 3051 3840 3058
f 3058 3840 3943
f 3730 4808 3727
f 3727 4808 3943
f 3820 3951 3795
f 3795 3951 6493
f 3951 3841 3059
f 3059 3841 3050
f 3911 3574 6494
f 6494 3574 3616
f 3823 3929 3824
f 3824 3929 3952
f 4061 4060 3060
f 3060 4060 3061
f 6497 6498 4901
f 4901 6498 4790
f 6333 6499 4738
f 4738 6499 4739
f 6500 6501 6314
f 6314 6501 4418
f 6502 6275 4417
f 4417 6275 4185
f 6503 6497 4783
f 4783 6497 4901
f 6498 4060 4790
f 4790 4060 4059
f 4808 4061 3069
f 3069 4061 3060
f 5367 3071 5368
f 5368 3071 3070
f 5369 3073 5370
f 5370 3073 3072
f 6274 6275 3074
f 3074 6275 3075
f 6499 6504 4739
f 4739 6504 6317
f 6333 6332 3077
f 3077 6332 3078
f 6334 6274 3079
f 3079 6274 3074
f 6332 4825 3078
f 3078 4825 3080
f 6334 6503 4188
f 4188 6503 4783
f 4825 4689 3080
f 3080 4689 1330
f 6506 4747 6505
f 6505 4747 4746
f 6505 6507 6506
f 6506 6507 6508
f 4297 6509 4920
f 4920 6509 6510
f 4296 6511 4297
f 4297 6511 6509
f 6506 6508 4319
f 4319 6508 6512
f 4372 4371 6514
f 6514 4371 6513
f 6511 4296 5251
f 5251 4296 4305
f 5251 5250 6511
f 6511 5250 6515
f 6516 6509 6515
f 6515 6509 6511
f 6517 6507 6519
f 6519 6507 6518
f 6512 6520 6513
f 6513 6520 6514
f 6507 6517 6508
f 6508 6517 6521
f 5249 6523 6522
f 6522 6523 6524
f 6525 6370 5253
f 5253 6370 6526
f 4370 4323 4371
f 4371 4323 4326
f 4370 3103 4323
f 4323 3103 1541
f 6521 6517 6527
f 6527 6517 6519
f 6520 6528 6514
f 6514 6528 6529
f 6531 6532 6530
f 6530 6532 6533
f 5250 6534 6515
f 6515 6534 6535
f 6530 6533 6536
f 6536 6533 6537
f 6526 6538 6534
f 6534 6538 6537
f 6515 6535 6516
f 6516 6535 6539
f 4325 4321 4326
f 4326 4321 4320
f 4371 4326 6513
f 6513 4326 4320
f 6531 4731 6541
f 6541 4731 6540
f 4731 4730 6540
f 6540 4730 6542
f 4730 3121 6542
f 6542 3121 3120
f 6530 4328 6531
f 6531 4328 4731
f 4328 6530 4329
f 4329 6530 6536
f 4329 6536 6524
f 6524 6536 6543
f 6544 6545 6522
f 6522 6545 5248
f 6389 6388 5245
f 5245 6388 6373
f 6388 6546 6373
f 6373 6546 6475
f 4733 6546 6295
f 6295 6546 4377
f 4732 6475 4733
f 4733 6475 6546
f 4393 4432 4394
f 4394 4432 4435
f 4434 4672 4842
f 4842 4672 4671
f 4440 4439 4441
f 4441 4439 4438
f 4436 4450 4437
f 4437 4450 4398
f 4447 4444 4448
f 4448 4444 4392
f 4446 4464 4433
f 4433 4464 6547
f 4454 4423 4455
f 4455 4423 4422
f 4452 4481 4453
f 4453 4481 4480
f 4458 4389 4459
f 4459 4389 4388
f 4456 4471 4457
f 4457 4471 4468
f 4391 4460 4392
f 4392 4460 4448
f 4461 4467 4445
f 4445 4467 4465
f 4437 4398 4629
f 4629 4398 4397
f 4438 4628 4441
f 4441 4628 4631
f 4841 4629 4839
f 4839 4629 4397
f 4628 4842 4631
f 4631 4842 4671
f 4930 4989 4452
f 4452 4989 4481
f 4929 4927 4436
f 4436 4927 4450
f 4933 4387 4934
f 4934 4387 4386
f 4931 4475 4932
f 4932 4475 4474
f 4936 4449 4933
f 4933 4449 4387
f 4935 4472 4456
f 4456 4472 4471
f 4389 4458 4391
f 4391 4458 4460
f 4457 4468 4461
f 4461 4468 4467
f 4934 4386 4454
f 4454 4386 4423
f 4453 4480 4931
f 4931 4480 4475
f 4575 4997 4576
f 4576 4997 4639
f 4579 4596 4580
f 4580 4596 4595
f 4583 4582 4572
f 4572 4582 4569
f 4587 4944 4588
f 4588 4944 4562
f 4588 4562 4590
f 4590 4562 4561
f 4576 4639 4642
f 4642 4639 4638
f 4642 4845 4641
f 4641 4845 4846
f 4845 4590 4846
f 4846 4590 4561
f 4941 4938 4595
f 4595 4938 4580
f 4938 4940 4668
f 4668 4940 4669
f 4583 4942 4584
f 4584 4942 4947
f 4582 4587 4569
f 4569 4587 4586
f 5000 5001 4579
f 4579 5001 4596
f 4558 4560 4585
f 4585 4560 4586
f 4565 4639 4566
f 4566 4639 4997
f 4568 4567 4577
f 4577 4567 4578
f 4570 4554 4571
f 4571 4554 4556
f 4640 4565 4637
f 4637 4565 4546
f 4662 4664 4665
f 4665 4664 4844
f 4662 4558 4589
f 4589 4558 4585
f 4554 4570 4557
f 4557 4570 4560
f 4571 4667 4572
f 4572 4667 4943
f 4551 4670 4552
f 4552 4670 4666
f 4640 4664 4638
f 4638 4664 4663
f 4670 4568 4668
f 4668 4568 4577
f 4999 4996 4566
f 4566 4996 4543
f 4608 4564 4603
f 4603 4564 4563
f 4573 4593 4574
f 4574 4593 4592
f 4597 4614 4598
f 4598 4614 4613
f 4601 4600 4584
f 4584 4600 4581
f 4563 4562 4604
f 4604 4562 4944
f 4643 4593 4641
f 4641 4593 4573
f 4643 4847 4644
f 4644 4847 4848
f 4564 4847 4561
f 4561 4847 4846
f 4945 4941 4598
f 4598 4941 4595
f 4941 4945 4939
f 4939 4945 4946
f 4601 4948 4602
f 4602 4948 4620
f 4600 4604 4581
f 4581 4604 4944
f 5002 5003 4597
f 4597 5003 4614
f 4988 4759 4953
f 4953 4759 4402
f 4706 6548 4707
f 4707 6548 6549
f 4311 4928 4419
f 4419 4928 6550
f 4921 4920 6551
f 6551 4920 6552
f 4925 6553 4926
f 4926 6553 6554
f 4928 4921 4802
f 4802 4921 6551
f 6555 4985 6550
f 6550 4985 4419
f 4952 6556 4953
f 4953 6556 4649
f 4971 6557 4706
f 4706 6557 6548
f 4988 4648 4925
f 4925 4648 6553
f 4707 6549 5006
f 5006 6549 4987
f 4920 6510 6552
f 6552 6510 6518
f 6558 6510 6516
f 6516 6510 6509
f 6559 6558 6539
f 6539 6558 6516
f 6531 6541 6532
f 6532 6541 6560
f 6540 6561 6541
f 6541 6561 6529
f 6542 6562 6540
f 6540 6562 6561
f 6542 3120 6562
f 6562 3120 3142
f 4366 6563 4760
f 4760 6563 4970
f 4815 6564 4816
f 4816 6564 6565
f 3147 3146 6565
f 6565 3146 4816
f 6564 6563 6565
f 6565 6563 6566
f 4837 4385 4357
f 4357 4385 4358
f 6565 6566 3147
f 3147 6566 3149
f 4694 1209 3150
f 5247 5249 5248
f 5248 5249 6522
f 6372 6390 6545
f 6545 6390 6389
f 6375 5254 6376
f 6376 5254 5258
f 6377 6525 6378
f 6378 6525 5255
f 5260 6379 5258
f 5258 6379 6376
f 6380 6567 6381
f 6381 6567 6568
f 6382 6569 6383
f 6383 6569 6570
f 6377 6371 6525
f 6525 6371 6370
f 6379 5260 6384
f 6384 5260 6571
f 6385 6572 6382
f 6382 6572 6569
f 6378 5255 6375
f 6375 5255 5254
f 6386 6573 6387
f 6387 6573 6574
f 6545 6389 5248
f 5248 6389 5245
f 4675 4750 4676
f 4676 4750 6286
f 4734 6289 4735
f 4735 6289 6288
f 4804 6290 4805
f 4805 6290 4963
f 4811 4807 4812
f 4812 4807 4411
f 4954 6292 4955
f 4955 6292 4959
f 4964 4962 4965
f 4965 4962 4751
f 6285 4821 4812
f 4812 4821 4809
f 4675 4287 4965
f 4965 4287 4210
f 6294 4145 4955
f 4955 4145 4154
f 4964 4120 4805
f 4805 4120 4119
f 6298 4966 4734
f 4734 4966 6289
f 6300 6473 4735
f 4735 6473 4732
f 6297 6296 4676
f 4676 6296 4288
f 6523 3160 4330
f 4330 3160 3159
f 5253 5252 6525
f 6525 5252 5255
f 5256 5252 4305
f 4305 5252 5251
f 4304 5257 4305
f 4305 5257 5256
f 4424 5259 4304
f 4304 5259 5257
f 5261 6571 5259
f 5259 6571 5260
f 5262 6573 5261
f 5261 6573 6571
f 5264 6567 5265
f 5265 6567 6574
f 5266 6572 5267
f 5267 6572 6568
f 5268 6570 5269
f 5269 6570 6569
f 1807 3161 5268
f 5268 3161 6570
f 6524 6523 4329
f 4329 6523 4330
f 5253 6526 5250
f 5250 6526 6534
f 6543 6538 6544
f 6544 6538 6369
f 6524 6543 6522
f 6522 6543 6544
f 3071 5367 3052
f 3052 5367 3912
f 6493 3163 6494
f 6494 3163 3162
f 3164 445 3771
f 3771 445 3761
f 461 3165 3919
f 3919 3165 3920
f 330 410 3839
f 3839 410 3910
f 332 331 3552
f 3552 331 3551
f 464 304 3918
f 3918 304 3816
f 385 458 3766
f 3766 458 3894
f 412 415 3762
f 3762 415 3763
f 3166 337 3748
f 3748 337 3745
f 3072 3055 5370
f 5370 3055 3930
f 3073 5369 3056
f 3056 5369 3938
f 3167 3057 6496
f 6496 3057 3937
f 3069 3058 4808
f 4808 3058 3943
f 411 3166 3851
f 3851 3166 3748
f 3059 3163 3951
f 3951 3163 6493
f 336 3164 3772
f 3772 3164 3771
f 3053 3911 3162
f 3162 3911 6494
f 3054 3168 3929
f 3929 3168 3952
f 3165 830 3920
f 3920 830 3945
f 3170 3169 6497
f 6497 3169 6498
f 3171 1354 5005
f 5005 1354 4830
f 3172 3170 6503
f 6503 3170 6497
f 3169 3061 6498
f 6498 3061 4060
f 3173 3171 5006
f 5006 3171 5005
f 3079 3172 6334
f 6334 3172 6503
f 3174 3025 6299
f 6299 3025 6300
f 6576 6577 6575
f 6575 6577 6578
f 4612 4611 6579
f 6579 4611 6580
f 6582 6583 6581
f 6581 6583 6584
f 6584 6585 4618
f 4618 6585 4621
f 6586 6587 6589
f 6589 6587 6588
f 6588 6587 6590
f 6590 6587 6591
f 6592 4606 6590
f 6590 4606 4623
f 6594 6576 6593
f 6593 6576 6575
f 6595 6582 6579
f 6579 6582 6581
f 6580 6597 6596
f 6596 6597 6598
f 6577 6576 6599
f 6599 6576 6600
f 6595 6596 6601
f 6601 6596 6602
f 6583 6582 6603
f 6603 6582 6604
f 6586 6606 6605
f 6605 6606 6607
f 6587 6586 6608
f 6608 6586 6605
f 6587 6608 6591
f 6591 6608 6609
f 6576 6594 6600
f 6600 6594 6610
f 6582 6595 6604
f 6604 6595 6601
f 6599 6611 6577
f 6577 6611 6598
f 6613 6614 6612
f 6612 6614 6615
f 6617 6618 6616
f 6616 6618 6619
f 6621 6622 6620
f 6620 6622 6623
f 6625 6626 6624
f 6624 6626 6627
f 6629 6630 6628
f 6628 6630 6631
f 6633 6634 6632
f 6632 6634 6635
f 6637 6638 6636
f 6636 6638 6639
f 6640 6641 6637
f 6637 6641 6638
f 6643 6633 6642
f 6642 6633 6632
f 6645 6646 6644
f 6644 6646 6647
f 6646 6648 6647
f 6647 6648 6649
f 6651 6652 6650
f 6650 6652 6653
f 6653 6652 6654
f 6654 6652 6655
f 6656 6657 6659
f 6659 6657 6658
f 6661 6662 6660
f 6660 6662 6663
f 6662 6661 6664
f 6664 6661 6665
f 6667 6657 6666
f 6666 6657 6656
f 6669 6670 6668
f 6668 6670 6671
f 6672 6673 6670
f 6670 6673 6671
f 6674 6675 6677
f 6677 6675 6676
f 6675 6678 6676
f 6676 6678 6679
f 6681 6682 6680
f 6680 6682 6683
f 6684 6685 6683
f 6683 6685 6680
f 6687 6688 6686
f 6686 6688 6689
f 6687 6690 6688
f 6688 6690 6691
f 6619 6618 6633
f 6633 6618 6634
f 6632 6635 6693
f 6693 6635 6692
f 6617 6694 6636
f 6636 6694 6637
f 6695 6692 6639
f 6639 6692 6635
f 6637 6694 6640
f 6640 6694 6696
f 6698 6638 6697
f 6697 6638 6641
f 6643 6616 6633
f 6633 6616 6619
f 6642 6699 6641
f 6641 6699 6697
f 6646 6645 6700
f 6700 6645 6621
f 6644 6701 6654
f 6654 6701 6702
f 6700 6703 6646
f 6646 6703 6648
f 6693 6704 6649
f 6649 6704 6647
f 6620 6623 6651
f 6651 6623 6652
f 6693 6649 6699
f 6699 6649 6650
f 6652 6623 6655
f 6655 6623 6622
f 6654 6702 6653
f 6653 6702 6697
f 6615 6614 6657
f 6657 6614 6658
f 6705 6656 6704
f 6704 6656 6659
f 6613 6706 6660
f 6660 6706 6661
f 6704 6659 6701
f 6701 6659 6663
f 6661 6706 6665
f 6665 6706 6707
f 6708 6702 6664
f 6664 6702 6662
f 6612 6615 6667
f 6667 6615 6657
f 6666 6709 6664
f 6664 6709 6708
f 6629 6710 6669
f 6669 6710 6670
f 6668 6711 6679
f 6679 6711 6712
f 6713 6672 6710
f 6710 6672 6670
f 6714 6671 6705
f 6705 6671 6673
f 6628 6631 6674
f 6674 6631 6675
f 6705 6673 6709
f 6709 6673 6677
f 6631 6630 6675
f 6675 6630 6678
f 6712 6708 6679
f 6679 6708 6676
f 6625 6715 6682
f 6682 6715 6683
f 6716 6717 6681
f 6681 6717 6691
f 6718 6684 6715
f 6715 6684 6683
f 6719 6680 6714
f 6714 6680 6685
f 6624 6627 6686
f 6686 6627 6687
f 6689 6711 6685
f 6685 6711 6714
f 6627 6626 6687
f 6687 6626 6690
f 6717 6712 6691
f 6691 6712 6688
f 6612 6707 6613
f 6613 6707 6706
f 6616 6696 6617
f 6617 6696 6694
f 6703 6700 6620
f 6620 6700 6621
f 6715 6625 6718
f 6718 6625 6624
f 6710 6629 6713
f 6713 6629 6628
f 6639 6635 6636
f 6636 6635 6634
f 6641 6640 6642
f 6642 6640 6643
f 6654 6655 6644
f 6644 6655 6645
f 6651 6650 6648
f 6648 6650 6649
f 6659 6658 6663
f 6663 6658 6660
f 6665 6667 6664
f 6664 6667 6666
f 6678 6669 6679
f 6679 6669 6668
f 6673 6672 6677
f 6677 6672 6674
f 6690 6682 6691
f 6691 6682 6681
f 6685 6684 6689
f 6689 6684 6686
f 6636 6634 6617
f 6617 6634 6618
f 6638 6698 6639
f 6639 6698 6695
f 6640 6696 6643
f 6643 6696 6616
f 6693 6699 6632
f 6632 6699 6642
f 6655 6622 6645
f 6645 6622 6621
f 6704 6701 6647
f 6647 6701 6644
f 6651 6648 6620
f 6620 6648 6703
f 6650 6653 6699
f 6699 6653 6697
f 6613 6660 6614
f 6614 6660 6658
f 6663 6662 6701
f 6701 6662 6702
f 6665 6707 6667
f 6667 6707 6612
f 6705 6709 6656
f 6656 6709 6666
f 6630 6629 6678
f 6678 6629 6669
f 6714 6711 6671
f 6671 6711 6668
f 6672 6713 6674
f 6674 6713 6628
f 6677 6676 6709
f 6709 6676 6708
f 6626 6625 6690
f 6690 6625 6682
f 6680 6719 6681
f 6681 6719 6716
f 6684 6718 6686
f 6686 6718 6624
f 6711 6689 6712
f 6689 6688 6712
f 6593 6720 6594
f 6594 6720 6721
f 6722 6720 4607
f 4607 6720 4849
f 6592 6723 6722
f 6722 6723 6724
f 4610 4609 6578
f 6578 4609 6575
f 6596 6595 6580
f 6580 6595 6579
f 4618 4617 6584
f 6584 4617 6581
f 6589 6585 6586
f 6586 6585 6606
f 4622 4619 6588
f 6588 4619 6589
f 4622 6588 4623
f 4623 6588 6590
f 4609 4645 6575
f 6575 4645 6593
f 4617 4612 6581
f 6581 4612 6579
f 5004 4610 6597
f 6597 4610 6578
f 4645 4849 6593
f 6593 4849 6720
f 6724 6721 6722
f 6722 6721 6720
f 6722 4607 6592
f 6592 4607 4606
f 6725 6610 6721
f 6721 6610 6594
f 6723 6726 6724
f 6724 6726 6727
f 6727 6725 6724
f 6724 6725 6721
f 6728 6729 6605
f 6605 6729 6608
f 6605 6607 6728
f 6728 6607 6730
f 6731 6732 6604
f 6604 6732 6603
f 6733 6734 6725
f 6725 6734 6610
f 6735 6733 6727
f 6727 6733 6725
f 6735 6727 6736
f 6736 6727 6726
f 6591 6609 6723
f 6723 6609 6726
f 6723 6592 6591
f 6591 6592 6590
f 6738 6739 6737
f 6737 6739 6740
f 6740 6739 6742
f 6742 6739 6741
f 6743 6744 6741
f 6741 6744 6742
f 6745 6746 6743
f 6743 6746 6744
f 6747 6748 6745
f 6745 6748 6746
f 6749 6750 6747
f 6747 6750 6748
f 6752 6738 6751
f 6751 6738 6737
f 6754 6752 6753
f 6753 6752 6751
f 6756 6754 6755
f 6755 6754 6753
f 6758 6750 6757
f 6757 6750 6749
f 6760 6756 6759
f 6759 6756 6755
f 6762 6760 6761
f 6761 6760 6759
f 6764 6762 6763
f 6763 6762 6761
f 6757 6764 6758
f 6758 6764 6763
f 6766 6741 6765
f 6765 6741 6739
f 6767 6743 6766
f 6766 6743 6741
f 6768 6745 6767
f 6767 6745 6743
f 6769 6747 6768
f 6768 6747 6745
f 6770 6749 6769
f 6769 6749 6747
f 6772 6769 6771
f 6771 6769 6768
f 6773 6770 6772
f 6772 6770 6769
f 6774 6775 6772
f 6772 6775 6773
f 6777 6778 6776
f 6776 6778 6779
f 6775 6774 6778
f 6778 6774 6779
f 6771 6780 6772
f 6772 6780 6774
f 6780 6781 6774
f 6774 6781 6779
f 6781 6782 6779
f 6779 6782 6776
f 6784 6785 6783
f 6783 6785 6786
f 6786 6787 6783
f 6783 6787 6788
f 6790 6788 6789
f 6789 6788 6787
f 6786 6785 6791
f 6791 6785 6792
f 6791 6793 6786
f 6786 6793 6787
f 6793 6794 6787
f 6787 6794 6789
f 6795 6796 6794
f 6794 6796 6789
f 6790 6789 6797
f 6797 6789 6796
f 6798 6765 6738
f 6738 6765 6739
f 6799 6798 6752
f 6752 6798 6738
f 6767 6800 6768
f 6768 6800 6771
f 6766 6801 6767
f 6767 6801 6800
f 6802 6801 6765
f 6765 6801 6766
f 6798 6803 6765
f 6765 6803 6802
f 6804 6803 6799
f 6799 6803 6798
f 6805 6806 6804
f 6804 6806 6803
f 6807 6799 6754
f 6754 6799 6752
f 6808 6804 6807
f 6807 6804 6799
f 6809 6805 6808
f 6808 6805 6804
f 6810 6811 6805
f 6805 6811 6806
f 6812 6813 6810
f 6810 6813 6811
f 6814 6815 6796
f 6796 6815 6797
f 6813 6814 6816
f 6816 6814 6817
f 6816 6818 6813
f 6813 6818 6811
f 6819 6806 6818
f 6818 6806 6811
f 6802 6803 6819
f 6819 6803 6806
f 6757 6749 6820
f 6820 6749 6770
f 6820 6770 6821
f 6821 6770 6773
f 6821 6773 6822
f 6822 6773 6775
f 6822 6775 6823
f 6823 6775 6778
f 6824 6823 6777
f 6777 6823 6778
f 6784 6825 6777
f 6777 6825 6824
f 6826 6827 6788
f 6788 6827 6783
f 6828 6826 6790
f 6790 6826 6788
f 6829 6828 6797
f 6797 6828 6790
f 6815 6830 6797
f 6797 6830 6829
f 6832 6812 6831
f 6831 6812 6810
f 6831 6810 6809
f 6809 6810 6805
f 6736 6800 6735
f 6735 6800 6801
f 6733 6735 6802
f 6802 6735 6801
f 6734 6733 6819
f 6819 6733 6802
f 6833 6734 6818
f 6818 6734 6819
f 6834 6833 6816
f 6816 6833 6818
f 6816 6817 6834
f 6834 6817 6835
f 6837 6795 6836
f 6836 6795 6794
f 6836 6794 6731
f 6731 6794 6793
f 6732 6731 6791
f 6791 6731 6793
f 6791 6792 6732
f 6732 6792 6730
f 6729 6728 6781
f 6781 6728 6782
f 6838 6807 6756
f 6756 6807 6754
f 6839 6838 6760
f 6760 6838 6756
f 6840 6839 6762
f 6762 6839 6760
f 6841 6840 6764
f 6764 6840 6762
f 6820 6841 6757
f 6757 6841 6764
f 6841 6820 6842
f 6842 6820 6821
f 6840 6841 6843
f 6843 6841 6842
f 6839 6840 6844
f 6844 6840 6843
f 6838 6839 6845
f 6845 6839 6844
f 6807 6838 6808
f 6808 6838 6845
f 6842 6821 6846
f 6846 6821 6822
f 6843 6842 6847
f 6847 6842 6846
f 6844 6843 6848
f 6848 6843 6847
f 6845 6844 6849
f 6849 6844 6848
f 6808 6845 6809
f 6809 6845 6849
f 6850 6831 6849
f 6849 6831 6809
f 6851 6850 6848
f 6848 6850 6849
f 6847 6852 6848
f 6848 6852 6851
f 6853 6852 6846
f 6846 6852 6847
f 6846 6822 6853
f 6853 6822 6823
f 6853 6823 6854
f 6854 6823 6824
f 6854 6855 6853
f 6853 6855 6852
f 6856 6851 6855
f 6855 6851 6852
f 6856 6857 6851
f 6851 6857 6850
f 6857 6832 6850
f 6850 6832 6831
f 6825 6858 6824
f 6824 6858 6854
f 6860 6827 6859
f 6859 6827 6826
f 6859 6826 6861
f 6861 6826 6828
f 6862 6861 6829
f 6829 6861 6828
f 6830 6863 6829
f 6829 6863 6862
f 6863 6864 6862
f 6862 6864 6865
f 6858 6866 6854
f 6854 6866 6855
f 6867 6865 6866
f 6866 6865 6864
f 6869 6859 6868
f 6868 6859 6861
f 6867 6869 6865
f 6865 6869 6868
f 6861 6862 6868
f 6868 6862 6865
f 6867 6860 6869
f 6869 6860 6859
f 6753 6751 6698
f 6698 6751 6695
f 6697 6755 6698
f 6698 6755 6753
f 6759 6755 6702
f 6702 6755 6697
f 6761 6759 6708
f 6708 6759 6702
f 6763 6761 6712
f 6712 6761 6708
f 6758 6763 6717
f 6717 6763 6712
f 6750 6758 6716
f 6716 6758 6717
f 6719 6748 6716
f 6716 6748 6750
f 6714 6746 6719
f 6719 6746 6748
f 6705 6744 6714
f 6714 6744 6746
f 6704 6742 6705
f 6705 6742 6744
f 6740 6742 6693
f 6693 6742 6704
f 6737 6740 6692
f 6692 6740 6693
f 6751 6737 6695
f 6695 6737 6692
f 6601 6602 6836
f 6836 6602 6837
f 6604 6601 6731
f 6731 6601 6836
f 6599 6600 6834
f 6834 6600 6833
f 6834 6835 6599
f 6599 6835 6611
f 6600 6610 6833
f 6833 6610 6734
f 6780 6771 6870
f 6870 6771 6736
f 6736 6771 6800
f 6870 6729 6780
f 6780 6729 6781
f 6608 6729 6609
f 6609 6729 6870
f 6609 6870 6726
f 6726 6870 6736
f 5014 5015 5229
f 5229 5015 5230
f 4258 5015 4259
f 4259 5015 4878
f 3471 3013 4703
f 4703 3013 4704
f 2879 6337 1306
f 1306 6337 4785
f 829 3471 4316
f 4316 3471 4703
f 4702 3472 5223
f 5223 3472 1756
f 6871 6872 4534
f 4534 6872 4535
f 6871 4665 6872
f 6872 4665 4844
f 6871 6873 4665
f 4665 6873 4559
f 6871 4534 6873
f 6873 4534 4542
f 4153 4152 4822
f 4822 4152 4407
f 4152 4168 4407
f 4407 4168 4342
f 4343 4168 4923
f 4923 4168 4167
f 4363 4362 4972
f 4972 4362 4840
f 4362 4394 4840
f 4840 4394 4839
f 4401 4400 4986
f 4986 4400 4984
f 4435 4434 4841
f 4841 4434 4842
f 4506 4505 4530
f 4530 4505 4531
f 4506 4535 4507
f 4507 4535 4843
f 4661 4660 4516
f 4516 4660 4517
f 4673 4672 4937
f 4937 4672 6547
f 4400 4924 4984
f 4984 4924 5263
f 4673 4660 4674
f 4674 4660 4659
f 4505 4661 4531
f 4531 4661 4516
f 4952 4401 6874
f 6874 4401 4986
f 4954 4153 6875
f 6875 4153 4822
f 4363 4973 4364
f 4364 4973 4974
f 5264 4924 5267
f 5267 4924 4691
f 6293 6292 6876
f 6876 6292 6877
f 6380 4343 6387
f 6387 4343 4923
f 4394 4435 4839
f 4839 4435 4841
f 4672 4434 6547
f 6547 4434 4433
f 4973 6556 4974
f 4974 6556 6878
f 6567 6380 6574
f 6574 6380 6387
f 6292 4954 6877
f 6877 4954 6875
f 6567 5264 6568
f 6568 5264 5267
f 4145 4144 4154
f 4154 4144 4151
f 4194 4144 4425
f 4425 4144 4143
f 4355 4354 5263
f 5263 4354 4984
f 4360 4359 4364
f 4364 4359 4361
f 4444 4359 4392
f 4392 4359 4337
f 4447 4446 4432
f 4432 4446 4433
f 4464 4463 6547
f 6547 4463 4937
f 4519 4518 4654
f 4654 4518 4509
f 4533 4532 4499
f 4499 4532 4498
f 4533 4542 4530
f 4530 4542 4534
f 4519 4532 4516
f 4516 4532 4531
f 4922 4194 4426
f 4426 4194 4425
f 4463 4518 4937
f 4937 4518 4517
f 6555 4951 6874
f 6874 4951 6878
f 4958 4957 6290
f 6290 4957 6291
f 4334 4360 4712
f 4712 4360 4950
f 4985 4354 4419
f 4419 4354 4353
f 5262 4355 5265
f 5265 4355 5263
f 6294 4958 4804
f 4804 4958 6290
f 6386 4922 6384
f 6384 4922 4426
f 4444 4447 4393
f 4393 4447 4432
f 4464 4446 4465
f 4465 4446 4445
f 4985 6555 4986
f 4986 6555 6874
f 6573 6386 6571
f 6571 6386 6384
f 4145 6294 4146
f 4146 6294 4804
f 6573 5262 6574
f 6574 5262 5265
f 4542 4541 6873
f 6873 4541 4559
f 4535 6872 4843
f 4843 6872 4844
f 4104 4103 6879
f 6879 4103 6343
f 4105 6293 6307
f 6307 6293 6876
f 4104 4956 4105
f 4105 4956 6293
f 4956 4104 4957
f 4957 4104 6879
f 4957 6879 6291
f 6291 6879 6309
f 4648 4988 4649
f 4649 4988 4953
f 4802 4803 4928
f 4928 4803 6550
f 6550 4803 6555
f 6555 4803 4951
f 1516 3173 4987
f 4987 3173 5006
f 6519 6518 6558
f 6558 6518 6510
f 6527 6519 6559
f 6559 6519 6558
f 6528 6560 6529
f 6529 6560 6541
f 6548 4625 6549
f 6549 4625 4624
f 6551 6552 4746
f 4746 6552 6505
f 6553 4711 6554
f 6554 4711 4710
f 4802 6551 4713
f 4713 6551 4746
f 6556 4973 4649
f 4649 4973 4646
f 6557 4949 6548
f 6548 4949 4625
f 4648 4647 6553
f 6553 4647 4711
f 6549 4624 4987
f 4987 4624 4838
f 6552 6518 6505
f 6505 6518 6507
f 6561 4372 6529
f 6529 4372 6514
f 6562 4369 6561
f 6561 4369 4372
f 3142 3482 6562
f 6562 3482 4369
f 6556 4952 6878
f 6878 4952 6874
f 4951 4950 6878
f 6878 4950 4974
f 3168 440 3952
f 4204 4203 5341
f 5341 4203 6364
f 4219 4222 6429
f 6429 4222 4383
f 4319 4322 6506
f 6506 4322 4747
f 4340 4714 4341
f 4341 4714 4384
f 4375 4377 6388
f 6388 4377 6546
f 4378 4381 6311
f 6311 4381 4720
f 4449 4341 4387
f 4387 4341 4384
f 4473 4472 4477
f 4477 4472 4474
f 4492 4491 4487
f 4487 4491 4488
f 4523 4491 4522
f 4522 4491 4490
f 4492 4538 4493
f 4493 4538 4555
f 4538 4553 4555
f 4555 4553 4556
f 4620 4615 4621
f 4621 4615 4618
f 4652 4651 4368
f 4368 4651 4365
f 4523 4655 4524
f 4524 4655 4656
f 4553 4667 4556
f 4556 4667 4571
f 4651 1210 4365
f 4365 1210 1209
f 4698 4697 5223
f 5223 4697 6344
f 4340 4339 4322
f 4322 4339 4747
f 4726 4729 5287
f 5287 4729 4198
f 4381 4380 4737
f 4737 4380 6368
f 4836 4835 4451
f 4451 4835 4709
f 4910 6367 4911
f 4911 6367 6366
f 4912 4915 6450
f 6450 4915 6449
f 4927 4836 4450
f 4450 4836 4451
f 4930 4929 4439
f 4439 4929 4436
f 4936 4935 4459
f 4459 4935 4456
f 4473 4655 4470
f 4470 4655 4510
f 4942 4583 4943
f 4943 4583 4572
f 4948 4601 4947
f 4947 4601 4584
f 4949 4835 4625
f 4625 4835 4626
f 4966 4969 6289
f 6289 4969 4695
f 4971 4652 4926
f 4926 4652 4368
f 4203 4977 6364
f 6364 4977 6365
f 4990 4989 4443
f 4443 4989 4440
f 4990 4991 4478
f 4478 4991 4512
f 4992 4991 4528
f 4528 4991 4515
f 4992 4993 4527
f 4527 4993 4485
f 4994 4993 4502
f 4502 4993 4503
f 4994 4995 4482
f 4482 4995 4550
f 4543 4996 4544
f 4544 4996 4995
f 4999 4998 4567
f 4567 4998 4578
f 5000 4998 4575
f 4575 4998 4997
f 5002 5001 4592
f 4592 5001 4574
f 5003 5004 4614
f 4614 5004 4611
f 3483 4215 1755
f 1755 4215 4698
f 5274 5277 4195
f 4195 5277 4223
f 4726 5295 4727
f 4727 5295 6350
f 5309 5342 5310
f 5310 5342 6363
f 5315 5314 5316
f 5316 5314 5317
f 5339 6362 5340
f 5340 6362 5363
f 5310 6363 5339
f 5339 6363 6362
f 4204 5309 4201
f 4201 5309 5308
f 4915 5345 6449
f 6449 5345 6448
f 5345 5315 6448
f 6448 5315 5316
f 5348 5347 6351
f 6351 5347 6352
f 5365 4263 5340
f 5340 4263 4262
f 6295 6298 4733
f 4733 6298 4734
f 4969 6306 4695
f 4695 6306 4696
f 6306 4378 4696
f 4696 4378 6311
f 6369 6372 6544
f 6544 6372 6545
f 4375 6390 4373
f 4373 6390 4374
f 6421 6422 4911
f 4911 6422 4908
f 4910 4909 4737
f 4737 4909 4736
f 5277 4219 4223
f 4223 4219 6429
f 4697 4222 6344
f 6344 4222 4221
f 6436 6361 6437
f 6437 6361 6360
f 6438 6440 6437
f 6437 6440 6434
f 6438 6359 6441
f 6441 6359 6358
f 6442 6441 6357
f 6357 6441 6358
f 6442 6444 6443
f 6443 6444 6445
f 6446 6444 6355
f 6355 6444 6356
f 6446 4912 6447
f 6447 4912 6450
f 6436 6435 5365
f 5365 6435 4263
f 5314 5347 5317
f 5317 5347 5346
f 4319 6512 4320
f 4320 6512 6513
f 6520 6512 6521
f 6521 6512 6508
f 6528 6520 6527
f 6527 6520 6521
f 6532 6539 6533
f 6533 6539 6535
f 6533 6535 6537
f 6537 6535 6534
f 6538 6543 6537
f 6537 6543 6536
f 6295 4377 6296
f 6296 4377 4376
f 4989 4930 4440
f 4440 4930 4439
f 4927 4929 4422
f 4422 4929 4455
f 4449 4936 4388
f 4388 4936 4459
f 4472 4935 4474
f 4474 4935 4932
f 4942 4940 4947
f 4947 4940 4939
f 5001 5000 4574
f 4574 5000 4575
f 4669 4943 4666
f 4666 4943 4667
f 4996 4999 4547
f 4547 4999 4567
f 4948 4946 4620
f 4620 4946 4615
f 5003 5002 4591
f 4591 5002 4592
f 6557 4971 6554
f 6554 4971 4926
f 6532 6560 6539
f 6539 6560 6559
f 6390 6372 4374
f 4374 6372 6371
f 4966 6298 4967
f 4967 6298 6297
f 6538 6526 6369
f 6369 6526 6370
f 6585 6589 4621
f 4621 6589 4619
f 6597 6578 6598
f 6598 6578 6577
f 6606 6583 6607
f 6607 6583 6603
f 6611 6602 6598
f 6598 6602 6596
f 6585 6584 6606
f 6606 6584 6583
f 6597 6580 5004
f 5004 6580 4611
f 6607 6603 6730
f 6730 6603 6732
f 6776 6785 6777
f 6777 6785 6784
f 6785 6776 6792
f 6792 6776 6782
f 6815 6814 6812
f 6812 6814 6813
f 6817 6814 6795
f 6795 6814 6796
f 6825 6784 6827
f 6827 6784 6783
f 6830 6815 6832
f 6832 6815 6812
f 6817 6795 6835
f 6835 6795 6837
f 6792 6782 6730
f 6730 6782 6728
f 6858 6825 6860
f 6860 6825 6827
f 6863 6830 6857
f 6857 6830 6832
f 6864 6863 6856
f 6856 6863 6857
f 6866 6858 6867
f 6867 6858 6860
f 6866 6864 6855
f 6855 6864 6856
f 6835 6837 6611
f 6611 6837 6602
f 6560 6528 6559
f 6559 6528 6527
f 4949 6557 4710
f 4710 6557 6554
f 4430 4090 4175
f 4175 4090 4089
f 4777 4113 4155
f 4155 4113 4086
f 4175 4089 4176
f 4176 4089 4142
f 4199 4271 4200
f 4200 4271 4798
f 4199 4095 4272
f 4272 4095 5273
f 4406 4405 4404
f 4404 4405 4346
f 4410 4409 6877
f 6877 4409 6876
f 4409 4413 6876
f 6876 4413 6307
f 4415 4148 4416
f 4416 4148 4147
f 4690 4405 4344
f 4344 4405 4342
f 4693 4692 4352
f 4352 4692 4349
f 4701 4700 6337
f 6337 4700 6338
f 4778 4777 4081
f 4081 4777 4155
f 4821 4406 4809
f 4809 4406 4404
f 4176 4142 4181
f 4181 4142 4415
f 4760 4970 4399
f 4399 4970 4692
f 4200 5007 4096
f 4096 5007 4078
f 5266 4693 5269
f 5269 4693 4352
f 5270 5007 5361
f 5361 5007 4797
f 4778 5270 4779
f 4779 5270 5361
f 6285 4410 6875
f 6875 4410 6877
f 6308 4413 4687
f 4687 4413 4412
f 6480 6320 6481
f 6481 6320 6880
f 4701 2878 4702
f 4702 2878 3472
f 6339 6347 6340
f 6340 6347 6348
f 6341 6342 6346
f 6346 6342 6345
f 4416 6308 4414
f 4414 6308 4687
f 6385 4690 6381
f 6381 4690 4344
f 5282 6341 5280
f 5280 6341 6339
f 4700 6342 6338
f 6338 6342 5281
f 6340 6348 4272
f 4272 6348 4270
f 6480 6479 4828
f 4828 6479 4829
f 6490 6479 6489
f 6489 6479 6478
f 4090 4430 6490
f 6490 4430 4429
f 6563 6564 4970
f 4970 6564 4815
f 4694 6566 4366
f 4366 6566 6563
f 6572 6385 6568
f 6568 6385 6381
f 4821 6285 4822
f 4822 6285 6875
f 6572 5266 6569
f 6569 5266 5269
f 3482 3103 4369
f 4369 3103 4370
f 3121 4730 3485
f 3485 4730 4327
f 6277 6280 6273
f 6273 6280 6272
f 6267 6276 6278
f 6278 6276 6279
f 6278 6279 6277
f 6277 6279 6280
f 6279 6256 6280
f 6280 6256 6255
f 6256 3857 6255
f 6255 3857 3754
f 3857 3856 3754
f 3754 3856 3755
f 3856 3703 3755
f 3755 3703 3863
f 3703 3702 3863
f 3863 3702 3759
f 3702 3706 3759
f 3759 3706 3670
f 3706 3705 3670
f 3670 3705 3668
f 3705 3773 3668
f 3668 3773 3882
f 3882 3773 3883
f 3883 3773 3707
f 3707 3708 3883
f 3883 3708 3880
f 3708 3710 3880
f 3880 3710 3881
f 3709 5241 3710
f 3710 5241 3881
f 5241 3709 5234
f 5234 3709 3786
f 3693 3712 3786
f 3786 3712 5234
f 4051 4055 4052
f 4052 4055 4056
f 4056 4055 4057
f 4057 4055 4054
f 4066 5238 5236
f 5236 5238 3989
f 4066 4069 5238
f 5238 4069 4035
f 6881 3962 3960
f 3960 3962 3957
f 6883 4070 6882
f 6882 4070 3941
f 4070 6883 4071
f 4071 6883 6884
f 4071 6884 4072
f 4072 6884 6885
f 6885 6886 4072
f 4072 6886 4031
f 3955 6881 3956
f 3956 6881 3960
f 6884 3991 6885
f 6885 3991 3990
f 6883 6887 6884
f 6884 6887 3991
f 6887 6888 3991
f 3991 6888 3992
f 6888 6887 6889
f 6889 6887 6890
f 6887 6883 6890
f 6890 6883 6882
f 4058 5240 3953
f 3953 5240 3954
f 5236 6888 5239
f 5239 6888 6889
f 5237 6886 3990
f 3990 6886 6885
f 4034 4031 5237
f 5237 4031 6886
f 6881 6882 3962
f 3962 6882 3941
f 6881 3955 6882
f 6882 3955 6890
f 3955 3954 6890
f 6890 3954 6889
f 5239 6889 5240
f 5240 6889 3954
f 6888 5236 3992
f 3992 5236 3989
f 3869 3868 3888
f 3888 3868 4015
f 3868 4012 4015
f 4015 4012 4010
f 4012 4022 4010
f 4010 4022 4009
f 4022 4021 4009
f 4009 4021 4018
f 4020 3974 4001
f 4001 3974 3996
f 4021 4020 4029
f 4029 4020 4001
f 4085 4156 4086
f 4086 4156 4155
f 4113 4777 4114
f 4114 4777 4776
f 4130 4129 4094
f 4094 4129 4091
f 4139 4773 4140
f 4140 4773 4772
f 4149 4178 4150
f 4150 4178 5225
f 4160 4159 4087
f 4087 4159 4088
f 4149 4148 4179
f 4179 4148 4141
f 4085 4084 4183
f 4183 4084 6315
f 4179 4141 4159
f 4159 4141 4088
f 4192 4130 4162
f 4162 4130 4094
f 4197 5288 4198
f 4198 5288 5287
f 4229 4766 4230
f 4230 4766 4771
f 4245 4246 4242
f 4242 4246 4249
f 4183 6315 4418
f 4418 6315 6314
f 4679 4178 4680
f 4680 4178 4177
f 4724 4798 4725
f 4725 4798 4271
f 4728 5275 4729
f 4729 5275 5274
f 4230 4771 4249
f 4249 4771 4242
f 4724 4723 4799
f 4799 4723 5355
f 4823 4824 4891
f 4891 4824 6327
f 4823 4192 4161
f 4161 4192 4162
f 4893 4767 4229
f 4229 4767 4766
f 4894 4895 4898
f 4898 4895 4899
f 4106 4150 4103
f 4103 4150 5225
f 4680 4894 4677
f 4677 4894 4898
f 6420 4977 5301
f 5301 4977 4976
f 4679 4678 5226
f 5226 4678 4427
f 5228 5008 4893
f 4893 5008 4767
f 5285 6354 5286
f 5286 6354 5343
f 5289 5352 5290
f 5290 5352 5349
f 5290 5349 5295
f 5295 5349 5348
f 5302 5299 4202
f 4202 5299 4976
f 4725 4271 5311
f 5311 4271 4270
f 5325 4723 5326
f 5326 4723 4722
f 5335 5355 5325
f 5325 5355 4723
f 5326 4722 5286
f 5286 4722 5283
f 4799 5357 4797
f 4797 5357 5361
f 5359 5356 5335
f 5335 5356 5355
f 4775 4774 5356
f 5356 4774 5357
f 5359 5358 4092
f 4092 5358 4093
f 6316 4740 6317
f 6317 4740 4739
f 6318 4827 6316
f 6316 4827 4740
f 6319 4828 6318
f 6318 4828 4827
f 6320 6480 6319
f 6319 6480 4828
f 6484 6322 6485
f 6485 6322 6321
f 6487 6324 6331
f 6331 6324 6323
f 6331 6323 6330
f 6330 6323 6325
f 6325 6326 6330
f 6330 6326 6329
f 6326 6328 6329
f 6329 6328 5231
f 4824 4685 5228
f 5228 4685 5008
f 5226 6343 5225
f 5225 6343 4103
f 4728 4727 6349
f 6349 4727 5284
f 6350 6351 5285
f 5285 6351 6354
f 4247 4246 6418
f 6418 4246 6365
f 6400 6402 6401
f 6401 6402 6459
f 4197 4196 6409
f 6409 4196 6426
f 6412 4897 6328
f 6328 4897 5231
f 6413 4133 6412
f 6412 4133 4897
f 6414 4134 6413
f 6413 4134 4133
f 6415 4225 6414
f 6414 4225 4134
f 6416 4252 6415
f 6415 4252 4225
f 6417 4253 6416
f 6416 4253 4252
f 4253 6417 6366
f 6366 6417 6419
f 6366 6419 4911
f 4911 6419 6421
f 6422 6423 4908
f 4908 6423 5298
f 5298 6423 6396
f 6396 6423 6424
f 6409 6426 6425
f 6425 6426 6397
f 5300 5299 6399
f 6399 5299 6400
f 6465 6408 6401
f 6401 6408 6398
f 6424 6399 6425
f 6425 6399 6398
f 6349 5284 5311
f 5311 5284 5283
f 6465 6464 5289
f 5289 6464 5352
f 6488 6483 6492
f 6492 6483 6482
f 6486 6491 6482
f 6482 6491 6492
f 6491 4895 6492
f 6492 4895 4157
f 6488 4160 6489
f 6489 4160 4087
f 6501 6502 4418
f 4418 6502 4417
f 6504 6500 6317
f 6317 6500 6314
f 3497 3496 6501
f 6501 3496 6502
f 3499 3498 6504
f 6504 3498 6500
f 4729 5274 4198
f 4198 5274 4195
f 6418 6365 6420
f 6420 6365 4977
f 5295 5348 6350
f 6350 5348 6351
f 5301 6422 6420
f 6420 6422 6421
f 4113 4112 4086
f 4086 4112 4083
f 6320 4112 6880
f 6880 4112 4111
f 4091 4772 4092
f 4092 4772 4775
f 4129 4140 4091
f 4091 4140 4772
f 4137 4140 4128
f 4128 4140 4129
f 4128 6324 4137
f 4137 6324 6321
f 6324 6487 6321
f 6321 6487 6485
f 6487 6486 6485
f 6485 6486 6482
f 4774 4773 4779
f 4779 4773 4776
f 4773 4139 4776
f 4776 4139 4114
f 4139 4138 4114
f 4114 4138 4111
f 4138 6322 4111
f 4111 6322 6880
f 6322 6484 6880
f 6880 6484 6481
f 6484 6483 6481
f 6481 6483 6478
f 6879 6343 6309
f 6309 6343 4428
f 4106 4105 4900
f 4900 4105 6307
f 3500 3167 6495
f 6495 3167 6496
f 3500 6495 3070
f 3070 6495 5368
f 3502 5235 3501
f 3501 5235 4813
f 3024 3503 6473
f 6473 3503 6474
f 3503 3023 6474
f 6474 3023 6374
f 3504 1770 4348
f 4348 1770 4345
f 3502 3505 5235
f 5235 3505 4810
f 3498 3497 6500
f 6500 3497 6501
f 3496 3075 6502
f 6502 3075 6275
f 6299 4254 3174
f 3174 4254 3017
f 1769 3501 4814
f 4814 3501 4813
f 3506 3018 6476
f 6476 3018 4257
f 3507 3499 6499
f 6499 3499 6504
f 3030 4216 3483
f 3483 4216 4215
f 3077 3507 6333
f 6333 3507 6499
f 1784 3160 5249
f 5249 3160 6523
f 3015 3506 4240
f 4240 3506 6476
f 3508 3504 6383
f 6383 3504 4348
f 3509 3016 6477
f 6477 3016 4239
f 3028 3509 6467
f 6467 3509 6477
f 3022 1785 5246
f 5246 1785 5247
f 3161 3508 6570
f 6570 3508 6383
f 3150 3149 4694
f 4694 3149 6566
f 1327 4807 3510
f 3510 4807 4811
f 3510 4811 3505
f 3505 4811 4810
f 3146 3511 4816
f 4816 3511 4350
f 3511 1808 4350
f 4350 1808 4351
f 3485 4327 3159
f 3159 4327 4330
f 1326 3512 4806
f 4806 3512 6310
f 3512 1331 6310
f 6310 1331 4688
