v 0.04374634 1.07822347 0.19173972
v 0.03976094 1.06572115 0.20240223
v 0.04999563 1.06076193 0.19360584
v 0.05506685 1.06987596 0.18262061
v 0.04797660 1.05302620 0.20200145
v 0.03826585 1.05512285 0.20923494
v 0.05699263 1.05333054 0.18484126
v 0.06177013 1.05819130 0.17351462
v 0.06355602 1.01592469 0.18040529
v 0.06719086 1.00994527 0.17158103
v 0.06643271 1.02256477 0.17045361
v 0.06204017 1.02523136 0.17940281
v 0.06317055 0.98920941 0.18235061
v 0.05811346 0.98146296 0.19302230
v 0.05988863 0.97059250 0.18514299
v 0.06412597 0.97785652 0.17384888
v 0.02637788 0.99951029 0.21584073
v 0.03201652 0.99269783 0.21564612
v 0.03558917 0.99932218 0.21266837
v 0.02937404 1.00524437 0.21293665
v 0.01773838 1.01098204 0.22122020
v 0.01846712 1.01548207 0.21644332
v 0.01415087 1.02053142 0.22129156
v 0.01447465 1.01537406 0.22713502
v 0.02126147 0.99427783 0.21834230
v 0.02722139 0.98683733 0.21772042
v 0.02174583 1.00576067 0.21686161
v 0.02004855 1.00184464 0.22053182
v 0.01869489 0.99800038 0.23327029
v 0.01988492 1.00261676 0.23044449
v 0.01722809 1.00499368 0.23726149
v 0.01609388 0.99935436 0.23822032
v 0.02051064 0.99507606 0.22355285
v 0.02111907 0.99890429 0.22568810
v 0.01908965 0.99548829 0.22920969
v 0.01733383 0.99252665 0.22662058
v 0.01761417 1.00738478 0.22532216
v 0.01549453 1.01085639 0.23228267
v 0.01194033 1.01377285 0.23952790
v 0.01321816 1.00626421 0.24473017
v 0.04304120 0.97772634 0.21156353
v 0.03799647 0.98552120 0.21431175
v 0.03319513 0.98031741 0.21675882
v 0.03803616 0.97411209 0.21477102
v 0.01820199 0.98842800 0.22358739
v 0.02272223 0.97181189 0.22715503
v 0.02290338 0.97607493 0.22658882
v 0.01717570 0.97773778 0.23104478
v 0.01766996 0.97372496 0.23134354
v 0.04774180 0.96127486 0.20522749
v 0.04280355 0.96082067 0.21105704
v 0.04296523 0.95295739 0.20956822
v 0.04754542 0.95179939 0.20329791
v 0.04066551 0.94639266 0.21012691
v 0.04577468 0.94236982 0.20190755
v 0.03554505 0.92705381 0.20575406
v 0.04092679 0.93378848 0.20380184
v 0.03649293 0.94035584 0.21226847
v 0.03096574 0.93548918 0.21682814
v 0.01958088 0.94211406 0.22584626
v 0.01395499 0.94138932 0.22963852
v 0.01844157 0.92833948 0.22917472
v 0.02446219 0.93101394 0.22387981
v 0.02169313 0.96470463 0.22377430
v 0.02550856 0.96420592 0.22070530
v 0.02615482 0.96620458 0.22274025
v 0.02216941 0.96798754 0.22614098
v 0.02925033 0.96361828 0.21865879
v 0.03092960 0.96328413 0.21784630
v 0.03086017 0.96484256 0.21889095
v 0.02927235 0.96443331 0.21914108
v 0.02722447 0.96411526 0.21992846
v 0.02601831 0.96219528 0.22056307
v 0.02829075 0.96287489 0.21928941
v 0.02231025 0.96159959 0.22359392
v 0.01094029 0.96126842 0.23356366
v 0.01456083 0.96136332 0.23166405
v 0.01274947 0.96592200 0.22989622
v 0.00985137 0.96608144 0.23138183
v 0.02929276 0.96702242 0.22038692
v 0.03189561 0.96869326 0.21946910
v 0.02833615 0.97223020 0.22264647
v 0.02692450 0.96918994 0.22270308
v 0.03454879 0.97077632 0.21822596
v 0.03317709 0.96605480 0.21780683
v 0.03623299 0.96698523 0.21648616
v 0.03023935 0.96146858 0.21809116
v 0.03291731 0.95958734 0.21661659
v 0.03381425 0.96254557 0.21729313
v 0.03072896 0.95616686 0.21769586
v 0.02758432 0.95957512 0.21952596
v 0.02399687 0.95790267 0.22281268
v 0.01977797 0.95681000 0.22707266
v 0.02184239 0.95129704 0.22465476
v 0.02690004 0.95340383 0.22072466
v 0.02994905 0.97625178 0.22040950
v 0.03784927 0.96168387 0.21484438
v 0.04082357 0.96836722 0.21256152
v 0.03755744 0.95648748 0.21445037
v 0.03534164 0.95161319 0.21512793
v 0.03092674 0.94737065 0.21747193
v 0.02534095 0.94429588 0.22154084
v 0.01906478 0.91700208 0.21854867
v 0.02683966 0.92117798 0.21333830
v 0.03604880 1.04758561 0.20814267
v 0.04460800 1.04629803 0.20454329
v 0.04463189 1.03791714 0.20133740
v 0.04653237 1.04005027 0.20070925
v 0.04145234 1.04219937 0.20411977
v 0.04070961 1.03948998 0.20375809
v 0.05686879 1.02797771 0.18554164
v 0.05233406 1.03048217 0.19034936
v 0.05259440 1.02657175 0.18955469
v 0.05831930 1.02132976 0.18577918
v 0.04597734 1.01994896 0.19870514
v 0.04998871 1.02083695 0.19477215
v 0.04645555 1.02784336 0.19704220
v 0.04351215 1.02731907 0.19988096
v 0.03985475 1.02717412 0.20216554
v 0.03571421 1.02759516 0.20376824
v 0.03619631 1.02201450 0.20417315
v 0.04112511 1.02070475 0.20205796
v 0.03495720 1.04367816 0.20566955
v 0.02777649 1.04304838 0.20614150
v 0.02906714 1.03991294 0.20557973
v 0.03519459 1.04052150 0.20555875
v 0.01857789 1.03243458 0.20282610
v 0.01979724 1.03519309 0.20310441
v 0.01631824 1.03665507 0.20457876
v 0.01556427 1.03202701 0.20478003
v 0.01799902 1.02908325 0.20529103
v 0.01999753 1.03091764 0.20355269
v 0.03509792 1.09878802 0.18873285
v 0.03110724 1.08390188 0.19969822
v 0.04875792 1.09077334 0.17710827
v 0.05905024 1.07842290 0.16808368
v 0.06588024 1.06334019 0.15968601
v 0.05413029 0.96479666 0.19637771
v 0.05477287 0.95442355 0.19160944
v 0.06135473 0.95996225 0.17730634
v 0.05906555 0.94766659 0.17462960
v 0.05240512 0.94206142 0.18999356
v 0.03692668 0.92189837 0.19244482
v 0.04642055 0.93048579 0.19041169
v 0.05331448 0.93497026 0.17163663
v 0.06016609 0.94562894 0.15312584
v 0.06384870 0.95588470 0.15962756
v 0.06259862 0.95945507 0.13754849
v 0.05476519 0.93487751 0.14293543
v 0.05912448 0.95695257 0.12899114
v 0.03634373 0.89775848 0.15243421
v 0.03718850 0.88538742 0.14886168
v 0.05017301 0.89206004 0.13438803
v 0.04921225 0.90356898 0.13765153
v 0.06531081 0.96630669 0.16577114
v 0.06797098 1.03176248 0.16178574
v 0.06469108 1.03350043 0.17287004
v 0.06953865 1.01846611 0.15989700
v 0.06536717 1.08683646 0.13418850
v 0.06223950 1.08466721 0.15161461
v 0.06893761 1.06865203 0.14628331
v 0.07147194 1.07305050 0.13027361
v 0.03825554 1.12225246 0.14122269
v 0.03894567 1.11307907 0.16647765
v 0.05112749 1.10191154 0.15995850
v 0.05170898 1.10790956 0.13839638
v 0.07182734 1.07232988 0.11705242
v 0.07174426 1.07066154 0.09829281
v 0.06691240 1.08658338 0.09066058
v 0.06635087 1.08898759 0.11334370
v 0.05426590 1.10533667 0.08188105
v 0.05360397 1.11038756 0.10988408
v 0.05639407 0.94095767 0.12057918
v 0.05719711 0.96021211 0.11521673
v 0.04860489 0.91828835 0.14196406
v 0.05532132 0.92388672 0.12326296
v 0.03529805 1.12086987 0.07588011
v 0.03553230 1.12672997 0.10959344
v 0.05807565 1.04053700 0.05231158
v 0.06119576 1.06014776 0.05902298
v 0.06814000 1.04947042 0.07557994
v 0.06511727 1.03319204 0.06769143
v 0.04697972 1.04740942 0.03679376
v 0.05008180 1.07052064 0.04398634
v 0.04785757 0.98361099 0.06016419
v 0.04178915 0.96731353 0.06937292
v 0.03298822 0.96697211 0.05687137
v 0.03650371 0.98341417 0.04578063
v 0.05437009 1.04800057 0.19423433
v 0.05060130 1.04292166 0.19936982
v 0.05407394 1.03896260 0.19391517
v 0.05808043 1.04172027 0.18753661
v 0.06142614 1.04372597 0.17782925
v 0.06507079 1.04549026 0.16617224
v 0.07097577 1.05435312 0.14084999
v 0.07315448 1.06042838 0.12646973
v 0.07428597 1.05770338 0.10183650
v 0.07457665 1.05979705 0.11606634
v 0.07090679 1.03796661 0.08449680
v 0.06817774 1.02745593 0.07976013
v 0.05614611 0.96917588 0.09733748
v 0.05346313 0.94648707 0.10207698
v 0.04670027 0.94950652 0.08741514
v 0.04870607 0.96909750 0.08254252
v 0.02894179 0.95169294 0.06624529
v 0.03805507 0.95111048 0.07617755
v 0.05161382 0.91451788 0.10498295
v 0.05134243 0.90261662 0.10163344
v 0.04579725 0.90846616 0.08549012
v 0.04496412 0.91834998 0.08957882
v 0.03821152 0.91053247 0.07213549
v 0.02731709 0.91244531 0.06299879
v 0.02779697 0.92218256 0.06615911
v 0.03663514 0.92167002 0.07614248
v 0.01172721 0.87656260 0.16771583
v 0.01132364 0.86610341 0.16218500
v 0.02459614 0.86970186 0.15494102
v 0.02327718 0.88024902 0.15930912
v 0.05265465 0.89444232 0.09600591
v 0.04832648 0.90230536 0.08010113
v 0.05575367 0.98448324 0.07563077
v 0.05915393 0.98731196 0.08699837
v 0.04067774 0.90363973 0.06627904
v 0.03748195 0.93406630 0.07811908
v 0.04542672 0.93131590 0.08975749
v 0.01785326 0.95242214 0.05772333
v 0.02114066 0.96698219 0.04656946
v 0.02363580 1.01058626 0.21368182
v 0.02616137 1.02522111 0.20551789
v 0.02677230 1.02916646 0.20470223
v 0.02279679 1.03011763 0.20424230
v 0.02167859 1.02696407 0.20546719
v 0.01523951 1.06705391 0.21371639
v 0.01416948 1.05069375 0.21654624
v 0.02696194 1.05441904 0.21415745
v 0.02802478 1.06766677 0.20976883
v 0.05380331 0.99514377 0.20045213
v 0.04460783 1.00157106 0.20687573
v 0.04211605 0.99255615 0.21104227
v 0.04818401 0.98442996 0.20691065
v 0.04964728 1.03215301 0.19353683
v 0.05143617 1.03430128 0.19330123
v 0.04886600 1.03419709 0.19592485
v 0.04573242 0.97006553 0.20865983
v 0.05179493 0.97447979 0.20192634
v 0.06952830 1.00333309 0.16056305
v 0.06005033 1.03434110 0.18210681
v 0.01660079 1.13320422 0.14513086
v 0.01904727 1.12128580 0.17494178
v 0.01274976 1.13229442 0.07253641
v 0.01392813 1.13657606 0.10963903
v 0.03264680 1.07922363 0.03167000
v 0.02957387 1.05350494 0.02417888
v 0.00796612 1.05678201 0.01627723
v 0.00998694 1.08622789 0.02474794
v 0.02318055 0.98342443 0.03578392
v 0.01602656 0.91147983 0.05698382
v 0.01618861 0.92370135 0.05883484
v 0.01988003 1.10264540 0.19381371
v 0.01705031 1.08374012 0.20553686
v 0.06893281 1.04934907 0.15280649
v 0.06330258 1.00713551 0.18465509
v 0.05872739 1.01490855 0.18904774
v 0.05686959 1.01114225 0.19385678
v 0.06103042 1.00074697 0.19014001
v 0.06581958 0.99777365 0.17655793
v 0.06709102 0.98834503 0.16499166
v 0.06899719 0.97893310 0.15133654
v 0.06568350 0.96675777 0.14412762
v 0.06962612 1.06358457 0.08332650
v 0.06428459 1.07639027 0.07137179
v 0.05232956 1.09119177 0.05884572
v 0.03519642 1.10401082 0.04853070
v 0.07210539 1.05327523 0.08908778
v 0.01170987 1.11420846 0.04232625
v 0.01610896 0.98238337 0.22941700
v 0.02265992 0.98167300 0.22354342
v 0.01415265 0.98687828 0.22874999
v 0.01536919 0.95623982 0.23063426
v 0.01127405 0.95590818 0.23271362
v 0.01159263 0.94982231 0.22972581
v 0.01647980 0.95025796 0.22773401
v 0.01717360 0.91130674 0.20284133
v 0.02624543 0.91571116 0.19740558
v 0.01299082 0.88667262 0.17360376
v 0.02346059 0.89129800 0.16448563
v 0.01419104 0.99664426 0.23238143
v 0.01246974 0.99685395 0.23284990
v 0.01195915 0.99572718 0.23079020
v 0.01412003 0.99568814 0.23015492
v 0.02769761 0.96542573 0.22083914
v 0.01276156 0.97407067 0.23405871
v 0.00959445 0.97389257 0.23497996
v 0.00963558 0.97001684 0.23343909
v 0.01277460 0.97011691 0.23244466
v 0.04168598 0.92112255 0.16924249
v 0.03705801 0.91042835 0.15832402
v 0.05388207 0.89548385 0.12020398
v 0.05461606 0.90850532 0.12257177
v 0.05251970 0.92882293 0.10493360
v 0.02749572 0.93759298 0.06699686
v 0.01740193 0.93671107 0.05897631
v -0.00986597 0.93879879 0.05287996
v -0.00974703 0.95311427 0.04985923
v 0.00493264 0.95270097 0.05158000
v 0.00313838 0.93843317 0.05465773
v 0.02675793 0.90985429 0.18172155
v 0.01643763 0.90557522 0.18861087
v 0.01523995 0.89777160 0.17933580
v 0.02518808 0.90230376 0.17107853
v 0.00897390 0.99362218 0.23447087
v 0.00782671 0.99278826 0.23623636
v 0.00802189 0.99025548 0.23353025
v 0.00971657 0.99235082 0.23245192
v 0.01488608 0.99358106 0.22825775
v 0.01262105 0.99246502 0.22884429
v 0.01310622 0.99039996 0.22878981
v 0.01590013 0.99650711 0.23290500
v 0.01602078 0.99495566 0.23008369
v 0.01148062 0.99757069 0.23810293
v 0.01431129 0.99723738 0.23617814
v 0.01222762 0.99816883 0.24307379
v 0.01024218 0.99450117 0.23268338
v 0.01076955 0.99315643 0.23105739
v 0.01371727 0.99458408 0.22887599
v 0.01205007 0.99420691 0.22943038
v 0.01149635 0.99747276 0.23594119
v 0.01327826 0.99713159 0.23446222
v 0.01063239 1.01976085 0.23315129
v 0.00470083 1.02093267 0.23650563
v 0.00530415 1.01450086 0.24292473
v 0.00622289 1.00671148 0.24870051
v 0.00645309 0.99832404 0.24663617
v 0.00605452 0.89466321 0.18405323
v 0.00348665 0.88408554 0.17874916
v 0.00153619 1.08349514 0.20792136
v 0.00229117 1.06566906 0.21520373
v 0.02848604 0.96400249 0.21913776
v 0.02717117 1.04692018 0.20886067
v 0.05107843 1.00970888 0.20003349
v 0.03062572 1.01119018 0.20955883
v 0.03711455 1.00670099 0.20879576
v 0.03694634 1.01448715 0.20597062
v 0.03091481 1.01745510 0.20704249
v 0.01787257 1.04382586 0.20994185
v 0.00968917 1.04027450 0.21650575
v 0.01278108 1.03814721 0.20955172
v 0.01228848 1.03155947 0.21006438
v 0.01023571 1.03154874 0.21912891
v 0.01421172 1.02414715 0.21515517
v 0.01527018 1.02648497 0.20897880
v 0.04715393 1.03628957 0.19863288
v 0.04953067 1.03763187 0.19701070
v 0.01900143 1.01941264 0.21200098
v 0.02447462 1.01532459 0.21016856
v 0.02514471 1.02027106 0.20726129
v 0.01986867 1.02294707 0.20778978
v 0.04350806 1.01165569 0.20382515
v 0.05561318 1.03430593 0.18880819
v 0.05197890 1.02308547 0.19134644
v 0.06192721 0.99359578 0.09570181
v 0.05976618 0.98154080 0.10285157
v 0.06923050 0.97116232 0.12383858
v 0.06768940 0.96708524 0.12703119
v 0.06098144 0.97034806 0.12277941
v 0.06601351 0.97367442 0.11917945
v 0.07400946 1.02707231 0.10196159
v 0.07299370 1.03496742 0.09832291
v 0.07399329 1.03630996 0.10584472
v 0.07369164 1.02814484 0.10494595
v 0.07361041 1.03202724 0.11161324
v 0.07426833 1.03555393 0.11429442
v 0.07365768 1.02658069 0.11585888
v 0.07350272 1.02680612 0.11213843
v 0.07493740 1.04704595 0.11504189
v 0.07370254 1.04501891 0.12539487
v 0.07350595 1.03220940 0.12263983
v 0.07018162 1.03009951 0.14663658
v 0.07022700 1.01799321 0.13430707
v 0.07149131 1.02664661 0.12912539
v 0.07179318 1.03946388 0.13572793
v 0.06790294 0.97341597 0.13112895
v 0.06707785 0.98204684 0.13467704
v 0.05892513 0.97423619 0.11380849
v -0.01665366 1.05832791 0.01501136
v -0.01656523 1.08985114 0.02407341
v 0.05496450 1.02011788 0.05102585
v 0.04334142 1.02449930 0.03681703
v 0.06221297 1.01677275 0.06589161
v 0.06623457 1.01494169 0.07909805
v 0.02718872 1.02799690 0.02439225
v 0.00725658 1.02962518 0.01606920
v 0.07089203 1.01270986 0.14746301
v 0.06956324 1.00593936 0.13596785
v 0.05173044 1.00129032 0.05408503
v 0.03967034 1.00345194 0.03963716
v 0.05945637 1.00025558 0.06846038
v 0.06342219 1.00150144 0.08127464
v 0.02455346 1.00432789 0.02809787
v 0.00562589 0.98219287 0.03035587
v 0.00644513 1.00360584 0.02224353
v 0.06951559 0.98345149 0.12217768
v 0.06798466 0.98256797 0.12709479
v 0.06855803 0.97592247 0.12627010
v 0.07160897 0.97778267 0.12413085
v 0.07071120 0.99685341 0.14804988
v 0.06894068 0.99387300 0.13540709
v 0.01073236 1.02556229 0.22709553
v 0.00352800 1.03419304 0.22445862
v 0.00414885 1.02749550 0.23051850
v 0.00314690 1.04137611 0.21964630
v -0.00892235 1.13901520 0.11154118
v -0.00588263 1.13490474 0.14808697
v -0.01533739 1.11756897 0.04270310
v -0.01226639 1.13472462 0.07350749
v 0.00926856 0.94155943 0.23211591
v 0.01169489 0.92740297 0.23277068
v 0.01152953 0.98281854 0.23279765
v 0.00851413 0.98211861 0.23369344
v 0.00919794 0.97782016 0.23468418
v 0.01239261 0.97832638 0.23382382
v 0.02107350 1.04041064 0.20525491
v 0.00543287 0.96658224 0.04111511
v 0.00239628 0.92441261 0.05512211
v 0.00229341 0.91159403 0.05384143
v 0.02914091 0.90370834 0.05687229
v 0.01591041 0.90290415 0.05144865
v 0.00797553 0.98622906 0.23312759
v 0.01059671 0.98680317 0.23190293
v 0.01045994 0.99674249 0.23466042
v 0.01725157 0.96973288 0.23013282
v 0.01028915 0.98988783 0.23139864
v 0.01089595 0.99201804 0.23083389
v 0.00610474 0.98970509 0.23436098
v 0.00637478 0.98586786 0.23335305
v 0.03107824 1.02360392 0.20531690
v 0.03127909 1.02833223 0.20463400
v 0.00905282 0.99474132 0.23972255
v 0.00936324 0.99560738 0.23698546
v 0.00585601 0.99410343 0.24050882
v 0.03904209 0.87434399 0.14481112
v 0.05105806 0.88093257 0.13036881
v 0.00737439 0.97376513 0.23518509
v 0.00740083 0.96978772 0.23386197
v -0.00331255 1.12248397 0.17742483
v -0.01337622 0.98083663 0.03025094
v -0.01457308 1.00184739 0.02113338
v 0.07034124 1.01033854 0.12665960
v 0.07145938 1.00565219 0.12115906
v 0.07253112 1.01297104 0.11854271
v 0.07184713 1.01803017 0.12403058
v 0.00179005 0.87417531 0.17274769
v 0.05402686 0.88689661 0.11316199
v 0.00188512 0.90213066 0.04800864
v 0.04934831 1.03031337 0.19319959
v 0.04820127 1.02883768 0.19448626
v 0.02360877 1.03803992 0.20430055
v -0.01660592 1.02939820 0.01456961
v 0.01857414 0.96140754 0.22818084
v 0.01691255 0.96550417 0.22737168
v -0.01094893 0.92525369 0.05404787
v 0.00796935 0.90311927 0.19258934
v 0.00647310 0.99237156 0.23716742
v -0.01137846 0.96652389 0.04064387
v 0.07470790 1.01912820 0.11011909
v 0.07633901 1.01758182 0.11320629
v 0.07564490 1.01413226 0.11321545
v 0.07429389 1.01472354 0.11199585
v 0.07751700 1.02143073 0.11762905
v 0.07842100 1.01753664 0.11552471
v 0.07983266 1.02076817 0.11403961
v 0.07854222 1.02503490 0.11507368
v 0.07335909 1.02354932 0.12025513
v 0.07562701 1.01743269 0.11884905
v 0.08065744 1.02280366 0.11177905
v 0.08058370 1.02599943 0.11278757
v 0.07792859 1.02766073 0.11168872
v 0.07389779 1.02804625 0.10839106
v 0.08271416 1.02664065 0.10899900
v 0.07899579 1.02904296 0.10722499
v 0.08476536 1.02534842 0.10345264
v 0.07995120 1.02800882 0.10147221
v 0.08556069 1.02209902 0.09774023
v 0.07982177 1.02384055 0.09578359
v 0.06869727 0.98998040 0.12691739
v 0.06850266 0.98965979 0.11977818
v 0.08586281 1.01666391 0.09434956
v 0.07915371 1.01718950 0.09307079
v 0.08552819 1.00925279 0.09273594
v 0.07916654 1.00951934 0.09196839
v 0.08416576 1.00205231 0.09394518
v 0.07881295 1.00171137 0.09281854
v 0.08317709 0.99452323 0.09651634
v 0.07807231 0.99332404 0.09599031
v 0.08151986 0.98753953 0.10105707
v 0.07591437 0.98380482 0.10050707
v 0.08149847 1.02345109 0.10304303
v 0.08227301 1.02012706 0.09908369
v 0.07201573 1.02319980 0.10037613
v 0.08084647 1.02441335 0.10793506
v 0.07383531 1.00848031 0.10724472
v 0.07135905 1.01172066 0.10585917
v 0.07181576 1.00992584 0.10629883
v 0.07089454 1.00832033 0.10413750
v 0.07014865 0.99785900 0.12107750
v 0.07038131 0.99741304 0.11725721
v 0.07126553 1.00301790 0.11734278
v 0.06893185 0.99302638 0.11694455
v 0.06772029 0.99438894 0.11584999
v 0.06752936 0.99814343 0.11606869
v 0.06754011 1.00299454 0.11564010
v 0.06801806 0.99265575 0.11368692
v 0.06970986 0.99077934 0.11425038
v 0.06673910 0.99404287 0.11332351
v 0.06650349 0.99500018 0.11454073
v 0.06558552 0.99744523 0.11356051
v 0.06665359 1.00103390 0.11107707
v 0.06982448 1.00072730 0.12745616
v 0.06781583 0.99708027 0.10171736
v 0.06572448 0.98769647 0.10612742
v 0.07910611 0.98227799 0.10711263
v 0.07537188 0.97599423 0.10752159
v 0.07510649 0.97377181 0.12130727
v 0.07621931 0.97143519 0.11506163
v 0.07071859 1.01769567 0.09852478
v 0.07075283 1.01107490 0.09728986
v 0.06549232 0.98067391 0.11334003
v 0.06993055 1.00431859 0.09803998
v 0.07972752 0.99169785 0.10232317
v 0.07669508 0.98834634 0.10635924
v 0.08170294 0.99655992 0.09865589
v 0.07147523 0.98731196 0.11590195
v 0.07378300 0.98118818 0.11819649
v 0.07681096 0.98030967 0.11294372
v 0.07356700 0.98669934 0.11079496
v 0.07833744 0.99485320 0.10436389
v 0.07457934 0.99217856 0.10677657
v 0.07493490 0.99764240 0.10485841
v 0.07117344 0.99539912 0.10691186
v 0.06886186 0.99326921 0.11026311
v 0.07092888 0.99077773 0.11022922
v 0.06694914 0.99809730 0.10680673
v 0.07110823 1.00125647 0.10515354
v 0.06639436 0.99522752 0.11066727
v 0.07808131 1.00067651 0.10394491
v 0.07991394 1.00480926 0.10235232
v 0.07790656 1.00744581 0.10578374
v 0.07486894 1.00415373 0.10526970
v 0.08204447 1.00269055 0.09614238
v 0.08216456 1.00329518 0.09956148
v 0.08068416 0.99863929 0.10152595
v 0.08246054 1.00928676 0.09848210
v 0.08224636 1.00973833 0.09538293
v 0.08081294 1.00941646 0.10104173
v 0.07952375 1.01048255 0.10356544
v 0.08191226 1.01837742 0.10116583
v 0.08231278 1.01440227 0.09916288
v 0.08265246 1.01593113 0.09627257
v 0.08138562 1.01324785 0.10169236
v 0.08063880 1.01636934 0.10300910
v 0.07947059 1.01445019 0.10416510
v 0.07999989 1.01292992 0.10267667
v 0.07873812 1.02244055 0.11064135
v 0.07754298 1.02085769 0.11252360
v 0.07961097 1.02234411 0.10766314
v 0.07746968 1.02343178 0.10833725
v 0.07807013 1.02025163 0.10768467
v 0.07611059 1.02244532 0.10895766
v 0.07713777 1.01822090 0.10851829
v 0.07551844 1.01470602 0.10948640
v 0.01372200 0.84322965 0.15269086
v 0.01208122 0.85504502 0.15717898
v -0.00055327 0.85189039 0.16070001
v -0.00039544 0.84081697 0.15522636
v 0.07845487 1.01597214 0.10661921
v 0.07948190 1.01831079 0.10522823
v 0.08080639 1.02099442 0.10398721
v 0.07624932 1.01115429 0.10743995
v 0.07769708 1.01034594 0.10648551
v 0.07849710 1.01207924 0.10559587
v 0.07709980 1.01344204 0.10745889
v 0.07165213 1.00755739 0.11648776
v 0.06979052 1.00568879 0.11326861
v 0.07003776 1.00327325 0.10920648
v 0.05365240 0.83528125 0.13145618
v 0.06937478 0.84657454 0.11936241
v 0.06223590 0.85450399 0.11824171
v 0.04839936 0.84513730 0.13119164
v 0.06500094 0.80943537 0.14522153
v 0.06524882 0.78949916 0.15334071
v 0.08783859 0.79478002 0.14545342
v 0.09118225 0.81938106 0.12824096
v 0.08436923 0.77400237 0.15690833
v 0.06312440 0.77000880 0.16092125
v 0.07243270 0.71755886 0.17885365
v 0.07638883 0.73522818 0.17285569
v 0.05733957 0.73368156 0.17471363
v 0.05424936 0.71631289 0.18057148
v 0.08645526 0.63936287 0.18775028
v 0.07429167 0.64033866 0.19087835
v 0.06647962 0.62536317 0.18697403
v 0.07990440 0.62314624 0.18198144
v 0.15320480 0.74054575 0.14461300
v 0.16265550 0.73002416 0.13856204
v 0.16714144 0.74691659 0.13385250
v 0.15691322 0.75842941 0.13806841
v 0.10638320 0.86404389 0.08627757
v 0.09440423 0.87005424 0.08519024
v 0.08942502 0.85217834 0.10464558
v 0.10183304 0.84460986 0.10741059
v 0.13729350 0.65915763 0.14495574
v 0.13250712 0.66589653 0.15690406
v 0.12550658 0.65358937 0.16106184
v 0.12952273 0.64639521 0.15124513
v 0.10960145 0.55873299 0.13700894
v 0.09267142 0.55454206 0.15202224
v 0.09181160 0.53157687 0.14513962
v 0.10943469 0.53647822 0.12939803
v 0.15325201 0.59807020 0.07092678
v 0.15048221 0.57881439 0.06744137
v 0.15235817 0.58569932 0.03853149
v 0.15539718 0.60279381 0.04121362
v 0.10592416 0.71809661 0.17211252
v 0.11103386 0.73555994 0.16504452
v 0.09447028 0.73581916 0.16961731
v 0.08983414 0.71841502 0.17597480
v 0.29603189 0.65835029 0.09026667
v 0.27795619 0.67616951 0.09316856
v 0.26761663 0.66373801 0.09009678
v 0.28574419 0.64658761 0.08631988
v 0.14554879 0.48505372 0.04462416
v 0.14799279 0.46704960 0.04112210
v 0.15119936 0.47965378 0.01486083
v 0.14715177 0.49681669 0.01988586
v 0.21738224 0.77864081 0.11131924
v 0.22713453 0.79601061 0.09679362
v 0.21625854 0.80953395 0.09835695
v 0.20775147 0.79189879 0.11447274
v 0.15149449 0.70458299 0.14631501
v 0.15700604 0.71657127 0.14301412
v 0.14870054 0.72523010 0.15016647
v 0.14374991 0.71102679 0.15472107
v 0.16135392 0.63675976 0.04189014
v 0.16390385 0.65402204 0.04116726
v 0.16174278 0.65190184 0.06239989
v 0.15968585 0.63391328 0.06621708
v 0.15695810 0.61596048 0.06891312
v 0.15861742 0.61960942 0.04202073
v 0.13319927 0.71451670 0.16149645
v 0.13837676 0.73151159 0.15517008
v 0.12587382 0.73413074 0.16011341
v 0.12038644 0.71675158 0.16735375
v 0.05843070 0.61112499 0.18197717
v 0.07474722 0.60871875 0.17590734
v 0.13746256 0.45366973 0.06506146
v 0.13681749 0.47264168 0.06854784
v 0.12232266 0.46055219 0.08870278
v 0.12149192 0.44092745 0.08467001
v 0.07448446 0.57417381 0.16757971
v 0.09187058 0.57588601 0.15708198
v 0.08914020 0.59460962 0.16241646
v 0.07311599 0.59368777 0.17101313
v 0.10200198 0.43021417 0.10110466
v 0.10342823 0.45023677 0.10537451
v 0.08276660 0.44217867 0.12024717
v 0.08165690 0.42025062 0.11588339
v 0.08035411 0.75399017 0.16544239
v 0.06032548 0.75163221 0.16805902
v 0.10645216 0.64168572 0.17603357
v 0.09735284 0.63999826 0.18282312
v 0.09199584 0.62383860 0.17650488
v 0.10257172 0.62624586 0.17038743
v 0.16567965 0.70613313 0.11082655
v 0.17213832 0.71436083 0.10544713
v 0.17583807 0.73081303 0.12292169
v 0.16788001 0.71748799 0.12741847
v 0.15402737 0.46228015 0.01046845
v 0.14934389 0.44951540 0.03722177
v 0.10123174 0.41122091 0.09504798
v 0.08153771 0.40040398 0.10942934
v 0.18531173 0.71255976 0.03619378
v 0.18422778 0.71300787 0.04961874
v 0.17864314 0.70757031 0.04920530
v 0.18130878 0.70754474 0.03589110
v 0.03504961 0.64061648 0.19183457
v 0.04372619 0.62149274 0.18724898
v 0.05606559 0.63367820 0.19120821
v 0.05074496 0.64930850 0.19439875
v 0.10119864 0.61196059 0.16122329
v 0.08907524 0.60945153 0.16859810
v 0.10329755 0.59789437 0.15281640
v 0.01877771 0.63201272 0.18656707
v 0.02951286 0.60481811 0.18162054
v 0.03969540 0.74867892 0.17013328
v 0.03750511 0.73141468 0.17579411
v 0.04154238 0.76616251 0.16456170
v 0.04205978 0.78399730 0.15887915
v 0.02080133 0.77999377 0.16258556
v 0.02042507 0.76258469 0.16717455
v 0.04146634 0.80170941 0.15387115
v 0.01995299 0.79690748 0.15829524
v 0.03455668 0.82699060 0.14092833
v 0.03124758 0.83771443 0.14083821
v 0.16149054 0.70659310 0.13113514
v 0.15579979 0.69636726 0.13382588
v 0.12073769 0.42258739 0.07930055
v 0.11069879 0.80977464 -0.02085203
v 0.12908909 0.80982852 -0.01323360
v 0.12504254 0.79439342 -0.02140240
v 0.10713159 0.79355192 -0.02904427
v 0.11840542 0.84193438 0.10834029
v 0.11896133 0.86161113 0.08684535
v 0.17301767 0.73312896 -0.00600567
v 0.17305745 0.72459054 -0.00367647
v 0.16624187 0.72156334 -0.00800949
v 0.16561899 0.73174900 -0.01071687
v 0.18727621 0.71665835 0.01416755
v 0.18843009 0.72061324 0.00803417
v 0.19714971 0.71583593 0.00480273
v 0.19570795 0.71060765 0.01100950
v 0.14774834 0.49106658 -0.00982060
v 0.14264455 0.50780058 -0.00475991
v 0.13166347 0.63171625 -0.02507222
v 0.13842754 0.64837205 -0.01853000
v 0.14907160 0.63679999 -0.00188707
v 0.14427397 0.61983520 -0.00669657
v 0.00791862 0.79087901 -0.02851748
v 0.02708563 0.79481351 -0.03228350
v 0.02657062 0.77987814 -0.03858228
v 0.00775662 0.77663499 -0.03433447
v 0.07092033 0.81943220 -0.02457441
v 0.04813094 0.81423038 -0.02738073
v 0.04852306 0.82777250 -0.02007784
v 0.07246662 0.83388186 -0.01604639
v 0.09024320 0.80767351 -0.02773979
v 0.08783662 0.79102457 -0.03597888
v 0.15932670 0.64389390 0.02083988
v 0.16259503 0.65962100 0.02203343
v 0.16851778 0.68120509 0.02231215
v 0.17105764 0.68863040 0.02272912
v 0.17083088 0.68526721 0.03834350
v 0.16864520 0.67753100 0.03866621
v 0.08338161 0.87614882 0.08426856
v 0.09404210 0.88189286 0.06332204
v 0.08090886 0.88682324 0.06249072
v 0.04298997 0.87112093 0.01474056
v 0.05435583 0.87448204 0.02038599
v 0.05880855 0.87002826 0.01423009
v 0.04340807 0.86588961 0.00875382
v 0.03486914 0.70754123 -0.05880380
v 0.03888241 0.68499565 -0.06128913
v 0.01513423 0.68589681 -0.05837497
v 0.01285530 0.70778078 -0.05506483
v 0.17219481 0.69940823 0.01118718
v 0.16954516 0.70544451 0.00245109
v 0.17402487 0.71024060 0.00461024
v 0.17560852 0.70405102 0.01186201
v 0.16623661 0.70016783 0.00030388
v 0.16920669 0.69370723 0.01024985
v 0.16604987 0.68654901 0.00892252
v 0.16227666 0.69373852 -0.00228144
v 0.14538169 0.66359073 -0.01247412
v 0.15292294 0.67666936 -0.00743496
v 0.15921327 0.66764742 0.00609326
v 0.15415761 0.65312761 0.00288339
v 0.01632525 0.61374253 -0.06311177
v 0.01622909 0.63871753 -0.06160250
v 0.03836875 0.63696420 -0.06461531
v 0.03725965 0.61234868 -0.06639339
v 0.18971959 0.71257496 0.07172982
v 0.19781566 0.70306665 0.06716594
v 0.19720787 0.70665509 0.08337796
v 0.19034353 0.71463418 0.08685739
v 0.21209118 0.72999144 -0.00387950
v 0.21477863 0.73603493 -0.00409684
v 0.22526036 0.73219639 -0.00435588
v 0.22216919 0.72693896 -0.00485818
v 0.20987719 0.68573821 0.04721168
v 0.22185133 0.67072469 0.04183533
v 0.22072464 0.67455959 0.05884250
v 0.20745359 0.68986756 0.06291935
v 0.13008282 0.86638862 0.05983581
v 0.11867289 0.87210786 0.06134083
v 0.13193095 0.86019486 0.08791475
v 0.20141549 0.69627851 0.02617607
v 0.20231313 0.69899261 0.01480481
v 0.21302816 0.68872070 0.00825602
v 0.21121661 0.68440872 0.01962218
v 0.30737090 0.67143422 0.08610092
v 0.28923821 0.68929344 0.08816579
v 0.23859887 0.65571046 0.02268375
v 0.22275195 0.66894037 0.02687335
v 0.22463875 0.67115581 0.01353294
v 0.24278747 0.65906346 0.00937219
v 0.13954768 0.60333258 -0.01093370
v 0.12530249 0.61477810 -0.02953984
v 0.12215339 0.50732541 -0.05024737
v 0.11668123 0.52553785 -0.04446565
v 0.13142918 0.51782119 -0.02661273
v 0.13724904 0.50062418 -0.03211564
v 0.15087345 0.47383624 -0.01581898
v 0.12659532 0.48784336 -0.05614533
v 0.14140671 0.48224667 -0.03810152
v 0.06035422 0.89320642 0.06871651
v 0.06979447 0.89050251 0.06464439
v 0.05792614 0.89081466 0.04709162
v 0.05034416 0.89496332 0.05292958
v 0.16390935 0.36534929 -0.04496507
v 0.16622250 0.35919255 -0.01600347
v 0.17061259 0.33440885 -0.02362823
v 0.16532265 0.33918756 -0.05329978
v 0.02398355 0.88218677 0.02783076
v 0.01977067 0.88928741 0.03628955
v 0.03579975 0.89248061 0.04274927
v 0.04183581 0.88651490 0.03553913
v 0.16158751 0.38939920 -0.03747045
v 0.16267218 0.38083407 -0.00963193
v 0.06395943 0.88393044 0.08736527
v 0.07328580 0.88039386 0.08488029
v 0.06221499 0.87180042 0.10403934
v 0.07060566 0.86637115 0.10235275
v 0.05560089 0.86258519 0.12054047
v 0.16337550 0.34925753 0.00993783
v 0.17004515 0.32691368 0.00455588
v 0.04445381 0.89913368 0.05966115
v 0.03167135 0.89741021 0.04960484
v 0.01728809 0.89539325 0.04360631
v 0.00216176 0.89448130 0.04063766
v -0.01353687 0.89372420 0.03920900
v -0.01293689 0.90115309 0.04657239
v 0.15333247 0.44521078 0.00669778
v 0.15212515 0.45542786 -0.02002111
v 0.12492216 0.24109697 -0.13022831
v 0.13023090 0.22170320 -0.11835329
v 0.09888943 0.21716225 -0.12842309
v 0.09815982 0.23626882 -0.14065865
v 0.03124308 0.23986471 -0.14263490
v 0.06672221 0.23458898 -0.14468262
v 0.06477192 0.21739665 -0.13049948
v 0.02897920 0.22292748 -0.12583545
v 0.03872016 0.37411827 -0.15757036
v 0.03820084 0.39626294 -0.14661428
v 0.06609143 0.39681002 -0.14302853
v 0.06696162 0.37473822 -0.15442476
v 0.14281854 0.46398318 -0.04312810
v 0.12890691 0.46901014 -0.06156234
v 0.14693029 0.43373924 0.03238288
v 0.20044269 0.21245986 0.01267054
v 0.20920335 0.18246910 0.00933469
v 0.20556875 0.18696222 -0.02972189
v 0.20001408 0.21809366 -0.02770361
v 0.16784829 0.18335584 -0.09030890
v 0.13659945 0.17720079 -0.10597301
v 0.13254106 0.20156685 -0.11059394
v 0.16321823 0.21059552 -0.09307685
v 0.06198717 0.39055181 0.12312073
v 0.06017838 0.37274361 0.11225884
v 0.07999050 0.38351488 0.10055628
v -0.00043761 0.37162310 0.13724163
v -0.00149264 0.35393795 0.12361577
v 0.01901227 0.35780585 0.12436087
v 0.02161928 0.37544411 0.13804816
v 0.00790563 0.26247352 0.08794837
v 0.01195272 0.28451774 0.09022288
v -0.00443719 0.28223890 0.09010364
v -0.00546423 0.26166502 0.08855739
v 0.15456621 0.33785737 0.03505884
v 0.14731048 0.35631430 0.03709804
v 0.12819909 0.34348962 0.05529914
v 0.13446669 0.32530156 0.05560257
v 0.06131456 0.20209265 -0.11550988
v 0.02825351 0.20915982 -0.10668942
v 0.18761832 0.20675960 0.04894443
v 0.19926018 0.17613435 0.04626743
v 0.17432004 0.16676262 0.07363468
v 0.16385081 0.19873059 0.07405154
v 0.13290417 0.18838504 0.08408202
v 0.14193442 0.15950313 0.08371208
v 0.00689552 0.17759138 0.05369781
v 0.01578457 0.17719316 0.04728420
v 0.02911550 0.19311482 0.07110344
v 0.01715238 0.19986135 0.07672779
v 0.03378505 0.28133619 -0.16380715
v 0.06486167 0.27855793 -0.16411665
v 0.06561349 0.25552911 -0.15647885
v 0.03223608 0.26064679 -0.15576544
v 0.11147203 0.47124538 -0.07599711
v 0.10815870 0.49088836 -0.06962413
v 0.08811139 0.49288425 -0.07898836
v 0.08426704 0.51459533 -0.07186835
v 0.10441170 0.51133603 -0.06322622
v 0.08576576 0.64141220 -0.05261357
v 0.09360418 0.65999126 -0.05035383
v 0.11447734 0.64434540 -0.03955594
v 0.10703940 0.62764150 -0.04283482
v 0.04767059 0.79984337 -0.03446645
v 0.04682932 0.78435469 -0.04127160
v 0.09932636 0.17600316 -0.11018130
v 0.11145601 0.14732793 -0.10642692
v 0.07704730 0.14426455 -0.09761477
v 0.05484772 0.17862150 -0.09866132
v 0.17323554 0.15470818 -0.08818188
v 0.19205849 0.18868300 -0.06473981
v 0.19571614 0.15771729 -0.06515032
v 0.21693265 0.15141699 0.00868236
v 0.21151952 0.15643564 -0.03069645
v 0.18227343 0.13446259 0.07342172
v 0.15008192 0.12846977 0.08190150
v 0.05710761 0.14350775 0.03997298
v 0.06527691 0.11994624 0.03335880
v 0.08857435 0.12094924 0.05533190
v 0.08049361 0.14706302 0.06046200
v 0.05118608 0.26248458 0.08644329
v 0.06753780 0.24575540 0.08526371
v 0.09195801 0.27144438 0.07911389
v 0.08365630 0.29025459 0.07899619
v 0.02275092 0.39737797 0.14883927
v 0.00418195 0.39287746 0.14876488
v 0.06206250 0.41162625 0.13087530
v 0.04216432 0.40361947 0.14305845
v 0.04169163 0.38148776 0.13324934
v 0.02543878 0.49583653 0.17477237
v 0.02317791 0.47099268 0.16855747
v 0.04627608 0.47483054 0.16096359
v 0.04929631 0.49898779 0.16704445
v 0.05201730 0.52456510 0.17240380
v 0.02758593 0.52215976 0.17916529
v 0.02921777 0.57593918 0.17945646
v 0.05332543 0.57449049 0.17527990
v 0.05319766 0.59557593 0.17802761
v 0.01890492 0.74523240 0.17180160
v 0.01730391 0.72831869 0.17583671
v 0.16245191 0.31641731 0.03268567
v 0.03080312 0.16380709 -0.07038152
v 0.04980939 0.13626122 -0.07537857
v 0.03905893 0.12867263 -0.04622748
v 0.02721966 0.15310884 -0.03968887
v 0.15843213 0.36864513 0.01509989
v 0.13735521 0.43579212 0.06053521
v 0.13451412 0.42039922 0.05420466
v 0.14168337 0.59748256 0.10557496
v 0.14114724 0.57327068 0.09667183
v 0.06517958 0.64292300 0.19253604
v 0.06459160 0.65458363 0.19340175
v 0.18704940 0.21829149 -0.06525251
v 0.18800053 0.10336587 0.07126515
v 0.15679121 0.09699669 0.07752976
v 0.16116966 0.06643128 0.07346071
v 0.19192377 0.07386470 0.06791351
v 0.06156179 0.09377983 0.00300568
v 0.07532076 0.06621480 -0.00270008
v 0.08689946 0.06628346 0.02120978
v 0.07535855 0.09348959 0.02714458
v 0.08936754 0.03820789 -0.00623722
v 0.10066323 0.00980753 -0.00929302
v 0.10752953 0.00671399 0.01366799
v 0.09872056 0.03575468 0.01780660
v 0.20760503 0.14223856 0.04569609
v 0.22753738 0.08789486 0.01271722
v 0.22312222 0.11841139 0.01064346
v 0.21259536 0.11087498 0.04559840
v 0.21676324 0.08078241 0.04495468
v 0.14327675 0.15056905 -0.10271618
v 0.04069908 0.14226726 0.01754533
v 0.04999555 0.12027690 0.01019630
v 0.07546907 0.07010138 -0.05189696
v 0.05685913 0.09930783 -0.05019888
v 0.06975038 0.10494134 -0.07703102
v 0.08859546 0.07494420 -0.07634348
v 0.18966940 0.09802476 -0.07896492
v 0.18102284 0.12646684 -0.08359566
v 0.20282567 0.12858427 -0.05949776
v 0.21004823 0.09841919 -0.05472770
v 0.21752782 0.12561515 -0.02636467
v 0.22261623 0.09479281 -0.02280754
v 0.23414882 0.02820045 0.01590719
v 0.23106730 0.05783999 0.01430777
v 0.21949816 0.05060488 0.04474426
v 0.22095828 0.02025574 0.04396201
v 0.23128526 0.03526235 -0.01701790
v 0.22683044 0.06496274 -0.01953363
v 0.22213392 0.04161668 -0.04605672
v 0.21587069 0.07032609 -0.05002809
v 0.20474966 0.04267484 -0.06706911
v 0.19742231 0.07064134 -0.07307230
v 0.18422888 0.04043043 -0.08127387
v 0.17484048 0.06679827 -0.08786412
v 0.15020999 0.06102198 -0.09350657
v 0.16218694 0.03514570 -0.08742899
v 0.14072041 0.02935433 -0.08299628
v 0.12621784 0.05460447 -0.08823651
v 0.10775723 0.01669186 -0.05339292
v 0.09293476 0.04311866 -0.05238724
v 0.10569087 0.04808015 -0.07388344
v 0.12088699 0.02248216 -0.07188255
v 0.16208147 -0.08227050 -0.06200089
v 0.14653482 -0.05732238 -0.05996338
v 0.16241787 -0.04954541 -0.06749991
v 0.17614125 -0.07435375 -0.06854716
v 0.19037715 -0.06720638 -0.07510351
v 0.17785662 -0.04320520 -0.07287817
v 0.19457904 -0.03840512 -0.07399029
v 0.20696874 -0.06179011 -0.07566293
v 0.22719026 -0.03492695 -0.05512902
v 0.23881754 -0.05910927 -0.05625036
v 0.22350782 -0.05874521 -0.06943616
v 0.21131368 -0.03525758 -0.06800753
v 0.24413316 -0.03609163 -0.03855428
v 0.25342590 -0.06102782 -0.03772898
v 0.24942686 -0.04286933 -0.01244909
v 0.25485122 -0.06937355 -0.01176722
v 0.24311490 -0.05286783 0.01721760
v 0.25007463 -0.07847893 0.01676695
v 0.13372076 -0.07688242 -0.00789952
v 0.12977143 -0.07222503 -0.02794614
v 0.14310601 -0.09701359 -0.03574240
v 0.14519003 -0.10278213 -0.01594442
v 0.16503140 -0.07731909 0.02979433
v 0.17330907 -0.10295540 0.01934915
v 0.19095051 -0.09955895 0.04101755
v 0.18433173 -0.07403469 0.05116548
v 0.23610355 0.00032544 0.01660704
v 0.23577330 0.00840348 -0.01453809
v 0.22813194 0.01436645 -0.04266401
v 0.21122366 0.01591688 -0.06112245
v 0.12094940 -0.00837529 -0.05551332
v 0.13543049 -0.00177312 -0.07030255
v 0.11587667 -0.02249455 0.00797665
v 0.11016066 -0.01874655 -0.01357773
v 0.20579380 -0.04226190 0.06115498
v 0.22842556 -0.03556502 0.04533410
v 0.22307962 -0.00848091 0.04411212
v 0.20066677 -0.01579034 0.06134443
v 0.24248795 -0.01805639 -0.01337835
v 0.23515287 -0.01104736 -0.04010329
v 0.21829040 -0.00989139 -0.05691308
v 0.18390399 -0.01435423 -0.07630929
v 0.20161195 -0.01040822 -0.07005414
v 0.16637740 -0.01937002 -0.07491811
v 0.13347824 -0.03270429 -0.05784068
v 0.14891255 -0.02563483 -0.06924064
v 0.12498751 -0.05038738 0.00004776
v 0.11983491 -0.04601079 -0.02010217
v 0.21664158 -0.09372795 0.05060301
v 0.24004503 -0.08602446 0.04048534
v 0.23510486 -0.06071252 0.04505708
v 0.21144167 -0.06910396 0.05894779
v 0.22106621 -0.11531740 0.03732283
v 0.20050432 -0.12006742 0.02839196
v 0.22085716 -0.08585268 -0.07996240
v 0.20409353 -0.09091771 -0.08034053
v 0.23711357 -0.08337188 -0.07331908
v 0.26286000 -0.09608912 -0.01087514
v 0.26309550 -0.08698493 -0.03872755
v 0.25456649 -0.10565019 0.01532964
v 0.24091212 -0.10929722 0.03307170
v 0.17444779 -0.14544845 -0.04722379
v 0.17565995 -0.15012378 -0.02924174
v 0.16040006 -0.12545675 -0.02278338
v 0.16040987 -0.12005097 -0.04087569
v 0.18793076 -0.13263202 -0.07662430
v 0.17770848 -0.10624719 -0.06443799
v 0.18932670 -0.09833074 -0.07455659
v 0.20025507 -0.12439126 -0.08815458
v 0.23559682 -0.11193746 -0.09029774
v 0.21730764 -0.11702740 -0.09245375
v 0.25309592 -0.10851771 -0.08195828
v 0.27449012 -0.11482012 -0.04019116
v 0.26843959 -0.10840303 -0.06544353
v 0.25302422 -0.08303720 -0.05987170
v 0.27318996 -0.12411511 -0.00945771
v 0.26549596 -0.16681385 0.00672130
v 0.28480494 -0.15368223 -0.01165216
v 0.25603950 -0.13752258 0.01372716
v 0.26947939 -0.27019173 -0.01419540
v 0.27882797 -0.30432302 -0.02309448
v 0.29892784 -0.29649085 -0.02303913
v 0.29241115 -0.26181811 -0.01380289
v 0.18261655 -0.17497575 -0.05618194
v 0.18548046 -0.17784315 -0.03595760
v 0.21112844 -0.15360087 -0.10042009
v 0.19622594 -0.16240615 -0.08900866
v 0.30210513 -0.17299950 -0.04878813
v 0.29706424 -0.16680223 -0.07746650
v 0.28445745 -0.13618916 -0.07053797
v 0.28979450 -0.14283150 -0.04274721
v 0.21013758 -0.27434844 -0.05650786
v 0.19816943 -0.24266869 -0.05008611
v 0.19652803 -0.23930663 -0.07232955
v 0.20869775 -0.27129465 -0.07715049
v 0.21897402 -0.18540275 -0.11075385
v 0.22893295 -0.21833140 -0.11709897
v 0.21283117 -0.22681195 -0.10626923
v 0.20342544 -0.19448245 -0.09899609
v 0.31640351 -0.24273074 -0.05952694
v 0.31251055 -0.23823547 -0.08585365
v 0.30621868 -0.20092148 -0.08315215
v 0.31090885 -0.20637792 -0.05479093
v 0.27620542 -0.19636256 0.00123903
v 0.28595465 -0.22816247 -0.00603861
v 0.30469930 -0.21603495 -0.02516779
v 0.29607552 -0.18385953 -0.01810864
v 0.25116181 -0.20521325 0.00077792
v 0.26069403 -0.23669207 -0.00584641
v 0.24358402 -0.33810306 -0.08233280
v 0.24501048 -0.34309143 -0.06661192
v 0.22759910 -0.30783844 -0.06165051
v 0.22645116 -0.30334216 -0.07964864
v 0.24177001 -0.25239664 -0.11850880
v 0.25503796 -0.28814161 -0.11594869
v 0.24068837 -0.29419339 -0.10722862
v 0.22509789 -0.26004231 -0.10920596
v 0.32691592 -0.32038581 -0.06921928
v 0.32173902 -0.31776989 -0.08962469
v 0.31721252 -0.27777064 -0.08792621
v 0.32129675 -0.28082740 -0.06457320
v 0.30640090 -0.33376819 -0.03307438
v 0.32262117 -0.32586861 -0.04703957
v 0.31729347 -0.28704244 -0.03877144
v 0.28871793 -0.34071225 -0.03242099
v 0.29846901 -0.37740278 -0.03836565
v 0.31314117 -0.37159693 -0.03955215
v 0.25833195 -0.37247366 -0.08442059
v 0.26089799 -0.37649387 -0.06967045
v 0.26550919 -0.36531812 -0.10607469
v 0.25466496 -0.33003592 -0.10605597
v 0.26686662 -0.32449222 -0.11449389
v 0.27633452 -0.36001104 -0.11451805
v 0.30000216 -0.31892955 -0.11379430
v 0.30723596 -0.35517919 -0.11292145
v 0.29155368 -0.35618258 -0.11677073
v 0.28295547 -0.32056206 -0.11710693
v 0.32643270 -0.35449702 -0.09112427
v 0.31802148 -0.35414833 -0.10414262
v 0.31287444 -0.31728011 -0.10465237
v 0.33118606 -0.35673833 -0.07235855
v 0.32710278 -0.36330891 -0.05140293
v 0.01008024 0.18119535 -0.04676133
v 0.01839180 0.18080473 -0.05942822
v 0.01913246 0.16732261 -0.03040327
v 0.01331333 0.17224807 -0.01835030
v 0.10695095 0.06290209 0.04605012
v 0.09767403 0.09311357 0.05069600
v 0.12175421 0.00313812 0.03636853
v 0.11543639 0.03240728 0.04199103
v 0.12947699 -0.02537578 0.02956999
v 0.14699383 -0.07958609 0.01030866
v 0.13843514 -0.05256331 0.02025219
v 0.15712103 -0.10511321 0.00205521
v 0.17066148 -0.12863702 -0.00489922
v 0.18545155 -0.15283549 -0.01054385
v 0.20467100 -0.20924705 -0.02289796
v 0.19760324 -0.17881519 -0.01729465
v 0.19130972 -0.20986772 -0.04295218
v 0.22353463 -0.27528238 -0.03601867
v 0.21212654 -0.24186760 -0.02907260
v 0.25508279 -0.34558898 -0.05154154
v 0.23852213 -0.31034172 -0.04388691
v 0.27127790 -0.37896270 -0.05592704
v 0.09338053 0.20085576 0.08061816
v 0.08559334 0.21849471 0.08221984
v 0.06119035 0.19986466 0.07587403
v 0.06686464 0.18751842 0.06996724
v -0.00029472 0.17240807 0.01939569
v 0.00477957 0.17355156 0.01385378
v 0.00921745 0.17334858 0.02949753
v 0.00226719 0.17207009 0.03398075
v 0.23927267 -0.02654529 0.01704926
v 0.19317856 0.01467395 -0.07478845
v 0.15410063 0.00518250 -0.07815628
v 0.17334722 0.01021439 -0.08100238
v 0.15556453 -0.05343145 0.04283772
v 0.17928699 -0.04900092 0.05810884
v 0.17332931 -0.02239186 0.06330563
v 0.14963560 -0.02579677 0.04975021
v 0.24223594 -0.17739648 0.00770099
v 0.21777506 -0.17897999 -0.00268131
v 0.22718295 -0.20807707 -0.01014560
v 0.23463608 -0.15288651 0.01642293
v 0.26931763 -0.13539708 -0.09064969
v 0.25053757 -0.13895923 -0.10161886
v 0.24042313 -0.17621350 -0.11534820
v 0.23042926 -0.14530754 -0.10451078
v 0.26242077 -0.16933703 -0.11193576
v 0.13773419 0.03149408 0.06121659
v 0.14279220 0.00284135 0.05585632
v 0.16897944 0.00652236 0.06594390
v 0.16482642 0.03624177 0.06991795
v 0.11263267 0.54296130 -0.03913315
v 0.12700456 0.53449214 -0.02204558
v 0.12425078 0.62518799 0.14568926
v 0.11281078 0.61721945 0.15378620
v 0.11766784 0.60346615 0.14193235
v 0.13157484 0.61268473 0.12982009
v 0.14171167 0.62551850 0.12076713
v 0.13405965 0.63618594 0.13842529
v 0.14760777 0.64119321 0.11291220
v 0.14131957 0.65019011 0.13093224
v 0.16294630 0.70172411 0.09141440
v 0.16848329 0.70781416 0.08654929
v 0.00422024 0.57356203 0.18019412
v 0.00351292 0.54692852 0.18155681
v 0.02903256 0.54928076 0.18085316
v 0.03941802 0.36371037 0.12064130
v 0.05278188 0.29628375 0.08557163
v 0.03069442 0.28813744 0.08896491
v 0.02627476 0.26134291 0.08831045
v -0.00270646 0.19400868 0.07235224
v -0.01352678 0.18219665 0.05819722
v -0.01184240 0.17297843 0.03549159
v -0.01072491 0.17232549 0.01927857
v 0.05847773 0.60720539 -0.06424356
v 0.06028059 0.63129795 -0.06212850
v 0.00807754 0.80431044 -0.02266300
v 0.02750763 0.80856496 -0.02583057
v 0.02710514 0.83392835 -0.01290058
v 0.00779590 0.82946151 -0.01062576
v 0.00727003 0.84040344 -0.00434487
v 0.02603249 0.84488738 -0.00630502
v 0.00328938 0.88671136 0.03266070
v 0.00542252 0.87844718 0.02441994
v 0.00139043 0.17663080 -0.00365181
v 0.00366491 0.17812863 -0.01512723
v 0.00766528 0.17455578 0.00602219
v 0.05051756 0.16314673 0.04599646
v 0.04523795 0.17614427 0.05309094
v 0.02991074 0.16980591 0.03170691
v 0.03459055 0.15930927 0.02482063
v 0.19290538 0.24719468 -0.02251357
v 0.19153813 0.24085349 0.01704626
v 0.09859664 0.19807145 -0.11832443
v 0.28320312 0.63318670 0.00515127
v 0.26249933 0.64658898 0.00707342
v 0.27097881 0.65393996 -0.00244805
v 0.29217488 0.64091682 -0.00284351
v 0.05825056 0.70866120 -0.05910498
v 0.06851256 0.68082714 -0.05815244
v 0.07945307 0.86048925 0.10296586
v 0.16131011 0.85214490 0.09306535
v 0.14584559 0.85715926 0.09016138
v 0.14767906 0.83963501 0.11305398
v 0.16052060 0.83661401 0.11596800
v 0.14938205 0.82286590 0.00493197
v 0.13451932 0.82519865 -0.00152886
v 0.13864157 0.83978808 0.01393111
v 0.15221956 0.83567762 0.01994627
v 0.06657197 0.35083032 -0.16320330
v 0.03800597 0.35027418 -0.16563192
v 0.03855365 0.54190314 -0.07528567
v 0.03733994 0.56501865 -0.07191026
v 0.05753854 0.56129968 -0.06954136
v 0.05985373 0.53906834 -0.07282576
v 0.09140182 0.69343323 -0.05213554
v 0.10774446 0.67494500 -0.04378466
v 0.01476004 0.65605611 0.18803217
v 0.03245448 0.66212761 0.19222316
v 0.03214393 0.68028265 0.18851903
v 0.01427735 0.67663115 0.18566428
v 0.26338160 0.69487751 -0.00822799
v 0.25801247 0.67792499 -0.00755677
v 0.23648654 0.68771881 -0.00470324
v 0.23930699 0.69931006 -0.00706270
v 0.15793413 0.23379758 -0.09962359
v 0.18140958 0.25118646 -0.06592372
v 0.14098929 0.55918115 0.00513603
v 0.13794832 0.54150760 0.00212292
v 0.12647608 0.55184561 -0.01955295
v 0.12963548 0.56950718 -0.01739472
v 0.15238477 0.61046737 0.01546104
v 0.14872213 0.59411049 0.01222154
v 0.15588394 0.62712091 0.01836409
v 0.18580109 0.71352762 0.02296202
v 0.18133517 0.71014804 0.02359423
v 0.18099634 0.71410471 0.01464543
v 0.07324503 0.16945928 0.06464523
v 0.04743616 0.21801880 0.08496338
v 0.03503818 0.22781971 0.08777855
v -0.00248317 0.17505726 0.00490907
v -0.00941631 0.17404473 0.00653734
v 0.05205742 0.87182009 0.12527744
v 0.05585737 0.87893558 0.10782800
v 0.21055518 0.68342811 0.03276194
v 0.20078917 0.69664067 0.03879090
v 0.17342234 0.69173801 0.03738171
v 0.17707551 0.69796765 0.03553751
v 0.17417233 0.69834375 0.05112280
v 0.17015488 0.69161081 0.05449267
v 0.17388546 0.69461739 0.02288277
v 0.17722857 0.69999313 0.02221709
v 0.14214526 0.74804723 0.14790753
v 0.14546433 0.76619160 0.14015505
v 0.13355877 0.77032197 0.14252932
v 0.13022958 0.75255829 0.15133740
v 0.11578625 0.75450414 0.15599622
v 0.11994664 0.77357793 0.14581864
v 0.10345360 0.77521890 0.15106377
v 0.09901083 0.75500000 0.16133223
v 0.07844429 0.83690083 0.12351689
v 0.06030826 0.82526577 0.13817930
v 0.03858941 0.81611359 0.14746802
v 0.01850170 0.81038529 0.15331227
v 0.00689182 0.86984491 0.01620655
v 0.02952475 0.87402236 0.01769942
v 0.02520207 0.86435622 0.00794230
v 0.00662286 0.86033499 0.00861195
v -0.01063729 0.85813594 0.00955070
v -0.01157318 0.86784315 0.01661426
v 0.04434286 0.85504937 0.13449647
v 0.02888807 0.84837937 0.14504595
v 0.01495272 0.83209485 0.14908484
v 0.31799740 0.68182069 0.07519847
v 0.30056244 0.69940829 0.07636280
v 0.05295429 0.89681828 0.07432587
v 0.05673141 0.88837731 0.09117559
v 0.32659924 0.68941128 0.05979712
v 0.30881923 0.70746762 0.06058376
v 0.13075162 0.81693250 0.12467575
v 0.14472029 0.81630433 0.12640269
v 0.13366280 0.84094429 0.11005236
v 0.04176604 0.86475837 0.13974765
v 0.02696918 0.85896200 0.15042323
v 0.18631484 0.27657568 -0.01115194
v 0.18115734 0.26822785 0.02419028
v 0.14332227 0.50239307 0.04840115
v 0.13625766 0.49093464 0.07230776
v -0.02272949 0.49192366 0.17374253
v -0.02296468 0.46841815 0.16908789
v -0.00023234 0.46832463 0.17066604
v 0.00133181 0.49354643 0.17631884
v -0.02103901 0.57049900 0.17657469
v -0.02174061 0.54426402 0.17799501
v 0.00028346 0.86345142 0.16669352
v 0.02148780 0.42245188 0.15607965
v 0.02163513 0.44690603 0.16212383
v -0.00124263 0.44341978 0.16368678
v -0.00162094 0.41743654 0.15601330
v -0.00967964 0.39116660 0.14548339
v -0.01098462 0.37949136 0.14001194
v 0.00559650 0.24228045 0.08846296
v -0.00546847 0.24211279 0.08837660
v 0.23395988 0.72453690 0.10294358
v 0.24608652 0.73997563 0.09831893
v 0.23494703 0.75402939 0.10346901
v 0.22366065 0.73741859 0.10673311
v 0.06262329 0.43520004 0.13581949
v 0.04234624 0.42846072 0.14921328
v 0.16035171 0.69763309 0.11404569
v 0.15972511 0.69287306 0.09407438
v 0.00390291 0.60024744 0.17862268
v 0.04901493 0.66638345 0.19370851
v 0.04967508 0.68347490 0.18951321
v 0.06455053 0.66994321 0.19137886
v 0.06639300 0.68545651 0.18880917
v -0.00822805 0.17670211 -0.00602686
v -0.00304273 0.17977604 -0.00739536
v 0.24096380 0.76132745 0.00929727
v 0.23801358 0.75384599 0.00401440
v 0.22625987 0.75965875 0.00132760
v 0.23012388 0.76812202 0.00657505
v 0.03114316 0.14643621 -0.00899827
v 0.02505040 0.16090131 -0.00127982
v 0.02178617 0.19634813 -0.08354861
v 0.00655200 0.19011560 -0.06684139
v -0.00024698 0.19997936 -0.07585132
v 0.00019200 0.20717710 -0.08786723
v 0.11906960 0.12350479 0.07261504
v 0.10983944 0.15336552 0.07693949
v 0.12586576 0.09341547 0.06866669
v 0.13204810 0.06291324 0.06523046
v 0.18645933 -0.12611216 0.01095801
v 0.20606668 -0.15056640 0.00761557
v 0.23623514 -0.23998493 -0.01689692
v 0.24621470 -0.27349371 -0.02433559
v 0.25852156 -0.30883265 -0.03310278
v 0.28469872 -0.37971824 -0.04497419
v 0.27201319 -0.34518182 -0.04048842
v 0.33036488 0.69082946 0.04256194
v 0.33057815 0.68746072 0.02548867
v 0.31123918 0.70600134 0.02411855
v 0.31170648 0.71073645 0.04210444
v 0.23760371 0.65637124 0.03836489
v 0.25485241 0.64321679 0.03499299
v 0.25460804 0.64500988 0.05141670
v 0.23745957 0.65960956 0.05504400
v 0.27294761 0.62844127 0.03112556
v 0.25701451 0.64310700 0.01976557
v 0.27683282 0.62947267 0.01685773
v 0.30160952 0.65159446 -0.00652611
v 0.28051227 0.66458392 -0.00732550
v 0.28928643 0.67806876 -0.00660050
v 0.31111515 0.66298050 -0.00535379
v 0.32650864 0.68127340 0.01091782
v 0.31989235 0.67273843 0.00031294
v 0.29956311 0.68917966 -0.00071262
v 0.30739856 0.69804990 0.00972702
v 0.27767169 0.63788915 0.07658476
v 0.25984216 0.65433556 0.08069300
v 0.25550270 0.64856458 0.06711513
v 0.27304947 0.63252503 0.06305793
v 0.25731528 0.75327379 0.08683605
v 0.24602585 0.76890236 0.09187625
v 0.17649119 0.72083944 0.09662302
v 0.18165867 0.72242558 0.09003527
v 0.18766059 0.72711277 0.10567629
v 0.18194813 0.73037803 0.11131109
v 0.27184838 0.70705938 0.09063601
v 0.28360337 0.71789396 0.07818222
v 0.26890200 0.73607898 0.08233579
v 0.25746512 0.72404063 0.09435293
v 0.24200486 0.67039579 0.08452871
v 0.22469330 0.68533951 0.08945419
v 0.22098909 0.67877448 0.07549922
v 0.23805834 0.66402823 0.07105577
v 0.22933051 0.67768407 0.00270875
v 0.24935479 0.66640604 -0.00118861
v 0.21195081 0.72171742 0.10538017
v 0.22178385 0.70975888 0.10191470
v 0.15577312 0.68833786 0.11614016
v 0.16763531 0.68475890 0.05628670
v 0.16560581 0.67651951 0.05747097
v 0.11225705 0.63026941 0.16368279
v 0.11432821 0.64320600 0.16930746
v 0.15755458 0.65296763 0.08493590
v 0.15472841 0.63527399 0.09080666
v 0.12020291 0.64463824 0.16339374
v 0.12101138 0.63644665 0.15735359
v 0.07443386 0.55211198 0.16475387
v 0.01619210 0.82119715 0.14879930
v 0.23339239 0.69632375 0.09780091
v 0.24542643 0.70991671 0.09960333
v 0.22201888 0.70511836 -0.00425676
v 0.21769118 0.69613713 -0.00000533
v 0.20427637 0.70420778 0.00572960
v 0.20791039 0.71093601 -0.00007105
v 0.12478953 0.71271384 -0.03666638
v 0.13454813 0.69915146 -0.02873848
v 0.12113465 0.68748087 -0.03640495
v 0.10875373 0.70291257 -0.04512888
v 0.25033730 0.76965237 0.02388207
v 0.23974507 0.78010106 0.02322075
v 0.24467482 0.78314388 0.03618518
v 0.25600940 0.77018762 0.03541305
v 0.24951838 0.78337061 0.05310778
v 0.25224388 0.77934712 0.07324052
v 0.26358342 0.76295167 0.06989930
v 0.26157600 0.76811981 0.05105027
v 0.17463198 0.30983341 -0.03290606
v 0.16669284 0.31570706 -0.06291568
v 0.09905398 0.39486018 0.08697529
v 0.11809380 0.40682265 0.07177731
v 0.07868455 0.31249410 0.07917781
v 0.02100484 0.17674851 0.04282849
v 0.03512100 0.18881136 0.06689788
v 0.04048110 0.12255332 -0.01660118
v 0.17610267 0.30120888 -0.00135092
v 0.07144883 0.06725556 -0.02684228
v 0.05535712 0.09564659 -0.02248430
v 0.11128484 0.08144647 -0.09309551
v 0.09433489 0.11113811 -0.09562635
v 0.12420882 0.11610910 -0.10270116
v 0.13746911 0.08739772 -0.09934467
v 0.15422183 0.12170750 -0.09857205
v 0.16487281 0.09345320 -0.09425807
v 0.19677061 0.01323766 0.06167929
v 0.25029534 -0.21013391 -0.12154126
v 0.28175354 -0.24092829 -0.11781536
v 0.26146060 -0.24593461 -0.12200129
v 0.27230895 -0.20346284 -0.11774392
v 0.28232521 -0.16594702 -0.09899420
v 0.29204911 -0.20010889 -0.10430895
v 0.31102449 -0.25064158 -0.03089951
v 0.27291518 -0.28292882 -0.11919013
v 0.29126137 -0.27984172 -0.11512215
v 0.29981995 -0.23777461 -0.10541919
v 0.30703276 -0.27737576 -0.10489899
v 0.02050328 0.16878104 0.00734532
v 0.00222388 0.21601263 -0.10329425
v 0.16426620 0.25965926 0.05401364
v 0.17629237 0.23361105 0.05141203
v 0.07760938 0.23262012 0.08310011
v 0.10201120 0.25356355 0.07975794
v 0.10570689 0.46993759 0.10998964
v 0.08512165 0.46306318 0.12485673
v 0.10908968 0.51340735 0.12260133
v 0.10789603 0.49075565 0.11597633
v 0.12428118 0.49994025 0.09845659
v 0.12542316 0.52127504 0.10464251
v 0.14512877 0.53885967 0.05784127
v 0.14299197 0.52021790 0.05290404
v 0.14356868 0.53062326 0.02707060
v 0.14605084 0.54872441 0.03092195
v 0.13857718 0.52426016 -0.00091267
v 0.14409043 0.51344687 0.02332157
v 0.07714897 0.57761574 -0.05993122
v 0.07859702 0.59954971 -0.05757953
v 0.09709498 0.59053510 -0.04760608
v 0.09522538 0.56996727 -0.04960455
v 0.02014196 0.23650077 0.08947016
v 0.01285508 0.17383042 0.02327248
v 0.10147566 0.18000036 0.07914148
v 0.12295333 0.21479973 0.08350223
v 0.15253004 0.22532675 0.07395154
v 0.19989914 0.69920421 0.05256987
v 0.15935805 0.71750796 -0.01259463
v 0.15677008 0.72870684 -0.01590058
v 0.27611732 0.74623907 0.06528519
v 0.27484697 0.75275958 0.04676643
v 0.21116318 0.69888180 0.09479585
v 0.22579698 0.76619363 0.10783708
v 0.20628862 0.75883782 0.11637659
v 0.21474813 0.74848795 0.11116807
v 0.11024515 0.30962285 0.06933428
v 0.11911768 0.28937015 0.07185414
v 0.14282356 0.30381382 0.05618542
v 0.00268095 0.18595436 -0.04949199
v -0.00104329 0.19235018 -0.05808014
v 0.05565244 0.20967883 0.08056742
v 0.10045519 0.01222569 -0.03196736
v 0.08714135 0.03962982 -0.02909631
v 0.11202072 -0.01423228 -0.03590277
v 0.12328237 -0.03991270 -0.04092889
v 0.13456987 -0.06528723 -0.04667237
v 0.14929539 -0.08952498 -0.05156885
v 0.16672236 -0.11286199 -0.05451450
v 0.17916389 -0.13950133 -0.06296742
v 0.18865320 -0.20688164 -0.06502792
v 0.18670848 -0.16939098 -0.07409278
v 0.19341418 -0.20129645 -0.08365394
v 0.20214523 -0.23379707 -0.09112771
v 0.23170419 -0.29891813 -0.09502260
v 0.21417375 -0.26642561 -0.09510946
v 0.24713255 -0.33366841 -0.09511042
v 0.26016200 -0.36853206 -0.09611346
v -0.00130375 0.17965809 -0.01651281
v 0.00104828 0.18260390 -0.03234977
v 0.11422911 0.81708729 0.12358069
v 0.16575752 0.69594336 0.07262756
v 0.17016606 0.70185137 0.06854742
v 0.20197046 0.71080774 0.09886515
v 0.00351217 0.22977319 -0.11882880
v 0.00389753 0.24594167 -0.13460895
v 0.28803265 0.71270120 0.00784753
v 0.29212636 0.72292173 0.02087552
v 0.20698032 0.69389212 0.07973170
v 0.17443486 0.71466577 0.08059570
v 0.17961594 0.71905088 0.07566872
v 0.44799912 0.54381734 0.10545906
v 0.45621163 0.52581286 0.11262330
v 0.46612614 0.52938664 0.10491802
v 0.45774555 0.54739714 0.09613752
v 0.43625921 0.53741938 0.10960454
v 0.44502002 0.51976645 0.11555007
v 0.40558946 0.49647284 0.06869660
v 0.42109728 0.48233709 0.07405697
v 0.41868585 0.48822889 0.08727956
v 0.40420854 0.50348574 0.08236396
v 0.44403630 0.49581036 0.11942014
v 0.43445849 0.51251346 0.11397021
v 0.42604321 0.50443351 0.10783119
v 0.43707585 0.48809850 0.11270042
v 0.42445940 0.49724787 0.04241615
v 0.40806586 0.50983799 0.03591793
v 0.42036670 0.51742089 0.02876466
v 0.43615049 0.50505346 0.03710496
v 0.35153353 0.56337637 0.05609218
v 0.34216505 0.57674301 0.05654414
v 0.34002894 0.56782472 0.04436970
v 0.35112828 0.55462825 0.04336800
v 0.43013167 0.58109224 0.08998948
v 0.43916488 0.56238610 0.09801407
v 0.44851428 0.56575626 0.08706544
v 0.43843758 0.58381319 0.07705615
v 0.39281434 0.55669844 0.09250583
v 0.38300067 0.57579929 0.08599886
v 0.37328243 0.56564170 0.07735283
v 0.38325989 0.54672992 0.08321507
v 0.42701721 0.60051006 0.06616177
v 0.42123795 0.59993988 0.08082321
v 0.41442323 0.52116299 0.10315585
v 0.40315717 0.53848165 0.09851229
v 0.39465880 0.52913362 0.08884537
v 0.40762979 0.51249093 0.09348848
v 0.45427835 0.47290066 0.06008080
v 0.43992305 0.48504880 0.05063739
v 0.45080072 0.49278289 0.04676770
v 0.46447963 0.48031342 0.05742714
v 0.43330389 0.48068747 0.10350853
v 0.42072076 0.49627203 0.09834434
v 0.43273532 0.47381967 0.09249821
v 0.48498678 0.50966316 0.09134553
v 0.47583354 0.52646500 0.07931909
v 0.47290522 0.52968603 0.09313172
v 0.48135090 0.51245850 0.10353386
v 0.37578440 0.52853382 0.06018741
v 0.39018577 0.51198965 0.06430206
v 0.39006674 0.51977772 0.07756333
v 0.37707007 0.53686929 0.07260805
v 0.41773164 0.57470989 0.09711878
v 0.42697459 0.55585736 0.10364777
v 0.46571517 0.54301107 0.06713198
v 0.45399916 0.55922771 0.05505659
v 0.45292163 0.56419635 0.07188280
v 0.46346563 0.54707909 0.08265793
v 0.43501019 0.56444263 0.02932010
v 0.44955522 0.55058348 0.04078238
v 0.44095963 0.53956807 0.03215380
v 0.42567033 0.55281830 0.02152359
v 0.36487132 0.53896344 0.04339352
v 0.36293161 0.54624379 0.05736112
v 0.39112443 0.52334356 0.03084614
v 0.37363642 0.53714633 0.02744938
v 0.38594490 0.54285407 0.01591974
v 0.40362918 0.53024542 0.02184605
v 0.37839568 0.61777413 0.07987739
v 0.38600612 0.60426325 0.08536143
v 0.39984572 0.61240703 0.08181038
v 0.39131147 0.62609255 0.07416764
v 0.41093326 0.61702698 0.07067841
v 0.40059507 0.63041031 0.06074747
v 0.38221437 0.64470190 0.03291163
v 0.39152366 0.63777602 0.03652430
v 0.38561589 0.63280928 0.02151487
v 0.37678802 0.63995647 0.01851023
v 0.40425366 0.58866620 0.00473034
v 0.42014027 0.57727730 0.01659273
v 0.40924925 0.56486142 0.01113196
v 0.39156008 0.57632256 0.00186117
v 0.36343724 0.57398742 0.00099877
v 0.37980270 0.56469595 0.00458896
v 0.36831921 0.55459344 0.01275536
v 0.35304177 0.56433183 0.01194309
v 0.31225216 0.60617411 0.00910655
v 0.32462525 0.59626842 0.00603174
v 0.31756741 0.59141499 0.01924859
v 0.30636013 0.60220307 0.02193598
v 0.31380802 0.59597880 0.05021626
v 0.31820184 0.60215938 0.06280909
v 0.30771154 0.61127299 0.06695116
v 0.30358791 0.60532361 0.05376067
v 0.35064846 0.65090567 0.07098169
v 0.35869265 0.64228415 0.07184541
v 0.36883932 0.65060651 0.06086220
v 0.35965198 0.65918344 0.05836726
v 0.38952768 0.59776235 -0.00383440
v 0.37365806 0.58649755 -0.00598004
v 0.32244885 0.58749580 0.04764839
v 0.33050025 0.57860869 0.04539651
v 0.33315998 0.58698404 0.05749229
v 0.32598794 0.59463894 0.05973060
v 0.34191316 0.61400962 0.07229946
v 0.34882319 0.60648769 0.07002012
v 0.35855716 0.61687344 0.07461333
v 0.35262936 0.62411600 0.07456329
v 0.36481601 0.63504058 0.07334729
v 0.37098205 0.62773442 0.07551433
v 0.38320965 0.63613629 0.06822627
v 0.37605274 0.64364970 0.06414276
v 0.37965167 0.60495895 -0.00791745
v 0.36989933 0.61001581 -0.00938326
v 0.37572020 0.61991447 -0.00191121
v 0.38565856 0.61532742 0.00055125
v 0.33989340 0.57309073 0.01303845
v 0.34923005 0.58124435 0.00162446
v 0.35617673 0.59711522 0.06954038
v 0.33998615 0.59677595 0.06530346
v 0.34810007 0.58681762 0.06413105
v 0.39126396 0.63980770 0.05391078
v 0.31947982 0.61185330 0.00007051
v 0.30400807 0.62077099 0.00268531
v 0.31193429 0.62859106 -0.00397494
v 0.32715076 0.61931306 -0.00593750
v 0.29752445 0.61530501 0.01342424
v 0.29243767 0.61310148 0.02653925
v 0.29465050 0.62283295 0.07182726
v 0.29031605 0.61697131 0.05852494
v 0.30270958 0.63123769 0.08118127
v 0.31622750 0.61997694 0.07572977
v 0.32619166 0.62965983 0.08015626
v 0.31240106 0.64189178 0.08548267
v 0.33550823 0.66496187 0.07322995
v 0.34405011 0.67260820 0.05862496
v 0.36277652 0.66066325 0.04287698
v 0.34781265 0.67326456 0.04242875
v 0.31405830 0.59174365 0.03519431
v 0.32312089 0.58243495 0.03212897
v 0.46279263 0.53555012 0.05261642
v 0.47429270 0.52008873 0.06549360
v 0.46803135 0.51158911 0.05513036
v 0.45517725 0.52589184 0.04322468
v 0.46027178 0.50229597 0.04866477
v 0.47287226 0.48890984 0.06035632
v 0.41448450 0.54759544 0.10398873
v 0.42453212 0.52963221 0.10900509
v 0.45330161 0.50277489 0.12238283
v 0.36562788 0.60724717 0.07621028
v 0.37354881 0.59400928 0.08014098
v 0.37195367 0.63367105 0.00624047
v 0.36311066 0.64030075 0.00411800
v 0.36799645 0.64657909 0.01630410
v 0.39720625 0.61072910 0.00730338
v 0.39642823 0.62245464 0.02379355
v 0.41310275 0.61039668 0.03691579
v 0.41158092 0.60171729 0.01802457
v 0.35950494 0.61508679 -0.00943409
v 0.34838641 0.62107050 -0.00864902
v 0.35639691 0.63134199 -0.00419530
v 0.36639768 0.62505656 -0.00318211
v 0.33833152 0.64000797 0.07937431
v 0.34629941 0.63118833 0.07654540
v 0.34464979 0.66518193 0.01196337
v 0.34811211 0.66948670 0.02599145
v 0.36167121 0.65800810 0.02804625
v 0.35784626 0.65430599 0.01442078
v 0.37233400 0.65097445 0.03026300
v 0.33817220 0.65847093 0.00081480
v 0.35227275 0.64812571 0.00245412
v 0.32388455 0.65395164 0.08325839
v 0.33581680 0.62921619 -0.00807427
v 0.32077348 0.63887990 -0.00741841
v 0.33005518 0.64932930 -0.00557797
v 0.34467095 0.63925457 -0.00485133
v 0.44633698 0.51543206 0.03791808
v 0.43126333 0.52831197 0.02815576
v 0.34371847 0.56170142 0.02766085
v 0.35685939 0.54974109 0.02631846
v 0.33274734 0.57278860 0.02955785
v 0.41290456 0.49392253 0.05381300
v 0.42899626 0.48101640 0.06022966
v 0.38021272 0.52277976 0.04525819
v 0.39652443 0.50773036 0.04913606
v 0.44075483 0.57460582 0.04304809
v 0.34438574 0.59594625 -0.00459579
v 0.35672981 0.59049004 -0.00636518
v 0.33650380 0.58790332 0.00278692
v 0.28967553 0.61406136 0.04269750
v 0.30337435 0.60207963 0.03796988
v 0.37172878 0.59756529 -0.01057380
v 0.27187306 0.62969410 0.04712898
v 0.40184897 0.62863010 0.04292135
v 0.37337095 0.65294898 0.04582879
v 0.38242400 0.64653063 0.04936679
v 0.47411227 0.51207936 0.11395813
v 0.40462440 0.56621939 0.09788986
v 0.36416513 0.58370042 0.07243550
v 0.35638124 0.57321745 0.06508577
v 0.33241689 0.60306144 -0.00265482
v 0.33994752 0.61090016 -0.00782382
v 0.35134834 0.60480958 -0.00925051
v 0.32592446 0.61110544 0.07176250
v 0.33510333 0.62114215 0.07597811
v 0.44398755 0.46889436 0.06801601
v 0.33305573 0.60383749 0.06819782
v 0.41444588 0.61583191 0.05461912
v 0.00817326 0.81726110 -0.01661333
v -0.00893242 0.80228424 -0.02042824
v -0.00900303 0.81486362 -0.01462659
v 0.15000893 0.61762351 0.09703384
v 0.10767627 0.57983053 0.14437917
v 0.12429724 0.58634675 0.12851866
v 0.16293919 0.68860036 0.07500638
v 0.16071354 0.67936414 0.07736482
v 0.18107495 0.71504951 0.06166838
v 0.17537735 0.70996320 0.06416859
v 0.15145956 0.65685487 0.10582165
v 0.07110814 1.03024960 0.09285101
v 0.06925136 1.02292609 0.08999845
v 0.07334875 1.04413843 0.09361498
v -0.01168571 0.40506497 0.14990018
v -0.02314236 0.37847680 0.13569097
v -0.02290751 0.36622286 0.12995026
v 0.07408454 1.01136911 0.10895815
v 0.07129414 1.00545788 0.10368138
v 0.07576868 1.00852442 0.10688978
v 0.07439145 1.01332617 0.11099001
v 0.07393583 1.01234508 0.11069816
v 0.07497859 1.04673111 0.10424348
v 0.06739525 1.01397812 0.08983664
v 0.06512129 1.00451136 0.09177422
v 0.07370631 1.03246164 0.10897748
v 0.04909709 0.46953225 -0.09550306
v 0.05408316 0.45130652 -0.10538259
v 0.02843672 0.45024642 -0.10831854
v 0.02470693 0.46776077 -0.09714511
v 0.00258341 0.43544811 -0.12276289
v 0.00065455 0.45054159 -0.11023833
v 0.03291579 0.43367895 -0.12197128
v 0.14159773 0.39525658 -0.08895387
v 0.13800117 0.41646016 -0.08071713
v 0.15029414 0.41411203 -0.05737545
v 0.15427354 0.39331162 -0.06425041
v 0.15213713 0.42468441 -0.02687459
v 0.15712517 0.40844387 -0.03146242
v 0.14484370 0.43169308 -0.05155335
v 0.15329431 0.41523039 -0.00041576
v 0.15801311 0.39893657 -0.00485231
v 0.14787593 0.40363759 0.02350385
v 0.15302223 0.38693008 0.01942375
v 0.14174542 0.37368304 0.04009078
v 0.12392952 0.36033511 0.05738842
v 0.10537846 0.32860675 0.06881334
v 0.10077370 0.34675574 0.07063965
v 0.07728039 0.33286899 0.08042876
v 0.05394213 0.32055601 0.08832192
v 0.03251301 0.31241533 0.09318402
v 0.01366613 0.30680448 0.09550613
v -0.00373906 0.30375853 0.09600946
v -0.01929073 0.30172306 0.09462039
v -0.01815874 0.28055570 0.08916026
v 0.10794163 0.79562163 0.13739187
v 0.08442380 0.88230139 0.04138142
v 0.10663467 0.87744629 0.06356353
v 0.09724884 0.87724817 0.03962397
v 0.11591655 0.82591212 -0.00974756
v 0.09420550 0.82402515 -0.01819628
v 0.09779586 0.83928645 -0.00728373
v 0.12040684 0.84194684 0.00475459
v 0.07298375 0.87590444 0.02493012
v 0.06532332 0.87853485 0.02769361
v 0.08205684 0.87121177 0.02040879
v 0.06428587 0.86437154 0.00756672
v 0.04478256 0.85967755 0.00185984
v 0.15904306 0.85573429 0.06543945
v 0.17481317 0.84925771 0.06887431
v 0.16837177 0.84283412 0.04444387
v 0.15605178 0.84816229 0.04020689
v 0.14563955 0.80899370 -0.00617650
v 0.15878162 0.80704689 -0.00109486
v 0.15553948 0.79346335 -0.00879091
v 0.14178155 0.79451275 -0.01392780
v 0.21720710 0.81977952 0.07558611
v 0.23012112 0.80698407 0.07559370
v 0.22601040 0.80977088 0.05373453
v 0.21241444 0.82129312 0.05306176
v 0.16105279 0.81993788 0.00982935
v 0.07972666 0.71406507 -0.05620614
v 0.09887081 0.72053492 -0.04945828
v 0.11523502 0.72694725 -0.04207967
v 0.15450954 0.74044597 -0.01761527
v 0.14739601 0.72418225 -0.02186805
v 0.14405605 0.73742437 -0.02361763
v 0.16423871 0.74300587 -0.01261573
v 0.17213911 0.74363470 -0.00791056
v 0.19732276 0.76992929 0.12109214
v 0.18879715 0.74713862 0.12158045
v 0.19622290 0.73997474 0.11508335
v 0.18909396 0.73671007 -0.00058647
v 0.18905859 0.73096240 0.00136569
v 0.18014029 0.73206317 0.00053957
v 0.17965849 0.73783863 -0.00136575
v 0.14283204 0.86115307 0.06220578
v 0.22050273 0.80612755 0.03497516
v 0.21579435 0.79887486 0.02082514
v 0.20128587 0.80611384 0.01963331
v 0.20627634 0.81541848 0.03463614
v 0.21033259 0.79060364 0.01057392
v 0.20484997 0.78143972 0.00260834
v 0.19220792 0.78597867 0.00093950
v 0.19701886 0.79650962 0.00915233
v 0.19139595 0.74285507 -0.00253093
v 0.17950881 0.74510825 -0.00316368
v 0.23659405 0.78270561 0.09495856
v 0.19103689 0.83586299 0.09854251
v 0.17703457 0.84561241 0.09631105
v 0.17307001 0.82895201 0.11816285
v 0.18459949 0.81857741 0.11852543
v 0.19040236 0.70987952 0.05757660
v 0.19234535 0.70740563 0.04418462
v 0.19329955 0.70631146 0.03071874
v 0.18035907 0.71976453 0.00735629
v 0.19452688 0.70672989 0.01944730
v 0.19410813 0.71965694 0.10167619
v 0.20366813 0.73158956 0.10923065
v 0.16618073 0.80456471 0.12829822
v 0.17644326 0.79437655 0.12720874
v 0.24139948 0.79367143 0.07484306
v 0.23807731 0.79711598 0.05344288
v 0.21036616 0.72419775 -0.00361691
v 0.19974004 0.72648621 -0.00087500
v 0.20059989 0.73232651 -0.00230357
v 0.17310674 0.71721464 -0.00071472
v 0.18006906 0.72585917 0.00302801
v 0.18946239 0.84083045 0.07214028
v 0.22799556 0.78987205 0.02138942
v 0.23291075 0.79520750 0.03485125
v 0.18358399 0.80084074 0.00668706
v 0.17082193 0.80419171 0.00307848
v 0.17366146 0.81626046 0.01466300
v 0.18703927 0.81171358 0.01808352
v 0.21394424 0.76501566 -0.00066416
v 0.21849164 0.77508992 0.00390904
v 0.16746172 0.79161632 -0.00482377
v 0.17979467 0.78930664 -0.00149381
v 0.20258509 0.73888659 -0.00352237
v 0.15653411 0.81277394 0.12781504
v 0.13864048 0.79200220 0.13381071
v 0.15056919 0.78849173 0.13360740
v 0.16074046 0.78020465 0.13345526
v 0.17090473 0.76971304 0.13138656
v 0.18070853 0.75695896 0.12728029
v 0.12507960 0.79373860 0.13506129
v 0.36233205 0.60027003 -0.01099376
v 0.21009985 0.71795154 -0.00249359
v 0.22218978 0.72101617 -0.00525451
v 0.22284830 0.71363890 -0.00528240
v 0.27895135 0.70406038 -0.00196207
v 0.00808672 0.95574826 0.23363614
v 0.00794737 0.94979298 0.23116599
v 0.00690370 0.98141742 0.23368560
v 0.00721451 0.97750849 0.23467383
v 0.38032615 0.62755865 0.00869666
v 0.38757724 0.62241018 0.01051655
v 0.42654818 0.58898234 0.03080313
v 0.42817646 0.59667051 0.04919702
v 0.44120944 0.58097881 0.06070236
v 0.40892208 0.59408039 0.09003289
v 0.39504051 0.58567250 0.09161375
v 0.36618096 0.55533028 0.06814746
v 0.39801228 0.55327433 0.01124049
v 0.47902375 0.47571582 0.13781336
v 0.48611647 0.45880222 0.14599420
v 0.49673855 0.46263593 0.14277336
v 0.48924363 0.47913557 0.13283311
v 0.49202985 0.44248652 0.15456186
v 0.47704440 0.45300329 0.14352903
v 0.48350501 0.43718880 0.14992341
v 0.47112077 0.44709271 0.13708968
v 0.47890061 0.43208259 0.14258590
v 0.47785974 0.42738992 0.13393117
v 0.46856725 0.44151154 0.12877336
v 0.46940309 0.43662935 0.11974104
v 0.48011100 0.42347348 0.12492432
v 0.45966458 0.44636503 0.10413260
v 0.46451151 0.44371659 0.09392191
v 0.47835582 0.43161100 0.10179972
v 0.47288913 0.43316931 0.11047725
v 0.50650918 0.42489803 0.10137163
v 0.49459255 0.43633419 0.09063972
v 0.50248528 0.44257444 0.09187670
v 0.51354277 0.42996508 0.10283087
v 0.50264657 0.46911508 0.09300092
v 0.51459724 0.45547917 0.10457788
v 0.50909203 0.44921389 0.09719153
v 0.49699247 0.46239755 0.08502498
v 0.52627635 0.44252506 0.11451943
v 0.51537889 0.45984030 0.11445691
v 0.52584141 0.44713241 0.12513332
v 0.46139270 0.48628813 0.12972666
v 0.47163820 0.49234015 0.12937921
v 0.46399230 0.50863981 0.12041464
v 0.45811957 0.45646816 0.12340137
v 0.46207571 0.46296319 0.13121402
v 0.45308721 0.47927839 0.12531526
v 0.44758797 0.47215942 0.11792102
v 0.43599468 0.46921271 0.07967743
v 0.45056665 0.45650375 0.08666062
v 0.44612980 0.46008065 0.09796145
v 0.45751995 0.45095009 0.11418328
v 0.44536519 0.46565956 0.10862803
v 0.47228980 0.44441214 0.08518808
v 0.48602903 0.43251604 0.09439610
v 0.49721503 0.47942021 0.12420582
v 0.50550020 0.46352309 0.13476960
v 0.51177871 0.46221349 0.12492695
v 0.50264907 0.47773796 0.11424371
v 0.45842415 0.45679659 0.07658113
v 0.48925465 0.49571961 0.11389626
v 0.49389398 0.49356312 0.10302926
v 0.50491720 0.47447312 0.10316950
v 0.49494982 0.48934838 0.09106135
v 0.51340735 0.44919550 0.14530843
v 0.50356108 0.44691372 0.15274185
v 0.48177266 0.49565083 0.12344364
v 0.48158634 0.44842020 0.07989497
v 0.46803910 0.46072727 0.06995229
v 0.47746181 0.46776024 0.06860163
v 0.49022895 0.45515105 0.07999384
v 0.47968799 0.49709272 0.06767640
v 0.49108475 0.48276305 0.08049566
v 0.48497820 0.47549698 0.07267518
v 0.52068526 0.43606803 0.10720314
v 0.48471421 0.50444734 0.07842381
v 0.51372665 0.35843697 0.16985095
v 0.50820613 0.35512483 0.17835678
v 0.50089753 0.35945755 0.17232728
v 0.50709313 0.36364001 0.16362207
v 0.48221779 0.37122226 0.16134201
v 0.47934777 0.36665857 0.17313305
v 0.47366190 0.37607464 0.17579284
v 0.47535199 0.38176811 0.16403422
v 0.50426435 0.35470542 0.18728074
v 0.49672264 0.35773998 0.18083134
v 0.50238287 0.35949624 0.19372436
v 0.51063389 0.35220534 0.19362293
v 0.51178187 0.35763139 0.19991592
v 0.51745641 0.35378546 0.20474268
v 0.52494305 0.36014715 0.20646872
v 0.51778948 0.36880714 0.20182900
v 0.54035604 0.37772092 0.18739299
v 0.54388225 0.36471501 0.19432348
v 0.55174649 0.36549905 0.18554094
v 0.54728621 0.37840223 0.17834312
v 0.55927205 0.36634183 0.16449279
v 0.55393088 0.37899834 0.15908207
v 0.55102360 0.37858689 0.16895579
v 0.55578226 0.36493737 0.17558403
v 0.52352810 0.36349469 0.15773775
v 0.51939964 0.36214760 0.16265631
v 0.51406968 0.36785305 0.15611988
v 0.51857746 0.36991996 0.15083091
v 0.49628145 0.36521441 0.20140973
v 0.49583489 0.36138630 0.19900739
v 0.50519031 0.36538735 0.19855264
v 0.50404638 0.37255681 0.19842876
v 0.51286542 0.38375640 0.12345746
v 0.50709134 0.38524562 0.12915766
v 0.50166726 0.39520642 0.12663744
v 0.50754434 0.39455444 0.11961563
v 0.48182136 0.39276564 0.14690231
v 0.48175699 0.40456134 0.15697779
v 0.48369497 0.40926826 0.15119669
v 0.48700923 0.39804474 0.14081115
v 0.47807419 0.38766742 0.15435654
v 0.47679955 0.39222574 0.17142487
v 0.47880006 0.39911866 0.16319259
v 0.47480249 0.38452226 0.18201938
v 0.51612449 0.39687765 0.11276744
v 0.52156794 0.38836384 0.11350118
v 0.52349377 0.30844426 0.21810991
v 0.52276117 0.31362393 0.21609837
v 0.52660429 0.31098390 0.21196558
v 0.52704495 0.30585691 0.21440592
v 0.53832841 0.40103650 0.11666325
v 0.53247577 0.40613860 0.11411273
v 0.53837812 0.41126472 0.12048590
v 0.54243112 0.40599641 0.12492968
v 0.54489756 0.39406794 0.12016882
v 0.54738873 0.39877036 0.13025980
v 0.53037173 0.31278893 0.22868940
v 0.53082871 0.31859696 0.22648649
v 0.52580494 0.31790105 0.22445630
v 0.52575576 0.31225088 0.22633041
v 0.51824039 0.35315615 0.17631327
v 0.51303381 0.35066223 0.18450730
v 0.52185512 0.33813578 0.19260275
v 0.51791656 0.34118497 0.19737782
v 0.51573890 0.34577483 0.19115780
v 0.52185881 0.34577930 0.18318462
v 0.53424484 0.34938481 0.16589735
v 0.53031433 0.34683079 0.17305507
v 0.52651823 0.35507745 0.16770446
v 0.53059751 0.35726795 0.16025974
v 0.53635877 0.35647780 0.14847122
v 0.53956264 0.35449019 0.14298463
v 0.54391992 0.34798545 0.14740449
v 0.54073292 0.34919012 0.15390098
v 0.54423124 0.33470860 0.16932215
v 0.54774833 0.33472601 0.16465613
v 0.55175984 0.32890156 0.17117119
v 0.54870069 0.32844049 0.17521216
v 0.52794045 0.41163749 0.11162058
v 0.53416228 0.41734493 0.11703677
v 0.56374240 0.36684993 0.14319894
v 0.56898725 0.35756296 0.14604543
v 0.56801707 0.35556358 0.13508169
v 0.56209332 0.36493734 0.13216592
v 0.54287624 0.40917778 0.13575920
v 0.53994840 0.41541234 0.13116267
v 0.53614354 0.31163746 0.22789456
v 0.53672284 0.31755981 0.22579511
v 0.48344958 0.38884014 0.18803248
v 0.48639280 0.39803031 0.17769854
v 0.48872268 0.40561259 0.16932490
v 0.49038935 0.41135862 0.16361800
v 0.48997605 0.41694108 0.16026540
v 0.52699065 0.34127134 0.18221490
v 0.52174753 0.35703391 0.16857906
v 0.52614355 0.36426318 0.15345824
v 0.54117012 0.35970086 0.12594560
v 0.53725427 0.35907325 0.13318382
v 0.53165919 0.36423129 0.13028492
v 0.53752214 0.36608374 0.12103245
v 0.55734080 0.36001372 0.12560724
v 0.56253809 0.35146827 0.12951043
v 0.55597353 0.34810007 0.13058774
v 0.55119252 0.35514885 0.12644042
v 0.49380118 0.36905581 0.20397571
v 0.49904472 0.37812084 0.19789672
v 0.53111732 0.39467460 0.11211157
v 0.52521026 0.40088254 0.11111709
v 0.52044088 0.40725505 0.11046624
v 0.51307648 0.37734675 0.13913709
v 0.51025283 0.37620622 0.14306729
v 0.49847502 0.38431901 0.13700466
v 0.50337696 0.38571745 0.13277479
v 0.49792784 0.36803824 0.15595673
v 0.49197084 0.36352256 0.16571639
v 0.48711187 0.37624586 0.15072130
v 0.49557537 0.39615086 0.13233918
v 0.49196613 0.40494525 0.13163175
v 0.49848360 0.40374541 0.12475507
v 0.50518149 0.40326005 0.11776554
v 0.51288694 0.40434396 0.11213563
v 0.48793089 0.41289169 0.12904213
v 0.49382406 0.41141856 0.12173936
v 0.50098598 0.41115633 0.11487538
v 0.50842476 0.41227412 0.11000113
v 0.53278494 0.43164480 0.12190982
v 0.53675783 0.42264599 0.12665807
v 0.52918541 0.42531508 0.11314413
v 0.48317915 0.41922504 0.14782460
v 0.48439133 0.41568914 0.13792469
v 0.48659289 0.40707022 0.14037231
v 0.48827195 0.42427969 0.15611859
v 0.47774571 0.36429542 0.18277031
v 0.48602498 0.36006272 0.18398327
v 0.48395723 0.35746521 0.19089642
v 0.47674656 0.36086893 0.19071554
v 0.51472116 0.34897426 0.19903620
v 0.51765966 0.34479398 0.20347129
v 0.52124417 0.34870753 0.20847908
v 0.52793854 0.38033539 0.11473323
v 0.52060974 0.37675130 0.12395526
v 0.52643800 0.33560926 0.18970509
v 0.53091943 0.32526818 0.22336946
v 0.52978563 0.33630657 0.21776398
v 0.52403164 0.33516359 0.21541956
v 0.52545458 0.32426375 0.22145760
v 0.53287607 0.33013949 0.19418803
v 0.53440803 0.32478279 0.19993396
v 0.52814037 0.32591224 0.19937663
v 0.52718902 0.33176443 0.19486526
v 0.55138224 0.33460698 0.15844916
v 0.55466384 0.32982942 0.16375738
v 0.54450279 0.34930632 0.19839296
v 0.53558081 0.36469477 0.20273440
v 0.53760052 0.35355362 0.20695202
v 0.53774101 0.34977621 0.15959100
v 0.54438883 0.34163442 0.15911189
v 0.54111075 0.34199381 0.16426039
v 0.52970862 0.33840016 0.18217301
v 0.53255546 0.34062123 0.17701769
v 0.53421301 0.33525705 0.18207583
v 0.53027952 0.33431944 0.18718551
v 0.54992199 0.36878014 0.11997188
v 0.55636257 0.37555164 0.12841807
v 0.52287769 0.31617555 0.22061028
v 0.52336860 0.31071037 0.22257063
v 0.52244771 0.41922575 0.10879689
v 0.51544023 0.41499475 0.10794629
v 0.53350341 0.35757208 0.15432489
v 0.53084719 0.37565365 0.19585650
v 0.52831274 0.36439526 0.14834498
v 0.56649631 0.34419361 0.16340184
v 0.56895590 0.33727702 0.16749297
v 0.56615508 0.33402184 0.16209009
v 0.56534755 0.33979642 0.15697107
v 0.53622365 0.31557539 0.20750639
v 0.53737783 0.30969435 0.21180835
v 0.53183740 0.30951297 0.21064487
v 0.53033781 0.31577143 0.20659821
v 0.52285779 0.33419707 0.19728038
v 0.52335715 0.32770583 0.20155536
v 0.52041209 0.33033225 0.20597970
v 0.51965469 0.33708310 0.20171571
v 0.51979166 0.34023851 0.20688158
v 0.52099174 0.33309874 0.21107419
v 0.54105079 0.31748506 0.21182808
v 0.53925258 0.32661834 0.20503767
v 0.54079998 0.33173925 0.21124668
v 0.54116201 0.32142097 0.21787111
v 0.54856372 0.39139390 0.15401733
v 0.55683470 0.37867278 0.14896095
v 0.55129302 0.39074540 0.14452484
v 0.56339282 0.35407528 0.16952915
v 0.56487697 0.35349315 0.15701018
v 0.56217104 0.36657143 0.15352540
v 0.55804467 0.37804759 0.13951044
v 0.54221010 0.33527371 0.19555241
v 0.54689884 0.33913183 0.19763172
v 0.54106581 0.33943236 0.20344740
v 0.53102046 0.36328116 0.14111160
v 0.52244830 0.32237148 0.21739799
v 0.51284695 0.41800848 0.16818443
v 0.51441616 0.41020644 0.17218013
v 0.52878499 0.41150111 0.16690737
v 0.52484405 0.41999161 0.16285755
v 0.52527428 0.31719157 0.20866832
v 0.52177447 0.31953135 0.21260719
v 0.55645484 0.33393189 0.15383653
v 0.56228930 0.33309466 0.15304512
v 0.56310403 0.33024642 0.15832610
v 0.55871511 0.33017796 0.15958242
v 0.55268544 0.38937202 0.13525228
v 0.57318723 0.35025859 0.14751060
v 0.57229203 0.34735519 0.13774484
v 0.54668546 0.40136230 0.14003846
v 0.54016083 0.41121209 0.14642788
v 0.54396111 0.40261734 0.14965950
v 0.55791497 0.34889078 0.18145943
v 0.54597533 0.39123806 0.16282609
v 0.54084116 0.40273049 0.15833053
v 0.53604323 0.41233307 0.15574181
v 0.53277129 0.41992658 0.15290241
v 0.53736067 0.41821596 0.14286859
v 0.53707194 0.32440192 0.22249821
v 0.54090893 0.31486109 0.22159231
v 0.53084797 0.43562016 0.13298976
v 0.53437901 0.42618287 0.13852939
v 0.52584058 0.43731895 0.14329872
v 0.52975881 0.42786598 0.14885989
v 0.53033358 0.40137750 0.17434396
v 0.53671300 0.40237439 0.16699308
v 0.53577387 0.38980329 0.18047468
v 0.54228872 0.39098865 0.17173228
v 0.55384564 0.35233822 0.19134453
v 0.54086971 0.29855210 0.22383456
v 0.53912216 0.29677120 0.21978801
v 0.53823590 0.30404314 0.21520336
v 0.54080677 0.30571967 0.21979286
v 0.54103190 0.31146029 0.21609029
v 0.54044342 0.30900693 0.22432435
v 0.52561998 0.38664961 0.18869717
v 0.53681511 0.33081064 0.18801585
v 0.51589781 0.39788061 0.18113425
v 0.50672615 0.38788396 0.19210730
v 0.51458794 0.38057113 0.19679283
v 0.49903268 0.40009883 0.18164498
v 0.50065714 0.40907151 0.17382309
v 0.49930042 0.42149687 0.16506454
v 0.50076169 0.41572592 0.16818683
v 0.49676436 0.42959824 0.16087499
v 0.49477756 0.39046705 0.19078565
v 0.52868277 0.29878297 0.21715704
v 0.52449924 0.30110440 0.22062740
v 0.51068169 0.42486417 0.16478364
v 0.50789303 0.43420434 0.16011927
v 0.48835731 0.36075079 0.17574242
v 0.52237272 0.37087154 0.14251530
v 0.52386492 0.37011933 0.13641943
v 0.52633423 0.36986792 0.12713292
v 0.53322279 0.37264851 0.11737309
v 0.51866013 0.43736041 0.15338375
v 0.48488575 0.42092371 0.11681573
v 0.49156159 0.42053527 0.10942402
v 0.52041084 0.44874549 0.13556311
v 0.52400112 0.30324167 0.22496288
v 0.55570376 0.32968974 0.17787638
v 0.55433041 0.32849360 0.17951074
v 0.47253913 0.37148046 0.18468475
v 0.47287381 0.36620593 0.19315650
v 0.48009825 0.37234795 0.20386007
v 0.48084396 0.38078618 0.19636601
v 0.47356898 0.37787336 0.19056182
v 0.47439504 0.37027872 0.19835669
v 0.51501441 0.37730694 0.13580287
v 0.51760489 0.37657261 0.13110402
v 0.55095720 0.38562500 0.12427299
v 0.54437506 0.37883982 0.11630280
v 0.52323443 0.34299308 0.21149464
v 0.52930534 0.34479922 0.21292615
v 0.52824420 0.35198635 0.20992678
v 0.53682792 0.33558789 0.21607552
v 0.53818583 0.33209881 0.19907743
v 0.53911716 0.33173469 0.19385339
v 0.50500876 0.37295446 0.14852887
v 0.49294811 0.38073528 0.14281520
v 0.49214005 0.35820568 0.19378668
v 0.49382401 0.35875592 0.18746841
v 0.53682923 0.34203070 0.17036138
v 0.55857491 0.33829749 0.18930255
v 0.55491781 0.34191304 0.19588357
v 0.53934783 0.33573237 0.17515659
v 0.52594978 0.30434051 0.22891828
v 0.53035128 0.30483860 0.23131797
v 0.53730696 0.34461230 0.21079904
v 0.54798913 0.34096104 0.15261756
v 0.55746943 0.33275908 0.18429977
v 0.55985898 0.33907521 0.18012725
v 0.56616604 0.34537247 0.13286474
v 0.52194846 0.42754662 0.15895081
v 0.53283864 0.30410761 0.21300384
v 0.53426695 0.29707840 0.21633910
v 0.54002708 0.30147004 0.22733596
v 0.53615558 0.30410886 0.23046237
v 0.53787982 0.38733190 0.11383972
v 0.52086574 0.37078023 0.14687970
v 0.49899346 0.42188013 0.10386924
v 0.49057347 0.38165241 0.19885561
v 0.48798674 0.37214792 0.20585968
v 0.54222840 0.33039412 0.18001182
v 0.56902719 0.34623808 0.15417205
v 0.56306869 0.33555353 0.18104690
v 0.56827039 0.33863449 0.17599386
v 0.56605202 0.34530169 0.17302468
v 0.55947089 0.33088517 0.18059167
v 0.53645712 0.29748389 0.23319246
v 0.54031217 0.29511273 0.23012769
v 0.53071880 0.29803771 0.23418981
v 0.52668434 0.29802355 0.23114884
v 0.52490193 0.29758590 0.22719014
v 0.54115331 0.29264748 0.22650160
v 0.53950620 0.29133967 0.22267510
v 0.53494906 0.29204300 0.21927628
v 0.54154563 0.28723717 0.22859846
v 0.54066694 0.28858560 0.23268777
v 0.53042579 0.28514731 0.23854834
v 0.53352571 0.28423056 0.23945220
v 0.53380948 0.28769636 0.23805839
v 0.53150117 0.29086310 0.23716564
v 0.53099531 0.28004816 0.23961397
v 0.53411347 0.27970952 0.24080998
v 0.53754473 0.28375170 0.23845914
v 0.53687292 0.28799981 0.23687366
v 0.53828287 0.27900502 0.24018362
v 0.54102737 0.27802685 0.23733564
v 0.54018688 0.28259173 0.23564336
v 0.53929633 0.28648326 0.23491536
v 0.53677595 0.29163668 0.23557240
v 0.53301734 0.27561677 0.24009301
v 0.53724986 0.27275422 0.23928407
v 0.53846806 0.27494103 0.24113429
v 0.53488016 0.27648497 0.24151196
v 0.52738422 0.29202971 0.23355919
v 0.52825069 0.28535846 0.23540580
v 0.52938408 0.27960494 0.23656276
v 0.53179181 0.27496281 0.23709381
v 0.52716345 0.28421074 0.23192658
v 0.52920014 0.27847666 0.23346986
v 0.53152138 0.27476943 0.23405240
v 0.52822417 0.28245208 0.22843987
v 0.53043729 0.27714959 0.23090406
v 0.52573329 0.29191786 0.22935845
v 0.52646250 0.29065883 0.22527531
v 0.53200024 0.27493608 0.23209082
v 0.53608853 0.27230936 0.23634304
v 0.54172409 0.28223464 0.23297024
v 0.54194975 0.27711928 0.23448491
v 0.54178190 0.28137571 0.23016433
v 0.54165316 0.27630943 0.23203905
v 0.54129165 0.27484089 0.23872007
v 0.54119867 0.27337340 0.23666500
v 0.52550822 0.29616824 0.22285463
v 0.52987522 0.29397893 0.21960144
v 0.53050876 0.28874680 0.22208329
v 0.53203064 0.28071210 0.22527874
v 0.53566319 0.28711528 0.22187011
v 0.53996748 0.28615120 0.22498301
v 0.54036373 0.28037712 0.22779520
v 0.53693414 0.28018293 0.22508398
v 0.53989226 0.27580103 0.22977588
v 0.53719604 0.27558905 0.22828194
v 0.53355724 0.27591693 0.22879130
v 0.53842688 0.27310750 0.23173836
v 0.54013890 0.27292410 0.23398125
v 0.53517592 0.27290568 0.23343110
v 0.53443366 0.27394038 0.23115100
v 0.53680801 0.27375019 0.23034865
v 0.54990983 0.29636803 0.20254533
v 0.54830045 0.30358964 0.20019574
v 0.55182827 0.30225292 0.19620128
v 0.55360740 0.29487073 0.19864988
v 0.55456114 0.30300614 0.21374299
v 0.55426806 0.30994394 0.21163692
v 0.54951525 0.30780050 0.20873693
v 0.55018741 0.30064887 0.21060745
v 0.56115431 0.30329692 0.21175294
v 0.56104517 0.31029898 0.20979236
v 0.55321604 0.31792229 0.20875461
v 0.54995888 0.32997289 0.20222555
v 0.54539341 0.32710958 0.19888611
v 0.54842198 0.31541410 0.20567231
v 0.55607402 0.32159027 0.18380524
v 0.55099118 0.32174832 0.18271430
v 0.54787588 0.30550262 0.20444259
v 0.54879791 0.29822931 0.20656545
v 0.55947089 0.30966556 0.19040036
v 0.56148064 0.30167034 0.19427688
v 0.55657244 0.30138952 0.19390309
v 0.55445349 0.30928147 0.18994661
v 0.54557848 0.32274345 0.18554829
v 0.54144788 0.32368588 0.19061378
v 0.54214710 0.32507697 0.19534522
v 0.56341475 0.31168273 0.19421710
v 0.56028128 0.32385829 0.18847270
v 0.56102496 0.32799828 0.19488119
v 0.56384736 0.31510401 0.20051181
v 0.54593027 0.31320095 0.20139526
v 0.54951137 0.31029755 0.19252361
v 0.54577172 0.31140128 0.19679959
v 0.56016874 0.31834689 0.20667142
v 0.56471562 0.30714375 0.20363629
v 0.56623137 0.28822118 0.20526671
v 0.56478524 0.28576007 0.20148832
v 0.56303149 0.29458201 0.19714788
v 0.56524694 0.29678413 0.20106505
v 0.56435114 0.30363363 0.19793609
v 0.56494725 0.30037335 0.20637277
v 0.55611295 0.28472552 0.20204464
v 0.55199826 0.28645757 0.20572531
v 0.55064702 0.28820413 0.20959571
v 0.55756646 0.33130321 0.20122449
v 0.55181849 0.29064795 0.21317635
v 0.55562240 0.29330850 0.21636461
v 0.55837804 0.29400489 0.19630140
v 0.56067073 0.28454033 0.19999982
v 0.56556493 0.29144952 0.20977724
v 0.56196404 0.29416916 0.21463265
v 0.56292737 0.28595012 0.21682294
v 0.56624973 0.28376341 0.21224621
v 0.55701530 0.28525162 0.21877201
v 0.55323994 0.28355917 0.21555132
v 0.55214077 0.28203237 0.21185704
v 0.56713486 0.28131962 0.20838752
v 0.56596017 0.27951938 0.20492294
v 0.56199318 0.27883187 0.20292301
v 0.56824815 0.27455929 0.21100545
v 0.56766570 0.27565104 0.21501383
v 0.56017810 0.26485386 0.22350326
v 0.56291455 0.26530412 0.22483264
v 0.56189883 0.27019057 0.22306292
v 0.55884075 0.27073517 0.22268395
v 0.56188893 0.27386254 0.22184357
v 0.55903804 0.27703640 0.22137232
v 0.56587344 0.27002493 0.22176203
v 0.56480342 0.27416456 0.22007713
v 0.56742847 0.26492596 0.22398743
v 0.56982571 0.26433256 0.22062057
v 0.56783944 0.26963890 0.21859401
v 0.56682688 0.27317548 0.21756992
v 0.56263500 0.26005438 0.22435986
v 0.56417567 0.26153958 0.22586483
v 0.56426626 0.27859288 0.21894982
v 0.55496734 0.27741891 0.21778916
v 0.55632514 0.27030823 0.21989456
v 0.55843085 0.26371130 0.22116110
v 0.56139410 0.25905162 0.22164065
v 0.55513954 0.26907328 0.21603791
v 0.55768514 0.26271123 0.21803567
v 0.56093705 0.25907895 0.21852665
v 0.55635250 0.26759949 0.21189454
v 0.55904102 0.26174682 0.21468583
v 0.55348778 0.27662566 0.21363901
v 0.55459785 0.27553761 0.20944688
v 0.56120312 0.25940248 0.21624956
v 0.56574237 0.25731251 0.22078720
v 0.56712431 0.25788808 0.22370990
v 0.56843328 0.26022351 0.22590700
v 0.56861633 0.26905087 0.21603338
v 0.56973761 0.26323155 0.21814521
v 0.56929111 0.26794583 0.21345907
v 0.56980032 0.26224685 0.21599680
v 0.57089561 0.26053229 0.22250521
v 0.57015711 0.25916716 0.22073746
v 0.55354375 0.28054851 0.20789631
v 0.55724514 0.27930045 0.20447208
v 0.55822200 0.27436844 0.20605244
v 0.56040412 0.26667646 0.20873104
v 0.56322253 0.27385417 0.20500743
v 0.56725550 0.27371603 0.20753187
v 0.56833220 0.26731309 0.21058246
v 0.56525302 0.26683065 0.20825548
v 0.56862944 0.26197207 0.21371022
v 0.56629664 0.26165026 0.21185482
v 0.56247306 0.26127538 0.21203464
v 0.56775689 0.25871867 0.21604596
v 0.56913048 0.25842083 0.21839681
v 0.56468695 0.25772783 0.21770447
v 0.56372976 0.25885198 0.21502653
v 0.56627333 0.25936928 0.21416855
v 0.56449586 0.30087230 0.18294965
v 0.56311512 0.30675623 0.18104582
v 0.56492287 0.30612707 0.17594519
v 0.56640339 0.30004886 0.17771733
v 0.57194668 0.30571395 0.19070192
v 0.57047164 0.31286106 0.18937524
v 0.56660807 0.31039879 0.18861011
v 0.56836104 0.30406192 0.19012861
v 0.57636338 0.30620530 0.18791558
v 0.57529980 0.31373742 0.18593581
v 0.56855536 0.31970441 0.18730243
v 0.56565779 0.32880080 0.18362950
v 0.56129843 0.32528886 0.18215860
v 0.56432599 0.31659275 0.18638735
v 0.56410152 0.30824834 0.18553141
v 0.56577224 0.30227870 0.18732288
v 0.56993169 0.31356320 0.16832259
v 0.57240856 0.30697414 0.17180100
v 0.56853819 0.30621943 0.17253737
v 0.56609440 0.31292850 0.16932225
v 0.55826044 0.32325146 0.16798224
v 0.55661100 0.32301056 0.17358623
v 0.55828428 0.32349300 0.17825045
v 0.57422203 0.31568477 0.17080134
v 0.56982309 0.32605544 0.16611692
v 0.57257766 0.32895482 0.17190215
v 0.57609367 0.31912041 0.17663756
v 0.56182635 0.31406203 0.18296552
v 0.56226552 0.31245920 0.17281884
v 0.56060439 0.31277919 0.17822744
v 0.57347482 0.32101101 0.18328366
v 0.57758105 0.31201446 0.17964314
v 0.58033955 0.29312021 0.18159087
v 0.57784766 0.29133269 0.17843425
v 0.57458884 0.30058166 0.17406523
v 0.57791305 0.30247915 0.17711869
v 0.57622248 0.30892956 0.17401835
v 0.57874775 0.30477530 0.18247522
v 0.56923801 0.29112029 0.18063739
v 0.56690139 0.29202884 0.18513593
v 0.56796455 0.29344431 0.18939786
v 0.57078826 0.33051068 0.17953399
v 0.56545746 0.32394886 0.16315211
v 0.57014453 0.29477897 0.19194348
v 0.57349032 0.29599303 0.19300181
v 0.57035661 0.29997838 0.17452045
v 0.57345951 0.29100710 0.17781666
v 0.58055043 0.29529530 0.18621311
v 0.57803744 0.29681718 0.19080295
v 0.57931274 0.28986427 0.19290136
v 0.58220834 0.28878546 0.18849312
v 0.57483727 0.28887829 0.19530720
v 0.57156479 0.28794634 0.19361143
v 0.56951481 0.28728196 0.19083230
v 0.58186537 0.28677335 0.18419001
v 0.57961541 0.28532702 0.18149896
v 0.57526869 0.28557470 0.18036497
v 0.58320069 0.28178945 0.18568434
v 0.58329356 0.28245211 0.19034597
v 0.57779586 0.27130449 0.19937634
v 0.57999945 0.27154702 0.19963402
v 0.57871920 0.27592379 0.19781500
v 0.57639587 0.27610636 0.19831949
v 0.57848579 0.27953044 0.19698933
v 0.57648706 0.28231791 0.19698095
v 0.58241767 0.27646595 0.19661251
v 0.58119994 0.28048778 0.19542077
v 0.58393276 0.27192232 0.19800930
v 0.58556890 0.27180687 0.19425057
v 0.58388942 0.27634120 0.19293846
v 0.58307707 0.28000459 0.19272032
v 0.58016551 0.26734540 0.19977349
v 0.58166945 0.26855394 0.20022132
v 0.58038831 0.28423175 0.19431223
v 0.57297719 0.28259447 0.19504522
v 0.57400173 0.27604985 0.19663456
v 0.57566535 0.27065638 0.19769779
v 0.57822627 0.26674283 0.19744985
v 0.57258034 0.27567196 0.19355890
v 0.57463253 0.27022865 0.19485478
v 0.57697433 0.26703754 0.19461480
v 0.57221711 0.27523139 0.19003743
v 0.57470447 0.26998952 0.19178888
v 0.57108629 0.28215602 0.19187941
v 0.57052946 0.28197351 0.18802525
v 0.57664895 0.26772171 0.19256930
v 0.58213323 0.26515421 0.19497404
v 0.58410639 0.26586553 0.19768998
v 0.58518916 0.26806244 0.19915125
v 0.58484739 0.27649370 0.18995892
v 0.58592755 0.27137515 0.19141068
v 0.58405310 0.27612153 0.18719918
v 0.58490098 0.27082729 0.18928643
v 0.58639735 0.26884103 0.19584695
v 0.58611625 0.26775655 0.19411898
v 0.56892502 0.28670996 0.18701464
v 0.57102740 0.28612867 0.18287553
v 0.57232076 0.28159717 0.18449301
v 0.57440197 0.27468726 0.18660210
v 0.57654059 0.28131992 0.18218888
v 0.58062088 0.28111109 0.18328364
v 0.58199692 0.27541155 0.18556425
v 0.57837892 0.27512518 0.18478777
v 0.58281606 0.27036998 0.18764685
v 0.57995397 0.27006462 0.18721029
v 0.57679939 0.26969555 0.18883476
v 0.58249778 0.26721630 0.19003433
v 0.58470565 0.26722592 0.19187951
v 0.57991785 0.26588443 0.19280851
v 0.57838142 0.26720580 0.19096367
v 0.58048379 0.26771984 0.18913351
v 0.56166357 0.32374692 0.16434024
v 0.57732850 0.31330046 0.15213591
v 0.57504845 0.31808144 0.15162404
v 0.57581276 0.31811920 0.14754643
v 0.57804567 0.31341162 0.14799729
v 0.58567905 0.31718606 0.15769047
v 0.58348864 0.32293132 0.15734030
v 0.57940376 0.32078627 0.15784828
v 0.58176965 0.31528512 0.15834893
v 0.58892751 0.31841895 0.15354042
v 0.58693844 0.32437381 0.15284492
v 0.58008671 0.32926419 0.15621646
v 0.57420921 0.33916098 0.15482041
v 0.57048082 0.33492330 0.15506968
v 0.57594204 0.32670400 0.15662357
v 0.56899947 0.34050614 0.13570149
v 0.57261711 0.33420524 0.13773927
v 0.56941664 0.33210289 0.14000617
v 0.56457645 0.33849034 0.13720223
v 0.57627290 0.31899276 0.15555163
v 0.57882410 0.31390700 0.15592678
v 0.57795054 0.32556245 0.14048265
v 0.58130330 0.32011923 0.14205405
v 0.57804030 0.31872949 0.14418618
v 0.57472908 0.32371315 0.14267585
v 0.56194866 0.33636513 0.14141645
v 0.56729066 0.33084241 0.14383423
v 0.56639338 0.33099654 0.14811997
v 0.56058985 0.33483297 0.14679874
v 0.56757879 0.33185709 0.15193808
v 0.58149540 0.32813516 0.14108191
v 0.57590449 0.33702469 0.13836448
v 0.57840681 0.34046644 0.14191131
v 0.58412528 0.33026099 0.14519201
v 0.57311749 0.32440549 0.15424857
v 0.57264751 0.32295889 0.14614363
v 0.57190263 0.32320234 0.15037239
v 0.58346826 0.33119127 0.15170795
v 0.58728123 0.32380274 0.14693737
v 0.59009612 0.31008992 0.14464885
v 0.58701706 0.30886596 0.14370465
v 0.58383656 0.31510502 0.14272046
v 0.58746636 0.31680542 0.14359243
v 0.58503193 0.32215518 0.14274102
v 0.58952570 0.31806535 0.14780049
v 0.58104908 0.30735010 0.14854495
v 0.58026099 0.30689543 0.15273073
v 0.58156502 0.30748543 0.15633127
v 0.57788140 0.34220663 0.14971194
v 0.58431858 0.30836895 0.15856984
v 0.58792454 0.30991030 0.15823515
v 0.58041126 0.31398791 0.14466521
v 0.58355451 0.30796996 0.14539383
v 0.59187478 0.31106362 0.14863676
v 0.59101975 0.31133485 0.15421160
v 0.59316432 0.30575421 0.15512586
v 0.59414816 0.30548376 0.14965226
v 0.58975309 0.30444413 0.15878230
v 0.58618617 0.30344036 0.15891454
v 0.58367670 0.30294725 0.15631239
v 0.59196126 0.30488375 0.14549045
v 0.58907086 0.30424586 0.14490241
v 0.58588624 0.30389509 0.14648175
v 0.59396744 0.30002108 0.14677057
v 0.59603381 0.29989144 0.15090629
v 0.59269977 0.29001212 0.16013624
v 0.59467137 0.29086050 0.15979508
v 0.59351182 0.29392320 0.15913659
v 0.59137762 0.29412496 0.16003826
v 0.59318042 0.29729813 0.15852208
v 0.59124720 0.29924709 0.15915388
v 0.59623039 0.29500678 0.15699005
v 0.59504414 0.29833406 0.15624593
v 0.59785348 0.29125294 0.15761492
v 0.59850699 0.29093689 0.15321822
v 0.59746683 0.29472667 0.15273398
v 0.59649169 0.29780114 0.15316790
v 0.59479898 0.28668779 0.15948671
v 0.59612286 0.28813154 0.15988755
v 0.59432822 0.30132273 0.15580766
v 0.58781838 0.29904866 0.15920894
v 0.58910954 0.29386994 0.15964533
v 0.59088433 0.28861448 0.15953769
v 0.59322399 0.28546047 0.15784764
v 0.58731943 0.29384038 0.15749305
v 0.58940822 0.28885427 0.15723118
v 0.59153414 0.28605163 0.15596379
v 0.58620745 0.29448268 0.15456462
v 0.58860230 0.28962585 0.15482508
v 0.58533692 0.29925752 0.15709780
v 0.58420044 0.29980600 0.15388481
v 0.59050995 0.28720728 0.15461473
v 0.59543133 0.28509703 0.15507199
v 0.59748709 0.28577188 0.15654403
v 0.59900391 0.28785932 0.15782611
v 0.59718329 0.29476327 0.15004155
v 0.59801286 0.29023767 0.15082352
v 0.59527755 0.29497969 0.14773586
v 0.59621513 0.28961015 0.14944662
v 0.59940124 0.28836837 0.15439413
v 0.59840745 0.28711697 0.15310048
v 0.58245820 0.30286649 0.15308940
v 0.58319390 0.30329296 0.14959525
v 0.58476979 0.30008048 0.15013507
v 0.58673924 0.29495284 0.15117204
v 0.58749068 0.30025667 0.14713000
v 0.59076482 0.30023101 0.14577384
v 0.59249675 0.29490840 0.14710218
v 0.58926827 0.29495999 0.14815812
v 0.59369928 0.28969511 0.14907758
v 0.59111577 0.28982726 0.14996628
v 0.58907777 0.28987798 0.15222779
v 0.59405404 0.28668830 0.15159848
v 0.59632450 0.28644374 0.15198763
v 0.59326982 0.28565192 0.15391614
v 0.59133166 0.28701553 0.15313408
v 0.59227598 0.28739154 0.15155332
v 0.57222754 0.34227887 0.13647452
v 0.49228162 0.36053920 0.21199058
v 0.49467158 0.35729671 0.20877160
v 0.48862284 0.35161275 0.20070261
v 0.48193783 0.35175115 0.19869584
v 0.47562033 0.35476470 0.19978550
v 0.47336143 0.35852930 0.20350096
v 0.47477603 0.36163843 0.20808727
v 0.49329650 0.35393000 0.20491242
v 0.48694301 0.36352769 0.21394230
v 0.47978568 0.36396623 0.21250504
v 0.47899544 0.35653770 0.22084999
v 0.48634249 0.35673046 0.22186153
v 0.47364223 0.35442418 0.21642408
v 0.47219974 0.35189813 0.21085480
v 0.47459841 0.34949034 0.20606424
v 0.49223912 0.35457653 0.21901822
v 0.49427229 0.35179567 0.21466863
v 0.49208027 0.34892571 0.20966774
v 0.49150568 0.34893450 0.22613440
v 0.48615718 0.34862509 0.23136498
v 0.47220820 0.33721066 0.23215789
v 0.47364652 0.33952603 0.23572862
v 0.47362709 0.34259322 0.23217531
v 0.47161180 0.34115976 0.22830309
v 0.47464067 0.34495133 0.23015088
v 0.47299755 0.34639633 0.22510809
v 0.47805429 0.34438553 0.23631337
v 0.47847921 0.34622800 0.23325068
v 0.48389226 0.34456897 0.23819800
v 0.48272538 0.34670961 0.23536569
v 0.47757310 0.34156477 0.24032131
v 0.47423738 0.33694792 0.23904294
v 0.47761059 0.33785534 0.24237539
v 0.47397256 0.33432394 0.23712786
v 0.47874641 0.34905285 0.22903951
v 0.47161531 0.34554094 0.21759397
v 0.47142839 0.33957046 0.22346908
v 0.47280496 0.33485323 0.22887288
v 0.47577584 0.33185840 0.23418999
v 0.47432321 0.33759224 0.21939887
v 0.47626859 0.33312374 0.22607517
v 0.47871876 0.33131045 0.23121831
v 0.47998047 0.33661520 0.21748701
v 0.48050439 0.33291736 0.22499293
v 0.47441250 0.34385085 0.21142147
v 0.47992408 0.34292132 0.20868723
v 0.48101723 0.33164522 0.22947173
v 0.48054332 0.33188429 0.23846838
v 0.47847766 0.33380660 0.24193758
v 0.48787844 0.34397760 0.23652269
v 0.48299158 0.34186649 0.24173357
v 0.48681563 0.34011751 0.24026793
v 0.49098617 0.34301391 0.23245499
v 0.48908371 0.33805966 0.23705764
v 0.48169917 0.33892518 0.24363667
v 0.48390830 0.33653536 0.24260347
v 0.48045802 0.34756637 0.20374388
v 0.48683691 0.34723389 0.20531704
v 0.48626512 0.34309089 0.21035828
v 0.48581499 0.33745438 0.21886019
v 0.49165291 0.34445029 0.21510884
v 0.49379057 0.34700298 0.22097561
v 0.49198276 0.34097281 0.22809587
v 0.49046147 0.33888420 0.22295362
v 0.48944288 0.33627605 0.23308945
v 0.48812592 0.33485988 0.22937094
v 0.48458695 0.33363613 0.22651556
v 0.48617119 0.33342254 0.23529798
v 0.48552591 0.33431837 0.23932421
v 0.48221952 0.33167750 0.23459475
v 0.48352158 0.33212304 0.23119245
v 0.48608994 0.33322605 0.23231155
v 0.55994380 0.34269276 0.13394208
v 0.55618489 0.34064388 0.13882825
v 0.55158490 0.34664413 0.13527429
v 0.54635882 0.35315442 0.13062395
v 0.54685521 0.36080390 0.12278067
v 0.54272193 0.35313451 0.13695703
v 0.54806054 0.34647748 0.14115463
v 0.55355430 0.33895367 0.14622632
v 0.53586364 0.35888419 0.13925889
v 0.04012946 1.03743422 0.20253971
v 0.04343297 1.03656578 0.20045479
v 0.04475264 1.03046358 0.19776312
v 0.04227594 1.03018546 0.19978802
v 0.03907844 1.03012621 0.20162281
v 0.03528066 1.03037953 0.20287946
v 0.03001230 1.03807759 0.20446481
v 0.03551463 1.03853881 0.20426494
v 0.02017551 1.03223538 0.20215431
v 0.02222668 1.03383124 0.20199358
v 0.02100768 1.03131950 0.20258719
v 0.02716772 1.03100109 0.20339803
v 0.02341590 1.03137076 0.20259008
v 0.04714729 1.03394639 0.19628996
v 0.04791795 1.03275418 0.19501711
v 0.04560979 1.03520846 0.19834006
v 0.03122129 1.03067064 0.20355830
v 0.04780402 1.03160298 0.19478877
v 0.04666721 1.03084600 0.19579735
v 0.02539782 1.03641057 0.20323265
v 0.03963587 1.03258443 0.20168836
v 0.03554891 1.03287566 0.20312354
v 0.03086911 1.03577065 0.20434827
v 0.03583070 1.03580189 0.20377800
v 0.02745222 1.03301227 0.20368576
v 0.02511903 1.03276527 0.20299947
v 0.04244256 1.03223729 0.19982024
v 0.03126568 1.03315878 0.20392416
v 0.04013251 1.03530741 0.20204455
v 0.02446924 1.03366685 0.20281929
v 0.02661021 1.03495145 0.20379853
v 0.04711622 1.03277636 0.19568554
v 0.04695189 1.03235614 0.19560781
v 0.00163003 0.77659261 0.16268685
v 0.00072745 0.75878495 0.16765028
v 0.04292382 1.03463888 0.19999225
v 0.04611881 1.03212237 0.19654225
v 0.04446741 1.03228259 0.19807819
v 0.04483810 1.03387570 0.19815475
v 0.04628291 1.03325200 0.19661744
v 0.25989264 0.69351166 0.09624637
v 0.24949242 0.68076813 0.09355062
v 0.29125446 0.72754502 0.06156327
v 0.29040855 0.73415959 0.03894528
v 0.04356776 0.45195669 0.15445828
v 0.11162109 0.56133807 -0.03642622
v 0.11420668 0.58022892 -0.03463906
v 0.03660257 0.58811718 -0.06894311
v 0.05709843 0.58400601 -0.06682661
v 0.13785662 0.52999496 0.08309680
v 0.13632634 0.51007700 0.07712243
v 0.09063367 0.50774419 0.13840036
v 0.08815331 0.48436141 0.13139991
v 0.12341328 0.47976273 0.09305292
v 0.08039447 0.53598100 -0.06727299
v 0.07747126 0.55684966 -0.06338173
v 0.09587867 0.55079675 -0.05301979
v 0.09947625 0.53140569 -0.05792820
v 0.01646549 0.56635058 -0.06823725
v 0.01610995 0.58950466 -0.06493866
v 0.14782467 0.55891907 0.06273808
v 0.14937614 0.56763172 0.03472134
v 0.13436519 0.58737212 -0.01445560
v 0.11901063 0.59855014 -0.03234798
v 0.08135448 0.62145841 -0.05494854
v 0.10112560 0.61037296 -0.04498014
v 0.07340549 0.52777070 0.16002904
v 0.05339982 0.55046773 0.17468964
v 0.13935488 0.55103058 0.08967557
v 0.00262108 0.51992011 0.17999344
v 0.03891180 0.66156662 -0.06290331
v 0.06298652 0.65537924 -0.06017093
v 0.14488751 0.57714951 0.00844138
v 0.01580067 0.71095693 0.17934567
v 0.01455045 0.69413608 0.18223380
v 0.03371164 0.69776279 0.18488257
v 0.03539545 0.71443820 0.18078630
v 0.05178014 0.69967663 0.18559542
v 0.06888471 0.70099896 0.18432269
v 0.08529027 0.70185351 0.18168902
v 0.12675571 0.69891381 0.16678019
v 0.11451393 0.70080769 0.17283390
v 0.14600800 0.69236577 0.14964813
v 0.13741957 0.69635874 0.15947947
v 0.15033044 0.68530273 0.13606913
v 0.15129495 0.67751038 0.11898242
v 0.15399417 0.66982758 0.10032257
v 0.15671153 0.68265164 0.09660233
v 0.14679739 0.66441703 0.12358085
v 0.14424229 0.67286062 0.13972811
v 0.13937148 0.67935473 0.15338731
v -0.00206234 0.65118921 0.18029369
v 0.00006760 0.62693179 0.17944930
v 0.00155689 0.79339004 0.15766403
v 0.41519505 0.54103297 0.01929783
v 0.46932852 0.46971372 0.13686244
v 0.02530758 0.85473943 0.00027442
v 0.00660416 0.85055518 0.00205389
v -0.00946039 0.83810097 -0.00265639
v -0.00981876 0.84815598 0.00332123
v 0.10864763 0.87021875 0.03495478
v 0.09145646 0.86409247 0.01428962
v 0.06936391 0.85701233 0.00029922
v 0.04694794 0.85047567 -0.00551048
v 0.12586115 0.56529683 0.11938123
v 0.02748940 0.82203686 -0.01896180
v 0.04848596 0.84024346 -0.01247314
v 0.07275102 0.84693980 -0.00730781
v 0.09796599 0.85367233 0.00495929
v 0.12306590 0.85958278 0.02703252
v 0.14179097 0.85386324 0.03506213
v 0.16451097 0.83232516 0.02561630
v 0.17701013 0.82738507 0.02964961
v 0.18310326 0.83686382 0.04797386
v 0.19777393 0.83038020 0.05082405
v 0.19172253 0.82220459 0.03286124
v 0.26703513 0.75750035 0.03183796
v 0.27461892 0.74511391 0.02540557
v 0.27575666 0.73448282 0.01529801
v 0.27187759 0.72461796 0.00536460
v 0.26354444 0.71631521 -0.00204635
v 0.25118667 0.71085823 -0.00643682
v 0.23648331 0.71066386 -0.00702557
v 0.19906121 0.72170460 0.00081289
v 0.18870142 0.72623909 0.00366327
v 0.16769093 0.71274829 -0.00379485
v 0.16270673 0.70813656 -0.00722912
v 0.13405599 0.67479044 -0.02512112
v 0.14430134 0.68702579 -0.01911619
v 0.12416247 0.66028321 -0.03259055
v 0.10006918 0.43603164 -0.10295016
v 0.09511033 0.45343655 -0.09282072
v 0.11354446 0.45321077 -0.08138296
v 0.11745460 0.43576100 -0.08986324
v 0.02129223 0.49111891 -0.08712372
v 0.04488208 0.49242219 -0.08701505
v 0.15105124 0.43020785 0.00325945
v 0.15043293 0.43955779 -0.02330871
v 0.14249799 0.44644257 -0.04686154
v 0.12968197 0.45090204 -0.06607226
v 0.14467332 0.41897711 0.02761650
v 0.05757115 0.35706663 0.10278422
v 0.07784998 0.36779848 0.09200233
v -0.00269549 0.33981228 0.11347291
v 0.01681121 0.34311968 0.11288691
v 0.13280722 0.40609744 0.04790695
v 0.03691583 0.34864911 0.10974286
v 0.09766205 0.37995857 0.07978150
v 0.11692820 0.39277583 0.06493220
v 0.09186107 0.47206894 -0.08593935
v 0.07113732 0.47138879 -0.09226905
v 0.06705394 0.49325165 -0.08458911
v 0.03021694 0.72889763 -0.05416922
v 0.05120065 0.73075950 -0.05684325
v 0.07171643 0.73399252 -0.05636582
v 0.08755060 0.75594300 -0.04784083
v 0.10622374 0.75969744 -0.04008214
v 0.10909135 0.74304789 -0.04276705
v 0.09080607 0.73828048 -0.05042100
v 0.13844556 0.76464391 -0.02277914
v 0.15198535 0.76604629 -0.01670459
v 0.15233248 0.75284868 -0.01818131
v 0.14066370 0.75061828 -0.02411999
v 0.16329955 0.75454295 -0.01299015
v 0.17298795 0.75445139 -0.00830959
v 0.18193124 0.75320935 -0.00398815
v 0.19427621 0.75030094 -0.00393599
v 0.20137978 0.77074671 -0.00215137
v 0.18841575 0.77485394 -0.00350641
v 0.13909322 0.77966392 -0.01911834
v 0.12286662 0.77837646 -0.02713439
v 0.02626622 0.76447499 -0.04505256
v 0.00801261 0.76189083 -0.03994659
v 0.15891080 0.66672611 0.08033386
v 0.16361497 0.66527349 0.05932784
v 0.16622321 0.66697043 0.03958642
v 0.16560262 0.67135286 0.02233469
v 0.16293280 0.67800027 0.00773878
v 0.15792947 0.68579078 -0.00472307
v 0.15143386 0.69537967 -0.01483816
v 0.15719222 0.70244867 -0.01110373
v 0.14422408 0.70615053 -0.02277216
v 0.15186086 0.71237469 -0.01775900
v 0.13692765 0.71855748 -0.02894053
v 0.13025330 0.73261184 -0.03277959
v 0.12553471 0.74725962 -0.03333104
v 0.12293970 0.76258677 -0.03122711
v 0.08673954 0.77366167 -0.04283839
v 0.10557567 0.77672625 -0.03557664
v 0.06711860 0.78814548 -0.04074809
v 0.06885377 0.80432171 -0.03273284
v 0.06756599 0.75287926 -0.05350243
v 0.06663272 0.77062792 -0.04801719
v 0.06822070 0.88553190 0.04016437
v 0.04874172 0.88048357 0.02781004
v 0.23507179 0.72752237 -0.00457123
v 0.24305682 0.72080982 -0.00498620
v 0.23322226 0.71925062 -0.00599793
v 0.22994959 0.72464925 -0.00533117
v 0.25158393 0.72570562 -0.00184323
v 0.24616222 0.73997563 0.00200546
v 0.25807178 0.73343420 0.00318888
v 0.24087088 0.73300141 -0.00238882
v 0.26170611 0.74200249 0.01038457
v 0.24983291 0.74810714 0.00680421
v 0.26196468 0.75083101 0.01725157
v 0.25153160 0.75544631 0.01228559
v 0.25183707 0.76083338 0.01667725
v 0.25808769 0.75990403 0.02210125
v 0.22290093 0.78335881 0.01143939
v 0.23476164 0.77520895 0.01376808
v 0.24505602 0.76696175 0.01563100
v 0.20612459 0.74642551 -0.00388524
v 0.21891184 0.74293458 -0.00358009
v 0.23028849 0.73832893 -0.00302666
v 0.23508857 0.74591464 0.00011156
v 0.22302110 0.75091666 -0.00165197
v 0.20995185 0.75518829 -0.00319742
v 0.02676153 0.74861628 -0.04959403
v 0.04678093 0.75030327 -0.05287394
v 0.16382214 0.76641768 -0.01186702
v 0.17389621 0.76560789 -0.00786409
v 0.18458173 0.76339686 -0.00495292
v 0.19702753 0.75966591 -0.00412010
v 0.17685136 0.77740484 -0.00586960
v 0.16545540 0.77907312 -0.00932695
v 0.15302821 0.77968746 -0.01374575
v 0.04627160 0.76780033 -0.04767185
v 0.00844789 0.74644327 -0.04535958
v 0.18754791 0.78207427 0.12496564
v 0.19659603 0.80545425 0.11716295
v 0.20409173 0.82322550 0.09906337
v 0.20358658 0.83127409 0.07440986
v -0.01258875 0.87718308 0.02396244
v 0.32815129 0.58208507 0.01554492
v -0.00582775 0.68739510 -0.05526826
v -0.00696024 0.70842558 -0.05251515
v -0.00326024 0.61368442 -0.05790527
v -0.00394352 0.63900661 -0.05767438
v 0.04099053 0.51754606 -0.07907255
v 0.01877410 0.51770443 -0.07839254
v 0.01688671 0.54253143 -0.07232973
v -0.00092128 0.46699554 -0.09768867
v -0.00251440 0.49031788 -0.08567336
v -0.00391133 0.54200631 -0.06674668
v -0.00330980 0.56669128 -0.06262183
v 0.01559491 0.66306579 -0.05998956
v 0.01034241 0.72819364 -0.05062211
v -0.00816586 0.74607694 -0.04304209
v -0.00812336 0.76158649 -0.03734890
v -0.00831380 0.77600539 -0.03167418
v 0.09230144 0.67101979 0.18609777
v 0.09595588 0.68634331 0.18246280
v 0.08185603 0.68628567 0.18632357
v 0.07956243 0.67118633 0.18956979
v 0.11506128 0.67106897 0.17474826
v 0.12059697 0.68484765 0.17105214
v 0.10915918 0.68587625 0.17733645
v 0.10410576 0.67127246 0.18090890
v 0.13078338 0.68266511 0.16341862
v 0.12455165 0.66953492 0.16694100
v 0.08954560 0.65543294 0.18898892
v 0.10068068 0.65631896 0.18339619
v 0.07732954 0.65521151 0.19152461
v 0.11881103 0.65613276 0.16956042
v 0.11031168 0.65664077 0.17698485
v 0.00950474 0.90959406 0.20583045
v 0.01109922 0.91570359 0.22118300
v 0.00798783 0.96120715 0.23431142
v 0.00738501 0.96592069 0.23201390
v -0.00234146 0.89299834 0.18587087
v -0.00514017 0.88319385 0.18116687
v 0.00465008 0.94165760 0.23301829
v 0.00475530 0.92693174 0.23348765
v 0.00511100 0.98958719 0.23442480
v 0.00503183 0.98570126 0.23331042
v 0.00560822 0.97375762 0.23516637
v 0.00577520 0.96959323 0.23389688
v -0.00770036 0.87299967 0.17459156
v 0.00009939 0.90097487 0.19357339
v -0.01127803 0.85034156 0.16115981
v -0.01219276 0.83955932 0.15525028
v 0.00007199 0.83007014 0.15134779
v 0.00051426 0.81888127 0.15053430
v -0.00275209 0.67192024 0.17918940
v -0.00209334 0.72437876 0.17420563
v -0.00251063 0.70742828 0.17621763
v -0.00090020 0.74137145 0.17164612
v 0.00113955 0.80695677 0.15323631
v -0.00980945 0.86192203 0.16746296
v 0.00561945 0.95604801 0.23401710
v 0.00469009 0.95008993 0.23173229
v 0.00519776 0.98140705 0.23350118
v 0.00541723 0.97763640 0.23438773
v -0.01584372 0.77483076 0.16117458
v -0.01719383 0.75714338 0.16671106
v -0.00267902 0.68980294 0.17788227
v -0.01917014 0.64883280 0.17385678
v -0.02011857 0.62424779 0.17368297
v -0.01483304 0.79164612 0.15618590
v -0.02033680 0.59726644 0.17501597
v 0.16139543 0.26835847 -0.09278725
v 0.14686808 0.25178072 -0.11327273
v 0.13690810 0.26812711 -0.12569812
v 0.14889896 0.28035176 -0.11102821
v 0.15557556 0.31932959 -0.08977535
v 0.15569744 0.34334090 -0.08096692
v 0.15546741 0.36936975 -0.07250941
v 0.11877809 0.26023102 -0.13992992
v 0.09361815 0.27836365 -0.15786514
v 0.09627241 0.25608420 -0.15032032
v 0.14340957 0.37060681 -0.09690778
v 0.14359690 0.34536242 -0.10521439
v 0.14137289 0.28792855 -0.12127104
v 0.14331640 0.30120629 -0.11733975
v 0.15560357 0.29734075 -0.09908548
v 0.11552048 0.28043488 -0.14620569
v 0.13147165 0.28362185 -0.13269261
v 0.05942556 0.43429983 -0.11793436
v 0.06371607 0.41623962 -0.13023436
v 0.03664562 0.41581821 -0.13387790
v 0.13313378 0.43459624 -0.07277054
v 0.12258568 0.41756111 -0.09916547
v 0.00362341 0.26481637 -0.14861962
v 0.13114409 0.30141571 -0.13391963
v 0.09175747 0.30184841 -0.16087905
v 0.11454862 0.30184305 -0.14870569
v 0.09133059 0.37454575 -0.14577067
v 0.11177962 0.37309927 -0.13341823
v 0.11223660 0.34875166 -0.14238539
v 0.09157430 0.35081759 -0.15478018
v 0.12862138 0.37129456 -0.11738777
v 0.12636578 0.39596599 -0.10846022
v 0.08917741 0.39699596 -0.13525417
v 0.10909886 0.39677134 -0.12357005
v 0.10491402 0.41800088 -0.11302976
v 0.12937969 0.34623784 -0.12573013
v 0.09144842 0.32586533 -0.15992594
v 0.06474189 0.32624024 -0.16790587
v 0.03608583 0.32666078 -0.16895980
v 0.00733481 0.32510498 -0.16845408
v 0.00761142 0.34995040 -0.16593221
v 0.08554934 0.41752696 -0.12369803
v 0.07565489 0.45304155 -0.10089470
v 0.08090878 0.43580788 -0.11196652
v 0.06312896 0.51656193 -0.07689288
v 0.19439590 0.04442006 0.06423936
v 0.00600810 0.17961502 -0.03003040
v 0.01017009 0.17428783 -0.00488327
v 0.17059736 0.29390365 0.02937457
v 0.18021329 0.28305721 -0.04605241
v 0.16628471 0.29125988 -0.07580480
v 0.02509875 0.17486218 0.03798600
v 0.04005817 0.18435919 0.06048129
v 0.15277669 0.28312877 0.05669433
v 0.11247323 0.23598686 0.08139113
v 0.01607781 0.17252982 0.01609140
v 0.14394599 0.32246187 -0.11193201
v 0.12994143 0.32264066 -0.13138726
v 0.11301689 0.32446143 -0.14753199
v 0.06440547 0.30203506 -0.16780725
v 0.03455676 0.30322155 -0.16811848
v 0.00598625 0.30321130 -0.16609383
v 0.01065927 0.21875253 0.08613534
v -0.00474034 0.22529957 0.08671603
v 0.00358909 0.22919416 0.08765097
v -0.01634360 0.23965609 0.08785091
v -0.01591291 0.22234604 0.08471020
v -0.00198672 0.20982563 0.08232491
v -0.01517312 0.20700389 0.07968599
v -0.01427475 0.19429684 0.07025863
v 0.05544477 0.34086990 0.09384389
v 0.07678746 0.35127828 0.08494097
v -0.00326767 0.32382450 0.10378423
v 0.01481214 0.32732865 0.10300637
v 0.13652594 0.39049512 0.04384690
v 0.03437440 0.33262691 0.09992447
v 0.09822806 0.36335737 0.07428708
v 0.11955909 0.37704229 0.06041995
v 0.00618110 0.39688590 -0.14839655
v 0.00412106 0.41715902 -0.13578507
v -0.02033134 0.32160053 0.10219787
v 0.00338788 0.91583639 0.22237432
v 0.00163610 0.90841901 0.20658205
v -0.00074744 1.10284054 0.19659030
v -0.01193210 0.91212356 0.05278157
v 0.00281029 1.05164993 0.21832374
v 0.00543204 0.96586823 0.23205097
v 0.00548869 0.99213266 0.23700283
v -0.01279929 0.82917708 0.14996706
v -0.01331290 0.81721997 0.14781594
v -0.00598954 0.18194771 -0.02255842
v -0.01401011 0.80508363 0.15120207
v -0.00324023 0.18666103 -0.03912684
v -0.00343975 0.58958292 -0.05932191
v 0.27447248 -0.40683311 -0.06935446
v 0.27077752 -0.40343469 -0.08393560
v 0.28104508 -0.43218881 -0.08168285
v 0.28306776 -0.43585449 -0.06706214
v 0.28342479 -0.39195502 -0.11431850
v 0.27397287 -0.39719421 -0.10528374
v 0.29791355 -0.38797504 -0.11708100
v 0.31219596 -0.38661069 -0.11224167
v 0.31527120 -0.41651422 -0.11175615
v 0.30275953 -0.41740388 -0.11861652
v 0.32240576 -0.38654929 -0.10351098
v 0.33425552 -0.41726238 -0.09373578
v 0.32992721 -0.38752848 -0.09220052
v 0.33347923 -0.38979757 -0.07370442
v 0.33653730 -0.41920108 -0.07545061
v 0.33067220 -0.39722651 -0.05368350
v 0.33468598 -0.42663163 -0.05575034
v 0.31897646 -0.40533352 -0.04162522
v 0.28407496 -0.41031164 -0.05541322
v 0.29054552 -0.43951482 -0.05165842
v 0.28932768 -0.42099601 -0.11647725
v 0.28286350 -0.42658108 -0.10524118
v 0.28163701 -0.42924923 -0.09304690
v 0.27144736 -0.40040439 -0.09570976
v 0.28693181 -0.46149260 -0.07977220
v 0.28541428 -0.46437913 -0.06349197
v 0.29328161 -0.44850212 -0.11909905
v 0.29109591 -0.45417303 -0.10383958
v 0.31714272 -0.44529504 -0.11287002
v 0.30601060 -0.44437939 -0.12296173
v 0.34164900 -0.44427294 -0.09720981
v 0.33010620 -0.44432157 -0.10587481
v 0.32534891 -0.41638154 -0.10372105
v 0.34442276 -0.44692153 -0.07909170
v 0.34227520 -0.45344669 -0.05600700
v 0.29476786 -0.46713227 -0.04641469
v 0.28941673 -0.45883578 -0.09151691
v 0.40671891 -0.57151324 0.06838804
v 0.40458345 -0.56695729 0.06836108
v 0.40030414 -0.56764001 0.07001623
v 0.40001011 -0.57335168 0.07084870
v 0.36922091 -0.58115453 0.08894859
v 0.36622369 -0.57066554 0.09222336
v 0.35748923 -0.57355827 0.09131850
v 0.35778981 -0.58571941 0.08847169
v 0.38652903 -0.57742172 0.08304019
v 0.38737541 -0.58040279 0.07907909
v 0.39218646 -0.57950395 0.07743494
v 0.39452672 -0.57606834 0.08091779
v 0.42042160 -0.56193370 0.03179995
v 0.42066801 -0.56644160 0.02877535
v 0.42457306 -0.56528598 0.02619532
v 0.42545688 -0.56123108 0.02765391
v 0.41143197 -0.56922835 0.05352234
v 0.41164553 -0.57349187 0.05004977
v 0.41542315 -0.57199258 0.04781470
v 0.41698956 -0.56862289 0.04964848
v 0.36312461 -0.56372637 0.06774269
v 0.34839791 -0.56435531 0.06838335
v 0.35312551 -0.57071644 0.08216594
v 0.36568677 -0.56684965 0.08199222
v 0.34715050 -0.58049315 0.07871406
v 0.34240603 -0.57582062 0.06351541
v 0.34999347 -0.58280224 0.05944984
v 0.35414904 -0.58423454 0.07377365
v 0.36347729 -0.58142382 0.06007519
v 0.36603540 -0.58277327 0.07316243
v 0.37027907 -0.57380432 0.06403698
v 0.37486297 -0.57470268 0.07808621
v 0.39030367 -0.56835991 0.06088928
v 0.38488811 -0.56135303 0.06351800
v 0.38997275 -0.56657249 0.07528767
v 0.39644861 -0.57216197 0.07207462
v 0.37450087 -0.56436735 0.06737663
v 0.38215297 -0.56841832 0.07799479
v 0.37187862 -0.57561785 0.06630881
v 0.37696242 -0.57949585 0.06071194
v 0.38279694 -0.58038419 0.07299296
v 0.37762624 -0.57652003 0.07869445
v 0.38603383 -0.57674545 0.05815352
v 0.39156651 -0.57877582 0.06977556
v 0.40053540 -0.55750710 0.05199701
v 0.39093792 -0.56073445 0.05671199
v 0.39667249 -0.56561643 0.06506300
v 0.40375108 -0.56388193 0.06232519
v 0.39338225 -0.57423514 0.06527930
v 0.38901997 -0.57173270 0.05609488
v 0.39417672 -0.57500571 0.05150644
v 0.39849776 -0.57633024 0.06171818
v 0.40269041 -0.57226080 0.04811019
v 0.40593582 -0.57516688 0.05946611
v 0.40619606 -0.56380790 0.04996632
v 0.40947354 -0.56865948 0.06055285
v 0.41782486 -0.55964822 0.03229501
v 0.41335511 -0.55298597 0.03477650
v 0.41534388 -0.55985898 0.04424930
v 0.41898400 -0.56545311 0.04181704
v 0.40670979 -0.55547327 0.04017017
v 0.41014838 -0.56057340 0.04765207
v 0.40619028 -0.56602794 0.04891232
v 0.40480781 -0.56235665 0.04207598
v 0.40738630 -0.57026190 0.03655811
v 0.40876490 -0.57307035 0.04496798
v 0.41458964 -0.56832331 0.03117080
v 0.41577315 -0.57203704 0.04135698
v 0.42369640 -0.54894823 0.01468607
v 0.42526662 -0.55312020 0.02311274
v 0.42741531 -0.55860573 0.02031789
v 0.42494589 -0.55568975 0.01020655
v 0.41827673 -0.55011743 0.02119218
v 0.41993189 -0.55371124 0.02711543
v 0.41657025 -0.55946082 0.02760110
v 0.41642988 -0.55670017 0.02245100
v 0.41697425 -0.56511694 0.01765202
v 0.41800177 -0.56678349 0.02401128
v 0.42217410 -0.56289238 0.01182641
v 0.42453265 -0.56565255 0.02014622
v 0.36419916 -0.56021768 0.05271844
v 0.34524423 -0.55848569 0.05451201
v 0.35855186 -0.58490604 0.08322045
v 0.34016824 -0.57180506 0.04906338
v 0.36530161 -0.58397633 0.08279580
v 0.36557949 -0.57901770 0.04656958
v 0.34874362 -0.57997578 0.04444693
v 0.36803961 -0.57267159 0.05800902
v 0.39173830 -0.57050997 0.08149178
v 0.38518035 -0.57488304 0.04048601
v 0.38662899 -0.56902915 0.05099127
v 0.38691878 -0.57146555 0.08295591
v 0.38229817 -0.55670744 0.04693051
v 0.39817995 -0.55370182 0.03385136
v 0.40169007 -0.57678729 0.06731404
v 0.40580118 -0.57617337 0.06600321
v 0.40162641 -0.57058746 0.02921453
v 0.40421599 -0.56095237 0.04029584
v 0.41581231 -0.56378263 0.05011703
v 0.41371721 -0.56607276 0.01459561
v 0.41677099 -0.55625385 0.02271865
v 0.41245466 -0.56416160 0.05196084
v 0.41178948 -0.54824418 0.01864596
v 0.42411995 -0.55719143 0.02776187
v 0.42028743 -0.56189150 0.00055483
v 0.42319369 -0.55238742 -0.00233535
v 0.42135572 -0.55729038 0.03030836
v 0.42048210 -0.54502755 0.00438732
v 0.30226368 -0.44071144 -0.04115155
v 0.29481173 -0.41180927 -0.04472890
v 0.30689073 -0.41094059 -0.03945501
v 0.31473529 -0.43952125 -0.03695174
v 0.32572806 -0.43410379 -0.04181491
v 0.30869967 -0.46694297 -0.03525919
v 0.32253397 -0.46478933 -0.03291634
v 0.33345944 -0.46049446 -0.04028064
v 0.35254550 -0.46815485 -0.08628726
v 0.34693599 -0.46400160 -0.10491955
v 0.33226490 -0.46503299 -0.11188284
v 0.32008189 -0.46555454 -0.12071040
v 0.30814356 -0.46489102 -0.13021681
v 0.30147731 -0.49061590 -0.04525511
v 0.31513637 -0.48845488 -0.02931008
v 0.33072460 -0.48376149 -0.02555178
v 0.34406757 -0.47985727 -0.03535159
v 0.33762115 -0.55206090 0.04012338
v 0.35556811 -0.54662019 0.03716262
v 0.34718221 -0.53477496 0.02218403
v 0.33361226 -0.54797834 0.02050629
v 0.37339967 -0.54583722 0.02919402
v 0.36477566 -0.53145915 0.01466534
v 0.38915491 -0.54411989 0.01731703
v 0.37982500 -0.53125709 0.00269736
v 0.40310645 -0.54124564 0.00370693
v 0.39255124 -0.53110987 -0.01063208
v 0.41477448 -0.53951687 -0.00874019
v 0.40432614 -0.53182322 -0.02402250
v 0.42147350 -0.54620081 -0.01702012
v 0.41270947 -0.53870982 -0.03400573
v 0.33374101 -0.56902748 0.03326768
v 0.33030230 -0.56356257 0.01319076
v 0.34375560 -0.57924873 0.02587097
v 0.34066051 -0.57549876 0.00514577
v 0.36012626 -0.57687527 0.02088751
v 0.35592765 -0.57276934 -0.00053620
v 0.41050887 -0.55312759 -0.03460787
v 0.41763991 -0.55929738 -0.01569963
v 0.37780267 -0.57276839 0.01259340
v 0.37229186 -0.56749648 -0.00875813
v 0.39406848 -0.56921941 0.00247699
v 0.38766038 -0.56403452 -0.01871948
v 0.40700954 -0.56528264 -0.00764960
v 0.40043426 -0.55991739 -0.02798614
v 0.33541852 -0.52452332 0.00387587
v 0.35314763 -0.51506871 0.00043416
v 0.36722702 -0.51479167 -0.01200789
v 0.38050610 -0.51557118 -0.02667731
v 0.39197248 -0.52100211 -0.04247570
v 0.40117198 -0.52973360 -0.05350375
v 0.36955446 -0.49625534 -0.04866725
v 0.37959605 -0.51291162 -0.06495970
v 0.38723993 -0.52431732 -0.07400569
v 0.37416553 -0.51951224 -0.09442315
v 0.36882401 -0.50690514 -0.08794394
v 0.34876132 -0.50007397 -0.12583563
v 0.35821092 -0.50228411 -0.10872982
v 0.36399746 -0.51438349 -0.11550544
v 0.35434496 -0.51299161 -0.13371322
v 0.36360562 -0.49111944 -0.07571916
v 0.35419911 -0.48556226 -0.09765717
v 0.34361601 -0.48279601 -0.11273585
v 0.33179331 -0.51292783 -0.15225759
v 0.32880175 -0.49698943 -0.14701957
v 0.33997023 -0.49814540 -0.13769546
v 0.34459031 -0.51231676 -0.14531335
v 0.31414080 -0.51757210 -0.15323535
v 0.31101316 -0.50041038 -0.15048078
v 0.29784745 -0.50879401 -0.13652143
v 0.30022061 -0.52488571 -0.14059553
v 0.32435733 -0.48073584 -0.13314170
v 0.33368915 -0.48261148 -0.12322673
v 0.30984473 -0.48197752 -0.13904265
v 0.29789263 -0.48957938 -0.12781626
v 0.29657471 -0.51573843 -0.11694904
v 0.29718632 -0.49542958 -0.11007419
v 0.29722410 -0.53111607 -0.12161770
v 0.32682139 -0.54201609 -0.00218028
v 0.32703829 -0.55500025 -0.00981621
v 0.35612625 -0.49521762 -0.02476060
v 0.34074730 -0.49875933 -0.01350041
v 0.32089335 -0.50962764 -0.01875792
v 0.31634015 -0.53401214 -0.02610177
v 0.32190454 -0.54750925 -0.03491737
v 0.30797178 -0.53007489 -0.05016546
v 0.31555659 -0.54212016 -0.05776253
v 0.33641869 -0.56338483 -0.01712787
v 0.33164400 -0.55225903 -0.04128502
v 0.32443291 -0.54676002 -0.06360856
v 0.30242443 -0.52613622 -0.07126220
v 0.30841446 -0.53877515 -0.07744879
v 0.30071574 -0.52212316 -0.08842899
v 0.30353904 -0.53594977 -0.09338757
v 0.29974586 -0.53389651 -0.10680494
v 0.29927647 -0.51909560 -0.10211891
v 0.29766887 -0.50284189 -0.08419760
v 0.29728210 -0.49880987 -0.09658220
v 0.29950595 -0.50809795 -0.06688225
v 0.30532920 -0.51092201 -0.04462261
v 0.40040326 -0.54469126 -0.05563603
v 0.38741398 -0.53696424 -0.07622552
v 0.37351000 -0.53061408 -0.09593792
v 0.36250865 -0.52746564 -0.11690480
v 0.35164297 -0.52649742 -0.13311860
v 0.34241128 -0.52601868 -0.14271414
v 0.33132893 -0.52605027 -0.14867625
v 0.31712586 -0.52862793 -0.14765516
v 0.30694836 -0.53372043 -0.13910303
v 0.30497342 -0.53964263 -0.12465823
v 0.30723989 -0.54360622 -0.11196327
v 0.31678039 -0.54520112 -0.08344980
v 0.31074101 -0.54537874 -0.09900489
v 0.29188132 -0.48874158 -0.06355856
v 0.29054648 -0.48375231 -0.08085412
v 0.29243279 -0.47984439 -0.09254155
v 0.29666924 -0.47065669 -0.12136742
v 0.29555774 -0.47566587 -0.10474242
v 0.35033679 -0.56356221 -0.02399898
v 0.36577296 -0.55886370 -0.03219633
v 0.37987405 -0.55585450 -0.04193991
v 0.39171565 -0.55194420 -0.05033168
v 0.38034254 -0.54427224 -0.07231855
v 0.36967266 -0.54803962 -0.06543739
v 0.35626566 -0.55156642 -0.05684516
v 0.34296709 -0.55310959 -0.04793070
v 0.36724526 -0.53884274 -0.09245719
v 0.35803735 -0.54335886 -0.08636712
v 0.34568226 -0.54677516 -0.07920921
v 0.33442283 -0.54850489 -0.07056993
v 0.32550180 -0.54782575 -0.09037825
v 0.33493835 -0.54537839 -0.09870923
v 0.34612596 -0.54135376 -0.10510495
v 0.35458738 -0.53605491 -0.11166745
v 0.34440827 -0.53421181 -0.12652680
v 0.33656615 -0.53910667 -0.11943820
v 0.32677031 -0.54327005 -0.11307324
v 0.31898290 -0.54614943 -0.10587871
v 0.33706015 -0.53296214 -0.13494226
v 0.32021302 -0.53367263 -0.14111933
v 0.32936710 -0.53252822 -0.14006040
v 0.31322449 -0.53726071 -0.13628915
v 0.31283092 -0.54106814 -0.12634698
v 0.31525612 -0.54402357 -0.11645409
v 0.31943214 -0.53915685 -0.12855807
v 0.32247728 -0.54117388 -0.12170115
v 0.33080113 -0.53724581 -0.12770948
v 0.32591903 -0.53593200 -0.13316798
v 0.31801343 -0.53718144 -0.13386217
v 0.32133412 -0.53560144 -0.13613561
v 0.35139525 -0.47704810 -0.05846539
v -0.01378559 0.88613451 0.03185852
v -0.00922270 0.82704008 -0.00870501
v 0.21210723 -0.13402689 0.01992272
v 0.22761264 -0.13287151 0.02513368
v 0.24221908 -0.12714875 0.02554365
v 0.12886280 0.27063152 0.07351081
v 0.06467105 0.45762008 0.14073291
v 0.07118876 0.50308627 0.15375529
v 0.06812697 0.47960913 0.14713289
v 0.14073043 0.24899927 0.07397125
v 0.12592638 0.54318637 0.11158630
v 0.00468335 0.28414211 -0.15916869
v -0.00875167 0.78968596 -0.02585112
v 0.10084917 0.70187682 0.17748892
v 0.00716008 0.37397197 -0.15847236
v 0.07604288 1.01481497 0.11594045
v 0.07317751 1.01336813 0.11422774
v 0.07263210 1.00950587 0.11349909
v 0.07115727 1.00788069 0.10922135
v 0.07045345 1.00595927 0.10595420
v 0.07029859 1.00473225 0.10389436
v 0.07395910 1.01003945 0.11099720
v 0.07206548 1.01299846 0.10797302
v 0.07380491 1.01250839 0.11164761
v 0.07468110 1.01188982 0.11258523
v -0.01855855 0.73914099 0.16997582
v -0.01897321 0.72159189 0.17149796
v -0.01862970 0.70484030 0.17288125
v -0.01859535 0.68730313 0.17330766
v 0.00566323 0.96117008 0.23458523
v -0.02370284 0.39189708 0.14112075
v -0.02367598 0.40786788 0.14527977
v -0.00331018 0.51657790 -0.07403031
v -0.02247448 0.35242605 0.12087081
v -0.02385910 0.42343968 0.15295410
v -0.00491751 0.66402566 -0.05691817
v -0.01856853 0.66954738 0.17349897
v -0.02137107 0.33823144 0.11124896
v -0.00795013 0.72840178 -0.04835886
v -0.02335784 0.44475436 0.16204843
v -0.01674272 0.25974080 0.08819482
v -0.02277737 0.51727509 0.17674515
v -0.04297353 1.07411599 0.19657387
v -0.05412642 1.06483960 0.18803017
v -0.04809660 1.05723131 0.19877455
v -0.03675225 1.06304002 0.20609805
v -0.04386900 1.05073690 0.20658398
v -0.03332632 1.05398011 0.21152428
v -0.06137487 1.05337596 0.17984241
v -0.05585926 1.04947698 0.19086608
v -0.06240261 1.01324403 0.18852594
v -0.06048093 1.02251387 0.18720359
v -0.06701013 1.01854908 0.17977022
v -0.06782636 1.00613642 0.18058461
v -0.06142070 0.98629653 0.19147639
v -0.06455424 0.97596204 0.18260065
v -0.05811816 0.96953988 0.19332054
v -0.05409288 0.98009980 0.19975901
v -0.02023648 0.99959481 0.21759853
v -0.02369814 1.00521290 0.21508613
v -0.02942042 0.99924725 0.21565560
v -0.02528214 0.99283850 0.21814385
v -0.01095675 1.01131296 0.22153625
v -0.00617207 1.01582313 0.22727752
v -0.00715609 1.02049994 0.22140266
v -0.01262357 1.01567483 0.21709073
v -0.01489771 0.99448502 0.21984553
v -0.02010164 0.98729593 0.21997856
v -0.01367920 1.00208950 0.22202766
v -0.01569745 1.00586665 0.21812633
v -0.00881210 0.99845904 0.23402405
v -0.00520237 0.99986732 0.23844624
v -0.00653006 1.00555301 0.23778436
v -0.01060271 1.00308561 0.23169926
v -0.01324767 0.99542421 0.22488907
v -0.00926098 0.99284911 0.22747195
v -0.01043440 0.99590492 0.23008567
v -0.01307283 0.99930680 0.22715327
v -0.01009271 1.00714970 0.22656435
v -0.00601069 1.01096618 0.23296273
v -0.00146135 1.01335621 0.23939967
v -0.00102861 1.00593710 0.24430875
v -0.03608193 0.97803342 0.21604455
v -0.03089133 0.97469103 0.21925327
v -0.02594533 0.98086172 0.21992773
v -0.03109824 0.98549998 0.21764666
v -0.01045718 0.98887038 0.22472395
v -0.01294972 0.97218370 0.22976761
v -0.00687345 0.97402704 0.23299553
v -0.00719277 0.97827613 0.23200405
v -0.01373201 0.97653615 0.22878170
v -0.04251771 0.96163464 0.21063097
v -0.04295046 0.95252812 0.20843947
v -0.03596501 0.95374608 0.21518075
v -0.03596804 0.96099067 0.21614301
v -0.03362171 0.94672602 0.21541083
v -0.04081165 0.94313383 0.20790420
v -0.03019461 0.92675728 0.21290563
v -0.02359755 0.93570435 0.22157376
v -0.02919386 0.94097131 0.21733527
v -0.03648885 0.93450433 0.20921785
v -0.01047121 0.94303167 0.22800596
v -0.01680851 0.93107754 0.22694084
v -0.00997531 0.92800307 0.23213826
v -0.00511227 0.94180214 0.23092617
v -0.01203647 0.96518564 0.22655256
v -0.01230981 0.96847367 0.22874083
v -0.01668113 0.96702242 0.22582453
v -0.01626323 0.96457118 0.22430517
v -0.02085373 0.96377242 0.22192304
v -0.02066017 0.96465993 0.22259510
v -0.02244284 0.96541679 0.22250882
v -0.02284105 0.96350992 0.22133756
v -0.01875095 0.96407580 0.22287457
v -0.01963887 0.96276939 0.22230533
v -0.01701878 0.96207243 0.22404310
v -0.01364093 0.96162134 0.22688051
v 0.00013367 0.96096528 0.23387155
v 0.00108831 0.96584904 0.23169832
v -0.00199751 0.96582210 0.23091309
v -0.00392395 0.96116400 0.23287551
v -0.02069451 0.96742684 0.22415708
v -0.01781546 0.96976101 0.22651087
v -0.01918640 0.97331059 0.22617832
v -0.02323187 0.96961397 0.22387031
v -0.02648707 0.97202730 0.22226118
v -0.02922886 0.96695518 0.22051501
v -0.02526776 0.96616256 0.22197810
v -0.02167152 0.96145588 0.22125565
v -0.02590448 0.96280670 0.22045666
v -0.02494053 0.95941049 0.21982187
v -0.02244196 0.95642567 0.22130066
v -0.01920173 0.95970225 0.22302473
v -0.01547698 0.95828027 0.22613162
v -0.01858613 0.95389462 0.22425266
v -0.01291906 0.95203030 0.22736776
v -0.01039259 0.95682323 0.22976044
v -0.02176868 0.97699976 0.22381830
v -0.03031223 0.96182501 0.21897395
v -0.03400723 0.96809113 0.21768159
v -0.02975580 0.95654309 0.21817496
v -0.02749330 0.95196915 0.21911439
v -0.01753862 0.94503105 0.22473484
v -0.02332209 0.94811434 0.22162901
v -0.02290121 0.92059243 0.21786208
v -0.01356617 0.91688102 0.22161080
v -0.03954129 1.04478359 0.20773539
v -0.03082668 1.04682589 0.20985332
v -0.04000087 1.03691721 0.20435509
v -0.03620254 1.03829134 0.20622361
v -0.03688085 1.04110742 0.20635486
v -0.04169162 1.03889966 0.20372264
v -0.05403497 1.02608776 0.19175225
v -0.05593883 1.01935625 0.19280358
v -0.04974158 1.02477670 0.19539204
v -0.04878422 1.02893901 0.19556460
v -0.04177632 1.01848388 0.20354053
v -0.03933008 1.02571726 0.20397896
v -0.04260456 1.02611411 0.20158054
v -0.04633055 1.01906514 0.20058224
v -0.03547893 1.02577353 0.20582837
v -0.03670652 1.01910210 0.20571882
v -0.03169857 1.02068102 0.20717934
v -0.03127305 1.02641082 0.20681706
v -0.03003384 1.04232514 0.20750204
v -0.03068806 1.03923130 0.20719571
v -0.02461327 1.03895867 0.20633599
v -0.02282325 1.04229701 0.20687960
v -0.01488884 1.03189969 0.20318708
v -0.01172242 1.03191090 0.20493494
v -0.01231419 1.03601801 0.20442784
v -0.01582371 1.03422284 0.20321721
v -0.01632802 1.02973998 0.20421013
v -0.01429239 1.02830231 0.20572244
v -0.03527673 1.09527206 0.18916094
v -0.05067613 1.08562517 0.18258695
v -0.02882162 1.08013725 0.20279901
v -0.06186287 1.07236004 0.17493591
v -0.06861282 1.05765474 0.16790354
v -0.05986900 0.95914948 0.18743670
v -0.05158793 0.95445514 0.19885591
v -0.05000432 0.96461046 0.20272565
v -0.05912549 0.94775945 0.18302558
v -0.04961262 0.94338632 0.19669670
v -0.03643458 0.92186177 0.19668286
v -0.04519179 0.93175250 0.19592687
v -0.06776638 0.95519602 0.16685069
v -0.06554259 0.94582754 0.16034277
v -0.05480729 0.93578547 0.17794620
v -0.07212767 0.95780146 0.14509134
v -0.07055269 0.95402986 0.13586874
v -0.06196447 0.93543541 0.14963709
v -0.04752943 0.89885300 0.15589692
v -0.06144992 0.90584701 0.14292042
v -0.06521315 0.89419341 0.13740830
v -0.05235346 0.88768798 0.15099856
v -0.06756176 0.96578139 0.17346434
v -0.07015775 1.02855527 0.17007530
v -0.07252094 1.01403737 0.16943973
v -0.06400283 1.03058481 0.18083455
v -0.07641986 1.08534849 0.14070307
v -0.08182159 1.06716323 0.13957396
v -0.07560163 1.06327271 0.15472718
v -0.06895652 1.08067071 0.15933844
v -0.04782092 1.12030315 0.14451408
v -0.06436621 1.10428500 0.14264853
v -0.05737230 1.09612036 0.16426559
v -0.04104032 1.10947967 0.16967171
v -0.08720575 1.06788659 0.12340076
v -0.08190341 1.08597589 0.12040438
v -0.08552993 1.08062911 0.09913588
v -0.08982349 1.06428540 0.10673858
v -0.07081022 1.10572720 0.11594090
v -0.07612038 1.09961486 0.08906451
v -0.07257248 0.95678079 0.12260672
v -0.07043124 0.93949342 0.12781067
v -0.06956381 0.92477423 0.12940452
v -0.05846598 0.91953200 0.14711244
v -0.05978732 1.11591911 0.08074790
v -0.05379688 1.12239957 0.11345757
v -0.08106788 1.03505194 0.06302065
v -0.08610980 1.02723920 0.07813656
v -0.08902782 1.04273272 0.08615385
v -0.08461114 1.05354810 0.06951997
v -0.07300553 1.04239142 0.04660217
v -0.07634860 1.06453729 0.05292605
v -0.06852461 0.98165369 0.06737418
v -0.05979303 0.98229861 0.05274782
v -0.05277971 0.96702063 0.06159429
v -0.06144499 0.96641499 0.07539588
v -0.05089514 1.04549646 0.19978847
v -0.05519765 1.03903961 0.19350982
v -0.04919970 1.03739357 0.19834301
v -0.04550728 1.04157031 0.20321397
v -0.06600034 1.04174042 0.17379938
v -0.06047488 1.04042077 0.18481699
v -0.07840514 1.04771912 0.14977777
v -0.08440651 1.05132234 0.13779338
v -0.09000635 1.05093169 0.11133491
v -0.08807043 1.05256844 0.12463814
v -0.08821582 1.02085364 0.08986479
v -0.08898831 1.03104377 0.09490810
v -0.07395946 0.96465468 0.10524614
v -0.06919134 0.96419555 0.08956352
v -0.06552743 0.94755614 0.09397748
v -0.07181084 0.94489622 0.10873401
v -0.05018784 0.95099413 0.06857966
v -0.05804976 0.94993794 0.08041395
v -0.07131423 0.91682744 0.10833241
v -0.06449766 0.92054385 0.09281996
v -0.06725983 0.90942627 0.08814031
v -0.07124463 0.90507168 0.10352226
v -0.06001123 0.91197693 0.07398879
v -0.05705684 0.92228132 0.07938766
v -0.04857611 0.92329520 0.06779712
v -0.05033511 0.91233647 0.06398502
v -0.02702405 0.87754929 0.16836867
v -0.03847926 0.88205564 0.16055109
v -0.04293120 0.87131083 0.15485030
v -0.03026388 0.86717474 0.16194145
v -0.07322498 0.89586800 0.09636833
v -0.07136714 0.90272230 0.08073450
v -0.07369307 0.98105097 0.08242881
v -0.07876898 0.98197889 0.09494454
v -0.06427636 0.90536535 0.06640033
v -0.06479001 0.93240333 0.09436261
v -0.05672447 0.93475246 0.08166629
v -0.03904350 0.95134914 0.05850179
v -0.04185167 0.96746337 0.05083156
v -0.01811838 1.01058269 0.21503063
v -0.02214409 1.02430773 0.20705602
v -0.01795596 1.02610540 0.20641971
v -0.01911307 1.02897143 0.20529976
v -0.02280017 1.02798140 0.20624161
v -0.01075857 1.06552100 0.21543819
v -0.02419484 1.06582570 0.21215074
v -0.02135095 1.05348337 0.21502748
v -0.00870626 1.05006802 0.21653172
v -0.04852700 0.99367523 0.20657188
v -0.04209026 0.98403037 0.21197690
v -0.03578527 0.99227351 0.21498828
v -0.03905573 1.00094199 0.21149686
v -0.04570836 1.03069067 0.19816166
v -0.04444441 1.03290915 0.20003018
v -0.04694347 1.03280580 0.19769067
v -0.03994060 0.97031736 0.21354005
v -0.04675541 0.97439390 0.20746756
v -0.07240389 0.99915326 0.16987902
v -0.05778029 1.03159046 0.18868154
v -0.02706694 1.13071251 0.14655258
v -0.02302808 1.11817920 0.17455132
v -0.03221053 1.13382113 0.11158190
v -0.03770197 1.12752843 0.07554729
v -0.06326775 1.07472658 0.03884903
v -0.04306603 1.08390307 0.02830663
v -0.04036484 1.05451047 0.02031038
v -0.06026256 1.04939795 0.03111105
v -0.04707162 0.98369086 0.04075817
v -0.03802264 0.92422795 0.06047553
v -0.03928887 0.91222274 0.05804437
v -0.01878423 1.10118580 0.19423473
v -0.01401442 1.08307457 0.20634434
v -0.07204014 1.04330420 0.16161840
v -0.06159195 1.00503373 0.19230787
v -0.05687051 0.99818993 0.19831662
v -0.05250729 1.00962341 0.20098016
v -0.05585441 1.01369214 0.19616659
v -0.06586996 0.99522495 0.18426262
v -0.06946456 0.98550665 0.17315538
v -0.07363620 0.97643948 0.15936461
v -0.07375003 0.96481460 0.15228993
v -0.08671981 1.07013762 0.08094407
v -0.08978343 1.05679345 0.09309489
v -0.06432164 1.09926772 0.05408318
v -0.07842848 1.08522904 0.06640077
v -0.09034640 1.04676640 0.09901169
v -0.04196958 1.11102748 0.04630259
v -0.00690131 0.98300660 0.23048925
v -0.00536216 0.98766619 0.22931728
v -0.01459073 0.98252523 0.22575121
v -0.00546228 0.95617700 0.23228638
v -0.00742789 0.95061707 0.22941907
v -0.00257924 0.95006502 0.23063104
v -0.00068895 0.95601261 0.23347427
v -0.01467177 0.91012681 0.20558850
v -0.02547221 0.91469264 0.20133696
v -0.02354645 0.88747418 0.17563571
v -0.03476840 0.89210981 0.16698369
v -0.00496377 0.99696732 0.23273286
v -0.00557699 0.99613392 0.23074131
v -0.00357166 0.99647301 0.23116444
v -0.00340346 0.99713188 0.23300819
v -0.01926318 0.96600598 0.22388457
v -0.00164327 0.97439486 0.23462079
v -0.00184275 0.97031140 0.23316157
v 0.00145116 0.97004175 0.23372684
v 0.00172123 0.97395074 0.23502350
v -0.04541674 0.92070580 0.17408627
v -0.04474254 0.91033334 0.16222112
v -0.07159384 0.90004814 0.12032574
v -0.07035334 0.91143346 0.12623028
v -0.07124820 0.92957056 0.11015800
v -0.04949400 0.93559992 0.06939465
v -0.03842312 0.93744051 0.06078978
v -0.02507757 0.93800533 0.05492104
v -0.02561627 0.95212519 0.05191123
v -0.02928486 0.90906894 0.18525892
v -0.03206005 0.90163046 0.17428689
v -0.02062057 0.89679778 0.18200450
v -0.01708552 0.90431285 0.19119686
v 0.00114864 0.99416637 0.23431814
v -0.00003657 0.99281836 0.23231950
v 0.00203369 0.99038625 0.23328210
v 0.00284216 0.99301487 0.23592249
v -0.00652995 0.99390554 0.22907159
v -0.00440500 0.99077535 0.22896390
v -0.00406368 0.99303222 0.22888394
v -0.00721694 0.99534893 0.23064621
v -0.00633798 0.99689460 0.23325357
v -0.00089428 0.99784207 0.23774002
v 0.00053139 0.99893177 0.24293321
v -0.00412174 0.99782711 0.23625350
v -0.00108933 0.99561703 0.23287724
v -0.00138710 0.99431908 0.23100920
v -0.00367172 0.99506861 0.22937700
v -0.00544373 0.99516809 0.22948024
v -0.00157280 0.99769527 0.23570918
v -0.00357640 0.99755728 0.23449278
v -0.00126677 1.01919091 0.23316263
v -0.01373157 0.88444948 0.17999387
v -0.01058138 0.89397991 0.18556373
v -0.01989608 0.96426690 0.22242521
v -0.02141961 1.04674494 0.21053085
v -0.04622720 1.00832701 0.20573139
v -0.02571758 1.01104760 0.21209678
v -0.02645403 1.01682568 0.20943816
v -0.03234787 1.01362669 0.20900810
v -0.03166329 1.00621891 0.21206601
v -0.01288809 1.04363060 0.21016635
v -0.00793568 1.03804421 0.20919743
v -0.00358201 1.03996825 0.21562505
v -0.00754306 1.03161514 0.20970996
v -0.01106670 1.02642977 0.20900182
v -0.00884025 1.02425230 0.21517685
v -0.00378304 1.03115129 0.21866977
v -0.04466267 1.03613210 0.20053305
v -0.04262206 1.03499043 0.20215294
v -0.01419878 1.01940823 0.21267775
v -0.01574424 1.02275753 0.20873636
v -0.02083037 1.01984787 0.20902112
v -0.01978369 1.01512444 0.21186006
v -0.03892411 1.01049137 0.20803605
v -0.05158092 1.03222895 0.19405602
v -0.04891916 1.02118695 0.19742513
v -0.07728751 0.97698176 0.11070955
v -0.08187684 0.98743677 0.10361245
v -0.07734406 0.97021353 0.13279019
v -0.07692607 0.97212982 0.12808980
v -0.07240643 0.96631014 0.12975012
v -0.07415322 0.96626377 0.13555294
v -0.08857888 1.02210093 0.11044988
v -0.08750404 1.02255583 0.11486956
v -0.08818147 1.02882981 0.11576530
v -0.08865587 1.02783442 0.10778333
v -0.08744878 1.02466810 0.12199770
v -0.08776759 1.02161956 0.12192789
v -0.08617672 1.02141678 0.12557071
v -0.08663456 1.02828801 0.12404428
v -0.08355698 1.02627981 0.13146974
v -0.08435249 1.03733146 0.13509361
v -0.08760011 1.03930485 0.12491280
v -0.07581566 1.02538157 0.15514603
v -0.07936827 1.03315663 0.14413601
v -0.08045428 1.02098727 0.13756715
v -0.07814194 1.01278138 0.14276369
v -0.07674992 0.97780728 0.14471029
v -0.07678434 0.96957719 0.14131071
v -0.07374303 0.97024512 0.12104500
v -0.06961107 1.02093720 0.04460512
v -0.07716794 1.01610637 0.06097269
v -0.08277956 1.01189756 0.07555164
v -0.08557148 1.00859213 0.08813408
v -0.05730671 1.02518392 0.03002325
v -0.03907662 1.02761185 0.01951065
v -0.07672799 1.00755191 0.15680732
v -0.07788549 1.00047624 0.14495926
v -0.07340651 0.99808031 0.06264967
v -0.06518621 1.00088549 0.04705185
v -0.07921683 0.99582177 0.07740965
v -0.08245923 0.99587613 0.09027217
v -0.05207796 1.00396872 0.03388800
v -0.03469222 1.00349712 0.02512473
v -0.03160639 0.98265755 0.03363317
v -0.08282087 0.97803974 0.13366021
v -0.08330800 0.97224176 0.13494748
v -0.08018027 0.97136188 0.13646430
v -0.07977730 0.97717154 0.13799573
v -0.07748577 0.98867846 0.14516768
v -0.07573398 0.99234754 0.15714934
v -0.00244218 1.02504873 0.22681351
v -0.00266785 0.92724335 0.23393962
v -0.00022688 0.94162428 0.23279396
v -0.00149688 0.98285639 0.23292667
v -0.00172082 0.97855818 0.23408946
v 0.00174597 0.97779441 0.23449244
v 0.00187602 0.98197967 0.23346870
v -0.01638713 1.04018307 0.20539239
v -0.02744730 0.96722782 0.04352181
v -0.02491643 0.92465991 0.05610356
v -0.02646606 0.91202968 0.05446872
v -0.05357191 0.90443373 0.05649175
v -0.04137577 0.90296543 0.05100125
v 0.00215401 0.98639846 0.23294069
v -0.00098003 0.98700631 0.23194881
v -0.00119749 0.99703932 0.23458061
v -0.00666510 0.96982527 0.23158549
v -0.00157884 0.99270743 0.23074828
v -0.00084829 0.99028462 0.23133901
v 0.00416482 0.98982298 0.23426498
v 0.00383334 0.98594755 0.23329744
v -0.02674649 1.02270722 0.20759889
v -0.02686977 1.02726865 0.20685235
v 0.00080407 0.99618649 0.23671553
v 0.00233910 0.99534231 0.23944367
v -0.05710578 0.87673777 0.14465134
v -0.06858131 0.88356555 0.12992607
v 0.00369207 0.96988225 0.23385124
v 0.00381831 0.97371137 0.23517188
v -0.07970391 1.00487518 0.13490441
v -0.08174779 1.01229811 0.13236168
v -0.08400042 1.00671017 0.12770630
v -0.08247858 1.00027108 0.12959562
v -0.01694971 0.87453675 0.17324552
v -0.07286315 0.88949871 0.11258844
v -0.02829292 0.90209812 0.04834977
v -0.04492645 1.02707326 0.19947916
v -0.04594561 1.02867615 0.19806057
v -0.01933663 1.03735256 0.20455262
v -0.00846646 0.96141982 0.23056154
v -0.00681059 0.96578091 0.22920746
v -0.00769196 0.90194607 0.19400989
v 0.00454495 0.99247295 0.23701206
v -0.08595847 1.01462102 0.11785209
v -0.08537314 1.01109898 0.11867278
v -0.08792173 1.00984442 0.12134570
v -0.08804146 1.01331425 0.12167358
v -0.08873198 1.01717186 0.12692469
v -0.09054241 1.02067006 0.12514223
v -0.09161586 1.01684511 0.12347396
v -0.08995412 1.01393616 0.12430100
v -0.08448055 1.01838636 0.12938675
v -0.08627142 1.01293027 0.12730160
v -0.09276272 1.02231467 0.12312482
v -0.09250908 1.01933658 0.12181988
v -0.08724611 1.02236307 0.11949177
v -0.09003112 1.02366066 0.12185774
v -0.09173065 1.02498102 0.11703841
v -0.09588639 1.02294457 0.11924979
v -0.09471320 1.02441788 0.11083779
v -0.09919734 1.02186441 0.11414095
v -0.09603453 1.01988268 0.10562024
v -0.10107017 1.01814508 0.10886910
v -0.07988822 0.98547632 0.13771537
v -0.08041254 0.98558331 0.13029167
v -0.09645389 1.01299429 0.10364865
v -0.10178781 1.01232648 0.10573370
v -0.09564919 1.00511086 0.10219189
v -0.10125712 1.00479102 0.10448577
v -0.09465382 0.99694896 0.10324927
v -0.09966736 0.99721026 0.10552561
v -0.09331062 0.98886561 0.10617076
v -0.09807158 0.99002647 0.10846508
v -0.09073570 0.97967017 0.11085225
v -0.09556042 0.98354840 0.11343009
v -0.09683235 1.01616764 0.10936185
v -0.09522251 1.01953518 0.11295795
v -0.08838198 1.01763093 0.10877813
v -0.09363452 1.02057946 0.11787014
v -0.08482377 1.00493217 0.11092066
v -0.08419485 1.00201535 0.11284427
v -0.08720870 1.00281405 0.11702815
v -0.08459910 1.00513935 0.11401394
v -0.08436523 0.99789083 0.12616281
v -0.08459465 0.99243021 0.12667461
v -0.08255225 0.99274528 0.13124904
v -0.08271077 0.98853409 0.12634502
v -0.08203746 0.99279690 0.12434943
v -0.08224938 0.98975605 0.12414166
v -0.08131254 0.99590981 0.12336370
v -0.08284765 0.98818731 0.12292489
v -0.08364604 0.98663419 0.12456236
v -0.08186474 0.98912418 0.12195298
v -0.08129929 0.99028760 0.12252834
v -0.08065927 0.99183655 0.12128553
v -0.08051509 0.99416494 0.11891660
v -0.08047286 0.99507189 0.13696134
v -0.08106793 0.98369980 0.11466967
v -0.08513670 0.99089158 0.10977275
v -0.09208570 0.97869092 0.11953289
v -0.08816161 0.97325194 0.11926399
v -0.08488467 0.96955585 0.13298386
v -0.08682746 0.96981514 0.12712649
v -0.08782359 1.01231790 0.10750533
v -0.08799725 1.00564897 0.10633662
v -0.07817113 0.97779894 0.12218095
v -0.08712085 0.99860263 0.10721688
v -0.09355507 0.98763949 0.11436743
v -0.09070630 0.98409724 0.11881772
v -0.09628627 0.99240857 0.11080217
v -0.08457620 0.98339128 0.12729520
v -0.08792537 0.98304248 0.12375015
v -0.08951886 0.97733295 0.12607059
v -0.08654103 0.97724974 0.13090552
v -0.08833852 0.98777461 0.11850264
v -0.09178668 0.99076533 0.11616087
v -0.08490429 0.98956716 0.11665745
v -0.08797244 0.99272990 0.11423996
v -0.08373284 0.98823237 0.12034763
v -0.08557470 0.98634076 0.12189574
v -0.08117228 0.99094546 0.11566097
v -0.08372299 0.99540633 0.11239944
v -0.08150751 0.98949754 0.11967601
v -0.09090722 0.99623895 0.11386125
v -0.08742411 0.99907577 0.11222684
v -0.09075730 1.00266528 0.11441793
v -0.09343668 1.00011730 0.11431381
v -0.09441704 0.99448502 0.11362752
v -0.09624188 0.99889457 0.11184448
v -0.09694217 0.99832189 0.10810971
v -0.09665837 1.00424147 0.11044408
v -0.09759159 1.00473571 0.10713309
v -0.09467943 1.00391006 0.11316419
v -0.09261914 1.00518298 0.11525327
v -0.09767254 1.01123750 0.10743250
v -0.09627455 1.00956953 0.11053477
v -0.09527592 1.01386309 0.11158539
v -0.09473899 1.00814474 0.11311696
v -0.09371610 1.01145601 0.11383133
v -0.09340462 1.00741577 0.11479012
v -0.09240510 1.00925887 0.11574434
v -0.09011821 1.01809406 0.12007118
v -0.08886082 1.01614523 0.12154789
v -0.09191959 1.01814318 0.11722935
v -0.09052946 1.01537943 0.11734412
v -0.08919305 1.01660514 0.11874980
v -0.08791760 1.01543689 0.11900324
v -0.08968633 1.01296401 0.11795261
v -0.08762896 1.01115465 0.11627564
v -0.03661954 0.84450924 0.15183115
v -0.02355515 0.84158862 0.15469806
v -0.02159004 0.85264051 0.16030197
v -0.03355870 0.85620630 0.15627801
v -0.09210471 1.01384258 0.11548831
v -0.09114186 1.01098430 0.11713463
v -0.09365168 1.01668143 0.11386400
v -0.08921016 1.00702715 0.11418983
v -0.08987314 1.00871718 0.11599141
v -0.09130767 1.00709152 0.11605969
v -0.09052283 1.00556791 0.11495933
v -0.08381511 1.00182056 0.12439645
v -0.08210983 0.99982786 0.12070738
v -0.08230393 0.99720758 0.11655620
v -0.07698306 0.83641887 0.12560865
v -0.07031900 0.84666216 0.12590338
v -0.08539914 0.85655248 0.11236084
v -0.09388515 0.84827948 0.11227621
v -0.09240463 0.81013209 0.13714802
v -0.11878116 0.82172525 0.11936099
v -0.11741883 0.79462159 0.13456070
v -0.09440710 0.78858501 0.14292732
v -0.11468181 0.77246529 0.14465855
v -0.09382154 0.76899326 0.14997238
v -0.10754789 0.71708333 0.16494147
v -0.08982493 0.71578085 0.16868900
v -0.09102394 0.73281395 0.16290677
v -0.10952786 0.73440218 0.15923503
v -0.12703565 0.64039010 0.16474862
v -0.12079928 0.62385941 0.15933411
v -0.10816054 0.62603736 0.16663878
v -0.11557867 0.64149725 0.17008923
v -0.18650182 0.74193585 0.12781554
v -0.19048864 0.76155901 0.12234456
v -0.20132883 0.75086170 0.11681676
v -0.19502604 0.73189729 0.12063567
v -0.13230319 0.86787379 0.07819098
v -0.12844367 0.84812665 0.09849873
v -0.11461502 0.85443050 0.09605348
v -0.12025838 0.87239742 0.07806554
v -0.16636167 0.66087127 0.12035045
v -0.16157559 0.64794558 0.12467319
v -0.15835552 0.65493244 0.13553710
v -0.16280118 0.66745460 0.13288908
v -0.14144658 0.56147885 0.11095431
v -0.14146890 0.54029483 0.10469484
v -0.12787561 0.53449869 0.12274807
v -0.12822314 0.55636191 0.12813851
v -0.17484725 0.60260910 0.04440795
v -0.17512737 0.60818392 0.01629719
v -0.17185606 0.59109896 0.01323379
v -0.17161876 0.58369327 0.04071026
v -0.13941152 0.71758693 0.15495552
v -0.12412363 0.71783000 0.16026366
v -0.12724181 0.73505497 0.15478978
v -0.14386359 0.73486650 0.14944424
v -0.33847737 0.68157506 0.05303255
v -0.32815069 0.66770160 0.05326380
v -0.30987364 0.68328261 0.06034784
v -0.31955147 0.69735599 0.05911259
v -0.16926576 0.48952401 0.01840403
v -0.16675335 0.50208986 -0.00526197
v -0.17122935 0.48417965 -0.01124461
v -0.17262375 0.47067273 0.01344018
v -0.24670880 0.79570377 0.08801912
v -0.23547941 0.80741477 0.09344746
v -0.23723087 0.82612622 0.07543223
v -0.25017351 0.81441033 0.07142786
v -0.18048187 0.70508873 0.12597975
v -0.17432037 0.71094060 0.13514650
v -0.18094905 0.72560626 0.13204455
v -0.18747188 0.71726876 0.12367159
v -0.18230931 0.64113438 0.01888273
v -0.18149877 0.63809758 0.04206432
v -0.18394424 0.65565366 0.03994825
v -0.18572779 0.65855742 0.01916775
v -0.17845637 0.62015730 0.04343383
v -0.17867398 0.62435830 0.01776038
v -0.16492057 0.71487975 0.14248680
v -0.15310243 0.71656811 0.14896818
v -0.15884483 0.73384476 0.14386134
v -0.17132406 0.73168403 0.13822249
v -0.11545271 0.60859323 0.15372956
v -0.10005461 0.61167276 0.16312541
v -0.16718550 0.45695001 0.03703544
v -0.15637533 0.44403318 0.05780238
v -0.15575618 0.46516013 0.06309064
v -0.16527873 0.47696403 0.04196936
v -0.11330460 0.57396603 0.14644863
v -0.11295483 0.59309793 0.15013625
v -0.12701784 0.59412080 0.13826355
v -0.12780085 0.57638830 0.13264196
v -0.14134970 0.43231854 0.07641728
v -0.12499249 0.42162490 0.09461488
v -0.12483069 0.44487131 0.10063885
v -0.14137647 0.45435387 0.08229460
v -0.11194669 0.75273490 0.15269096
v -0.09237865 0.75049472 0.15668443
v -0.14476892 0.64242858 0.14973564
v -0.14137731 0.62687093 0.14327991
v -0.13185622 0.62442589 0.15152398
v -0.13693196 0.64102656 0.15752532
v -0.19464254 0.70873076 0.09337294
v -0.19868690 0.71955699 0.10893699
v -0.21069710 0.73636258 0.10531181
v -0.20366882 0.71724290 0.08824435
v -0.17392612 0.46608189 -0.01760072
v -0.17403418 0.45242494 0.00734958
v -0.14064708 0.41176063 0.06822035
v -0.12400351 0.40064827 0.08626510
v -0.21216275 0.71291757 0.01712672
v -0.20558938 0.70731902 0.01842802
v -0.20632192 0.70570511 0.03465104
v -0.21249747 0.71368390 0.03287743
v -0.07601708 0.64149398 0.17850275
v -0.09156623 0.65052813 0.17852108
v -0.09756310 0.63473976 0.17384520
v -0.08493579 0.62222135 0.17163792
v -0.13875665 0.61210328 0.13469979
v -0.13890894 0.59794915 0.12656426
v -0.12803677 0.60933512 0.14410582
v -0.05939594 0.63184303 0.17562252
v -0.07089538 0.60509473 0.16964331
v -0.07291664 0.74774826 0.16103591
v -0.07223501 0.73074496 0.16625118
v -0.07324418 0.76521748 0.15591183
v -0.05323650 0.76192784 0.16146944
v -0.05141641 0.77941090 0.15660733
v -0.07178324 0.78318185 0.15048218
v -0.04817552 0.79661506 0.15339142
v -0.06838711 0.80152154 0.14695996
v -0.05793954 0.82759309 0.13707441
v -0.05377209 0.83897865 0.13828658
v -0.18972649 0.70788884 0.11175920
v -0.18261398 0.69768149 0.11317852
v -0.15587626 0.42414871 0.05039956
v -0.12405536 0.81401652 -0.02696005
v -0.12034106 0.79827166 -0.03536780
v -0.13906187 0.79934114 -0.03085029
v -0.14312050 0.81496239 -0.02287388
v -0.14423731 0.86638302 0.07784979
v -0.14408408 0.84679842 0.09878410
v -0.19044131 0.73867005 -0.02220005
v -0.18168600 0.73716748 -0.02707559
v -0.18354115 0.72635704 -0.02448788
v -0.19111377 0.72931945 -0.02020830
v -0.20963140 0.71754301 -0.00353161
v -0.21760215 0.71291280 -0.00642455
v -0.21813810 0.71937394 -0.01298213
v -0.20875661 0.72363836 -0.00875983
v -0.16274205 0.49576241 -0.03396893
v -0.15775135 0.51311821 -0.02758943
v -0.14509702 0.63818198 -0.04585014
v -0.15960723 0.62649059 -0.02904889
v -0.16602948 0.64268774 -0.02396068
v -0.15396695 0.65512830 -0.03832445
v -0.02528969 0.79235578 -0.02948163
v -0.02454992 0.77826899 -0.03527199
v -0.04262793 0.78292799 -0.04046211
v -0.04390677 0.79745269 -0.03418368
v -0.08657721 0.82296950 -0.02689812
v -0.08897001 0.83718836 -0.01876749
v -0.06549943 0.83106947 -0.02255467
v -0.06439526 0.81756270 -0.02996495
v -0.10424244 0.81181151 -0.03162912
v -0.10109730 0.79611760 -0.03993638
v -0.18361278 0.66441512 0.00079903
v -0.17933224 0.64862978 -0.00160113
v -0.18997367 0.68492883 0.00272787
v -0.19121079 0.68077868 0.01909514
v -0.19329038 0.68729621 0.01925310
v -0.19192852 0.69113284 0.00348121
v -0.10951351 0.87818366 0.07838935
v -0.10666025 0.88861358 0.05749936
v -0.11899919 0.88402236 0.05670366
v -0.06487656 0.87428772 0.01267330
v -0.06437963 0.86920673 0.00681105
v -0.07990523 0.87377125 0.01141319
v -0.07651180 0.87787187 0.01735305
v -0.04563854 0.71097982 -0.06235456
v -0.02525932 0.70981479 -0.05712005
v -0.02474144 0.68828052 -0.06082164
v -0.04749790 0.68746138 -0.06659943
v -0.19186880 0.70165634 -0.00747633
v -0.19637080 0.70575386 -0.00511955
v -0.19418252 0.71265388 -0.01230754
v -0.18836792 0.70868862 -0.01542637
v -0.18437527 0.70451742 -0.01785971
v -0.18037233 0.69897372 -0.02017741
v -0.18603246 0.69137603 -0.01005632
v -0.18908708 0.69742370 -0.00875515
v -0.16253769 0.67063874 -0.03132261
v -0.17253228 0.65911418 -0.01823685
v -0.17839970 0.67314637 -0.01428714
v -0.17021222 0.68308324 -0.02652645
v -0.02188818 0.61493272 -0.06651530
v -0.04318864 0.61437201 -0.07321453
v -0.04486348 0.63926852 -0.07129946
v -0.02245661 0.63985842 -0.06534778
v -0.22402269 0.71617353 0.05971443
v -0.22674346 0.71881008 0.07395917
v -0.23538236 0.71294010 0.06880477
v -0.23292543 0.70887977 0.05185166
v -0.23094448 0.73520708 -0.02526656
v -0.24042378 0.73310632 -0.02818704
v -0.24337946 0.73928356 -0.02875283
v -0.23309334 0.74216056 -0.02630714
v -0.24185941 0.69356585 0.02854891
v -0.24370021 0.69901139 0.04470897
v -0.25673634 0.68620324 0.03801357
v -0.25414568 0.68103194 0.02084460
v -0.15090095 0.86987036 0.04900933
v -0.15625970 0.86525989 0.07751992
v -0.14117460 0.87455690 0.05221210
v -0.22786331 0.69938028 0.00786266
v -0.23710924 0.69035649 0.00028311
v -0.23662315 0.69439781 -0.01112647
v -0.22643088 0.70245653 -0.00376059
v -0.34700686 0.69591439 0.04456641
v -0.32750928 0.71106428 0.04991837
v -0.26684761 0.66696554 -0.00121044
v -0.26818252 0.66949075 -0.01482320
v -0.25047034 0.67973578 -0.00767872
v -0.25241756 0.67838079 0.00550234
v -0.13819155 0.62185431 -0.05045637
v -0.15409891 0.61053175 -0.03303039
v -0.13008894 0.51162523 -0.06918955
v -0.14835992 0.50507313 -0.05352825
v -0.14299227 0.52303481 -0.04656711
v -0.12546949 0.53044909 -0.06187943
v -0.16587593 0.47784331 -0.04113187
v -0.13359344 0.49099723 -0.07598667
v -0.15225244 0.48560643 -0.06081936
v -0.08533403 0.89523160 0.06584240
v -0.07527342 0.89702213 0.05067167
v -0.08265157 0.89276242 0.04375290
v -0.09539755 0.89212793 0.06057852
v -0.17644940 0.36684203 -0.07472216
v -0.17504475 0.33878994 -0.08281854
v -0.18606341 0.33237228 -0.05456612
v -0.18433522 0.35930604 -0.04775789
v -0.04891380 0.88334149 0.02600095
v -0.06681747 0.88825715 0.03292115
v -0.06121448 0.89368570 0.04063696
v -0.04625634 0.88905013 0.03470204
v -0.18171087 0.38210800 -0.04198796
v -0.17503932 0.39264524 -0.06821808
v -0.08855997 0.88460958 0.08371320
v -0.09934857 0.88198441 0.08024670
v -0.09489340 0.86836791 0.09690006
v -0.08504789 0.87346423 0.09957315
v -0.07721991 0.86435980 0.11545205
v -0.19119358 0.32189763 -0.02580310
v -0.18658704 0.34578612 -0.02097009
v -0.06927580 0.90060806 0.05829564
v -0.05687074 0.89839876 0.04846537
v -0.04344856 0.89563656 0.04297019
v -0.02925405 0.89430958 0.04026034
v -0.16618146 0.45976228 -0.04692207
v -0.17309287 0.44851273 -0.02366000
v -0.11697348 0.23601124 -0.15169773
v -0.08920752 0.23236167 -0.15916818
v -0.09148254 0.21057075 -0.14679918
v -0.12335102 0.21501526 -0.14183658
v -0.02230220 0.23926914 -0.14967951
v -0.02207082 0.22096586 -0.13294336
v -0.05729318 0.21284717 -0.14348266
v -0.05751745 0.23220673 -0.15826949
v -0.02529768 0.37492925 -0.16207138
v -0.05462999 0.37574133 -0.16441390
v -0.05530433 0.39826256 -0.15267855
v -0.02680776 0.39739531 -0.15147355
v -0.13452426 0.47200024 -0.08181947
v -0.15293707 0.46707791 -0.06654577
v -0.17169037 0.43516374 0.00059196
v -0.21237801 0.20046613 -0.02368636
v -0.20607966 0.20750171 -0.06190373
v -0.20893109 0.17585516 -0.06523770
v -0.21731171 0.16805300 -0.02849206
v -0.16080803 0.17302054 -0.11854401
v -0.15816136 0.20135662 -0.12065443
v -0.12632288 0.19339365 -0.13420820
v -0.12858656 0.16825768 -0.12947276
v -0.10682923 0.39011419 0.10395728
v -0.12160490 0.38267857 0.07674479
v -0.10390104 0.37171614 0.09301285
v -0.04682045 0.37045747 0.13179424
v -0.06955206 0.37466234 0.12744462
v -0.06441617 0.35711539 0.11515941
v -0.04365657 0.35357758 0.11964890
v -0.04516722 0.26141733 0.08270493
v -0.02992838 0.26124227 0.08620510
v -0.03215007 0.28210935 0.08680336
v -0.04919202 0.28337851 0.08344751
v -0.18111007 0.33206493 0.00391796
v -0.16615301 0.31849617 0.02714418
v -0.16177335 0.33822754 0.02629080
v -0.17610514 0.35293329 0.00557131
v -0.02296434 0.20685264 -0.11458421
v -0.05472918 0.19802278 -0.12800232
v -0.21382757 0.15939331 0.00899857
v -0.20621805 0.19281632 0.01328408
v -0.19321710 0.15158996 0.04062649
v -0.16050869 0.14644259 0.05556156
v -0.15523466 0.17727688 0.05723076
v -0.18656589 0.18381560 0.04178004
v -0.03260366 0.17885903 0.04676840
v -0.04793676 0.19696864 0.06915067
v -0.05820014 0.19230273 0.05967750
v -0.03974791 0.18010232 0.03729448
v -0.02216290 0.28206936 -0.16967034
v -0.02258239 0.26142353 -0.16226169
v -0.05545384 0.25450528 -0.16888750
v -0.05321815 0.27847233 -0.17592654
v -0.11244737 0.49405295 -0.08635613
v -0.11351758 0.47362819 -0.09287259
v -0.09103794 0.49512485 -0.09247258
v -0.11034793 0.51501060 -0.07946455
v -0.08921366 0.51714611 -0.08497129
v -0.09556042 0.64719731 -0.06742543
v -0.11827819 0.63434458 -0.06247315
v -0.12577946 0.65109843 -0.05924112
v -0.10376030 0.66601664 -0.06575152
v -0.06167829 0.78844571 -0.04445502
v -0.06305553 0.80345786 -0.03748392
v -0.09015008 0.16852215 -0.13014564
v -0.04987468 0.17392129 -0.11237143
v -0.06895337 0.13946652 -0.11375318
v -0.10163537 0.13967890 -0.12658989
v -0.16457172 0.14322963 -0.11708857
v -0.19076745 0.14586806 -0.09712735
v -0.18867312 0.17791852 -0.09722501
v -0.21120942 0.14251855 -0.06720817
v -0.22214279 0.13474640 -0.02982567
v -0.19688402 0.11798313 0.03944165
v -0.16381414 0.11376834 0.05336511
v -0.06612112 0.13917127 0.02627020
v -0.09233012 0.13928023 0.04220882
v -0.09612051 0.11386308 0.03628252
v -0.07040565 0.11522678 0.01772811
v -0.08930157 0.25916573 0.07288916
v -0.12068808 0.28404927 0.05940523
v -0.12731208 0.26513934 0.05920210
v -0.10094866 0.24258673 0.06714864
v -0.05348958 0.39204228 0.14262457
v -0.07252537 0.39683744 0.13851957
v -0.08833608 0.38124579 0.11857191
v -0.09041959 0.40347666 0.12893066
v -0.10827038 0.41196549 0.11334654
v -0.07052401 0.49679497 0.16392413
v -0.09225605 0.50045151 0.15190034
v -0.09004375 0.47644046 0.14719445
v -0.06896469 0.47195101 0.15908678
v -0.07215709 0.52290028 0.16725676
v -0.09393077 0.52613240 0.15537135
v -0.07206783 0.57634366 0.16893324
v -0.09446365 0.59550327 0.16095862
v -0.09475631 0.57418084 0.15896834
v -0.05366438 0.74474609 0.16533342
v -0.05344733 0.72794884 0.16919582
v -0.18647292 0.30962908 0.00089855
v -0.03062820 0.16380477 -0.08151634
v -0.02846284 0.15205985 -0.05203217
v -0.03822250 0.12696570 -0.06082062
v -0.04658839 0.13388690 -0.08969542
v -0.18222004 0.36784196 -0.01707171
v -0.16750541 0.43803316 0.03056316
v -0.16435212 0.42102784 0.02265064
v -0.16716331 0.60059172 0.07775423
v -0.16476473 0.57706088 0.06830507
v -0.10517852 0.65621591 0.17605774
v -0.10661151 0.64426166 0.17401688
v -0.18688096 0.20864022 -0.09611982
v -0.19868970 0.08535582 0.03713641
v -0.19812073 0.05488801 0.03397813
v -0.16617942 0.05093300 0.04589143
v -0.16493671 0.08163840 0.05039886
v -0.06197672 0.08994371 -0.01392190
v -0.07725422 0.08741128 0.00934464
v -0.08578672 0.05904549 0.00139837
v -0.07263018 0.06070006 -0.02187540
v -0.08318647 0.03137368 -0.02692190
v -0.09462868 0.02793795 -0.00282985
v -0.09985916 -0.00228888 -0.00845277
v -0.09114686 0.00193000 -0.03156368
v -0.21918866 0.12529784 0.00820599
v -0.22810756 0.06986606 -0.02711421
v -0.22199799 0.06122369 0.00706737
v -0.22155024 0.09257647 0.00776730
v -0.22613515 0.10183457 -0.02861477
v -0.13485727 0.14039648 -0.12713084
v -0.05270294 0.11654860 -0.00447330
v -0.04735228 0.13940656 0.00448626
v -0.06776899 0.06535500 -0.07126820
v -0.07836572 0.06966585 -0.09545094
v -0.06269110 0.10115811 -0.09441917
v -0.05241107 0.09623280 -0.06715932
v -0.17758976 0.08463669 -0.10944054
v -0.20017761 0.08430040 -0.08884427
v -0.19576129 0.11524740 -0.09312788
v -0.17097105 0.11430511 -0.11354595
v -0.21547881 0.11035809 -0.06375015
v -0.21777743 0.07845402 -0.06081545
v -0.22892018 0.00870126 -0.02388592
v -0.21806633 0.00076926 0.00614628
v -0.22067915 0.03069800 0.00647993
v -0.22918932 0.03894430 -0.02524599
v -0.22189927 0.01745158 -0.05456090
v -0.21985331 0.04780293 -0.05731641
v -0.20431852 0.05402470 -0.08519694
v -0.20821916 0.02430683 -0.08115128
v -0.18845417 0.02726901 -0.09932061
v -0.18357185 0.05615777 -0.10468981
v -0.15941533 0.05413812 -0.11636825
v -0.16647828 0.02695280 -0.11054787
v -0.13398018 0.05062985 -0.11851756
v -0.11091936 0.04683715 -0.11042593
v -0.12333852 0.02048701 -0.10599825
v -0.14399710 0.02397519 -0.11301203
v -0.09416244 0.01100916 -0.07497941
v -0.10552754 0.01563025 -0.09306574
v -0.09247278 0.04213029 -0.09450930
v -0.08185288 0.03742111 -0.07324120
v -0.13351022 -0.09158337 -0.08658914
v -0.14697991 -0.08488280 -0.09494618
v -0.13701789 -0.05981797 -0.09204231
v -0.12202025 -0.06638598 -0.08325112
v -0.16043516 -0.07956642 -0.10348397
v -0.17734662 -0.07581145 -0.10629502
v -0.16892777 -0.05129457 -0.10231450
v -0.15216245 -0.05494422 -0.09894089
v -0.20391847 -0.05243146 -0.08966517
v -0.18681867 -0.05063313 -0.09974325
v -0.19489361 -0.07490510 -0.10302463
v -0.21153516 -0.07694286 -0.09281573
v -0.22910351 -0.08038628 -0.07809535
v -0.22373833 -0.05533713 -0.07581291
v -0.23620580 -0.08943230 -0.05528475
v -0.23356399 -0.06410909 -0.05249901
v -0.23073733 -0.07550961 -0.02332735
v -0.23523742 -0.10055769 -0.02687526
v -0.11484905 -0.08696896 -0.03253259
v -0.12300204 -0.11339462 -0.04098839
v -0.11813463 -0.10660088 -0.05957332
v -0.10846493 -0.08076322 -0.05102491
v -0.15035743 -0.09263515 0.00064547
v -0.17326833 -0.09367943 0.02042601
v -0.17606717 -0.11897010 0.00774243
v -0.15494391 -0.11943883 -0.01028040
v -0.22418839 -0.01116323 -0.05289999
v -0.22815394 -0.02060068 -0.02219371
v -0.19293931 -0.00028503 -0.09352307
v -0.21195953 -0.00365543 -0.07760546
v -0.10395205 -0.01541364 -0.07748392
v -0.11678161 -0.01014489 -0.09249397
v -0.10476841 -0.03123885 -0.01517560
v -0.09735459 -0.02626503 -0.03697369
v -0.20055225 -0.06370968 0.02849555
v -0.19774750 -0.03488338 0.02850722
v -0.21897748 -0.02857697 0.00736039
v -0.22308478 -0.05741578 0.00855434
v -0.22916737 -0.03844827 -0.05195808
v -0.21723913 -0.02995276 -0.07555223
v -0.19788931 -0.02672595 -0.08992600
v -0.17969924 -0.02534044 -0.10064089
v -0.16115022 -0.02663493 -0.10321577
v -0.14367695 -0.03036529 -0.09935896
v -0.12726746 -0.03484577 -0.09175892
v -0.11317427 -0.04063940 -0.07973012
v -0.10243437 -0.05383861 -0.04345833
v -0.10889523 -0.05999935 -0.02343276
v -0.20391104 -0.11622828 0.01268101
v -0.20270987 -0.09158337 0.02419243
v -0.22654030 -0.08467627 0.00609553
v -0.22807243 -0.10977191 -0.00078054
v -0.20538537 -0.13706452 -0.00250970
v -0.18277389 -0.13885850 -0.00789240
v -0.16905659 -0.10204244 -0.11138646
v -0.18579961 -0.09892142 -0.11301793
v -0.20348805 -0.09848261 -0.10961947
v -0.23570991 -0.10517234 -0.08403149
v -0.24067564 -0.11572409 -0.05886394
v -0.23678124 -0.12687552 -0.03181589
v -0.22622639 -0.13153392 -0.01061438
v -0.13929641 -0.15431428 -0.07652536
v -0.13034053 -0.12930632 -0.06699240
v -0.13508672 -0.13579959 -0.05033976
v -0.14561769 -0.15959907 -0.06036136
v -0.14889653 -0.14022976 -0.10597256
v -0.15955304 -0.13237822 -0.11867926
v -0.15497325 -0.10833442 -0.10322198
v -0.14443888 -0.11527991 -0.09154037
v -0.17649435 -0.12718707 -0.12578109
v -0.19464818 -0.12370515 -0.12670344
v -0.21274570 -0.12189835 -0.12283298
v -0.24385506 -0.13139850 -0.09216408
v -0.22135550 -0.09966105 -0.10054876
v -0.23094293 -0.12407899 -0.11174506
v -0.24812193 -0.14357030 -0.06283534
v -0.24159536 -0.18639100 -0.04611737
v -0.23597151 -0.15708494 -0.03502572
v -0.25667453 -0.17276108 -0.07078001
v -0.22887886 -0.28699589 -0.07426880
v -0.25399649 -0.28019518 -0.08069916
v -0.25372648 -0.31441462 -0.09438972
v -0.23203564 -0.32060784 -0.08853769
v -0.15070401 -0.18707985 -0.07076508
v -0.14307410 -0.18252182 -0.08835435
v -0.15055433 -0.16850597 -0.12127814
v -0.16384597 -0.16006309 -0.13433006
v -0.26146275 -0.18839139 -0.11345923
v -0.25468963 -0.15905130 -0.10125962
v -0.24142259 -0.15067667 -0.12370458
v -0.24847133 -0.17973959 -0.13661408
v -0.16021004 -0.28189135 -0.10292128
v -0.15356623 -0.27756989 -0.12125626
v -0.14637920 -0.24492651 -0.11097965
v -0.15358053 -0.24986273 -0.09111492
v -0.16559562 -0.19043511 -0.14787677
v -0.15189891 -0.19887090 -0.13439226
v -0.15524036 -0.23088676 -0.14604476
v -0.16957657 -0.22282290 -0.15922222
v -0.26496661 -0.25700325 -0.13268551
v -0.26464552 -0.22116721 -0.12384507
v -0.25280422 -0.21296781 -0.14706591
v -0.25448573 -0.24999255 -0.15514264
v -0.24771790 -0.21576732 -0.05670567
v -0.26297432 -0.20192981 -0.08269520
v -0.26620108 -0.23330986 -0.09395140
v -0.25263643 -0.24700958 -0.06878448
v -0.22062513 -0.22268826 -0.05023295
v -0.22557093 -0.25364101 -0.06137641
v -0.17938325 -0.34655684 -0.14062524
v -0.16682322 -0.31048572 -0.13106570
v -0.17222458 -0.31649500 -0.11504456
v -0.18469313 -0.35262418 -0.12717083
v -0.17787585 -0.25773174 -0.16606218
v -0.16271329 -0.26461577 -0.15415558
v -0.17571439 -0.29986477 -0.15886077
v -0.18758479 -0.29436660 -0.16979426
v -0.26453835 -0.33558923 -0.14965960
v -0.26462930 -0.29526091 -0.14135772
v -0.25495195 -0.28969651 -0.16174531
v -0.25428599 -0.33048254 -0.16766456
v -0.25376648 -0.35141695 -0.10860115
v -0.26647961 -0.30443293 -0.11498635
v -0.26624602 -0.34313565 -0.12723818
v -0.25470769 -0.38917953 -0.11959949
v -0.23988810 -0.39419186 -0.11428018
v -0.23498319 -0.35673481 -0.10308665
v -0.19658373 -0.38784021 -0.13751319
v -0.19017310 -0.38292491 -0.14963904
v -0.19185860 -0.37423551 -0.17048135
v -0.20037919 -0.36871213 -0.18015844
v -0.19497624 -0.33202070 -0.17479721
v -0.18493697 -0.33728445 -0.16463637
v -0.22673622 -0.32835996 -0.18316808
v -0.20992959 -0.32888448 -0.18135098
v -0.21410915 -0.36580062 -0.18599352
v -0.22954053 -0.36580986 -0.18652311
v -0.25327319 -0.36806577 -0.17216057
v -0.24180216 -0.32828575 -0.17887244
v -0.24234043 -0.36592340 -0.18200964
v -0.26368111 -0.37215048 -0.15641022
v -0.26588529 -0.38066846 -0.13557371
v -0.01544342 0.18387586 -0.05392087
v -0.02294887 0.17559850 -0.02670035
v -0.02369839 0.16827944 -0.04043594
v -0.01915334 0.18109551 -0.06928407
v -0.10751136 0.05491990 0.02418331
v -0.10159530 0.08557516 0.03041530
v -0.11701158 -0.00634712 0.01402785
v -0.11349060 0.02339846 0.02011279
v -0.12084877 -0.03638107 0.00597213
v -0.12491420 -0.06489486 -0.00454009
v -0.12867856 -0.09316802 -0.01460667
v -0.13627143 -0.11878443 -0.02450550
v -0.14722715 -0.14110184 -0.03473191
v -0.15883371 -0.16492730 -0.04497758
v -0.16989285 -0.21975034 -0.06555010
v -0.15199156 -0.21784747 -0.08112963
v -0.16717876 -0.19083887 -0.05610928
v -0.17792806 -0.28579313 -0.08641849
v -0.17264611 -0.25197202 -0.07475814
v -0.18733168 -0.32117188 -0.10056317
v -0.19782618 -0.35709065 -0.11506116
v -0.20899391 -0.39187866 -0.12640586
v -0.11682510 0.19391721 0.05972325
v -0.08756466 0.18293902 0.05253696
v -0.08613628 0.19680220 0.05771194
v -0.11289059 0.21288642 0.06163028
v -0.01984308 0.17498022 0.01393858
v -0.02450950 0.17489585 0.02822784
v -0.03017722 0.17751840 0.02018828
v -0.02375394 0.17797452 0.00583005
v -0.22894534 -0.04853904 -0.02160117
v -0.17321104 0.00036424 -0.10449243
v -0.15312748 -0.00159538 -0.10704657
v -0.13431492 -0.00504404 -0.10174380
v -0.14573558 -0.06710029 0.01529879
v -0.14318991 -0.03927988 0.02448124
v -0.16882825 -0.03881913 0.03466385
v -0.17142594 -0.06716144 0.02861058
v -0.21565320 -0.19629294 -0.04000808
v -0.19391021 -0.22163796 -0.05701876
v -0.18961522 -0.19467276 -0.04528993
v -0.21215668 -0.17314512 -0.02798066
v -0.20221604 -0.14902133 -0.14241570
v -0.22263272 -0.14736229 -0.13752830
v -0.18547785 -0.18269014 -0.15579852
v -0.20742467 -0.17748660 -0.15786126
v -0.18132481 -0.15309960 -0.14033183
v -0.13834889 0.01931900 0.03675844
v -0.16707513 0.02043283 0.04137535
v -0.16767293 -0.00953710 0.03734134
v -0.14003387 -0.01016790 0.03139453
v -0.13928790 0.53974748 -0.04182011
v -0.12242728 0.54806560 -0.05633545
v -0.15760525 0.62642699 0.11737232
v -0.16117018 0.61455953 0.10150981
v -0.15036745 0.60444719 0.11420278
v -0.14854558 0.61762834 0.12575002
v -0.16853400 0.62826371 0.09313709
v -0.16436812 0.63809782 0.11056721
v -0.16902287 0.65230936 0.10508564
v -0.17296124 0.64369404 0.08758165
v -0.19148183 0.70243812 0.07429788
v -0.19805601 0.70860231 0.07030059
v -0.07284116 0.54980880 0.16893110
v -0.04802381 0.54695565 0.17528413
v -0.04748010 0.57332885 0.17485277
v -0.08483367 0.36283088 0.10601592
v -0.09179209 0.29266709 0.07101308
v -0.06378211 0.25972229 0.07916497
v -0.06940895 0.28641570 0.07897192
v -0.02603569 0.19320130 0.06866284
v -0.06579477 0.61008203 -0.07471400
v -0.06789976 0.63436395 -0.07217753
v -0.04454805 0.81108814 -0.02804242
v -0.02580294 0.80565900 -0.02354646
v -0.04513880 0.83618641 -0.01459393
v -0.04530406 0.84734303 -0.00771621
v -0.02665998 0.84144175 -0.00530295
v -0.02647414 0.83039296 -0.01161960
v -0.02985739 0.88668180 0.03195943
v -0.03067458 0.87901795 0.02364004
v -0.01817793 0.17994726 -0.00840215
v -0.02509395 0.17947641 -0.00276503
v -0.01765006 0.18194133 -0.02032885
v -0.06390018 0.15936008 0.03343527
v -0.04535707 0.15754470 0.01333915
v -0.04523821 0.17063269 0.01986091
v -0.06322844 0.17499644 0.03906788
v -0.20666382 0.23049819 -0.01774044
v -0.20264611 0.23888597 -0.05476251
v -0.09107219 0.19141227 -0.13581803
v -0.31012166 0.64828879 -0.02662745
v -0.31615746 0.65637314 -0.03663632
v -0.29475027 0.66724664 -0.03251633
v -0.28901255 0.65939885 -0.02127190
v -0.06858952 0.71319389 -0.06452894
v -0.07789652 0.68512112 -0.06716481
v -0.10444532 0.86282969 0.09596000
v -0.18215127 0.85850322 0.07901935
v -0.18389080 0.84249157 0.10290833
v -0.17079109 0.84534711 0.10135148
v -0.16868074 0.86235249 0.07793912
v -0.16332398 0.82914239 -0.00848904
v -0.16680323 0.84200752 0.00645371
v -0.15240709 0.84498131 0.00248039
v -0.14788491 0.83037412 -0.01234441
v -0.02361046 0.35169473 -0.16971681
v -0.05308149 0.35255492 -0.17342010
v -0.04399749 0.54199368 -0.08028626
v -0.06536737 0.54063964 -0.08199219
v -0.06360003 0.56307942 -0.07901920
v -0.04255812 0.56554365 -0.07737359
v -0.10147958 0.69971317 -0.06391916
v -0.11888567 0.68188375 -0.05996105
v -0.05507466 0.65639126 0.17908081
v -0.05373105 0.67639023 0.17773257
v -0.07170017 0.68032479 0.17851183
v -0.07288802 0.66227281 0.17985001
v -0.28196567 0.70683891 -0.03827623
v -0.25852728 0.70925432 -0.03153223
v -0.25674957 0.69740075 -0.02800958
v -0.27899426 0.68976748 -0.03539690
v -0.18249606 0.24474514 -0.09524187
v -0.15418082 0.22765568 -0.12526625
v -0.15807393 0.56518555 -0.01769891
v -0.14393495 0.57583767 -0.03852807
v -0.14068036 0.55750316 -0.04044379
v -0.15501745 0.54722786 -0.02056152
v -0.16934596 0.61631620 -0.00822906
v -0.16538970 0.59965909 -0.01169400
v -0.17452095 0.63221663 -0.00484760
v -0.20151085 0.71524549 -0.00204086
v -0.20305347 0.71001220 0.00607865
v -0.20991150 0.71401346 0.00559008
v -0.08920107 0.16336921 0.04803649
v -0.07968707 0.21589512 0.06990972
v -0.06963605 0.22546470 0.07678814
v -0.01590438 0.17734042 0.00136328
v -0.07678057 0.88024104 0.10501117
v -0.07206729 0.87354267 0.12187412
v -0.23046267 0.70045298 0.02161736
v -0.23950091 0.69009930 0.01360126
v -0.19644661 0.69255102 0.01883158
v -0.19527230 0.69262236 0.03658300
v -0.20043902 0.69688958 0.03520609
v -0.20071499 0.69746780 0.01796740
v -0.19932814 0.70086610 0.00457773
v -0.19498530 0.69582152 0.00373778
v -0.17593242 0.74919558 0.13253112
v -0.16346529 0.75278658 0.13723381
v -0.16588829 0.77167606 0.12970893
v -0.17858043 0.76830059 0.12615250
v -0.14835288 0.75376648 0.14257561
v -0.13086836 0.75374770 0.14795175
v -0.13448308 0.77407283 0.13904843
v -0.15163222 0.77383256 0.13402955
v -0.10422242 0.83864349 0.11539143
v -0.08557370 0.82672191 0.13167211
v -0.06354744 0.81694531 0.14240058
v -0.04457789 0.81064320 0.14961925
v -0.03015872 0.87095398 0.01545966
v -0.02883506 0.86108506 0.00773830
v -0.04803095 0.86552298 0.00615416
v -0.05257747 0.87584889 0.01578993
v -0.06547670 0.85672027 0.13034464
v -0.05078730 0.84997815 0.14319712
v -0.03899391 0.83286852 0.14806807
v -0.35333323 0.70612949 0.03037826
v -0.33378881 0.72150296 0.03469528
v -0.07701566 0.89783251 0.07313810
v -0.07913183 0.88930416 0.08951233
v -0.33762777 0.72877151 0.01639543
v -0.35676694 0.71286827 0.01241261
v -0.15745397 0.82159603 0.11417505
v -0.15791744 0.84636462 0.09978008
v -0.17038655 0.82139385 0.11487292
v -0.06174647 0.86665463 0.13709408
v -0.04771793 0.86049628 0.14917323
v -0.19894086 0.26883745 -0.04423496
v -0.19912086 0.25750792 -0.01019590
v -0.16331463 0.49626601 0.04650036
v -0.16620952 0.50788164 0.02322426
v -0.04718813 0.49362123 0.17119335
v -0.04577994 0.46875328 0.16626824
v -0.01968686 0.86385077 0.16649656
v -0.07035738 0.42236084 0.14714684
v -0.04730108 0.41688406 0.15149377
v -0.04618801 0.44340992 0.15966308
v -0.06883243 0.44759199 0.15337148
v -0.03845730 0.39043087 0.14228082
v -0.03640140 0.37917829 0.13715330
v -0.04164661 0.24094182 0.08275361
v -0.02884281 0.24095875 0.08567871
v -0.27260834 0.73930979 0.07607825
v -0.26062930 0.75177401 0.08234505
v -0.26747888 0.77048516 0.07636206
v -0.28000468 0.75639629 0.06836921
v -0.08979034 0.42902774 0.13609929
v -0.10802776 0.43641004 0.11962157
v -0.18747126 0.70007056 0.09536184
v -0.18568087 0.69521546 0.07620950
v -0.04542847 0.60044736 0.17345493
v -0.08885549 0.66740197 0.17916121
v -0.08862723 0.68333554 0.17707759
v -0.10486862 0.68548536 0.17361307
v -0.10445148 0.67059749 0.17597534
v -0.01326310 0.18145645 -0.00949356
v -0.25579321 0.77425790 -0.01818143
v -0.24406107 0.78023076 -0.01797906
v -0.24144380 0.77047122 -0.02240877
v -0.25374287 0.76551449 -0.02279136
v -0.03225543 0.15980288 -0.01201959
v -0.03558257 0.14417404 -0.02230042
v -0.02045309 0.19529900 -0.09230058
v -0.00942100 0.19155958 -0.07175964
v -0.12859342 0.11248913 0.04996645
v -0.12451907 0.14236677 0.05430423
v -0.13249981 0.08105391 0.04572458
v -0.13541955 0.04991198 0.04100904
v -0.16566285 -0.14277500 -0.02247663
v -0.18213291 -0.16744936 -0.03076991
v -0.19849579 -0.25298959 -0.06808132
v -0.20359881 -0.28635287 -0.08059071
v -0.20948294 -0.32177430 -0.09407833
v -0.21625179 -0.35892552 -0.10799345
v -0.22375275 -0.39493853 -0.11783732
v -0.35624874 0.71379912 -0.00615644
v -0.33696318 0.73174196 -0.00365350
v -0.33363563 0.72513855 -0.01981626
v -0.35398471 0.70878875 -0.02182972
v -0.26986653 0.66882914 0.01381768
v -0.27327091 0.67308223 0.03047507
v -0.29018503 0.65957487 0.02362506
v -0.28711921 0.65698463 0.00736118
v -0.30569148 0.64392012 0.00081439
v -0.30645674 0.64429325 -0.01393658
v -0.28623730 0.65645325 -0.00768568
v -0.32331425 0.66779977 -0.04362124
v -0.33129621 0.67996281 -0.04597053
v -0.30874699 0.69301838 -0.04227090
v -0.30200273 0.67876363 -0.04007620
v -0.34824729 0.70103681 -0.03480896
v -0.32788265 0.71575773 -0.03175959
v -0.31931925 0.70527482 -0.03971791
v -0.34037149 0.69102150 -0.04328813
v -0.31856561 0.65677410 0.04549599
v -0.31172520 0.64972556 0.03201285
v -0.29380143 0.66458583 0.03963882
v -0.30137891 0.67190778 0.05300755
v -0.27403682 0.78756601 0.06198110
v -0.28658783 0.77122605 0.05426598
v -0.21066304 0.72591448 0.08341798
v -0.21784171 0.73735332 0.09589124
v -0.22495143 0.73407716 0.09074952
v -0.21737559 0.72628617 0.07868642
v -0.30851048 0.72598064 0.05542530
v -0.29323077 0.74131995 0.06173497
v -0.29962271 0.75404805 0.04671346
v -0.31537348 0.73722863 0.03991129
v -0.28368884 0.68614435 0.06054099
v -0.27762586 0.67869151 0.04716821
v -0.26118666 0.69199252 0.05471029
v -0.26705390 0.69898522 0.06836614
v -0.27326548 0.67737603 -0.02696247
v -0.25250983 0.68619782 -0.01924679
v -0.25248128 0.73291266 0.08486348
v -0.26398414 0.72167248 0.07908974
v -0.18099448 0.69095480 0.09609655
v -0.18887959 0.68014199 0.03841935
v -0.19168165 0.68742949 0.03781784
v -0.14916873 0.63100612 0.13604203
v -0.15095770 0.64441621 0.14250006
v -0.17800942 0.63877881 0.06602344
v -0.18033107 0.65588570 0.06219631
v -0.15604864 0.63784492 0.12960188
v -0.15510957 0.64603037 0.13670923
v -0.11296789 0.55306971 0.14367256
v -0.04114764 0.82187194 0.14665462
v -0.28542507 0.72584283 0.07034685
v -0.27541101 0.71099609 0.07333885
v -0.24139994 0.71266723 -0.02528998
v -0.22791216 0.71620500 -0.01935615
v -0.22658443 0.70838666 -0.01302278
v -0.23893924 0.70279503 -0.02017018
v -0.13792337 0.71966422 -0.04989004
v -0.12072325 0.71075654 -0.05777068
v -0.13416772 0.69556767 -0.05144691
v -0.14880927 0.70642442 -0.04391173
v -0.26545477 0.78481501 -0.00643647
v -0.27373564 0.78690261 0.00264284
v -0.26081789 0.79965580 0.00636938
v -0.25372630 0.79442453 -0.00448188
v -0.26857024 0.80233961 0.02125638
v -0.28185689 0.78663784 0.01601655
v -0.28762197 0.78166169 0.03422290
v -0.27419031 0.79868102 0.04089678
v -0.17350821 0.31241891 -0.09119621
v -0.18706787 0.30516031 -0.06334376
v -0.15281601 0.40726656 0.04157253
v -0.13831151 0.39447343 0.05910081
v -0.11714236 0.30705732 0.05844121
v -0.06094047 0.18963128 0.05178463
v -0.04260138 0.18028808 0.03000925
v -0.04257521 0.12077945 -0.03168181
v -0.19496979 0.29472044 -0.03322858
v -0.05359178 0.09244710 -0.03921203
v -0.06669597 0.06307471 -0.04574555
v -0.09810633 0.07448131 -0.11391395
v -0.12380739 0.07871360 -0.12271985
v -0.11321370 0.10805288 -0.12503013
v -0.08465602 0.10483962 -0.11502784
v -0.15166414 0.08219206 -0.12095764
v -0.14362180 0.11079714 -0.12430713
v -0.19584145 -0.00490797 0.02814348
v -0.18942729 -0.21584797 -0.16756099
v -0.21714689 -0.24834365 -0.17525133
v -0.21178351 -0.21088195 -0.16938010
v -0.19658054 -0.25221717 -0.17353326
v -0.23390961 -0.20943022 -0.16250551
v -0.22934237 -0.17607874 -0.15163004
v -0.26733643 -0.26753402 -0.10383087
v -0.20398679 -0.28999728 -0.17704666
v -0.22232109 -0.28812551 -0.17892453
v -0.23758085 -0.24694401 -0.16923341
v -0.24043906 -0.28734475 -0.17420831
v -0.03278423 0.17048085 -0.00254716
v -0.19828650 0.22267234 0.01771310
v -0.18936482 0.24849665 0.02106712
v -0.13460834 0.24691421 0.05885505
v -0.10837036 0.22804275 0.06446690
v -0.12482029 0.46662840 0.10557340
v -0.14134102 0.47502255 0.08758187
v -0.14148025 0.51829123 0.09898920
v -0.15392581 0.52627891 0.07906552
v -0.15399022 0.50567073 0.07357337
v -0.14111468 0.49627724 0.09335788
v -0.16697110 0.54470038 0.03200861
v -0.16576016 0.55467039 0.00619109
v -0.16347763 0.53660166 0.00286514
v -0.16543366 0.52605522 0.02773524
v -0.16358958 0.51916534 -0.00067665
v -0.15411474 0.52979791 -0.02312176
v -0.08553886 0.58104891 -0.07351227
v -0.10552942 0.57479084 -0.06637414
v -0.10774010 0.59554547 -0.06475243
v -0.08740626 0.60353959 -0.07142383
v -0.05509990 0.23528534 0.08034597
v -0.03216838 0.17831779 0.01225224
v -0.12084905 0.17032301 0.05756146
v -0.14805350 0.20446637 0.05808727
v -0.17826158 0.21308565 0.04345899
v -0.23197447 0.70375681 0.03627790
v -0.17269045 0.73452842 -0.03134684
v -0.17595761 0.72285569 -0.02877764
v -0.29582745 0.77032673 0.00897681
v -0.30141640 0.76423538 0.02739929
v -0.25303763 0.70950693 0.07582898
v -0.25673950 0.78292978 0.08306266
v -0.24980788 0.76239961 0.08900885
v -0.24007589 0.77307391 0.09550084
v -0.14599456 0.30170262 0.04465674
v -0.17368706 0.29497084 0.02671767
v -0.15340324 0.28098074 0.04639843
v -0.00893007 0.18768016 -0.05189969
v -0.08395291 0.20745111 0.06366476
v -0.07870782 0.03427285 -0.05004215
v -0.08880693 0.00637019 -0.05385756
v -0.09698007 -0.02092683 -0.05846605
v -0.10420183 -0.04755276 -0.06329393
v -0.11159883 -0.07367527 -0.06915540
v -0.12256353 -0.09843487 -0.07545698
v -0.13464449 -0.12220937 -0.08081740
v -0.14161892 -0.14723581 -0.09212106
v -0.14393012 -0.21296883 -0.09978150
v -0.14440320 -0.20613533 -0.11825515
v -0.14335163 -0.17531806 -0.10576923
v -0.14763579 -0.23875064 -0.12973228
v -0.15484494 -0.27141201 -0.13875389
v -0.16917874 -0.30501634 -0.14586425
v -0.18038362 -0.34131449 -0.15314546
v -0.18895052 -0.37806803 -0.16034856
v -0.01241492 0.18164963 -0.01860909
v -0.01107810 0.18469176 -0.03393665
v -0.14200719 0.82065129 0.11400867
v -0.19243890 0.69678187 0.05544253
v -0.19800299 0.70138794 0.05267689
v -0.24258392 0.71878999 0.08196753
v -0.30809933 0.72890359 -0.03026080
v -0.31226462 0.74016112 -0.01968324
v -0.24681297 0.70383739 0.06203780
v -0.20662023 0.71680397 0.06922920
v -0.21374913 0.72217673 0.06677034
v -0.50999713 0.59645140 0.02006757
v -0.51417994 0.60105205 0.00542052
v -0.52843547 0.58528101 0.01116880
v -0.52340734 0.58032697 0.02416079
v -0.50257170 0.58769041 0.03021160
v -0.51605350 0.57188940 0.03257000
v -0.46782440 0.53414989 0.00483587
v -0.46999168 0.54279894 0.01814116
v -0.48724663 0.53103036 0.01738245
v -0.48584282 0.52349526 0.00390857
v -0.52067006 0.54697007 0.03752683
v -0.51293004 0.53716564 0.03469004
v -0.49808061 0.55065614 0.03432833
v -0.50701952 0.56155902 0.03591331
v -0.47599506 0.53626060 -0.02828866
v -0.48310351 0.54638928 -0.03885935
v -0.46408266 0.55451363 -0.04066738
v -0.45729357 0.54476249 -0.02841465
v -0.40031475 0.58881080 0.01156550
v -0.39818674 0.57835519 -0.00097595
v -0.38483673 0.58975852 0.00275967
v -0.38837773 0.60042834 0.01413162
v -0.48112261 0.62818003 0.01129081
v -0.48267919 0.63066781 -0.00544852
v -0.49884963 0.61612558 0.00008999
v -0.49585259 0.61248380 0.01616729
v -0.45315057 0.59546286 0.03270300
v -0.44329631 0.58239973 0.02740141
v -0.42775750 0.59881687 0.02569311
v -0.43784153 0.61241114 0.03035267
v -0.46571410 0.64343166 0.00544313
v -0.46558279 0.64352942 -0.01117733
v -0.48342389 0.56483740 0.03434887
v -0.47513157 0.55326498 0.02800855
v -0.45908576 0.56722981 0.02829937
v -0.46853119 0.57979912 0.03394911
v -0.51291811 0.52001405 -0.02318035
v -0.52006531 0.52950180 -0.03102118
v -0.50184548 0.53804898 -0.03552645
v -0.49462813 0.52810329 -0.02640045
v -0.50753713 0.52829444 0.02736039
v -0.50438577 0.52012819 0.01727398
v -0.49139726 0.54051864 0.02741586
v -0.54504853 0.56856245 -0.01043311
v -0.54519618 0.57112986 0.00291534
v -0.53017151 0.58615148 -0.00394632
v -0.52876884 0.58232862 -0.01814276
v -0.43210059 0.55917770 0.00786278
v -0.43564445 0.56962770 0.01940947
v -0.45249414 0.55543220 0.01927508
v -0.44984895 0.54604906 0.00625481
v -0.47420692 0.62021351 0.02475315
v -0.48867327 0.60378492 0.02770606
v -0.51166987 0.59535754 -0.02492815
v -0.51467699 0.60086715 -0.01050344
v -0.49757934 0.61439717 -0.01637183
v -0.49362475 0.60756671 -0.03117216
v -0.46866703 0.60534662 -0.04739726
v -0.46014017 0.59064454 -0.05035496
v -0.47964060 0.58230120 -0.04660913
v -0.48757464 0.59616417 -0.04213810
v -0.41526312 0.57390803 0.00930057
v -0.41459483 0.56508303 -0.00498873
v -0.43837708 0.55412024 -0.02675062
v -0.44478959 0.56263405 -0.04097570
v -0.42536187 0.57090586 -0.03959990
v -0.41891271 0.56378371 -0.02337779
v -0.42316419 0.65260375 0.02262370
v -0.43141693 0.66222566 0.01035978
v -0.44436079 0.65165734 0.01539437
v -0.43478000 0.64167947 0.02595600
v -0.44930011 0.65672266 -0.00103593
v -0.43440592 0.66620719 -0.00678287
v -0.40856713 0.67272931 -0.02647004
v -0.40253502 0.66497618 -0.03673255
v -0.41236514 0.65949804 -0.03620830
v -0.41904789 0.66782725 -0.02550715
v -0.43082380 0.62010527 -0.05712473
v -0.42060035 0.60527748 -0.05507424
v -0.44050592 0.59834588 -0.05315636
v -0.44978917 0.61339688 -0.05281770
v -0.39522040 0.59676749 -0.04622951
v -0.39030468 0.58561337 -0.03225030
v -0.40676755 0.57859790 -0.03631590
v -0.41301852 0.59077179 -0.04807165
v -0.34121126 0.62406081 -0.02625376
v -0.33887929 0.62070358 -0.01270416
v -0.35203671 0.61015421 -0.01793410
v -0.35516810 0.61438537 -0.03171155
v -0.35377681 0.61575240 0.01222525
v -0.34205914 0.62516052 0.01726228
v -0.34875655 0.63185537 0.02936782
v -0.35989845 0.62315327 0.02365401
v -0.38830495 0.67890382 0.02092731
v -0.39193177 0.68664730 0.00404657
v -0.40238714 0.68038011 0.00420545
v -0.39776325 0.67193854 0.01967846
v -0.41395104 0.62553930 -0.05935308
v -0.40100873 0.61186433 -0.05629072
v -0.36364806 0.60753757 0.00852060
v -0.36876571 0.61597788 0.01926586
v -0.37775874 0.60913163 0.01597530
v -0.37350380 0.59931463 0.00557244
v -0.38518292 0.63990569 0.02676964
v -0.39525414 0.65298599 0.02560979
v -0.40368974 0.64725506 0.02505004
v -0.39378500 0.63365787 0.02374238
v -0.40566993 0.66625500 0.01965009
v -0.41103047 0.67512631 0.00479777
v -0.42078662 0.66956371 0.00689441
v -0.41379136 0.66024500 0.02045359
v -0.40269554 0.63018888 -0.06041878
v -0.40917170 0.64091319 -0.05481859
v -0.39901346 0.64328992 -0.05477117
v -0.39259088 0.63313794 -0.05960929
v -0.38014460 0.60146588 -0.04171279
v -0.37615716 0.59327459 -0.02764267
v -0.40328562 0.62526298 0.02239624
v -0.39498484 0.61262560 0.02034783
v -0.38528657 0.62064594 0.02251317
v -0.42275196 0.67231429 -0.01049787
v -0.34599495 0.62966067 -0.03706382
v -0.35111451 0.63743162 -0.04567708
v -0.33612508 0.64557683 -0.04117143
v -0.33081740 0.63764995 -0.03243455
v -0.32716900 0.63271368 -0.02111840
v -0.32564121 0.63063741 -0.00668326
v -0.32935333 0.63582629 0.02392294
v -0.33602256 0.64251971 0.03689433
v -0.34510732 0.65300488 0.04473878
v -0.35519385 0.66607898 0.04583561
v -0.36875260 0.65453255 0.03813051
v -0.35825729 0.64187336 0.03687507
v -0.37161613 0.69108742 0.02562826
v -0.37515110 0.69773859 0.00784609
v -0.39094770 0.68747050 -0.01204312
v -0.37525535 0.69801831 -0.00959030
v -0.36173111 0.60165697 -0.00654767
v -0.35131752 0.61086869 -0.00249028
v -0.50602114 0.58570874 -0.03672639
v -0.49836367 0.57297832 -0.04202774
v -0.51653934 0.56270927 -0.03631514
v -0.52378285 0.57404697 -0.02980348
v -0.52718467 0.54071933 -0.03273675
v -0.50927871 0.55025768 -0.03855573
v -0.49334496 0.57677978 0.03508707
v -0.47910464 0.59225339 0.03373401
v -0.52898759 0.55675805 0.03543749
v -0.41267598 0.63875788 0.02532439
v -0.42368209 0.62813401 0.02738718
v -0.39585090 0.65648872 -0.04672728
v -0.39249057 0.67060298 -0.03739861
v -0.38600570 0.66220880 -0.04730788
v -0.42176539 0.63921708 -0.05254060
v -0.43842798 0.63465565 -0.04789105
v -0.44223112 0.64542639 -0.03174490
v -0.42346102 0.65188396 -0.03761519
v -0.38233840 0.63640511 -0.05696116
v -0.38920951 0.64686787 -0.05382666
v -0.37839448 0.65216875 -0.05267617
v -0.37099576 0.64130545 -0.05376644
v -0.37966001 0.66706949 0.03259145
v -0.38848501 0.65893787 0.02837780
v -0.36682487 0.68663538 -0.03705832
v -0.38061261 0.67755866 -0.03737491
v -0.38660443 0.68322122 -0.02551536
v -0.37266892 0.69260997 -0.02461585
v -0.39807618 0.67736530 -0.02625149
v -0.35870814 0.67833233 -0.04569079
v -0.37344879 0.66954523 -0.04686970
v -0.36488003 0.67987233 0.03929945
v -0.35751641 0.64822334 -0.05084127
v -0.36554348 0.65931231 -0.05112927
v -0.35038590 0.66794145 -0.04898793
v -0.34225219 0.65636718 -0.04725423
v -0.49072188 0.55938649 -0.04311372
v -0.47172087 0.56808966 -0.04623678
v -0.38580030 0.58303624 -0.01411657
v -0.40079844 0.57331181 -0.01873782
v -0.37288105 0.59284496 -0.00996403
v -0.47020108 0.53125602 -0.01223388
v -0.48884577 0.52259338 -0.01222572
v -0.43293279 0.55241287 -0.00833906
v -0.45162636 0.54113448 -0.01081121
v -0.47563946 0.61824214 -0.03668556
v -0.37169951 0.61570704 -0.04704711
v -0.36759192 0.60690296 -0.03678378
v -0.38426542 0.61211330 -0.05229360
v -0.32528585 0.63216364 0.00895333
v -0.33919871 0.62135297 0.00241320
v -0.39606726 0.62136036 -0.06028649
v -0.30665296 0.64582920 0.01672181
v -0.43071246 0.66186941 -0.02335471
v -0.41176558 0.67688262 -0.01225261
v -0.40208095 0.68159181 -0.01254526
v -0.54239601 0.56982696 0.01712960
v -0.46422690 0.60856116 0.03217295
v -0.41376930 0.61471558 0.02339603
v -0.40600866 0.60120153 0.01881060
v -0.37613118 0.62533349 -0.05493259
v -0.36422276 0.63037723 -0.05030312
v -0.35932297 0.62173080 -0.04223110
v -0.37827092 0.64637709 0.03160504
v -0.36871368 0.63348746 0.03064867
v -0.50716025 0.51443094 -0.01058115
v -0.37642634 0.62683183 0.02586019
v -0.44773823 0.65409100 -0.01731041
v -0.02610054 0.81831008 -0.01763429
v -0.17429207 0.62079585 0.07021753
v -0.14054060 0.58146894 0.11765516
v -0.15362409 0.58882755 0.10044800
v -0.18471281 0.68211448 0.05865516
v -0.18818519 0.69108206 0.05771248
v -0.20565355 0.70948905 0.05261195
v -0.21227977 0.71790105 0.05055078
v -0.17570151 0.65919608 0.08227783
v -0.08894838 1.02320397 0.10272098
v -0.08770135 1.01609945 0.09976475
v -0.08991323 1.03689659 0.10362533
v -0.03642849 0.40474498 0.14704226
v -0.08563534 1.00957882 0.11320835
v -0.08379881 1.00042701 0.11097870
v -0.08868384 1.00457692 0.11301485
v -0.08505781 1.01084042 0.11508546
v -0.08513457 1.01209140 0.11560151
v -0.08935896 1.03906322 0.11415347
v -0.08592279 1.00731122 0.09868234
v -0.08431296 0.99786633 0.09990394
v -0.08755381 1.02559042 0.11956417
v -0.04947691 0.46956927 -0.10182562
v -0.02556501 0.46784884 -0.10065606
v -0.02611494 0.44991314 -0.11228955
v -0.05128826 0.45131788 -0.11226296
v -0.02650663 0.43353266 -0.12590370
v -0.14307621 0.39814731 -0.11488335
v -0.16116378 0.39689261 -0.09321678
v -0.15756901 0.41764006 -0.08491552
v -0.14032203 0.41971844 -0.10540378
v -0.16626178 0.42742503 -0.05696219
v -0.15357810 0.43426812 -0.07736126
v -0.17027855 0.41154841 -0.06170221
v -0.17697749 0.40077966 -0.03704081
v -0.17270038 0.41705835 -0.03325234
v -0.17731918 0.38701755 -0.01340748
v -0.17227744 0.40367198 -0.00939165
v -0.17159684 0.37209183 0.00796350
v -0.15917854 0.35773027 0.02765065
v -0.14172655 0.32275862 0.04341224
v -0.11686053 0.32848290 0.05952379
v -0.13949069 0.34277442 0.04480903
v -0.07195778 0.30929783 0.08122236
v -0.09362397 0.31667721 0.07203702
v -0.03483975 0.30317712 0.09235680
v -0.05256126 0.30520871 0.08775523
v -0.13841757 0.79605633 0.12798396
v -0.10743135 0.88443637 0.03570281
v -0.11876009 0.87953413 0.03293281
v -0.13082391 0.87950504 0.05529182
v -0.12981184 0.83029878 -0.01711240
v -0.13442220 0.84617269 -0.00353575
v -0.11344644 0.84339976 -0.01222050
v -0.10886393 0.82754588 -0.02261953
v -0.09462915 0.87910026 0.02085873
v -0.08792634 0.88141787 0.02367213
v -0.10233340 0.87471884 0.01626893
v -0.06586587 0.86198056 -0.00044236
v -0.08420689 0.86849928 0.00514857
v -0.17664528 0.86182809 0.05129199
v -0.17102836 0.85390311 0.02618987
v -0.18328732 0.84977186 0.02909090
v -0.19095010 0.85727835 0.05302877
v -0.16000196 0.81505394 -0.01918446
v -0.15688346 0.80029470 -0.02663773
v -0.16966501 0.80030119 -0.02393506
v -0.17243665 0.81425029 -0.01646714
v -0.23345226 0.83649236 0.05257802
v -0.22515820 0.83576006 0.03067664
v -0.24001625 0.82708669 0.02824168
v -0.24739753 0.82571161 0.04954806
v -0.17480054 0.82717669 -0.00539763
v -0.09032673 0.72020286 -0.06436136
v -0.11032376 0.72758567 -0.06018290
v -0.12791954 0.73370337 -0.05301934
v -0.16921490 0.74695110 -0.03251442
v -0.15914781 0.74405664 -0.03678071
v -0.16326189 0.73049986 -0.03625225
v -0.17865701 0.74916613 -0.02898604
v -0.18843918 0.74883759 -0.02434397
v -0.23308705 0.75129700 0.09644313
v -0.22477430 0.75679892 0.10345995
v -0.23041362 0.78292602 0.10193789
v -0.20809044 0.74080008 -0.01763736
v -0.19739676 0.74335104 -0.01791134
v -0.19794479 0.73596990 -0.01582979
v -0.20840362 0.73510092 -0.01557013
v -0.16292746 0.86568511 0.04972035
v -0.23304215 0.82017004 0.01142330
v -0.21816131 0.82736015 0.01385242
v -0.21360332 0.81662583 -0.00016020
v -0.22792895 0.81080008 -0.00112720
v -0.22273235 0.80084354 -0.01091701
v -0.20927164 0.80593896 -0.01130427
v -0.20501311 0.79482520 -0.01804040
v -0.21814962 0.79006970 -0.01670657
v -0.20819013 0.74767423 -0.02012405
v -0.19751973 0.75134897 -0.01969348
v -0.26229048 0.80146587 0.06763317
v -0.20932540 0.84674048 0.08055891
v -0.20888811 0.82901818 0.10182693
v -0.19627574 0.83682561 0.10342252
v -0.19572003 0.85368872 0.08071194
v -0.22124343 0.70878369 0.02827190
v -0.22226609 0.71199113 0.04417222
v -0.21941073 0.70657527 0.01426747
v -0.20050666 0.72200918 -0.00889675
v -0.21806233 0.70842713 0.00226483
v -0.23318739 0.72716296 0.08651195
v -0.24214020 0.74333000 0.09013337
v -0.20608047 0.80346596 0.11128778
v -0.19418748 0.81174362 0.11400397
v -0.26118702 0.81305718 0.04599725
v -0.25469720 0.81558108 0.02518369
v -0.21977390 0.73707443 -0.02115594
v -0.21922129 0.73117942 -0.01936042
v -0.22975831 0.72918761 -0.02415079
v -0.19221269 0.72053635 -0.01692025
v -0.19901885 0.72920585 -0.01354554
v -0.20462054 0.85216600 0.05419781
v -0.24720873 0.81053030 0.00866160
v -0.24116403 0.80280632 -0.00328854
v -0.19685920 0.80993950 -0.01225999
v -0.20011365 0.82126617 -0.00101589
v -0.18760724 0.82484508 -0.00278750
v -0.18455856 0.81246883 -0.01405150
v -0.23167779 0.78555202 -0.01787247
v -0.22843145 0.77487969 -0.02183461
v -0.18109548 0.79906189 -0.02147196
v -0.19262829 0.79729199 -0.01951581
v -0.22119477 0.74425238 -0.02286616
v -0.18265499 0.81837237 0.11503690
v -0.18090028 0.79266608 0.12035593
v -0.16795968 0.79550546 0.12175671
v -0.20412847 0.77642852 0.11511169
v -0.19241600 0.78568327 0.11851115
v -0.21543552 0.76507497 0.10972977
v -0.15492688 0.79586053 0.12403654
v -0.38696128 0.62232649 -0.05877924
v -0.22933999 0.72319603 -0.02267787
v -0.24135441 0.72069901 -0.02743132
v -0.24081890 0.72736502 -0.02801006
v -0.29762357 0.71801537 -0.03690296
v 0.00166586 0.94981122 0.23166260
v 0.00254301 0.95588458 0.23391424
v 0.00369573 0.97744298 0.23450774
v 0.00366382 0.98139066 0.23352455
v -0.40487784 0.65192091 -0.04627635
v -0.41219574 0.64854121 -0.04692377
v -0.45703489 0.62727243 -0.04206827
v -0.47970963 0.62663764 -0.02166283
v -0.46142048 0.63701135 -0.02674854
v -0.45951360 0.63698757 0.02059954
v -0.44911200 0.62583268 0.02955776
v -0.41969091 0.58550435 0.01869769
v -0.43219048 0.58370787 -0.04881275
v -0.56317472 0.53558850 0.04022861
v -0.56959206 0.54032248 0.03011329
v -0.58374655 0.52587056 0.03741001
v -0.57608140 0.52041507 0.04574053
v -0.58869618 0.50596142 0.05200429
v -0.58024979 0.49812827 0.05264737
v -0.56794614 0.51226729 0.04824325
v -0.57382053 0.49097085 0.04739052
v -0.56108606 0.50444841 0.04486419
v -0.57019478 0.48557931 0.03869931
v -0.56938714 0.48147741 0.02934144
v -0.55468023 0.49255773 0.02885810
v -0.55644900 0.49790928 0.03792052
v -0.53823900 0.49923009 0.01836826
v -0.55503237 0.48875099 0.01864034
v -0.55728912 0.48712084 0.00739162
v -0.53934997 0.49617103 0.00640745
v -0.58550566 0.48570108 -0.00620818
v -0.59169382 0.49275789 -0.00809082
v -0.57487410 0.50216180 -0.01441264
v -0.56792074 0.49421054 -0.01142520
v -0.56931800 0.52976364 -0.01433891
v -0.56321430 0.52093256 -0.01919045
v -0.58117193 0.51091963 -0.01205646
v -0.58705997 0.51922768 -0.00746620
v -0.60456687 0.50995642 -0.00268425
v -0.60739833 0.51466811 0.00805198
v -0.59085947 0.52512276 0.00077063
v -0.53658587 0.56490123 0.02842903
v -0.54995918 0.55011898 0.03414040
v -0.54217541 0.54192913 0.03991517
v -0.54202539 0.51063889 0.03709853
v -0.52752566 0.52381635 0.03589370
v -0.53417277 0.53265035 0.04000182
v -0.54765362 0.51851499 0.04261065
v -0.50391436 0.51435173 0.00397439
v -0.52135962 0.50969297 0.01764202
v -0.52171326 0.50535893 0.00506288
v -0.53915966 0.50434411 0.02869252
v -0.52346426 0.51627594 0.02799655
v -0.54340857 0.49754506 -0.00609690
v -0.56191343 0.48932126 -0.00326176
v -0.57418460 0.54184926 0.01789396
v -0.57587767 0.54075545 0.00515001
v -0.59123665 0.52736241 0.01277199
v -0.58872926 0.52769947 0.02528833
v -0.52533656 0.50619787 -0.00814439
v -0.56068182 0.55471230 -0.00277926
v -0.55983895 0.55641979 0.01031354
v -0.57437122 0.53686833 -0.00618541
v -0.55778205 0.54901761 -0.01377064
v -0.60293150 0.51479369 0.03272893
v -0.59770077 0.51170677 0.04416142
v -0.55619913 0.55494690 0.02360500
v -0.54917586 0.50294876 -0.01552005
v -0.55635822 0.51150751 -0.02002248
v -0.53812516 0.52061820 -0.02560993
v -0.53102636 0.51149654 -0.01946723
v -0.53424132 0.55179530 -0.02936158
v -0.54514986 0.53075492 -0.02592684
v -0.55166584 0.54057145 -0.02175894
v -0.59796971 0.50129187 -0.00664993
v -0.54103297 0.56154478 -0.02193318
v -0.63395572 0.42641455 0.05598938
v -0.62427670 0.42931265 0.05350558
v -0.62320542 0.42464024 0.06416078
v -0.63320154 0.42258269 0.06615917
v -0.59976602 0.43052897 0.06334979
v -0.59262186 0.43972605 0.06940353
v -0.59725595 0.43399292 0.08061738
v -0.60319567 0.42635983 0.07524946
v -0.63339913 0.42160350 0.07575198
v -0.62340456 0.42274302 0.07360545
v -0.63275695 0.42541915 0.08210672
v -0.64416373 0.42620778 0.08414724
v -0.64202172 0.42074764 0.07874832
v -0.65214092 0.42416036 0.08618988
v -0.64785635 0.43836415 0.08339099
v -0.65819991 0.43200552 0.08456860
v -0.66141123 0.45052293 0.06087543
v -0.66432464 0.45221931 0.04948734
v -0.67400038 0.44123393 0.05386757
v -0.66983956 0.43921250 0.06536561
v -0.67318851 0.44242412 0.03066751
v -0.67465842 0.44122469 0.04260354
v -0.66467232 0.45299649 0.03929267
v -0.66346806 0.45358530 0.02885917
v -0.63655585 0.43229765 0.04050010
v -0.62777913 0.43683207 0.03652992
v -0.62630814 0.43438974 0.04355267
v -0.63524914 0.43068486 0.04678449
v -0.62747806 0.42886588 0.09131676
v -0.63248211 0.43824536 0.08598422
v -0.63551742 0.43182653 0.08540673
v -0.62771535 0.42504922 0.08937837
v -0.60910016 0.44655502 0.01387732
v -0.60091245 0.45645973 0.01271920
v -0.59812200 0.45646650 0.02195787
v -0.60621160 0.44778830 0.02190131
v -0.58877051 0.45137662 0.05020580
v -0.58977020 0.45735604 0.04218934
v -0.58770460 0.46896717 0.05317562
v -0.59010875 0.46321517 0.06003781
v -0.58965868 0.44556451 0.05895258
v -0.59171087 0.45755881 0.06704770
v -0.59499860 0.45037383 0.07559200
v -0.59900212 0.44231609 0.08576657
v -0.60585546 0.45973498 0.00284034
v -0.61219364 0.45220071 0.00133309
v -0.67434579 0.38258940 0.09590600
v -0.67614132 0.38038015 0.09036450
v -0.67347795 0.38523522 0.08902475
v -0.67148739 0.38750076 0.09466639
v -0.62676728 0.46841708 -0.00313015
v -0.63307279 0.47493112 0.00278626
v -0.62631291 0.47950107 0.00090830
v -0.61939126 0.47231811 -0.00284126
v -0.63534737 0.46300972 -0.00217865
v -0.64112371 0.46925163 0.00617960
v -0.68397129 0.38881159 0.10132700
v -0.67895126 0.38746983 0.10229775
v -0.67686272 0.39294457 0.10054672
v -0.68216991 0.39446294 0.09913421
v -0.64126056 0.41969395 0.06938909
v -0.64194250 0.42255276 0.05967459
v -0.65538406 0.40976489 0.07274228
v -0.64990908 0.41657436 0.06414622
v -0.64759475 0.41580123 0.07411733
v -0.65305459 0.41188341 0.07908325
v -0.65325683 0.42119980 0.04266551
v -0.64548469 0.42761832 0.03938970
v -0.64547926 0.42556500 0.04802965
v -0.65321356 0.41874534 0.05109537
v -0.64600652 0.42602056 0.02539508
v -0.65412223 0.42034721 0.02823511
v -0.65448248 0.41927448 0.02072357
v -0.64703178 0.42436576 0.01877883
v -0.66773766 0.40899038 0.04078362
v -0.67543757 0.40394384 0.04434647
v -0.67699701 0.40463179 0.03844512
v -0.66901207 0.40903223 0.03464617
v -0.62054312 0.48497322 -0.00159153
v -0.61316091 0.47761223 -0.00396071
v -0.66804343 0.44186136 0.00905760
v -0.66179794 0.43883595 0.00018401
v -0.66969359 0.43028936 -0.00040253
v -0.67558175 0.43339533 0.00879250
v -0.63725048 0.47910976 0.01304264
v -0.63132870 0.48492056 0.01010941
v -0.68869340 0.38855577 0.09727755
v -0.68687981 0.39432731 0.09511132
v -0.60437328 0.45814645 0.07670119
v -0.60727543 0.44841999 0.08690484
v -0.60151368 0.46614668 0.06841629
v -0.59904087 0.47220418 0.06296185
v -0.59540981 0.47860837 0.05946799
v -0.65542638 0.41350183 0.06104386
v -0.64107257 0.42660451 0.05101970
v -0.63680577 0.43278292 0.03531628
v -0.64079046 0.42855760 0.00317980
v -0.63461930 0.43378711 0.00096853
v -0.63302213 0.43105325 0.01139953
v -0.63992387 0.42747191 0.01122463
v -0.65522015 0.43213665 -0.00372781
v -0.65102750 0.42620754 -0.00054845
v -0.65840477 0.42027658 0.00060014
v -0.66292334 0.42472976 -0.00325648
v -0.62549162 0.43222025 0.09488077
v -0.62644553 0.44250220 0.08775101
v -0.61920089 0.46009690 -0.00399105
v -0.61232769 0.46542269 -0.00267717
v -0.60635865 0.47151318 -0.00199859
v -0.61684787 0.44189960 0.02841765
v -0.60425508 0.44812441 0.02726030
v -0.60155344 0.44607526 0.03373716
v -0.61583036 0.44067633 0.03357477
v -0.61179459 0.43094161 0.05089071
v -0.59839201 0.43599087 0.05139901
v -0.61177200 0.42582884 0.06233406
v -0.59462702 0.45678750 0.03029609
v -0.59193432 0.46449041 0.02161000
v -0.58845115 0.46496356 0.03112630
v -0.59593719 0.46486217 0.01196487
v -0.60080040 0.46726602 0.00361277
v -0.58388197 0.47131845 0.02069058
v -0.58087116 0.47250676 0.03037830
v -0.58846366 0.47206312 0.01065682
v -0.59356070 0.47424585 0.00245371
v -0.61743498 0.50133181 0.00324872
v -0.61131060 0.49313459 -0.00346026
v -0.62536651 0.49209666 0.00705446
v -0.58317363 0.47933769 0.05030197
v -0.58656394 0.46659455 0.04188889
v -0.58057725 0.47476599 0.04037979
v -0.58992958 0.48681781 0.05648994
v -0.60595822 0.42368245 0.08359689
v -0.60846806 0.41980907 0.09054550
v -0.61571461 0.41813943 0.08760249
v -0.61457497 0.42177838 0.08116521
v -0.65865391 0.42050016 0.08790083
v -0.65416265 0.41553336 0.08522707
v -0.64860851 0.41864687 0.08212004
v -0.61781085 0.44050688 0.01088486
v -0.62027901 0.44552869 -0.00027774
v -0.65916723 0.40828556 0.06831257
v -0.67928606 0.40087175 0.09650441
v -0.67379123 0.39896578 0.09804556
v -0.66763890 0.40873051 0.09352429
v -0.67360288 0.41102380 0.09238919
v -0.66795230 0.40404677 0.06947072
v -0.66269988 0.40463927 0.07282621
v -0.66660398 0.39863098 0.07636210
v -0.67251575 0.39884847 0.07394379
v -0.67588431 0.40522566 0.03025903
v -0.66949248 0.40882707 0.02704670
v -0.67520714 0.42483211 0.06818648
v -0.67133099 0.42836601 0.07957181
v -0.66516030 0.43820119 0.07707012
v -0.65377623 0.42126283 0.03508008
v -0.66088659 0.41493717 0.03774796
v -0.66172808 0.41432816 0.03128894
v -0.65869719 0.41149911 0.05971256
v -0.66205531 0.40790248 0.06419992
v -0.66336918 0.40905640 0.05757210
v -0.65854359 0.41361833 0.05360539
v -0.65329200 0.44836265 -0.00040501
v -0.64477557 0.43905526 -0.00518928
v -0.67552114 0.38528508 0.10022774
v -0.67301917 0.39039803 0.09893751
v -0.60442007 0.48460507 -0.00478391
v -0.59868145 0.47816810 -0.00282893
v -0.64558655 0.42752421 0.03246122
v -0.65603220 0.44724879 0.07268862
v -0.63667363 0.43238556 0.02954917
v -0.68363935 0.42149305 0.02478243
v -0.68082923 0.41613227 0.01887033
v -0.68441927 0.41110280 0.02338724
v -0.68870497 0.41542202 0.02688653
v -0.67919725 0.39101392 0.07916632
v -0.67354465 0.39002350 0.08171849
v -0.67772293 0.38457301 0.08438684
v -0.68310189 0.38574758 0.08220473
v -0.65910566 0.40627086 0.07700887
v -0.65746284 0.40845042 0.08262202
v -0.66170514 0.40239078 0.08637191
v -0.66300261 0.39987677 0.08078928
v -0.65892619 0.41183811 0.08769534
v -0.66344827 0.40564874 0.09125920
v -0.68494248 0.39407057 0.08038541
v -0.68668193 0.39830154 0.08574824
v -0.68147272 0.40792364 0.08047087
v -0.67880416 0.40222555 0.07560726
v -0.65388399 0.46411231 0.02688920
v -0.65245295 0.46337384 0.01718971
v -0.66196370 0.45301789 0.01826642
v -0.67139184 0.44228035 0.01915078
v -0.67808151 0.42996800 0.02029516
v -0.68124628 0.43145669 0.03274776
v -0.65923417 0.45200598 0.00913466
v -0.67574388 0.41077194 0.06693782
v -0.67669761 0.41494003 0.07416728
v -0.67984480 0.41561079 0.06672706
v -0.63672531 0.43082762 0.02130463
v -0.66984206 0.39615816 0.09644888
v -0.61970901 0.48376808 0.05562140
v -0.62766623 0.48709765 0.04545144
v -0.63510066 0.47944933 0.04746664
v -0.62482035 0.47656149 0.05922232
v -0.66987288 0.39085603 0.08624318
v -0.66803491 0.39282382 0.09189926
v -0.67184061 0.40864325 0.02047240
v -0.67744070 0.40584770 0.02454698
v -0.68066686 0.40655899 0.02147485
v -0.67698812 0.40868855 0.01698866
v -0.65010858 0.46174568 0.00833388
v -0.67567664 0.42315787 -0.00078240
v -0.68132448 0.42715669 0.00761051
v -0.64407659 0.47249973 0.01529965
v -0.64533746 0.47374654 0.02530045
v -0.63854301 0.48151881 0.02393590
v -0.68204224 0.42625943 0.04625635
v -0.65469944 0.46365482 0.03632212
v -0.64551896 0.47329271 0.03447289
v -0.63762373 0.48155817 0.03385243
v -0.63146490 0.48854592 0.03230166
v -0.63286895 0.48821425 0.02133797
v -0.68439955 0.40078020 0.09218445
v -0.68928742 0.39207727 0.08902159
v -0.62621200 0.49588120 0.01849573
v -0.61868298 0.50516319 0.01385356
v -0.61726016 0.50512397 0.02615153
v -0.62495440 0.49596262 0.03061730
v -0.64463365 0.47197378 0.04375695
v -0.64198238 0.47033352 0.05341965
v -0.65421045 0.46248594 0.04565505
v -0.65182745 0.46045935 0.05662718
v -0.68097144 0.42940533 0.05780388
v -0.69395083 0.37627620 0.09018224
v -0.69017857 0.38329113 0.08673776
v -0.68639964 0.38067871 0.08438899
v -0.69101262 0.37392831 0.08772364
v -0.68768865 0.38856575 0.08388577
v -0.69138360 0.38651353 0.09156369
v -0.64609253 0.45664197 0.06871546
v -0.66912794 0.40534347 0.06205127
v -0.63198686 0.46569410 0.06647849
v -0.64020526 0.44900313 0.08062153
v -0.62950611 0.45445502 0.08001220
v -0.61286843 0.47266340 0.06666471
v -0.61574030 0.46398392 0.07381457
v -0.60514700 0.48568231 0.05852842
v -0.60936600 0.47923490 0.06190728
v -0.59871775 0.49423224 0.05573134
v -0.61753565 0.45319095 0.08404255
v -0.67814147 0.37554720 0.09723785
v -0.68042022 0.37367779 0.09186038
v -0.61438960 0.49073526 0.05271083
v -0.60752010 0.49971923 0.04952928
v -0.61335850 0.42312539 0.07300220
v -0.62717938 0.43569547 0.02038035
v -0.62772375 0.43695289 0.02679317
v -0.62806499 0.43902332 -0.00028133
v -0.62603045 0.43498638 0.01111105
v -0.61374545 0.50365007 0.03874135
v -0.57103020 0.47903541 0.01983116
v -0.57470483 0.47923577 0.00958408
v -0.60606498 0.51541322 0.02029004
v -0.67910796 0.37774777 0.10202974
v -0.68236637 0.40523338 0.04543364
v -0.68319964 0.40650356 0.04294588
v -0.60078245 0.42932573 0.08855514
v -0.60515904 0.42396647 0.09491449
v -0.61258346 0.43184510 0.10059212
v -0.60693431 0.42802304 0.09883246
v -0.60238075 0.43530232 0.09336324
v -0.60938096 0.44028568 0.09482647
v -0.61732793 0.44150215 0.02401834
v -0.61795026 0.44041193 0.01847083
v -0.64442325 0.45651090 -0.00131935
v -0.63634580 0.44759107 -0.00583716
v -0.66352832 0.41565156 0.09038262
v -0.66467440 0.42537570 0.08611446
v -0.66905648 0.41886011 0.08836356
v -0.67903441 0.41128415 0.08726851
v -0.67335624 0.40676314 0.06651812
v -0.67424995 0.40692836 0.07135613
v -0.59952384 0.44157037 0.04159141
v -0.61391187 0.43676066 0.04101164
v -0.62320125 0.42263424 0.08071887
v -0.62389833 0.42110816 0.08665504
v -0.65935218 0.41500521 0.04543779
v -0.68766266 0.41635329 0.05258736
v -0.68592376 0.41973242 0.06101011
v -0.66515976 0.40961868 0.04878604
v -0.68726182 0.38084882 0.10368007
v -0.68231565 0.37947363 0.10444806
v -0.67493743 0.41969550 0.08273804
v -0.66215450 0.41358307 0.02345745
v -0.68573421 0.41672176 0.04332899
v -0.68635094 0.41052240 0.04822700
v -0.66837424 0.41982639 -0.00209752
v -0.62128085 0.49436194 0.04250387
v -0.68077910 0.37951368 0.08561432
v -0.68528974 0.37284318 0.08759736
v -0.69430661 0.37901372 0.09428219
v -0.69175839 0.38096505 0.09958594
v -0.62771350 0.45428282 -0.00552686
v -0.62801075 0.43738860 0.03177150
v -0.57989252 0.48143128 0.00057027
v -0.61835104 0.44346419 0.09243975
v -0.62004203 0.43368268 0.09905220
v -0.67081809 0.40493166 0.05219043
v -0.68167043 0.42285475 0.01511985
v -0.68700731 0.42351371 0.03397404
v -0.69157124 0.41746834 0.03491617
v -0.69013256 0.41389251 0.04233696
v -0.68777281 0.40863472 0.04377980
v -0.69733268 0.37330014 0.09636810
v -0.69487846 0.37494767 0.10170869
v -0.69059378 0.37455559 0.10588756
v -0.68556875 0.37348196 0.10613945
v -0.68230540 0.37242705 0.10326020
v -0.69696826 0.37085438 0.09250904
v -0.69388038 0.36892226 0.09002274
v -0.68835413 0.36817580 0.08975078
v -0.69933265 0.36598438 0.09403966
v -0.70025665 0.36736533 0.09843037
v -0.69496208 0.36243820 0.10974276
v -0.69409072 0.36811492 0.10789154
v -0.69714469 0.36549705 0.10707086
v -0.69828129 0.36220545 0.10843913
v -0.70020419 0.35818651 0.10906931
v -0.69691849 0.35767835 0.10985863
v -0.69905955 0.36630285 0.10427971
v -0.70121545 0.36252990 0.10507860
v -0.70250142 0.36186409 0.10127738
v -0.70480847 0.35802549 0.10194790
v -0.70356876 0.35852599 0.10584935
v -0.70065230 0.36523417 0.10122142
v -0.69756168 0.36977118 0.10341665
v -0.69987315 0.35395730 0.10888758
v -0.70180100 0.35541445 0.10917319
v -0.70473105 0.35478371 0.10691048
v -0.70350283 0.35216606 0.10615630
v -0.68869662 0.36822870 0.10730971
v -0.69154137 0.36205688 0.10832767
v -0.69433385 0.35671943 0.10835455
v -0.69754779 0.35276294 0.10735244
v -0.68949860 0.36065078 0.10549721
v -0.69310904 0.35564545 0.10551327
v -0.69611424 0.35249370 0.10459466
v -0.68929231 0.35892862 0.10181072
v -0.69322956 0.35457361 0.10233918
v -0.68455476 0.36592299 0.10012099
v -0.68543857 0.36746672 0.10430048
v -0.69558787 0.35267866 0.10254951
v -0.70141399 0.35108513 0.10406438
v -0.70257461 0.36168563 0.09804940
v -0.70451605 0.35706240 0.09942984
v -0.70157933 0.36055681 0.09541047
v -0.70325625 0.35577160 0.09727399
v -0.70544374 0.35338145 0.10197662
v -0.70593631 0.35511082 0.10369802
v -0.68133909 0.37077278 0.09831439
v -0.68391973 0.36908960 0.09325768
v -0.68686807 0.36424226 0.09492737
v -0.69118857 0.35754138 0.09668736
v -0.69111693 0.36387753 0.09157504
v -0.69627923 0.36435229 0.09172152
v -0.69900942 0.35930666 0.09384090
v -0.69511050 0.35811898 0.09373279
v -0.70075023 0.35478711 0.09617519
v -0.69783914 0.35398203 0.09655778
v -0.69499707 0.35368684 0.09922574
v -0.70103765 0.35189950 0.09902057
v -0.70358527 0.35216880 0.10031381
v -0.69913316 0.35125095 0.10243551
v -0.69893026 0.35227638 0.09871061
v -0.69726980 0.35215199 0.10089163
v -0.69501597 0.37521556 0.06933615
v -0.69652015 0.37399721 0.06352299
v -0.69261712 0.38052893 0.06236011
v -0.69101751 0.38158059 0.06810851
v -0.70249474 0.38309321 0.07669628
v -0.69765311 0.37983608 0.07713879
v -0.69457954 0.38633996 0.07598780
v -0.69962656 0.38959509 0.07513410
v -0.70673496 0.38445967 0.07118073
v -0.70409191 0.39098328 0.06934071
v -0.69560182 0.39683783 0.07336904
v -0.69041228 0.39334005 0.07407817
v -0.68202567 0.40378088 0.06911260
v -0.68692702 0.40778840 0.06962302
v -0.68134820 0.39771912 0.05002766
v -0.68654776 0.39917052 0.04865946
v -0.69528502 0.37694222 0.07413274
v -0.69177276 0.38339281 0.07287280
v -0.69484377 0.38885760 0.05334476
v -0.69047439 0.38707519 0.05532750
v -0.69565725 0.38051823 0.05785048
v -0.69977081 0.38204181 0.05572194
v -0.67627329 0.39904231 0.06230317
v -0.67763495 0.39798903 0.05555612
v -0.67853957 0.40090030 0.06658164
v -0.69944036 0.39210981 0.05436361
v -0.70184880 0.39580882 0.05938325
v -0.69418049 0.40752214 0.05616792
v -0.69184220 0.40296030 0.05076551
v -0.68709654 0.39028731 0.07085204
v -0.68714243 0.38718611 0.06007016
v -0.68565971 0.38812009 0.06604652
v -0.70017022 0.39823741 0.06725502
v -0.70549685 0.38845474 0.06146052
v -0.71187931 0.37104666 0.06217280
v -0.70707262 0.37891468 0.05907699
v -0.70381242 0.37586892 0.05712578
v -0.70933074 0.36787304 0.05988191
v -0.70344841 0.38486415 0.05693465
v -0.70848155 0.38229799 0.06380624
v -0.70051485 0.36608803 0.07111595
v -0.70236194 0.36512440 0.06539525
v -0.70052570 0.36789593 0.07581539
v -0.69269472 0.41017604 0.06416479
v -0.70689136 0.37411392 0.07858716
v -0.70252162 0.37067604 0.07862012
v -0.69967604 0.37405208 0.05900823
v -0.70534664 0.36571866 0.06093663
v -0.71286273 0.37412655 0.06673852
v -0.71088588 0.37594241 0.07351926
v -0.71646750 0.36715293 0.06866463
v -0.71467716 0.36849222 0.07497910
v -0.71113998 0.36689901 0.07978298
v -0.70659411 0.36420447 0.07938270
v -0.70453012 0.36226505 0.07640147
v -0.71562612 0.36476833 0.06431933
v -0.71305972 0.36250895 0.06209806
v -0.70901597 0.36083671 0.06260177
v -0.71926039 0.35858798 0.06585016
v -0.72069240 0.36004385 0.07019296
v -0.71991533 0.34840590 0.08256249
v -0.71722770 0.35378364 0.08241601
v -0.72037601 0.35405764 0.08037369
v -0.72300589 0.34967983 0.08158378
v -0.71568149 0.35994270 0.08075976
v -0.71909750 0.35754186 0.07932658
v -0.72066730 0.35817370 0.07647915
v -0.72330588 0.35455716 0.07716317
v -0.72404987 0.35399267 0.07294579
v -0.72696888 0.34997255 0.07388690
v -0.72650665 0.35035032 0.07842481
v -0.72182816 0.35748440 0.07296809
v -0.72526324 0.34637344 0.08168539
v -0.72356588 0.34456086 0.08102670
v -0.71853352 0.36228412 0.07599971
v -0.71036232 0.35885906 0.08041544
v -0.71379775 0.35262400 0.08122459
v -0.71747226 0.34695783 0.08066529
v -0.72138810 0.34306794 0.07880515
v -0.71194172 0.35086769 0.07790324
v -0.71612203 0.34557277 0.07769200
v -0.71985489 0.34266752 0.07638438
v -0.71159917 0.34932998 0.07360740
v -0.71598846 0.34453285 0.07442324
v -0.70719767 0.35646904 0.07254778
v -0.70765567 0.35759634 0.07725206
v -0.71885937 0.34285665 0.07455474
v -0.72758800 0.34332359 0.07801253
v -0.72511971 0.34196439 0.07604436
v -0.72893620 0.34603608 0.07955585
v -0.72335374 0.35354316 0.07008445
v -0.72620213 0.34894377 0.07112983
v -0.72268605 0.35276839 0.06718624
v -0.72561425 0.34773678 0.06880642
v -0.72855026 0.34513557 0.07359145
v -0.72914577 0.34680575 0.07533803
v -0.70422083 0.36100537 0.07196625
v -0.70587498 0.36041588 0.06669706
v -0.70871532 0.35570204 0.06716277
v -0.71309268 0.34856945 0.06849477
v -0.71179235 0.35643232 0.06366213
v -0.71633327 0.35729259 0.06358692
v -0.72016042 0.35134682 0.06528224
v -0.71645486 0.34971040 0.06532325
v -0.72317386 0.34649187 0.06747790
v -0.71997994 0.34518713 0.06750116
v -0.71733594 0.34421921 0.07013327
v -0.72427756 0.34304827 0.07035534
v -0.72699106 0.34368277 0.07172087
v -0.72259915 0.34182319 0.07379459
v -0.72173458 0.34297675 0.06973299
v -0.72036064 0.34246868 0.07200570
v -0.69956511 0.37979054 0.04187531
v -0.69874597 0.37878639 0.03606747
v -0.69558305 0.38450980 0.03539225
v -0.69639689 0.38517147 0.04121350
v -0.70828742 0.38654971 0.04535703
v -0.70557004 0.38429683 0.04669242
v -0.70206666 0.38995230 0.04649273
v -0.70492649 0.39321285 0.04524882
v -0.71073431 0.38788867 0.04041190
v -0.70721143 0.39494222 0.03952996
v -0.70116198 0.39940000 0.04473016
v -0.69795626 0.39535701 0.04599928
v -0.69124389 0.40341032 0.04401255
v -0.69490725 0.40794906 0.04322214
v -0.70246017 0.38174263 0.04544835
v -0.69902742 0.38713402 0.04495326
v -0.69442827 0.39208320 0.02684592
v -0.69189167 0.39059043 0.02925561
v -0.69676065 0.38490170 0.03054217
v -0.69928151 0.38636461 0.02826120
v -0.68364966 0.39973754 0.03785693
v -0.68236178 0.39957562 0.03202657
v -0.68715906 0.40083924 0.04179075
v -0.69886488 0.39531907 0.02693314
v -0.70275944 0.39962482 0.03088536
v -0.69517207 0.40838808 0.02872383
v -0.69065708 0.40440312 0.02525055
v -0.69474894 0.39222994 0.04410625
v -0.69058406 0.38982207 0.03423826
v -0.69173908 0.39042181 0.04020033
v -0.70324451 0.40149698 0.03836169
v -0.70665908 0.39327765 0.03234462
v -0.71321523 0.37493211 0.03143754
v -0.70713007 0.38365108 0.02940100
v -0.70311666 0.38062775 0.02855932
v -0.70971692 0.37226766 0.03018112
v -0.70323116 0.38937968 0.02821208
v -0.71040696 0.38663810 0.03375632
v -0.70475024 0.37134564 0.04241440
v -0.70423108 0.37039462 0.03684496
v -0.70731950 0.37317282 0.04587582
v -0.69697291 0.41033813 0.03653419
v -0.68590528 0.40100875 0.02438823
v -0.71314436 0.37716568 0.04629195
v -0.71040529 0.37529698 0.04738019
v -0.69999945 0.37910926 0.03081494
v -0.70603323 0.37076032 0.03192994
v -0.71573663 0.37753838 0.03566826
v -0.71560609 0.37873638 0.04188566
v -0.71959382 0.37134829 0.03661286
v -0.71926773 0.37227646 0.04275950
v -0.71704137 0.37072274 0.04734673
v -0.71378303 0.36894852 0.04792311
v -0.71066761 0.36738929 0.04596132
v -0.71726215 0.36872536 0.03269780
v -0.71393800 0.36675015 0.03172823
v -0.70984614 0.36586487 0.03308342
v -0.72013855 0.36408615 0.03329784
v -0.72271627 0.36556467 0.03752304
v -0.72527808 0.35399073 0.04943037
v -0.72258133 0.35851055 0.04930169
v -0.72419614 0.35885793 0.04732976
v -0.72698122 0.35507596 0.04802776
v -0.72063148 0.36457574 0.04801283
v -0.72286713 0.36239719 0.04668524
v -0.72390556 0.36363733 0.04358158
v -0.72636783 0.35995483 0.04405610
v -0.72570199 0.35992229 0.03941730
v -0.72829986 0.35617155 0.03997978
v -0.72891223 0.35600442 0.04463132
v -0.72429025 0.36327657 0.03994188
v -0.72887915 0.35252202 0.04772848
v -0.72790414 0.35084981 0.04816230
v -0.72212476 0.36707968 0.04329804
v -0.71656805 0.36357552 0.04853947
v -0.71941906 0.35776123 0.04922869
v -0.72263223 0.35262406 0.04899200
v -0.72531152 0.34956369 0.04711860
v -0.71650785 0.35675228 0.04690291
v -0.71991605 0.35185623 0.04675421
v -0.72252119 0.34923065 0.04521395
v -0.71456361 0.35608029 0.04334967
v -0.71837097 0.35146338 0.04370857
v -0.71110457 0.36191824 0.04274776
v -0.71328461 0.36257195 0.04623362
v -0.72086883 0.34966159 0.04347979
v -0.72988558 0.35022366 0.04429148
v -0.72731197 0.34874701 0.04272851
v -0.73070490 0.35263479 0.04494639
v -0.72479564 0.35992482 0.03656852
v -0.72719562 0.35557050 0.03746237
v -0.72264588 0.35890597 0.03435170
v -0.72545284 0.35433376 0.03579908
v -0.72926921 0.35228476 0.03970196
v -0.73004508 0.35351187 0.04115818
v -0.70838428 0.36631763 0.04243230
v -0.70782900 0.36587641 0.03752941
v -0.71062738 0.36161262 0.03815681
v -0.71442938 0.35551885 0.03881053
v -0.71248293 0.36178508 0.03396533
v -0.71656930 0.36247620 0.03274260
v -0.71978569 0.35750487 0.03380716
v -0.71643889 0.35625738 0.03491808
v -0.72288650 0.35316885 0.03532033
v -0.72013623 0.35195965 0.03625632
v -0.71845239 0.35112047 0.03972303
v -0.72469121 0.35015234 0.03774837
v -0.72733039 0.35091373 0.03827756
v -0.72429472 0.34863359 0.04158061
v -0.72228265 0.35006547 0.03784373
v -0.72159988 0.34932306 0.04078580
v -0.68342900 0.40024883 0.02706569
v -0.69309020 0.39132035 0.00803563
v -0.69127899 0.39122957 0.00418663
v -0.68845987 0.39536995 0.00493307
v -0.69016629 0.39561588 0.00856169
v -0.70219040 0.39724669 0.00968001
v -0.69955283 0.39464509 0.01181383
v -0.69646215 0.39944395 0.01274383
v -0.69933957 0.40262771 0.01062427
v -0.70235395 0.39892942 0.00402428
v -0.69951272 0.40447772 0.00465478
v -0.69501019 0.40811139 0.01174546
v -0.69216394 0.40431488 0.01382934
v -0.68519592 0.41177160 0.01509067
v -0.68765885 0.41666609 0.01335444
v -0.67262393 0.41551566 -0.00123787
v -0.67018008 0.41302586 0.00213148
v -0.67631781 0.40740377 0.00173725
v -0.67764217 0.40997881 -0.00175594
v -0.69618261 0.39249098 0.01077249
v -0.69306386 0.39688349 0.01156883
v -0.68515712 0.40219125 -0.00219126
v -0.68391985 0.39991528 0.00126113
v -0.68807989 0.39601082 0.00092694
v -0.68936282 0.39778534 -0.00241895
v -0.67009872 0.41065347 0.00669644
v -0.67210525 0.40922886 0.01217829
v -0.67851156 0.40664700 0.01063209
v -0.67679453 0.40608239 0.00607993
v -0.68156111 0.40811926 0.01333465
v -0.68807876 0.40544665 -0.00324838
v -0.69222844 0.40863475 -0.00049806
v -0.68399119 0.41758007 -0.00025958
v -0.68044668 0.41340643 -0.00254504
v -0.68899351 0.40134323 0.01230834
v -0.68432271 0.39910358 0.00548014
v -0.68617749 0.39973640 0.00965650
v -0.69524401 0.41038078 0.00557010
v -0.69656873 0.40317756 -0.00086531
v -0.69951063 0.38976854 -0.00469755
v -0.69550616 0.39608043 -0.00413555
v -0.69213670 0.39360660 -0.00359932
v -0.69632447 0.38782209 -0.00444910
v -0.69245183 0.40054420 -0.00344424
v -0.69949281 0.39813721 -0.00141796
v -0.69700247 0.38541400 0.00740792
v -0.69491482 0.38554817 0.00327379
v -0.69998819 0.38656086 0.00987444
v -0.68786198 0.41998154 0.00697993
v -0.70579517 0.39054465 0.00898062
v -0.70316970 0.38822961 0.01079028
v -0.69090593 0.39188755 0.00003847
v -0.69473362 0.38637525 -0.00121449
v -0.70328510 0.39155275 -0.00188269
v -0.70586962 0.39224830 0.00363225
v -0.70664340 0.38629651 -0.00228694
v -0.70918775 0.38710183 0.00325949
v -0.70873708 0.38544410 0.00860727
v -0.70591903 0.38359553 0.01042574
v -0.70266289 0.38254067 0.00916721
v -0.70289648 0.38460961 -0.00500232
v -0.69981450 0.38328350 -0.00437216
v -0.69799209 0.38252807 -0.00132364
v -0.70586681 0.38043186 -0.00455928
v -0.71004021 0.38140485 -0.00196716
v -0.71505982 0.37114102 0.00801206
v -0.71303117 0.37504196 0.00877270
v -0.71415824 0.37562081 0.00676206
v -0.71625715 0.37236458 0.00669035
v -0.71134830 0.38041618 0.00800375
v -0.71293354 0.37886372 0.00632775
v -0.71289361 0.38009274 0.00322996
v -0.71494085 0.37698516 0.00345603
v -0.71367693 0.37673259 -0.00061803
v -0.71565586 0.37313390 -0.00071469
v -0.71740097 0.37354761 0.00353932
v -0.71245462 0.37966141 -0.00000136
v -0.71798652 0.37023911 0.00637011
v -0.71712649 0.36845326 0.00670118
v -0.71146625 0.38291937 0.00320671
v -0.70832139 0.37941998 0.00971604
v -0.71094370 0.37427646 0.00941527
v -0.71346819 0.36972791 0.00808277
v -0.71506256 0.36698142 0.00589904
v -0.70826930 0.37401974 0.00831217
v -0.71116412 0.36936897 0.00700616
v -0.71281618 0.36695337 0.00481899
v -0.70548594 0.37395298 0.00607528
v -0.70899612 0.36946067 0.00514367
v -0.70221448 0.37859327 0.00634363
v -0.70524168 0.37890610 0.00889163
v -0.71108240 0.36749202 0.00417069
v -0.71781838 0.36789644 0.00264716
v -0.71545970 0.36651611 0.00230034
v -0.71895653 0.37056631 0.00306754
v -0.71174312 0.37647441 -0.00296970
v -0.71419722 0.37189740 -0.00260146
v -0.70868468 0.37589896 -0.00418127
v -0.71176070 0.37084809 -0.00319938
v -0.71634120 0.36908185 -0.00098751
v -0.71742982 0.37081787 -0.00022124
v -0.69978726 0.38186300 0.00660865
v -0.69790173 0.38198382 0.00281271
v -0.70031238 0.37865105 0.00253278
v -0.70370233 0.37398428 0.00237927
v -0.70049942 0.37890065 -0.00141239
v -0.70254660 0.37952483 -0.00415410
v -0.70602822 0.37472939 -0.00367935
v -0.70384806 0.37396559 -0.00126787
v -0.70952523 0.37004113 -0.00247778
v -0.70782679 0.36946553 -0.00049035
v -0.70756781 0.36946332 0.00255901
v -0.71207166 0.36734772 -0.00023016
v -0.71423721 0.36772588 -0.00097503
v -0.71304220 0.36644885 0.00236812
v -0.71040112 0.36750311 0.00055800
v -0.71074861 0.36716527 0.00247537
v -0.67557019 0.41784430 -0.00201498
v -0.62829643 0.42343765 0.10264650
v -0.63049251 0.42034772 0.09895764
v -0.61756182 0.41208243 0.09469528
v -0.62438899 0.41336423 0.09398825
v -0.61185783 0.41378197 0.09807324
v -0.61119199 0.42018020 0.10566865
v -0.61006713 0.41676581 0.10233064
v -0.62956446 0.41667676 0.09581229
v -0.62335360 0.42513174 0.10634866
v -0.61618876 0.42379940 0.10748344
v -0.62701666 0.41813558 0.11378656
v -0.61971873 0.41658568 0.11516000
v -0.61408716 0.41292000 0.11307369
v -0.61269975 0.41005489 0.10836729
v -0.61424631 0.40811074 0.10333697
v -0.63197160 0.41717255 0.10936640
v -0.63357508 0.41477817 0.10456780
v -0.63104844 0.41139835 0.10068800
v -0.63542426 0.41119438 0.11591313
v -0.63177025 0.40987116 0.12219810
v -0.62326366 0.39585441 0.12741879
v -0.62045771 0.39962769 0.12405452
v -0.62301636 0.40134937 0.12685622
v -0.62460589 0.39860618 0.12980847
v -0.61859411 0.40500969 0.12080625
v -0.62239963 0.40390778 0.12488006
v -0.62650591 0.40604061 0.12587109
v -0.62762409 0.40403473 0.12853640
v -0.63078785 0.40713498 0.12606132
v -0.63290328 0.40544999 0.12835927
v -0.62872118 0.40135640 0.13203728
v -0.62656373 0.39641142 0.13276401
v -0.63008660 0.39804277 0.13447076
v -0.62654626 0.39370885 0.13127011
v -0.62447023 0.40910938 0.12238780
v -0.61564100 0.40359265 0.11450014
v -0.61934894 0.39801577 0.11985103
v -0.62344581 0.39356095 0.12442682
v -0.62839031 0.39133531 0.12835842
v -0.62110317 0.39643276 0.11510701
v -0.62601089 0.39252979 0.12069809
v -0.62995023 0.39157984 0.12443222
v -0.62585390 0.39656141 0.11191155
v -0.62954742 0.39332628 0.11832875
v -0.62132138 0.40262470 0.10433865
v -0.61669767 0.40241948 0.10873491
v -0.63136977 0.39230585 0.12185355
v -0.63187104 0.39430612 0.13380252
v -0.63344693 0.39261526 0.12987220
v -0.63613719 0.40555674 0.12556460
v -0.63398135 0.40278441 0.13142917
v -0.63742667 0.40176487 0.12934478
v -0.63832700 0.40535086 0.12152305
v -0.63922292 0.40018320 0.12586831
v -0.63642585 0.39804679 0.13244031
v -0.63395500 0.40001142 0.13408273
v -0.61877608 0.40739322 0.09951760
v -0.62519091 0.40857264 0.09895499
v -0.62814462 0.40429956 0.10367214
v -0.63163960 0.39847040 0.11078477
v -0.63403964 0.40695840 0.10558918
v -0.63697666 0.40986812 0.11041453
v -0.63914508 0.40347773 0.11693342
v -0.63676822 0.40090171 0.11274318
v -0.63930410 0.39834762 0.12226807
v -0.63718754 0.39662546 0.11906875
v -0.63352799 0.39472094 0.11779354
v -0.63744587 0.39496696 0.12526189
v -0.63771772 0.39602458 0.12905687
v -0.63402557 0.39256051 0.12584311
v -0.63646883 0.39468849 0.12244920
v -0.63397253 0.39326656 0.12228849
v -0.66425037 0.41601980 0.00141102
v -0.66363323 0.41371343 0.00736845
v -0.65680337 0.41825777 0.00640081
v -0.64870375 0.42338473 0.00479926
v -0.64456671 0.43062854 -0.00172557
v -0.64780927 0.42320117 0.01189600
v -0.65603578 0.41804659 0.01315959
v -0.66483259 0.41225749 0.01512457
v -0.64104354 0.42748249 0.01708826
v -0.03891611 1.03529406 0.20352781
v -0.03587743 1.03645420 0.20520288
v -0.03818331 1.02881980 0.20365848
v -0.04088723 1.02902842 0.20200843
v -0.03089209 1.02914464 0.20586735
v -0.03547892 1.02898443 0.20496942
v -0.03104234 1.03715217 0.20604709
v -0.02575828 1.03690505 0.20541020
v -0.01813247 1.03289163 0.20254698
v -0.01638085 1.03151000 0.20278116
v -0.01727257 1.03068173 0.20337117
v -0.01953131 1.03058052 0.20368722
v -0.02318372 1.03008008 0.20498030
v -0.04389082 1.03142500 0.19924101
v -0.04293455 1.03278017 0.20017263
v -0.04122913 1.03418946 0.20177212
v -0.02695531 1.02967095 0.20576236
v -0.04290859 1.02957892 0.20039818
v -0.04388965 1.03027129 0.19932137
v -0.02144139 1.03564048 0.20390525
v -0.03127405 1.03166294 0.20579256
v -0.03527937 1.03133702 0.20498562
v -0.03145485 1.03448892 0.20599824
v -0.02680460 1.03453922 0.20570022
v -0.02118548 1.03174388 0.20413554
v -0.02360461 1.03184676 0.20507190
v -0.03836603 1.03100967 0.20354865
v -0.02721184 1.03188169 0.20569263
v -0.03567846 1.03390753 0.20506036
v -0.02291547 1.03385758 0.20477735
v -0.02062488 1.03293872 0.20381591
v -0.04307639 1.03134656 0.19984937
v -0.04309738 1.03088605 0.19993055
v -0.03314175 0.77631605 0.15955241
v -0.03478663 0.75869304 0.16477695
v -0.03863026 1.03317130 0.20348528
v -0.04222162 1.03086722 0.20078170
v -0.04062536 1.03092265 0.20205757
v -0.04078768 1.03256440 0.20185259
v -0.04225392 1.03190589 0.20058604
v -0.29127443 0.69789225 0.06664998
v -0.30073923 0.71218371 0.06471531
v -0.31796521 0.74639040 0.02089965
v -0.31260389 0.75209785 -0.00195464
v -0.08941229 0.45299315 0.14169820
v -0.12357882 0.56672150 -0.05575889
v -0.12678197 0.58605903 -0.05463931
v -0.04232680 0.58976418 -0.07522464
v -0.06416329 0.58604026 -0.07670519
v -0.16236760 0.51562715 0.05161998
v -0.16290388 0.53530771 0.05677399
v -0.12575416 0.48828483 0.11143214
v -0.12717925 0.51134592 0.11721865
v -0.15492055 0.48521012 0.06817602
v -0.08614422 0.53917104 -0.08010778
v -0.10653275 0.53570324 -0.07334781
v -0.10388360 0.55547100 -0.06813976
v -0.08436281 0.56040925 -0.07605055
v -0.02212244 0.59041476 -0.06812221
v -0.02184282 0.56725800 -0.07106119
v -0.16935889 0.56435663 0.03633518
v -0.16874722 0.57340342 0.00976505
v -0.14874581 0.59380287 -0.03629664
v -0.13196935 0.60433346 -0.05334520
v -0.11224221 0.61568946 -0.06349194
v -0.09076409 0.62589234 -0.06888431
v -0.11256938 0.52992058 0.13998188
v -0.09471235 0.55089617 0.15749948
v -0.16362157 0.55584288 0.06226783
v -0.04784029 0.52004558 0.17394055
v -0.07134018 0.65889531 -0.06963091
v -0.04583702 0.66393763 -0.06923734
v -0.16167000 0.58326924 -0.01479954
v -0.05319662 0.71094078 0.17261516
v -0.07177624 0.71396410 0.17120425
v -0.07157955 0.69716901 0.17538288
v -0.05308742 0.69369006 0.17519206
v -0.08907958 0.69926155 0.17336132
v -0.10594660 0.70071322 0.16972733
v -0.12161660 0.70157021 0.16489694
v -0.15852405 0.69990104 0.14608997
v -0.14794390 0.70110703 0.15295872
v -0.17415421 0.69342214 0.12810403
v -0.16752434 0.69742084 0.13802345
v -0.17657079 0.68692565 0.11443968
v -0.17595881 0.68001115 0.09744895
v -0.18073738 0.68560147 0.07722440
v -0.17757253 0.67262369 0.07944167
v -0.17242250 0.66677880 0.10031664
v -0.17110296 0.67464244 0.11681974
v -0.16810076 0.68070966 0.13034099
v -0.04026258 0.62666690 0.17311214
v -0.03692343 0.65118593 0.17442732
v -0.03091333 0.79321718 0.15492138
v -0.45201302 0.57610261 -0.04827943
v -0.55507165 0.52738762 0.04441055
v -0.02733845 0.85155410 0.00106028
v -0.04621540 0.85690492 -0.00113991
v -0.11011574 0.86747718 0.00954600
v -0.12847346 0.87323034 0.02750001
v -0.08845672 0.86079252 -0.00230977
v -0.06633621 0.85363805 -0.00754550
v -0.15383092 0.56893295 0.09140693
v -0.04541916 0.82436848 -0.02112198
v -0.06652452 0.84322286 -0.01521939
v -0.08950927 0.85036808 -0.01046355
v -0.11418168 0.85745877 -0.00040647
v -0.13913567 0.86334217 0.01764563
v -0.15693624 0.85836995 0.02291543
v -0.17885023 0.83918226 0.00972278
v -0.19102587 0.83572245 0.01227522
v -0.20405176 0.83191246 0.01376907
v -0.21101795 0.84198225 0.03132655
v -0.19667792 0.84604967 0.03070880
v -0.28507763 0.77397120 -0.00329666
v -0.29345411 0.76083797 -0.01125714
v -0.29461980 0.74935102 -0.02111652
v -0.29086894 0.73852623 -0.02934723
v -0.28196067 0.72910106 -0.03463155
v -0.26973653 0.72198534 -0.03554654
v -0.25484163 0.71976107 -0.03159633
v -0.21930899 0.72620034 -0.01722728
v -0.20912799 0.73023635 -0.01312302
v -0.18599266 0.71708560 -0.02056581
v -0.17987688 0.71278512 -0.02430996
v -0.15990131 0.69422913 -0.03590897
v -0.14872524 0.68292958 -0.04235458
v -0.13693580 0.66768742 -0.05097996
v -0.09629163 0.43798974 -0.11864054
v -0.11698908 0.43858975 -0.10972866
v -0.11438512 0.45546952 -0.09888603
v -0.09348433 0.45435512 -0.10731934
v -0.04724155 0.49348614 -0.09405102
v -0.02483404 0.49124879 -0.09070444
v -0.16428564 0.44250542 -0.05124891
v -0.17088707 0.43195397 -0.02869476
v -0.13455929 0.45429254 -0.08693190
v -0.15129660 0.45016623 -0.07121034
v -0.16982782 0.41916323 -0.00499706
v -0.11873839 0.36623359 0.06889148
v -0.09982271 0.35532957 0.08364278
v -0.05962143 0.34163523 0.10431133
v -0.04005653 0.33930045 0.10901514
v -0.16321950 0.40577331 0.01598161
v -0.07984171 0.34702826 0.09611463
v -0.15219313 0.39188951 0.03456399
v -0.13680620 0.37847751 0.05193797
v -0.06946685 0.49465194 -0.09476376
v -0.07110626 0.47217247 -0.10197547
v -0.09208819 0.47361618 -0.09945613
v -0.04310485 0.73189169 -0.05728334
v -0.06301659 0.73499024 -0.06102499
v -0.08323194 0.73962134 -0.06247668
v -0.09955628 0.76204294 -0.05511145
v -0.10326720 0.74466145 -0.05899234
v -0.12165422 0.74942052 -0.05215272
v -0.11892284 0.76593655 -0.04838607
v -0.15421548 0.77091312 -0.03543267
v -0.15320729 0.75751829 -0.03530367
v -0.16636409 0.75960267 -0.03277317
v -0.16686900 0.77283877 -0.03197739
v -0.17782742 0.76137769 -0.02955261
v -0.18830115 0.76098645 -0.02564526
v -0.19833383 0.75966030 -0.02131732
v -0.21043064 0.75630772 -0.02190484
v -0.21415403 0.78036010 -0.01994118
v -0.20081294 0.78294218 -0.02204588
v -0.15473241 0.78553247 -0.03176227
v -0.13707489 0.78392488 -0.03703973
v -0.04163895 0.76793599 -0.04600149
v -0.02392548 0.76349604 -0.04101300
v -0.18208453 0.66968298 0.06006227
v -0.18627647 0.66878605 0.03882550
v -0.18831526 0.67083269 0.01911443
v -0.18597974 0.67586792 0.00259016
v -0.18254806 0.68304485 -0.01178710
v -0.17568694 0.69168955 -0.02303320
v -0.17388068 0.70787430 -0.02794804
v -0.16770634 0.70177841 -0.03148577
v -0.16813616 0.71854424 -0.03326392
v -0.15972769 0.71323627 -0.03783098
v -0.15254967 0.72564971 -0.04211387
v -0.14504667 0.73916912 -0.04433008
v -0.13923228 0.75360882 -0.04292721
v -0.13745309 0.76874048 -0.04115990
v -0.11883991 0.78247988 -0.04291505
v -0.09961627 0.77940917 -0.04816175
v -0.08143725 0.79302597 -0.04407731
v -0.08374140 0.80821157 -0.03535874
v -0.07959434 0.77636683 -0.05173996
v -0.07939969 0.75821960 -0.05790898
v -0.09210750 0.88779843 0.03566910
v -0.07240985 0.88267869 0.02459606
v -0.25320810 0.73608792 -0.03085995
v -0.24841805 0.73168647 -0.03015251
v -0.25157571 0.72706509 -0.03101528
v -0.26119238 0.73057663 -0.03280041
v -0.27002579 0.73719478 -0.03248572
v -0.26358491 0.75148284 -0.02790266
v -0.25931394 0.74285799 -0.03048974
v -0.27616435 0.74604243 -0.02902997
v -0.27910012 0.75573313 -0.02311295
v -0.26617312 0.76049691 -0.02351819
v -0.27877158 0.76556724 -0.01631609
v -0.26715857 0.76906991 -0.01835427
v -0.27426565 0.77528727 -0.01045778
v -0.26679081 0.77539706 -0.01404332
v -0.23578770 0.79479527 -0.01183410
v -0.24786083 0.78825158 -0.01235916
v -0.25891924 0.78105509 -0.01305354
v -0.22358589 0.75298238 -0.02419642
v -0.23637204 0.75062060 -0.02674133
v -0.24815215 0.74761915 -0.02915443
v -0.25142783 0.75648749 -0.02700068
v -0.23926279 0.76023412 -0.02551541
v -0.22625887 0.76344836 -0.02414030
v -0.04147656 0.75133991 -0.05149686
v -0.06013301 0.75475037 -0.05594929
v -0.17837986 0.77363777 -0.02883859
v -0.18827988 0.77330995 -0.02579953
v -0.19923359 0.77092707 -0.02284758
v -0.21232547 0.76750171 -0.02259657
v -0.19098313 0.78517795 -0.02433488
v -0.17969315 0.78641176 -0.02620737
v -0.16760251 0.78643912 -0.02885887
v -0.06015761 0.77222180 -0.05062619
v -0.02407783 0.74802327 -0.04654507
v -0.21869005 0.79358095 0.10736148
v -0.22215466 0.81877947 0.09819610
v -0.22349505 0.83707285 0.07869766
v -0.21916348 0.84539545 0.05425321
v -0.36337632 0.60107237 -0.02302338
v -0.02328159 0.54263580 -0.07431586
v -0.02430684 0.51755035 -0.08041130
v -0.04566685 0.51842427 -0.08525401
v -0.02360441 0.66500181 -0.06324334
v -0.02483050 0.72987515 -0.05214065
v -0.13081761 0.67183650 0.16545404
v -0.11881369 0.67165703 0.17120092
v -0.11982177 0.68642670 0.16867369
v -0.13265611 0.68668759 0.16291103
v -0.15009929 0.67229718 0.15112711
v -0.14127477 0.67224795 0.15867406
v -0.14405842 0.68674165 0.15625805
v -0.15379089 0.68614221 0.14888562
v -0.15741679 0.67093337 0.14279793
v -0.16201235 0.68442476 0.14066665
v -0.13963935 0.65691739 0.15985277
v -0.12995280 0.65651834 0.16704312
v -0.11811611 0.65676731 0.17213605
v -0.15374874 0.65735263 0.14417858
v -0.14742757 0.65760124 0.15208669
v -0.00573239 0.90883589 0.20735741
v -0.00470904 0.91574025 0.22292162
v 0.00325079 0.96109748 0.23433720
v 0.00336337 0.96576381 0.23205696
v -0.02686141 0.81900930 0.14904071
v -0.02532263 0.83067250 0.15035056
v -0.03561917 0.67154390 0.17438993
v -0.03503110 0.70679075 0.17217453
v -0.03562785 0.72372603 0.17050657
v -0.03554491 0.74103963 0.16838397
v -0.02930905 0.80731183 0.15123948
v -0.03508895 0.68936664 0.17362605
v -0.16147478 0.26350740 -0.11880475
v -0.14238814 0.24700722 -0.13756511
v -0.14612056 0.27663931 -0.13563952
v -0.13192236 0.26476344 -0.14884743
v -0.16011360 0.34410501 -0.10799386
v -0.15774661 0.31799644 -0.11593617
v -0.16224702 0.37105799 -0.10045922
v -0.11118323 0.25746581 -0.16109964
v -0.08588174 0.25408754 -0.16859409
v -0.08233766 0.27756548 -0.17457280
v -0.14437401 0.37236860 -0.12236306
v -0.14329468 0.34635997 -0.12976179
v -0.13711795 0.28540826 -0.14514145
v -0.15416621 0.29457533 -0.12498876
v -0.13966073 0.30010441 -0.14183813
v -0.10673320 0.27852887 -0.16752651
v -0.12544532 0.28176400 -0.15579376
v -0.05297408 0.43484366 -0.12562075
v -0.02765512 0.41655958 -0.13871902
v -0.05486714 0.41703472 -0.13943085
v -0.13700168 0.43777159 -0.09549260
v -0.12049580 0.42022771 -0.12020370
v -0.12357363 0.30112830 -0.15595856
v -0.10445964 0.30113360 -0.16885203
v -0.08011089 0.30180791 -0.17748183
v -0.08086576 0.37581325 -0.16102359
v -0.08007805 0.35259926 -0.17008099
v -0.10388144 0.35016066 -0.16143206
v -0.10417832 0.37478247 -0.15258631
v -0.12329400 0.39868969 -0.13096556
v -0.12480798 0.37338567 -0.13995293
v -0.08005248 0.39859051 -0.14955059
v -0.10263928 0.39881688 -0.14213225
v -0.09957727 0.41989017 -0.13037339
v -0.12487067 0.34753725 -0.14784291
v -0.05131859 0.32785472 -0.17855754
v -0.07959552 0.32724947 -0.17601457
v -0.02230879 0.32746974 -0.17362908
v -0.07790267 0.41880918 -0.13696745
v -0.07522526 0.43656120 -0.12338996
v -0.07260402 0.45334646 -0.11099768
v -0.06784125 0.51778984 -0.08630271
v -0.19679518 0.02497166 0.03041689
v -0.02416601 0.17883489 -0.01335430
v -0.01593928 0.18327594 -0.03584915
v -0.19286349 0.28621817 -0.00240195
v -0.18754157 0.27731076 -0.07584509
v -0.16963691 0.28748360 -0.10348627
v -0.06293023 0.18456867 0.04483113
v -0.04458274 0.17804444 0.02469724
v -0.18246788 0.27178761 0.02586254
v -0.14124772 0.22738189 0.05799733
v -0.03312179 0.17686921 0.00526989
v -0.14081381 0.32160145 -0.13685319
v -0.12384573 0.32306609 -0.15368876
v -0.10386790 0.32499716 -0.16709188
v -0.05166844 0.30282030 -0.17919448
v -0.02207116 0.30408186 -0.17347389
v -0.04308191 0.21670115 0.07970547
v -0.03780182 0.22801444 0.08279718
v -0.02788899 0.22461575 0.08421750
v -0.02856709 0.20878145 0.07858601
v -0.11670376 0.34840751 0.06302829
v -0.09569846 0.33799297 0.07631965
v -0.05513347 0.32544860 0.09464788
v -0.03695475 0.32275552 0.09956104
v -0.16660213 0.38937747 0.01119630
v -0.07483418 0.33071449 0.08713727
v -0.15541396 0.37522432 0.02981563
v -0.13792109 0.36112124 0.04699020
v -0.20751238 -0.41883415 -0.14330998
v -0.21287811 -0.44839722 -0.14511600
v -0.20848994 -0.44402581 -0.15897056
v -0.20034808 -0.41483194 -0.15573618
v -0.20375215 -0.40183574 -0.18534711
v -0.19678897 -0.40770686 -0.17549524
v -0.21646674 -0.39872772 -0.19085366
v -0.21833627 -0.42962319 -0.19685894
v -0.23220709 -0.42962009 -0.19419935
v -0.23089328 -0.39834785 -0.19060558
v -0.24328604 -0.39916515 -0.18515441
v -0.25569379 -0.43186325 -0.18138576
v -0.26246566 -0.43449181 -0.16478774
v -0.26217878 -0.40489382 -0.16038743
v -0.25355595 -0.40084088 -0.17633942
v -0.26496542 -0.41395146 -0.14062676
v -0.26676589 -0.44227213 -0.14519599
v -0.25642270 -0.42200476 -0.12637526
v -0.21842748 -0.42348570 -0.13082951
v -0.22292916 -0.45259517 -0.13050094
v -0.20588596 -0.43272394 -0.19155076
v -0.20208000 -0.43792874 -0.17905667
v -0.19604875 -0.41217607 -0.16513401
v -0.20562471 -0.44111389 -0.16859367
v -0.21117198 -0.47369856 -0.15968746
v -0.21315093 -0.47760540 -0.14311793
v -0.20662726 -0.46111375 -0.19716278
v -0.20883617 -0.46608347 -0.18280363
v -0.23176010 -0.45865458 -0.19760320
v -0.21804315 -0.45768315 -0.20411161
v -0.25911820 -0.45976800 -0.18819991
v -0.24440092 -0.43038958 -0.18928286
v -0.24611323 -0.45902473 -0.19433853
v -0.26826382 -0.46156496 -0.17126855
v -0.27265835 -0.46829921 -0.14873216
v -0.22484136 -0.48045725 -0.12705538
v -0.21098591 -0.47024137 -0.17139867
v -0.36469978 -0.59598869 -0.04448783
v -0.35916287 -0.59858459 -0.04002535
v -0.35896719 -0.59272665 -0.03983869
v -0.36263293 -0.59155065 -0.04278193
v -0.33413208 -0.60743350 -0.01678258
v -0.32260215 -0.61288220 -0.01402442
v -0.32336795 -0.60107166 -0.00880660
v -0.33159173 -0.59813565 -0.01095814
v -0.35003847 -0.60446614 -0.02616626
v -0.35686970 -0.60284585 -0.03015538
v -0.35365212 -0.60575074 -0.03332214
v -0.34931535 -0.60665768 -0.03064287
v -0.36840153 -0.58087701 -0.08079474
v -0.37201512 -0.57907492 -0.08570984
v -0.37058520 -0.58297771 -0.08773345
v -0.36775327 -0.58466178 -0.08487023
v -0.36662108 -0.59184688 -0.05901092
v -0.37041968 -0.58993751 -0.06442413
v -0.36854631 -0.59360021 -0.06656116
v -0.36606413 -0.59551090 -0.06371692
v -0.32307565 -0.58632332 -0.03038450
v -0.32962191 -0.59162933 -0.01809786
v -0.31632745 -0.59617370 -0.01478866
v -0.30762053 -0.58789784 -0.02486776
v -0.30945957 -0.60602778 -0.01862988
v -0.31624472 -0.60891157 -0.02693787
v -0.30745584 -0.60549098 -0.03899541
v -0.29965758 -0.59953171 -0.03060204
v -0.32881653 -0.60732681 -0.03085837
v -0.32223612 -0.60361880 -0.04296526
v -0.33032745 -0.59529084 -0.03993483
v -0.33900440 -0.59886342 -0.02703303
v -0.34838772 -0.59087044 -0.04674304
v -0.35696542 -0.59684974 -0.03835012
v -0.35161710 -0.59207720 -0.03249988
v -0.34374785 -0.58427483 -0.04093145
v -0.34488136 -0.59427255 -0.02797073
v -0.33401585 -0.58763093 -0.03462543
v -0.33125198 -0.59821790 -0.03873089
v -0.34015673 -0.60242730 -0.02748033
v -0.34294307 -0.60540050 -0.03511424
v -0.33423734 -0.60160309 -0.04580817
v -0.34257764 -0.59920877 -0.04976486
v -0.35080224 -0.60355169 -0.04005679
v -0.35549861 -0.57886726 -0.05543806
v -0.36055756 -0.58743447 -0.04741949
v -0.35421926 -0.58956283 -0.04319285
v -0.34715122 -0.58258218 -0.04885058
v -0.35122997 -0.59845930 -0.04398182
v -0.35535520 -0.60024875 -0.04923271
v -0.34830028 -0.59667057 -0.05728784
v -0.34476376 -0.59383935 -0.05101278
v -0.35623270 -0.59332341 -0.06240098
v -0.36183232 -0.59859174 -0.05346058
v -0.36087787 -0.58478278 -0.05964723
v -0.36557424 -0.59181494 -0.05221626
v -0.36705792 -0.57870311 -0.07941420
v -0.37022030 -0.58604378 -0.07169938
v -0.36756986 -0.58138293 -0.06717229
v -0.36384648 -0.57245845 -0.07484767
v -0.36329705 -0.58239800 -0.06236476
v -0.35867488 -0.57567161 -0.06749544
v -0.36048418 -0.58852881 -0.06156841
v -0.36196429 -0.59432107 -0.06755039
v -0.35811025 -0.59001428 -0.07432599
v -0.35752618 -0.58368939 -0.06642866
v -0.36725038 -0.59252602 -0.07250580
v -0.36334038 -0.58708686 -0.08112514
v -0.36697793 -0.56565195 -0.09624216
v -0.36703801 -0.57175285 -0.10204914
v -0.37147880 -0.57577676 -0.09308627
v -0.37007159 -0.57108599 -0.08913438
v -0.36657423 -0.57222539 -0.08401433
v -0.36381811 -0.56755656 -0.08845389
v -0.36364287 -0.57809097 -0.08371814
v -0.36383706 -0.58420342 -0.08878174
v -0.36132574 -0.58165091 -0.09403470
v -0.36272484 -0.57471484 -0.08803144
v -0.36880374 -0.58205920 -0.09337413
v -0.36463588 -0.57848412 -0.10055396
v -0.29992777 -0.58036691 -0.03633565
v -0.31969684 -0.58071440 -0.04358067
v -0.32275754 -0.61117977 -0.01933241
v -0.29281229 -0.59381670 -0.04354221
v -0.32985085 -0.61024362 -0.02187669
v -0.31912190 -0.59921890 -0.05556282
v -0.30069083 -0.60089391 -0.05234131
v -0.32559568 -0.59388369 -0.04502973
v -0.35455072 -0.59748966 -0.02813376
v -0.34134388 -0.58989245 -0.05467547
v -0.33665460 -0.59445268 -0.06538963
v -0.35058737 -0.59855515 -0.02552146
v -0.33600110 -0.57631773 -0.05433044
v -0.34827918 -0.57132405 -0.07121277
v -0.35999328 -0.60151762 -0.04474893
v -0.36337793 -0.60057777 -0.04717453
v -0.35024369 -0.58881956 -0.07964617
v -0.35680312 -0.58116645 -0.06784043
v -0.36918336 -0.58577079 -0.06275895
v -0.36339080 -0.57400483 -0.08777636
v -0.35764498 -0.58227140 -0.09614666
v -0.36666232 -0.58642763 -0.05997278
v -0.35736388 -0.56436294 -0.08896497
v -0.37019432 -0.57555276 -0.08489987
v -0.36201912 -0.56731778 -0.11339281
v -0.36020416 -0.57658130 -0.11092946
v -0.36847150 -0.57596093 -0.08182380
v -0.36158061 -0.56001562 -0.10506925
v -0.23068240 -0.42687339 -0.12200090
v -0.23633526 -0.45445353 -0.12163815
v -0.24447735 -0.42694813 -0.11996636
v -0.26031768 -0.44998342 -0.12986383
v -0.25025809 -0.45493263 -0.12218505
v -0.24193594 -0.48041219 -0.11851043
v -0.26631361 -0.47563642 -0.13169214
v -0.25650316 -0.47903031 -0.12101117
v -0.26009166 -0.47921294 -0.19773123
v -0.27285904 -0.48318070 -0.18111092
v -0.24399981 -0.47921234 -0.20077905
v -0.21635017 -0.47783273 -0.21259183
v -0.23035437 -0.47887534 -0.20649937
v -0.24868472 -0.50309604 -0.11393775
v -0.23073113 -0.50406879 -0.12740585
v -0.26527023 -0.50025755 -0.11539525
v -0.27731395 -0.49529022 -0.12889120
v -0.28692508 -0.57246274 -0.04782617
v -0.27640414 -0.56679386 -0.06679481
v -0.29098815 -0.55344099 -0.06656080
v -0.30542058 -0.56637877 -0.05434570
v -0.30762410 -0.54921371 -0.08029512
v -0.32088929 -0.56400734 -0.06802435
v -0.32036942 -0.54649383 -0.09655257
v -0.33376539 -0.55949825 -0.08391318
v -0.32978660 -0.54532224 -0.11367004
v -0.34417284 -0.55546910 -0.10126460
v -0.33716482 -0.54725200 -0.13063511
v -0.35182637 -0.55390269 -0.11709528
v -0.34215564 -0.55495888 -0.14299360
v -0.35559607 -0.56161183 -0.12800258
v -0.28065950 -0.58942169 -0.05689093
v -0.27127981 -0.58257669 -0.07516035
v -0.29009205 -0.59801215 -0.06849286
v -0.27981007 -0.59356540 -0.08717561
v -0.30592883 -0.59437352 -0.07750116
v -0.29435694 -0.58994073 -0.09670691
v -0.33933735 -0.56947500 -0.14326492
v -0.35204494 -0.57473785 -0.12641755
v -0.32128400 -0.58919650 -0.08944380
v -0.30885750 -0.58390087 -0.10842451
v -0.33438206 -0.58485323 -0.10313311
v -0.32138842 -0.57974666 -0.12188599
v -0.34434313 -0.58058625 -0.11613664
v -0.33126879 -0.57599801 -0.13425508
v -0.27506167 -0.54224879 -0.08335330
v -0.29256397 -0.53247505 -0.09174988
v -0.30458176 -0.53036338 -0.10905503
v -0.31285292 -0.53174192 -0.12776712
v -0.31909728 -0.53811878 -0.14602712
v -0.32529908 -0.54629701 -0.15896723
v -0.29696882 -0.51269919 -0.14691696
v -0.30054754 -0.53029352 -0.16465893
v -0.30599278 -0.54085487 -0.17535454
v -0.28342968 -0.52368861 -0.18477151
v -0.28753269 -0.53588694 -0.19225827
v -0.25457340 -0.51567048 -0.21779367
v -0.25850594 -0.52835900 -0.22648430
v -0.27170265 -0.53044838 -0.21042696
v -0.26745325 -0.51860803 -0.20306680
v -0.28181601 -0.50695735 -0.17160532
v -0.26739514 -0.50177306 -0.19171849
v -0.25376546 -0.49865407 -0.20512223
v -0.23251522 -0.52709728 -0.24005136
v -0.24626878 -0.52731472 -0.23591551
v -0.24371929 -0.51346856 -0.22747895
v -0.23082644 -0.51142234 -0.23418519
v -0.21240774 -0.51360959 -0.23355204
v -0.21532871 -0.53077620 -0.23603496
v -0.20262802 -0.52156943 -0.21741629
v -0.20435584 -0.53782505 -0.22131008
v -0.23051772 -0.49504811 -0.21985009
v -0.24184597 -0.49744374 -0.21272936
v -0.21486014 -0.49506980 -0.22245011
v -0.20567171 -0.50187272 -0.20882449
v -0.21145931 -0.50772434 -0.19306988
v -0.20825669 -0.52865082 -0.19922176
v -0.20665631 -0.54438466 -0.20284238
v -0.26456439 -0.55966157 -0.08885440
v -0.26300246 -0.57235581 -0.09700319
v -0.29056704 -0.51182383 -0.12052462
v -0.27717829 -0.51611274 -0.10365923
v -0.25593513 -0.52662712 -0.10421979
v -0.24942599 -0.55049568 -0.11091381
v -0.25264567 -0.56346518 -0.12107584
v -0.24174160 -0.55690497 -0.14303711
v -0.23593187 -0.54566044 -0.13405460
v -0.26941133 -0.58106333 -0.10739186
v -0.25979334 -0.56840235 -0.12995392
v -0.24807362 -0.56143576 -0.15062642
v -0.22957230 -0.55314535 -0.16128570
v -0.22536252 -0.54101878 -0.15444055
v -0.22102888 -0.54946834 -0.17643484
v -0.21907377 -0.53562695 -0.17117688
v -0.21414921 -0.53177983 -0.18451577
v -0.21352562 -0.54696316 -0.18888822
v -0.21759060 -0.51575357 -0.16616997
v -0.21471627 -0.51146942 -0.17894921
v -0.22276443 -0.52129728 -0.14878479
v -0.23394957 -0.52563316 -0.12740555
v -0.32332104 -0.56120187 -0.16078404
v -0.30524623 -0.55344599 -0.17734817
v -0.28684992 -0.54658121 -0.19351891
v -0.27047825 -0.54271227 -0.21120808
v -0.25588500 -0.54110998 -0.22469583
v -0.24478097 -0.54035956 -0.23204896
v -0.21954052 -0.54175299 -0.23119962
v -0.23292892 -0.53985697 -0.23539147
v -0.21188544 -0.54688448 -0.22106710
v -0.21408270 -0.55280739 -0.20684466
v -0.21977870 -0.55690736 -0.19503418
v -0.23572946 -0.55952972 -0.16866481
v -0.22646457 -0.55896872 -0.18293944
v -0.21670371 -0.50187176 -0.14469966
v -0.21222697 -0.49676234 -0.16223177
v -0.21167070 -0.49242002 -0.17469400
v -0.20694387 -0.48272556 -0.20156962
v -0.21083389 -0.48794895 -0.18673018
v -0.28149593 -0.58112556 -0.11792818
v -0.29473352 -0.57584709 -0.12946853
v -0.30623925 -0.57203728 -0.14220205
v -0.31572968 -0.56815737 -0.15322155
v -0.29907346 -0.56041354 -0.17164114
v -0.29028213 -0.56413561 -0.16251954
v -0.27953821 -0.56799668 -0.15127334
v -0.26867610 -0.56956464 -0.13939837
v -0.28142339 -0.55454367 -0.18843424
v -0.27395958 -0.55875605 -0.18039414
v -0.26409125 -0.56240600 -0.17072776
v -0.25552052 -0.56388932 -0.15981355
v -0.24239954 -0.56240088 -0.17739630
v -0.24940129 -0.55980581 -0.18754637
v -0.25791985 -0.55586106 -0.19611919
v -0.26440448 -0.55083209 -0.20436987
v -0.25097686 -0.54824466 -0.21654859
v -0.24543005 -0.55284935 -0.20781633
v -0.23825674 -0.55685526 -0.19962892
v -0.23284614 -0.55976456 -0.19127581
v -0.24181008 -0.54688376 -0.22300997
v -0.22455566 -0.54711574 -0.22550622
v -0.23335390 -0.54625088 -0.22635075
v -0.21922059 -0.55049616 -0.21955714
v -0.22170050 -0.55420762 -0.20994374
v -0.22666371 -0.55731744 -0.20085743
v -0.23209752 -0.55456990 -0.20709011
v -0.22753444 -0.55242568 -0.21321729
v -0.23818046 -0.55073780 -0.21453521
v -0.23219267 -0.54936928 -0.21886465
v -0.22467431 -0.55044693 -0.21810958
v -0.22713484 -0.54890376 -0.22087663
v -0.27862138 -0.49201125 -0.15295193
v -0.20819569 -0.15378463 -0.01658668
v -0.19106576 -0.15313035 -0.01858562
v -0.22385809 -0.14844954 -0.01934008
v -0.16139142 0.26052761 0.04721523
v -0.10810094 0.45961285 0.12441039
v -0.11134446 0.50559551 0.13504770
v -0.10931345 0.48211169 0.12973344
v -0.16993430 0.23875514 0.04598736
v -0.15370989 0.54750520 0.08504487
v -0.13554817 0.70178401 0.15934460
v -0.08790755 1.01048470 0.12458087
v -0.08637433 1.00676155 0.12371258
v -0.08566067 1.00364244 0.12171055
v -0.08557210 1.00098705 0.11893367
v -0.08504664 0.99899346 0.11565478
v -0.08302414 0.99903053 0.11193974
v -0.08771326 1.00489485 0.11898109
v -0.08494338 1.00763714 0.11540924
v -0.08524407 1.00967383 0.11699447
v -0.08774226 1.00736642 0.12053896
f 2 3 1
f 1 3 4
f 3 2 5
f 5 2 6
f 3 7 4
f 4 7 8
f 10 11 9
f 9 11 12
f 14 15 13
f 13 15 16
f 18 19 17
f 17 19 20
f 22 23 21
f 21 23 24
f 26 18 25
f 25 18 17
f 27 28 17
f 17 28 25
f 30 31 29
f 29 31 32
f 34 35 33
f 33 35 36
f 21 24 37
f 37 24 38
f 40 31 39
f 39 31 38
f 34 33 28
f 28 33 25
f 41 42 44
f 44 42 43
f 36 45 33
f 33 45 25
f 46 47 49
f 49 47 48
f 51 52 50
f 50 52 53
f 55 53 54
f 54 53 52
f 57 58 56
f 56 58 59
f 61 62 60
f 60 62 63
f 65 66 64
f 64 66 67
f 69 70 68
f 68 70 71
f 65 73 72
f 72 73 74
f 64 75 65
f 65 75 73
f 77 78 76
f 76 78 79
f 80 81 83
f 83 81 82
f 81 85 84
f 84 85 86
f 88 89 87
f 87 89 69
f 88 87 90
f 90 87 91
f 93 94 92
f 92 94 95
f 96 84 43
f 43 84 44
f 51 98 97
f 97 98 86
f 97 99 51
f 51 99 52
f 54 52 100
f 100 52 99
f 58 101 59
f 59 101 102
f 62 103 63
f 63 103 104
f 105 106 6
f 6 106 5
f 108 109 107
f 107 109 110
f 112 113 111
f 111 113 114
f 116 117 115
f 115 117 118
f 120 121 119
f 119 121 122
f 124 125 123
f 123 125 126
f 128 129 127
f 127 129 130
f 130 131 127
f 127 131 132
f 134 1 133
f 133 1 135
f 1 4 135
f 135 4 136
f 4 8 136
f 136 8 137
f 138 139 15
f 15 139 140
f 140 139 141
f 141 139 142
f 144 57 143
f 143 57 56
f 145 146 141
f 141 146 147
f 146 149 148
f 148 149 150
f 152 153 151
f 151 153 154
f 141 147 140
f 140 147 155
f 157 11 156
f 156 11 158
f 160 161 159
f 159 161 162
f 164 165 163
f 163 165 166
f 165 160 166
f 166 160 159
f 168 169 167
f 167 169 170
f 169 171 170
f 170 171 172
f 149 173 150
f 150 173 174
f 175 176 149
f 149 176 173
f 178 172 177
f 177 172 171
f 180 181 179
f 179 181 182
f 184 180 183
f 183 180 179
f 186 187 185
f 185 187 188
f 190 191 189
f 189 191 192
f 7 193 8
f 8 193 194
f 196 162 195
f 195 162 161
f 197 168 198
f 198 168 167
f 181 199 182
f 182 199 200
f 202 203 201
f 201 203 204
f 187 186 205
f 205 186 206
f 208 209 207
f 207 209 210
f 212 213 211
f 211 213 214
f 215 216 218
f 218 216 217
f 220 209 219
f 219 209 208
f 204 186 221
f 221 186 185
f 201 204 222
f 222 204 221
f 223 211 220
f 220 211 209
f 224 225 214
f 214 225 210
f 203 206 204
f 204 206 186
f 227 187 226
f 226 187 205
f 27 228 21
f 21 228 22
f 230 231 229
f 229 231 232
f 234 235 233
f 233 235 236
f 238 239 237
f 237 239 240
f 119 122 118
f 118 122 115
f 112 242 241
f 241 242 243
f 98 51 244
f 244 51 50
f 245 138 14
f 14 138 15
f 11 10 158
f 158 10 246
f 89 85 69
f 69 85 70
f 11 157 12
f 12 157 247
f 249 164 248
f 248 164 163
f 177 250 178
f 178 250 251
f 253 254 252
f 252 254 255
f 187 227 188
f 188 227 256
f 212 257 213
f 213 257 258
f 260 134 259
f 259 134 133
f 165 164 135
f 135 164 133
f 160 165 136
f 136 165 135
f 136 137 160
f 160 137 161
f 137 261 161
f 161 261 195
f 263 264 262
f 262 264 265
f 13 16 266
f 266 16 267
f 268 267 155
f 155 267 16
f 147 269 155
f 155 269 268
f 162 196 167
f 167 196 198
f 167 170 162
f 162 170 159
f 170 172 159
f 159 172 166
f 172 178 166
f 166 178 163
f 178 251 163
f 163 251 248
f 168 270 169
f 169 270 271
f 272 273 171
f 171 273 177
f 271 272 169
f 169 272 171
f 168 197 270
f 270 197 274
f 250 177 275
f 275 177 273
f 277 45 276
f 276 45 278
f 280 281 279
f 279 281 282
f 284 104 283
f 283 104 103
f 285 215 286
f 286 215 218
f 288 289 287
f 287 289 290
f 291 80 66
f 66 80 83
f 293 294 292
f 292 294 295
f 73 91 74
f 74 91 87
f 91 73 92
f 92 73 75
f 279 77 280
f 280 77 76
f 80 291 70
f 70 291 71
f 277 47 96
f 96 47 82
f 297 175 296
f 296 175 149
f 299 154 298
f 298 154 153
f 225 300 210
f 210 300 207
f 224 301 206
f 206 301 205
f 210 209 214
f 214 209 211
f 226 205 302
f 302 205 301
f 304 305 303
f 303 305 306
f 308 309 307
f 307 309 310
f 72 291 65
f 65 291 66
f 66 83 67
f 67 83 46
f 312 313 311
f 311 313 314
f 316 317 315
f 315 317 36
f 29 318 35
f 35 318 319
f 321 32 320
f 320 32 322
f 311 314 323
f 323 314 324
f 315 325 316
f 316 325 326
f 318 287 319
f 319 287 290
f 328 321 327
f 327 321 320
f 329 330 39
f 39 330 331
f 332 333 40
f 40 333 322
f 309 334 285
f 285 334 335
f 236 2 134
f 134 2 1
f 260 336 233
f 233 336 337
f 237 14 265
f 265 14 13
f 84 86 44
f 44 86 98
f 189 192 7
f 7 192 193
f 44 98 41
f 41 98 244
f 237 240 14
f 14 240 245
f 7 3 189
f 189 3 5
f 338 71 72
f 72 71 291
f 262 265 266
f 266 265 13
f 124 123 339
f 339 123 105
f 123 109 105
f 105 109 106
f 189 5 190
f 190 5 106
f 111 114 12
f 12 114 9
f 264 340 265
f 265 340 237
f 342 343 341
f 341 343 344
f 6 235 105
f 105 235 339
f 234 346 345
f 345 346 347
f 349 350 348
f 348 350 351
f 107 352 108
f 108 352 353
f 355 356 354
f 354 356 357
f 237 340 238
f 238 340 358
f 12 247 111
f 111 247 359
f 264 263 116
f 116 263 360
f 361 362 222
f 222 362 201
f 364 365 363
f 363 365 366
f 368 369 367
f 367 369 370
f 372 373 371
f 371 373 374
f 375 376 372
f 372 376 377
f 378 379 381
f 381 379 380
f 382 383 269
f 269 383 268
f 150 174 365
f 365 174 384
f 380 377 381
f 381 377 376
f 271 270 180
f 180 270 181
f 273 272 252
f 252 272 184
f 272 271 184
f 184 271 180
f 181 270 274
f 252 255 273
f 273 255 275
f 254 385 255
f 255 385 386
f 387 388 179
f 179 388 183
f 389 387 182
f 182 387 179
f 182 200 389
f 389 200 390
f 388 391 183
f 183 391 253
f 391 392 253
f 253 392 254
f 394 379 393
f 393 379 378
f 185 188 395
f 395 188 396
f 221 185 397
f 397 185 395
f 222 221 398
f 398 221 397
f 188 256 396
f 396 256 399
f 400 401 256
f 256 401 399
f 402 403 405
f 405 403 404
f 148 150 364
f 364 150 365
f 393 406 394
f 394 406 407
f 158 246 393
f 393 246 406
f 342 19 238
f 238 19 239
f 23 22 350
f 350 22 354
f 244 50 245
f 245 50 138
f 55 142 53
f 53 142 139
f 145 144 296
f 296 144 143
f 355 228 341
f 341 228 20
f 41 240 42
f 42 240 239
f 283 308 284
f 284 308 307
f 349 409 408
f 408 409 410
f 244 245 41
f 41 245 240
f 268 383 406
f 406 383 407
f 346 411 349
f 349 411 409
f 251 412 248
f 248 412 413
f 275 414 250
f 250 414 415
f 25 45 26
f 26 45 277
f 43 26 96
f 96 26 277
f 416 417 61
f 61 417 62
f 329 24 408
f 408 24 23
f 31 40 32
f 32 40 322
f 39 38 329
f 329 38 24
f 37 38 30
f 30 38 31
f 418 419 421
f 421 419 420
f 78 295 79
f 79 295 294
f 124 339 422
f 422 339 345
f 232 131 357
f 357 131 351
f 2 236 6
f 6 236 235
f 252 184 253
f 253 184 183
f 227 423 256
f 256 423 400
f 423 227 305
f 305 227 226
f 424 258 425
f 425 258 257
f 426 427 212
f 212 427 257
f 259 133 249
f 249 133 164
f 419 418 428
f 428 418 429
f 327 430 328
f 328 430 288
f 49 431 46
f 46 431 67
f 306 302 424
f 424 302 258
f 313 432 314
f 314 432 433
f 32 321 29
f 29 321 318
f 324 314 433
f 287 318 328
f 328 318 321
f 134 260 236
f 236 260 233
f 345 339 234
f 234 339 235
f 357 351 354
f 354 351 350
f 408 23 349
f 349 23 350
f 317 278 36
f 36 278 45
f 432 313 429
f 429 313 428
f 435 428 434
f 434 428 313
f 42 239 18
f 18 239 19
f 43 42 26
f 26 42 18
f 121 120 436
f 436 120 437
f 302 301 258
f 258 301 213
f 110 109 126
f 126 109 123
f 238 358 342
f 342 358 343
f 341 20 342
f 342 20 19
f 322 438 320
f 320 438 439
f 320 439 327
f 327 439 430
f 333 440 322
f 322 440 438
f 289 288 323
f 323 288 430
f 115 340 116
f 116 340 264
f 146 145 149
f 149 145 296
f 15 140 16
f 16 140 155
f 441 442 152
f 152 442 153
f 225 224 203
f 203 224 206
f 175 297 154
f 154 297 151
f 293 443 294
f 294 443 444
f 248 413 249
f 249 413 445
f 446 447 400
f 400 447 401
f 388 387 396
f 396 387 395
f 387 389 395
f 395 389 397
f 391 388 399
f 399 388 396
f 401 392 399
f 399 392 391
f 255 386 275
f 275 386 414
f 449 450 448
f 448 450 451
f 335 452 285
f 285 452 215
f 453 298 442
f 442 298 153
f 211 223 212
f 212 223 426
f 425 257 454
f 454 257 427
f 266 10 262
f 262 10 9
f 360 113 456
f 456 113 455
f 8 194 137
f 137 194 261
f 10 266 246
f 246 266 267
f 203 202 225
f 225 202 300
f 262 9 263
f 263 9 114
f 108 353 190
f 190 353 191
f 389 390 397
f 397 390 398
f 457 422 128
f 128 422 129
f 156 158 378
f 378 158 393
f 347 346 348
f 348 346 349
f 447 458 401
f 401 458 392
f 364 382 148
f 148 382 269
f 55 54 57
f 57 54 58
f 75 64 459
f 459 64 460
f 100 90 101
f 101 90 95
f 101 58 100
f 100 58 54
f 142 55 144
f 144 55 57
f 147 146 269
f 269 146 148
f 459 93 75
f 75 93 92
f 144 145 142
f 142 145 141
f 228 27 20
f 20 27 17
f 154 299 175
f 175 299 176
f 214 213 224
f 224 213 301
f 424 461 306
f 306 461 303
f 285 286 309
f 309 286 310
f 462 334 308
f 308 334 309
f 302 306 226
f 226 306 305
f 37 28 21
f 21 28 27
f 29 35 30
f 30 35 34
f 30 34 37
f 37 34 28
f 344 436 356
f 356 436 229
f 325 290 326
f 326 290 289
f 311 439 312
f 312 439 438
f 35 319 36
f 36 319 315
f 439 311 430
f 430 311 323
f 315 319 325
f 325 319 290
f 440 463 438
f 438 463 312
f 341 344 355
f 355 344 356
f 360 456 116
f 116 456 117
f 354 22 355
f 355 22 228
f 326 289 324
f 324 289 323
f 74 87 68
f 68 87 69
f 50 53 138
f 138 53 139
f 268 406 267
f 267 406 246
f 190 106 108
f 108 106 109
f 241 455 112
f 112 455 113
f 358 122 343
f 343 122 121
f 129 347 130
f 130 347 348
f 348 351 130
f 130 351 131
f 229 232 356
f 356 232 357
f 340 115 358
f 358 115 122
f 111 359 112
f 112 359 242
f 125 124 457
f 457 124 422
f 231 132 232
f 232 132 131
f 343 121 344
f 344 121 436
f 263 114 360
f 360 114 113
f 347 129 345
f 345 129 422
f 230 229 437
f 437 229 436
f 464 446 423
f 423 446 400
f 465 466 468
f 468 466 467
f 470 471 469
f 469 471 472
f 469 472 373
f 373 472 374
f 474 469 473
f 473 469 373
f 471 475 472
f 472 475 476
f 472 477 374
f 374 477 478
f 477 472 476
f 479 480 476
f 476 480 477
f 473 373 377
f 377 373 372
f 481 482 479
f 479 482 480
f 483 484 481
f 481 484 482
f 403 402 485
f 485 402 486
f 487 488 483
f 483 488 484
f 487 489 488
f 488 489 490
f 489 491 490
f 490 491 492
f 491 493 492
f 492 493 494
f 493 495 494
f 494 495 496
f 497 498 481
f 481 498 483
f 484 499 482
f 482 499 367
f 370 480 367
f 367 480 482
f 480 370 477
f 477 370 478
f 500 497 479
f 479 497 481
f 451 473 380
f 380 473 377
f 448 451 379
f 379 451 380
f 501 502 504
f 504 502 503
f 449 505 507
f 507 505 506
f 486 508 505
f 505 508 506
f 508 509 506
f 506 509 510
f 511 507 510
f 510 507 506
f 509 508 512
f 512 508 513
f 515 509 514
f 514 509 512
f 509 515 510
f 510 515 516
f 510 516 511
f 511 516 517
f 486 505 485
f 485 505 518
f 505 449 518
f 518 449 448
f 383 382 403
f 403 382 404
f 363 404 364
f 364 404 382
f 403 485 383
f 383 485 407
f 519 520 361
f 361 520 362
f 522 496 521
f 521 496 495
f 450 474 451
f 451 474 473
f 363 366 523
f 523 366 524
f 525 499 488
f 488 499 484
f 488 490 525
f 525 490 526
f 496 522 520
f 520 522 527
f 494 496 519
f 519 496 520
f 492 494 528
f 528 494 519
f 529 530 495
f 495 530 521
f 490 492 526
f 526 492 528
f 529 495 531
f 531 495 493
f 533 534 532
f 532 534 535
f 523 524 533
f 533 524 534
f 486 402 532
f 532 402 533
f 529 536 530
f 530 536 537
f 536 538 537
f 537 538 539
f 540 541 539
f 539 541 537
f 530 537 535
f 535 537 541
f 542 539 543
f 543 539 538
f 539 542 540
f 540 542 544
f 541 540 513
f 513 540 512
f 540 544 512
f 512 544 514
f 546 547 545
f 545 547 548
f 549 550 531
f 531 550 551
f 550 549 552
f 552 549 553
f 546 550 554
f 554 550 552
f 547 546 555
f 555 546 554
f 498 556 558
f 558 556 557
f 559 557 560
f 560 557 556
f 561 562 560
f 560 562 559
f 557 559 552
f 552 559 554
f 559 562 554
f 554 562 555
f 558 557 553
f 553 557 552
f 475 471 563
f 563 471 564
f 565 563 567
f 567 563 566
f 471 470 564
f 564 470 466
f 564 466 568
f 568 466 465
f 568 465 569
f 569 465 570
f 572 573 571
f 571 573 574
f 569 575 567
f 567 575 576
f 577 565 576
f 576 565 567
f 578 579 581
f 581 579 580
f 575 561 576
f 576 561 560
f 556 577 560
f 560 577 576
f 577 556 497
f 497 556 498
f 565 577 500
f 500 577 497
f 563 565 475
f 475 565 500
f 553 489 558
f 558 489 487
f 531 493 549
f 549 493 491
f 489 553 491
f 491 553 549
f 394 407 518
f 518 407 485
f 518 448 394
f 394 448 379
f 545 548 538
f 538 548 543
f 551 545 536
f 536 545 538
f 536 529 551
f 551 529 531
f 507 582 449
f 449 582 450
f 511 583 507
f 507 583 582
f 511 517 583
f 583 517 584
f 585 586 588
f 588 586 587
f 590 591 589
f 589 591 592
f 591 590 593
f 593 590 594
f 596 597 595
f 595 597 598
f 599 600 602
f 602 600 601
f 604 605 603
f 603 605 606
f 608 609 607
f 607 609 610
f 612 613 611
f 611 613 614
f 615 616 618
f 618 616 617
f 620 621 619
f 619 621 622
f 624 625 623
f 623 625 626
f 628 629 627
f 627 629 630
f 632 633 631
f 631 633 634
f 635 636 638
f 638 636 637
f 639 640 642
f 642 640 641
f 644 645 643
f 643 645 646
f 619 622 647
f 647 622 648
f 650 651 649
f 649 651 652
f 601 653 602
f 602 653 654
f 656 657 655
f 655 657 658
f 660 661 659
f 659 661 662
f 664 665 663
f 663 665 666
f 593 594 667
f 667 594 668
f 669 670 672
f 672 670 671
f 673 674 676
f 676 674 675
f 633 632 677
f 677 632 678
f 663 666 679
f 679 666 680
f 681 682 684
f 684 682 683
f 686 687 685
f 685 687 688
f 690 661 689
f 689 661 691
f 693 686 692
f 692 686 685
f 695 597 694
f 694 597 668
f 594 696 668
f 668 696 694
f 697 698 696
f 696 698 699
f 700 701 697
f 697 701 698
f 702 585 703
f 703 585 588
f 671 690 672
f 672 690 689
f 640 639 704
f 704 639 705
f 679 706 663
f 663 706 658
f 708 709 707
f 707 709 710
f 711 712 610
f 610 712 607
f 713 714 716
f 716 714 715
f 717 718 720
f 720 718 719
f 722 634 721
f 721 634 633
f 724 725 723
f 723 725 726
f 728 729 727
f 727 729 730
f 732 733 731
f 731 733 734
f 707 710 735
f 735 710 736
f 643 737 644
f 644 737 738
f 740 741 739
f 739 741 742
f 608 744 743
f 743 744 745
f 747 748 746
f 746 748 749
f 751 752 750
f 750 752 753
f 754 755 757
f 757 755 756
f 758 759 761
f 761 759 760
f 763 764 762
f 762 764 765
f 767 768 766
f 766 768 769
f 771 772 770
f 770 772 773
f 775 776 774
f 774 776 777
f 779 780 778
f 778 780 781
f 783 712 782
f 782 712 784
f 785 786 788
f 788 786 787
f 790 628 789
f 789 628 627
f 792 793 791
f 791 793 794
f 795 796 726
f 726 796 723
f 798 799 797
f 797 799 800
f 721 633 801
f 801 633 677
f 797 800 802
f 802 800 803
f 805 806 804
f 804 806 807
f 809 810 808
f 808 810 811
f 813 814 812
f 812 814 815
f 809 808 817
f 817 808 816
f 818 819 804
f 804 819 805
f 820 821 818
f 818 821 819
f 821 820 587
f 587 820 822
f 809 823 810
f 810 823 824
f 814 807 815
f 815 807 806
f 826 426 825
f 825 426 223
f 426 826 427
f 427 826 827
f 828 829 454
f 454 829 830
f 831 832 677
f 677 832 801
f 834 835 833
f 833 835 836
f 838 839 837
f 837 839 840
f 841 842 844
f 844 842 843
f 845 846 803
f 803 846 802
f 847 831 678
f 678 831 677
f 848 849 851
f 851 849 850
f 853 854 852
f 852 854 855
f 857 858 856
f 856 858 680
f 860 861 859
f 859 861 862
f 864 865 863
f 863 865 866
f 868 869 867
f 867 869 870
f 839 871 840
f 840 871 872
f 849 848 874
f 874 848 873
f 876 877 875
f 875 877 878
f 880 881 879
f 879 881 882
f 883 884 886
f 886 884 885
f 846 887 802
f 802 887 888
f 890 891 889
f 889 891 888
f 893 894 892
f 892 894 895
f 896 897 728
f 728 897 729
f 899 900 898
f 898 900 901
f 902 852 904
f 904 852 903
f 849 905 850
f 850 905 906
f 875 878 907
f 907 878 908
f 910 911 909
f 909 911 912
f 914 915 913
f 913 915 916
f 917 918 862
f 862 918 859
f 919 920 856
f 856 920 921
f 923 924 922
f 922 924 925
f 926 927 925
f 925 927 922
f 929 930 928
f 928 930 693
f 932 695 931
f 931 695 694
f 823 867 824
f 824 867 933
f 935 936 934
f 934 936 937
f 938 868 823
f 823 868 867
f 940 847 939
f 939 847 678
f 632 655 678
f 678 655 939
f 941 942 619
f 619 942 620
f 687 943 688
f 688 943 944
f 851 850 945
f 945 850 903
f 850 906 903
f 903 906 904
f 946 947 949
f 949 947 948
f 951 952 950
f 950 952 953
f 955 956 954
f 954 956 957
f 907 958 875
f 875 958 874
f 960 961 959
f 959 961 962
f 963 853 902
f 902 853 852
f 909 964 910
f 910 964 965
f 967 968 966
f 966 968 969
f 971 972 970
f 970 972 973
f 974 960 975
f 975 960 959
f 977 978 976
f 976 978 979
f 981 977 980
f 980 977 976
f 980 982 981
f 981 982 983
f 985 983 984
f 984 983 982
f 984 986 985
f 985 986 987
f 989 990 988
f 988 990 991
f 993 994 992
f 992 994 995
f 997 998 996
f 996 998 999
f 1001 1002 1000
f 1000 1002 1003
f 1005 1006 1004
f 1004 1006 1007
f 1004 1008 1005
f 1005 1008 1009
f 1008 1010 1009
f 1009 1010 1011
f 1013 1011 1012
f 1012 1011 1010
f 1014 1015 1017
f 1017 1015 1016
f 1019 1020 1018
f 1018 1020 1021
f 1022 1023 976
f 976 1023 980
f 1024 1025 982
f 982 1025 984
f 992 995 1026
f 1026 995 1027
f 956 955 1028
f 1028 955 1029
f 1030 1031 1033
f 1033 1031 1032
f 1010 1008 1034
f 1034 1008 1035
f 1008 1004 1035
f 1035 1004 1036
f 1037 1038 1002
f 1002 1038 1007
f 1002 1001 1037
f 1037 1001 1039
f 1040 1041 997
f 997 1041 998
f 1015 1014 1043
f 1043 1014 1042
f 1044 1045 1047
f 1047 1045 1046
f 1044 1020 1048
f 1048 1020 1049
f 1050 1051 1003
f 1003 1051 1000
f 1052 1050 1006
f 1006 1050 1003
f 1053 1054 1011
f 1011 1054 1009
f 1013 1045 1055
f 1055 1045 1056
f 1058 1059 1057
f 1057 1059 1060
f 1062 1063 1061
f 1061 1063 1064
f 1065 1066 1050
f 1050 1066 1051
f 1067 1065 1052
f 1052 1065 1050
f 1068 1069 1054
f 1054 1069 1070
f 1071 1068 1053
f 1053 1068 1054
f 1073 1071 1072
f 1072 1071 1074
f 1074 1071 1055
f 1055 1071 1053
f 1076 1077 1075
f 1075 1077 1078
f 1079 1080 1057
f 1057 1080 1058
f 1081 1082 1064
f 1064 1082 1061
f 1084 1085 1083
f 1083 1085 1086
f 1088 1089 1087
f 1087 1089 1090
f 1092 1093 1091
f 1091 1093 1094
f 1096 1097 1095
f 1095 1097 1098
f 1099 1100 1102
f 1102 1100 1101
f 1103 1104 1099
f 1099 1104 1100
f 1106 1107 1105
f 1105 1107 1108
f 1110 1111 1109
f 1109 1111 1112
f 1114 1115 1113
f 1113 1115 1116
f 1118 1119 1117
f 1117 1119 1077
f 1117 1120 1122
f 1122 1120 1121
f 1105 1123 1106
f 1106 1123 1124
f 1125 1126 1128
f 1128 1126 1127
f 1130 1131 1129
f 1129 1131 1132
f 1134 1135 1133
f 1133 1135 1114
f 1113 1136 1114
f 1114 1136 1133
f 1118 1137 1113
f 1113 1137 1136
f 1118 1117 1137
f 1137 1117 1122
f 1139 1140 1138
f 1138 1140 1141
f 1143 953 1142
f 1142 953 952
f 1145 957 1144
f 1144 957 956
f 1028 1146 956
f 956 1146 1144
f 1014 1147 1042
f 1042 1147 1148
f 1014 1017 1147
f 1147 1017 1149
f 1059 1058 1150
f 1150 1058 1151
f 1153 1080 1152
f 1152 1080 1154
f 1156 1088 1155
f 1155 1088 1087
f 1157 1158 1106
f 1106 1158 1107
f 1106 1124 1157
f 1157 1124 1159
f 1161 1162 1160
f 1160 1162 1163
f 1165 1166 1164
f 1164 1166 1167
f 1168 1031 1012
f 1012 1031 1046
f 1024 1023 1035
f 1035 1023 1034
f 1036 1038 1025
f 1025 1038 1169
f 1170 1171 1039
f 1039 1171 1037
f 1028 1029 1042
f 1042 1029 1043
f 1172 1173 1175
f 1175 1173 1174
f 1055 1053 1013
f 1013 1053 1011
f 1005 1009 1070
f 1070 1009 1054
f 996 999 1062
f 1062 999 1063
f 1016 1060 1017
f 1017 1060 1059
f 1017 1059 1149
f 1149 1059 1150
f 1177 1178 1176
f 1176 1178 1103
f 1176 1072 1179
f 1179 1072 1074
f 1073 1102 1086
f 1086 1102 1083
f 1180 1181 1067
f 1067 1181 1065
f 1182 1183 1184
f 1184 1183 1181
f 1186 1187 1185
f 1185 1187 1188
f 1189 1190 798
f 798 1190 799
f 1192 1193 1191
f 1191 1193 1194
f 1195 1196 1194
f 1194 1196 1191
f 1196 1195 1198
f 1198 1195 1197
f 1200 674 1199
f 1199 674 673
f 928 1201 1203
f 1203 1201 1202
f 861 1204 862
f 862 1204 921
f 1205 1206 913
f 913 1206 1207
f 882 1208 879
f 879 1208 1209
f 1210 1211 1167
f 1167 1211 1164
f 1212 769 1213
f 1213 769 768
f 727 1214 728
f 728 1214 1215
f 1217 1218 1216
f 1216 1218 1219
f 1220 813 1221
f 1221 813 812
f 827 828 427
f 427 828 454
f 1223 1224 1222
f 1222 1224 1165
f 1226 1227 1225
f 1225 1227 1228
f 851 1229 848
f 848 1229 1230
f 834 854 835
f 835 854 1231
f 1233 1234 1232
f 1232 1234 1235
f 1237 751 1236
f 1236 751 750
f 743 819 1238
f 1238 819 821
f 1240 1241 1239
f 1239 1241 1242
f 1244 1245 1243
f 1243 1245 1246
f 844 1247 841
f 841 1247 1248
f 1250 1251 1249
f 1249 1251 1252
f 1254 893 1253
f 1253 893 1237
f 1255 1256 1258
f 1258 1256 1257
f 1260 1261 1259
f 1259 1261 1262
f 945 903 855
f 855 903 852
f 855 1263 945
f 945 1263 1264
f 832 845 801
f 801 845 803
f 800 721 803
f 803 721 801
f 721 800 722
f 722 800 799
f 1266 1267 1265
f 1265 1267 1268
f 1270 795 1269
f 1269 795 726
f 725 1271 726
f 726 1271 1269
f 737 765 738
f 738 765 764
f 759 740 760
f 760 740 739
f 717 1272 1274
f 1274 1272 1273
f 1163 1226 1275
f 1275 1226 1225
f 1277 882 1276
f 1276 882 881
f 1041 1040 1027
f 1027 1040 1026
f 900 935 901
f 901 935 934
f 1164 1278 1165
f 1165 1278 1222
f 1211 1279 1164
f 1164 1279 1278
f 442 1280 453
f 453 1280 1281
f 788 1282 785
f 785 1282 1283
f 1285 1286 1284
f 1284 1286 1287
f 1284 1288 1285
f 1285 1288 1289
f 757 1289 754
f 754 1289 1288
f 605 604 675
f 675 604 676
f 1290 1291 1293
f 1293 1291 1292
f 1295 1296 1294
f 1294 1296 1297
f 696 699 694
f 694 699 931
f 1298 1299 592
f 592 1299 589
f 1299 1300 589
f 589 1300 700
f 1300 1301 700
f 700 1301 701
f 743 745 819
f 819 745 805
f 1303 1304 1302
f 1302 1304 1305
f 1306 1307 1305
f 1305 1307 1302
f 609 1298 610
f 610 1298 592
f 587 822 588
f 588 822 1308
f 703 588 1309
f 1309 588 1308
f 1310 703 571
f 571 703 1309
f 1311 1312 789
f 789 1312 790
f 825 223 1313
f 1313 223 220
f 219 1314 220
f 220 1314 1313
f 1315 1316 1311
f 1311 1316 1312
f 1317 1318 1319
f 1319 1318 1241
f 441 1320 442
f 442 1320 1280
f 1321 217 572
f 572 217 216
f 1323 1230 1322
f 1322 1230 1229
f 1324 1325 631
f 631 1325 656
f 1034 1168 1010
f 1010 1168 1012
f 1327 1328 1326
f 1326 1328 1329
f 1331 1202 1330
f 1330 1202 1201
f 571 1309 572
f 572 1309 1321
f 573 572 1332
f 1332 572 216
f 1334 1335 1333
f 1333 1335 1336
f 1337 1338 918
f 918 1338 859
f 1339 863 1340
f 1340 863 866
f 1341 1342 1344
f 1344 1342 1343
f 1345 1346 919
f 919 1346 920
f 1347 1348 673
f 673 1348 1199
f 693 1349 928
f 928 1349 1201
f 1351 1257 1350
f 1350 1257 1256
f 1350 1352 1351
f 1351 1352 1353
f 653 930 654
f 654 930 662
f 1279 1354 1278
f 1278 1354 1355
f 1357 1358 1356
f 1356 1358 1359
f 937 1360 1140
f 1140 1360 1361
f 1225 1228 909
f 909 1228 964
f 901 934 1362
f 1362 934 1139
f 1364 1365 1363
f 1363 1365 1362
f 1367 912 1366
f 1366 912 911
f 1143 1142 1368
f 1368 1142 1369
f 1144 1186 1145
f 1145 1186 1185
f 1146 1175 1144
f 1144 1175 1186
f 1175 1146 1172
f 1172 1146 1148
f 1147 1018 1148
f 1148 1018 1172
f 1018 1147 1019
f 1019 1147 1149
f 1149 1150 1019
f 1019 1150 1370
f 1150 1151 1370
f 1370 1151 1371
f 1151 1153 1371
f 1371 1153 1177
f 1152 1156 1178
f 1178 1156 1372
f 1155 1158 1373
f 1373 1158 1374
f 1157 1159 1376
f 1376 1159 1375
f 1378 1379 1377
f 1377 1379 1380
f 1382 1383 1381
f 1381 1383 1384
f 1382 1386 1385
f 1385 1386 1387
f 1386 1233 1387
f 1387 1233 1232
f 1389 1390 1388
f 1388 1390 1391
f 1393 1394 1392
f 1392 1394 1395
f 1397 1398 1396
f 1396 1398 1399
f 629 1397 630
f 630 1397 1396
f 1342 1400 1343
f 1343 1400 1401
f 1403 1404 1402
f 1402 1404 1405
f 1407 1408 1406
f 1406 1408 1409
f 1411 1412 1410
f 1410 1412 1413
f 793 1414 794
f 794 1414 1415
f 1417 1341 1416
f 1416 1341 1344
f 704 705 1347
f 1347 705 1418
f 741 1419 742
f 742 1419 1420
f 1422 669 1421
f 1421 669 672
f 645 1423 646
f 646 1423 1424
f 1196 1198 614
f 614 1198 611
f 613 1425 614
f 614 1425 1426
f 1427 616 659
f 659 616 660
f 614 1426 1196
f 1196 1426 1191
f 696 594 697
f 697 594 590
f 697 590 700
f 700 590 589
f 703 1310 702
f 702 1310 1428
f 1421 672 1192
f 1192 672 689
f 1271 648 1269
f 1269 648 622
f 621 1270 622
f 622 1270 1269
f 1429 1430 1417
f 1417 1430 1341
f 1431 1432 1434
f 1434 1432 1433
f 1436 1437 1435
f 1435 1437 1438
f 1440 1441 1439
f 1439 1441 1442
f 1443 1444 1446
f 1446 1444 1445
f 823 809 938
f 938 809 817
f 810 1447 811
f 811 1447 1448
f 1449 1450 679
f 679 1450 706
f 913 916 1205
f 1205 916 1451
f 1275 1225 912
f 912 1225 909
f 1452 1453 880
f 880 1453 881
f 1444 1401 1445
f 1445 1401 1400
f 936 1454 937
f 937 1454 1360
f 824 1455 810
f 810 1455 1447
f 631 656 632
f 632 656 655
f 966 1456 967
f 967 1456 1457
f 1459 1460 1458
f 1458 1460 1461
f 1460 1462 1461
f 1461 1462 1463
f 972 974 973
f 973 974 975
f 990 995 991
f 991 995 994
f 1464 1187 1033
f 1033 1187 1174
f 1018 1021 1172
f 1172 1021 1173
f 1000 999 1001
f 1001 999 998
f 976 979 1022
f 1022 979 1032
f 1023 1024 980
f 980 1024 982
f 989 986 1171
f 1171 986 1169
f 1171 1170 989
f 989 1170 990
f 1170 1027 990
f 990 1027 995
f 1041 1039 998
f 998 1039 1001
f 1051 1063 1000
f 1000 1063 999
f 1066 1064 1051
f 1051 1064 1063
f 1183 1081 1066
f 1066 1081 1064
f 1178 1372 1103
f 1103 1372 1104
f 1092 1091 1465
f 1465 1091 1182
f 1467 1465 1466
f 1466 1465 1468
f 1469 1470 1184
f 1184 1470 1468
f 1095 1098 1471
f 1471 1098 1101
f 1076 1374 1120
f 1120 1374 1376
f 1110 1472 1127
f 1127 1472 1132
f 1472 1473 1132
f 1132 1473 1129
f 1474 1475 1466
f 1466 1475 1473
f 1119 1118 1116
f 1116 1118 1113
f 1375 1121 1376
f 1376 1121 1120
f 1127 1132 1128
f 1128 1132 1131
f 1227 1476 1228
f 1228 1476 1361
f 1365 1477 1362
f 1362 1477 872
f 1478 1479 1323
f 1323 1479 1230
f 1480 1481 914
f 914 1481 915
f 913 1277 914
f 914 1277 1276
f 1168 1034 1022
f 1022 1034 1023
f 1035 1036 1024
f 1024 1036 1025
f 1039 1041 1170
f 1170 1041 1027
f 1042 1148 1028
f 1028 1148 1146
f 968 1459 969
f 969 1459 1458
f 1482 1483 664
f 664 1483 665
f 1485 1486 1484
f 1484 1486 1487
f 1489 1490 1488
f 1488 1490 1491
f 1492 1493 722
f 722 1493 634
f 1495 1496 1494
f 1494 1496 1497
f 1498 1207 1339
f 1339 1207 863
f 1224 1499 1165
f 1165 1499 1166
f 1160 1163 1500
f 1500 1163 1275
f 1500 877 1160
f 1160 877 1501
f 876 873 1502
f 1502 873 1479
f 945 1264 851
f 851 1264 1229
f 835 1231 839
f 839 1231 871
f 1503 1283 778
f 778 1283 1282
f 716 715 1505
f 1505 715 1504
f 1446 1445 1507
f 1507 1445 1506
f 779 792 1381
f 1381 792 791
f 1430 1409 1341
f 1341 1409 1342
f 1411 1429 1508
f 1508 1429 1417
f 635 1510 1509
f 1509 1510 1511
f 1377 1380 1315
f 1315 1380 1316
f 1445 1400 1506
f 1506 1400 1408
f 918 917 1336
f 1336 917 1333
f 1513 1514 1512
f 1512 1514 870
f 1515 1516 1363
f 1363 1516 1364
f 1453 1517 881
f 881 1517 1276
f 992 1518 993
f 993 1518 1519
f 1520 1029 1518
f 1518 1029 955
f 1520 1026 1521
f 1521 1026 1040
f 1522 1015 1521
f 1521 1015 1043
f 996 1523 997
f 997 1523 1522
f 1060 1016 1524
f 1524 1016 1523
f 1061 1525 1062
f 1062 1525 1524
f 1079 1527 1526
f 1526 1527 1528
f 1093 1529 1094
f 1094 1529 1528
f 1111 1530 1112
f 1112 1530 1531
f 1532 1533 1105
f 1105 1533 1123
f 934 937 1139
f 1139 937 1140
f 1138 1363 1139
f 1139 1363 1362
f 1534 1222 1355
f 1355 1222 1278
f 1535 1223 1534
f 1534 1223 1222
f 821 587 1238
f 1238 587 586
f 1319 711 1317
f 1317 711 1536
f 1538 1200 1537
f 1537 1200 1199
f 1508 1417 1539
f 1539 1417 1416
f 1540 1541 840
f 840 1541 837
f 1231 898 871
f 871 898 901
f 1500 1275 1367
f 1367 1275 912
f 1543 1379 1542
f 1542 1379 1395
f 1539 772 1508
f 1508 772 1544
f 1546 1403 1545
f 1545 1403 1402
f 1548 1549 1547
f 1547 1549 1550
f 1552 1548 1551
f 1551 1548 1547
f 1554 1555 1553
f 1553 1555 1556
f 1558 1559 1557
f 1557 1559 1560
f 1562 1563 1561
f 1561 1563 1564
f 1566 1567 1565
f 1565 1567 1568
f 1570 1571 1569
f 1569 1571 1572
f 1574 1575 1573
f 1573 1575 1576
f 1577 1578 1572
f 1572 1578 1569
f 1580 1581 1579
f 1579 1581 1582
f 1584 1585 1583
f 1583 1585 1586
f 1588 1555 1587
f 1587 1555 1589
f 1591 1592 1590
f 1590 1592 1593
f 1595 1596 1594
f 1594 1596 1597
f 1596 1581 1597
f 1597 1581 1576
f 1599 1570 1598
f 1598 1570 1569
f 1601 1602 1600
f 1600 1602 1603
f 1605 1606 1604
f 1604 1606 1607
f 1608 1609 1568
f 1568 1609 1565
f 1611 1612 1610
f 1610 1612 1613
f 1615 1616 1614
f 1614 1616 1617
f 1619 1617 1618
f 1618 1617 1616
f 1621 1622 1620
f 1620 1622 1623
f 1625 1626 1624
f 1624 1626 1627
f 1629 1630 1628
f 1628 1630 1631
f 1633 1634 1632
f 1632 1634 1635
f 1636 1637 1639
f 1639 1637 1638
f 1641 1642 1640
f 1640 1642 1643
f 1624 1627 1644
f 1644 1627 1645
f 1647 1648 1646
f 1646 1648 1649
f 1651 1652 1650
f 1650 1652 1653
f 1655 1656 1654
f 1654 1656 1657
f 1659 1660 1658
f 1658 1660 1661
f 1662 1663 1631
f 1631 1663 1628
f 1651 1665 1664
f 1664 1665 1666
f 1667 1656 1619
f 1619 1656 1617
f 1669 1670 1668
f 1668 1670 1671
f 1632 1635 1672
f 1672 1635 1673
f 1674 1675 1638
f 1638 1675 1639
f 1677 1678 1676
f 1676 1678 1679
f 1680 1640 1681
f 1681 1640 1643
f 1682 1683 1643
f 1643 1683 1681
f 1670 1669 1235
f 1235 1669 1232
f 1396 1399 1674
f 1674 1399 1675
f 627 630 1679
f 1679 630 1676
f 1681 1315 1680
f 1680 1315 1311
f 1683 1377 1681
f 1681 1377 1315
f 1672 1673 1387
f 1387 1673 1385
f 1636 1684 1646
f 1646 1684 1685
f 1687 1688 1686
f 1686 1688 1689
f 1585 1690 1586
f 1586 1690 1691
f 1599 1692 1551
f 1551 1692 1693
f 1552 1558 1694
f 1694 1558 1557
f 1696 1615 1695
f 1695 1615 1614
f 1698 1699 1697
f 1697 1699 1623
f 1700 1701 1703
f 1703 1701 1702
f 1705 1706 1704
f 1704 1706 1707
f 1708 1709 1640
f 1640 1709 1641
f 1710 1711 1713
f 1713 1711 1712
f 1652 1655 1653
f 1653 1655 1654
f 1714 1699 1712
f 1712 1699 1713
f 1715 1710 1716
f 1716 1710 1713
f 1717 1708 1680
f 1680 1708 1640
f 1393 1392 1715
f 1715 1392 1710
f 1719 1720 1718
f 1718 1720 1721
f 1680 1311 1717
f 1717 1311 789
f 1378 1711 1392
f 1392 1711 1710
f 1388 1391 1719
f 1719 1391 1720
f 1723 1606 1722
f 1722 1606 1689
f 1725 1568 1724
f 1724 1568 1567
f 1726 1647 1685
f 1685 1647 1646
f 1728 1554 1727
f 1727 1554 1553
f 1591 1687 1600
f 1600 1687 1686
f 1730 1595 1729
f 1729 1595 1594
f 1601 1605 1731
f 1731 1605 1604
f 1733 1663 1732
f 1732 1663 1734
f 1736 1639 1735
f 1735 1639 1675
f 1658 1644 1737
f 1737 1644 1645
f 1726 1662 1724
f 1724 1662 1631
f 1399 1738 1675
f 1675 1738 1735
f 1621 1667 1739
f 1739 1667 1619
f 1714 1740 1620
f 1620 1740 1741
f 1592 1549 1593
f 1593 1549 1742
f 1602 1571 1603
f 1603 1571 1550
f 1688 1690 1689
f 1689 1690 1722
f 1588 1559 1582
f 1582 1559 1579
f 1673 1735 1385
f 1385 1735 1738
f 1387 1232 1672
f 1672 1232 1669
f 1580 1692 1573
f 1573 1692 1743
f 1377 1683 1378
f 1378 1683 1711
f 1664 1666 1744
f 1744 1666 1745
f 1744 1696 1664
f 1664 1696 1695
f 1746 1747 1732
f 1732 1747 1748
f 1749 1750 1677
f 1677 1750 1678
f 1709 1708 1750
f 1750 1708 1678
f 1668 1632 1669
f 1669 1632 1672
f 1633 1746 1734
f 1734 1746 1732
f 1679 1678 1717
f 1717 1678 1708
f 789 627 1717
f 1717 627 1679
f 1563 1723 1564
f 1564 1723 1722
f 1728 1584 1751
f 1751 1584 1583
f 1674 1676 1396
f 1396 1676 630
f 1666 1566 1745
f 1745 1566 1565
f 1627 1629 1645
f 1645 1629 1628
f 1637 1749 1638
f 1638 1749 1677
f 1648 1665 1649
f 1649 1665 1752
f 1740 1642 1741
f 1741 1642 1657
f 1676 1674 1677
f 1677 1674 1638
f 1683 1682 1711
f 1711 1682 1712
f 1618 1753 1619
f 1619 1753 1739
f 1701 1739 1702
f 1702 1739 1753
f 1754 1214 1756
f 1756 1214 1755
f 647 1757 619
f 619 1757 941
f 1759 1193 1758
f 1758 1193 691
f 1419 1760 1420
f 1420 1760 1761
f 682 1762 683
f 683 1762 1763
f 1412 780 1413
f 1413 780 1384
f 1383 1398 1384
f 1384 1398 1413
f 1197 1424 1764
f 1764 1424 1423
f 1537 1287 1538
f 1538 1287 1286
f 1634 1684 1635
f 1635 1684 1736
f 1724 1631 1725
f 1725 1631 1630
f 1562 1730 1610
f 1610 1730 1729
f 1735 1673 1736
f 1736 1673 1635
f 1757 1195 941
f 941 1195 1194
f 1766 200 1765
f 1765 200 199
f 475 500 476
f 476 500 479
f 498 558 483
f 483 558 487
f 545 551 546
f 546 551 550
f 453 1281 219
f 219 1281 1314
f 298 453 208
f 208 453 219
f 368 1765 1767
f 1767 1765 199
f 523 405 363
f 363 405 404
f 523 533 405
f 405 533 402
f 298 208 299
f 299 208 207
f 299 207 176
f 176 207 300
f 176 300 173
f 173 300 202
f 173 202 174
f 174 202 201
f 1337 918 1768
f 1768 918 1336
f 1769 1770 1338
f 1338 1770 859
f 581 570 578
f 578 570 1771
f 555 562 580
f 580 562 561
f 504 1772 501
f 501 1772 548
f 517 542 584
f 584 542 543
f 515 514 516
f 516 514 544
f 542 517 544
f 544 517 516
f 561 575 580
f 580 575 581
f 575 569 581
f 581 569 570
f 501 548 1773
f 1773 548 547
f 1774 1775 570
f 570 1775 1771
f 369 368 1776
f 1776 368 1767
f 372 369 375
f 375 369 1776
f 822 1280 1308
f 1308 1280 1320
f 820 1281 822
f 822 1281 1280
f 818 1314 820
f 820 1314 1281
f 1314 818 1313
f 1313 818 804
f 807 814 825
f 825 814 826
f 814 813 826
f 826 813 827
f 813 1220 827
f 827 1220 828
f 580 579 555
f 555 579 547
f 1477 1540 872
f 872 1540 840
f 367 499 368
f 368 499 1765
f 1766 1765 525
f 525 1765 499
f 1777 1766 526
f 526 1766 525
f 520 527 362
f 362 527 384
f 361 1778 519
f 519 1778 528
f 371 1779 372
f 372 1779 369
f 369 1779 370
f 370 1779 478
f 1779 371 478
f 478 371 374
f 1778 1777 528
f 528 1777 526
f 1781 1782 1780
f 1780 1782 1783
f 431 460 67
f 67 460 64
f 68 338 74
f 74 338 72
f 1785 1782 1784
f 1784 1782 1786
f 1787 1788 1790
f 1790 1788 1789
f 1792 1789 1791
f 1791 1789 1793
f 1791 1794 1792
f 1792 1794 1795
f 1794 1796 1795
f 1795 1796 1797
f 1797 1798 938
f 938 1798 868
f 1798 1799 868
f 868 1799 869
f 1801 1802 1800
f 1800 1802 1451
f 1803 1804 1205
f 1205 1804 1206
f 1805 1806 864
f 864 1806 865
f 1806 1807 865
f 865 1807 1808
f 68 71 338
f 287 328 288
f 1320 1321 1308
f 1308 1321 1309
f 1320 441 1321
f 1321 441 217
f 441 152 217
f 217 152 218
f 151 286 152
f 152 286 218
f 297 310 151
f 151 310 286
f 296 307 297
f 297 307 310
f 296 143 307
f 307 143 284
f 143 56 284
f 284 56 104
f 56 59 104
f 104 59 63
f 59 102 63
f 63 102 60
f 102 94 60
f 60 94 282
f 93 459 279
f 279 459 77
f 459 460 77
f 77 460 78
f 460 431 78
f 78 431 295
f 431 49 295
f 295 49 292
f 48 421 49
f 49 421 292
f 276 278 418
f 418 278 429
f 317 432 278
f 278 432 429
f 432 317 433
f 433 317 316
f 326 324 316
f 316 324 433
f 1536 592 1809
f 1809 592 591
f 1810 744 1812
f 1812 744 1811
f 1814 1815 1813
f 1813 1815 1816
f 1817 748 1818
f 1818 748 747
f 1812 1819 1810
f 1810 1819 1817
f 1820 1821 748
f 748 1821 749
f 1823 1824 1822
f 1822 1824 1825
f 1827 1828 1826
f 1826 1828 1829
f 1831 1832 1830
f 1830 1832 1833
f 1834 1827 1243
f 1243 1827 1826
f 1313 804 825
f 825 804 807
f 1835 1253 1236
f 1236 1253 1237
f 1836 1837 1438
f 1438 1837 1435
f 1838 1505 1840
f 1840 1505 1839
f 1841 1842 716
f 716 1842 713
f 1843 1844 1510
f 1510 1844 1845
f 1847 1848 1846
f 1846 1848 1849
f 1850 1240 1822
f 1822 1240 1239
f 636 1831 637
f 637 1831 1830
f 1852 1853 1851
f 1851 1853 1854
f 1855 1856 1858
f 1858 1856 1857
f 1846 1849 1859
f 1859 1849 1860
f 1343 1401 1509
f 1509 1401 1861
f 1509 1861 635
f 635 1861 636
f 1863 1864 1862
f 1862 1864 1865
f 1283 1503 1867
f 1867 1503 1866
f 1868 1867 681
f 681 1867 682
f 1286 1285 683
f 683 1285 684
f 757 756 1274
f 1274 756 1869
f 1274 1869 717
f 717 1869 718
f 1434 1433 719
f 719 1433 720
f 1200 1538 1545
f 1545 1538 1763
f 1285 1289 684
f 684 1289 1273
f 684 1273 681
f 681 1273 1272
f 785 1283 1868
f 1868 1283 1867
f 786 785 1870
f 1870 785 1868
f 1289 757 1273
f 1273 757 1274
f 1539 1416 1871
f 1871 1416 1872
f 773 1871 1403
f 1403 1871 1404
f 675 674 1405
f 1405 674 1402
f 1864 1873 1865
f 1865 1873 1874
f 638 1843 635
f 635 1843 1510
f 1344 1343 1511
f 1511 1343 1509
f 772 1539 773
f 773 1539 1871
f 674 1200 1402
f 1402 1200 1545
f 1538 1286 1763
f 1763 1286 683
f 1444 1443 1875
f 1875 1443 1876
f 1875 1876 1831
f 1831 1876 1832
f 1416 1344 1872
f 1872 1344 1511
f 1877 1878 774
f 774 1878 1879
f 1878 1847 1879
f 1879 1847 1846
f 1880 714 1881
f 1881 714 1848
f 1401 1444 1861
f 1861 1444 1875
f 1861 1875 636
f 636 1875 1831
f 1823 1863 1882
f 1882 1863 1862
f 1441 1440 1884
f 1884 1440 1883
f 1883 1852 1884
f 1884 1852 1851
f 1886 1887 1885
f 1885 1887 1888
f 1358 1889 1359
f 1359 1889 1890
f 1891 1886 1892
f 1892 1886 1885
f 774 1879 775
f 775 1879 1893
f 1859 1893 1846
f 1846 1893 1879
f 713 1842 1849
f 1849 1842 1860
f 1318 1895 1894
f 1894 1895 1896
f 1873 1897 1874
f 1874 1897 1898
f 1898 605 1899
f 1899 605 675
f 1405 1844 675
f 675 1844 1899
f 1404 1845 1405
f 1405 1845 1844
f 593 1296 591
f 591 1296 1809
f 1295 1292 1900
f 1900 1292 1895
f 606 1897 1291
f 1291 1897 1896
f 1510 1845 1511
f 1511 1845 1872
f 1871 1872 1404
f 1404 1872 1845
f 1866 770 1762
f 1762 770 1546
f 1762 682 1866
f 1866 682 1867
f 1870 1868 1272
f 1272 1868 681
f 1272 717 1870
f 1870 717 720
f 1870 720 786
f 786 720 1433
f 786 1433 787
f 787 1433 1432
f 1261 1414 1432
f 1432 1414 787
f 1389 1234 1260
f 1260 1234 1415
f 1719 1670 1388
f 1388 1670 1235
f 1718 1671 1719
f 1719 1671 1670
f 1705 1747 1718
f 1718 1747 1671
f 1659 1901 1704
f 1704 1901 1748
f 1877 1903 1902
f 1902 1903 1904
f 1259 1905 1390
f 1390 1905 1394
f 1715 1720 1393
f 1393 1720 1391
f 1716 1721 1715
f 1715 1721 1720
f 1698 1706 1716
f 1716 1706 1721
f 277 276 47
f 47 276 48
f 84 96 81
f 81 96 82
f 80 70 81
f 81 70 85
f 99 97 88
f 88 97 89
f 90 100 88
f 88 100 99
f 101 95 102
f 102 95 94
f 1906 1907 280
f 280 1907 281
f 97 86 89
f 89 86 85
f 60 282 61
f 61 282 281
f 83 82 46
f 46 82 47
f 293 292 420
f 420 292 421
f 419 1908 420
f 420 1908 1909
f 92 95 91
f 91 95 90
f 279 282 93
f 93 282 94
f 276 418 48
f 48 418 421
f 1910 1660 1697
f 1697 1660 1707
f 1703 1624 1700
f 1700 1624 1644
f 1622 1910 1623
f 1623 1910 1697
f 1701 1700 1911
f 1911 1700 1661
f 1700 1644 1661
f 1661 1644 1658
f 1901 1737 1733
f 1733 1737 1645
f 1625 1912 1604
f 1604 1912 1731
f 1912 1913 1731
f 1731 1913 1914
f 1913 1577 1914
f 1914 1577 1572
f 1915 1578 1616
f 1616 1578 1618
f 1915 1916 1598
f 1598 1916 1743
f 1916 1574 1743
f 1743 1574 1573
f 1575 1917 1576
f 1576 1917 1597
f 1917 1609 1597
f 1597 1609 1594
f 1608 1611 1729
f 1729 1611 1610
f 1918 1612 1629
f 1629 1612 1630
f 1626 1918 1627
f 1627 1918 1629
f 1920 1921 1919
f 1919 1921 1922
f 1920 1924 1923
f 1923 1924 1925
f 1926 1927 1924
f 1924 1927 1925
f 1929 1930 1928
f 1928 1930 1931
f 1932 1933 1935
f 1935 1933 1934
f 1937 1938 1936
f 1936 1938 1939
f 1941 1942 1940
f 1940 1942 1943
f 1941 1945 1944
f 1944 1945 1946
f 1947 1948 1694
f 1694 1948 1949
f 1950 1951 1953
f 1953 1951 1952
f 1955 1956 1954
f 1954 1956 1589
f 1958 1956 1957
f 1957 1956 1932
f 1960 1934 1959
f 1959 1934 1933
f 1962 1963 1961
f 1961 1963 1964
f 1965 1955 1751
f 1751 1955 1954
f 1935 1930 1932
f 1932 1930 1957
f 1951 1950 1926
f 1926 1950 1929
f 1966 1967 1593
f 1593 1967 1590
f 1969 1967 1968
f 1968 1967 1964
f 1962 1921 1970
f 1970 1921 1971
f 1963 1945 1964
f 1964 1945 1968
f 1972 1948 1922
f 1922 1948 1919
f 1966 1972 1961
f 1961 1972 1922
f 1958 1953 1587
f 1587 1953 1560
f 1974 1975 1973
f 1973 1975 1976
f 1978 1979 1977
f 1977 1979 1691
f 1979 1975 1691
f 1691 1975 1586
f 1938 1942 1939
f 1939 1942 1980
f 1952 1947 1557
f 1557 1947 1694
f 1969 1978 1981
f 1981 1978 1977
f 1983 1984 1982
f 1982 1984 1985
f 1986 1987 1989
f 1989 1987 1988
f 1990 1991 1983
f 1983 1991 1984
f 1990 1993 1992
f 1992 1993 1994
f 1995 1996 1994
f 1994 1996 1997
f 1999 2000 1998
f 1998 2000 2001
f 2003 2004 2002
f 2002 2004 2005
f 2007 2008 2006
f 2006 2008 2009
f 2011 2012 2010
f 2010 2012 2013
f 2014 2015 2017
f 2017 2015 2016
f 2018 2019 2021
f 2021 2019 2020
f 2022 1989 2024
f 2024 1989 2023
f 1989 1988 2023
f 2023 1988 2025
f 2026 2027 2017
f 2017 2027 2014
f 2029 2030 2028
f 2028 2030 2031
f 2033 2034 2032
f 2032 2034 2035
f 2032 2035 2036
f 2036 2035 2037
f 2039 2040 2038
f 2038 2040 2041
f 1982 2042 1983
f 1983 2042 2043
f 2045 2046 2044
f 2044 2046 2047
f 2049 2050 2048
f 2048 2050 2051
f 2053 2054 2052
f 2052 2054 2055
f 2057 2058 2056
f 2056 2058 2059
f 2060 2061 2033
f 2033 2061 2034
f 2063 2064 2062
f 2062 2064 2065
f 2066 2035 2067
f 2067 2035 2034
f 2069 2039 2068
f 2068 2039 2038
f 2025 2070 2023
f 2023 2070 2071
f 2072 2024 2071
f 2071 2024 2023
f 2074 2020 2073
f 2073 2020 2019
f 2050 2049 2047
f 2047 2049 2075
f 1983 2043 1990
f 1990 2043 1993
f 2006 2050 2007
f 2007 2050 2076
f 2050 2006 2051
f 2051 2006 2077
f 2079 2080 2078
f 2078 2080 2081
f 2082 2083 2085
f 2085 2083 2084
f 2010 2013 2086
f 2086 2013 2087
f 2089 2033 2088
f 2088 2033 2032
f 2090 2060 2089
f 2089 2060 2033
f 2092 2093 2091
f 2091 2093 2094
f 2096 1986 2095
f 2095 1986 2097
f 2097 1986 2022
f 2022 1986 1989
f 2015 2094 2016
f 2016 2094 2098
f 2016 2098 2100
f 2100 2098 2099
f 2017 2016 2101
f 2101 2016 2100
f 2017 2101 2026
f 2026 2101 2102
f 2100 2099 2104
f 2104 2099 2103
f 2104 2105 2100
f 2100 2105 2101
f 2105 2106 2101
f 2101 2106 2102
f 2108 2061 2107
f 2107 2061 2109
f 2111 2112 2110
f 2110 2112 2020
f 2020 2074 2110
f 2110 2074 2113
f 2115 2116 2114
f 2114 2116 2117
f 2118 2119 1995
f 1995 2119 2120
f 2121 2122 2027
f 2027 2122 2014
f 2047 2075 2044
f 2044 2075 2123
f 2124 2125 2127
f 2127 2125 2126
f 2129 2130 2128
f 2128 2130 2131
f 2132 2133 2057
f 2057 2133 2058
f 2134 1999 2136
f 2136 1999 2135
f 2055 2138 2137
f 2137 2138 2139
f 2141 2142 2140
f 2140 2142 2143
f 2083 2082 2064
f 2064 2082 2065
f 2082 2144 2065
f 2065 2144 2145
f 2040 2146 2041
f 2041 2146 2147
f 2060 2090 2148
f 2148 2090 2149
f 2048 2051 2137
f 2137 2051 2150
f 2151 1997 2135
f 2135 1997 1996
f 2152 2150 2077
f 2077 2150 2051
f 2046 2045 2118
f 2118 2045 2119
f 2154 2155 2153
f 2153 2155 2156
f 2158 2159 2157
f 2157 2159 2160
f 2162 2163 2161
f 2161 2163 2164
f 2164 2163 2165
f 2165 2163 2166
f 2168 2169 2167
f 2167 2169 2170
f 2003 2172 2171
f 2171 2172 2173
f 2174 2175 2002
f 2002 2175 2176
f 2145 2177 2065
f 2065 2177 2062
f 2178 2179 2180
f 2180 2179 2134
f 2181 2052 2152
f 2152 2052 2150
f 2040 2127 2146
f 2146 2127 2182
f 2130 2162 2131
f 2131 2162 2161
f 2052 2055 2150
f 2150 2055 2137
f 2184 2185 2183
f 2183 2185 2186
f 2159 2030 2160
f 2160 2030 2187
f 2146 2182 2029
f 2029 2182 2188
f 2189 2190 2192
f 2192 2190 2191
f 2172 2003 2176
f 2176 2003 2002
f 1998 2151 1999
f 1999 2151 2135
f 2177 2172 2062
f 2062 2172 2176
f 2172 2177 2173
f 2173 2177 2193
f 2063 2194 2064
f 2064 2194 2195
f 2066 2197 2196
f 2196 2197 2198
f 2002 2005 2174
f 2174 2005 2199
f 2004 2003 2200
f 2200 2003 2171
f 2198 2201 2171
f 2171 2201 2200
f 2197 2202 2198
f 2198 2202 2201
f 2202 2197 2203
f 2203 2197 2204
f 2196 2198 2173
f 2173 2198 2171
f 2205 2069 2170
f 2170 2069 2206
f 2197 2066 2204
f 2204 2066 2067
f 2107 2207 2108
f 2108 2207 2208
f 2210 2208 2209
f 2209 2208 2207
f 2185 2211 2212
f 2213 2214 2211
f 2211 2214 2212
f 1998 2001 2213
f 2213 2001 2214
f 2134 2215 1999
f 1999 2215 2000
f 2216 2217 2219
f 2219 2217 2218
f 2206 2220 2170
f 2170 2220 2167
f 2069 2068 2206
f 2206 2068 2221
f 2151 1998 2222
f 2222 1998 2213
f 2124 2039 2205
f 2205 2039 2069
f 2142 2223 2143
f 2143 2223 2128
f 2203 2186 2202
f 2202 2186 2185
f 2185 2184 2211
f 2211 2184 2224
f 2224 2225 2222
f 2222 2225 2226
f 2071 2227 2072
f 2072 2227 2228
f 2229 2074 2230
f 2230 2074 2073
f 2074 2229 2113
f 2113 2229 2231
f 2232 2225 2227
f 2227 2225 2224
f 2233 2234 2031
f 2031 2234 2028
f 2236 2231 2235
f 2235 2231 2229
f 2230 2183 2229
f 2229 2183 2235
f 2237 1987 2096
f 2096 1987 1986
f 2152 2238 2181
f 2181 2238 2239
f 2080 2240 2081
f 2081 2240 2241
f 2236 2242 1971
f 1971 2242 1970
f 1925 2113 1923
f 1923 2113 2231
f 2110 1927 2111
f 2111 1927 1928
f 2103 2111 1931
f 1931 2111 1928
f 1931 2243 2103
f 2103 2243 2104
f 2105 2104 2244
f 2244 2104 2243
f 1939 1980 2148
f 2148 1980 2109
f 1980 1944 2109
f 2109 1944 2107
f 1946 2245 2207
f 2207 2245 2209
f 2245 1970 2209
f 2209 1970 2242
f 2231 2236 1923
f 1923 2236 1971
f 2113 1925 2110
f 2110 1925 1927
f 2234 2246 2028
f 2028 2246 2147
f 2247 2248 2058
f 2058 2248 2059
f 2114 2117 2249
f 2249 2117 2250
f 2252 2253 2251
f 2251 2253 2254
f 2094 2015 2091
f 2091 2015 2255
f 2256 2255 2014
f 2014 2255 2015
f 2257 2145 2258
f 2258 2145 2144
f 2131 2161 2123
f 2123 2161 2044
f 2045 2044 2164
f 2164 2044 2161
f 2045 2164 2119
f 2119 2164 2165
f 2259 2120 2165
f 2165 2120 2119
f 2260 2261 2259
f 2259 2261 2120
f 2205 2262 2124
f 2124 2262 2125
f 2180 2263 2178
f 2178 2263 2264
f 2265 2266 2092
f 2092 2266 2093
f 1992 2267 2268
f 2184 2228 2224
f 2224 2228 2227
f 2048 2269 2049
f 2049 2269 2141
f 2129 2168 2157
f 2157 2168 2167
f 2049 2141 2075
f 2075 2141 2140
f 2199 2215 2270
f 2270 2215 2271
f 2142 2141 2272
f 2272 2141 2269
f 2089 2026 2090
f 2090 2026 2102
f 2146 2029 2147
f 2147 2029 2028
f 2111 2103 2112
f 2112 2103 2099
f 2061 2060 2109
f 2109 2060 2148
f 2273 2274 2041
f 2041 2274 2038
f 2260 2275 2261
f 2261 2275 2136
f 2057 2138 2132
f 2132 2138 2276
f 2272 2269 2056
f 2056 2269 2139
f 2277 2278 2270
f 2270 2278 2199
f 2029 2188 2030
f 2030 2188 2187
f 2040 2039 2127
f 2127 2039 2124
f 2064 2195 2083
f 2083 2195 2279
f 2056 2139 2057
f 2057 2139 2138
f 2278 2277 2247
f 2247 2277 2248
f 2062 2176 2063
f 2063 2176 2175
f 2280 2210 2242
f 2242 2210 2209
f 2282 2233 2281
f 2281 2233 2031
f 2216 2219 2283
f 2283 2219 2221
f 2158 2220 2218
f 2218 2220 2219
f 2217 2282 2218
f 2218 2282 2281
f 2220 2158 2167
f 2167 2158 2157
f 2223 2264 2128
f 2128 2264 2263
f 2261 1996 2120
f 2120 1996 1995
f 2213 2211 2222
f 2222 2211 2224
f 2283 2221 2284
f 2284 2221 2068
f 2135 1996 2136
f 2136 1996 2261
f 2144 2081 2258
f 2258 2081 2241
f 2235 2280 2236
f 2236 2280 2242
f 2246 2273 2147
f 2147 2273 2041
f 2036 2285 2032
f 2032 2285 2088
f 2077 2286 2152
f 2152 2286 2238
f 1937 1960 1973
f 1973 1960 1959
f 2070 2232 2071
f 2071 2232 2227
f 2244 2287 2105
f 2105 2287 2106
f 1936 1939 2149
f 2149 1939 2148
f 1944 1946 2107
f 2107 1946 2207
f 2285 2121 2088
f 2088 2121 2027
f 2253 2249 2254
f 2254 2249 2250
f 2006 2009 2077
f 2077 2009 2286
f 2289 2086 2288
f 2288 2086 2087
f 2223 2142 2290
f 2290 2142 2272
f 2128 2131 2143
f 2143 2131 2123
f 2156 2291 2153
f 2153 2291 2175
f 2292 2293 2278
f 2278 2293 2294
f 2075 2140 2123
f 2123 2140 2143
f 2262 2169 2275
f 2275 2169 2180
f 2275 2180 2136
f 2136 2180 2134
f 2274 2284 2038
f 2038 2284 2068
f 2127 2126 2182
f 2182 2126 2166
f 2094 2093 2098
f 2098 2093 2021
f 2098 2021 2099
f 2099 2021 2112
f 2018 2021 2266
f 2266 2021 2093
f 2251 2289 2252
f 2252 2289 2288
f 1997 2151 2226
f 2226 2151 2222
f 2206 2221 2220
f 2220 2221 2219
f 2269 2048 2139
f 2139 2048 2137
f 2159 2158 2281
f 2281 2158 2218
f 2156 2155 2190
f 2190 2155 2191
f 1974 1965 1583
f 1583 1965 1751
f 2088 2027 2089
f 2089 2027 2026
f 2030 2159 2031
f 2031 2159 2281
f 2106 2149 2102
f 2102 2149 2090
f 2287 1936 2106
f 2106 1936 2149
f 2293 2154 2294
f 2294 2154 2153
f 2021 2020 2112
f 2247 2295 2278
f 2278 2295 2292
f 2284 2296 2283
f 2283 2296 2297
f 2298 2296 2274
f 2274 2296 2284
f 2273 2299 2274
f 2274 2299 2298
f 2246 2300 2273
f 2273 2300 2299
f 2283 2297 2216
f 2216 2297 2301
f 2216 2301 2217
f 2217 2301 2302
f 2302 2303 2217
f 2217 2303 2282
f 2304 2301 2305
f 2305 2301 2297
f 2307 2308 2306
f 2306 2308 2309
f 2306 2310 2307
f 2307 2310 2311
f 2307 2312 2308
f 2308 2312 2313
f 2314 2315 2312
f 2312 2315 2316
f 2316 2317 2312
f 2312 2317 2313
f 2317 2305 2313
f 2313 2305 2318
f 2314 2312 2311
f 2311 2312 2307
f 2319 2320 2322
f 2322 2320 2321
f 2322 2311 2319
f 2319 2311 2310
f 2313 2318 2308
f 2308 2318 2309
f 2296 2298 2318
f 2318 2298 2309
f 2309 2298 2323
f 2323 2298 2299
f 2306 2309 2324
f 2324 2309 2323
f 2310 2306 2325
f 2325 2306 2324
f 2296 2318 2297
f 2297 2318 2305
f 2319 2310 2326
f 2326 2310 2325
f 2328 2325 2327
f 2327 2325 2324
f 2325 2328 2326
f 2326 2328 2329
f 2331 2328 2330
f 2330 2328 2327
f 2332 2333 2327
f 2327 2333 2330
f 2328 2331 2329
f 2329 2331 2334
f 2324 2323 2327
f 2327 2323 2332
f 2300 2332 2299
f 2299 2332 2323
f 2326 2335 2319
f 2319 2335 2320
f 2305 2317 2336
f 2336 2317 2316
f 2336 2316 2337
f 2337 2316 2315
f 2338 2304 2336
f 2336 2304 2305
f 2337 2339 2336
f 2336 2339 2338
f 2337 2315 2341
f 2341 2315 2340
f 2342 2300 2234
f 2234 2300 2246
f 2303 2343 2282
f 2282 2343 2233
f 2234 2233 2342
f 2342 2233 2343
f 2342 2343 2333
f 2333 2343 2344
f 2333 2344 2330
f 2330 2344 2345
f 2346 2344 2303
f 2303 2344 2343
f 2332 2300 2333
f 2333 2300 2342
f 2347 2346 2302
f 2302 2346 2303
f 2301 2304 2302
f 2302 2304 2347
f 2304 2338 2347
f 2347 2338 2348
f 2348 2349 2347
f 2347 2349 2346
f 2350 2351 2348
f 2348 2351 2349
f 2349 2345 2346
f 2346 2345 2344
f 2345 2349 2352
f 2352 2349 2351
f 2338 2339 2348
f 2348 2339 2350
f 2350 2339 2353
f 2353 2339 2354
f 2356 2357 2355
f 2355 2357 2353
f 2351 2350 2357
f 2357 2350 2353
f 2353 2354 2355
f 2355 2354 2335
f 2320 2335 2341
f 2341 2335 2354
f 2339 2337 2354
f 2354 2337 2341
f 2352 2331 2345
f 2345 2331 2330
f 2356 2334 2352
f 2352 2334 2331
f 2356 2352 2357
f 2357 2352 2351
f 2355 2329 2356
f 2356 2329 2334
f 2335 2326 2355
f 2355 2326 2329
f 2321 2314 2322
f 2322 2314 2311
f 2321 2320 2340
f 2340 2320 2341
f 2315 2314 2340
f 2340 2314 2321
f 2125 2260 2126
f 2126 2260 2259
f 2157 2160 2129
f 2129 2160 2130
f 2188 2163 2187
f 2187 2163 2162
f 2182 2166 2188
f 2188 2166 2163
f 2180 2169 2263
f 2263 2169 2168
f 2160 2187 2130
f 2130 2187 2162
f 2275 2260 2262
f 2262 2260 2125
f 2128 2263 2129
f 2129 2263 2168
f 2262 2205 2169
f 2169 2205 2170
f 2165 2166 2259
f 2259 2166 2126
f 2359 2360 2358
f 2358 2360 2361
f 2363 2364 2362
f 2362 2364 2365
f 2367 2363 2366
f 2366 2363 2362
f 2368 2369 2371
f 2371 2369 2370
f 2372 2373 2248
f 2248 2373 2059
f 2364 2374 2365
f 2365 2374 2375
f 2377 2378 2376
f 2376 2378 2379
f 2290 2380 2223
f 2223 2380 2381
f 2223 2381 2264
f 2264 2381 2382
f 2384 2385 2383
f 2383 2385 2386
f 2364 2371 2374
f 2374 2371 2387
f 2059 2373 2290
f 2290 2373 2380
f 2378 2360 2379
f 2379 2360 2388
f 2374 2387 2359
f 2359 2387 2389
f 2390 2367 2386
f 2386 2367 2391
f 2393 2394 2392
f 2392 2394 2395
f 2386 2391 2383
f 2383 2391 2396
f 2367 2366 2391
f 2391 2366 2397
f 2363 2367 2368
f 2368 2367 2390
f 2398 2399 2361
f 2361 2399 2358
f 2399 2400 2358
f 2358 2400 2375
f 2390 2401 2368
f 2368 2401 2369
f 2372 2384 2376
f 2376 2384 2383
f 2374 2359 2375
f 2375 2359 2358
f 2402 2403 2365
f 2365 2403 2362
f 2359 2389 2360
f 2360 2389 2388
f 2364 2363 2371
f 2371 2363 2368
f 2405 2398 2404
f 2404 2398 2361
f 2392 2395 2406
f 2406 2395 2397
f 2377 2396 2394
f 2394 2396 2395
f 2394 2393 2404
f 2404 2393 2405
f 2396 2377 2383
f 2383 2377 2376
f 2406 2397 2407
f 2407 2397 2366
f 2400 2402 2375
f 2375 2402 2365
f 2385 2270 2401
f 2401 2270 2271
f 2403 2407 2362
f 2362 2407 2366
f 2371 2370 2387
f 2387 2370 2382
f 2391 2397 2396
f 2396 2397 2395
f 2378 2377 2404
f 2404 2377 2394
f 2360 2378 2361
f 2361 2378 2404
f 2407 2408 2406
f 2406 2408 2409
f 2410 2408 2403
f 2403 2408 2407
f 2411 2410 2402
f 2402 2410 2403
f 2412 2411 2400
f 2400 2411 2402
f 2406 2409 2392
f 2392 2409 2413
f 2392 2413 2393
f 2393 2413 2414
f 2415 2405 2414
f 2414 2405 2393
f 2416 2413 2417
f 2417 2413 2409
f 2419 2420 2418
f 2418 2420 2421
f 2420 2422 2421
f 2421 2422 2423
f 2420 2424 2422
f 2422 2424 2425
f 2426 2427 2424
f 2424 2427 2428
f 2428 2429 2424
f 2424 2429 2425
f 2426 2424 2419
f 2419 2424 2420
f 2419 2418 2431
f 2431 2418 2430
f 2425 2432 2422
f 2422 2432 2423
f 2408 2410 2432
f 2432 2410 2423
f 2423 2410 2433
f 2433 2410 2411
f 2421 2423 2434
f 2434 2423 2433
f 2435 2418 2434
f 2434 2418 2421
f 2429 2417 2425
f 2425 2417 2432
f 2408 2432 2409
f 2409 2432 2417
f 2418 2435 2430
f 2430 2435 2436
f 2438 2435 2437
f 2437 2435 2434
f 2435 2438 2436
f 2436 2438 2439
f 2441 2438 2440
f 2440 2438 2437
f 2442 2443 2437
f 2437 2443 2440
f 2439 2438 2444
f 2444 2438 2441
f 2433 2442 2434
f 2434 2442 2437
f 2412 2442 2411
f 2411 2442 2433
f 2436 2445 2430
f 2430 2445 2446
f 2430 2446 2431
f 2431 2446 2447
f 2417 2429 2448
f 2448 2429 2428
f 2427 2449 2428
f 2428 2449 2448
f 2450 2416 2448
f 2448 2416 2417
f 2451 2450 2449
f 2449 2450 2448
f 2427 2452 2449
f 2449 2452 2453
f 2447 2446 2452
f 2452 2446 2453
f 2454 2412 2399
f 2399 2412 2400
f 2415 2455 2405
f 2405 2455 2398
f 2399 2398 2454
f 2454 2398 2455
f 2454 2455 2443
f 2443 2455 2456
f 2443 2456 2440
f 2440 2456 2457
f 2458 2456 2415
f 2415 2456 2455
f 2443 2442 2454
f 2454 2442 2412
f 2459 2458 2414
f 2414 2458 2415
f 2413 2416 2414
f 2414 2416 2459
f 2459 2416 2460
f 2460 2416 2450
f 2460 2461 2459
f 2459 2461 2458
f 2462 2463 2460
f 2460 2463 2461
f 2461 2457 2458
f 2458 2457 2456
f 2457 2461 2464
f 2464 2461 2463
f 2451 2462 2450
f 2450 2462 2460
f 2462 2451 2465
f 2465 2451 2466
f 2468 2469 2467
f 2467 2469 2465
f 2463 2462 2469
f 2469 2462 2465
f 2465 2466 2467
f 2467 2466 2445
f 2446 2445 2453
f 2453 2445 2466
f 2451 2449 2466
f 2466 2449 2453
f 2464 2441 2457
f 2457 2441 2440
f 2468 2444 2464
f 2464 2444 2441
f 2468 2464 2469
f 2469 2464 2463
f 2467 2439 2468
f 2468 2439 2444
f 2445 2436 2467
f 2467 2436 2439
f 2447 2426 2431
f 2431 2426 2419
f 2427 2426 2452
f 2452 2426 2447
f 2369 2179 2370
f 2370 2179 2178
f 2376 2379 2372
f 2372 2379 2373
f 2389 2381 2388
f 2388 2381 2380
f 2387 2382 2389
f 2389 2382 2381
f 2270 2385 2277
f 2277 2385 2384
f 2379 2388 2373
f 2373 2388 2380
f 2401 2271 2369
f 2369 2271 2179
f 2248 2277 2372
f 2372 2277 2384
f 2401 2390 2385
f 2385 2390 2386
f 2264 2382 2178
f 2178 2382 2370
f 2215 2134 2271
f 2271 2134 2179
f 2005 2000 2199
f 2199 2000 2215
f 2004 2001 2005
f 2005 2001 2000
f 2200 2214 2004
f 2004 2214 2001
f 2470 2471 2473
f 2473 2471 2472
f 2475 2476 2474
f 2474 2476 2477
f 2479 2475 2478
f 2478 2475 2474
f 2481 2482 2480
f 2480 2482 2483
f 2476 2484 2477
f 2477 2484 2485
f 2487 2488 2486
f 2486 2488 2489
f 2133 2490 2058
f 2058 2490 2491
f 2058 2491 2247
f 2247 2491 2492
f 2494 2495 2493
f 2493 2495 2496
f 2476 2483 2484
f 2484 2483 2497
f 2472 2498 2488
f 2488 2498 2489
f 2484 2497 2471
f 2471 2497 2499
f 2500 2479 2496
f 2496 2479 2501
f 2502 2503 2505
f 2505 2503 2504
f 2496 2501 2493
f 2493 2501 2506
f 2479 2478 2501
f 2501 2478 2507
f 2475 2479 2480
f 2480 2479 2500
f 2508 2509 2473
f 2473 2509 2470
f 2509 2510 2470
f 2470 2510 2485
f 2511 2481 2500
f 2500 2481 2480
f 2512 2494 2486
f 2486 2494 2493
f 2485 2484 2470
f 2470 2484 2471
f 2513 2514 2477
f 2477 2514 2474
f 2471 2499 2472
f 2472 2499 2498
f 2476 2475 2483
f 2483 2475 2480
f 2516 2508 2515
f 2515 2508 2473
f 2502 2505 2517
f 2517 2505 2507
f 2504 2487 2505
f 2505 2487 2506
f 2503 2516 2504
f 2504 2516 2515
f 2506 2487 2493
f 2493 2487 2486
f 2517 2507 2518
f 2518 2507 2478
f 2510 2513 2485
f 2485 2513 2477
f 2511 2495 2293
f 2293 2495 2154
f 2514 2518 2474
f 2474 2518 2478
f 2483 2482 2497
f 2497 2482 2492
f 2501 2507 2506
f 2506 2507 2505
f 2488 2487 2515
f 2515 2487 2504
f 2472 2488 2473
f 2473 2488 2515
f 2518 2519 2517
f 2517 2519 2520
f 2521 2519 2514
f 2514 2519 2518
f 2522 2521 2513
f 2513 2521 2514
f 2523 2522 2510
f 2510 2522 2513
f 2517 2520 2502
f 2502 2520 2524
f 2502 2524 2503
f 2503 2524 2525
f 2525 2526 2503
f 2503 2526 2516
f 2527 2524 2528
f 2528 2524 2520
f 2530 2531 2529
f 2529 2531 2532
f 2531 2533 2532
f 2532 2533 2534
f 2531 2535 2533
f 2533 2535 2536
f 2537 2538 2535
f 2535 2538 2539
f 2539 2540 2535
f 2535 2540 2536
f 2537 2535 2530
f 2530 2535 2531
f 2529 2541 2530
f 2530 2541 2542
f 2543 2534 2536
f 2536 2534 2533
f 2519 2521 2543
f 2543 2521 2534
f 2534 2521 2544
f 2544 2521 2522
f 2532 2534 2545
f 2545 2534 2544
f 2529 2532 2546
f 2546 2532 2545
f 2536 2540 2543
f 2543 2540 2528
f 2519 2543 2520
f 2520 2543 2528
f 2541 2529 2547
f 2547 2529 2546
f 2548 2549 2545
f 2545 2549 2546
f 2549 2550 2546
f 2546 2550 2547
f 2551 2552 2548
f 2548 2552 2549
f 2548 2553 2551
f 2551 2553 2554
f 2550 2549 2555
f 2555 2549 2552
f 2545 2544 2548
f 2548 2544 2553
f 2523 2553 2522
f 2522 2553 2544
f 2547 2556 2541
f 2541 2556 2557
f 2541 2557 2542
f 2542 2557 2558
f 2528 2540 2559
f 2559 2540 2539
f 2538 2560 2539
f 2539 2560 2559
f 2561 2527 2559
f 2559 2527 2528
f 2560 2562 2559
f 2559 2562 2561
f 2560 2538 2564
f 2564 2538 2563
f 2558 2557 2563
f 2563 2557 2564
f 2565 2523 2509
f 2509 2523 2510
f 2526 2566 2516
f 2516 2566 2508
f 2509 2508 2565
f 2565 2508 2566
f 2565 2566 2554
f 2554 2566 2567
f 2554 2567 2551
f 2551 2567 2568
f 2569 2567 2526
f 2526 2567 2566
f 2553 2523 2554
f 2554 2523 2565
f 2570 2569 2525
f 2525 2569 2526
f 2524 2527 2525
f 2525 2527 2570
f 2527 2561 2570
f 2570 2561 2571
f 2571 2572 2570
f 2570 2572 2569
f 2573 2574 2571
f 2571 2574 2572
f 2572 2568 2569
f 2569 2568 2567
f 2568 2572 2575
f 2575 2572 2574
f 2562 2573 2561
f 2561 2573 2571
f 2573 2562 2576
f 2576 2562 2577
f 2579 2580 2578
f 2578 2580 2576
f 2574 2573 2580
f 2580 2573 2576
f 2576 2577 2578
f 2578 2577 2556
f 2557 2556 2564
f 2564 2556 2577
f 2562 2560 2577
f 2577 2560 2564
f 2575 2552 2568
f 2568 2552 2551
f 2579 2555 2575
f 2575 2555 2552
f 2579 2575 2580
f 2580 2575 2574
f 2550 2555 2578
f 2578 2555 2579
f 2556 2547 2578
f 2578 2547 2550
f 2558 2537 2542
f 2542 2537 2530
f 2538 2537 2563
f 2563 2537 2558
f 2292 2295 2481
f 2481 2295 2482
f 2486 2489 2512
f 2512 2489 2581
f 2499 2491 2498
f 2498 2491 2490
f 2497 2492 2499
f 2499 2492 2491
f 2155 2154 2494
f 2494 2154 2495
f 2581 2489 2490
f 2490 2489 2498
f 2293 2292 2511
f 2511 2292 2481
f 2191 2155 2512
f 2512 2155 2494
f 2500 2496 2511
f 2511 2496 2495
f 2247 2492 2295
f 2295 2492 2482
f 2583 2584 2582
f 2582 2584 2585
f 2587 2588 2586
f 2586 2588 2589
f 2591 2587 2590
f 2590 2587 2586
f 2593 2594 2592
f 2592 2594 2595
f 2596 2597 2599
f 2599 2597 2598
f 2588 2600 2589
f 2589 2600 2601
f 2602 2603 2605
f 2605 2603 2604
f 2606 2607 2609
f 2609 2607 2608
f 2609 2608 2190
f 2190 2608 2610
f 2611 2612 2614
f 2614 2612 2613
f 2600 2588 2615
f 2615 2588 2595
f 2599 2598 2606
f 2606 2598 2607
f 2584 2616 2604
f 2604 2616 2605
f 2600 2615 2583
f 2583 2615 2617
f 2591 2619 2618
f 2618 2619 2614
f 2621 2622 2620
f 2620 2622 2623
f 2619 2624 2614
f 2614 2624 2611
f 2591 2590 2619
f 2619 2590 2625
f 2587 2591 2592
f 2592 2591 2618
f 2626 2627 2585
f 2585 2627 2582
f 2627 2628 2582
f 2582 2628 2601
f 2629 2593 2618
f 2618 2593 2592
f 2602 2597 2611
f 2611 2597 2612
f 2600 2583 2601
f 2601 2583 2582
f 2630 2631 2589
f 2589 2631 2586
f 2583 2617 2584
f 2584 2617 2616
f 2588 2587 2595
f 2595 2587 2592
f 2633 2626 2632
f 2632 2626 2585
f 2620 2623 2634
f 2634 2623 2625
f 2622 2603 2623
f 2623 2603 2624
f 2621 2633 2622
f 2622 2633 2632
f 2611 2624 2602
f 2602 2624 2603
f 2634 2625 2635
f 2635 2625 2590
f 2628 2630 2601
f 2601 2630 2589
f 2613 2195 2629
f 2629 2195 2194
f 2631 2635 2586
f 2586 2635 2590
f 2595 2594 2615
f 2615 2594 2610
f 2619 2625 2624
f 2624 2625 2623
f 2632 2604 2622
f 2622 2604 2603
f 2585 2584 2632
f 2632 2584 2604
f 2635 2636 2634
f 2634 2636 2637
f 2638 2636 2631
f 2631 2636 2635
f 2639 2638 2630
f 2630 2638 2631
f 2640 2639 2628
f 2628 2639 2630
f 2634 2637 2620
f 2620 2637 2641
f 2620 2641 2621
f 2621 2641 2642
f 2642 2643 2621
f 2621 2643 2633
f 2641 2637 2644
f 2644 2637 2645
f 2646 2647 2649
f 2649 2647 2648
f 2648 2650 2649
f 2649 2650 2651
f 2648 2652 2650
f 2650 2652 2653
f 2652 2654 2656
f 2656 2654 2655
f 2656 2657 2652
f 2652 2657 2653
f 2654 2652 2647
f 2647 2652 2648
f 2647 2646 2659
f 2659 2646 2658
f 2660 2651 2653
f 2653 2651 2650
f 2636 2638 2660
f 2660 2638 2651
f 2651 2638 2661
f 2661 2638 2639
f 2651 2661 2649
f 2649 2661 2662
f 2663 2646 2662
f 2662 2646 2649
f 2653 2657 2660
f 2660 2657 2645
f 2636 2660 2637
f 2637 2660 2645
f 2646 2663 2658
f 2658 2663 2664
f 2665 2666 2662
f 2662 2666 2663
f 2666 2667 2663
f 2663 2667 2664
f 2668 2669 2665
f 2665 2669 2666
f 2665 2670 2668
f 2668 2670 2671
f 2667 2666 2672
f 2672 2666 2669
f 2662 2661 2665
f 2665 2661 2670
f 2640 2670 2639
f 2639 2670 2661
f 2673 2674 2664
f 2664 2674 2658
f 2658 2674 2659
f 2659 2674 2675
f 2645 2657 2676
f 2676 2657 2656
f 2677 2676 2655
f 2655 2676 2656
f 2676 2678 2645
f 2645 2678 2644
f 2677 2679 2676
f 2676 2679 2678
f 2655 2680 2677
f 2677 2680 2681
f 2675 2674 2680
f 2680 2674 2681
f 2682 2640 2627
f 2627 2640 2628
f 2643 2683 2633
f 2633 2683 2626
f 2682 2627 2683
f 2683 2627 2626
f 2683 2684 2682
f 2682 2684 2671
f 2684 2685 2671
f 2671 2685 2668
f 2686 2684 2643
f 2643 2684 2683
f 2670 2640 2671
f 2671 2640 2682
f 2687 2686 2642
f 2642 2686 2643
f 2642 2641 2687
f 2687 2641 2644
f 2687 2644 2688
f 2688 2644 2678
f 2688 2689 2687
f 2687 2689 2686
f 2690 2691 2688
f 2688 2691 2689
f 2689 2685 2686
f 2686 2685 2684
f 2685 2689 2692
f 2692 2689 2691
f 2679 2690 2678
f 2678 2690 2688
f 2690 2679 2693
f 2693 2679 2694
f 2696 2697 2695
f 2695 2697 2693
f 2691 2690 2697
f 2697 2690 2693
f 2693 2694 2695
f 2695 2694 2673
f 2674 2673 2681
f 2681 2673 2694
f 2679 2677 2694
f 2694 2677 2681
f 2685 2692 2668
f 2668 2692 2669
f 2696 2672 2692
f 2692 2672 2669
f 2696 2692 2697
f 2697 2692 2691
f 2695 2667 2696
f 2696 2667 2672
f 2673 2664 2695
f 2695 2664 2667
f 2675 2654 2659
f 2659 2654 2647
f 2655 2654 2680
f 2680 2654 2675
f 2291 2156 2593
f 2593 2156 2594
f 2597 2602 2598
f 2598 2602 2605
f 2616 2617 2607
f 2607 2617 2608
f 2615 2610 2617
f 2617 2610 2608
f 2597 2596 2612
f 2612 2596 2698
f 2598 2605 2607
f 2607 2605 2616
f 2194 2291 2629
f 2629 2291 2593
f 2629 2618 2613
f 2613 2618 2614
f 2190 2610 2156
f 2156 2610 2594
f 2700 2010 2699
f 2699 2010 2086
f 2267 2701 2116
f 2116 2701 2702
f 2116 2702 2117
f 2117 2702 2703
f 2704 2705 2250
f 2250 2705 2254
f 2011 2706 2267
f 2267 2706 2701
f 2699 2086 2707
f 2707 2086 2289
f 2010 2700 2011
f 2011 2700 2706
f 2708 2707 2251
f 2251 2707 2289
f 2703 2704 2117
f 2117 2704 2250
f 2705 2708 2254
f 2254 2708 2251
f 2709 2710 2708
f 2708 2710 2707
f 2711 2709 2705
f 2705 2709 2708
f 2712 2711 2704
f 2704 2711 2705
f 2713 2712 2703
f 2703 2712 2704
f 2707 2710 2699
f 2699 2710 2714
f 2699 2714 2700
f 2700 2714 2715
f 2716 2706 2715
f 2715 2706 2700
f 2714 2710 2717
f 2717 2710 2718
f 2720 2721 2719
f 2719 2721 2722
f 2721 2723 2722
f 2722 2723 2724
f 2721 2725 2723
f 2723 2725 2726
f 2727 2728 2725
f 2725 2728 2726
f 2729 2725 2720
f 2720 2725 2721
f 2731 2729 2730
f 2730 2729 2720
f 2719 2732 2720
f 2720 2732 2730
f 2726 2733 2723
f 2723 2733 2724
f 2709 2711 2733
f 2733 2711 2724
f 2724 2711 2734
f 2734 2711 2712
f 2722 2724 2735
f 2735 2724 2734
f 2719 2722 2736
f 2736 2722 2735
f 2726 2728 2733
f 2733 2728 2718
f 2709 2733 2710
f 2710 2733 2718
f 2732 2719 2737
f 2737 2719 2736
f 2738 2739 2735
f 2735 2739 2736
f 2739 2740 2736
f 2736 2740 2737
f 2741 2742 2738
f 2738 2742 2739
f 2738 2743 2741
f 2741 2743 2744
f 2740 2739 2745
f 2745 2739 2742
f 2735 2734 2738
f 2738 2734 2743
f 2713 2743 2712
f 2712 2743 2734
f 2737 2746 2732
f 2732 2746 2747
f 2732 2747 2730
f 2730 2747 2731
f 2718 2728 2748
f 2748 2728 2727
f 2749 2750 2727
f 2727 2750 2748
f 2748 2751 2718
f 2718 2751 2717
f 2750 2752 2748
f 2748 2752 2751
f 2750 2749 2754
f 2754 2749 2753
f 2731 2747 2753
f 2753 2747 2754
f 2727 2725 2749
f 2749 2725 2729
f 2749 2729 2753
f 2753 2729 2731
f 2702 2755 2703
f 2703 2755 2713
f 2706 2716 2701
f 2701 2716 2756
f 2755 2702 2756
f 2756 2702 2701
f 2756 2757 2755
f 2755 2757 2744
f 2757 2758 2744
f 2744 2758 2741
f 2759 2757 2716
f 2716 2757 2756
f 2743 2713 2744
f 2744 2713 2755
f 2760 2759 2715
f 2715 2759 2716
f 2715 2714 2760
f 2760 2714 2717
f 2760 2717 2761
f 2761 2717 2751
f 2761 2762 2760
f 2760 2762 2759
f 2763 2764 2761
f 2761 2764 2762
f 2762 2758 2759
f 2759 2758 2757
f 2758 2762 2765
f 2765 2762 2764
f 2752 2763 2751
f 2751 2763 2761
f 2763 2752 2766
f 2766 2752 2767
f 2768 2769 2766
f 2766 2769 2770
f 2764 2763 2770
f 2770 2763 2766
f 2766 2767 2768
f 2768 2767 2746
f 2747 2746 2754
f 2754 2746 2767
f 2752 2750 2767
f 2767 2750 2754
f 2758 2765 2741
f 2741 2765 2742
f 2769 2745 2765
f 2765 2745 2742
f 2769 2765 2770
f 2770 2765 2764
f 2768 2740 2769
f 2769 2740 2745
f 2746 2737 2768
f 2768 2737 2740
f 2201 2212 2200
f 2200 2212 2214
f 2201 2202 2212
f 2212 2202 2185
f 2512 2581 2191
f 2191 2581 2192
f 2059 2290 2056
f 2056 2290 2272
f 2174 2199 2294
f 2294 2199 2278
f 2063 2175 2194
f 2194 2175 2291
f 2192 2581 2133
f 2133 2581 2490
f 2133 2132 2192
f 2192 2132 2189
f 2054 2276 2055
f 2055 2276 2138
f 2083 2279 2084
f 2084 2279 2771
f 2771 2279 2599
f 2599 2279 2596
f 2606 2772 2599
f 2599 2772 2771
f 2772 2773 2771
f 2771 2773 2084
f 2773 2774 2084
f 2084 2774 2085
f 2085 2775 2082
f 2082 2775 2144
f 2774 2078 2085
f 2085 2078 2775
f 2078 2774 2079
f 2079 2774 2776
f 2774 2773 2776
f 2776 2773 2777
f 2773 2772 2777
f 2777 2772 2778
f 2190 2189 2609
f 2609 2189 2778
f 2053 2052 2779
f 2779 2052 2181
f 2144 2775 2081
f 2081 2775 2078
f 2294 2153 2174
f 2174 2153 2175
f 2132 2276 2189
f 2189 2276 2778
f 2606 2609 2772
f 2772 2609 2778
f 2195 2613 2698
f 2698 2613 2612
f 2596 2279 2698
f 2698 2279 2195
f 2054 2777 2276
f 2276 2777 2778
f 2777 2054 2776
f 2776 2054 2053
f 2053 2779 2776
f 2776 2779 2079
f 2779 2181 2079
f 2079 2181 2080
f 2181 2239 2080
f 2080 2239 2240
f 2122 2256 2014
f 2042 1982 2076
f 2076 1982 2007
f 1982 1985 2007
f 2007 1985 2008
f 2095 2097 2265
f 2265 2097 2266
f 2076 2050 2042
f 2042 2050 2047
f 2046 2043 2047
f 2047 2043 2042
f 2118 1993 2046
f 2046 1993 2043
f 1995 1994 2118
f 2118 1994 1993
f 2267 1992 2011
f 2011 1992 2012
f 1997 2012 1994
f 1994 2012 1992
f 2226 2013 1997
f 1997 2013 2012
f 2225 2087 2226
f 2226 2087 2013
f 2225 2232 2087
f 2087 2232 2288
f 2232 2070 2288
f 2288 2070 2252
f 2070 2025 2252
f 2252 2025 2253
f 1988 2249 2025
f 2025 2249 2253
f 2116 2115 2267
f 2267 2115 2268
f 2096 1984 2237
f 2237 1984 1991
f 2095 1985 2096
f 2096 1985 1984
f 2265 2008 2095
f 2095 2008 1985
f 2092 2009 2265
f 2265 2009 2008
f 2091 2286 2092
f 2092 2286 2009
f 2255 2238 2091
f 2091 2238 2286
f 2256 2239 2255
f 2255 2239 2238
f 2122 2240 2256
f 2256 2240 2239
f 2121 2241 2122
f 2122 2241 2240
f 2022 2018 2097
f 2097 2018 2266
f 2022 2024 2018
f 2018 2024 2019
f 2024 2072 2019
f 2019 2072 2073
f 2072 2228 2073
f 2073 2228 2230
f 2228 2184 2230
f 2230 2184 2183
f 2121 2285 2241
f 2241 2285 2258
f 2285 2036 2258
f 2258 2036 2257
f 2177 2145 2193
f 2193 2145 2257
f 2173 2193 2196
f 2196 2193 2037
f 2036 2037 2257
f 2257 2037 2193
f 2196 2037 2066
f 2066 2037 2035
f 2061 2108 2034
f 2034 2108 2067
f 2108 2208 2067
f 2067 2208 2204
f 2208 2210 2204
f 2204 2210 2203
f 2210 2280 2203
f 2203 2280 2186
f 2183 2186 2235
f 2235 2186 2280
f 1987 2114 1988
f 1988 2114 2249
f 2237 2115 1987
f 1987 2115 2114
f 1991 2268 2237
f 2237 2268 2115
f 1991 1990 2268
f 2268 1990 1992
f 107 110 2781
f 2781 110 2780
f 117 2782 118
f 118 2782 2783
f 119 2784 120
f 120 2784 2785
f 125 2786 126
f 126 2786 2787
f 127 2788 128
f 128 2788 2789
f 127 132 2788
f 2788 132 2790
f 231 230 2792
f 2792 230 2791
f 118 2783 119
f 119 2783 2784
f 241 243 2794
f 2794 243 2793
f 2781 2795 107
f 107 2795 352
f 120 2785 437
f 437 2785 2796
f 126 2787 110
f 110 2787 2780
f 455 2797 456
f 456 2797 2798
f 128 2789 457
f 457 2789 2799
f 456 2798 117
f 117 2798 2782
f 2794 2797 241
f 241 2797 455
f 457 2799 125
f 125 2799 2786
f 132 231 2790
f 2790 231 2792
f 230 437 2791
f 2791 437 2796
f 2792 2789 2790
f 2790 2789 2788
f 2785 2784 2801
f 2801 2784 2800
f 2786 2802 2787
f 2787 2802 2803
f 2792 2791 2805
f 2805 2791 2804
f 2784 2783 2800
f 2800 2783 2806
f 2785 2801 2796
f 2796 2801 2807
f 2787 2803 2780
f 2780 2803 2808
f 2789 2809 2799
f 2799 2809 2810
f 2799 2810 2786
f 2786 2810 2802
f 2791 2796 2804
f 2804 2796 2807
f 2789 2792 2809
f 2809 2792 2805
f 2812 2797 2811
f 2811 2797 2794
f 2809 2805 2810
f 2810 2805 2804
f 2810 2804 2802
f 2802 2804 2807
f 2802 2807 2803
f 2803 2807 2801
f 2808 2803 2800
f 2800 2803 2801
f 2814 699 2813
f 2813 699 698
f 2808 2815 2780
f 2780 2815 2781
f 2817 2782 2816
f 2816 2782 2798
f 2815 2818 2781
f 2781 2818 2795
f 2797 2812 2798
f 2798 2812 2816
f 2783 2782 2806
f 2806 2782 2817
f 2800 2806 2808
f 2808 2806 2815
f 2794 2793 2811
f 2811 2793 2819
f 174 201 384
f 384 201 362
f 200 1766 390
f 390 1766 1777
f 1777 1778 390
f 390 1778 398
f 1778 361 398
f 398 361 222
f 2820 2821 628
f 628 2821 629
f 1406 2820 790
f 790 2820 628
f 794 1415 1233
f 1233 1415 1234
f 1406 790 1407
f 1407 790 1312
f 1407 1312 2822
f 2822 1312 1316
f 2823 1380 1543
f 1543 1380 1379
f 1385 1738 1382
f 1382 1738 1383
f 1381 791 1382
f 1382 791 1386
f 791 794 1386
f 1386 794 1233
f 1259 1390 1260
f 1260 1390 1389
f 1905 1542 1394
f 1394 1542 1395
f 1410 1413 1397
f 1397 1413 1398
f 2821 1410 629
f 629 1410 1397
f 2823 2822 1380
f 1380 2822 1316
f 1392 1395 1378
f 1378 1395 1379
f 1738 1399 1383
f 1383 1399 1398
f 1388 1235 1389
f 1389 1235 1234
f 1393 1391 1394
f 1394 1391 1390
f 1381 1384 779
f 779 1384 780
f 1282 788 792
f 792 788 793
f 1431 1262 1432
f 1432 1262 1261
f 1400 1342 1408
f 1408 1342 1409
f 1508 1544 1411
f 1411 1544 1412
f 788 787 793
f 793 787 1414
f 2821 2820 1429
f 1429 2820 1430
f 2822 2823 1506
f 1506 2823 1507
f 778 1282 779
f 779 1282 792
f 2820 1406 1430
f 1430 1406 1409
f 1410 2821 1411
f 1411 2821 1429
f 1407 2822 1408
f 1408 2822 1506
f 1544 781 1412
f 1412 781 780
f 1260 1415 1261
f 1261 1415 1414
f 1334 2824 923
f 923 2824 924
f 2826 1268 2825
f 2825 1268 1267
f 769 1212 2827
f 2827 1212 2828
f 1492 1190 1266
f 1266 1190 1267
f 1488 2829 1489
f 1489 2829 2830
f 922 1329 923
f 923 1329 1328
f 1484 2831 1485
f 1485 2831 2832
f 1482 2833 1485
f 1485 2833 1486
f 1324 1493 1489
f 1489 1493 1490
f 1265 1491 1266
f 1266 1491 1490
f 2835 2836 2834
f 2834 2836 2837
f 1250 2838 2827
f 2827 2838 2839
f 1488 1491 2840
f 2840 1491 2841
f 1268 2826 2842
f 2842 2826 2843
f 2844 2845 1495
f 1495 2845 1496
f 1427 2847 2846
f 2846 2847 926
f 2829 1488 2848
f 2848 1488 2840
f 1329 922 2849
f 2849 922 927
f 2850 2851 768
f 768 2851 1213
f 1265 1268 2852
f 2852 1268 2842
f 1491 1265 2841
f 2841 1265 2852
f 2854 2855 2853
f 2853 2855 2856
f 2855 2857 2856
f 2856 2857 598
f 2857 2858 598
f 598 2858 595
f 2858 2859 595
f 595 2859 626
f 649 652 2860
f 2860 652 2861
f 639 642 2862
f 2862 642 2863
f 2864 705 2862
f 2862 705 639
f 2865 1418 2864
f 2864 1418 705
f 2866 2867 2865
f 2865 2867 1418
f 1760 1348 1761
f 1761 1348 2867
f 1764 2868 1197
f 1197 2868 1198
f 2869 611 2868
f 2868 611 1198
f 2870 612 2869
f 2869 612 611
f 1352 1350 944
f 944 1350 688
f 1350 1256 688
f 688 1256 685
f 1256 1255 685
f 685 1255 692
f 1255 2871 692
f 692 2871 2872
f 701 2873 698
f 698 2873 2813
f 2872 1349 692
f 692 1349 693
f 1696 1744 1574
f 1574 1744 1575
f 1753 1618 1577
f 1577 1618 1578
f 1729 1594 1608
f 1608 1594 1609
f 1725 1630 1611
f 1611 1630 1612
f 1604 1607 1625
f 1625 1607 1626
f 1624 1703 1625
f 1625 1703 1912
f 1703 1702 1912
f 1912 1702 1913
f 1702 1753 1913
f 1913 1753 1577
f 1598 1569 1915
f 1915 1569 1578
f 1616 1615 1915
f 1915 1615 1916
f 1615 1696 1916
f 1916 1696 1574
f 1744 1745 1575
f 1575 1745 1917
f 1745 1565 1917
f 1917 1565 1609
f 1568 1725 1608
f 1608 1725 1611
f 2874 1613 1918
f 1918 1613 1612
f 1607 2874 1626
f 1626 2874 1918
f 1610 1613 1562
f 1562 1613 1563
f 1547 1550 1570
f 1570 1550 1571
f 1573 1576 1580
f 1580 1576 1581
f 1553 1556 1595
f 1595 1556 1596
f 1556 1582 1596
f 1596 1582 1581
f 1551 1547 1599
f 1599 1547 1570
f 1731 1914 1601
f 1601 1914 1602
f 1686 1689 1605
f 1605 1689 1606
f 1598 1743 1599
f 1599 1743 1692
f 2874 1607 1723
f 1723 1607 1606
f 1727 1553 1730
f 1730 1553 1595
f 1600 1686 1601
f 1601 1686 1605
f 1914 1572 1602
f 1602 1572 1571
f 1579 1693 1580
f 1580 1693 1692
f 1613 2874 1563
f 1563 2874 1723
f 1561 1727 1562
f 1562 1727 1730
f 1949 1742 1548
f 1548 1742 1549
f 1694 1949 1552
f 1552 1949 1548
f 1954 1589 1554
f 1554 1589 1555
f 1693 1579 1558
f 1558 1579 1559
f 1561 1564 1584
f 1584 1564 1585
f 1582 1556 1588
f 1588 1556 1555
f 1600 1603 1591
f 1591 1603 1592
f 1981 1977 1687
f 1687 1977 1688
f 1564 1722 1585
f 1585 1722 1690
f 1551 1693 1552
f 1552 1693 1558
f 1751 1954 1728
f 1728 1954 1554
f 1590 1981 1591
f 1591 1981 1687
f 1603 1550 1592
f 1592 1550 1549
f 1977 1691 1688
f 1688 1691 1690
f 1587 1560 1588
f 1588 1560 1559
f 1727 1561 1728
f 1728 1561 1584
f 2875 1919 1947
f 1947 1919 1948
f 1557 1560 1952
f 1952 1560 1953
f 1933 1932 1955
f 1955 1932 1956
f 1587 1589 1958
f 1958 1589 1956
f 1959 1933 1965
f 1965 1933 1955
f 1961 1964 1966
f 1966 1964 1967
f 1981 1590 1969
f 1969 1590 1967
f 1742 1949 1972
f 1972 1949 1948
f 1593 1742 1966
f 1966 1742 1972
f 1957 1950 1958
f 1958 1950 1953
f 1583 1586 1974
f 1974 1586 1975
f 1940 1943 1978
f 1978 1943 1979
f 1943 1976 1979
f 1979 1976 1975
f 1951 2875 1952
f 1952 2875 1947
f 1968 1940 1969
f 1969 1940 1978
f 1973 1959 1974
f 1974 1959 1965
f 1923 1971 1920
f 1920 1971 1921
f 1919 2875 1920
f 1920 2875 1924
f 2875 1951 1924
f 1924 1951 1926
f 1950 1957 1929
f 1929 1957 1930
f 2244 2243 1934
f 1934 2243 1935
f 1973 1976 1937
f 1937 1976 1938
f 1944 1980 1941
f 1941 1980 1942
f 1940 1968 1941
f 1941 1968 1945
f 2287 2244 1960
f 1960 2244 1934
f 1970 2245 1962
f 1962 2245 1963
f 2243 1931 1935
f 1935 1931 1930
f 1927 1926 1928
f 1928 1926 1929
f 1961 1922 1962
f 1962 1922 1921
f 2245 1946 1963
f 1963 1946 1945
f 1976 1943 1938
f 1938 1943 1942
f 1936 2287 1937
f 1937 2287 1960
f 743 1238 608
f 608 1238 609
f 607 1811 608
f 608 1811 744
f 1304 2876 1305
f 1305 2876 2877
f 586 585 1298
f 1298 585 1299
f 585 702 1299
f 1299 702 1300
f 702 1428 1300
f 1300 1428 1301
f 1238 586 609
f 609 586 1298
f 2878 2879 1218
f 1218 2879 2877
f 2880 2881 1812
f 1812 2881 1819
f 2883 1821 2882
f 2882 1821 1820
f 2840 2841 620
f 620 2841 621
f 2842 2843 795
f 795 2843 796
f 892 895 2844
f 2844 895 2845
f 2848 2840 942
f 942 2840 620
f 2849 927 1202
f 1202 927 1203
f 2852 2842 1270
f 1270 2842 795
f 2841 2852 621
f 621 2852 1270
f 941 1759 942
f 942 1759 2884
f 659 929 1427
f 1427 929 2847
f 1237 2851 751
f 751 2851 2850
f 1216 2885 1217
f 1217 2885 1754
f 2887 734 2886
f 2886 734 733
f 2889 1816 2888
f 2888 1816 1815
f 2890 1245 2889
f 2889 1245 1816
f 1824 2891 1825
f 1825 2891 1246
f 2892 2893 2895
f 2895 2893 2894
f 1854 1833 1851
f 1851 1833 1832
f 1851 1832 1884
f 1884 1832 1876
f 1884 1876 1441
f 1441 1876 1443
f 1441 1443 1442
f 1442 1443 1446
f 1442 1446 2896
f 2896 1446 1507
f 2897 2823 2898
f 2898 2823 1543
f 1542 2899 1543
f 1543 2899 2898
f 1542 1905 2899
f 2899 1905 2900
f 1905 1259 2900
f 2900 1259 2901
f 1262 1431 2902
f 2902 1431 1904
f 1431 1434 1904
f 1904 1434 1902
f 1902 1434 2903
f 2903 1434 719
f 2903 719 2904
f 2904 719 718
f 1869 1881 718
f 718 1881 2904
f 1881 1869 1880
f 1880 1869 756
f 1880 756 2905
f 2905 756 755
f 2905 755 2906
f 2906 755 758
f 762 2907 763
f 763 2907 2908
f 724 723 2909
f 2909 723 894
f 796 895 723
f 723 895 894
f 2843 2845 796
f 796 2845 895
f 2826 1496 2843
f 2843 1496 2845
f 2825 1497 2826
f 2826 1497 1496
f 1189 2836 2825
f 2825 2836 1497
f 797 891 798
f 798 891 2837
f 802 888 797
f 797 888 891
f 2910 2911 2913
f 2913 2911 2912
f 1780 1783 2915
f 2915 1783 2914
f 2916 2917 831
f 831 2917 832
f 2918 2919 845
f 845 2919 846
f 2920 2916 847
f 847 2916 831
f 2921 2922 857
f 857 2922 858
f 2923 2924 860
f 860 2924 861
f 2919 2912 846
f 846 2912 887
f 2925 2920 940
f 940 2920 847
f 2924 2926 861
f 861 2926 1204
f 2917 2918 832
f 832 2918 845
f 2927 2928 1449
f 1449 2928 1450
f 2929 2930 889
f 889 2930 2931
f 2896 1507 2897
f 2897 1507 2823
f 2902 2901 1262
f 1262 2901 1259
f 2932 2933 750
f 750 2933 1236
f 2933 2934 1236
f 1236 2934 1835
f 2936 2937 2935
f 2935 2937 2938
f 2940 2941 2939
f 2939 2941 2942
f 2943 2944 1841
f 1841 2944 1842
f 2945 1860 2944
f 2944 1860 1842
f 2945 2946 1860
f 1860 2946 1859
f 1889 2947 1890
f 1890 2947 1856
f 1856 2947 1857
f 1857 2947 2948
f 2950 709 2949
f 2949 709 1829
f 2952 730 2951
f 2951 730 729
f 2866 2953 2867
f 2867 2953 1761
f 2953 2954 1761
f 1761 2954 1420
f 2954 2955 1420
f 1420 2955 742
f 2955 2956 742
f 742 2956 739
f 2956 2957 739
f 739 2957 760
f 2957 2958 760
f 760 2958 761
f 2958 2959 761
f 761 2959 2960
f 2959 2961 2960
f 2960 2961 2962
f 2963 2964 1839
f 1839 2964 1840
f 2964 2965 1840
f 1840 2965 2942
f 2966 2950 2939
f 2939 2950 2949
f 2935 2967 2936
f 2936 2967 2968
f 2969 2970 736
f 736 2970 735
f 734 2887 1815
f 1815 2887 2888
f 2887 2882 2888
f 2888 2882 2881
f 1819 1820 1817
f 1817 1820 748
f 1195 1757 1197
f 1197 1757 1424
f 1757 647 1424
f 1424 647 646
f 647 648 646
f 646 648 643
f 648 1271 643
f 643 1271 737
f 1271 725 737
f 737 725 765
f 725 724 765
f 765 724 762
f 762 724 2907
f 2907 724 2909
f 1254 1437 2909
f 2909 1437 2907
f 1438 1253 1836
f 1836 1253 1835
f 1836 1835 2938
f 2938 1835 2934
f 2971 2972 2935
f 2935 2972 2967
f 897 896 2969
f 2969 896 2970
f 1815 1814 734
f 734 1814 731
f 728 1215 896
f 896 1215 732
f 2885 1216 733
f 733 1216 2886
f 1216 1219 2886
f 2886 1219 2883
f 2876 1304 1821
f 1821 1304 749
f 1304 1303 749
f 749 1303 746
f 1818 2973 1817
f 1817 2973 1810
f 747 2974 1818
f 1818 2974 2973
f 747 746 2974
f 2974 746 1303
f 2976 2977 2975
f 2975 2977 2978
f 2976 2979 2901
f 2901 2979 2900
f 2980 2981 2982
f 2982 2981 2979
f 2981 2980 2983
f 2983 2980 2984
f 2985 2897 2983
f 2983 2897 2898
f 2987 2988 2986
f 2986 2988 2985
f 2896 2988 1442
f 1442 2988 1439
f 1903 2977 1904
f 1904 2977 2902
f 1856 1855 1890
f 1890 1855 2989
f 2989 2990 1890
f 1890 2990 1359
f 2990 2991 1359
f 1359 2991 1356
f 2946 2992 1859
f 1859 2992 1893
f 2992 2993 1893
f 1893 2993 775
f 2993 2994 775
f 775 2994 776
f 2986 1356 2987
f 2987 1356 2991
f 2975 2978 776
f 776 2978 777
f 2982 2994 2980
f 2980 2994 2995
f 1357 2984 2995
f 2995 2984 2980
f 2995 2996 1357
f 1357 2996 1358
f 2996 2997 1358
f 1358 2997 1889
f 2998 2999 2932
f 2932 2999 2933
f 2999 2971 2933
f 2933 2971 2934
f 1837 1836 2937
f 2937 1836 2938
f 2943 1841 2941
f 2941 1841 1838
f 3001 2944 3000
f 3000 2944 2943
f 3001 3002 2944
f 2944 3002 2945
f 3002 3003 2945
f 2945 3003 2946
f 2997 3003 1889
f 1889 3003 2947
f 2947 3003 2948
f 2948 3003 3002
f 3001 3004 3002
f 3002 3004 2948
f 3000 3005 3001
f 3001 3005 3004
f 2940 3006 3000
f 3000 3006 3005
f 2999 3007 2971
f 2971 3007 2972
f 2998 2951 2999
f 2999 2951 3007
f 3008 2952 2998
f 2998 2952 2951
f 2966 2965 2936
f 2936 2965 2937
f 2935 2938 2971
f 2971 2938 2934
f 3003 2997 2946
f 2946 2997 2992
f 2997 2996 2992
f 2992 2996 2993
f 2996 2995 2993
f 2993 2995 2994
f 1356 2986 1357
f 1357 2986 2984
f 2982 2975 2994
f 2994 2975 776
f 1844 1843 1899
f 1899 1843 3009
f 1843 638 3009
f 3009 638 3010
f 638 637 3010
f 3010 637 3011
f 637 1830 3011
f 3011 1830 3012
f 1830 1833 3012
f 3012 1833 2894
f 1833 1854 2894
f 2894 1854 2895
f 1854 1853 2895
f 2895 1853 1888
f 1858 1857 1885
f 1885 1857 1892
f 1899 3009 1898
f 1898 3009 1874
f 3009 3010 1874
f 1874 3010 1865
f 3010 3011 1865
f 1865 3011 1862
f 3011 3012 1862
f 1862 3012 1882
f 3012 2894 1882
f 1882 2894 2893
f 1850 2890 782
f 782 2890 2889
f 783 2880 1811
f 1811 2880 1812
f 744 1810 745
f 745 1810 2973
f 745 2973 805
f 805 2973 806
f 2973 2974 806
f 806 2974 815
f 1303 812 2974
f 2974 812 815
f 1303 1302 812
f 812 1302 1221
f 1307 3013 1302
f 1302 3013 1221
f 1734 3014 1633
f 1633 3014 1634
f 1646 1649 1636
f 1636 1649 1637
f 1654 1657 1641
f 1641 1657 1642
f 1639 1736 1636
f 1636 1736 1684
f 1716 1713 1698
f 1698 1713 1699
f 1718 1721 1705
f 1705 1721 1706
f 1653 1654 1709
f 1709 1654 1641
f 1620 1623 1714
f 1714 1623 1699
f 1712 1682 1714
f 1714 1682 1740
f 1668 1671 1746
f 1746 1671 1747
f 1752 1650 1749
f 1749 1650 1750
f 1750 1650 1709
f 1709 1650 1653
f 1632 1668 1633
f 1633 1668 1746
f 1649 1752 1637
f 1637 1752 1749
f 1682 1643 1740
f 1740 1643 1642
f 3014 1685 1634
f 1634 1685 1684
f 1704 1748 1705
f 1705 1748 1747
f 1697 1707 1698
f 1698 1707 1706
f 1739 1701 1621
f 1621 1701 1622
f 1567 1566 1647
f 1647 1566 1648
f 1664 1695 1651
f 1651 1695 1652
f 1614 1617 1655
f 1655 1617 1656
f 1704 1707 1659
f 1659 1707 1660
f 3014 1734 1662
f 1662 1734 1663
f 1650 1752 1651
f 1651 1752 1665
f 1741 1657 1667
f 1667 1657 1656
f 1695 1614 1652
f 1652 1614 1655
f 1724 1567 1726
f 1726 1567 1647
f 1645 1628 1733
f 1733 1628 1663
f 1685 3014 1726
f 1726 3014 1662
f 1620 1741 1621
f 1621 1741 1667
f 1566 1666 1648
f 1648 1666 1665
f 1658 1737 1659
f 1659 1737 1901
f 1911 1661 1910
f 1910 1661 1660
f 1701 1911 1622
f 1622 1911 1910
f 1732 1748 1733
f 1733 1748 1901
f 1857 2948 1892
f 1892 2948 3004
f 1892 3004 1891
f 1891 3004 3005
f 1828 3006 1829
f 1829 3006 2949
f 2967 736 2968
f 2968 736 710
f 2972 2969 2967
f 2967 2969 736
f 2969 2972 897
f 897 2972 3007
f 897 3007 729
f 729 3007 2951
f 3016 753 3015
f 3015 753 752
f 3018 767 3017
f 3017 767 766
f 3019 3020 1249
f 1249 3020 3021
f 2915 2914 3019
f 3019 2914 3020
f 3023 2914 3022
f 3022 2914 1783
f 2827 2839 769
f 769 2839 766
f 3025 2838 3024
f 3024 2838 3021
f 768 767 2850
f 2850 767 3026
f 2850 3026 751
f 751 3026 752
f 750 753 2932
f 2932 753 3027
f 3008 2998 3027
f 3027 2998 2932
f 3028 3029 3008
f 3008 3029 2952
f 3029 3030 2952
f 2952 3030 730
f 3032 3033 3031
f 3031 3033 3034
f 3036 3037 3035
f 3035 3037 3038
f 2870 3039 612
f 612 3039 3040
f 3041 3042 3031
f 3031 3042 3038
f 3034 1352 3043
f 3043 1352 944
f 612 3040 613
f 613 3040 3044
f 613 3044 1425
f 1425 3044 1422
f 3045 3042 669
f 669 3042 670
f 3041 3043 599
f 599 3043 600
f 772 771 1544
f 1544 771 781
f 1503 771 1866
f 1866 771 770
f 771 1503 781
f 781 1503 778
f 61 281 416
f 416 281 1907
f 283 103 3046
f 3046 103 3047
f 76 79 3048
f 3048 79 3049
f 280 76 1906
f 1906 76 3048
f 3051 335 3050
f 3050 335 334
f 3053 417 3052
f 3052 417 416
f 3055 435 3054
f 3054 435 434
f 428 435 419
f 419 435 1908
f 420 1909 293
f 293 1909 443
f 79 294 3049
f 3049 294 444
f 3057 444 3056
f 3056 444 443
f 3051 3058 335
f 335 3058 452
f 216 215 1332
f 1332 215 452
f 308 283 462
f 462 283 3046
f 3050 334 3059
f 3059 334 462
f 103 62 3047
f 3047 62 417
f 313 312 434
f 434 312 463
f 3061 574 3060
f 3060 574 573
f 1310 3062 1428
f 1428 3062 3063
f 1258 3064 1255
f 1255 3064 2871
f 932 3065 2853
f 2853 3065 3066
f 699 2814 931
f 931 2814 3067
f 3068 1301 3063
f 3063 1301 1428
f 571 574 1310
f 1310 574 3062
f 3060 573 3069
f 3069 573 1332
f 3070 3071 1906
f 1906 3071 1907
f 3072 3073 1908
f 1908 3073 1909
f 3075 2814 3074
f 3074 2814 2813
f 2854 3076 1258
f 1258 3076 3064
f 2871 3077 2872
f 2872 3077 3078
f 3074 2813 3079
f 3079 2813 2873
f 2872 3078 1349
f 1349 3078 3080
f 2873 701 3068
f 3068 701 1301
f 1330 1201 3080
f 3080 1201 1349
f 1264 1263 3081
f 3081 1263 3082
f 3083 3084 3082
f 3082 3084 3081
f 811 1448 3086
f 3086 1448 3085
f 808 811 3087
f 3087 811 3086
f 3088 3083 833
f 833 3083 3082
f 884 3089 885
f 885 3089 3090
f 3087 1790 808
f 808 1790 816
f 1790 3087 1787
f 1787 3087 3091
f 3092 3091 3086
f 3086 3091 3087
f 3093 3094 3084
f 3084 3094 3095
f 3089 3096 3090
f 3090 3096 3088
f 3097 3093 3083
f 3083 3093 3084
f 3099 3100 3098
f 3098 3100 1786
f 3101 1788 2913
f 2913 1788 3102
f 838 837 885
f 885 837 886
f 886 837 3103
f 3103 837 1541
f 3094 3093 3104
f 3104 3093 3097
f 3105 3106 3089
f 3089 3106 3096
f 3108 3109 3107
f 3107 3109 3110
f 3111 3112 3091
f 3091 3112 1787
f 3114 3108 3113
f 3113 3108 3107
f 3114 3115 3112
f 3112 3115 3102
f 3091 3092 3111
f 3111 3092 3116
f 839 838 835
f 835 838 836
f 885 3090 838
f 838 3090 836
f 3110 3117 1247
f 1247 3117 3118
f 1247 3118 1248
f 1248 3118 3119
f 3120 3121 3119
f 3119 3121 1248
f 1247 844 3110
f 3110 844 3107
f 844 843 3107
f 3107 843 3113
f 843 3099 3113
f 3113 3099 3122
f 1781 3123 3098
f 3098 3123 3124
f 2915 2931 1780
f 1780 2931 2930
f 3019 3125 2915
f 2915 3125 2931
f 890 3125 2834
f 2834 3125 1252
f 3125 3019 1252
f 1252 3019 1249
f 907 908 946
f 946 908 947
f 1185 1188 1369
f 1369 1188 948
f 954 957 951
f 951 957 952
f 910 965 953
f 953 965 950
f 905 958 960
f 960 958 961
f 3126 978 949
f 949 978 962
f 936 935 967
f 967 935 968
f 994 993 969
f 969 993 966
f 902 904 971
f 971 904 972
f 983 985 973
f 973 985 970
f 906 905 974
f 974 905 960
f 977 981 959
f 959 981 975
f 911 910 1143
f 1143 910 953
f 952 957 1142
f 1142 957 1145
f 911 1143 1366
f 1366 1143 1368
f 1185 1369 1145
f 1145 1369 1142
f 993 1519 966
f 966 1519 1456
f 965 1454 950
f 950 1454 1457
f 900 899 1459
f 1459 899 1460
f 988 991 1461
f 1461 991 1458
f 899 963 1460
f 1460 963 1462
f 985 987 970
f 970 987 1463
f 904 906 972
f 972 906 974
f 981 983 975
f 975 983 973
f 935 900 968
f 968 900 1459
f 991 994 1458
f 1458 994 969
f 1154 1526 1088
f 1088 1526 1089
f 1109 1112 1092
f 1092 1112 1093
f 1083 1098 1084
f 1084 1098 1097
f 1078 1471 1100
f 1100 1471 1101
f 1075 1078 1104
f 1104 1078 1100
f 1152 1154 1156
f 1156 1154 1088
f 1156 1155 1372
f 1372 1155 1373
f 1372 1373 1104
f 1104 1373 1075
f 1467 1109 1465
f 1465 1109 1092
f 1465 1182 1468
f 1468 1182 1184
f 1474 1470 1096
f 1096 1470 1097
f 1102 1101 1083
f 1083 1101 1098
f 1112 1531 1093
f 1093 1531 1529
f 1102 1073 1099
f 1099 1073 1072
f 1526 1154 1079
f 1079 1154 1080
f 1081 1091 1082
f 1082 1091 1094
f 1069 1068 1085
f 1085 1068 1086
f 1153 1151 1080
f 1080 1151 1058
f 1371 1177 1179
f 1179 1177 1176
f 1099 1072 1103
f 1103 1072 1176
f 1068 1071 1086
f 1086 1071 1073
f 1085 1084 1180
f 1180 1084 1469
f 1066 1065 1183
f 1183 1065 1181
f 1153 1152 1177
f 1177 1152 1178
f 1091 1081 1182
f 1182 1081 1183
f 1057 1525 1079
f 1079 1525 1527
f 1120 1117 1076
f 1076 1117 1077
f 1087 1090 1107
f 1107 1090 1108
f 1127 1126 1110
f 1110 1126 1111
f 1095 1116 1096
f 1096 1116 1115
f 1471 1078 1119
f 1119 1078 1077
f 1087 1107 1155
f 1155 1107 1158
f 1376 1374 1157
f 1157 1374 1158
f 1076 1075 1374
f 1374 1075 1373
f 1109 1467 1110
f 1110 1467 1472
f 1467 1466 1472
f 1472 1466 1473
f 1135 1475 1114
f 1114 1475 1115
f 1471 1119 1095
f 1095 1119 1116
f 1126 1532 1111
f 1111 1532 1530
f 914 1276 1480
f 1480 1276 1517
f 3127 3128 1223
f 1223 3128 1224
f 824 933 1455
f 1455 933 3129
f 3131 1448 3130
f 3130 1448 1447
f 3132 3133 1452
f 1452 3133 1453
f 3130 1447 1322
f 1322 1447 1455
f 933 1514 3129
f 3129 1514 3134
f 1161 3135 1480
f 1480 3135 1481
f 3128 3136 1224
f 1224 3136 1499
f 3133 1162 1453
f 1453 1162 1517
f 1515 3127 1535
f 1535 3127 1223
f 3095 3085 3131
f 3131 3085 1448
f 3137 3092 3085
f 3085 3092 3086
f 3138 3116 3137
f 3137 3116 3092
f 3110 3109 3117
f 3117 3109 3139
f 3105 3140 3117
f 3117 3140 3118
f 3140 3141 3118
f 3118 3141 3119
f 3142 3120 3141
f 3141 3120 3119
f 1498 3143 1277
f 1277 3143 882
f 3144 3145 1340
f 1340 3145 1339
f 1340 3146 3144
f 3144 3146 3147
f 3145 3144 3143
f 3143 3144 3148
f 871 901 872
f 872 901 1362
f 3149 3148 3147
f 3147 3148 3144
f 1208 3150 1209
f 3098 1786 1781
f 1781 1786 1782
f 2930 2929 3123
f 3123 2929 2911
f 1794 1791 2916
f 2916 1791 2917
f 1793 3101 2918
f 2918 3101 2919
f 1796 1794 2920
f 2920 1794 2916
f 3151 3152 2921
f 2921 3152 2922
f 3153 3154 2923
f 2923 3154 2924
f 2919 3101 2912
f 2912 3101 2913
f 3155 1796 2925
f 2925 1796 2920
f 3154 3156 2924
f 2924 3156 2926
f 1791 1793 2917
f 2917 1793 2918
f 3157 3158 2927
f 2927 3158 2928
f 1780 2930 1781
f 1781 2930 3123
f 2825 1267 1189
f 1189 1267 1190
f 2827 2828 1250
f 1250 2828 1251
f 1489 2830 1324
f 1324 2830 1325
f 923 1328 1334
f 1334 1328 1335
f 1485 2832 1482
f 1482 2832 1483
f 1266 1490 1492
f 1492 1490 1493
f 1333 1346 1334
f 1334 1346 2824
f 722 799 1492
f 1492 799 1190
f 664 657 1482
f 1482 657 2833
f 631 634 1324
f 1324 634 1493
f 2828 1494 1251
f 1251 1494 2835
f 1249 3021 1250
f 1250 3021 2838
f 798 2837 1189
f 1189 2837 2836
f 3100 842 3160
f 3160 842 3159
f 1788 3101 1789
f 1789 3101 1793
f 1792 816 1789
f 1789 816 1790
f 817 816 1795
f 1795 816 1792
f 938 817 1797
f 1797 817 1795
f 1796 3155 1797
f 1797 3155 1798
f 3155 3158 1798
f 1798 3158 1799
f 3157 3152 1801
f 1801 3152 1802
f 3151 3156 1803
f 1803 3156 1804
f 3154 3153 1805
f 1805 3153 1806
f 3153 3161 1806
f 1806 3161 1807
f 3099 843 3100
f 3100 843 842
f 1788 1787 3102
f 3102 1787 3112
f 2910 3115 3124
f 3124 3115 3122
f 3099 3098 3122
f 3122 3098 3124
f 416 1907 3052
f 3052 1907 3071
f 3046 3047 3163
f 3163 3047 3162
f 249 445 259
f 259 445 3164
f 425 3165 424
f 424 3165 461
f 408 410 329
f 329 410 330
f 39 331 40
f 40 331 332
f 305 304 423
f 423 304 464
f 385 254 458
f 458 254 392
f 250 415 251
f 251 415 412
f 233 337 234
f 234 337 3166
f 435 3055 1908
f 1908 3055 3072
f 443 1909 3056
f 3056 1909 3073
f 3167 3049 3057
f 3057 3049 444
f 452 3058 1332
f 1332 3058 3069
f 234 3166 346
f 346 3166 411
f 3046 3163 462
f 462 3163 3059
f 259 3164 260
f 260 3164 336
f 3047 417 3162
f 3162 417 3053
f 463 3168 434
f 434 3168 3054
f 454 830 425
f 425 830 3165
f 3062 3169 3063
f 3063 3169 3170
f 1355 1354 1534
f 1534 1354 3171
f 3063 3170 3068
f 3068 3170 3172
f 574 3061 3062
f 3062 3061 3169
f 1534 3171 1535
f 1535 3171 3173
f 3079 2873 3172
f 3172 2873 3068
f 2838 3025 2839
f 2839 3025 3174
f 3176 3177 3175
f 3175 3177 3178
f 3180 1125 3179
f 3179 1125 1128
f 3182 3183 3181
f 3181 3183 3184
f 1134 3185 1130
f 1130 3185 3182
f 3186 3187 3189
f 3189 3187 3188
f 3191 3189 3190
f 3190 3189 3188
f 1137 1122 3190
f 3190 1122 3192
f 3175 3178 3193
f 3193 3178 3194
f 3181 3184 3179
f 3179 3184 3195
f 3197 3198 3196
f 3196 3198 3180
f 3200 3178 3199
f 3199 3178 3177
f 3202 3196 3201
f 3201 3196 3195
f 3204 3184 3203
f 3203 3184 3183
f 3206 3207 3205
f 3205 3207 3186
f 3205 3186 3208
f 3208 3186 3189
f 3209 3208 3191
f 3191 3208 3189
f 3210 3194 3200
f 3200 3194 3178
f 3201 3195 3204
f 3204 3195 3184
f 3197 3211 3177
f 3177 3211 3199
f 3213 3214 3212
f 3212 3214 3215
f 3217 3218 3216
f 3216 3218 3219
f 3221 3222 3220
f 3220 3222 3223
f 3225 3226 3224
f 3224 3226 3227
f 3229 3230 3228
f 3228 3230 3231
f 3233 3234 3232
f 3232 3234 3235
f 3237 3238 3236
f 3236 3238 3239
f 3238 3240 3239
f 3239 3240 3241
f 3232 3235 3242
f 3242 3235 3243
f 3245 3246 3244
f 3244 3246 3247
f 3248 3249 3245
f 3245 3249 3246
f 3251 3252 3250
f 3250 3252 3253
f 3255 3252 3254
f 3254 3252 3251
f 3256 3257 3259
f 3259 3257 3258
f 3261 3262 3260
f 3260 3262 3263
f 3265 3263 3264
f 3264 3263 3262
f 3256 3259 3266
f 3266 3259 3267
f 3269 3270 3268
f 3268 3270 3271
f 3269 3272 3270
f 3270 3272 3273
f 3274 3275 3277
f 3277 3275 3276
f 3278 3279 3276
f 3276 3279 3277
f 3281 3282 3280
f 3280 3282 3283
f 3280 3284 3281
f 3281 3284 3285
f 3287 3288 3286
f 3286 3288 3289
f 3290 3291 3288
f 3288 3291 3289
f 3234 3218 3235
f 3235 3218 3217
f 3232 3292 3233
f 3233 3292 3293
f 3239 3294 3236
f 3236 3294 3219
f 3233 3293 3237
f 3237 3293 3295
f 3296 3294 3241
f 3241 3294 3239
f 3240 3238 3297
f 3297 3238 3298
f 3217 3216 3235
f 3235 3216 3243
f 3297 3299 3240
f 3240 3299 3242
f 3246 3300 3247
f 3247 3300 3223
f 3301 3302 3254
f 3254 3302 3244
f 3249 3303 3246
f 3246 3303 3300
f 3245 3304 3248
f 3248 3304 3292
f 3252 3221 3253
f 3253 3221 3220
f 3250 3248 3299
f 3299 3248 3292
f 3222 3221 3255
f 3255 3221 3252
f 3297 3301 3251
f 3251 3301 3254
f 3258 3214 3259
f 3259 3214 3213
f 3257 3256 3304
f 3304 3256 3305
f 3263 3306 3260
f 3260 3306 3215
f 3261 3257 3302
f 3302 3257 3304
f 3307 3306 3265
f 3265 3306 3263
f 3262 3301 3264
f 3264 3301 3308
f 3259 3213 3267
f 3267 3213 3212
f 3308 3309 3264
f 3264 3309 3266
f 3270 3310 3271
f 3271 3310 3231
f 3311 3312 3278
f 3278 3312 3268
f 3270 3273 3310
f 3310 3273 3313
f 3272 3269 3305
f 3305 3269 3314
f 3277 3229 3274
f 3274 3229 3228
f 3275 3272 3309
f 3309 3272 3305
f 3279 3230 3277
f 3277 3230 3229
f 3276 3308 3278
f 3278 3308 3311
f 3281 3315 3282
f 3282 3315 3227
f 3290 3316 3283
f 3283 3316 3317
f 3281 3285 3315
f 3315 3285 3318
f 3284 3280 3314
f 3314 3280 3319
f 3289 3225 3286
f 3286 3225 3224
f 3287 3284 3312
f 3284 3314 3312
f 3291 3226 3289
f 3289 3226 3225
f 3288 3311 3290
f 3290 3311 3316
f 3212 3215 3307
f 3307 3215 3306
f 3294 3296 3219
f 3219 3296 3216
f 3303 3220 3300
f 3300 3220 3223
f 3224 3227 3318
f 3318 3227 3315
f 3228 3231 3313
f 3313 3231 3310
f 3234 3233 3236
f 3236 3233 3237
f 3243 3241 3242
f 3242 3241 3240
f 3247 3255 3244
f 3244 3255 3254
f 3253 3249 3250
f 3250 3249 3248
f 3260 3258 3261
f 3261 3258 3257
f 3266 3267 3264
f 3264 3267 3265
f 3268 3271 3278
f 3278 3271 3279
f 3274 3273 3275
f 3275 3273 3272
f 3283 3282 3290
f 3290 3282 3291
f 3286 3285 3287
f 3287 3285 3284
f 3218 3234 3219
f 3219 3234 3236
f 3295 3298 3237
f 3237 3298 3238
f 3216 3296 3243
f 3243 3296 3241
f 3242 3299 3232
f 3232 3299 3292
f 3223 3222 3247
f 3247 3222 3255
f 3244 3302 3245
f 3245 3302 3304
f 3303 3249 3220
f 3220 3249 3253
f 3297 3251 3299
f 3299 3251 3250
f 3215 3214 3260
f 3260 3214 3258
f 3301 3262 3302
f 3302 3262 3261
f 3212 3307 3267
f 3267 3307 3265
f 3266 3309 3256
f 3256 3309 3305
f 3271 3231 3279
f 3279 3231 3230
f 3268 3312 3269
f 3269 3312 3314
f 3228 3313 3274
f 3274 3313 3273
f 3308 3276 3309
f 3309 3276 3275
f 3282 3227 3291
f 3291 3227 3226
f 3317 3319 3283
f 3283 3319 3280
f 3224 3318 3286
f 3286 3318 3285
f 3312 3311 3287
f 3311 3288 3287
f 3320 3321 3194
f 3194 3321 3193
f 1375 3321 1121
f 1121 3321 3322
f 3323 3324 3322
f 3322 3324 3192
f 3175 1124 3176
f 3176 1124 1123
f 3179 3195 3180
f 3180 3195 3196
f 3181 1131 3182
f 3182 1131 1130
f 3207 3185 3186
f 3186 3185 3187
f 1136 3188 1133
f 1133 3188 3187
f 3190 3188 1137
f 1137 3188 1136
f 3193 1159 3175
f 3175 1159 1124
f 3179 1128 3181
f 3181 1128 1131
f 1533 3198 1123
f 1123 3198 3176
f 3321 1375 3193
f 3193 1375 1159
f 3321 3320 3322
f 3322 3320 3323
f 1122 1121 3192
f 3192 1121 3322
f 3194 3210 3320
f 3320 3210 3325
f 3324 3323 3327
f 3327 3323 3326
f 3320 3325 3323
f 3323 3325 3326
f 3208 3328 3205
f 3205 3328 3329
f 3330 3206 3329
f 3329 3206 3205
f 3203 3331 3204
f 3204 3331 3332
f 3210 3333 3325
f 3325 3333 3334
f 3325 3334 3326
f 3326 3334 3335
f 3327 3326 3336
f 3336 3326 3335
f 3327 3209 3324
f 3324 3209 3191
f 3190 3192 3191
f 3191 3192 3324
f 3338 3339 3337
f 3337 3339 3340
f 3338 3341 3339
f 3339 3341 3342
f 3341 3343 3342
f 3342 3343 3344
f 3343 3345 3344
f 3344 3345 3346
f 3345 3347 3346
f 3346 3347 3348
f 3347 3349 3348
f 3348 3349 3350
f 3337 3340 3351
f 3351 3340 3352
f 3351 3352 3353
f 3353 3352 3354
f 3353 3354 3355
f 3355 3354 3356
f 3350 3349 3357
f 3357 3349 3358
f 3355 3356 3359
f 3359 3356 3360
f 3359 3360 3361
f 3361 3360 3362
f 3361 3362 3363
f 3363 3362 3364
f 3363 3364 3358
f 3358 3364 3357
f 3339 3342 3365
f 3365 3342 3366
f 3342 3344 3366
f 3366 3344 3367
f 3344 3346 3367
f 3367 3346 3368
f 3346 3348 3368
f 3368 3348 3369
f 3348 3350 3369
f 3369 3350 3370
f 3368 3369 3371
f 3371 3369 3372
f 3369 3370 3372
f 3372 3370 3373
f 3373 3374 3372
f 3372 3374 3375
f 3377 3378 3376
f 3376 3378 3379
f 3377 3375 3378
f 3378 3375 3374
f 3375 3380 3372
f 3372 3380 3371
f 3377 3381 3375
f 3375 3381 3380
f 3376 3382 3377
f 3377 3382 3381
f 3384 3385 3383
f 3383 3385 3386
f 3384 3383 3388
f 3388 3383 3387
f 3388 3387 3389
f 3389 3387 3390
f 3392 3385 3391
f 3391 3385 3384
f 3388 3393 3384
f 3384 3393 3391
f 3389 3394 3388
f 3388 3394 3393
f 3389 3395 3394
f 3394 3395 3396
f 3395 3389 3397
f 3397 3389 3390
f 3339 3365 3340
f 3340 3365 3398
f 3340 3398 3352
f 3352 3398 3399
f 3371 3400 3368
f 3368 3400 3367
f 3400 3401 3367
f 3367 3401 3366
f 3366 3401 3365
f 3365 3401 3402
f 3398 3365 3403
f 3403 3365 3402
f 3398 3403 3399
f 3399 3403 3404
f 3403 3405 3404
f 3404 3405 3406
f 3352 3399 3354
f 3354 3399 3407
f 3399 3404 3407
f 3407 3404 3408
f 3404 3406 3408
f 3408 3406 3409
f 3405 3410 3406
f 3406 3410 3411
f 3410 3412 3411
f 3411 3412 3413
f 3397 3414 3395
f 3395 3414 3415
f 3417 3415 3416
f 3416 3415 3412
f 3410 3418 3412
f 3412 3418 3416
f 3410 3405 3418
f 3418 3405 3419
f 3405 3403 3419
f 3419 3403 3402
f 3370 3350 3420
f 3420 3350 3357
f 3373 3370 3421
f 3421 3370 3420
f 3374 3373 3422
f 3422 3373 3421
f 3378 3374 3423
f 3423 3374 3422
f 3378 3423 3379
f 3379 3423 3424
f 3424 3425 3379
f 3379 3425 3386
f 3383 3426 3387
f 3387 3426 3427
f 3387 3427 3390
f 3390 3427 3428
f 3390 3428 3397
f 3397 3428 3429
f 3429 3430 3397
f 3397 3430 3414
f 3411 3413 3431
f 3431 3413 3432
f 3406 3411 3409
f 3409 3411 3431
f 3401 3400 3335
f 3335 3400 3336
f 3401 3335 3402
f 3402 3335 3334
f 3402 3334 3419
f 3419 3334 3333
f 3419 3333 3418
f 3418 3333 3433
f 3418 3433 3416
f 3416 3433 3434
f 3435 3417 3434
f 3434 3417 3416
f 3394 3396 3436
f 3436 3396 3437
f 3393 3394 3332
f 3332 3394 3436
f 3393 3332 3391
f 3391 3332 3331
f 3330 3392 3331
f 3331 3392 3391
f 3382 3329 3381
f 3381 3329 3328
f 3354 3407 3356
f 3356 3407 3438
f 3356 3438 3360
f 3360 3438 3439
f 3360 3439 3362
f 3362 3439 3440
f 3362 3440 3364
f 3364 3440 3441
f 3364 3441 3357
f 3357 3441 3420
f 3421 3420 3442
f 3442 3420 3441
f 3442 3441 3443
f 3443 3441 3440
f 3443 3440 3444
f 3444 3440 3439
f 3444 3439 3445
f 3445 3439 3438
f 3445 3438 3408
f 3408 3438 3407
f 3422 3421 3446
f 3446 3421 3442
f 3446 3442 3447
f 3447 3442 3443
f 3447 3443 3448
f 3448 3443 3444
f 3448 3444 3449
f 3449 3444 3445
f 3449 3445 3409
f 3409 3445 3408
f 3409 3431 3449
f 3449 3431 3450
f 3449 3450 3448
f 3448 3450 3451
f 3451 3452 3448
f 3448 3452 3447
f 3447 3452 3446
f 3446 3452 3453
f 3446 3453 3422
f 3422 3453 3423
f 3424 3423 3454
f 3454 3423 3453
f 3452 3455 3453
f 3453 3455 3454
f 3452 3451 3455
f 3455 3451 3456
f 3450 3457 3451
f 3451 3457 3456
f 3431 3432 3450
f 3450 3432 3457
f 3454 3458 3424
f 3424 3458 3425
f 3427 3426 3459
f 3459 3426 3460
f 3428 3427 3461
f 3461 3427 3459
f 3428 3461 3429
f 3429 3461 3462
f 3462 3463 3429
f 3429 3463 3430
f 3464 3465 3462
f 3462 3465 3463
f 3455 3466 3454
f 3454 3466 3458
f 3465 3464 3466
f 3466 3464 3467
f 3461 3459 3468
f 3468 3459 3469
f 3468 3469 3464
f 3464 3469 3467
f 3464 3462 3468
f 3468 3462 3461
f 3459 3460 3469
f 3469 3460 3467
f 3295 3351 3298
f 3298 3351 3353
f 3353 3355 3298
f 3298 3355 3297
f 3297 3355 3301
f 3301 3355 3359
f 3301 3359 3308
f 3308 3359 3361
f 3308 3361 3311
f 3311 3361 3363
f 3311 3363 3316
f 3316 3363 3358
f 3316 3358 3317
f 3317 3358 3349
f 3349 3347 3317
f 3317 3347 3319
f 3347 3345 3319
f 3319 3345 3314
f 3345 3343 3314
f 3314 3343 3305
f 3343 3341 3305
f 3305 3341 3304
f 3304 3341 3292
f 3292 3341 3338
f 3292 3338 3293
f 3293 3338 3337
f 3293 3337 3295
f 3295 3337 3351
f 3437 3202 3436
f 3436 3202 3201
f 3436 3201 3332
f 3332 3201 3204
f 3433 3200 3434
f 3434 3200 3199
f 3211 3435 3199
f 3199 3435 3434
f 3333 3210 3433
f 3433 3210 3200
f 3380 3470 3371
f 3400 3371 3336
f 3336 3371 3470
f 3381 3328 3380
f 3380 3328 3470
f 3470 3328 3209
f 3209 3328 3208
f 3336 3470 3327
f 3327 3470 3209
f 1545 1763 1546
f 1546 1763 1762
f 1403 1546 773
f 773 1546 770
f 1221 3013 1220
f 1220 3013 3471
f 1305 2877 1306
f 1306 2877 2879
f 1220 3471 828
f 828 3471 829
f 1217 1754 3472
f 3472 1754 1756
f 1049 3473 1048
f 1048 3473 3474
f 1371 1179 3473
f 3473 1179 3474
f 1074 3475 1179
f 1179 3475 3474
f 3474 3475 1048
f 1048 3475 1056
f 919 666 1345
f 1345 666 665
f 856 680 919
f 919 680 666
f 679 680 1449
f 1449 680 858
f 1367 878 1500
f 1500 878 877
f 1366 908 1367
f 1367 908 878
f 1512 916 1513
f 1513 916 915
f 947 1368 948
f 948 1368 1369
f 1047 1021 1044
f 1044 1021 1020
f 1370 1049 1019
f 1019 1049 1020
f 1173 1030 1174
f 1174 1030 1033
f 3126 1188 1464
f 1464 1188 1187
f 1800 1451 1512
f 1512 1451 916
f 1175 1174 1186
f 1186 1174 1187
f 1030 1173 1047
f 1047 1173 1021
f 1513 915 3476
f 3476 915 1481
f 1345 665 3477
f 3477 665 1483
f 1502 1501 876
f 876 1501 877
f 1205 1451 1803
f 1803 1451 1802
f 3479 2832 3478
f 3478 2832 2831
f 1449 858 2927
f 2927 858 2922
f 908 1366 947
f 947 1366 1368
f 949 948 3126
f 3126 948 1188
f 3480 3135 1502
f 1502 3135 1501
f 2927 2922 3157
f 3157 2922 3152
f 3477 1483 3479
f 3479 1483 2832
f 1803 1802 3151
f 3151 1802 3152
f 663 658 664
f 664 658 657
f 655 658 939
f 939 658 706
f 1512 870 1800
f 1800 870 869
f 875 874 876
f 876 874 873
f 849 874 905
f 905 874 958
f 949 962 946
f 946 962 961
f 978 3126 979
f 979 3126 1464
f 1031 1168 1032
f 1032 1168 1022
f 1045 1013 1046
f 1046 1013 1012
f 1045 1044 1056
f 1056 1044 1048
f 1047 1046 1030
f 1030 1046 1031
f 939 706 940
f 940 706 1450
f 979 1464 1032
f 1032 1464 1033
f 3480 1478 3476
f 3476 1478 3134
f 2829 1487 2830
f 2830 1487 1486
f 848 1230 873
f 873 1230 1479
f 867 870 933
f 933 870 1514
f 1800 869 1801
f 1801 869 1799
f 2830 1486 1325
f 1325 1486 2833
f 940 1450 2925
f 2925 1450 2928
f 946 961 907
f 907 961 958
f 959 962 977
f 977 962 978
f 3476 3134 1513
f 1513 3134 1514
f 2925 2928 3155
f 3155 2928 3158
f 1325 2833 656
f 656 2833 657
f 1801 1799 3157
f 3157 1799 3158
f 1074 1055 3475
f 3475 1055 1056
f 1371 3473 1370
f 1370 3473 1049
f 2884 615 3481
f 3481 615 618
f 3478 2831 2846
f 2846 2831 617
f 2831 1484 617
f 617 1484 618
f 1484 1487 618
f 618 1487 3481
f 2848 3481 2829
f 2829 3481 1487
f 1480 1517 1161
f 1161 1517 1162
f 3129 1323 1455
f 1455 1323 1322
f 3129 3134 1323
f 1323 3134 1478
f 1535 3173 1515
f 1515 3173 1516
f 3085 3095 3137
f 3137 3095 3094
f 3137 3094 3138
f 3138 3094 3104
f 3117 3139 3105
f 3105 3139 3106
f 1138 1141 3127
f 3127 1141 3128
f 3081 3131 1264
f 1264 3131 3130
f 1227 1226 3132
f 3132 1226 3133
f 1264 3130 1229
f 1229 3130 1322
f 1160 1501 1161
f 1161 1501 3135
f 1141 1476 3128
f 3128 1476 3136
f 1226 1163 3133
f 3133 1163 1162
f 1363 1138 1515
f 1515 1138 3127
f 3084 3095 3081
f 3081 3095 3131
f 3089 884 3105
f 3105 884 3140
f 884 883 3140
f 3140 883 3141
f 883 3482 3141
f 3141 3482 3142
f 3476 1481 3480
f 3480 1481 3135
f 1502 1479 3480
f 3480 1479 1478
f 3168 463 440
f 714 1880 715
f 715 1880 2905
f 896 732 2970
f 2970 732 731
f 1263 834 3082
f 3082 834 833
f 898 1231 853
f 853 1231 854
f 3125 890 2931
f 2931 890 889
f 1237 893 2851
f 2851 893 892
f 898 853 899
f 899 853 963
f 988 987 989
f 989 987 986
f 1002 1007 1003
f 1003 1007 1006
f 1038 1036 1007
f 1007 1036 1004
f 1070 1052 1005
f 1005 1052 1006
f 1069 1067 1070
f 1070 1067 1052
f 1130 1129 1134
f 1134 1129 1135
f 879 1167 880
f 880 1167 1166
f 1171 1169 1037
f 1037 1169 1038
f 1085 1180 1069
f 1069 1180 1067
f 1209 1210 879
f 879 1210 1167
f 2885 1215 1754
f 1754 1215 1214
f 1263 855 834
f 834 855 854
f 708 1244 1826
f 1826 1244 1243
f 2909 894 1254
f 1254 894 893
f 1228 1361 964
f 964 1361 1360
f 2908 2907 1436
f 1436 2907 1437
f 2990 1440 2991
f 2991 1440 1439
f 964 1360 965
f 965 1360 1454
f 950 1457 951
f 951 1457 1456
f 970 1463 971
f 971 1463 1462
f 1025 1169 984
f 984 1169 986
f 1084 1097 1469
f 1469 1097 1470
f 1096 1115 1474
f 1474 1115 1475
f 1140 1361 1141
f 1141 1361 1476
f 1212 1495 2828
f 2828 1495 1494
f 880 1166 1452
f 1452 1166 1499
f 715 2905 1504
f 1504 2905 2906
f 954 1519 955
f 955 1519 1518
f 1026 1520 992
f 992 1520 1518
f 1029 1520 1043
f 1043 1520 1521
f 997 1522 1040
f 1040 1522 1521
f 1015 1522 1016
f 1016 1522 1523
f 1523 996 1524
f 1524 996 1062
f 1057 1060 1525
f 1525 1060 1524
f 1094 1528 1082
f 1082 1528 1527
f 1526 1528 1089
f 1089 1528 1529
f 1090 1531 1108
f 1108 1531 1530
f 1125 1533 1126
f 1126 1533 1532
f 3483 1755 727
f 727 1755 1214
f 735 1814 707
f 707 1814 1813
f 2891 1834 1246
f 1246 1834 1243
f 2904 1881 1847
f 1847 1881 1848
f 1852 1855 1853
f 1853 1855 1858
f 1902 2903 1877
f 1877 2903 1878
f 2903 2904 1878
f 1878 2904 1847
f 714 713 1848
f 1848 713 1849
f 1440 2990 1883
f 1883 2990 2989
f 1883 2989 1852
f 1852 2989 1855
f 2895 1888 2892
f 2892 1888 1887
f 774 777 1877
f 1877 777 1903
f 1251 2835 1252
f 1252 2835 2834
f 1213 2844 1212
f 1212 2844 1495
f 2851 892 1213
f 1213 892 2844
f 3123 2911 3124
f 3124 2911 2910
f 887 2929 888
f 888 2929 889
f 1435 2963 1436
f 1436 2963 2961
f 1253 1438 1254
f 1254 1438 1437
f 2970 731 735
f 735 731 1814
f 733 732 2885
f 2885 732 1215
f 2901 2902 2976
f 2976 2902 2977
f 2975 2982 2976
f 2976 2982 2979
f 2899 2900 2981
f 2981 2900 2979
f 2899 2981 2898
f 2898 2981 2983
f 2986 2985 2984
f 2984 2985 2983
f 2897 2985 2896
f 2896 2985 2988
f 2991 1439 2987
f 2987 1439 2988
f 777 2978 1903
f 1903 2978 2977
f 1885 1888 1858
f 1858 1888 1853
f 3090 3088 836
f 836 3088 833
f 3083 3088 3097
f 3097 3088 3096
f 3097 3096 3104
f 3104 3096 3106
f 3111 3116 3108
f 3108 3116 3109
f 3112 3111 3114
f 3114 3111 3108
f 3113 3122 3114
f 3114 3122 3115
f 891 890 2837
f 2837 890 2834
f 951 1456 954
f 954 1456 1519
f 967 1457 936
f 936 1457 1454
f 971 1462 902
f 902 1462 963
f 1461 1463 988
f 988 1463 987
f 1466 1468 1474
f 1474 1468 1470
f 1089 1529 1090
f 1090 1529 1531
f 1184 1181 1469
f 1469 1181 1180
f 1082 1527 1061
f 1061 1527 1525
f 1129 1473 1135
f 1135 1473 1475
f 1108 1530 1105
f 1105 1530 1532
f 1452 1499 3132
f 3132 1499 3136
f 3109 3116 3139
f 3139 3116 3138
f 2912 2911 887
f 887 2911 2929
f 2836 2835 1497
f 1497 2835 1494
f 2913 3102 2910
f 2910 3102 3115
f 1133 3187 1134
f 1134 3187 3185
f 3177 3176 3197
f 3197 3176 3198
f 3203 3183 3206
f 3206 3183 3207
f 3196 3202 3197
f 3197 3202 3211
f 3183 3182 3207
f 3207 3182 3185
f 1125 3180 1533
f 1533 3180 3198
f 3331 3203 3330
f 3330 3203 3206
f 3376 3379 3385
f 3385 3379 3386
f 3382 3376 3392
f 3392 3376 3385
f 3412 3415 3413
f 3413 3415 3414
f 3417 3396 3415
f 3415 3396 3395
f 3383 3386 3426
f 3426 3386 3425
f 3413 3414 3432
f 3432 3414 3430
f 3437 3396 3435
f 3435 3396 3417
f 3329 3382 3330
f 3330 3382 3392
f 3426 3425 3460
f 3460 3425 3458
f 3432 3430 3457
f 3457 3430 3463
f 3457 3463 3456
f 3456 3463 3465
f 3460 3458 3467
f 3467 3458 3466
f 3466 3455 3465
f 3465 3455 3456
f 3202 3437 3211
f 3211 3437 3435
f 3104 3106 3138
f 3138 3106 3139
f 3132 3136 1227
f 1227 3136 1476
f 943 687 600
f 600 687 601
f 596 625 667
f 667 625 1297
f 687 686 601
f 601 686 653
f 1319 784 711
f 711 784 712
f 1811 607 783
f 783 607 712
f 862 921 917
f 917 921 920
f 3478 925 3479
f 3479 925 924
f 2846 926 3478
f 3478 926 925
f 659 662 929
f 929 662 930
f 856 921 857
f 857 921 1204
f 1206 864 1207
f 1207 864 863
f 2876 1219 2877
f 2877 1219 1218
f 667 1297 593
f 593 1297 1296
f 917 920 1333
f 1333 920 1346
f 686 693 653
f 653 693 930
f 1277 913 1498
f 1498 913 1207
f 592 1536 610
f 610 1536 711
f 864 1206 1805
f 1805 1206 1804
f 1317 1536 1900
f 1900 1536 1809
f 1900 1809 1295
f 1295 1809 1296
f 3479 924 3477
f 3477 924 2824
f 927 926 1203
f 1203 926 2847
f 3484 2859 3032
f 3032 2859 3033
f 3472 2878 1217
f 1217 2878 1218
f 2889 2888 2880
f 2880 2888 2881
f 2886 2883 2887
f 2887 2883 2882
f 929 928 2847
f 2847 928 1203
f 857 1204 2921
f 2921 1204 2926
f 1820 1819 2882
f 2882 1819 2881
f 1821 2883 2876
f 2876 2883 1219
f 782 2889 783
f 783 2889 2880
f 1352 3034 1353
f 1353 3034 3033
f 3031 3034 3041
f 3041 3034 3043
f 944 943 3043
f 3043 943 600
f 1339 3145 1498
f 1498 3145 3143
f 1208 882 3148
f 3148 882 3143
f 2921 2926 3151
f 3151 2926 3156
f 3477 2824 1345
f 1345 2824 1346
f 1805 1804 3154
f 3154 1804 3156
f 886 3103 883
f 883 3103 3482
f 841 1248 3485
f 3485 1248 3121
f 2811 2819 2812
f 2812 2819 2816
f 2818 2815 2817
f 2817 2815 2806
f 2817 2816 2818
f 2818 2816 2819
f 2793 2795 2819
f 2819 2795 2818
f 243 352 2793
f 2793 352 2795
f 242 353 243
f 243 353 352
f 359 191 242
f 242 191 353
f 247 192 359
f 359 192 191
f 157 193 247
f 247 193 192
f 156 194 157
f 157 194 193
f 378 261 156
f 156 261 194
f 378 381 261
f 261 381 195
f 195 381 196
f 196 381 376
f 196 376 198
f 198 376 375
f 375 1776 198
f 198 1776 197
f 1776 1767 197
f 197 1767 274
f 181 274 199
f 199 274 1767
f 568 566 564
f 564 566 563
f 568 569 566
f 566 569 567
f 501 1773 1771
f 1771 1773 578
f 547 579 1773
f 1773 579 578
f 3486 470 474
f 474 470 469
f 450 582 3487
f 3487 582 3488
f 582 583 3488
f 3488 583 3489
f 583 584 3489
f 3489 584 3490
f 3490 584 3491
f 3491 584 543
f 470 3486 466
f 466 3486 467
f 3489 3490 503
f 503 3490 504
f 503 3492 3489
f 3489 3492 3488
f 3492 503 3493
f 3493 503 502
f 3495 3492 3494
f 3494 3492 3493
f 3487 3488 3495
f 3495 3488 3492
f 468 1774 465
f 465 1774 570
f 3494 3493 1775
f 1775 3493 1771
f 3490 3491 504
f 504 3491 1772
f 3491 543 1772
f 1772 543 548
f 450 3487 474
f 474 3487 3486
f 3495 467 3487
f 3487 467 3486
f 3494 468 3495
f 3495 468 467
f 468 3494 1774
f 1774 3494 1775
f 501 1771 502
f 502 1771 3493
f 527 366 384
f 384 366 365
f 522 524 527
f 527 524 366
f 521 534 522
f 522 534 524
f 530 535 521
f 521 535 534
f 508 486 513
f 513 486 532
f 513 532 541
f 541 532 535
f 667 668 596
f 596 668 597
f 1294 1297 624
f 624 1297 625
f 603 641 604
f 604 641 640
f 1290 1293 650
f 650 1293 651
f 1758 691 660
f 660 691 661
f 602 671 599
f 599 671 670
f 654 662 690
f 690 662 661
f 2856 598 695
f 695 598 597
f 602 654 671
f 671 654 690
f 604 640 676
f 676 640 704
f 1826 1829 708
f 708 1829 709
f 1288 1284 740
f 740 1284 741
f 755 754 758
f 758 754 759
f 2853 2856 932
f 932 2856 695
f 689 691 1192
f 1192 691 1193
f 784 1319 1240
f 1240 1319 1241
f 1813 1816 1244
f 1244 1816 1245
f 754 1288 759
f 759 1288 740
f 1894 1242 1318
f 1318 1242 1241
f 2867 1348 1418
f 1418 1348 1347
f 676 704 673
f 673 704 1347
f 1284 1287 741
f 741 1287 1419
f 1421 1426 1422
f 1422 1426 1425
f 1758 660 615
f 615 660 616
f 1192 1191 1421
f 1421 1191 1426
f 2962 1839 1504
f 1504 1839 1505
f 941 1194 1759
f 1759 1194 1193
f 1287 1537 1419
f 1419 1537 1760
f 1882 2893 1823
f 1823 2893 1824
f 1886 1891 1827
f 1827 1891 1828
f 1887 1886 1834
f 1834 1886 1827
f 1841 716 1838
f 1838 716 1505
f 782 784 1850
f 1850 784 1240
f 1239 1242 1863
f 1863 1242 1864
f 1242 1894 1864
f 1864 1894 1873
f 1822 1239 1823
f 1823 1239 1863
f 1318 1317 1895
f 1895 1317 1900
f 1894 1896 1873
f 1873 1896 1897
f 1291 1896 1292
f 1292 1896 1895
f 605 1898 606
f 606 1898 1897
f 1258 1257 2854
f 2854 1257 2855
f 1257 1351 2855
f 2855 1351 2857
f 1351 1353 2857
f 2857 1353 2858
f 1353 3033 2858
f 2858 3033 2859
f 2860 2861 3036
f 3036 2861 3037
f 2862 2863 2870
f 2870 2863 3039
f 2870 2869 2862
f 2862 2869 2864
f 2868 2865 2869
f 2869 2865 2864
f 1764 2866 2868
f 2868 2866 2865
f 1537 1199 1760
f 1760 1199 1348
f 615 2884 1758
f 1758 2884 1759
f 1825 1246 2890
f 2890 1246 1245
f 2893 2892 1824
f 1824 2892 2891
f 761 2960 758
f 758 2960 2906
f 3000 2943 2940
f 2940 2943 2941
f 2968 710 2950
f 2950 710 709
f 1764 1423 2866
f 2866 1423 2953
f 1423 645 2953
f 2953 645 2954
f 645 644 2954
f 2954 644 2955
f 644 738 2955
f 2955 738 2956
f 738 764 2956
f 2956 764 2957
f 764 763 2957
f 2957 763 2958
f 763 2908 2958
f 2958 2908 2959
f 2908 1436 2959
f 2959 1436 2961
f 1837 2964 1435
f 1435 2964 2963
f 1837 2937 2964
f 2964 2937 2965
f 2936 2968 2966
f 2966 2968 2950
f 1840 2942 1838
f 1838 2942 2941
f 2939 2949 2940
f 2940 2949 3006
f 2939 2942 2966
f 2966 2942 2965
f 1822 1825 1850
f 1850 1825 2890
f 1891 3005 1828
f 1828 3005 3006
f 3035 3038 3045
f 3045 3038 3042
f 3045 3044 3035
f 3035 3044 3040
f 669 1422 3045
f 3045 1422 3044
f 599 670 3041
f 3041 670 3042
f 931 3067 932
f 932 3067 3065
f 2853 3066 2854
f 2854 3066 3076
f 3067 3496 3065
f 3065 3496 3497
f 3066 3498 3076
f 3076 3498 3499
f 707 1813 708
f 708 1813 1244
f 2960 2962 2906
f 2906 2962 1504
f 2892 1887 2891
f 2891 1887 1834
f 1839 2962 2963
f 2963 2962 2961
f 595 626 596
f 596 626 625
f 623 626 3484
f 3484 626 2859
f 1291 1290 606
f 606 1290 603
f 1290 650 603
f 603 650 641
f 641 650 642
f 642 650 649
f 2860 2863 649
f 649 2863 642
f 3036 3039 2860
f 2860 3039 2863
f 3035 3040 3036
f 3036 3040 3039
f 1294 1293 1295
f 1295 1293 1292
f 624 651 1294
f 1294 651 1293
f 623 652 624
f 624 652 651
f 3484 2861 623
f 623 2861 652
f 3032 3037 3484
f 3484 3037 2861
f 3031 3038 3032
f 3032 3038 3037
f 3481 2848 2884
f 2884 2848 942
f 2846 617 1427
f 1427 617 616
f 3049 3167 3048
f 3048 3167 3500
f 1906 3048 3070
f 3070 3048 3500
f 1337 1768 3501
f 3501 1768 3502
f 3020 3503 3021
f 3021 3503 3024
f 2914 3023 3020
f 3020 3023 3503
f 859 1770 860
f 860 1770 3504
f 1336 3505 1768
f 1768 3505 3502
f 3065 3497 3066
f 3066 3497 3498
f 2814 3075 3067
f 3067 3075 3496
f 2839 3174 766
f 766 3174 3017
f 1337 3501 1338
f 1338 3501 1769
f 767 3018 3026
f 3026 3018 3506
f 3076 3499 3064
f 3064 3499 3507
f 727 730 3483
f 3483 730 3030
f 3064 3507 2871
f 2871 3507 3077
f 3100 3160 1786
f 1786 3160 1784
f 3026 3506 752
f 752 3506 3015
f 860 3504 2923
f 2923 3504 3508
f 753 3016 3027
f 3027 3016 3509
f 3027 3509 3008
f 3008 3509 3028
f 1782 1785 1783
f 1783 1785 3022
f 2923 3508 3153
f 3153 3508 3161
f 3148 3149 1208
f 1208 3149 3150
f 1335 1328 3510
f 3510 1328 1327
f 1336 1335 3505
f 3505 1335 3510
f 866 3511 1340
f 1340 3511 3146
f 865 1808 866
f 866 1808 3511
f 842 841 3159
f 3159 841 3485
f 2849 3512 1329
f 1329 3512 1326
f 1202 1331 2849
f 2849 1331 3512
f 3514 3515 3513
f 3513 3515 3516
f 3518 3516 3517
f 3517 3516 3515
f 3519 3520 3514
f 3514 3520 3515
f 3522 3523 3521
f 3521 3523 3524
f 3526 3527 3525
f 3525 3527 3528
f 3530 3531 3529
f 3529 3531 3532
f 3534 3535 3533
f 3533 3535 3536
f 3529 3532 3537
f 3537 3532 3538
f 3537 3539 3529
f 3529 3539 3540
f 3542 3543 3541
f 3541 3543 3544
f 3546 3547 3545
f 3545 3547 3548
f 3550 3534 3549
f 3549 3534 3533
f 3550 3543 3551
f 3551 3543 3552
f 3537 3545 3539
f 3539 3545 3548
f 3553 3554 3556
f 3556 3554 3555
f 3537 3557 3545
f 3545 3557 3546
f 3558 3559 3561
f 3561 3559 3560
f 3563 3564 3562
f 3562 3564 3565
f 3564 3563 3566
f 3566 3563 3567
f 3569 3570 3568
f 3568 3570 3571
f 3573 3574 3572
f 3572 3574 3575
f 3577 3578 3576
f 3576 3578 3579
f 3581 3582 3580
f 3580 3582 3583
f 3585 3586 3584
f 3584 3586 3579
f 3586 3587 3579
f 3579 3587 3576
f 3589 3590 3588
f 3588 3590 3591
f 3592 3593 3595
f 3595 3593 3594
f 3597 3598 3596
f 3596 3598 3595
f 3583 3600 3599
f 3599 3600 3601
f 3603 3599 3602
f 3602 3599 3601
f 3605 3606 3604
f 3604 3606 3607
f 3608 3555 3596
f 3596 3555 3554
f 3597 3610 3609
f 3609 3610 3565
f 3564 3611 3565
f 3565 3611 3609
f 3611 3564 3612
f 3612 3564 3566
f 3613 3614 3569
f 3569 3614 3570
f 3615 3616 3573
f 3573 3616 3574
f 3517 3617 3518
f 3518 3617 3618
f 3620 3621 3619
f 3619 3621 3622
f 3624 3625 3623
f 3623 3625 3626
f 3628 3629 3627
f 3627 3629 3630
f 3632 3633 3631
f 3631 3633 3634
f 3636 3637 3635
f 3635 3637 3638
f 3640 3641 3639
f 3639 3641 3642
f 3643 3644 3639
f 3639 3644 3640
f 3646 3513 3645
f 3645 3513 3647
f 3648 3514 3646
f 3646 3514 3513
f 3649 3519 3648
f 3648 3519 3514
f 3650 3651 3527
f 3527 3651 3652
f 3654 3651 3653
f 3653 3651 3650
f 3568 3571 3655
f 3655 3571 3656
f 3657 3658 3653
f 3653 3658 3659
f 3661 3662 3660
f 3660 3662 3658
f 3664 3665 3663
f 3663 3665 3666
f 3667 3657 3650
f 3650 3657 3653
f 3669 3523 3668
f 3668 3523 3670
f 3672 3673 3671
f 3671 3673 3674
f 3676 3677 3675
f 3675 3677 3678
f 3671 3674 3676
f 3676 3674 3677
f 3680 3681 3679
f 3679 3681 3682
f 3683 3684 3680
f 3680 3684 3681
f 3685 3686 3661
f 3661 3686 3662
f 3686 3687 3662
f 3662 3687 3688
f 3684 3683 3689
f 3689 3683 3690
f 3692 3693 3691
f 3691 3693 3694
f 3691 3694 3695
f 3695 3694 3696
f 3698 3699 3697
f 3697 3699 3700
f 3702 3703 3701
f 3701 3703 3704
f 3705 3706 3519
f 3519 3706 3520
f 3673 3672 3707
f 3707 3672 3708
f 3709 3710 3682
f 3682 3710 3679
f 3711 3712 3692
f 3692 3712 3693
f 3714 3715 3713
f 3713 3715 3716
f 3718 3700 3717
f 3717 3700 3699
f 3720 3721 3719
f 3719 3721 3722
f 3724 3725 3723
f 3723 3725 3726
f 3727 3728 3730
f 3730 3728 3729
f 3722 3721 3731
f 3731 3721 3732
f 3697 3700 3733
f 3733 3700 3714
f 3733 3714 3734
f 3734 3714 3713
f 3721 3723 3732
f 3732 3723 3735
f 3720 3736 3724
f 3724 3736 3737
f 3700 3718 3714
f 3714 3718 3715
f 3717 3699 3738
f 3738 3699 3739
f 3536 3740 3533
f 3533 3740 3540
f 3742 3743 3741
f 3741 3743 3744
f 3746 3747 3745
f 3745 3747 3748
f 3750 3751 3749
f 3749 3751 3752
f 3627 3632 3628
f 3628 3632 3631
f 3754 3755 3753
f 3753 3755 3626
f 3562 3565 3756
f 3756 3565 3610
f 3527 3652 3528
f 3528 3652 3757
f 3758 3524 3669
f 3669 3524 3523
f 3582 3598 3583
f 3583 3598 3600
f 3759 3670 3522
f 3522 3670 3523
f 3675 3678 3760
f 3760 3678 3761
f 3762 3763 3690
f 3690 3763 3689
f 3765 3766 3764
f 3764 3766 3767
f 3768 3739 3698
f 3698 3739 3699
f 3726 3725 3770
f 3770 3725 3769
f 3645 3647 3771
f 3771 3647 3772
f 3645 3678 3646
f 3646 3678 3677
f 3646 3677 3648
f 3648 3677 3674
f 3673 3649 3674
f 3674 3649 3648
f 3707 3773 3673
f 3673 3773 3649
f 3775 3776 3774
f 3774 3776 3777
f 3779 3526 3778
f 3778 3526 3525
f 3526 3779 3667
f 3667 3779 3780
f 3780 3781 3667
f 3667 3781 3657
f 3672 3679 3708
f 3708 3679 3710
f 3671 3680 3672
f 3672 3680 3679
f 3676 3683 3671
f 3671 3683 3680
f 3675 3690 3676
f 3676 3690 3683
f 3760 3762 3675
f 3675 3762 3690
f 3682 3681 3783
f 3783 3681 3782
f 3689 3784 3684
f 3684 3784 3785
f 3684 3785 3681
f 3681 3785 3782
f 3786 3709 3783
f 3783 3709 3682
f 3784 3689 3787
f 3787 3689 3763
f 3789 3557 3788
f 3788 3557 3790
f 3792 3793 3791
f 3791 3793 3794
f 3616 3615 3795
f 3795 3615 3796
f 3797 3798 3727
f 3727 3798 3728
f 3800 3801 3799
f 3799 3801 3802
f 3803 3578 3592
f 3592 3578 3593
f 3805 3806 3804
f 3804 3806 3807
f 3599 3603 3585
f 3585 3603 3586
f 3587 3586 3604
f 3604 3586 3603
f 3588 3591 3794
f 3794 3591 3791
f 3581 3803 3582
f 3582 3803 3592
f 3594 3561 3608
f 3608 3561 3790
f 3662 3688 3808
f 3808 3688 3809
f 3665 3664 3810
f 3810 3664 3811
f 3719 3812 3720
f 3720 3812 3736
f 3717 3813 3718
f 3718 3813 3737
f 3723 3721 3724
f 3724 3721 3720
f 3813 3717 3814
f 3814 3717 3738
f 3815 3816 303
f 303 3816 304
f 3818 3819 3817
f 3817 3819 3820
f 3578 3803 3579
f 3579 3803 3584
f 3558 3593 3577
f 3577 3593 3578
f 3822 3823 3821
f 3821 3823 3824
f 3546 3826 3825
f 3825 3826 3827
f 3828 3829 3547
f 3547 3829 3541
f 3831 3542 3830
f 3830 3542 3832
f 3834 3822 3833
f 3833 3822 3821
f 3835 3836 3827
f 3827 3836 3825
f 3800 3799 3828
f 3828 3799 3829
f 3830 3832 3837
f 3837 3832 3838
f 331 330 3551
f 3551 330 3839
f 3831 333 3552
f 3552 333 332
f 3819 3797 3841
f 3841 3797 3840
f 3513 3516 3647
f 3647 3516 3746
f 337 336 3745
f 3745 336 3772
f 3525 3528 3775
f 3775 3528 3749
f 3610 3597 3554
f 3554 3597 3596
f 3706 3702 3520
f 3520 3702 3701
f 3756 3610 3553
f 3553 3610 3554
f 3757 3750 3528
f 3528 3750 3749
f 3517 3515 3701
f 3701 3515 3520
f 3842 3584 3581
f 3581 3584 3803
f 3525 3775 3778
f 3778 3775 3774
f 3638 3843 3635
f 3635 3843 3618
f 3617 3621 3618
f 3618 3621 3635
f 3617 3517 3704
f 3704 3517 3701
f 3521 3624 3522
f 3522 3624 3623
f 3749 3844 3775
f 3775 3844 3776
f 3846 3847 3845
f 3845 3847 3848
f 3843 3747 3618
f 3618 3747 3518
f 3850 3851 3849
f 3849 3851 3748
f 3853 3854 3852
f 3852 3854 3855
f 3856 3857 3622
f 3622 3857 3619
f 3859 3860 3858
f 3858 3860 3861
f 3862 3844 3752
f 3752 3844 3749
f 3863 3759 3623
f 3623 3759 3522
f 3864 3777 3630
f 3630 3777 3776
f 3713 3865 3734
f 3734 3865 3866
f 3868 3869 3867
f 3867 3869 3870
f 3872 3873 3871
f 3871 3873 3874
f 3876 3877 3875
f 3875 3877 3878
f 3879 3880 3878
f 3878 3880 3881
f 3882 3883 3885
f 3885 3883 3884
f 3780 3886 3781
f 3781 3886 3887
f 3888 3685 3869
f 3869 3685 3661
f 3880 3879 3883
f 3883 3879 3884
f 3693 3783 3694
f 3694 3783 3782
f 3696 3785 3764
f 3764 3785 3784
f 3694 3782 3696
f 3696 3782 3785
f 3693 3786 3783
f 3787 3765 3784
f 3784 3765 3764
f 386 385 3765
f 3765 385 3766
f 3695 3889 3691
f 3691 3889 3890
f 3691 3890 3692
f 3692 3890 3891
f 3892 3711 3891
f 3891 3711 3692
f 3767 3893 3695
f 3695 3893 3889
f 3766 3894 3767
f 3767 3894 3893
f 3882 3885 3895
f 3895 3885 3896
f 3898 3698 3897
f 3897 3698 3697
f 3897 3697 3899
f 3899 3697 3733
f 3899 3733 3900
f 3900 3733 3734
f 3901 3768 3898
f 3898 3768 3698
f 3901 3902 3768
f 3768 3902 3903
f 3904 3905 3907
f 3907 3905 3906
f 3869 3661 3870
f 3870 3661 3660
f 3908 3909 3896
f 3896 3909 3895
f 3909 3758 3895
f 3895 3758 3669
f 3751 3531 3752
f 3752 3531 3848
f 3858 3536 3854
f 3854 3536 3535
f 3652 3562 3757
f 3757 3562 3756
f 3651 3654 3563
f 3563 3654 3567
f 3655 3656 3808
f 3808 3656 3659
f 3530 3740 3845
f 3845 3740 3861
f 3751 3750 3556
f 3556 3750 3553
f 3817 3820 3796
f 3796 3820 3795
f 410 409 3910
f 3910 409 3855
f 3750 3757 3553
f 3553 3757 3756
f 3908 3886 3909
f 3909 3886 3780
f 409 411 3855
f 3855 411 3851
f 413 412 3760
f 3760 412 3762
f 415 414 3763
f 3763 414 3787
f 3790 3557 3538
f 3538 3557 3537
f 3555 3608 3538
f 3538 3608 3790
f 3574 3911 3575
f 3575 3911 3912
f 3535 3534 3910
f 3910 3534 3839
f 3831 3552 3542
f 3542 3552 3543
f 3534 3550 3839
f 3839 3550 3551
f 3543 3550 3544
f 3544 3550 3549
f 3913 3914 3916
f 3916 3914 3915
f 3806 3805 3589
f 3589 3805 3590
f 3849 3843 3917
f 3917 3843 3638
f 3853 3644 3859
f 3859 3644 3742
f 3747 3746 3518
f 3518 3746 3516
f 3695 3696 3767
f 3767 3696 3764
f 3903 3918 3768
f 3768 3918 3739
f 3738 3739 3816
f 3816 3739 3918
f 3919 3920 3769
f 3769 3920 3770
f 3921 3726 3922
f 3922 3726 3770
f 3678 3645 3761
f 3761 3645 3771
f 3924 3913 3923
f 3923 3913 3916
f 3802 3925 3838
f 3838 3925 3837
f 3577 3926 3558
f 3558 3926 3559
f 3815 3919 3814
f 3814 3919 3769
f 3927 3928 3822
f 3822 3928 3823
f 3829 3832 3541
f 3541 3832 3542
f 3834 3927 3822
f 3832 3829 3838
f 3838 3829 3799
f 3745 3772 3746
f 3746 3772 3647
f 3849 3748 3843
f 3843 3748 3747
f 3854 3853 3858
f 3858 3853 3859
f 3854 3535 3855
f 3855 3535 3910
f 3557 3789 3546
f 3546 3789 3826
f 3923 3823 3924
f 3924 3823 3928
f 3823 3923 3929
f 3929 3923 3930
f 3531 3751 3532
f 3532 3751 3556
f 3532 3556 3538
f 3538 3556 3555
f 3932 3634 3931
f 3931 3634 3633
f 3814 3769 3813
f 3813 3769 3725
f 3620 3636 3621
f 3621 3636 3635
f 3847 3862 3848
f 3848 3862 3752
f 3531 3530 3848
f 3848 3530 3845
f 3933 3934 3830
f 3830 3934 3831
f 3925 3933 3837
f 3837 3933 3830
f 3934 440 3831
f 3831 440 333
f 3925 3802 3833
f 3833 3802 3801
f 3776 3844 3630
f 3630 3844 3627
f 3808 3659 3662
f 3662 3659 3658
f 3667 3650 3526
f 3526 3650 3527
f 3935 3666 3936
f 3936 3666 3665
f 3718 3737 3715
f 3715 3737 3736
f 3663 3809 3664
f 3664 3809 3688
f 3807 3806 3938
f 3938 3806 3937
f 445 413 3761
f 3761 413 3760
f 3902 447 3903
f 3903 447 446
f 3897 3890 3898
f 3898 3890 3889
f 3899 3891 3897
f 3897 3891 3890
f 3898 3889 3901
f 3901 3889 3893
f 3893 3894 3901
f 3901 3894 3902
f 414 386 3787
f 3787 386 3765
f 3940 3941 3939
f 3939 3941 3942
f 3840 3797 3943
f 3943 3797 3727
f 3665 3810 3936
f 3936 3810 3944
f 3921 3735 3726
f 3726 3735 3723
f 3920 3945 3770
f 3770 3945 3922
f 3521 3524 3774
f 3774 3524 3778
f 3864 3946 3625
f 3625 3946 3947
f 3773 3705 3649
f 3649 3705 3519
f 3779 3778 3758
f 3758 3778 3524
f 3812 3716 3736
f 3736 3716 3715
f 3624 3521 3777
f 3777 3521 3774
f 3703 3856 3704
f 3704 3856 3622
f 3900 3892 3899
f 3899 3892 3891
f 3641 3917 3642
f 3642 3917 3948
f 3895 3669 3882
f 3882 3669 3668
f 3855 3851 3852
f 3852 3851 3850
f 3894 458 3902
f 3902 458 447
f 3781 3887 3660
f 3660 3887 3870
f 3570 3566 3571
f 3571 3566 3567
f 3950 3576 3949
f 3949 3576 3587
f 3605 3602 3614
f 3614 3602 3612
f 3614 3612 3570
f 3570 3612 3566
f 3571 3567 3656
f 3656 3567 3654
f 3660 3658 3781
f 3781 3658 3657
f 3604 3607 3587
f 3587 3607 3949
f 3653 3659 3654
f 3654 3659 3656
f 3529 3540 3530
f 3530 3540 3740
f 3687 3811 3688
f 3688 3811 3664
f 3813 3725 3737
f 3737 3725 3724
f 3919 3815 461
f 461 3815 303
f 3818 3798 3819
f 3819 3798 3797
f 3819 3841 3820
f 3820 3841 3951
f 3816 3815 3738
f 3738 3815 3814
f 3540 3539 3533
f 3533 3539 3549
f 3548 3547 3544
f 3544 3547 3541
f 3539 3548 3549
f 3549 3548 3544
f 3741 3931 3860
f 3860 3931 3846
f 3801 3800 3835
f 3835 3800 3836
f 3934 3933 3824
f 3824 3933 3821
f 3825 3828 3546
f 3546 3828 3547
f 3833 3821 3925
f 3925 3821 3933
f 3800 3828 3836
f 3836 3828 3825
f 3824 3952 3934
f 3934 3952 440
f 3860 3846 3861
f 3861 3846 3845
f 3629 3946 3630
f 3630 3946 3864
f 3740 3536 3861
f 3861 3536 3858
f 3833 3801 3834
f 3834 3801 3835
f 3583 3599 3580
f 3580 3599 3585
f 3651 3563 3652
f 3652 3563 3562
f 3758 3909 3779
f 3779 3909 3780
f 3621 3617 3622
f 3622 3617 3704
f 3625 3947 3626
f 3626 3947 3753
f 3633 3632 3847
f 3847 3632 3862
f 3852 3850 3640
f 3640 3850 3641
f 3644 3853 3640
f 3640 3853 3852
f 3859 3742 3860
f 3860 3742 3741
f 3632 3627 3862
f 3862 3627 3844
f 3755 3863 3626
f 3626 3863 3623
f 3917 3638 3948
f 3948 3638 3637
f 3644 3643 3742
f 3742 3643 3743
f 3931 3633 3846
f 3846 3633 3847
f 3625 3624 3864
f 3864 3624 3777
f 3917 3641 3849
f 3849 3641 3850
f 3744 3932 3741
f 3741 3932 3931
f 3903 446 3918
f 3918 446 464
f 3953 3954 3956
f 3956 3954 3955
f 3958 3959 3957
f 3957 3959 3960
f 3876 3958 3877
f 3877 3958 3957
f 3877 3957 3961
f 3961 3957 3962
f 3963 3964 3958
f 3958 3964 3959
f 3965 3966 3876
f 3876 3966 3958
f 3966 3963 3958
f 3966 3967 3963
f 3963 3967 3968
f 3878 3877 3879
f 3879 3877 3961
f 3967 3969 3968
f 3968 3969 3970
f 3969 3971 3970
f 3970 3971 3972
f 3974 3904 3973
f 3973 3904 3907
f 3971 3975 3972
f 3972 3975 3976
f 3976 3975 3978
f 3978 3975 3977
f 3979 3980 3977
f 3977 3980 3978
f 3981 3982 3979
f 3979 3982 3980
f 3983 3984 3981
f 3981 3984 3982
f 3972 3985 3970
f 3970 3985 3986
f 3871 3987 3969
f 3969 3987 3971
f 3872 3871 3967
f 3967 3871 3969
f 3965 3872 3966
f 3966 3872 3967
f 3970 3986 3968
f 3968 3986 3988
f 3879 3961 3884
f 3884 3961 3940
f 3884 3940 3885
f 3885 3940 3939
f 3989 3990 3992
f 3992 3990 3991
f 3942 3993 3995
f 3995 3993 3994
f 3994 3996 3995
f 3995 3996 3974
f 3997 3998 3994
f 3994 3998 3996
f 3999 3997 3993
f 3993 3997 3994
f 4001 3996 4000
f 4000 3996 3998
f 4000 3998 4002
f 4002 3998 4003
f 4004 4003 3997
f 3997 4003 3998
f 3997 3999 4004
f 4004 3999 4005
f 4006 3995 3973
f 3973 3995 3974
f 3939 3942 4006
f 4006 3942 3995
f 3906 3887 3907
f 3907 3887 3886
f 3887 3906 3870
f 3870 3906 3867
f 3908 3973 3886
f 3886 3973 3907
f 3865 4007 3866
f 3866 4007 4008
f 3984 3983 4009
f 4009 3983 4010
f 3961 3962 3940
f 3940 3962 3941
f 4012 3868 4011
f 4011 3868 3867
f 4013 3975 3987
f 3987 3975 3971
f 4014 3977 4013
f 4013 3977 3975
f 4015 4010 4007
f 4007 4010 3983
f 4007 3983 4008
f 4008 3983 3981
f 4008 3981 4016
f 4016 3981 3979
f 4017 3984 4018
f 4018 3984 4009
f 3977 4014 3979
f 3979 4014 4016
f 3982 3984 4019
f 4019 3984 4017
f 4021 4022 4020
f 4020 4022 4023
f 4022 4012 4023
f 4023 4012 4011
f 4023 3904 4020
f 4020 3904 3974
f 4024 4025 4018
f 4018 4025 4017
f 4026 4027 4024
f 4024 4027 4025
f 4028 4026 4029
f 4029 4026 4024
f 4018 4021 4024
f 4024 4021 4029
f 4030 4031 4026
f 4026 4031 4027
f 4032 4030 4028
f 4028 4030 4026
f 4029 4001 4028
f 4028 4001 4000
f 4028 4000 4032
f 4032 4000 4002
f 4034 4035 4033
f 4033 4035 4036
f 4037 4038 4019
f 4019 4038 4039
f 4041 4039 4040
f 4040 4039 4038
f 4040 4038 4042
f 4042 4038 4036
f 4042 4036 4043
f 4043 4036 4035
f 3985 4044 4046
f 4046 4044 4045
f 4047 4048 4045
f 4045 4048 4046
f 4047 4049 4048
f 4048 4049 4050
f 4042 4047 4040
f 4040 4047 4045
f 4043 4049 4042
f 4042 4049 4047
f 4040 4045 4041
f 4041 4045 4044
f 4052 3959 4051
f 4051 3959 3964
f 4053 4054 4051
f 4051 4054 4055
f 3956 3960 4052
f 4052 3960 3959
f 3953 3956 4056
f 4056 3956 4052
f 4058 3953 4057
f 4057 3953 4056
f 4060 4061 4059
f 4059 4061 4062
f 4063 4064 4054
f 4054 4064 4057
f 4054 4053 4063
f 4063 4053 4065
f 4066 4067 4069
f 4069 4067 4068
f 4048 4050 4063
f 4063 4050 4064
f 4063 4065 4048
f 4048 4065 4046
f 3985 4046 3986
f 3986 4046 4065
f 3986 4065 3988
f 3988 4065 4053
f 3988 4053 3964
f 3964 4053 4051
f 3976 3978 4044
f 4044 3978 4041
f 3980 3982 4039
f 4039 3982 4019
f 4039 4041 3980
f 3980 4041 3978
f 3973 3908 4006
f 4006 3908 3896
f 3885 3939 3896
f 3896 3939 4006
f 4031 4034 4027
f 4027 4034 4033
f 4027 4033 4025
f 4025 4033 4037
f 4019 4017 4037
f 4037 4017 4025
f 3993 3942 4070
f 4070 3942 3941
f 3999 3993 4071
f 4071 3993 4070
f 3999 4071 4005
f 4005 4071 4072
f 4073 4074 4076
f 4076 4074 4075
f 4078 4079 4077
f 4077 4079 4080
f 4082 4080 4081
f 4081 4080 4079
f 4084 4085 4083
f 4083 4085 4086
f 4087 4088 4090
f 4090 4088 4089
f 4092 4093 4091
f 4091 4093 4094
f 4096 4097 4095
f 4095 4097 4098
f 4100 4101 4099
f 4099 4101 4102
f 4103 4104 4106
f 4106 4104 4105
f 4108 4109 4107
f 4107 4109 4110
f 4112 4113 4111
f 4111 4113 4114
f 4116 4117 4115
f 4115 4117 4118
f 4120 4121 4119
f 4119 4121 4122
f 4123 4124 4126
f 4126 4124 4125
f 4127 4128 4130
f 4130 4128 4129
f 4132 4133 4131
f 4131 4133 4134
f 4136 4108 4135
f 4135 4108 4107
f 4138 4139 4137
f 4137 4139 4140
f 4141 4142 4088
f 4088 4142 4089
f 4144 4145 4143
f 4143 4145 4146
f 4148 4149 4147
f 4147 4149 4150
f 4152 4153 4151
f 4151 4153 4154
f 4156 4082 4155
f 4155 4082 4081
f 4157 4158 4160
f 4160 4158 4159
f 4161 4162 4164
f 4164 4162 4163
f 4166 4122 4165
f 4165 4122 4121
f 4168 4152 4167
f 4167 4152 4151
f 4169 4170 4172
f 4172 4170 4171
f 4174 4175 4173
f 4173 4175 4176
f 4178 4149 4177
f 4177 4149 4179
f 4173 4176 4180
f 4180 4176 4181
f 4156 4085 4182
f 4182 4085 4183
f 4182 4184 4156
f 4156 4184 4082
f 4185 4186 4184
f 4184 4186 4187
f 4186 4188 4187
f 4187 4188 4189
f 4190 4191 4073
f 4073 4191 4074
f 4177 4179 4158
f 4158 4179 4159
f 4193 4127 4192
f 4192 4127 4130
f 4144 4194 4151
f 4151 4194 4167
f 4196 4197 4195
f 4195 4197 4198
f 4095 4199 4096
f 4096 4199 4200
f 4201 4202 4204
f 4204 4202 4203
f 4205 4206 4208
f 4208 4206 4207
f 4121 4120 4209
f 4209 4120 4210
f 4212 4213 4211
f 4211 4213 4214
f 4216 4217 4215
f 4215 4217 4218
f 4220 4221 4219
f 4219 4221 4222
f 4224 4196 4223
f 4223 4196 4195
f 4225 4226 4134
f 4134 4226 4131
f 4228 4229 4227
f 4227 4229 4230
f 4232 4233 4231
f 4231 4233 4098
f 4235 4236 4234
f 4234 4236 4237
f 4239 4240 4238
f 4238 4240 4241
f 4242 4243 4245
f 4245 4243 4244
f 4246 4247 4249
f 4249 4247 4248
f 4251 4252 4250
f 4250 4252 4253
f 4255 4256 4254
f 4254 4256 4257
f 4259 4260 4258
f 4258 4260 4261
f 4263 4264 4262
f 4262 4264 4265
f 4267 4268 4266
f 4266 4268 4269
f 4271 4199 4270
f 4270 4199 4272
f 4273 4274 4276
f 4276 4274 4275
f 4115 4118 4277
f 4277 4118 4278
f 4280 4281 4279
f 4279 4281 4282
f 4211 4283 4212
f 4212 4283 4284
f 4286 4287 4285
f 4285 4287 4288
f 4165 4121 4289
f 4289 4121 4209
f 4291 4286 4290
f 4290 4286 4285
f 4293 4294 4292
f 4292 4294 4295
f 4297 4298 4296
f 4296 4298 4299
f 4301 4302 4300
f 4300 4302 4303
f 4299 4304 4296
f 4296 4304 4305
f 4306 4292 4307
f 4307 4292 4295
f 4307 4308 4306
f 4306 4308 4309
f 4310 4309 4075
f 4075 4309 4308
f 4299 4298 4312
f 4312 4298 4311
f 4302 4301 4293
f 4293 4301 4294
f 3735 3921 4313
f 4313 3921 4314
f 4315 4314 3922
f 3922 4314 3921
f 4316 3945 829
f 829 3945 830
f 4289 4317 4165
f 4165 4317 4318
f 4320 4321 4319
f 4319 4321 4322
f 4324 4325 4323
f 4323 4325 4326
f 4327 4328 4330
f 4330 4328 4329
f 4290 4331 4291
f 4291 4331 4332
f 4165 4318 4166
f 4166 4318 4333
f 4334 4335 4337
f 4337 4335 4336
f 4339 4340 4338
f 4338 4340 4341
f 4168 4343 4342
f 4342 4343 4344
f 4346 4347 4345
f 4345 4347 4348
f 4350 4351 4349
f 4349 4351 4352
f 4354 4355 4353
f 4353 4355 4356
f 4357 4358 4324
f 4324 4358 4325
f 4337 4359 4334
f 4334 4359 4360
f 4362 4363 4361
f 4361 4363 4364
f 4366 4367 4365
f 4365 4367 4368
f 4369 4370 4372
f 4372 4370 4371
f 4331 4290 4374
f 4374 4290 4373
f 4373 4376 4375
f 4375 4376 4377
f 4379 4380 4378
f 4378 4380 4381
f 4217 4382 4218
f 4218 4382 4383
f 4385 4386 4384
f 4384 4386 4387
f 4388 4389 4338
f 4338 4389 4390
f 4337 4336 4392
f 4392 4336 4391
f 4394 4362 4393
f 4393 4362 4361
f 4396 4397 4395
f 4395 4397 4398
f 4400 4401 4399
f 4399 4401 4402
f 4345 4403 4346
f 4346 4403 4404
f 4405 4406 4342
f 4342 4406 4407
f 4409 4410 4408
f 4408 4410 4411
f 4408 4412 4409
f 4409 4412 4413
f 4181 4415 4414
f 4414 4415 4416
f 4182 4183 4417
f 4417 4183 4418
f 4419 4353 4311
f 4311 4353 4312
f 4421 4422 4420
f 4420 4422 4423
f 4353 4356 4312
f 4312 4356 4424
f 4166 4333 4425
f 4425 4333 4426
f 4425 4143 4166
f 4166 4143 4122
f 4427 4107 4428
f 4428 4107 4110
f 4429 4430 4174
f 4174 4430 4175
f 4335 4431 4336
f 4336 4431 4390
f 4336 4390 4391
f 4391 4390 4389
f 4432 4433 4435
f 4435 4433 4434
f 4437 4438 4436
f 4436 4438 4439
f 4441 4442 4440
f 4440 4442 4443
f 4359 4444 4361
f 4361 4444 4393
f 4446 4447 4445
f 4445 4447 4448
f 4338 4341 4388
f 4388 4341 4449
f 4450 4451 4398
f 4398 4451 4395
f 4453 4454 4452
f 4452 4454 4455
f 4457 4458 4456
f 4456 4458 4459
f 4460 4461 4448
f 4448 4461 4445
f 4463 4464 4462
f 4462 4464 4465
f 4462 4465 4466
f 4466 4465 4467
f 4468 4469 4467
f 4467 4469 4466
f 4469 4468 4470
f 4470 4468 4471
f 4472 4473 4471
f 4471 4473 4470
f 4475 4476 4474
f 4474 4476 4477
f 4479 4480 4478
f 4478 4480 4481
f 4483 4484 4482
f 4482 4484 4485
f 4487 4488 4486
f 4486 4488 4489
f 4491 4492 4490
f 4490 4492 4493
f 4494 4495 4493
f 4493 4495 4490
f 4496 4497 4494
f 4494 4497 4495
f 4497 4496 4498
f 4498 4496 4499
f 4500 4501 4503
f 4503 4501 4502
f 4505 4506 4504
f 4504 4506 4507
f 4466 4508 4462
f 4462 4508 4509
f 4470 4510 4469
f 4469 4510 4511
f 4513 4479 4512
f 4512 4479 4478
f 4515 4443 4514
f 4514 4443 4442
f 4516 4517 4519
f 4519 4517 4518
f 4521 4495 4520
f 4520 4495 4497
f 4522 4490 4521
f 4521 4490 4495
f 4491 4523 4488
f 4488 4523 4524
f 4525 4489 4524
f 4524 4489 4488
f 4484 4526 4485
f 4485 4526 4527
f 4503 4528 4500
f 4500 4528 4529
f 4530 4531 4533
f 4533 4531 4532
f 4535 4506 4534
f 4534 4506 4530
f 4486 4536 4487
f 4487 4536 4537
f 4487 4537 4492
f 4492 4537 4538
f 4494 4539 4496
f 4496 4539 4540
f 4542 4533 4541
f 4541 4533 4499
f 4544 4545 4543
f 4543 4545 4546
f 4548 4549 4547
f 4547 4549 4550
f 4536 4551 4537
f 4537 4551 4552
f 4537 4552 4538
f 4538 4552 4553
f 4554 4539 4556
f 4556 4539 4555
f 4557 4540 4554
f 4554 4540 4539
f 4559 4557 4558
f 4558 4557 4560
f 4540 4557 4541
f 4541 4557 4559
f 4562 4563 4561
f 4561 4563 4564
f 4546 4565 4543
f 4543 4565 4566
f 4547 4567 4548
f 4548 4567 4568
f 4570 4571 4569
f 4569 4571 4572
f 4574 4575 4573
f 4573 4575 4576
f 4578 4579 4577
f 4577 4579 4580
f 4582 4583 4581
f 4581 4583 4584
f 4585 4586 4588
f 4588 4586 4587
f 4589 4585 4590
f 4590 4585 4588
f 4592 4593 4591
f 4591 4593 4594
f 4596 4597 4595
f 4595 4597 4598
f 4600 4601 4599
f 4599 4601 4602
f 4563 4604 4603
f 4603 4604 4605
f 4603 4606 4608
f 4608 4606 4607
f 4609 4610 4594
f 4594 4610 4591
f 4611 4612 4614
f 4614 4612 4613
f 4616 4617 4615
f 4615 4617 4618
f 4602 4620 4619
f 4619 4620 4621
f 4619 4622 4602
f 4602 4622 4599
f 4605 4599 4623
f 4623 4599 4622
f 4605 4623 4603
f 4603 4623 4606
f 4625 4626 4624
f 4624 4626 4627
f 4438 4437 4628
f 4628 4437 4629
f 4442 4441 4630
f 4630 4441 4631
f 4630 4632 4442
f 4442 4632 4514
f 4633 4634 4529
f 4529 4634 4500
f 4500 4634 4501
f 4501 4634 4635
f 4637 4546 4636
f 4636 4546 4545
f 4639 4565 4638
f 4638 4565 4640
f 4573 4576 4641
f 4641 4576 4642
f 4593 4643 4594
f 4594 4643 4644
f 4645 4609 4644
f 4644 4609 4594
f 4647 4648 4646
f 4646 4648 4649
f 4651 4652 4650
f 4650 4652 4653
f 4654 4498 4519
f 4519 4498 4532
f 4520 4508 4521
f 4521 4508 4511
f 4522 4510 4523
f 4523 4510 4655
f 4524 4656 4525
f 4525 4656 4657
f 4514 4529 4515
f 4515 4529 4528
f 4658 4659 4661
f 4661 4659 4660
f 4496 4540 4499
f 4499 4540 4541
f 4493 4555 4494
f 4494 4555 4539
f 4549 4483 4550
f 4550 4483 4482
f 4545 4544 4501
f 4501 4544 4502
f 4636 4545 4635
f 4635 4545 4501
f 4589 4663 4662
f 4662 4663 4664
f 4662 4665 4558
f 4558 4665 4559
f 4569 4586 4570
f 4570 4586 4560
f 4552 4666 4553
f 4553 4666 4667
f 4668 4669 4670
f 4670 4669 4666
f 4672 4673 4671
f 4671 4673 4674
f 4287 4675 4288
f 4288 4675 4676
f 4678 4679 4677
f 4677 4679 4680
f 4681 4678 4682
f 4682 4678 4677
f 4682 4683 4681
f 4681 4683 4684
f 4161 4164 4685
f 4685 4164 4686
f 4414 4687 4689
f 4689 4687 4688
f 4405 4690 4346
f 4346 4690 4347
f 4691 4399 4693
f 4693 4399 4692
f 1209 4694 4365
f 4365 4694 4366
f 4650 1211 4651
f 4651 1211 1210
f 4695 4696 4255
f 4255 4696 4256
f 4697 4698 4218
f 4218 4698 4215
f 4700 4701 4699
f 4699 4701 4702
f 4703 4704 4303
f 4303 4704 4300
f 4315 3922 4316
f 4316 3922 3945
f 4653 4706 4705
f 4705 4706 4707
f 4709 4710 4708
f 4708 4710 4711
f 4335 4334 4713
f 4713 4334 4712
f 4714 4340 4321
f 4321 4340 4322
f 4716 4717 4715
f 4715 4717 4718
f 4238 4241 4719
f 4719 4241 4720
f 4231 4721 4307
f 4307 4721 4308
f 4723 4724 4722
f 4722 4724 4725
f 4727 4728 4726
f 4726 4728 4729
f 4730 4731 4327
f 4327 4731 4328
f 4733 4734 4732
f 4732 4734 4735
f 4720 4381 4736
f 4736 4381 4737
f 4738 4739 4741
f 4741 4739 4740
f 4743 4744 4742
f 4742 4744 4745
f 4338 4390 4339
f 4339 4390 4431
f 4746 4747 4431
f 4431 4747 4339
f 4291 4332 4289
f 4289 4332 4317
f 4289 4209 4291
f 4291 4209 4286
f 4287 4286 4210
f 4210 4286 4209
f 4749 4750 4748
f 4748 4750 4751
f 4212 4284 4752
f 4752 4284 4753
f 4752 4754 4212
f 4212 4754 4213
f 4252 4251 4225
f 4225 4251 4226
f 4227 4230 4248
f 4248 4230 4249
f 4205 4755 4757
f 4757 4755 4756
f 4708 4711 4758
f 4758 4711 4647
f 4367 4366 4759
f 4759 4366 4760
f 4526 4513 4527
f 4527 4513 4512
f 4420 4423 4385
f 4385 4423 4386
f 4705 4761 4653
f 4653 4761 4650
f 4761 1279 4650
f 4650 1279 1211
f 4762 4763 3944
f 3944 4763 3936
f 4274 4273 4765
f 4765 4273 4764
f 4767 4768 4766
f 4766 4768 4769
f 4770 4771 4769
f 4769 4771 4766
f 4771 4770 4242
f 4242 4770 4243
f 4093 4163 4094
f 4094 4163 4162
f 4772 4773 4775
f 4775 4773 4774
f 4777 4778 4776
f 4776 4778 4779
f 4417 4185 4182
f 4182 4185 4184
f 4780 4078 4781
f 4781 4078 4077
f 4781 4077 4782
f 4782 4077 4189
f 4188 4783 4189
f 4189 4783 4782
f 4295 4232 4307
f 4307 4232 4231
f 4785 4786 4784
f 4784 4786 4787
f 4784 1307 4785
f 4785 1307 1306
f 4078 4780 4096
f 4096 4780 4097
f 4075 4074 4310
f 4310 4074 4788
f 4788 4074 4789
f 4789 4074 4191
f 4789 4191 4059
f 4059 4191 4790
f 4791 4277 4792
f 4792 4277 4278
f 3732 3735 4793
f 4793 3735 4313
f 4793 4794 3732
f 3732 4794 3731
f 4792 4795 4791
f 4791 4795 4796
f 4797 4798 4799
f 4799 4798 4724
f 4763 4800 3936
f 3936 4800 3935
f 4801 4062 3729
f 3729 4062 3730
f 4713 4712 4802
f 4802 4712 4803
f 4146 4804 4119
f 4119 4804 4805
f 4498 4654 4497
f 4497 4654 4520
f 4806 4807 1326
f 1326 4807 1327
f 4689 4688 1330
f 1330 4688 1331
f 4801 4789 4062
f 4062 4789 4059
f 3730 4062 4808
f 4808 4062 4061
f 4810 4811 4809
f 4809 4811 4812
f 4813 4403 4814
f 4814 4403 4345
f 4815 4816 4349
f 4349 4816 4350
f 4817 4818 4820
f 4820 4818 4819
f 4406 4821 4407
f 4407 4821 4822
f 4823 4161 4824
f 4824 4161 4685
f 4181 4414 4825
f 4825 4414 4689
f 4741 4740 4826
f 4826 4740 4827
f 4828 4829 4827
f 4827 4829 4826
f 4142 4141 4415
f 4415 4141 4148
f 4830 1354 4761
f 4761 1354 1279
f 4832 4833 4831
f 4831 4833 4834
f 4835 4836 4626
f 4626 4836 4421
f 4451 4709 4395
f 4395 4709 4708
f 4627 4420 4837
f 4837 4420 4385
f 4837 1365 4838
f 4838 1365 1364
f 4397 4396 4839
f 4839 4396 4840
f 4842 4628 4841
f 4841 4628 4629
f 4671 4674 4631
f 4631 4674 4630
f 4674 4659 4630
f 4630 4659 4632
f 4633 4632 4658
f 4658 4632 4659
f 4658 4504 4633
f 4633 4504 4634
f 4635 4634 4507
f 4507 4634 4504
f 4843 4636 4507
f 4507 4636 4635
f 4844 4637 4843
f 4843 4637 4636
f 4637 4844 4640
f 4640 4844 4664
f 4638 4663 4642
f 4642 4663 4845
f 4847 4643 4846
f 4846 4643 4641
f 4644 4848 4645
f 4645 4848 4849
f 4851 4852 4850
f 4850 4852 4853
f 4855 4856 4854
f 4854 4856 4857
f 4859 4860 4858
f 4858 4860 4857
f 4715 4718 4859
f 4859 4718 4860
f 4862 4863 4861
f 4861 4863 4864
f 4866 4867 4865
f 4865 4867 4868
f 4870 4871 4869
f 4869 4871 4872
f 4869 4872 4116
f 4116 4872 4117
f 4820 4819 4874
f 4874 4819 4873
f 4876 4877 4875
f 4875 4877 4878
f 4880 4881 4879
f 4879 4881 4882
f 4884 4885 4883
f 4883 4885 4886
f 4887 4888 4280
f 4280 4888 4281
f 4818 4817 4889
f 4889 4817 4890
f 4891 4193 4823
f 4823 4193 4192
f 4892 4893 4228
f 4228 4893 4229
f 4158 4157 4894
f 4894 4157 4895
f 4896 4897 4132
f 4132 4897 4133
f 4099 4683 4100
f 4100 4683 4682
f 4101 4100 4899
f 4899 4100 4898
f 4150 4106 4147
f 4147 4106 4900
f 4100 4682 4898
f 4898 4682 4677
f 4080 4082 4187
f 4187 4082 4184
f 4077 4080 4189
f 4189 4080 4187
f 4191 4190 4790
f 4790 4190 4901
f 4177 4158 4680
f 4680 4158 4894
f 4108 4136 4752
f 4752 4136 4754
f 4752 4753 4108
f 4108 4753 4109
f 4817 4902 4890
f 4890 4902 4903
f 4904 4905 4907
f 4907 4905 4906
f 4909 4910 4908
f 4908 4910 4911
f 4913 4914 4912
f 4912 4914 4915
f 4916 4917 4919
f 4919 4917 4918
f 4312 4424 4299
f 4299 4424 4304
f 4920 4921 4297
f 4297 4921 4298
f 4194 4922 4167
f 4167 4922 4923
f 4924 4400 4691
f 4691 4400 4399
f 4395 4708 4396
f 4396 4708 4758
f 4367 4925 4368
f 4368 4925 4926
f 4919 4918 4873
f 4873 4918 4874
f 4836 4927 4421
f 4421 4927 4422
f 4921 4928 4298
f 4298 4928 4311
f 4143 4146 4122
f 4122 4146 4119
f 4929 4930 4455
f 4455 4930 4452
f 4932 4933 4931
f 4931 4933 4934
f 4935 4936 4932
f 4932 4936 4933
f 4461 4460 4457
f 4457 4460 4458
f 4480 4479 4475
f 4475 4479 4476
f 4660 4673 4517
f 4517 4673 4937
f 4661 4505 4658
f 4658 4505 4504
f 4484 4483 4489
f 4489 4483 4486
f 4462 4509 4463
f 4463 4509 4518
f 4469 4511 4466
f 4466 4511 4508
f 4655 4473 4656
f 4656 4473 4477
f 4476 4657 4477
f 4477 4657 4656
f 4479 4513 4476
f 4476 4513 4657
f 4489 4525 4484
f 4484 4525 4526
f 4483 4549 4486
f 4486 4549 4536
f 4549 4548 4536
f 4536 4548 4551
f 4548 4568 4551
f 4551 4568 4670
f 4663 4589 4845
f 4845 4589 4590
f 4668 4577 4938
f 4938 4577 4580
f 4940 4938 4939
f 4939 4938 4941
f 4940 4942 4669
f 4669 4942 4943
f 4587 4582 4944
f 4944 4582 4581
f 4848 4847 4608
f 4608 4847 4564
f 4616 4945 4613
f 4613 4945 4598
f 4615 4946 4616
f 4616 4946 4945
f 4947 4939 4948
f 4948 4939 4946
f 4599 4605 4600
f 4600 4605 4604
f 4608 4607 4848
f 4848 4607 4849
f 4613 4612 4616
f 4616 4612 4617
f 4835 4949 4709
f 4709 4949 4710
f 4357 1477 4837
f 4837 1477 1365
f 4712 4950 4803
f 4803 4950 4951
f 4401 4952 4402
f 4402 4952 4953
f 4759 4760 4402
f 4402 4760 4399
f 4508 4520 4509
f 4509 4520 4654
f 4510 4522 4511
f 4511 4522 4521
f 4513 4526 4657
f 4657 4526 4525
f 4632 4633 4514
f 4514 4633 4529
f 4931 4934 4453
f 4453 4934 4454
f 4153 4954 4154
f 4154 4954 4955
f 4957 4958 4956
f 4956 4958 4959
f 4961 4962 4960
f 4960 4962 4963
f 4120 4964 4210
f 4210 4964 4965
f 4967 4968 4966
f 4966 4968 4969
f 4349 4692 4815
f 4815 4692 4970
f 4652 4971 4653
f 4653 4971 4706
f 4758 4647 4972
f 4972 4647 4646
f 4973 4363 4646
f 4646 4363 4972
f 4950 4360 4974
f 4974 4360 4364
f 4431 4335 4746
f 4746 4335 4713
f 4358 4714 4325
f 4325 4714 4321
f 4765 4764 4266
f 4266 4764 4975
f 4202 4976 4203
f 4203 4976 4977
f 4917 4978 4918
f 4918 4978 4979
f 4279 4282 4854
f 4854 4282 4269
f 4820 4880 4817
f 4817 4880 4902
f 4890 4903 4980
f 4980 4903 4886
f 4982 4983 4981
f 4981 4983 4123
f 4795 4851 4796
f 4796 4851 4850
f 4918 4979 4874
f 4874 4979 4881
f 4809 4404 4810
f 4810 4404 4403
f 4354 4985 4984
f 4984 4985 4986
f 1364 1516 4838
f 4838 1516 4987
f 4759 4988 4367
f 4367 4988 4925
f 4989 4990 4481
f 4481 4990 4478
f 4443 4515 4990
f 4990 4515 4991
f 4527 4512 4992
f 4992 4512 4991
f 4528 4503 4992
f 4992 4503 4993
f 4993 4994 4485
f 4485 4994 4482
f 4544 4995 4502
f 4502 4995 4994
f 4995 4996 4550
f 4550 4996 4547
f 4998 4999 4997
f 4997 4999 4566
f 4998 5000 4578
f 4578 5000 4579
f 5001 5002 4596
f 4596 5002 4597
f 5003 4591 5004
f 5004 4591 4610
f 4626 4421 4627
f 4627 4421 4420
f 4837 4838 4627
f 4627 4838 4624
f 4761 4705 4830
f 4830 4705 5005
f 4705 4707 5005
f 5005 4707 5006
f 4308 4721 4075
f 4075 4721 4076
f 5007 4200 4797
f 4797 4200 4798
f 4685 4686 5008
f 5008 4686 5009
f 4889 4890 5010
f 5010 4890 4980
f 4323 1541 4324
f 4324 1541 1540
f 4385 4384 4358
f 4358 4384 4714
f 4396 4758 4840
f 4840 4758 4972
f 4866 4852 5011
f 5011 4852 5012
f 5013 4260 4980
f 4980 4260 5010
f 4875 4878 5014
f 5014 4878 5015
f 5017 5018 5016
f 5016 5018 5019
f 5016 5019 5020
f 5020 5019 5021
f 5023 5024 5022
f 5022 5024 5025
f 5027 5028 5026
f 5026 5028 5029
f 5031 5032 5030
f 5030 5032 5033
f 5035 5036 5034
f 5034 5036 5037
f 5039 5040 5038
f 5038 5040 5041
f 5043 5044 5042
f 5042 5044 5045
f 5038 5046 5039
f 5039 5046 5047
f 5049 5050 5048
f 5048 5050 5051
f 5053 5054 5052
f 5052 5054 5055
f 5057 5024 5056
f 5056 5024 5058
f 5060 5061 5059
f 5059 5061 5062
f 5064 5065 5063
f 5063 5065 5066
f 5043 5050 5064
f 5064 5050 5065
f 5038 5041 5067
f 5067 5041 5068
f 5070 5071 5069
f 5069 5071 5072
f 5074 5075 5073
f 5073 5075 5076
f 5034 5077 5035
f 5035 5077 5078
f 5080 5081 5079
f 5079 5081 5082
f 5084 5085 5083
f 5083 5085 5086
f 5085 5084 5087
f 5087 5084 5088
f 5090 5091 5089
f 5089 5091 5092
f 5094 5095 5093
f 5093 5095 5096
f 5098 5099 5097
f 5097 5099 5100
f 5102 5103 5101
f 5101 5103 5104
f 5105 5106 5108
f 5108 5106 5107
f 5110 5111 5109
f 5109 5111 5112
f 5114 5094 5113
f 5113 5094 5093
f 5116 5117 5115
f 5115 5117 5118
f 5120 5121 5119
f 5119 5121 5122
f 5124 5125 5123
f 5123 5125 5126
f 5128 5129 5127
f 5127 5129 5130
f 5097 5131 5098
f 5098 5131 5132
f 5134 5135 5133
f 5133 5135 5122
f 5084 5125 5088
f 5088 5125 5136
f 5138 5139 5137
f 5137 5139 5140
f 5142 5102 5141
f 5141 5102 5101
f 5106 5143 5107
f 5107 5143 5144
f 5146 5147 5145
f 5145 5147 5148
f 5149 5150 5109
f 5109 5150 5110
f 5151 5110 5152
f 5152 5110 5150
f 4715 5140 4716
f 4716 5140 5139
f 5143 4870 5144
f 5144 4870 4869
f 4115 5146 4116
f 4116 5146 5145
f 4791 4796 5149
f 5149 4796 5150
f 4796 4850 5150
f 5150 4850 5152
f 4858 5142 4859
f 4859 5142 5141
f 5153 5154 5115
f 5115 5154 5105
f 5156 5157 5155
f 5155 5157 5158
f 5159 5160 5053
f 5053 5160 5054
f 5161 5162 5020
f 5020 5162 5068
f 5026 5029 5163
f 5163 5029 5021
f 5083 5086 5164
f 5164 5086 5165
f 5090 5167 5166
f 5166 5167 5168
f 5169 5170 5172
f 5172 5170 5171
f 5174 5175 5173
f 5173 5175 5176
f 5177 5109 5178
f 5178 5109 5112
f 5179 5180 5182
f 5182 5180 5181
f 5123 5126 5120
f 5120 5126 5121
f 5180 5167 5181
f 5181 5167 5183
f 5184 5185 5179
f 5179 5185 5180
f 5186 5149 5177
f 5177 5149 5109
f 4868 5184 4865
f 4865 5184 5179
f 5188 5189 5187
f 5187 5189 5190
f 4277 4791 5186
f 5186 4791 5149
f 5179 5182 4865
f 4865 5182 4853
f 5189 4862 5190
f 5190 4862 4861
f 5156 5075 5191
f 5191 5075 5192
f 5036 5035 5193
f 5193 5035 5194
f 5115 5118 5153
f 5153 5118 5195
f 5022 5025 5196
f 5196 5025 5197
f 5155 5158 5069
f 5069 5158 5062
f 5063 5066 5198
f 5198 5066 5199
f 5073 5076 5200
f 5200 5076 5072
f 5202 5131 5201
f 5201 5131 5203
f 5143 5106 5204
f 5204 5106 5205
f 5114 5113 5206
f 5206 5113 5127
f 5098 5132 5193
f 5193 5132 5195
f 5204 5207 5143
f 5143 5207 4870
f 5088 5136 5208
f 5208 5136 5092
f 5209 5210 5089
f 5089 5210 5183
f 5211 5018 5060
f 5060 5018 5061
f 5017 5040 5070
f 5070 5040 5071
f 5191 5160 5156
f 5156 5160 5157
f 5048 5028 5049
f 5049 5028 5058
f 5207 5204 4858
f 4858 5204 5142
f 4859 5141 4715
f 4715 5141 5140
f 5212 5162 5042
f 5042 5162 5051
f 5182 5152 4853
f 4853 5152 4850
f 5214 5134 5213
f 5213 5134 5133
f 5164 5165 5133
f 5133 5165 5213
f 5215 5216 5201
f 5201 5216 5217
f 5147 5218 5148
f 5148 5218 5219
f 5147 5177 5218
f 5218 5177 5178
f 5141 5101 5140
f 5140 5101 5137
f 5201 5217 5202
f 5202 5217 5104
f 5146 5186 5147
f 5147 5186 5177
f 4277 5186 4115
f 4115 5186 5146
f 5191 5192 5031
f 5031 5192 5032
f 5052 5055 5220
f 5220 5055 5197
f 4116 5145 4869
f 4869 5145 5144
f 5034 5037 5214
f 5214 5037 5134
f 5097 5100 5114
f 5114 5100 5094
f 5108 5107 5219
f 5219 5107 5148
f 5221 5135 5116
f 5116 5135 5117
f 5124 5111 5209
f 5209 5111 5210
f 5107 5144 5148
f 5148 5144 5145
f 5152 5182 5151
f 5151 5182 5181
f 5208 5222 5088
f 5088 5222 5087
f 5222 5208 5171
f 5171 5208 5172
f 5223 1756 4698
f 4698 1756 1755
f 4427 5224 4107
f 4107 5224 4135
f 4178 4679 5225
f 5225 4679 5226
f 5227 5228 4892
f 4892 5228 4893
f 5229 5230 4171
f 4171 5230 4172
f 4855 4268 4884
f 4884 4268 4885
f 4884 4871 4855
f 4855 4871 4856
f 4684 5231 4896
f 4896 5231 4897
f 4768 4767 5009
f 5009 4767 5008
f 5205 5154 5102
f 5102 5154 5103
f 5099 5098 5194
f 5194 5098 5193
f 5198 5199 5079
f 5079 5199 5033
f 5102 5142 5205
f 5205 5142 5204
f 5224 4427 4681
f 4681 4427 4678
f 3712 3711 5232
f 5232 3711 5233
f 3968 3988 3963
f 3963 3988 3964
f 3976 4044 3972
f 3972 4044 3985
f 4038 4037 4036
f 4036 4037 4033
f 4794 4762 3731
f 3731 4762 3944
f 3731 3944 3722
f 3722 3944 3810
f 3874 5234 5232
f 5232 5234 3712
f 3906 3905 3867
f 3867 3905 4011
f 3904 4023 3905
f 3905 4023 4011
f 3719 3722 3811
f 3811 3722 3810
f 3812 3719 3687
f 3687 3719 3811
f 3716 3812 3686
f 3686 3812 3687
f 3713 3716 3685
f 3685 3716 3686
f 4810 4403 5235
f 5235 4403 4813
f 4345 1770 4814
f 4814 1770 1769
f 4067 4066 4058
f 4058 4066 5236
f 4043 4068 4049
f 4049 4068 4050
f 4034 5237 3989
f 3989 5237 3990
f 4031 4030 4072
f 4072 4030 4005
f 4003 4004 4002
f 4002 4004 4032
f 4004 4005 4032
f 4032 4005 4030
f 4067 4064 4068
f 4068 4064 4050
f 4058 4057 4067
f 4067 4057 4064
f 4035 4034 5238
f 5238 4034 3989
f 5236 5239 4058
f 4058 5239 5240
f 5234 3874 5241
f 5241 3874 3873
f 5241 3873 3881
f 3881 3873 3878
f 4800 4763 4788
f 4788 4763 4310
f 4763 4762 4310
f 4310 4762 4309
f 4762 4794 4309
f 4309 4794 4306
f 4794 4793 4306
f 4306 4793 4292
f 4293 4313 4302
f 4302 4313 4314
f 4302 4314 4303
f 4303 4314 4315
f 4303 4315 4703
f 4703 4315 4316
f 4035 4069 4043
f 4043 4069 4068
f 4324 1540 4357
f 4357 1540 1477
f 5232 3987 3874
f 3874 3987 3871
f 3987 5232 4013
f 4013 5232 5233
f 4013 5233 4014
f 4014 5233 5242
f 3888 4015 3865
f 3865 4015 4007
f 3866 4008 5243
f 5243 4008 4016
f 3873 5244 3878
f 3878 5244 3875
f 3965 5244 3872
f 3872 5244 3873
f 3876 3875 3965
f 3965 3875 5244
f 5243 4016 5242
f 5242 4016 4014
f 5246 5247 5245
f 5245 5247 5248
f 3576 3950 3577
f 3577 3950 3926
f 3584 3842 3585
f 3585 3842 3580
f 5249 5247 1784
f 1784 5247 1785
f 5250 5251 5253
f 5253 5251 5252
f 5255 5252 5254
f 5254 5252 5256
f 5254 5256 5258
f 5258 5256 5257
f 5258 5257 5260
f 5260 5257 5259
f 4356 5261 4424
f 4424 5261 5259
f 4355 5262 4356
f 4356 5262 5261
f 4924 5264 5263
f 5263 5264 5265
f 4693 5266 4691
f 4691 5266 5267
f 4351 5268 4352
f 4352 5268 5269
f 1808 1807 4351
f 4351 1807 5268
f 3580 3842 3581
f 3799 3802 3838
f 4800 4788 4801
f 4801 4788 4789
f 3729 3935 4801
f 4801 3935 4800
f 3728 3666 3729
f 3729 3666 3935
f 3728 3798 3666
f 3666 3798 3663
f 3798 3818 3663
f 3663 3818 3809
f 3818 3817 3809
f 3809 3817 3808
f 3796 3655 3817
f 3817 3655 3808
f 3615 3568 3796
f 3796 3568 3655
f 3573 3569 3615
f 3615 3569 3568
f 3572 3613 3573
f 3573 3613 3569
f 3792 3606 3572
f 3572 3606 3613
f 3607 3791 3949
f 3949 3791 3591
f 3590 3950 3591
f 3591 3950 3949
f 3805 3926 3590
f 3590 3926 3950
f 3804 3559 3805
f 3805 3559 3926
f 3804 3914 3559
f 3559 3914 3560
f 3924 3789 3913
f 3913 3789 3788
f 3924 3928 3789
f 3789 3928 3826
f 3928 3927 3826
f 3826 3927 3827
f 3927 3834 3827
f 3827 3834 3835
f 4079 4078 5270
f 5270 4078 5007
f 5271 5272 4233
f 4233 5272 5273
f 5275 5276 5274
f 5274 5276 5277
f 5278 5279 4236
f 4236 5279 4237
f 5278 5280 5271
f 5271 5280 5272
f 4235 5281 4236
f 4236 5281 5282
f 5284 5285 5283
f 5283 5285 5286
f 5288 5289 5287
f 5287 5289 5290
f 5292 5293 5291
f 5291 5293 5294
f 5287 5290 4726
f 4726 5290 5295
f 4293 4292 4313
f 4313 4292 4793
f 4720 4736 4719
f 4719 4736 5296
f 5297 4909 5298
f 5298 4909 4908
f 5299 5300 4976
f 4976 5300 5301
f 5302 4202 5303
f 5303 4202 4201
f 5304 5305 4983
f 4983 5305 5306
f 5308 5309 5307
f 5307 5309 5310
f 4722 4725 5283
f 5283 4725 5311
f 5291 5294 4125
f 4125 5294 4126
f 5313 5314 5312
f 5312 5314 5315
f 5316 5317 5319
f 5319 5317 5318
f 5321 5308 5320
f 5320 5308 5307
f 4819 4981 4873
f 4873 4981 5322
f 4981 4123 5322
f 5322 4123 4126
f 5324 5325 5323
f 5323 5325 5326
f 4764 5327 4975
f 4975 5327 5328
f 4172 5327 4169
f 4169 5327 5329
f 4768 4171 4769
f 4769 4171 4170
f 4243 4755 4244
f 4244 4755 5330
f 4755 4205 5330
f 5330 4205 4208
f 4206 4906 4207
f 4207 4906 4905
f 4686 5014 5009
f 5009 5014 5229
f 4756 4770 4170
f 4170 4770 4769
f 4170 4169 4756
f 4756 4169 4757
f 4273 5329 4764
f 4764 5329 5327
f 4276 5331 4273
f 4273 5331 5329
f 4770 4756 4243
f 4243 4756 4755
f 5333 4889 5332
f 5332 4889 5010
f 4877 5332 4878
f 4878 5332 4259
f 4875 4164 4876
f 4876 4164 4163
f 5334 5335 5324
f 5324 5335 5325
f 4983 5306 4123
f 4123 5306 4124
f 4818 4982 4819
f 4819 4982 4981
f 5332 5010 4259
f 4259 5010 4260
f 5014 4686 4875
f 4875 4686 4164
f 4171 4768 5229
f 5229 4768 5009
f 5337 4916 5336
f 5336 4916 4919
f 5293 5337 5294
f 5294 5337 5336
f 4982 4818 5333
f 5333 4818 4889
f 5338 5339 4262
f 4262 5339 5340
f 5307 5310 5338
f 5338 5310 5339
f 5341 5342 4204
f 4204 5342 5309
f 5336 4919 5322
f 5322 4919 4873
f 5294 5336 4126
f 4126 5336 5322
f 5323 5326 5343
f 5343 5326 5286
f 4914 5344 4915
f 4915 5344 5345
f 5312 5315 5344
f 5344 5315 5345
f 5347 5348 5346
f 5346 5348 5349
f 5350 5351 4832
f 4832 5351 4833
f 5352 5353 5349
f 5349 5353 5346
f 5354 5338 4265
f 4265 5338 4262
f 5320 5307 5354
f 5354 5307 5338
f 4201 5308 5303
f 5303 5308 5321
f 5356 5357 5355
f 5355 5357 4799
f 5358 5359 5334
f 5334 5359 5335
f 5358 5360 4093
f 4093 5360 4163
f 5360 5305 4163
f 4163 5305 4876
f 5305 5304 4876
f 4876 5304 4877
f 5270 4778 4079
f 4079 4778 4081
f 4779 5361 4774
f 4774 5361 5357
f 5356 5359 4775
f 4775 5359 4092
f 5333 5304 4982
f 4982 5304 4983
f 5332 4877 5333
f 5333 4877 5304
f 5015 4258 5230
f 5230 4258 5328
f 5327 4172 5328
f 5328 4172 5230
f 4169 5329 4757
f 4757 5329 5331
f 4757 5331 4205
f 4205 5331 4206
f 5331 4276 4206
f 4206 4276 4906
f 4276 4275 4906
f 4906 4275 4907
f 4275 4888 4907
f 4907 4888 4744
f 4887 4717 4745
f 4745 4717 4864
f 4716 5139 4861
f 4861 5139 5190
f 5139 5138 5190
f 5190 5138 5187
f 5138 5216 5187
f 5187 5216 5176
f 5215 5362 5173
f 5173 5362 5130
f 5364 5365 5363
f 5363 5365 5340
f 4742 4863 5366
f 5366 4863 4867
f 4862 5189 4868
f 4868 5189 5184
f 5189 5188 5184
f 5184 5188 5185
f 5188 5175 5185
f 5185 5175 5168
f 3560 3788 3561
f 3561 3788 3790
f 3596 3595 3608
f 3608 3595 3594
f 3598 3582 3595
f 3595 3582 3592
f 3600 3609 3601
f 3601 3609 3611
f 3602 3601 3612
f 3612 3601 3611
f 3606 3605 3613
f 3613 3605 3614
f 3793 5367 3794
f 3794 5367 5368
f 3598 3597 3600
f 3600 3597 3609
f 3793 3792 3575
f 3575 3792 3572
f 3561 3594 3558
f 3558 3594 3593
f 3807 3915 3804
f 3804 3915 3914
f 3916 3915 5370
f 5370 3915 5369
f 3602 3605 3603
f 3603 3605 3604
f 3606 3792 3607
f 3607 3792 3791
f 3914 3913 3560
f 3560 3913 3788
f 5174 5129 5166
f 5166 5129 5371
f 5170 5169 5093
f 5093 5169 5113
f 5166 5371 5090
f 5090 5371 5091
f 5128 5169 5372
f 5372 5169 5172
f 5127 5113 5128
f 5128 5113 5169
f 5114 5206 5203
f 5203 5206 5362
f 5200 5373 5073
f 5073 5373 5096
f 5374 5375 5200
f 5200 5375 5373
f 5039 5047 5374
f 5374 5047 5375
f 5087 5046 5085
f 5085 5046 5376
f 5212 5377 5067
f 5067 5377 5376
f 5042 5045 5212
f 5212 5045 5377
f 5064 5378 5043
f 5043 5378 5044
f 5063 5077 5064
f 5064 5077 5378
f 5079 5082 5198
f 5198 5082 5078
f 5099 5081 5100
f 5100 5081 5379
f 5100 5379 5094
f 5094 5379 5095
f 5381 5382 5380
f 5380 5382 5383
f 5385 5386 5384
f 5384 5386 5383
f 5385 5387 5386
f 5386 5387 5388
f 5390 5391 5389
f 5389 5391 5392
f 5393 5394 5396
f 5396 5394 5395
f 5398 5399 5397
f 5397 5399 5400
f 5402 5403 5401
f 5401 5403 5404
f 5406 5407 5405
f 5405 5407 5404
f 5408 5409 5163
f 5163 5409 5410
f 5411 5412 5414
f 5414 5412 5413
f 5057 5416 5415
f 5415 5416 5417
f 5393 5416 5418
f 5418 5416 5419
f 5396 5395 5420
f 5420 5395 5421
f 5423 5424 5422
f 5422 5424 5425
f 5415 5417 5220
f 5220 5417 5426
f 5418 5391 5393
f 5393 5391 5394
f 5414 5388 5411
f 5411 5388 5392
f 5059 5427 5060
f 5060 5427 5428
f 5423 5427 5429
f 5429 5427 5430
f 5432 5382 5431
f 5431 5382 5425
f 5429 5407 5423
f 5423 5407 5424
f 5380 5409 5381
f 5381 5409 5433
f 5381 5433 5422
f 5422 5433 5428
f 5027 5412 5056
f 5056 5412 5419
f 5435 5436 5434
f 5434 5436 5437
f 5159 5439 5438
f 5438 5439 5440
f 5053 5436 5159
f 5159 5436 5439
f 5441 5403 5398
f 5398 5403 5399
f 5163 5410 5026
f 5026 5410 5413
f 5438 5440 5442
f 5442 5440 5430
f 5444 5445 5443
f 5443 5445 5446
f 5447 5448 5450
f 5450 5448 5449
f 5451 5446 5452
f 5452 5446 5445
f 5454 5455 5453
f 5453 5455 5451
f 5456 5454 5458
f 5458 5454 5457
f 5460 5461 5459
f 5459 5461 5462
f 5464 5465 5463
f 5463 5465 5466
f 5468 5469 5467
f 5467 5469 5470
f 5472 5473 5471
f 5471 5473 5474
f 5475 5476 5478
f 5478 5476 5477
f 5479 5480 5482
f 5482 5480 5481
f 5483 5484 5448
f 5448 5484 5485
f 5448 5485 5449
f 5449 5485 5486
f 5487 5476 5488
f 5488 5476 5475
f 5490 5491 5489
f 5489 5491 5492
f 5494 5495 5493
f 5493 5495 5496
f 5498 5494 5497
f 5497 5494 5493
f 5500 5501 5499
f 5499 5501 5502
f 5503 5504 5446
f 5446 5504 5443
f 5506 5507 5505
f 5505 5507 5508
f 5510 5511 5509
f 5509 5511 5512
f 5514 5515 5513
f 5513 5515 5516
f 5518 5519 5517
f 5517 5519 5520
f 5495 5521 5496
f 5496 5521 5522
f 5524 5525 5523
f 5523 5525 5526
f 5527 5528 5494
f 5494 5528 5495
f 5499 5502 5529
f 5529 5502 5530
f 5531 5532 5485
f 5485 5532 5486
f 5485 5484 5531
f 5531 5484 5533
f 5482 5481 5534
f 5534 5481 5535
f 5536 5512 5506
f 5506 5512 5511
f 5455 5503 5451
f 5451 5503 5446
f 5467 5470 5511
f 5511 5470 5537
f 5538 5467 5510
f 5510 5467 5511
f 5540 5541 5539
f 5539 5541 5542
f 5543 5544 5546
f 5546 5544 5545
f 5548 5472 5547
f 5547 5472 5471
f 5493 5496 5549
f 5549 5496 5550
f 5496 5522 5550
f 5550 5522 5551
f 5553 5554 5552
f 5552 5554 5555
f 5557 5447 5556
f 5556 5447 5558
f 5557 5483 5447
f 5447 5483 5448
f 5478 5477 5553
f 5553 5477 5559
f 5477 5560 5559
f 5559 5560 5561
f 5476 5562 5477
f 5477 5562 5560
f 5476 5487 5562
f 5562 5487 5563
f 5560 5564 5561
f 5561 5564 5565
f 5564 5560 5566
f 5566 5560 5562
f 5563 5567 5562
f 5562 5567 5566
f 5569 5521 5568
f 5568 5521 5570
f 5481 5572 5571
f 5571 5572 5573
f 5574 5535 5571
f 5571 5535 5481
f 5576 5577 5575
f 5575 5577 5578
f 5579 5580 5456
f 5456 5580 5581
f 5475 5582 5488
f 5488 5582 5583
f 5584 5536 5505
f 5505 5536 5506
f 5585 5586 5588
f 5588 5586 5587
f 5590 5591 5589
f 5589 5591 5592
f 5519 5593 5520
f 5520 5593 5594
f 5595 5596 5462
f 5462 5596 5597
f 5599 5600 5598
f 5598 5600 5514
f 5602 5603 5601
f 5601 5603 5604
f 5524 5543 5525
f 5525 5543 5546
f 5543 5524 5606
f 5606 5524 5605
f 5607 5608 5500
f 5500 5608 5501
f 5610 5551 5609
f 5609 5551 5522
f 5611 5510 5598
f 5598 5510 5509
f 5612 5597 5457
f 5457 5597 5458
f 5510 5611 5538
f 5538 5611 5613
f 5580 5508 5581
f 5581 5508 5507
f 5615 5616 5614
f 5614 5616 5617
f 5619 5620 5618
f 5618 5620 5621
f 5623 5624 5622
f 5622 5624 5625
f 5627 5624 5626
f 5626 5624 5623
f 5629 5630 5628
f 5628 5630 5631
f 5633 5634 5632
f 5632 5634 5466
f 5635 5636 5463
f 5463 5636 5637
f 5523 5638 5524
f 5524 5638 5605
f 5639 5640 5641
f 5641 5640 5595
f 5611 5513 5613
f 5613 5513 5642
f 5643 5586 5608
f 5608 5586 5501
f 5622 5625 5590
f 5590 5625 5591
f 5598 5514 5611
f 5611 5514 5513
f 5645 5646 5644
f 5644 5646 5647
f 5620 5619 5491
f 5491 5619 5648
f 5649 5643 5492
f 5492 5643 5608
f 5650 5651 5653
f 5653 5651 5652
f 5463 5466 5635
f 5635 5466 5634
f 5597 5612 5462
f 5462 5612 5459
f 5635 5634 5523
f 5523 5634 5638
f 5654 5638 5633
f 5633 5638 5634
f 5655 5656 5525
f 5525 5656 5526
f 5658 5659 5657
f 5657 5659 5527
f 5660 5464 5637
f 5637 5464 5463
f 5632 5466 5661
f 5661 5466 5465
f 5661 5662 5632
f 5632 5662 5658
f 5662 5663 5658
f 5658 5663 5659
f 5665 5659 5664
f 5664 5659 5663
f 5632 5658 5633
f 5633 5658 5657
f 5666 5629 5530
f 5530 5629 5667
f 5528 5527 5665
f 5665 5527 5659
f 5668 5669 5570
f 5570 5669 5568
f 5669 5668 5670
f 5670 5668 5671
f 5646 5672 5673
f 5672 5674 5673
f 5673 5674 5675
f 5674 5460 5675
f 5675 5460 5459
f 5461 5676 5462
f 5462 5676 5595
f 5677 5678 5680
f 5680 5678 5679
f 5628 5681 5629
f 5629 5681 5667
f 5682 5529 5667
f 5667 5529 5530
f 5675 5459 5683
f 5683 5459 5612
f 5585 5666 5502
f 5502 5666 5530
f 5589 5684 5602
f 5602 5684 5603
f 5646 5645 5663
f 5663 5645 5664
f 5685 5647 5673
f 5673 5647 5646
f 5686 5687 5683
f 5683 5687 5685
f 5688 5689 5533
f 5533 5689 5531
f 5690 5691 5535
f 5535 5691 5534
f 5692 5690 5574
f 5574 5690 5535
f 5685 5687 5689
f 5689 5687 5693
f 5489 5694 5490
f 5490 5694 5695
f 5690 5692 5696
f 5696 5692 5697
f 5696 5644 5690
f 5690 5644 5691
f 5447 5450 5558
f 5558 5450 5698
f 5699 5700 5642
f 5642 5700 5613
f 5701 5702 5540
f 5540 5702 5541
f 5431 5703 5432
f 5432 5703 5697
f 5385 5384 5574
f 5574 5384 5692
f 5389 5387 5573
f 5573 5387 5571
f 5565 5390 5573
f 5573 5390 5389
f 5390 5565 5704
f 5704 5565 5564
f 5566 5705 5564
f 5564 5705 5704
f 5569 5441 5609
f 5609 5441 5398
f 5568 5405 5569
f 5569 5405 5441
f 5670 5706 5669
f 5669 5706 5406
f 5703 5431 5670
f 5670 5431 5706
f 5432 5697 5384
f 5384 5697 5692
f 5574 5571 5385
f 5385 5571 5387
f 5607 5707 5489
f 5489 5707 5694
f 5518 5708 5519
f 5519 5708 5709
f 5711 5576 5710
f 5710 5576 5575
f 5713 5714 5712
f 5712 5714 5715
f 5553 5552 5478
f 5478 5552 5716
f 5717 5475 5716
f 5716 5475 5478
f 5718 5719 5605
f 5605 5719 5606
f 5505 5622 5584
f 5584 5622 5590
f 5508 5623 5505
f 5505 5623 5622
f 5626 5623 5580
f 5580 5623 5508
f 5580 5579 5626
f 5626 5579 5720
f 5579 5721 5720
f 5720 5721 5722
f 5666 5585 5723
f 5723 5585 5588
f 5724 5725 5639
f 5639 5725 5640
f 5554 5726 5555
f 5555 5726 5727
f 5453 5728 5729
f 5689 5688 5685
f 5685 5688 5647
f 5604 5730 5512
f 5512 5730 5509
f 5628 5631 5618
f 5618 5631 5592
f 5601 5604 5536
f 5536 5604 5512
f 5732 5676 5731
f 5731 5676 5660
f 5730 5604 5733
f 5733 5604 5603
f 5563 5487 5551
f 5551 5487 5550
f 5489 5492 5607
f 5607 5492 5608
f 5573 5572 5565
f 5565 5572 5561
f 5609 5522 5569
f 5569 5522 5521
f 5499 5734 5500
f 5500 5734 5735
f 5596 5736 5721
f 5721 5736 5722
f 5737 5600 5594
f 5594 5600 5520
f 5599 5730 5517
f 5517 5730 5733
f 5660 5738 5731
f 5731 5738 5739
f 5648 5649 5491
f 5491 5649 5492
f 5501 5586 5502
f 5502 5586 5585
f 5525 5546 5655
f 5655 5546 5740
f 5600 5599 5520
f 5520 5599 5517
f 5708 5739 5709
f 5709 5739 5738
f 5636 5635 5526
f 5526 5635 5523
f 5670 5671 5703
f 5703 5671 5741
f 5490 5695 5742
f 5742 5695 5743
f 5682 5678 5744
f 5744 5678 5677
f 5678 5681 5679
f 5679 5681 5621
f 5742 5743 5679
f 5679 5743 5680
f 5618 5621 5628
f 5628 5621 5681
f 5725 5724 5589
f 5589 5724 5684
f 5456 5458 5579
f 5579 5458 5721
f 5675 5683 5673
f 5673 5683 5685
f 5529 5682 5745
f 5745 5682 5744
f 5721 5458 5596
f 5596 5458 5597
f 5701 5540 5719
f 5719 5540 5606
f 5703 5741 5697
f 5697 5741 5696
f 5500 5735 5607
f 5607 5735 5707
f 5549 5746 5493
f 5493 5746 5497
f 5700 5747 5613
f 5613 5747 5538
f 5420 5421 5434
f 5434 5421 5400
f 5689 5693 5531
f 5531 5693 5532
f 5705 5566 5748
f 5748 5566 5567
f 5609 5398 5610
f 5610 5398 5397
f 5669 5406 5568
f 5568 5406 5405
f 5488 5583 5549
f 5549 5583 5746
f 5714 5713 5710
f 5710 5713 5711
f 5747 5468 5538
f 5538 5468 5467
f 5548 5547 5749
f 5749 5547 5750
f 5733 5603 5751
f 5751 5603 5684
f 5589 5602 5590
f 5590 5602 5584
f 5636 5752 5614
f 5614 5752 5615
f 5753 5754 5738
f 5738 5754 5755
f 5602 5601 5584
f 5584 5601 5536
f 5723 5736 5630
f 5630 5736 5640
f 5595 5640 5596
f 5596 5640 5736
f 5734 5499 5745
f 5745 5499 5529
f 5627 5587 5643
f 5643 5587 5586
f 5553 5559 5554
f 5554 5559 5480
f 5559 5561 5480
f 5480 5561 5572
f 5554 5480 5726
f 5726 5480 5479
f 5749 5750 5715
f 5715 5750 5712
f 5683 5612 5686
f 5686 5612 5457
f 5678 5682 5681
f 5681 5682 5667
f 5598 5509 5599
f 5599 5509 5730
f 5679 5621 5742
f 5742 5621 5620
f 5652 5616 5653
f 5653 5616 5615
f 5220 5426 5052
f 5052 5426 5437
f 5487 5488 5550
f 5550 5488 5549
f 5742 5620 5490
f 5490 5620 5491
f 5551 5610 5563
f 5563 5610 5567
f 5610 5397 5567
f 5567 5397 5748
f 5614 5617 5753
f 5753 5617 5754
f 5480 5572 5481
f 5755 5756 5738
f 5738 5756 5709
f 5745 5744 5758
f 5758 5744 5757
f 5745 5758 5734
f 5734 5758 5759
f 5735 5734 5760
f 5760 5734 5759
f 5707 5735 5761
f 5761 5735 5760
f 5744 5677 5757
f 5757 5677 5762
f 5677 5680 5762
f 5762 5680 5763
f 5763 5680 5764
f 5764 5680 5743
f 5765 5766 5762
f 5762 5766 5757
f 5768 5769 5767
f 5767 5769 5770
f 5771 5772 5770
f 5770 5772 5767
f 5770 5769 5774
f 5774 5769 5773
f 5775 5776 5774
f 5774 5776 5777
f 5773 5778 5774
f 5774 5778 5775
f 5779 5766 5773
f 5773 5766 5778
f 5777 5771 5774
f 5774 5771 5770
f 5780 5781 5783
f 5783 5781 5782
f 5781 5780 5771
f 5771 5780 5772
f 5773 5769 5779
f 5779 5769 5768
f 5768 5759 5779
f 5779 5759 5758
f 5768 5784 5759
f 5759 5784 5760
f 5767 5785 5768
f 5768 5785 5784
f 5785 5767 5786
f 5786 5767 5772
f 5766 5779 5757
f 5757 5779 5758
f 5780 5787 5772
f 5772 5787 5786
f 5785 5786 5788
f 5788 5786 5789
f 5786 5787 5789
f 5789 5787 5790
f 5788 5789 5791
f 5791 5789 5792
f 5791 5793 5788
f 5788 5793 5794
f 5795 5792 5790
f 5790 5792 5789
f 5785 5788 5784
f 5784 5788 5794
f 5784 5794 5760
f 5760 5794 5761
f 5787 5780 5796
f 5796 5780 5783
f 5775 5778 5797
f 5797 5778 5766
f 5797 5798 5775
f 5775 5798 5776
f 5766 5765 5797
f 5797 5765 5799
f 5798 5797 5800
f 5800 5797 5799
f 5798 5801 5776
f 5776 5801 5802
f 5707 5761 5694
f 5694 5761 5803
f 5695 5804 5743
f 5743 5804 5764
f 5804 5695 5803
f 5803 5695 5694
f 5803 5793 5804
f 5804 5793 5805
f 5793 5791 5805
f 5805 5791 5806
f 5804 5805 5764
f 5764 5805 5807
f 5803 5761 5793
f 5793 5761 5794
f 5808 5763 5807
f 5807 5763 5764
f 5808 5765 5763
f 5763 5765 5762
f 5809 5799 5808
f 5808 5799 5765
f 5809 5808 5810
f 5810 5808 5807
f 5811 5809 5812
f 5812 5809 5810
f 5805 5806 5807
f 5807 5806 5810
f 5806 5813 5810
f 5810 5813 5812
f 5799 5809 5800
f 5800 5809 5811
f 5815 5800 5814
f 5814 5800 5811
f 5814 5817 5816
f 5816 5817 5818
f 5814 5811 5817
f 5817 5811 5812
f 5814 5816 5815
f 5815 5816 5796
f 5815 5796 5801
f 5801 5796 5783
f 5801 5798 5815
f 5815 5798 5800
f 5791 5792 5806
f 5806 5792 5813
f 5818 5813 5795
f 5795 5813 5792
f 5818 5817 5813
f 5813 5817 5812
f 5816 5818 5790
f 5790 5818 5795
f 5790 5787 5816
f 5816 5787 5796
f 5771 5777 5781
f 5781 5777 5782
f 5782 5802 5783
f 5783 5802 5801
f 5782 5777 5802
f 5802 5777 5776
f 5588 5587 5722
f 5722 5587 5720
f 5591 5619 5592
f 5592 5619 5618
f 5625 5624 5648
f 5648 5624 5649
f 5624 5627 5649
f 5649 5627 5643
f 5631 5630 5725
f 5725 5630 5640
f 5625 5648 5591
f 5591 5648 5619
f 5588 5722 5723
f 5723 5722 5736
f 5631 5725 5592
f 5592 5725 5589
f 5723 5630 5666
f 5666 5630 5629
f 5587 5627 5720
f 5720 5627 5626
f 5820 5821 5819
f 5819 5821 5822
f 5824 5825 5823
f 5823 5825 5826
f 5823 5826 5827
f 5827 5826 5828
f 5829 5830 5832
f 5832 5830 5831
f 5518 5833 5708
f 5708 5833 5834
f 5835 5836 5824
f 5824 5836 5825
f 5838 5839 5837
f 5837 5839 5840
f 5751 5684 5842
f 5842 5684 5841
f 5843 5841 5724
f 5724 5841 5684
f 5845 5846 5844
f 5844 5846 5847
f 5848 5830 5836
f 5836 5830 5825
f 5518 5751 5833
f 5833 5751 5842
f 5839 5838 5821
f 5821 5838 5849
f 5850 5848 5822
f 5822 5848 5836
f 5851 5845 5828
f 5828 5845 5852
f 5854 5855 5853
f 5853 5855 5856
f 5845 5844 5852
f 5852 5844 5857
f 5858 5827 5852
f 5852 5827 5828
f 5851 5828 5829
f 5829 5828 5826
f 5819 5859 5820
f 5820 5859 5860
f 5835 5861 5819
f 5819 5861 5859
f 5851 5829 5862
f 5862 5829 5832
f 5844 5847 5837
f 5837 5847 5834
f 5819 5822 5835
f 5835 5822 5836
f 5823 5863 5824
f 5824 5863 5864
f 5849 5850 5821
f 5821 5850 5822
f 5825 5830 5826
f 5826 5830 5829
f 5820 5860 5865
f 5865 5860 5866
f 5858 5854 5867
f 5867 5854 5853
f 5854 5857 5855
f 5855 5857 5840
f 5855 5865 5856
f 5856 5865 5866
f 5837 5840 5844
f 5844 5840 5857
f 5827 5858 5868
f 5868 5858 5867
f 5824 5864 5835
f 5835 5864 5861
f 5732 5731 5862
f 5862 5731 5846
f 5863 5823 5868
f 5868 5823 5827
f 5843 5831 5848
f 5848 5831 5830
f 5854 5858 5857
f 5857 5858 5852
f 5855 5840 5865
f 5865 5840 5839
f 5865 5839 5820
f 5820 5839 5821
f 5868 5867 5870
f 5870 5867 5869
f 5868 5870 5863
f 5863 5870 5871
f 5863 5871 5864
f 5864 5871 5872
f 5864 5872 5861
f 5861 5872 5873
f 5867 5853 5869
f 5869 5853 5874
f 5853 5856 5874
f 5874 5856 5875
f 5856 5866 5875
f 5875 5866 5876
f 5877 5878 5874
f 5874 5878 5869
f 5880 5881 5879
f 5879 5881 5882
f 5883 5884 5880
f 5880 5884 5881
f 5881 5884 5886
f 5886 5884 5885
f 5887 5888 5886
f 5886 5888 5889
f 5885 5890 5886
f 5886 5890 5887
f 5889 5882 5886
f 5886 5882 5881
f 5882 5891 5879
f 5879 5891 5892
f 5885 5884 5893
f 5893 5884 5883
f 5883 5871 5893
f 5893 5871 5870
f 5883 5894 5871
f 5871 5894 5872
f 5880 5895 5883
f 5883 5895 5894
f 5896 5895 5879
f 5879 5895 5880
f 5893 5878 5885
f 5885 5878 5890
f 5878 5893 5869
f 5869 5893 5870
f 5897 5896 5892
f 5892 5896 5879
f 5895 5896 5898
f 5898 5896 5899
f 5896 5897 5899
f 5899 5897 5900
f 5898 5899 5901
f 5901 5899 5902
f 5901 5903 5898
f 5898 5903 5904
f 5900 5905 5899
f 5899 5905 5902
f 5898 5904 5895
f 5895 5904 5894
f 5894 5904 5872
f 5872 5904 5873
f 5897 5892 5907
f 5907 5892 5906
f 5892 5891 5906
f 5906 5891 5908
f 5887 5890 5909
f 5909 5890 5878
f 5888 5887 5910
f 5910 5887 5909
f 5878 5877 5909
f 5909 5877 5911
f 5909 5911 5910
f 5910 5911 5912
f 5913 5914 5910
f 5910 5914 5888
f 5908 5914 5906
f 5906 5914 5913
f 5861 5873 5859
f 5859 5873 5915
f 5860 5916 5866
f 5866 5916 5876
f 5916 5860 5915
f 5915 5860 5859
f 5915 5903 5916
f 5916 5903 5917
f 5903 5901 5917
f 5917 5901 5918
f 5916 5917 5876
f 5876 5917 5919
f 5903 5915 5904
f 5904 5915 5873
f 5920 5875 5919
f 5919 5875 5876
f 5920 5877 5875
f 5875 5877 5874
f 5920 5921 5877
f 5877 5921 5911
f 5921 5920 5922
f 5922 5920 5919
f 5923 5921 5924
f 5924 5921 5922
f 5917 5918 5919
f 5919 5918 5922
f 5918 5925 5922
f 5922 5925 5924
f 5921 5923 5911
f 5911 5923 5912
f 5927 5912 5926
f 5926 5912 5923
f 5926 5929 5928
f 5928 5929 5930
f 5926 5923 5929
f 5929 5923 5924
f 5926 5928 5927
f 5927 5928 5907
f 5927 5907 5913
f 5913 5907 5906
f 5913 5910 5927
f 5927 5910 5912
f 5901 5902 5918
f 5918 5902 5925
f 5930 5925 5905
f 5905 5925 5902
f 5930 5929 5925
f 5925 5929 5924
f 5928 5930 5900
f 5900 5930 5905
f 5900 5897 5928
f 5928 5897 5907
f 5882 5889 5891
f 5891 5889 5908
f 5908 5889 5914
f 5914 5889 5888
f 5832 5831 5641
f 5641 5831 5639
f 5833 5838 5834
f 5834 5838 5837
f 5842 5841 5849
f 5849 5841 5850
f 5841 5843 5850
f 5850 5843 5848
f 5847 5846 5739
f 5739 5846 5731
f 5842 5849 5833
f 5833 5849 5838
f 5862 5832 5732
f 5732 5832 5641
f 5847 5739 5834
f 5834 5739 5708
f 5862 5846 5851
f 5851 5846 5845
f 5831 5843 5639
f 5639 5843 5724
f 5676 5732 5595
f 5595 5732 5641
f 5676 5461 5660
f 5660 5461 5464
f 5461 5460 5464
f 5464 5460 5465
f 5460 5674 5465
f 5465 5674 5661
f 5931 5932 5934
f 5934 5932 5933
f 5936 5937 5935
f 5935 5937 5938
f 5935 5938 5939
f 5939 5938 5940
f 5942 5943 5941
f 5941 5943 5944
f 5945 5946 5936
f 5936 5946 5937
f 5948 5949 5947
f 5947 5949 5950
f 5951 5952 5519
f 5519 5952 5593
f 5953 5951 5709
f 5709 5951 5519
f 5955 5956 5954
f 5954 5956 5957
f 5958 5942 5946
f 5946 5942 5937
f 5948 5959 5949
f 5949 5959 5933
f 5960 5958 5934
f 5934 5958 5946
f 5961 5955 5940
f 5940 5955 5962
f 5963 5964 5966
f 5966 5964 5965
f 5955 5954 5962
f 5962 5954 5967
f 5968 5939 5962
f 5962 5939 5940
f 5961 5940 5941
f 5941 5940 5938
f 5931 5969 5932
f 5932 5969 5970
f 5945 5971 5931
f 5931 5971 5969
f 5941 5944 5961
f 5961 5944 5972
f 5954 5957 5947
f 5947 5957 5973
f 5945 5931 5946
f 5946 5931 5934
f 5935 5974 5936
f 5936 5974 5975
f 5959 5960 5933
f 5933 5960 5934
f 5937 5942 5938
f 5938 5942 5941
f 5932 5970 5976
f 5976 5970 5977
f 5968 5964 5978
f 5978 5964 5963
f 5965 5964 5950
f 5950 5964 5967
f 5976 5977 5965
f 5965 5977 5966
f 5947 5950 5954
f 5954 5950 5967
f 5939 5968 5979
f 5979 5968 5978
f 5936 5975 5945
f 5945 5975 5971
f 5972 5754 5956
f 5956 5754 5617
f 5974 5935 5979
f 5979 5935 5939
f 5953 5943 5958
f 5958 5943 5942
f 5964 5968 5967
f 5967 5968 5962
f 5965 5950 5976
f 5976 5950 5949
f 5976 5949 5932
f 5932 5949 5933
f 5979 5978 5981
f 5981 5978 5980
f 5979 5981 5974
f 5974 5981 5982
f 5974 5982 5975
f 5975 5982 5983
f 5975 5983 5971
f 5971 5983 5984
f 5978 5963 5980
f 5980 5963 5985
f 5963 5966 5985
f 5985 5966 5986
f 5986 5966 5987
f 5987 5966 5977
f 5988 5989 5985
f 5985 5989 5980
f 5991 5992 5990
f 5990 5992 5993
f 5994 5995 5991
f 5991 5995 5992
f 5992 5995 5997
f 5997 5995 5996
f 5998 5999 5997
f 5997 5999 6000
f 5996 6001 5997
f 5997 6001 5998
f 6000 5993 5997
f 5997 5993 5992
f 6002 6003 5993
f 5993 6003 5990
f 5995 5994 5996
f 5996 5994 6004
f 5994 5982 6004
f 6004 5982 5981
f 5994 6005 5982
f 5982 6005 5983
f 5991 6006 5994
f 5994 6006 6005
f 6006 5991 6007
f 6007 5991 5990
f 5996 6004 6001
f 6001 6004 5989
f 5989 6004 5980
f 5980 6004 5981
f 6003 6008 5990
f 5990 6008 6007
f 6009 6006 6010
f 6010 6006 6007
f 6008 6011 6007
f 6007 6011 6010
f 6012 6009 6013
f 6013 6009 6010
f 6009 6012 6015
f 6015 6012 6014
f 6011 6016 6010
f 6010 6016 6013
f 6006 6009 6005
f 6005 6009 6015
f 6005 6015 5983
f 5983 6015 5984
f 6008 6003 6018
f 6018 6003 6017
f 6003 6002 6017
f 6017 6002 6019
f 5998 6001 6020
f 6020 6001 5989
f 5999 5998 6021
f 6021 5998 6020
f 5989 5988 6020
f 6020 5988 6022
f 6021 6020 6023
f 6023 6020 6022
f 6021 6024 5999
f 5999 6024 6025
f 6019 6025 6017
f 6017 6025 6024
f 5971 5984 5969
f 5969 5984 6026
f 5970 6027 5977
f 5977 6027 5987
f 6027 5970 6026
f 6026 5970 5969
f 6026 6014 6027
f 6027 6014 6028
f 6014 6012 6028
f 6028 6012 6029
f 6027 6028 5987
f 5987 6028 6030
f 6026 5984 6014
f 6014 5984 6015
f 6031 5986 6030
f 6030 5986 5987
f 6031 5988 5986
f 5986 5988 5985
f 6032 6022 6031
f 6031 6022 5988
f 6032 6031 6033
f 6033 6031 6030
f 6034 6032 6035
f 6035 6032 6033
f 6028 6029 6030
f 6030 6029 6033
f 6029 6036 6033
f 6033 6036 6035
f 6032 6034 6022
f 6022 6034 6023
f 6038 6023 6037
f 6037 6023 6034
f 6037 6040 6039
f 6039 6040 6041
f 6037 6034 6040
f 6040 6034 6035
f 6037 6039 6038
f 6038 6039 6018
f 6038 6018 6024
f 6024 6018 6017
f 6024 6021 6038
f 6038 6021 6023
f 6012 6013 6029
f 6029 6013 6036
f 6041 6036 6016
f 6016 6036 6013
f 6041 6040 6036
f 6036 6040 6035
f 6041 6016 6039
f 6039 6016 6011
f 6011 6008 6039
f 6039 6008 6018
f 5993 6000 6002
f 6002 6000 6019
f 6019 6000 6025
f 6025 6000 5999
f 5943 5756 5944
f 5944 5756 5755
f 6042 5948 5973
f 5973 5948 5947
f 5952 5951 5959
f 5959 5951 5960
f 5951 5953 5960
f 5960 5953 5958
f 5616 5957 5617
f 5617 5957 5956
f 6042 5952 5948
f 5948 5952 5959
f 5944 5755 5972
f 5972 5755 5754
f 5957 5616 5973
f 5973 5616 5652
f 5956 5955 5972
f 5972 5955 5961
f 5943 5953 5756
f 5756 5953 5709
f 6044 6045 6043
f 6043 6045 6046
f 6048 6049 6047
f 6047 6049 6050
f 6047 6050 6051
f 6051 6050 6052
f 6054 6055 6053
f 6053 6055 6056
f 6057 6058 6060
f 6060 6058 6059
f 6061 6062 6048
f 6048 6062 6049
f 6063 6064 6066
f 6066 6064 6065
f 6067 6068 6070
f 6070 6068 6069
f 6071 6069 5653
f 5653 6069 6068
f 6072 6073 6075
f 6075 6073 6074
f 6062 6076 6049
f 6049 6076 6054
f 6058 6067 6059
f 6059 6067 6070
f 6064 6077 6065
f 6065 6077 6045
f 6078 6076 6046
f 6046 6076 6062
f 6073 6080 6079
f 6079 6080 6052
f 6082 6083 6081
f 6081 6083 6084
f 6072 6085 6073
f 6073 6085 6080
f 6086 6051 6080
f 6080 6051 6052
f 6079 6052 6053
f 6053 6052 6050
f 6043 6087 6044
f 6044 6087 6088
f 6061 6089 6043
f 6043 6089 6087
f 6053 6056 6079
f 6079 6056 6090
f 6063 6072 6060
f 6060 6072 6075
f 6043 6046 6061
f 6061 6046 6062
f 6047 6091 6048
f 6048 6091 6092
f 6077 6078 6045
f 6045 6078 6046
f 6049 6054 6050
f 6050 6054 6053
f 6044 6088 6093
f 6093 6088 6094
f 6086 6082 6095
f 6095 6082 6081
f 6083 6082 6066
f 6066 6082 6085
f 6093 6094 6083
f 6083 6094 6084
f 6072 6063 6085
f 6085 6063 6066
f 6051 6086 6096
f 6096 6086 6095
f 6048 6092 6061
f 6061 6092 6089
f 5656 5655 6090
f 6090 5655 6074
f 6091 6047 6096
f 6096 6047 6051
f 6071 6055 6076
f 6076 6055 6054
f 6082 6086 6085
f 6085 6086 6080
f 6093 6083 6065
f 6065 6083 6066
f 6044 6093 6045
f 6045 6093 6065
f 6096 6095 6098
f 6098 6095 6097
f 6096 6098 6091
f 6091 6098 6099
f 6091 6099 6092
f 6092 6099 6100
f 6092 6100 6089
f 6089 6100 6101
f 6095 6081 6097
f 6097 6081 6102
f 6081 6084 6102
f 6102 6084 6103
f 6103 6084 6104
f 6104 6084 6094
f 6106 6097 6105
f 6105 6097 6102
f 6107 6108 6110
f 6110 6108 6109
f 6111 6112 6108
f 6108 6112 6109
f 6109 6112 6114
f 6114 6112 6113
f 6114 6115 6117
f 6117 6115 6116
f 6113 6118 6114
f 6114 6118 6115
f 6117 6110 6114
f 6114 6110 6109
f 6110 6119 6107
f 6107 6119 6120
f 6112 6111 6113
f 6113 6111 6121
f 6111 6099 6121
f 6121 6099 6098
f 6111 6122 6099
f 6099 6122 6100
f 6123 6122 6108
f 6108 6122 6111
f 6124 6123 6107
f 6107 6123 6108
f 6113 6121 6118
f 6118 6121 6106
f 6106 6121 6097
f 6097 6121 6098
f 6125 6124 6120
f 6120 6124 6107
f 6126 6123 6127
f 6127 6123 6124
f 6125 6128 6124
f 6124 6128 6127
f 6129 6126 6130
f 6130 6126 6127
f 6126 6129 6132
f 6132 6129 6131
f 6128 6133 6127
f 6127 6133 6130
f 6123 6126 6122
f 6122 6126 6132
f 6122 6132 6100
f 6100 6132 6101
f 6120 6134 6125
f 6125 6134 6135
f 6120 6119 6134
f 6134 6119 6136
f 6115 6118 6137
f 6137 6118 6106
f 6115 6137 6116
f 6116 6137 6138
f 6137 6106 6139
f 6139 6106 6105
f 6138 6137 6140
f 6140 6137 6139
f 6141 6142 6138
f 6138 6142 6116
f 6136 6142 6134
f 6134 6142 6141
f 6089 6101 6087
f 6087 6101 6143
f 6088 6144 6094
f 6094 6144 6104
f 6143 6144 6087
f 6087 6144 6088
f 6131 6145 6143
f 6143 6145 6144
f 6129 6146 6131
f 6131 6146 6145
f 6144 6145 6104
f 6104 6145 6147
f 6143 6101 6131
f 6131 6101 6132
f 6148 6103 6147
f 6147 6103 6104
f 6103 6148 6102
f 6102 6148 6105
f 6148 6149 6105
f 6105 6149 6139
f 6149 6148 6150
f 6150 6148 6147
f 6151 6149 6152
f 6152 6149 6150
f 6145 6146 6147
f 6147 6146 6150
f 6146 6153 6150
f 6150 6153 6152
f 6149 6151 6139
f 6139 6151 6140
f 6155 6140 6154
f 6154 6140 6151
f 6154 6157 6156
f 6156 6157 6158
f 6154 6151 6157
f 6157 6151 6152
f 6154 6156 6155
f 6155 6156 6135
f 6155 6135 6141
f 6141 6135 6134
f 6141 6138 6155
f 6155 6138 6140
f 6146 6129 6153
f 6153 6129 6130
f 6158 6153 6133
f 6133 6153 6130
f 6158 6157 6153
f 6153 6157 6152
f 6156 6158 6128
f 6128 6158 6133
f 6128 6125 6156
f 6156 6125 6135
f 6110 6117 6119
f 6119 6117 6136
f 6136 6117 6142
f 6142 6117 6116
f 6055 5615 6056
f 6056 5615 5752
f 6060 6059 6063
f 6063 6059 6064
f 6077 6070 6078
f 6078 6070 6069
f 6069 6071 6078
f 6078 6071 6076
f 6159 6057 6075
f 6075 6057 6060
f 6059 6070 6064
f 6064 6070 6077
f 6056 5752 6090
f 6090 5752 5656
f 6090 6074 6079
f 6079 6074 6073
f 6055 6071 5615
f 5615 6071 5653
f 5547 5471 6160
f 6160 5471 6161
f 5729 5577 6163
f 6163 5577 6162
f 5577 5576 6162
f 6162 5576 6164
f 5713 6165 5711
f 5711 6165 6166
f 5474 5729 6167
f 6167 5729 6163
f 5750 5547 6168
f 6168 5547 6160
f 5471 5474 6161
f 6161 5474 6167
f 6169 5712 6168
f 6168 5712 5750
f 5711 6166 5576
f 5576 6166 6164
f 6165 5713 6169
f 6169 5713 5712
f 6168 6170 6169
f 6169 6170 6171
f 6169 6171 6165
f 6165 6171 6172
f 6165 6172 6166
f 6166 6172 6173
f 6166 6173 6164
f 6164 6173 6174
f 6168 6160 6170
f 6170 6160 6175
f 6160 6161 6175
f 6175 6161 6176
f 6161 6167 6176
f 6176 6167 6177
f 6179 6170 6178
f 6178 6170 6175
f 6181 6182 6180
f 6180 6182 6183
f 6184 6185 6181
f 6181 6185 6182
f 6186 6187 6185
f 6185 6187 6182
f 6186 6188 6187
f 6187 6188 6189
f 6190 6183 6187
f 6187 6183 6182
f 6183 6190 6191
f 6191 6190 6192
f 6191 6193 6183
f 6183 6193 6180
f 6186 6185 6194
f 6194 6185 6184
f 6184 6172 6194
f 6194 6172 6171
f 6184 6195 6172
f 6172 6195 6173
f 6181 6196 6184
f 6184 6196 6195
f 6196 6181 6197
f 6197 6181 6180
f 6186 6194 6188
f 6188 6194 6179
f 6179 6194 6170
f 6170 6194 6171
f 6193 6198 6180
f 6180 6198 6197
f 6199 6196 6200
f 6200 6196 6197
f 6198 6201 6197
f 6197 6201 6200
f 6202 6199 6203
f 6203 6199 6200
f 6199 6202 6205
f 6205 6202 6204
f 6201 6206 6200
f 6200 6206 6203
f 6196 6199 6195
f 6195 6199 6205
f 6195 6205 6173
f 6173 6205 6174
f 6198 6193 6208
f 6208 6193 6207
f 6193 6191 6207
f 6207 6191 6192
f 6189 6188 6209
f 6209 6188 6179
f 6210 6189 6211
f 6211 6189 6209
f 6209 6179 6212
f 6212 6179 6178
f 6211 6209 6213
f 6213 6209 6212
f 6211 6214 6210
f 6210 6214 6215
f 6192 6215 6207
f 6207 6215 6214
f 6190 6187 6210
f 6210 6187 6189
f 6192 6190 6215
f 6215 6190 6210
f 6162 6164 6216
f 6216 6164 6174
f 6167 6163 6177
f 6177 6163 6217
f 6216 6217 6162
f 6162 6217 6163
f 6204 6218 6216
f 6216 6218 6217
f 6202 6219 6204
f 6204 6219 6218
f 6217 6218 6177
f 6177 6218 6220
f 6216 6174 6204
f 6204 6174 6205
f 6221 6176 6220
f 6220 6176 6177
f 6176 6221 6175
f 6175 6221 6178
f 6221 6222 6178
f 6178 6222 6212
f 6222 6221 6223
f 6223 6221 6220
f 6224 6222 6225
f 6225 6222 6223
f 6218 6219 6220
f 6220 6219 6223
f 6219 6226 6223
f 6223 6226 6225
f 6222 6224 6212
f 6212 6224 6213
f 6228 6213 6227
f 6227 6213 6224
f 6229 6227 6231
f 6231 6227 6230
f 6227 6224 6230
f 6230 6224 6225
f 6227 6229 6228
f 6228 6229 6208
f 6228 6208 6214
f 6214 6208 6207
f 6214 6211 6228
f 6228 6211 6213
f 6219 6202 6226
f 6226 6202 6203
f 6231 6226 6206
f 6206 6226 6203
f 6231 6230 6226
f 6226 6230 6225
f 6229 6231 6201
f 6201 6231 6206
f 6201 6198 6229
f 6229 6198 6208
f 5674 5672 5661
f 5661 5672 5662
f 5662 5672 5663
f 5663 5672 5646
f 5651 6042 5652
f 5652 6042 5973
f 5518 5517 5751
f 5751 5517 5733
f 5738 5660 5753
f 5753 5660 5637
f 5752 5636 5656
f 5656 5636 5526
f 5952 6042 5593
f 5593 6042 5651
f 5593 5651 5594
f 5594 5651 5650
f 5600 5737 5514
f 5514 5737 5515
f 5546 5545 5740
f 5740 5545 6232
f 6232 6058 5740
f 5740 6058 6057
f 6067 6058 6233
f 6233 6058 6232
f 6233 6232 6234
f 6234 6232 5545
f 6234 5545 6235
f 6235 5545 5544
f 5606 6236 5543
f 5543 6236 5544
f 6235 5544 5539
f 5539 5544 6236
f 6237 6235 5542
f 5542 6235 5539
f 6235 6237 6234
f 6234 6237 6238
f 6234 6238 6233
f 6233 6238 6239
f 5653 6068 5650
f 5650 6068 6239
f 5642 5513 6240
f 6240 5513 5516
f 5539 6236 5540
f 5540 6236 5606
f 5636 5614 5637
f 5637 5614 5753
f 6239 5737 5650
f 5650 5737 5594
f 6239 6068 6233
f 6233 6068 6067
f 6075 6074 6159
f 6159 6074 5655
f 6057 6159 5740
f 5740 6159 5655
f 5515 5737 6238
f 6238 5737 6239
f 6238 6237 5515
f 5515 6237 5516
f 5542 6240 6237
f 6237 6240 5516
f 6240 5542 5642
f 5642 5542 5541
f 5702 5699 5541
f 5541 5699 5642
f 5582 5475 5717
f 5470 5443 5537
f 5537 5443 5504
f 5469 5444 5470
f 5470 5444 5443
f 5726 5557 5727
f 5727 5557 5556
f 5537 5504 5511
f 5511 5504 5506
f 5504 5503 5506
f 5506 5503 5507
f 5503 5455 5507
f 5507 5455 5581
f 5455 5454 5581
f 5581 5454 5456
f 5473 5453 5474
f 5474 5453 5729
f 5457 5454 5473
f 5473 5454 5453
f 5473 5472 5457
f 5457 5472 5686
f 5472 5548 5686
f 5686 5548 5687
f 5749 5693 5548
f 5548 5693 5687
f 5715 5532 5749
f 5749 5532 5693
f 5714 5486 5715
f 5715 5486 5532
f 5714 5710 5486
f 5486 5710 5449
f 5728 5578 5729
f 5729 5578 5577
f 5452 5445 5698
f 5698 5445 5558
f 5445 5444 5558
f 5558 5444 5556
f 5444 5469 5556
f 5556 5469 5727
f 5469 5468 5727
f 5727 5468 5555
f 5468 5747 5555
f 5555 5747 5552
f 5747 5700 5552
f 5552 5700 5716
f 5700 5699 5716
f 5716 5699 5717
f 5699 5702 5717
f 5717 5702 5582
f 5702 5701 5582
f 5582 5701 5583
f 5726 5479 5557
f 5557 5479 5483
f 5483 5479 5484
f 5484 5479 5482
f 5534 5533 5482
f 5482 5533 5484
f 5691 5688 5534
f 5534 5688 5533
f 5644 5647 5691
f 5691 5647 5688
f 5719 5746 5701
f 5701 5746 5583
f 5718 5497 5719
f 5719 5497 5746
f 5718 5605 5654
f 5654 5605 5638
f 5498 5654 5657
f 5657 5654 5633
f 5497 5718 5498
f 5498 5718 5654
f 5657 5527 5498
f 5498 5527 5494
f 5528 5570 5495
f 5495 5570 5521
f 5665 5668 5528
f 5528 5668 5570
f 5664 5671 5665
f 5665 5671 5668
f 5645 5741 5664
f 5664 5741 5671
f 5644 5696 5645
f 5645 5696 5741
f 5710 5575 5449
f 5449 5575 5450
f 5575 5578 5450
f 5450 5578 5698
f 5578 5728 5698
f 5698 5728 5452
f 5452 5728 5451
f 5451 5728 5453
f 3619 6241 3620
f 3620 6241 6242
f 6243 6244 3628
f 3628 6244 3629
f 6245 6246 3634
f 3634 6246 3631
f 6247 6248 3636
f 3636 6248 3637
f 6249 6250 3642
f 3642 6250 3639
f 3639 6250 3643
f 3643 6250 6251
f 3743 6252 3744
f 3744 6252 6253
f 6246 6243 3631
f 3631 6243 3628
f 3753 6254 3754
f 3754 6254 6255
f 3857 6256 3619
f 3619 6256 6241
f 6257 6245 3932
f 3932 6245 3634
f 6242 6247 3620
f 3620 6247 3636
f 6258 6259 3946
f 3946 6259 3947
f 6260 6249 3948
f 3948 6249 3642
f 6244 6258 3629
f 3629 6258 3946
f 3947 6259 3753
f 3753 6259 6254
f 6248 6260 3637
f 3637 6260 3948
f 3643 6251 3743
f 3743 6251 6252
f 3744 6253 3932
f 3932 6253 6257
f 6250 6249 6251
f 6251 6249 6252
f 6245 6261 6246
f 6246 6261 6262
f 6263 6264 6247
f 6247 6264 6248
f 6252 6265 6253
f 6253 6265 6266
f 6246 6262 6243
f 6243 6262 6267
f 6268 6261 6257
f 6257 6261 6245
f 6269 6263 6242
f 6242 6263 6247
f 6270 6271 6260
f 6260 6271 6249
f 6264 6270 6248
f 6248 6270 6260
f 6253 6266 6257
f 6257 6266 6268
f 6249 6271 6252
f 6252 6271 6265
f 6254 6259 6272
f 6272 6259 6273
f 6266 6265 6270
f 6270 6265 6271
f 6268 6266 6264
f 6264 6266 6270
f 6261 6268 6263
f 6263 6268 6264
f 6269 6262 6263
f 6263 6262 6261
f 4186 4185 6274
f 6274 4185 6275
f 6241 6276 6242
f 6242 6276 6269
f 6258 6244 6277
f 6277 6244 6278
f 6256 6279 6241
f 6241 6279 6276
f 6259 6258 6273
f 6273 6258 6277
f 6243 6267 6244
f 6244 6267 6278
f 6276 6267 6269
f 6269 6267 6262
f 6254 6272 6255
f 6255 6272 6280
f 3865 3713 3888
f 3888 3713 3685
f 5242 5233 3892
f 3892 5233 3711
f 3900 5243 3892
f 3892 5243 5242
f 3734 3866 3900
f 3900 3866 5243
f 4117 6281 4118
f 4118 6281 6282
f 4118 6282 4278
f 4278 6282 4879
f 4717 4887 4718
f 4718 4887 4280
f 4792 4278 4882
f 4882 4278 4879
f 4795 4792 6283
f 6283 4792 4882
f 4852 4851 5012
f 5012 4851 6284
f 4856 5207 4857
f 4857 5207 4858
f 4860 4279 4857
f 4857 4279 4854
f 4718 4280 4860
f 4860 4280 4279
f 4864 4863 4745
f 4745 4863 4742
f 5366 4867 5011
f 5011 4867 4866
f 4871 4884 4872
f 4872 4884 4883
f 4872 4883 4117
f 4117 4883 6281
f 6284 4851 6283
f 6283 4851 4795
f 4852 4866 4853
f 4853 4866 4865
f 4871 4870 4856
f 4856 4870 5207
f 4717 4716 4864
f 4864 4716 4861
f 4868 4867 4862
f 4862 4867 4863
f 4268 4855 4269
f 4269 4855 4854
f 4281 4274 4282
f 4282 4274 4765
f 4744 4743 4907
f 4907 4743 4904
f 4874 4881 4820
f 4820 4881 4880
f 4885 5013 4886
f 4886 5013 4980
f 4888 4275 4281
f 4281 4275 4274
f 4902 6282 4903
f 4903 6282 6281
f 6283 4979 6284
f 6284 4979 4978
f 4282 4765 4269
f 4269 4765 4266
f 4880 4879 4902
f 4902 4879 6282
f 4903 6281 4886
f 4886 6281 4883
f 4882 4881 6283
f 6283 4881 4979
f 5013 4885 4267
f 4267 4885 4268
f 4888 4887 4744
f 4744 4887 4745
f 4410 6285 4411
f 4411 6285 4812
f 4750 4749 6286
f 6286 4749 6287
f 6289 4695 6288
f 6288 4695 4255
f 4750 4675 4751
f 4751 4675 4965
f 6290 6291 4963
f 4963 6291 4960
f 4807 4806 4411
f 4411 4806 4408
f 6292 6293 4959
f 4959 6293 4956
f 4958 6294 4959
f 4959 6294 4955
f 4962 4964 4963
f 4963 4964 4805
f 4962 4961 4751
f 4751 4961 4748
f 6296 6297 6295
f 6295 6297 6298
f 6299 6300 6288
f 6288 6300 4735
f 6302 4961 6301
f 6301 4961 4960
f 6304 6287 6303
f 6303 6287 4749
f 4968 6305 4969
f 4969 6305 6306
f 4413 6308 6307
f 6307 6308 4900
f 6301 4960 6309
f 6309 4960 6291
f 4412 4408 6310
f 6310 4408 4806
f 4696 6311 4256
f 4256 6311 6312
f 6303 4749 6313
f 6313 4749 4748
f 6313 4748 6302
f 6302 4748 4961
f 6315 6316 6314
f 6314 6316 6317
f 4084 6318 6315
f 6315 6318 6316
f 4083 6319 4084
f 4084 6319 6318
f 4112 6320 4083
f 4083 6320 6319
f 6322 4138 6321
f 6321 4138 4137
f 6324 4128 6323
f 6323 4128 4127
f 4127 4193 6323
f 6323 4193 6325
f 4193 4891 6325
f 6325 4891 6326
f 4891 6327 6326
f 6326 6327 6328
f 6327 4824 5227
f 5227 4824 5228
f 5231 4684 6329
f 6329 4684 4683
f 4683 4099 6329
f 6329 4099 6330
f 4099 4102 6330
f 6330 4102 6331
f 4174 4826 4429
f 4429 4826 4829
f 4173 4741 4174
f 4174 4741 4826
f 4180 4738 4173
f 4173 4738 4741
f 6332 6333 4180
f 4180 6333 4738
f 6274 6334 4186
f 4186 6334 4188
f 4181 4825 4180
f 4180 4825 6332
f 5044 5213 5045
f 5045 5213 5165
f 5046 5087 5047
f 5047 5087 5222
f 5077 5063 5078
f 5078 5063 5198
f 5081 5099 5082
f 5082 5099 5194
f 5095 5074 5096
f 5096 5074 5073
f 5373 5170 5096
f 5096 5170 5093
f 5375 5171 5373
f 5373 5171 5170
f 5047 5222 5375
f 5375 5222 5171
f 5046 5038 5376
f 5376 5038 5067
f 5377 5086 5376
f 5376 5086 5085
f 5045 5165 5377
f 5377 5165 5086
f 5378 5214 5044
f 5044 5214 5213
f 5077 5034 5378
f 5378 5034 5214
f 5082 5194 5078
f 5078 5194 5035
f 5081 5080 5379
f 5379 5080 6335
f 5379 6335 5095
f 5095 6335 5074
f 5032 5080 5033
f 5033 5080 5079
f 5040 5017 5041
f 5041 5017 5016
f 5050 5043 5051
f 5051 5043 5042
f 5065 5023 5066
f 5066 5023 5022
f 5050 5049 5065
f 5065 5049 5023
f 5041 5016 5068
f 5068 5016 5020
f 5071 5374 5072
f 5072 5374 5200
f 5075 5156 5076
f 5076 5156 5155
f 5162 5212 5068
f 5068 5212 5067
f 5075 5074 5192
f 5192 5074 6335
f 5066 5022 5199
f 5199 5022 5196
f 5076 5155 5072
f 5072 5155 5069
f 5040 5039 5071
f 5071 5039 5374
f 5162 5161 5051
f 5051 5161 5048
f 5192 6335 5032
f 5032 6335 5080
f 5199 5196 5033
f 5033 5196 5030
f 5018 5211 5019
f 5019 5211 5408
f 5019 5408 5021
f 5021 5408 5163
f 5024 5057 5025
f 5025 5057 5415
f 5028 5048 5029
f 5029 5048 5161
f 5054 5031 5055
f 5055 5031 5030
f 5024 5023 5058
f 5058 5023 5049
f 5061 5070 5062
f 5062 5070 5069
f 5157 5438 5158
f 5158 5438 5442
f 5160 5191 5054
f 5054 5191 5031
f 5029 5161 5021
f 5021 5161 5020
f 5025 5415 5197
f 5197 5415 5220
f 5158 5442 5062
f 5062 5442 5059
f 5018 5017 5061
f 5061 5017 5070
f 5160 5159 5157
f 5157 5159 5438
f 5028 5027 5058
f 5058 5027 5056
f 5055 5030 5197
f 5197 5030 5196
f 5409 5380 5410
f 5410 5380 6336
f 5026 5413 5027
f 5027 5413 5412
f 5396 5417 5393
f 5393 5417 5416
f 5416 5057 5419
f 5419 5057 5056
f 5417 5396 5426
f 5426 5396 5420
f 5427 5423 5428
f 5428 5423 5422
f 5427 5059 5430
f 5430 5059 5442
f 5409 5408 5433
f 5433 5408 5211
f 5433 5211 5428
f 5428 5211 5060
f 5412 5411 5419
f 5419 5411 5418
f 5436 5053 5437
f 5437 5053 5052
f 5439 5402 5440
f 5440 5402 5401
f 5436 5435 5439
f 5439 5435 5402
f 5410 6336 5413
f 5413 6336 5414
f 5440 5401 5430
f 5430 5401 5429
f 5426 5420 5437
f 5437 5420 5434
f 5382 5432 5383
f 5383 5432 5384
f 5386 6336 5383
f 5383 6336 5380
f 6336 5386 5414
f 5414 5386 5388
f 5391 5418 5392
f 5392 5418 5411
f 5705 5395 5704
f 5704 5395 5394
f 5399 5435 5400
f 5400 5435 5434
f 5403 5441 5404
f 5404 5441 5405
f 5407 5429 5404
f 5404 5429 5401
f 5395 5705 5421
f 5421 5705 5748
f 5424 5706 5425
f 5425 5706 5431
f 5391 5390 5394
f 5394 5390 5704
f 5392 5388 5389
f 5389 5388 5387
f 5382 5381 5425
f 5425 5381 5422
f 5407 5406 5424
f 5424 5406 5706
f 5403 5402 5399
f 5399 5402 5435
f 5421 5748 5400
f 5400 5748 5397
f 4097 4721 4098
f 4098 4721 4231
f 4233 5273 4098
f 4098 5273 4095
f 6337 6338 4785
f 4785 6338 4786
f 4076 4780 4073
f 4073 4780 4781
f 4782 4190 4781
f 4781 4190 4073
f 4783 4901 4782
f 4782 4901 4190
f 4780 4076 4097
f 4097 4076 4721
f 6337 2879 4701
f 4701 2879 2878
f 5280 6339 5272
f 5272 6339 6340
f 5282 5281 6341
f 6341 5281 6342
f 4109 6302 4110
f 4110 6302 6301
f 4283 6304 4284
f 4284 6304 6303
f 6305 4379 6306
f 6306 4379 4378
f 4110 6301 4428
f 4428 6301 6309
f 6310 4688 4412
f 4412 4688 4687
f 4284 6303 4753
f 4753 6303 6313
f 4753 6313 4109
f 4109 6313 6302
f 6343 5226 4428
f 4428 5226 4427
f 4147 4900 4416
f 4416 4900 6308
f 6312 6311 4241
f 4241 6311 4720
f 5223 6344 4702
f 4702 6344 4699
f 4221 4220 6345
f 6345 4220 6346
f 5276 5275 6347
f 6347 5275 6348
f 5275 4728 6348
f 6348 4728 6349
f 4727 6350 5284
f 5284 6350 5285
f 6351 6352 6354
f 6354 6352 6353
f 5313 5312 5292
f 5292 5312 5293
f 5312 5344 5293
f 5293 5344 5337
f 5344 4914 5337
f 5337 4914 4916
f 4914 4913 4916
f 4916 4913 4917
f 4913 6355 4917
f 4917 6355 4978
f 6356 6357 6284
f 6284 6357 5012
f 6357 6358 5012
f 5012 6358 5011
f 5011 6358 5366
f 5366 6358 6359
f 6360 4742 6359
f 6359 4742 5366
f 4743 6361 4904
f 4904 6361 5364
f 5363 4905 5364
f 5364 4905 4904
f 5363 6362 4905
f 4905 6362 4207
f 6362 6363 4207
f 4207 6363 4208
f 6363 5342 4208
f 4208 5342 5330
f 5342 5341 5330
f 5330 5341 4244
f 5341 6364 4244
f 4244 6364 4245
f 6364 6365 4245
f 4245 6365 4246
f 6366 6367 4253
f 4253 6367 4250
f 4214 6368 4211
f 4211 6368 4380
f 4380 4379 4211
f 4211 4379 4283
f 4379 6305 4283
f 4283 6305 6304
f 6305 4968 6304
f 6304 4968 6287
f 4968 4967 6287
f 6287 4967 6286
f 4967 6297 6286
f 6286 6297 4676
f 6296 4376 4288
f 4288 4376 4285
f 4376 4373 4285
f 4285 4373 4290
f 6369 6370 6372
f 6372 6370 6371
f 5245 6373 5246
f 5246 6373 6374
f 4317 6375 4318
f 4318 6375 6376
f 4331 6377 4332
f 4332 6377 6378
f 6379 4333 6376
f 6376 4333 4318
f 4343 6380 4344
f 4344 6380 6381
f 4347 6382 4348
f 4348 6382 6383
f 4374 6371 4331
f 4331 6371 6377
f 4333 6379 4426
f 4426 6379 6384
f 4690 6385 4347
f 4347 6385 6382
f 4332 6378 4317
f 4317 6378 6375
f 4922 6386 4923
f 4923 6386 6387
f 6388 6389 4375
f 4375 6389 6390
f 6355 6356 4978
f 4978 6356 6284
f 4742 6360 4743
f 4743 6360 6361
f 6391 4238 6392
f 6392 4238 4719
f 6392 4719 6393
f 6393 4719 5296
f 6395 6396 6394
f 6394 6396 6397
f 6399 6400 6398
f 6398 6400 6401
f 6402 5302 6403
f 6403 5302 5303
f 5303 5321 6403
f 6403 5321 6404
f 5320 6405 5321
f 5321 6405 6404
f 5319 6406 5350
f 5350 6406 5351
f 5319 5318 6406
f 6406 5318 6407
f 5288 4197 6408
f 6408 4197 6409
f 4217 4216 6410
f 6410 4216 6411
f 5227 6412 6327
f 6327 6412 6328
f 4892 6413 5227
f 5227 6413 6412
f 4228 6414 4892
f 4892 6414 6413
f 4227 6415 4228
f 4228 6415 6414
f 4248 6416 4227
f 4227 6416 6415
f 4247 6417 4248
f 4248 6417 6416
f 6417 4247 6419
f 6419 4247 6418
f 6419 6418 6421
f 6421 6418 6420
f 6422 5301 6423
f 6423 5301 5300
f 6423 5300 6424
f 6424 5300 6399
f 6408 6409 6398
f 6398 6409 6425
f 6426 6427 6397
f 6397 6427 6394
f 6428 4224 6429
f 6429 4224 4223
f 6347 6346 5276
f 5276 6346 4220
f 6346 6347 6341
f 6341 6347 6339
f 5280 5278 5282
f 5282 5278 4236
f 4896 5224 4684
f 4684 5224 4681
f 4132 4135 4896
f 4896 4135 5224
f 4131 4136 4132
f 4132 4136 4135
f 4226 4754 4131
f 4131 4754 4136
f 4251 4213 4226
f 4226 4213 4754
f 4250 4214 4251
f 4251 4214 4213
f 4250 6367 4214
f 4214 6367 6368
f 6367 4910 6368
f 6368 4910 4737
f 4909 5297 4736
f 4736 5297 5296
f 5297 6395 5296
f 5296 6395 6393
f 6427 6430 6394
f 6394 6430 6431
f 6429 4383 6428
f 6428 4383 4382
f 4219 5277 4220
f 4220 5277 5276
f 4222 4697 4383
f 4383 4697 4218
f 6345 4699 4221
f 4221 4699 6344
f 6342 4700 6345
f 6345 4700 4699
f 4235 4786 5281
f 5281 4786 6338
f 4234 4787 4235
f 4235 4787 4786
f 5279 5278 6432
f 6432 5278 5271
f 4237 5279 6433
f 6433 5279 6432
f 4787 4234 6433
f 6433 4234 4237
f 6435 6436 6434
f 6434 6436 6437
f 6359 6438 6360
f 6360 6438 6437
f 6439 6440 6441
f 6441 6440 6438
f 6443 6439 6442
f 6442 6439 6441
f 6357 6356 6442
f 6442 6356 6444
f 6444 6446 6445
f 6445 6446 6447
f 4912 6446 4913
f 4913 6446 6355
f 6361 6436 5364
f 5364 6436 5365
f 5319 5350 5316
f 5316 5350 6448
f 4832 6449 5350
f 5350 6449 6448
f 4831 6450 4832
f 4832 6450 6449
f 5354 6451 5320
f 5320 6451 6405
f 4265 6452 5354
f 5354 6452 6451
f 4264 6453 4265
f 4265 6453 6452
f 6450 4831 6447
f 6447 4831 6445
f 4263 6435 4264
f 4264 6435 6434
f 6454 6453 6439
f 6439 6453 6440
f 6439 6443 6454
f 6454 6443 4834
f 4833 6455 4834
f 4834 6455 6454
f 5351 6456 4833
f 4833 6456 6455
f 6457 6391 6458
f 6458 6391 6392
f 6458 6392 6431
f 6431 6392 6393
f 5298 6396 5297
f 5297 6396 6395
f 6402 6400 5302
f 5302 6400 5299
f 6402 6403 6459
f 6459 6403 6460
f 6460 6403 6461
f 6461 6403 6404
f 6405 6462 6404
f 6404 6462 6461
f 6406 6462 5351
f 5351 6462 6456
f 6406 6407 6462
f 6462 6407 6461
f 6407 6463 6461
f 6461 6463 6460
f 6463 6464 6460
f 6460 6464 6459
f 6464 6465 6459
f 6459 6465 6401
f 6430 6466 6431
f 6431 6466 6458
f 6466 6410 6458
f 6458 6410 6457
f 6410 6411 6457
f 6457 6411 6467
f 6396 6424 6397
f 6397 6424 6425
f 6393 6395 6431
f 6431 6395 6394
f 6451 6456 6405
f 6405 6456 6462
f 6452 6455 6451
f 6451 6455 6456
f 6453 6454 6452
f 6452 6454 6455
f 6443 6445 4834
f 4834 6445 4831
f 6440 6453 6434
f 6434 6453 4264
f 6468 5306 5360
f 5360 5306 5305
f 6469 4124 6468
f 6468 4124 5306
f 6470 4125 6469
f 6469 4125 4124
f 6471 5291 6470
f 6470 5291 4125
f 6353 5292 6471
f 6471 5292 5291
f 5292 6353 5313
f 5313 6353 6352
f 5347 5314 6352
f 6352 5314 5313
f 5353 5318 5346
f 5346 5318 5317
f 5334 6468 5358
f 5358 6468 5360
f 5324 6469 5334
f 5334 6469 6468
f 5323 6470 5324
f 5324 6470 6469
f 5343 6471 5323
f 5323 6471 6470
f 6354 6353 5343
f 5343 6353 6471
f 6348 6349 4270
f 4270 6349 5311
f 5272 6340 5273
f 5273 6340 4272
f 6432 5271 4232
f 4232 5271 4233
f 4294 6432 4295
f 4295 6432 4232
f 6432 4294 6433
f 6433 4294 4301
f 4301 4300 6433
f 6433 4300 4787
f 4704 4784 4300
f 4300 4784 4787
f 4704 3013 4784
f 4784 3013 1307
f 5103 6472 5104
f 5104 6472 5202
f 5108 5116 5105
f 5105 5116 5115
f 5111 5124 5112
f 5112 5124 5123
f 5154 5205 5105
f 5105 5205 5106
f 5167 5180 5168
f 5168 5180 5185
f 5175 5188 5176
f 5176 5188 5187
f 5112 5123 5178
f 5178 5123 5120
f 5167 5090 5183
f 5183 5090 5089
f 5210 5151 5183
f 5183 5151 5181
f 5216 5138 5217
f 5217 5138 5137
f 5218 5119 5219
f 5219 5119 5221
f 5218 5178 5119
f 5119 5178 5120
f 5217 5137 5104
f 5104 5137 5101
f 5116 5108 5221
f 5221 5108 5219
f 5111 5110 5210
f 5210 5110 5151
f 5154 5153 5103
f 5103 5153 6472
f 5216 5215 5176
f 5176 5215 5173
f 5175 5174 5168
f 5168 5174 5166
f 5091 5172 5092
f 5092 5172 5208
f 5117 5037 5118
f 5118 5037 5036
f 5121 5164 5122
f 5122 5164 5133
f 5125 5084 5126
f 5126 5084 5083
f 5129 5174 5130
f 5130 5174 5173
f 5131 5202 5132
f 5132 5202 6472
f 5135 5221 5122
f 5122 5221 5119
f 5125 5124 5136
f 5136 5124 5209
f 5126 5083 5121
f 5121 5083 5164
f 5118 5036 5195
f 5195 5036 5193
f 5131 5097 5203
f 5203 5097 5114
f 5132 6472 5195
f 5195 6472 5153
f 5136 5209 5092
f 5092 5209 5089
f 5135 5134 5117
f 5117 5134 5037
f 5362 5206 5130
f 5130 5206 5127
f 5372 5371 5128
f 5128 5371 5129
f 5371 5372 5091
f 5091 5372 5172
f 5362 5215 5203
f 5203 5215 5201
f 6463 6407 5353
f 5353 6407 5318
f 6464 6463 5352
f 5352 6463 5353
f 6408 6465 5288
f 5288 6465 5289
f 4196 4224 6426
f 6426 4224 6427
f 6430 6427 6428
f 6428 6427 4224
f 6466 6430 4382
f 4382 6430 6428
f 6410 6466 4217
f 4217 6466 4382
f 4240 4239 3015
f 3015 4239 3016
f 4254 4257 3017
f 3017 4257 3018
f 6473 6474 4732
f 4732 6474 6475
f 6474 6374 6475
f 6475 6374 6373
f 5246 6374 3022
f 3022 6374 3023
f 4254 6299 4255
f 4255 6299 6288
f 6473 6300 3024
f 3024 6300 3025
f 6476 4257 6312
f 6312 4257 4256
f 4240 6476 4241
f 4241 6476 6312
f 6477 4239 6391
f 6391 4239 4238
f 6467 6477 6457
f 6457 6477 6391
f 6411 3029 6467
f 6467 3029 3028
f 4216 3030 6411
f 6411 3030 3029
f 6479 6480 6478
f 6478 6480 6481
f 6483 6484 6482
f 6482 6484 6485
f 6486 6487 4102
f 4102 6487 6331
f 6483 6488 6478
f 6478 6488 6489
f 4429 4829 6490
f 6490 4829 6479
f 6491 6486 4101
f 4101 6486 4102
f 4895 6491 4899
f 4899 6491 4101
f 4160 6488 4157
f 4157 6488 6492
f 6489 4087 6490
f 6490 4087 4090
f 4267 4261 5013
f 5013 4261 4260
f 4258 4261 5328
f 5328 4261 4975
f 4261 4267 4975
f 4975 4267 4266
f 5367 3793 3912
f 3912 3793 3575
f 6494 3616 6493
f 6493 3616 3795
f 6496 3589 6495
f 6495 3589 3588
f 6495 3588 5368
f 5368 3588 3794
f 3841 3840 3050
f 3050 3840 3051
f 3912 3911 3052
f 3052 3911 3053
f 3929 3930 3054
f 3054 3930 3055
f 5370 3930 3916
f 3916 3930 3923
f 3938 5369 3807
f 3807 5369 3915
f 3589 6496 3806
f 3806 6496 3937
f 3938 3937 3056
f 3056 3937 3057
f 3051 3840 3058
f 3058 3840 3943
f 3730 4808 3727
f 3727 4808 3943
f 3820 3951 3795
f 3795 3951 6493
f 3951 3841 3059
f 3059 3841 3050
f 3911 3574 6494
f 6494 3574 3616
f 3823 3929 3824
f 3824 3929 3952
f 4061 4060 3060
f 3060 4060 3061
f 6497 6498 4901
f 4901 6498 4790
f 6333 6499 4738
f 4738 6499 4739
f 6500 6501 6314
f 6314 6501 4418
f 6502 6275 4417
f 4417 6275 4185
f 6503 6497 4783
f 4783 6497 4901
f 6498 4060 4790
f 4790 4060 4059
f 4808 4061 3069
f 3069 4061 3060
f 5367 3071 5368
f 5368 3071 3070
f 5369 3073 5370
f 5370 3073 3072
f 6274 6275 3074
f 3074 6275 3075
f 6499 6504 4739
f 4739 6504 6317
f 6333 6332 3077
f 3077 6332 3078
f 6334 6274 3079
f 3079 6274 3074
f 6332 4825 3078
f 3078 4825 3080
f 6334 6503 4188
f 4188 6503 4783
f 4825 4689 3080
f 3080 4689 1330
f 6506 4747 6505
f 6505 4747 4746
f 6505 6507 6506
f 6506 6507 6508
f 4297 6509 4920
f 4920 6509 6510
f 4296 6511 4297
f 4297 6511 6509
f 6506 6508 4319
f 4319 6508 6512
f 4372 4371 6514
f 6514 4371 6513
f 6511 4296 5251
f 5251 4296 4305
f 5251 5250 6511
f 6511 5250 6515
f 6516 6509 6515
f 6515 6509 6511
f 6517 6507 6519
f 6519 6507 6518
f 6512 6520 6513
f 6513 6520 6514
f 6507 6517 6508
f 6508 6517 6521
f 5249 6523 6522
f 6522 6523 6524
f 6525 6370 5253
f 5253 6370 6526
f 4370 4323 4371
f 4371 4323 4326
f 4370 3103 4323
f 4323 3103 1541
f 6521 6517 6527
f 6527 6517 6519
f 6520 6528 6514
f 6514 6528 6529
f 6531 6532 6530
f 6530 6532 6533
f 5250 6534 6515
f 6515 6534 6535
f 6530 6533 6536
f 6536 6533 6537
f 6526 6538 6534
f 6534 6538 6537
f 6515 6535 6516
f 6516 6535 6539
f 4325 4321 4326
f 4326 4321 4320
f 4371 4326 6513
f 6513 4326 4320
f 6531 4731 6541
f 6541 4731 6540
f 4731 4730 6540
f 6540 4730 6542
f 4730 3121 6542
f 6542 3121 3120
f 6530 4328 6531
f 6531 4328 4731
f 4328 6530 4329
f 4329 6530 6536
f 4329 6536 6524
f 6524 6536 6543
f 6544 6545 6522
f 6522 6545 5248
f 6389 6388 5245
f 5245 6388 6373
f 6388 6546 6373
f 6373 6546 6475
f 4733 6546 6295
f 6295 6546 4377
f 4732 6475 4733
f 4733 6475 6546
f 4393 4432 4394
f 4394 4432 4435
f 4434 4672 4842
f 4842 4672 4671
f 4440 4439 4441
f 4441 4439 4438
f 4436 4450 4437
f 4437 4450 4398
f 4447 4444 4448
f 4448 4444 4392
f 4446 4464 4433
f 4433 4464 6547
f 4454 4423 4455
f 4455 4423 4422
f 4452 4481 4453
f 4453 4481 4480
f 4458 4389 4459
f 4459 4389 4388
f 4456 4471 4457
f 4457 4471 4468
f 4391 4460 4392
f 4392 4460 4448
f 4461 4467 4445
f 4445 4467 4465
f 4437 4398 4629
f 4629 4398 4397
f 4438 4628 4441
f 4441 4628 4631
f 4841 4629 4839
f 4839 4629 4397
f 4628 4842 4631
f 4631 4842 4671
f 4930 4989 4452
f 4452 4989 4481
f 4929 4927 4436
f 4436 4927 4450
f 4933 4387 4934
f 4934 4387 4386
f 4931 4475 4932
f 4932 4475 4474
f 4936 4449 4933
f 4933 4449 4387
f 4935 4472 4456
f 4456 4472 4471
f 4389 4458 4391
f 4391 4458 4460
f 4457 4468 4461
f 4461 4468 4467
f 4934 4386 4454
f 4454 4386 4423
f 4453 4480 4931
f 4931 4480 4475
f 4575 4997 4576
f 4576 4997 4639
f 4579 4596 4580
f 4580 4596 4595
f 4583 4582 4572
f 4572 4582 4569
f 4587 4944 4588
f 4588 4944 4562
f 4588 4562 4590
f 4590 4562 4561
f 4576 4639 4642
f 4642 4639 4638
f 4642 4845 4641
f 4641 4845 4846
f 4845 4590 4846
f 4846 4590 4561
f 4941 4938 4595
f 4595 4938 4580
f 4938 4940 4668
f 4668 4940 4669
f 4583 4942 4584
f 4584 4942 4947
f 4582 4587 4569
f 4569 4587 4586
f 5000 5001 4579
f 4579 5001 4596
f 4558 4560 4585
f 4585 4560 4586
f 4565 4639 4566
f 4566 4639 4997
f 4568 4567 4577
f 4577 4567 4578
f 4570 4554 4571
f 4571 4554 4556
f 4640 4565 4637
f 4637 4565 4546
f 4662 4664 4665
f 4665 4664 4844
f 4662 4558 4589
f 4589 4558 4585
f 4554 4570 4557
f 4557 4570 4560
f 4571 4667 4572
f 4572 4667 4943
f 4551 4670 4552
f 4552 4670 4666
f 4640 4664 4638
f 4638 4664 4663
f 4670 4568 4668
f 4668 4568 4577
f 4999 4996 4566
f 4566 4996 4543
f 4608 4564 4603
f 4603 4564 4563
f 4573 4593 4574
f 4574 4593 4592
f 4597 4614 4598
f 4598 4614 4613
f 4601 4600 4584
f 4584 4600 4581
f 4563 4562 4604
f 4604 4562 4944
f 4643 4593 4641
f 4641 4593 4573
f 4643 4847 4644
f 4644 4847 4848
f 4564 4847 4561
f 4561 4847 4846
f 4945 4941 4598
f 4598 4941 4595
f 4941 4945 4939
f 4939 4945 4946
f 4601 4948 4602
f 4602 4948 4620
f 4600 4604 4581
f 4581 4604 4944
f 5002 5003 4597
f 4597 5003 4614
f 4988 4759 4953
f 4953 4759 4402
f 4706 6548 4707
f 4707 6548 6549
f 4311 4928 4419
f 4419 4928 6550
f 4921 4920 6551
f 6551 4920 6552
f 4925 6553 4926
f 4926 6553 6554
f 4928 4921 4802
f 4802 4921 6551
f 6555 4985 6550
f 6550 4985 4419
f 4952 6556 4953
f 4953 6556 4649
f 4971 6557 4706
f 4706 6557 6548
f 4988 4648 4925
f 4925 4648 6553
f 4707 6549 5006
f 5006 6549 4987
f 4920 6510 6552
f 6552 6510 6518
f 6558 6510 6516
f 6516 6510 6509
f 6559 6558 6539
f 6539 6558 6516
f 6531 6541 6532
f 6532 6541 6560
f 6540 6561 6541
f 6541 6561 6529
f 6542 6562 6540
f 6540 6562 6561
f 6542 3120 6562
f 6562 3120 3142
f 4366 6563 4760
f 4760 6563 4970
f 4815 6564 4816
f 4816 6564 6565
f 3147 3146 6565
f 6565 3146 4816
f 6564 6563 6565
f 6565 6563 6566
f 4837 4385 4357
f 4357 4385 4358
f 6565 6566 3147
f 3147 6566 3149
f 4694 1209 3150
f 5247 5249 5248
f 5248 5249 6522
f 6372 6390 6545
f 6545 6390 6389
f 6375 5254 6376
f 6376 5254 5258
f 6377 6525 6378
f 6378 6525 5255
f 5260 6379 5258
f 5258 6379 6376
f 6380 6567 6381
f 6381 6567 6568
f 6382 6569 6383
f 6383 6569 6570
f 6377 6371 6525
f 6525 6371 6370
f 6379 5260 6384
f 6384 5260 6571
f 6385 6572 6382
f 6382 6572 6569
f 6378 5255 6375
f 6375 5255 5254
f 6386 6573 6387
f 6387 6573 6574
f 6545 6389 5248
f 5248 6389 5245
f 4675 4750 4676
f 4676 4750 6286
f 4734 6289 4735
f 4735 6289 6288
f 4804 6290 4805
f 4805 6290 4963
f 4811 4807 4812
f 4812 4807 4411
f 4954 6292 4955
f 4955 6292 4959
f 4964 4962 4965
f 4965 4962 4751
f 6285 4821 4812
f 4812 4821 4809
f 4675 4287 4965
f 4965 4287 4210
f 6294 4145 4955
f 4955 4145 4154
f 4964 4120 4805
f 4805 4120 4119
f 6298 4966 4734
f 4734 4966 6289
f 6300 6473 4735
f 4735 6473 4732
f 6297 6296 4676
f 4676 6296 4288
f 6523 3160 4330
f 4330 3160 3159
f 5253 5252 6525
f 6525 5252 5255
f 5256 5252 4305
f 4305 5252 5251
f 4304 5257 4305
f 4305 5257 5256
f 4424 5259 4304
f 4304 5259 5257
f 5261 6571 5259
f 5259 6571 5260
f 5262 6573 5261
f 5261 6573 6571
f 5264 6567 5265
f 5265 6567 6574
f 5266 6572 5267
f 5267 6572 6568
f 5268 6570 5269
f 5269 6570 6569
f 1807 3161 5268
f 5268 3161 6570
f 6524 6523 4329
f 4329 6523 4330
f 5253 6526 5250
f 5250 6526 6534
f 6543 6538 6544
f 6544 6538 6369
f 6524 6543 6522
f 6522 6543 6544
f 3071 5367 3052
f 3052 5367 3912
f 6493 3163 6494
f 6494 3163 3162
f 3164 445 3771
f 3771 445 3761
f 461 3165 3919
f 3919 3165 3920
f 330 410 3839
f 3839 410 3910
f 332 331 3552
f 3552 331 3551
f 464 304 3918
f 3918 304 3816
f 385 458 3766
f 3766 458 3894
f 412 415 3762
f 3762 415 3763
f 3166 337 3748
f 3748 337 3745
f 3072 3055 5370
f 5370 3055 3930
f 3073 5369 3056
f 3056 5369 3938
f 3167 3057 6496
f 6496 3057 3937
f 3069 3058 4808
f 4808 3058 3943
f 411 3166 3851
f 3851 3166 3748
f 3059 3163 3951
f 3951 3163 6493
f 336 3164 3772
f 3772 3164 3771
f 3053 3911 3162
f 3162 3911 6494
f 3054 3168 3929
f 3929 3168 3952
f 3165 830 3920
f 3920 830 3945
f 3170 3169 6497
f 6497 3169 6498
f 3171 1354 5005
f 5005 1354 4830
f 3172 3170 6503
f 6503 3170 6497
f 3169 3061 6498
f 6498 3061 4060
f 3173 3171 5006
f 5006 3171 5005
f 3079 3172 6334
f 6334 3172 6503
f 3174 3025 6299
f 6299 3025 6300
f 6576 6577 6575
f 6575 6577 6578
f 4612 4611 6579
f 6579 4611 6580
f 6582 6583 6581
f 6581 6583 6584
f 6584 6585 4618
f 4618 6585 4621
f 6586 6587 6589
f 6589 6587 6588
f 6588 6587 6590
f 6590 6587 6591
f 6592 4606 6590
f 6590 4606 4623
f 6594 6576 6593
f 6593 6576 6575
f 6595 6582 6579
f 6579 6582 6581
f 6580 6597 6596
f 6596 6597 6598
f 6577 6576 6599
f 6599 6576 6600
f 6595 6596 6601
f 6601 6596 6602
f 6583 6582 6603
f 6603 6582 6604
f 6586 6606 6605
f 6605 6606 6607
f 6587 6586 6608
f 6608 6586 6605
f 6587 6608 6591
f 6591 6608 6609
f 6576 6594 6600
f 6600 6594 6610
f 6582 6595 6604
f 6604 6595 6601
f 6599 6611 6577
f 6577 6611 6598
f 6613 6614 6612
f 6612 6614 6615
f 6617 6618 6616
f 6616 6618 6619
f 6621 6622 6620
f 6620 6622 6623
f 6625 6626 6624
f 6624 6626 6627
f 6629 6630 6628
f 6628 6630 6631
f 6633 6634 6632
f 6632 6634 6635
f 6637 6638 6636
f 6636 6638 6639
f 6640 6641 6637
f 6637 6641 6638
f 6643 6633 6642
f 6642 6633 6632
f 6645 6646 6644
f 6644 6646 6647
f 6646 6648 6647
f 6647 6648 6649
f 6651 6652 6650
f 6650 6652 6653
f 6653 6652 6654
f 6654 6652 6655
f 6656 6657 6659
f 6659 6657 6658
f 6661 6662 6660
f 6660 6662 6663
f 6662 6661 6664
f 6664 6661 6665
f 6667 6657 6666
f 6666 6657 6656
f 6669 6670 6668
f 6668 6670 6671
f 6672 6673 6670
f 6670 6673 6671
f 6674 6675 6677
f 6677 6675 6676
f 6675 6678 6676
f 6676 6678 6679
f 6681 6682 6680
f 6680 6682 6683
f 6684 6685 6683
f 6683 6685 6680
f 6687 6688 6686
f 6686 6688 6689
f 6687 6690 6688
f 6688 6690 6691
f 6619 6618 6633
f 6633 6618 6634
f 6632 6635 6693
f 6693 6635 6692
f 6617 6694 6636
f 6636 6694 6637
f 6695 6692 6639
f 6639 6692 6635
f 6637 6694 6640
f 6640 6694 6696
f 6698 6638 6697
f 6697 6638 6641
f 6643 6616 6633
f 6633 6616 6619
f 6642 6699 6641
f 6641 6699 6697
f 6646 6645 6700
f 6700 6645 6621
f 6644 6701 6654
f 6654 6701 6702
f 6700 6703 6646
f 6646 6703 6648
f 6693 6704 6649
f 6649 6704 6647
f 6620 6623 6651
f 6651 6623 6652
f 6693 6649 6699
f 6699 6649 6650
f 6652 6623 6655
f 6655 6623 6622
f 6654 6702 6653
f 6653 6702 6697
f 6615 6614 6657
f 6657 6614 6658
f 6705 6656 6704
f 6704 6656 6659
f 6613 6706 6660
f 6660 6706 6661
f 6704 6659 6701
f 6701 6659 6663
f 6661 6706 6665
f 6665 6706 6707
f 6708 6702 6664
f 6664 6702 6662
f 6612 6615 6667
f 6667 6615 6657
f 6666 6709 6664
f 6664 6709 6708
f 6629 6710 6669
f 6669 6710 6670
f 6668 6711 6679
f 6679 6711 6712
f 6713 6672 6710
f 6710 6672 6670
f 6714 6671 6705
f 6705 6671 6673
f 6628 6631 6674
f 6674 6631 6675
f 6705 6673 6709
f 6709 6673 6677
f 6631 6630 6675
f 6675 6630 6678
f 6712 6708 6679
f 6679 6708 6676
f 6625 6715 6682
f 6682 6715 6683
f 6716 6717 6681
f 6681 6717 6691
f 6718 6684 6715
f 6715 6684 6683
f 6719 6680 6714
f 6714 6680 6685
f 6624 6627 6686
f 6686 6627 6687
f 6689 6711 6685
f 6685 6711 6714
f 6627 6626 6687
f 6687 6626 6690
f 6717 6712 6691
f 6691 6712 6688
f 6612 6707 6613
f 6613 6707 6706
f 6616 6696 6617
f 6617 6696 6694
f 6703 6700 6620
f 6620 6700 6621
f 6715 6625 6718
f 6718 6625 6624
f 6710 6629 6713
f 6713 6629 6628
f 6639 6635 6636
f 6636 6635 6634
f 6641 6640 6642
f 6642 6640 6643
f 6654 6655 6644
f 6644 6655 6645
f 6651 6650 6648
f 6648 6650 6649
f 6659 6658 6663
f 6663 6658 6660
f 6665 6667 6664
f 6664 6667 6666
f 6678 6669 6679
f 6679 6669 6668
f 6673 6672 6677
f 6677 6672 6674
f 6690 6682 6691
f 6691 6682 6681
f 6685 6684 6689
f 6689 6684 6686
f 6636 6634 6617
f 6617 6634 6618
f 6638 6698 6639
f 6639 6698 6695
f 6640 6696 6643
f 6643 6696 6616
f 6693 6699 6632
f 6632 6699 6642
f 6655 6622 6645
f 6645 6622 6621
f 6704 6701 6647
f 6647 6701 6644
f 6651 6648 6620
f 6620 6648 6703
f 6650 6653 6699
f 6699 6653 6697
f 6613 6660 6614
f 6614 6660 6658
f 6663 6662 6701
f 6701 6662 6702
f 6665 6707 6667
f 6667 6707 6612
f 6705 6709 6656
f 6656 6709 6666
f 6630 6629 6678
f 6678 6629 6669
f 6714 6711 6671
f 6671 6711 6668
f 6672 6713 6674
f 6674 6713 6628
f 6677 6676 6709
f 6709 6676 6708
f 6626 6625 6690
f 6690 6625 6682
f 6680 6719 6681
f 6681 6719 6716
f 6684 6718 6686
f 6686 6718 6624
f 6711 6689 6712
f 6689 6688 6712
f 6593 6720 6594
f 6594 6720 6721
f 6722 6720 4607
f 4607 6720 4849
f 6592 6723 6722
f 6722 6723 6724
f 4610 4609 6578
f 6578 4609 6575
f 6596 6595 6580
f 6580 6595 6579
f 4618 4617 6584
f 6584 4617 6581
f 6589 6585 6586
f 6586 6585 6606
f 4622 4619 6588
f 6588 4619 6589
f 4622 6588 4623
f 4623 6588 6590
f 4609 4645 6575
f 6575 4645 6593
f 4617 4612 6581
f 6581 4612 6579
f 5004 4610 6597
f 6597 4610 6578
f 4645 4849 6593
f 6593 4849 6720
f 6724 6721 6722
f 6722 6721 6720
f 6722 4607 6592
f 6592 4607 4606
f 6725 6610 6721
f 6721 6610 6594
f 6723 6726 6724
f 6724 6726 6727
f 6727 6725 6724
f 6724 6725 6721
f 6728 6729 6605
f 6605 6729 6608
f 6605 6607 6728
f 6728 6607 6730
f 6731 6732 6604
f 6604 6732 6603
f 6733 6734 6725
f 6725 6734 6610
f 6735 6733 6727
f 6727 6733 6725
f 6735 6727 6736
f 6736 6727 6726
f 6591 6609 6723
f 6723 6609 6726
f 6723 6592 6591
f 6591 6592 6590
f 6738 6739 6737
f 6737 6739 6740
f 6740 6739 6742
f 6742 6739 6741
f 6743 6744 6741
f 6741 6744 6742
f 6745 6746 6743
f 6743 6746 6744
f 6747 6748 6745
f 6745 6748 6746
f 6749 6750 6747
f 6747 6750 6748
f 6752 6738 6751
f 6751 6738 6737
f 6754 6752 6753
f 6753 6752 6751
f 6756 6754 6755
f 6755 6754 6753
f 6758 6750 6757
f 6757 6750 6749
f 6760 6756 6759
f 6759 6756 6755
f 6762 6760 6761
f 6761 6760 6759
f 6764 6762 6763
f 6763 6762 6761
f 6757 6764 6758
f 6758 6764 6763
f 6766 6741 6765
f 6765 6741 6739
f 6767 6743 6766
f 6766 6743 6741
f 6768 6745 6767
f 6767 6745 6743
f 6769 6747 6768
f 6768 6747 6745
f 6770 6749 6769
f 6769 6749 6747
f 6772 6769 6771
f 6771 6769 6768
f 6773 6770 6772
f 6772 6770 6769
f 6774 6775 6772
f 6772 6775 6773
f 6777 6778 6776
f 6776 6778 6779
f 6775 6774 6778
f 6778 6774 6779
f 6771 6780 6772
f 6772 6780 6774
f 6780 6781 6774
f 6774 6781 6779
f 6781 6782 6779
f 6779 6782 6776
f 6784 6785 6783
f 6783 6785 6786
f 6786 6787 6783
f 6783 6787 6788
f 6790 6788 6789
f 6789 6788 6787
f 6786 6785 6791
f 6791 6785 6792
f 6791 6793 6786
f 6786 6793 6787
f 6793 6794 6787
f 6787 6794 6789
f 6795 6796 6794
f 6794 6796 6789
f 6790 6789 6797
f 6797 6789 6796
f 6798 6765 6738
f 6738 6765 6739
f 6799 6798 6752
f 6752 6798 6738
f 6767 6800 6768
f 6768 6800 6771
f 6766 6801 6767
f 6767 6801 6800
f 6802 6801 6765
f 6765 6801 6766
f 6798 6803 6765
f 6765 6803 6802
f 6804 6803 6799
f 6799 6803 6798
f 6805 6806 6804
f 6804 6806 6803
f 6807 6799 6754
f 6754 6799 6752
f 6808 6804 6807
f 6807 6804 6799
f 6809 6805 6808
f 6808 6805 6804
f 6810 6811 6805
f 6805 6811 6806
f 6812 6813 6810
f 6810 6813 6811
f 6814 6815 6796
f 6796 6815 6797
f 6813 6814 6816
f 6816 6814 6817
f 6816 6818 6813
f 6813 6818 6811
f 6819 6806 6818
f 6818 6806 6811
f 6802 6803 6819
f 6819 6803 6806
f 6757 6749 6820
f 6820 6749 6770
f 6820 6770 6821
f 6821 6770 6773
f 6821 6773 6822
f 6822 6773 6775
f 6822 6775 6823
f 6823 6775 6778
f 6824 6823 6777
f 6777 6823 6778
f 6784 6825 6777
f 6777 6825 6824
f 6826 6827 6788
f 6788 6827 6783
f 6828 6826 6790
f 6790 6826 6788
f 6829 6828 6797
f 6797 6828 6790
f 6815 6830 6797
f 6797 6830 6829
f 6832 6812 6831
f 6831 6812 6810
f 6831 6810 6809
f 6809 6810 6805
f 6736 6800 6735
f 6735 6800 6801
f 6733 6735 6802
f 6802 6735 6801
f 6734 6733 6819
f 6819 6733 6802
f 6833 6734 6818
f 6818 6734 6819
f 6834 6833 6816
f 6816 6833 6818
f 6816 6817 6834
f 6834 6817 6835
f 6837 6795 6836
f 6836 6795 6794
f 6836 6794 6731
f 6731 6794 6793
f 6732 6731 6791
f 6791 6731 6793
f 6791 6792 6732
f 6732 6792 6730
f 6729 6728 6781
f 6781 6728 6782
f 6838 6807 6756
f 6756 6807 6754
f 6839 6838 6760
f 6760 6838 6756
f 6840 6839 6762
f 6762 6839 6760
f 6841 6840 6764
f 6764 6840 6762
f 6820 6841 6757
f 6757 6841 6764
f 6841 6820 6842
f 6842 6820 6821
f 6840 6841 6843
f 6843 6841 6842
f 6839 6840 6844
f 6844 6840 6843
f 6838 6839 6845
f 6845 6839 6844
f 6807 6838 6808
f 6808 6838 6845
f 6842 6821 6846
f 6846 6821 6822
f 6843 6842 6847
f 6847 6842 6846
f 6844 6843 6848
f 6848 6843 6847
f 6845 6844 6849
f 6849 6844 6848
f 6808 6845 6809
f 6809 6845 6849
f 6850 6831 6849
f 6849 6831 6809
f 6851 6850 6848
f 6848 6850 6849
f 6847 6852 6848
f 6848 6852 6851
f 6853 6852 6846
f 6846 6852 6847
f 6846 6822 6853
f 6853 6822 6823
f 6853 6823 6854
f 6854 6823 6824
f 6854 6855 6853
f 6853 6855 6852
f 6856 6851 6855
f 6855 6851 6852
f 6856 6857 6851
f 6851 6857 6850
f 6857 6832 6850
f 6850 6832 6831
f 6825 6858 6824
f 6824 6858 6854
f 6860 6827 6859
f 6859 6827 6826
f 6859 6826 6861
f 6861 6826 6828
f 6862 6861 6829
f 6829 6861 6828
f 6830 6863 6829
f 6829 6863 6862
f 6863 6864 6862
f 6862 6864 6865
f 6858 6866 6854
f 6854 6866 6855
f 6867 6865 6866
f 6866 6865 6864
f 6869 6859 6868
f 6868 6859 6861
f 6867 6869 6865
f 6865 6869 6868
f 6861 6862 6868
f 6868 6862 6865
f 6867 6860 6869
f 6869 6860 6859
f 6753 6751 6698
f 6698 6751 6695
f 6697 6755 6698
f 6698 6755 6753
f 6759 6755 6702
f 6702 6755 6697
f 6761 6759 6708
f 6708 6759 6702
f 6763 6761 6712
f 6712 6761 6708
f 6758 6763 6717
f 6717 6763 6712
f 6750 6758 6716
f 6716 6758 6717
f 6719 6748 6716
f 6716 6748 6750
f 6714 6746 6719
f 6719 6746 6748
f 6705 6744 6714
f 6714 6744 6746
f 6704 6742 6705
f 6705 6742 6744
f 6740 6742 6693
f 6693 6742 6704
f 6737 6740 6692
f 6692 6740 6693
f 6751 6737 6695
f 6695 6737 6692
f 6601 6602 6836
f 6836 6602 6837
f 6604 6601 6731
f 6731 6601 6836
f 6599 6600 6834
f 6834 6600 6833
f 6834 6835 6599
f 6599 6835 6611
f 6600 6610 6833
f 6833 6610 6734
f 6780 6771 6870
f 6870 6771 6736
f 6736 6771 6800
f 6870 6729 6780
f 6780 6729 6781
f 6608 6729 6609
f 6609 6729 6870
f 6609 6870 6726
f 6726 6870 6736
f 5014 5015 5229
f 5229 5015 5230
f 4258 5015 4259
f 4259 5015 4878
f 3471 3013 4703
f 4703 3013 4704
f 2879 6337 1306
f 1306 6337 4785
f 829 3471 4316
f 4316 3471 4703
f 4702 3472 5223
f 5223 3472 1756
f 6871 6872 4534
f 4534 6872 4535
f 6871 4665 6872
f 6872 4665 4844
f 6871 6873 4665
f 4665 6873 4559
f 6871 4534 6873
f 6873 4534 4542
f 4153 4152 4822
f 4822 4152 4407
f 4152 4168 4407
f 4407 4168 4342
f 4343 4168 4923
f 4923 4168 4167
f 4363 4362 4972
f 4972 4362 4840
f 4362 4394 4840
f 4840 4394 4839
f 4401 4400 4986
f 4986 4400 4984
f 4435 4434 4841
f 4841 4434 4842
f 4506 4505 4530
f 4530 4505 4531
f 4506 4535 4507
f 4507 4535 4843
f 4661 4660 4516
f 4516 4660 4517
f 4673 4672 4937
f 4937 4672 6547
f 4400 4924 4984
f 4984 4924 5263
f 4673 4660 4674
f 4674 4660 4659
f 4505 4661 4531
f 4531 4661 4516
f 4952 4401 6874
f 6874 4401 4986
f 4954 4153 6875
f 6875 4153 4822
f 4363 4973 4364
f 4364 4973 4974
f 5264 4924 5267
f 5267 4924 4691
f 6293 6292 6876
f 6876 6292 6877
f 6380 4343 6387
f 6387 4343 4923
f 4394 4435 4839
f 4839 4435 4841
f 4672 4434 6547
f 6547 4434 4433
f 4973 6556 4974
f 4974 6556 6878
f 6567 6380 6574
f 6574 6380 6387
f 6292 4954 6877
f 6877 4954 6875
f 6567 5264 6568
f 6568 5264 5267
f 4145 4144 4154
f 4154 4144 4151
f 4194 4144 4425
f 4425 4144 4143
f 4355 4354 5263
f 5263 4354 4984
f 4360 4359 4364
f 4364 4359 4361
f 4444 4359 4392
f 4392 4359 4337
f 4447 4446 4432
f 4432 4446 4433
f 4464 4463 6547
f 6547 4463 4937
f 4519 4518 4654
f 4654 4518 4509
f 4533 4532 4499
f 4499 4532 4498
f 4533 4542 4530
f 4530 4542 4534
f 4519 4532 4516
f 4516 4532 4531
f 4922 4194 4426
f 4426 4194 4425
f 4463 4518 4937
f 4937 4518 4517
f 6555 4951 6874
f 6874 4951 6878
f 4958 4957 6290
f 6290 4957 6291
f 4334 4360 4712
f 4712 4360 4950
f 4985 4354 4419
f 4419 4354 4353
f 5262 4355 5265
f 5265 4355 5263
f 6294 4958 4804
f 4804 4958 6290
f 6386 4922 6384
f 6384 4922 4426
f 4444 4447 4393
f 4393 4447 4432
f 4464 4446 4465
f 4465 4446 4445
f 4985 6555 4986
f 4986 6555 6874
f 6573 6386 6571
f 6571 6386 6384
f 4145 6294 4146
f 4146 6294 4804
f 6573 5262 6574
f 6574 5262 5265
f 4542 4541 6873
f 6873 4541 4559
f 4535 6872 4843
f 4843 6872 4844
f 4104 4103 6879
f 6879 4103 6343
f 4105 6293 6307
f 6307 6293 6876
f 4104 4956 4105
f 4105 4956 6293
f 4956 4104 4957
f 4957 4104 6879
f 4957 6879 6291
f 6291 6879 6309
f 4648 4988 4649
f 4649 4988 4953
f 4802 4803 4928
f 4928 4803 6550
f 6550 4803 6555
f 6555 4803 4951
f 1516 3173 4987
f 4987 3173 5006
f 6519 6518 6558
f 6558 6518 6510
f 6527 6519 6559
f 6559 6519 6558
f 6528 6560 6529
f 6529 6560 6541
f 6548 4625 6549
f 6549 4625 4624
f 6551 6552 4746
f 4746 6552 6505
f 6553 4711 6554
f 6554 4711 4710
f 4802 6551 4713
f 4713 6551 4746
f 6556 4973 4649
f 4649 4973 4646
f 6557 4949 6548
f 6548 4949 4625
f 4648 4647 6553
f 6553 4647 4711
f 6549 4624 4987
f 4987 4624 4838
f 6552 6518 6505
f 6505 6518 6507
f 6561 4372 6529
f 6529 4372 6514
f 6562 4369 6561
f 6561 4369 4372
f 3142 3482 6562
f 6562 3482 4369
f 6556 4952 6878
f 6878 4952 6874
f 4951 4950 6878
f 6878 4950 4974
f 3168 440 3952
f 4204 4203 5341
f 5341 4203 6364
f 4219 4222 6429
f 6429 4222 4383
f 4319 4322 6506
f 6506 4322 4747
f 4340 4714 4341
f 4341 4714 4384
f 4375 4377 6388
f 6388 4377 6546
f 4378 4381 6311
f 6311 4381 4720
f 4449 4341 4387
f 4387 4341 4384
f 4473 4472 4477
f 4477 4472 4474
f 4492 4491 4487
f 4487 4491 4488
f 4523 4491 4522
f 4522 4491 4490
f 4492 4538 4493
f 4493 4538 4555
f 4538 4553 4555
f 4555 4553 4556
f 4620 4615 4621
f 4621 4615 4618
f 4652 4651 4368
f 4368 4651 4365
f 4523 4655 4524
f 4524 4655 4656
f 4553 4667 4556
f 4556 4667 4571
f 4651 1210 4365
f 4365 1210 1209
f 4698 4697 5223
f 5223 4697 6344
f 4340 4339 4322
f 4322 4339 4747
f 4726 4729 5287
f 5287 4729 4198
f 4381 4380 4737
f 4737 4380 6368
f 4836 4835 4451
f 4451 4835 4709
f 4910 6367 4911
f 4911 6367 6366
f 4912 4915 6450
f 6450 4915 6449
f 4927 4836 4450
f 4450 4836 4451
f 4930 4929 4439
f 4439 4929 4436
f 4936 4935 4459
f 4459 4935 4456
f 4473 4655 4470
f 4470 4655 4510
f 4942 4583 4943
f 4943 4583 4572
f 4948 4601 4947
f 4947 4601 4584
f 4949 4835 4625
f 4625 4835 4626
f 4966 4969 6289
f 6289 4969 4695
f 4971 4652 4926
f 4926 4652 4368
f 4203 4977 6364
f 6364 4977 6365
f 4990 4989 4443
f 4443 4989 4440
f 4990 4991 4478
f 4478 4991 4512
f 4992 4991 4528
f 4528 4991 4515
f 4992 4993 4527
f 4527 4993 4485
f 4994 4993 4502
f 4502 4993 4503
f 4994 4995 4482
f 4482 4995 4550
f 4543 4996 4544
f 4544 4996 4995
f 4999 4998 4567
f 4567 4998 4578
f 5000 4998 4575
f 4575 4998 4997
f 5002 5001 4592
f 4592 5001 4574
f 5003 5004 4614
f 4614 5004 4611
f 3483 4215 1755
f 1755 4215 4698
f 5274 5277 4195
f 4195 5277 4223
f 4726 5295 4727
f 4727 5295 6350
f 5309 5342 5310
f 5310 5342 6363
f 5315 5314 5316
f 5316 5314 5317
f 5339 6362 5340
f 5340 6362 5363
f 5310 6363 5339
f 5339 6363 6362
f 4204 5309 4201
f 4201 5309 5308
f 4915 5345 6449
f 6449 5345 6448
f 5345 5315 6448
f 6448 5315 5316
f 5348 5347 6351
f 6351 5347 6352
f 5365 4263 5340
f 5340 4263 4262
f 6295 6298 4733
f 4733 6298 4734
f 4969 6306 4695
f 4695 6306 4696
f 6306 4378 4696
f 4696 4378 6311
f 6369 6372 6544
f 6544 6372 6545
f 4375 6390 4373
f 4373 6390 4374
f 6421 6422 4911
f 4911 6422 4908
f 4910 4909 4737
f 4737 4909 4736
f 5277 4219 4223
f 4223 4219 6429
f 4697 4222 6344
f 6344 4222 4221
f 6436 6361 6437
f 6437 6361 6360
f 6438 6440 6437
f 6437 6440 6434
f 6438 6359 6441
f 6441 6359 6358
f 6442 6441 6357
f 6357 6441 6358
f 6442 6444 6443
f 6443 6444 6445
f 6446 6444 6355
f 6355 6444 6356
f 6446 4912 6447
f 6447 4912 6450
f 6436 6435 5365
f 5365 6435 4263
f 5314 5347 5317
f 5317 5347 5346
f 4319 6512 4320
f 4320 6512 6513
f 6520 6512 6521
f 6521 6512 6508
f 6528 6520 6527
f 6527 6520 6521
f 6532 6539 6533
f 6533 6539 6535
f 6533 6535 6537
f 6537 6535 6534
f 6538 6543 6537
f 6537 6543 6536
f 6295 4377 6296
f 6296 4377 4376
f 4989 4930 4440
f 4440 4930 4439
f 4927 4929 4422
f 4422 4929 4455
f 4449 4936 4388
f 4388 4936 4459
f 4472 4935 4474
f 4474 4935 4932
f 4942 4940 4947
f 4947 4940 4939
f 5001 5000 4574
f 4574 5000 4575
f 4669 4943 4666
f 4666 4943 4667
f 4996 4999 4547
f 4547 4999 4567
f 4948 4946 4620
f 4620 4946 4615
f 5003 5002 4591
f 4591 5002 4592
f 6557 4971 6554
f 6554 4971 4926
f 6532 6560 6539
f 6539 6560 6559
f 6390 6372 4374
f 4374 6372 6371
f 4966 6298 4967
f 4967 6298 6297
f 6538 6526 6369
f 6369 6526 6370
f 6585 6589 4621
f 4621 6589 4619
f 6597 6578 6598
f 6598 6578 6577
f 6606 6583 6607
f 6607 6583 6603
f 6611 6602 6598
f 6598 6602 6596
f 6585 6584 6606
f 6606 6584 6583
f 6597 6580 5004
f 5004 6580 4611
f 6607 6603 6730
f 6730 6603 6732
f 6776 6785 6777
f 6777 6785 6784
f 6785 6776 6792
f 6792 6776 6782
f 6815 6814 6812
f 6812 6814 6813
f 6817 6814 6795
f 6795 6814 6796
f 6825 6784 6827
f 6827 6784 6783
f 6830 6815 6832
f 6832 6815 6812
f 6817 6795 6835
f 6835 6795 6837
f 6792 6782 6730
f 6730 6782 6728
f 6858 6825 6860
f 6860 6825 6827
f 6863 6830 6857
f 6857 6830 6832
f 6864 6863 6856
f 6856 6863 6857
f 6866 6858 6867
f 6867 6858 6860
f 6866 6864 6855
f 6855 6864 6856
f 6835 6837 6611
f 6611 6837 6602
f 6560 6528 6559
f 6559 6528 6527
f 4949 6557 4710
f 4710 6557 6554
f 4430 4090 4175
f 4175 4090 4089
f 4777 4113 4155
f 4155 4113 4086
f 4175 4089 4176
f 4176 4089 4142
f 4199 4271 4200
f 4200 4271 4798
f 4199 4095 4272
f 4272 4095 5273
f 4406 4405 4404
f 4404 4405 4346
f 4410 4409 6877
f 6877 4409 6876
f 4409 4413 6876
f 6876 4413 6307
f 4415 4148 4416
f 4416 4148 4147
f 4690 4405 4344
f 4344 4405 4342
f 4693 4692 4352
f 4352 4692 4349
f 4701 4700 6337
f 6337 4700 6338
f 4778 4777 4081
f 4081 4777 4155
f 4821 4406 4809
f 4809 4406 4404
f 4176 4142 4181
f 4181 4142 4415
f 4760 4970 4399
f 4399 4970 4692
f 4200 5007 4096
f 4096 5007 4078
f 5266 4693 5269
f 5269 4693 4352
f 5270 5007 5361
f 5361 5007 4797
f 4778 5270 4779
f 4779 5270 5361
f 6285 4410 6875
f 6875 4410 6877
f 6308 4413 4687
f 4687 4413 4412
f 6480 6320 6481
f 6481 6320 6880
f 4701 2878 4702
f 4702 2878 3472
f 6339 6347 6340
f 6340 6347 6348
f 6341 6342 6346
f 6346 6342 6345
f 4416 6308 4414
f 4414 6308 4687
f 6385 4690 6381
f 6381 4690 4344
f 5282 6341 5280
f 5280 6341 6339
f 4700 6342 6338
f 6338 6342 5281
f 6340 6348 4272
f 4272 6348 4270
f 6480 6479 4828
f 4828 6479 4829
f 6490 6479 6489
f 6489 6479 6478
f 4090 4430 6490
f 6490 4430 4429
f 6563 6564 4970
f 4970 6564 4815
f 4694 6566 4366
f 4366 6566 6563
f 6572 6385 6568
f 6568 6385 6381
f 4821 6285 4822
f 4822 6285 6875
f 6572 5266 6569
f 6569 5266 5269
f 3482 3103 4369
f 4369 3103 4370
f 3121 4730 3485
f 3485 4730 4327
f 6277 6280 6273
f 6273 6280 6272
f 6267 6276 6278
f 6278 6276 6279
f 6278 6279 6277
f 6277 6279 6280
f 6279 6256 6280
f 6280 6256 6255
f 6256 3857 6255
f 6255 3857 3754
f 3857 3856 3754
f 3754 3856 3755
f 3856 3703 3755
f 3755 3703 3863
f 3703 3702 3863
f 3863 3702 3759
f 3702 3706 3759
f 3759 3706 3670
f 3706 3705 3670
f 3670 3705 3668
f 3705 3773 3668
f 3668 3773 3882
f 3882 3773 3883
f 3883 3773 3707
f 3707 3708 3883
f 3883 3708 3880
f 3708 3710 3880
f 3880 3710 3881
f 3709 5241 3710
f 3710 5241 3881
f 5241 3709 5234
f 5234 3709 3786
f 3693 3712 3786
f 3786 3712 5234
f 4051 4055 4052
f 4052 4055 4056
f 4056 4055 4057
f 4057 4055 4054
f 4066 5238 5236
f 5236 5238 3989
f 4066 4069 5238
f 5238 4069 4035
f 6881 3962 3960
f 3960 3962 3957
f 6883 4070 6882
f 6882 4070 3941
f 4070 6883 4071
f 4071 6883 6884
f 4071 6884 4072
f 4072 6884 6885
f 6885 6886 4072
f 4072 6886 4031
f 3955 6881 3956
f 3956 6881 3960
f 6884 3991 6885
f 6885 3991 3990
f 6883 6887 6884
f 6884 6887 3991
f 6887 6888 3991
f 3991 6888 3992
f 6888 6887 6889
f 6889 6887 6890
f 6887 6883 6890
f 6890 6883 6882
f 4058 5240 3953
f 3953 5240 3954
f 5236 6888 5239
f 5239 6888 6889
f 5237 6886 3990
f 3990 6886 6885
f 4034 4031 5237
f 5237 4031 6886
f 6881 6882 3962
f 3962 6882 3941
f 6881 3955 6882
f 6882 3955 6890
f 3955 3954 6890
f 6890 3954 6889
f 5239 6889 5240
f 5240 6889 3954
f 6888 5236 3992
f 3992 5236 3989
f 3869 3868 3888
f 3888 3868 4015
f 3868 4012 4015
f 4015 4012 4010
f 4012 4022 4010
f 4010 4022 4009
f 4022 4021 4009
f 4009 4021 4018
f 4020 3974 4001
f 4001 3974 3996
f 4021 4020 4029
f 4029 4020 4001
f 4085 4156 4086
f 4086 4156 4155
f 4113 4777 4114
f 4114 4777 4776
f 4130 4129 4094
f 4094 4129 4091
f 4139 4773 4140
f 4140 4773 4772
f 4149 4178 4150
f 4150 4178 5225
f 4160 4159 4087
f 4087 4159 4088
f 4149 4148 4179
f 4179 4148 4141
f 4085 4084 4183
f 4183 4084 6315
f 4179 4141 4159
f 4159 4141 4088
f 4192 4130 4162
f 4162 4130 4094
f 4197 5288 4198
f 4198 5288 5287
f 4229 4766 4230
f 4230 4766 4771
f 4245 4246 4242
f 4242 4246 4249
f 4183 6315 4418
f 4418 6315 6314
f 4679 4178 4680
f 4680 4178 4177
f 4724 4798 4725
f 4725 4798 4271
f 4728 5275 4729
f 4729 5275 5274
f 4230 4771 4249
f 4249 4771 4242
f 4724 4723 4799
f 4799 4723 5355
f 4823 4824 4891
f 4891 4824 6327
f 4823 4192 4161
f 4161 4192 4162
f 4893 4767 4229
f 4229 4767 4766
f 4894 4895 4898
f 4898 4895 4899
f 4106 4150 4103
f 4103 4150 5225
f 4680 4894 4677
f 4677 4894 4898
f 6420 4977 5301
f 5301 4977 4976
f 4679 4678 5226
f 5226 4678 4427
f 5228 5008 4893
f 4893 5008 4767
f 5285 6354 5286
f 5286 6354 5343
f 5289 5352 5290
f 5290 5352 5349
f 5290 5349 5295
f 5295 5349 5348
f 5302 5299 4202
f 4202 5299 4976
f 4725 4271 5311
f 5311 4271 4270
f 5325 4723 5326
f 5326 4723 4722
f 5335 5355 5325
f 5325 5355 4723
f 5326 4722 5286
f 5286 4722 5283
f 4799 5357 4797
f 4797 5357 5361
f 5359 5356 5335
f 5335 5356 5355
f 4775 4774 5356
f 5356 4774 5357
f 5359 5358 4092
f 4092 5358 4093
f 6316 4740 6317
f 6317 4740 4739
f 6318 4827 6316
f 6316 4827 4740
f 6319 4828 6318
f 6318 4828 4827
f 6320 6480 6319
f 6319 6480 4828
f 6484 6322 6485
f 6485 6322 6321
f 6487 6324 6331
f 6331 6324 6323
f 6331 6323 6330
f 6330 6323 6325
f 6325 6326 6330
f 6330 6326 6329
f 6326 6328 6329
f 6329 6328 5231
f 4824 4685 5228
f 5228 4685 5008
f 5226 6343 5225
f 5225 6343 4103
f 4728 4727 6349
f 6349 4727 5284
f 6350 6351 5285
f 5285 6351 6354
f 4247 4246 6418
f 6418 4246 6365
f 6400 6402 6401
f 6401 6402 6459
f 4197 4196 6409
f 6409 4196 6426
f 6412 4897 6328
f 6328 4897 5231
f 6413 4133 6412
f 6412 4133 4897
f 6414 4134 6413
f 6413 4134 4133
f 6415 4225 6414
f 6414 4225 4134
f 6416 4252 6415
f 6415 4252 4225
f 6417 4253 6416
f 6416 4253 4252
f 4253 6417 6366
f 6366 6417 6419
f 6366 6419 4911
f 4911 6419 6421
f 6422 6423 4908
f 4908 6423 5298
f 5298 6423 6396
f 6396 6423 6424
f 6409 6426 6425
f 6425 6426 6397
f 5300 5299 6399
f 6399 5299 6400
f 6465 6408 6401
f 6401 6408 6398
f 6424 6399 6425
f 6425 6399 6398
f 6349 5284 5311
f 5311 5284 5283
f 6465 6464 5289
f 5289 6464 5352
f 6488 6483 6492
f 6492 6483 6482
f 6486 6491 6482
f 6482 6491 6492
f 6491 4895 6492
f 6492 4895 4157
f 6488 4160 6489
f 6489 4160 4087
f 6501 6502 4418
f 4418 6502 4417
f 6504 6500 6317
f 6317 6500 6314
f 3497 3496 6501
f 6501 3496 6502
f 3499 3498 6504
f 6504 3498 6500
f 4729 5274 4198
f 4198 5274 4195
f 6418 6365 6420
f 6420 6365 4977
f 5295 5348 6350
f 6350 5348 6351
f 5301 6422 6420
f 6420 6422 6421
f 4113 4112 4086
f 4086 4112 4083
f 6320 4112 6880
f 6880 4112 4111
f 4091 4772 4092
f 4092 4772 4775
f 4129 4140 4091
f 4091 4140 4772
f 4137 4140 4128
f 4128 4140 4129
f 4128 6324 4137
f 4137 6324 6321
f 6324 6487 6321
f 6321 6487 6485
f 6487 6486 6485
f 6485 6486 6482
f 4774 4773 4779
f 4779 4773 4776
f 4773 4139 4776
f 4776 4139 4114
f 4139 4138 4114
f 4114 4138 4111
f 4138 6322 4111
f 4111 6322 6880
f 6322 6484 6880
f 6880 6484 6481
f 6484 6483 6481
f 6481 6483 6478
f 6879 6343 6309
f 6309 6343 4428
f 4106 4105 4900
f 4900 4105 6307
f 3500 3167 6495
f 6495 3167 6496
f 3500 6495 3070
f 3070 6495 5368
f 3502 5235 3501
f 3501 5235 4813
f 3024 3503 6473
f 6473 3503 6474
f 3503 3023 6474
f 6474 3023 6374
f 3504 1770 4348
f 4348 1770 4345
f 3502 3505 5235
f 5235 3505 4810
f 3498 3497 6500
f 6500 3497 6501
f 3496 3075 6502
f 6502 3075 6275
f 6299 4254 3174
f 3174 4254 3017
f 1769 3501 4814
f 4814 3501 4813
f 3506 3018 6476
f 6476 3018 4257
f 3507 3499 6499
f 6499 3499 6504
f 3030 4216 3483
f 3483 4216 4215
f 3077 3507 6333
f 6333 3507 6499
f 1784 3160 5249
f 5249 3160 6523
f 3015 3506 4240
f 4240 3506 6476
f 3508 3504 6383
f 6383 3504 4348
f 3509 3016 6477
f 6477 3016 4239
f 3028 3509 6467
f 6467 3509 6477
f 3022 1785 5246
f 5246 1785 5247
f 3161 3508 6570
f 6570 3508 6383
f 3150 3149 4694
f 4694 3149 6566
f 1327 4807 3510
f 3510 4807 4811
f 3510 4811 3505
f 3505 4811 4810
f 3146 3511 4816
f 4816 3511 4350
f 3511 1808 4350
f 4350 1808 4351
f 3485 4327 3159
f 3159 4327 4330
f 1326 3512 4806
f 4806 3512 6310
f 3512 1331 6310
f 6310 1331 4688
