v 0.19978880 0.94854850 0.38801676
v 0.19603125 0.93209184 0.38768679
v 0.20690775 0.93367858 0.37825543
v 0.21100344 0.94792260 0.37444121
v 0.20446486 0.92229737 0.37975079
v 0.19475842 0.91999877 0.38654333
v 0.21395384 0.93299479 0.36651331
v 0.21760128 0.94445170 0.35995918
v 0.22289792 0.90552557 0.34108406
v 0.22703092 0.90559632 0.33077961
v 0.22566304 0.91603507 0.33742148
v 0.22085846 0.91316647 0.34577996
v 0.22478699 0.88309340 0.32712275
v 0.22023281 0.87071268 0.33097416
v 0.22294036 0.86658923 0.31818968
v 0.22620686 0.87891320 0.31347805
v 0.18769888 0.87020938 0.35857826
v 0.19381117 0.86515824 0.35486942
v 0.19689327 0.87224881 0.35673434
v 0.19013309 0.87656341 0.35980564
v 0.17805453 0.87577287 0.36835915
v 0.17843797 0.88230071 0.36744362
v 0.17371893 0.88315556 0.37399727
v 0.17432134 0.87574510 0.37555128
v 0.18285202 0.86454896 0.35659748
v 0.18931451 0.85955117 0.35227162
v 0.18251572 0.87428246 0.36234385
v 0.18120339 0.86907277 0.36269003
v 0.17925576 0.85908739 0.36990267
v 0.18018781 0.86414860 0.37046057
v 0.17718851 0.86220501 0.37730461
v 0.17656218 0.85717616 0.37442929
v 0.18166984 0.86246727 0.36090904
v 0.18191992 0.86415468 0.36475092
v 0.18005974 0.85952113 0.36538082
v 0.17887788 0.85851107 0.36155373
v 0.17783043 0.87062166 0.36929947
v 0.17528914 0.86928884 0.37672955
v 0.17178749 0.86737678 0.38392836
v 0.17372525 0.85862468 0.38363892
v 0.20571296 0.85669158 0.34273487
v 0.20018413 0.86081384 0.34978014
v 0.19567949 0.85536990 0.34799057
v 0.20087399 0.85205070 0.34284264
v 0.18023021 0.85722397 0.35694414
v 0.18550002 0.84333459 0.34984261
v 0.18545920 0.84671364 0.35179764
v 0.17963137 0.84525917 0.35595185
v 0.18030887 0.84221707 0.35398442
v 0.21171536 0.84783987 0.32821804
v 0.20649288 0.84415595 0.33214241
v 0.20755487 0.83908264 0.32671648
v 0.21236417 0.84183834 0.32111031
v 0.20602294 0.83379815 0.32337719
v 0.21179726 0.83571718 0.31480223
v 0.20432771 0.82189892 0.30888802
v 0.20832807 0.82824085 0.31112343
v 0.20273938 0.82815693 0.32141548
v 0.19817561 0.82174311 0.32223564
v 0.18613071 0.82132039 0.33246857
v 0.18079492 0.81818495 0.33487374
v 0.18671145 0.80861388 0.32742172
v 0.19241764 0.81413911 0.32497221
v 0.18547421 0.83952812 0.34338862
v 0.18908235 0.84116522 0.34068972
v 0.18947748 0.84159622 0.34346110
v 0.18556734 0.84079919 0.34705788
v 0.19262247 0.84207366 0.33874375
v 0.19426263 0.84227941 0.33796364
v 0.19404649 0.84289066 0.33969885
v 0.19243159 0.84261797 0.33961970
v 0.19054010 0.84185539 0.34000689
v 0.18962703 0.83995161 0.33948046
v 0.19178075 0.84112428 0.33878332
v 0.18645076 0.83771382 0.34182125
v 0.17522407 0.83102200 0.34871441
v 0.17868631 0.83235208 0.34736067
v 0.17683173 0.83637653 0.34858710
v 0.17383600 0.83562414 0.34984690
v 0.19230229 0.84394048 0.34217030
v 0.19458049 0.84556685 0.34243876
v 0.19079982 0.84634582 0.34682232
v 0.18986320 0.84389291 0.34510523
v 0.19704323 0.84786830 0.34297091
v 0.19613323 0.84450004 0.33961827
v 0.19921253 0.84588156 0.33922821
v 0.19375647 0.84079514 0.33704764
v 0.19659271 0.84017752 0.33492619
v 0.19705991 0.84210692 0.33712727
v 0.19477530 0.83706180 0.33378941
v 0.19146839 0.83850847 0.33716303
v 0.18834128 0.83544121 0.33896691
v 0.18433281 0.83202157 0.34171253
v 0.18705594 0.82924543 0.33674484
v 0.19145969 0.83317981 0.33463913
v 0.19243758 0.85048107 0.34772736
v 0.20118209 0.84283791 0.33497006
v 0.20392863 0.84901748 0.33763033
v 0.20144980 0.83908156 0.33174568
v 0.19976523 0.83504204 0.32947260
v 0.19629297 0.83037243 0.32908255
v 0.19133382 0.82570455 0.33051401
v 0.18948563 0.80569313 0.31285435
v 0.19675418 0.81270418 0.31116873
v 0.19326947 0.91366518 0.38086277
v 0.20172334 0.91509653 0.37768799
v 0.20291991 0.90999807 0.37002808
v 0.20433426 0.91221107 0.37091452
v 0.19924804 0.91183628 0.37456137
v 0.19901701 0.90936328 0.37270027
v 0.21513150 0.91187728 0.35207421
v 0.21086749 0.91077174 0.35744482
v 0.21131506 0.90799893 0.35423237
v 0.21725984 0.90629930 0.34839684
v 0.20512005 0.89765728 0.35732943
v 0.20892253 0.90049578 0.35477883
v 0.20500646 0.90494646 0.36053330
v 0.20226531 0.90283037 0.36238342
v 0.19878704 0.90121085 0.36411339
v 0.19478341 0.90012706 0.36535937
v 0.19541136 0.89577384 0.36246926
v 0.20027838 0.89628995 0.36021620
v 0.19268554 0.91154004 0.37646443
v 0.18559675 0.90986741 0.37604958
v 0.18717865 0.90797652 0.37388569
v 0.19330735 0.90882946 0.37459952
v 0.17735382 0.90312541 0.36647230
v 0.17839352 0.90493895 0.36863953
v 0.17497336 0.90515436 0.37062126
v 0.17443830 0.90151156 0.36768395
v 0.17697760 0.89922435 0.36613470
v 0.17881607 0.90170843 0.36589199
v 0.18853869 0.96793331 0.39630610
v 0.18613890 0.94776697 0.39733130
v 0.20372744 0.96828032 0.38222939
v 0.21411989 0.96477569 0.36719853
v 0.22109424 0.95716036 0.35208136
v 0.21770482 0.85567878 0.32337671
v 0.21927015 0.85030411 0.31366450
v 0.22474887 0.86303274 0.30578047
v 0.22344213 0.85578177 0.29639822
v 0.21816701 0.84256337 0.30540043
v 0.20711373 0.82547126 0.29482943
v 0.21425871 0.83376966 0.29882008
v 0.21920100 0.84878216 0.28664261
v 0.22376822 0.86735300 0.27815062
v 0.22680562 0.87071345 0.28951079
v 0.22511273 0.88711716 0.27372843
v 0.21928828 0.86539702 0.26379162
v 0.22187621 0.88959635 0.26495224
v 0.21022606 0.83073244 0.24850994
v 0.21306652 0.82467345 0.23788458
v 0.21940078 0.83906768 0.22845894
v 0.21832476 0.84527264 0.23904330
v 0.22770769 0.87484501 0.30052239
v 0.22565526 0.92935968 0.33519512
v 0.22211151 0.92400742 0.34535080
v 0.22908900 0.91941179 0.32628685
v 0.22039801 0.99214519 0.34336764
v 0.21752859 0.97973532 0.35749108
v 0.22525894 0.96941031 0.34436041
v 0.22729633 0.98215438 0.33263260
v 0.19040835 1.01573373 0.36701065
v 0.19159723 0.99294157 0.38498503
v 0.20441318 0.98794878 0.37286764
v 0.20559420 1.00603969 0.35807949
v 0.22828331 0.98943044 0.32066208
v 0.22728870 0.99795330 0.30434710
v 0.22060444 1.01433886 0.30525261
v 0.22027161 1.00561965 0.32602316
v 0.20627998 1.03359670 0.30822855
v 0.20633053 1.02338565 0.33384806
v 0.21987686 0.88235215 0.24883753
v 0.21952747 0.89970578 0.25565535
v 0.21686064 0.85304544 0.25208288
v 0.21977991 0.86867640 0.24041897
v 0.18636910 1.04684831 0.31074101
v 0.18735317 1.03579564 0.34104496
v 0.21458823 0.99727626 0.25036341
v 0.21622177 1.01001156 0.26553923
v 0.22522076 0.99281956 0.27404839
v 0.22308267 0.98334725 0.25873667
v 0.20093394 1.01094318 0.24155670
v 0.20284388 1.02630682 0.25914913
v 0.20638760 0.94640447 0.22436339
v 0.20077469 0.92827416 0.22290903
v 0.19154656 0.93447603 0.21237808
v 0.19592950 0.95438517 0.21212631
v 0.21116445 0.92331816 0.37113100
v 0.20792902 0.91570790 0.37225825
v 0.21166821 0.91592575 0.36547524
v 0.21517067 0.92229421 0.36207157
v 0.21855878 0.92977215 0.35543209
v 0.22199013 0.93812395 0.34689575
v 0.22782001 0.96010155 0.33150440
v 0.23006146 0.97295249 0.32246739
v 0.23036734 0.98509849 0.30024916
v 0.23127670 0.97875536 0.31308514
v 0.22886104 0.97786773 0.27531630
v 0.22722670 0.97196860 0.26555210
v 0.21648615 0.91576875 0.24635416
v 0.21426975 0.89613343 0.23708588
v 0.20452187 0.90559776 0.22707516
v 0.20813771 0.92310215 0.23397261
v 0.18725668 0.91597826 0.21018606
v 0.19581338 0.91126073 0.21868139
v 0.21404917 0.87030945 0.21786076
v 0.21447142 0.86288188 0.20644671
v 0.20619676 0.87338231 0.19621044
v 0.20544285 0.87894473 0.20758063
v 0.19579031 0.87925599 0.18677050
v 0.18379565 0.88231889 0.18070132
v 0.18492085 0.89058627 0.19144684
v 0.19472525 0.88678277 0.19843918
v 0.19480374 0.80415306 0.25016171
v 0.19625201 0.79971586 0.24076706
v 0.20630584 0.80819038 0.23564392
v 0.20332602 0.81317005 0.24493319
v 0.21569653 0.85897461 0.19464308
v 0.20761145 0.87108413 0.18520313
v 0.21431010 0.93907035 0.23738676
v 0.21896062 0.93516178 0.24804598
v 0.19738646 0.87647591 0.17516857
v 0.19493917 0.89639188 0.20978123
v 0.20491341 0.88959540 0.21762234
v 0.17731357 0.91989637 0.20377356
v 0.18043613 0.93848277 0.20362526
v 0.18398977 0.88017021 0.36263186
v 0.18536497 0.89674092 0.36469132
v 0.18568892 0.90033240 0.36635023
v 0.18167541 0.90087850 0.36628061
v 0.18076662 0.89772798 0.36539513
v 0.17101622 0.92451943 0.39759880
v 0.17120398 0.90949357 0.38903481
v 0.18359100 0.91528148 0.39004523
v 0.18359784 0.92858178 0.39466149
v 0.21493693 0.87690941 0.34524637
v 0.20570481 0.87789730 0.35404879
v 0.20401568 0.86812584 0.35182911
v 0.21042882 0.86461077 0.34378344
v 0.20830979 0.91000248 0.36070114
v 0.20971539 0.91187991 0.36185271
v 0.20742582 0.91028894 0.36378390
v 0.20897158 0.85262600 0.33603007
v 0.21471593 0.86020050 0.33367211
v 0.22996919 0.90646327 0.31830698
v 0.21800946 0.91919149 0.35326678
v 0.16781571 1.02032883 0.37536436
v 0.17084599 0.99399234 0.39538723
v 0.16361058 1.05487908 0.31465584
v 0.16572081 1.04160143 0.34646088
v 0.18439000 1.03798033 0.25391394
v 0.18240482 1.02163638 0.23425060
v 0.16371700 1.02840776 0.23022419
v 0.16127915 1.04523564 0.25388724
v 0.18259100 0.95899523 0.20401388
v 0.17334845 0.88270173 0.17677170
v 0.17378490 0.89334548 0.18752915
v 0.17256345 0.96734894 0.40159374
v 0.17215312 0.94412399 0.40221506
v 0.22476142 0.94914783 0.33814293
v 0.22341996 0.89585311 0.33950525
v 0.21832875 0.89944530 0.34742886
v 0.21646609 0.89370073 0.34903055
v 0.22158866 0.88749326 0.34005743
v 0.22656243 0.89315463 0.32749754
v 0.22820204 0.89258481 0.31277806
v 0.22983189 0.89325643 0.29611260
v 0.22776400 0.88808371 0.28350693
v 0.22582608 1.00041915 0.28786665
v 0.21735721 1.01799978 0.28359610
v 0.20437421 1.03495849 0.28147560
v 0.18502805 1.04705925 0.28052384
v 0.22885477 0.98860724 0.28716475
v 0.16181449 1.05361892 0.28206164
v 0.17842699 0.84952674 0.35770136
v 0.18513235 0.85268925 0.35310799
v 0.17637165 0.85312376 0.35987669
v 0.18015408 0.82921264 0.34390408
v 0.17626794 0.82741044 0.34530550
v 0.17755120 0.82417355 0.33984286
v 0.18218749 0.82620976 0.33859354
v 0.19001958 0.80947802 0.29686981
v 0.19832109 0.81711922 0.29487473
v 0.19368974 0.80785135 0.26011759
v 0.20131727 0.81768010 0.25501543
v 0.17551677 0.85836671 0.36818653
v 0.17389499 0.85823289 0.36869007
v 0.17363115 0.85841618 0.36621338
v 0.17565327 0.85877500 0.36587673
v 0.19115411 0.84214065 0.34140402
v 0.17570444 0.84055934 0.35613590
v 0.17274166 0.83968262 0.35673577
v 0.17330161 0.83748005 0.35354716
v 0.17634655 0.83824942 0.35291582
v 0.21099052 0.83866660 0.27603155
v 0.20905363 0.83614598 0.26070791
v 0.21942282 0.84936492 0.21771342
v 0.21920974 0.85795245 0.22893721
v 0.21398880 0.88145796 0.22808987
v 0.18519553 0.90313698 0.20210320
v 0.17571515 0.90521837 0.19588906
v 0.15144478 0.90722347 0.19404131
v 0.15096602 0.92216558 0.19815165
v 0.16438663 0.92164029 0.19903475
v 0.16262089 0.90733446 0.19443279
v 0.20023621 0.82116018 0.27927595
v 0.19136961 0.81262348 0.28252798
v 0.19260850 0.81197516 0.27096564
v 0.20046701 0.82145832 0.26662356
v 0.17066625 0.85448287 0.36783081
v 0.16951484 0.85260628 0.36878067
v 0.17008037 0.85222361 0.36513096
v 0.17159181 0.85470126 0.36549336
v 0.17646318 0.85803638 0.36321884
v 0.17443038 0.85694478 0.36283165
v 0.17507695 0.85541497 0.36166817
v 0.17697311 0.85806904 0.36855131
v 0.17737771 0.85837601 0.36549097
v 0.17258518 0.85574357 0.37329537
v 0.17517384 0.85663173 0.37168223
v 0.17294911 0.85311542 0.37762028
v 0.17184488 0.85617123 0.36712605
v 0.17245667 0.85605172 0.36505038
v 0.17526989 0.85841576 0.36421496
v 0.17368752 0.85777734 0.36428028
v 0.17259558 0.85668258 0.37150866
v 0.17437573 0.85737995 0.37021834
v 0.17041347 0.87536345 0.38242775
v 0.16442008 0.87417434 0.38524014
v 0.16535584 0.86551044 0.38649327
v 0.16653398 0.85630665 0.38638788
v 0.16717859 0.85065953 0.38025290
v 0.18521156 0.80613671 0.27329498
v 0.18626617 0.80205546 0.26313072
v 0.15591625 0.94102241 0.40298516
v 0.15839600 0.92166675 0.39697367
v 0.19187266 0.84207455 0.33928496
v 0.18465652 0.91159202 0.38069874
v 0.21105455 0.88884390 0.35297400
v 0.19066005 0.88370786 0.36049181
v 0.19754474 0.88073573 0.35804516
v 0.19653653 0.88884760 0.36000782
v 0.19044959 0.89028514 0.36191612
v 0.17584102 0.90808726 0.37954193
v 0.16795248 0.90086819 0.38232571
v 0.17126845 0.90338857 0.37555367
v 0.17123016 0.89806224 0.37171322
v 0.16897671 0.89292330 0.37866932
v 0.17354668 0.88966704 0.37132317
v 0.17447286 0.89492358 0.36760575
v 0.20542180 0.91045726 0.36704785
v 0.20758717 0.91246904 0.36665302
v 0.17871488 0.88799424 0.36607033
v 0.18440699 0.88606925 0.36262518
v 0.18473095 0.89176751 0.36317974
v 0.17928437 0.89316655 0.36482960
v 0.20353051 0.88782454 0.35701328
v 0.21360998 0.91484798 0.35856539
v 0.21089247 0.90427519 0.35355526
v 0.22353183 0.93549753 0.25877482
v 0.22166372 0.92201609 0.25798899
v 0.23167913 0.90382040 0.26975256
v 0.22957691 0.89887846 0.27030235
v 0.22343788 0.90286554 0.26776367
v 0.22869416 0.90790094 0.26672608
v 0.23258199 0.95910645 0.28444964
v 0.23129836 0.96729560 0.28542238
v 0.23170581 0.96444292 0.29211479
v 0.23207817 0.95839144 0.28703648
v 0.23149999 0.95795781 0.29432732
v 0.23145810 0.95922310 0.29832131
v 0.23159521 0.95177902 0.29497868
v 0.23156803 0.95370174 0.29202706
v 0.23163896 0.96844537 0.30529743
v 0.23060562 0.96094991 0.31266218
v 0.22999515 0.95263184 0.30360943
v 0.22794019 0.93716837 0.32250363
v 0.22880965 0.93431045 0.30565792
v 0.22890230 0.94481541 0.30590636
v 0.22846859 0.95100928 0.31846052
v 0.23005647 0.90066505 0.27717072
v 0.22909485 0.90496756 0.28483444
v 0.22153144 0.91032583 0.26186615
v 0.14112044 1.03161795 0.23349482
v 0.13973976 1.05043865 0.25747496
v 0.21313991 0.98254366 0.23802429
v 0.19976290 0.99305654 0.22841603
v 0.22097569 0.97122920 0.24837214
v 0.22537122 0.96178819 0.25764328
v 0.18449317 1.00290651 0.22047144
v 0.16878719 1.00711084 0.21298176
v 0.23068777 0.92169190 0.31314331
v 0.22910511 0.92341686 0.29992205
v 0.20978422 0.96520246 0.22962528
v 0.19720020 0.97416759 0.21887499
v 0.21828662 0.95593382 0.24078423
v 0.22327717 0.94959010 0.25166327
v 0.18263196 0.98227693 0.21101338
v 0.16549145 0.96145452 0.19950348
v 0.16444052 0.98302723 0.20409304
v 0.23169348 0.91386832 0.27571017
v 0.23060111 0.90991057 0.27904707
v 0.23092242 0.90555693 0.27391726
v 0.23380824 0.90842129 0.27349859
v 0.23073218 0.90899456 0.30408341
v 0.22947546 0.91395695 0.29211527
v 0.16990121 0.88358519 0.38103682
v 0.16239235 0.89117468 0.38356739
v 0.16359149 0.88276682 0.38440853
v 0.16123964 0.89972878 0.38492209
v 0.14250967 1.03955353 0.35219866
v 0.14538585 1.01906634 0.37901407
v 0.13839925 1.05712743 0.28833157
v 0.14014324 1.05292428 0.32091337
v 0.17628034 0.81633309 0.33659369
v 0.18037344 0.80513249 0.32908779
v 0.17384162 0.84746788 0.36008459
v 0.17101999 0.84622119 0.36031109
v 0.17198098 0.84276316 0.35860306
v 0.17490389 0.84384249 0.35827357
v 0.17911538 0.90811027 0.37381226
v 0.16520531 0.94060541 0.19970566
v 0.16198851 0.89344949 0.18639713
v 0.16148185 0.88238964 0.17600685
v 0.18496441 0.87802033 0.16821200
v 0.17241234 0.87747602 0.16502577
v 0.17020031 0.84934846 0.36246401
v 0.17270378 0.85071842 0.36185271
v 0.17174526 0.85677538 0.36988407
v 0.18068725 0.83945320 0.35080725
v 0.17220973 0.85327289 0.36324841
v 0.17270977 0.85522530 0.36413771
v 0.16810765 0.85089526 0.36545998
v 0.16869233 0.84881304 0.36237103
v 0.19034790 0.89590646 0.36399466
v 0.19015463 0.89992846 0.36612469
v 0.17024962 0.85217897 0.37293106
v 0.17068056 0.85450790 0.37120968
v 0.16708904 0.85062049 0.37303883
v 0.21575960 0.81925515 0.22748858
v 0.22064959 0.83278892 0.21721941
v 0.17071869 0.83924339 0.35681063
v 0.17118380 0.83686266 0.35369116
v 0.14892316 0.99196763 0.39847714
v 0.14668356 0.95677210 0.19834954
v 0.14594262 0.97882975 0.20160252
v 0.22998290 0.93245799 0.29467303
v 0.23193820 0.93182732 0.28799015
v 0.23220364 0.93927194 0.28999382
v 0.23030651 0.94028474 0.29689938
v 0.18699422 0.79822532 0.25342184
v 0.21992092 0.84579269 0.20541149
v 0.15967301 0.87537990 0.16441923
v 0.20813366 0.90877623 0.35927016
v 0.20703796 0.90691651 0.35924774
v 0.18191436 0.90671880 0.37145764
v 0.14274559 1.00454033 0.21499926
v 0.18273539 0.83453486 0.34491020
v 0.18100517 0.83788822 0.34658676
v 0.15066633 0.89309336 0.18736416
v 0.18390368 0.80661682 0.28455883
v 0.16805576 0.85127864 0.36928278
v 0.14935741 0.93820364 0.19959456
v 0.23332090 0.94914914 0.28625828
v 0.23518758 0.94634367 0.28807026
v 0.23509060 0.94350983 0.28614479
v 0.23359366 0.94460357 0.28537422
v 0.23564040 0.94708962 0.29347998
v 0.23715623 0.94526447 0.28989750
v 0.23819705 0.94851089 0.29046446
v 0.23665526 0.95094419 0.29350382
v 0.23159285 0.94672526 0.29684406
v 0.23422611 0.94302965 0.29233843
v 0.23899051 0.95133246 0.28993565
v 0.23882995 0.95297516 0.29238325
v 0.23590975 0.95480133 0.29242855
v 0.23206322 0.95640827 0.28962189
v 0.24089917 0.95580764 0.28975254
v 0.23702741 0.95824636 0.28946692
v 0.24349945 0.95822168 0.28539664
v 0.23836206 0.96068341 0.28490883
v 0.24483617 0.95881654 0.27889448
v 0.23898013 0.96062923 0.27832752
v 0.23067909 0.91604752 0.28385550
v 0.23109586 0.92000014 0.27811629
v 0.24571325 0.95592726 0.27312571
v 0.23898365 0.95674277 0.27214390
v 0.24555207 0.95089389 0.26783138
v 0.23960551 0.95127059 0.26666647
v 0.24469466 0.94434983 0.26426846
v 0.24008991 0.94395305 0.26215798
v 0.24422062 0.93721987 0.26197582
v 0.23938804 0.93639697 0.25993019
v 0.24317851 0.92914916 0.26152235
v 0.23828039 0.92641712 0.25883585
v 0.24000097 0.95679248 0.28340203
v 0.24127159 0.95620240 0.27846009
v 0.23100277 0.95655669 0.28081423
v 0.23911034 0.95483507 0.28783041
v 0.23397981 0.94245578 0.27782017
v 0.23163154 0.94526524 0.27862316
v 0.23234450 0.94373418 0.27819210
v 0.23165443 0.94355507 0.27543741
v 0.23150458 0.92536820 0.28366572
v 0.23299239 0.92757798 0.28024012
v 0.23270457 0.93190266 0.28375775
v 0.23176453 0.92413528 0.27748638
v 0.23075227 0.92586006 0.27738816
v 0.23012131 0.92862202 0.27971083
v 0.22937717 0.93254007 0.28212506
v 0.23103910 0.92581166 0.27497393
v 0.23253032 0.92407394 0.27418524
v 0.22993813 0.92691494 0.27538782
v 0.22955886 0.92692460 0.27682358
v 0.22842959 0.92929066 0.27746159
v 0.22882410 0.93344868 0.27724796
v 0.23032323 0.92387683 0.28996712
v 0.22900084 0.93499554 0.26658016
v 0.22742798 0.92511583 0.26444727
v 0.24073674 0.92171098 0.26341158
v 0.23828333 0.91617382 0.25971276
v 0.23719732 0.90715916 0.26929003
v 0.23884501 0.90862990 0.26312739
v 0.23056634 0.95309634 0.27592045
v 0.23102551 0.94873239 0.27085644
v 0.22748298 0.91580624 0.26508862
v 0.23093512 0.94316507 0.26703984
v 0.24061186 0.93178053 0.26466328
v 0.23805850 0.92674608 0.26609379
v 0.24226335 0.93778116 0.26486880
v 0.23363336 0.92062272 0.27329260
v 0.23552740 0.91450370 0.27130133
v 0.23863541 0.91698612 0.26700264
v 0.23542384 0.92292512 0.26900774
v 0.23908349 0.93305911 0.26821190
v 0.23608693 0.92940117 0.26902539
v 0.23605541 0.93493606 0.27004057
v 0.23315967 0.93185032 0.27093893
v 0.23177079 0.92820449 0.27255017
v 0.23351499 0.92624784 0.27104956
v 0.22935851 0.93361724 0.27226454
v 0.23225925 0.93757606 0.27236134
v 0.22945469 0.92927600 0.27398497
v 0.23821103 0.93802954 0.27116924
v 0.23973232 0.94199813 0.27258497
v 0.23776088 0.94242437 0.27643734
v 0.23517380 0.93989051 0.27423006
v 0.24223756 0.94380964 0.26661545
v 0.24208147 0.94239927 0.26961571
v 0.24073272 0.93758727 0.26835972
v 0.24209513 0.94766272 0.27182537
v 0.24188045 0.94962300 0.26970822
v 0.24031617 0.94631685 0.27382714
v 0.23897102 0.94586725 0.27626377
v 0.24071950 0.95360357 0.27901417
v 0.24157793 0.95137180 0.27524477
v 0.24214587 0.95406509 0.27403790
v 0.24063047 0.94913054 0.27641588
v 0.23974217 0.95090402 0.27915531
v 0.23850655 0.94882894 0.27908951
v 0.23928695 0.94823767 0.27713495
v 0.23712808 0.95155198 0.28860384
v 0.23611765 0.94918097 0.28915983
v 0.23806082 0.95323635 0.28627020
v 0.23596100 0.95342387 0.28729254
v 0.23682766 0.95150686 0.28498942
v 0.23464025 0.95219315 0.28713804
v 0.23600761 0.94934512 0.28444153
v 0.23458528 0.94627870 0.28336292
v 0.20228795 0.78639988 0.22202784
v 0.19898105 0.79380296 0.23110968
v 0.18941600 0.78751276 0.23418385
v 0.19096681 0.78113077 0.22477776
v 0.23747619 0.94884098 0.28175217
v 0.23834695 0.95143522 0.28206068
v 0.23925986 0.95427019 0.28262144
v 0.23576610 0.94444502 0.27966696
v 0.23721251 0.94433201 0.27843863
v 0.23776827 0.94622875 0.27874666
v 0.23633816 0.94625593 0.28093106
v 0.23255131 0.93595416 0.28533274
v 0.23115118 0.93614090 0.28149992
v 0.23133249 0.93666006 0.27679068
v 0.23243818 0.79459749 0.19170290
v 0.24215383 0.81190065 0.18325382
v 0.23444056 0.81820093 0.18821484
v 0.22600070 0.80256681 0.19702822
v 0.24936081 0.76872907 0.18911797
v 0.25460457 0.74806992 0.18656069
v 0.27107485 0.75989828 0.17861372
v 0.26679804 0.78885309 0.17609268
v 0.27488387 0.73621641 0.18026692
v 0.25902795 0.72720031 0.18588453
v 0.28468507 0.67473815 0.18134218
v 0.28148899 0.69422374 0.18080145
v 0.26669036 0.68763022 0.18780094
v 0.27027032 0.66828863 0.18806654
v 0.31944721 0.59716735 0.15757805
v 0.30942377 0.59384764 0.16580206
v 0.30250745 0.57878537 0.15815598
v 0.31311618 0.58099381 0.14720112
v 0.33386575 0.72584079 0.14497715
v 0.34124168 0.71990416 0.13452250
v 0.34135335 0.73812286 0.13864046
v 0.33249496 0.74517087 0.14812237
v 0.26569018 0.84810362 0.15712792
v 0.25470485 0.85030119 0.16011578
v 0.25604591 0.82593773 0.16918331
v 0.26839486 0.82186148 0.16716295
v 0.34117114 0.64464650 0.11227852
v 0.33908274 0.64699529 0.12665611
v 0.33949186 0.63169328 0.12624365
v 0.34100138 0.62799890 0.11328083
v 0.31664710 0.55145244 0.07108694
v 0.30825900 0.54121015 0.08815294
v 0.30801033 0.52127675 0.07929903
v 0.31667297 0.53166614 0.06095892
v 0.32660811 0.61062745 0.01840454
v 0.32454120 0.59162391 0.00861794
v 0.31562965 0.60524834 -0.01304907
v 0.31748109 0.62355090 -0.00423616
v 0.30871650 0.68513898 0.16648394
v 0.30697416 0.70454661 0.16638285
v 0.29489516 0.69983903 0.17355162
v 0.29747393 0.68047569 0.17408138
v 0.46325355 0.69728730 0.04624087
v 0.44560816 0.70981739 0.05973250
v 0.43625425 0.69707135 0.05483681
v 0.45349695 0.68533275 0.04088455
v 0.32096129 0.49174668 -0.02761978
v 0.32154225 0.47333186 -0.03158659
v 0.31506251 0.48579775 -0.05495828
v 0.31399759 0.50501017 -0.04917187
v 0.38109367 0.78480963 0.12567383
v 0.38457223 0.80745123 0.11831146
v 0.37289741 0.81706516 0.12727314
v 0.37104758 0.79310725 0.13535458
v 0.33771752 0.69201289 0.12986809
v 0.33909654 0.70535372 0.13172394
v 0.33351522 0.70906738 0.14286858
v 0.33288037 0.69343732 0.14105040
v 0.32339465 0.66068462 0.00865132
v 0.32491048 0.67938952 0.01553351
v 0.33178305 0.66961686 0.03288609
v 0.33146780 0.64995287 0.02801901
v 0.32950484 0.63026313 0.02325445
v 0.32045828 0.64171497 0.00230938
v 0.32636683 0.69162116 0.15000540
v 0.32598930 0.71054039 0.15163141
v 0.31741594 0.70803783 0.15895086
v 0.31839218 0.68879882 0.15841395
v 0.29280083 0.56659029 0.14888197
v 0.30534705 0.56965000 0.13526827
v 0.32251959 0.46017443 -0.00699514
v 0.32286089 0.47813170 -0.00408977
v 0.31875052 0.46505381 0.01824433
v 0.31766295 0.44785898 0.01613098
v 0.29595905 0.55111209 0.11139828
v 0.30691766 0.55861280 0.09741360
v 0.31002780 0.56840710 0.11065584
v 0.29879152 0.56193332 0.12316090
v 0.30797636 0.43730413 0.03826863
v 0.30961346 0.45365922 0.03933626
v 0.29842358 0.44336812 0.05929476
v 0.29748531 0.42558424 0.05811697
v 0.27829038 0.71467594 0.18083674
v 0.26331142 0.70727120 0.18689352
v 0.33255749 0.60866846 0.14022261
v 0.32722287 0.60242707 0.14891344
v 0.32211598 0.58636523 0.13748890
v 0.32919019 0.59365065 0.12891394
v 0.34310301 0.70731227 0.10143906
v 0.34668618 0.71885530 0.10149294
v 0.34882667 0.72913370 0.12268931
v 0.34525847 0.71302048 0.11963278
v 0.31725719 0.46713419 -0.05999035
v 0.32337373 0.45619659 -0.03505224
v 0.30768808 0.42176645 0.03524882
v 0.29669737 0.41030412 0.05535227
v 0.34120493 0.74273900 0.04313284
v 0.34416645 0.73907373 0.05475289
v 0.33960717 0.73176626 0.05181080
v 0.33745181 0.73650143 0.04029900
v 0.27296246 0.58583308 0.18049675
v 0.28093663 0.57087094 0.16507488
v 0.29335385 0.58363138 0.17023045
v 0.28678001 0.59685657 0.18061119
v 0.32359668 0.58328635 0.11435801
v 0.31545853 0.57567475 0.12379223
v 0.31953042 0.57687957 0.09962898
v 0.25691227 0.57602094 0.17696530
v 0.26518222 0.55856819 0.15597540
v 0.24713237 0.69865487 0.19168335
v 0.25098971 0.68001656 0.19316679
v 0.24292967 0.71761135 0.19221932
v 0.23797949 0.73655246 0.19385534
v 0.22183508 0.72709880 0.20076138
v 0.22664114 0.70847164 0.19818217
v 0.23275835 0.75464825 0.19753605
v 0.21694241 0.74433980 0.20408207
v 0.21977629 0.78045342 0.20048672
v 0.21516555 0.78915248 0.20587021
v 0.34196990 0.70068345 0.11746222
v 0.34026991 0.68889175 0.11564976
v 0.31739913 0.43269663 0.01316649
v 0.24696781 0.83959494 0.04337364
v 0.26594255 0.84167562 0.04836756
v 0.26153657 0.82918821 0.03524071
v 0.24329930 0.82588456 0.02987915
v 0.28259242 0.82325433 0.16608196
v 0.27640065 0.84924654 0.15549952
v 0.31407859 0.77498696 0.01689869
v 0.31514000 0.76556394 0.01579148
v 0.30686321 0.76237885 0.01142889
v 0.30524533 0.77411346 0.01317459
v 0.33556597 0.75290118 0.02597958
v 0.33399182 0.75949244 0.02203232
v 0.34153633 0.75664131 0.01685291
v 0.34258788 0.74981234 0.02023655
v 0.30292418 0.49747695 -0.07410282
v 0.30018466 0.51716883 -0.06736368
v 0.27312446 0.66597567 -0.04221576
v 0.28070684 0.68476281 -0.03252882
v 0.29614704 0.66962049 -0.02548927
v 0.29058241 0.65085832 -0.03454822
v 0.14886291 0.79450945 0.04809290
v 0.16666228 0.80428098 0.04225069
v 0.16554576 0.79185406 0.03145844
v 0.14833751 0.78232775 0.03746992
v 0.20833324 0.83847711 0.04937893
v 0.18691038 0.82747684 0.04933554
v 0.18807428 0.83783076 0.06123358
v 0.21049427 0.84942839 0.06242853
v 0.22633748 0.83397488 0.03900486
v 0.22360334 0.82009886 0.02533060
v 0.31328942 0.67352060 -0.00574344
v 0.31611018 0.69045542 0.00269896
v 0.31910627 0.71285085 0.01417834
v 0.32143726 0.72046993 0.01873070
v 0.32718318 0.71276776 0.02956110
v 0.32583277 0.70449684 0.02554423
v 0.24420073 0.85369644 0.16391045
v 0.24764908 0.86877165 0.14603955
v 0.23541876 0.87101845 0.14977127
v 0.18820349 0.86531554 0.10902125
v 0.19964281 0.86956255 0.11292368
v 0.20242444 0.86815248 0.10506016
v 0.18738759 0.86235259 0.10162979
v 0.17110994 0.73223940 -0.01748079
v 0.17647715 0.70956610 -0.02952188
v 0.15388889 0.70488618 -0.02135462
v 0.15011278 0.72678796 -0.01022905
v 0.31895446 0.73464439 0.01583153
v 0.31377028 0.74266157 0.01201731
v 0.31951093 0.74791674 0.01633030
v 0.32358377 0.73967121 0.01913220
v 0.30912562 0.73770563 0.00701052
v 0.31532835 0.72854237 0.01160961
v 0.31211828 0.72152517 0.00644213
v 0.30488115 0.73100291 0.00161320
v 0.28831135 0.70051728 -0.02147192
v 0.29497712 0.71363375 -0.01111692
v 0.30553513 0.70233951 -0.00510401
v 0.30174266 0.68699775 -0.01547569
v 0.16255855 0.63063768 -0.05003828
v 0.15993656 0.65581153 -0.04282993
v 0.18013442 0.65794245 -0.05036777
v 0.18092120 0.63224880 -0.05873293
v 0.35581498 0.73284231 0.07336527
v 0.36187052 0.72656665 0.06529289
v 0.36596929 0.72500829 0.08066565
v 0.36056825 0.72962455 0.08729702
v 0.35117384 0.77377079 0.01108319
v 0.35326498 0.78033237 0.01254660
v 0.36278575 0.77813462 0.00853211
v 0.36017509 0.77246020 0.00691420
v 0.36817428 0.71734045 0.03998524
v 0.37971376 0.70614497 0.02741772
v 0.38284265 0.70571999 0.04352003
v 0.37065824 0.71685330 0.05534655
v 0.27971161 0.86768947 0.13317114
v 0.26897447 0.86769996 0.13770348
v 0.28785335 0.85044573 0.15397745
v 0.35322969 0.73236171 0.02741200
v 0.35068857 0.73821119 0.01853138
v 0.35961931 0.73164717 0.00735575
v 0.36162268 0.72399465 0.01564175
v 0.47103043 0.71266476 0.04475075
v 0.45332458 0.72537480 0.05757433
v 0.38993313 0.70023475 0.00222784
v 0.37528544 0.70917175 0.01432663
v 0.37284713 0.71560625 0.00358587
v 0.38957851 0.70809636 -0.00878662
v 0.28606766 0.63151733 -0.04278845
v 0.26741893 0.64545707 -0.05065006
v 0.26589810 0.51484928 -0.09915298
v 0.26229907 0.53700534 -0.08998817
v 0.28223807 0.52839819 -0.08102459
v 0.28586393 0.50741787 -0.08917564
v 0.30470692 0.47773020 -0.08048576
v 0.26797310 0.49173205 -0.10673612
v 0.28788695 0.48577742 -0.09620851
v 0.21780018 0.87102977 0.16409260
v 0.22572338 0.87149999 0.15600830
v 0.20984521 0.87594179 0.14330298
v 0.20419533 0.87633965 0.15317398
v 0.32083653 0.36047217 -0.10853761
v 0.33367985 0.35822137 -0.08044332
v 0.33398669 0.32999458 -0.08328527
v 0.31851622 0.33052938 -0.11196226
v 0.17376997 0.86849252 0.12932879
v 0.17240437 0.87170611 0.14120823
v 0.18844554 0.87509505 0.14560515
v 0.19215355 0.87336926 0.13446528
v 0.32040413 0.38694422 -0.10379118
v 0.33228236 0.38197781 -0.07771820
v 0.22624280 0.85594986 0.17587382
v 0.23497958 0.85543821 0.16899496
v 0.22930886 0.83869467 0.18537909
v 0.23744518 0.83628962 0.17844540
v 0.22757763 0.82314412 0.19590574
v 0.33999466 0.35168149 -0.05311960
v 0.34394388 0.32549791 -0.05381531
v 0.19988075 0.87600038 0.16353661
v 0.18592591 0.87618522 0.15641648
v 0.17200161 0.87456045 0.15284783
v 0.15810097 0.87180982 0.15273243
v 0.14377665 0.86807559 0.15454489
v 0.14684673 0.87339077 0.16379553
v 0.32001864 0.44992308 -0.06351227
v 0.30817502 0.45841979 -0.08631462
v 0.24705588 0.21849588 -0.14648050
v 0.25390488 0.19921423 -0.13065094
v 0.21950868 0.19859360 -0.13274807
v 0.21754659 0.21597276 -0.14761585
v 0.15017979 0.22648720 -0.13450474
v 0.18491501 0.21860740 -0.14357942
v 0.18591174 0.20459617 -0.12677473
v 0.15190217 0.21413461 -0.11680931
v 0.15530020 0.35750261 -0.16151947
v 0.15859572 0.38245915 -0.15444893
v 0.18694869 0.38294156 -0.16253036
v 0.18382496 0.35841519 -0.17038292
v 0.29065264 0.46557875 -0.10298866
v 0.27081214 0.47013633 -0.11462730
v 0.32440608 0.44071405 -0.03809589
v 0.35390856 0.19348345 -0.01806015
v 0.35283064 0.16048221 -0.01366800
v 0.34071003 0.15755973 -0.05120033
v 0.34402519 0.19192097 -0.05793804
v 0.28866424 0.15253628 -0.09873003
v 0.25356202 0.15135113 -0.10667223
v 0.25423351 0.17594031 -0.11761469
v 0.28993369 0.18088738 -0.10974544
v 0.28405332 0.39987551 0.07441431
v 0.28147160 0.38550048 0.07101828
v 0.29487865 0.39658661 0.05258566
v 0.23112521 0.38064937 0.11283976
v 0.22754933 0.36717902 0.10921675
v 0.24717065 0.37065014 0.09995705
v 0.25162769 0.38457780 0.10320288
v 0.22472962 0.29249351 0.08960777
v 0.23011228 0.31243004 0.08975750
v 0.21475965 0.31008087 0.09621006
v 0.21223374 0.29261510 0.09418446
v 0.34016036 0.34524162 -0.02461666
v 0.33540609 0.36589082 -0.02460045
v 0.32587781 0.35732363 0.00165850
v 0.33021524 0.33776783 0.00426298
v 0.18592808 0.19247268 -0.10842317
v 0.15655868 0.20611472 -0.09648937
v 0.34999760 0.19935281 0.02035195
v 0.35125711 0.16576646 0.02559143
v 0.33390312 0.17053963 0.05809885
v 0.33270960 0.20338891 0.05178267
v 0.30430113 0.20436634 0.07043320
v 0.30478620 0.17355714 0.07604605
v 0.19817249 0.21682630 0.05700690
v 0.19795693 0.21323992 0.05146939
v 0.22140873 0.23019619 0.06802231
v 0.21845803 0.23910380 0.07619244
v 0.14844439 0.26320331 -0.15734476
v 0.17889852 0.25847636 -0.16692108
v 0.18170815 0.23711891 -0.15737957
v 0.14914582 0.24397499 -0.14805788
v 0.24943346 0.47239514 -0.12175030
v 0.24685193 0.49542762 -0.11251968
v 0.22565945 0.49833606 -0.11410278
v 0.22389412 0.52425376 -0.10458750
v 0.24491196 0.52046199 -0.10400194
v 0.22562266 0.67087863 -0.05153364
v 0.23185999 0.69348780 -0.04438108
v 0.25373673 0.67892049 -0.04570383
v 0.24763604 0.65876321 -0.05323356
v 0.18548771 0.81573937 0.03743416
v 0.18380343 0.80262492 0.02570540
v 0.21788160 0.15762992 -0.10380310
v 0.22469554 0.12839741 -0.09386295
v 0.19522523 0.13555486 -0.07805675
v 0.18045647 0.17311201 -0.08489651
v 0.28757090 0.12322579 -0.08908647
v 0.31858247 0.15641118 -0.08091825
v 0.31516396 0.12507899 -0.07243007
v 0.35092711 0.12888564 -0.00613970
v 0.33748268 0.12614084 -0.04279083
v 0.33313542 0.13797329 0.06510550
v 0.30411266 0.14161510 0.08141905
v 0.21174822 0.16710807 0.05751091
v 0.21170413 0.14162866 0.05560118
v 0.23888778 0.14262099 0.07203251
v 0.23939010 0.16982279 0.07201964
v 0.26159710 0.29118528 0.07236677
v 0.27006320 0.27409281 0.06732136
v 0.29475026 0.29357039 0.05124289
v 0.29174968 0.31222449 0.05044323
v 0.25503538 0.40065013 0.10660416
v 0.23806961 0.39614542 0.11503702
v 0.28541589 0.41555743 0.07725912
v 0.27108566 0.40704410 0.09432512
v 0.26878702 0.39082168 0.09089714
v 0.26452134 0.47512357 0.12669855
v 0.26129117 0.45539735 0.12119728
v 0.27914264 0.46193682 0.10586029
v 0.28271555 0.48214166 0.11095959
v 0.28416646 0.50427537 0.11590248
v 0.26615762 0.49710862 0.13123709
v 0.26259643 0.54320247 0.13935286
v 0.28123652 0.54616100 0.12554032
v 0.28391782 0.55746318 0.13791138
v 0.23075429 0.68971644 0.19663388
v 0.23464682 0.67165289 0.19650322
v 0.34505599 0.31976350 -0.02223057
v 0.16519406 0.17056630 -0.04876512
v 0.17520381 0.13955275 -0.04956144
v 0.17126480 0.14036048 -0.01821274
v 0.16747536 0.16716821 -0.01633734
v 0.33673467 0.37399981 -0.05128521
v 0.32312625 0.44436990 -0.01016229
v 0.32320183 0.42999630 -0.01331562
v 0.32973581 0.59989289 0.04901034
v 0.32727336 0.57938264 0.03265625
v 0.30100267 0.59429372 0.17204815
v 0.29878913 0.60548458 0.17752081
v 0.32150724 0.18788845 -0.09094471
v 0.33086770 0.10661737 0.07093435
v 0.30204072 0.10978288 0.08582073
v 0.29869856 0.07848392 0.08954626
v 0.32721131 0.07570023 0.07598835
v 0.19518564 0.11246193 0.03341585
v 0.20035689 0.08195383 0.03274780
v 0.21580788 0.08420498 0.05452257
v 0.21321220 0.11350710 0.05455691
v 0.20560620 0.05141658 0.03521401
v 0.20891500 0.02134866 0.03743273
v 0.22032948 0.02181468 0.05962664
v 0.21913557 0.05291481 0.05762488
v 0.35022961 0.13316760 0.03294092
v 0.34620323 0.06875739 0.01408201
v 0.34877764 0.09888322 0.00504976
v 0.34734406 0.10187284 0.04071909
v 0.34445616 0.07142291 0.04789549
v 0.25621179 0.12375907 -0.09635490
v 0.19098640 0.16534329 0.03901869
v 0.19215298 0.14073087 0.03578144
v 0.18974625 0.07646827 -0.01519340
v 0.17967854 0.10898242 -0.01791614
v 0.18589998 0.10578070 -0.04681867
v 0.19686713 0.07308490 -0.04167074
v 0.29219418 0.06748877 -0.06686538
v 0.28973954 0.09507389 -0.07729048
v 0.31546234 0.09645487 -0.05915731
v 0.31652539 0.06843520 -0.04758114
v 0.33610030 0.09732191 -0.03020996
v 0.33498996 0.06820623 -0.01905578
v 0.34092974 0.01079042 0.03215986
v 0.34345447 0.03951813 0.02311856
v 0.34017142 0.04147373 0.05533606
v 0.33592629 0.01240380 0.06291825
v 0.33280786 0.01134259 0.00052410
v 0.33385389 0.03991202 -0.00903362
v 0.31793295 0.01366637 -0.02574247
v 0.31744467 0.04093067 -0.03638452
v 0.29711830 0.01472188 -0.04316753
v 0.29491954 0.04091446 -0.05495399
v 0.27491730 0.01539008 -0.05262274
v 0.27012861 0.04053018 -0.06424564
v 0.24489149 0.04097832 -0.06378025
v 0.25177120 0.01576007 -0.05279058
v 0.23134742 0.01649527 -0.04427761
v 0.22261380 0.04275680 -0.05341047
v 0.20589449 0.01865546 -0.00803512
v 0.19875245 0.04660306 -0.01137060
v 0.20608314 0.04444448 -0.03518242
v 0.21479188 0.01751123 -0.02865118
v 0.22729743 -0.08621549 -0.00230116
v 0.22002699 -0.05958386 -0.00362581
v 0.23535880 -0.05774473 -0.01497597
v 0.24225300 -0.08344748 -0.01158851
v 0.25673400 -0.08082311 -0.02032846
v 0.25149900 -0.05613728 -0.02215952
v 0.26799635 -0.05573984 -0.02672905
v 0.27322871 -0.07965063 -0.02551788
v 0.30325418 -0.05890643 -0.01587576
v 0.30752664 -0.08372041 -0.01415390
v 0.29033220 -0.08066826 -0.02384990
v 0.28589260 -0.05655967 -0.02541155
v 0.32186865 -0.06208806 -0.00176901
v 0.32484930 -0.08755737 0.00104433
v 0.33346470 -0.06733592 0.02238470
v 0.33176576 -0.09340846 0.02561337
v 0.33270495 -0.07226800 0.05199629
v 0.33021226 -0.09856471 0.05399853
v 0.21948468 -0.06595739 0.05325609
v 0.21057021 -0.06358807 0.03443772
v 0.21438547 -0.09043690 0.02960354
v 0.22105611 -0.09336077 0.04893452
v 0.25656753 -0.07163622 0.08809334
v 0.25526208 -0.10007264 0.07917935
v 0.27740028 -0.09969806 0.09577423
v 0.28132819 -0.07197135 0.10365826
v 0.33838802 -0.01772579 0.04038721
v 0.33152469 -0.01525804 0.00938898
v 0.31815063 -0.01207059 -0.01586717
v 0.29883005 -0.00972795 -0.03154081
v 0.21111058 -0.00748893 -0.00584024
v 0.22278679 -0.00764441 -0.02378219
v 0.22050851 -0.00862967 0.05948502
v 0.21009432 -0.00762143 0.03848368
v 0.31243323 -0.04493358 0.10020643
v 0.33045559 -0.04605319 0.07819325
v 0.33227955 -0.01692992 0.07079321
v 0.31434979 -0.01507335 0.09307724
v 0.33224552 -0.04110818 0.01681715
v 0.31899550 -0.03706940 -0.00763983
v 0.30043506 -0.03415986 -0.02225345
v 0.26348398 -0.03199916 -0.03360361
v 0.28243615 -0.03232723 -0.03196424
v 0.24586638 -0.03233992 -0.02900833
v 0.21531791 -0.03357362 -0.00540346
v 0.22911396 -0.03256076 -0.02013868
v 0.22044924 -0.03791728 0.05713373
v 0.21024809 -0.03588109 0.03697544
v 0.30580305 -0.10056578 0.09701735
v 0.32604521 -0.10127281 0.08015448
v 0.32903629 -0.07435002 0.08127218
v 0.31036376 -0.07425751 0.10280758
v 0.29997092 -0.12453889 0.08542591
v 0.27682444 -0.12400328 0.08403212
v 0.27758515 -0.10376816 -0.02765507
v 0.26031952 -0.10391932 -0.02425236
v 0.29464903 -0.10559874 -0.02569002
v 0.33082022 -0.12074762 0.02709585
v 0.32730167 -0.11397626 0.00063044
v 0.32726248 -0.12617766 0.05441481
v 0.31844314 -0.12495392 0.07526642
v 0.22427285 -0.14207499 0.01884609
v 0.22938403 -0.14574050 0.03618485
v 0.22581705 -0.11833691 0.04317957
v 0.22163205 -0.11524501 0.02564388
v 0.23318992 -0.13484376 -0.01297897
v 0.23429092 -0.10991555 -0.00232214
v 0.24610927 -0.10683056 -0.01401466
v 0.24421298 -0.13080280 -0.02737421
v 0.27930098 -0.12964319 -0.03870148
v 0.26064861 -0.12898647 -0.03615040
v 0.29846906 -0.13132088 -0.03538889
v 0.32790156 -0.14241844 -0.00210327
v 0.31729810 -0.13557332 -0.02406782
v 0.31280612 -0.10865294 -0.01674885
v 0.33149849 -0.14994501 0.02695900
v 0.31565230 -0.18723302 0.04591614
v 0.33164569 -0.18106180 0.02266413
v 0.31765847 -0.15642231 0.05354553
v 0.27806028 -0.28422140 0.02623850
v 0.27277741 -0.31794488 0.01576811
v 0.29317384 -0.31642472 0.00988823
v 0.30163663 -0.28331398 0.01975399
v 0.22030549 -0.17064374 0.00950724
v 0.22786606 -0.17404085 0.02818686
v 0.24116836 -0.15855210 -0.04102987
v 0.22808444 -0.16278862 -0.02587837
v 0.33022972 -0.20343350 -0.01733154
v 0.31969132 -0.19588058 -0.04186243
v 0.32036125 -0.16499715 -0.03233761
v 0.33069309 -0.17219709 -0.00830692
v 0.21230589 -0.26944911 0.00293118
v 0.21484048 -0.23688500 0.01183039
v 0.20804817 -0.23262559 -0.00886196
v 0.20571812 -0.26558452 -0.01640505
v 0.23574496 -0.18915694 -0.05187506
v 0.23169914 -0.22159945 -0.06042475
v 0.21746044 -0.22493671 -0.04526275
v 0.22202559 -0.19336115 -0.03627867
v 0.31823017 -0.27137064 -0.03096813
v 0.30929082 -0.26541769 -0.05440897
v 0.31603234 -0.22929763 -0.04969066
v 0.32610123 -0.23657160 -0.02497810
v 0.31334274 -0.21812736 0.03784043
v 0.30917745 -0.25025331 0.02823359
v 0.32461344 -0.24382996 0.00463635
v 0.32962679 -0.21190291 0.01342970
v 0.28787096 -0.21901416 0.04569441
v 0.28412194 -0.25084757 0.03636986
v 0.21273949 -0.33743524 -0.02999204
v 0.21693622 -0.34300887 -0.01485628
v 0.21445528 -0.30553644 -0.00605434
v 0.20913329 -0.30052929 -0.02332920
v 0.23060895 -0.25641345 -0.06541055
v 0.23141838 -0.29348212 -0.06667799
v 0.21831459 -0.29504227 -0.05408472
v 0.21540899 -0.25887095 -0.05151600
v 0.29866438 -0.34515368 -0.04188103
v 0.29005562 -0.34056615 -0.06014913
v 0.30015599 -0.30285548 -0.05749267
v 0.30857091 -0.30749213 -0.03701633
v 0.28497850 -0.35213124 -0.00074524
v 0.29856913 -0.34944402 -0.01899666
v 0.30843835 -0.31257187 -0.01046509
v 0.26656291 -0.35334258 0.00537974
v 0.26112046 -0.38846689 -0.00282615
v 0.27677911 -0.38753896 -0.00799459
v 0.21418788 -0.37338459 -0.03592676
v 0.21942379 -0.37787049 -0.02238125
v 0.21857869 -0.36844378 -0.05877489
v 0.22015146 -0.33227502 -0.05629295
v 0.23110667 -0.33035397 -0.06770176
v 0.22810890 -0.36612927 -0.06962389
v 0.26310060 -0.33478760 -0.07641739
v 0.25772392 -0.37014495 -0.07679123
v 0.24227210 -0.36676466 -0.07618660
v 0.24651677 -0.33116328 -0.07514089
v 0.28036576 -0.37501239 -0.06169266
v 0.26947456 -0.37224375 -0.07176107
v 0.27803611 -0.33701049 -0.07172722
v 0.28949854 -0.37902140 -0.04527515
v 0.28897924 -0.38416617 -0.02440494
v 0.15873339 0.19666595 -0.02922386
v 0.16152350 0.19117413 -0.04149765
v 0.16724723 0.18477921 -0.00974315
v 0.16687255 0.19365887 -0.00071758
v 0.24006476 0.08283926 0.07528311
v 0.23964593 0.11378721 0.07334191
v 0.23904245 0.02042402 0.07924420
v 0.24032453 0.05119888 0.07792765
v 0.23855772 -0.01030587 0.07879502
v 0.23595271 -0.07042944 0.07081991
v 0.23763502 -0.04047336 0.07584864
v 0.23645720 -0.09800672 0.06493765
v 0.23981643 -0.12402826 0.05845839
v 0.24318337 -0.15127390 0.05156571
v 0.23948618 -0.20854204 0.03612143
v 0.24385813 -0.17884069 0.04323059
v 0.22143117 -0.20501654 0.02026802
v 0.23002405 -0.27484523 0.01899821
v 0.23384387 -0.24081861 0.02817208
v 0.22970513 -0.34842204 -0.00256389
v 0.22935387 -0.31149029 0.00844485
v 0.23133392 -0.38279610 -0.01169580
v 0.27210390 0.22401855 0.07122284
v 0.27329590 0.24313770 0.06848866
v 0.24515723 0.22912587 0.07103068
v 0.24268097 0.21395586 0.07084280
v 0.17743129 0.20571891 0.02825600
v 0.17571855 0.20515595 0.02378565
v 0.18511448 0.20711497 0.03745371
v 0.18588885 0.20819289 0.04164034
v 0.33583783 -0.04490643 0.04736859
v 0.27930445 -0.00859278 -0.04127687
v 0.23970022 -0.00774049 -0.03559727
v 0.25833624 -0.00825190 -0.04232067
v 0.25812951 -0.04259082 0.09524161
v 0.28508525 -0.04371225 0.10569864
v 0.28765737 -0.01360058 0.10229117
v 0.26117573 -0.01259016 0.09517962
v 0.29058791 -0.19117450 0.05393702
v 0.26572802 -0.18555670 0.05225903
v 0.26297977 -0.21444582 0.04278618
v 0.29428186 -0.16605758 0.06348950
v 0.30189311 -0.15936171 -0.04710954
v 0.28092433 -0.15695482 -0.05218834
v 0.25639068 -0.18672799 -0.06173176
v 0.26008300 -0.15673189 -0.04966968
v 0.27915229 -0.18705576 -0.06459707
v 0.26606230 0.04819072 0.09147173
v 0.26337955 0.01770858 0.09332520
v 0.29125552 0.01649622 0.09710365
v 0.29482328 0.04719491 0.09307820
v 0.25908249 0.55839632 -0.07966179
v 0.27807421 0.54885028 -0.07170481
v 0.33619790 0.60717938 0.09966189
v 0.33067595 0.59377212 0.10613066
v 0.32697853 0.58835692 0.08816105
v 0.33283820 0.60388220 0.07817847
v 0.33716472 0.62066863 0.07435852
v 0.34000813 0.62278227 0.09618956
v 0.33928712 0.63889871 0.07415682
v 0.34131723 0.64031933 0.09526497
v 0.33886545 0.70822177 0.08359534
v 0.34256583 0.71665505 0.08367926
v 0.24163455 0.53623087 0.14896160
v 0.24380668 0.51429764 0.14615399
v 0.26530588 0.52038197 0.13531166
v 0.26491559 0.37645894 0.08775192
v 0.26767585 0.32185902 0.06723267
v 0.24753532 0.31589575 0.08074433
v 0.24030772 0.29266922 0.08286244
v 0.20206905 0.23594359 0.07670599
v 0.18932604 0.22396637 0.06624705
v 0.18096306 0.21079282 0.04638678
v 0.17423566 0.20570640 0.03097969
v 0.20099918 0.62946228 -0.06421799
v 0.20122359 0.65511141 -0.05555862
v 0.14990594 0.80558298 0.05862290
v 0.16818289 0.81566856 0.05327421
v 0.16933999 0.83531354 0.07434088
v 0.15144896 0.82503817 0.07872826
v 0.15200741 0.83323000 0.08825594
v 0.16917138 0.84292988 0.08439451
v 0.15647171 0.86782203 0.14059311
v 0.15607801 0.86241809 0.12875992
v 0.16758405 0.20581491 0.00709873
v 0.16402405 0.20402856 -0.00227779
v 0.17309306 0.20382381 0.01819760
v 0.21270177 0.18845148 0.05920798
v 0.21544014 0.20451836 0.06241375
v 0.19350331 0.19777430 0.04566914
v 0.19183152 0.18421314 0.04227978
v 0.34651642 0.22684244 -0.06044048
v 0.35430019 0.22777859 -0.01961750
v 0.21839971 0.17922739 -0.11750501
v 0.42830788 0.69275145 -0.03177589
v 0.40828012 0.70092968 -0.02019638
v 0.41242557 0.71221314 -0.02825540
v 0.43313020 0.70358006 -0.03881639
v 0.19419526 0.73776636 -0.02292627
v 0.20555418 0.71126483 -0.03594583
v 0.24590283 0.83199636 0.17353588
v 0.31645136 0.84847979 0.15063816
v 0.30093740 0.85002337 0.15278250
v 0.30913278 0.82583133 0.16394383
v 0.32161697 0.82439361 0.16292149
v 0.28780935 0.85248301 0.06529957
v 0.27206152 0.85301463 0.06246144
v 0.27801018 0.86256895 0.08130318
v 0.29309087 0.86021225 0.08353525
v 0.17995400 0.33275800 -0.17563003
v 0.15194358 0.33284278 -0.16567224
v 0.18079824 0.55634187 -0.08516210
v 0.18063857 0.58132542 -0.07608646
v 0.19986451 0.57833330 -0.08241361
v 0.20102616 0.55323137 -0.09190267
v 0.22776829 0.72818766 -0.03060144
v 0.24535582 0.71089051 -0.03572124
v 0.25165535 0.59717743 0.18931347
v 0.26745891 0.60520587 0.18914086
v 0.26296414 0.62444882 0.19271332
v 0.24663281 0.61721409 0.19490677
v 0.40006982 0.75051544 -0.01582617
v 0.39712714 0.73356996 -0.02044004
v 0.37620394 0.73890940 -0.00848621
v 0.37785970 0.75033526 -0.00764984
v 0.28792051 0.20860712 -0.12327808
v 0.32200464 0.22703911 -0.10196632
v 0.29706823 0.57837138 -0.04616588
v 0.29527782 0.55744375 -0.05281156
v 0.27691053 0.56998167 -0.06440157
v 0.27892587 0.59108628 -0.05836004
v 0.30535494 0.63688437 -0.02178615
v 0.30229961 0.61832238 -0.02998346
v 0.30944436 0.65528313 -0.01390833
v 0.33744433 0.74735341 0.03223664
v 0.33315860 0.74274162 0.03124768
v 0.32949277 0.74942485 0.02567917
v 0.24072612 0.19496114 0.07140022
v 0.24624189 0.25212092 0.07330519
v 0.24020549 0.26194041 0.07994086
v 0.17005209 0.20603258 0.01428515
v 0.16903677 0.20496667 0.01749188
v 0.22296385 0.82812498 0.20613247
v 0.22296629 0.84184311 0.19446284
v 0.36484956 0.71920160 0.02675015
v 0.35656550 0.72857598 0.03819233
v 0.32960986 0.71984605 0.03290945
v 0.33328055 0.72697810 0.03519589
v 0.33646833 0.72173260 0.04901892
v 0.33328324 0.71389959 0.04756552
v 0.32472419 0.72670684 0.02238518
v 0.32882463 0.73295019 0.02520472
v 0.32507878 0.72907964 0.15303379
v 0.32338499 0.74863837 0.15514141
v 0.31340577 0.74965827 0.16067034
v 0.31571289 0.72882841 0.15983111
v 0.30490904 0.72540013 0.16635519
v 0.30219971 0.74744914 0.16622168
v 0.28962093 0.74319510 0.17286688
v 0.29247903 0.72073505 0.17342716
v 0.25205015 0.80361626 0.18084484
v 0.24145002 0.78473786 0.19143397
v 0.22648205 0.76993785 0.19981438
v 0.21184229 0.75842223 0.20681101
v 0.15575565 0.85624776 0.11741358
v 0.17678348 0.86392865 0.11531788
v 0.17084531 0.85612843 0.10404116
v 0.15385783 0.84820710 0.10707861
v 0.13710118 0.84094695 0.11092144
v 0.13818148 0.84899268 0.12108570
v 0.22137455 0.80929796 0.20647055
v 0.21261770 0.79629729 0.21548086
v 0.20454430 0.77857588 0.21370417
v 0.47662689 0.72657589 0.03634173
v 0.45921465 0.73967645 0.04816443
v 0.21135666 0.87020514 0.17416245
v 0.21950225 0.85702060 0.18445212
v 0.47822412 0.73860691 0.02307230
v 0.46050241 0.75222580 0.03497177
v 0.29951512 0.79719726 0.16673523
v 0.31202366 0.79926381 0.16513830
v 0.29604881 0.82512448 0.16474110
v 0.21830018 0.81455097 0.21698433
v 0.21000182 0.80242369 0.22574955
v 0.34833788 0.26137604 -0.05800098
v 0.35252007 0.26099368 -0.01980919
v 0.32020645 0.51058442 -0.02267355
v 0.32368820 0.49659856 -0.00043291
v 0.22025441 0.46703668 0.14500767
v 0.21889677 0.44877412 0.13963562
v 0.24059372 0.45090889 0.13208491
v 0.24331554 0.47047441 0.13765007
v 0.21853708 0.53024147 0.15578514
v 0.22000842 0.50922798 0.15265852
v 0.18794303 0.79338179 0.24388033
v 0.25613858 0.41877116 0.11116797
v 0.25822636 0.43700929 0.11586529
v 0.23752389 0.43274991 0.12572867
v 0.23448130 0.41325195 0.12108761
v 0.22451626 0.39287032 0.11879593
v 0.22209037 0.38497161 0.11758095
v 0.22036619 0.27603464 0.08981281
v 0.21036260 0.27610256 0.09262282
v 0.40331852 0.74229054 0.09659821
v 0.41135191 0.76005296 0.09538990
v 0.40002315 0.76913349 0.10678202
v 0.39341938 0.75020305 0.10659271
v 0.28717940 0.43374472 0.07958418
v 0.27323831 0.42533671 0.09773785
v 0.34030895 0.69675855 0.10002571
v 0.33662557 0.69813255 0.08170944
v 0.24143939 0.55307973 0.15980679
v 0.28221119 0.61391232 0.18632847
v 0.27823924 0.63149849 0.18835694
v 0.29555585 0.62122069 0.18123919
v 0.29189651 0.63820443 0.18231350
v 0.16384972 0.20645476 0.00261599
v 0.16657769 0.20776466 0.00463539
v 0.37676640 0.80568759 0.02830988
v 0.37339269 0.79919801 0.02187163
v 0.36184382 0.80410151 0.02517468
v 0.36581384 0.81141661 0.03185612
v 0.17719110 0.16578538 0.01586300
v 0.17722585 0.18259768 0.01928955
v 0.15971371 0.20089723 -0.07058662
v 0.15171359 0.20106898 -0.05110115
v 0.14618031 0.20777673 -0.05713457
v 0.14201622 0.21185587 -0.07021278
v 0.27087609 0.14192642 0.08201939
v 0.27183065 0.17289622 0.07858807
v 0.26990161 0.11075366 0.08503491
v 0.26820866 0.07901467 0.08817106
v 0.25850495 -0.12626248 0.07079369
v 0.26727543 -0.15537690 0.06396633
v 0.25877998 -0.24629640 0.03342348
v 0.25456575 -0.28001910 0.02396828
v 0.25090688 -0.31589173 0.01338011
v 0.24615326 -0.38622235 -0.00459713
v 0.24753602 -0.35251509 0.00319248
v 0.47629949 0.74504779 0.00791460
v 0.47176277 0.74560408 -0.00756258
v 0.45128228 0.76033250 0.00286871
v 0.45645325 0.76041756 0.01968580
v 0.39331227 0.69645331 0.01596028
v 0.40949859 0.68774084 0.00433689
v 0.41412505 0.68519399 0.01876122
v 0.39789592 0.69509802 0.03115088
v 0.42682545 0.67876855 -0.00811952
v 0.40716188 0.69288019 -0.00897354
v 0.42604928 0.68469850 -0.02111334
v 0.43971773 0.71653364 -0.04073614
v 0.41868367 0.72530184 -0.03096861
v 0.42558171 0.73899315 -0.02779478
v 0.44810765 0.72793815 -0.03827566
v 0.46496644 0.74283628 -0.02110952
v 0.45680582 0.73665396 -0.03174728
v 0.43583914 0.74905483 -0.02098078
v 0.44496461 0.75561951 -0.01060480
v 0.44418987 0.67775533 0.03159291
v 0.42731165 0.68892691 0.04535586
v 0.41992893 0.68517200 0.03299957
v 0.43650313 0.67442117 0.01976019
v 0.41600378 0.77825836 0.08726412
v 0.40513208 0.78848431 0.09952122
v 0.35021358 0.72617451 0.09834057
v 0.35350074 0.73200677 0.09363085
v 0.36196046 0.73267082 0.10779053
v 0.35565650 0.73217098 0.11376005
v 0.43612846 0.73796109 0.07116944
v 0.44232075 0.75338075 0.06137949
v 0.42790299 0.76619772 0.07499319
v 0.42236440 0.74949423 0.08389622
v 0.41062908 0.69964258 0.05895477
v 0.39500861 0.70901463 0.07266575
v 0.38802191 0.70576636 0.05923134
v 0.40354448 0.69566957 0.04597145
v 0.37360906 0.72585199 -0.00422663
v 0.39179813 0.71958713 -0.01644176
v 0.38391720 0.73460398 0.10204369
v 0.39355831 0.72718892 0.09273583
v 0.33890986 0.68580947 0.09795815
v 0.33160247 0.70618222 0.04511791
v 0.33104013 0.69689248 0.04138285
v 0.33457427 0.60259328 0.12155348
v 0.33653562 0.61487407 0.13215262
v 0.33603110 0.66154442 0.05377728
v 0.33623599 0.64215581 0.05098969
v 0.33868979 0.62018053 0.12576967
v 0.33862971 0.61363635 0.11610275
v 0.29771390 0.53298307 0.10466009
v 0.20736619 0.76940922 0.20846134
v 0.40384533 0.71901146 0.08202940
v 0.41393824 0.73302350 0.08580834
v 0.36229517 0.75224523 0.00093943
v 0.36059823 0.74179141 0.00230890
v 0.34930631 0.74591497 0.01264673
v 0.35000866 0.75427494 0.00948530
v 0.26180508 0.75108240 -0.01373905
v 0.27245385 0.73772816 -0.01480764
v 0.25946761 0.72528360 -0.02522558
v 0.24587545 0.73983733 -0.02294868
v 0.38888111 0.81124268 0.04043013
v 0.37804716 0.81969855 0.04693609
v 0.38693630 0.81958506 0.05738836
v 0.39835398 0.80952952 0.04876190
v 0.39601802 0.81560407 0.07070214
v 0.40365117 0.80594687 0.08601910
v 0.41552903 0.79377417 0.07420880
v 0.40789424 0.80412863 0.06020218
v 0.33454614 0.29800262 -0.08653826
v 0.31624233 0.30177443 -0.11512226
v 0.30651187 0.40786643 0.03225571
v 0.31666785 0.41856225 0.00995070
v 0.29055293 0.33382155 0.04879576
v 0.19674399 0.20978306 0.04972798
v 0.22061396 0.22239346 0.06631190
v 0.17858121 0.14013449 0.01094395
v 0.34698926 0.29505189 -0.05549330
v 0.19205976 0.07957051 0.01003271
v 0.18431345 0.11085431 0.00920445
v 0.21438073 0.07017274 -0.06313270
v 0.20484794 0.10143823 -0.07152647
v 0.23105883 0.09721220 -0.08427471
v 0.23802014 0.06791733 -0.07406849
v 0.26086586 0.09522627 -0.08605760
v 0.26534784 0.06686411 -0.07523721
v 0.31761928 0.01617677 0.08664137
v 0.25256585 -0.22026240 -0.07025284
v 0.27139636 -0.25760495 -0.07614559
v 0.25001261 -0.25621366 -0.07427496
v 0.27564094 -0.22069727 -0.07276863
v 0.30124920 -0.19011860 -0.05787844
v 0.29771157 -0.22363733 -0.06561083
v 0.31708678 -0.27758931 -0.00209135
v 0.24879313 -0.29361044 -0.07486624
v 0.26782154 -0.29641162 -0.07638115
v 0.29253893 -0.26042341 -0.06915945
v 0.28591215 -0.29876768 -0.07062382
v 0.17844056 0.19419498 0.02499682
v 0.13750603 0.21569315 -0.08601755
v 0.34441792 0.26002745 0.01497513
v 0.34795110 0.23094193 0.01702601
v 0.27265849 0.25918750 0.06590515
v 0.29794817 0.27390213 0.05396801
v 0.31229203 0.47090511 0.04178625
v 0.30113055 0.46086560 0.06150109
v 0.31609701 0.51072718 0.05242687
v 0.31483476 0.49013610 0.04585034
v 0.32211538 0.50268074 0.02613932
v 0.32247995 0.52294398 0.03260285
v 0.32105767 0.55039726 -0.00950140
v 0.31948580 0.53024403 -0.01658529
v 0.31016808 0.54388813 -0.03642696
v 0.31154813 0.56482116 -0.02970403
v 0.29642492 0.53711579 -0.05973285
v 0.31129580 0.52413855 -0.04336685
v 0.21991502 0.59797955 -0.07564825
v 0.22115087 0.62286390 -0.06697649
v 0.24034466 0.61380927 -0.06737942
v 0.23927215 0.59003223 -0.07519668
v 0.23071519 0.27108275 0.08485037
v 0.18259861 0.20539756 0.03357893
v 0.27224228 0.20040123 0.07527739
v 0.30285724 0.23146317 0.06321531
v 0.33039497 0.23165385 0.04517180
v 0.35960220 0.72699747 0.05097443
v 0.29925006 0.75802527 0.00572687
v 0.29573863 0.77023683 0.00803810
v 0.42762234 0.78153125 0.06187826
v 0.41951143 0.79250650 0.04827028
v 0.38299217 0.71748171 0.08494049
v 0.39029231 0.77679292 0.11651999
v 0.37475272 0.76314125 0.12520176
v 0.38384013 0.75702814 0.11580998
v 0.31287997 0.32777719 0.02837235
v 0.31743549 0.30577736 0.03192669
v 0.33601650 0.31452514 0.00771815
v 0.15363402 0.20258702 -0.03456253
v 0.15049462 0.20561043 -0.04212707
v 0.24753765 0.24113903 0.07201487
v 0.20381415 0.02021019 0.01492172
v 0.19867713 0.04915647 0.01312882
v 0.20647443 -0.00721570 0.01576430
v 0.20844649 -0.03421395 0.01555067
v 0.21098076 -0.06146946 0.01364094
v 0.21670798 -0.08752533 0.01130110
v 0.22434100 -0.11214354 0.00954777
v 0.22614854 -0.13847940 0.00212294
v 0.21359936 -0.20104848 0.00009733
v 0.22127760 -0.16696530 -0.00845665
v 0.21485665 -0.19714778 -0.01885456
v 0.20968274 -0.22867106 -0.02783006
v 0.21107318 -0.29732286 -0.03966755
v 0.20752398 -0.26157712 -0.03502888
v 0.21447117 -0.33365261 -0.04372305
v 0.21519465 -0.36948531 -0.04755062
v 0.16225927 0.20637549 -0.00637955
v 0.15816682 0.20481808 -0.01981634
v 0.28548095 0.79392556 0.16874701
v 0.33587106 0.71057514 0.06549555
v 0.33912816 0.71799342 0.06592137
v 0.37465744 0.72462724 0.09441239
v 0.13262506 0.22409950 -0.10218567
v 0.12798112 0.23525826 -0.11794466
v 0.42422449 0.76695279 -0.00212091
v 0.43051251 0.77384589 0.01099068
v 0.37496944 0.71621946 0.07121235
v 0.34478616 0.72748242 0.08199650
v 0.34726738 0.73462872 0.07968050
v 0.61271023 0.61700697 -0.00646442
v 0.62422692 0.60059599 -0.00564235
v 0.63068705 0.60662655 -0.01401466
v 0.61875915 0.62336809 -0.01596826
v 0.60390686 0.60872183 -0.00127023
v 0.61542295 0.59284125 -0.00171799
v 0.57015430 0.57510034 -0.03909248
v 0.58674847 0.56285448 -0.04107469
v 0.58765995 0.56583692 -0.02769941
v 0.57161140 0.57888598 -0.02544159
v 0.61813711 0.56994266 -0.00314468
v 0.60603260 0.58484648 -0.00214475
v 0.59762334 0.57754497 -0.00753158
v 0.61092161 0.56337071 -0.00924724
v 0.57927047 0.58213518 -0.06626028
v 0.56140088 0.59275378 -0.06548446
v 0.56971138 0.60224930 -0.07314009
v 0.58759271 0.59162612 -0.07225651
v 0.51038348 0.62984155 -0.02325529
v 0.50083270 0.63966052 -0.01750749
v 0.49686541 0.63375984 -0.02993101
v 0.50755449 0.62436793 -0.03634542
v 0.58825820 0.65095572 -0.00775188
v 0.60059219 0.63385300 -0.00708622
v 0.60570847 0.64025948 -0.01792425
v 0.59187244 0.65709815 -0.02021498
v 0.55709927 0.62296722 -0.00194258
v 0.54388474 0.63990317 -0.00091690
v 0.53397213 0.63084731 -0.00830263
v 0.54723125 0.61448480 -0.01027960
v 0.57738035 0.67292795 -0.02317900
v 0.57563811 0.66873322 -0.00901359
v 0.58399259 0.59212173 -0.00534147
v 0.57046162 0.60706560 -0.00344414
v 0.56147867 0.59930084 -0.01192039
v 0.57642840 0.58509926 -0.01435131
v 0.61354487 0.56041376 -0.06336635
v 0.59671729 0.57145579 -0.06543058
v 0.60481333 0.58064998 -0.07000345
v 0.62139141 0.56915865 -0.06669182
v 0.60607265 0.55799727 -0.01836056
v 0.59152608 0.57142911 -0.01656050
v 0.60327434 0.55349706 -0.02955097
v 0.64646780 0.59375916 -0.03533357
v 0.63313495 0.60985310 -0.03995365
v 0.63342743 0.60978032 -0.02612108
v 0.64576112 0.59338001 -0.02263016
v 0.53715642 0.60145871 -0.03308910
v 0.55301332 0.58779923 -0.03610987
v 0.55567973 0.59270770 -0.02304977
v 0.54052385 0.60700420 -0.02075762
v 0.57942568 0.64228831 -0.00024980
v 0.59162985 0.62531076 -0.00075287
v 0.61900114 0.62571330 -0.04466289
v 0.60378324 0.64118467 -0.04902738
v 0.60635482 0.64236102 -0.03286213
v 0.62028276 0.62634916 -0.02932018
v 0.57997107 0.64785687 -0.06632656
v 0.59719013 0.63486896 -0.06259197
v 0.58801066 0.62497304 -0.07060236
v 0.56994056 0.63670973 -0.07332844
v 0.52160837 0.61252857 -0.04286093
v 0.52313416 0.61605940 -0.02890343
v 0.54328858 0.60362259 -0.06311315
v 0.52520888 0.61443035 -0.05921978
v 0.53270765 0.62334512 -0.07075161
v 0.55135535 0.61303542 -0.07259125
v 0.53565805 0.67844729 0.00424200
v 0.54464876 0.66645882 0.00361258
v 0.55561542 0.67663465 -0.00038236
v 0.54514014 0.68938444 -0.00140184
v 0.56244015 0.68473057 -0.01139015
v 0.54990052 0.69765244 -0.01380008
v 0.52559983 0.71351484 -0.02946180
v 0.53556990 0.70792572 -0.03080696
v 0.52708860 0.70500300 -0.04393524
v 0.51762863 0.71104197 -0.04204935
v 0.54304956 0.67028753 -0.07477325
v 0.56178128 0.65969215 -0.07084936
v 0.55092572 0.64740548 -0.07591766
v 0.53111418 0.65756253 -0.07773823
v 0.50473737 0.65195773 -0.07314724
v 0.52170118 0.64475987 -0.07546514
v 0.51445412 0.63251857 -0.06755537
v 0.49957787 0.63946752 -0.06296772
v 0.45846893 0.67032955 -0.04466003
v 0.46990623 0.66452179 -0.05290550
v 0.46749290 0.65560309 -0.04103941
v 0.45745291 0.66226492 -0.03296799
v 0.47325586 0.65132187 -0.01141351
v 0.48045429 0.65521351 0.00021130
v 0.47168188 0.66064076 0.00797230
v 0.46395846 0.65742401 -0.00379080
v 0.50874653 0.70465551 0.01439339
v 0.51633470 0.69851790 0.01027495
v 0.52119886 0.71069340 0.00039965
v 0.51134970 0.71709726 0.00280911
v 0.52644195 0.67851237 -0.07711405
v 0.51144867 0.66643516 -0.07873672
v 0.48065870 0.64621256 -0.01799959
v 0.48765119 0.64109669 -0.02385467
v 0.49269923 0.64688299 -0.01139778
v 0.48682370 0.65097807 -0.00605863
v 0.50331767 0.66934417 0.00647074
v 0.50851815 0.66438619 0.00100094
v 0.51778241 0.67484168 0.00485998
v 0.51257821 0.68016229 0.00863081
v 0.52210437 0.69291280 0.00752217
v 0.52821391 0.68679956 0.00539070
v 0.53629952 0.69823913 -0.00162739
v 0.52866044 0.70483617 -0.00086540
v 0.51635604 0.68410722 -0.07637590
v 0.50654038 0.68781773 -0.07371658
v 0.51263659 0.69607858 -0.06550115
v 0.52289086 0.69283251 -0.06743521
v 0.48751553 0.64499060 -0.05635542
v 0.49174680 0.65622387 -0.06738418
v 0.51543050 0.65782354 -0.00330776
v 0.50048493 0.65507344 -0.00310320
v 0.50700693 0.64830343 -0.00861257
v 0.53942891 0.70602480 -0.01488680
v 0.46201505 0.67937450 -0.05268711
v 0.44793465 0.68473909 -0.04375213
v 0.45235099 0.69523052 -0.04953283
v 0.46673827 0.68924079 -0.05806726
v 0.44527342 0.67570219 -0.03458780
v 0.44491722 0.66916189 -0.02236360
v 0.46005719 0.66792379 0.01846796
v 0.45261221 0.66467152 0.00671488
v 0.46928306 0.67531905 0.02715021
v 0.48126393 0.66807489 0.01627976
v 0.49073931 0.67823247 0.02079207
v 0.47858830 0.68598942 0.03238398
v 0.49365829 0.71466539 0.02398688
v 0.49569502 0.72651432 0.01159102
v 0.50920423 0.72274194 -0.01072782
v 0.49409058 0.73174045 -0.00325292
v 0.46916859 0.65103642 -0.02594084
v 0.47733398 0.64531849 -0.03304094
v 0.61365657 0.62091742 -0.05842727
v 0.62915181 0.60625569 -0.05333036
v 0.62131058 0.59909544 -0.06275934
v 0.60511374 0.61245803 -0.06707662
v 0.61316936 0.59037710 -0.06874174
v 0.62915902 0.57784579 -0.06427139
v 0.58143102 0.61589120 0.00059754
v 0.59388339 0.60005541 -0.00061315
v 0.62658488 0.57738236 -0.00128025
v 0.52464171 0.66745810 0.00189406
v 0.53311737 0.65608517 -0.00012058
v 0.50988328 0.70651958 -0.05260366
v 0.50117000 0.71181915 -0.05022520
v 0.50811904 0.71646128 -0.03935045
v 0.53553950 0.68928728 -0.06539720
v 0.53802766 0.69730029 -0.04707331
v 0.55724620 0.68591676 -0.04294294
v 0.55251788 0.68102048 -0.06167883
v 0.49600725 0.69128666 -0.06962532
v 0.48547657 0.69548110 -0.06477112
v 0.49329760 0.70508067 -0.05931562
v 0.50319310 0.69998405 -0.06267256
v 0.50056606 0.69072995 0.02041584
v 0.50736346 0.68512849 0.01360041
v 0.48335465 0.73098026 -0.03049368
v 0.49019556 0.73223368 -0.01809543
v 0.50436654 0.72381298 -0.02397579
v 0.49757638 0.72252051 -0.03567833
v 0.51539983 0.71850179 -0.02717394
v 0.47511857 0.72626827 -0.04064649
v 0.48986690 0.71835879 -0.04649633
v 0.48740234 0.69990645 0.03209120
v 0.47310497 0.70096151 -0.05867285
v 0.45838295 0.70754139 -0.05086988
v 0.46690362 0.71835879 -0.04778284
v 0.48153739 0.71095244 -0.05452675
v 0.59629964 0.60244618 -0.07202143
v 0.57870280 0.61382128 -0.07415003
v 0.49637922 0.63229112 -0.04691595
v 0.50878575 0.62404154 -0.05363029
v 0.48614531 0.63924918 -0.04001135
v 0.57255702 0.57577969 -0.05426592
v 0.59000050 0.56468225 -0.05517381
v 0.53768845 0.59947250 -0.04821628
v 0.55508029 0.58735375 -0.05178732
v 0.58747028 0.65564028 -0.05323452
v 0.48493676 0.67019002 -0.06711811
v 0.49570408 0.66764829 -0.07401174
v 0.48063116 0.66002266 -0.06042045
v 0.44698339 0.66561649 -0.00713629
v 0.45942011 0.65760521 -0.01835722
v 0.50782182 0.67708913 -0.07905477
v 0.43077373 0.67503599 0.00589901
v 0.54687261 0.69997446 -0.03025669
v 0.52050527 0.71701387 -0.01321691
v 0.52980488 0.71193550 -0.01444429
v 0.64223634 0.59048835 -0.01151556
v 0.56852221 0.63238935 0.00190026
v 0.52328800 0.64700470 -0.00630134
v 0.51574542 0.63768409 -0.01367658
v 0.47401931 0.67430733 -0.06032509
v 0.47864579 0.68425045 -0.06499618
v 0.48939361 0.68052731 -0.07064098
v 0.48932024 0.66317753 0.00855595
v 0.49802472 0.67327015 0.01285034
v 0.60688745 0.55390955 -0.05470365
v 0.49506309 0.65892754 0.00212103
v 0.56179284 0.68764923 -0.02672285
v 0.15082990 0.81566296 0.06885105
v 0.13267658 0.79885069 0.06372458
v 0.13358611 0.80886433 0.07349640
v 0.33404260 0.62230156 0.04928356
v 0.31605672 0.56832046 0.08363396
v 0.32395213 0.58087612 0.06767279
v 0.33432003 0.70184133 0.06346565
v 0.33409165 0.69123826 0.06020218
v 0.34489711 0.73583803 0.06593424
v 0.34170767 0.72847209 0.06604487
v 0.33910837 0.65689180 0.07498127
v 0.22998666 0.96657068 0.27822167
v 0.22867194 0.96266116 0.27150112
v 0.23071766 0.97798700 0.28603464
v 0.22373081 0.40266885 0.12142187
v 0.20901822 0.38401033 0.12003761
v 0.20780306 0.37618251 0.11886317
v 0.23396780 0.94411314 0.28117996
v 0.23214163 0.94182015 0.27392346
v 0.23567311 0.94290126 0.27807480
v 0.23391112 0.94457937 0.28393513
v 0.23371153 0.94384486 0.28312117
v 0.23165161 0.97420914 0.29626852
v 0.22740776 0.95543564 0.26611859
v 0.22622373 0.94652248 0.26171786
v 0.23176015 0.95971001 0.29254204
v 0.18491462 0.47366138 -0.11825842
v 0.18636825 0.45159696 -0.12899154
v 0.16123200 0.45169847 -0.12119383
v 0.16146160 0.47327207 -0.10961956
v 0.13260773 0.43316309 -0.12261099
v 0.13437284 0.45339762 -0.11197513
v 0.16099239 0.42921423 -0.13335556
v 0.28071477 0.38665594 -0.14425367
v 0.27911173 0.41057827 -0.13739914
v 0.30050324 0.41032843 -0.12045950
v 0.30275046 0.38750924 -0.12653154
v 0.31376257 0.42506878 -0.09421676
v 0.31800025 0.40716352 -0.09919018
v 0.29673444 0.42986782 -0.11419576
v 0.32464694 0.41832073 -0.06993240
v 0.32863997 0.40121238 -0.07430595
v 0.32859953 0.40994363 -0.04512447
v 0.33244481 0.39277975 -0.04881185
v 0.33086341 0.38393663 -0.02374548
v 0.32234125 0.37464111 0.00134951
v 0.31002729 0.34687618 0.02554327
v 0.30770322 0.36364956 0.02591425
v 0.29088997 0.35246116 0.04750210
v 0.27149433 0.34230386 0.06624037
v 0.25266561 0.33504535 0.08134419
v 0.23454333 0.33091371 0.09204966
v 0.21756924 0.32807548 0.09999233
v 0.20209198 0.32646422 0.10444933
v 0.20156067 0.30871032 0.10012490
v 0.28638040 0.76703117 0.17117554
v 0.23235559 0.87481276 0.12858492
v 0.25857887 0.86761496 0.14238268
v 0.24357363 0.87394456 0.12336832
v 0.25259744 0.85181842 0.05705315
v 0.23049871 0.84726773 0.05168110
v 0.23476002 0.85853068 0.06688648
v 0.25869443 0.86272583 0.07592064
v 0.21777572 0.87280951 0.11388832
v 0.21147183 0.87295125 0.11872011
v 0.22484471 0.87264011 0.10684496
v 0.20600014 0.86644910 0.09661156
v 0.18719560 0.85846982 0.09331661
v 0.30793863 0.86329601 0.12963873
v 0.32427709 0.85917554 0.12716633
v 0.31336903 0.86219011 0.10451847
v 0.29967474 0.86584101 0.10509974
v 0.28334688 0.84244643 0.05063492
v 0.29648446 0.84204481 0.05241543
v 0.29299065 0.83125464 0.04070669
v 0.27938441 0.83089660 0.03816944
v 0.36744641 0.83515237 0.11247545
v 0.38116699 0.82538978 0.10440785
v 0.37078636 0.83551476 0.08819824
v 0.35688137 0.84414283 0.09544951
v 0.29934003 0.85095773 0.06874281
v 0.21523291 0.74741993 -0.02171797
v 0.23471842 0.75626449 -0.01726240
v 0.25227511 0.76433221 -0.01088613
v 0.29312705 0.78275279 0.01141602
v 0.28624136 0.76482485 0.00083405
v 0.28249850 0.77854411 0.00548607
v 0.30320548 0.78632776 0.01613766
v 0.31180911 0.78617404 0.01919752
v 0.36551475 0.76930187 0.13471419
v 0.36068850 0.74694959 0.12775618
v 0.36795144 0.74490390 0.11872059
v 0.33101594 0.77805487 0.02110296
v 0.33164792 0.77198378 0.02053267
v 0.32340764 0.77220199 0.02110058
v 0.32261398 0.77865610 0.02157932
v 0.29228856 0.86557732 0.13117939
v 0.36152514 0.83745150 0.07218462
v 0.35397824 0.83429311 0.05858284
v 0.34025522 0.83999965 0.06379753
v 0.34769707 0.84432308 0.07847172
v 0.34693842 0.82983909 0.04766470
v 0.34139135 0.82305435 0.03928715
v 0.32942729 0.82670728 0.04184824
v 0.33410274 0.83451162 0.05148846
v 0.33286079 0.78476105 0.02144247
v 0.32156943 0.78655479 0.02271658
v 0.39461180 0.79840145 0.10949284
v 0.34687795 0.83612541 0.14381224
v 0.33209251 0.84378920 0.14876467
v 0.33473538 0.81904564 0.16027361
v 0.34608095 0.81188397 0.15381247
v 0.35217010 0.73495922 0.05998903
v 0.35019775 0.73728100 0.04801661
v 0.34666904 0.73961172 0.03550917
v 0.32641654 0.75770948 0.02227455
v 0.34450748 0.74411122 0.02653319
v 0.36761879 0.72957937 0.10137898
v 0.37659340 0.73987166 0.11036116
v 0.33268162 0.79187939 0.15877396
v 0.34350162 0.78473780 0.15238148
v 0.39287018 0.81597243 0.09556299
v 0.38365375 0.82613192 0.07970387
v 0.35044619 0.76791129 0.01028734
v 0.34154194 0.76857446 0.01553303
v 0.34167378 0.77484498 0.01601893
v 0.31662421 0.75658433 0.01544863
v 0.32418137 0.76489113 0.02099854
v 0.33997231 0.85251919 0.12365538
v 0.36656963 0.82720027 0.05201536
v 0.37464201 0.82894758 0.06472450
v 0.32196270 0.83777908 0.05354601
v 0.30924444 0.84027086 0.05365425
v 0.31340908 0.84813658 0.06786877
v 0.32642250 0.84461729 0.06658417
v 0.35062369 0.80844215 0.02741772
v 0.35433303 0.81770478 0.03463083
v 0.30424874 0.83128379 0.04338604
v 0.31622445 0.82963792 0.04363638
v 0.34193634 0.78244064 0.01777464
v 0.32288217 0.79753945 0.16301542
v 0.31206664 0.77327208 0.16193014
v 0.32244371 0.77245448 0.15821320
v 0.33192583 0.76708178 0.15305716
v 0.34160089 0.76023785 0.14598948
v 0.35153543 0.75198267 0.13682419
v 0.30046939 0.77084587 0.16572148
v 0.49908810 0.67837773 -0.07600874
v 0.35044386 0.76155124 0.00896078
v 0.36032881 0.76694266 0.00493962
v 0.36170258 0.76035617 0.00249964
v 0.41465538 0.75970147 -0.01127809
v 0.17326035 0.82655475 0.34587532
v 0.17395886 0.82313088 0.34076315
v 0.16945701 0.84563498 0.36007744
v 0.17009216 0.84233705 0.35850197
v 0.51865487 0.70158253 -0.05475420
v 0.52639361 0.69783984 -0.05662388
v 0.57044839 0.66929177 -0.05719131
v 0.57492601 0.67297361 -0.03930515
v 0.59105693 0.65821914 -0.03609508
v 0.56750142 0.65989349 0.00020605
v 0.55600964 0.64987955 0.00297219
v 0.52719553 0.62245671 -0.01772398
v 0.54149293 0.63520036 -0.07593960
v 0.65658986 0.55325217 0.00057799
v 0.66685038 0.53705043 0.00269848
v 0.67509722 0.54322133 -0.00130314
v 0.66438138 0.55910928 -0.00510687
v 0.67638331 0.52148936 0.00563198
v 0.65896385 0.53050382 0.00141150
v 0.66866874 0.51549576 0.00220162
v 0.65293263 0.52522547 -0.00428766
v 0.66351174 0.51114489 -0.00430864
v 0.66090976 0.50829668 -0.01289123
v 0.64916890 0.52132542 -0.01245254
v 0.64818167 0.51862393 -0.02185625
v 0.66104018 0.50643425 -0.02239317
v 0.63399970 0.52936054 -0.03150743
v 0.63549470 0.52911509 -0.04236978
v 0.65170442 0.51833094 -0.04109520
v 0.64927500 0.51752133 -0.03158754
v 0.67748045 0.51664657 -0.05023998
v 0.66226172 0.52708746 -0.05428499
v 0.66927372 0.53416155 -0.05394596
v 0.68378614 0.52290920 -0.04978651
v 0.66697203 0.55886252 -0.04689258
v 0.68195664 0.54631777 -0.04209513
v 0.67615353 0.54064480 -0.04935259
v 0.66052674 0.55297051 -0.05437321
v 0.69601094 0.53507952 -0.03830379
v 0.68460690 0.54876609 -0.03240198
v 0.69731640 0.53702057 -0.02769321
v 0.63748055 0.56193916 0.00005060
v 0.64613055 0.56919269 -0.00177044
v 0.63520121 0.58475552 -0.00420231
v 0.63633977 0.53500609 -0.01146644
v 0.64116018 0.53997419 -0.00381702
v 0.62958228 0.55494816 -0.00351709
v 0.62346767 0.54916988 -0.01047605
v 0.60315674 0.55134279 -0.04246753
v 0.61954909 0.54034875 -0.04275173
v 0.61861598 0.54156143 -0.03085750
v 0.63420664 0.53168882 -0.02094120
v 0.62008606 0.54480560 -0.01988357
v 0.63968169 0.53214566 -0.05196708
v 0.65612536 0.52147392 -0.04957861
v 0.66917490 0.56205867 -0.01481718
v 0.68076872 0.54695023 -0.01037687
v 0.68384050 0.54849551 -0.02120727
v 0.67146205 0.56302662 -0.02569479
v 0.62342750 0.54312427 -0.05345911
v 0.65754675 0.57746244 -0.01875538
v 0.65919947 0.57810710 -0.03044552
v 0.67109733 0.56233976 -0.03719753
v 0.65749012 0.57648666 -0.04244560
v 0.69156658 0.53329352 -0.00585407
v 0.68510162 0.52836520 0.00263792
v 0.65348529 0.57488791 -0.00843805
v 0.64615606 0.53819362 -0.05804867
v 0.62989943 0.54936884 -0.06077856
v 0.63754200 0.55752868 -0.06284994
v 0.65343451 0.54588992 -0.05871004
v 0.63702445 0.58522905 -0.05774683
v 0.65182029 0.57176713 -0.05218214
v 0.64476412 0.56523181 -0.05922502
v 0.69042849 0.52930427 -0.04576772
v 0.64340388 0.59107093 -0.04784864
v 0.72006064 0.44928007 -0.00490183
v 0.71864687 0.44278588 0.00299317
v 0.70923351 0.44515135 0.00016409
v 0.71099012 0.45260070 -0.00796074
v 0.68658250 0.45127778 -0.00272220
v 0.68876939 0.44386651 0.00732332
v 0.68250160 0.44949629 0.01318938
v 0.67894011 0.45771562 0.00368887
v 0.71791386 0.43911879 0.01163679
v 0.70839023 0.44050764 0.00825649
v 0.71669631 0.44173743 0.01896054
v 0.72626709 0.43792252 0.01541048
v 0.72768139 0.44194718 0.02237469
v 0.73579883 0.43937878 0.02461201
v 0.74101715 0.44733827 0.02610975
v 0.73026197 0.45357157 0.02591377
v 0.74303632 0.47154029 0.01014286
v 0.75203823 0.45994102 0.01196390
v 0.75580942 0.46497767 0.00270563
v 0.74603187 0.47592549 0.00073105
v 0.75530582 0.47164716 -0.01712602
v 0.74566369 0.48170872 -0.01740450
v 0.74616866 0.47868894 -0.00832027
v 0.75615286 0.46745192 -0.00705570
v 0.72363549 0.45898132 -0.01648468
v 0.72186743 0.45574136 -0.01162857
v 0.71373396 0.46007581 -0.01499981
v 0.71554314 0.46406476 -0.02011436
v 0.71171068 0.44247113 0.02815825
v 0.71164667 0.43957679 0.02527291
v 0.71893399 0.44686465 0.02427822
v 0.71595763 0.45263995 0.02602869
v 0.69814246 0.47753464 -0.03953451
v 0.69458978 0.47642709 -0.03297323
v 0.68648159 0.48416077 -0.03189892
v 0.68984257 0.48631723 -0.03949922
v 0.67641067 0.47318839 -0.01015610
v 0.67621421 0.48207159 0.00175434
v 0.67472362 0.48859991 -0.00277561
v 0.67777502 0.48070251 -0.01520532
v 0.67703043 0.46578662 -0.00428003
v 0.68012982 0.46596696 0.01249415
v 0.67744290 0.47465612 0.00630194
v 0.68392836 0.45620735 0.02034098
v 0.69462585 0.49184100 -0.04708427
v 0.70142268 0.48575862 -0.04933161
v 0.76521342 0.39976533 0.02419478
v 0.76170032 0.40404488 0.02387959
v 0.76382141 0.40372040 0.01872832
v 0.76754480 0.39951404 0.01922995
v 0.71352976 0.50188299 -0.04645819
v 0.70699911 0.50477477 -0.04727167
v 0.71235274 0.50997392 -0.04109710
v 0.71813010 0.50623749 -0.03865665
v 0.72191869 0.49748020 -0.04611248
v 0.72575604 0.50090517 -0.03635782
v 0.77405207 0.40571349 0.03251940
v 0.77115517 0.41098063 0.03186995
v 0.76653736 0.40843411 0.03137165
v 0.76939957 0.40331133 0.03175741
v 0.72730630 0.44459768 -0.00134271
v 0.72593587 0.43897204 0.00642401
v 0.74031507 0.42839845 0.00894552
v 0.73759936 0.42919089 0.01478106
v 0.73201798 0.43407636 0.01069504
v 0.73472612 0.43747334 0.00225645
v 0.73928135 0.44820117 -0.01451105
v 0.73890727 0.44331370 -0.00807756
v 0.73154568 0.45065923 -0.01021713
v 0.73217105 0.45522256 -0.01686281
v 0.73332005 0.45786007 -0.02826494
v 0.73468285 0.45768406 -0.03413433
v 0.74155747 0.45252042 -0.03273577
v 0.74085318 0.45179464 -0.02614206
v 0.75392216 0.43787931 -0.01731294
v 0.75518148 0.43972500 -0.02219147
v 0.76287567 0.43524613 -0.01932806
v 0.76180100 0.43303345 -0.01512712
v 0.70150249 0.50849794 -0.04826444
v 0.70712619 0.51453797 -0.04281753
v 0.75205838 0.47635012 -0.03662628
v 0.75927149 0.46947493 -0.03768390
v 0.75512224 0.46855189 -0.04731840
v 0.74745326 0.47542884 -0.04636663
v 0.72109698 0.50735639 -0.02861112
v 0.71588223 0.51226307 -0.03108782
v 0.77882611 0.40731542 0.02982670
v 0.77602421 0.41278349 0.02928883
v 0.69141941 0.46191339 0.02533156
v 0.68846433 0.47320213 0.01751906
v 0.68577783 0.48267915 0.01131397
v 0.68360793 0.48981051 0.00768477
v 0.68104737 0.49579837 0.00583369
v 0.74054109 0.43515612 -0.00059503
v 0.72706615 0.45082940 -0.00806278
v 0.72424435 0.46102436 -0.02040428
v 0.72901767 0.46515440 -0.04832023
v 0.72826742 0.46240358 -0.04129261
v 0.72122704 0.46560933 -0.04160827
v 0.72292482 0.47031774 -0.05060762
v 0.74224072 0.47027420 -0.05168957
v 0.74973934 0.46375139 -0.05153650
v 0.74575411 0.45843284 -0.05004543
v 0.73869609 0.46388708 -0.05088371
v 0.70994984 0.44477840 0.03202730
v 0.71025102 0.45593433 0.02803093
v 0.70787041 0.49489232 -0.05108351
v 0.70111953 0.49861621 -0.05010694
v 0.69518738 0.50267573 -0.04845995
v 0.70496677 0.47009488 -0.02732509
v 0.70420729 0.46789466 -0.02370876
v 0.68988906 0.47224762 -0.02443498
v 0.69237970 0.47543840 -0.02886146
v 0.69958072 0.45487552 -0.01192659
v 0.69849872 0.44700961 -0.00298590
v 0.68646668 0.45950805 -0.01230854
v 0.68279802 0.48264812 -0.02511400
v 0.67734980 0.48989903 -0.02280992
v 0.68116753 0.49141221 -0.03081793
v 0.68503647 0.49361544 -0.03886074
v 0.68976956 0.49758290 -0.04563278
v 0.67103409 0.49698596 -0.02254480
v 0.67434310 0.49793001 -0.03099340
v 0.67861151 0.50018682 -0.03925890
v 0.68355512 0.50371199 -0.04548734
v 0.70483398 0.52578391 -0.03521675
v 0.71063971 0.51826096 -0.03320116
v 0.70067131 0.52082310 -0.04431051
v 0.67113905 0.49884929 -0.00346512
v 0.67011898 0.49739881 -0.01316494
v 0.67486369 0.48919912 -0.01332325
v 0.67702465 0.50329577 0.00389296
v 0.69096374 0.43889012 0.01536995
v 0.69935935 0.43797599 0.01380020
v 0.70029258 0.43317677 0.01927906
v 0.69343703 0.43342139 0.02129370
v 0.73274737 0.43530618 0.01877743
v 0.73869746 0.43130817 0.02130419
v 0.74259769 0.43518315 0.02599388
v 0.70925563 0.48067920 -0.05100769
v 0.70657825 0.47368904 -0.04221815
v 0.74470847 0.42812781 0.00491339
v 0.76721882 0.41693469 0.03084379
v 0.75972693 0.42660721 0.02910620
v 0.75410753 0.42327668 0.02820021
v 0.76234530 0.41391917 0.03037840
v 0.75470727 0.42512418 0.00592238
v 0.76018333 0.42037226 0.00934654
v 0.75431990 0.41881897 0.01073605
v 0.74912881 0.42410167 0.00844532
v 0.75591069 0.44163020 -0.02856725
v 0.76218246 0.43806176 -0.02621836
v 0.75918888 0.44614943 0.01145750
v 0.74748837 0.45582228 0.02138573
v 0.75475132 0.44591473 0.02173334
v 0.74016731 0.45069529 -0.02049822
v 0.74801855 0.44535862 -0.02431768
v 0.74693715 0.44391824 -0.01912063
v 0.74426209 0.43347840 -0.00174469
v 0.74418353 0.43755420 -0.00642246
v 0.74944322 0.43228783 -0.00355381
v 0.74829852 0.42889555 0.00158220
v 0.73225044 0.47683166 -0.05298466
v 0.73887574 0.48372968 -0.04570288
v 0.76300733 0.40592931 0.02842909
v 0.76623189 0.40126787 0.02869803
v 0.69463991 0.51417143 -0.04860252
v 0.68878626 0.50829969 -0.04878277
v 0.73260902 0.45721372 -0.02242559
v 0.73814546 0.46526401 0.01910740
v 0.72434114 0.46241902 -0.02511638
v 0.76702111 0.45524036 -0.02603191
v 0.77280371 0.45017292 -0.02519125
v 0.76946365 0.44655417 -0.02984232
v 0.76468455 0.45159449 -0.03208345
v 0.76852613 0.41261344 0.01296097
v 0.77361571 0.40776254 0.01485592
v 0.76847517 0.40514134 0.01540905
v 0.76299905 0.41012584 0.01389557
v 0.74501031 0.42418929 0.01213795
v 0.75008201 0.41811390 0.01435333
v 0.74834584 0.41870715 0.01956469
v 0.74262457 0.42506556 0.01743323
v 0.74410330 0.42704736 0.02285248
v 0.75020873 0.42069046 0.02462727
v 0.77366429 0.41598575 0.01590449
v 0.76591574 0.42371349 0.01274258
v 0.76760470 0.42818599 0.01915890
v 0.77495538 0.41881807 0.02222353
v 0.73604481 0.49134483 -0.01768011
v 0.74506592 0.48376794 -0.02707666
v 0.73571812 0.49304305 -0.02682012
v 0.76373511 0.46166228 -0.01708120
v 0.76080405 0.46313964 -0.02833122
v 0.75411802 0.47429343 -0.02729744
v 0.74323349 0.48486416 -0.03572124
v 0.76140242 0.43351408 0.00587183
v 0.76468783 0.43853428 0.00760609
v 0.76160680 0.43562772 0.01422125
v 0.72464799 0.46310945 -0.03227991
v 0.75858848 0.41138430 0.02735859
v 0.70251249 0.50152882 0.00901324
v 0.70696126 0.49464061 0.01078230
v 0.71728878 0.50057335 0.00286347
v 0.71083211 0.50729136 0.00202423
v 0.75868194 0.40890621 0.01760966
v 0.75680613 0.40907477 0.02262408
v 0.75834106 0.44315688 -0.03405994
v 0.76271229 0.44470950 -0.03626388
v 0.76677012 0.44242518 -0.03313488
v 0.76375048 0.44032537 -0.03086084
v 0.73432856 0.49365778 -0.03538603
v 0.76447277 0.46427079 -0.03930181
v 0.76106649 0.46245210 -0.04829162
v 0.72754561 0.50133358 -0.02720588
v 0.72143601 0.50669606 -0.01800817
v 0.72772323 0.50011717 -0.01775068
v 0.76471852 0.45347630 -0.00672382
v 0.73641466 0.48899414 -0.00941318
v 0.72753643 0.49798124 -0.00950950
v 0.72019010 0.50510131 -0.00843519
v 0.71489405 0.51099078 -0.00873941
v 0.71634816 0.51215200 -0.01917690
v 0.77223872 0.41906350 0.02816921
v 0.77894544 0.41281010 0.02366644
v 0.70513844 0.52688054 -0.02360195
v 0.71092325 0.51867113 -0.02102226
v 0.70314806 0.52551464 -0.01290220
v 0.70948040 0.51744688 -0.01028675
v 0.72365331 0.49104934 0.00662380
v 0.72654014 0.49500384 -0.00122541
v 0.73344242 0.48164316 0.00788885
v 0.73601746 0.48619525 -0.00097746
v 0.76381492 0.45356502 0.00384527
v 0.78577857 0.39879777 0.02137381
v 0.78320359 0.39681514 0.01792580
v 0.77788084 0.40309622 0.01605707
v 0.78127938 0.40539222 0.01965624
v 0.77774399 0.41062240 0.01800305
v 0.78195267 0.40743782 0.02480417
v 0.72787022 0.47442599 0.01651150
v 0.75551938 0.42826374 -0.00017923
v 0.71410756 0.48275791 0.01488405
v 0.71249955 0.46858455 0.02390438
v 0.72255855 0.46383722 0.02459198
v 0.69938057 0.47906740 0.01923567
v 0.69578402 0.48917391 0.01383024
v 0.68924808 0.50158386 0.00898176
v 0.69247549 0.49612300 0.01051003
v 0.68429594 0.50909303 0.00746256
v 0.70122634 0.46698241 0.02600914
v 0.77273332 0.39392336 0.01935679
v 0.76994150 0.39366637 0.02422243
v 0.69823169 0.50749974 0.00745398
v 0.69279181 0.51582203 0.00521237
v 0.69886195 0.44120090 0.00618321
v 0.71565675 0.46679016 -0.02761120
v 0.71510350 0.46729513 -0.03331226
v 0.71427142 0.46922444 -0.04205078
v 0.71642314 0.47526555 -0.05126756
v 0.69967191 0.52227856 -0.00212568
v 0.66340684 0.50639020 -0.03144831
v 0.66730671 0.50843145 -0.03991121
v 0.69510525 0.53564660 -0.01665443
v 0.77053832 0.39475323 0.02879101
v 0.76838278 0.43680291 -0.01446432
v 0.76817333 0.43490712 -0.01297659
v 0.68579154 0.44308181 0.01984984
v 0.68974387 0.43646644 0.02567679
v 0.69763391 0.44271602 0.03518635
v 0.69386314 0.45212872 0.03111988
v 0.68699836 0.44801654 0.02641922
v 0.69163798 0.43973465 0.03101927
v 0.70554464 0.47087361 -0.03060383
v 0.70639895 0.47164966 -0.03524631
v 0.73027050 0.49127557 -0.04548115
v 0.72401529 0.48445992 -0.05276293
v 0.74818849 0.43024318 0.02670675
v 0.75378739 0.43414857 0.02699476
v 0.74852776 0.44057749 0.02646071
v 0.76509350 0.42930092 0.02557951
v 0.76046806 0.42857011 0.00923067
v 0.75944077 0.42927386 0.00440508
v 0.70221447 0.46268256 -0.01869720
v 0.68788355 0.46661912 -0.01922029
v 0.70804017 0.43650817 0.02062660
v 0.70742862 0.43901874 0.01498753
v 0.74520498 0.44147609 -0.01287836
v 0.77176010 0.44394316 -0.00297350
v 0.76990824 0.44458018 0.00485140
v 0.75120251 0.43591251 -0.01073116
v 0.77360724 0.39626832 0.03191525
v 0.77820026 0.39856862 0.03288323
v 0.75956064 0.43766882 0.02299219
v 0.74881547 0.44664647 -0.03098530
v 0.77108293 0.43939312 -0.00849098
v 0.76936399 0.44639926 -0.01103872
v 0.75517284 0.45910449 -0.05101723
v 0.70578991 0.51366229 0.00043732
v 0.77242528 0.40088283 0.01583248
v 0.77765160 0.39510267 0.01646620
v 0.78566109 0.40046166 0.02560192
v 0.78282236 0.40066420 0.03019100
v 0.71571623 0.49020501 -0.05183691
v 0.71602415 0.46590097 -0.02377981
v 0.67189937 0.51178289 -0.04671663
v 0.70248829 0.45594572 0.03131300
v 0.70492451 0.44507556 0.03544193
v 0.75735032 0.43134786 -0.00863117
v 0.76445471 0.45861663 -0.03344578
v 0.77377169 0.44493632 -0.01211304
v 0.77505260 0.45033033 -0.01720279
v 0.76997774 0.45511092 -0.01723522
v 0.77222573 0.43928532 -0.01284498
v 0.78664952 0.39489152 0.03084666
v 0.78930186 0.39484961 0.02636629
v 0.78217309 0.39265435 0.03361279
v 0.77742641 0.39095895 0.03218943
v 0.77430128 0.39012025 0.02905327
v 0.78936677 0.39350008 0.02232176
v 0.78682684 0.39199238 0.01909262
v 0.78135042 0.39082723 0.01752335
v 0.79244935 0.38888334 0.02272373
v 0.79298859 0.38918708 0.02693707
v 0.78856974 0.38119339 0.03430182
v 0.79175787 0.38172893 0.03392702
v 0.79008137 0.38492708 0.03353649
v 0.78673284 0.38666050 0.03422505
v 0.79133885 0.37702494 0.03370434
v 0.79449414 0.37796496 0.03384882
v 0.79481148 0.38314603 0.03181511
v 0.79199158 0.38660519 0.03163582
v 0.79791086 0.37928723 0.03187090
v 0.79925113 0.37992434 0.02830845
v 0.79610120 0.38353513 0.02825552
v 0.79363345 0.38652902 0.02886158
v 0.79000407 0.38978110 0.03143507
v 0.79475396 0.37406992 0.03247362
v 0.79890709 0.37361555 0.02971321
v 0.80005043 0.37580733 0.03158051
v 0.79660623 0.37548892 0.03340346
v 0.78128134 0.38603370 0.03254181
v 0.78520476 0.38055514 0.03231245
v 0.78874986 0.37607877 0.03152424
v 0.79264735 0.37325351 0.03005034
v 0.78327589 0.37935470 0.02921635
v 0.78767919 0.37534683 0.02858692
v 0.79121076 0.37331633 0.02741009
v 0.78330748 0.37869941 0.02538401
v 0.78812694 0.37512420 0.02560049
v 0.77804612 0.38549476 0.02931505
v 0.77735161 0.38503467 0.02508932
v 0.79073726 0.37389819 0.02562195
v 0.79687690 0.37309615 0.02737099
v 0.79636668 0.38418888 0.02530485
v 0.79915308 0.37983386 0.02527147
v 0.79556017 0.38381039 0.02259594
v 0.79811977 0.37926404 0.02305657
v 0.80127852 0.37717848 0.02860647
v 0.80080604 0.37617467 0.02640253
v 0.77349870 0.38959102 0.02463299
v 0.77652835 0.39004736 0.01989275
v 0.78000771 0.38565670 0.02060181
v 0.78567754 0.37929975 0.02104670
v 0.78479611 0.38667356 0.01847750
v 0.79007017 0.38752858 0.01976067
v 0.79360276 0.38265865 0.02054888
v 0.78985440 0.38111673 0.01928335
v 0.79591494 0.37833141 0.02144963
v 0.79310208 0.37713038 0.02090508
v 0.79020922 0.37573694 0.02254301
v 0.79649048 0.37527941 0.02291924
v 0.79894423 0.37560629 0.02432066
v 0.79459112 0.37350153 0.02531058
v 0.79265325 0.37426262 0.02382904
v 0.79433488 0.37524675 0.02237564
v 0.78596698 0.40305643 -0.00025123
v 0.78087091 0.40864776 0.00009114
v 0.78260623 0.40949129 -0.00465626
v 0.78804903 0.40389387 -0.00506061
v 0.79212235 0.40978803 0.00963503
v 0.78811448 0.41557531 0.00976616
v 0.78397595 0.41190411 0.00807244
v 0.78811764 0.40610199 0.00752693
v 0.79639368 0.41311877 0.00611645
v 0.79257106 0.41905148 0.00635153
v 0.78281026 0.42199879 0.00983626
v 0.77268701 0.43147580 0.00837046
v 0.76854753 0.42744927 0.00587374
v 0.77860825 0.41809802 0.00786644
v 0.77375196 0.42924343 -0.01153463
v 0.76889359 0.42721884 -0.01095861
v 0.78163253 0.40966018 0.00425822
v 0.78606318 0.40374015 0.00390297
v 0.78386741 0.41987799 -0.00982612
v 0.79031282 0.41384052 -0.00920957
v 0.78604632 0.41124608 -0.00825590
v 0.77948361 0.41719361 -0.00893348
v 0.76506584 0.42543860 -0.00656885
v 0.76320635 0.42377179 -0.00093597
v 0.76522206 0.42473497 0.00316197
v 0.78797107 0.42305671 -0.00709099
v 0.77834355 0.43260254 -0.00797313
v 0.77990817 0.43575151 -0.00161690
v 0.78950523 0.42539619 -0.00099844
v 0.77559071 0.41552575 0.00427252
v 0.77588700 0.41549920 -0.00496858
v 0.77422713 0.41438823 -0.00002331
v 0.78738981 0.42558356 0.00620371
v 0.79466592 0.41892968 -0.00079197
v 0.80450558 0.40382348 -0.00479072
v 0.80249994 0.40124874 -0.00815624
v 0.79567342 0.40840928 -0.00909752
v 0.79843473 0.41101603 -0.00587696
v 0.79354375 0.41652645 -0.00639194
v 0.79876553 0.41320567 -0.00034088
v 0.79571079 0.39610715 -0.00544399
v 0.79306691 0.39524193 -0.00070232
v 0.79283469 0.39573242 0.00342232
v 0.77807831 0.43612941 0.00583464
v 0.79446982 0.39804961 0.00673634
v 0.79799907 0.40184422 0.00904089
v 0.79153894 0.40571840 -0.00862592
v 0.79881667 0.39832004 -0.00854486
v 0.80440842 0.40567859 0.00008017
v 0.80204528 0.40559407 0.00595766
v 0.80716126 0.39897223 0.00548369
v 0.80919920 0.39937098 0.00007158
v 0.80341112 0.39551009 0.00872952
v 0.79948466 0.39256518 0.00659806
v 0.79755639 0.39104216 0.00336844
v 0.80931776 0.39808376 -0.00400108
v 0.80734794 0.39617480 -0.00705999
v 0.80340611 0.39387737 -0.00784391
v 0.81389045 0.39260964 -0.00369400
v 0.81472950 0.39289861 0.00007778
v 0.81604891 0.37947808 0.00682265
v 0.81886714 0.38111906 0.00714737
v 0.81536292 0.38491248 0.00720650
v 0.81238245 0.38390736 0.00787550
v 0.81341534 0.38808702 0.00716311
v 0.80952322 0.38940112 0.00834900
v 0.81841384 0.38702892 0.00478560
v 0.81493514 0.38980024 0.00483710
v 0.82241349 0.38294105 0.00509554
v 0.82313763 0.38377027 0.00135857
v 0.81864314 0.38755785 0.00152498
v 0.81601964 0.39018600 0.00185829
v 0.82041656 0.37652753 0.00556427
v 0.82180350 0.37839590 0.00679070
v 0.81216704 0.39328890 0.00511843
v 0.80431156 0.38808488 0.00645977
v 0.80915408 0.38254951 0.00607449
v 0.81406688 0.37797527 0.00493437
v 0.81856691 0.37538569 0.00332600
v 0.80704634 0.38133632 0.00285917
v 0.81256198 0.37718152 0.00223023
v 0.81685834 0.37562113 0.00083739
v 0.80697863 0.38113056 -0.00138134
v 0.81270354 0.37736260 -0.00122923
v 0.80163549 0.38704209 0.00313431
v 0.80128186 0.38713275 -0.00097317
v 0.81598913 0.37628429 -0.00106472
v 0.82251101 0.37594108 0.00089031
v 0.82475637 0.37674962 0.00312954
v 0.82593369 0.37920080 0.00527769
v 0.81839835 0.38764326 -0.00101608
v 0.82241558 0.38305502 -0.00100225
v 0.81833153 0.38733386 -0.00360674
v 0.82196193 0.38254558 -0.00307125
v 0.82622432 0.38083278 0.00166947
v 0.82545721 0.37953477 0.00002533
v 0.79771285 0.39087342 -0.00075954
v 0.79991644 0.39192496 -0.00504488
v 0.80337631 0.38817750 -0.00521892
v 0.80930494 0.38248138 -0.00551647
v 0.80719077 0.39011990 -0.00771135
v 0.81171220 0.39166509 -0.00656694
v 0.81643294 0.38653331 -0.00588602
v 0.81300967 0.38485091 -0.00719208
v 0.82009392 0.38190894 -0.00473350
v 0.81741302 0.38076674 -0.00572294
v 0.81452339 0.37872850 -0.00454372
v 0.82156282 0.37860827 -0.00331014
v 0.82386660 0.37872808 -0.00185007
v 0.82018100 0.37611936 -0.00130552
v 0.81774830 0.37704043 -0.00295681
v 0.81926148 0.37866734 -0.00427288
v 0.78882175 0.41601582 -0.02109855
v 0.78460633 0.42052399 -0.02049679
v 0.78421431 0.42123442 -0.02552599
v 0.78838944 0.41663455 -0.02629417
v 0.79632955 0.42278724 -0.01522344
v 0.79181748 0.42821609 -0.01382917
v 0.78926282 0.42445965 -0.01409286
v 0.79372870 0.41981389 -0.01519531
v 0.79857849 0.42543824 -0.01876539
v 0.79398542 0.43142016 -0.01796335
v 0.78680729 0.43327813 -0.01302761
v 0.77944576 0.44013383 -0.01271766
v 0.77654730 0.43529098 -0.01368994
v 0.78416961 0.42878913 -0.01345104
v 0.78675710 0.42177917 -0.01654238
v 0.79111927 0.41736345 -0.01725191
v 0.78245895 0.43037544 -0.03148502
v 0.78834312 0.42571284 -0.03124374
v 0.78575837 0.42318238 -0.02953905
v 0.77992850 0.42789073 -0.02945179
v 0.76912456 0.43360819 -0.02540630
v 0.76999419 0.43211205 -0.02028507
v 0.77305656 0.43273185 -0.01661056
v 0.78623354 0.43394812 -0.03000683
v 0.77691697 0.44123368 -0.02980131
v 0.78044992 0.44449814 -0.02485555
v 0.78886234 0.43715997 -0.02460951
v 0.78156321 0.42582320 -0.01628488
v 0.77841472 0.42558633 -0.02550501
v 0.77912801 0.42464297 -0.02032989
v 0.78871619 0.43694897 -0.01757711
v 0.79393249 0.43162875 -0.02460617
v 0.80421804 0.41683491 -0.02922338
v 0.80153542 0.41442876 -0.03164715
v 0.79343944 0.42125969 -0.03182024
v 0.79672997 0.42413090 -0.02965111
v 0.79161244 0.42898722 -0.02990192
v 0.79881035 0.42586522 -0.02464002
v 0.79544674 0.41006820 -0.02713770
v 0.79499381 0.40927912 -0.02231163
v 0.79718082 0.41061564 -0.01860708
v 0.78144543 0.44430088 -0.01725525
v 0.77286165 0.43774937 -0.03155702
v 0.79963093 0.41249447 -0.01670784
v 0.80236959 0.41497509 -0.01645798
v 0.79032808 0.41876494 -0.03034061
v 0.79783826 0.41216837 -0.03096241
v 0.80549567 0.41826923 -0.02466339
v 0.80486160 0.41792835 -0.01942819
v 0.80949925 0.41249894 -0.01990026
v 0.81043773 0.41335099 -0.02498573
v 0.80715947 0.40947484 -0.01683658
v 0.80409365 0.40726052 -0.01756758
v 0.80140196 0.40596245 -0.01949018
v 0.80906515 0.41189967 -0.02918905
v 0.80661499 0.40986897 -0.03119034
v 0.80244820 0.40821330 -0.03079647
v 0.81267642 0.40813400 -0.02964395
v 0.81446271 0.40833371 -0.02545208
v 0.81782179 0.39542110 -0.01876920
v 0.81971841 0.39674033 -0.01927465
v 0.81622540 0.39999668 -0.01918358
v 0.81449526 0.39903571 -0.01798004
v 0.81436240 0.40305920 -0.01881641
v 0.81164145 0.40448328 -0.01751322
v 0.81858956 0.40227954 -0.02114958
v 0.81551360 0.40525364 -0.02078193
v 0.82211660 0.39895170 -0.02162975
v 0.82192188 0.40011771 -0.02562851
v 0.81826865 0.40329151 -0.02506250
v 0.81612550 0.40595941 -0.02388042
v 0.82142847 0.39311563 -0.02021164
v 0.82242440 0.39478533 -0.01990122
v 0.81300901 0.40806599 -0.02049631
v 0.80779772 0.40320505 -0.01805347
v 0.81179838 0.39802374 -0.01876968
v 0.81561755 0.39413570 -0.01978868
v 0.81904035 0.39198767 -0.02177662
v 0.80939763 0.39728065 -0.02102655
v 0.81366449 0.39360170 -0.02200931
v 0.81672572 0.39196657 -0.02367491
v 0.80774771 0.39705028 -0.02408546
v 0.81254529 0.39363830 -0.02465957
v 0.80499141 0.40223824 -0.02030748
v 0.80294173 0.40217175 -0.02349228
v 0.81534486 0.39260082 -0.02516979
v 0.82183950 0.39264517 -0.02549833
v 0.82438742 0.39383929 -0.02358240
v 0.82516514 0.39607264 -0.02207369
v 0.81771862 0.40401773 -0.02775091
v 0.82106953 0.40006884 -0.02813381
v 0.81605147 0.40360446 -0.03010887
v 0.81960540 0.39936038 -0.02990049
v 0.82447695 0.39774414 -0.02528518
v 0.82387452 0.39685626 -0.02694982
v 0.79945057 0.40556772 -0.02275842
v 0.79974132 0.40652959 -0.02716059
v 0.80317019 0.40316852 -0.02739185
v 0.80841981 0.39804913 -0.02802461
v 0.80581563 0.40510105 -0.03077215
v 0.80971014 0.40664129 -0.03116363
v 0.81362038 0.40228222 -0.03133386
v 0.81059532 0.40046530 -0.03086799
v 0.81736480 0.39815693 -0.03083986
v 0.81492173 0.39662738 -0.03045887
v 0.81309461 0.39469166 -0.02801985
v 0.81929766 0.39520513 -0.02944988
v 0.82187026 0.39602883 -0.02855009
v 0.81885313 0.39264320 -0.02664608
v 0.81632411 0.39324461 -0.02742428
v 0.81707179 0.39475291 -0.02949899
v 0.77030187 0.43577190 -0.02924389
v 0.78076922 0.43451785 -0.04641193
v 0.77716016 0.43761103 -0.04480118
v 0.77609240 0.43842699 -0.04859966
v 0.77962290 0.43542059 -0.05026335
v 0.78874104 0.44132103 -0.04310030
v 0.78483545 0.44514336 -0.04111856
v 0.78241616 0.44142293 -0.04002517
v 0.78640448 0.43779968 -0.04194063
v 0.78921967 0.44415851 -0.04736036
v 0.78535788 0.44826500 -0.04563707
v 0.77954899 0.44894909 -0.03926033
v 0.77096926 0.45485805 -0.03607744
v 0.76933419 0.44976385 -0.03602070
v 0.77714985 0.44497447 -0.03832525
v 0.75925600 0.45558389 -0.05064052
v 0.76479804 0.45159416 -0.05145401
v 0.76366006 0.44820397 -0.04914373
v 0.75695657 0.45185845 -0.04852003
v 0.77950727 0.43867861 -0.04157347
v 0.78342687 0.43542732 -0.04346269
v 0.77288907 0.44639175 -0.05309290
v 0.77781796 0.44327478 -0.05441660
v 0.77640223 0.44037269 -0.05203050
v 0.77164828 0.44312810 -0.05082554
v 0.75685542 0.44854750 -0.04484218
v 0.76368182 0.44579013 -0.04571718
v 0.76463836 0.44511239 -0.04181331
v 0.75831144 0.44590546 -0.04049057
v 0.76680755 0.44607340 -0.03873438
v 0.77521889 0.44999813 -0.05289501
v 0.76678651 0.45532246 -0.05120367
v 0.76919698 0.45899935 -0.04815239
v 0.77821468 0.45255484 -0.04968733
v 0.77466904 0.44188421 -0.04020065
v 0.77143656 0.44120534 -0.04744762
v 0.77251320 0.44054632 -0.04350227
v 0.77996724 0.45233096 -0.04360813
v 0.78343635 0.44851910 -0.05101913
v 0.78951763 0.43857570 -0.05792326
v 0.78700083 0.43620630 -0.05816120
v 0.78173577 0.44020097 -0.05617422
v 0.78453427 0.44323798 -0.05601448
v 0.78050183 0.44654478 -0.05431789
v 0.78750139 0.44480311 -0.05271524
v 0.78443234 0.43151109 -0.05242008
v 0.78573911 0.43029525 -0.04866213
v 0.78817075 0.43111225 -0.04578728
v 0.77125131 0.45933245 -0.04071039
v 0.79107462 0.43296237 -0.04445690
v 0.79338585 0.43601440 -0.04546016
v 0.78004103 0.43739031 -0.05377811
v 0.78511142 0.43359791 -0.05587667
v 0.79227643 0.43987571 -0.05479425
v 0.79377477 0.43905406 -0.04952043
v 0.79784786 0.43519260 -0.05100817
v 0.79649018 0.43600108 -0.05616611
v 0.79706030 0.43212803 -0.04711717
v 0.79462456 0.42964755 -0.04619879
v 0.79152822 0.42821838 -0.04762930
v 0.79326182 0.43488668 -0.05919069
v 0.79088288 0.43303509 -0.05904812
v 0.78902077 0.43096371 -0.05688137
v 0.79716306 0.43156250 -0.06010670
v 0.80060576 0.43194281 -0.05725092
v 0.80533009 0.42095287 -0.05078787
v 0.80648934 0.42259656 -0.05146974
v 0.80417167 0.42471855 -0.05088800
v 0.80263876 0.42386894 -0.04941839
v 0.80235296 0.42764051 -0.05039257
v 0.80032574 0.42827915 -0.04876035
v 0.80508750 0.42726807 -0.05327648
v 0.80255043 0.42964731 -0.05269426
v 0.80810915 0.42470794 -0.05422682
v 0.80701922 0.42529459 -0.05844063
v 0.80449705 0.42809643 -0.05751747
v 0.80268430 0.43021526 -0.05597776
v 0.80809008 0.41914125 -0.05281824
v 0.80875485 0.42095442 -0.05252022
v 0.80072110 0.43185862 -0.05204719
v 0.79760926 0.42656930 -0.04767031
v 0.80077045 0.42263879 -0.04915375
v 0.80415176 0.41898509 -0.05112022
v 0.80661946 0.41750746 -0.05413193
v 0.79840808 0.42203258 -0.05035728
v 0.80192088 0.41870316 -0.05255884
v 0.80431204 0.41738270 -0.05518192
v 0.79602914 0.42233576 -0.05234808
v 0.79993474 0.41924109 -0.05417007
v 0.79469233 0.42585556 -0.04865259
v 0.79208474 0.42602603 -0.05082744
v 0.80233817 0.41808261 -0.05553526
v 0.80740510 0.41858687 -0.05732340
v 0.80946880 0.41990502 -0.05650657
v 0.81042235 0.42226522 -0.05530781
v 0.80315494 0.42827399 -0.05977720
v 0.80586880 0.42468812 -0.06055921
v 0.80055820 0.42779283 -0.06107134
v 0.80403792 0.42345743 -0.06131738
v 0.80918180 0.42329089 -0.05835003
v 0.80826592 0.42194657 -0.05948252
v 0.78919601 0.42792340 -0.05017608
v 0.78816175 0.42892607 -0.05339092
v 0.79088943 0.42687805 -0.05430740
v 0.79486095 0.42329861 -0.05543608
v 0.79187869 0.42866145 -0.05772585
v 0.79411518 0.43028824 -0.05991596
v 0.79803150 0.42650016 -0.06077951
v 0.79576396 0.42487325 -0.05885309
v 0.80179148 0.42240204 -0.06081957
v 0.79999905 0.42119177 -0.05920690
v 0.79920607 0.41999556 -0.05658668
v 0.80426120 0.41970714 -0.05952066
v 0.80636608 0.42050965 -0.05996174
v 0.80495249 0.41819208 -0.05753034
v 0.80254816 0.41854127 -0.05724472
v 0.80252641 0.41949223 -0.05880302
v 0.76172464 0.45825739 -0.05052656
v 0.71297639 0.43466874 0.03696495
v 0.71433877 0.43286123 0.03271013
v 0.70876454 0.42750414 0.02546698
v 0.70228623 0.42527218 0.02459675
v 0.69627660 0.42528935 0.02745968
v 0.69469564 0.42730077 0.03232104
v 0.69676285 0.42986722 0.03692585
v 0.71332984 0.43030645 0.02871567
v 0.70859348 0.43532713 0.04045922
v 0.70185845 0.43310665 0.04031044
v 0.70549404 0.42426182 0.04554659
v 0.71207648 0.42713224 0.04535061
v 0.70001643 0.42108680 0.04209763
v 0.69744574 0.41915591 0.03676230
v 0.69852453 0.41856657 0.03127199
v 0.71641325 0.42759122 0.04133850
v 0.71737992 0.42636500 0.03625256
v 0.71515726 0.42414744 0.03144938
v 0.71947526 0.42044540 0.04563051
v 0.71675145 0.41732074 0.05101114
v 0.70802557 0.40182309 0.05097109
v 0.70968102 0.40382393 0.05444151
v 0.70793455 0.40729635 0.05203062
v 0.70553022 0.40598543 0.04857928
v 0.70759588 0.41019420 0.05072552
v 0.70432674 0.41180973 0.04734808
v 0.71245073 0.40970834 0.05530602
v 0.71154987 0.41199117 0.05304962
v 0.71799140 0.41139220 0.05576760
v 0.71567964 0.41355889 0.05421120
v 0.71386944 0.40623944 0.05818850
v 0.71172678 0.40118097 0.05659062
v 0.71541475 0.40251906 0.05921704
v 0.71166193 0.39893086 0.05431324
v 0.70963197 0.41559081 0.05046898
v 0.70077430 0.41176100 0.04086024
v 0.70417838 0.40515347 0.04424816
v 0.70799332 0.40017153 0.04749399
v 0.71295135 0.39768897 0.05072314
v 0.70573716 0.40474640 0.03942114
v 0.71042853 0.40010031 0.04396158
v 0.71467577 0.39857273 0.04745966
v 0.70996301 0.40620382 0.03655869
v 0.71379965 0.40170451 0.04214960
v 0.70122640 0.41220038 0.03455120
v 0.70561486 0.41418608 0.03091341
v 0.71610557 0.39997636 0.04554850
v 0.71850096 0.39863520 0.05340916
v 0.71720826 0.39920481 0.05739409
v 0.72096943 0.41245203 0.05341202
v 0.71903734 0.40801366 0.05824953
v 0.72228163 0.40788768 0.05578142
v 0.72261082 0.41342838 0.04927641
v 0.72377234 0.40735077 0.05210978
v 0.71921044 0.40463166 0.05962187
v 0.72145318 0.40332987 0.05756289
v 0.70356082 0.41970782 0.02781969
v 0.70986163 0.42163931 0.02822262
v 0.71182757 0.41651882 0.03131825
v 0.71555959 0.40910669 0.03689867
v 0.71756487 0.41872601 0.03477246
v 0.72033309 0.42051752 0.04024750
v 0.72274076 0.41288494 0.04482275
v 0.72051840 0.41138978 0.04007536
v 0.72341066 0.40661244 0.04828602
v 0.72142755 0.40560754 0.04491860
v 0.71791564 0.40363573 0.04270035
v 0.72199767 0.40243723 0.05001360
v 0.72243493 0.40234985 0.05379397
v 0.71878504 0.39957683 0.04968220
v 0.71874576 0.40107571 0.04660803
v 0.72102921 0.40280132 0.04739958
v 0.75143360 0.45437609 -0.04939979
v 0.75055932 0.45070224 -0.04468340
v 0.74417471 0.45517637 -0.04530472
v 0.73654675 0.46013455 -0.04672664
v 0.73241573 0.46824022 -0.05184120
v 0.73567235 0.45817216 -0.04039139
v 0.74325757 0.45315595 -0.03940910
v 0.75162201 0.44750084 -0.03818220
v 0.72914683 0.46098094 -0.03569311
v 0.19868982 0.90843810 0.37082821
v 0.20181200 0.90925873 0.36862618
v 0.20347526 0.90642292 0.36285025
v 0.20107027 0.90494008 0.36414582
v 0.19787862 0.90360064 0.36544377
v 0.19404512 0.90283395 0.36632496
v 0.18808668 0.90713901 0.37206417
v 0.19367372 0.90798480 0.37242514
v 0.17893689 0.90345026 0.36611515
v 0.18069320 0.90464807 0.36704785
v 0.17979685 0.90262623 0.36581665
v 0.18595698 0.90233357 0.36662918
v 0.18216348 0.90274156 0.36600500
v 0.20568961 0.90988965 0.36399466
v 0.20651521 0.90976001 0.36229330
v 0.20401161 0.90958799 0.36624771
v 0.18987048 0.90241391 0.36676747
v 0.20630918 0.90906335 0.36141115
v 0.20522950 0.90790821 0.36164910
v 0.18368964 0.90618790 0.36981398
v 0.19814893 0.90531398 0.36693197
v 0.19418251 0.90444536 0.36796719
v 0.18913498 0.90562887 0.37044102
v 0.19417029 0.90628410 0.37032467
v 0.18605966 0.90378655 0.36802489
v 0.18357005 0.90379847 0.36723620
v 0.20119218 0.90632112 0.36552530
v 0.18981883 0.90398682 0.36843163
v 0.19863287 0.90715922 0.36891323
v 0.18306615 0.90434141 0.36774164
v 0.18511214 0.90504832 0.36932665
v 0.20580647 0.90900827 0.36246020
v 0.20575376 0.90880377 0.36215216
v 0.20647239 0.71926300 0.20560557
v 0.21104576 0.69991640 0.20318657
v 0.20169281 0.90775020 0.36685950
v 0.20482854 0.90809763 0.36274916
v 0.20332808 0.90721394 0.36394697
v 0.20360365 0.90835775 0.36501175
v 0.20506463 0.90883161 0.36349827
v 0.42797618 0.72189454 0.07312256
v 0.41915428 0.70874397 0.06844288
v 0.44253932 0.76770923 0.04824215
v 0.43350573 0.77924547 0.03116089
v 0.27554711 0.44369798 0.10143715
v 0.25798286 0.58077178 -0.07171577
v 0.25937181 0.60303421 -0.06491655
v 0.18081655 0.60704733 -0.06733602
v 0.20027006 0.60387195 -0.07318252
v 0.32460182 0.53672112 0.01209122
v 0.32377022 0.51640693 0.00499350
v 0.30718740 0.50070809 0.07185847
v 0.30442553 0.48001228 0.06537110
v 0.32083749 0.48328154 0.02130514
v 0.22158667 0.54917846 -0.09498781
v 0.22003717 0.57302231 -0.08500761
v 0.23959442 0.56660289 -0.08397764
v 0.24189239 0.54385836 -0.09469503
v 0.16308705 0.58102129 -0.06495565
v 0.16300745 0.60614488 -0.05737966
v 0.32298814 0.57145281 -0.00099605
v 0.31368183 0.58530740 -0.02180666
v 0.28195257 0.61178643 -0.05075258
v 0.26272099 0.62446604 -0.05785555
v 0.22294175 0.64692030 -0.05895561
v 0.24343142 0.63669691 -0.05997413
v 0.29808345 0.51244680 0.09797722
v 0.28367609 0.52633921 0.12056738
v 0.32643577 0.55758882 0.02134329
v 0.24459492 0.49168314 0.14235789
v 0.17861617 0.68382035 -0.04066318
v 0.20158370 0.68214134 -0.04657501
v 0.29925757 0.59882278 -0.03828377
v 0.23859113 0.65445785 0.19789845
v 0.24260355 0.63604979 0.19641453
v 0.25880838 0.64328287 0.19346768
v 0.25489770 0.66174302 0.19377047
v 0.27427319 0.64972178 0.18852192
v 0.28821186 0.65607027 0.18204790
v 0.30036672 0.66186629 0.17457300
v 0.32693284 0.67400024 0.14933592
v 0.31969257 0.67080758 0.15836340
v 0.33702516 0.67811684 0.12858492
v 0.33263688 0.67661850 0.13976485
v 0.33955505 0.67599879 0.11378103
v 0.33937841 0.67333482 0.09593111
v 0.33799373 0.67176888 0.07655293
v 0.33664583 0.68637888 0.07903486
v 0.34041288 0.65780894 0.09485251
v 0.34014525 0.66132138 0.11257321
v 0.33798837 0.66216049 0.12746006
v 0.23532352 0.59044901 0.18803078
v 0.23867423 0.57057584 0.17496163
v 0.20172480 0.73705588 0.20802361
v 0.56033610 0.62476073 -0.07553238
v 0.64827143 0.54632545 0.00103289
v 0.16931737 0.84961216 0.09414822
v 0.15197148 0.84082482 0.09764057
v 0.13519200 0.82646153 0.09307152
v 0.13588729 0.83404730 0.10165030
v 0.25323025 0.87278346 0.11582285
v 0.23199703 0.87082944 0.09742361
v 0.20915761 0.86327622 0.08683878
v 0.18794954 0.85301814 0.08325344
v 0.32379233 0.56419341 0.05321461
v 0.16935510 0.82609687 0.06320387
v 0.18832701 0.84619711 0.07252842
v 0.21109768 0.85784594 0.07513481
v 0.23672751 0.86667458 0.08416229
v 0.26509686 0.87095163 0.10272509
v 0.28485045 0.86869273 0.10482222
v 0.30570262 0.85801575 0.08440548
v 0.31917699 0.85404936 0.08432442
v 0.32860838 0.85715566 0.10270172
v 0.34281688 0.85125635 0.09971100
v 0.33311044 0.84979294 0.08220822
v 0.40782549 0.79971186 0.03844553
v 0.41443392 0.79035083 0.02644211
v 0.41374611 0.78304086 0.01383120
v 0.40825098 0.77554552 0.00344425
v 0.39940547 0.76862220 -0.00331348
v 0.38704669 0.76342414 -0.00480503
v 0.37375780 0.76100389 -0.00218290
v 0.34113120 0.76343731 0.01590115
v 0.33250522 0.76618997 0.02070767
v 0.30982160 0.75209741 0.01058680
v 0.30402904 0.74716381 0.00544029
v 0.27416070 0.71238659 -0.02468723
v 0.28354811 0.72504888 -0.01385969
v 0.26363130 0.69670502 -0.03619140
v 0.23300987 0.43050139 -0.14385504
v 0.23051300 0.45160709 -0.13373464
v 0.25225732 0.45195781 -0.12926573
v 0.25488569 0.43122946 -0.13965410
v 0.16188090 0.49925335 -0.09763521
v 0.18354159 0.50005825 -0.10694116
v 0.32169508 0.43409719 -0.06581634
v 0.31025802 0.44155558 -0.08984417
v 0.29328888 0.44689916 -0.10816234
v 0.27335232 0.45071100 -0.12126344
v 0.32529848 0.42617838 -0.04074425
v 0.27836514 0.37299912 0.06936985
v 0.29271399 0.38307618 0.05051285
v 0.22405112 0.35658726 0.10736805
v 0.24289704 0.35947040 0.09801918
v 0.32356416 0.41613387 -0.01666015
v 0.26134302 0.36476976 0.08569342
v 0.30543478 0.39383163 0.02949768
v 0.31648581 0.40493857 0.00651270
v 0.22785895 0.47384177 -0.12447971
v 0.20647388 0.47460900 -0.12273496
v 0.20479277 0.49996038 -0.11237520
v 0.16582254 0.75136284 -0.00572628
v 0.18656628 0.75750182 -0.01052326
v 0.20642545 0.76473121 -0.01216596
v 0.22269519 0.78892026 0.00113302
v 0.24248623 0.79598556 0.00573641
v 0.24543815 0.77994082 -0.00410026
v 0.22638517 0.77254949 -0.00903744
v 0.27655057 0.80514596 0.01854807
v 0.29015935 0.80753682 0.02240616
v 0.29064298 0.79510961 0.01649958
v 0.27882170 0.79162578 0.01108557
v 0.30208307 0.79748462 0.01979881
v 0.31239258 0.79711668 0.02271610
v 0.32234951 0.79501770 0.02500111
v 0.33396106 0.79323820 0.02302414
v 0.33818766 0.81354086 0.03170067
v 0.32598787 0.81708930 0.03424031
v 0.27711286 0.81814633 0.02720743
v 0.26032094 0.81539814 0.02254349
v 0.16478297 0.77876411 0.01950890
v 0.14800314 0.76952730 0.02571541
v 0.33495905 0.67692063 0.05660015
v 0.33128216 0.68436555 0.03672606
v 0.32489475 0.69332222 0.02070624
v 0.31704553 0.70272646 0.00905281
v 0.30911176 0.71272300 0.00090986
v 0.30032324 0.72298352 -0.00472206
v 0.29137864 0.73401729 -0.00758833
v 0.29780756 0.74144886 -0.00084204
v 0.28274040 0.74565325 -0.00843900
v 0.29117452 0.75245188 -0.00139374
v 0.27464311 0.75815568 -0.00718588
v 0.26811787 0.77209578 -0.00364393
v 0.26299689 0.78663550 0.00345045
v 0.26053720 0.80118380 0.01202732
v 0.22192957 0.80515317 0.01252753
v 0.24214925 0.81135241 0.01693636
v 0.20305136 0.81294153 0.02320963
v 0.20583739 0.82630215 0.03635699
v 0.20232140 0.78122912 -0.00171799
v 0.20155162 0.79799650 0.01026207
v 0.21723728 0.87524579 0.13200575
v 0.19623738 0.87148521 0.12301069
v 0.37223422 0.77542363 0.00476366
v 0.37992679 0.77054731 0.00042206
v 0.37055295 0.76745133 0.00120407
v 0.36732172 0.77183680 0.00416905
v 0.38788854 0.77550439 0.00248486
v 0.38223027 0.78713165 0.01147896
v 0.39434223 0.78232346 0.00784880
v 0.37766032 0.78087280 0.00704342
v 0.39855169 0.78926847 0.01584631
v 0.38616519 0.79393200 0.01780134
v 0.39944934 0.79628662 0.02465826
v 0.38829272 0.80020324 0.02469927
v 0.38930639 0.80459318 0.03036362
v 0.39679404 0.80324391 0.03312021
v 0.35935139 0.82363979 0.04290014
v 0.37131309 0.81710521 0.03852898
v 0.38217603 0.80995993 0.03377205
v 0.34503858 0.79004262 0.01899487
v 0.35667267 0.78777114 0.01469380
v 0.36740475 0.78460793 0.01077419
v 0.37133305 0.79173932 0.01493603
v 0.35982447 0.79560886 0.01857001
v 0.34748923 0.79910473 0.02235132
v 0.16424142 0.76563189 0.00651938
v 0.18250435 0.77358506 0.00149971
v 0.30206426 0.80874429 0.02530962
v 0.31260442 0.80853579 0.02766091
v 0.32340108 0.80636773 0.02851635
v 0.33534422 0.80304931 0.02639157
v 0.31447910 0.81918059 0.03395039
v 0.30314901 0.82020805 0.03296477
v 0.29095068 0.81947855 0.03049856
v 0.18284178 0.78854773 0.01349217
v 0.14706972 0.75782452 0.01271778
v 0.35410278 0.77732472 0.14372545
v 0.35839134 0.80297134 0.14494282
v 0.35979112 0.82713542 0.13586575
v 0.35421070 0.84403274 0.11887938
v 0.13927894 0.85645709 0.13177353
v 0.47712188 0.65006779 -0.04889435
v 0.13392893 0.70116065 -0.01444382
v 0.13074189 0.72224424 -0.00456375
v 0.14481229 0.62800173 -0.03931516
v 0.14094458 0.65282152 -0.03449243
v 0.18210537 0.52927450 -0.09550661
v 0.16217360 0.53042344 -0.08522505
v 0.16256904 0.55654494 -0.07459778
v 0.13715803 0.47345112 -0.10045618
v 0.14062296 0.49877428 -0.08583778
v 0.14529312 0.55485807 -0.06192201
v 0.14637569 0.57939352 -0.05252689
v 0.15710288 0.68122474 -0.03284162
v 0.14752883 0.74511144 -0.00070995
v 0.13025310 0.75228975 0.01841122
v 0.13143609 0.76352833 0.03053766
v 0.13181033 0.77618859 0.04221112
v 0.31699427 0.63170342 0.16659695
v 0.31378143 0.64894519 0.16710383
v 0.30381726 0.64398442 0.17510897
v 0.30733179 0.62682248 0.17458016
v 0.33053957 0.64151559 0.14873511
v 0.32846360 0.65763942 0.14922005
v 0.32201471 0.65365539 0.15840203
v 0.32467782 0.63681946 0.15792948
v 0.33371853 0.66054879 0.13912731
v 0.33529316 0.64522431 0.13840967
v 0.31947394 0.61452357 0.16399962
v 0.32703375 0.61972431 0.15536743
v 0.30979901 0.61000640 0.17171293
v 0.33654084 0.62934563 0.13667399
v 0.33243411 0.62479846 0.14620453
v 0.18278850 0.80478380 0.29811197
v 0.18212239 0.80175571 0.31376797
v 0.17260321 0.83018170 0.34927613
v 0.17156745 0.83483825 0.35012871
v 0.17823664 0.80348001 0.27406460
v 0.17862636 0.79933975 0.26491791
v 0.17176782 0.81574056 0.33716255
v 0.17394671 0.80354313 0.32947069
v 0.16714427 0.85067342 0.36542612
v 0.16746916 0.84858392 0.36221701
v 0.16908458 0.83897779 0.35682636
v 0.16952524 0.83644769 0.35366589
v 0.17925910 0.79496525 0.25504500
v 0.17742844 0.80418030 0.28472954
v 0.18098610 0.78392432 0.23590666
v 0.18131164 0.77763102 0.22663075
v 0.19249231 0.77340231 0.21637493
v 0.19464599 0.76344458 0.21109110
v 0.23128611 0.61007337 0.19445044
v 0.21839284 0.66212128 0.19714028
v 0.22279288 0.64655958 0.19982630
v 0.21460429 0.68052838 0.19966942
v 0.19810851 0.75132225 0.20935589
v 0.18027638 0.78987376 0.24520642
v 0.17084748 0.82628552 0.34617525
v 0.17091233 0.82269905 0.34104115
v 0.16797358 0.84544984 0.35989481
v 0.16850426 0.84223465 0.35835987
v 0.19178361 0.71333382 0.20923001
v 0.19597470 0.69358663 0.20696121
v 0.22705423 0.62849639 0.19752985
v 0.21914040 0.58620600 0.18872315
v 0.21937909 0.56547765 0.17704207
v 0.18795524 0.73179922 0.21136481
v 0.21840343 0.54786015 0.16458088
v 0.29810821 0.24677435 -0.12883514
v 0.27521974 0.22869582 -0.13988823
v 0.26318171 0.24612845 -0.15326351
v 0.28068945 0.25947196 -0.14635271
v 0.29558318 0.30454375 -0.13746494
v 0.29936283 0.33136510 -0.13464922
v 0.30149703 0.36002889 -0.13165945
v 0.23989648 0.23839808 -0.15877861
v 0.20873769 0.25737170 -0.17019171
v 0.21269665 0.23515485 -0.16069931
v 0.28017133 0.35902982 -0.14957470
v 0.27779034 0.33159666 -0.15286392
v 0.26983829 0.26739408 -0.15518612
v 0.27288308 0.28213744 -0.15571159
v 0.29106527 0.27927329 -0.14203781
v 0.23505027 0.25834195 -0.16772121
v 0.25603089 0.26205401 -0.16122383
v 0.18846211 0.42867290 -0.14089817
v 0.18885799 0.40602558 -0.15204090
v 0.16117764 0.40611048 -0.14470953
v 0.27650852 0.43160962 -0.12947744
v 0.25725101 0.41011225 -0.14797872
v 0.12524799 0.25043998 -0.13111347
v 0.25419072 0.28098409 -0.16581816
v 0.20598850 0.28057577 -0.17630333
v 0.23260934 0.28079109 -0.17303556
v 0.21060849 0.35845398 -0.17259449
v 0.23533121 0.35828731 -0.16934341
v 0.23223366 0.33182399 -0.17380232
v 0.20737443 0.33300077 -0.17750019
v 0.25803112 0.35761532 -0.16198295
v 0.25819760 0.38558035 -0.15600914
v 0.21241138 0.38374452 -0.16472906
v 0.23593407 0.38466267 -0.16247839
v 0.23502163 0.40932302 -0.15323776
v 0.25572596 0.33038677 -0.16569561
v 0.20527511 0.30640187 -0.17922729
v 0.17625031 0.30631615 -0.17620605
v 0.14894571 0.30768119 -0.16517299
v 0.12266159 0.30638535 -0.15118784
v 0.12274974 0.33205451 -0.15260595
v 0.21243632 0.40752827 -0.15497154
v 0.20855372 0.45210587 -0.13257736
v 0.21146140 0.43009566 -0.14341635
v 0.20313612 0.52717818 -0.10149282
v 0.32184037 0.04469223 0.08002049
v 0.16070051 0.20056901 -0.01440662
v 0.16960227 0.19989152 0.01021153
v 0.34970029 0.29209630 -0.02069944
v 0.33266078 0.26477696 -0.09237856
v 0.31130507 0.27333386 -0.12021202
v 0.19515826 0.20536012 0.04845720
v 0.21803733 0.21530048 0.06426626
v 0.34027093 0.28837405 0.01189762
v 0.30090596 0.25424642 0.05793863
v 0.17979001 0.20099697 0.02930886
v 0.27565276 0.30595525 -0.15446323
v 0.25441830 0.30401857 -0.16686720
v 0.23167177 0.30532594 -0.17543167
v 0.17655707 0.28177627 -0.17369407
v 0.14759489 0.28430639 -0.16306204
v 0.12293264 0.28515043 -0.14723963
v 0.21895528 0.25630880 0.08487326
v 0.20898221 0.26366393 0.09073979
v 0.21585240 0.26552518 0.08888012
v 0.20091077 0.27528550 0.09446007
v 0.20009603 0.26182039 0.09159189
v 0.20755022 0.25046230 0.08587986
v 0.19800920 0.24851782 0.08600098
v 0.19462281 0.23589722 0.07796437
v 0.27483075 0.35987888 0.06724316
v 0.29104184 0.36859828 0.04816395
v 0.22069765 0.34402555 0.10389906
v 0.23864386 0.34709017 0.09505326
v 0.32636248 0.40063654 -0.02065891
v 0.25693289 0.35225378 0.08309990
v 0.30559563 0.37907373 0.02739435
v 0.31844275 0.39051695 0.00340944
v 0.12590907 0.38239883 -0.14313358
v 0.12881807 0.40817063 -0.13341230
v 0.20325366 0.34269628 0.10922247
v 0.17498276 0.79999326 0.31444699
v 0.17576567 0.80279038 0.29830462
v 0.15267535 0.96440757 0.40506798
v 0.14947190 0.88088999 0.17699343
v 0.16007241 0.90840877 0.39040381
v 0.16974770 0.83436046 0.35007769
v 0.16717800 0.85118542 0.36913687
v 0.18151023 0.77025173 0.21826512
v 0.18260873 0.75980029 0.21274334
v 0.15956332 0.20653425 -0.01141351
v 0.18514982 0.74686132 0.21208578
v 0.15570669 0.20578320 -0.02547544
v 0.14640108 0.60344101 -0.04565328
v 0.22138990 -0.40938758 -0.02631420
v 0.21528678 -0.40581953 -0.03950399
v 0.21615913 -0.43536799 -0.04013914
v 0.22043987 -0.43739747 -0.02606958
v 0.22434973 -0.39864080 -0.07128567
v 0.21589773 -0.40109842 -0.06034607
v 0.23763662 -0.39860593 -0.07748598
v 0.25161377 -0.40086137 -0.07674927
v 0.24488639 -0.43009274 -0.07665437
v 0.23229941 -0.42842459 -0.07927746
v 0.26238366 -0.40330230 -0.07097238
v 0.26577689 -0.43405150 -0.06393522
v 0.27185529 -0.40575575 -0.06249183
v 0.28060438 -0.40912222 -0.04646772
v 0.27335255 -0.43593346 -0.04811949
v 0.28039305 -0.41474079 -0.02675861
v 0.27399415 -0.44035732 -0.02862924
v 0.27026216 -0.41792022 -0.01138490
v 0.23224146 -0.41341620 -0.01458067
v 0.22977706 -0.44047861 -0.01286405
v 0.22037297 -0.42855542 -0.07353014
v 0.21472157 -0.43115424 -0.06222528
v 0.21471628 -0.43354510 -0.05058664
v 0.21394721 -0.40340613 -0.05032963
v 0.21450876 -0.46341216 -0.03833860
v 0.21603478 -0.46442889 -0.02225822
v 0.21593527 -0.45778166 -0.07625192
v 0.21469991 -0.46029054 -0.06139463
v 0.23876207 -0.45814668 -0.07787317
v 0.22716937 -0.45675813 -0.08310837
v 0.26426924 -0.46101277 -0.06740230
v 0.25170976 -0.45963561 -0.07328123
v 0.25539503 -0.43206494 -0.07106346
v 0.27101359 -0.46223818 -0.05151266
v 0.27296949 -0.46455370 -0.02820295
v 0.22714086 -0.46586477 -0.00767320
v 0.21463959 -0.46232866 -0.04993004
v 0.33502348 -0.56601166 0.10465771
v 0.33379250 -0.56136393 0.10501724
v 0.32990628 -0.56140249 0.10742050
v 0.32894479 -0.56680911 0.10818249
v 0.30179154 -0.56915807 0.13037735
v 0.30100917 -0.55874180 0.13392168
v 0.29231163 -0.56026124 0.13486725
v 0.29029494 -0.57209181 0.13257319
v 0.31758722 -0.56851994 0.12157541
v 0.31738045 -0.57153713 0.11785322
v 0.32179298 -0.57150947 0.11545044
v 0.32483791 -0.56826483 0.11814219
v 0.34399351 -0.55930053 0.06910664
v 0.34291117 -0.56365084 0.06645399
v 0.34631913 -0.56314271 0.06324249
v 0.34812885 -0.55945252 0.06426102
v 0.33780696 -0.56480729 0.09097010
v 0.33669387 -0.56898820 0.08788544
v 0.34011709 -0.56814175 0.08502251
v 0.34260540 -0.56489067 0.08614355
v 0.29459502 -0.55198740 0.11168772
v 0.28059483 -0.55044686 0.11506993
v 0.28682526 -0.55705523 0.12709242
v 0.29930725 -0.55503689 0.12442738
v 0.27943153 -0.56596624 0.12522370
v 0.27279744 -0.56115936 0.11185080
v 0.27850260 -0.56916790 0.10711676
v 0.28468796 -0.57054012 0.11952120
v 0.29148050 -0.56938290 0.10514361
v 0.29607539 -0.57066547 0.11655527
v 0.29971670 -0.56266402 0.10704762
v 0.30637180 -0.56392597 0.11923462
v 0.31844496 -0.56103193 0.10048252
v 0.31464832 -0.55348527 0.10370499
v 0.32077025 -0.55859875 0.11357123
v 0.32583519 -0.56504606 0.10968691
v 0.30506333 -0.55465912 0.10957962
v 0.31361406 -0.55934506 0.11771971
v 0.30098107 -0.56504952 0.10925394
v 0.30435084 -0.56958090 0.10339457
v 0.31198098 -0.57084345 0.11318356
v 0.30854406 -0.56660484 0.11933905
v 0.31287234 -0.56847524 0.09912688
v 0.31998401 -0.57071613 0.10864359
v 0.32836958 -0.55253719 0.09034973
v 0.31942504 -0.55403434 0.09654766
v 0.32579016 -0.55923491 0.10344750
v 0.33242427 -0.55826806 0.09971386
v 0.32142230 -0.56716715 0.10448796
v 0.31591867 -0.56419539 0.09673601
v 0.31962728 -0.56836354 0.09168583
v 0.32551264 -0.56999754 0.10022312
v 0.32785903 -0.56698333 0.08705384
v 0.33222695 -0.56977545 0.09675652
v 0.33269828 -0.55912661 0.08760267
v 0.33656745 -0.56388592 0.09711939
v 0.34123265 -0.55731188 0.06951529
v 0.33837586 -0.55011832 0.07225949
v 0.34131615 -0.55603175 0.08122975
v 0.34340881 -0.56240093 0.07838446
v 0.33243634 -0.55150508 0.07863909
v 0.33642547 -0.55616879 0.08543354
v 0.33216303 -0.56123137 0.08762127
v 0.33001389 -0.55776911 0.08118588
v 0.33052581 -0.56588422 0.07602793
v 0.33288853 -0.56850587 0.08374077
v 0.33689739 -0.56523811 0.06980520
v 0.33933370 -0.56823956 0.07902342
v 0.34528982 -0.54846626 0.05153614
v 0.34772893 -0.55203646 0.05963045
v 0.34858589 -0.55779140 0.05694205
v 0.34517207 -0.55505549 0.04781681
v 0.34095513 -0.54845416 0.05873066
v 0.34326836 -0.55206667 0.06416231
v 0.33951612 -0.55710148 0.06545550
v 0.33883073 -0.55426573 0.06081396
v 0.33723303 -0.56251632 0.05680901
v 0.33908798 -0.56402766 0.06255537
v 0.34160786 -0.56142830 0.05041176
v 0.34496047 -0.56369947 0.05764586
v 0.29320275 -0.54919373 0.09752136
v 0.27570932 -0.54460978 0.10217386
v 0.29038025 -0.57162308 0.12729841
v 0.26818684 -0.55720829 0.09853417
v 0.29682078 -0.57166778 0.12554413
v 0.29123371 -0.56784218 0.09276158
v 0.27444193 -0.56674849 0.09365374
v 0.29654979 -0.56160932 0.10229880
v 0.32307487 -0.56246071 0.11904055
v 0.30920338 -0.56687455 0.08351093
v 0.31310697 -0.56141340 0.09239489
v 0.31862183 -0.56270569 0.12146002
v 0.31006168 -0.54894268 0.08885008
v 0.32331016 -0.54869913 0.07390362
v 0.32947951 -0.57034140 0.10488516
v 0.33308279 -0.57018583 0.10291916
v 0.32400947 -0.56544255 0.07029206
v 0.32957437 -0.55646562 0.07932669
v 0.34217148 -0.55977093 0.08680493
v 0.33365621 -0.56342708 0.05459219
v 0.33905356 -0.55412506 0.06074864
v 0.33915712 -0.56001859 0.08904749
v 0.33448081 -0.54573243 0.05715281
v 0.34716337 -0.55605148 0.06411749
v 0.33832311 -0.56135999 0.04015499
v 0.34200813 -0.55308544 0.03570944
v 0.34511810 -0.55562054 0.06706530
v 0.34115701 -0.54464691 0.04189020
v 0.24257999 -0.44296300 -0.00540441
v 0.24434136 -0.41690218 -0.00711006
v 0.25701918 -0.41889321 -0.00562519
v 0.25504751 -0.44433462 -0.00491089
v 0.26632147 -0.44354998 -0.01250356
v 0.24200088 -0.46651410 0.00018555
v 0.25597168 -0.46661978 -0.00064033
v 0.26607311 -0.46647929 -0.01043171
v 0.27185876 -0.48368978 -0.05552191
v 0.26361327 -0.48173331 -0.07224172
v 0.24871909 -0.48076456 -0.07687181
v 0.23619024 -0.47976320 -0.08350033
v 0.22343305 -0.47878181 -0.08904165
v 0.22780532 -0.48886465 -0.00476164
v 0.24410204 -0.48676484 0.00720698
v 0.25984626 -0.48505103 0.00774914
v 0.27144456 -0.48494487 -0.00460714
v 0.26673772 -0.53756010 0.08849055
v 0.28418336 -0.53515827 0.08309418
v 0.27426221 -0.52461343 0.06700760
v 0.25928912 -0.53456073 0.06886917
v 0.29943966 -0.53798085 0.07277924
v 0.29033170 -0.52457058 0.05654436
v 0.31266295 -0.53854810 0.05884987
v 0.30283689 -0.52736049 0.04269272
v 0.32413857 -0.53884601 0.04313618
v 0.31330203 -0.53084456 0.02782351
v 0.33376955 -0.54096269 0.02881485
v 0.32229208 -0.53680502 0.01324469
v 0.33803313 -0.55040728 0.02090746
v 0.32798033 -0.54677015 0.00418001
v 0.25930486 -0.55403470 0.08419806
v 0.25393169 -0.55041211 0.06402069
v 0.26686039 -0.56596231 0.07692915
v 0.26159394 -0.56404304 0.05700976
v 0.28189405 -0.56561159 0.06983763
v 0.27513849 -0.56370687 0.04958779
v 0.32460373 -0.55943667 0.00693709
v 0.33317982 -0.56167906 0.02506310
v 0.29782771 -0.56453305 0.05901200
v 0.29015937 -0.56208151 0.03880173
v 0.31207131 -0.56455850 0.04680210
v 0.30367525 -0.56245839 0.02681404
v 0.32363426 -0.56393336 0.03500801
v 0.31512081 -0.56243073 0.01571804
v 0.26233176 -0.51613223 0.04652888
v 0.27973861 -0.51002621 0.03918415
v 0.29111498 -0.51405560 0.02496296
v 0.30042147 -0.52061366 0.00927263
v 0.30829298 -0.53073763 -0.00568765
v 0.31469532 -0.54207449 -0.01478094
v 0.28950315 -0.50683396 -0.01526350
v 0.29376363 -0.52682458 -0.02743334
v 0.29858561 -0.53982019 -0.03333563
v 0.28413000 -0.53741585 -0.05268949
v 0.28121695 -0.52332299 -0.04967731
v 0.25764800 -0.52058124 -0.08454746
v 0.26819864 -0.52115404 -0.06919140
v 0.27207622 -0.53515350 -0.07286352
v 0.26103385 -0.53597330 -0.08918041
v 0.28009667 -0.50545239 -0.04188007
v 0.26794099 -0.50293665 -0.06211942
v 0.25625961 -0.50105762 -0.07548088
v 0.23701224 -0.53560882 -0.10377353
v 0.23610260 -0.51869457 -0.10198969
v 0.24798401 -0.52003639 -0.09459585
v 0.25047350 -0.53613388 -0.09894031
v 0.21967570 -0.53733640 -0.10180801
v 0.21838224 -0.51971399 -0.10262483
v 0.20706300 -0.52318590 -0.08653015
v 0.20717089 -0.53987800 -0.08728260
v 0.23585512 -0.49843263 -0.09250015
v 0.24584157 -0.49994170 -0.08408350
v 0.22088583 -0.49828147 -0.09559244
v 0.21036392 -0.50086730 -0.08140940
v 0.20769656 -0.52520668 -0.06638759
v 0.21109717 -0.50387453 -0.06400150
v 0.20621802 -0.54150175 -0.06771463
v 0.25150765 -0.53210138 0.04530340
v 0.25019411 -0.54517221 0.04000813
v 0.28125975 -0.49868756 0.00842005
v 0.26839972 -0.49705040 0.02224356
v 0.24811461 -0.50486111 0.02190071
v 0.23990620 -0.52763700 0.02122265
v 0.24267938 -0.54207956 0.01457888
v 0.22879959 -0.52745103 -0.00185818
v 0.23370374 -0.54051065 -0.00755113
v 0.25654901 -0.55546605 0.03357083
v 0.24956878 -0.54912006 0.00853306
v 0.23986704 -0.54724263 -0.01289600
v 0.22013166 -0.52709602 -0.02179569
v 0.22354988 -0.54048299 -0.02582353
v 0.21556987 -0.52565753 -0.03820986
v 0.21623086 -0.54070561 -0.04081959
v 0.21050843 -0.54122995 -0.05334657
v 0.21199117 -0.52528339 -0.05150980
v 0.21553977 -0.50603681 -0.03776449
v 0.21341201 -0.50469314 -0.05027431
v 0.22008779 -0.50776671 -0.02065653
v 0.22906702 -0.50810336 -0.00054497
v 0.31264888 -0.55515276 -0.01330465
v 0.29814034 -0.55097001 -0.03288311
v 0.28309808 -0.54765879 -0.05161232
v 0.27010364 -0.54736673 -0.07105106
v 0.25784188 -0.54835843 -0.08543247
v 0.24781195 -0.54826736 -0.09354442
v 0.23631578 -0.54741727 -0.09781259
v 0.22254785 -0.54735493 -0.09476131
v 0.21305976 -0.54898416 -0.08466524
v 0.21263287 -0.55142485 -0.06967872
v 0.21589873 -0.55260943 -0.05699390
v 0.22938498 -0.54917025 -0.03099340
v 0.22106451 -0.55192577 -0.04486507
v 0.21639468 -0.48799192 -0.02041477
v 0.21296831 -0.48620974 -0.03734583
v 0.21276483 -0.48459058 -0.04925722
v 0.21373326 -0.48033570 -0.07703346
v 0.21345416 -0.48284488 -0.06112045
v 0.26763219 -0.55887484 0.02563912
v 0.28137786 -0.55828189 0.01532227
v 0.29397975 -0.55887317 0.00403982
v 0.30443021 -0.55900752 -0.00589937
v 0.29161136 -0.55539178 -0.02707189
v 0.28191746 -0.55569690 -0.01877111
v 0.26987307 -0.55556606 -0.00875610
v 0.25839596 -0.55323612 0.00134331
v 0.27711757 -0.55303978 -0.04596657
v 0.26867177 -0.55417704 -0.03838581
v 0.25714847 -0.55426716 -0.02970308
v 0.24758643 -0.55226289 -0.02004045
v 0.23619488 -0.55440687 -0.03792328
v 0.24436202 -0.55491572 -0.04731888
v 0.25491289 -0.55420195 -0.05524677
v 0.26271381 -0.55257200 -0.06343788
v 0.25113056 -0.55233448 -0.07675213
v 0.24406531 -0.55357956 -0.06819433
v 0.23487960 -0.55473440 -0.06035608
v 0.22802614 -0.55500304 -0.05214733
v 0.24321585 -0.55188369 -0.08417887
v 0.22599605 -0.55116384 -0.08798307
v 0.23520677 -0.55135011 -0.08832353
v 0.21939456 -0.55258464 -0.08200544
v 0.22010764 -0.55397086 -0.07189173
v 0.22327996 -0.55489277 -0.06215757
v 0.22652314 -0.55340194 -0.07503265
v 0.23002177 -0.55410539 -0.06845564
v 0.23777937 -0.55295359 -0.07582563
v 0.23253851 -0.55232452 -0.08078760
v 0.22455460 -0.55257051 -0.08027214
v 0.22770165 -0.55202281 -0.08312887
v 0.27501532 -0.48722707 -0.02770609
v 0.14098998 0.86322198 0.14380127
v 0.13420100 0.81806002 0.08351761
v 0.28111116 -0.14134728 0.07334477
v 0.29671033 -0.14479606 0.07317883
v 0.31167685 -0.14335757 0.06898981
v 0.32133292 0.28341706 0.03724915
v 0.28969926 0.45190965 0.08224541
v 0.29673736 0.49123751 0.09160525
v 0.29336529 0.47047888 0.08602911
v 0.32669344 0.25871877 0.04127461
v 0.32353981 0.54392416 0.04198414
v 0.12395713 0.26716258 -0.14063400
v 0.13241351 0.78795049 0.05340010
v 0.31082731 0.66691557 0.16667515
v 0.12408034 0.35761011 -0.14982981
v 0.23529551 0.94246126 0.28867060
v 0.23313678 0.94179834 0.28657299
v 0.23321361 0.93918539 0.28387743
v 0.23214517 0.94008423 0.27945763
v 0.23153659 0.94047714 0.27578598
v 0.23135028 0.94099475 0.27344805
v 0.23436681 0.94140846 0.28199202
v 0.23212985 0.94506324 0.28105503
v 0.23365541 0.94311024 0.28373724
v 0.23464424 0.94202960 0.28435856
v 0.19935132 0.67372523 0.20233017
v 0.20349575 0.65606377 0.20014960
v 0.20893580 0.64045791 0.20196730
v 0.21298473 0.62322075 0.19964701
v 0.17042323 0.82974205 0.34947592
v 0.21005498 0.39287715 0.12153202
v 0.21109987 0.40346818 0.12342888
v 0.14402508 0.52972708 -0.07205719
v 0.20616639 0.36682587 0.11621386
v 0.21339577 0.41513060 0.12834555
v 0.13746006 0.67819432 -0.02503675
v 0.21682995 0.60542772 0.19542652
v 0.20477759 0.35577963 0.11355597
v 0.12955692 0.74002037 0.00551802
v 0.21597766 0.43123020 0.13323694
v 0.20168964 0.29120414 0.09700066
v 0.22077856 0.48750754 0.14932686
v 0.11226023 0.93770392 0.38500410
v 0.10081327 0.93302775 0.37277228
v 0.10866508 0.92120619 0.37665707
v 0.11987435 0.92272592 0.38652998
v 0.11383086 0.91118825 0.37876135
v 0.12394923 0.91109682 0.38553864
v 0.09517259 0.92764766 0.35926920
v 0.10151706 0.91813744 0.36575323
v 0.09914190 0.88967008 0.34270865
v 0.10003635 0.89804156 0.34689480
v 0.09465817 0.89912737 0.33861929
v 0.09478857 0.88851822 0.33225161
v 0.10280372 0.86623088 0.32922226
v 0.10123135 0.86295388 0.31570679
v 0.10794795 0.85148464 0.32112366
v 0.11001894 0.85638926 0.33310276
v 0.14166766 0.86483023 0.35916144
v 0.13769879 0.87043367 0.36051565
v 0.13243786 0.86475728 0.35756117
v 0.13721787 0.85869763 0.35545832
v 0.14984924 0.87309436 0.36844689
v 0.15414480 0.87396989 0.37538391
v 0.15272086 0.88100360 0.37368494
v 0.14786278 0.87889246 0.36758190
v 0.14757123 0.86066947 0.35707051
v 0.14305635 0.85442881 0.35269505
v 0.14822746 0.86528716 0.36314160
v 0.14571088 0.87003998 0.36277205
v 0.15279026 0.85626004 0.37004286
v 0.15585915 0.85496745 0.37445074
v 0.15438000 0.85976152 0.37729984
v 0.15094988 0.86101482 0.37095600
v 0.14895902 0.85860870 0.36129528
v 0.15298369 0.85536979 0.36181456
v 0.15161597 0.85636667 0.36553961
v 0.14889478 0.86039267 0.36528307
v 0.15121571 0.86709962 0.36952120
v 0.15463568 0.86696205 0.37681109
v 0.15880240 0.86589203 0.38340193
v 0.15921979 0.85718576 0.38307720
v 0.12825306 0.84747974 0.34459835
v 0.13417556 0.84421788 0.34464842
v 0.13824626 0.84900103 0.34904152
v 0.13249308 0.85278092 0.35074192
v 0.15224496 0.85402040 0.35735756
v 0.15162331 0.83893023 0.35138708
v 0.15725302 0.83913765 0.35500199
v 0.15669634 0.84281735 0.35673481
v 0.15045678 0.84260873 0.35304838
v 0.12370477 0.83683209 0.33050972
v 0.12448000 0.83046780 0.32361418
v 0.13139000 0.82936046 0.32916981
v 0.13039968 0.83471058 0.33405024
v 0.13484043 0.82396565 0.32564932
v 0.12835716 0.82350359 0.31806570
v 0.14095997 0.80978654 0.31326205
v 0.14547346 0.81295655 0.32482296
v 0.13973865 0.81883750 0.32419020
v 0.13391463 0.81670366 0.31464726
v 0.15661571 0.81692455 0.33429629
v 0.15224456 0.80732981 0.32700258
v 0.15982619 0.80377356 0.32903868
v 0.16258045 0.81551466 0.33598667
v 0.15273016 0.83504776 0.34550816
v 0.15238855 0.83648364 0.34874159
v 0.14822278 0.83648393 0.34550482
v 0.14874218 0.83539263 0.34317404
v 0.14450813 0.83573524 0.34052092
v 0.14465818 0.83626548 0.34152752
v 0.14296590 0.83677647 0.34168822
v 0.14272811 0.83568201 0.33977085
v 0.14634432 0.83563361 0.34162956
v 0.14565135 0.83481906 0.34044176
v 0.14795080 0.83366499 0.34146601
v 0.15150545 0.83214382 0.34375578
v 0.16530318 0.82948760 0.34909397
v 0.16552453 0.83414946 0.35006052
v 0.16233638 0.83417807 0.34921366
v 0.16131032 0.82966516 0.34826142
v 0.14431952 0.83751962 0.34407526
v 0.14703251 0.83830951 0.34726721
v 0.14527111 0.84100274 0.34873491
v 0.14191563 0.83910904 0.34484678
v 0.13856181 0.84140263 0.34504467
v 0.13651558 0.83829657 0.34068590
v 0.14024873 0.83727304 0.34150845
v 0.14400736 0.83418862 0.33867270
v 0.13997420 0.83533869 0.33847338
v 0.14126268 0.83304618 0.33619934
v 0.14391726 0.83014641 0.33580786
v 0.14645555 0.83215574 0.33923918
v 0.15005760 0.82980827 0.34113079
v 0.14777820 0.82700179 0.33690602
v 0.15310172 0.82435463 0.33864886
v 0.15503310 0.82743070 0.34352833
v 0.14258770 0.84473608 0.34929806
v 0.13590786 0.83498375 0.33651501
v 0.13159862 0.83987043 0.33933693
v 0.13707315 0.83103309 0.33306080
v 0.14018855 0.82713054 0.33135182
v 0.15021580 0.81943623 0.33266693
v 0.14450142 0.82300113 0.33142048
v 0.14935304 0.80295108 0.31378895
v 0.15887404 0.79920272 0.31469446
v 0.11816151 0.90525342 0.37677056
v 0.12660526 0.90572763 0.38035971
v 0.11820444 0.90004397 0.36994654
v 0.12203834 0.90032531 0.37233359
v 0.12099930 0.90253604 0.37396675
v 0.11634182 0.90215070 0.37051398
v 0.10582367 0.89844848 0.35282189
v 0.10464833 0.89235259 0.34965712
v 0.11025133 0.89554835 0.35509831
v 0.11050669 0.89865936 0.35789877
v 0.11866240 0.88649310 0.35802561
v 0.12046005 0.89236690 0.36261564
v 0.11732407 0.89360727 0.36088997
v 0.11424903 0.88832791 0.35595089
v 0.12437892 0.89162148 0.36404568
v 0.12356590 0.88617326 0.36036736
v 0.12837816 0.88701780 0.36249214
v 0.12844045 0.89180190 0.36534744
v 0.12779405 0.90328557 0.37595993
v 0.12756827 0.90074159 0.37401968
v 0.13384304 0.90130521 0.37334353
v 0.13512001 0.90420110 0.37551838
v 0.14414277 0.89873064 0.36624008
v 0.14729247 0.89813293 0.36750942
v 0.14629395 0.90154530 0.36992174
v 0.14315417 0.90058763 0.36795717
v 0.14292899 0.89675892 0.36582428
v 0.14510742 0.89510334 0.36606461
v 0.11712865 0.95937813 0.39260536
v 0.10361043 0.95509053 0.38009983
v 0.12527091 0.93953789 0.39576536
v 0.09349464 0.94742597 0.36592156
v 0.08879494 0.93868549 0.35165220
v 0.10741732 0.84612904 0.31026369
v 0.11600428 0.83601103 0.31720310
v 0.11591320 0.84254024 0.32606322
v 0.11021065 0.83889357 0.30076653
v 0.11963025 0.82812176 0.30951601
v 0.13628971 0.81272308 0.29829699
v 0.12620703 0.81970201 0.30272919
v 0.10155197 0.85399924 0.29118448
v 0.10496995 0.84913669 0.28166252
v 0.11631737 0.83149312 0.29099184
v 0.09781249 0.86743228 0.27599627
v 0.10025500 0.86843441 0.26814276
v 0.11024671 0.84567855 0.26941496
v 0.13346726 0.81392322 0.25717884
v 0.11856887 0.82348702 0.25060660
v 0.11782073 0.81594030 0.24159056
v 0.13309230 0.80660323 0.24887377
v 0.09997138 0.85922454 0.30218750
v 0.09119775 0.91268743 0.33619553
v 0.08993893 0.90110362 0.32698828
v 0.09617644 0.90801395 0.34629685
v 0.07944622 0.97732366 0.34360224
v 0.07528689 0.96223802 0.33258301
v 0.08161703 0.95059884 0.34279591
v 0.08608251 0.96252550 0.35700184
v 0.10493516 1.00583530 0.36685425
v 0.08967001 0.99290992 0.35617310
v 0.09605490 0.97388167 0.37119442
v 0.11028433 0.98326761 0.38455778
v 0.07122268 0.97188533 0.31922108
v 0.07543122 0.98925281 0.32640701
v 0.07244677 0.99583364 0.30499130
v 0.06912233 0.97784329 0.30408770
v 0.08483951 1.00820530 0.33302504
v 0.08203924 1.01689459 0.30765063
v 0.09896294 0.87805519 0.26005179
v 0.10349140 0.86035005 0.25532776
v 0.10698812 0.84601817 0.24915510
v 0.11734281 0.83328495 0.25996309
v 0.09784303 1.03351397 0.30911308
v 0.10032718 1.02382458 0.33998400
v 0.08059933 0.97834111 0.25245577
v 0.07625676 0.96301336 0.26077658
v 0.07189343 0.97148765 0.27535301
v 0.07620070 0.99047399 0.26748711
v 0.08880425 0.99398352 0.24383074
v 0.08553735 1.00907911 0.26052147
v 0.09757488 0.93028224 0.22927099
v 0.10510240 0.94043315 0.21790415
v 0.11280433 0.92248071 0.21800476
v 0.10510876 0.91346497 0.22795445
v 0.10686765 0.90972448 0.37075335
v 0.10328217 0.90777052 0.36196810
v 0.10898661 0.90365059 0.36519152
v 0.11246667 0.90460975 0.37137037
v 0.09249764 0.92106951 0.34718949
v 0.09814351 0.91397656 0.35526901
v 0.08028973 0.93999232 0.33039957
v 0.07489232 0.95003171 0.32240206
v 0.06923070 0.96371062 0.30060345
v 0.07108337 0.95791192 0.31230456
v 0.07524901 0.95096816 0.26696545
v 0.07250853 0.95655049 0.27635056
v 0.09561253 0.89458937 0.25090224
v 0.09985987 0.90447689 0.23814779
v 0.10413954 0.88605584 0.23326355
v 0.10009886 0.87474821 0.24354655
v 0.11569468 0.90467192 0.21452337
v 0.11076429 0.89646865 0.22379070
v 0.10502789 0.84763120 0.22885042
v 0.10828250 0.85925702 0.21841007
v 0.10635160 0.84935162 0.21124083
v 0.10514555 0.83856736 0.22105509
v 0.11046815 0.85862205 0.20066935
v 0.11348878 0.86867187 0.20893055
v 0.11923573 0.87670408 0.20042282
v 0.11664451 0.86573819 0.19144541
v 0.16013005 0.79648910 0.25487572
v 0.14791241 0.80084083 0.25261933
v 0.14666133 0.79445670 0.24474198
v 0.16003238 0.79104714 0.24654156
v 0.10335793 0.83117447 0.21416908
v 0.10165052 0.84352455 0.20445019
v 0.09270874 0.92103876 0.24044853
v 0.08917106 0.91517127 0.25128084
v 0.10455621 0.85288892 0.19310385
v 0.10734833 0.87132964 0.22620875
v 0.11309970 0.88036309 0.21711117
v 0.12492747 0.91109944 0.20673090
v 0.12173307 0.92997242 0.20868498
v 0.14286645 0.87527714 0.36318594
v 0.13774014 0.89057411 0.36503369
v 0.14178965 0.89257825 0.36556679
v 0.14040493 0.89531566 0.36638170
v 0.13683042 0.89385010 0.36652714
v 0.14565152 0.92081047 0.39684540
v 0.13248253 0.92230297 0.39418036
v 0.13571929 0.90932817 0.38933331
v 0.14908929 0.90694202 0.38843256
v 0.11414378 0.86397503 0.34687954
v 0.12127951 0.85344032 0.34541994
v 0.12675666 0.85885904 0.35291868
v 0.12289337 0.86781237 0.35508209
v 0.11341151 0.89865328 0.36109310
v 0.11421148 0.89929433 0.36401373
v 0.11172826 0.90048213 0.36205250
v 0.12524158 0.84238324 0.33775049
v 0.11778398 0.84794352 0.33570582
v 0.09159820 0.88897199 0.31863028
v 0.10166657 0.90446396 0.35361773
v 0.12411130 1.01521272 0.37511879
v 0.12826942 0.98891724 0.39370304
v 0.12071914 1.03510941 0.34599930
v 0.11816465 1.04595817 0.31318289
v 0.09924968 1.02494890 0.25607878
v 0.11471966 1.03932340 0.25186211
v 0.12080674 1.02104450 0.23221642
v 0.10308661 1.00854457 0.23699623
v 0.11612699 0.94964541 0.20799786
v 0.12746817 0.88379631 0.19321543
v 0.12571595 0.87174574 0.18441874
v 0.13358938 0.96221865 0.40109402
v 0.14029345 0.94011963 0.40104681
v 0.08664394 0.92936624 0.33802754
v 0.10050519 0.88070581 0.34096247
v 0.10525908 0.87185786 0.34212548
v 0.10876816 0.87984894 0.35097748
v 0.10536561 0.88579048 0.34916645
v 0.09776892 0.87726472 0.32838160
v 0.09579959 0.87586031 0.31334740
v 0.09365252 0.87578926 0.29689032
v 0.09532255 0.86983106 0.28469044
v 0.07399361 0.99845524 0.28410011
v 0.06993355 0.97945637 0.28873020
v 0.09588267 1.03506602 0.27996355
v 0.08063381 1.01785428 0.28211886
v 0.06984723 0.96723343 0.28813797
v 0.11422046 1.05027706 0.28084427
v 0.15638149 0.84695367 0.35827357
v 0.15731214 0.85088191 0.36014515
v 0.14900421 0.84843180 0.35400635
v 0.16026100 0.82605104 0.34503037
v 0.15902165 0.82265029 0.34002548
v 0.16407970 0.82245062 0.34050184
v 0.16493396 0.82586137 0.34570271
v 0.15932790 0.80218897 0.29881006
v 0.14845355 0.80631773 0.29787165
v 0.15986489 0.80094884 0.26462752
v 0.14802626 0.80640737 0.26136595
v 0.15682622 0.85598944 0.36815411
v 0.15625831 0.85611997 0.36600786
v 0.15812907 0.85641311 0.36660868
v 0.15827913 0.85623209 0.36866718
v 0.14584427 0.83646099 0.34313256
v 0.16201303 0.83886293 0.35664278
v 0.16234264 0.83636008 0.35340601
v 0.16545114 0.83619294 0.35371214
v 0.16526472 0.83865414 0.35684496
v 0.12820303 0.82214365 0.28083187
v 0.13217997 0.82008735 0.26740223
v 0.10888561 0.82635782 0.23170763
v 0.10839692 0.83549289 0.24043518
v 0.10320178 0.85939942 0.23676878
v 0.11819400 0.88946045 0.20793873
v 0.12681163 0.89705558 0.20074612
v 0.13769140 0.90242327 0.19575840
v 0.13658593 0.91747082 0.20011336
v 0.14668153 0.80964516 0.28334242
v 0.14750387 0.80967216 0.27159744
v 0.15940872 0.80426786 0.27445084
v 0.15932535 0.80464522 0.28523356
v 0.16273596 0.85347776 0.36807972
v 0.16182687 0.85354964 0.36562973
v 0.16405051 0.85142920 0.36513287
v 0.16441714 0.85192690 0.36874634
v 0.15549371 0.85539923 0.36363465
v 0.15789916 0.85349236 0.36185938
v 0.15797815 0.85517726 0.36298281
v 0.15479050 0.85573433 0.36563259
v 0.15543297 0.85568986 0.36857706
v 0.16033284 0.85433672 0.37290961
v 0.16084880 0.85217521 0.37745243
v 0.15728154 0.85468892 0.37150818
v 0.16063991 0.85517440 0.36757475
v 0.16030406 0.85490427 0.36531597
v 0.15811083 0.85613821 0.36435181
v 0.15651063 0.85625736 0.36448675
v 0.15991085 0.85527191 0.37109143
v 0.15805486 0.85562144 0.36993605
v 0.15860322 0.87400339 0.38182455
v 0.17026066 0.79913996 0.26533323
v 0.16936094 0.80255250 0.27508932
v 0.14519557 0.83581964 0.34111124
v 0.13606152 0.90597553 0.38110214
v 0.11510207 0.87666533 0.35435826
v 0.13530136 0.87676952 0.36119848
v 0.13396362 0.88288496 0.36229092
v 0.12840853 0.88008259 0.36019856
v 0.12966452 0.87229941 0.35880810
v 0.14509230 0.90453334 0.37889343
v 0.15054240 0.90111495 0.37463862
v 0.15476795 0.89972247 0.38098484
v 0.15148831 0.89584483 0.37103564
v 0.14865095 0.89186574 0.36728817
v 0.15105191 0.88706089 0.37087876
v 0.15547310 0.89125217 0.37765080
v 0.11362321 0.90160752 0.36636263
v 0.11581606 0.89982975 0.36697823
v 0.14613955 0.88409708 0.36620194
v 0.14422323 0.88877321 0.36511713
v 0.13934531 0.88592757 0.36378914
v 0.14088581 0.88065586 0.36317354
v 0.12220601 0.87760864 0.35764557
v 0.10732376 0.90214760 0.35853535
v 0.11153495 0.89169110 0.35456997
v 0.09117613 0.90226878 0.26124150
v 0.08611291 0.91532064 0.26073128
v 0.09187079 0.88551916 0.27332264
v 0.09236876 0.88932813 0.27097183
v 0.09757247 0.88340662 0.26939303
v 0.09513410 0.88039241 0.27353054
v 0.07420309 0.93986071 0.28457028
v 0.07524628 0.93783356 0.28848749
v 0.07405246 0.94282866 0.29251772
v 0.07363907 0.94639821 0.28546101
v 0.07535528 0.93626184 0.29570872
v 0.07625199 0.93328572 0.29394299
v 0.07662668 0.93095977 0.29646307
v 0.07553413 0.93782921 0.29905182
v 0.07807793 0.93187500 0.30392128
v 0.07639303 0.93954075 0.31280285
v 0.07308959 0.94650472 0.30532366
v 0.08623505 0.91824854 0.32229286
v 0.08139849 0.93059720 0.31793266
v 0.08157378 0.92432416 0.30592304
v 0.08513046 0.91542215 0.30533367
v 0.09168631 0.88610418 0.28636080
v 0.09226886 0.88032410 0.27950579
v 0.09596630 0.89098144 0.26489693
v 0.09393569 0.97692395 0.23185068
v 0.08574430 0.96338821 0.24129540
v 0.08045954 0.95079900 0.25045353
v 0.07908269 0.94121469 0.25930458
v 0.10561704 0.99047292 0.22305876
v 0.12351873 0.99742491 0.21861845
v 0.08701826 0.90299428 0.31339508
v 0.08708174 0.90459133 0.30022579
v 0.09048443 0.94712234 0.23296982
v 0.09894081 0.95877332 0.22251803
v 0.08613918 0.93648971 0.24399525
v 0.08380537 0.92937172 0.25433069
v 0.11136354 0.97164596 0.21429640
v 0.12690061 0.97746033 0.20565325
v 0.13092684 0.95520879 0.20271927
v 0.08616363 0.89212478 0.27831131
v 0.08603070 0.88636363 0.27607638
v 0.08898853 0.88470448 0.27661711
v 0.08880964 0.88910199 0.28102499
v 0.08919341 0.89474160 0.29350954
v 0.08985667 0.89058257 0.30464560
v 0.15724412 0.88213507 0.38029963
v 0.16720163 0.80302034 0.32980591
v 0.16743020 0.81532739 0.33712107
v 0.16158113 0.84599558 0.36021048
v 0.16170598 0.84230826 0.35855490
v 0.16498960 0.84186731 0.35860687
v 0.16477021 0.84539984 0.36028105
v 0.14195944 0.90390570 0.37311274
v 0.13411020 0.93541826 0.20261580
v 0.13839941 0.88915647 0.18896538
v 0.13680762 0.87681154 0.17985731
v 0.11129082 0.85850338 0.18268782
v 0.12121827 0.86335597 0.17493588
v 0.16456029 0.84872065 0.36240107
v 0.16152238 0.84932516 0.36193186
v 0.16031581 0.85521237 0.36984450
v 0.15772091 0.83634303 0.35182959
v 0.16030634 0.85390017 0.36423260
v 0.16130867 0.85196016 0.36334330
v 0.16608868 0.85060195 0.36548525
v 0.16621981 0.84845767 0.36241966
v 0.13321804 0.88865174 0.36413819
v 0.13273670 0.89261330 0.36611849
v 0.16221019 0.85365627 0.37109333
v 0.16361561 0.85168491 0.37276512
v 0.13119095 0.79967515 0.24072319
v 0.11653458 0.80813167 0.23356777
v 0.16767482 0.83635102 0.35371262
v 0.16737591 0.83867548 0.35681206
v 0.08444489 0.91336305 0.29501015
v 0.08163649 0.92055852 0.29708725
v 0.08041947 0.91862065 0.29019886
v 0.08319386 0.91268087 0.28803211
v 0.17035139 0.79455588 0.25577122
v 0.10837487 0.81918196 0.22372395
v 0.13326878 0.86905334 0.16869742
v 0.11494853 0.89530505 0.35977226
v 0.11366307 0.89723069 0.35964781
v 0.13938048 0.90183474 0.37072951
v 0.15651997 0.83052472 0.34654576
v 0.15789589 0.83443675 0.34784228
v 0.16860985 0.80327235 0.28590351
v 0.16606810 0.85098855 0.36921316
v 0.07827123 0.92954875 0.28732306
v 0.07920339 0.92645873 0.28591496
v 0.07684586 0.92433656 0.28723532
v 0.07613768 0.92661507 0.28949648
v 0.07444864 0.92674292 0.29571730
v 0.07272544 0.93033881 0.29617268
v 0.07175537 0.92809541 0.29287249
v 0.07374257 0.92559374 0.29177004
v 0.07786128 0.92629636 0.29787260
v 0.07724409 0.92346776 0.29368216
v 0.07007532 0.93241645 0.29514986
v 0.07049972 0.93070627 0.29264408
v 0.07564851 0.93525577 0.29208618
v 0.07283478 0.93449892 0.29472166
v 0.07115296 0.93832768 0.29171520
v 0.06721436 0.93510486 0.29252106
v 0.06844020 0.94113708 0.28616911
v 0.06424906 0.93707241 0.28744227
v 0.06773411 0.94040645 0.27933937
v 0.06308522 0.93693806 0.28085953
v 0.08820564 0.89668692 0.28563458
v 0.08792031 0.90081436 0.28011090
v 0.06829036 0.93654014 0.27381855
v 0.06301195 0.93401570 0.27504021
v 0.06976699 0.93081070 0.26839310
v 0.06437035 0.92887528 0.27002102
v 0.07154705 0.92379189 0.26439530
v 0.06678817 0.92247773 0.26619106
v 0.07412740 0.91544474 0.26204592
v 0.06963219 0.91505528 0.26454741
v 0.07766376 0.90488500 0.26147753
v 0.07283392 0.90669347 0.26503140
v 0.06710321 0.93519557 0.28057533
v 0.06825674 0.93598909 0.28562885
v 0.07531973 0.93772525 0.28079659
v 0.06958324 0.93395902 0.29030615
v 0.08007487 0.92539293 0.27660090
v 0.08109411 0.92235912 0.27636057
v 0.07857164 0.92122246 0.27953726
v 0.08037767 0.92434085 0.27913862
v 0.08258093 0.91284252 0.28403383
v 0.08326299 0.90809495 0.28119141
v 0.08471834 0.90616382 0.28465134
v 0.08546752 0.90520061 0.27856833
v 0.08561077 0.90983880 0.27995402
v 0.08562095 0.90716911 0.27798992
v 0.08610797 0.91349567 0.28188854
v 0.08516817 0.90627021 0.27608734
v 0.08467736 0.90410871 0.27626187
v 0.08598470 0.90771050 0.27602726
v 0.08637813 0.90822626 0.27718359
v 0.08705316 0.91024304 0.27741867
v 0.08647979 0.91381706 0.27706438
v 0.08566246 0.90476246 0.29056030
v 0.08680769 0.90607257 0.26665074
v 0.08221068 0.91485179 0.26727396
v 0.07678025 0.89920236 0.26737791
v 0.08091297 0.89491380 0.26419979
v 0.08463450 0.88492311 0.27307087
v 0.08263854 0.88773156 0.26851422
v 0.07658738 0.93424619 0.27681881
v 0.07726695 0.92950214 0.27178293
v 0.09059175 0.89705802 0.26966387
v 0.07939256 0.92322643 0.26871306
v 0.07431312 0.90947540 0.26804692
v 0.07770493 0.90427489 0.26973635
v 0.07117196 0.91551466 0.26770931
v 0.08419349 0.89989347 0.27665526
v 0.08068471 0.90075339 0.27288586
v 0.07976091 0.89475913 0.27174860
v 0.08290372 0.89252962 0.27547508
v 0.07954613 0.90762890 0.27189022
v 0.07574906 0.91126204 0.27118069
v 0.08254901 0.91054315 0.27199751
v 0.07888778 0.91398133 0.27163988
v 0.08423627 0.90762765 0.27405506
v 0.08268114 0.90505625 0.27374750
v 0.08580922 0.91278012 0.27261358
v 0.08245551 0.91759778 0.27237898
v 0.08614293 0.90929235 0.27466589
v 0.07548310 0.91679812 0.27289873
v 0.07838478 0.92017312 0.27388293
v 0.07468346 0.92170525 0.27735144
v 0.07255802 0.91978026 0.27518994
v 0.07234580 0.91530324 0.27105099
v 0.06988277 0.91993750 0.27227026
v 0.06950082 0.92187453 0.26895434
v 0.06872367 0.92517657 0.27441364
v 0.06802048 0.92777348 0.27197939
v 0.07078250 0.92362488 0.27649075
v 0.07232380 0.92348588 0.27892929
v 0.06688554 0.93255342 0.27608496
v 0.06827351 0.92942120 0.27754503
v 0.06850166 0.93210913 0.28114182
v 0.06990038 0.92686213 0.27896601
v 0.07024646 0.92894764 0.28181511
v 0.07134231 0.92551733 0.27991587
v 0.07188720 0.92638744 0.28194576
v 0.07325398 0.93100871 0.29082066
v 0.07480275 0.92877854 0.29095370
v 0.07149204 0.93236203 0.28851801
v 0.07318731 0.93023873 0.28715378
v 0.07427094 0.93050123 0.28889996
v 0.07586153 0.92957688 0.28851944
v 0.07448470 0.92802180 0.28637844
v 0.07673202 0.92756058 0.28406960
v 0.15859665 0.77627299 0.23085409
v 0.17115988 0.77624641 0.22960907
v 0.17130532 0.78316269 0.23789650
v 0.15931835 0.78428815 0.23833424
v 0.07159463 0.92980767 0.28471571
v 0.07302821 0.92686392 0.28446203
v 0.06989182 0.93306679 0.28501421
v 0.07560541 0.92530442 0.28003556
v 0.07466917 0.92568464 0.28242832
v 0.07335520 0.92446799 0.28096014
v 0.07445387 0.92380131 0.27954775
v 0.08195623 0.91683383 0.28521258
v 0.08406191 0.91758371 0.28132254
v 0.08379530 0.91727889 0.27666765
v 0.12067265 0.76645456 0.21990830
v 0.12351238 0.77691219 0.22091252
v 0.10570519 0.78546880 0.21875673
v 0.10066012 0.77588270 0.21891886
v 0.11677088 0.73480586 0.22333962
v 0.08886780 0.74323283 0.22340828
v 0.09902397 0.71428261 0.22411972
v 0.12003702 0.71273134 0.22098738
v 0.10783701 0.69136862 0.22441250
v 0.12554159 0.69207142 0.22002655
v 0.12779490 0.63488690 0.22377926
v 0.14394443 0.63685743 0.22160250
v 0.13796205 0.65442834 0.22068649
v 0.12174379 0.65261022 0.22369295
v 0.11850238 0.55716486 0.21347719
v 0.12311341 0.54515607 0.20109040
v 0.13792919 0.54810719 0.20430046
v 0.13148349 0.55935491 0.21513706
v 0.05132194 0.64849214 0.21959501
v 0.04522713 0.66700051 0.22378355
v 0.03680260 0.65614257 0.21827465
v 0.04340074 0.63928513 0.21267182
v 0.05424634 0.79214547 0.21597296
v 0.06920738 0.76974843 0.22247463
v 0.07760174 0.78043936 0.21684557
v 0.06301742 0.79982958 0.21248060
v 0.06230034 0.57983122 0.19193989
v 0.06848209 0.56827373 0.19062525
v 0.07572803 0.57185973 0.20076042
v 0.07102466 0.58306105 0.20251662
v 0.08960662 0.51821653 0.13957125
v 0.08633330 0.50273599 0.13141733
v 0.10627883 0.49604236 0.14052349
v 0.10822355 0.51217453 0.14818770
v 0.03415911 0.56037385 0.10581166
v 0.02252049 0.57173825 0.08383280
v 0.02363560 0.56078563 0.07516533
v 0.03360150 0.54815448 0.09682137
v 0.09840368 0.63030080 0.22355801
v 0.11244380 0.63274256 0.22428280
v 0.10633004 0.64992277 0.22487169
v 0.09193792 0.64688257 0.22450453
v -0.06001855 0.54932184 0.16134888
v -0.04789534 0.54596917 0.15062529
v -0.03726066 0.56520740 0.16023356
v -0.04943717 0.56947742 0.17014843
v 0.02501536 0.47867240 0.06321150
v 0.01825712 0.49245565 0.04180247
v 0.01420776 0.47723799 0.03797060
v 0.02252518 0.46373420 0.05958801
v -0.01657600 0.67988549 0.22808701
v -0.00897616 0.69394449 0.23476177
v -0.02433466 0.71309529 0.23250109
v -0.03253440 0.69778738 0.22713953
v 0.05616816 0.61685059 0.20619398
v 0.06478748 0.62135408 0.21334559
v 0.05817210 0.63402114 0.21600491
v 0.05023397 0.62717814 0.20873743
v 0.01421178 0.59232480 0.09945542
v 0.02382851 0.58348335 0.11812264
v 0.01924687 0.59647212 0.12252146
v 0.01051760 0.60509543 0.10592228
v 0.02837337 0.57094640 0.11214787
v 0.01828676 0.58095402 0.09148365
v 0.07434984 0.62496788 0.21823555
v 0.08576958 0.62759642 0.22133738
v 0.07875078 0.64356027 0.22315508
v 0.06756025 0.64006034 0.22055489
v 0.12618431 0.53711460 0.18599755
v 0.14447546 0.54048688 0.19073874
v 0.03630433 0.45093866 0.07849222
v 0.05343022 0.43927984 0.09363896
v 0.05486838 0.45388411 0.09787899
v 0.03768553 0.46584197 0.08243710
v 0.12817637 0.52355544 0.16100794
v 0.12815904 0.53188700 0.17228657
v 0.11056756 0.53284983 0.16750866
v 0.10991418 0.52535526 0.15535694
v 0.07393803 0.42838957 0.10590655
v 0.09630775 0.41861580 0.11700731
v 0.09842261 0.43419586 0.11983544
v 0.07576672 0.44321565 0.10983711
v 0.11521313 0.67125199 0.22387749
v 0.13190008 0.67280118 0.22020632
v 0.09462181 0.55931360 0.20634752
v 0.09600732 0.54814182 0.19445139
v 0.10874394 0.54542829 0.19789368
v 0.10574193 0.55757032 0.21044594
v 0.03142931 0.62537838 0.18456846
v 0.03655269 0.63045261 0.20083624
v 0.02755292 0.64382998 0.20693976
v 0.02537522 0.63316605 0.18549973
v 0.01066864 0.46142741 0.03415066
v 0.01917486 0.44975071 0.05621153
v 0.07147438 0.41463058 0.10225970
v 0.09393168 0.40471094 0.11387259
v -0.00869090 0.65463738 0.12959725
v -0.00382929 0.65102665 0.12810141
v 0.00289254 0.64442936 0.14073902
v -0.00183857 0.65035490 0.14224297
v 0.17067339 0.56687258 0.20782572
v 0.15587795 0.57095380 0.21636921
v 0.14991724 0.55632631 0.20959479
v 0.16109388 0.54984716 0.19798666
v 0.09594277 0.54037521 0.17900759
v 0.09427658 0.53589339 0.16368014
v 0.11000079 0.53723849 0.18226868
v 0.18518559 0.56392823 0.19598108
v 0.17312539 0.54285593 0.18179804
v 0.14929040 0.67355374 0.21642023
v 0.15490531 0.65571086 0.21725517
v 0.14448435 0.69209496 0.21713883
v 0.16287761 0.69190756 0.21431023
v 0.16013787 0.71111147 0.21601254
v 0.14115629 0.71156679 0.21839100
v 0.15903968 0.72982571 0.21884066
v 0.13990807 0.73096023 0.22123581
v 0.14114073 0.76087443 0.21972805
v 0.14233271 0.77148358 0.22251421
v 0.04308032 0.62082134 0.19783932
v 0.04792235 0.61217971 0.19554812
v 0.05095435 0.42548733 0.08950907
v 0.02054041 0.78162072 0.10701758
v 0.02201829 0.77076886 0.09173351
v 0.00845726 0.76507584 0.10433680
v 0.00678424 0.77535270 0.11881024
v 0.04442068 0.78677289 0.22081190
v 0.05750391 0.76341532 0.22955710
v -0.01848795 0.69551233 0.10258108
v -0.01300777 0.69733296 0.09532315
v -0.01110354 0.68570725 0.09406096
v -0.01555277 0.68672357 0.10099798
v -0.01683489 0.66618941 0.11353785
v -0.02026806 0.66041962 0.10869414
v -0.02531330 0.66659919 0.10682780
v -0.02002437 0.67304329 0.11175877
v 0.01271195 0.48865228 0.01585394
v 0.01803022 0.50506674 0.01924425
v 0.02145933 0.62003762 0.02942711
v 0.01726966 0.60157240 0.04565006
v 0.01141388 0.61128507 0.05702692
v 0.01387674 0.62939326 0.04361826
v 0.11409559 0.78648172 0.05801922
v 0.11393056 0.77456425 0.04708964
v 0.09364579 0.77474389 0.05234247
v 0.09345447 0.78664027 0.06392008
v 0.05322019 0.79945872 0.09609705
v 0.05363694 0.80890189 0.10929257
v 0.07398941 0.80863599 0.09606034
v 0.07312151 0.79916451 0.08385617
v 0.03623874 0.78646497 0.09378916
v 0.03709849 0.77473638 0.07922083
v 0.00574154 0.61689855 0.09142500
v 0.00895487 0.60554645 0.08285528
v -0.00032836 0.63258336 0.10184771
v 0.00473101 0.62333021 0.11448961
v 0.00279451 0.62971858 0.11780554
v -0.00207047 0.63890252 0.10598379
v 0.07089939 0.80777726 0.21057993
v 0.06411659 0.82297716 0.19573599
v 0.05403518 0.81497882 0.19868332
v 0.08540537 0.83785580 0.13916641
v 0.08387130 0.83468596 0.13277727
v 0.07152461 0.83225910 0.14408928
v 0.07663201 0.83593962 0.14857346
v 0.09206366 0.71503208 0.00542361
v 0.11268616 0.71867899 -0.00043148
v 0.11479875 0.69751934 -0.01172775
v 0.09281764 0.69297228 -0.00621647
v -0.00607557 0.65351681 0.10144716
v -0.00819739 0.65792725 0.10573107
v -0.01038476 0.66795895 0.10187727
v -0.00773614 0.66380451 0.09653240
v -0.00561270 0.65950326 0.09120661
v -0.00309660 0.65505139 0.08525425
v -0.00256618 0.64320008 0.09242111
v -0.00457051 0.64860580 0.09736592
v 0.00831935 0.63762621 0.05808741
v 0.00687415 0.62117810 0.06938368
v 0.00349980 0.63032589 0.07945830
v 0.00363294 0.64523504 0.06975323
v 0.12498947 0.62632401 -0.04010004
v 0.10472438 0.62326238 -0.03756565
v 0.10174591 0.64682154 -0.02857822
v 0.12218536 0.65064518 -0.03255123
v 0.00542406 0.63760231 0.16442162
v 0.01033204 0.63310198 0.17686802
v 0.00583117 0.62619186 0.16975838
v 0.00064351 0.63016836 0.15394407
v -0.04434338 0.67489598 0.10818726
v -0.05110134 0.66824988 0.10704190
v -0.05531051 0.67129020 0.11070019
v -0.04864202 0.67902348 0.11189753
v -0.00912043 0.62101180 0.12810284
v -0.00447098 0.61894635 0.14376408
v -0.01098062 0.60389102 0.13373429
v -0.01555533 0.60728673 0.11722857
v 0.02442039 0.79754297 0.20354849
v 0.03422581 0.78134463 0.22522598
v 0.03424384 0.80279360 0.20254093
v -0.01405773 0.64031992 0.11400896
v -0.01912413 0.63108615 0.10449320
v -0.02557538 0.63781569 0.09792000
v -0.01932273 0.64722095 0.10593611
v -0.07543030 0.55684585 0.16581303
v -0.06454797 0.57722826 0.17405325
v -0.03015075 0.59634016 0.09613711
v -0.03903599 0.60186867 0.08826596
v -0.02692164 0.61721937 0.09495980
v -0.02061314 0.61155335 0.10402161
v 0.02858683 0.60879222 0.01735169
v 0.02251617 0.59139127 0.03474861
v 0.02802675 0.50748329 -0.02608484
v 0.01791244 0.49913649 -0.00616974
v 0.02394236 0.51672191 -0.00189441
v 0.03379594 0.52682904 -0.02089208
v 0.00910570 0.47237934 0.01119667
v 0.02386885 0.48751740 -0.03058142
v 0.01359161 0.48067610 -0.01068443
v 0.08420024 0.83512930 0.19676071
v 0.08812665 0.84488557 0.18176657
v 0.07950813 0.83978126 0.17746884
v 0.07462484 0.82978247 0.19541889
v -0.01848518 0.35936448 -0.00035566
v -0.01897491 0.33043897 -0.00205559
v -0.01584775 0.32874882 0.02863270
v -0.01393915 0.35687353 0.02877194
v 0.10450878 0.84952388 0.14709336
v 0.09033079 0.84529839 0.16093022
v 0.09795695 0.85005317 0.16743618
v 0.11094611 0.85391293 0.15582281
v -0.01088738 0.38104446 0.02850157
v -0.01610687 0.38744472 0.00112969
v 0.08828499 0.81968222 0.20818239
v 0.07913952 0.81408981 0.20926291
v 0.09061111 0.79880849 0.21455055
v 0.09836090 0.80518554 0.21452671
v 0.11108579 0.79380796 0.22076470
v -0.00562158 0.32669526 0.05792958
v -0.00319068 0.35002086 0.05435854
v 0.09708953 0.84886626 0.18642670
v 0.10549698 0.85416315 0.17414910
v 0.11636420 0.85859762 0.16482645
v 0.12929343 0.86322770 0.15833861
v 0.00440255 0.45559891 0.00771719
v 0.00673988 0.44590701 0.03083044
v 0.01579629 0.21831636 -0.06149095
v 0.03827867 0.21386419 -0.08170790
v 0.04230656 0.19577209 -0.06559128
v 0.01624512 0.19930441 -0.04251713
v 0.10055796 0.22514741 -0.11526769
v 0.10637923 0.21108655 -0.09897798
v 0.07291923 0.20080260 -0.08426040
v 0.06589750 0.21537934 -0.09982628
v 0.09075393 0.35664718 -0.13887590
v 0.06159352 0.35636850 -0.12847418
v 0.06407196 0.38095240 -0.12048239
v 0.09251032 0.38145708 -0.13156456
v 0.01841426 0.46838759 -0.03571695
v 0.00841629 0.46276699 -0.01514095
v 0.01646826 0.43554293 0.05266434
v -0.00094100 0.21400548 0.10868746
v -0.01563987 0.20891244 0.07248408
v -0.01269400 0.17785505 0.08192831
v -0.00050030 0.18294046 0.11733395
v 0.00060405 0.16056875 0.01354080
v -0.00314201 0.18709765 0.00017935
v 0.01995232 0.17699409 -0.02730411
v 0.02425308 0.15409313 -0.01313633
v 0.11733027 0.39563511 0.12326914
v 0.09244064 0.39242868 0.10997254
v 0.11599777 0.38296239 0.11888939
v 0.18509353 0.37949108 0.12654883
v 0.16184781 0.38287600 0.12991291
v 0.16222883 0.36997220 0.12513739
v 0.18431087 0.36688543 0.12234074
v 0.17481803 0.29209735 0.10320145
v 0.18900095 0.29182528 0.09958035
v 0.18723579 0.30934681 0.10276133
v 0.17031137 0.31024282 0.10460192
v 0.01484320 0.34367564 0.07614475
v 0.03989788 0.33793511 0.09268099
v 0.03961847 0.35443299 0.08815104
v 0.01634244 0.36204970 0.07242304
v 0.11379240 0.20184926 -0.07995981
v 0.08297201 0.18605123 -0.06882328
v 0.02298852 0.18712921 0.14595085
v 0.02449656 0.21903316 0.13499027
v 0.05759460 0.19051389 0.16263062
v 0.09355772 0.19039083 0.15896565
v 0.09355206 0.21920390 0.14857870
v 0.05789246 0.21997587 0.15060669
v 0.17242653 0.21762438 0.06137425
v 0.17144381 0.23893369 0.08613402
v 0.16155337 0.23134879 0.08372885
v 0.16782392 0.21475978 0.05811411
v 0.09420112 0.26249303 -0.13604349
v 0.09677023 0.24337758 -0.12764210
v 0.06444063 0.23433618 -0.11561006
v 0.06320100 0.25660084 -0.12600321
v 0.03843995 0.49209224 -0.04745954
v 0.03293075 0.47106363 -0.05364078
v 0.05498732 0.49512313 -0.06097883
v 0.04184738 0.51406346 -0.04286903
v 0.05869872 0.51891483 -0.05540508
v 0.05586519 0.64435480 -0.00533623
v 0.04009322 0.62667174 0.00383002
v 0.03136391 0.63969485 0.01594120
v 0.04594832 0.66002093 0.00724226
v 0.07332136 0.77655778 0.05887276
v 0.07272126 0.78845958 0.07154852
v 0.05706868 0.15490601 -0.03738683
v 0.09793044 0.16761855 -0.04786056
v 0.08679835 0.13058178 -0.02445358
v 0.05308261 0.12739755 -0.01676077
v 0.00447964 0.13261313 0.02577645
v -0.00743561 0.13972361 0.05575186
v -0.01245416 0.17003945 0.04434305
v -0.00908261 0.14636279 0.09230429
v 0.00174182 0.15211616 0.12925822
v 0.05929702 0.15984405 0.17413193
v 0.09495578 0.16029126 0.16872126
v 0.15677643 0.17192022 0.08658606
v 0.14356657 0.17749564 0.11456543
v 0.14170580 0.15233428 0.12035185
v 0.15347517 0.14717499 0.09055525
v 0.13525415 0.29129334 0.10914379
v 0.09853255 0.31195043 0.10912567
v 0.09635735 0.29604168 0.11140352
v 0.12508959 0.27714463 0.10804230
v 0.18203667 0.39438708 0.13214785
v 0.16284603 0.39771544 0.13458592
v 0.14050080 0.38816635 0.12900406
v 0.14239167 0.40251820 0.13306576
v 0.11949891 0.40969248 0.12670761
v 0.17322051 0.46622504 0.15445191
v 0.14890568 0.46857886 0.15165764
v 0.14838202 0.45112892 0.14673954
v 0.17263645 0.44824360 0.14926916
v 0.17318313 0.48598294 0.15903050
v 0.14911236 0.48750226 0.15630347
v 0.17178260 0.52796448 0.16666275
v 0.14877482 0.53409813 0.17682129
v 0.14889886 0.52428091 0.16501385
v 0.16697410 0.67360375 0.21286350
v 0.17196420 0.65614001 0.21284348
v 0.01262248 0.32259627 0.08254820
v 0.12868713 0.16570104 -0.02676481
v 0.14607114 0.16300283 -0.00050110
v 0.13972800 0.13496319 0.00567061
v 0.11785089 0.13272978 -0.01571411
v -0.00056500 0.37129986 0.05195194
v 0.03358821 0.43772604 0.07478338
v 0.03115245 0.42447268 0.07073742
v 0.05295683 0.55023066 0.13111740
v 0.05075084 0.53692538 0.11641508
v 0.14216348 0.57357351 0.22075373
v 0.14112449 0.56260765 0.21611887
v -0.01672579 0.19928054 0.03241211
v 0.06190561 0.12877990 0.18339831
v 0.06482103 0.09791891 0.19198185
v 0.09781707 0.09775151 0.18604046
v 0.09655160 0.12856219 0.17758948
v 0.14928827 0.11285947 0.06878668
v 0.14800828 0.11902879 0.09662634
v 0.14219830 0.08902554 0.10473448
v 0.14120830 0.08320669 0.07811695
v 0.13495593 0.05343474 0.09007460
v 0.13793121 0.05824644 0.11647850
v 0.13660633 0.02683307 0.12444025
v 0.13127220 0.02421747 0.09977967
v 0.02549342 0.15629736 0.15931517
v 0.01038577 0.09233383 0.15435034
v 0.03234679 0.09530524 0.18064696
v 0.02851575 0.12572021 0.17011696
v 0.00608863 0.12172745 0.14255291
v 0.02440680 0.12707714 0.00251013
v 0.15709507 0.14147554 0.06207138
v 0.16171231 0.16580630 0.05890089
v 0.11967223 0.07271470 0.03545099
v 0.09872977 0.06957264 0.01996952
v 0.10719541 0.09987638 0.00171095
v 0.12970080 0.10311262 0.01947886
v 0.00661907 0.07931356 0.05958515
v -0.00031682 0.08502201 0.08839518
v -0.00406287 0.11208118 0.07226711
v 0.00528007 0.10553891 0.04292685
v -0.00409601 0.11783604 0.10765177
v 0.00076968 0.08921624 0.12150532
v 0.02026363 0.03570319 0.17792422
v 0.04287816 0.03715263 0.20012432
v 0.03733451 0.06597079 0.19052941
v 0.01535464 0.06382031 0.16625839
v 0.00950263 0.03459535 0.14835077
v 0.00536150 0.06157530 0.13511759
v 0.00319201 0.05844996 0.10363060
v 0.00635151 0.03293289 0.11809546
v 0.01242419 0.03040112 0.09218889
v 0.00922695 0.05447564 0.07598597
v 0.02308846 0.04952047 0.05375677
v 0.02467217 0.02665053 0.07104832
v 0.04358167 0.04527975 0.03811651
v 0.06761253 0.04367376 0.03288561
v 0.06388097 0.02051924 0.05113751
v 0.04266464 0.02266786 0.05660969
v 0.10558928 0.01968605 0.06284243
v 0.08594139 0.01906354 0.05282265
v 0.09181715 0.04321800 0.03701645
v 0.11142232 0.04520191 0.05036074
v 0.08333003 -0.07548892 0.09839731
v 0.06625227 -0.06958421 0.09870201
v 0.07209249 -0.04851865 0.09027535
v 0.09060686 -0.05340250 0.09047705
v 0.04935790 -0.06349557 0.09943062
v 0.03270571 -0.05811422 0.10595661
v 0.03835446 -0.03931971 0.10029608
v 0.05479503 -0.04316874 0.09417731
v 0.01412061 -0.03557115 0.13008839
v 0.02400685 -0.03680315 0.11234719
v 0.01916056 -0.05547517 0.11830097
v 0.00948969 -0.05526735 0.13583618
v 0.00458369 -0.05640789 0.15809399
v 0.00742733 -0.03506961 0.15333897
v 0.01156544 -0.06254675 0.18161398
v 0.01226886 -0.03859561 0.17931849
v 0.02835934 -0.04567372 0.20384651
v 0.02803076 -0.07145699 0.20411640
v 0.12393027 -0.05939706 0.13341576
v 0.11623970 -0.08520647 0.13403994
v 0.11125061 -0.08202573 0.11497742
v 0.11988907 -0.05786925 0.11295468
v 0.11538853 -0.05968468 0.18462425
v 0.10563934 -0.05814531 0.21375996
v 0.09870452 -0.08546197 0.20595556
v 0.10662820 -0.08653401 0.17943388
v 0.01250570 0.00919859 0.16024643
v 0.02495288 0.00872222 0.18883806
v 0.01530025 0.00790978 0.10738188
v 0.00895206 0.00905127 0.13176781
v 0.10091800 -0.00497978 0.07360941
v 0.08133178 -0.00397088 0.06712490
v 0.13380623 -0.00324153 0.13082224
v 0.12870858 -0.00438731 0.10706288
v 0.07933657 -0.02486720 0.22852713
v 0.07702508 0.00603879 0.21810013
v 0.04781494 0.00740910 0.21127754
v 0.05031224 -0.02202403 0.22167307
v 0.01280803 -0.01485591 0.17163473
v 0.00938981 -0.01299652 0.14408976
v 0.01595601 -0.01438495 0.12041670
v 0.02597987 -0.01624232 0.10167366
v 0.04045703 -0.01946577 0.08901888
v 0.05788354 -0.02299508 0.08235747
v 0.07677156 -0.02642431 0.07930666
v 0.09592863 -0.02973034 0.08241612
v 0.12495719 -0.03154545 0.11081177
v 0.12921411 -0.03253727 0.13316256
v 0.07613682 -0.08289125 0.22446114
v 0.07983542 -0.05574187 0.23224455
v 0.04986401 -0.05108570 0.22645479
v 0.04859780 -0.07813155 0.22315127
v 0.06988274 -0.10654881 0.21076065
v 0.08818883 -0.10876473 0.19569832
v 0.04249992 -0.07833149 0.09974104
v 0.02596059 -0.07291605 0.10688645
v 0.01249362 -0.07131641 0.11822563
v -0.00117431 -0.07718076 0.15798336
v 0.00846057 -0.08751639 0.18081766
v 0.02606212 -0.09850322 0.20176464
v 0.04720419 -0.10202109 0.21374518
v 0.09030687 -0.12256043 0.11360937
v 0.10108942 -0.10163998 0.11776739
v 0.10506838 -0.10614364 0.13466030
v 0.09372101 -0.12803852 0.13026530
v 0.06727335 -0.10877114 0.09290177
v 0.05062999 -0.10072826 0.08777004
v 0.05955630 -0.08560514 0.10003096
v 0.07561689 -0.09197893 0.10274941
v 0.03141891 -0.09521317 0.08956438
v 0.01435806 -0.09102102 0.09777695
v 0.00026708 -0.08897083 0.11068922
v -0.00987635 -0.10169887 0.15299469
v 0.00176712 -0.07224329 0.13640124
v -0.00982828 -0.09254324 0.13000780
v 0.00310295 -0.11523842 0.17763048
v 0.01872288 -0.15725570 0.18050247
v 0.02799507 -0.12894993 0.19327837
v -0.00681647 -0.14353602 0.16970926
v 0.01536339 -0.25130039 0.12742382
v -0.00947754 -0.24567466 0.13541609
v -0.01551143 -0.27622586 0.11631447
v 0.00540779 -0.28125917 0.10915285
v 0.08478170 -0.15224611 0.11966330
v 0.08263302 -0.14607679 0.10048395
v 0.05891677 -0.12995367 0.07622582
v 0.04009224 -0.12094187 0.07179695
v -0.03302998 -0.15474509 0.13202244
v -0.02091363 -0.12793463 0.14556843
v -0.02261865 -0.11672728 0.12116390
v -0.03421683 -0.14293598 0.10763651
v 0.06143867 -0.23789321 0.07392508
v 0.05811969 -0.23091423 0.05515724
v 0.06876427 -0.20070534 0.06853682
v 0.07167765 -0.20849102 0.08877140
v 0.03252157 -0.14564519 0.05542284
v 0.05178598 -0.15524506 0.05998570
v 0.04314717 -0.18317883 0.04496866
v 0.02365512 -0.17455762 0.04103762
v -0.04638627 -0.21793973 0.10261732
v -0.04164586 -0.18475478 0.11736971
v -0.04363027 -0.17305492 0.09384257
v -0.04902720 -0.20728796 0.08033758
v 0.00775715 -0.18574833 0.16733414
v -0.01858577 -0.17114644 0.15611893
v -0.02708023 -0.20003211 0.14082485
v -0.00270095 -0.21522205 0.15216404
v 0.03450598 -0.19084435 0.15879542
v 0.02436641 -0.22002696 0.14393192
v 0.02739801 -0.29489338 0.03554922
v 0.04320297 -0.26175880 0.04483753
v 0.04577493 -0.26970618 0.06031233
v 0.02895021 -0.30288433 0.04858929
v 0.01331173 -0.20681494 0.03071219
v 0.03271667 -0.21489071 0.03343111
v 0.02031868 -0.24791788 0.02587849
v 0.00341401 -0.24148583 0.02356726
v -0.05216851 -0.29007756 0.07143170
v -0.04976095 -0.25299030 0.08679348
v -0.05178347 -0.24384629 0.06615025
v -0.05352190 -0.28117453 0.05216509
v -0.02301764 -0.30956697 0.09644133
v -0.03733651 -0.26514046 0.10789543
v -0.04258407 -0.30030190 0.08910567
v -0.02798515 -0.34407174 0.07958847
v -0.01284569 -0.34810018 0.07548147
v -0.00426597 -0.31391620 0.09069687
v 0.01379607 -0.33477019 0.03783089
v 0.01371837 -0.32797228 0.02572781
v 0.00052687 -0.31707506 0.01076370
v -0.01259979 -0.31064819 0.00777727
v -0.00548072 -0.27642154 0.01643473
v 0.00906681 -0.28266656 0.01897341
v -0.03749646 -0.27413880 0.02545840
v -0.02202677 -0.27345537 0.01871735
v -0.02767799 -0.30792688 0.00982863
v -0.04122655 -0.30919962 0.01645762
v -0.05365464 -0.31608306 0.03991038
v -0.04815877 -0.27607440 0.03661352
v -0.04990972 -0.31128811 0.02643973
v -0.05377323 -0.32350611 0.05742651
v -0.04535506 -0.33506881 0.07389122
v 0.14745629 0.19515795 -0.02458376
v 0.15611061 0.19209115 0.00455242
v 0.15037729 0.18278886 0.00043398
v 0.13795972 0.18924783 -0.02959150
v 0.13654250 0.09233958 0.13681322
v 0.13888096 0.12373284 0.12786967
v 0.13411703 0.02944604 0.15301615
v 0.13441514 0.06082524 0.14706379
v 0.13161735 -0.00162061 0.15808827
v 0.12731149 -0.03143155 0.15983206
v 0.12178940 -0.06054481 0.15817314
v 0.11318838 -0.08751996 0.15647751
v 0.10193350 -0.11015966 0.15416104
v 0.09023646 -0.13337593 0.14948803
v 0.07199048 -0.18443727 0.12697798
v 0.07836789 -0.17921614 0.10436732
v 0.07950922 -0.15785896 0.13988167
v 0.05426851 -0.24536186 0.09637791
v 0.06452320 -0.21413230 0.11226231
v 0.03946646 -0.27744108 0.07968241
v 0.02329040 -0.31028592 0.06441599
v 0.00880325 -0.34176337 0.05243784
v 0.12282339 0.23382349 0.12508303
v 0.14434451 0.21977420 0.10533577
v 0.14429964 0.23358745 0.10296780
v 0.12270780 0.25115047 0.11871582
v 0.16827395 0.20613647 0.02891642
v 0.17090275 0.20913924 0.04337889
v 0.16774026 0.20794813 0.03997475
v 0.16595804 0.20543090 0.02453953
v 0.02745015 -0.01788261 0.19913393
v 0.02589118 0.00488375 0.08778483
v 0.04189298 0.00115097 0.07463318
v 0.06094763 -0.00157963 0.06823403
v 0.12241400 -0.03095075 0.18771702
v 0.12350645 0.00034253 0.18549687
v 0.10585930 0.00362394 0.20821148
v 0.10724350 -0.02782740 0.21427160
v 0.04432175 -0.16634153 0.17204338
v 0.05525637 -0.18888848 0.14424664
v 0.06536803 -0.16345911 0.15800482
v 0.05302726 -0.14378863 0.18591505
v 0.00123095 -0.11024835 0.08455712
v -0.01408204 -0.11016866 0.09965616
v 0.01049406 -0.13842272 0.05902964
v -0.01016145 -0.13417934 0.06844479
v 0.02018048 -0.11463197 0.07587439
v 0.12167709 0.06275595 0.17460877
v 0.09937685 0.06648783 0.19366556
v 0.10252788 0.03545810 0.20037800
v 0.12303350 0.03217618 0.18064743
v 0.03060121 0.53333677 0.00289780
v 0.04006157 0.54453606 -0.01397747
v 0.07086470 0.55415435 0.17542273
v 0.06383151 0.55184660 0.15602404
v 0.07871505 0.54210866 0.15960747
v 0.08282850 0.54578487 0.17667633
v 0.05330976 0.56235234 0.15672928
v 0.06157971 0.56421191 0.17599827
v 0.05444551 0.57651384 0.17733437
v 0.04594902 0.57456870 0.15920120
v 0.02507802 0.62596256 0.16720396
v 0.02064929 0.63258294 0.16729933
v 0.17260901 0.50772505 0.16325337
v 0.19690921 0.50797714 0.16015679
v 0.19533523 0.52895639 0.16298348
v 0.13921001 0.37498449 0.12434202
v 0.12632963 0.31811385 0.10618645
v 0.15821578 0.29067676 0.10459429
v 0.15058065 0.31252255 0.10569769
v 0.18598798 0.23537303 0.07837063
v 0.08506263 0.61550395 -0.03194565
v 0.08152411 0.63810358 -0.02215427
v 0.09358025 0.79769049 0.07523447
v 0.11384712 0.79728649 0.06935221
v 0.09594763 0.81628636 0.09647948
v 0.09764083 0.82443605 0.10606915
v 0.11678793 0.82405625 0.09842879
v 0.11547356 0.81627117 0.08907276
v 0.12560766 0.85827825 0.14773518
v 0.12200015 0.85265664 0.13743454
v 0.16254177 0.20439378 0.00800663
v 0.16362892 0.20248453 0.01895291
v 0.15888622 0.20233093 -0.00148958
v 0.15808862 0.19245801 0.08386379
v 0.16318033 0.18500874 0.05789477
v 0.16388567 0.19765610 0.05688196
v 0.15864316 0.20666132 0.08215672
v 0.00141661 0.24412418 0.10159880
v -0.01645587 0.24055211 0.06625324
v 0.04993348 0.17542238 -0.05083412
v -0.06659638 0.56644599 0.07720429
v -0.07890947 0.57157726 0.07493931
v -0.06522960 0.59023015 0.07948405
v -0.05245800 0.58490152 0.08252484
v 0.06990623 0.71165774 0.01277596
v 0.06523665 0.68425880 0.00311810
v 0.08407668 0.79059658 0.21565586
v 0.01367201 0.76600657 0.23334318
v 0.02615259 0.74442128 0.24414498
v 0.03557952 0.75171254 0.23947865
v 0.02401135 0.77455077 0.22942167
v -0.00469434 0.77601526 0.14487177
v -0.00356830 0.78153572 0.16411406
v 0.00611292 0.79092709 0.15618569
v 0.00551497 0.78408448 0.13578612
v 0.09135680 0.33199550 -0.14304870
v 0.06136580 0.33135493 -0.13374847
v 0.10341475 0.55104575 -0.06260103
v 0.08271130 0.54677642 -0.05754989
v 0.08592240 0.56992556 -0.05026287
v 0.10567907 0.57505418 -0.05478710
v 0.04276325 0.69107817 0.02078444
v 0.03184002 0.66895304 0.02347285
v 0.18849819 0.58526693 0.20608717
v 0.18658466 0.60459349 0.21078831
v 0.16989889 0.60401360 0.21749645
v 0.17217459 0.58626003 0.21436697
v -0.07381321 0.62750448 0.09476858
v -0.05528135 0.64080326 0.09489018
v -0.04811040 0.63176105 0.09076935
v -0.06419859 0.61612872 0.08631045
v -0.02031381 0.23397545 0.01892620
v -0.00631697 0.21278847 -0.01460499
v 0.02340866 0.55041919 0.03596836
v 0.02914791 0.56575103 0.01518446
v 0.03138236 0.54992355 0.00808674
v 0.02507389 0.53569622 0.02852875
v 0.01765563 0.58512814 0.06397301
v 0.02077212 0.57515107 0.05417210
v 0.01293481 0.59459252 0.07317358
v -0.01116643 0.66602478 0.11381108
v -0.00796620 0.65807835 0.11868244
v -0.01249404 0.65988431 0.11987168
v 0.14457469 0.20163799 0.10893971
v 0.14645295 0.25458033 0.10116678
v 0.15615484 0.26284547 0.10176235
v 0.16534896 0.20560426 0.01493651
v 0.10506598 0.81222830 0.21747404
v 0.11465067 0.80134807 0.22617346
v -0.00935803 0.63515131 0.12567669
v -0.01390869 0.62510491 0.11461788
v 0.00110092 0.63551114 0.12077719
v 0.00856789 0.63022009 0.13470274
v 0.00620662 0.63600413 0.13622051
v -0.00082871 0.64162211 0.12276036
v -0.00551949 0.64935694 0.11260945
v -0.00365136 0.64359353 0.10925919
v 0.06057157 0.65615509 0.22340733
v 0.07175221 0.66143582 0.22544628
v 0.06527594 0.68134842 0.22759587
v 0.05434362 0.67519472 0.22661024
v 0.08476897 0.66528700 0.22615057
v 0.09936390 0.66850320 0.22592694
v 0.09165672 0.68914489 0.22686964
v 0.07741298 0.68584416 0.22739989
v 0.09589282 0.76382212 0.22180992
v 0.11803586 0.75359056 0.22386318
v 0.14029754 0.74791656 0.22214848
v 0.15846596 0.74488948 0.22046620
v 0.11937652 0.84653244 0.12717062
v 0.11856820 0.83843921 0.11710745
v 0.09918076 0.83666793 0.12503201
v 0.09770401 0.84302137 0.13743073
v 0.12579202 0.78557358 0.22598129
v 0.14324132 0.77999494 0.22928435
v 0.15833345 0.76748315 0.22406536
v -0.09069733 0.56477703 0.16262823
v -0.08023445 0.58565978 0.17067295
v 0.09439044 0.83941481 0.19948727
v 0.09763055 0.82553695 0.20985180
v -0.09400759 0.59439448 0.16187340
v -0.10404400 0.57296727 0.15391642
v 0.05764181 0.73263667 0.23438317
v 0.04586766 0.75780354 0.23480040
v 0.04696754 0.72774170 0.23843771
v 0.12811417 0.79285751 0.23279053
v 0.14470921 0.78732727 0.23686033
v -0.01430866 0.27019529 0.06226641
v 0.00475877 0.27137627 0.09408861
v 0.04046086 0.47996734 0.08645540
v 0.02909586 0.49290987 0.06717688
v 0.19717484 0.46582271 0.15188080
v 0.19652673 0.44740550 0.14635998
v 0.17078293 0.78929041 0.24673754
v 0.16733522 0.41456174 0.13896853
v 0.19059551 0.41124796 0.13509756
v 0.19419236 0.42982672 0.14041048
v 0.17068863 0.43135007 0.14369827
v 0.19620820 0.39184542 0.12730938
v 0.19666820 0.38428776 0.12502962
v 0.17867987 0.27499329 0.09781414
v 0.19014991 0.27583681 0.09628922
v -0.02394963 0.62216220 0.19724327
v -0.01673801 0.63733993 0.20618111
v -0.03007452 0.65053461 0.21235567
v -0.03828571 0.63387940 0.20240313
v 0.14492760 0.41933645 0.13706642
v 0.12144574 0.42574738 0.12980419
v 0.03631910 0.61745710 0.18258673
v 0.02894839 0.61841468 0.16578299
v 0.19653845 0.54533700 0.17335087
v 0.15631994 0.58737717 0.22044045
v 0.15350528 0.60334665 0.22211510
v 0.13754251 0.60264401 0.22443539
v 0.14066024 0.58779974 0.22372204
v 0.16329443 0.20640708 0.00533777
v -0.06982150 0.68811522 0.14146143
v -0.06381581 0.70007167 0.14220339
v -0.06118079 0.69519273 0.13253504
v -0.06782634 0.68375490 0.13235098
v 0.16022415 0.18098522 0.02997595
v 0.15710899 0.16311760 0.03006560
v 0.12556089 0.19722832 -0.05908245
v 0.14104845 0.19992659 -0.04873079
v 0.12297792 0.15632517 0.14873940
v 0.12285900 0.18537203 0.14103705
v 0.12256492 0.12694092 0.15780693
v 0.12192526 0.09464292 0.16646153
v 0.09433260 -0.11126616 0.17453057
v 0.07745861 -0.13681840 0.17213589
v 0.04524394 -0.21785401 0.12899500
v 0.03498643 -0.24821900 0.11207586
v 0.02290321 -0.28075623 0.09491736
v 0.01045022 -0.31400918 0.07778984
v -0.00034542 -0.34707998 0.06522757
v -0.11311839 0.57897190 0.14053637
v -0.10367135 0.60252658 0.14802414
v -0.10702650 0.60454957 0.13124710
v -0.11698935 0.58145607 0.12527376
v -0.02451272 0.59140674 0.10837752
v -0.02032287 0.58716706 0.12409550
v -0.03095118 0.57025973 0.11537176
v -0.03602203 0.57516200 0.10120350
v -0.04790790 0.55749998 0.09362131
v -0.05605377 0.56201596 0.08345515
v -0.04266737 0.58006052 0.09013945
v -0.09188483 0.57747243 0.07767492
v -0.10348574 0.58198504 0.08499104
v -0.09021721 0.60340844 0.08981281
v -0.07882089 0.59639690 0.08188730
v -0.11696763 0.58305345 0.10987145
v -0.10607440 0.60465995 0.11545807
v -0.10070906 0.60483382 0.10140330
v -0.11244760 0.58339582 0.09587723
v -0.04081222 0.54590941 0.13623816
v -0.03913129 0.54858826 0.12103468
v -0.02833072 0.56653140 0.13093764
v -0.03031445 0.56425498 0.14633566
v -0.04642288 0.66431008 0.21226889
v -0.05399580 0.64612381 0.20102793
v 0.02013614 0.64053092 0.18610054
v 0.01978927 0.64403818 0.20136458
v 0.01467206 0.63922904 0.19709116
v 0.01519411 0.64058791 0.18319422
v -0.05407364 0.59740154 0.18272167
v -0.04561160 0.61608241 0.19252259
v -0.06152097 0.62662117 0.18999439
v -0.07019777 0.60643951 0.17938238
v -0.01907569 0.58178369 0.15616041
v -0.01764030 0.58358375 0.14067703
v -0.00788302 0.60085220 0.15056616
v -0.00864459 0.59830771 0.16635996
v -0.05085839 0.60821013 0.08470064
v -0.03657606 0.62414969 0.09059530
v -0.00425013 0.62668122 0.19590813
v -0.01059758 0.61353991 0.18711144
v 0.03996632 0.60928283 0.18042284
v 0.01335745 0.61647848 0.13001734
v 0.01080241 0.62380804 0.13274103
v 0.08512842 0.55250476 0.19183022
v 0.08558360 0.56196205 0.20236164
v 0.03525653 0.57716153 0.13881499
v 0.02989212 0.59020610 0.14152199
v 0.07595331 0.55914373 0.19037634
v 0.07926915 0.56415693 0.19866615
v 0.12774425 0.50860967 0.15583760
v 0.15848813 0.75753329 0.22024971
v -0.03082694 0.60632185 0.18782383
v -0.01730091 0.60035507 0.17869431
v -0.04207251 0.65163151 0.09768397
v -0.03207628 0.66049711 0.10160357
v -0.02565783 0.65435515 0.10211331
v -0.03467883 0.64479194 0.09614044
v 0.01445380 0.69571153 0.05437523
v 0.02704700 0.69427858 0.03725249
v 0.02026530 0.67452655 0.04078919
v 0.00999804 0.67831949 0.05740505
v -0.07407979 0.68747727 0.15812546
v -0.07573242 0.68128351 0.16808802
v -0.06859172 0.69792650 0.17469031
v -0.06771980 0.70162157 0.16202980
v -0.06699421 0.69075684 0.18908173
v -0.07467007 0.67178688 0.18030697
v -0.06775416 0.65901158 0.19265085
v -0.06027260 0.67877893 0.20289141
v -0.01949594 0.30287476 -0.00385183
v -0.01805134 0.30246122 0.02969891
v 0.04910051 0.41310652 0.08532339
v 0.06966997 0.40242247 0.09813648
v 0.09646930 0.33075002 0.10585600
v 0.16019583 0.22418473 0.08204466
v 0.16642452 0.20941166 0.05579621
v 0.15185743 0.13758163 0.03370720
v -0.00906705 0.30053438 0.05963618
v 0.14283752 0.10783643 0.04343182
v 0.13353310 0.07795528 0.05571800
v 0.07194819 0.06857938 0.01419407
v 0.04548964 0.06995750 0.02033049
v 0.04864753 0.09784276 0.00230557
v 0.07792517 0.09777711 -0.00481457
v 0.02269899 0.07382853 0.03640944
v 0.02323308 0.10033766 0.01914936
v 0.07308622 0.03745202 0.20829540
v 0.00150791 -0.16809677 0.04418713
v -0.02658219 -0.19955449 0.04342419
v -0.01969413 -0.16429972 0.05420071
v -0.00740605 -0.20181470 0.03405291
v -0.03552582 -0.16593461 0.07142025
v -0.02621678 -0.13568919 0.08555466
v -0.03260926 -0.23142456 0.12531859
v -0.01539763 -0.23711835 0.02668577
v -0.03267006 -0.23675512 0.03514773
v -0.04158727 -0.20082181 0.05978638
v -0.04556097 -0.23830735 0.04860407
v 0.16230028 0.19254137 0.03098351
v 0.02795300 0.24780316 0.12686163
v 0.03223789 0.27381633 0.11869580
v 0.09589620 0.28127049 0.11948210
v 0.12262335 0.26518963 0.11295611
v 0.10017564 0.44905941 0.12329251
v 0.07762205 0.45740454 0.11370856
v 0.08386967 0.48805170 0.12409455
v 0.06381281 0.49679123 0.11297137
v 0.06016079 0.48204313 0.10700995
v 0.08039082 0.47230487 0.11869007
v 0.03254146 0.52083019 0.07946688
v 0.02402726 0.53557805 0.05781418
v 0.02496736 0.52096183 0.05041176
v 0.03195011 0.50684767 0.07230955
v 0.02334071 0.50651781 0.04534394
v 0.02379861 0.52055238 0.02300459
v 0.06850149 0.58452005 -0.03356308
v 0.05344722 0.57452644 -0.02239651
v 0.05193681 0.59399600 -0.01430315
v 0.06734464 0.60556746 -0.02410644
v 0.16805398 0.27107959 0.10016209
v 0.16616986 0.20392419 0.03607899
v 0.12294527 0.21199189 0.13272387
v 0.09421263 0.24353809 0.13789993
v 0.05986947 0.24710230 0.13948160
v -0.00459785 0.63195864 0.13900143
v -0.00745640 0.69695554 0.08757359
v -0.00680997 0.68375585 0.08650881
v -0.08232714 0.65241877 0.17038161
v -0.07522539 0.63916335 0.18178993
v -0.00058555 0.61149881 0.17571741
v -0.02282269 0.66528867 0.22075468
v -0.00906154 0.65118239 0.21359736
v -0.00199605 0.66334746 0.22119909
v 0.06765512 0.32605988 0.10281473
v 0.03735059 0.31684829 0.10085398
v 0.06682242 0.30907448 0.11019570
v 0.14931880 0.20120347 -0.03277725
v 0.14436004 0.24431075 0.10191542
v 0.12614234 0.04928709 0.06858784
v 0.12126048 0.02146191 0.07922035
v 0.11708944 -0.00489982 0.08711964
v 0.11293898 -0.03046413 0.09351498
v 0.10756083 -0.05589967 0.09768063
v 0.09921252 -0.07868077 0.10252911
v 0.09022239 -0.09648403 0.10647017
v 0.08088069 -0.11619901 0.10091025
v 0.07608595 -0.17240935 0.08455807
v 0.06641585 -0.16389363 0.06958014
v 0.07349697 -0.13841646 0.08596379
v 0.05813386 -0.19225775 0.05407339
v 0.04803883 -0.22240066 0.04124790
v 0.03336990 -0.25437128 0.03321606
v 0.01976032 -0.28805768 0.02586371
v 0.00901390 -0.32205187 0.01716047
v 0.15928650 0.20506317 -0.00520128
v 0.15459458 0.20367835 -0.01822275
v 0.07053450 0.73703442 0.22851807
v 0.01724303 0.62797839 0.15051895
v 0.01394371 0.63398109 0.15124041
v 0.00550011 0.62250851 0.18387324
v -0.09548042 0.62520222 0.11949021
v -0.09751386 0.62740187 0.13500553
v 0.00006347 0.61576194 0.16051108
v 0.01673790 0.64122585 0.17043501
v 0.01163905 0.64567957 0.17089421
v -0.15298740 0.39505817 0.13855177
v -0.16537965 0.39828344 0.13137299
v -0.16473971 0.37727206 0.13166338
v -0.15236981 0.37463008 0.13741595
v -0.13880799 0.39219068 0.13916784
v -0.13905085 0.37235831 0.13694340
v -0.11010383 0.38468836 0.08253437
v -0.10738997 0.38636176 0.09718090
v -0.11370725 0.36695819 0.09572512
v -0.11745940 0.36553936 0.08193785
v -0.12868012 0.35128717 0.12887484
v -0.12163199 0.35035537 0.11920553
v -0.11848317 0.36948393 0.12150246
v -0.12728016 0.37057983 0.13125521
v -0.13310117 0.38716655 0.06251770
v -0.14696292 0.39093255 0.06180340
v -0.13931147 0.40964233 0.05902916
v -0.12495641 0.40548496 0.06126696
v -0.08548746 0.46411310 0.09566313
v -0.08716167 0.46116926 0.08069378
v -0.08080737 0.47566377 0.08553320
v -0.08083037 0.47792803 0.10072523
v -0.15282763 0.43724625 0.14022404
v -0.16381744 0.44145002 0.12994343
v -0.16499338 0.41983138 0.13097197
v -0.15289835 0.41602101 0.13972336
v -0.11030681 0.43007408 0.12994200
v -0.10140286 0.42892571 0.11656433
v -0.09929777 0.45029943 0.11927754
v -0.10914696 0.45173495 0.13216263
v -0.15282542 0.45919751 0.13983875
v -0.16170410 0.46294414 0.12756544
v -0.11527566 0.38884811 0.12459475
v -0.10912497 0.38797544 0.11132199
v -0.10485507 0.40801020 0.11420494
v -0.11261837 0.40894573 0.12746435
v -0.14637462 0.35007964 0.06882721
v -0.15876029 0.35312598 0.07018000
v -0.15350098 0.37209104 0.06578356
v -0.14035968 0.36859624 0.06525475
v -0.11911164 0.34933166 0.10764939
v -0.11989314 0.34792690 0.09513336
v -0.11428238 0.36856751 0.10911804
v -0.17981333 0.35945563 0.11204869
v -0.17373369 0.35850869 0.12318283
v -0.17439864 0.37975495 0.12171656
v -0.17957426 0.38082396 0.10894400
v -0.09676589 0.42484997 0.08690411
v -0.09661795 0.42711471 0.10176760
v -0.10140074 0.40651016 0.09922940
v -0.10317467 0.40456696 0.08435827
v -0.13784499 0.43384878 0.14391667
v -0.13829992 0.41281386 0.14145714
v -0.17816843 0.40214496 0.10562950
v -0.17419479 0.40116264 0.11999136
v -0.17255602 0.42271961 0.11789900
v -0.17586721 0.42359083 0.10245520
v -0.16719751 0.44203322 0.08180004
v -0.15633176 0.43842139 0.06917959
v -0.16348664 0.41885190 0.07368427
v -0.17247815 0.42192452 0.08657986
v -0.09098143 0.44530033 0.09058624
v -0.09471766 0.44316803 0.07559210
v -0.11593617 0.42428674 0.06148869
v -0.13037864 0.42833005 0.05750042
v -0.12089751 0.44676565 0.05722815
v -0.10605426 0.44306256 0.06278425
v -0.12068940 0.48985140 0.14479834
v -0.13630305 0.49386795 0.14332968
v -0.13735498 0.47723775 0.14449650
v -0.12153182 0.47431667 0.14363962
v -0.15152864 0.48058872 0.13738304
v -0.14929060 0.49842252 0.13445145
v -0.14601729 0.52469785 0.11581141
v -0.14432601 0.52602215 0.10182339
v -0.14858777 0.51538474 0.10212094
v -0.15073414 0.51423977 0.11684948
v -0.15405179 0.48007731 0.07063633
v -0.13963834 0.47673138 0.06109053
v -0.14830599 0.45762299 0.06505591
v -0.16110117 0.46136661 0.07624680
v -0.11571286 0.48618765 0.05607754
v -0.10126115 0.47856628 0.05941158
v -0.11084385 0.46397190 0.05754000
v -0.12542624 0.47063212 0.05658108
v -0.07989908 0.53104494 0.07086569
v -0.07000379 0.52581377 0.07821089
v -0.07784061 0.51320712 0.07238537
v -0.08889914 0.51844064 0.06578499
v -0.06508548 0.50689663 0.09855229
v -0.05817085 0.51797391 0.10417658
v -0.05968740 0.51531897 0.11866862
v -0.06646348 0.50514324 0.11307436
v -0.11029232 0.52818028 0.14934927
v -0.12431885 0.53615306 0.14152008
v -0.12907732 0.52587099 0.14125973
v -0.11459605 0.51835484 0.14736706
v -0.14698468 0.49628960 0.06632525
v -0.13059778 0.49521049 0.05756956
v -0.07021260 0.49740373 0.09390742
v -0.07150538 0.49679060 0.10866791
v -0.07628840 0.48845478 0.10475403
v -0.07546082 0.48759826 0.08998305
v -0.08886258 0.50174885 0.13235861
v -0.10172088 0.50485690 0.14177138
v -0.10399044 0.49695592 0.13928133
v -0.09248630 0.49389835 0.12838465
v -0.11694054 0.51000706 0.14653450
v -0.13206218 0.51641999 0.14113671
v -0.13454873 0.50633328 0.14249235
v -0.11886466 0.50074856 0.14563471
v -0.14227198 0.50761290 0.06472164
v -0.14837373 0.50902374 0.07699591
v -0.14249910 0.51784594 0.07543093
v -0.13587622 0.51628027 0.06456286
v -0.10578073 0.49801727 0.05821997
v -0.09271405 0.49103816 0.06294590
v -0.09592567 0.48414205 0.12516791
v -0.08633698 0.48023687 0.11395889
v -0.08231942 0.49014293 0.11815506
v -0.14632411 0.51139412 0.13188940
v -0.09068973 0.53559459 0.06703144
v -0.10165180 0.54047267 0.06604487
v -0.09165935 0.55361620 0.06997257
v -0.08036529 0.54863004 0.07116705
v -0.07006545 0.54388059 0.07595593
v -0.06087687 0.53912757 0.08469444
v -0.04979263 0.53114895 0.11130244
v -0.05142791 0.52855624 0.12634379
v -0.05840368 0.52821482 0.14040476
v -0.06974746 0.53116287 0.15127712
v -0.07852648 0.51799358 0.14295632
v -0.06690794 0.51520492 0.13235623
v -0.10058899 0.54480750 0.15493733
v -0.11413161 0.55279083 0.14642960
v -0.13169000 0.54178722 0.12959582
v -0.12272159 0.55752305 0.13364464
v -0.07483431 0.49883105 0.07899195
v -0.06906130 0.50944643 0.08399826
v -0.17669965 0.40140258 0.09080225
v -0.16928790 0.39887794 0.07782274
v -0.17338918 0.37867557 0.08236319
v -0.17921955 0.38053732 0.09515864
v -0.16880680 0.35616724 0.07666546
v -0.16468991 0.37580447 0.07206112
v -0.12575809 0.39020752 0.13424736
v -0.12429432 0.41030850 0.13683134
v -0.13909096 0.35292922 0.13512045
v -0.10658489 0.48672785 0.13647705
v -0.10840092 0.47243117 0.13436705
v -0.14127077 0.52696858 0.08789736
v -0.13962916 0.53654386 0.10167128
v -0.13660670 0.53729779 0.08788305
v -0.15473784 0.49819242 0.08155638
v -0.16154982 0.48261015 0.08773905
v -0.15998963 0.48392452 0.10700232
v -0.15361754 0.50227474 0.10005480
v -0.12891666 0.52424777 0.06568438
v -0.13680113 0.52643673 0.07529503
v -0.13050086 0.53615100 0.07636934
v -0.12152497 0.53365670 0.06752735
v -0.09342907 0.52158395 0.14911419
v -0.09822632 0.51217006 0.14460713
v -0.12660865 0.56274057 0.10451132
v -0.13363520 0.54826141 0.10258013
v -0.13427789 0.54534657 0.11606032
v -0.12670092 0.55989573 0.11875826
v -0.14052207 0.53458888 0.11543947
v -0.12245379 0.56426192 0.09146601
v -0.13047499 0.54948569 0.08924872
v -0.08478988 0.53696079 0.15695769
v -0.11337698 0.54565264 0.06988198
v -0.12338636 0.54852966 0.07810026
v -0.11469124 0.56302906 0.08071333
v -0.10347168 0.55924548 0.07323509
v -0.15917460 0.39523535 0.06773859
v -0.15228117 0.41460030 0.06406552
v -0.08820591 0.47477408 0.06997925
v -0.09624220 0.46033539 0.06581694
v -0.08101211 0.48769115 0.07448155
v -0.11950911 0.38462298 0.06962258
v -0.12722320 0.36607735 0.07063872
v -0.10300736 0.42322464 0.07215744
v -0.11122469 0.40367361 0.07019860
v -0.17186264 0.44414620 0.09842402
v -0.10834746 0.51412989 0.05950075
v -0.09716336 0.50774770 0.06183869
v -0.11780156 0.50532262 0.05657250
v -0.05322004 0.53525604 0.09726769
v -0.06209061 0.52147261 0.08992296
v -0.13366548 0.50590433 0.05808741
v -0.04151908 0.55288283 0.10616356
v -0.15475977 0.50179668 0.11915308
v -0.14232696 0.52169747 0.12988859
v -0.13773165 0.53121639 0.12927395
v -0.16352991 0.35663293 0.13210493
v -0.12272663 0.43133576 0.13956314
v -0.09816573 0.46985422 0.12200218
v -0.08983127 0.46700122 0.10931069
v -0.11896647 0.51994211 0.05993277
v -0.11068953 0.52920757 0.06245762
v -0.09983034 0.52380145 0.06309706
v -0.08445443 0.50861786 0.13676602
v -0.07332800 0.50551720 0.12641865
v -0.13408149 0.34779762 0.07317406
v -0.07785738 0.49802368 0.12183052
v -0.15845949 0.48347809 0.12332493
v 0.11441573 0.80715243 0.07919985
v 0.04186617 0.56447113 0.13486487
v 0.09190508 0.53029335 0.14962870
v 0.07352838 0.53807483 0.14161402
v 0.02297502 0.61219556 0.14713579
v 0.02007348 0.62059645 0.14943606
v 0.01005142 0.64078788 0.15554434
v 0.00571780 0.64808969 0.15691715
v 0.04005232 0.58717070 0.16010624
v 0.07455713 0.94579435 0.27863699
v 0.07656837 0.94160260 0.27245527
v 0.07113018 0.95627070 0.28660446
v 0.19936434 0.40188249 0.12851053
v 0.07887111 0.92796076 0.28066546
v 0.08167860 0.92219389 0.27407461
v 0.07647455 0.92402852 0.27767855
v 0.07951579 0.92811895 0.28278977
v 0.07935234 0.92876197 0.28391272
v 0.07108860 0.95203597 0.29660183
v 0.07932105 0.93489415 0.26708132
v 0.08232166 0.92619909 0.26323849
v 0.07514789 0.93797017 0.29392248
v 0.08885810 0.47152828 -0.08677524
v 0.11207046 0.47177781 -0.09432644
v 0.10755146 0.45016270 -0.10486978
v 0.08287755 0.44944690 -0.09545463
v 0.10324903 0.42872743 -0.11440891
v -0.00527240 0.38614904 -0.05279297
v -0.01379539 0.38812278 -0.02669424
v -0.00779166 0.41014819 -0.02386755
v -0.00024181 0.41028349 -0.04875892
v -0.00409561 0.42382650 0.00268513
v -0.00070933 0.42892926 -0.02125877
v -0.01003138 0.40740387 0.00226217
v -0.00583800 0.40061198 0.02812964
v -0.00068053 0.41645797 0.02756458
v 0.00404095 0.39058475 0.05092913
v 0.00935557 0.40708546 0.05026060
v 0.01931055 0.38036074 0.06967980
v 0.04018513 0.37019883 0.08470637
v 0.06765558 0.34360451 0.09988028
v 0.09461426 0.34936844 0.10458142
v 0.06686360 0.36045523 0.09676462
v 0.14601417 0.33273553 0.10938936
v 0.12163067 0.33946775 0.10881001
v 0.18567105 0.32691963 0.10764796
v 0.16737763 0.32875671 0.10908562
v 0.08244135 0.71293531 0.22717959
v 0.05589957 0.82504652 0.17780071
v 0.04547732 0.81861744 0.17868143
v 0.04436027 0.80812977 0.20118958
v 0.01909982 0.79147301 0.12371069
v 0.01895291 0.79928277 0.14440876
v 0.03439910 0.80565009 0.12679964
v 0.03515752 0.79644165 0.11010319
v 0.06203926 0.82924352 0.15899473
v 0.06867856 0.83313368 0.15954500
v 0.05364968 0.82493500 0.15727717
v 0.08087962 0.82978223 0.12531382
v 0.06571824 0.82844720 0.13898617
v 0.00477434 0.78071992 0.21134382
v -0.00049759 0.78466938 0.18651444
v -0.00929187 0.77572022 0.19153649
v -0.00573693 0.77087174 0.21607071
v -0.00432334 0.76864717 0.12829739
v -0.00295138 0.75933574 0.11387974
v -0.01247507 0.75387959 0.12138754
v -0.01357163 0.76217161 0.13530165
v -0.03498272 0.73037116 0.22019058
v -0.03906817 0.74077694 0.20103794
v -0.04946090 0.72544549 0.19950968
v -0.04431953 0.71415106 0.21634060
v -0.01343087 0.76855073 0.15209109
v 0.04951798 0.71284763 0.02451187
v 0.03222359 0.71320025 0.03820568
v 0.01856392 0.71264009 0.05352932
v -0.00782386 0.70984648 0.09023434
v -0.00168232 0.71037028 0.08141857
v -0.00194537 0.69591616 0.07832724
v -0.01406188 0.70953850 0.09737974
v -0.02021959 0.70543698 0.10439354
v 0.00869814 0.64956663 0.21023422
v 0.01594064 0.65655444 0.21620232
v 0.00532064 0.67479060 0.22788149
v -0.02913822 0.68915329 0.11250311
v -0.02320498 0.69593427 0.11010128
v -0.02064695 0.68926177 0.10923058
v -0.02645265 0.68409089 0.11140639
v 0.01506064 0.78953443 0.20667750
v -0.05080969 0.72940258 0.18149859
v -0.04009723 0.74298261 0.18184048
v -0.04108977 0.74055729 0.16525465
v -0.05134428 0.72821657 0.16600996
v -0.04988332 0.72668830 0.15241200
v -0.04065796 0.73771648 0.15048844
v -0.03877769 0.73320202 0.13803345
v -0.04757675 0.72348354 0.14083916
v -0.03276738 0.69500265 0.11398941
v -0.02579541 0.70264767 0.11227137
v -0.03952321 0.68079166 0.22084671
v -0.00539413 0.74334834 0.23859984
v 0.00909220 0.72195468 0.24527556
v 0.01793333 0.73400412 0.24612385
v 0.00424457 0.75578097 0.23704535
v -0.00613465 0.64414004 0.13585526
v -0.00022059 0.64111493 0.15034634
v -0.01070648 0.64805738 0.12297779
v -0.01486757 0.67447434 0.11062151
v -0.01554425 0.65379278 0.11369711
v 0.01038850 0.63197044 0.19081408
v 0.00183602 0.63919423 0.20376068
v 0.02151459 0.69920794 0.23822266
v 0.02979084 0.71047745 0.24078184
v -0.05264429 0.69658462 0.21107298
v -0.05894182 0.70809958 0.19592625
v -0.03673033 0.68109325 0.11059576
v -0.03319542 0.67650090 0.10839659
v -0.04064944 0.67027591 0.10566908
v -0.01288795 0.67736099 0.10081774
v -0.01799152 0.68260566 0.10932165
v -0.01556362 0.75942562 0.21993691
v -0.06035010 0.71418230 0.17864710
v -0.06016212 0.71517155 0.16389710
v -0.03150179 0.74714623 0.14662367
v -0.03120297 0.75173227 0.16196257
v -0.02230828 0.76088510 0.15722471
v -0.02276031 0.75523559 0.14127785
v -0.05618442 0.71285639 0.14133555
v -0.05360440 0.70663069 0.13191038
v -0.02173922 0.74781297 0.12817103
v -0.03018164 0.74105720 0.13378674
v -0.04086214 0.68690721 0.11256033
v 0.03770456 0.72035525 0.24081141
v 0.04644912 0.69730804 0.23237902
v 0.05673808 0.70426355 0.23175293
v 0.03043055 0.67714814 0.22752577
v 0.03844761 0.68846778 0.23067433
v 0.02289817 0.66490159 0.22218090
v 0.06847329 0.70820419 0.22984415
v -0.12693022 0.51206861 0.05832297
v -0.03724847 0.66575448 0.10323387
v -0.04642473 0.65823279 0.10089403
v -0.04874588 0.66392390 0.10366207
v -0.08801297 0.62605880 0.10590035
v 0.16802361 0.82239864 0.34111553
v 0.16824012 0.82591037 0.34621721
v 0.16689914 0.84187452 0.35856205
v 0.16649747 0.84522770 0.36014420
v -0.14581693 0.51748518 0.08833939
v -0.14959005 0.50986452 0.08810049
v -0.16709874 0.46406017 0.09367853
v -0.16960768 0.44409783 0.11527210
v -0.16537813 0.46461786 0.11157376
v -0.13796795 0.45576485 0.14560896
v -0.12210811 0.45375760 0.14238030
v -0.09277288 0.44799490 0.10493618
v -0.13484008 0.45252107 0.05837208
v -0.14844806 0.31558834 0.13745600
v -0.16055993 0.31672035 0.13489729
v -0.15861330 0.29671692 0.13683897
v -0.14638085 0.29597037 0.13742405
v -0.14459334 0.27699624 0.13819843
v -0.13593940 0.27592312 0.13190466
v -0.13654752 0.29445700 0.13274151
v -0.13235096 0.27545791 0.12262493
v -0.13125364 0.29371213 0.12405688
v -0.13283388 0.27555864 0.11233860
v -0.13629560 0.27476637 0.10327107
v -0.13229058 0.29265522 0.10432392
v -0.13001514 0.29346840 0.11406523
v -0.13130523 0.31057345 0.09539705
v -0.13687764 0.29168151 0.09516770
v -0.14362905 0.29138909 0.08713776
v -0.13720054 0.31004946 0.08561283
v -0.16755564 0.27478515 0.08497816
v -0.17558334 0.27622996 0.08865935
v -0.17187415 0.29505544 0.08412224
v -0.16281633 0.29341792 0.08026224
v -0.18041689 0.31756728 0.09643942
v -0.17540316 0.31645493 0.08661228
v -0.17858709 0.29659085 0.09174925
v -0.18316172 0.29789804 0.10138851
v -0.18682686 0.27984987 0.10605198
v -0.18522356 0.27997594 0.11712128
v -0.18355904 0.29836564 0.11172444
v -0.15160275 0.35474806 0.13636261
v -0.15036408 0.33506565 0.13674217
v -0.13835175 0.33348696 0.13419682
v -0.12715910 0.31222902 0.11585528
v -0.12439741 0.33129804 0.11755377
v -0.12943632 0.33232783 0.12729078
v -0.13028229 0.31300543 0.12575012
v -0.12454880 0.34691148 0.08262402
v -0.12576074 0.32938896 0.09524161
v -0.13101817 0.32867514 0.08414179
v -0.12790809 0.31134020 0.10565239
v -0.12358002 0.33028679 0.10659271
v -0.14658434 0.31100457 0.07851988
v -0.15282662 0.29213242 0.08175951
v -0.17117635 0.31736349 0.12798268
v -0.17898188 0.31806295 0.11852938
v -0.17834438 0.29775809 0.12213570
v -0.16979055 0.29726939 0.13094431
v -0.14038537 0.32938646 0.07606941
v -0.17958222 0.33843921 0.11526209
v -0.17257972 0.33776294 0.12545210
v -0.18231527 0.31824927 0.10750538
v -0.18129770 0.33842389 0.10335165
v -0.16848002 0.27866118 0.13413292
v -0.15672443 0.27777414 0.13889891
v -0.16239516 0.33648692 0.13350731
v -0.15734185 0.31260376 0.07604367
v -0.16768138 0.31463789 0.07928616
v -0.16330133 0.33390497 0.07464796
v -0.15194071 0.33136980 0.07241160
v -0.17605934 0.35821234 0.08694512
v -0.17222712 0.33618729 0.08173233
v -0.17825166 0.33772718 0.09165150
v -0.18261106 0.27813922 0.09590346
v -0.18025623 0.35923992 0.09914547
v -0.14770503 0.19125477 0.12254959
v -0.14316333 0.19896821 0.11815029
v -0.13474880 0.19334225 0.12313133
v -0.14006082 0.18630330 0.12764603
v -0.12081505 0.20960204 0.11507517
v -0.11517415 0.21891330 0.12054211
v -0.11000119 0.20939884 0.12769800
v -0.11476354 0.20150451 0.12303454
v -0.13432662 0.18353788 0.13431317
v -0.12867252 0.18944673 0.12894303
v -0.13122068 0.18556289 0.14033085
v -0.13868986 0.17983524 0.14730316
v -0.13857434 0.17763362 0.13986355
v -0.14298225 0.17329542 0.15171200
v -0.14495111 0.18815533 0.15362841
v -0.15066374 0.17714212 0.15630728
v -0.17105148 0.19624595 0.14828640
v -0.17992843 0.19866351 0.14202553
v -0.18191288 0.18438480 0.14465052
v -0.17205189 0.18201093 0.15046173
v -0.19407458 0.19092653 0.12807518
v -0.18850918 0.18668065 0.13683659
v -0.18594066 0.20121149 0.13525158
v -0.19114814 0.20436434 0.12755114
v -0.16024033 0.19801650 0.11519009
v -0.15773688 0.20679490 0.11062676
v -0.15203471 0.20417098 0.11401802
v -0.15528665 0.19603882 0.11843449
v -0.12300474 0.18862996 0.14616400
v -0.13245372 0.19498000 0.14878994
v -0.13325361 0.18854389 0.14681345
v -0.12299640 0.18603734 0.14322478
v -0.15959192 0.22787837 0.09067827
v -0.15731738 0.24016515 0.09049040
v -0.15022875 0.23993240 0.09608561
v -0.15346823 0.22884534 0.09559351
v -0.12655495 0.23462043 0.11033446
v -0.13352189 0.24082200 0.10771233
v -0.12960626 0.24886105 0.12021309
v -0.12551818 0.24144963 0.12339789
v -0.12061278 0.22743843 0.11451298
v -0.12075208 0.23452798 0.12659985
v -0.11621235 0.22505329 0.13069779
v -0.11074896 0.21397446 0.13599831
v -0.16728602 0.24183832 0.08642536
v -0.17046044 0.23298905 0.08516413
v -0.14994631 0.12376747 0.15215403
v -0.15353642 0.12269614 0.14773995
v -0.15254236 0.12817971 0.14747387
v -0.14891199 0.12932751 0.15193468
v -0.18721960 0.23880503 0.09556204
v -0.19024603 0.23967312 0.10527140
v -0.18853913 0.24635855 0.10239655
v -0.18368260 0.24511955 0.09344250
v -0.19162870 0.23054204 0.09742361
v -0.19273279 0.23116038 0.10860926
v -0.15640763 0.12392680 0.16318423
v -0.15160529 0.12435118 0.16112047
v -0.15165613 0.13021521 0.16111094
v -0.15679143 0.12998287 0.16299731
v -0.14303697 0.17901955 0.13211495
v -0.15007476 0.18309931 0.12664610
v -0.14909283 0.16231350 0.13669831
v -0.15139846 0.17305390 0.13067442
v -0.14395706 0.17154918 0.13680035
v -0.14444924 0.16405557 0.14137274
v -0.16733114 0.18012104 0.11874586
v -0.16561518 0.18997715 0.11602884
v -0.16020683 0.18639980 0.12121731
v -0.16193200 0.17619393 0.12375885
v -0.17336855 0.19152693 0.10564810
v -0.17580084 0.18236093 0.10859877
v -0.17994131 0.18302397 0.10285765
v -0.17727635 0.19111959 0.10063654
v -0.17624832 0.16359124 0.11855608
v -0.17950664 0.15532480 0.12238413
v -0.18381838 0.15682934 0.11913639
v -0.18032734 0.16463051 0.11466557
v -0.18737040 0.25321040 0.10018402
v -0.18138296 0.25229363 0.09201199
v -0.20258943 0.19711618 0.10991055
v -0.20211605 0.19930289 0.09966332
v -0.20579324 0.18966154 0.09845263
v -0.20582620 0.18760411 0.10911328
v -0.18899162 0.23913715 0.11608893
v -0.18825899 0.24655340 0.11363369
v -0.16218332 0.12312553 0.16212708
v -0.16264046 0.12925557 0.16203219
v -0.12408028 0.22676996 0.13889796
v -0.11730854 0.21493928 0.14331681
v -0.12918822 0.23656158 0.13541418
v -0.13252319 0.24368552 0.13334042
v -0.13412676 0.25144337 0.13234383
v -0.15648291 0.16816823 0.12959295
v -0.15576089 0.18882851 0.12192589
v -0.16342224 0.19937084 0.11179215
v -0.18297891 0.20074377 0.08859116
v -0.18141199 0.20804618 0.08671242
v -0.17367570 0.20468835 0.09234673
v -0.17759500 0.19871942 0.09369427
v -0.19777642 0.19823466 0.09113604
v -0.19143982 0.19490228 0.08910185
v -0.19425280 0.18672995 0.09023815
v -0.20090003 0.18912242 0.09111983
v -0.12074239 0.19136796 0.14957005
v -0.12838910 0.20089881 0.14956576
v -0.18065987 0.23651228 0.08774143
v -0.17648051 0.24371634 0.08762604
v -0.17364226 0.25116012 0.08806950
v -0.15582306 0.21774218 0.10217482
v -0.14926181 0.22911028 0.09853417
v -0.14337645 0.22759656 0.10128218
v -0.15212471 0.21633814 0.10504109
v -0.13655377 0.20693181 0.11161143
v -0.12847350 0.21743266 0.10849482
v -0.12819878 0.20018802 0.11747748
v -0.14316691 0.24039636 0.10058695
v -0.14867176 0.24957774 0.09687191
v -0.14123000 0.25000421 0.10261732
v -0.15687091 0.24951563 0.09157425
v -0.16561122 0.25007907 0.08815771
v -0.14653904 0.25960521 0.09650952
v -0.13964010 0.26040964 0.10291058
v -0.15514017 0.25952707 0.09132057
v -0.16362617 0.25967364 0.08820683
v -0.18854720 0.26582097 0.11004358
v -0.18563423 0.26417594 0.09876543
v -0.18836896 0.25491230 0.11173588
v -0.13181622 0.26046913 0.12161022
v -0.13452415 0.25023047 0.11046511
v -0.13466079 0.26055853 0.11129147
v -0.13529209 0.26144122 0.13202482
v -0.11080543 0.19610069 0.12868935
v -0.10724334 0.19032196 0.13289505
v -0.11346389 0.18618647 0.13327604
v -0.11760814 0.19114009 0.12999207
v -0.14650933 0.16602800 0.15445477
v -0.14295889 0.16482649 0.14821440
v -0.14094193 0.17171542 0.14447170
v -0.16583834 0.21935330 0.08961540
v -0.17525668 0.22401551 0.08459145
v -0.15424798 0.15983311 0.13458067
v -0.15658603 0.13726578 0.16240030
v -0.15112005 0.13721977 0.16032225
v -0.14959232 0.14955387 0.15812165
v -0.15570826 0.14937768 0.16086012
v -0.16074784 0.15174673 0.13800770
v -0.15446029 0.15364251 0.13822371
v -0.15508861 0.14585254 0.14027220
v -0.16140676 0.14434192 0.14130264
v -0.18731476 0.15995637 0.11292845
v -0.18475039 0.16626827 0.10928875
v -0.17143683 0.16685525 0.14862686
v -0.16297577 0.16889874 0.15675598
v -0.16159509 0.18084786 0.15619236
v -0.17198960 0.18167327 0.11362940
v -0.17396984 0.17241440 0.11584955
v -0.17803583 0.17318318 0.11146074
v -0.15942220 0.16507361 0.12953192
v -0.15907065 0.15900199 0.13298517
v -0.16389279 0.16138277 0.12914234
v -0.16314397 0.16867516 0.12579542
v -0.19905508 0.21045730 0.09998327
v -0.19337908 0.20858900 0.08888966
v -0.14941494 0.12438420 0.15705210
v -0.14877997 0.12998299 0.15704781
v -0.17907585 0.26208930 0.09093243
v -0.17118887 0.26045291 0.08787399
v -0.16947378 0.19136391 0.11108738
v -0.15960390 0.19374905 0.15308243
v -0.16641448 0.20036809 0.10750490
v -0.19959275 0.17178545 0.11898762
v -0.19954980 0.17062400 0.11122137
v -0.19868172 0.16356800 0.11394125
v -0.20102338 0.16446821 0.12018448
v -0.16312958 0.13363419 0.14505774
v -0.15681688 0.13417337 0.14393145
v -0.15834455 0.12725584 0.14564091
v -0.16418646 0.12691520 0.14692169
v -0.14948727 0.15586851 0.14036185
v -0.14561833 0.15749715 0.14470917
v -0.14651404 0.14876221 0.14714295
v -0.14987085 0.14740155 0.14243370
v -0.14527951 0.15811322 0.15077740
v -0.14645905 0.14938722 0.15312105
v -0.16793055 0.13381759 0.14983422
v -0.16775546 0.13529346 0.15654570
v -0.16739357 0.14696930 0.15408093
v -0.16656430 0.14438031 0.14681584
v -0.18829299 0.21723906 0.12656504
v -0.19278450 0.21919314 0.11883074
v -0.19592408 0.20656274 0.11891657
v -0.19914869 0.19394896 0.11872727
v -0.20003475 0.18159280 0.11698347
v -0.19612108 0.17849604 0.12834936
v -0.19891844 0.20877216 0.11090189
v -0.17001669 0.15502743 0.14222342
v -0.16754306 0.15646533 0.14980990
v -0.17420734 0.15748755 0.14574343
v -0.17066948 0.20079587 0.10096127
v -0.14795331 0.13689063 0.15607220
v -0.15397725 0.24360726 0.14181906
v -0.16634456 0.24410264 0.13920552
v -0.16789768 0.23417548 0.14021641
v -0.15325479 0.23484109 0.14309937
v -0.15135092 0.13516156 0.14591414
v -0.14775781 0.13603220 0.15035588
v -0.19011478 0.16689543 0.10538918
v -0.19167308 0.16140167 0.10963827
v -0.19601990 0.16180865 0.10906416
v -0.19617031 0.16639934 0.10520369
v -0.19573868 0.22070108 0.11085755
v -0.20797081 0.18229751 0.09749943
v -0.20872215 0.18128035 0.10786015
v -0.19057254 0.23049335 0.11798578
v -0.18599308 0.22896574 0.12613302
v -0.18426482 0.23822306 0.12573916
v -0.18872035 0.17055241 0.13622814
v -0.18339218 0.21476177 0.13344723
v -0.18098686 0.22693984 0.13239676
v -0.17778496 0.23707310 0.13265568
v -0.17648597 0.24539910 0.13231999
v -0.18345801 0.24621175 0.12462336
v -0.16291142 0.13653217 0.16137654
v -0.16740052 0.12813977 0.15755373
v -0.18341512 0.25544945 0.12319428
v -0.18472798 0.26632534 0.12124592
v -0.17690272 0.26550178 0.12945420
v -0.17610426 0.25445143 0.13128620
v -0.17416967 0.22462235 0.13837820
v -0.16643710 0.22274349 0.14338261
v -0.17740945 0.21231947 0.13956362
v -0.16922239 0.20961855 0.14540917
v -0.18242876 0.17065845 0.14541537
v -0.16767965 0.11274175 0.15373522
v -0.16763631 0.12104789 0.15247256
v -0.16502486 0.12084822 0.14785677
v -0.16589905 0.11251507 0.14953572
v -0.16783903 0.12718818 0.15142065
v -0.16689144 0.12201754 0.15804011
v -0.15725852 0.20701281 0.14989382
v -0.16591204 0.15444688 0.13355261
v -0.15106178 0.22147469 0.14622599
v -0.14407022 0.20121429 0.15274245
v -0.13842447 0.21087072 0.14989811
v -0.13976643 0.23634569 0.14172846
v -0.13521344 0.22666256 0.14404875
v -0.14317028 0.25215272 0.13903338
v -0.14199916 0.24417601 0.13996655
v -0.14384497 0.26241921 0.13861614
v -0.12745736 0.21471248 0.14762169
v -0.15099231 0.11595319 0.15191704
v -0.15512965 0.11499355 0.14785629
v -0.15451992 0.25215284 0.14078480
v -0.15529783 0.26275997 0.13992077
v -0.12204255 0.19463251 0.12432295
v -0.16585330 0.20936678 0.09839445
v -0.16299222 0.20890764 0.10372931
v -0.17906500 0.21532933 0.08523947
v -0.16999976 0.21101693 0.09087568
v -0.16713397 0.26408361 0.13653713
v -0.14212147 0.27354603 0.09542042
v -0.15024693 0.27359818 0.08948141
v -0.17801545 0.27933608 0.12621838
v -0.15005557 0.11616764 0.15682656
v -0.18471707 0.15348206 0.12681586
v -0.18689311 0.15495555 0.12595135
v -0.10620601 0.20198140 0.13268620
v -0.10378663 0.19426260 0.13683802
v -0.10827057 0.19580344 0.14797169
v -0.10432349 0.19574312 0.14243323
v -0.10662268 0.20495442 0.13974911
v -0.11189930 0.20541219 0.14622885
v -0.15843041 0.21800617 0.09920794
v -0.16167162 0.21784876 0.09521824
v -0.19561271 0.22108392 0.09912163
v -0.19025252 0.21905426 0.08861881
v -0.14864812 0.15872071 0.15625769
v -0.15376885 0.16753886 0.15768963
v -0.15522669 0.15916363 0.15880686
v -0.16264380 0.14896486 0.15955883
v -0.16748939 0.15269349 0.13931137
v -0.16566081 0.15121178 0.14341885
v -0.13635213 0.22348211 0.10420757
v -0.14554272 0.21268646 0.10799271
v -0.12423171 0.18802235 0.13394982
v -0.12058131 0.18524788 0.13786465
v -0.16860137 0.17139701 0.12076384
v -0.18769620 0.15874247 0.13907915
v -0.18273346 0.15994535 0.14592797
v -0.17011032 0.16339693 0.12359863
v -0.15651927 0.11532477 0.16302353
v -0.15188084 0.11576096 0.16080004
v -0.16289947 0.15901951 0.15748650
v -0.18245305 0.17431376 0.10568672
v -0.19081787 0.16235797 0.13172251
v -0.18764220 0.15565131 0.13286740
v -0.20265857 0.18298946 0.09204251
v -0.16639874 0.25307069 0.13799959
v -0.15951351 0.12154577 0.14579397
v -0.16100539 0.11369930 0.14637810
v -0.16657428 0.11382202 0.15822417
v -0.16224108 0.11492936 0.16202599
v -0.18586830 0.22820041 0.08809525
v -0.16063685 0.20812879 0.10756260
v -0.15922369 0.27394180 0.08578974
v -0.12028865 0.20441280 0.14971596
v -0.11488975 0.19411395 0.15071636
v -0.17203263 0.15598921 0.12658030
v -0.20365838 0.17649309 0.11162430
v -0.19794611 0.16972462 0.12822777
v -0.19989694 0.16311500 0.12832218
v -0.19421808 0.15890704 0.13176018
v -0.19059042 0.15495096 0.12948233
v -0.16678042 0.10735927 0.15860134
v -0.16255186 0.10817246 0.16232353
v -0.15697805 0.10825727 0.16343552
v -0.15254847 0.10912005 0.16096407
v -0.15099351 0.11018972 0.15689236
v -0.16778038 0.10647509 0.15449864
v -0.16605876 0.10663060 0.15041882
v -0.16148386 0.10808931 0.14735800
v -0.16793827 0.10108767 0.15457922
v -0.16693694 0.10072873 0.15885788
v -0.15635545 0.09538225 0.16313463
v -0.15760956 0.10101573 0.16375166
v -0.16001261 0.09793649 0.16332871
v -0.15964715 0.09435228 0.16343790
v -0.15999238 0.09003077 0.16320235
v -0.15683586 0.09057710 0.16215187
v -0.16309191 0.09870241 0.16239840
v -0.16362856 0.09447543 0.16243845
v -0.16644374 0.09449688 0.15964228
v -0.16692094 0.09018580 0.15965801
v -0.16416709 0.08997546 0.16238934
v -0.16562889 0.09805796 0.16028267
v -0.16288457 0.10240267 0.16253191
v -0.15878225 0.08662919 0.16118532
v -0.16069362 0.08704893 0.16279083
v -0.16410259 0.08604739 0.16200405
v -0.16288284 0.08452008 0.15972620
v -0.15330950 0.10329238 0.16110903
v -0.15396867 0.09666924 0.16055971
v -0.15522395 0.09107927 0.15948349
v -0.15761427 0.08688370 0.15838581
v -0.15331517 0.09692518 0.15690285
v -0.15538133 0.09134261 0.15630776
v -0.15768049 0.08786563 0.15553719
v -0.15463660 0.09649614 0.15302855
v -0.15667764 0.09120283 0.15347010
v -0.15288798 0.10472921 0.15266472
v -0.15181563 0.10459755 0.15709835
v -0.15816216 0.08872060 0.15384775
v -0.16177879 0.08499877 0.15685803
v -0.16792131 0.09519259 0.15710932
v -0.16796730 0.09019581 0.15695959
v -0.16803009 0.09529958 0.15423733
v -0.16768352 0.09011696 0.15425640
v -0.16686148 0.08602957 0.15773016
v -0.16682834 0.08681718 0.16002995
v -0.15201406 0.11045704 0.15207392
v -0.15634123 0.10951267 0.14845377
v -0.15692023 0.10387848 0.14893013
v -0.15821550 0.09601204 0.14943749
v -0.16198180 0.10294221 0.14812428
v -0.16623113 0.10142980 0.15081650
v -0.16646735 0.09557120 0.15142161
v -0.16312737 0.09594212 0.14910513
v -0.16603015 0.09044174 0.15192944
v -0.16329862 0.09068302 0.15066296
v -0.15966127 0.09071539 0.15135294
v -0.16435970 0.08714519 0.15297276
v -0.16587828 0.08617006 0.15515810
v -0.16107876 0.08636288 0.15452152
v -0.16287134 0.08828805 0.15202671
v -0.16046915 0.08818326 0.15293080
v -0.17824755 0.11696313 0.13717610
v -0.18181799 0.11694459 0.13297230
v -0.18040849 0.12420050 0.13334900
v -0.17683108 0.12414000 0.13738733
v -0.18251787 0.11890016 0.14924341
v -0.17782647 0.11781762 0.14586025
v -0.17701028 0.12470595 0.14658266
v -0.18196643 0.12579862 0.14982325
v -0.18876801 0.11997239 0.14782768
v -0.18857167 0.12685499 0.14823109
v -0.18057824 0.13381288 0.14981514
v -0.17555771 0.13260249 0.14636427
v -0.17272345 0.14603243 0.14355236
v -0.17707402 0.14738522 0.14763504
v -0.18019224 0.14630935 0.12664562
v -0.18533973 0.14596520 0.12855202
v -0.17669509 0.11705879 0.14147955
v -0.17555080 0.12411813 0.14186674
v -0.18796794 0.13282112 0.13132530
v -0.18303118 0.13237337 0.13004690
v -0.18494151 0.12431530 0.13129908
v -0.18964002 0.12465952 0.13222557
v -0.17063455 0.14616720 0.13424307
v -0.17463405 0.14654712 0.12930399
v -0.17076937 0.14567373 0.13910919
v -0.19191272 0.13355760 0.13549668
v -0.19235394 0.13439921 0.14187103
v -0.18958054 0.14805386 0.14101893
v -0.18937449 0.14659617 0.13408190
v -0.17384563 0.13216124 0.14138848
v -0.17813204 0.13241122 0.13219458
v -0.17456115 0.13218514 0.13641936
v -0.18753604 0.13489739 0.14813334
v -0.19308407 0.12637208 0.14180094
v -0.19435967 0.10914300 0.13737398
v -0.19343478 0.11844418 0.13651186
v -0.19107948 0.11761163 0.13232094
v -0.19271622 0.10799853 0.13321549
v -0.19266931 0.12535796 0.13601834
v -0.19324697 0.11951093 0.14211613
v -0.18012924 0.10658042 0.13688809
v -0.18401808 0.10661439 0.13297802
v -0.17840947 0.10688011 0.14105660
v -0.18488301 0.14870421 0.14742523
v -0.18354971 0.10911886 0.14851862
v -0.17939756 0.10778389 0.14503437
v -0.18647052 0.11706869 0.13093477
v -0.18858353 0.10725973 0.13115603
v -0.19382755 0.11016319 0.14253145
v -0.18949706 0.11057446 0.14754349
v -0.19440714 0.10242895 0.14234501
v -0.19037337 0.10249291 0.14688021
v -0.18482519 0.10114990 0.14814478
v -0.18081061 0.10062877 0.14477068
v -0.18002752 0.10052941 0.14092213
v -0.19514875 0.10187022 0.13778549
v -0.19371245 0.10147689 0.13402849
v -0.18985469 0.10135184 0.13184887
v -0.19632516 0.09492657 0.13778835
v -0.19581817 0.09443925 0.14217430
v -0.18762271 0.08166949 0.14610201
v -0.18634559 0.08719710 0.14708573
v -0.18969123 0.08678279 0.14715439
v -0.19054274 0.08183757 0.14738375
v -0.18666611 0.09329788 0.14792353
v -0.18972419 0.09046511 0.14726931
v -0.19263236 0.09120689 0.14604574
v -0.19377095 0.08704458 0.14621121
v -0.19625030 0.08743201 0.14301735
v -0.19753752 0.08272181 0.14315706
v -0.19505391 0.08199594 0.14668184
v -0.19508443 0.09116445 0.14363676
v -0.19185478 0.07814739 0.14706999
v -0.19054810 0.07744388 0.14500958
v -0.19178478 0.09554020 0.14649349
v -0.18227384 0.09447555 0.14496094
v -0.18371765 0.08775894 0.14440685
v -0.18611131 0.08182828 0.14317089
v -0.18956576 0.07762585 0.14180332
v -0.18320618 0.08778361 0.14046293
v -0.18596206 0.08187185 0.13983971
v -0.18929336 0.07845698 0.13922077
v -0.18462999 0.08776454 0.13631827
v -0.18730376 0.08190326 0.13681370
v -0.18272931 0.09572939 0.13670307
v -0.18126593 0.09525655 0.14089733
v -0.18944428 0.07945762 0.13747650
v -0.19505746 0.07568363 0.14388090
v -0.19382761 0.07606016 0.14076954
v -0.19590811 0.07705990 0.14683968
v -0.19687484 0.08801863 0.14041144
v -0.19791619 0.08285020 0.14039761
v -0.19753609 0.08840440 0.13775450
v -0.19832847 0.08269862 0.13804013
v -0.19822226 0.07815901 0.14164454
v -0.19824026 0.07884828 0.14386088
v -0.18158177 0.10072521 0.13693148
v -0.18526913 0.10102437 0.13334089
v -0.18630035 0.09594087 0.13297039
v -0.18829362 0.08795450 0.13278300
v -0.19086115 0.09639404 0.13192183
v -0.19481770 0.09549717 0.13426644
v -0.19615815 0.08861826 0.13470179
v -0.19282962 0.08856628 0.13238054
v -0.19678832 0.08287750 0.13560253
v -0.19397823 0.08290450 0.13370615
v -0.19028113 0.08236656 0.13418490
v -0.19584785 0.07890187 0.13673168
v -0.19755606 0.07806281 0.13904291
v -0.19263993 0.07748888 0.13807827
v -0.19405420 0.07990638 0.13523298
v -0.19168566 0.07934258 0.13614231
v -0.19654785 0.12717924 0.12045914
v -0.19846464 0.12814466 0.11540705
v -0.19717515 0.13415257 0.11617523
v -0.19508819 0.13291834 0.12105662
v -0.20322744 0.12881170 0.12959915
v -0.20002870 0.12754730 0.12842423
v -0.19811938 0.13356034 0.12932116
v -0.20155556 0.13557152 0.13103729
v -0.20774622 0.13036815 0.12760836
v -0.20648913 0.13768325 0.12856537
v -0.19972763 0.14216141 0.13181883
v -0.19580458 0.13963626 0.12961918
v -0.19254569 0.14937399 0.12886769
v -0.19673903 0.15202657 0.13178784
v -0.19769768 0.12685356 0.12508303
v -0.19587199 0.13268540 0.12570053
v -0.20170806 0.14314691 0.11256748
v -0.19810105 0.14201943 0.11269766
v -0.20056794 0.13535450 0.11323982
v -0.20397989 0.13637952 0.11326700
v -0.18867056 0.15055547 0.11955029
v -0.19057469 0.15241359 0.11459118
v -0.18977777 0.14919863 0.12441403
v -0.20579342 0.14423374 0.11599690
v -0.20792238 0.14540539 0.12237030
v -0.20421434 0.15600202 0.12133366
v -0.20147596 0.15524612 0.11511856
v -0.19345907 0.13858894 0.12557799
v -0.19443274 0.14056692 0.11549574
v -0.19252864 0.13911883 0.12067944
v -0.20494238 0.14484040 0.12890917
v -0.20926706 0.13843063 0.12232262
v -0.21164657 0.12085078 0.11666208
v -0.20925016 0.13106755 0.11629397
v -0.20597426 0.13019077 0.11260229
v -0.20908759 0.12020401 0.11302525
v -0.20772392 0.13753740 0.11621863
v -0.21048580 0.13122133 0.12212902
v -0.19918282 0.11792670 0.11939627
v -0.20120386 0.11881516 0.11468035
v -0.20004145 0.11768613 0.12371355
v -0.20225040 0.15499536 0.12876326
v -0.19758681 0.15445457 0.11095339
v -0.20518593 0.11882923 0.12818819
v -0.20218355 0.11796216 0.12697703
v -0.20211856 0.12938617 0.11222750
v -0.20511107 0.11980049 0.11196905
v -0.21233688 0.12104181 0.12182528
v -0.20953349 0.12043420 0.12681633
v -0.21388141 0.11420677 0.12145430
v -0.21091721 0.11345414 0.12612826
v -0.20679132 0.11173646 0.12777954
v -0.20362557 0.11126510 0.12604147
v -0.20167790 0.11158881 0.12275511
v -0.21329455 0.11387126 0.11658388
v -0.21081130 0.11367426 0.11360413
v -0.20676819 0.11405806 0.11235386
v -0.21458642 0.10886739 0.11624247
v -0.21497495 0.10804049 0.12097889
v -0.20966125 0.09421186 0.12590414
v -0.20831410 0.09899257 0.12648731
v -0.21062402 0.09922997 0.12593371
v -0.21190644 0.09484110 0.12609154
v -0.20836929 0.10514692 0.12720543
v -0.21044628 0.10288672 0.12632757
v -0.21299259 0.10437182 0.12510830
v -0.21422026 0.10025624 0.12502819
v -0.21578513 0.10173062 0.12125736
v -0.21700195 0.09743700 0.12116820
v -0.21536205 0.09582953 0.12486035
v -0.21493197 0.10495726 0.12247568
v -0.21318851 0.09201185 0.12576967
v -0.21184007 0.09088854 0.12490565
v -0.21214245 0.10797421 0.12552124
v -0.20454750 0.10561780 0.12549692
v -0.20556764 0.09949247 0.12477928
v -0.20746718 0.09409956 0.12390572
v -0.21000058 0.09109763 0.12244278
v -0.20411996 0.10028664 0.12148052
v -0.20611019 0.09495036 0.12078959
v -0.20853500 0.09230564 0.11969572
v -0.20406736 0.10136215 0.11779743
v -0.20628790 0.09600196 0.11774164
v -0.20254521 0.10774181 0.11834341
v -0.20274327 0.10656462 0.12209851
v -0.20809857 0.09368954 0.11789852
v -0.21521757 0.09069494 0.12259060
v -0.21350534 0.09082035 0.11971861
v -0.21615861 0.09218065 0.12455755
v -0.21620352 0.10283766 0.11876684
v -0.21708778 0.09804133 0.11857182
v -0.21532057 0.10332249 0.11584145
v -0.21616415 0.09806094 0.11611611
v -0.21725825 0.09387867 0.11974388
v -0.21748779 0.09422151 0.12169415
v -0.20123420 0.11244706 0.11883503
v -0.20304648 0.11359827 0.11480719
v -0.20429472 0.10890750 0.11466652
v -0.20607231 0.10218076 0.11419398
v -0.20781014 0.10952816 0.11241871
v -0.21175639 0.10898159 0.11358935
v -0.21308772 0.10334835 0.11353975
v -0.20965520 0.10315953 0.11241108
v -0.21416108 0.09811369 0.11414200
v -0.21132717 0.09778247 0.11316544
v -0.20818553 0.09678886 0.11475235
v -0.21394966 0.09430698 0.11546522
v -0.21596740 0.09389464 0.11731869
v -0.21157346 0.09214709 0.11752087
v -0.21197913 0.09504811 0.11447197
v -0.20991714 0.09390728 0.11606604
v -0.19405861 0.15388707 0.11165577
v -0.21170102 0.14974413 0.09759814
v -0.21223168 0.15139435 0.09389788
v -0.21022616 0.15550057 0.09519106
v -0.20969562 0.15405104 0.09868866
v -0.21934638 0.15087930 0.10496432
v -0.21567414 0.14912895 0.10442024
v -0.21328501 0.15373919 0.10592610
v -0.21722458 0.15576825 0.10686690
v -0.22262291 0.15359382 0.10157973
v -0.22071836 0.15863726 0.10330683
v -0.21385361 0.16109774 0.10831124
v -0.20982204 0.15870545 0.10722834
v -0.20454318 0.16681156 0.10847241
v -0.20828719 0.17002724 0.11021286
v -0.20402629 0.17813829 0.09267336
v -0.19988794 0.17619781 0.09317881
v -0.20382867 0.16993556 0.09310061
v -0.20712773 0.17230205 0.09190279
v -0.21307562 0.14885018 0.10138899
v -0.21069322 0.15325580 0.10263067
v -0.21205185 0.16369686 0.09129626
v -0.20897008 0.16148029 0.09256750
v -0.21202866 0.15722231 0.09229618
v -0.21494673 0.15902165 0.09094912
v -0.19694827 0.17348615 0.09579617
v -0.19526366 0.17017935 0.09984022
v -0.20075504 0.16628090 0.10030752
v -0.20174340 0.16768769 0.09609085
v -0.20193846 0.16564111 0.10414511
v -0.21551652 0.16540621 0.09301811
v -0.21797992 0.16560719 0.09818751
v -0.21289993 0.17536835 0.09886938
v -0.21041278 0.17413113 0.09392935
v -0.20754112 0.15787313 0.10348850
v -0.20711620 0.15973035 0.09564549
v -0.20644850 0.15825270 0.09967905
v -0.21762777 0.16420487 0.10479599
v -0.22089250 0.16013453 0.09732157
v -0.22335682 0.14958481 0.08973223
v -0.22066540 0.15600804 0.09131247
v -0.21728996 0.15513102 0.08935553
v -0.22034482 0.14911977 0.08788067
v -0.21840156 0.16025005 0.09256989
v -0.22286339 0.15544466 0.09590250
v -0.21446387 0.14359019 0.09616524
v -0.21482364 0.14557485 0.09226757
v -0.21586118 0.14281527 0.09968144
v -0.21262888 0.17382995 0.10703856
v -0.22172699 0.14432029 0.10297066
v -0.21833805 0.14280728 0.10231405
v -0.21414695 0.15325759 0.09087473
v -0.21715228 0.14755318 0.08916098
v -0.22526945 0.14888588 0.09418923
v -0.22473399 0.14703975 0.09975773
v -0.22753058 0.14353106 0.09301764
v -0.22698102 0.14180074 0.09858137
v -0.22363652 0.13921563 0.10165888
v -0.22013197 0.13818631 0.10115343
v -0.21784238 0.13878933 0.09856468
v -0.22554312 0.14424680 0.08872086
v -0.22252182 0.14410070 0.08743578
v -0.21941228 0.14327810 0.08876425
v -0.22701354 0.13959763 0.08856779
v -0.22920159 0.13817606 0.09269053
v -0.22653363 0.12514768 0.09798866
v -0.22532717 0.12896673 0.09921604
v -0.22733528 0.12955681 0.09845740
v -0.22831343 0.12610606 0.09803778
v -0.22531466 0.13429127 0.10018212
v -0.22707842 0.13288102 0.09907109
v -0.22882066 0.13475589 0.09730774
v -0.22982840 0.13136653 0.09693199
v -0.23089729 0.13276265 0.09337765
v -0.23185728 0.12903772 0.09251362
v -0.23120959 0.12773720 0.09650904
v -0.22994308 0.13542000 0.09444004
v -0.22968660 0.12382195 0.09759575
v -0.22849602 0.12256811 0.09670120
v -0.22815148 0.13755164 0.09774262
v -0.22183005 0.13405357 0.09988362
v -0.22323135 0.12890003 0.09857470
v -0.22495405 0.12448285 0.09686333
v -0.22692240 0.12224356 0.09468466
v -0.22146622 0.12994240 0.09661537
v -0.22356183 0.12526915 0.09495932
v -0.22557888 0.12325362 0.09298426
v -0.22038488 0.13147275 0.09377342
v -0.22276262 0.12671689 0.09266239
v -0.21850271 0.13655619 0.09453303
v -0.21976493 0.13502548 0.09774691
v -0.22467742 0.12452886 0.09196478
v -0.23094712 0.12300519 0.09377962
v -0.22893212 0.12275962 0.09201008
v -0.23225311 0.12464158 0.09569126
v -0.23029296 0.13378702 0.09062058
v -0.23133279 0.12914924 0.08991963
v -0.22841150 0.13471023 0.08817393
v -0.22956173 0.12923864 0.08805281
v -0.23176197 0.12551645 0.09097248
v -0.23263750 0.12634806 0.09268290
v -0.21660067 0.13993631 0.09526211
v -0.21712873 0.14172439 0.09162289
v -0.21879409 0.13822100 0.09101969
v -0.22067947 0.13310889 0.09043795
v -0.22097970 0.13942198 0.08826548
v -0.22394244 0.13992671 0.08716208
v -0.22580178 0.13454072 0.08694321
v -0.22279550 0.13404075 0.08765465
v -0.22713251 0.12907676 0.08743578
v -0.22481463 0.12866072 0.08799940
v -0.22311262 0.12789867 0.09015471
v -0.22759877 0.12533263 0.08908182
v -0.22976766 0.12512592 0.08957297
v -0.22693453 0.12351684 0.09101731
v -0.22593702 0.12581734 0.08906037
v -0.22521497 0.12485353 0.09045225
v -0.20728512 0.17886845 0.09425789
v -0.11546088 0.18121896 0.15235287
v -0.11807893 0.17866854 0.14909607
v -0.10867910 0.17874936 0.13619906
v -0.11427836 0.17683486 0.13954359
v -0.10307677 0.18202476 0.13683659
v -0.10048817 0.18581382 0.14563757
v -0.10034267 0.18435095 0.14084154
v -0.11797071 0.17680333 0.14471823
v -0.11032186 0.18402860 0.15364701
v -0.10404543 0.18601719 0.15090328
v -0.10628257 0.17514262 0.15710789
v -0.09962664 0.17692451 0.15451962
v -0.09572116 0.17692766 0.14859158
v -0.09640549 0.17635182 0.14299589
v -0.09978939 0.17517827 0.13878018
v -0.11216713 0.17313401 0.15584332
v -0.11529226 0.17145167 0.15190607
v -0.11457972 0.17078511 0.14621311
v -0.10881598 0.16517661 0.15898854
v -0.10205881 0.16430203 0.16125923
v -0.08779044 0.15652702 0.15492254
v -0.08931176 0.16122262 0.15299851
v -0.09002129 0.16093300 0.15702921
v -0.08811525 0.15760426 0.15873390
v -0.09175459 0.16684465 0.15239912
v -0.09173001 0.16358159 0.15656382
v -0.09469143 0.16299657 0.15994793
v -0.09305523 0.16058431 0.16162354
v -0.09793411 0.16180805 0.16244084
v -0.09755034 0.15914265 0.16434580
v -0.09081499 0.15739308 0.16355520
v -0.08732496 0.15432391 0.16073805
v -0.08953593 0.15363381 0.16436440
v -0.08747260 0.15240512 0.15824181
v -0.09653071 0.16694573 0.15802819
v -0.09294913 0.16854368 0.14569813
v -0.09037901 0.16129611 0.14861590
v -0.08916465 0.15497080 0.15161949
v -0.08980564 0.15043394 0.15536600
v -0.09413073 0.16011260 0.14486033
v -0.09311293 0.15367577 0.14937788
v -0.09346012 0.15028510 0.15335518
v -0.09950576 0.15864781 0.14430767
v -0.09733937 0.15299324 0.14933497
v -0.10271309 0.16717289 0.13965088
v -0.09670232 0.16827528 0.14093500
v -0.09629158 0.15065823 0.15241343
v -0.09020481 0.14983938 0.16273409
v -0.09316115 0.14841835 0.15954214
v -0.10165004 0.15826509 0.16370064
v -0.09572054 0.15598617 0.16588598
v -0.09935204 0.15397791 0.16512209
v -0.10572956 0.15795610 0.16133743
v -0.10215501 0.15258942 0.16241509
v -0.09562723 0.15088574 0.16538960
v -0.09333763 0.15339510 0.16664702
v -0.10511504 0.17335311 0.13780647
v -0.11047987 0.17150907 0.14090973
v -0.10861591 0.16565416 0.14321238
v -0.10481040 0.15787081 0.14717346
v -0.11217389 0.16491179 0.14886671
v -0.11260206 0.16478900 0.15483671
v -0.10835279 0.15712587 0.15740877
v -0.10818950 0.15703610 0.15218312
v -0.10375188 0.15183155 0.15888745
v -0.10344652 0.15204785 0.15494782
v -0.10093055 0.15245912 0.15153986
v -0.09955872 0.14939056 0.15868527
v -0.09790040 0.14935062 0.16218811
v -0.09591971 0.14890007 0.15667254
v -0.10036264 0.15011827 0.15615231
v -0.09823666 0.15009467 0.15430361
v -0.19677574 0.18076793 0.09142023
v -0.19233871 0.17788617 0.09462553
v -0.18933422 0.18462310 0.09312683
v -0.18604274 0.19266073 0.09085280
v -0.18895088 0.20150123 0.08754784
v -0.18131966 0.19140170 0.09555966
v -0.18486170 0.18323223 0.09767967
v -0.18868218 0.17423652 0.10020882
v -0.17500550 0.19694660 0.09835345
v 0.11948018 0.89941014 0.36833197
v 0.12266973 0.89972652 0.37037522
v 0.12114579 0.89506025 0.36420017
v 0.11853470 0.89574511 0.36310631
v 0.12846564 0.89466251 0.36616236
v 0.12446891 0.89438165 0.36536890
v 0.12734989 0.89999069 0.37183958
v 0.13275847 0.90045072 0.37144190
v 0.14075164 0.89957679 0.36656719
v 0.14261576 0.89868654 0.36574894
v 0.14192135 0.89761443 0.36557776
v 0.13968088 0.89723469 0.36576372
v 0.13613555 0.89599002 0.36645085
v 0.11515067 0.89868844 0.36240870
v 0.11579669 0.89915843 0.36399800
v 0.11742452 0.89943875 0.36613709
v 0.13238600 0.89506877 0.36662203
v 0.11656134 0.89683230 0.36209065
v 0.11544952 0.89786757 0.36171156
v 0.13741281 0.90067197 0.36919647
v 0.12790375 0.89616306 0.36778742
v 0.12399550 0.89614708 0.36687905
v 0.12750978 0.89811827 0.36979109
v 0.13217477 0.89851952 0.36987931
v 0.13793897 0.89770854 0.36690670
v 0.13554469 0.89721454 0.36761862
v 0.12087741 0.89648003 0.36551243
v 0.13195912 0.89663495 0.36811167
v 0.12330466 0.89803136 0.36846071
v 0.13609219 0.89879555 0.36880261
v 0.13844034 0.89880205 0.36744982
v 0.11597136 0.89826752 0.36285311
v 0.11606768 0.89790369 0.36259943
v 0.17669193 0.71140484 0.21275240
v 0.18004667 0.69191120 0.21080309
v 0.12031276 0.89797188 0.36687094
v 0.11699518 0.89748819 0.36324555
v 0.11862057 0.89697791 0.36426359
v 0.11818085 0.89821584 0.36518007
v 0.11675953 0.89832569 0.36378723
v -0.02644516 0.58361999 0.16916090
v -0.03889606 0.58882383 0.17867476
v -0.08423925 0.61766980 0.17071062
v -0.09274153 0.63155876 0.15544563
v 0.14702235 0.43516009 0.14167076
v 0.04132869 0.56312303 -0.00888437
v 0.03891877 0.58075638 -0.00183767
v 0.10606936 0.59922043 -0.04664558
v 0.08626082 0.59294898 -0.04175180
v 0.04362567 0.49434482 0.09187037
v 0.04623904 0.50779991 0.09817177
v 0.10203193 0.46359621 0.12795502
v 0.10459671 0.47989075 0.13309485
v 0.05681386 0.46791719 0.10213667
v 0.06351436 0.54117004 -0.04906553
v 0.04720666 0.53479732 -0.03691572
v 0.05275930 0.55473346 -0.02928871
v 0.06757229 0.56288905 -0.04148573
v 0.12630692 0.60214139 -0.04710001
v 0.12627394 0.57778598 -0.05419344
v 0.03249838 0.53462068 0.08833986
v 0.02323190 0.54877041 0.06644303
v 0.02635925 0.57988707 0.02439362
v 0.03497948 0.59586296 0.00727135
v 0.04764762 0.61135043 -0.00508398
v 0.06341708 0.62550599 -0.01449198
v 0.12687018 0.49092154 0.14939934
v 0.14930321 0.50721775 0.16122776
v 0.04793318 0.52196608 0.10716921
v 0.19723924 0.48599364 0.15657002
v 0.07526094 0.66050986 -0.01178259
v 0.09789193 0.67004226 -0.01846403
v 0.02178985 0.56395135 0.04469353
v 0.17792172 0.63981489 0.21321350
v 0.16061242 0.63869289 0.21790320
v 0.16593528 0.62142489 0.21815926
v 0.18289123 0.62232254 0.21185547
v 0.14935835 0.61993788 0.22214419
v 0.13309558 0.61814673 0.22419268
v 0.11801610 0.61660514 0.22463042
v 0.08086813 0.61148528 0.21697479
v 0.09183091 0.61321525 0.22069222
v 0.06104339 0.60664133 0.20493656
v 0.07078398 0.60941241 0.21191460
v 0.05205672 0.60252569 0.19393593
v 0.04390705 0.59986255 0.17895132
v 0.03216987 0.60975982 0.16347843
v 0.03609224 0.59846405 0.16172653
v 0.04851316 0.58886967 0.17798144
v 0.05725726 0.59201322 0.19290119
v 0.06640836 0.59546656 0.20371824
v 0.20142887 0.56430403 0.18522602
v 0.20392846 0.58535186 0.19624287
v 0.17447250 0.73012410 0.21489483
v -0.14390189 0.43375965 0.06108481
v -0.13742031 0.31426422 0.13372427
v 0.11805578 0.83149681 0.10773951
v 0.09912864 0.83078335 0.11528116
v 0.04484642 0.82023559 0.15287071
v 0.03527062 0.81276665 0.17705494
v 0.06026240 0.82358638 0.13192898
v 0.07849658 0.82425795 0.11650425
v 0.07035743 0.52684663 0.12967735
v 0.09476832 0.80753062 0.08568102
v 0.07593008 0.81727228 0.10672003
v 0.05620589 0.81706701 0.12195879
v 0.03722746 0.81332860 0.14326531
v 0.02224297 0.80554626 0.17075020
v 0.00929520 0.79437611 0.18021446
v -0.01188793 0.77375851 0.16998345
v -0.02066121 0.76499812 0.17525583
v -0.03002795 0.75464992 0.17934233
v -0.02894690 0.75438032 0.19957739
v -0.01899057 0.76579402 0.19621807
v -0.08203072 0.66548477 0.15986687
v -0.08690132 0.65276579 0.14833933
v -0.08864568 0.64607100 0.13443524
v -0.08627568 0.64268325 0.12119061
v -0.07935109 0.64263169 0.10982186
v -0.06904910 0.64429406 0.10247332
v -0.05709624 0.65071014 0.10015351
v -0.02985446 0.67200504 0.10685497
v -0.02404758 0.67908023 0.11087328
v -0.00931137 0.67459379 0.09470516
v -0.00625307 0.67109559 0.08773524
v 0.00648566 0.66146580 0.06276566
v 0.01312611 0.65564571 0.04798800
v 0.02133240 0.64896295 0.03161246
v 0.03623288 0.43038695 -0.07962841
v 0.02052796 0.43135385 -0.06431717
v 0.02739035 0.45071535 -0.05880445
v 0.04383898 0.45075910 -0.07383388
v 0.09461973 0.49714981 -0.07822174
v 0.11706058 0.49779900 -0.08331722
v 0.00110967 0.43950837 0.00507122
v 0.00400572 0.43093683 0.02843910
v 0.01403367 0.44960292 -0.03998035
v 0.00511318 0.44569181 -0.01854795
v 0.01385037 0.42147572 0.05048329
v 0.09227431 0.37977027 0.10705239
v 0.11655376 0.37045026 0.11545426
v 0.16328324 0.35777848 0.12110192
v 0.18458663 0.35546124 0.11846977
v 0.02854075 0.41113483 0.06836277
v 0.14050154 0.36291281 0.12027127
v 0.04670218 0.40021198 0.08297402
v 0.06835202 0.38966565 0.09565073
v 0.07362959 0.49658488 -0.07082552
v 0.06811779 0.47241827 -0.07838148
v 0.04979362 0.47241627 -0.06771416
v 0.09256049 0.73407702 0.01598650
v 0.07305345 0.73256240 0.02214152
v 0.05352694 0.73183415 0.03042132
v 0.03749370 0.74733523 0.05263907
v 0.03598418 0.73092447 0.04310232
v 0.02134695 0.72940514 0.05772549
v 0.02238644 0.74478922 0.06629568
v -0.00064581 0.73684047 0.09284264
v -0.00056265 0.72428302 0.08601624
v -0.00823782 0.72226302 0.09493357
v -0.00913272 0.73385433 0.10057169
v -0.01553593 0.72027866 0.10143238
v -0.02280723 0.71601174 0.10833031
v -0.02873124 0.70978282 0.11508805
v -0.03697217 0.70161883 0.11719090
v -0.04466473 0.71774850 0.13078552
v -0.03575952 0.72684083 0.12791973
v -0.00125792 0.74890921 0.10185868
v 0.00982477 0.75360940 0.09070307
v 0.09454609 0.76178298 0.04007250
v 0.11368977 0.76172242 0.03587919
v 0.02650911 0.60141028 0.14430243
v 0.01636428 0.60698746 0.12614495
v 0.00793334 0.61501528 0.11044699
v 0.00338711 0.62523724 0.09736305
v 0.00036303 0.63730733 0.08654410
v 0.00004684 0.65048448 0.07788521
v -0.00299744 0.66791276 0.08017927
v 0.00116657 0.66481040 0.07209069
v -0.00248566 0.68189923 0.07806545
v 0.00268353 0.67969261 0.06876761
v 0.00457645 0.69509194 0.06730086
v 0.00715650 0.71084956 0.06816488
v 0.00919358 0.72656361 0.07312065
v 0.00989928 0.74090187 0.08039433
v 0.02231552 0.75878183 0.07802206
v 0.03730390 0.76179312 0.06518370
v 0.05403916 0.77695225 0.06755882
v 0.05345633 0.78839342 0.08188969
v 0.05493597 0.76364062 0.05312687
v 0.05534269 0.74896035 0.03983217
v 0.06916442 0.83333931 0.17282015
v 0.08280723 0.84011958 0.15415198
v -0.06086160 0.66391633 0.10885102
v -0.05613072 0.66331986 0.10593802
v -0.05684633 0.65811525 0.10330874
v -0.06502143 0.65566216 0.10633379
v -0.07272569 0.65549789 0.11243874
v -0.07122088 0.66885726 0.12219578
v -0.06677561 0.66528533 0.11437231
v -0.07833597 0.65716610 0.12177759
v -0.08089776 0.66118799 0.13254410
v -0.07414071 0.67296837 0.13148981
v -0.08092604 0.66695116 0.14319807
v -0.07533292 0.67761151 0.14053065
v -0.07859170 0.67532263 0.15210253
v -0.07534207 0.68141303 0.14751154
v -0.05829019 0.71532992 0.15223128
v -0.06557221 0.70326302 0.15133911
v -0.07139353 0.69089542 0.14948231
v -0.04536549 0.69277857 0.11685473
v -0.05338752 0.68404351 0.11649662
v -0.06047241 0.67483268 0.11539608
v -0.06456233 0.67973087 0.12264496
v -0.05765940 0.68954144 0.12335354
v -0.05000121 0.69959436 0.12336022
v 0.09420834 0.74918673 0.02754551
v 0.07450305 0.74909113 0.03327280
v -0.01767510 0.73024533 0.10791498
v -0.02500314 0.72562752 0.11436135
v -0.03209766 0.71875570 0.11986738
v -0.04124061 0.70959113 0.12283093
v -0.02808086 0.73388199 0.12278610
v -0.01999671 0.73966310 0.11669451
v -0.01084430 0.74455408 0.10963255
v 0.07427787 0.76321290 0.04541594
v 0.11284622 0.74977825 0.02255732
v 0.01319795 0.68736629 0.23344904
v -0.00015218 0.70789919 0.24100500
v -0.01495127 0.72860358 0.23655802
v -0.02530819 0.74578808 0.22125202
v -0.08479376 0.50219797 0.06730467
v 0.12455978 0.55377416 -0.06306690
v 0.12157970 0.52767376 -0.07256836
v 0.09924858 0.52525250 -0.07044119
v 0.11854307 0.67474351 -0.02265352
v 0.11140717 0.73652271 0.01053387
v 0.11283354 0.58590628 0.22292429
v 0.12600070 0.58695708 0.22436386
v 0.12259558 0.60143329 0.22483212
v 0.10912281 0.60031680 0.22344691
v 0.08986123 0.58565713 0.21579367
v 0.10067248 0.58559219 0.21998554
v 0.09680899 0.59943632 0.22056109
v 0.08580560 0.59866829 0.21650654
v 0.08012455 0.58522657 0.21008736
v 0.07581550 0.59769342 0.21131855
v 0.10348277 0.57119314 0.21755034
v 0.11563366 0.57132361 0.22037846
v 0.12859028 0.57267402 0.22165924
v 0.08368801 0.57276134 0.20771176
v 0.09292687 0.57231895 0.21295172
v 0.16796469 0.80132160 0.29922348
v 0.16750174 0.79891584 0.31479508
v 0.16819172 0.82948832 0.34936959
v 0.16783329 0.83410440 0.35015494
v 0.17142620 0.75813315 0.21771866
v 0.17093139 0.76846007 0.22228342
v 0.20219680 0.60434998 0.20202166
v 0.19427397 0.63962040 0.20673710
v 0.18825175 0.65545152 0.20597511
v 0.18393671 0.67298923 0.20801312
v 0.17232155 0.74547772 0.21651560
v 0.19855112 0.62194530 0.20495373
v -0.01523292 0.24895279 -0.01872724
v -0.00326918 0.22946463 -0.03940052
v -0.00887808 0.25917397 -0.04431862
v 0.00062347 0.24524949 -0.05920357
v -0.01637498 0.33176047 -0.03023380
v -0.01544777 0.30347641 -0.03322357
v -0.01586914 0.35999090 -0.02876276
v 0.01587256 0.23649863 -0.07811397
v 0.03683407 0.23245741 -0.09695476
v 0.03673266 0.25450666 -0.10959667
v -0.00758701 0.35837838 -0.05484384
v -0.00868889 0.33052232 -0.05721182
v -0.00421985 0.26576875 -0.05901855
v -0.01355145 0.27899827 -0.03707498
v -0.00664684 0.28055640 -0.05910963
v 0.01662598 0.25585310 -0.09035057
v 0.00321882 0.26028074 -0.07221931
v 0.07636795 0.42796616 -0.10375685
v 0.09606106 0.40504281 -0.12230629
v 0.06898539 0.40414708 -0.11100954
v 0.00788291 0.43134360 -0.04380602
v 0.01243325 0.40942623 -0.06839651
v 0.00262578 0.27886547 -0.07868189
v 0.01676974 0.27758469 -0.09826320
v 0.03688130 0.27824403 -0.11736912
v 0.03742619 0.35630094 -0.11409038
v 0.03678625 0.33108501 -0.11919302
v 0.01743259 0.32906945 -0.10127062
v 0.01839768 0.35591388 -0.09661764
v 0.00671670 0.38412129 -0.07387823
v 0.00346032 0.35630188 -0.07718748
v 0.04129448 0.38139911 -0.10728449
v 0.02231391 0.38255786 -0.09192175
v 0.02883477 0.40782367 -0.08577913
v 0.00230094 0.32819440 -0.08023781
v 0.06268013 0.30534940 -0.13594145
v 0.03717843 0.30482264 -0.12101740
v 0.09274637 0.30757947 -0.14421314
v 0.04770814 0.40613149 -0.09957546
v 0.05462121 0.42898171 -0.09211963
v 0.06193300 0.45006691 -0.08493227
v 0.07813155 0.52221627 -0.06425566
v 0.06900246 0.06798089 0.19978768
v 0.16094430 0.19842813 0.01229674
v 0.15420667 0.19915629 -0.01275057
v 0.00909384 0.29958604 0.08881813
v -0.02122548 0.27219398 0.02699619
v -0.01913724 0.27568881 -0.00709146
v 0.15901325 0.21711738 0.08135802
v 0.16527987 0.20490120 0.05593640
v 0.03518743 0.29680418 0.11098248
v 0.09547741 0.26480515 0.12890202
v 0.16481632 0.19984714 0.03346926
v -0.00810292 0.30387639 -0.05899185
v 0.00198460 0.30225556 -0.08065981
v 0.01719562 0.30272569 -0.10158151
v 0.06274537 0.27993940 -0.13300890
v 0.09312635 0.28393443 -0.14172500
v 0.17828227 0.25620855 0.09327275
v 0.18278912 0.26500644 0.09564120
v 0.19119333 0.26306455 0.09315067
v 0.18899663 0.24993599 0.08793598
v 0.09298170 0.36513920 0.10494572
v 0.11846142 0.35623200 0.11129242
v 0.16536712 0.34462722 0.11501557
v 0.18540736 0.34258665 0.11293942
v 0.02421448 0.39656823 0.06822115
v 0.14312583 0.34951285 0.11471993
v 0.04332002 0.38608174 0.08292252
v 0.06679150 0.37529224 0.09486681
v 0.00237278 -0.36409008 0.03169829
v -0.00338846 -0.39121508 0.02675730
v -0.00661888 -0.38493501 0.01433235
v 0.00233512 -0.35770111 0.01871115
v -0.01800134 -0.34156584 -0.00087017
v -0.00611934 -0.34764122 0.00259787
v -0.03205732 -0.33850514 0.00065094
v -0.03637809 -0.36636948 -0.00869936
v -0.04666991 -0.36819290 -0.00072998
v -0.04415731 -0.33946990 0.00762039
v -0.05123048 -0.34260129 0.01782185
v -0.05735947 -0.37544625 0.02040344
v -0.05551113 -0.38128423 0.03730875
v -0.05390992 -0.35400908 0.04661900
v -0.05458500 -0.34695380 0.02987725
v -0.04666812 -0.36592751 0.06210333
v -0.04914072 -0.39179849 0.05299908
v -0.03178311 -0.37455838 0.06779581
v -0.00131766 -0.37152576 0.04667574
v -0.00465784 -0.39848398 0.04258639
v -0.02276764 -0.36910092 -0.01015705
v -0.01217275 -0.37546193 -0.00368446
v 0.00068643 -0.35347079 0.00995547
v -0.00888802 -0.38043635 0.00549704
v -0.00993095 -0.41172533 0.00938421
v -0.00375245 -0.41794490 0.02298647
v -0.02634005 -0.39461773 -0.01955551
v -0.01878054 -0.40135204 -0.00936312
v -0.04917965 -0.39395379 -0.00899643
v -0.04032061 -0.39109634 -0.01944870
v -0.06458969 -0.40047907 0.01175076
v -0.05293641 -0.37142532 0.00899845
v -0.05779792 -0.39711111 0.00079113
v -0.06262256 -0.40603118 0.02937609
v -0.05450648 -0.41634368 0.04838282
v -0.00567208 -0.42423843 0.04067904
v -0.01521249 -0.40709173 0.00040203
v -0.06385284 -0.56465500 0.15791565
v -0.05667591 -0.56643688 0.15810496
v -0.05717800 -0.56075644 0.15886456
v -0.06189007 -0.56014573 0.15853840
v -0.02409137 -0.57103103 0.16212279
v -0.01305036 -0.57457637 0.15789467
v -0.01228213 -0.56356894 0.16347748
v -0.02017943 -0.56172835 0.16649014
v -0.04180751 -0.57011890 0.16381317
v -0.04977917 -0.56930070 0.16431385
v -0.04845203 -0.57187139 0.15975529
v -0.04332999 -0.57228779 0.15960842
v -0.08644314 -0.55031859 0.13360077
v -0.09243692 -0.54898547 0.13128668
v -0.09151579 -0.55272435 0.12880141
v -0.08757494 -0.55359953 0.12954575
v -0.07279409 -0.56081723 0.14828068
v -0.07873064 -0.55997746 0.14632899
v -0.07794333 -0.56283437 0.14321715
v -0.07416734 -0.56429165 0.14398199
v -0.02450810 -0.54910671 0.14821726
v -0.02294211 -0.55525767 0.16047054
v -0.01035506 -0.55756985 0.15606791
v -0.00959785 -0.54823219 0.14501244
v -0.00613099 -0.56607615 0.14862257
v -0.01505224 -0.57005786 0.14519125
v -0.01472425 -0.56564271 0.13201338
v -0.00559922 -0.55850761 0.13559443
v -0.02752773 -0.57010519 0.14838701
v -0.02826489 -0.56579416 0.13624674
v -0.03429822 -0.55865871 0.14318758
v -0.03421106 -0.56335472 0.15747744
v -0.05276787 -0.55687236 0.14792448
v -0.05493490 -0.56358170 0.15835434
v -0.04803715 -0.55814146 0.16080958
v -0.04635135 -0.54972183 0.15108925
v -0.03957854 -0.55959796 0.16088396
v -0.03495787 -0.55204152 0.15070349
v -0.03339379 -0.56186163 0.14482075
v -0.03460903 -0.56700968 0.15797096
v -0.04055510 -0.57031261 0.15297228
v -0.03922225 -0.56569897 0.14049393
v -0.04837788 -0.56430756 0.14187628
v -0.04998318 -0.56950556 0.15326220
v -0.06414644 -0.54711496 0.14596897
v -0.06329359 -0.55602204 0.15402418
v -0.05555070 -0.55699455 0.15394264
v -0.05361862 -0.54933923 0.14647967
v -0.05226288 -0.56515991 0.15113312
v -0.05824424 -0.56741821 0.14878470
v -0.05684022 -0.56309794 0.13947970
v -0.05128976 -0.55979609 0.14258677
v -0.06647902 -0.56127941 0.13983542
v -0.06588971 -0.56674170 0.14886194
v -0.06983734 -0.55370813 0.14512020
v -0.06906603 -0.56087153 0.15238434
v -0.08541338 -0.54835789 0.13378292
v -0.08322904 -0.55559271 0.14058930
v -0.07937630 -0.55077313 0.14349562
v -0.08117480 -0.54189669 0.13610846
v -0.07323145 -0.55124097 0.14464241
v -0.07291048 -0.54443907 0.13879400
v -0.06942258 -0.55679034 0.14346558
v -0.07284748 -0.56271880 0.13891560
v -0.07387669 -0.55794810 0.13205534
v -0.07037323 -0.55165934 0.13829046
v -0.07991921 -0.56172257 0.13793904
v -0.08207167 -0.55589031 0.12973791
v -0.09509493 -0.53484624 0.12151009
v -0.09770201 -0.54036634 0.11627966
v -0.09594096 -0.54580062 0.12577206
v -0.09314902 -0.54110008 0.12863213
v -0.08780397 -0.54144799 0.13057858
v -0.08860228 -0.53637086 0.12582928
v -0.08430333 -0.54687261 0.12899977
v -0.08629970 -0.55283557 0.12443548
v -0.08748449 -0.54996442 0.11905485
v -0.08639900 -0.54343354 0.12519270
v -0.09306256 -0.55156910 0.12344509
v -0.09394739 -0.54711591 0.11584383
v -0.01015420 -0.54037105 0.13329226
v -0.02925687 -0.54342615 0.13663012
v -0.01635628 -0.57295310 0.15397650
v -0.00683636 -0.55219637 0.12288958
v -0.02332054 -0.57296198 0.15559965
v -0.03276459 -0.56133216 0.12579209
v -0.01652379 -0.56018113 0.11909014
v -0.03315065 -0.55687772 0.13721853
v -0.04753135 -0.56371897 0.16518503
v -0.05098731 -0.55539458 0.13829809
v -0.05211447 -0.55917906 0.12737805
v -0.04279179 -0.56440418 0.16503435
v -0.04830188 -0.54180824 0.13717800
v -0.06695948 -0.53881835 0.13106066
v -0.05923579 -0.56935858 0.15475279
v -0.06332580 -0.56905251 0.15468317
v -0.07093565 -0.55574786 0.12391669
v -0.07100926 -0.54952382 0.13674265
v -0.07773972 -0.55534743 0.14725453
v -0.08739651 -0.54271506 0.12539345
v -0.08607168 -0.55007898 0.11535031
v -0.07400591 -0.55569648 0.14824682
v -0.08390735 -0.53277813 0.12264210
v -0.09098552 -0.54525976 0.13143831
v -0.09999452 -0.53409361 0.10525948
v -0.09613291 -0.54349755 0.10515791
v -0.08798514 -0.54540288 0.13302857
v -0.09616769 -0.52777617 0.11250168
v -0.00773961 -0.37695204 0.05855566
v -0.01160903 -0.40329730 0.05541712
v -0.01850451 -0.37879240 0.06578833
v -0.03589121 -0.40085303 0.06087548
v -0.02314291 -0.40502059 0.06128031
v -0.01403991 -0.42837559 0.05598026
v -0.04032196 -0.42460536 0.05769545
v -0.02722857 -0.42858987 0.06081539
v -0.06999711 -0.41834735 0.00157219
v -0.06995800 -0.42579680 0.02064234
v -0.06050866 -0.41538106 -0.00881237
v -0.04338839 -0.40925061 -0.03027529
v -0.05286090 -0.41163849 -0.01972336
v -0.01642717 -0.45125400 0.05888420
v -0.00944442 -0.44716280 0.03923517
v -0.03079733 -0.45078968 0.06656510
v -0.04714016 -0.44563614 0.06259161
v -0.00693006 -0.53085290 0.11934572
v -0.00884036 -0.52246397 0.10032660
v -0.02215412 -0.51205175 0.10945469
v -0.02529616 -0.52732985 0.12321621
v -0.04202310 -0.50952207 0.10714108
v -0.04483358 -0.52665829 0.12094790
v -0.06042374 -0.50777101 0.10065180
v -0.06357054 -0.52375971 0.11548239
v -0.07677675 -0.50588035 0.09277540
v -0.08064712 -0.52036600 0.10767561
v -0.09118984 -0.50732433 0.08284622
v -0.09497515 -0.51860129 0.09948593
v -0.10105661 -0.51407765 0.07482725
v -0.10286797 -0.52518885 0.09169394
v -0.00477333 -0.54570465 0.10743147
v -0.00759354 -0.53674172 0.08933932
v -0.01690675 -0.55528604 0.10165364
v -0.01984733 -0.54779207 0.08204895
v -0.03401492 -0.55408596 0.10246760
v -0.03638270 -0.54605185 0.08181626
v -0.09842236 -0.52782201 0.07074600
v -0.09813873 -0.53815215 0.08904511
v -0.05311451 -0.55103432 0.10103422
v -0.05470244 -0.54151379 0.08055788
v -0.07105480 -0.54820525 0.09714752
v -0.07201142 -0.53812276 0.07668596
v -0.08613713 -0.54429709 0.09241301
v -0.08680640 -0.53434836 0.07255131
v -0.01921221 -0.49698423 0.08980662
v -0.03796660 -0.48932140 0.09345013
v -0.05623814 -0.48723005 0.08601814
v -0.07232381 -0.48774504 0.07556015
v -0.08612860 -0.49310504 0.06347758
v -0.09686918 -0.50057696 0.05575663
v -0.07080888 -0.46424185 0.05561072
v -0.08253799 -0.47930121 0.04113156
v -0.09162755 -0.48942827 0.03430706
v -0.08070047 -0.46703165 0.01790148
v -0.08670736 -0.47925370 0.01248556
v -0.07607029 -0.45056444 -0.02168030
v -0.08322499 -0.46370195 -0.02873701
v -0.08468146 -0.46934502 -0.00933689
v -0.07827012 -0.45693540 -0.00402397
v -0.07208274 -0.45245980 0.02974230
v -0.07198414 -0.44121992 0.00685507
v -0.06939412 -0.43448298 -0.01000446
v -0.06992028 -0.45698523 -0.05233520
v -0.07862348 -0.45980548 -0.04210228
v -0.07256495 -0.44612299 -0.03444904
v -0.06588315 -0.44194483 -0.04579061
v -0.05116888 -0.44191932 -0.05501026
v -0.05414649 -0.45853507 -0.05876058
v -0.03419268 -0.45017313 -0.04876894
v -0.03725653 -0.46531271 -0.05443567
v -0.05866476 -0.42640411 -0.03231281
v -0.06413629 -0.43063026 -0.02172226
v -0.04735051 -0.42448269 -0.04231876
v -0.03213234 -0.43198012 -0.03698915
v -0.02695445 -0.44047033 -0.02284998
v -0.02816107 -0.45954060 -0.03308052
v -0.02845972 -0.47414344 -0.04004806
v -0.01236717 -0.51122283 0.07789189
v -0.01483359 -0.52245872 0.06908613
v -0.05277600 -0.46512823 0.07348973
v -0.03347404 -0.46917122 0.07930237
v -0.01602104 -0.47562074 0.06656796
v -0.01323698 -0.49670326 0.05442530
v -0.02135325 -0.50829338 0.04597384
v -0.02520334 -0.49714588 0.02404696
v -0.01593188 -0.48671936 0.03016525
v -0.02501237 -0.53075992 0.06238228
v -0.03132830 -0.51328622 0.04171616
v -0.03364479 -0.50184112 0.02027565
v -0.02504828 -0.48972320 0.00367123
v -0.01809433 -0.47867834 0.00944382
v -0.02585437 -0.48376118 -0.01226944
v -0.02187120 -0.47096585 -0.00604242
v -0.02493534 -0.46533178 -0.01871103
v -0.02618883 -0.47935294 -0.02576536
v -0.01834449 -0.45238136 0.00088507
v -0.02240326 -0.44636213 -0.01023001
v -0.01366998 -0.46069013 0.01622158
v -0.01147499 -0.46842491 0.03774935
v -0.09606774 -0.51403116 0.05085903
v -0.09141974 -0.50101315 0.03022772
v -0.08629371 -0.48919093 0.00912100
v -0.08391635 -0.48104071 -0.01310867
v -0.07989415 -0.47609042 -0.03133243
v -0.07499459 -0.47278266 -0.04267448
v -0.05441869 -0.47046380 -0.05581802
v -0.06739389 -0.47005581 -0.05156082
v -0.04234661 -0.47517382 -0.05270809
v -0.03595055 -0.48295354 -0.04118961
v -0.03394477 -0.48864727 -0.02950853
v -0.03321777 -0.49605947 -0.00037378
v -0.03313706 -0.49299919 -0.01665825
v -0.00708602 -0.44100820 0.01934010
v -0.01214007 -0.43327188 0.00382906
v -0.01816148 -0.42794525 -0.00545639
v -0.02956977 -0.41450619 -0.02708477
v -0.02313370 -0.42188095 -0.01497644
v -0.03981116 -0.53141307 0.06021315
v -0.05677474 -0.52728640 0.05851227
v -0.07292109 -0.52415567 0.05478483
v -0.08617253 -0.52061855 0.05149227
v -0.08397112 -0.50745886 0.03008658
v -0.07234902 -0.51062029 0.03200203
v -0.05763210 -0.51368367 0.03481060
v -0.04277147 -0.51506602 0.03831059
v -0.07947553 -0.49665414 0.00872332
v -0.06939034 -0.50040363 0.01033884
v -0.05634577 -0.50332945 0.01202780
v -0.04381658 -0.50455689 0.01614433
v -0.04269321 -0.49884211 -0.00472492
v -0.05361665 -0.49666052 -0.00879854
v -0.06527255 -0.49345695 -0.01029581
v -0.07517655 -0.48881530 -0.01241869
v -0.07127523 -0.48309778 -0.02885097
v -0.06180794 -0.48760342 -0.02583545
v -0.05125245 -0.49114352 -0.02382368
v -0.04232276 -0.49360048 -0.02045101
v -0.06744004 -0.47961186 -0.03852743
v -0.05485288 -0.47682797 -0.04976219
v -0.06238555 -0.47699129 -0.04524893
v -0.04691953 -0.47976719 -0.04853338
v -0.04337882 -0.48489713 -0.04017252
v -0.04236338 -0.48948686 -0.03093761
v -0.05033798 -0.48720705 -0.03265566
v -0.05000691 -0.48379546 -0.03944773
v -0.05964973 -0.48393255 -0.03454155
v -0.05715261 -0.48102134 -0.04088730
v -0.05048598 -0.48084884 -0.04453701
v -0.05411839 -0.47954690 -0.04515070
v -0.06057061 -0.43900674 0.04495388
v 0.06167053 -0.12456559 0.19760948
v 0.07587319 -0.12327760 0.18891340
v 0.04602409 -0.11948799 0.20315224
v 0.06483614 0.29086726 0.11967665
v 0.12295195 0.44145064 0.13377625
v 0.12556002 0.47368269 0.14314753
v 0.12416292 0.45669694 0.13848263
v 0.06296872 0.27058019 0.12992007
v 0.06673900 0.51142428 0.12115103
v 0.10427276 0.61504785 0.22329241
v 0.07654322 0.92311645 0.29004437
v 0.07864369 0.92078019 0.28742319
v 0.07996210 0.91952170 0.28400952
v 0.08043169 0.91876210 0.28042179
v 0.08096448 0.91868199 0.27688986
v 0.08253860 0.92059166 0.27399927
v 0.07768824 0.92175008 0.28239304
v 0.07986372 0.92565371 0.28141028
v 0.07947146 0.92629553 0.28370863
v 0.07731337 0.92277516 0.28508431
f 2 3 1
f 1 3 4
f 3 2 5
f 5 2 6
f 3 7 4
f 4 7 8
f 10 11 9
f 9 11 12
f 14 15 13
f 13 15 16
f 18 19 17
f 17 19 20
f 22 23 21
f 21 23 24
f 26 18 25
f 25 18 17
f 27 28 17
f 17 28 25
f 30 31 29
f 29 31 32
f 34 35 33
f 33 35 36
f 21 24 37
f 37 24 38
f 40 31 39
f 39 31 38
f 34 33 28
f 28 33 25
f 41 42 44
f 44 42 43
f 36 45 33
f 33 45 25
f 46 47 49
f 49 47 48
f 51 52 50
f 50 52 53
f 55 53 54
f 54 53 52
f 57 58 56
f 56 58 59
f 61 62 60
f 60 62 63
f 65 66 64
f 64 66 67
f 69 70 68
f 68 70 71
f 65 73 72
f 72 73 74
f 64 75 65
f 65 75 73
f 77 78 76
f 76 78 79
f 80 81 83
f 83 81 82
f 81 85 84
f 84 85 86
f 88 89 87
f 87 89 69
f 88 87 90
f 90 87 91
f 93 94 92
f 92 94 95
f 96 84 43
f 43 84 44
f 51 98 97
f 97 98 86
f 97 99 51
f 51 99 52
f 54 52 100
f 100 52 99
f 58 101 59
f 59 101 102
f 62 103 63
f 63 103 104
f 105 106 6
f 6 106 5
f 108 109 107
f 107 109 110
f 112 113 111
f 111 113 114
f 116 117 115
f 115 117 118
f 120 121 119
f 119 121 122
f 124 125 123
f 123 125 126
f 128 129 127
f 127 129 130
f 130 131 127
f 127 131 132
f 134 1 133
f 133 1 135
f 1 4 135
f 135 4 136
f 4 8 136
f 136 8 137
f 138 139 15
f 15 139 140
f 140 139 141
f 141 139 142
f 144 57 143
f 143 57 56
f 145 146 141
f 141 146 147
f 146 149 148
f 148 149 150
f 152 153 151
f 151 153 154
f 141 147 140
f 140 147 155
f 157 11 156
f 156 11 158
f 160 161 159
f 159 161 162
f 164 165 163
f 163 165 166
f 165 160 166
f 166 160 159
f 168 169 167
f 167 169 170
f 169 171 170
f 170 171 172
f 149 173 150
f 150 173 174
f 175 176 149
f 149 176 173
f 178 172 177
f 177 172 171
f 180 181 179
f 179 181 182
f 184 180 183
f 183 180 179
f 186 187 185
f 185 187 188
f 190 191 189
f 189 191 192
f 7 193 8
f 8 193 194
f 196 162 195
f 195 162 161
f 197 168 198
f 198 168 167
f 181 199 182
f 182 199 200
f 202 203 201
f 201 203 204
f 187 186 205
f 205 186 206
f 208 209 207
f 207 209 210
f 212 213 211
f 211 213 214
f 215 216 218
f 218 216 217
f 220 209 219
f 219 209 208
f 204 186 221
f 221 186 185
f 201 204 222
f 222 204 221
f 223 211 220
f 220 211 209
f 224 225 214
f 214 225 210
f 203 206 204
f 204 206 186
f 227 187 226
f 226 187 205
f 27 228 21
f 21 228 22
f 230 231 229
f 229 231 232
f 234 235 233
f 233 235 236
f 238 239 237
f 237 239 240
f 119 122 118
f 118 122 115
f 112 242 241
f 241 242 243
f 98 51 244
f 244 51 50
f 245 138 14
f 14 138 15
f 11 10 158
f 158 10 246
f 89 85 69
f 69 85 70
f 11 157 12
f 12 157 247
f 249 164 248
f 248 164 163
f 177 250 178
f 178 250 251
f 253 254 252
f 252 254 255
f 187 227 188
f 188 227 256
f 212 257 213
f 213 257 258
f 260 134 259
f 259 134 133
f 165 164 135
f 135 164 133
f 160 165 136
f 136 165 135
f 136 137 160
f 160 137 161
f 137 261 161
f 161 261 195
f 263 264 262
f 262 264 265
f 13 16 266
f 266 16 267
f 268 267 155
f 155 267 16
f 147 269 155
f 155 269 268
f 162 196 167
f 167 196 198
f 167 170 162
f 162 170 159
f 170 172 159
f 159 172 166
f 172 178 166
f 166 178 163
f 178 251 163
f 163 251 248
f 168 270 169
f 169 270 271
f 272 273 171
f 171 273 177
f 271 272 169
f 169 272 171
f 168 197 270
f 270 197 274
f 250 177 275
f 275 177 273
f 277 45 276
f 276 45 278
f 280 281 279
f 279 281 282
f 284 104 283
f 283 104 103
f 285 215 286
f 286 215 218
f 288 289 287
f 287 289 290
f 291 80 66
f 66 80 83
f 293 294 292
f 292 294 295
f 73 91 74
f 74 91 87
f 91 73 92
f 92 73 75
f 279 77 280
f 280 77 76
f 80 291 70
f 70 291 71
f 277 47 96
f 96 47 82
f 297 175 296
f 296 175 149
f 299 154 298
f 298 154 153
f 225 300 210
f 210 300 207
f 224 301 206
f 206 301 205
f 210 209 214
f 214 209 211
f 226 205 302
f 302 205 301
f 304 305 303
f 303 305 306
f 308 309 307
f 307 309 310
f 72 291 65
f 65 291 66
f 66 83 67
f 67 83 46
f 312 313 311
f 311 313 314
f 316 317 315
f 315 317 36
f 29 318 35
f 35 318 319
f 321 32 320
f 320 32 322
f 311 314 323
f 323 314 324
f 315 325 316
f 316 325 326
f 318 287 319
f 319 287 290
f 328 321 327
f 327 321 320
f 329 330 39
f 39 330 331
f 332 333 40
f 40 333 322
f 309 334 285
f 285 334 335
f 236 2 134
f 134 2 1
f 260 336 233
f 233 336 337
f 237 14 265
f 265 14 13
f 84 86 44
f 44 86 98
f 189 192 7
f 7 192 193
f 44 98 41
f 41 98 244
f 237 240 14
f 14 240 245
f 7 3 189
f 189 3 5
f 338 71 72
f 72 71 291
f 262 265 266
f 266 265 13
f 124 123 339
f 339 123 105
f 123 109 105
f 105 109 106
f 189 5 190
f 190 5 106
f 111 114 12
f 12 114 9
f 264 340 265
f 265 340 237
f 342 343 341
f 341 343 344
f 6 235 105
f 105 235 339
f 234 346 345
f 345 346 347
f 349 350 348
f 348 350 351
f 107 352 108
f 108 352 353
f 355 356 354
f 354 356 357
f 237 340 238
f 238 340 358
f 12 247 111
f 111 247 359
f 264 263 116
f 116 263 360
f 361 362 222
f 222 362 201
f 364 365 363
f 363 365 366
f 368 369 367
f 367 369 370
f 372 373 371
f 371 373 374
f 375 376 372
f 372 376 377
f 378 379 381
f 381 379 380
f 382 383 269
f 269 383 268
f 150 174 365
f 365 174 384
f 380 377 381
f 381 377 376
f 271 270 180
f 180 270 181
f 273 272 252
f 252 272 184
f 272 271 184
f 184 271 180
f 181 270 274
f 252 255 273
f 273 255 275
f 254 385 255
f 255 385 386
f 387 388 179
f 179 388 183
f 389 387 182
f 182 387 179
f 182 200 389
f 389 200 390
f 388 391 183
f 183 391 253
f 391 392 253
f 253 392 254
f 394 379 393
f 393 379 378
f 185 188 395
f 395 188 396
f 221 185 397
f 397 185 395
f 222 221 398
f 398 221 397
f 188 256 396
f 396 256 399
f 400 401 256
f 256 401 399
f 402 403 405
f 405 403 404
f 148 150 364
f 364 150 365
f 393 406 394
f 394 406 407
f 158 246 393
f 393 246 406
f 342 19 238
f 238 19 239
f 23 22 350
f 350 22 354
f 244 50 245
f 245 50 138
f 55 142 53
f 53 142 139
f 145 144 296
f 296 144 143
f 355 228 341
f 341 228 20
f 41 240 42
f 42 240 239
f 283 308 284
f 284 308 307
f 349 409 408
f 408 409 410
f 244 245 41
f 41 245 240
f 268 383 406
f 406 383 407
f 346 411 349
f 349 411 409
f 251 412 248
f 248 412 413
f 275 414 250
f 250 414 415
f 25 45 26
f 26 45 277
f 43 26 96
f 96 26 277
f 416 417 61
f 61 417 62
f 329 24 408
f 408 24 23
f 31 40 32
f 32 40 322
f 39 38 329
f 329 38 24
f 37 38 30
f 30 38 31
f 418 419 421
f 421 419 420
f 78 295 79
f 79 295 294
f 124 339 422
f 422 339 345
f 232 131 357
f 357 131 351
f 2 236 6
f 6 236 235
f 252 184 253
f 253 184 183
f 227 423 256
f 256 423 400
f 423 227 305
f 305 227 226
f 424 258 425
f 425 258 257
f 426 427 212
f 212 427 257
f 259 133 249
f 249 133 164
f 419 418 428
f 428 418 429
f 327 430 328
f 328 430 288
f 49 431 46
f 46 431 67
f 306 302 424
f 424 302 258
f 313 432 314
f 314 432 433
f 32 321 29
f 29 321 318
f 324 314 433
f 287 318 328
f 328 318 321
f 134 260 236
f 236 260 233
f 345 339 234
f 234 339 235
f 357 351 354
f 354 351 350
f 408 23 349
f 349 23 350
f 317 278 36
f 36 278 45
f 432 313 429
f 429 313 428
f 435 428 434
f 434 428 313
f 42 239 18
f 18 239 19
f 43 42 26
f 26 42 18
f 121 120 436
f 436 120 437
f 302 301 258
f 258 301 213
f 110 109 126
f 126 109 123
f 238 358 342
f 342 358 343
f 341 20 342
f 342 20 19
f 322 438 320
f 320 438 439
f 320 439 327
f 327 439 430
f 333 440 322
f 322 440 438
f 289 288 323
f 323 288 430
f 115 340 116
f 116 340 264
f 146 145 149
f 149 145 296
f 15 140 16
f 16 140 155
f 441 442 152
f 152 442 153
f 225 224 203
f 203 224 206
f 175 297 154
f 154 297 151
f 293 443 294
f 294 443 444
f 248 413 249
f 249 413 445
f 446 447 400
f 400 447 401
f 388 387 396
f 396 387 395
f 387 389 395
f 395 389 397
f 391 388 399
f 399 388 396
f 401 392 399
f 399 392 391
f 255 386 275
f 275 386 414
f 449 450 448
f 448 450 451
f 335 452 285
f 285 452 215
f 453 298 442
f 442 298 153
f 211 223 212
f 212 223 426
f 425 257 454
f 454 257 427
f 266 10 262
f 262 10 9
f 360 113 456
f 456 113 455
f 8 194 137
f 137 194 261
f 10 266 246
f 246 266 267
f 203 202 225
f 225 202 300
f 262 9 263
f 263 9 114
f 108 353 190
f 190 353 191
f 389 390 397
f 397 390 398
f 457 422 128
f 128 422 129
f 156 158 378
f 378 158 393
f 347 346 348
f 348 346 349
f 447 458 401
f 401 458 392
f 364 382 148
f 148 382 269
f 55 54 57
f 57 54 58
f 75 64 459
f 459 64 460
f 100 90 101
f 101 90 95
f 101 58 100
f 100 58 54
f 142 55 144
f 144 55 57
f 147 146 269
f 269 146 148
f 459 93 75
f 75 93 92
f 144 145 142
f 142 145 141
f 228 27 20
f 20 27 17
f 154 299 175
f 175 299 176
f 214 213 224
f 224 213 301
f 424 461 306
f 306 461 303
f 285 286 309
f 309 286 310
f 462 334 308
f 308 334 309
f 302 306 226
f 226 306 305
f 37 28 21
f 21 28 27
f 29 35 30
f 30 35 34
f 30 34 37
f 37 34 28
f 344 436 356
f 356 436 229
f 325 290 326
f 326 290 289
f 311 439 312
f 312 439 438
f 35 319 36
f 36 319 315
f 439 311 430
f 430 311 323
f 315 319 325
f 325 319 290
f 440 463 438
f 438 463 312
f 341 344 355
f 355 344 356
f 360 456 116
f 116 456 117
f 354 22 355
f 355 22 228
f 326 289 324
f 324 289 323
f 74 87 68
f 68 87 69
f 50 53 138
f 138 53 139
f 268 406 267
f 267 406 246
f 190 106 108
f 108 106 109
f 241 455 112
f 112 455 113
f 358 122 343
f 343 122 121
f 129 347 130
f 130 347 348
f 348 351 130
f 130 351 131
f 229 232 356
f 356 232 357
f 340 115 358
f 358 115 122
f 111 359 112
f 112 359 242
f 125 124 457
f 457 124 422
f 231 132 232
f 232 132 131
f 343 121 344
f 344 121 436
f 263 114 360
f 360 114 113
f 347 129 345
f 345 129 422
f 230 229 437
f 437 229 436
f 464 446 423
f 423 446 400
f 465 466 468
f 468 466 467
f 470 471 469
f 469 471 472
f 469 472 373
f 373 472 374
f 474 469 473
f 473 469 373
f 471 475 472
f 472 475 476
f 472 477 374
f 374 477 478
f 477 472 476
f 479 480 476
f 476 480 477
f 473 373 377
f 377 373 372
f 481 482 479
f 479 482 480
f 483 484 481
f 481 484 482
f 403 402 485
f 485 402 486
f 487 488 483
f 483 488 484
f 487 489 488
f 488 489 490
f 489 491 490
f 490 491 492
f 491 493 492
f 492 493 494
f 493 495 494
f 494 495 496
f 497 498 481
f 481 498 483
f 484 499 482
f 482 499 367
f 370 480 367
f 367 480 482
f 480 370 477
f 477 370 478
f 500 497 479
f 479 497 481
f 451 473 380
f 380 473 377
f 448 451 379
f 379 451 380
f 501 502 504
f 504 502 503
f 449 505 507
f 507 505 506
f 486 508 505
f 505 508 506
f 508 509 506
f 506 509 510
f 511 507 510
f 510 507 506
f 509 508 512
f 512 508 513
f 515 509 514
f 514 509 512
f 509 515 510
f 510 515 516
f 510 516 511
f 511 516 517
f 486 505 485
f 485 505 518
f 505 449 518
f 518 449 448
f 383 382 403
f 403 382 404
f 363 404 364
f 364 404 382
f 403 485 383
f 383 485 407
f 519 520 361
f 361 520 362
f 522 496 521
f 521 496 495
f 450 474 451
f 451 474 473
f 363 366 523
f 523 366 524
f 525 499 488
f 488 499 484
f 488 490 525
f 525 490 526
f 496 522 520
f 520 522 527
f 494 496 519
f 519 496 520
f 492 494 528
f 528 494 519
f 529 530 495
f 495 530 521
f 490 492 526
f 526 492 528
f 529 495 531
f 531 495 493
f 533 534 532
f 532 534 535
f 523 524 533
f 533 524 534
f 486 402 532
f 532 402 533
f 529 536 530
f 530 536 537
f 536 538 537
f 537 538 539
f 540 541 539
f 539 541 537
f 530 537 535
f 535 537 541
f 542 539 543
f 543 539 538
f 539 542 540
f 540 542 544
f 541 540 513
f 513 540 512
f 540 544 512
f 512 544 514
f 546 547 545
f 545 547 548
f 549 550 531
f 531 550 551
f 550 549 552
f 552 549 553
f 546 550 554
f 554 550 552
f 547 546 555
f 555 546 554
f 498 556 558
f 558 556 557
f 559 557 560
f 560 557 556
f 561 562 560
f 560 562 559
f 557 559 552
f 552 559 554
f 559 562 554
f 554 562 555
f 558 557 553
f 553 557 552
f 475 471 563
f 563 471 564
f 565 563 567
f 567 563 566
f 471 470 564
f 564 470 466
f 564 466 568
f 568 466 465
f 568 465 569
f 569 465 570
f 572 573 571
f 571 573 574
f 569 575 567
f 567 575 576
f 577 565 576
f 576 565 567
f 578 579 581
f 581 579 580
f 575 561 576
f 576 561 560
f 556 577 560
f 560 577 576
f 577 556 497
f 497 556 498
f 565 577 500
f 500 577 497
f 563 565 475
f 475 565 500
f 553 489 558
f 558 489 487
f 531 493 549
f 549 493 491
f 489 553 491
f 491 553 549
f 394 407 518
f 518 407 485
f 518 448 394
f 394 448 379
f 545 548 538
f 538 548 543
f 551 545 536
f 536 545 538
f 536 529 551
f 551 529 531
f 507 582 449
f 449 582 450
f 511 583 507
f 507 583 582
f 511 517 583
f 583 517 584
f 585 586 588
f 588 586 587
f 590 591 589
f 589 591 592
f 591 590 593
f 593 590 594
f 596 597 595
f 595 597 598
f 599 600 602
f 602 600 601
f 604 605 603
f 603 605 606
f 608 609 607
f 607 609 610
f 612 613 611
f 611 613 614
f 615 616 618
f 618 616 617
f 620 621 619
f 619 621 622
f 624 625 623
f 623 625 626
f 628 629 627
f 627 629 630
f 632 633 631
f 631 633 634
f 635 636 638
f 638 636 637
f 639 640 642
f 642 640 641
f 644 645 643
f 643 645 646
f 619 622 647
f 647 622 648
f 650 651 649
f 649 651 652
f 601 653 602
f 602 653 654
f 656 657 655
f 655 657 658
f 660 661 659
f 659 661 662
f 664 665 663
f 663 665 666
f 593 594 667
f 667 594 668
f 669 670 672
f 672 670 671
f 673 674 676
f 676 674 675
f 633 632 677
f 677 632 678
f 663 666 679
f 679 666 680
f 681 682 684
f 684 682 683
f 686 687 685
f 685 687 688
f 690 661 689
f 689 661 691
f 693 686 692
f 692 686 685
f 695 597 694
f 694 597 668
f 594 696 668
f 668 696 694
f 697 698 696
f 696 698 699
f 700 701 697
f 697 701 698
f 702 585 703
f 703 585 588
f 671 690 672
f 672 690 689
f 640 639 704
f 704 639 705
f 679 706 663
f 663 706 658
f 708 709 707
f 707 709 710
f 711 712 610
f 610 712 607
f 713 714 716
f 716 714 715
f 717 718 720
f 720 718 719
f 722 634 721
f 721 634 633
f 724 725 723
f 723 725 726
f 728 729 727
f 727 729 730
f 732 733 731
f 731 733 734
f 707 710 735
f 735 710 736
f 643 737 644
f 644 737 738
f 740 741 739
f 739 741 742
f 608 744 743
f 743 744 745
f 747 748 746
f 746 748 749
f 751 752 750
f 750 752 753
f 754 755 757
f 757 755 756
f 758 759 761
f 761 759 760
f 763 764 762
f 762 764 765
f 767 768 766
f 766 768 769
f 771 772 770
f 770 772 773
f 775 776 774
f 774 776 777
f 779 780 778
f 778 780 781
f 783 712 782
f 782 712 784
f 785 786 788
f 788 786 787
f 790 628 789
f 789 628 627
f 792 793 791
f 791 793 794
f 795 796 726
f 726 796 723
f 798 799 797
f 797 799 800
f 721 633 801
f 801 633 677
f 797 800 802
f 802 800 803
f 805 806 804
f 804 806 807
f 809 810 808
f 808 810 811
f 813 814 812
f 812 814 815
f 809 808 817
f 817 808 816
f 818 819 804
f 804 819 805
f 820 821 818
f 818 821 819
f 821 820 587
f 587 820 822
f 809 823 810
f 810 823 824
f 814 807 815
f 815 807 806
f 826 426 825
f 825 426 223
f 426 826 427
f 427 826 827
f 828 829 454
f 454 829 830
f 831 832 677
f 677 832 801
f 834 835 833
f 833 835 836
f 838 839 837
f 837 839 840
f 841 842 844
f 844 842 843
f 845 846 803
f 803 846 802
f 847 831 678
f 678 831 677
f 848 849 851
f 851 849 850
f 853 854 852
f 852 854 855
f 857 858 856
f 856 858 680
f 860 861 859
f 859 861 862
f 864 865 863
f 863 865 866
f 868 869 867
f 867 869 870
f 839 871 840
f 840 871 872
f 849 848 874
f 874 848 873
f 876 877 875
f 875 877 878
f 880 881 879
f 879 881 882
f 883 884 886
f 886 884 885
f 846 887 802
f 802 887 888
f 890 891 889
f 889 891 888
f 893 894 892
f 892 894 895
f 896 897 728
f 728 897 729
f 899 900 898
f 898 900 901
f 902 852 904
f 904 852 903
f 849 905 850
f 850 905 906
f 875 878 907
f 907 878 908
f 910 911 909
f 909 911 912
f 914 915 913
f 913 915 916
f 917 918 862
f 862 918 859
f 919 920 856
f 856 920 921
f 923 924 922
f 922 924 925
f 926 927 925
f 925 927 922
f 929 930 928
f 928 930 693
f 932 695 931
f 931 695 694
f 823 867 824
f 824 867 933
f 935 936 934
f 934 936 937
f 938 868 823
f 823 868 867
f 940 847 939
f 939 847 678
f 632 655 678
f 678 655 939
f 941 942 619
f 619 942 620
f 687 943 688
f 688 943 944
f 851 850 945
f 945 850 903
f 850 906 903
f 903 906 904
f 946 947 949
f 949 947 948
f 951 952 950
f 950 952 953
f 955 956 954
f 954 956 957
f 907 958 875
f 875 958 874
f 960 961 959
f 959 961 962
f 963 853 902
f 902 853 852
f 909 964 910
f 910 964 965
f 967 968 966
f 966 968 969
f 971 972 970
f 970 972 973
f 974 960 975
f 975 960 959
f 977 978 976
f 976 978 979
f 981 977 980
f 980 977 976
f 980 982 981
f 981 982 983
f 985 983 984
f 984 983 982
f 984 986 985
f 985 986 987
f 989 990 988
f 988 990 991
f 993 994 992
f 992 994 995
f 997 998 996
f 996 998 999
f 1001 1002 1000
f 1000 1002 1003
f 1005 1006 1004
f 1004 1006 1007
f 1004 1008 1005
f 1005 1008 1009
f 1008 1010 1009
f 1009 1010 1011
f 1013 1011 1012
f 1012 1011 1010
f 1014 1015 1017
f 1017 1015 1016
f 1019 1020 1018
f 1018 1020 1021
f 1022 1023 976
f 976 1023 980
f 1024 1025 982
f 982 1025 984
f 992 995 1026
f 1026 995 1027
f 956 955 1028
f 1028 955 1029
f 1030 1031 1033
f 1033 1031 1032
f 1010 1008 1034
f 1034 1008 1035
f 1008 1004 1035
f 1035 1004 1036
f 1037 1038 1002
f 1002 1038 1007
f 1002 1001 1037
f 1037 1001 1039
f 1040 1041 997
f 997 1041 998
f 1015 1014 1043
f 1043 1014 1042
f 1044 1045 1047
f 1047 1045 1046
f 1044 1020 1048
f 1048 1020 1049
f 1050 1051 1003
f 1003 1051 1000
f 1052 1050 1006
f 1006 1050 1003
f 1053 1054 1011
f 1011 1054 1009
f 1013 1045 1055
f 1055 1045 1056
f 1058 1059 1057
f 1057 1059 1060
f 1062 1063 1061
f 1061 1063 1064
f 1065 1066 1050
f 1050 1066 1051
f 1067 1065 1052
f 1052 1065 1050
f 1068 1069 1054
f 1054 1069 1070
f 1071 1068 1053
f 1053 1068 1054
f 1073 1071 1072
f 1072 1071 1074
f 1074 1071 1055
f 1055 1071 1053
f 1076 1077 1075
f 1075 1077 1078
f 1079 1080 1057
f 1057 1080 1058
f 1081 1082 1064
f 1064 1082 1061
f 1084 1085 1083
f 1083 1085 1086
f 1088 1089 1087
f 1087 1089 1090
f 1092 1093 1091
f 1091 1093 1094
f 1096 1097 1095
f 1095 1097 1098
f 1099 1100 1102
f 1102 1100 1101
f 1103 1104 1099
f 1099 1104 1100
f 1106 1107 1105
f 1105 1107 1108
f 1110 1111 1109
f 1109 1111 1112
f 1114 1115 1113
f 1113 1115 1116
f 1118 1119 1117
f 1117 1119 1077
f 1117 1120 1122
f 1122 1120 1121
f 1105 1123 1106
f 1106 1123 1124
f 1125 1126 1128
f 1128 1126 1127
f 1130 1131 1129
f 1129 1131 1132
f 1134 1135 1133
f 1133 1135 1114
f 1113 1136 1114
f 1114 1136 1133
f 1118 1137 1113
f 1113 1137 1136
f 1118 1117 1137
f 1137 1117 1122
f 1139 1140 1138
f 1138 1140 1141
f 1143 953 1142
f 1142 953 952
f 1145 957 1144
f 1144 957 956
f 1028 1146 956
f 956 1146 1144
f 1014 1147 1042
f 1042 1147 1148
f 1014 1017 1147
f 1147 1017 1149
f 1059 1058 1150
f 1150 1058 1151
f 1153 1080 1152
f 1152 1080 1154
f 1156 1088 1155
f 1155 1088 1087
f 1157 1158 1106
f 1106 1158 1107
f 1106 1124 1157
f 1157 1124 1159
f 1161 1162 1160
f 1160 1162 1163
f 1165 1166 1164
f 1164 1166 1167
f 1168 1031 1012
f 1012 1031 1046
f 1024 1023 1035
f 1035 1023 1034
f 1036 1038 1025
f 1025 1038 1169
f 1170 1171 1039
f 1039 1171 1037
f 1028 1029 1042
f 1042 1029 1043
f 1172 1173 1175
f 1175 1173 1174
f 1055 1053 1013
f 1013 1053 1011
f 1005 1009 1070
f 1070 1009 1054
f 996 999 1062
f 1062 999 1063
f 1016 1060 1017
f 1017 1060 1059
f 1017 1059 1149
f 1149 1059 1150
f 1177 1178 1176
f 1176 1178 1103
f 1176 1072 1179
f 1179 1072 1074
f 1073 1102 1086
f 1086 1102 1083
f 1180 1181 1067
f 1067 1181 1065
f 1182 1183 1184
f 1184 1183 1181
f 1186 1187 1185
f 1185 1187 1188
f 1189 1190 798
f 798 1190 799
f 1192 1193 1191
f 1191 1193 1194
f 1195 1196 1194
f 1194 1196 1191
f 1196 1195 1198
f 1198 1195 1197
f 1200 674 1199
f 1199 674 673
f 928 1201 1203
f 1203 1201 1202
f 861 1204 862
f 862 1204 921
f 1205 1206 913
f 913 1206 1207
f 882 1208 879
f 879 1208 1209
f 1210 1211 1167
f 1167 1211 1164
f 1212 769 1213
f 1213 769 768
f 727 1214 728
f 728 1214 1215
f 1217 1218 1216
f 1216 1218 1219
f 1220 813 1221
f 1221 813 812
f 827 828 427
f 427 828 454
f 1223 1224 1222
f 1222 1224 1165
f 1226 1227 1225
f 1225 1227 1228
f 851 1229 848
f 848 1229 1230
f 834 854 835
f 835 854 1231
f 1233 1234 1232
f 1232 1234 1235
f 1237 751 1236
f 1236 751 750
f 743 819 1238
f 1238 819 821
f 1240 1241 1239
f 1239 1241 1242
f 1244 1245 1243
f 1243 1245 1246
f 844 1247 841
f 841 1247 1248
f 1250 1251 1249
f 1249 1251 1252
f 1254 893 1253
f 1253 893 1237
f 1255 1256 1258
f 1258 1256 1257
f 1260 1261 1259
f 1259 1261 1262
f 945 903 855
f 855 903 852
f 855 1263 945
f 945 1263 1264
f 832 845 801
f 801 845 803
f 800 721 803
f 803 721 801
f 721 800 722
f 722 800 799
f 1266 1267 1265
f 1265 1267 1268
f 1270 795 1269
f 1269 795 726
f 725 1271 726
f 726 1271 1269
f 737 765 738
f 738 765 764
f 759 740 760
f 760 740 739
f 717 1272 1274
f 1274 1272 1273
f 1163 1226 1275
f 1275 1226 1225
f 1277 882 1276
f 1276 882 881
f 1041 1040 1027
f 1027 1040 1026
f 900 935 901
f 901 935 934
f 1164 1278 1165
f 1165 1278 1222
f 1211 1279 1164
f 1164 1279 1278
f 442 1280 453
f 453 1280 1281
f 788 1282 785
f 785 1282 1283
f 1285 1286 1284
f 1284 1286 1287
f 1284 1288 1285
f 1285 1288 1289
f 757 1289 754
f 754 1289 1288
f 605 604 675
f 675 604 676
f 1290 1291 1293
f 1293 1291 1292
f 1295 1296 1294
f 1294 1296 1297
f 696 699 694
f 694 699 931
f 1298 1299 592
f 592 1299 589
f 1299 1300 589
f 589 1300 700
f 1300 1301 700
f 700 1301 701
f 743 745 819
f 819 745 805
f 1303 1304 1302
f 1302 1304 1305
f 1306 1307 1305
f 1305 1307 1302
f 609 1298 610
f 610 1298 592
f 587 822 588
f 588 822 1308
f 703 588 1309
f 1309 588 1308
f 1310 703 571
f 571 703 1309
f 1311 1312 789
f 789 1312 790
f 825 223 1313
f 1313 223 220
f 219 1314 220
f 220 1314 1313
f 1315 1316 1311
f 1311 1316 1312
f 1317 1318 1319
f 1319 1318 1241
f 441 1320 442
f 442 1320 1280
f 1321 217 572
f 572 217 216
f 1323 1230 1322
f 1322 1230 1229
f 1324 1325 631
f 631 1325 656
f 1034 1168 1010
f 1010 1168 1012
f 1327 1328 1326
f 1326 1328 1329
f 1331 1202 1330
f 1330 1202 1201
f 571 1309 572
f 572 1309 1321
f 573 572 1332
f 1332 572 216
f 1334 1335 1333
f 1333 1335 1336
f 1337 1338 918
f 918 1338 859
f 1339 863 1340
f 1340 863 866
f 1341 1342 1344
f 1344 1342 1343
f 1345 1346 919
f 919 1346 920
f 1347 1348 673
f 673 1348 1199
f 693 1349 928
f 928 1349 1201
f 1351 1257 1350
f 1350 1257 1256
f 1350 1352 1351
f 1351 1352 1353
f 653 930 654
f 654 930 662
f 1279 1354 1278
f 1278 1354 1355
f 1357 1358 1356
f 1356 1358 1359
f 937 1360 1140
f 1140 1360 1361
f 1225 1228 909
f 909 1228 964
f 901 934 1362
f 1362 934 1139
f 1364 1365 1363
f 1363 1365 1362
f 1367 912 1366
f 1366 912 911
f 1143 1142 1368
f 1368 1142 1369
f 1144 1186 1145
f 1145 1186 1185
f 1146 1175 1144
f 1144 1175 1186
f 1175 1146 1172
f 1172 1146 1148
f 1147 1018 1148
f 1148 1018 1172
f 1018 1147 1019
f 1019 1147 1149
f 1149 1150 1019
f 1019 1150 1370
f 1150 1151 1370
f 1370 1151 1371
f 1151 1153 1371
f 1371 1153 1177
f 1152 1156 1178
f 1178 1156 1372
f 1155 1158 1373
f 1373 1158 1374
f 1157 1159 1376
f 1376 1159 1375
f 1378 1379 1377
f 1377 1379 1380
f 1382 1383 1381
f 1381 1383 1384
f 1382 1386 1385
f 1385 1386 1387
f 1386 1233 1387
f 1387 1233 1232
f 1389 1390 1388
f 1388 1390 1391
f 1393 1394 1392
f 1392 1394 1395
f 1397 1398 1396
f 1396 1398 1399
f 629 1397 630
f 630 1397 1396
f 1342 1400 1343
f 1343 1400 1401
f 1403 1404 1402
f 1402 1404 1405
f 1407 1408 1406
f 1406 1408 1409
f 1411 1412 1410
f 1410 1412 1413
f 793 1414 794
f 794 1414 1415
f 1417 1341 1416
f 1416 1341 1344
f 704 705 1347
f 1347 705 1418
f 741 1419 742
f 742 1419 1420
f 1422 669 1421
f 1421 669 672
f 645 1423 646
f 646 1423 1424
f 1196 1198 614
f 614 1198 611
f 613 1425 614
f 614 1425 1426
f 1427 616 659
f 659 616 660
f 614 1426 1196
f 1196 1426 1191
f 696 594 697
f 697 594 590
f 697 590 700
f 700 590 589
f 703 1310 702
f 702 1310 1428
f 1421 672 1192
f 1192 672 689
f 1271 648 1269
f 1269 648 622
f 621 1270 622
f 622 1270 1269
f 1429 1430 1417
f 1417 1430 1341
f 1431 1432 1434
f 1434 1432 1433
f 1436 1437 1435
f 1435 1437 1438
f 1440 1441 1439
f 1439 1441 1442
f 1443 1444 1446
f 1446 1444 1445
f 823 809 938
f 938 809 817
f 810 1447 811
f 811 1447 1448
f 1449 1450 679
f 679 1450 706
f 913 916 1205
f 1205 916 1451
f 1275 1225 912
f 912 1225 909
f 1452 1453 880
f 880 1453 881
f 1444 1401 1445
f 1445 1401 1400
f 936 1454 937
f 937 1454 1360
f 824 1455 810
f 810 1455 1447
f 631 656 632
f 632 656 655
f 966 1456 967
f 967 1456 1457
f 1459 1460 1458
f 1458 1460 1461
f 1460 1462 1461
f 1461 1462 1463
f 972 974 973
f 973 974 975
f 990 995 991
f 991 995 994
f 1464 1187 1033
f 1033 1187 1174
f 1018 1021 1172
f 1172 1021 1173
f 1000 999 1001
f 1001 999 998
f 976 979 1022
f 1022 979 1032
f 1023 1024 980
f 980 1024 982
f 989 986 1171
f 1171 986 1169
f 1171 1170 989
f 989 1170 990
f 1170 1027 990
f 990 1027 995
f 1041 1039 998
f 998 1039 1001
f 1051 1063 1000
f 1000 1063 999
f 1066 1064 1051
f 1051 1064 1063
f 1183 1081 1066
f 1066 1081 1064
f 1178 1372 1103
f 1103 1372 1104
f 1092 1091 1465
f 1465 1091 1182
f 1467 1465 1466
f 1466 1465 1468
f 1469 1470 1184
f 1184 1470 1468
f 1095 1098 1471
f 1471 1098 1101
f 1076 1374 1120
f 1120 1374 1376
f 1110 1472 1127
f 1127 1472 1132
f 1472 1473 1132
f 1132 1473 1129
f 1474 1475 1466
f 1466 1475 1473
f 1119 1118 1116
f 1116 1118 1113
f 1375 1121 1376
f 1376 1121 1120
f 1127 1132 1128
f 1128 1132 1131
f 1227 1476 1228
f 1228 1476 1361
f 1365 1477 1362
f 1362 1477 872
f 1478 1479 1323
f 1323 1479 1230
f 1480 1481 914
f 914 1481 915
f 913 1277 914
f 914 1277 1276
f 1168 1034 1022
f 1022 1034 1023
f 1035 1036 1024
f 1024 1036 1025
f 1039 1041 1170
f 1170 1041 1027
f 1042 1148 1028
f 1028 1148 1146
f 968 1459 969
f 969 1459 1458
f 1482 1483 664
f 664 1483 665
f 1485 1486 1484
f 1484 1486 1487
f 1489 1490 1488
f 1488 1490 1491
f 1492 1493 722
f 722 1493 634
f 1495 1496 1494
f 1494 1496 1497
f 1498 1207 1339
f 1339 1207 863
f 1224 1499 1165
f 1165 1499 1166
f 1160 1163 1500
f 1500 1163 1275
f 1500 877 1160
f 1160 877 1501
f 876 873 1502
f 1502 873 1479
f 945 1264 851
f 851 1264 1229
f 835 1231 839
f 839 1231 871
f 1503 1283 778
f 778 1283 1282
f 716 715 1505
f 1505 715 1504
f 1446 1445 1507
f 1507 1445 1506
f 779 792 1381
f 1381 792 791
f 1430 1409 1341
f 1341 1409 1342
f 1411 1429 1508
f 1508 1429 1417
f 635 1510 1509
f 1509 1510 1511
f 1377 1380 1315
f 1315 1380 1316
f 1445 1400 1506
f 1506 1400 1408
f 918 917 1336
f 1336 917 1333
f 1513 1514 1512
f 1512 1514 870
f 1515 1516 1363
f 1363 1516 1364
f 1453 1517 881
f 881 1517 1276
f 992 1518 993
f 993 1518 1519
f 1520 1029 1518
f 1518 1029 955
f 1520 1026 1521
f 1521 1026 1040
f 1522 1015 1521
f 1521 1015 1043
f 996 1523 997
f 997 1523 1522
f 1060 1016 1524
f 1524 1016 1523
f 1061 1525 1062
f 1062 1525 1524
f 1079 1527 1526
f 1526 1527 1528
f 1093 1529 1094
f 1094 1529 1528
f 1111 1530 1112
f 1112 1530 1531
f 1532 1533 1105
f 1105 1533 1123
f 934 937 1139
f 1139 937 1140
f 1138 1363 1139
f 1139 1363 1362
f 1534 1222 1355
f 1355 1222 1278
f 1535 1223 1534
f 1534 1223 1222
f 821 587 1238
f 1238 587 586
f 1319 711 1317
f 1317 711 1536
f 1538 1200 1537
f 1537 1200 1199
f 1508 1417 1539
f 1539 1417 1416
f 1540 1541 840
f 840 1541 837
f 1231 898 871
f 871 898 901
f 1500 1275 1367
f 1367 1275 912
f 1543 1379 1542
f 1542 1379 1395
f 1539 772 1508
f 1508 772 1544
f 1546 1403 1545
f 1545 1403 1402
f 1548 1549 1547
f 1547 1549 1550
f 1552 1548 1551
f 1551 1548 1547
f 1554 1555 1553
f 1553 1555 1556
f 1558 1559 1557
f 1557 1559 1560
f 1562 1563 1561
f 1561 1563 1564
f 1566 1567 1565
f 1565 1567 1568
f 1570 1571 1569
f 1569 1571 1572
f 1574 1575 1573
f 1573 1575 1576
f 1577 1578 1572
f 1572 1578 1569
f 1580 1581 1579
f 1579 1581 1582
f 1584 1585 1583
f 1583 1585 1586
f 1588 1555 1587
f 1587 1555 1589
f 1591 1592 1590
f 1590 1592 1593
f 1595 1596 1594
f 1594 1596 1597
f 1596 1581 1597
f 1597 1581 1576
f 1599 1570 1598
f 1598 1570 1569
f 1601 1602 1600
f 1600 1602 1603
f 1605 1606 1604
f 1604 1606 1607
f 1608 1609 1568
f 1568 1609 1565
f 1611 1612 1610
f 1610 1612 1613
f 1615 1616 1614
f 1614 1616 1617
f 1619 1617 1618
f 1618 1617 1616
f 1621 1622 1620
f 1620 1622 1623
f 1625 1626 1624
f 1624 1626 1627
f 1629 1630 1628
f 1628 1630 1631
f 1633 1634 1632
f 1632 1634 1635
f 1636 1637 1639
f 1639 1637 1638
f 1641 1642 1640
f 1640 1642 1643
f 1624 1627 1644
f 1644 1627 1645
f 1647 1648 1646
f 1646 1648 1649
f 1651 1652 1650
f 1650 1652 1653
f 1655 1656 1654
f 1654 1656 1657
f 1659 1660 1658
f 1658 1660 1661
f 1662 1663 1631
f 1631 1663 1628
f 1651 1665 1664
f 1664 1665 1666
f 1667 1656 1619
f 1619 1656 1617
f 1669 1670 1668
f 1668 1670 1671
f 1632 1635 1672
f 1672 1635 1673
f 1674 1675 1638
f 1638 1675 1639
f 1677 1678 1676
f 1676 1678 1679
f 1680 1640 1681
f 1681 1640 1643
f 1682 1683 1643
f 1643 1683 1681
f 1670 1669 1235
f 1235 1669 1232
f 1396 1399 1674
f 1674 1399 1675
f 627 630 1679
f 1679 630 1676
f 1681 1315 1680
f 1680 1315 1311
f 1683 1377 1681
f 1681 1377 1315
f 1672 1673 1387
f 1387 1673 1385
f 1636 1684 1646
f 1646 1684 1685
f 1687 1688 1686
f 1686 1688 1689
f 1585 1690 1586
f 1586 1690 1691
f 1599 1692 1551
f 1551 1692 1693
f 1552 1558 1694
f 1694 1558 1557
f 1696 1615 1695
f 1695 1615 1614
f 1698 1699 1697
f 1697 1699 1623
f 1700 1701 1703
f 1703 1701 1702
f 1705 1706 1704
f 1704 1706 1707
f 1708 1709 1640
f 1640 1709 1641
f 1710 1711 1713
f 1713 1711 1712
f 1652 1655 1653
f 1653 1655 1654
f 1714 1699 1712
f 1712 1699 1713
f 1715 1710 1716
f 1716 1710 1713
f 1717 1708 1680
f 1680 1708 1640
f 1393 1392 1715
f 1715 1392 1710
f 1719 1720 1718
f 1718 1720 1721
f 1680 1311 1717
f 1717 1311 789
f 1378 1711 1392
f 1392 1711 1710
f 1388 1391 1719
f 1719 1391 1720
f 1723 1606 1722
f 1722 1606 1689
f 1725 1568 1724
f 1724 1568 1567
f 1726 1647 1685
f 1685 1647 1646
f 1728 1554 1727
f 1727 1554 1553
f 1591 1687 1600
f 1600 1687 1686
f 1730 1595 1729
f 1729 1595 1594
f 1601 1605 1731
f 1731 1605 1604
f 1733 1663 1732
f 1732 1663 1734
f 1736 1639 1735
f 1735 1639 1675
f 1658 1644 1737
f 1737 1644 1645
f 1726 1662 1724
f 1724 1662 1631
f 1399 1738 1675
f 1675 1738 1735
f 1621 1667 1739
f 1739 1667 1619
f 1714 1740 1620
f 1620 1740 1741
f 1592 1549 1593
f 1593 1549 1742
f 1602 1571 1603
f 1603 1571 1550
f 1688 1690 1689
f 1689 1690 1722
f 1588 1559 1582
f 1582 1559 1579
f 1673 1735 1385
f 1385 1735 1738
f 1387 1232 1672
f 1672 1232 1669
f 1580 1692 1573
f 1573 1692 1743
f 1377 1683 1378
f 1378 1683 1711
f 1664 1666 1744
f 1744 1666 1745
f 1744 1696 1664
f 1664 1696 1695
f 1746 1747 1732
f 1732 1747 1748
f 1749 1750 1677
f 1677 1750 1678
f 1709 1708 1750
f 1750 1708 1678
f 1668 1632 1669
f 1669 1632 1672
f 1633 1746 1734
f 1734 1746 1732
f 1679 1678 1717
f 1717 1678 1708
f 789 627 1717
f 1717 627 1679
f 1563 1723 1564
f 1564 1723 1722
f 1728 1584 1751
f 1751 1584 1583
f 1674 1676 1396
f 1396 1676 630
f 1666 1566 1745
f 1745 1566 1565
f 1627 1629 1645
f 1645 1629 1628
f 1637 1749 1638
f 1638 1749 1677
f 1648 1665 1649
f 1649 1665 1752
f 1740 1642 1741
f 1741 1642 1657
f 1676 1674 1677
f 1677 1674 1638
f 1683 1682 1711
f 1711 1682 1712
f 1618 1753 1619
f 1619 1753 1739
f 1701 1739 1702
f 1702 1739 1753
f 1754 1214 1756
f 1756 1214 1755
f 647 1757 619
f 619 1757 941
f 1759 1193 1758
f 1758 1193 691
f 1419 1760 1420
f 1420 1760 1761
f 682 1762 683
f 683 1762 1763
f 1412 780 1413
f 1413 780 1384
f 1383 1398 1384
f 1384 1398 1413
f 1197 1424 1764
f 1764 1424 1423
f 1537 1287 1538
f 1538 1287 1286
f 1634 1684 1635
f 1635 1684 1736
f 1724 1631 1725
f 1725 1631 1630
f 1562 1730 1610
f 1610 1730 1729
f 1735 1673 1736
f 1736 1673 1635
f 1757 1195 941
f 941 1195 1194
f 1766 200 1765
f 1765 200 199
f 475 500 476
f 476 500 479
f 498 558 483
f 483 558 487
f 545 551 546
f 546 551 550
f 453 1281 219
f 219 1281 1314
f 298 453 208
f 208 453 219
f 368 1765 1767
f 1767 1765 199
f 523 405 363
f 363 405 404
f 523 533 405
f 405 533 402
f 298 208 299
f 299 208 207
f 299 207 176
f 176 207 300
f 176 300 173
f 173 300 202
f 173 202 174
f 174 202 201
f 1337 918 1768
f 1768 918 1336
f 1769 1770 1338
f 1338 1770 859
f 581 570 578
f 578 570 1771
f 555 562 580
f 580 562 561
f 504 1772 501
f 501 1772 548
f 517 542 584
f 584 542 543
f 515 514 516
f 516 514 544
f 542 517 544
f 544 517 516
f 561 575 580
f 580 575 581
f 575 569 581
f 581 569 570
f 501 548 1773
f 1773 548 547
f 1774 1775 570
f 570 1775 1771
f 369 368 1776
f 1776 368 1767
f 372 369 375
f 375 369 1776
f 822 1280 1308
f 1308 1280 1320
f 820 1281 822
f 822 1281 1280
f 818 1314 820
f 820 1314 1281
f 1314 818 1313
f 1313 818 804
f 807 814 825
f 825 814 826
f 814 813 826
f 826 813 827
f 813 1220 827
f 827 1220 828
f 580 579 555
f 555 579 547
f 1477 1540 872
f 872 1540 840
f 367 499 368
f 368 499 1765
f 1766 1765 525
f 525 1765 499
f 1777 1766 526
f 526 1766 525
f 520 527 362
f 362 527 384
f 361 1778 519
f 519 1778 528
f 371 1779 372
f 372 1779 369
f 369 1779 370
f 370 1779 478
f 1779 371 478
f 478 371 374
f 1778 1777 528
f 528 1777 526
f 1781 1782 1780
f 1780 1782 1783
f 431 460 67
f 67 460 64
f 68 338 74
f 74 338 72
f 1785 1782 1784
f 1784 1782 1786
f 1787 1788 1790
f 1790 1788 1789
f 1792 1789 1791
f 1791 1789 1793
f 1791 1794 1792
f 1792 1794 1795
f 1794 1796 1795
f 1795 1796 1797
f 1797 1798 938
f 938 1798 868
f 1798 1799 868
f 868 1799 869
f 1801 1802 1800
f 1800 1802 1451
f 1803 1804 1205
f 1205 1804 1206
f 1805 1806 864
f 864 1806 865
f 1806 1807 865
f 865 1807 1808
f 68 71 338
f 287 328 288
f 1320 1321 1308
f 1308 1321 1309
f 1320 441 1321
f 1321 441 217
f 441 152 217
f 217 152 218
f 151 286 152
f 152 286 218
f 297 310 151
f 151 310 286
f 296 307 297
f 297 307 310
f 296 143 307
f 307 143 284
f 143 56 284
f 284 56 104
f 56 59 104
f 104 59 63
f 59 102 63
f 63 102 60
f 102 94 60
f 60 94 282
f 93 459 279
f 279 459 77
f 459 460 77
f 77 460 78
f 460 431 78
f 78 431 295
f 431 49 295
f 295 49 292
f 48 421 49
f 49 421 292
f 276 278 418
f 418 278 429
f 317 432 278
f 278 432 429
f 432 317 433
f 433 317 316
f 326 324 316
f 316 324 433
f 1536 592 1809
f 1809 592 591
f 1810 744 1812
f 1812 744 1811
f 1814 1815 1813
f 1813 1815 1816
f 1817 748 1818
f 1818 748 747
f 1812 1819 1810
f 1810 1819 1817
f 1820 1821 748
f 748 1821 749
f 1823 1824 1822
f 1822 1824 1825
f 1827 1828 1826
f 1826 1828 1829
f 1831 1832 1830
f 1830 1832 1833
f 1834 1827 1243
f 1243 1827 1826
f 1313 804 825
f 825 804 807
f 1835 1253 1236
f 1236 1253 1237
f 1836 1837 1438
f 1438 1837 1435
f 1838 1505 1840
f 1840 1505 1839
f 1841 1842 716
f 716 1842 713
f 1843 1844 1510
f 1510 1844 1845
f 1847 1848 1846
f 1846 1848 1849
f 1850 1240 1822
f 1822 1240 1239
f 636 1831 637
f 637 1831 1830
f 1852 1853 1851
f 1851 1853 1854
f 1855 1856 1858
f 1858 1856 1857
f 1846 1849 1859
f 1859 1849 1860
f 1343 1401 1509
f 1509 1401 1861
f 1509 1861 635
f 635 1861 636
f 1863 1864 1862
f 1862 1864 1865
f 1283 1503 1867
f 1867 1503 1866
f 1868 1867 681
f 681 1867 682
f 1286 1285 683
f 683 1285 684
f 757 756 1274
f 1274 756 1869
f 1274 1869 717
f 717 1869 718
f 1434 1433 719
f 719 1433 720
f 1200 1538 1545
f 1545 1538 1763
f 1285 1289 684
f 684 1289 1273
f 684 1273 681
f 681 1273 1272
f 785 1283 1868
f 1868 1283 1867
f 786 785 1870
f 1870 785 1868
f 1289 757 1273
f 1273 757 1274
f 1539 1416 1871
f 1871 1416 1872
f 773 1871 1403
f 1403 1871 1404
f 675 674 1405
f 1405 674 1402
f 1864 1873 1865
f 1865 1873 1874
f 638 1843 635
f 635 1843 1510
f 1344 1343 1511
f 1511 1343 1509
f 772 1539 773
f 773 1539 1871
f 674 1200 1402
f 1402 1200 1545
f 1538 1286 1763
f 1763 1286 683
f 1444 1443 1875
f 1875 1443 1876
f 1875 1876 1831
f 1831 1876 1832
f 1416 1344 1872
f 1872 1344 1511
f 1877 1878 774
f 774 1878 1879
f 1878 1847 1879
f 1879 1847 1846
f 1880 714 1881
f 1881 714 1848
f 1401 1444 1861
f 1861 1444 1875
f 1861 1875 636
f 636 1875 1831
f 1823 1863 1882
f 1882 1863 1862
f 1441 1440 1884
f 1884 1440 1883
f 1883 1852 1884
f 1884 1852 1851
f 1886 1887 1885
f 1885 1887 1888
f 1358 1889 1359
f 1359 1889 1890
f 1891 1886 1892
f 1892 1886 1885
f 774 1879 775
f 775 1879 1893
f 1859 1893 1846
f 1846 1893 1879
f 713 1842 1849
f 1849 1842 1860
f 1318 1895 1894
f 1894 1895 1896
f 1873 1897 1874
f 1874 1897 1898
f 1898 605 1899
f 1899 605 675
f 1405 1844 675
f 675 1844 1899
f 1404 1845 1405
f 1405 1845 1844
f 593 1296 591
f 591 1296 1809
f 1295 1292 1900
f 1900 1292 1895
f 606 1897 1291
f 1291 1897 1896
f 1510 1845 1511
f 1511 1845 1872
f 1871 1872 1404
f 1404 1872 1845
f 1866 770 1762
f 1762 770 1546
f 1762 682 1866
f 1866 682 1867
f 1870 1868 1272
f 1272 1868 681
f 1272 717 1870
f 1870 717 720
f 1870 720 786
f 786 720 1433
f 786 1433 787
f 787 1433 1432
f 1261 1414 1432
f 1432 1414 787
f 1389 1234 1260
f 1260 1234 1415
f 1719 1670 1388
f 1388 1670 1235
f 1718 1671 1719
f 1719 1671 1670
f 1705 1747 1718
f 1718 1747 1671
f 1659 1901 1704
f 1704 1901 1748
f 1877 1903 1902
f 1902 1903 1904
f 1259 1905 1390
f 1390 1905 1394
f 1715 1720 1393
f 1393 1720 1391
f 1716 1721 1715
f 1715 1721 1720
f 1698 1706 1716
f 1716 1706 1721
f 277 276 47
f 47 276 48
f 84 96 81
f 81 96 82
f 80 70 81
f 81 70 85
f 99 97 88
f 88 97 89
f 90 100 88
f 88 100 99
f 101 95 102
f 102 95 94
f 1906 1907 280
f 280 1907 281
f 97 86 89
f 89 86 85
f 60 282 61
f 61 282 281
f 83 82 46
f 46 82 47
f 293 292 420
f 420 292 421
f 419 1908 420
f 420 1908 1909
f 92 95 91
f 91 95 90
f 279 282 93
f 93 282 94
f 276 418 48
f 48 418 421
f 1910 1660 1697
f 1697 1660 1707
f 1703 1624 1700
f 1700 1624 1644
f 1622 1910 1623
f 1623 1910 1697
f 1701 1700 1911
f 1911 1700 1661
f 1700 1644 1661
f 1661 1644 1658
f 1901 1737 1733
f 1733 1737 1645
f 1625 1912 1604
f 1604 1912 1731
f 1912 1913 1731
f 1731 1913 1914
f 1913 1577 1914
f 1914 1577 1572
f 1915 1578 1616
f 1616 1578 1618
f 1915 1916 1598
f 1598 1916 1743
f 1916 1574 1743
f 1743 1574 1573
f 1575 1917 1576
f 1576 1917 1597
f 1917 1609 1597
f 1597 1609 1594
f 1608 1611 1729
f 1729 1611 1610
f 1918 1612 1629
f 1629 1612 1630
f 1626 1918 1627
f 1627 1918 1629
f 1920 1921 1919
f 1919 1921 1922
f 1920 1924 1923
f 1923 1924 1925
f 1926 1927 1924
f 1924 1927 1925
f 1929 1930 1928
f 1928 1930 1931
f 1932 1933 1935
f 1935 1933 1934
f 1937 1938 1936
f 1936 1938 1939
f 1941 1942 1940
f 1940 1942 1943
f 1941 1945 1944
f 1944 1945 1946
f 1947 1948 1694
f 1694 1948 1949
f 1950 1951 1953
f 1953 1951 1952
f 1955 1956 1954
f 1954 1956 1589
f 1958 1956 1957
f 1957 1956 1932
f 1960 1934 1959
f 1959 1934 1933
f 1962 1963 1961
f 1961 1963 1964
f 1965 1955 1751
f 1751 1955 1954
f 1935 1930 1932
f 1932 1930 1957
f 1951 1950 1926
f 1926 1950 1929
f 1966 1967 1593
f 1593 1967 1590
f 1969 1967 1968
f 1968 1967 1964
f 1962 1921 1970
f 1970 1921 1971
f 1963 1945 1964
f 1964 1945 1968
f 1972 1948 1922
f 1922 1948 1919
f 1966 1972 1961
f 1961 1972 1922
f 1958 1953 1587
f 1587 1953 1560
f 1974 1975 1973
f 1973 1975 1976
f 1978 1979 1977
f 1977 1979 1691
f 1979 1975 1691
f 1691 1975 1586
f 1938 1942 1939
f 1939 1942 1980
f 1952 1947 1557
f 1557 1947 1694
f 1969 1978 1981
f 1981 1978 1977
f 1983 1984 1982
f 1982 1984 1985
f 1986 1987 1989
f 1989 1987 1988
f 1990 1991 1983
f 1983 1991 1984
f 1990 1993 1992
f 1992 1993 1994
f 1995 1996 1994
f 1994 1996 1997
f 1999 2000 1998
f 1998 2000 2001
f 2003 2004 2002
f 2002 2004 2005
f 2007 2008 2006
f 2006 2008 2009
f 2011 2012 2010
f 2010 2012 2013
f 2014 2015 2017
f 2017 2015 2016
f 2018 2019 2021
f 2021 2019 2020
f 2022 1989 2024
f 2024 1989 2023
f 1989 1988 2023
f 2023 1988 2025
f 2026 2027 2017
f 2017 2027 2014
f 2029 2030 2028
f 2028 2030 2031
f 2033 2034 2032
f 2032 2034 2035
f 2032 2035 2036
f 2036 2035 2037
f 2039 2040 2038
f 2038 2040 2041
f 1982 2042 1983
f 1983 2042 2043
f 2045 2046 2044
f 2044 2046 2047
f 2049 2050 2048
f 2048 2050 2051
f 2053 2054 2052
f 2052 2054 2055
f 2057 2058 2056
f 2056 2058 2059
f 2060 2061 2033
f 2033 2061 2034
f 2063 2064 2062
f 2062 2064 2065
f 2066 2035 2067
f 2067 2035 2034
f 2069 2039 2068
f 2068 2039 2038
f 2025 2070 2023
f 2023 2070 2071
f 2072 2024 2071
f 2071 2024 2023
f 2074 2020 2073
f 2073 2020 2019
f 2050 2049 2047
f 2047 2049 2075
f 1983 2043 1990
f 1990 2043 1993
f 2006 2050 2007
f 2007 2050 2076
f 2050 2006 2051
f 2051 2006 2077
f 2079 2080 2078
f 2078 2080 2081
f 2082 2083 2085
f 2085 2083 2084
f 2010 2013 2086
f 2086 2013 2087
f 2089 2033 2088
f 2088 2033 2032
f 2090 2060 2089
f 2089 2060 2033
f 2092 2093 2091
f 2091 2093 2094
f 2096 1986 2095
f 2095 1986 2097
f 2097 1986 2022
f 2022 1986 1989
f 2015 2094 2016
f 2016 2094 2098
f 2016 2098 2100
f 2100 2098 2099
f 2017 2016 2101
f 2101 2016 2100
f 2017 2101 2026
f 2026 2101 2102
f 2100 2099 2104
f 2104 2099 2103
f 2104 2105 2100
f 2100 2105 2101
f 2105 2106 2101
f 2101 2106 2102
f 2108 2061 2107
f 2107 2061 2109
f 2111 2112 2110
f 2110 2112 2020
f 2020 2074 2110
f 2110 2074 2113
f 2115 2116 2114
f 2114 2116 2117
f 2118 2119 1995
f 1995 2119 2120
f 2121 2122 2027
f 2027 2122 2014
f 2047 2075 2044
f 2044 2075 2123
f 2124 2125 2127
f 2127 2125 2126
f 2129 2130 2128
f 2128 2130 2131
f 2132 2133 2057
f 2057 2133 2058
f 2134 1999 2136
f 2136 1999 2135
f 2055 2138 2137
f 2137 2138 2139
f 2141 2142 2140
f 2140 2142 2143
f 2083 2082 2064
f 2064 2082 2065
f 2082 2144 2065
f 2065 2144 2145
f 2040 2146 2041
f 2041 2146 2147
f 2060 2090 2148
f 2148 2090 2149
f 2048 2051 2137
f 2137 2051 2150
f 2151 1997 2135
f 2135 1997 1996
f 2152 2150 2077
f 2077 2150 2051
f 2046 2045 2118
f 2118 2045 2119
f 2154 2155 2153
f 2153 2155 2156
f 2158 2159 2157
f 2157 2159 2160
f 2162 2163 2161
f 2161 2163 2164
f 2164 2163 2165
f 2165 2163 2166
f 2168 2169 2167
f 2167 2169 2170
f 2003 2172 2171
f 2171 2172 2173
f 2174 2175 2002
f 2002 2175 2176
f 2145 2177 2065
f 2065 2177 2062
f 2178 2179 2180
f 2180 2179 2134
f 2181 2052 2152
f 2152 2052 2150
f 2040 2127 2146
f 2146 2127 2182
f 2130 2162 2131
f 2131 2162 2161
f 2052 2055 2150
f 2150 2055 2137
f 2184 2185 2183
f 2183 2185 2186
f 2159 2030 2160
f 2160 2030 2187
f 2146 2182 2029
f 2029 2182 2188
f 2189 2190 2192
f 2192 2190 2191
f 2172 2003 2176
f 2176 2003 2002
f 1998 2151 1999
f 1999 2151 2135
f 2177 2172 2062
f 2062 2172 2176
f 2172 2177 2173
f 2173 2177 2193
f 2063 2194 2064
f 2064 2194 2195
f 2066 2197 2196
f 2196 2197 2198
f 2002 2005 2174
f 2174 2005 2199
f 2004 2003 2200
f 2200 2003 2171
f 2198 2201 2171
f 2171 2201 2200
f 2197 2202 2198
f 2198 2202 2201
f 2202 2197 2203
f 2203 2197 2204
f 2196 2198 2173
f 2173 2198 2171
f 2205 2069 2170
f 2170 2069 2206
f 2197 2066 2204
f 2204 2066 2067
f 2107 2207 2108
f 2108 2207 2208
f 2210 2208 2209
f 2209 2208 2207
f 2185 2211 2212
f 2213 2214 2211
f 2211 2214 2212
f 1998 2001 2213
f 2213 2001 2214
f 2134 2215 1999
f 1999 2215 2000
f 2216 2217 2219
f 2219 2217 2218
f 2206 2220 2170
f 2170 2220 2167
f 2069 2068 2206
f 2206 2068 2221
f 2151 1998 2222
f 2222 1998 2213
f 2124 2039 2205
f 2205 2039 2069
f 2142 2223 2143
f 2143 2223 2128
f 2203 2186 2202
f 2202 2186 2185
f 2185 2184 2211
f 2211 2184 2224
f 2224 2225 2222
f 2222 2225 2226
f 2071 2227 2072
f 2072 2227 2228
f 2229 2074 2230
f 2230 2074 2073
f 2074 2229 2113
f 2113 2229 2231
f 2232 2225 2227
f 2227 2225 2224
f 2233 2234 2031
f 2031 2234 2028
f 2236 2231 2235
f 2235 2231 2229
f 2230 2183 2229
f 2229 2183 2235
f 2237 1987 2096
f 2096 1987 1986
f 2152 2238 2181
f 2181 2238 2239
f 2080 2240 2081
f 2081 2240 2241
f 2236 2242 1971
f 1971 2242 1970
f 1925 2113 1923
f 1923 2113 2231
f 2110 1927 2111
f 2111 1927 1928
f 2103 2111 1931
f 1931 2111 1928
f 1931 2243 2103
f 2103 2243 2104
f 2105 2104 2244
f 2244 2104 2243
f 1939 1980 2148
f 2148 1980 2109
f 1980 1944 2109
f 2109 1944 2107
f 1946 2245 2207
f 2207 2245 2209
f 2245 1970 2209
f 2209 1970 2242
f 2231 2236 1923
f 1923 2236 1971
f 2113 1925 2110
f 2110 1925 1927
f 2234 2246 2028
f 2028 2246 2147
f 2247 2248 2058
f 2058 2248 2059
f 2114 2117 2249
f 2249 2117 2250
f 2252 2253 2251
f 2251 2253 2254
f 2094 2015 2091
f 2091 2015 2255
f 2256 2255 2014
f 2014 2255 2015
f 2257 2145 2258
f 2258 2145 2144
f 2131 2161 2123
f 2123 2161 2044
f 2045 2044 2164
f 2164 2044 2161
f 2045 2164 2119
f 2119 2164 2165
f 2259 2120 2165
f 2165 2120 2119
f 2260 2261 2259
f 2259 2261 2120
f 2205 2262 2124
f 2124 2262 2125
f 2180 2263 2178
f 2178 2263 2264
f 2265 2266 2092
f 2092 2266 2093
f 1992 2267 2268
f 2184 2228 2224
f 2224 2228 2227
f 2048 2269 2049
f 2049 2269 2141
f 2129 2168 2157
f 2157 2168 2167
f 2049 2141 2075
f 2075 2141 2140
f 2199 2215 2270
f 2270 2215 2271
f 2142 2141 2272
f 2272 2141 2269
f 2089 2026 2090
f 2090 2026 2102
f 2146 2029 2147
f 2147 2029 2028
f 2111 2103 2112
f 2112 2103 2099
f 2061 2060 2109
f 2109 2060 2148
f 2273 2274 2041
f 2041 2274 2038
f 2260 2275 2261
f 2261 2275 2136
f 2057 2138 2132
f 2132 2138 2276
f 2272 2269 2056
f 2056 2269 2139
f 2277 2278 2270
f 2270 2278 2199
f 2029 2188 2030
f 2030 2188 2187
f 2040 2039 2127
f 2127 2039 2124
f 2064 2195 2083
f 2083 2195 2279
f 2056 2139 2057
f 2057 2139 2138
f 2278 2277 2247
f 2247 2277 2248
f 2062 2176 2063
f 2063 2176 2175
f 2280 2210 2242
f 2242 2210 2209
f 2282 2233 2281
f 2281 2233 2031
f 2216 2219 2283
f 2283 2219 2221
f 2158 2220 2218
f 2218 2220 2219
f 2217 2282 2218
f 2218 2282 2281
f 2220 2158 2167
f 2167 2158 2157
f 2223 2264 2128
f 2128 2264 2263
f 2261 1996 2120
f 2120 1996 1995
f 2213 2211 2222
f 2222 2211 2224
f 2283 2221 2284
f 2284 2221 2068
f 2135 1996 2136
f 2136 1996 2261
f 2144 2081 2258
f 2258 2081 2241
f 2235 2280 2236
f 2236 2280 2242
f 2246 2273 2147
f 2147 2273 2041
f 2036 2285 2032
f 2032 2285 2088
f 2077 2286 2152
f 2152 2286 2238
f 1937 1960 1973
f 1973 1960 1959
f 2070 2232 2071
f 2071 2232 2227
f 2244 2287 2105
f 2105 2287 2106
f 1936 1939 2149
f 2149 1939 2148
f 1944 1946 2107
f 2107 1946 2207
f 2285 2121 2088
f 2088 2121 2027
f 2253 2249 2254
f 2254 2249 2250
f 2006 2009 2077
f 2077 2009 2286
f 2289 2086 2288
f 2288 2086 2087
f 2223 2142 2290
f 2290 2142 2272
f 2128 2131 2143
f 2143 2131 2123
f 2156 2291 2153
f 2153 2291 2175
f 2292 2293 2278
f 2278 2293 2294
f 2075 2140 2123
f 2123 2140 2143
f 2262 2169 2275
f 2275 2169 2180
f 2275 2180 2136
f 2136 2180 2134
f 2274 2284 2038
f 2038 2284 2068
f 2127 2126 2182
f 2182 2126 2166
f 2094 2093 2098
f 2098 2093 2021
f 2098 2021 2099
f 2099 2021 2112
f 2018 2021 2266
f 2266 2021 2093
f 2251 2289 2252
f 2252 2289 2288
f 1997 2151 2226
f 2226 2151 2222
f 2206 2221 2220
f 2220 2221 2219
f 2269 2048 2139
f 2139 2048 2137
f 2159 2158 2281
f 2281 2158 2218
f 2156 2155 2190
f 2190 2155 2191
f 1974 1965 1583
f 1583 1965 1751
f 2088 2027 2089
f 2089 2027 2026
f 2030 2159 2031
f 2031 2159 2281
f 2106 2149 2102
f 2102 2149 2090
f 2287 1936 2106
f 2106 1936 2149
f 2293 2154 2294
f 2294 2154 2153
f 2021 2020 2112
f 2247 2295 2278
f 2278 2295 2292
f 2284 2296 2283
f 2283 2296 2297
f 2298 2296 2274
f 2274 2296 2284
f 2273 2299 2274
f 2274 2299 2298
f 2246 2300 2273
f 2273 2300 2299
f 2283 2297 2216
f 2216 2297 2301
f 2216 2301 2217
f 2217 2301 2302
f 2302 2303 2217
f 2217 2303 2282
f 2304 2301 2305
f 2305 2301 2297
f 2307 2308 2306
f 2306 2308 2309
f 2306 2310 2307
f 2307 2310 2311
f 2307 2312 2308
f 2308 2312 2313
f 2314 2315 2312
f 2312 2315 2316
f 2316 2317 2312
f 2312 2317 2313
f 2317 2305 2313
f 2313 2305 2318
f 2314 2312 2311
f 2311 2312 2307
f 2319 2320 2322
f 2322 2320 2321
f 2322 2311 2319
f 2319 2311 2310
f 2313 2318 2308
f 2308 2318 2309
f 2296 2298 2318
f 2318 2298 2309
f 2309 2298 2323
f 2323 2298 2299
f 2306 2309 2324
f 2324 2309 2323
f 2310 2306 2325
f 2325 2306 2324
f 2296 2318 2297
f 2297 2318 2305
f 2319 2310 2326
f 2326 2310 2325
f 2328 2325 2327
f 2327 2325 2324
f 2325 2328 2326
f 2326 2328 2329
f 2331 2328 2330
f 2330 2328 2327
f 2332 2333 2327
f 2327 2333 2330
f 2328 2331 2329
f 2329 2331 2334
f 2324 2323 2327
f 2327 2323 2332
f 2300 2332 2299
f 2299 2332 2323
f 2326 2335 2319
f 2319 2335 2320
f 2305 2317 2336
f 2336 2317 2316
f 2336 2316 2337
f 2337 2316 2315
f 2338 2304 2336
f 2336 2304 2305
f 2337 2339 2336
f 2336 2339 2338
f 2337 2315 2341
f 2341 2315 2340
f 2342 2300 2234
f 2234 2300 2246
f 2303 2343 2282
f 2282 2343 2233
f 2234 2233 2342
f 2342 2233 2343
f 2342 2343 2333
f 2333 2343 2344
f 2333 2344 2330
f 2330 2344 2345
f 2346 2344 2303
f 2303 2344 2343
f 2332 2300 2333
f 2333 2300 2342
f 2347 2346 2302
f 2302 2346 2303
f 2301 2304 2302
f 2302 2304 2347
f 2304 2338 2347
f 2347 2338 2348
f 2348 2349 2347
f 2347 2349 2346
f 2350 2351 2348
f 2348 2351 2349
f 2349 2345 2346
f 2346 2345 2344
f 2345 2349 2352
f 2352 2349 2351
f 2338 2339 2348
f 2348 2339 2350
f 2350 2339 2353
f 2353 2339 2354
f 2356 2357 2355
f 2355 2357 2353
f 2351 2350 2357
f 2357 2350 2353
f 2353 2354 2355
f 2355 2354 2335
f 2320 2335 2341
f 2341 2335 2354
f 2339 2337 2354
f 2354 2337 2341
f 2352 2331 2345
f 2345 2331 2330
f 2356 2334 2352
f 2352 2334 2331
f 2356 2352 2357
f 2357 2352 2351
f 2355 2329 2356
f 2356 2329 2334
f 2335 2326 2355
f 2355 2326 2329
f 2321 2314 2322
f 2322 2314 2311
f 2321 2320 2340
f 2340 2320 2341
f 2315 2314 2340
f 2340 2314 2321
f 2125 2260 2126
f 2126 2260 2259
f 2157 2160 2129
f 2129 2160 2130
f 2188 2163 2187
f 2187 2163 2162
f 2182 2166 2188
f 2188 2166 2163
f 2180 2169 2263
f 2263 2169 2168
f 2160 2187 2130
f 2130 2187 2162
f 2275 2260 2262
f 2262 2260 2125
f 2128 2263 2129
f 2129 2263 2168
f 2262 2205 2169
f 2169 2205 2170
f 2165 2166 2259
f 2259 2166 2126
f 2359 2360 2358
f 2358 2360 2361
f 2363 2364 2362
f 2362 2364 2365
f 2367 2363 2366
f 2366 2363 2362
f 2368 2369 2371
f 2371 2369 2370
f 2372 2373 2248
f 2248 2373 2059
f 2364 2374 2365
f 2365 2374 2375
f 2377 2378 2376
f 2376 2378 2379
f 2290 2380 2223
f 2223 2380 2381
f 2223 2381 2264
f 2264 2381 2382
f 2384 2385 2383
f 2383 2385 2386
f 2364 2371 2374
f 2374 2371 2387
f 2059 2373 2290
f 2290 2373 2380
f 2378 2360 2379
f 2379 2360 2388
f 2374 2387 2359
f 2359 2387 2389
f 2390 2367 2386
f 2386 2367 2391
f 2393 2394 2392
f 2392 2394 2395
f 2386 2391 2383
f 2383 2391 2396
f 2367 2366 2391
f 2391 2366 2397
f 2363 2367 2368
f 2368 2367 2390
f 2398 2399 2361
f 2361 2399 2358
f 2399 2400 2358
f 2358 2400 2375
f 2390 2401 2368
f 2368 2401 2369
f 2372 2384 2376
f 2376 2384 2383
f 2374 2359 2375
f 2375 2359 2358
f 2402 2403 2365
f 2365 2403 2362
f 2359 2389 2360
f 2360 2389 2388
f 2364 2363 2371
f 2371 2363 2368
f 2405 2398 2404
f 2404 2398 2361
f 2392 2395 2406
f 2406 2395 2397
f 2377 2396 2394
f 2394 2396 2395
f 2394 2393 2404
f 2404 2393 2405
f 2396 2377 2383
f 2383 2377 2376
f 2406 2397 2407
f 2407 2397 2366
f 2400 2402 2375
f 2375 2402 2365
f 2385 2270 2401
f 2401 2270 2271
f 2403 2407 2362
f 2362 2407 2366
f 2371 2370 2387
f 2387 2370 2382
f 2391 2397 2396
f 2396 2397 2395
f 2378 2377 2404
f 2404 2377 2394
f 2360 2378 2361
f 2361 2378 2404
f 2407 2408 2406
f 2406 2408 2409
f 2410 2408 2403
f 2403 2408 2407
f 2411 2410 2402
f 2402 2410 2403
f 2412 2411 2400
f 2400 2411 2402
f 2406 2409 2392
f 2392 2409 2413
f 2392 2413 2393
f 2393 2413 2414
f 2415 2405 2414
f 2414 2405 2393
f 2416 2413 2417
f 2417 2413 2409
f 2419 2420 2418
f 2418 2420 2421
f 2420 2422 2421
f 2421 2422 2423
f 2420 2424 2422
f 2422 2424 2425
f 2426 2427 2424
f 2424 2427 2428
f 2428 2429 2424
f 2424 2429 2425
f 2426 2424 2419
f 2419 2424 2420
f 2419 2418 2431
f 2431 2418 2430
f 2425 2432 2422
f 2422 2432 2423
f 2408 2410 2432
f 2432 2410 2423
f 2423 2410 2433
f 2433 2410 2411
f 2421 2423 2434
f 2434 2423 2433
f 2435 2418 2434
f 2434 2418 2421
f 2429 2417 2425
f 2425 2417 2432
f 2408 2432 2409
f 2409 2432 2417
f 2418 2435 2430
f 2430 2435 2436
f 2438 2435 2437
f 2437 2435 2434
f 2435 2438 2436
f 2436 2438 2439
f 2441 2438 2440
f 2440 2438 2437
f 2442 2443 2437
f 2437 2443 2440
f 2439 2438 2444
f 2444 2438 2441
f 2433 2442 2434
f 2434 2442 2437
f 2412 2442 2411
f 2411 2442 2433
f 2436 2445 2430
f 2430 2445 2446
f 2430 2446 2431
f 2431 2446 2447
f 2417 2429 2448
f 2448 2429 2428
f 2427 2449 2428
f 2428 2449 2448
f 2450 2416 2448
f 2448 2416 2417
f 2451 2450 2449
f 2449 2450 2448
f 2427 2452 2449
f 2449 2452 2453
f 2447 2446 2452
f 2452 2446 2453
f 2454 2412 2399
f 2399 2412 2400
f 2415 2455 2405
f 2405 2455 2398
f 2399 2398 2454
f 2454 2398 2455
f 2454 2455 2443
f 2443 2455 2456
f 2443 2456 2440
f 2440 2456 2457
f 2458 2456 2415
f 2415 2456 2455
f 2443 2442 2454
f 2454 2442 2412
f 2459 2458 2414
f 2414 2458 2415
f 2413 2416 2414
f 2414 2416 2459
f 2459 2416 2460
f 2460 2416 2450
f 2460 2461 2459
f 2459 2461 2458
f 2462 2463 2460
f 2460 2463 2461
f 2461 2457 2458
f 2458 2457 2456
f 2457 2461 2464
f 2464 2461 2463
f 2451 2462 2450
f 2450 2462 2460
f 2462 2451 2465
f 2465 2451 2466
f 2468 2469 2467
f 2467 2469 2465
f 2463 2462 2469
f 2469 2462 2465
f 2465 2466 2467
f 2467 2466 2445
f 2446 2445 2453
f 2453 2445 2466
f 2451 2449 2466
f 2466 2449 2453
f 2464 2441 2457
f 2457 2441 2440
f 2468 2444 2464
f 2464 2444 2441
f 2468 2464 2469
f 2469 2464 2463
f 2467 2439 2468
f 2468 2439 2444
f 2445 2436 2467
f 2467 2436 2439
f 2447 2426 2431
f 2431 2426 2419
f 2427 2426 2452
f 2452 2426 2447
f 2369 2179 2370
f 2370 2179 2178
f 2376 2379 2372
f 2372 2379 2373
f 2389 2381 2388
f 2388 2381 2380
f 2387 2382 2389
f 2389 2382 2381
f 2270 2385 2277
f 2277 2385 2384
f 2379 2388 2373
f 2373 2388 2380
f 2401 2271 2369
f 2369 2271 2179
f 2248 2277 2372
f 2372 2277 2384
f 2401 2390 2385
f 2385 2390 2386
f 2264 2382 2178
f 2178 2382 2370
f 2215 2134 2271
f 2271 2134 2179
f 2005 2000 2199
f 2199 2000 2215
f 2004 2001 2005
f 2005 2001 2000
f 2200 2214 2004
f 2004 2214 2001
f 2470 2471 2473
f 2473 2471 2472
f 2475 2476 2474
f 2474 2476 2477
f 2479 2475 2478
f 2478 2475 2474
f 2481 2482 2480
f 2480 2482 2483
f 2476 2484 2477
f 2477 2484 2485
f 2487 2488 2486
f 2486 2488 2489
f 2133 2490 2058
f 2058 2490 2491
f 2058 2491 2247
f 2247 2491 2492
f 2494 2495 2493
f 2493 2495 2496
f 2476 2483 2484
f 2484 2483 2497
f 2472 2498 2488
f 2488 2498 2489
f 2484 2497 2471
f 2471 2497 2499
f 2500 2479 2496
f 2496 2479 2501
f 2502 2503 2505
f 2505 2503 2504
f 2496 2501 2493
f 2493 2501 2506
f 2479 2478 2501
f 2501 2478 2507
f 2475 2479 2480
f 2480 2479 2500
f 2508 2509 2473
f 2473 2509 2470
f 2509 2510 2470
f 2470 2510 2485
f 2511 2481 2500
f 2500 2481 2480
f 2512 2494 2486
f 2486 2494 2493
f 2485 2484 2470
f 2470 2484 2471
f 2513 2514 2477
f 2477 2514 2474
f 2471 2499 2472
f 2472 2499 2498
f 2476 2475 2483
f 2483 2475 2480
f 2516 2508 2515
f 2515 2508 2473
f 2502 2505 2517
f 2517 2505 2507
f 2504 2487 2505
f 2505 2487 2506
f 2503 2516 2504
f 2504 2516 2515
f 2506 2487 2493
f 2493 2487 2486
f 2517 2507 2518
f 2518 2507 2478
f 2510 2513 2485
f 2485 2513 2477
f 2511 2495 2293
f 2293 2495 2154
f 2514 2518 2474
f 2474 2518 2478
f 2483 2482 2497
f 2497 2482 2492
f 2501 2507 2506
f 2506 2507 2505
f 2488 2487 2515
f 2515 2487 2504
f 2472 2488 2473
f 2473 2488 2515
f 2518 2519 2517
f 2517 2519 2520
f 2521 2519 2514
f 2514 2519 2518
f 2522 2521 2513
f 2513 2521 2514
f 2523 2522 2510
f 2510 2522 2513
f 2517 2520 2502
f 2502 2520 2524
f 2502 2524 2503
f 2503 2524 2525
f 2525 2526 2503
f 2503 2526 2516
f 2527 2524 2528
f 2528 2524 2520
f 2530 2531 2529
f 2529 2531 2532
f 2531 2533 2532
f 2532 2533 2534
f 2531 2535 2533
f 2533 2535 2536
f 2537 2538 2535
f 2535 2538 2539
f 2539 2540 2535
f 2535 2540 2536
f 2537 2535 2530
f 2530 2535 2531
f 2529 2541 2530
f 2530 2541 2542
f 2543 2534 2536
f 2536 2534 2533
f 2519 2521 2543
f 2543 2521 2534
f 2534 2521 2544
f 2544 2521 2522
f 2532 2534 2545
f 2545 2534 2544
f 2529 2532 2546
f 2546 2532 2545
f 2536 2540 2543
f 2543 2540 2528
f 2519 2543 2520
f 2520 2543 2528
f 2541 2529 2547
f 2547 2529 2546
f 2548 2549 2545
f 2545 2549 2546
f 2549 2550 2546
f 2546 2550 2547
f 2551 2552 2548
f 2548 2552 2549
f 2548 2553 2551
f 2551 2553 2554
f 2550 2549 2555
f 2555 2549 2552
f 2545 2544 2548
f 2548 2544 2553
f 2523 2553 2522
f 2522 2553 2544
f 2547 2556 2541
f 2541 2556 2557
f 2541 2557 2542
f 2542 2557 2558
f 2528 2540 2559
f 2559 2540 2539
f 2538 2560 2539
f 2539 2560 2559
f 2561 2527 2559
f 2559 2527 2528
f 2560 2562 2559
f 2559 2562 2561
f 2560 2538 2564
f 2564 2538 2563
f 2558 2557 2563
f 2563 2557 2564
f 2565 2523 2509
f 2509 2523 2510
f 2526 2566 2516
f 2516 2566 2508
f 2509 2508 2565
f 2565 2508 2566
f 2565 2566 2554
f 2554 2566 2567
f 2554 2567 2551
f 2551 2567 2568
f 2569 2567 2526
f 2526 2567 2566
f 2553 2523 2554
f 2554 2523 2565
f 2570 2569 2525
f 2525 2569 2526
f 2524 2527 2525
f 2525 2527 2570
f 2527 2561 2570
f 2570 2561 2571
f 2571 2572 2570
f 2570 2572 2569
f 2573 2574 2571
f 2571 2574 2572
f 2572 2568 2569
f 2569 2568 2567
f 2568 2572 2575
f 2575 2572 2574
f 2562 2573 2561
f 2561 2573 2571
f 2573 2562 2576
f 2576 2562 2577
f 2579 2580 2578
f 2578 2580 2576
f 2574 2573 2580
f 2580 2573 2576
f 2576 2577 2578
f 2578 2577 2556
f 2557 2556 2564
f 2564 2556 2577
f 2562 2560 2577
f 2577 2560 2564
f 2575 2552 2568
f 2568 2552 2551
f 2579 2555 2575
f 2575 2555 2552
f 2579 2575 2580
f 2580 2575 2574
f 2550 2555 2578
f 2578 2555 2579
f 2556 2547 2578
f 2578 2547 2550
f 2558 2537 2542
f 2542 2537 2530
f 2538 2537 2563
f 2563 2537 2558
f 2292 2295 2481
f 2481 2295 2482
f 2486 2489 2512
f 2512 2489 2581
f 2499 2491 2498
f 2498 2491 2490
f 2497 2492 2499
f 2499 2492 2491
f 2155 2154 2494
f 2494 2154 2495
f 2581 2489 2490
f 2490 2489 2498
f 2293 2292 2511
f 2511 2292 2481
f 2191 2155 2512
f 2512 2155 2494
f 2500 2496 2511
f 2511 2496 2495
f 2247 2492 2295
f 2295 2492 2482
f 2583 2584 2582
f 2582 2584 2585
f 2587 2588 2586
f 2586 2588 2589
f 2591 2587 2590
f 2590 2587 2586
f 2593 2594 2592
f 2592 2594 2595
f 2596 2597 2599
f 2599 2597 2598
f 2588 2600 2589
f 2589 2600 2601
f 2602 2603 2605
f 2605 2603 2604
f 2606 2607 2609
f 2609 2607 2608
f 2609 2608 2190
f 2190 2608 2610
f 2611 2612 2614
f 2614 2612 2613
f 2600 2588 2615
f 2615 2588 2595
f 2599 2598 2606
f 2606 2598 2607
f 2584 2616 2604
f 2604 2616 2605
f 2600 2615 2583
f 2583 2615 2617
f 2591 2619 2618
f 2618 2619 2614
f 2621 2622 2620
f 2620 2622 2623
f 2619 2624 2614
f 2614 2624 2611
f 2591 2590 2619
f 2619 2590 2625
f 2587 2591 2592
f 2592 2591 2618
f 2626 2627 2585
f 2585 2627 2582
f 2627 2628 2582
f 2582 2628 2601
f 2629 2593 2618
f 2618 2593 2592
f 2602 2597 2611
f 2611 2597 2612
f 2600 2583 2601
f 2601 2583 2582
f 2630 2631 2589
f 2589 2631 2586
f 2583 2617 2584
f 2584 2617 2616
f 2588 2587 2595
f 2595 2587 2592
f 2633 2626 2632
f 2632 2626 2585
f 2620 2623 2634
f 2634 2623 2625
f 2622 2603 2623
f 2623 2603 2624
f 2621 2633 2622
f 2622 2633 2632
f 2611 2624 2602
f 2602 2624 2603
f 2634 2625 2635
f 2635 2625 2590
f 2628 2630 2601
f 2601 2630 2589
f 2613 2195 2629
f 2629 2195 2194
f 2631 2635 2586
f 2586 2635 2590
f 2595 2594 2615
f 2615 2594 2610
f 2619 2625 2624
f 2624 2625 2623
f 2632 2604 2622
f 2622 2604 2603
f 2585 2584 2632
f 2632 2584 2604
f 2635 2636 2634
f 2634 2636 2637
f 2638 2636 2631
f 2631 2636 2635
f 2639 2638 2630
f 2630 2638 2631
f 2640 2639 2628
f 2628 2639 2630
f 2634 2637 2620
f 2620 2637 2641
f 2620 2641 2621
f 2621 2641 2642
f 2642 2643 2621
f 2621 2643 2633
f 2641 2637 2644
f 2644 2637 2645
f 2646 2647 2649
f 2649 2647 2648
f 2648 2650 2649
f 2649 2650 2651
f 2648 2652 2650
f 2650 2652 2653
f 2652 2654 2656
f 2656 2654 2655
f 2656 2657 2652
f 2652 2657 2653
f 2654 2652 2647
f 2647 2652 2648
f 2647 2646 2659
f 2659 2646 2658
f 2660 2651 2653
f 2653 2651 2650
f 2636 2638 2660
f 2660 2638 2651
f 2651 2638 2661
f 2661 2638 2639
f 2651 2661 2649
f 2649 2661 2662
f 2663 2646 2662
f 2662 2646 2649
f 2653 2657 2660
f 2660 2657 2645
f 2636 2660 2637
f 2637 2660 2645
f 2646 2663 2658
f 2658 2663 2664
f 2665 2666 2662
f 2662 2666 2663
f 2666 2667 2663
f 2663 2667 2664
f 2668 2669 2665
f 2665 2669 2666
f 2665 2670 2668
f 2668 2670 2671
f 2667 2666 2672
f 2672 2666 2669
f 2662 2661 2665
f 2665 2661 2670
f 2640 2670 2639
f 2639 2670 2661
f 2673 2674 2664
f 2664 2674 2658
f 2658 2674 2659
f 2659 2674 2675
f 2645 2657 2676
f 2676 2657 2656
f 2677 2676 2655
f 2655 2676 2656
f 2676 2678 2645
f 2645 2678 2644
f 2677 2679 2676
f 2676 2679 2678
f 2655 2680 2677
f 2677 2680 2681
f 2675 2674 2680
f 2680 2674 2681
f 2682 2640 2627
f 2627 2640 2628
f 2643 2683 2633
f 2633 2683 2626
f 2682 2627 2683
f 2683 2627 2626
f 2683 2684 2682
f 2682 2684 2671
f 2684 2685 2671
f 2671 2685 2668
f 2686 2684 2643
f 2643 2684 2683
f 2670 2640 2671
f 2671 2640 2682
f 2687 2686 2642
f 2642 2686 2643
f 2642 2641 2687
f 2687 2641 2644
f 2687 2644 2688
f 2688 2644 2678
f 2688 2689 2687
f 2687 2689 2686
f 2690 2691 2688
f 2688 2691 2689
f 2689 2685 2686
f 2686 2685 2684
f 2685 2689 2692
f 2692 2689 2691
f 2679 2690 2678
f 2678 2690 2688
f 2690 2679 2693
f 2693 2679 2694
f 2696 2697 2695
f 2695 2697 2693
f 2691 2690 2697
f 2697 2690 2693
f 2693 2694 2695
f 2695 2694 2673
f 2674 2673 2681
f 2681 2673 2694
f 2679 2677 2694
f 2694 2677 2681
f 2685 2692 2668
f 2668 2692 2669
f 2696 2672 2692
f 2692 2672 2669
f 2696 2692 2697
f 2697 2692 2691
f 2695 2667 2696
f 2696 2667 2672
f 2673 2664 2695
f 2695 2664 2667
f 2675 2654 2659
f 2659 2654 2647
f 2655 2654 2680
f 2680 2654 2675
f 2291 2156 2593
f 2593 2156 2594
f 2597 2602 2598
f 2598 2602 2605
f 2616 2617 2607
f 2607 2617 2608
f 2615 2610 2617
f 2617 2610 2608
f 2597 2596 2612
f 2612 2596 2698
f 2598 2605 2607
f 2607 2605 2616
f 2194 2291 2629
f 2629 2291 2593
f 2629 2618 2613
f 2613 2618 2614
f 2190 2610 2156
f 2156 2610 2594
f 2700 2010 2699
f 2699 2010 2086
f 2267 2701 2116
f 2116 2701 2702
f 2116 2702 2117
f 2117 2702 2703
f 2704 2705 2250
f 2250 2705 2254
f 2011 2706 2267
f 2267 2706 2701
f 2699 2086 2707
f 2707 2086 2289
f 2010 2700 2011
f 2011 2700 2706
f 2708 2707 2251
f 2251 2707 2289
f 2703 2704 2117
f 2117 2704 2250
f 2705 2708 2254
f 2254 2708 2251
f 2709 2710 2708
f 2708 2710 2707
f 2711 2709 2705
f 2705 2709 2708
f 2712 2711 2704
f 2704 2711 2705
f 2713 2712 2703
f 2703 2712 2704
f 2707 2710 2699
f 2699 2710 2714
f 2699 2714 2700
f 2700 2714 2715
f 2716 2706 2715
f 2715 2706 2700
f 2714 2710 2717
f 2717 2710 2718
f 2720 2721 2719
f 2719 2721 2722
f 2721 2723 2722
f 2722 2723 2724
f 2721 2725 2723
f 2723 2725 2726
f 2727 2728 2725
f 2725 2728 2726
f 2729 2725 2720
f 2720 2725 2721
f 2731 2729 2730
f 2730 2729 2720
f 2719 2732 2720
f 2720 2732 2730
f 2726 2733 2723
f 2723 2733 2724
f 2709 2711 2733
f 2733 2711 2724
f 2724 2711 2734
f 2734 2711 2712
f 2722 2724 2735
f 2735 2724 2734
f 2719 2722 2736
f 2736 2722 2735
f 2726 2728 2733
f 2733 2728 2718
f 2709 2733 2710
f 2710 2733 2718
f 2732 2719 2737
f 2737 2719 2736
f 2738 2739 2735
f 2735 2739 2736
f 2739 2740 2736
f 2736 2740 2737
f 2741 2742 2738
f 2738 2742 2739
f 2738 2743 2741
f 2741 2743 2744
f 2740 2739 2745
f 2745 2739 2742
f 2735 2734 2738
f 2738 2734 2743
f 2713 2743 2712
f 2712 2743 2734
f 2737 2746 2732
f 2732 2746 2747
f 2732 2747 2730
f 2730 2747 2731
f 2718 2728 2748
f 2748 2728 2727
f 2749 2750 2727
f 2727 2750 2748
f 2748 2751 2718
f 2718 2751 2717
f 2750 2752 2748
f 2748 2752 2751
f 2750 2749 2754
f 2754 2749 2753
f 2731 2747 2753
f 2753 2747 2754
f 2727 2725 2749
f 2749 2725 2729
f 2749 2729 2753
f 2753 2729 2731
f 2702 2755 2703
f 2703 2755 2713
f 2706 2716 2701
f 2701 2716 2756
f 2755 2702 2756
f 2756 2702 2701
f 2756 2757 2755
f 2755 2757 2744
f 2757 2758 2744
f 2744 2758 2741
f 2759 2757 2716
f 2716 2757 2756
f 2743 2713 2744
f 2744 2713 2755
f 2760 2759 2715
f 2715 2759 2716
f 2715 2714 2760
f 2760 2714 2717
f 2760 2717 2761
f 2761 2717 2751
f 2761 2762 2760
f 2760 2762 2759
f 2763 2764 2761
f 2761 2764 2762
f 2762 2758 2759
f 2759 2758 2757
f 2758 2762 2765
f 2765 2762 2764
f 2752 2763 2751
f 2751 2763 2761
f 2763 2752 2766
f 2766 2752 2767
f 2768 2769 2766
f 2766 2769 2770
f 2764 2763 2770
f 2770 2763 2766
f 2766 2767 2768
f 2768 2767 2746
f 2747 2746 2754
f 2754 2746 2767
f 2752 2750 2767
f 2767 2750 2754
f 2758 2765 2741
f 2741 2765 2742
f 2769 2745 2765
f 2765 2745 2742
f 2769 2765 2770
f 2770 2765 2764
f 2768 2740 2769
f 2769 2740 2745
f 2746 2737 2768
f 2768 2737 2740
f 2201 2212 2200
f 2200 2212 2214
f 2201 2202 2212
f 2212 2202 2185
f 2512 2581 2191
f 2191 2581 2192
f 2059 2290 2056
f 2056 2290 2272
f 2174 2199 2294
f 2294 2199 2278
f 2063 2175 2194
f 2194 2175 2291
f 2192 2581 2133
f 2133 2581 2490
f 2133 2132 2192
f 2192 2132 2189
f 2054 2276 2055
f 2055 2276 2138
f 2083 2279 2084
f 2084 2279 2771
f 2771 2279 2599
f 2599 2279 2596
f 2606 2772 2599
f 2599 2772 2771
f 2772 2773 2771
f 2771 2773 2084
f 2773 2774 2084
f 2084 2774 2085
f 2085 2775 2082
f 2082 2775 2144
f 2774 2078 2085
f 2085 2078 2775
f 2078 2774 2079
f 2079 2774 2776
f 2774 2773 2776
f 2776 2773 2777
f 2773 2772 2777
f 2777 2772 2778
f 2190 2189 2609
f 2609 2189 2778
f 2053 2052 2779
f 2779 2052 2181
f 2144 2775 2081
f 2081 2775 2078
f 2294 2153 2174
f 2174 2153 2175
f 2132 2276 2189
f 2189 2276 2778
f 2606 2609 2772
f 2772 2609 2778
f 2195 2613 2698
f 2698 2613 2612
f 2596 2279 2698
f 2698 2279 2195
f 2054 2777 2276
f 2276 2777 2778
f 2777 2054 2776
f 2776 2054 2053
f 2053 2779 2776
f 2776 2779 2079
f 2779 2181 2079
f 2079 2181 2080
f 2181 2239 2080
f 2080 2239 2240
f 2122 2256 2014
f 2042 1982 2076
f 2076 1982 2007
f 1982 1985 2007
f 2007 1985 2008
f 2095 2097 2265
f 2265 2097 2266
f 2076 2050 2042
f 2042 2050 2047
f 2046 2043 2047
f 2047 2043 2042
f 2118 1993 2046
f 2046 1993 2043
f 1995 1994 2118
f 2118 1994 1993
f 2267 1992 2011
f 2011 1992 2012
f 1997 2012 1994
f 1994 2012 1992
f 2226 2013 1997
f 1997 2013 2012
f 2225 2087 2226
f 2226 2087 2013
f 2225 2232 2087
f 2087 2232 2288
f 2232 2070 2288
f 2288 2070 2252
f 2070 2025 2252
f 2252 2025 2253
f 1988 2249 2025
f 2025 2249 2253
f 2116 2115 2267
f 2267 2115 2268
f 2096 1984 2237
f 2237 1984 1991
f 2095 1985 2096
f 2096 1985 1984
f 2265 2008 2095
f 2095 2008 1985
f 2092 2009 2265
f 2265 2009 2008
f 2091 2286 2092
f 2092 2286 2009
f 2255 2238 2091
f 2091 2238 2286
f 2256 2239 2255
f 2255 2239 2238
f 2122 2240 2256
f 2256 2240 2239
f 2121 2241 2122
f 2122 2241 2240
f 2022 2018 2097
f 2097 2018 2266
f 2022 2024 2018
f 2018 2024 2019
f 2024 2072 2019
f 2019 2072 2073
f 2072 2228 2073
f 2073 2228 2230
f 2228 2184 2230
f 2230 2184 2183
f 2121 2285 2241
f 2241 2285 2258
f 2285 2036 2258
f 2258 2036 2257
f 2177 2145 2193
f 2193 2145 2257
f 2173 2193 2196
f 2196 2193 2037
f 2036 2037 2257
f 2257 2037 2193
f 2196 2037 2066
f 2066 2037 2035
f 2061 2108 2034
f 2034 2108 2067
f 2108 2208 2067
f 2067 2208 2204
f 2208 2210 2204
f 2204 2210 2203
f 2210 2280 2203
f 2203 2280 2186
f 2183 2186 2235
f 2235 2186 2280
f 1987 2114 1988
f 1988 2114 2249
f 2237 2115 1987
f 1987 2115 2114
f 1991 2268 2237
f 2237 2268 2115
f 1991 1990 2268
f 2268 1990 1992
f 107 110 2781
f 2781 110 2780
f 117 2782 118
f 118 2782 2783
f 119 2784 120
f 120 2784 2785
f 125 2786 126
f 126 2786 2787
f 127 2788 128
f 128 2788 2789
f 127 132 2788
f 2788 132 2790
f 231 230 2792
f 2792 230 2791
f 118 2783 119
f 119 2783 2784
f 241 243 2794
f 2794 243 2793
f 2781 2795 107
f 107 2795 352
f 120 2785 437
f 437 2785 2796
f 126 2787 110
f 110 2787 2780
f 455 2797 456
f 456 2797 2798
f 128 2789 457
f 457 2789 2799
f 456 2798 117
f 117 2798 2782
f 2794 2797 241
f 241 2797 455
f 457 2799 125
f 125 2799 2786
f 132 231 2790
f 2790 231 2792
f 230 437 2791
f 2791 437 2796
f 2792 2789 2790
f 2790 2789 2788
f 2785 2784 2801
f 2801 2784 2800
f 2786 2802 2787
f 2787 2802 2803
f 2792 2791 2805
f 2805 2791 2804
f 2784 2783 2800
f 2800 2783 2806
f 2785 2801 2796
f 2796 2801 2807
f 2787 2803 2780
f 2780 2803 2808
f 2789 2809 2799
f 2799 2809 2810
f 2799 2810 2786
f 2786 2810 2802
f 2791 2796 2804
f 2804 2796 2807
f 2789 2792 2809
f 2809 2792 2805
f 2812 2797 2811
f 2811 2797 2794
f 2809 2805 2810
f 2810 2805 2804
f 2810 2804 2802
f 2802 2804 2807
f 2802 2807 2803
f 2803 2807 2801
f 2808 2803 2800
f 2800 2803 2801
f 2814 699 2813
f 2813 699 698
f 2808 2815 2780
f 2780 2815 2781
f 2817 2782 2816
f 2816 2782 2798
f 2815 2818 2781
f 2781 2818 2795
f 2797 2812 2798
f 2798 2812 2816
f 2783 2782 2806
f 2806 2782 2817
f 2800 2806 2808
f 2808 2806 2815
f 2794 2793 2811
f 2811 2793 2819
f 174 201 384
f 384 201 362
f 200 1766 390
f 390 1766 1777
f 1777 1778 390
f 390 1778 398
f 1778 361 398
f 398 361 222
f 2820 2821 628
f 628 2821 629
f 1406 2820 790
f 790 2820 628
f 794 1415 1233
f 1233 1415 1234
f 1406 790 1407
f 1407 790 1312
f 1407 1312 2822
f 2822 1312 1316
f 2823 1380 1543
f 1543 1380 1379
f 1385 1738 1382
f 1382 1738 1383
f 1381 791 1382
f 1382 791 1386
f 791 794 1386
f 1386 794 1233
f 1259 1390 1260
f 1260 1390 1389
f 1905 1542 1394
f 1394 1542 1395
f 1410 1413 1397
f 1397 1413 1398
f 2821 1410 629
f 629 1410 1397
f 2823 2822 1380
f 1380 2822 1316
f 1392 1395 1378
f 1378 1395 1379
f 1738 1399 1383
f 1383 1399 1398
f 1388 1235 1389
f 1389 1235 1234
f 1393 1391 1394
f 1394 1391 1390
f 1381 1384 779
f 779 1384 780
f 1282 788 792
f 792 788 793
f 1431 1262 1432
f 1432 1262 1261
f 1400 1342 1408
f 1408 1342 1409
f 1508 1544 1411
f 1411 1544 1412
f 788 787 793
f 793 787 1414
f 2821 2820 1429
f 1429 2820 1430
f 2822 2823 1506
f 1506 2823 1507
f 778 1282 779
f 779 1282 792
f 2820 1406 1430
f 1430 1406 1409
f 1410 2821 1411
f 1411 2821 1429
f 1407 2822 1408
f 1408 2822 1506
f 1544 781 1412
f 1412 781 780
f 1260 1415 1261
f 1261 1415 1414
f 1334 2824 923
f 923 2824 924
f 2826 1268 2825
f 2825 1268 1267
f 769 1212 2827
f 2827 1212 2828
f 1492 1190 1266
f 1266 1190 1267
f 1488 2829 1489
f 1489 2829 2830
f 922 1329 923
f 923 1329 1328
f 1484 2831 1485
f 1485 2831 2832
f 1482 2833 1485
f 1485 2833 1486
f 1324 1493 1489
f 1489 1493 1490
f 1265 1491 1266
f 1266 1491 1490
f 2835 2836 2834
f 2834 2836 2837
f 1250 2838 2827
f 2827 2838 2839
f 1488 1491 2840
f 2840 1491 2841
f 1268 2826 2842
f 2842 2826 2843
f 2844 2845 1495
f 1495 2845 1496
f 1427 2847 2846
f 2846 2847 926
f 2829 1488 2848
f 2848 1488 2840
f 1329 922 2849
f 2849 922 927
f 2850 2851 768
f 768 2851 1213
f 1265 1268 2852
f 2852 1268 2842
f 1491 1265 2841
f 2841 1265 2852
f 2854 2855 2853
f 2853 2855 2856
f 2855 2857 2856
f 2856 2857 598
f 2857 2858 598
f 598 2858 595
f 2858 2859 595
f 595 2859 626
f 649 652 2860
f 2860 652 2861
f 639 642 2862
f 2862 642 2863
f 2864 705 2862
f 2862 705 639
f 2865 1418 2864
f 2864 1418 705
f 2866 2867 2865
f 2865 2867 1418
f 1760 1348 1761
f 1761 1348 2867
f 1764 2868 1197
f 1197 2868 1198
f 2869 611 2868
f 2868 611 1198
f 2870 612 2869
f 2869 612 611
f 1352 1350 944
f 944 1350 688
f 1350 1256 688
f 688 1256 685
f 1256 1255 685
f 685 1255 692
f 1255 2871 692
f 692 2871 2872
f 701 2873 698
f 698 2873 2813
f 2872 1349 692
f 692 1349 693
f 1696 1744 1574
f 1574 1744 1575
f 1753 1618 1577
f 1577 1618 1578
f 1729 1594 1608
f 1608 1594 1609
f 1725 1630 1611
f 1611 1630 1612
f 1604 1607 1625
f 1625 1607 1626
f 1624 1703 1625
f 1625 1703 1912
f 1703 1702 1912
f 1912 1702 1913
f 1702 1753 1913
f 1913 1753 1577
f 1598 1569 1915
f 1915 1569 1578
f 1616 1615 1915
f 1915 1615 1916
f 1615 1696 1916
f 1916 1696 1574
f 1744 1745 1575
f 1575 1745 1917
f 1745 1565 1917
f 1917 1565 1609
f 1568 1725 1608
f 1608 1725 1611
f 2874 1613 1918
f 1918 1613 1612
f 1607 2874 1626
f 1626 2874 1918
f 1610 1613 1562
f 1562 1613 1563
f 1547 1550 1570
f 1570 1550 1571
f 1573 1576 1580
f 1580 1576 1581
f 1553 1556 1595
f 1595 1556 1596
f 1556 1582 1596
f 1596 1582 1581
f 1551 1547 1599
f 1599 1547 1570
f 1731 1914 1601
f 1601 1914 1602
f 1686 1689 1605
f 1605 1689 1606
f 1598 1743 1599
f 1599 1743 1692
f 2874 1607 1723
f 1723 1607 1606
f 1727 1553 1730
f 1730 1553 1595
f 1600 1686 1601
f 1601 1686 1605
f 1914 1572 1602
f 1602 1572 1571
f 1579 1693 1580
f 1580 1693 1692
f 1613 2874 1563
f 1563 2874 1723
f 1561 1727 1562
f 1562 1727 1730
f 1949 1742 1548
f 1548 1742 1549
f 1694 1949 1552
f 1552 1949 1548
f 1954 1589 1554
f 1554 1589 1555
f 1693 1579 1558
f 1558 1579 1559
f 1561 1564 1584
f 1584 1564 1585
f 1582 1556 1588
f 1588 1556 1555
f 1600 1603 1591
f 1591 1603 1592
f 1981 1977 1687
f 1687 1977 1688
f 1564 1722 1585
f 1585 1722 1690
f 1551 1693 1552
f 1552 1693 1558
f 1751 1954 1728
f 1728 1954 1554
f 1590 1981 1591
f 1591 1981 1687
f 1603 1550 1592
f 1592 1550 1549
f 1977 1691 1688
f 1688 1691 1690
f 1587 1560 1588
f 1588 1560 1559
f 1727 1561 1728
f 1728 1561 1584
f 2875 1919 1947
f 1947 1919 1948
f 1557 1560 1952
f 1952 1560 1953
f 1933 1932 1955
f 1955 1932 1956
f 1587 1589 1958
f 1958 1589 1956
f 1959 1933 1965
f 1965 1933 1955
f 1961 1964 1966
f 1966 1964 1967
f 1981 1590 1969
f 1969 1590 1967
f 1742 1949 1972
f 1972 1949 1948
f 1593 1742 1966
f 1966 1742 1972
f 1957 1950 1958
f 1958 1950 1953
f 1583 1586 1974
f 1974 1586 1975
f 1940 1943 1978
f 1978 1943 1979
f 1943 1976 1979
f 1979 1976 1975
f 1951 2875 1952
f 1952 2875 1947
f 1968 1940 1969
f 1969 1940 1978
f 1973 1959 1974
f 1974 1959 1965
f 1923 1971 1920
f 1920 1971 1921
f 1919 2875 1920
f 1920 2875 1924
f 2875 1951 1924
f 1924 1951 1926
f 1950 1957 1929
f 1929 1957 1930
f 2244 2243 1934
f 1934 2243 1935
f 1973 1976 1937
f 1937 1976 1938
f 1944 1980 1941
f 1941 1980 1942
f 1940 1968 1941
f 1941 1968 1945
f 2287 2244 1960
f 1960 2244 1934
f 1970 2245 1962
f 1962 2245 1963
f 2243 1931 1935
f 1935 1931 1930
f 1927 1926 1928
f 1928 1926 1929
f 1961 1922 1962
f 1962 1922 1921
f 2245 1946 1963
f 1963 1946 1945
f 1976 1943 1938
f 1938 1943 1942
f 1936 2287 1937
f 1937 2287 1960
f 743 1238 608
f 608 1238 609
f 607 1811 608
f 608 1811 744
f 1304 2876 1305
f 1305 2876 2877
f 586 585 1298
f 1298 585 1299
f 585 702 1299
f 1299 702 1300
f 702 1428 1300
f 1300 1428 1301
f 1238 586 609
f 609 586 1298
f 2878 2879 1218
f 1218 2879 2877
f 2880 2881 1812
f 1812 2881 1819
f 2883 1821 2882
f 2882 1821 1820
f 2840 2841 620
f 620 2841 621
f 2842 2843 795
f 795 2843 796
f 892 895 2844
f 2844 895 2845
f 2848 2840 942
f 942 2840 620
f 2849 927 1202
f 1202 927 1203
f 2852 2842 1270
f 1270 2842 795
f 2841 2852 621
f 621 2852 1270
f 941 1759 942
f 942 1759 2884
f 659 929 1427
f 1427 929 2847
f 1237 2851 751
f 751 2851 2850
f 1216 2885 1217
f 1217 2885 1754
f 2887 734 2886
f 2886 734 733
f 2889 1816 2888
f 2888 1816 1815
f 2890 1245 2889
f 2889 1245 1816
f 1824 2891 1825
f 1825 2891 1246
f 2892 2893 2895
f 2895 2893 2894
f 1854 1833 1851
f 1851 1833 1832
f 1851 1832 1884
f 1884 1832 1876
f 1884 1876 1441
f 1441 1876 1443
f 1441 1443 1442
f 1442 1443 1446
f 1442 1446 2896
f 2896 1446 1507
f 2897 2823 2898
f 2898 2823 1543
f 1542 2899 1543
f 1543 2899 2898
f 1542 1905 2899
f 2899 1905 2900
f 1905 1259 2900
f 2900 1259 2901
f 1262 1431 2902
f 2902 1431 1904
f 1431 1434 1904
f 1904 1434 1902
f 1902 1434 2903
f 2903 1434 719
f 2903 719 2904
f 2904 719 718
f 1869 1881 718
f 718 1881 2904
f 1881 1869 1880
f 1880 1869 756
f 1880 756 2905
f 2905 756 755
f 2905 755 2906
f 2906 755 758
f 762 2907 763
f 763 2907 2908
f 724 723 2909
f 2909 723 894
f 796 895 723
f 723 895 894
f 2843 2845 796
f 796 2845 895
f 2826 1496 2843
f 2843 1496 2845
f 2825 1497 2826
f 2826 1497 1496
f 1189 2836 2825
f 2825 2836 1497
f 797 891 798
f 798 891 2837
f 802 888 797
f 797 888 891
f 2910 2911 2913
f 2913 2911 2912
f 1780 1783 2915
f 2915 1783 2914
f 2916 2917 831
f 831 2917 832
f 2918 2919 845
f 845 2919 846
f 2920 2916 847
f 847 2916 831
f 2921 2922 857
f 857 2922 858
f 2923 2924 860
f 860 2924 861
f 2919 2912 846
f 846 2912 887
f 2925 2920 940
f 940 2920 847
f 2924 2926 861
f 861 2926 1204
f 2917 2918 832
f 832 2918 845
f 2927 2928 1449
f 1449 2928 1450
f 2929 2930 889
f 889 2930 2931
f 2896 1507 2897
f 2897 1507 2823
f 2902 2901 1262
f 1262 2901 1259
f 2932 2933 750
f 750 2933 1236
f 2933 2934 1236
f 1236 2934 1835
f 2936 2937 2935
f 2935 2937 2938
f 2940 2941 2939
f 2939 2941 2942
f 2943 2944 1841
f 1841 2944 1842
f 2945 1860 2944
f 2944 1860 1842
f 2945 2946 1860
f 1860 2946 1859
f 1889 2947 1890
f 1890 2947 1856
f 1856 2947 1857
f 1857 2947 2948
f 2950 709 2949
f 2949 709 1829
f 2952 730 2951
f 2951 730 729
f 2866 2953 2867
f 2867 2953 1761
f 2953 2954 1761
f 1761 2954 1420
f 2954 2955 1420
f 1420 2955 742
f 2955 2956 742
f 742 2956 739
f 2956 2957 739
f 739 2957 760
f 2957 2958 760
f 760 2958 761
f 2958 2959 761
f 761 2959 2960
f 2959 2961 2960
f 2960 2961 2962
f 2963 2964 1839
f 1839 2964 1840
f 2964 2965 1840
f 1840 2965 2942
f 2966 2950 2939
f 2939 2950 2949
f 2935 2967 2936
f 2936 2967 2968
f 2969 2970 736
f 736 2970 735
f 734 2887 1815
f 1815 2887 2888
f 2887 2882 2888
f 2888 2882 2881
f 1819 1820 1817
f 1817 1820 748
f 1195 1757 1197
f 1197 1757 1424
f 1757 647 1424
f 1424 647 646
f 647 648 646
f 646 648 643
f 648 1271 643
f 643 1271 737
f 1271 725 737
f 737 725 765
f 725 724 765
f 765 724 762
f 762 724 2907
f 2907 724 2909
f 1254 1437 2909
f 2909 1437 2907
f 1438 1253 1836
f 1836 1253 1835
f 1836 1835 2938
f 2938 1835 2934
f 2971 2972 2935
f 2935 2972 2967
f 897 896 2969
f 2969 896 2970
f 1815 1814 734
f 734 1814 731
f 728 1215 896
f 896 1215 732
f 2885 1216 733
f 733 1216 2886
f 1216 1219 2886
f 2886 1219 2883
f 2876 1304 1821
f 1821 1304 749
f 1304 1303 749
f 749 1303 746
f 1818 2973 1817
f 1817 2973 1810
f 747 2974 1818
f 1818 2974 2973
f 747 746 2974
f 2974 746 1303
f 2976 2977 2975
f 2975 2977 2978
f 2976 2979 2901
f 2901 2979 2900
f 2980 2981 2982
f 2982 2981 2979
f 2981 2980 2983
f 2983 2980 2984
f 2985 2897 2983
f 2983 2897 2898
f 2987 2988 2986
f 2986 2988 2985
f 2896 2988 1442
f 1442 2988 1439
f 1903 2977 1904
f 1904 2977 2902
f 1856 1855 1890
f 1890 1855 2989
f 2989 2990 1890
f 1890 2990 1359
f 2990 2991 1359
f 1359 2991 1356
f 2946 2992 1859
f 1859 2992 1893
f 2992 2993 1893
f 1893 2993 775
f 2993 2994 775
f 775 2994 776
f 2986 1356 2987
f 2987 1356 2991
f 2975 2978 776
f 776 2978 777
f 2982 2994 2980
f 2980 2994 2995
f 1357 2984 2995
f 2995 2984 2980
f 2995 2996 1357
f 1357 2996 1358
f 2996 2997 1358
f 1358 2997 1889
f 2998 2999 2932
f 2932 2999 2933
f 2999 2971 2933
f 2933 2971 2934
f 1837 1836 2937
f 2937 1836 2938
f 2943 1841 2941
f 2941 1841 1838
f 3001 2944 3000
f 3000 2944 2943
f 3001 3002 2944
f 2944 3002 2945
f 3002 3003 2945
f 2945 3003 2946
f 2997 3003 1889
f 1889 3003 2947
f 2947 3003 2948
f 2948 3003 3002
f 3001 3004 3002
f 3002 3004 2948
f 3000 3005 3001
f 3001 3005 3004
f 2940 3006 3000
f 3000 3006 3005
f 2999 3007 2971
f 2971 3007 2972
f 2998 2951 2999
f 2999 2951 3007
f 3008 2952 2998
f 2998 2952 2951
f 2966 2965 2936
f 2936 2965 2937
f 2935 2938 2971
f 2971 2938 2934
f 3003 2997 2946
f 2946 2997 2992
f 2997 2996 2992
f 2992 2996 2993
f 2996 2995 2993
f 2993 2995 2994
f 1356 2986 1357
f 1357 2986 2984
f 2982 2975 2994
f 2994 2975 776
f 1844 1843 1899
f 1899 1843 3009
f 1843 638 3009
f 3009 638 3010
f 638 637 3010
f 3010 637 3011
f 637 1830 3011
f 3011 1830 3012
f 1830 1833 3012
f 3012 1833 2894
f 1833 1854 2894
f 2894 1854 2895
f 1854 1853 2895
f 2895 1853 1888
f 1858 1857 1885
f 1885 1857 1892
f 1899 3009 1898
f 1898 3009 1874
f 3009 3010 1874
f 1874 3010 1865
f 3010 3011 1865
f 1865 3011 1862
f 3011 3012 1862
f 1862 3012 1882
f 3012 2894 1882
f 1882 2894 2893
f 1850 2890 782
f 782 2890 2889
f 783 2880 1811
f 1811 2880 1812
f 744 1810 745
f 745 1810 2973
f 745 2973 805
f 805 2973 806
f 2973 2974 806
f 806 2974 815
f 1303 812 2974
f 2974 812 815
f 1303 1302 812
f 812 1302 1221
f 1307 3013 1302
f 1302 3013 1221
f 1734 3014 1633
f 1633 3014 1634
f 1646 1649 1636
f 1636 1649 1637
f 1654 1657 1641
f 1641 1657 1642
f 1639 1736 1636
f 1636 1736 1684
f 1716 1713 1698
f 1698 1713 1699
f 1718 1721 1705
f 1705 1721 1706
f 1653 1654 1709
f 1709 1654 1641
f 1620 1623 1714
f 1714 1623 1699
f 1712 1682 1714
f 1714 1682 1740
f 1668 1671 1746
f 1746 1671 1747
f 1752 1650 1749
f 1749 1650 1750
f 1750 1650 1709
f 1709 1650 1653
f 1632 1668 1633
f 1633 1668 1746
f 1649 1752 1637
f 1637 1752 1749
f 1682 1643 1740
f 1740 1643 1642
f 3014 1685 1634
f 1634 1685 1684
f 1704 1748 1705
f 1705 1748 1747
f 1697 1707 1698
f 1698 1707 1706
f 1739 1701 1621
f 1621 1701 1622
f 1567 1566 1647
f 1647 1566 1648
f 1664 1695 1651
f 1651 1695 1652
f 1614 1617 1655
f 1655 1617 1656
f 1704 1707 1659
f 1659 1707 1660
f 3014 1734 1662
f 1662 1734 1663
f 1650 1752 1651
f 1651 1752 1665
f 1741 1657 1667
f 1667 1657 1656
f 1695 1614 1652
f 1652 1614 1655
f 1724 1567 1726
f 1726 1567 1647
f 1645 1628 1733
f 1733 1628 1663
f 1685 3014 1726
f 1726 3014 1662
f 1620 1741 1621
f 1621 1741 1667
f 1566 1666 1648
f 1648 1666 1665
f 1658 1737 1659
f 1659 1737 1901
f 1911 1661 1910
f 1910 1661 1660
f 1701 1911 1622
f 1622 1911 1910
f 1732 1748 1733
f 1733 1748 1901
f 1857 2948 1892
f 1892 2948 3004
f 1892 3004 1891
f 1891 3004 3005
f 1828 3006 1829
f 1829 3006 2949
f 2967 736 2968
f 2968 736 710
f 2972 2969 2967
f 2967 2969 736
f 2969 2972 897
f 897 2972 3007
f 897 3007 729
f 729 3007 2951
f 3016 753 3015
f 3015 753 752
f 3018 767 3017
f 3017 767 766
f 3019 3020 1249
f 1249 3020 3021
f 2915 2914 3019
f 3019 2914 3020
f 3023 2914 3022
f 3022 2914 1783
f 2827 2839 769
f 769 2839 766
f 3025 2838 3024
f 3024 2838 3021
f 768 767 2850
f 2850 767 3026
f 2850 3026 751
f 751 3026 752
f 750 753 2932
f 2932 753 3027
f 3008 2998 3027
f 3027 2998 2932
f 3028 3029 3008
f 3008 3029 2952
f 3029 3030 2952
f 2952 3030 730
f 3032 3033 3031
f 3031 3033 3034
f 3036 3037 3035
f 3035 3037 3038
f 2870 3039 612
f 612 3039 3040
f 3041 3042 3031
f 3031 3042 3038
f 3034 1352 3043
f 3043 1352 944
f 612 3040 613
f 613 3040 3044
f 613 3044 1425
f 1425 3044 1422
f 3045 3042 669
f 669 3042 670
f 3041 3043 599
f 599 3043 600
f 772 771 1544
f 1544 771 781
f 1503 771 1866
f 1866 771 770
f 771 1503 781
f 781 1503 778
f 61 281 416
f 416 281 1907
f 283 103 3046
f 3046 103 3047
f 76 79 3048
f 3048 79 3049
f 280 76 1906
f 1906 76 3048
f 3051 335 3050
f 3050 335 334
f 3053 417 3052
f 3052 417 416
f 3055 435 3054
f 3054 435 434
f 428 435 419
f 419 435 1908
f 420 1909 293
f 293 1909 443
f 79 294 3049
f 3049 294 444
f 3057 444 3056
f 3056 444 443
f 3051 3058 335
f 335 3058 452
f 216 215 1332
f 1332 215 452
f 308 283 462
f 462 283 3046
f 3050 334 3059
f 3059 334 462
f 103 62 3047
f 3047 62 417
f 313 312 434
f 434 312 463
f 3061 574 3060
f 3060 574 573
f 1310 3062 1428
f 1428 3062 3063
f 1258 3064 1255
f 1255 3064 2871
f 932 3065 2853
f 2853 3065 3066
f 699 2814 931
f 931 2814 3067
f 3068 1301 3063
f 3063 1301 1428
f 571 574 1310
f 1310 574 3062
f 3060 573 3069
f 3069 573 1332
f 3070 3071 1906
f 1906 3071 1907
f 3072 3073 1908
f 1908 3073 1909
f 3075 2814 3074
f 3074 2814 2813
f 2854 3076 1258
f 1258 3076 3064
f 2871 3077 2872
f 2872 3077 3078
f 3074 2813 3079
f 3079 2813 2873
f 2872 3078 1349
f 1349 3078 3080
f 2873 701 3068
f 3068 701 1301
f 1330 1201 3080
f 3080 1201 1349
f 1264 1263 3081
f 3081 1263 3082
f 3083 3084 3082
f 3082 3084 3081
f 811 1448 3086
f 3086 1448 3085
f 808 811 3087
f 3087 811 3086
f 3088 3083 833
f 833 3083 3082
f 884 3089 885
f 885 3089 3090
f 3087 1790 808
f 808 1790 816
f 1790 3087 1787
f 1787 3087 3091
f 3092 3091 3086
f 3086 3091 3087
f 3093 3094 3084
f 3084 3094 3095
f 3089 3096 3090
f 3090 3096 3088
f 3097 3093 3083
f 3083 3093 3084
f 3099 3100 3098
f 3098 3100 1786
f 3101 1788 2913
f 2913 1788 3102
f 838 837 885
f 885 837 886
f 886 837 3103
f 3103 837 1541
f 3094 3093 3104
f 3104 3093 3097
f 3105 3106 3089
f 3089 3106 3096
f 3108 3109 3107
f 3107 3109 3110
f 3111 3112 3091
f 3091 3112 1787
f 3114 3108 3113
f 3113 3108 3107
f 3114 3115 3112
f 3112 3115 3102
f 3091 3092 3111
f 3111 3092 3116
f 839 838 835
f 835 838 836
f 885 3090 838
f 838 3090 836
f 3110 3117 1247
f 1247 3117 3118
f 1247 3118 1248
f 1248 3118 3119
f 3120 3121 3119
f 3119 3121 1248
f 1247 844 3110
f 3110 844 3107
f 844 843 3107
f 3107 843 3113
f 843 3099 3113
f 3113 3099 3122
f 1781 3123 3098
f 3098 3123 3124
f 2915 2931 1780
f 1780 2931 2930
f 3019 3125 2915
f 2915 3125 2931
f 890 3125 2834
f 2834 3125 1252
f 3125 3019 1252
f 1252 3019 1249
f 907 908 946
f 946 908 947
f 1185 1188 1369
f 1369 1188 948
f 954 957 951
f 951 957 952
f 910 965 953
f 953 965 950
f 905 958 960
f 960 958 961
f 3126 978 949
f 949 978 962
f 936 935 967
f 967 935 968
f 994 993 969
f 969 993 966
f 902 904 971
f 971 904 972
f 983 985 973
f 973 985 970
f 906 905 974
f 974 905 960
f 977 981 959
f 959 981 975
f 911 910 1143
f 1143 910 953
f 952 957 1142
f 1142 957 1145
f 911 1143 1366
f 1366 1143 1368
f 1185 1369 1145
f 1145 1369 1142
f 993 1519 966
f 966 1519 1456
f 965 1454 950
f 950 1454 1457
f 900 899 1459
f 1459 899 1460
f 988 991 1461
f 1461 991 1458
f 899 963 1460
f 1460 963 1462
f 985 987 970
f 970 987 1463
f 904 906 972
f 972 906 974
f 981 983 975
f 975 983 973
f 935 900 968
f 968 900 1459
f 991 994 1458
f 1458 994 969
f 1154 1526 1088
f 1088 1526 1089
f 1109 1112 1092
f 1092 1112 1093
f 1083 1098 1084
f 1084 1098 1097
f 1078 1471 1100
f 1100 1471 1101
f 1075 1078 1104
f 1104 1078 1100
f 1152 1154 1156
f 1156 1154 1088
f 1156 1155 1372
f 1372 1155 1373
f 1372 1373 1104
f 1104 1373 1075
f 1467 1109 1465
f 1465 1109 1092
f 1465 1182 1468
f 1468 1182 1184
f 1474 1470 1096
f 1096 1470 1097
f 1102 1101 1083
f 1083 1101 1098
f 1112 1531 1093
f 1093 1531 1529
f 1102 1073 1099
f 1099 1073 1072
f 1526 1154 1079
f 1079 1154 1080
f 1081 1091 1082
f 1082 1091 1094
f 1069 1068 1085
f 1085 1068 1086
f 1153 1151 1080
f 1080 1151 1058
f 1371 1177 1179
f 1179 1177 1176
f 1099 1072 1103
f 1103 1072 1176
f 1068 1071 1086
f 1086 1071 1073
f 1085 1084 1180
f 1180 1084 1469
f 1066 1065 1183
f 1183 1065 1181
f 1153 1152 1177
f 1177 1152 1178
f 1091 1081 1182
f 1182 1081 1183
f 1057 1525 1079
f 1079 1525 1527
f 1120 1117 1076
f 1076 1117 1077
f 1087 1090 1107
f 1107 1090 1108
f 1127 1126 1110
f 1110 1126 1111
f 1095 1116 1096
f 1096 1116 1115
f 1471 1078 1119
f 1119 1078 1077
f 1087 1107 1155
f 1155 1107 1158
f 1376 1374 1157
f 1157 1374 1158
f 1076 1075 1374
f 1374 1075 1373
f 1109 1467 1110
f 1110 1467 1472
f 1467 1466 1472
f 1472 1466 1473
f 1135 1475 1114
f 1114 1475 1115
f 1471 1119 1095
f 1095 1119 1116
f 1126 1532 1111
f 1111 1532 1530
f 914 1276 1480
f 1480 1276 1517
f 3127 3128 1223
f 1223 3128 1224
f 824 933 1455
f 1455 933 3129
f 3131 1448 3130
f 3130 1448 1447
f 3132 3133 1452
f 1452 3133 1453
f 3130 1447 1322
f 1322 1447 1455
f 933 1514 3129
f 3129 1514 3134
f 1161 3135 1480
f 1480 3135 1481
f 3128 3136 1224
f 1224 3136 1499
f 3133 1162 1453
f 1453 1162 1517
f 1515 3127 1535
f 1535 3127 1223
f 3095 3085 3131
f 3131 3085 1448
f 3137 3092 3085
f 3085 3092 3086
f 3138 3116 3137
f 3137 3116 3092
f 3110 3109 3117
f 3117 3109 3139
f 3105 3140 3117
f 3117 3140 3118
f 3140 3141 3118
f 3118 3141 3119
f 3142 3120 3141
f 3141 3120 3119
f 1498 3143 1277
f 1277 3143 882
f 3144 3145 1340
f 1340 3145 1339
f 1340 3146 3144
f 3144 3146 3147
f 3145 3144 3143
f 3143 3144 3148
f 871 901 872
f 872 901 1362
f 3149 3148 3147
f 3147 3148 3144
f 1208 3150 1209
f 3098 1786 1781
f 1781 1786 1782
f 2930 2929 3123
f 3123 2929 2911
f 1794 1791 2916
f 2916 1791 2917
f 1793 3101 2918
f 2918 3101 2919
f 1796 1794 2920
f 2920 1794 2916
f 3151 3152 2921
f 2921 3152 2922
f 3153 3154 2923
f 2923 3154 2924
f 2919 3101 2912
f 2912 3101 2913
f 3155 1796 2925
f 2925 1796 2920
f 3154 3156 2924
f 2924 3156 2926
f 1791 1793 2917
f 2917 1793 2918
f 3157 3158 2927
f 2927 3158 2928
f 1780 2930 1781
f 1781 2930 3123
f 2825 1267 1189
f 1189 1267 1190
f 2827 2828 1250
f 1250 2828 1251
f 1489 2830 1324
f 1324 2830 1325
f 923 1328 1334
f 1334 1328 1335
f 1485 2832 1482
f 1482 2832 1483
f 1266 1490 1492
f 1492 1490 1493
f 1333 1346 1334
f 1334 1346 2824
f 722 799 1492
f 1492 799 1190
f 664 657 1482
f 1482 657 2833
f 631 634 1324
f 1324 634 1493
f 2828 1494 1251
f 1251 1494 2835
f 1249 3021 1250
f 1250 3021 2838
f 798 2837 1189
f 1189 2837 2836
f 3100 842 3160
f 3160 842 3159
f 1788 3101 1789
f 1789 3101 1793
f 1792 816 1789
f 1789 816 1790
f 817 816 1795
f 1795 816 1792
f 938 817 1797
f 1797 817 1795
f 1796 3155 1797
f 1797 3155 1798
f 3155 3158 1798
f 1798 3158 1799
f 3157 3152 1801
f 1801 3152 1802
f 3151 3156 1803
f 1803 3156 1804
f 3154 3153 1805
f 1805 3153 1806
f 3153 3161 1806
f 1806 3161 1807
f 3099 843 3100
f 3100 843 842
f 1788 1787 3102
f 3102 1787 3112
f 2910 3115 3124
f 3124 3115 3122
f 3099 3098 3122
f 3122 3098 3124
f 416 1907 3052
f 3052 1907 3071
f 3046 3047 3163
f 3163 3047 3162
f 249 445 259
f 259 445 3164
f 425 3165 424
f 424 3165 461
f 408 410 329
f 329 410 330
f 39 331 40
f 40 331 332
f 305 304 423
f 423 304 464
f 385 254 458
f 458 254 392
f 250 415 251
f 251 415 412
f 233 337 234
f 234 337 3166
f 435 3055 1908
f 1908 3055 3072
f 443 1909 3056
f 3056 1909 3073
f 3167 3049 3057
f 3057 3049 444
f 452 3058 1332
f 1332 3058 3069
f 234 3166 346
f 346 3166 411
f 3046 3163 462
f 462 3163 3059
f 259 3164 260
f 260 3164 336
f 3047 417 3162
f 3162 417 3053
f 463 3168 434
f 434 3168 3054
f 454 830 425
f 425 830 3165
f 3062 3169 3063
f 3063 3169 3170
f 1355 1354 1534
f 1534 1354 3171
f 3063 3170 3068
f 3068 3170 3172
f 574 3061 3062
f 3062 3061 3169
f 1534 3171 1535
f 1535 3171 3173
f 3079 2873 3172
f 3172 2873 3068
f 2838 3025 2839
f 2839 3025 3174
f 3176 3177 3175
f 3175 3177 3178
f 3180 1125 3179
f 3179 1125 1128
f 3182 3183 3181
f 3181 3183 3184
f 1134 3185 1130
f 1130 3185 3182
f 3186 3187 3189
f 3189 3187 3188
f 3191 3189 3190
f 3190 3189 3188
f 1137 1122 3190
f 3190 1122 3192
f 3175 3178 3193
f 3193 3178 3194
f 3181 3184 3179
f 3179 3184 3195
f 3197 3198 3196
f 3196 3198 3180
f 3200 3178 3199
f 3199 3178 3177
f 3202 3196 3201
f 3201 3196 3195
f 3204 3184 3203
f 3203 3184 3183
f 3206 3207 3205
f 3205 3207 3186
f 3205 3186 3208
f 3208 3186 3189
f 3209 3208 3191
f 3191 3208 3189
f 3210 3194 3200
f 3200 3194 3178
f 3201 3195 3204
f 3204 3195 3184
f 3197 3211 3177
f 3177 3211 3199
f 3213 3214 3212
f 3212 3214 3215
f 3217 3218 3216
f 3216 3218 3219
f 3221 3222 3220
f 3220 3222 3223
f 3225 3226 3224
f 3224 3226 3227
f 3229 3230 3228
f 3228 3230 3231
f 3233 3234 3232
f 3232 3234 3235
f 3237 3238 3236
f 3236 3238 3239
f 3238 3240 3239
f 3239 3240 3241
f 3232 3235 3242
f 3242 3235 3243
f 3245 3246 3244
f 3244 3246 3247
f 3248 3249 3245
f 3245 3249 3246
f 3251 3252 3250
f 3250 3252 3253
f 3255 3252 3254
f 3254 3252 3251
f 3256 3257 3259
f 3259 3257 3258
f 3261 3262 3260
f 3260 3262 3263
f 3265 3263 3264
f 3264 3263 3262
f 3256 3259 3266
f 3266 3259 3267
f 3269 3270 3268
f 3268 3270 3271
f 3269 3272 3270
f 3270 3272 3273
f 3274 3275 3277
f 3277 3275 3276
f 3278 3279 3276
f 3276 3279 3277
f 3281 3282 3280
f 3280 3282 3283
f 3280 3284 3281
f 3281 3284 3285
f 3287 3288 3286
f 3286 3288 3289
f 3290 3291 3288
f 3288 3291 3289
f 3234 3218 3235
f 3235 3218 3217
f 3232 3292 3233
f 3233 3292 3293
f 3239 3294 3236
f 3236 3294 3219
f 3233 3293 3237
f 3237 3293 3295
f 3296 3294 3241
f 3241 3294 3239
f 3240 3238 3297
f 3297 3238 3298
f 3217 3216 3235
f 3235 3216 3243
f 3297 3299 3240
f 3240 3299 3242
f 3246 3300 3247
f 3247 3300 3223
f 3301 3302 3254
f 3254 3302 3244
f 3249 3303 3246
f 3246 3303 3300
f 3245 3304 3248
f 3248 3304 3292
f 3252 3221 3253
f 3253 3221 3220
f 3250 3248 3299
f 3299 3248 3292
f 3222 3221 3255
f 3255 3221 3252
f 3297 3301 3251
f 3251 3301 3254
f 3258 3214 3259
f 3259 3214 3213
f 3257 3256 3304
f 3304 3256 3305
f 3263 3306 3260
f 3260 3306 3215
f 3261 3257 3302
f 3302 3257 3304
f 3307 3306 3265
f 3265 3306 3263
f 3262 3301 3264
f 3264 3301 3308
f 3259 3213 3267
f 3267 3213 3212
f 3308 3309 3264
f 3264 3309 3266
f 3270 3310 3271
f 3271 3310 3231
f 3311 3312 3278
f 3278 3312 3268
f 3270 3273 3310
f 3310 3273 3313
f 3272 3269 3305
f 3305 3269 3314
f 3277 3229 3274
f 3274 3229 3228
f 3275 3272 3309
f 3309 3272 3305
f 3279 3230 3277
f 3277 3230 3229
f 3276 3308 3278
f 3278 3308 3311
f 3281 3315 3282
f 3282 3315 3227
f 3290 3316 3283
f 3283 3316 3317
f 3281 3285 3315
f 3315 3285 3318
f 3284 3280 3314
f 3314 3280 3319
f 3289 3225 3286
f 3286 3225 3224
f 3287 3284 3312
f 3284 3314 3312
f 3291 3226 3289
f 3289 3226 3225
f 3288 3311 3290
f 3290 3311 3316
f 3212 3215 3307
f 3307 3215 3306
f 3294 3296 3219
f 3219 3296 3216
f 3303 3220 3300
f 3300 3220 3223
f 3224 3227 3318
f 3318 3227 3315
f 3228 3231 3313
f 3313 3231 3310
f 3234 3233 3236
f 3236 3233 3237
f 3243 3241 3242
f 3242 3241 3240
f 3247 3255 3244
f 3244 3255 3254
f 3253 3249 3250
f 3250 3249 3248
f 3260 3258 3261
f 3261 3258 3257
f 3266 3267 3264
f 3264 3267 3265
f 3268 3271 3278
f 3278 3271 3279
f 3274 3273 3275
f 3275 3273 3272
f 3283 3282 3290
f 3290 3282 3291
f 3286 3285 3287
f 3287 3285 3284
f 3218 3234 3219
f 3219 3234 3236
f 3295 3298 3237
f 3237 3298 3238
f 3216 3296 3243
f 3243 3296 3241
f 3242 3299 3232
f 3232 3299 3292
f 3223 3222 3247
f 3247 3222 3255
f 3244 3302 3245
f 3245 3302 3304
f 3303 3249 3220
f 3220 3249 3253
f 3297 3251 3299
f 3299 3251 3250
f 3215 3214 3260
f 3260 3214 3258
f 3301 3262 3302
f 3302 3262 3261
f 3212 3307 3267
f 3267 3307 3265
f 3266 3309 3256
f 3256 3309 3305
f 3271 3231 3279
f 3279 3231 3230
f 3268 3312 3269
f 3269 3312 3314
f 3228 3313 3274
f 3274 3313 3273
f 3308 3276 3309
f 3309 3276 3275
f 3282 3227 3291
f 3291 3227 3226
f 3317 3319 3283
f 3283 3319 3280
f 3224 3318 3286
f 3286 3318 3285
f 3312 3311 3287
f 3311 3288 3287
f 3320 3321 3194
f 3194 3321 3193
f 1375 3321 1121
f 1121 3321 3322
f 3323 3324 3322
f 3322 3324 3192
f 3175 1124 3176
f 3176 1124 1123
f 3179 3195 3180
f 3180 3195 3196
f 3181 1131 3182
f 3182 1131 1130
f 3207 3185 3186
f 3186 3185 3187
f 1136 3188 1133
f 1133 3188 3187
f 3190 3188 1137
f 1137 3188 1136
f 3193 1159 3175
f 3175 1159 1124
f 3179 1128 3181
f 3181 1128 1131
f 1533 3198 1123
f 1123 3198 3176
f 3321 1375 3193
f 3193 1375 1159
f 3321 3320 3322
f 3322 3320 3323
f 1122 1121 3192
f 3192 1121 3322
f 3194 3210 3320
f 3320 3210 3325
f 3324 3323 3327
f 3327 3323 3326
f 3320 3325 3323
f 3323 3325 3326
f 3208 3328 3205
f 3205 3328 3329
f 3330 3206 3329
f 3329 3206 3205
f 3203 3331 3204
f 3204 3331 3332
f 3210 3333 3325
f 3325 3333 3334
f 3325 3334 3326
f 3326 3334 3335
f 3327 3326 3336
f 3336 3326 3335
f 3327 3209 3324
f 3324 3209 3191
f 3190 3192 3191
f 3191 3192 3324
f 3338 3339 3337
f 3337 3339 3340
f 3338 3341 3339
f 3339 3341 3342
f 3341 3343 3342
f 3342 3343 3344
f 3343 3345 3344
f 3344 3345 3346
f 3345 3347 3346
f 3346 3347 3348
f 3347 3349 3348
f 3348 3349 3350
f 3337 3340 3351
f 3351 3340 3352
f 3351 3352 3353
f 3353 3352 3354
f 3353 3354 3355
f 3355 3354 3356
f 3350 3349 3357
f 3357 3349 3358
f 3355 3356 3359
f 3359 3356 3360
f 3359 3360 3361
f 3361 3360 3362
f 3361 3362 3363
f 3363 3362 3364
f 3363 3364 3358
f 3358 3364 3357
f 3339 3342 3365
f 3365 3342 3366
f 3342 3344 3366
f 3366 3344 3367
f 3344 3346 3367
f 3367 3346 3368
f 3346 3348 3368
f 3368 3348 3369
f 3348 3350 3369
f 3369 3350 3370
f 3368 3369 3371
f 3371 3369 3372
f 3369 3370 3372
f 3372 3370 3373
f 3373 3374 3372
f 3372 3374 3375
f 3377 3378 3376
f 3376 3378 3379
f 3377 3375 3378
f 3378 3375 3374
f 3375 3380 3372
f 3372 3380 3371
f 3377 3381 3375
f 3375 3381 3380
f 3376 3382 3377
f 3377 3382 3381
f 3384 3385 3383
f 3383 3385 3386
f 3384 3383 3388
f 3388 3383 3387
f 3388 3387 3389
f 3389 3387 3390
f 3392 3385 3391
f 3391 3385 3384
f 3388 3393 3384
f 3384 3393 3391
f 3389 3394 3388
f 3388 3394 3393
f 3389 3395 3394
f 3394 3395 3396
f 3395 3389 3397
f 3397 3389 3390
f 3339 3365 3340
f 3340 3365 3398
f 3340 3398 3352
f 3352 3398 3399
f 3371 3400 3368
f 3368 3400 3367
f 3400 3401 3367
f 3367 3401 3366
f 3366 3401 3365
f 3365 3401 3402
f 3398 3365 3403
f 3403 3365 3402
f 3398 3403 3399
f 3399 3403 3404
f 3403 3405 3404
f 3404 3405 3406
f 3352 3399 3354
f 3354 3399 3407
f 3399 3404 3407
f 3407 3404 3408
f 3404 3406 3408
f 3408 3406 3409
f 3405 3410 3406
f 3406 3410 3411
f 3410 3412 3411
f 3411 3412 3413
f 3397 3414 3395
f 3395 3414 3415
f 3417 3415 3416
f 3416 3415 3412
f 3410 3418 3412
f 3412 3418 3416
f 3410 3405 3418
f 3418 3405 3419
f 3405 3403 3419
f 3419 3403 3402
f 3370 3350 3420
f 3420 3350 3357
f 3373 3370 3421
f 3421 3370 3420
f 3374 3373 3422
f 3422 3373 3421
f 3378 3374 3423
f 3423 3374 3422
f 3378 3423 3379
f 3379 3423 3424
f 3424 3425 3379
f 3379 3425 3386
f 3383 3426 3387
f 3387 3426 3427
f 3387 3427 3390
f 3390 3427 3428
f 3390 3428 3397
f 3397 3428 3429
f 3429 3430 3397
f 3397 3430 3414
f 3411 3413 3431
f 3431 3413 3432
f 3406 3411 3409
f 3409 3411 3431
f 3401 3400 3335
f 3335 3400 3336
f 3401 3335 3402
f 3402 3335 3334
f 3402 3334 3419
f 3419 3334 3333
f 3419 3333 3418
f 3418 3333 3433
f 3418 3433 3416
f 3416 3433 3434
f 3435 3417 3434
f 3434 3417 3416
f 3394 3396 3436
f 3436 3396 3437
f 3393 3394 3332
f 3332 3394 3436
f 3393 3332 3391
f 3391 3332 3331
f 3330 3392 3331
f 3331 3392 3391
f 3382 3329 3381
f 3381 3329 3328
f 3354 3407 3356
f 3356 3407 3438
f 3356 3438 3360
f 3360 3438 3439
f 3360 3439 3362
f 3362 3439 3440
f 3362 3440 3364
f 3364 3440 3441
f 3364 3441 3357
f 3357 3441 3420
f 3421 3420 3442
f 3442 3420 3441
f 3442 3441 3443
f 3443 3441 3440
f 3443 3440 3444
f 3444 3440 3439
f 3444 3439 3445
f 3445 3439 3438
f 3445 3438 3408
f 3408 3438 3407
f 3422 3421 3446
f 3446 3421 3442
f 3446 3442 3447
f 3447 3442 3443
f 3447 3443 3448
f 3448 3443 3444
f 3448 3444 3449
f 3449 3444 3445
f 3449 3445 3409
f 3409 3445 3408
f 3409 3431 3449
f 3449 3431 3450
f 3449 3450 3448
f 3448 3450 3451
f 3451 3452 3448
f 3448 3452 3447
f 3447 3452 3446
f 3446 3452 3453
f 3446 3453 3422
f 3422 3453 3423
f 3424 3423 3454
f 3454 3423 3453
f 3452 3455 3453
f 3453 3455 3454
f 3452 3451 3455
f 3455 3451 3456
f 3450 3457 3451
f 3451 3457 3456
f 3431 3432 3450
f 3450 3432 3457
f 3454 3458 3424
f 3424 3458 3425
f 3427 3426 3459
f 3459 3426 3460
f 3428 3427 3461
f 3461 3427 3459
f 3428 3461 3429
f 3429 3461 3462
f 3462 3463 3429
f 3429 3463 3430
f 3464 3465 3462
f 3462 3465 3463
f 3455 3466 3454
f 3454 3466 3458
f 3465 3464 3466
f 3466 3464 3467
f 3461 3459 3468
f 3468 3459 3469
f 3468 3469 3464
f 3464 3469 3467
f 3464 3462 3468
f 3468 3462 3461
f 3459 3460 3469
f 3469 3460 3467
f 3295 3351 3298
f 3298 3351 3353
f 3353 3355 3298
f 3298 3355 3297
f 3297 3355 3301
f 3301 3355 3359
f 3301 3359 3308
f 3308 3359 3361
f 3308 3361 3311
f 3311 3361 3363
f 3311 3363 3316
f 3316 3363 3358
f 3316 3358 3317
f 3317 3358 3349
f 3349 3347 3317
f 3317 3347 3319
f 3347 3345 3319
f 3319 3345 3314
f 3345 3343 3314
f 3314 3343 3305
f 3343 3341 3305
f 3305 3341 3304
f 3304 3341 3292
f 3292 3341 3338
f 3292 3338 3293
f 3293 3338 3337
f 3293 3337 3295
f 3295 3337 3351
f 3437 3202 3436
f 3436 3202 3201
f 3436 3201 3332
f 3332 3201 3204
f 3433 3200 3434
f 3434 3200 3199
f 3211 3435 3199
f 3199 3435 3434
f 3333 3210 3433
f 3433 3210 3200
f 3380 3470 3371
f 3400 3371 3336
f 3336 3371 3470
f 3381 3328 3380
f 3380 3328 3470
f 3470 3328 3209
f 3209 3328 3208
f 3336 3470 3327
f 3327 3470 3209
f 1545 1763 1546
f 1546 1763 1762
f 1403 1546 773
f 773 1546 770
f 1221 3013 1220
f 1220 3013 3471
f 1305 2877 1306
f 1306 2877 2879
f 1220 3471 828
f 828 3471 829
f 1217 1754 3472
f 3472 1754 1756
f 1049 3473 1048
f 1048 3473 3474
f 1371 1179 3473
f 3473 1179 3474
f 1074 3475 1179
f 1179 3475 3474
f 3474 3475 1048
f 1048 3475 1056
f 919 666 1345
f 1345 666 665
f 856 680 919
f 919 680 666
f 679 680 1449
f 1449 680 858
f 1367 878 1500
f 1500 878 877
f 1366 908 1367
f 1367 908 878
f 1512 916 1513
f 1513 916 915
f 947 1368 948
f 948 1368 1369
f 1047 1021 1044
f 1044 1021 1020
f 1370 1049 1019
f 1019 1049 1020
f 1173 1030 1174
f 1174 1030 1033
f 3126 1188 1464
f 1464 1188 1187
f 1800 1451 1512
f 1512 1451 916
f 1175 1174 1186
f 1186 1174 1187
f 1030 1173 1047
f 1047 1173 1021
f 1513 915 3476
f 3476 915 1481
f 1345 665 3477
f 3477 665 1483
f 1502 1501 876
f 876 1501 877
f 1205 1451 1803
f 1803 1451 1802
f 3479 2832 3478
f 3478 2832 2831
f 1449 858 2927
f 2927 858 2922
f 908 1366 947
f 947 1366 1368
f 949 948 3126
f 3126 948 1188
f 3480 3135 1502
f 1502 3135 1501
f 2927 2922 3157
f 3157 2922 3152
f 3477 1483 3479
f 3479 1483 2832
f 1803 1802 3151
f 3151 1802 3152
f 663 658 664
f 664 658 657
f 655 658 939
f 939 658 706
f 1512 870 1800
f 1800 870 869
f 875 874 876
f 876 874 873
f 849 874 905
f 905 874 958
f 949 962 946
f 946 962 961
f 978 3126 979
f 979 3126 1464
f 1031 1168 1032
f 1032 1168 1022
f 1045 1013 1046
f 1046 1013 1012
f 1045 1044 1056
f 1056 1044 1048
f 1047 1046 1030
f 1030 1046 1031
f 939 706 940
f 940 706 1450
f 979 1464 1032
f 1032 1464 1033
f 3480 1478 3476
f 3476 1478 3134
f 2829 1487 2830
f 2830 1487 1486
f 848 1230 873
f 873 1230 1479
f 867 870 933
f 933 870 1514
f 1800 869 1801
f 1801 869 1799
f 2830 1486 1325
f 1325 1486 2833
f 940 1450 2925
f 2925 1450 2928
f 946 961 907
f 907 961 958
f 959 962 977
f 977 962 978
f 3476 3134 1513
f 1513 3134 1514
f 2925 2928 3155
f 3155 2928 3158
f 1325 2833 656
f 656 2833 657
f 1801 1799 3157
f 3157 1799 3158
f 1074 1055 3475
f 3475 1055 1056
f 1371 3473 1370
f 1370 3473 1049
f 2884 615 3481
f 3481 615 618
f 3478 2831 2846
f 2846 2831 617
f 2831 1484 617
f 617 1484 618
f 1484 1487 618
f 618 1487 3481
f 2848 3481 2829
f 2829 3481 1487
f 1480 1517 1161
f 1161 1517 1162
f 3129 1323 1455
f 1455 1323 1322
f 3129 3134 1323
f 1323 3134 1478
f 1535 3173 1515
f 1515 3173 1516
f 3085 3095 3137
f 3137 3095 3094
f 3137 3094 3138
f 3138 3094 3104
f 3117 3139 3105
f 3105 3139 3106
f 1138 1141 3127
f 3127 1141 3128
f 3081 3131 1264
f 1264 3131 3130
f 1227 1226 3132
f 3132 1226 3133
f 1264 3130 1229
f 1229 3130 1322
f 1160 1501 1161
f 1161 1501 3135
f 1141 1476 3128
f 3128 1476 3136
f 1226 1163 3133
f 3133 1163 1162
f 1363 1138 1515
f 1515 1138 3127
f 3084 3095 3081
f 3081 3095 3131
f 3089 884 3105
f 3105 884 3140
f 884 883 3140
f 3140 883 3141
f 883 3482 3141
f 3141 3482 3142
f 3476 1481 3480
f 3480 1481 3135
f 1502 1479 3480
f 3480 1479 1478
f 3168 463 440
f 714 1880 715
f 715 1880 2905
f 896 732 2970
f 2970 732 731
f 1263 834 3082
f 3082 834 833
f 898 1231 853
f 853 1231 854
f 3125 890 2931
f 2931 890 889
f 1237 893 2851
f 2851 893 892
f 898 853 899
f 899 853 963
f 988 987 989
f 989 987 986
f 1002 1007 1003
f 1003 1007 1006
f 1038 1036 1007
f 1007 1036 1004
f 1070 1052 1005
f 1005 1052 1006
f 1069 1067 1070
f 1070 1067 1052
f 1130 1129 1134
f 1134 1129 1135
f 879 1167 880
f 880 1167 1166
f 1171 1169 1037
f 1037 1169 1038
f 1085 1180 1069
f 1069 1180 1067
f 1209 1210 879
f 879 1210 1167
f 2885 1215 1754
f 1754 1215 1214
f 1263 855 834
f 834 855 854
f 708 1244 1826
f 1826 1244 1243
f 2909 894 1254
f 1254 894 893
f 1228 1361 964
f 964 1361 1360
f 2908 2907 1436
f 1436 2907 1437
f 2990 1440 2991
f 2991 1440 1439
f 964 1360 965
f 965 1360 1454
f 950 1457 951
f 951 1457 1456
f 970 1463 971
f 971 1463 1462
f 1025 1169 984
f 984 1169 986
f 1084 1097 1469
f 1469 1097 1470
f 1096 1115 1474
f 1474 1115 1475
f 1140 1361 1141
f 1141 1361 1476
f 1212 1495 2828
f 2828 1495 1494
f 880 1166 1452
f 1452 1166 1499
f 715 2905 1504
f 1504 2905 2906
f 954 1519 955
f 955 1519 1518
f 1026 1520 992
f 992 1520 1518
f 1029 1520 1043
f 1043 1520 1521
f 997 1522 1040
f 1040 1522 1521
f 1015 1522 1016
f 1016 1522 1523
f 1523 996 1524
f 1524 996 1062
f 1057 1060 1525
f 1525 1060 1524
f 1094 1528 1082
f 1082 1528 1527
f 1526 1528 1089
f 1089 1528 1529
f 1090 1531 1108
f 1108 1531 1530
f 1125 1533 1126
f 1126 1533 1532
f 3483 1755 727
f 727 1755 1214
f 735 1814 707
f 707 1814 1813
f 2891 1834 1246
f 1246 1834 1243
f 2904 1881 1847
f 1847 1881 1848
f 1852 1855 1853
f 1853 1855 1858
f 1902 2903 1877
f 1877 2903 1878
f 2903 2904 1878
f 1878 2904 1847
f 714 713 1848
f 1848 713 1849
f 1440 2990 1883
f 1883 2990 2989
f 1883 2989 1852
f 1852 2989 1855
f 2895 1888 2892
f 2892 1888 1887
f 774 777 1877
f 1877 777 1903
f 1251 2835 1252
f 1252 2835 2834
f 1213 2844 1212
f 1212 2844 1495
f 2851 892 1213
f 1213 892 2844
f 3123 2911 3124
f 3124 2911 2910
f 887 2929 888
f 888 2929 889
f 1435 2963 1436
f 1436 2963 2961
f 1253 1438 1254
f 1254 1438 1437
f 2970 731 735
f 735 731 1814
f 733 732 2885
f 2885 732 1215
f 2901 2902 2976
f 2976 2902 2977
f 2975 2982 2976
f 2976 2982 2979
f 2899 2900 2981
f 2981 2900 2979
f 2899 2981 2898
f 2898 2981 2983
f 2986 2985 2984
f 2984 2985 2983
f 2897 2985 2896
f 2896 2985 2988
f 2991 1439 2987
f 2987 1439 2988
f 777 2978 1903
f 1903 2978 2977
f 1885 1888 1858
f 1858 1888 1853
f 3090 3088 836
f 836 3088 833
f 3083 3088 3097
f 3097 3088 3096
f 3097 3096 3104
f 3104 3096 3106
f 3111 3116 3108
f 3108 3116 3109
f 3112 3111 3114
f 3114 3111 3108
f 3113 3122 3114
f 3114 3122 3115
f 891 890 2837
f 2837 890 2834
f 951 1456 954
f 954 1456 1519
f 967 1457 936
f 936 1457 1454
f 971 1462 902
f 902 1462 963
f 1461 1463 988
f 988 1463 987
f 1466 1468 1474
f 1474 1468 1470
f 1089 1529 1090
f 1090 1529 1531
f 1184 1181 1469
f 1469 1181 1180
f 1082 1527 1061
f 1061 1527 1525
f 1129 1473 1135
f 1135 1473 1475
f 1108 1530 1105
f 1105 1530 1532
f 1452 1499 3132
f 3132 1499 3136
f 3109 3116 3139
f 3139 3116 3138
f 2912 2911 887
f 887 2911 2929
f 2836 2835 1497
f 1497 2835 1494
f 2913 3102 2910
f 2910 3102 3115
f 1133 3187 1134
f 1134 3187 3185
f 3177 3176 3197
f 3197 3176 3198
f 3203 3183 3206
f 3206 3183 3207
f 3196 3202 3197
f 3197 3202 3211
f 3183 3182 3207
f 3207 3182 3185
f 1125 3180 1533
f 1533 3180 3198
f 3331 3203 3330
f 3330 3203 3206
f 3376 3379 3385
f 3385 3379 3386
f 3382 3376 3392
f 3392 3376 3385
f 3412 3415 3413
f 3413 3415 3414
f 3417 3396 3415
f 3415 3396 3395
f 3383 3386 3426
f 3426 3386 3425
f 3413 3414 3432
f 3432 3414 3430
f 3437 3396 3435
f 3435 3396 3417
f 3329 3382 3330
f 3330 3382 3392
f 3426 3425 3460
f 3460 3425 3458
f 3432 3430 3457
f 3457 3430 3463
f 3457 3463 3456
f 3456 3463 3465
f 3460 3458 3467
f 3467 3458 3466
f 3466 3455 3465
f 3465 3455 3456
f 3202 3437 3211
f 3211 3437 3435
f 3104 3106 3138
f 3138 3106 3139
f 3132 3136 1227
f 1227 3136 1476
f 943 687 600
f 600 687 601
f 596 625 667
f 667 625 1297
f 687 686 601
f 601 686 653
f 1319 784 711
f 711 784 712
f 1811 607 783
f 783 607 712
f 862 921 917
f 917 921 920
f 3478 925 3479
f 3479 925 924
f 2846 926 3478
f 3478 926 925
f 659 662 929
f 929 662 930
f 856 921 857
f 857 921 1204
f 1206 864 1207
f 1207 864 863
f 2876 1219 2877
f 2877 1219 1218
f 667 1297 593
f 593 1297 1296
f 917 920 1333
f 1333 920 1346
f 686 693 653
f 653 693 930
f 1277 913 1498
f 1498 913 1207
f 592 1536 610
f 610 1536 711
f 864 1206 1805
f 1805 1206 1804
f 1317 1536 1900
f 1900 1536 1809
f 1900 1809 1295
f 1295 1809 1296
f 3479 924 3477
f 3477 924 2824
f 927 926 1203
f 1203 926 2847
f 3484 2859 3032
f 3032 2859 3033
f 3472 2878 1217
f 1217 2878 1218
f 2889 2888 2880
f 2880 2888 2881
f 2886 2883 2887
f 2887 2883 2882
f 929 928 2847
f 2847 928 1203
f 857 1204 2921
f 2921 1204 2926
f 1820 1819 2882
f 2882 1819 2881
f 1821 2883 2876
f 2876 2883 1219
f 782 2889 783
f 783 2889 2880
f 1352 3034 1353
f 1353 3034 3033
f 3031 3034 3041
f 3041 3034 3043
f 944 943 3043
f 3043 943 600
f 1339 3145 1498
f 1498 3145 3143
f 1208 882 3148
f 3148 882 3143
f 2921 2926 3151
f 3151 2926 3156
f 3477 2824 1345
f 1345 2824 1346
f 1805 1804 3154
f 3154 1804 3156
f 886 3103 883
f 883 3103 3482
f 841 1248 3485
f 3485 1248 3121
f 2811 2819 2812
f 2812 2819 2816
f 2818 2815 2817
f 2817 2815 2806
f 2817 2816 2818
f 2818 2816 2819
f 2793 2795 2819
f 2819 2795 2818
f 243 352 2793
f 2793 352 2795
f 242 353 243
f 243 353 352
f 359 191 242
f 242 191 353
f 247 192 359
f 359 192 191
f 157 193 247
f 247 193 192
f 156 194 157
f 157 194 193
f 378 261 156
f 156 261 194
f 378 381 261
f 261 381 195
f 195 381 196
f 196 381 376
f 196 376 198
f 198 376 375
f 375 1776 198
f 198 1776 197
f 1776 1767 197
f 197 1767 274
f 181 274 199
f 199 274 1767
f 568 566 564
f 564 566 563
f 568 569 566
f 566 569 567
f 501 1773 1771
f 1771 1773 578
f 547 579 1773
f 1773 579 578
f 3486 470 474
f 474 470 469
f 450 582 3487
f 3487 582 3488
f 582 583 3488
f 3488 583 3489
f 583 584 3489
f 3489 584 3490
f 3490 584 3491
f 3491 584 543
f 470 3486 466
f 466 3486 467
f 3489 3490 503
f 503 3490 504
f 503 3492 3489
f 3489 3492 3488
f 3492 503 3493
f 3493 503 502
f 3495 3492 3494
f 3494 3492 3493
f 3487 3488 3495
f 3495 3488 3492
f 468 1774 465
f 465 1774 570
f 3494 3493 1775
f 1775 3493 1771
f 3490 3491 504
f 504 3491 1772
f 3491 543 1772
f 1772 543 548
f 450 3487 474
f 474 3487 3486
f 3495 467 3487
f 3487 467 3486
f 3494 468 3495
f 3495 468 467
f 468 3494 1774
f 1774 3494 1775
f 501 1771 502
f 502 1771 3493
f 527 366 384
f 384 366 365
f 522 524 527
f 527 524 366
f 521 534 522
f 522 534 524
f 530 535 521
f 521 535 534
f 508 486 513
f 513 486 532
f 513 532 541
f 541 532 535
f 667 668 596
f 596 668 597
f 1294 1297 624
f 624 1297 625
f 603 641 604
f 604 641 640
f 1290 1293 650
f 650 1293 651
f 1758 691 660
f 660 691 661
f 602 671 599
f 599 671 670
f 654 662 690
f 690 662 661
f 2856 598 695
f 695 598 597
f 602 654 671
f 671 654 690
f 604 640 676
f 676 640 704
f 1826 1829 708
f 708 1829 709
f 1288 1284 740
f 740 1284 741
f 755 754 758
f 758 754 759
f 2853 2856 932
f 932 2856 695
f 689 691 1192
f 1192 691 1193
f 784 1319 1240
f 1240 1319 1241
f 1813 1816 1244
f 1244 1816 1245
f 754 1288 759
f 759 1288 740
f 1894 1242 1318
f 1318 1242 1241
f 2867 1348 1418
f 1418 1348 1347
f 676 704 673
f 673 704 1347
f 1284 1287 741
f 741 1287 1419
f 1421 1426 1422
f 1422 1426 1425
f 1758 660 615
f 615 660 616
f 1192 1191 1421
f 1421 1191 1426
f 2962 1839 1504
f 1504 1839 1505
f 941 1194 1759
f 1759 1194 1193
f 1287 1537 1419
f 1419 1537 1760
f 1882 2893 1823
f 1823 2893 1824
f 1886 1891 1827
f 1827 1891 1828
f 1887 1886 1834
f 1834 1886 1827
f 1841 716 1838
f 1838 716 1505
f 782 784 1850
f 1850 784 1240
f 1239 1242 1863
f 1863 1242 1864
f 1242 1894 1864
f 1864 1894 1873
f 1822 1239 1823
f 1823 1239 1863
f 1318 1317 1895
f 1895 1317 1900
f 1894 1896 1873
f 1873 1896 1897
f 1291 1896 1292
f 1292 1896 1895
f 605 1898 606
f 606 1898 1897
f 1258 1257 2854
f 2854 1257 2855
f 1257 1351 2855
f 2855 1351 2857
f 1351 1353 2857
f 2857 1353 2858
f 1353 3033 2858
f 2858 3033 2859
f 2860 2861 3036
f 3036 2861 3037
f 2862 2863 2870
f 2870 2863 3039
f 2870 2869 2862
f 2862 2869 2864
f 2868 2865 2869
f 2869 2865 2864
f 1764 2866 2868
f 2868 2866 2865
f 1537 1199 1760
f 1760 1199 1348
f 615 2884 1758
f 1758 2884 1759
f 1825 1246 2890
f 2890 1246 1245
f 2893 2892 1824
f 1824 2892 2891
f 761 2960 758
f 758 2960 2906
f 3000 2943 2940
f 2940 2943 2941
f 2968 710 2950
f 2950 710 709
f 1764 1423 2866
f 2866 1423 2953
f 1423 645 2953
f 2953 645 2954
f 645 644 2954
f 2954 644 2955
f 644 738 2955
f 2955 738 2956
f 738 764 2956
f 2956 764 2957
f 764 763 2957
f 2957 763 2958
f 763 2908 2958
f 2958 2908 2959
f 2908 1436 2959
f 2959 1436 2961
f 1837 2964 1435
f 1435 2964 2963
f 1837 2937 2964
f 2964 2937 2965
f 2936 2968 2966
f 2966 2968 2950
f 1840 2942 1838
f 1838 2942 2941
f 2939 2949 2940
f 2940 2949 3006
f 2939 2942 2966
f 2966 2942 2965
f 1822 1825 1850
f 1850 1825 2890
f 1891 3005 1828
f 1828 3005 3006
f 3035 3038 3045
f 3045 3038 3042
f 3045 3044 3035
f 3035 3044 3040
f 669 1422 3045
f 3045 1422 3044
f 599 670 3041
f 3041 670 3042
f 931 3067 932
f 932 3067 3065
f 2853 3066 2854
f 2854 3066 3076
f 3067 3496 3065
f 3065 3496 3497
f 3066 3498 3076
f 3076 3498 3499
f 707 1813 708
f 708 1813 1244
f 2960 2962 2906
f 2906 2962 1504
f 2892 1887 2891
f 2891 1887 1834
f 1839 2962 2963
f 2963 2962 2961
f 595 626 596
f 596 626 625
f 623 626 3484
f 3484 626 2859
f 1291 1290 606
f 606 1290 603
f 1290 650 603
f 603 650 641
f 641 650 642
f 642 650 649
f 2860 2863 649
f 649 2863 642
f 3036 3039 2860
f 2860 3039 2863
f 3035 3040 3036
f 3036 3040 3039
f 1294 1293 1295
f 1295 1293 1292
f 624 651 1294
f 1294 651 1293
f 623 652 624
f 624 652 651
f 3484 2861 623
f 623 2861 652
f 3032 3037 3484
f 3484 3037 2861
f 3031 3038 3032
f 3032 3038 3037
f 3481 2848 2884
f 2884 2848 942
f 2846 617 1427
f 1427 617 616
f 3049 3167 3048
f 3048 3167 3500
f 1906 3048 3070
f 3070 3048 3500
f 1337 1768 3501
f 3501 1768 3502
f 3020 3503 3021
f 3021 3503 3024
f 2914 3023 3020
f 3020 3023 3503
f 859 1770 860
f 860 1770 3504
f 1336 3505 1768
f 1768 3505 3502
f 3065 3497 3066
f 3066 3497 3498
f 2814 3075 3067
f 3067 3075 3496
f 2839 3174 766
f 766 3174 3017
f 1337 3501 1338
f 1338 3501 1769
f 767 3018 3026
f 3026 3018 3506
f 3076 3499 3064
f 3064 3499 3507
f 727 730 3483
f 3483 730 3030
f 3064 3507 2871
f 2871 3507 3077
f 3100 3160 1786
f 1786 3160 1784
f 3026 3506 752
f 752 3506 3015
f 860 3504 2923
f 2923 3504 3508
f 753 3016 3027
f 3027 3016 3509
f 3027 3509 3008
f 3008 3509 3028
f 1782 1785 1783
f 1783 1785 3022
f 2923 3508 3153
f 3153 3508 3161
f 3148 3149 1208
f 1208 3149 3150
f 1335 1328 3510
f 3510 1328 1327
f 1336 1335 3505
f 3505 1335 3510
f 866 3511 1340
f 1340 3511 3146
f 865 1808 866
f 866 1808 3511
f 842 841 3159
f 3159 841 3485
f 2849 3512 1329
f 1329 3512 1326
f 1202 1331 2849
f 2849 1331 3512
f 3514 3515 3513
f 3513 3515 3516
f 3518 3516 3517
f 3517 3516 3515
f 3519 3520 3514
f 3514 3520 3515
f 3522 3523 3521
f 3521 3523 3524
f 3526 3527 3525
f 3525 3527 3528
f 3530 3531 3529
f 3529 3531 3532
f 3534 3535 3533
f 3533 3535 3536
f 3529 3532 3537
f 3537 3532 3538
f 3537 3539 3529
f 3529 3539 3540
f 3542 3543 3541
f 3541 3543 3544
f 3546 3547 3545
f 3545 3547 3548
f 3550 3534 3549
f 3549 3534 3533
f 3550 3543 3551
f 3551 3543 3552
f 3537 3545 3539
f 3539 3545 3548
f 3553 3554 3556
f 3556 3554 3555
f 3537 3557 3545
f 3545 3557 3546
f 3558 3559 3561
f 3561 3559 3560
f 3563 3564 3562
f 3562 3564 3565
f 3564 3563 3566
f 3566 3563 3567
f 3569 3570 3568
f 3568 3570 3571
f 3573 3574 3572
f 3572 3574 3575
f 3577 3578 3576
f 3576 3578 3579
f 3581 3582 3580
f 3580 3582 3583
f 3585 3586 3584
f 3584 3586 3579
f 3586 3587 3579
f 3579 3587 3576
f 3589 3590 3588
f 3588 3590 3591
f 3592 3593 3595
f 3595 3593 3594
f 3597 3598 3596
f 3596 3598 3595
f 3583 3600 3599
f 3599 3600 3601
f 3603 3599 3602
f 3602 3599 3601
f 3605 3606 3604
f 3604 3606 3607
f 3608 3555 3596
f 3596 3555 3554
f 3597 3610 3609
f 3609 3610 3565
f 3564 3611 3565
f 3565 3611 3609
f 3611 3564 3612
f 3612 3564 3566
f 3613 3614 3569
f 3569 3614 3570
f 3615 3616 3573
f 3573 3616 3574
f 3517 3617 3518
f 3518 3617 3618
f 3620 3621 3619
f 3619 3621 3622
f 3624 3625 3623
f 3623 3625 3626
f 3628 3629 3627
f 3627 3629 3630
f 3632 3633 3631
f 3631 3633 3634
f 3636 3637 3635
f 3635 3637 3638
f 3640 3641 3639
f 3639 3641 3642
f 3643 3644 3639
f 3639 3644 3640
f 3646 3513 3645
f 3645 3513 3647
f 3648 3514 3646
f 3646 3514 3513
f 3649 3519 3648
f 3648 3519 3514
f 3650 3651 3527
f 3527 3651 3652
f 3654 3651 3653
f 3653 3651 3650
f 3568 3571 3655
f 3655 3571 3656
f 3657 3658 3653
f 3653 3658 3659
f 3661 3662 3660
f 3660 3662 3658
f 3664 3665 3663
f 3663 3665 3666
f 3667 3657 3650
f 3650 3657 3653
f 3669 3523 3668
f 3668 3523 3670
f 3672 3673 3671
f 3671 3673 3674
f 3676 3677 3675
f 3675 3677 3678
f 3671 3674 3676
f 3676 3674 3677
f 3680 3681 3679
f 3679 3681 3682
f 3683 3684 3680
f 3680 3684 3681
f 3685 3686 3661
f 3661 3686 3662
f 3686 3687 3662
f 3662 3687 3688
f 3684 3683 3689
f 3689 3683 3690
f 3692 3693 3691
f 3691 3693 3694
f 3691 3694 3695
f 3695 3694 3696
f 3698 3699 3697
f 3697 3699 3700
f 3702 3703 3701
f 3701 3703 3704
f 3705 3706 3519
f 3519 3706 3520
f 3673 3672 3707
f 3707 3672 3708
f 3709 3710 3682
f 3682 3710 3679
f 3711 3712 3692
f 3692 3712 3693
f 3714 3715 3713
f 3713 3715 3716
f 3718 3700 3717
f 3717 3700 3699
f 3720 3721 3719
f 3719 3721 3722
f 3724 3725 3723
f 3723 3725 3726
f 3727 3728 3730
f 3730 3728 3729
f 3722 3721 3731
f 3731 3721 3732
f 3697 3700 3733
f 3733 3700 3714
f 3733 3714 3734
f 3734 3714 3713
f 3721 3723 3732
f 3732 3723 3735
f 3720 3736 3724
f 3724 3736 3737
f 3700 3718 3714
f 3714 3718 3715
f 3717 3699 3738
f 3738 3699 3739
f 3536 3740 3533
f 3533 3740 3540
f 3742 3743 3741
f 3741 3743 3744
f 3746 3747 3745
f 3745 3747 3748
f 3750 3751 3749
f 3749 3751 3752
f 3627 3632 3628
f 3628 3632 3631
f 3754 3755 3753
f 3753 3755 3626
f 3562 3565 3756
f 3756 3565 3610
f 3527 3652 3528
f 3528 3652 3757
f 3758 3524 3669
f 3669 3524 3523
f 3582 3598 3583
f 3583 3598 3600
f 3759 3670 3522
f 3522 3670 3523
f 3675 3678 3760
f 3760 3678 3761
f 3762 3763 3690
f 3690 3763 3689
f 3765 3766 3764
f 3764 3766 3767
f 3768 3739 3698
f 3698 3739 3699
f 3726 3725 3770
f 3770 3725 3769
f 3645 3647 3771
f 3771 3647 3772
f 3645 3678 3646
f 3646 3678 3677
f 3646 3677 3648
f 3648 3677 3674
f 3673 3649 3674
f 3674 3649 3648
f 3707 3773 3673
f 3673 3773 3649
f 3775 3776 3774
f 3774 3776 3777
f 3779 3526 3778
f 3778 3526 3525
f 3526 3779 3667
f 3667 3779 3780
f 3780 3781 3667
f 3667 3781 3657
f 3672 3679 3708
f 3708 3679 3710
f 3671 3680 3672
f 3672 3680 3679
f 3676 3683 3671
f 3671 3683 3680
f 3675 3690 3676
f 3676 3690 3683
f 3760 3762 3675
f 3675 3762 3690
f 3682 3681 3783
f 3783 3681 3782
f 3689 3784 3684
f 3684 3784 3785
f 3684 3785 3681
f 3681 3785 3782
f 3786 3709 3783
f 3783 3709 3682
f 3784 3689 3787
f 3787 3689 3763
f 3789 3557 3788
f 3788 3557 3790
f 3792 3793 3791
f 3791 3793 3794
f 3616 3615 3795
f 3795 3615 3796
f 3797 3798 3727
f 3727 3798 3728
f 3800 3801 3799
f 3799 3801 3802
f 3803 3578 3592
f 3592 3578 3593
f 3805 3806 3804
f 3804 3806 3807
f 3599 3603 3585
f 3585 3603 3586
f 3587 3586 3604
f 3604 3586 3603
f 3588 3591 3794
f 3794 3591 3791
f 3581 3803 3582
f 3582 3803 3592
f 3594 3561 3608
f 3608 3561 3790
f 3662 3688 3808
f 3808 3688 3809
f 3665 3664 3810
f 3810 3664 3811
f 3719 3812 3720
f 3720 3812 3736
f 3717 3813 3718
f 3718 3813 3737
f 3723 3721 3724
f 3724 3721 3720
f 3813 3717 3814
f 3814 3717 3738
f 3815 3816 303
f 303 3816 304
f 3818 3819 3817
f 3817 3819 3820
f 3578 3803 3579
f 3579 3803 3584
f 3558 3593 3577
f 3577 3593 3578
f 3822 3823 3821
f 3821 3823 3824
f 3546 3826 3825
f 3825 3826 3827
f 3828 3829 3547
f 3547 3829 3541
f 3831 3542 3830
f 3830 3542 3832
f 3834 3822 3833
f 3833 3822 3821
f 3835 3836 3827
f 3827 3836 3825
f 3800 3799 3828
f 3828 3799 3829
f 3830 3832 3837
f 3837 3832 3838
f 331 330 3551
f 3551 330 3839
f 3831 333 3552
f 3552 333 332
f 3819 3797 3841
f 3841 3797 3840
f 3513 3516 3647
f 3647 3516 3746
f 337 336 3745
f 3745 336 3772
f 3525 3528 3775
f 3775 3528 3749
f 3610 3597 3554
f 3554 3597 3596
f 3706 3702 3520
f 3520 3702 3701
f 3756 3610 3553
f 3553 3610 3554
f 3757 3750 3528
f 3528 3750 3749
f 3517 3515 3701
f 3701 3515 3520
f 3842 3584 3581
f 3581 3584 3803
f 3525 3775 3778
f 3778 3775 3774
f 3638 3843 3635
f 3635 3843 3618
f 3617 3621 3618
f 3618 3621 3635
f 3617 3517 3704
f 3704 3517 3701
f 3521 3624 3522
f 3522 3624 3623
f 3749 3844 3775
f 3775 3844 3776
f 3846 3847 3845
f 3845 3847 3848
f 3843 3747 3618
f 3618 3747 3518
f 3850 3851 3849
f 3849 3851 3748
f 3853 3854 3852
f 3852 3854 3855
f 3856 3857 3622
f 3622 3857 3619
f 3859 3860 3858
f 3858 3860 3861
f 3862 3844 3752
f 3752 3844 3749
f 3863 3759 3623
f 3623 3759 3522
f 3864 3777 3630
f 3630 3777 3776
f 3713 3865 3734
f 3734 3865 3866
f 3868 3869 3867
f 3867 3869 3870
f 3872 3873 3871
f 3871 3873 3874
f 3876 3877 3875
f 3875 3877 3878
f 3879 3880 3878
f 3878 3880 3881
f 3882 3883 3885
f 3885 3883 3884
f 3780 3886 3781
f 3781 3886 3887
f 3888 3685 3869
f 3869 3685 3661
f 3880 3879 3883
f 3883 3879 3884
f 3693 3783 3694
f 3694 3783 3782
f 3696 3785 3764
f 3764 3785 3784
f 3694 3782 3696
f 3696 3782 3785
f 3693 3786 3783
f 3787 3765 3784
f 3784 3765 3764
f 386 385 3765
f 3765 385 3766
f 3695 3889 3691
f 3691 3889 3890
f 3691 3890 3692
f 3692 3890 3891
f 3892 3711 3891
f 3891 3711 3692
f 3767 3893 3695
f 3695 3893 3889
f 3766 3894 3767
f 3767 3894 3893
f 3882 3885 3895
f 3895 3885 3896
f 3898 3698 3897
f 3897 3698 3697
f 3897 3697 3899
f 3899 3697 3733
f 3899 3733 3900
f 3900 3733 3734
f 3901 3768 3898
f 3898 3768 3698
f 3901 3902 3768
f 3768 3902 3903
f 3904 3905 3907
f 3907 3905 3906
f 3869 3661 3870
f 3870 3661 3660
f 3908 3909 3896
f 3896 3909 3895
f 3909 3758 3895
f 3895 3758 3669
f 3751 3531 3752
f 3752 3531 3848
f 3858 3536 3854
f 3854 3536 3535
f 3652 3562 3757
f 3757 3562 3756
f 3651 3654 3563
f 3563 3654 3567
f 3655 3656 3808
f 3808 3656 3659
f 3530 3740 3845
f 3845 3740 3861
f 3751 3750 3556
f 3556 3750 3553
f 3817 3820 3796
f 3796 3820 3795
f 410 409 3910
f 3910 409 3855
f 3750 3757 3553
f 3553 3757 3756
f 3908 3886 3909
f 3909 3886 3780
f 409 411 3855
f 3855 411 3851
f 413 412 3760
f 3760 412 3762
f 415 414 3763
f 3763 414 3787
f 3790 3557 3538
f 3538 3557 3537
f 3555 3608 3538
f 3538 3608 3790
f 3574 3911 3575
f 3575 3911 3912
f 3535 3534 3910
f 3910 3534 3839
f 3831 3552 3542
f 3542 3552 3543
f 3534 3550 3839
f 3839 3550 3551
f 3543 3550 3544
f 3544 3550 3549
f 3913 3914 3916
f 3916 3914 3915
f 3806 3805 3589
f 3589 3805 3590
f 3849 3843 3917
f 3917 3843 3638
f 3853 3644 3859
f 3859 3644 3742
f 3747 3746 3518
f 3518 3746 3516
f 3695 3696 3767
f 3767 3696 3764
f 3903 3918 3768
f 3768 3918 3739
f 3738 3739 3816
f 3816 3739 3918
f 3919 3920 3769
f 3769 3920 3770
f 3921 3726 3922
f 3922 3726 3770
f 3678 3645 3761
f 3761 3645 3771
f 3924 3913 3923
f 3923 3913 3916
f 3802 3925 3838
f 3838 3925 3837
f 3577 3926 3558
f 3558 3926 3559
f 3815 3919 3814
f 3814 3919 3769
f 3927 3928 3822
f 3822 3928 3823
f 3829 3832 3541
f 3541 3832 3542
f 3834 3927 3822
f 3832 3829 3838
f 3838 3829 3799
f 3745 3772 3746
f 3746 3772 3647
f 3849 3748 3843
f 3843 3748 3747
f 3854 3853 3858
f 3858 3853 3859
f 3854 3535 3855
f 3855 3535 3910
f 3557 3789 3546
f 3546 3789 3826
f 3923 3823 3924
f 3924 3823 3928
f 3823 3923 3929
f 3929 3923 3930
f 3531 3751 3532
f 3532 3751 3556
f 3532 3556 3538
f 3538 3556 3555
f 3932 3634 3931
f 3931 3634 3633
f 3814 3769 3813
f 3813 3769 3725
f 3620 3636 3621
f 3621 3636 3635
f 3847 3862 3848
f 3848 3862 3752
f 3531 3530 3848
f 3848 3530 3845
f 3933 3934 3830
f 3830 3934 3831
f 3925 3933 3837
f 3837 3933 3830
f 3934 440 3831
f 3831 440 333
f 3925 3802 3833
f 3833 3802 3801
f 3776 3844 3630
f 3630 3844 3627
f 3808 3659 3662
f 3662 3659 3658
f 3667 3650 3526
f 3526 3650 3527
f 3935 3666 3936
f 3936 3666 3665
f 3718 3737 3715
f 3715 3737 3736
f 3663 3809 3664
f 3664 3809 3688
f 3807 3806 3938
f 3938 3806 3937
f 445 413 3761
f 3761 413 3760
f 3902 447 3903
f 3903 447 446
f 3897 3890 3898
f 3898 3890 3889
f 3899 3891 3897
f 3897 3891 3890
f 3898 3889 3901
f 3901 3889 3893
f 3893 3894 3901
f 3901 3894 3902
f 414 386 3787
f 3787 386 3765
f 3940 3941 3939
f 3939 3941 3942
f 3840 3797 3943
f 3943 3797 3727
f 3665 3810 3936
f 3936 3810 3944
f 3921 3735 3726
f 3726 3735 3723
f 3920 3945 3770
f 3770 3945 3922
f 3521 3524 3774
f 3774 3524 3778
f 3864 3946 3625
f 3625 3946 3947
f 3773 3705 3649
f 3649 3705 3519
f 3779 3778 3758
f 3758 3778 3524
f 3812 3716 3736
f 3736 3716 3715
f 3624 3521 3777
f 3777 3521 3774
f 3703 3856 3704
f 3704 3856 3622
f 3900 3892 3899
f 3899 3892 3891
f 3641 3917 3642
f 3642 3917 3948
f 3895 3669 3882
f 3882 3669 3668
f 3855 3851 3852
f 3852 3851 3850
f 3894 458 3902
f 3902 458 447
f 3781 3887 3660
f 3660 3887 3870
f 3570 3566 3571
f 3571 3566 3567
f 3950 3576 3949
f 3949 3576 3587
f 3605 3602 3614
f 3614 3602 3612
f 3614 3612 3570
f 3570 3612 3566
f 3571 3567 3656
f 3656 3567 3654
f 3660 3658 3781
f 3781 3658 3657
f 3604 3607 3587
f 3587 3607 3949
f 3653 3659 3654
f 3654 3659 3656
f 3529 3540 3530
f 3530 3540 3740
f 3687 3811 3688
f 3688 3811 3664
f 3813 3725 3737
f 3737 3725 3724
f 3919 3815 461
f 461 3815 303
f 3818 3798 3819
f 3819 3798 3797
f 3819 3841 3820
f 3820 3841 3951
f 3816 3815 3738
f 3738 3815 3814
f 3540 3539 3533
f 3533 3539 3549
f 3548 3547 3544
f 3544 3547 3541
f 3539 3548 3549
f 3549 3548 3544
f 3741 3931 3860
f 3860 3931 3846
f 3801 3800 3835
f 3835 3800 3836
f 3934 3933 3824
f 3824 3933 3821
f 3825 3828 3546
f 3546 3828 3547
f 3833 3821 3925
f 3925 3821 3933
f 3800 3828 3836
f 3836 3828 3825
f 3824 3952 3934
f 3934 3952 440
f 3860 3846 3861
f 3861 3846 3845
f 3629 3946 3630
f 3630 3946 3864
f 3740 3536 3861
f 3861 3536 3858
f 3833 3801 3834
f 3834 3801 3835
f 3583 3599 3580
f 3580 3599 3585
f 3651 3563 3652
f 3652 3563 3562
f 3758 3909 3779
f 3779 3909 3780
f 3621 3617 3622
f 3622 3617 3704
f 3625 3947 3626
f 3626 3947 3753
f 3633 3632 3847
f 3847 3632 3862
f 3852 3850 3640
f 3640 3850 3641
f 3644 3853 3640
f 3640 3853 3852
f 3859 3742 3860
f 3860 3742 3741
f 3632 3627 3862
f 3862 3627 3844
f 3755 3863 3626
f 3626 3863 3623
f 3917 3638 3948
f 3948 3638 3637
f 3644 3643 3742
f 3742 3643 3743
f 3931 3633 3846
f 3846 3633 3847
f 3625 3624 3864
f 3864 3624 3777
f 3917 3641 3849
f 3849 3641 3850
f 3744 3932 3741
f 3741 3932 3931
f 3903 446 3918
f 3918 446 464
f 3953 3954 3956
f 3956 3954 3955
f 3958 3959 3957
f 3957 3959 3960
f 3876 3958 3877
f 3877 3958 3957
f 3877 3957 3961
f 3961 3957 3962
f 3963 3964 3958
f 3958 3964 3959
f 3965 3966 3876
f 3876 3966 3958
f 3966 3963 3958
f 3966 3967 3963
f 3963 3967 3968
f 3878 3877 3879
f 3879 3877 3961
f 3967 3969 3968
f 3968 3969 3970
f 3969 3971 3970
f 3970 3971 3972
f 3974 3904 3973
f 3973 3904 3907
f 3971 3975 3972
f 3972 3975 3976
f 3976 3975 3978
f 3978 3975 3977
f 3979 3980 3977
f 3977 3980 3978
f 3981 3982 3979
f 3979 3982 3980
f 3983 3984 3981
f 3981 3984 3982
f 3972 3985 3970
f 3970 3985 3986
f 3871 3987 3969
f 3969 3987 3971
f 3872 3871 3967
f 3967 3871 3969
f 3965 3872 3966
f 3966 3872 3967
f 3970 3986 3968
f 3968 3986 3988
f 3879 3961 3884
f 3884 3961 3940
f 3884 3940 3885
f 3885 3940 3939
f 3989 3990 3992
f 3992 3990 3991
f 3942 3993 3995
f 3995 3993 3994
f 3994 3996 3995
f 3995 3996 3974
f 3997 3998 3994
f 3994 3998 3996
f 3999 3997 3993
f 3993 3997 3994
f 4001 3996 4000
f 4000 3996 3998
f 4000 3998 4002
f 4002 3998 4003
f 4004 4003 3997
f 3997 4003 3998
f 3997 3999 4004
f 4004 3999 4005
f 4006 3995 3973
f 3973 3995 3974
f 3939 3942 4006
f 4006 3942 3995
f 3906 3887 3907
f 3907 3887 3886
f 3887 3906 3870
f 3870 3906 3867
f 3908 3973 3886
f 3886 3973 3907
f 3865 4007 3866
f 3866 4007 4008
f 3984 3983 4009
f 4009 3983 4010
f 3961 3962 3940
f 3940 3962 3941
f 4012 3868 4011
f 4011 3868 3867
f 4013 3975 3987
f 3987 3975 3971
f 4014 3977 4013
f 4013 3977 3975
f 4015 4010 4007
f 4007 4010 3983
f 4007 3983 4008
f 4008 3983 3981
f 4008 3981 4016
f 4016 3981 3979
f 4017 3984 4018
f 4018 3984 4009
f 3977 4014 3979
f 3979 4014 4016
f 3982 3984 4019
f 4019 3984 4017
f 4021 4022 4020
f 4020 4022 4023
f 4022 4012 4023
f 4023 4012 4011
f 4023 3904 4020
f 4020 3904 3974
f 4024 4025 4018
f 4018 4025 4017
f 4026 4027 4024
f 4024 4027 4025
f 4028 4026 4029
f 4029 4026 4024
f 4018 4021 4024
f 4024 4021 4029
f 4030 4031 4026
f 4026 4031 4027
f 4032 4030 4028
f 4028 4030 4026
f 4029 4001 4028
f 4028 4001 4000
f 4028 4000 4032
f 4032 4000 4002
f 4034 4035 4033
f 4033 4035 4036
f 4037 4038 4019
f 4019 4038 4039
f 4041 4039 4040
f 4040 4039 4038
f 4040 4038 4042
f 4042 4038 4036
f 4042 4036 4043
f 4043 4036 4035
f 3985 4044 4046
f 4046 4044 4045
f 4047 4048 4045
f 4045 4048 4046
f 4047 4049 4048
f 4048 4049 4050
f 4042 4047 4040
f 4040 4047 4045
f 4043 4049 4042
f 4042 4049 4047
f 4040 4045 4041
f 4041 4045 4044
f 4052 3959 4051
f 4051 3959 3964
f 4053 4054 4051
f 4051 4054 4055
f 3956 3960 4052
f 4052 3960 3959
f 3953 3956 4056
f 4056 3956 4052
f 4058 3953 4057
f 4057 3953 4056
f 4060 4061 4059
f 4059 4061 4062
f 4063 4064 4054
f 4054 4064 4057
f 4054 4053 4063
f 4063 4053 4065
f 4066 4067 4069
f 4069 4067 4068
f 4048 4050 4063
f 4063 4050 4064
f 4063 4065 4048
f 4048 4065 4046
f 3985 4046 3986
f 3986 4046 4065
f 3986 4065 3988
f 3988 4065 4053
f 3988 4053 3964
f 3964 4053 4051
f 3976 3978 4044
f 4044 3978 4041
f 3980 3982 4039
f 4039 3982 4019
f 4039 4041 3980
f 3980 4041 3978
f 3973 3908 4006
f 4006 3908 3896
f 3885 3939 3896
f 3896 3939 4006
f 4031 4034 4027
f 4027 4034 4033
f 4027 4033 4025
f 4025 4033 4037
f 4019 4017 4037
f 4037 4017 4025
f 3993 3942 4070
f 4070 3942 3941
f 3999 3993 4071
f 4071 3993 4070
f 3999 4071 4005
f 4005 4071 4072
f 4073 4074 4076
f 4076 4074 4075
f 4078 4079 4077
f 4077 4079 4080
f 4082 4080 4081
f 4081 4080 4079
f 4084 4085 4083
f 4083 4085 4086
f 4087 4088 4090
f 4090 4088 4089
f 4092 4093 4091
f 4091 4093 4094
f 4096 4097 4095
f 4095 4097 4098
f 4100 4101 4099
f 4099 4101 4102
f 4103 4104 4106
f 4106 4104 4105
f 4108 4109 4107
f 4107 4109 4110
f 4112 4113 4111
f 4111 4113 4114
f 4116 4117 4115
f 4115 4117 4118
f 4120 4121 4119
f 4119 4121 4122
f 4123 4124 4126
f 4126 4124 4125
f 4127 4128 4130
f 4130 4128 4129
f 4132 4133 4131
f 4131 4133 4134
f 4136 4108 4135
f 4135 4108 4107
f 4138 4139 4137
f 4137 4139 4140
f 4141 4142 4088
f 4088 4142 4089
f 4144 4145 4143
f 4143 4145 4146
f 4148 4149 4147
f 4147 4149 4150
f 4152 4153 4151
f 4151 4153 4154
f 4156 4082 4155
f 4155 4082 4081
f 4157 4158 4160
f 4160 4158 4159
f 4161 4162 4164
f 4164 4162 4163
f 4166 4122 4165
f 4165 4122 4121
f 4168 4152 4167
f 4167 4152 4151
f 4169 4170 4172
f 4172 4170 4171
f 4174 4175 4173
f 4173 4175 4176
f 4178 4149 4177
f 4177 4149 4179
f 4173 4176 4180
f 4180 4176 4181
f 4156 4085 4182
f 4182 4085 4183
f 4182 4184 4156
f 4156 4184 4082
f 4185 4186 4184
f 4184 4186 4187
f 4186 4188 4187
f 4187 4188 4189
f 4190 4191 4073
f 4073 4191 4074
f 4177 4179 4158
f 4158 4179 4159
f 4193 4127 4192
f 4192 4127 4130
f 4144 4194 4151
f 4151 4194 4167
f 4196 4197 4195
f 4195 4197 4198
f 4095 4199 4096
f 4096 4199 4200
f 4201 4202 4204
f 4204 4202 4203
f 4205 4206 4208
f 4208 4206 4207
f 4121 4120 4209
f 4209 4120 4210
f 4212 4213 4211
f 4211 4213 4214
f 4216 4217 4215
f 4215 4217 4218
f 4220 4221 4219
f 4219 4221 4222
f 4224 4196 4223
f 4223 4196 4195
f 4225 4226 4134
f 4134 4226 4131
f 4228 4229 4227
f 4227 4229 4230
f 4232 4233 4231
f 4231 4233 4098
f 4235 4236 4234
f 4234 4236 4237
f 4239 4240 4238
f 4238 4240 4241
f 4242 4243 4245
f 4245 4243 4244
f 4246 4247 4249
f 4249 4247 4248
f 4251 4252 4250
f 4250 4252 4253
f 4255 4256 4254
f 4254 4256 4257
f 4259 4260 4258
f 4258 4260 4261
f 4263 4264 4262
f 4262 4264 4265
f 4267 4268 4266
f 4266 4268 4269
f 4271 4199 4270
f 4270 4199 4272
f 4273 4274 4276
f 4276 4274 4275
f 4115 4118 4277
f 4277 4118 4278
f 4280 4281 4279
f 4279 4281 4282
f 4211 4283 4212
f 4212 4283 4284
f 4286 4287 4285
f 4285 4287 4288
f 4165 4121 4289
f 4289 4121 4209
f 4291 4286 4290
f 4290 4286 4285
f 4293 4294 4292
f 4292 4294 4295
f 4297 4298 4296
f 4296 4298 4299
f 4301 4302 4300
f 4300 4302 4303
f 4299 4304 4296
f 4296 4304 4305
f 4306 4292 4307
f 4307 4292 4295
f 4307 4308 4306
f 4306 4308 4309
f 4310 4309 4075
f 4075 4309 4308
f 4299 4298 4312
f 4312 4298 4311
f 4302 4301 4293
f 4293 4301 4294
f 3735 3921 4313
f 4313 3921 4314
f 4315 4314 3922
f 3922 4314 3921
f 4316 3945 829
f 829 3945 830
f 4289 4317 4165
f 4165 4317 4318
f 4320 4321 4319
f 4319 4321 4322
f 4324 4325 4323
f 4323 4325 4326
f 4327 4328 4330
f 4330 4328 4329
f 4290 4331 4291
f 4291 4331 4332
f 4165 4318 4166
f 4166 4318 4333
f 4334 4335 4337
f 4337 4335 4336
f 4339 4340 4338
f 4338 4340 4341
f 4168 4343 4342
f 4342 4343 4344
f 4346 4347 4345
f 4345 4347 4348
f 4350 4351 4349
f 4349 4351 4352
f 4354 4355 4353
f 4353 4355 4356
f 4357 4358 4324
f 4324 4358 4325
f 4337 4359 4334
f 4334 4359 4360
f 4362 4363 4361
f 4361 4363 4364
f 4366 4367 4365
f 4365 4367 4368
f 4369 4370 4372
f 4372 4370 4371
f 4331 4290 4374
f 4374 4290 4373
f 4373 4376 4375
f 4375 4376 4377
f 4379 4380 4378
f 4378 4380 4381
f 4217 4382 4218
f 4218 4382 4383
f 4385 4386 4384
f 4384 4386 4387
f 4388 4389 4338
f 4338 4389 4390
f 4337 4336 4392
f 4392 4336 4391
f 4394 4362 4393
f 4393 4362 4361
f 4396 4397 4395
f 4395 4397 4398
f 4400 4401 4399
f 4399 4401 4402
f 4345 4403 4346
f 4346 4403 4404
f 4405 4406 4342
f 4342 4406 4407
f 4409 4410 4408
f 4408 4410 4411
f 4408 4412 4409
f 4409 4412 4413
f 4181 4415 4414
f 4414 4415 4416
f 4182 4183 4417
f 4417 4183 4418
f 4419 4353 4311
f 4311 4353 4312
f 4421 4422 4420
f 4420 4422 4423
f 4353 4356 4312
f 4312 4356 4424
f 4166 4333 4425
f 4425 4333 4426
f 4425 4143 4166
f 4166 4143 4122
f 4427 4107 4428
f 4428 4107 4110
f 4429 4430 4174
f 4174 4430 4175
f 4335 4431 4336
f 4336 4431 4390
f 4336 4390 4391
f 4391 4390 4389
f 4432 4433 4435
f 4435 4433 4434
f 4437 4438 4436
f 4436 4438 4439
f 4441 4442 4440
f 4440 4442 4443
f 4359 4444 4361
f 4361 4444 4393
f 4446 4447 4445
f 4445 4447 4448
f 4338 4341 4388
f 4388 4341 4449
f 4450 4451 4398
f 4398 4451 4395
f 4453 4454 4452
f 4452 4454 4455
f 4457 4458 4456
f 4456 4458 4459
f 4460 4461 4448
f 4448 4461 4445
f 4463 4464 4462
f 4462 4464 4465
f 4462 4465 4466
f 4466 4465 4467
f 4468 4469 4467
f 4467 4469 4466
f 4469 4468 4470
f 4470 4468 4471
f 4472 4473 4471
f 4471 4473 4470
f 4475 4476 4474
f 4474 4476 4477
f 4479 4480 4478
f 4478 4480 4481
f 4483 4484 4482
f 4482 4484 4485
f 4487 4488 4486
f 4486 4488 4489
f 4491 4492 4490
f 4490 4492 4493
f 4494 4495 4493
f 4493 4495 4490
f 4496 4497 4494
f 4494 4497 4495
f 4497 4496 4498
f 4498 4496 4499
f 4500 4501 4503
f 4503 4501 4502
f 4505 4506 4504
f 4504 4506 4507
f 4466 4508 4462
f 4462 4508 4509
f 4470 4510 4469
f 4469 4510 4511
f 4513 4479 4512
f 4512 4479 4478
f 4515 4443 4514
f 4514 4443 4442
f 4516 4517 4519
f 4519 4517 4518
f 4521 4495 4520
f 4520 4495 4497
f 4522 4490 4521
f 4521 4490 4495
f 4491 4523 4488
f 4488 4523 4524
f 4525 4489 4524
f 4524 4489 4488
f 4484 4526 4485
f 4485 4526 4527
f 4503 4528 4500
f 4500 4528 4529
f 4530 4531 4533
f 4533 4531 4532
f 4535 4506 4534
f 4534 4506 4530
f 4486 4536 4487
f 4487 4536 4537
f 4487 4537 4492
f 4492 4537 4538
f 4494 4539 4496
f 4496 4539 4540
f 4542 4533 4541
f 4541 4533 4499
f 4544 4545 4543
f 4543 4545 4546
f 4548 4549 4547
f 4547 4549 4550
f 4536 4551 4537
f 4537 4551 4552
f 4537 4552 4538
f 4538 4552 4553
f 4554 4539 4556
f 4556 4539 4555
f 4557 4540 4554
f 4554 4540 4539
f 4559 4557 4558
f 4558 4557 4560
f 4540 4557 4541
f 4541 4557 4559
f 4562 4563 4561
f 4561 4563 4564
f 4546 4565 4543
f 4543 4565 4566
f 4547 4567 4548
f 4548 4567 4568
f 4570 4571 4569
f 4569 4571 4572
f 4574 4575 4573
f 4573 4575 4576
f 4578 4579 4577
f 4577 4579 4580
f 4582 4583 4581
f 4581 4583 4584
f 4585 4586 4588
f 4588 4586 4587
f 4589 4585 4590
f 4590 4585 4588
f 4592 4593 4591
f 4591 4593 4594
f 4596 4597 4595
f 4595 4597 4598
f 4600 4601 4599
f 4599 4601 4602
f 4563 4604 4603
f 4603 4604 4605
f 4603 4606 4608
f 4608 4606 4607
f 4609 4610 4594
f 4594 4610 4591
f 4611 4612 4614
f 4614 4612 4613
f 4616 4617 4615
f 4615 4617 4618
f 4602 4620 4619
f 4619 4620 4621
f 4619 4622 4602
f 4602 4622 4599
f 4605 4599 4623
f 4623 4599 4622
f 4605 4623 4603
f 4603 4623 4606
f 4625 4626 4624
f 4624 4626 4627
f 4438 4437 4628
f 4628 4437 4629
f 4442 4441 4630
f 4630 4441 4631
f 4630 4632 4442
f 4442 4632 4514
f 4633 4634 4529
f 4529 4634 4500
f 4500 4634 4501
f 4501 4634 4635
f 4637 4546 4636
f 4636 4546 4545
f 4639 4565 4638
f 4638 4565 4640
f 4573 4576 4641
f 4641 4576 4642
f 4593 4643 4594
f 4594 4643 4644
f 4645 4609 4644
f 4644 4609 4594
f 4647 4648 4646
f 4646 4648 4649
f 4651 4652 4650
f 4650 4652 4653
f 4654 4498 4519
f 4519 4498 4532
f 4520 4508 4521
f 4521 4508 4511
f 4522 4510 4523
f 4523 4510 4655
f 4524 4656 4525
f 4525 4656 4657
f 4514 4529 4515
f 4515 4529 4528
f 4658 4659 4661
f 4661 4659 4660
f 4496 4540 4499
f 4499 4540 4541
f 4493 4555 4494
f 4494 4555 4539
f 4549 4483 4550
f 4550 4483 4482
f 4545 4544 4501
f 4501 4544 4502
f 4636 4545 4635
f 4635 4545 4501
f 4589 4663 4662
f 4662 4663 4664
f 4662 4665 4558
f 4558 4665 4559
f 4569 4586 4570
f 4570 4586 4560
f 4552 4666 4553
f 4553 4666 4667
f 4668 4669 4670
f 4670 4669 4666
f 4672 4673 4671
f 4671 4673 4674
f 4287 4675 4288
f 4288 4675 4676
f 4678 4679 4677
f 4677 4679 4680
f 4681 4678 4682
f 4682 4678 4677
f 4682 4683 4681
f 4681 4683 4684
f 4161 4164 4685
f 4685 4164 4686
f 4414 4687 4689
f 4689 4687 4688
f 4405 4690 4346
f 4346 4690 4347
f 4691 4399 4693
f 4693 4399 4692
f 1209 4694 4365
f 4365 4694 4366
f 4650 1211 4651
f 4651 1211 1210
f 4695 4696 4255
f 4255 4696 4256
f 4697 4698 4218
f 4218 4698 4215
f 4700 4701 4699
f 4699 4701 4702
f 4703 4704 4303
f 4303 4704 4300
f 4315 3922 4316
f 4316 3922 3945
f 4653 4706 4705
f 4705 4706 4707
f 4709 4710 4708
f 4708 4710 4711
f 4335 4334 4713
f 4713 4334 4712
f 4714 4340 4321
f 4321 4340 4322
f 4716 4717 4715
f 4715 4717 4718
f 4238 4241 4719
f 4719 4241 4720
f 4231 4721 4307
f 4307 4721 4308
f 4723 4724 4722
f 4722 4724 4725
f 4727 4728 4726
f 4726 4728 4729
f 4730 4731 4327
f 4327 4731 4328
f 4733 4734 4732
f 4732 4734 4735
f 4720 4381 4736
f 4736 4381 4737
f 4738 4739 4741
f 4741 4739 4740
f 4743 4744 4742
f 4742 4744 4745
f 4338 4390 4339
f 4339 4390 4431
f 4746 4747 4431
f 4431 4747 4339
f 4291 4332 4289
f 4289 4332 4317
f 4289 4209 4291
f 4291 4209 4286
f 4287 4286 4210
f 4210 4286 4209
f 4749 4750 4748
f 4748 4750 4751
f 4212 4284 4752
f 4752 4284 4753
f 4752 4754 4212
f 4212 4754 4213
f 4252 4251 4225
f 4225 4251 4226
f 4227 4230 4248
f 4248 4230 4249
f 4205 4755 4757
f 4757 4755 4756
f 4708 4711 4758
f 4758 4711 4647
f 4367 4366 4759
f 4759 4366 4760
f 4526 4513 4527
f 4527 4513 4512
f 4420 4423 4385
f 4385 4423 4386
f 4705 4761 4653
f 4653 4761 4650
f 4761 1279 4650
f 4650 1279 1211
f 4762 4763 3944
f 3944 4763 3936
f 4274 4273 4765
f 4765 4273 4764
f 4767 4768 4766
f 4766 4768 4769
f 4770 4771 4769
f 4769 4771 4766
f 4771 4770 4242
f 4242 4770 4243
f 4093 4163 4094
f 4094 4163 4162
f 4772 4773 4775
f 4775 4773 4774
f 4777 4778 4776
f 4776 4778 4779
f 4417 4185 4182
f 4182 4185 4184
f 4780 4078 4781
f 4781 4078 4077
f 4781 4077 4782
f 4782 4077 4189
f 4188 4783 4189
f 4189 4783 4782
f 4295 4232 4307
f 4307 4232 4231
f 4785 4786 4784
f 4784 4786 4787
f 4784 1307 4785
f 4785 1307 1306
f 4078 4780 4096
f 4096 4780 4097
f 4075 4074 4310
f 4310 4074 4788
f 4788 4074 4789
f 4789 4074 4191
f 4789 4191 4059
f 4059 4191 4790
f 4791 4277 4792
f 4792 4277 4278
f 3732 3735 4793
f 4793 3735 4313
f 4793 4794 3732
f 3732 4794 3731
f 4792 4795 4791
f 4791 4795 4796
f 4797 4798 4799
f 4799 4798 4724
f 4763 4800 3936
f 3936 4800 3935
f 4801 4062 3729
f 3729 4062 3730
f 4713 4712 4802
f 4802 4712 4803
f 4146 4804 4119
f 4119 4804 4805
f 4498 4654 4497
f 4497 4654 4520
f 4806 4807 1326
f 1326 4807 1327
f 4689 4688 1330
f 1330 4688 1331
f 4801 4789 4062
f 4062 4789 4059
f 3730 4062 4808
f 4808 4062 4061
f 4810 4811 4809
f 4809 4811 4812
f 4813 4403 4814
f 4814 4403 4345
f 4815 4816 4349
f 4349 4816 4350
f 4817 4818 4820
f 4820 4818 4819
f 4406 4821 4407
f 4407 4821 4822
f 4823 4161 4824
f 4824 4161 4685
f 4181 4414 4825
f 4825 4414 4689
f 4741 4740 4826
f 4826 4740 4827
f 4828 4829 4827
f 4827 4829 4826
f 4142 4141 4415
f 4415 4141 4148
f 4830 1354 4761
f 4761 1354 1279
f 4832 4833 4831
f 4831 4833 4834
f 4835 4836 4626
f 4626 4836 4421
f 4451 4709 4395
f 4395 4709 4708
f 4627 4420 4837
f 4837 4420 4385
f 4837 1365 4838
f 4838 1365 1364
f 4397 4396 4839
f 4839 4396 4840
f 4842 4628 4841
f 4841 4628 4629
f 4671 4674 4631
f 4631 4674 4630
f 4674 4659 4630
f 4630 4659 4632
f 4633 4632 4658
f 4658 4632 4659
f 4658 4504 4633
f 4633 4504 4634
f 4635 4634 4507
f 4507 4634 4504
f 4843 4636 4507
f 4507 4636 4635
f 4844 4637 4843
f 4843 4637 4636
f 4637 4844 4640
f 4640 4844 4664
f 4638 4663 4642
f 4642 4663 4845
f 4847 4643 4846
f 4846 4643 4641
f 4644 4848 4645
f 4645 4848 4849
f 4851 4852 4850
f 4850 4852 4853
f 4855 4856 4854
f 4854 4856 4857
f 4859 4860 4858
f 4858 4860 4857
f 4715 4718 4859
f 4859 4718 4860
f 4862 4863 4861
f 4861 4863 4864
f 4866 4867 4865
f 4865 4867 4868
f 4870 4871 4869
f 4869 4871 4872
f 4869 4872 4116
f 4116 4872 4117
f 4820 4819 4874
f 4874 4819 4873
f 4876 4877 4875
f 4875 4877 4878
f 4880 4881 4879
f 4879 4881 4882
f 4884 4885 4883
f 4883 4885 4886
f 4887 4888 4280
f 4280 4888 4281
f 4818 4817 4889
f 4889 4817 4890
f 4891 4193 4823
f 4823 4193 4192
f 4892 4893 4228
f 4228 4893 4229
f 4158 4157 4894
f 4894 4157 4895
f 4896 4897 4132
f 4132 4897 4133
f 4099 4683 4100
f 4100 4683 4682
f 4101 4100 4899
f 4899 4100 4898
f 4150 4106 4147
f 4147 4106 4900
f 4100 4682 4898
f 4898 4682 4677
f 4080 4082 4187
f 4187 4082 4184
f 4077 4080 4189
f 4189 4080 4187
f 4191 4190 4790
f 4790 4190 4901
f 4177 4158 4680
f 4680 4158 4894
f 4108 4136 4752
f 4752 4136 4754
f 4752 4753 4108
f 4108 4753 4109
f 4817 4902 4890
f 4890 4902 4903
f 4904 4905 4907
f 4907 4905 4906
f 4909 4910 4908
f 4908 4910 4911
f 4913 4914 4912
f 4912 4914 4915
f 4916 4917 4919
f 4919 4917 4918
f 4312 4424 4299
f 4299 4424 4304
f 4920 4921 4297
f 4297 4921 4298
f 4194 4922 4167
f 4167 4922 4923
f 4924 4400 4691
f 4691 4400 4399
f 4395 4708 4396
f 4396 4708 4758
f 4367 4925 4368
f 4368 4925 4926
f 4919 4918 4873
f 4873 4918 4874
f 4836 4927 4421
f 4421 4927 4422
f 4921 4928 4298
f 4298 4928 4311
f 4143 4146 4122
f 4122 4146 4119
f 4929 4930 4455
f 4455 4930 4452
f 4932 4933 4931
f 4931 4933 4934
f 4935 4936 4932
f 4932 4936 4933
f 4461 4460 4457
f 4457 4460 4458
f 4480 4479 4475
f 4475 4479 4476
f 4660 4673 4517
f 4517 4673 4937
f 4661 4505 4658
f 4658 4505 4504
f 4484 4483 4489
f 4489 4483 4486
f 4462 4509 4463
f 4463 4509 4518
f 4469 4511 4466
f 4466 4511 4508
f 4655 4473 4656
f 4656 4473 4477
f 4476 4657 4477
f 4477 4657 4656
f 4479 4513 4476
f 4476 4513 4657
f 4489 4525 4484
f 4484 4525 4526
f 4483 4549 4486
f 4486 4549 4536
f 4549 4548 4536
f 4536 4548 4551
f 4548 4568 4551
f 4551 4568 4670
f 4663 4589 4845
f 4845 4589 4590
f 4668 4577 4938
f 4938 4577 4580
f 4940 4938 4939
f 4939 4938 4941
f 4940 4942 4669
f 4669 4942 4943
f 4587 4582 4944
f 4944 4582 4581
f 4848 4847 4608
f 4608 4847 4564
f 4616 4945 4613
f 4613 4945 4598
f 4615 4946 4616
f 4616 4946 4945
f 4947 4939 4948
f 4948 4939 4946
f 4599 4605 4600
f 4600 4605 4604
f 4608 4607 4848
f 4848 4607 4849
f 4613 4612 4616
f 4616 4612 4617
f 4835 4949 4709
f 4709 4949 4710
f 4357 1477 4837
f 4837 1477 1365
f 4712 4950 4803
f 4803 4950 4951
f 4401 4952 4402
f 4402 4952 4953
f 4759 4760 4402
f 4402 4760 4399
f 4508 4520 4509
f 4509 4520 4654
f 4510 4522 4511
f 4511 4522 4521
f 4513 4526 4657
f 4657 4526 4525
f 4632 4633 4514
f 4514 4633 4529
f 4931 4934 4453
f 4453 4934 4454
f 4153 4954 4154
f 4154 4954 4955
f 4957 4958 4956
f 4956 4958 4959
f 4961 4962 4960
f 4960 4962 4963
f 4120 4964 4210
f 4210 4964 4965
f 4967 4968 4966
f 4966 4968 4969
f 4349 4692 4815
f 4815 4692 4970
f 4652 4971 4653
f 4653 4971 4706
f 4758 4647 4972
f 4972 4647 4646
f 4973 4363 4646
f 4646 4363 4972
f 4950 4360 4974
f 4974 4360 4364
f 4431 4335 4746
f 4746 4335 4713
f 4358 4714 4325
f 4325 4714 4321
f 4765 4764 4266
f 4266 4764 4975
f 4202 4976 4203
f 4203 4976 4977
f 4917 4978 4918
f 4918 4978 4979
f 4279 4282 4854
f 4854 4282 4269
f 4820 4880 4817
f 4817 4880 4902
f 4890 4903 4980
f 4980 4903 4886
f 4982 4983 4981
f 4981 4983 4123
f 4795 4851 4796
f 4796 4851 4850
f 4918 4979 4874
f 4874 4979 4881
f 4809 4404 4810
f 4810 4404 4403
f 4354 4985 4984
f 4984 4985 4986
f 1364 1516 4838
f 4838 1516 4987
f 4759 4988 4367
f 4367 4988 4925
f 4989 4990 4481
f 4481 4990 4478
f 4443 4515 4990
f 4990 4515 4991
f 4527 4512 4992
f 4992 4512 4991
f 4528 4503 4992
f 4992 4503 4993
f 4993 4994 4485
f 4485 4994 4482
f 4544 4995 4502
f 4502 4995 4994
f 4995 4996 4550
f 4550 4996 4547
f 4998 4999 4997
f 4997 4999 4566
f 4998 5000 4578
f 4578 5000 4579
f 5001 5002 4596
f 4596 5002 4597
f 5003 4591 5004
f 5004 4591 4610
f 4626 4421 4627
f 4627 4421 4420
f 4837 4838 4627
f 4627 4838 4624
f 4761 4705 4830
f 4830 4705 5005
f 4705 4707 5005
f 5005 4707 5006
f 4308 4721 4075
f 4075 4721 4076
f 5007 4200 4797
f 4797 4200 4798
f 4685 4686 5008
f 5008 4686 5009
f 4889 4890 5010
f 5010 4890 4980
f 4323 1541 4324
f 4324 1541 1540
f 4385 4384 4358
f 4358 4384 4714
f 4396 4758 4840
f 4840 4758 4972
f 4866 4852 5011
f 5011 4852 5012
f 5013 4260 4980
f 4980 4260 5010
f 4875 4878 5014
f 5014 4878 5015
f 5017 5018 5016
f 5016 5018 5019
f 5016 5019 5020
f 5020 5019 5021
f 5023 5024 5022
f 5022 5024 5025
f 5027 5028 5026
f 5026 5028 5029
f 5031 5032 5030
f 5030 5032 5033
f 5035 5036 5034
f 5034 5036 5037
f 5039 5040 5038
f 5038 5040 5041
f 5043 5044 5042
f 5042 5044 5045
f 5038 5046 5039
f 5039 5046 5047
f 5049 5050 5048
f 5048 5050 5051
f 5053 5054 5052
f 5052 5054 5055
f 5057 5024 5056
f 5056 5024 5058
f 5060 5061 5059
f 5059 5061 5062
f 5064 5065 5063
f 5063 5065 5066
f 5043 5050 5064
f 5064 5050 5065
f 5038 5041 5067
f 5067 5041 5068
f 5070 5071 5069
f 5069 5071 5072
f 5074 5075 5073
f 5073 5075 5076
f 5034 5077 5035
f 5035 5077 5078
f 5080 5081 5079
f 5079 5081 5082
f 5084 5085 5083
f 5083 5085 5086
f 5085 5084 5087
f 5087 5084 5088
f 5090 5091 5089
f 5089 5091 5092
f 5094 5095 5093
f 5093 5095 5096
f 5098 5099 5097
f 5097 5099 5100
f 5102 5103 5101
f 5101 5103 5104
f 5105 5106 5108
f 5108 5106 5107
f 5110 5111 5109
f 5109 5111 5112
f 5114 5094 5113
f 5113 5094 5093
f 5116 5117 5115
f 5115 5117 5118
f 5120 5121 5119
f 5119 5121 5122
f 5124 5125 5123
f 5123 5125 5126
f 5128 5129 5127
f 5127 5129 5130
f 5097 5131 5098
f 5098 5131 5132
f 5134 5135 5133
f 5133 5135 5122
f 5084 5125 5088
f 5088 5125 5136
f 5138 5139 5137
f 5137 5139 5140
f 5142 5102 5141
f 5141 5102 5101
f 5106 5143 5107
f 5107 5143 5144
f 5146 5147 5145
f 5145 5147 5148
f 5149 5150 5109
f 5109 5150 5110
f 5151 5110 5152
f 5152 5110 5150
f 4715 5140 4716
f 4716 5140 5139
f 5143 4870 5144
f 5144 4870 4869
f 4115 5146 4116
f 4116 5146 5145
f 4791 4796 5149
f 5149 4796 5150
f 4796 4850 5150
f 5150 4850 5152
f 4858 5142 4859
f 4859 5142 5141
f 5153 5154 5115
f 5115 5154 5105
f 5156 5157 5155
f 5155 5157 5158
f 5159 5160 5053
f 5053 5160 5054
f 5161 5162 5020
f 5020 5162 5068
f 5026 5029 5163
f 5163 5029 5021
f 5083 5086 5164
f 5164 5086 5165
f 5090 5167 5166
f 5166 5167 5168
f 5169 5170 5172
f 5172 5170 5171
f 5174 5175 5173
f 5173 5175 5176
f 5177 5109 5178
f 5178 5109 5112
f 5179 5180 5182
f 5182 5180 5181
f 5123 5126 5120
f 5120 5126 5121
f 5180 5167 5181
f 5181 5167 5183
f 5184 5185 5179
f 5179 5185 5180
f 5186 5149 5177
f 5177 5149 5109
f 4868 5184 4865
f 4865 5184 5179
f 5188 5189 5187
f 5187 5189 5190
f 4277 4791 5186
f 5186 4791 5149
f 5179 5182 4865
f 4865 5182 4853
f 5189 4862 5190
f 5190 4862 4861
f 5156 5075 5191
f 5191 5075 5192
f 5036 5035 5193
f 5193 5035 5194
f 5115 5118 5153
f 5153 5118 5195
f 5022 5025 5196
f 5196 5025 5197
f 5155 5158 5069
f 5069 5158 5062
f 5063 5066 5198
f 5198 5066 5199
f 5073 5076 5200
f 5200 5076 5072
f 5202 5131 5201
f 5201 5131 5203
f 5143 5106 5204
f 5204 5106 5205
f 5114 5113 5206
f 5206 5113 5127
f 5098 5132 5193
f 5193 5132 5195
f 5204 5207 5143
f 5143 5207 4870
f 5088 5136 5208
f 5208 5136 5092
f 5209 5210 5089
f 5089 5210 5183
f 5211 5018 5060
f 5060 5018 5061
f 5017 5040 5070
f 5070 5040 5071
f 5191 5160 5156
f 5156 5160 5157
f 5048 5028 5049
f 5049 5028 5058
f 5207 5204 4858
f 4858 5204 5142
f 4859 5141 4715
f 4715 5141 5140
f 5212 5162 5042
f 5042 5162 5051
f 5182 5152 4853
f 4853 5152 4850
f 5214 5134 5213
f 5213 5134 5133
f 5164 5165 5133
f 5133 5165 5213
f 5215 5216 5201
f 5201 5216 5217
f 5147 5218 5148
f 5148 5218 5219
f 5147 5177 5218
f 5218 5177 5178
f 5141 5101 5140
f 5140 5101 5137
f 5201 5217 5202
f 5202 5217 5104
f 5146 5186 5147
f 5147 5186 5177
f 4277 5186 4115
f 4115 5186 5146
f 5191 5192 5031
f 5031 5192 5032
f 5052 5055 5220
f 5220 5055 5197
f 4116 5145 4869
f 4869 5145 5144
f 5034 5037 5214
f 5214 5037 5134
f 5097 5100 5114
f 5114 5100 5094
f 5108 5107 5219
f 5219 5107 5148
f 5221 5135 5116
f 5116 5135 5117
f 5124 5111 5209
f 5209 5111 5210
f 5107 5144 5148
f 5148 5144 5145
f 5152 5182 5151
f 5151 5182 5181
f 5208 5222 5088
f 5088 5222 5087
f 5222 5208 5171
f 5171 5208 5172
f 5223 1756 4698
f 4698 1756 1755
f 4427 5224 4107
f 4107 5224 4135
f 4178 4679 5225
f 5225 4679 5226
f 5227 5228 4892
f 4892 5228 4893
f 5229 5230 4171
f 4171 5230 4172
f 4855 4268 4884
f 4884 4268 4885
f 4884 4871 4855
f 4855 4871 4856
f 4684 5231 4896
f 4896 5231 4897
f 4768 4767 5009
f 5009 4767 5008
f 5205 5154 5102
f 5102 5154 5103
f 5099 5098 5194
f 5194 5098 5193
f 5198 5199 5079
f 5079 5199 5033
f 5102 5142 5205
f 5205 5142 5204
f 5224 4427 4681
f 4681 4427 4678
f 3712 3711 5232
f 5232 3711 5233
f 3968 3988 3963
f 3963 3988 3964
f 3976 4044 3972
f 3972 4044 3985
f 4038 4037 4036
f 4036 4037 4033
f 4794 4762 3731
f 3731 4762 3944
f 3731 3944 3722
f 3722 3944 3810
f 3874 5234 5232
f 5232 5234 3712
f 3906 3905 3867
f 3867 3905 4011
f 3904 4023 3905
f 3905 4023 4011
f 3719 3722 3811
f 3811 3722 3810
f 3812 3719 3687
f 3687 3719 3811
f 3716 3812 3686
f 3686 3812 3687
f 3713 3716 3685
f 3685 3716 3686
f 4810 4403 5235
f 5235 4403 4813
f 4345 1770 4814
f 4814 1770 1769
f 4067 4066 4058
f 4058 4066 5236
f 4043 4068 4049
f 4049 4068 4050
f 4034 5237 3989
f 3989 5237 3990
f 4031 4030 4072
f 4072 4030 4005
f 4003 4004 4002
f 4002 4004 4032
f 4004 4005 4032
f 4032 4005 4030
f 4067 4064 4068
f 4068 4064 4050
f 4058 4057 4067
f 4067 4057 4064
f 4035 4034 5238
f 5238 4034 3989
f 5236 5239 4058
f 4058 5239 5240
f 5234 3874 5241
f 5241 3874 3873
f 5241 3873 3881
f 3881 3873 3878
f 4800 4763 4788
f 4788 4763 4310
f 4763 4762 4310
f 4310 4762 4309
f 4762 4794 4309
f 4309 4794 4306
f 4794 4793 4306
f 4306 4793 4292
f 4293 4313 4302
f 4302 4313 4314
f 4302 4314 4303
f 4303 4314 4315
f 4303 4315 4703
f 4703 4315 4316
f 4035 4069 4043
f 4043 4069 4068
f 4324 1540 4357
f 4357 1540 1477
f 5232 3987 3874
f 3874 3987 3871
f 3987 5232 4013
f 4013 5232 5233
f 4013 5233 4014
f 4014 5233 5242
f 3888 4015 3865
f 3865 4015 4007
f 3866 4008 5243
f 5243 4008 4016
f 3873 5244 3878
f 3878 5244 3875
f 3965 5244 3872
f 3872 5244 3873
f 3876 3875 3965
f 3965 3875 5244
f 5243 4016 5242
f 5242 4016 4014
f 5246 5247 5245
f 5245 5247 5248
f 3576 3950 3577
f 3577 3950 3926
f 3584 3842 3585
f 3585 3842 3580
f 5249 5247 1784
f 1784 5247 1785
f 5250 5251 5253
f 5253 5251 5252
f 5255 5252 5254
f 5254 5252 5256
f 5254 5256 5258
f 5258 5256 5257
f 5258 5257 5260
f 5260 5257 5259
f 4356 5261 4424
f 4424 5261 5259
f 4355 5262 4356
f 4356 5262 5261
f 4924 5264 5263
f 5263 5264 5265
f 4693 5266 4691
f 4691 5266 5267
f 4351 5268 4352
f 4352 5268 5269
f 1808 1807 4351
f 4351 1807 5268
f 3580 3842 3581
f 3799 3802 3838
f 4800 4788 4801
f 4801 4788 4789
f 3729 3935 4801
f 4801 3935 4800
f 3728 3666 3729
f 3729 3666 3935
f 3728 3798 3666
f 3666 3798 3663
f 3798 3818 3663
f 3663 3818 3809
f 3818 3817 3809
f 3809 3817 3808
f 3796 3655 3817
f 3817 3655 3808
f 3615 3568 3796
f 3796 3568 3655
f 3573 3569 3615
f 3615 3569 3568
f 3572 3613 3573
f 3573 3613 3569
f 3792 3606 3572
f 3572 3606 3613
f 3607 3791 3949
f 3949 3791 3591
f 3590 3950 3591
f 3591 3950 3949
f 3805 3926 3590
f 3590 3926 3950
f 3804 3559 3805
f 3805 3559 3926
f 3804 3914 3559
f 3559 3914 3560
f 3924 3789 3913
f 3913 3789 3788
f 3924 3928 3789
f 3789 3928 3826
f 3928 3927 3826
f 3826 3927 3827
f 3927 3834 3827
f 3827 3834 3835
f 4079 4078 5270
f 5270 4078 5007
f 5271 5272 4233
f 4233 5272 5273
f 5275 5276 5274
f 5274 5276 5277
f 5278 5279 4236
f 4236 5279 4237
f 5278 5280 5271
f 5271 5280 5272
f 4235 5281 4236
f 4236 5281 5282
f 5284 5285 5283
f 5283 5285 5286
f 5288 5289 5287
f 5287 5289 5290
f 5292 5293 5291
f 5291 5293 5294
f 5287 5290 4726
f 4726 5290 5295
f 4293 4292 4313
f 4313 4292 4793
f 4720 4736 4719
f 4719 4736 5296
f 5297 4909 5298
f 5298 4909 4908
f 5299 5300 4976
f 4976 5300 5301
f 5302 4202 5303
f 5303 4202 4201
f 5304 5305 4983
f 4983 5305 5306
f 5308 5309 5307
f 5307 5309 5310
f 4722 4725 5283
f 5283 4725 5311
f 5291 5294 4125
f 4125 5294 4126
f 5313 5314 5312
f 5312 5314 5315
f 5316 5317 5319
f 5319 5317 5318
f 5321 5308 5320
f 5320 5308 5307
f 4819 4981 4873
f 4873 4981 5322
f 4981 4123 5322
f 5322 4123 4126
f 5324 5325 5323
f 5323 5325 5326
f 4764 5327 4975
f 4975 5327 5328
f 4172 5327 4169
f 4169 5327 5329
f 4768 4171 4769
f 4769 4171 4170
f 4243 4755 4244
f 4244 4755 5330
f 4755 4205 5330
f 5330 4205 4208
f 4206 4906 4207
f 4207 4906 4905
f 4686 5014 5009
f 5009 5014 5229
f 4756 4770 4170
f 4170 4770 4769
f 4170 4169 4756
f 4756 4169 4757
f 4273 5329 4764
f 4764 5329 5327
f 4276 5331 4273
f 4273 5331 5329
f 4770 4756 4243
f 4243 4756 4755
f 5333 4889 5332
f 5332 4889 5010
f 4877 5332 4878
f 4878 5332 4259
f 4875 4164 4876
f 4876 4164 4163
f 5334 5335 5324
f 5324 5335 5325
f 4983 5306 4123
f 4123 5306 4124
f 4818 4982 4819
f 4819 4982 4981
f 5332 5010 4259
f 4259 5010 4260
f 5014 4686 4875
f 4875 4686 4164
f 4171 4768 5229
f 5229 4768 5009
f 5337 4916 5336
f 5336 4916 4919
f 5293 5337 5294
f 5294 5337 5336
f 4982 4818 5333
f 5333 4818 4889
f 5338 5339 4262
f 4262 5339 5340
f 5307 5310 5338
f 5338 5310 5339
f 5341 5342 4204
f 4204 5342 5309
f 5336 4919 5322
f 5322 4919 4873
f 5294 5336 4126
f 4126 5336 5322
f 5323 5326 5343
f 5343 5326 5286
f 4914 5344 4915
f 4915 5344 5345
f 5312 5315 5344
f 5344 5315 5345
f 5347 5348 5346
f 5346 5348 5349
f 5350 5351 4832
f 4832 5351 4833
f 5352 5353 5349
f 5349 5353 5346
f 5354 5338 4265
f 4265 5338 4262
f 5320 5307 5354
f 5354 5307 5338
f 4201 5308 5303
f 5303 5308 5321
f 5356 5357 5355
f 5355 5357 4799
f 5358 5359 5334
f 5334 5359 5335
f 5358 5360 4093
f 4093 5360 4163
f 5360 5305 4163
f 4163 5305 4876
f 5305 5304 4876
f 4876 5304 4877
f 5270 4778 4079
f 4079 4778 4081
f 4779 5361 4774
f 4774 5361 5357
f 5356 5359 4775
f 4775 5359 4092
f 5333 5304 4982
f 4982 5304 4983
f 5332 4877 5333
f 5333 4877 5304
f 5015 4258 5230
f 5230 4258 5328
f 5327 4172 5328
f 5328 4172 5230
f 4169 5329 4757
f 4757 5329 5331
f 4757 5331 4205
f 4205 5331 4206
f 5331 4276 4206
f 4206 4276 4906
f 4276 4275 4906
f 4906 4275 4907
f 4275 4888 4907
f 4907 4888 4744
f 4887 4717 4745
f 4745 4717 4864
f 4716 5139 4861
f 4861 5139 5190
f 5139 5138 5190
f 5190 5138 5187
f 5138 5216 5187
f 5187 5216 5176
f 5215 5362 5173
f 5173 5362 5130
f 5364 5365 5363
f 5363 5365 5340
f 4742 4863 5366
f 5366 4863 4867
f 4862 5189 4868
f 4868 5189 5184
f 5189 5188 5184
f 5184 5188 5185
f 5188 5175 5185
f 5185 5175 5168
f 3560 3788 3561
f 3561 3788 3790
f 3596 3595 3608
f 3608 3595 3594
f 3598 3582 3595
f 3595 3582 3592
f 3600 3609 3601
f 3601 3609 3611
f 3602 3601 3612
f 3612 3601 3611
f 3606 3605 3613
f 3613 3605 3614
f 3793 5367 3794
f 3794 5367 5368
f 3598 3597 3600
f 3600 3597 3609
f 3793 3792 3575
f 3575 3792 3572
f 3561 3594 3558
f 3558 3594 3593
f 3807 3915 3804
f 3804 3915 3914
f 3916 3915 5370
f 5370 3915 5369
f 3602 3605 3603
f 3603 3605 3604
f 3606 3792 3607
f 3607 3792 3791
f 3914 3913 3560
f 3560 3913 3788
f 5174 5129 5166
f 5166 5129 5371
f 5170 5169 5093
f 5093 5169 5113
f 5166 5371 5090
f 5090 5371 5091
f 5128 5169 5372
f 5372 5169 5172
f 5127 5113 5128
f 5128 5113 5169
f 5114 5206 5203
f 5203 5206 5362
f 5200 5373 5073
f 5073 5373 5096
f 5374 5375 5200
f 5200 5375 5373
f 5039 5047 5374
f 5374 5047 5375
f 5087 5046 5085
f 5085 5046 5376
f 5212 5377 5067
f 5067 5377 5376
f 5042 5045 5212
f 5212 5045 5377
f 5064 5378 5043
f 5043 5378 5044
f 5063 5077 5064
f 5064 5077 5378
f 5079 5082 5198
f 5198 5082 5078
f 5099 5081 5100
f 5100 5081 5379
f 5100 5379 5094
f 5094 5379 5095
f 5381 5382 5380
f 5380 5382 5383
f 5385 5386 5384
f 5384 5386 5383
f 5385 5387 5386
f 5386 5387 5388
f 5390 5391 5389
f 5389 5391 5392
f 5393 5394 5396
f 5396 5394 5395
f 5398 5399 5397
f 5397 5399 5400
f 5402 5403 5401
f 5401 5403 5404
f 5406 5407 5405
f 5405 5407 5404
f 5408 5409 5163
f 5163 5409 5410
f 5411 5412 5414
f 5414 5412 5413
f 5057 5416 5415
f 5415 5416 5417
f 5393 5416 5418
f 5418 5416 5419
f 5396 5395 5420
f 5420 5395 5421
f 5423 5424 5422
f 5422 5424 5425
f 5415 5417 5220
f 5220 5417 5426
f 5418 5391 5393
f 5393 5391 5394
f 5414 5388 5411
f 5411 5388 5392
f 5059 5427 5060
f 5060 5427 5428
f 5423 5427 5429
f 5429 5427 5430
f 5432 5382 5431
f 5431 5382 5425
f 5429 5407 5423
f 5423 5407 5424
f 5380 5409 5381
f 5381 5409 5433
f 5381 5433 5422
f 5422 5433 5428
f 5027 5412 5056
f 5056 5412 5419
f 5435 5436 5434
f 5434 5436 5437
f 5159 5439 5438
f 5438 5439 5440
f 5053 5436 5159
f 5159 5436 5439
f 5441 5403 5398
f 5398 5403 5399
f 5163 5410 5026
f 5026 5410 5413
f 5438 5440 5442
f 5442 5440 5430
f 5444 5445 5443
f 5443 5445 5446
f 5447 5448 5450
f 5450 5448 5449
f 5451 5446 5452
f 5452 5446 5445
f 5454 5455 5453
f 5453 5455 5451
f 5456 5454 5458
f 5458 5454 5457
f 5460 5461 5459
f 5459 5461 5462
f 5464 5465 5463
f 5463 5465 5466
f 5468 5469 5467
f 5467 5469 5470
f 5472 5473 5471
f 5471 5473 5474
f 5475 5476 5478
f 5478 5476 5477
f 5479 5480 5482
f 5482 5480 5481
f 5483 5484 5448
f 5448 5484 5485
f 5448 5485 5449
f 5449 5485 5486
f 5487 5476 5488
f 5488 5476 5475
f 5490 5491 5489
f 5489 5491 5492
f 5494 5495 5493
f 5493 5495 5496
f 5498 5494 5497
f 5497 5494 5493
f 5500 5501 5499
f 5499 5501 5502
f 5503 5504 5446
f 5446 5504 5443
f 5506 5507 5505
f 5505 5507 5508
f 5510 5511 5509
f 5509 5511 5512
f 5514 5515 5513
f 5513 5515 5516
f 5518 5519 5517
f 5517 5519 5520
f 5495 5521 5496
f 5496 5521 5522
f 5524 5525 5523
f 5523 5525 5526
f 5527 5528 5494
f 5494 5528 5495
f 5499 5502 5529
f 5529 5502 5530
f 5531 5532 5485
f 5485 5532 5486
f 5485 5484 5531
f 5531 5484 5533
f 5482 5481 5534
f 5534 5481 5535
f 5536 5512 5506
f 5506 5512 5511
f 5455 5503 5451
f 5451 5503 5446
f 5467 5470 5511
f 5511 5470 5537
f 5538 5467 5510
f 5510 5467 5511
f 5540 5541 5539
f 5539 5541 5542
f 5543 5544 5546
f 5546 5544 5545
f 5548 5472 5547
f 5547 5472 5471
f 5493 5496 5549
f 5549 5496 5550
f 5496 5522 5550
f 5550 5522 5551
f 5553 5554 5552
f 5552 5554 5555
f 5557 5447 5556
f 5556 5447 5558
f 5557 5483 5447
f 5447 5483 5448
f 5478 5477 5553
f 5553 5477 5559
f 5477 5560 5559
f 5559 5560 5561
f 5476 5562 5477
f 5477 5562 5560
f 5476 5487 5562
f 5562 5487 5563
f 5560 5564 5561
f 5561 5564 5565
f 5564 5560 5566
f 5566 5560 5562
f 5563 5567 5562
f 5562 5567 5566
f 5569 5521 5568
f 5568 5521 5570
f 5481 5572 5571
f 5571 5572 5573
f 5574 5535 5571
f 5571 5535 5481
f 5576 5577 5575
f 5575 5577 5578
f 5579 5580 5456
f 5456 5580 5581
f 5475 5582 5488
f 5488 5582 5583
f 5584 5536 5505
f 5505 5536 5506
f 5585 5586 5588
f 5588 5586 5587
f 5590 5591 5589
f 5589 5591 5592
f 5519 5593 5520
f 5520 5593 5594
f 5595 5596 5462
f 5462 5596 5597
f 5599 5600 5598
f 5598 5600 5514
f 5602 5603 5601
f 5601 5603 5604
f 5524 5543 5525
f 5525 5543 5546
f 5543 5524 5606
f 5606 5524 5605
f 5607 5608 5500
f 5500 5608 5501
f 5610 5551 5609
f 5609 5551 5522
f 5611 5510 5598
f 5598 5510 5509
f 5612 5597 5457
f 5457 5597 5458
f 5510 5611 5538
f 5538 5611 5613
f 5580 5508 5581
f 5581 5508 5507
f 5615 5616 5614
f 5614 5616 5617
f 5619 5620 5618
f 5618 5620 5621
f 5623 5624 5622
f 5622 5624 5625
f 5627 5624 5626
f 5626 5624 5623
f 5629 5630 5628
f 5628 5630 5631
f 5633 5634 5632
f 5632 5634 5466
f 5635 5636 5463
f 5463 5636 5637
f 5523 5638 5524
f 5524 5638 5605
f 5639 5640 5641
f 5641 5640 5595
f 5611 5513 5613
f 5613 5513 5642
f 5643 5586 5608
f 5608 5586 5501
f 5622 5625 5590
f 5590 5625 5591
f 5598 5514 5611
f 5611 5514 5513
f 5645 5646 5644
f 5644 5646 5647
f 5620 5619 5491
f 5491 5619 5648
f 5649 5643 5492
f 5492 5643 5608
f 5650 5651 5653
f 5653 5651 5652
f 5463 5466 5635
f 5635 5466 5634
f 5597 5612 5462
f 5462 5612 5459
f 5635 5634 5523
f 5523 5634 5638
f 5654 5638 5633
f 5633 5638 5634
f 5655 5656 5525
f 5525 5656 5526
f 5658 5659 5657
f 5657 5659 5527
f 5660 5464 5637
f 5637 5464 5463
f 5632 5466 5661
f 5661 5466 5465
f 5661 5662 5632
f 5632 5662 5658
f 5662 5663 5658
f 5658 5663 5659
f 5665 5659 5664
f 5664 5659 5663
f 5632 5658 5633
f 5633 5658 5657
f 5666 5629 5530
f 5530 5629 5667
f 5528 5527 5665
f 5665 5527 5659
f 5668 5669 5570
f 5570 5669 5568
f 5669 5668 5670
f 5670 5668 5671
f 5646 5672 5673
f 5672 5674 5673
f 5673 5674 5675
f 5674 5460 5675
f 5675 5460 5459
f 5461 5676 5462
f 5462 5676 5595
f 5677 5678 5680
f 5680 5678 5679
f 5628 5681 5629
f 5629 5681 5667
f 5682 5529 5667
f 5667 5529 5530
f 5675 5459 5683
f 5683 5459 5612
f 5585 5666 5502
f 5502 5666 5530
f 5589 5684 5602
f 5602 5684 5603
f 5646 5645 5663
f 5663 5645 5664
f 5685 5647 5673
f 5673 5647 5646
f 5686 5687 5683
f 5683 5687 5685
f 5688 5689 5533
f 5533 5689 5531
f 5690 5691 5535
f 5535 5691 5534
f 5692 5690 5574
f 5574 5690 5535
f 5685 5687 5689
f 5689 5687 5693
f 5489 5694 5490
f 5490 5694 5695
f 5690 5692 5696
f 5696 5692 5697
f 5696 5644 5690
f 5690 5644 5691
f 5447 5450 5558
f 5558 5450 5698
f 5699 5700 5642
f 5642 5700 5613
f 5701 5702 5540
f 5540 5702 5541
f 5431 5703 5432
f 5432 5703 5697
f 5385 5384 5574
f 5574 5384 5692
f 5389 5387 5573
f 5573 5387 5571
f 5565 5390 5573
f 5573 5390 5389
f 5390 5565 5704
f 5704 5565 5564
f 5566 5705 5564
f 5564 5705 5704
f 5569 5441 5609
f 5609 5441 5398
f 5568 5405 5569
f 5569 5405 5441
f 5670 5706 5669
f 5669 5706 5406
f 5703 5431 5670
f 5670 5431 5706
f 5432 5697 5384
f 5384 5697 5692
f 5574 5571 5385
f 5385 5571 5387
f 5607 5707 5489
f 5489 5707 5694
f 5518 5708 5519
f 5519 5708 5709
f 5711 5576 5710
f 5710 5576 5575
f 5713 5714 5712
f 5712 5714 5715
f 5553 5552 5478
f 5478 5552 5716
f 5717 5475 5716
f 5716 5475 5478
f 5718 5719 5605
f 5605 5719 5606
f 5505 5622 5584
f 5584 5622 5590
f 5508 5623 5505
f 5505 5623 5622
f 5626 5623 5580
f 5580 5623 5508
f 5580 5579 5626
f 5626 5579 5720
f 5579 5721 5720
f 5720 5721 5722
f 5666 5585 5723
f 5723 5585 5588
f 5724 5725 5639
f 5639 5725 5640
f 5554 5726 5555
f 5555 5726 5727
f 5453 5728 5729
f 5689 5688 5685
f 5685 5688 5647
f 5604 5730 5512
f 5512 5730 5509
f 5628 5631 5618
f 5618 5631 5592
f 5601 5604 5536
f 5536 5604 5512
f 5732 5676 5731
f 5731 5676 5660
f 5730 5604 5733
f 5733 5604 5603
f 5563 5487 5551
f 5551 5487 5550
f 5489 5492 5607
f 5607 5492 5608
f 5573 5572 5565
f 5565 5572 5561
f 5609 5522 5569
f 5569 5522 5521
f 5499 5734 5500
f 5500 5734 5735
f 5596 5736 5721
f 5721 5736 5722
f 5737 5600 5594
f 5594 5600 5520
f 5599 5730 5517
f 5517 5730 5733
f 5660 5738 5731
f 5731 5738 5739
f 5648 5649 5491
f 5491 5649 5492
f 5501 5586 5502
f 5502 5586 5585
f 5525 5546 5655
f 5655 5546 5740
f 5600 5599 5520
f 5520 5599 5517
f 5708 5739 5709
f 5709 5739 5738
f 5636 5635 5526
f 5526 5635 5523
f 5670 5671 5703
f 5703 5671 5741
f 5490 5695 5742
f 5742 5695 5743
f 5682 5678 5744
f 5744 5678 5677
f 5678 5681 5679
f 5679 5681 5621
f 5742 5743 5679
f 5679 5743 5680
f 5618 5621 5628
f 5628 5621 5681
f 5725 5724 5589
f 5589 5724 5684
f 5456 5458 5579
f 5579 5458 5721
f 5675 5683 5673
f 5673 5683 5685
f 5529 5682 5745
f 5745 5682 5744
f 5721 5458 5596
f 5596 5458 5597
f 5701 5540 5719
f 5719 5540 5606
f 5703 5741 5697
f 5697 5741 5696
f 5500 5735 5607
f 5607 5735 5707
f 5549 5746 5493
f 5493 5746 5497
f 5700 5747 5613
f 5613 5747 5538
f 5420 5421 5434
f 5434 5421 5400
f 5689 5693 5531
f 5531 5693 5532
f 5705 5566 5748
f 5748 5566 5567
f 5609 5398 5610
f 5610 5398 5397
f 5669 5406 5568
f 5568 5406 5405
f 5488 5583 5549
f 5549 5583 5746
f 5714 5713 5710
f 5710 5713 5711
f 5747 5468 5538
f 5538 5468 5467
f 5548 5547 5749
f 5749 5547 5750
f 5733 5603 5751
f 5751 5603 5684
f 5589 5602 5590
f 5590 5602 5584
f 5636 5752 5614
f 5614 5752 5615
f 5753 5754 5738
f 5738 5754 5755
f 5602 5601 5584
f 5584 5601 5536
f 5723 5736 5630
f 5630 5736 5640
f 5595 5640 5596
f 5596 5640 5736
f 5734 5499 5745
f 5745 5499 5529
f 5627 5587 5643
f 5643 5587 5586
f 5553 5559 5554
f 5554 5559 5480
f 5559 5561 5480
f 5480 5561 5572
f 5554 5480 5726
f 5726 5480 5479
f 5749 5750 5715
f 5715 5750 5712
f 5683 5612 5686
f 5686 5612 5457
f 5678 5682 5681
f 5681 5682 5667
f 5598 5509 5599
f 5599 5509 5730
f 5679 5621 5742
f 5742 5621 5620
f 5652 5616 5653
f 5653 5616 5615
f 5220 5426 5052
f 5052 5426 5437
f 5487 5488 5550
f 5550 5488 5549
f 5742 5620 5490
f 5490 5620 5491
f 5551 5610 5563
f 5563 5610 5567
f 5610 5397 5567
f 5567 5397 5748
f 5614 5617 5753
f 5753 5617 5754
f 5480 5572 5481
f 5755 5756 5738
f 5738 5756 5709
f 5745 5744 5758
f 5758 5744 5757
f 5745 5758 5734
f 5734 5758 5759
f 5735 5734 5760
f 5760 5734 5759
f 5707 5735 5761
f 5761 5735 5760
f 5744 5677 5757
f 5757 5677 5762
f 5677 5680 5762
f 5762 5680 5763
f 5763 5680 5764
f 5764 5680 5743
f 5765 5766 5762
f 5762 5766 5757
f 5768 5769 5767
f 5767 5769 5770
f 5771 5772 5770
f 5770 5772 5767
f 5770 5769 5774
f 5774 5769 5773
f 5775 5776 5774
f 5774 5776 5777
f 5773 5778 5774
f 5774 5778 5775
f 5779 5766 5773
f 5773 5766 5778
f 5777 5771 5774
f 5774 5771 5770
f 5780 5781 5783
f 5783 5781 5782
f 5781 5780 5771
f 5771 5780 5772
f 5773 5769 5779
f 5779 5769 5768
f 5768 5759 5779
f 5779 5759 5758
f 5768 5784 5759
f 5759 5784 5760
f 5767 5785 5768
f 5768 5785 5784
f 5785 5767 5786
f 5786 5767 5772
f 5766 5779 5757
f 5757 5779 5758
f 5780 5787 5772
f 5772 5787 5786
f 5785 5786 5788
f 5788 5786 5789
f 5786 5787 5789
f 5789 5787 5790
f 5788 5789 5791
f 5791 5789 5792
f 5791 5793 5788
f 5788 5793 5794
f 5795 5792 5790
f 5790 5792 5789
f 5785 5788 5784
f 5784 5788 5794
f 5784 5794 5760
f 5760 5794 5761
f 5787 5780 5796
f 5796 5780 5783
f 5775 5778 5797
f 5797 5778 5766
f 5797 5798 5775
f 5775 5798 5776
f 5766 5765 5797
f 5797 5765 5799
f 5798 5797 5800
f 5800 5797 5799
f 5798 5801 5776
f 5776 5801 5802
f 5707 5761 5694
f 5694 5761 5803
f 5695 5804 5743
f 5743 5804 5764
f 5804 5695 5803
f 5803 5695 5694
f 5803 5793 5804
f 5804 5793 5805
f 5793 5791 5805
f 5805 5791 5806
f 5804 5805 5764
f 5764 5805 5807
f 5803 5761 5793
f 5793 5761 5794
f 5808 5763 5807
f 5807 5763 5764
f 5808 5765 5763
f 5763 5765 5762
f 5809 5799 5808
f 5808 5799 5765
f 5809 5808 5810
f 5810 5808 5807
f 5811 5809 5812
f 5812 5809 5810
f 5805 5806 5807
f 5807 5806 5810
f 5806 5813 5810
f 5810 5813 5812
f 5799 5809 5800
f 5800 5809 5811
f 5815 5800 5814
f 5814 5800 5811
f 5814 5817 5816
f 5816 5817 5818
f 5814 5811 5817
f 5817 5811 5812
f 5814 5816 5815
f 5815 5816 5796
f 5815 5796 5801
f 5801 5796 5783
f 5801 5798 5815
f 5815 5798 5800
f 5791 5792 5806
f 5806 5792 5813
f 5818 5813 5795
f 5795 5813 5792
f 5818 5817 5813
f 5813 5817 5812
f 5816 5818 5790
f 5790 5818 5795
f 5790 5787 5816
f 5816 5787 5796
f 5771 5777 5781
f 5781 5777 5782
f 5782 5802 5783
f 5783 5802 5801
f 5782 5777 5802
f 5802 5777 5776
f 5588 5587 5722
f 5722 5587 5720
f 5591 5619 5592
f 5592 5619 5618
f 5625 5624 5648
f 5648 5624 5649
f 5624 5627 5649
f 5649 5627 5643
f 5631 5630 5725
f 5725 5630 5640
f 5625 5648 5591
f 5591 5648 5619
f 5588 5722 5723
f 5723 5722 5736
f 5631 5725 5592
f 5592 5725 5589
f 5723 5630 5666
f 5666 5630 5629
f 5587 5627 5720
f 5720 5627 5626
f 5820 5821 5819
f 5819 5821 5822
f 5824 5825 5823
f 5823 5825 5826
f 5823 5826 5827
f 5827 5826 5828
f 5829 5830 5832
f 5832 5830 5831
f 5518 5833 5708
f 5708 5833 5834
f 5835 5836 5824
f 5824 5836 5825
f 5838 5839 5837
f 5837 5839 5840
f 5751 5684 5842
f 5842 5684 5841
f 5843 5841 5724
f 5724 5841 5684
f 5845 5846 5844
f 5844 5846 5847
f 5848 5830 5836
f 5836 5830 5825
f 5518 5751 5833
f 5833 5751 5842
f 5839 5838 5821
f 5821 5838 5849
f 5850 5848 5822
f 5822 5848 5836
f 5851 5845 5828
f 5828 5845 5852
f 5854 5855 5853
f 5853 5855 5856
f 5845 5844 5852
f 5852 5844 5857
f 5858 5827 5852
f 5852 5827 5828
f 5851 5828 5829
f 5829 5828 5826
f 5819 5859 5820
f 5820 5859 5860
f 5835 5861 5819
f 5819 5861 5859
f 5851 5829 5862
f 5862 5829 5832
f 5844 5847 5837
f 5837 5847 5834
f 5819 5822 5835
f 5835 5822 5836
f 5823 5863 5824
f 5824 5863 5864
f 5849 5850 5821
f 5821 5850 5822
f 5825 5830 5826
f 5826 5830 5829
f 5820 5860 5865
f 5865 5860 5866
f 5858 5854 5867
f 5867 5854 5853
f 5854 5857 5855
f 5855 5857 5840
f 5855 5865 5856
f 5856 5865 5866
f 5837 5840 5844
f 5844 5840 5857
f 5827 5858 5868
f 5868 5858 5867
f 5824 5864 5835
f 5835 5864 5861
f 5732 5731 5862
f 5862 5731 5846
f 5863 5823 5868
f 5868 5823 5827
f 5843 5831 5848
f 5848 5831 5830
f 5854 5858 5857
f 5857 5858 5852
f 5855 5840 5865
f 5865 5840 5839
f 5865 5839 5820
f 5820 5839 5821
f 5868 5867 5870
f 5870 5867 5869
f 5868 5870 5863
f 5863 5870 5871
f 5863 5871 5864
f 5864 5871 5872
f 5864 5872 5861
f 5861 5872 5873
f 5867 5853 5869
f 5869 5853 5874
f 5853 5856 5874
f 5874 5856 5875
f 5856 5866 5875
f 5875 5866 5876
f 5877 5878 5874
f 5874 5878 5869
f 5880 5881 5879
f 5879 5881 5882
f 5883 5884 5880
f 5880 5884 5881
f 5881 5884 5886
f 5886 5884 5885
f 5887 5888 5886
f 5886 5888 5889
f 5885 5890 5886
f 5886 5890 5887
f 5889 5882 5886
f 5886 5882 5881
f 5882 5891 5879
f 5879 5891 5892
f 5885 5884 5893
f 5893 5884 5883
f 5883 5871 5893
f 5893 5871 5870
f 5883 5894 5871
f 5871 5894 5872
f 5880 5895 5883
f 5883 5895 5894
f 5896 5895 5879
f 5879 5895 5880
f 5893 5878 5885
f 5885 5878 5890
f 5878 5893 5869
f 5869 5893 5870
f 5897 5896 5892
f 5892 5896 5879
f 5895 5896 5898
f 5898 5896 5899
f 5896 5897 5899
f 5899 5897 5900
f 5898 5899 5901
f 5901 5899 5902
f 5901 5903 5898
f 5898 5903 5904
f 5900 5905 5899
f 5899 5905 5902
f 5898 5904 5895
f 5895 5904 5894
f 5894 5904 5872
f 5872 5904 5873
f 5897 5892 5907
f 5907 5892 5906
f 5892 5891 5906
f 5906 5891 5908
f 5887 5890 5909
f 5909 5890 5878
f 5888 5887 5910
f 5910 5887 5909
f 5878 5877 5909
f 5909 5877 5911
f 5909 5911 5910
f 5910 5911 5912
f 5913 5914 5910
f 5910 5914 5888
f 5908 5914 5906
f 5906 5914 5913
f 5861 5873 5859
f 5859 5873 5915
f 5860 5916 5866
f 5866 5916 5876
f 5916 5860 5915
f 5915 5860 5859
f 5915 5903 5916
f 5916 5903 5917
f 5903 5901 5917
f 5917 5901 5918
f 5916 5917 5876
f 5876 5917 5919
f 5903 5915 5904
f 5904 5915 5873
f 5920 5875 5919
f 5919 5875 5876
f 5920 5877 5875
f 5875 5877 5874
f 5920 5921 5877
f 5877 5921 5911
f 5921 5920 5922
f 5922 5920 5919
f 5923 5921 5924
f 5924 5921 5922
f 5917 5918 5919
f 5919 5918 5922
f 5918 5925 5922
f 5922 5925 5924
f 5921 5923 5911
f 5911 5923 5912
f 5927 5912 5926
f 5926 5912 5923
f 5926 5929 5928
f 5928 5929 5930
f 5926 5923 5929
f 5929 5923 5924
f 5926 5928 5927
f 5927 5928 5907
f 5927 5907 5913
f 5913 5907 5906
f 5913 5910 5927
f 5927 5910 5912
f 5901 5902 5918
f 5918 5902 5925
f 5930 5925 5905
f 5905 5925 5902
f 5930 5929 5925
f 5925 5929 5924
f 5928 5930 5900
f 5900 5930 5905
f 5900 5897 5928
f 5928 5897 5907
f 5882 5889 5891
f 5891 5889 5908
f 5908 5889 5914
f 5914 5889 5888
f 5832 5831 5641
f 5641 5831 5639
f 5833 5838 5834
f 5834 5838 5837
f 5842 5841 5849
f 5849 5841 5850
f 5841 5843 5850
f 5850 5843 5848
f 5847 5846 5739
f 5739 5846 5731
f 5842 5849 5833
f 5833 5849 5838
f 5862 5832 5732
f 5732 5832 5641
f 5847 5739 5834
f 5834 5739 5708
f 5862 5846 5851
f 5851 5846 5845
f 5831 5843 5639
f 5639 5843 5724
f 5676 5732 5595
f 5595 5732 5641
f 5676 5461 5660
f 5660 5461 5464
f 5461 5460 5464
f 5464 5460 5465
f 5460 5674 5465
f 5465 5674 5661
f 5931 5932 5934
f 5934 5932 5933
f 5936 5937 5935
f 5935 5937 5938
f 5935 5938 5939
f 5939 5938 5940
f 5942 5943 5941
f 5941 5943 5944
f 5945 5946 5936
f 5936 5946 5937
f 5948 5949 5947
f 5947 5949 5950
f 5951 5952 5519
f 5519 5952 5593
f 5953 5951 5709
f 5709 5951 5519
f 5955 5956 5954
f 5954 5956 5957
f 5958 5942 5946
f 5946 5942 5937
f 5948 5959 5949
f 5949 5959 5933
f 5960 5958 5934
f 5934 5958 5946
f 5961 5955 5940
f 5940 5955 5962
f 5963 5964 5966
f 5966 5964 5965
f 5955 5954 5962
f 5962 5954 5967
f 5968 5939 5962
f 5962 5939 5940
f 5961 5940 5941
f 5941 5940 5938
f 5931 5969 5932
f 5932 5969 5970
f 5945 5971 5931
f 5931 5971 5969
f 5941 5944 5961
f 5961 5944 5972
f 5954 5957 5947
f 5947 5957 5973
f 5945 5931 5946
f 5946 5931 5934
f 5935 5974 5936
f 5936 5974 5975
f 5959 5960 5933
f 5933 5960 5934
f 5937 5942 5938
f 5938 5942 5941
f 5932 5970 5976
f 5976 5970 5977
f 5968 5964 5978
f 5978 5964 5963
f 5965 5964 5950
f 5950 5964 5967
f 5976 5977 5965
f 5965 5977 5966
f 5947 5950 5954
f 5954 5950 5967
f 5939 5968 5979
f 5979 5968 5978
f 5936 5975 5945
f 5945 5975 5971
f 5972 5754 5956
f 5956 5754 5617
f 5974 5935 5979
f 5979 5935 5939
f 5953 5943 5958
f 5958 5943 5942
f 5964 5968 5967
f 5967 5968 5962
f 5965 5950 5976
f 5976 5950 5949
f 5976 5949 5932
f 5932 5949 5933
f 5979 5978 5981
f 5981 5978 5980
f 5979 5981 5974
f 5974 5981 5982
f 5974 5982 5975
f 5975 5982 5983
f 5975 5983 5971
f 5971 5983 5984
f 5978 5963 5980
f 5980 5963 5985
f 5963 5966 5985
f 5985 5966 5986
f 5986 5966 5987
f 5987 5966 5977
f 5988 5989 5985
f 5985 5989 5980
f 5991 5992 5990
f 5990 5992 5993
f 5994 5995 5991
f 5991 5995 5992
f 5992 5995 5997
f 5997 5995 5996
f 5998 5999 5997
f 5997 5999 6000
f 5996 6001 5997
f 5997 6001 5998
f 6000 5993 5997
f 5997 5993 5992
f 6002 6003 5993
f 5993 6003 5990
f 5995 5994 5996
f 5996 5994 6004
f 5994 5982 6004
f 6004 5982 5981
f 5994 6005 5982
f 5982 6005 5983
f 5991 6006 5994
f 5994 6006 6005
f 6006 5991 6007
f 6007 5991 5990
f 5996 6004 6001
f 6001 6004 5989
f 5989 6004 5980
f 5980 6004 5981
f 6003 6008 5990
f 5990 6008 6007
f 6009 6006 6010
f 6010 6006 6007
f 6008 6011 6007
f 6007 6011 6010
f 6012 6009 6013
f 6013 6009 6010
f 6009 6012 6015
f 6015 6012 6014
f 6011 6016 6010
f 6010 6016 6013
f 6006 6009 6005
f 6005 6009 6015
f 6005 6015 5983
f 5983 6015 5984
f 6008 6003 6018
f 6018 6003 6017
f 6003 6002 6017
f 6017 6002 6019
f 5998 6001 6020
f 6020 6001 5989
f 5999 5998 6021
f 6021 5998 6020
f 5989 5988 6020
f 6020 5988 6022
f 6021 6020 6023
f 6023 6020 6022
f 6021 6024 5999
f 5999 6024 6025
f 6019 6025 6017
f 6017 6025 6024
f 5971 5984 5969
f 5969 5984 6026
f 5970 6027 5977
f 5977 6027 5987
f 6027 5970 6026
f 6026 5970 5969
f 6026 6014 6027
f 6027 6014 6028
f 6014 6012 6028
f 6028 6012 6029
f 6027 6028 5987
f 5987 6028 6030
f 6026 5984 6014
f 6014 5984 6015
f 6031 5986 6030
f 6030 5986 5987
f 6031 5988 5986
f 5986 5988 5985
f 6032 6022 6031
f 6031 6022 5988
f 6032 6031 6033
f 6033 6031 6030
f 6034 6032 6035
f 6035 6032 6033
f 6028 6029 6030
f 6030 6029 6033
f 6029 6036 6033
f 6033 6036 6035
f 6032 6034 6022
f 6022 6034 6023
f 6038 6023 6037
f 6037 6023 6034
f 6037 6040 6039
f 6039 6040 6041
f 6037 6034 6040
f 6040 6034 6035
f 6037 6039 6038
f 6038 6039 6018
f 6038 6018 6024
f 6024 6018 6017
f 6024 6021 6038
f 6038 6021 6023
f 6012 6013 6029
f 6029 6013 6036
f 6041 6036 6016
f 6016 6036 6013
f 6041 6040 6036
f 6036 6040 6035
f 6041 6016 6039
f 6039 6016 6011
f 6011 6008 6039
f 6039 6008 6018
f 5993 6000 6002
f 6002 6000 6019
f 6019 6000 6025
f 6025 6000 5999
f 5943 5756 5944
f 5944 5756 5755
f 6042 5948 5973
f 5973 5948 5947
f 5952 5951 5959
f 5959 5951 5960
f 5951 5953 5960
f 5960 5953 5958
f 5616 5957 5617
f 5617 5957 5956
f 6042 5952 5948
f 5948 5952 5959
f 5944 5755 5972
f 5972 5755 5754
f 5957 5616 5973
f 5973 5616 5652
f 5956 5955 5972
f 5972 5955 5961
f 5943 5953 5756
f 5756 5953 5709
f 6044 6045 6043
f 6043 6045 6046
f 6048 6049 6047
f 6047 6049 6050
f 6047 6050 6051
f 6051 6050 6052
f 6054 6055 6053
f 6053 6055 6056
f 6057 6058 6060
f 6060 6058 6059
f 6061 6062 6048
f 6048 6062 6049
f 6063 6064 6066
f 6066 6064 6065
f 6067 6068 6070
f 6070 6068 6069
f 6071 6069 5653
f 5653 6069 6068
f 6072 6073 6075
f 6075 6073 6074
f 6062 6076 6049
f 6049 6076 6054
f 6058 6067 6059
f 6059 6067 6070
f 6064 6077 6065
f 6065 6077 6045
f 6078 6076 6046
f 6046 6076 6062
f 6073 6080 6079
f 6079 6080 6052
f 6082 6083 6081
f 6081 6083 6084
f 6072 6085 6073
f 6073 6085 6080
f 6086 6051 6080
f 6080 6051 6052
f 6079 6052 6053
f 6053 6052 6050
f 6043 6087 6044
f 6044 6087 6088
f 6061 6089 6043
f 6043 6089 6087
f 6053 6056 6079
f 6079 6056 6090
f 6063 6072 6060
f 6060 6072 6075
f 6043 6046 6061
f 6061 6046 6062
f 6047 6091 6048
f 6048 6091 6092
f 6077 6078 6045
f 6045 6078 6046
f 6049 6054 6050
f 6050 6054 6053
f 6044 6088 6093
f 6093 6088 6094
f 6086 6082 6095
f 6095 6082 6081
f 6083 6082 6066
f 6066 6082 6085
f 6093 6094 6083
f 6083 6094 6084
f 6072 6063 6085
f 6085 6063 6066
f 6051 6086 6096
f 6096 6086 6095
f 6048 6092 6061
f 6061 6092 6089
f 5656 5655 6090
f 6090 5655 6074
f 6091 6047 6096
f 6096 6047 6051
f 6071 6055 6076
f 6076 6055 6054
f 6082 6086 6085
f 6085 6086 6080
f 6093 6083 6065
f 6065 6083 6066
f 6044 6093 6045
f 6045 6093 6065
f 6096 6095 6098
f 6098 6095 6097
f 6096 6098 6091
f 6091 6098 6099
f 6091 6099 6092
f 6092 6099 6100
f 6092 6100 6089
f 6089 6100 6101
f 6095 6081 6097
f 6097 6081 6102
f 6081 6084 6102
f 6102 6084 6103
f 6103 6084 6104
f 6104 6084 6094
f 6106 6097 6105
f 6105 6097 6102
f 6107 6108 6110
f 6110 6108 6109
f 6111 6112 6108
f 6108 6112 6109
f 6109 6112 6114
f 6114 6112 6113
f 6114 6115 6117
f 6117 6115 6116
f 6113 6118 6114
f 6114 6118 6115
f 6117 6110 6114
f 6114 6110 6109
f 6110 6119 6107
f 6107 6119 6120
f 6112 6111 6113
f 6113 6111 6121
f 6111 6099 6121
f 6121 6099 6098
f 6111 6122 6099
f 6099 6122 6100
f 6123 6122 6108
f 6108 6122 6111
f 6124 6123 6107
f 6107 6123 6108
f 6113 6121 6118
f 6118 6121 6106
f 6106 6121 6097
f 6097 6121 6098
f 6125 6124 6120
f 6120 6124 6107
f 6126 6123 6127
f 6127 6123 6124
f 6125 6128 6124
f 6124 6128 6127
f 6129 6126 6130
f 6130 6126 6127
f 6126 6129 6132
f 6132 6129 6131
f 6128 6133 6127
f 6127 6133 6130
f 6123 6126 6122
f 6122 6126 6132
f 6122 6132 6100
f 6100 6132 6101
f 6120 6134 6125
f 6125 6134 6135
f 6120 6119 6134
f 6134 6119 6136
f 6115 6118 6137
f 6137 6118 6106
f 6115 6137 6116
f 6116 6137 6138
f 6137 6106 6139
f 6139 6106 6105
f 6138 6137 6140
f 6140 6137 6139
f 6141 6142 6138
f 6138 6142 6116
f 6136 6142 6134
f 6134 6142 6141
f 6089 6101 6087
f 6087 6101 6143
f 6088 6144 6094
f 6094 6144 6104
f 6143 6144 6087
f 6087 6144 6088
f 6131 6145 6143
f 6143 6145 6144
f 6129 6146 6131
f 6131 6146 6145
f 6144 6145 6104
f 6104 6145 6147
f 6143 6101 6131
f 6131 6101 6132
f 6148 6103 6147
f 6147 6103 6104
f 6103 6148 6102
f 6102 6148 6105
f 6148 6149 6105
f 6105 6149 6139
f 6149 6148 6150
f 6150 6148 6147
f 6151 6149 6152
f 6152 6149 6150
f 6145 6146 6147
f 6147 6146 6150
f 6146 6153 6150
f 6150 6153 6152
f 6149 6151 6139
f 6139 6151 6140
f 6155 6140 6154
f 6154 6140 6151
f 6154 6157 6156
f 6156 6157 6158
f 6154 6151 6157
f 6157 6151 6152
f 6154 6156 6155
f 6155 6156 6135
f 6155 6135 6141
f 6141 6135 6134
f 6141 6138 6155
f 6155 6138 6140
f 6146 6129 6153
f 6153 6129 6130
f 6158 6153 6133
f 6133 6153 6130
f 6158 6157 6153
f 6153 6157 6152
f 6156 6158 6128
f 6128 6158 6133
f 6128 6125 6156
f 6156 6125 6135
f 6110 6117 6119
f 6119 6117 6136
f 6136 6117 6142
f 6142 6117 6116
f 6055 5615 6056
f 6056 5615 5752
f 6060 6059 6063
f 6063 6059 6064
f 6077 6070 6078
f 6078 6070 6069
f 6069 6071 6078
f 6078 6071 6076
f 6159 6057 6075
f 6075 6057 6060
f 6059 6070 6064
f 6064 6070 6077
f 6056 5752 6090
f 6090 5752 5656
f 6090 6074 6079
f 6079 6074 6073
f 6055 6071 5615
f 5615 6071 5653
f 5547 5471 6160
f 6160 5471 6161
f 5729 5577 6163
f 6163 5577 6162
f 5577 5576 6162
f 6162 5576 6164
f 5713 6165 5711
f 5711 6165 6166
f 5474 5729 6167
f 6167 5729 6163
f 5750 5547 6168
f 6168 5547 6160
f 5471 5474 6161
f 6161 5474 6167
f 6169 5712 6168
f 6168 5712 5750
f 5711 6166 5576
f 5576 6166 6164
f 6165 5713 6169
f 6169 5713 5712
f 6168 6170 6169
f 6169 6170 6171
f 6169 6171 6165
f 6165 6171 6172
f 6165 6172 6166
f 6166 6172 6173
f 6166 6173 6164
f 6164 6173 6174
f 6168 6160 6170
f 6170 6160 6175
f 6160 6161 6175
f 6175 6161 6176
f 6161 6167 6176
f 6176 6167 6177
f 6179 6170 6178
f 6178 6170 6175
f 6181 6182 6180
f 6180 6182 6183
f 6184 6185 6181
f 6181 6185 6182
f 6186 6187 6185
f 6185 6187 6182
f 6186 6188 6187
f 6187 6188 6189
f 6190 6183 6187
f 6187 6183 6182
f 6183 6190 6191
f 6191 6190 6192
f 6191 6193 6183
f 6183 6193 6180
f 6186 6185 6194
f 6194 6185 6184
f 6184 6172 6194
f 6194 6172 6171
f 6184 6195 6172
f 6172 6195 6173
f 6181 6196 6184
f 6184 6196 6195
f 6196 6181 6197
f 6197 6181 6180
f 6186 6194 6188
f 6188 6194 6179
f 6179 6194 6170
f 6170 6194 6171
f 6193 6198 6180
f 6180 6198 6197
f 6199 6196 6200
f 6200 6196 6197
f 6198 6201 6197
f 6197 6201 6200
f 6202 6199 6203
f 6203 6199 6200
f 6199 6202 6205
f 6205 6202 6204
f 6201 6206 6200
f 6200 6206 6203
f 6196 6199 6195
f 6195 6199 6205
f 6195 6205 6173
f 6173 6205 6174
f 6198 6193 6208
f 6208 6193 6207
f 6193 6191 6207
f 6207 6191 6192
f 6189 6188 6209
f 6209 6188 6179
f 6210 6189 6211
f 6211 6189 6209
f 6209 6179 6212
f 6212 6179 6178
f 6211 6209 6213
f 6213 6209 6212
f 6211 6214 6210
f 6210 6214 6215
f 6192 6215 6207
f 6207 6215 6214
f 6190 6187 6210
f 6210 6187 6189
f 6192 6190 6215
f 6215 6190 6210
f 6162 6164 6216
f 6216 6164 6174
f 6167 6163 6177
f 6177 6163 6217
f 6216 6217 6162
f 6162 6217 6163
f 6204 6218 6216
f 6216 6218 6217
f 6202 6219 6204
f 6204 6219 6218
f 6217 6218 6177
f 6177 6218 6220
f 6216 6174 6204
f 6204 6174 6205
f 6221 6176 6220
f 6220 6176 6177
f 6176 6221 6175
f 6175 6221 6178
f 6221 6222 6178
f 6178 6222 6212
f 6222 6221 6223
f 6223 6221 6220
f 6224 6222 6225
f 6225 6222 6223
f 6218 6219 6220
f 6220 6219 6223
f 6219 6226 6223
f 6223 6226 6225
f 6222 6224 6212
f 6212 6224 6213
f 6228 6213 6227
f 6227 6213 6224
f 6229 6227 6231
f 6231 6227 6230
f 6227 6224 6230
f 6230 6224 6225
f 6227 6229 6228
f 6228 6229 6208
f 6228 6208 6214
f 6214 6208 6207
f 6214 6211 6228
f 6228 6211 6213
f 6219 6202 6226
f 6226 6202 6203
f 6231 6226 6206
f 6206 6226 6203
f 6231 6230 6226
f 6226 6230 6225
f 6229 6231 6201
f 6201 6231 6206
f 6201 6198 6229
f 6229 6198 6208
f 5674 5672 5661
f 5661 5672 5662
f 5662 5672 5663
f 5663 5672 5646
f 5651 6042 5652
f 5652 6042 5973
f 5518 5517 5751
f 5751 5517 5733
f 5738 5660 5753
f 5753 5660 5637
f 5752 5636 5656
f 5656 5636 5526
f 5952 6042 5593
f 5593 6042 5651
f 5593 5651 5594
f 5594 5651 5650
f 5600 5737 5514
f 5514 5737 5515
f 5546 5545 5740
f 5740 5545 6232
f 6232 6058 5740
f 5740 6058 6057
f 6067 6058 6233
f 6233 6058 6232
f 6233 6232 6234
f 6234 6232 5545
f 6234 5545 6235
f 6235 5545 5544
f 5606 6236 5543
f 5543 6236 5544
f 6235 5544 5539
f 5539 5544 6236
f 6237 6235 5542
f 5542 6235 5539
f 6235 6237 6234
f 6234 6237 6238
f 6234 6238 6233
f 6233 6238 6239
f 5653 6068 5650
f 5650 6068 6239
f 5642 5513 6240
f 6240 5513 5516
f 5539 6236 5540
f 5540 6236 5606
f 5636 5614 5637
f 5637 5614 5753
f 6239 5737 5650
f 5650 5737 5594
f 6239 6068 6233
f 6233 6068 6067
f 6075 6074 6159
f 6159 6074 5655
f 6057 6159 5740
f 5740 6159 5655
f 5515 5737 6238
f 6238 5737 6239
f 6238 6237 5515
f 5515 6237 5516
f 5542 6240 6237
f 6237 6240 5516
f 6240 5542 5642
f 5642 5542 5541
f 5702 5699 5541
f 5541 5699 5642
f 5582 5475 5717
f 5470 5443 5537
f 5537 5443 5504
f 5469 5444 5470
f 5470 5444 5443
f 5726 5557 5727
f 5727 5557 5556
f 5537 5504 5511
f 5511 5504 5506
f 5504 5503 5506
f 5506 5503 5507
f 5503 5455 5507
f 5507 5455 5581
f 5455 5454 5581
f 5581 5454 5456
f 5473 5453 5474
f 5474 5453 5729
f 5457 5454 5473
f 5473 5454 5453
f 5473 5472 5457
f 5457 5472 5686
f 5472 5548 5686
f 5686 5548 5687
f 5749 5693 5548
f 5548 5693 5687
f 5715 5532 5749
f 5749 5532 5693
f 5714 5486 5715
f 5715 5486 5532
f 5714 5710 5486
f 5486 5710 5449
f 5728 5578 5729
f 5729 5578 5577
f 5452 5445 5698
f 5698 5445 5558
f 5445 5444 5558
f 5558 5444 5556
f 5444 5469 5556
f 5556 5469 5727
f 5469 5468 5727
f 5727 5468 5555
f 5468 5747 5555
f 5555 5747 5552
f 5747 5700 5552
f 5552 5700 5716
f 5700 5699 5716
f 5716 5699 5717
f 5699 5702 5717
f 5717 5702 5582
f 5702 5701 5582
f 5582 5701 5583
f 5726 5479 5557
f 5557 5479 5483
f 5483 5479 5484
f 5484 5479 5482
f 5534 5533 5482
f 5482 5533 5484
f 5691 5688 5534
f 5534 5688 5533
f 5644 5647 5691
f 5691 5647 5688
f 5719 5746 5701
f 5701 5746 5583
f 5718 5497 5719
f 5719 5497 5746
f 5718 5605 5654
f 5654 5605 5638
f 5498 5654 5657
f 5657 5654 5633
f 5497 5718 5498
f 5498 5718 5654
f 5657 5527 5498
f 5498 5527 5494
f 5528 5570 5495
f 5495 5570 5521
f 5665 5668 5528
f 5528 5668 5570
f 5664 5671 5665
f 5665 5671 5668
f 5645 5741 5664
f 5664 5741 5671
f 5644 5696 5645
f 5645 5696 5741
f 5710 5575 5449
f 5449 5575 5450
f 5575 5578 5450
f 5450 5578 5698
f 5578 5728 5698
f 5698 5728 5452
f 5452 5728 5451
f 5451 5728 5453
f 3619 6241 3620
f 3620 6241 6242
f 6243 6244 3628
f 3628 6244 3629
f 6245 6246 3634
f 3634 6246 3631
f 6247 6248 3636
f 3636 6248 3637
f 6249 6250 3642
f 3642 6250 3639
f 3639 6250 3643
f 3643 6250 6251
f 3743 6252 3744
f 3744 6252 6253
f 6246 6243 3631
f 3631 6243 3628
f 3753 6254 3754
f 3754 6254 6255
f 3857 6256 3619
f 3619 6256 6241
f 6257 6245 3932
f 3932 6245 3634
f 6242 6247 3620
f 3620 6247 3636
f 6258 6259 3946
f 3946 6259 3947
f 6260 6249 3948
f 3948 6249 3642
f 6244 6258 3629
f 3629 6258 3946
f 3947 6259 3753
f 3753 6259 6254
f 6248 6260 3637
f 3637 6260 3948
f 3643 6251 3743
f 3743 6251 6252
f 3744 6253 3932
f 3932 6253 6257
f 6250 6249 6251
f 6251 6249 6252
f 6245 6261 6246
f 6246 6261 6262
f 6263 6264 6247
f 6247 6264 6248
f 6252 6265 6253
f 6253 6265 6266
f 6246 6262 6243
f 6243 6262 6267
f 6268 6261 6257
f 6257 6261 6245
f 6269 6263 6242
f 6242 6263 6247
f 6270 6271 6260
f 6260 6271 6249
f 6264 6270 6248
f 6248 6270 6260
f 6253 6266 6257
f 6257 6266 6268
f 6249 6271 6252
f 6252 6271 6265
f 6254 6259 6272
f 6272 6259 6273
f 6266 6265 6270
f 6270 6265 6271
f 6268 6266 6264
f 6264 6266 6270
f 6261 6268 6263
f 6263 6268 6264
f 6269 6262 6263
f 6263 6262 6261
f 4186 4185 6274
f 6274 4185 6275
f 6241 6276 6242
f 6242 6276 6269
f 6258 6244 6277
f 6277 6244 6278
f 6256 6279 6241
f 6241 6279 6276
f 6259 6258 6273
f 6273 6258 6277
f 6243 6267 6244
f 6244 6267 6278
f 6276 6267 6269
f 6269 6267 6262
f 6254 6272 6255
f 6255 6272 6280
f 3865 3713 3888
f 3888 3713 3685
f 5242 5233 3892
f 3892 5233 3711
f 3900 5243 3892
f 3892 5243 5242
f 3734 3866 3900
f 3900 3866 5243
f 4117 6281 4118
f 4118 6281 6282
f 4118 6282 4278
f 4278 6282 4879
f 4717 4887 4718
f 4718 4887 4280
f 4792 4278 4882
f 4882 4278 4879
f 4795 4792 6283
f 6283 4792 4882
f 4852 4851 5012
f 5012 4851 6284
f 4856 5207 4857
f 4857 5207 4858
f 4860 4279 4857
f 4857 4279 4854
f 4718 4280 4860
f 4860 4280 4279
f 4864 4863 4745
f 4745 4863 4742
f 5366 4867 5011
f 5011 4867 4866
f 4871 4884 4872
f 4872 4884 4883
f 4872 4883 4117
f 4117 4883 6281
f 6284 4851 6283
f 6283 4851 4795
f 4852 4866 4853
f 4853 4866 4865
f 4871 4870 4856
f 4856 4870 5207
f 4717 4716 4864
f 4864 4716 4861
f 4868 4867 4862
f 4862 4867 4863
f 4268 4855 4269
f 4269 4855 4854
f 4281 4274 4282
f 4282 4274 4765
f 4744 4743 4907
f 4907 4743 4904
f 4874 4881 4820
f 4820 4881 4880
f 4885 5013 4886
f 4886 5013 4980
f 4888 4275 4281
f 4281 4275 4274
f 4902 6282 4903
f 4903 6282 6281
f 6283 4979 6284
f 6284 4979 4978
f 4282 4765 4269
f 4269 4765 4266
f 4880 4879 4902
f 4902 4879 6282
f 4903 6281 4886
f 4886 6281 4883
f 4882 4881 6283
f 6283 4881 4979
f 5013 4885 4267
f 4267 4885 4268
f 4888 4887 4744
f 4744 4887 4745
f 4410 6285 4411
f 4411 6285 4812
f 4750 4749 6286
f 6286 4749 6287
f 6289 4695 6288
f 6288 4695 4255
f 4750 4675 4751
f 4751 4675 4965
f 6290 6291 4963
f 4963 6291 4960
f 4807 4806 4411
f 4411 4806 4408
f 6292 6293 4959
f 4959 6293 4956
f 4958 6294 4959
f 4959 6294 4955
f 4962 4964 4963
f 4963 4964 4805
f 4962 4961 4751
f 4751 4961 4748
f 6296 6297 6295
f 6295 6297 6298
f 6299 6300 6288
f 6288 6300 4735
f 6302 4961 6301
f 6301 4961 4960
f 6304 6287 6303
f 6303 6287 4749
f 4968 6305 4969
f 4969 6305 6306
f 4413 6308 6307
f 6307 6308 4900
f 6301 4960 6309
f 6309 4960 6291
f 4412 4408 6310
f 6310 4408 4806
f 4696 6311 4256
f 4256 6311 6312
f 6303 4749 6313
f 6313 4749 4748
f 6313 4748 6302
f 6302 4748 4961
f 6315 6316 6314
f 6314 6316 6317
f 4084 6318 6315
f 6315 6318 6316
f 4083 6319 4084
f 4084 6319 6318
f 4112 6320 4083
f 4083 6320 6319
f 6322 4138 6321
f 6321 4138 4137
f 6324 4128 6323
f 6323 4128 4127
f 4127 4193 6323
f 6323 4193 6325
f 4193 4891 6325
f 6325 4891 6326
f 4891 6327 6326
f 6326 6327 6328
f 6327 4824 5227
f 5227 4824 5228
f 5231 4684 6329
f 6329 4684 4683
f 4683 4099 6329
f 6329 4099 6330
f 4099 4102 6330
f 6330 4102 6331
f 4174 4826 4429
f 4429 4826 4829
f 4173 4741 4174
f 4174 4741 4826
f 4180 4738 4173
f 4173 4738 4741
f 6332 6333 4180
f 4180 6333 4738
f 6274 6334 4186
f 4186 6334 4188
f 4181 4825 4180
f 4180 4825 6332
f 5044 5213 5045
f 5045 5213 5165
f 5046 5087 5047
f 5047 5087 5222
f 5077 5063 5078
f 5078 5063 5198
f 5081 5099 5082
f 5082 5099 5194
f 5095 5074 5096
f 5096 5074 5073
f 5373 5170 5096
f 5096 5170 5093
f 5375 5171 5373
f 5373 5171 5170
f 5047 5222 5375
f 5375 5222 5171
f 5046 5038 5376
f 5376 5038 5067
f 5377 5086 5376
f 5376 5086 5085
f 5045 5165 5377
f 5377 5165 5086
f 5378 5214 5044
f 5044 5214 5213
f 5077 5034 5378
f 5378 5034 5214
f 5082 5194 5078
f 5078 5194 5035
f 5081 5080 5379
f 5379 5080 6335
f 5379 6335 5095
f 5095 6335 5074
f 5032 5080 5033
f 5033 5080 5079
f 5040 5017 5041
f 5041 5017 5016
f 5050 5043 5051
f 5051 5043 5042
f 5065 5023 5066
f 5066 5023 5022
f 5050 5049 5065
f 5065 5049 5023
f 5041 5016 5068
f 5068 5016 5020
f 5071 5374 5072
f 5072 5374 5200
f 5075 5156 5076
f 5076 5156 5155
f 5162 5212 5068
f 5068 5212 5067
f 5075 5074 5192
f 5192 5074 6335
f 5066 5022 5199
f 5199 5022 5196
f 5076 5155 5072
f 5072 5155 5069
f 5040 5039 5071
f 5071 5039 5374
f 5162 5161 5051
f 5051 5161 5048
f 5192 6335 5032
f 5032 6335 5080
f 5199 5196 5033
f 5033 5196 5030
f 5018 5211 5019
f 5019 5211 5408
f 5019 5408 5021
f 5021 5408 5163
f 5024 5057 5025
f 5025 5057 5415
f 5028 5048 5029
f 5029 5048 5161
f 5054 5031 5055
f 5055 5031 5030
f 5024 5023 5058
f 5058 5023 5049
f 5061 5070 5062
f 5062 5070 5069
f 5157 5438 5158
f 5158 5438 5442
f 5160 5191 5054
f 5054 5191 5031
f 5029 5161 5021
f 5021 5161 5020
f 5025 5415 5197
f 5197 5415 5220
f 5158 5442 5062
f 5062 5442 5059
f 5018 5017 5061
f 5061 5017 5070
f 5160 5159 5157
f 5157 5159 5438
f 5028 5027 5058
f 5058 5027 5056
f 5055 5030 5197
f 5197 5030 5196
f 5409 5380 5410
f 5410 5380 6336
f 5026 5413 5027
f 5027 5413 5412
f 5396 5417 5393
f 5393 5417 5416
f 5416 5057 5419
f 5419 5057 5056
f 5417 5396 5426
f 5426 5396 5420
f 5427 5423 5428
f 5428 5423 5422
f 5427 5059 5430
f 5430 5059 5442
f 5409 5408 5433
f 5433 5408 5211
f 5433 5211 5428
f 5428 5211 5060
f 5412 5411 5419
f 5419 5411 5418
f 5436 5053 5437
f 5437 5053 5052
f 5439 5402 5440
f 5440 5402 5401
f 5436 5435 5439
f 5439 5435 5402
f 5410 6336 5413
f 5413 6336 5414
f 5440 5401 5430
f 5430 5401 5429
f 5426 5420 5437
f 5437 5420 5434
f 5382 5432 5383
f 5383 5432 5384
f 5386 6336 5383
f 5383 6336 5380
f 6336 5386 5414
f 5414 5386 5388
f 5391 5418 5392
f 5392 5418 5411
f 5705 5395 5704
f 5704 5395 5394
f 5399 5435 5400
f 5400 5435 5434
f 5403 5441 5404
f 5404 5441 5405
f 5407 5429 5404
f 5404 5429 5401
f 5395 5705 5421
f 5421 5705 5748
f 5424 5706 5425
f 5425 5706 5431
f 5391 5390 5394
f 5394 5390 5704
f 5392 5388 5389
f 5389 5388 5387
f 5382 5381 5425
f 5425 5381 5422
f 5407 5406 5424
f 5424 5406 5706
f 5403 5402 5399
f 5399 5402 5435
f 5421 5748 5400
f 5400 5748 5397
f 4097 4721 4098
f 4098 4721 4231
f 4233 5273 4098
f 4098 5273 4095
f 6337 6338 4785
f 4785 6338 4786
f 4076 4780 4073
f 4073 4780 4781
f 4782 4190 4781
f 4781 4190 4073
f 4783 4901 4782
f 4782 4901 4190
f 4780 4076 4097
f 4097 4076 4721
f 6337 2879 4701
f 4701 2879 2878
f 5280 6339 5272
f 5272 6339 6340
f 5282 5281 6341
f 6341 5281 6342
f 4109 6302 4110
f 4110 6302 6301
f 4283 6304 4284
f 4284 6304 6303
f 6305 4379 6306
f 6306 4379 4378
f 4110 6301 4428
f 4428 6301 6309
f 6310 4688 4412
f 4412 4688 4687
f 4284 6303 4753
f 4753 6303 6313
f 4753 6313 4109
f 4109 6313 6302
f 6343 5226 4428
f 4428 5226 4427
f 4147 4900 4416
f 4416 4900 6308
f 6312 6311 4241
f 4241 6311 4720
f 5223 6344 4702
f 4702 6344 4699
f 4221 4220 6345
f 6345 4220 6346
f 5276 5275 6347
f 6347 5275 6348
f 5275 4728 6348
f 6348 4728 6349
f 4727 6350 5284
f 5284 6350 5285
f 6351 6352 6354
f 6354 6352 6353
f 5313 5312 5292
f 5292 5312 5293
f 5312 5344 5293
f 5293 5344 5337
f 5344 4914 5337
f 5337 4914 4916
f 4914 4913 4916
f 4916 4913 4917
f 4913 6355 4917
f 4917 6355 4978
f 6356 6357 6284
f 6284 6357 5012
f 6357 6358 5012
f 5012 6358 5011
f 5011 6358 5366
f 5366 6358 6359
f 6360 4742 6359
f 6359 4742 5366
f 4743 6361 4904
f 4904 6361 5364
f 5363 4905 5364
f 5364 4905 4904
f 5363 6362 4905
f 4905 6362 4207
f 6362 6363 4207
f 4207 6363 4208
f 6363 5342 4208
f 4208 5342 5330
f 5342 5341 5330
f 5330 5341 4244
f 5341 6364 4244
f 4244 6364 4245
f 6364 6365 4245
f 4245 6365 4246
f 6366 6367 4253
f 4253 6367 4250
f 4214 6368 4211
f 4211 6368 4380
f 4380 4379 4211
f 4211 4379 4283
f 4379 6305 4283
f 4283 6305 6304
f 6305 4968 6304
f 6304 4968 6287
f 4968 4967 6287
f 6287 4967 6286
f 4967 6297 6286
f 6286 6297 4676
f 6296 4376 4288
f 4288 4376 4285
f 4376 4373 4285
f 4285 4373 4290
f 6369 6370 6372
f 6372 6370 6371
f 5245 6373 5246
f 5246 6373 6374
f 4317 6375 4318
f 4318 6375 6376
f 4331 6377 4332
f 4332 6377 6378
f 6379 4333 6376
f 6376 4333 4318
f 4343 6380 4344
f 4344 6380 6381
f 4347 6382 4348
f 4348 6382 6383
f 4374 6371 4331
f 4331 6371 6377
f 4333 6379 4426
f 4426 6379 6384
f 4690 6385 4347
f 4347 6385 6382
f 4332 6378 4317
f 4317 6378 6375
f 4922 6386 4923
f 4923 6386 6387
f 6388 6389 4375
f 4375 6389 6390
f 6355 6356 4978
f 4978 6356 6284
f 4742 6360 4743
f 4743 6360 6361
f 6391 4238 6392
f 6392 4238 4719
f 6392 4719 6393
f 6393 4719 5296
f 6395 6396 6394
f 6394 6396 6397
f 6399 6400 6398
f 6398 6400 6401
f 6402 5302 6403
f 6403 5302 5303
f 5303 5321 6403
f 6403 5321 6404
f 5320 6405 5321
f 5321 6405 6404
f 5319 6406 5350
f 5350 6406 5351
f 5319 5318 6406
f 6406 5318 6407
f 5288 4197 6408
f 6408 4197 6409
f 4217 4216 6410
f 6410 4216 6411
f 5227 6412 6327
f 6327 6412 6328
f 4892 6413 5227
f 5227 6413 6412
f 4228 6414 4892
f 4892 6414 6413
f 4227 6415 4228
f 4228 6415 6414
f 4248 6416 4227
f 4227 6416 6415
f 4247 6417 4248
f 4248 6417 6416
f 6417 4247 6419
f 6419 4247 6418
f 6419 6418 6421
f 6421 6418 6420
f 6422 5301 6423
f 6423 5301 5300
f 6423 5300 6424
f 6424 5300 6399
f 6408 6409 6398
f 6398 6409 6425
f 6426 6427 6397
f 6397 6427 6394
f 6428 4224 6429
f 6429 4224 4223
f 6347 6346 5276
f 5276 6346 4220
f 6346 6347 6341
f 6341 6347 6339
f 5280 5278 5282
f 5282 5278 4236
f 4896 5224 4684
f 4684 5224 4681
f 4132 4135 4896
f 4896 4135 5224
f 4131 4136 4132
f 4132 4136 4135
f 4226 4754 4131
f 4131 4754 4136
f 4251 4213 4226
f 4226 4213 4754
f 4250 4214 4251
f 4251 4214 4213
f 4250 6367 4214
f 4214 6367 6368
f 6367 4910 6368
f 6368 4910 4737
f 4909 5297 4736
f 4736 5297 5296
f 5297 6395 5296
f 5296 6395 6393
f 6427 6430 6394
f 6394 6430 6431
f 6429 4383 6428
f 6428 4383 4382
f 4219 5277 4220
f 4220 5277 5276
f 4222 4697 4383
f 4383 4697 4218
f 6345 4699 4221
f 4221 4699 6344
f 6342 4700 6345
f 6345 4700 4699
f 4235 4786 5281
f 5281 4786 6338
f 4234 4787 4235
f 4235 4787 4786
f 5279 5278 6432
f 6432 5278 5271
f 4237 5279 6433
f 6433 5279 6432
f 4787 4234 6433
f 6433 4234 4237
f 6435 6436 6434
f 6434 6436 6437
f 6359 6438 6360
f 6360 6438 6437
f 6439 6440 6441
f 6441 6440 6438
f 6443 6439 6442
f 6442 6439 6441
f 6357 6356 6442
f 6442 6356 6444
f 6444 6446 6445
f 6445 6446 6447
f 4912 6446 4913
f 4913 6446 6355
f 6361 6436 5364
f 5364 6436 5365
f 5319 5350 5316
f 5316 5350 6448
f 4832 6449 5350
f 5350 6449 6448
f 4831 6450 4832
f 4832 6450 6449
f 5354 6451 5320
f 5320 6451 6405
f 4265 6452 5354
f 5354 6452 6451
f 4264 6453 4265
f 4265 6453 6452
f 6450 4831 6447
f 6447 4831 6445
f 4263 6435 4264
f 4264 6435 6434
f 6454 6453 6439
f 6439 6453 6440
f 6439 6443 6454
f 6454 6443 4834
f 4833 6455 4834
f 4834 6455 6454
f 5351 6456 4833
f 4833 6456 6455
f 6457 6391 6458
f 6458 6391 6392
f 6458 6392 6431
f 6431 6392 6393
f 5298 6396 5297
f 5297 6396 6395
f 6402 6400 5302
f 5302 6400 5299
f 6402 6403 6459
f 6459 6403 6460
f 6460 6403 6461
f 6461 6403 6404
f 6405 6462 6404
f 6404 6462 6461
f 6406 6462 5351
f 5351 6462 6456
f 6406 6407 6462
f 6462 6407 6461
f 6407 6463 6461
f 6461 6463 6460
f 6463 6464 6460
f 6460 6464 6459
f 6464 6465 6459
f 6459 6465 6401
f 6430 6466 6431
f 6431 6466 6458
f 6466 6410 6458
f 6458 6410 6457
f 6410 6411 6457
f 6457 6411 6467
f 6396 6424 6397
f 6397 6424 6425
f 6393 6395 6431
f 6431 6395 6394
f 6451 6456 6405
f 6405 6456 6462
f 6452 6455 6451
f 6451 6455 6456
f 6453 6454 6452
f 6452 6454 6455
f 6443 6445 4834
f 4834 6445 4831
f 6440 6453 6434
f 6434 6453 4264
f 6468 5306 5360
f 5360 5306 5305
f 6469 4124 6468
f 6468 4124 5306
f 6470 4125 6469
f 6469 4125 4124
f 6471 5291 6470
f 6470 5291 4125
f 6353 5292 6471
f 6471 5292 5291
f 5292 6353 5313
f 5313 6353 6352
f 5347 5314 6352
f 6352 5314 5313
f 5353 5318 5346
f 5346 5318 5317
f 5334 6468 5358
f 5358 6468 5360
f 5324 6469 5334
f 5334 6469 6468
f 5323 6470 5324
f 5324 6470 6469
f 5343 6471 5323
f 5323 6471 6470
f 6354 6353 5343
f 5343 6353 6471
f 6348 6349 4270
f 4270 6349 5311
f 5272 6340 5273
f 5273 6340 4272
f 6432 5271 4232
f 4232 5271 4233
f 4294 6432 4295
f 4295 6432 4232
f 6432 4294 6433
f 6433 4294 4301
f 4301 4300 6433
f 6433 4300 4787
f 4704 4784 4300
f 4300 4784 4787
f 4704 3013 4784
f 4784 3013 1307
f 5103 6472 5104
f 5104 6472 5202
f 5108 5116 5105
f 5105 5116 5115
f 5111 5124 5112
f 5112 5124 5123
f 5154 5205 5105
f 5105 5205 5106
f 5167 5180 5168
f 5168 5180 5185
f 5175 5188 5176
f 5176 5188 5187
f 5112 5123 5178
f 5178 5123 5120
f 5167 5090 5183
f 5183 5090 5089
f 5210 5151 5183
f 5183 5151 5181
f 5216 5138 5217
f 5217 5138 5137
f 5218 5119 5219
f 5219 5119 5221
f 5218 5178 5119
f 5119 5178 5120
f 5217 5137 5104
f 5104 5137 5101
f 5116 5108 5221
f 5221 5108 5219
f 5111 5110 5210
f 5210 5110 5151
f 5154 5153 5103
f 5103 5153 6472
f 5216 5215 5176
f 5176 5215 5173
f 5175 5174 5168
f 5168 5174 5166
f 5091 5172 5092
f 5092 5172 5208
f 5117 5037 5118
f 5118 5037 5036
f 5121 5164 5122
f 5122 5164 5133
f 5125 5084 5126
f 5126 5084 5083
f 5129 5174 5130
f 5130 5174 5173
f 5131 5202 5132
f 5132 5202 6472
f 5135 5221 5122
f 5122 5221 5119
f 5125 5124 5136
f 5136 5124 5209
f 5126 5083 5121
f 5121 5083 5164
f 5118 5036 5195
f 5195 5036 5193
f 5131 5097 5203
f 5203 5097 5114
f 5132 6472 5195
f 5195 6472 5153
f 5136 5209 5092
f 5092 5209 5089
f 5135 5134 5117
f 5117 5134 5037
f 5362 5206 5130
f 5130 5206 5127
f 5372 5371 5128
f 5128 5371 5129
f 5371 5372 5091
f 5091 5372 5172
f 5362 5215 5203
f 5203 5215 5201
f 6463 6407 5353
f 5353 6407 5318
f 6464 6463 5352
f 5352 6463 5353
f 6408 6465 5288
f 5288 6465 5289
f 4196 4224 6426
f 6426 4224 6427
f 6430 6427 6428
f 6428 6427 4224
f 6466 6430 4382
f 4382 6430 6428
f 6410 6466 4217
f 4217 6466 4382
f 4240 4239 3015
f 3015 4239 3016
f 4254 4257 3017
f 3017 4257 3018
f 6473 6474 4732
f 4732 6474 6475
f 6474 6374 6475
f 6475 6374 6373
f 5246 6374 3022
f 3022 6374 3023
f 4254 6299 4255
f 4255 6299 6288
f 6473 6300 3024
f 3024 6300 3025
f 6476 4257 6312
f 6312 4257 4256
f 4240 6476 4241
f 4241 6476 6312
f 6477 4239 6391
f 6391 4239 4238
f 6467 6477 6457
f 6457 6477 6391
f 6411 3029 6467
f 6467 3029 3028
f 4216 3030 6411
f 6411 3030 3029
f 6479 6480 6478
f 6478 6480 6481
f 6483 6484 6482
f 6482 6484 6485
f 6486 6487 4102
f 4102 6487 6331
f 6483 6488 6478
f 6478 6488 6489
f 4429 4829 6490
f 6490 4829 6479
f 6491 6486 4101
f 4101 6486 4102
f 4895 6491 4899
f 4899 6491 4101
f 4160 6488 4157
f 4157 6488 6492
f 6489 4087 6490
f 6490 4087 4090
f 4267 4261 5013
f 5013 4261 4260
f 4258 4261 5328
f 5328 4261 4975
f 4261 4267 4975
f 4975 4267 4266
f 5367 3793 3912
f 3912 3793 3575
f 6494 3616 6493
f 6493 3616 3795
f 6496 3589 6495
f 6495 3589 3588
f 6495 3588 5368
f 5368 3588 3794
f 3841 3840 3050
f 3050 3840 3051
f 3912 3911 3052
f 3052 3911 3053
f 3929 3930 3054
f 3054 3930 3055
f 5370 3930 3916
f 3916 3930 3923
f 3938 5369 3807
f 3807 5369 3915
f 3589 6496 3806
f 3806 6496 3937
f 3938 3937 3056
f 3056 3937 3057
f 3051 3840 3058
f 3058 3840 3943
f 3730 4808 3727
f 3727 4808 3943
f 3820 3951 3795
f 3795 3951 6493
f 3951 3841 3059
f 3059 3841 3050
f 3911 3574 6494
f 6494 3574 3616
f 3823 3929 3824
f 3824 3929 3952
f 4061 4060 3060
f 3060 4060 3061
f 6497 6498 4901
f 4901 6498 4790
f 6333 6499 4738
f 4738 6499 4739
f 6500 6501 6314
f 6314 6501 4418
f 6502 6275 4417
f 4417 6275 4185
f 6503 6497 4783
f 4783 6497 4901
f 6498 4060 4790
f 4790 4060 4059
f 4808 4061 3069
f 3069 4061 3060
f 5367 3071 5368
f 5368 3071 3070
f 5369 3073 5370
f 5370 3073 3072
f 6274 6275 3074
f 3074 6275 3075
f 6499 6504 4739
f 4739 6504 6317
f 6333 6332 3077
f 3077 6332 3078
f 6334 6274 3079
f 3079 6274 3074
f 6332 4825 3078
f 3078 4825 3080
f 6334 6503 4188
f 4188 6503 4783
f 4825 4689 3080
f 3080 4689 1330
f 6506 4747 6505
f 6505 4747 4746
f 6505 6507 6506
f 6506 6507 6508
f 4297 6509 4920
f 4920 6509 6510
f 4296 6511 4297
f 4297 6511 6509
f 6506 6508 4319
f 4319 6508 6512
f 4372 4371 6514
f 6514 4371 6513
f 6511 4296 5251
f 5251 4296 4305
f 5251 5250 6511
f 6511 5250 6515
f 6516 6509 6515
f 6515 6509 6511
f 6517 6507 6519
f 6519 6507 6518
f 6512 6520 6513
f 6513 6520 6514
f 6507 6517 6508
f 6508 6517 6521
f 5249 6523 6522
f 6522 6523 6524
f 6525 6370 5253
f 5253 6370 6526
f 4370 4323 4371
f 4371 4323 4326
f 4370 3103 4323
f 4323 3103 1541
f 6521 6517 6527
f 6527 6517 6519
f 6520 6528 6514
f 6514 6528 6529
f 6531 6532 6530
f 6530 6532 6533
f 5250 6534 6515
f 6515 6534 6535
f 6530 6533 6536
f 6536 6533 6537
f 6526 6538 6534
f 6534 6538 6537
f 6515 6535 6516
f 6516 6535 6539
f 4325 4321 4326
f 4326 4321 4320
f 4371 4326 6513
f 6513 4326 4320
f 6531 4731 6541
f 6541 4731 6540
f 4731 4730 6540
f 6540 4730 6542
f 4730 3121 6542
f 6542 3121 3120
f 6530 4328 6531
f 6531 4328 4731
f 4328 6530 4329
f 4329 6530 6536
f 4329 6536 6524
f 6524 6536 6543
f 6544 6545 6522
f 6522 6545 5248
f 6389 6388 5245
f 5245 6388 6373
f 6388 6546 6373
f 6373 6546 6475
f 4733 6546 6295
f 6295 6546 4377
f 4732 6475 4733
f 4733 6475 6546
f 4393 4432 4394
f 4394 4432 4435
f 4434 4672 4842
f 4842 4672 4671
f 4440 4439 4441
f 4441 4439 4438
f 4436 4450 4437
f 4437 4450 4398
f 4447 4444 4448
f 4448 4444 4392
f 4446 4464 4433
f 4433 4464 6547
f 4454 4423 4455
f 4455 4423 4422
f 4452 4481 4453
f 4453 4481 4480
f 4458 4389 4459
f 4459 4389 4388
f 4456 4471 4457
f 4457 4471 4468
f 4391 4460 4392
f 4392 4460 4448
f 4461 4467 4445
f 4445 4467 4465
f 4437 4398 4629
f 4629 4398 4397
f 4438 4628 4441
f 4441 4628 4631
f 4841 4629 4839
f 4839 4629 4397
f 4628 4842 4631
f 4631 4842 4671
f 4930 4989 4452
f 4452 4989 4481
f 4929 4927 4436
f 4436 4927 4450
f 4933 4387 4934
f 4934 4387 4386
f 4931 4475 4932
f 4932 4475 4474
f 4936 4449 4933
f 4933 4449 4387
f 4935 4472 4456
f 4456 4472 4471
f 4389 4458 4391
f 4391 4458 4460
f 4457 4468 4461
f 4461 4468 4467
f 4934 4386 4454
f 4454 4386 4423
f 4453 4480 4931
f 4931 4480 4475
f 4575 4997 4576
f 4576 4997 4639
f 4579 4596 4580
f 4580 4596 4595
f 4583 4582 4572
f 4572 4582 4569
f 4587 4944 4588
f 4588 4944 4562
f 4588 4562 4590
f 4590 4562 4561
f 4576 4639 4642
f 4642 4639 4638
f 4642 4845 4641
f 4641 4845 4846
f 4845 4590 4846
f 4846 4590 4561
f 4941 4938 4595
f 4595 4938 4580
f 4938 4940 4668
f 4668 4940 4669
f 4583 4942 4584
f 4584 4942 4947
f 4582 4587 4569
f 4569 4587 4586
f 5000 5001 4579
f 4579 5001 4596
f 4558 4560 4585
f 4585 4560 4586
f 4565 4639 4566
f 4566 4639 4997
f 4568 4567 4577
f 4577 4567 4578
f 4570 4554 4571
f 4571 4554 4556
f 4640 4565 4637
f 4637 4565 4546
f 4662 4664 4665
f 4665 4664 4844
f 4662 4558 4589
f 4589 4558 4585
f 4554 4570 4557
f 4557 4570 4560
f 4571 4667 4572
f 4572 4667 4943
f 4551 4670 4552
f 4552 4670 4666
f 4640 4664 4638
f 4638 4664 4663
f 4670 4568 4668
f 4668 4568 4577
f 4999 4996 4566
f 4566 4996 4543
f 4608 4564 4603
f 4603 4564 4563
f 4573 4593 4574
f 4574 4593 4592
f 4597 4614 4598
f 4598 4614 4613
f 4601 4600 4584
f 4584 4600 4581
f 4563 4562 4604
f 4604 4562 4944
f 4643 4593 4641
f 4641 4593 4573
f 4643 4847 4644
f 4644 4847 4848
f 4564 4847 4561
f 4561 4847 4846
f 4945 4941 4598
f 4598 4941 4595
f 4941 4945 4939
f 4939 4945 4946
f 4601 4948 4602
f 4602 4948 4620
f 4600 4604 4581
f 4581 4604 4944
f 5002 5003 4597
f 4597 5003 4614
f 4988 4759 4953
f 4953 4759 4402
f 4706 6548 4707
f 4707 6548 6549
f 4311 4928 4419
f 4419 4928 6550
f 4921 4920 6551
f 6551 4920 6552
f 4925 6553 4926
f 4926 6553 6554
f 4928 4921 4802
f 4802 4921 6551
f 6555 4985 6550
f 6550 4985 4419
f 4952 6556 4953
f 4953 6556 4649
f 4971 6557 4706
f 4706 6557 6548
f 4988 4648 4925
f 4925 4648 6553
f 4707 6549 5006
f 5006 6549 4987
f 4920 6510 6552
f 6552 6510 6518
f 6558 6510 6516
f 6516 6510 6509
f 6559 6558 6539
f 6539 6558 6516
f 6531 6541 6532
f 6532 6541 6560
f 6540 6561 6541
f 6541 6561 6529
f 6542 6562 6540
f 6540 6562 6561
f 6542 3120 6562
f 6562 3120 3142
f 4366 6563 4760
f 4760 6563 4970
f 4815 6564 4816
f 4816 6564 6565
f 3147 3146 6565
f 6565 3146 4816
f 6564 6563 6565
f 6565 6563 6566
f 4837 4385 4357
f 4357 4385 4358
f 6565 6566 3147
f 3147 6566 3149
f 4694 1209 3150
f 5247 5249 5248
f 5248 5249 6522
f 6372 6390 6545
f 6545 6390 6389
f 6375 5254 6376
f 6376 5254 5258
f 6377 6525 6378
f 6378 6525 5255
f 5260 6379 5258
f 5258 6379 6376
f 6380 6567 6381
f 6381 6567 6568
f 6382 6569 6383
f 6383 6569 6570
f 6377 6371 6525
f 6525 6371 6370
f 6379 5260 6384
f 6384 5260 6571
f 6385 6572 6382
f 6382 6572 6569
f 6378 5255 6375
f 6375 5255 5254
f 6386 6573 6387
f 6387 6573 6574
f 6545 6389 5248
f 5248 6389 5245
f 4675 4750 4676
f 4676 4750 6286
f 4734 6289 4735
f 4735 6289 6288
f 4804 6290 4805
f 4805 6290 4963
f 4811 4807 4812
f 4812 4807 4411
f 4954 6292 4955
f 4955 6292 4959
f 4964 4962 4965
f 4965 4962 4751
f 6285 4821 4812
f 4812 4821 4809
f 4675 4287 4965
f 4965 4287 4210
f 6294 4145 4955
f 4955 4145 4154
f 4964 4120 4805
f 4805 4120 4119
f 6298 4966 4734
f 4734 4966 6289
f 6300 6473 4735
f 4735 6473 4732
f 6297 6296 4676
f 4676 6296 4288
f 6523 3160 4330
f 4330 3160 3159
f 5253 5252 6525
f 6525 5252 5255
f 5256 5252 4305
f 4305 5252 5251
f 4304 5257 4305
f 4305 5257 5256
f 4424 5259 4304
f 4304 5259 5257
f 5261 6571 5259
f 5259 6571 5260
f 5262 6573 5261
f 5261 6573 6571
f 5264 6567 5265
f 5265 6567 6574
f 5266 6572 5267
f 5267 6572 6568
f 5268 6570 5269
f 5269 6570 6569
f 1807 3161 5268
f 5268 3161 6570
f 6524 6523 4329
f 4329 6523 4330
f 5253 6526 5250
f 5250 6526 6534
f 6543 6538 6544
f 6544 6538 6369
f 6524 6543 6522
f 6522 6543 6544
f 3071 5367 3052
f 3052 5367 3912
f 6493 3163 6494
f 6494 3163 3162
f 3164 445 3771
f 3771 445 3761
f 461 3165 3919
f 3919 3165 3920
f 330 410 3839
f 3839 410 3910
f 332 331 3552
f 3552 331 3551
f 464 304 3918
f 3918 304 3816
f 385 458 3766
f 3766 458 3894
f 412 415 3762
f 3762 415 3763
f 3166 337 3748
f 3748 337 3745
f 3072 3055 5370
f 5370 3055 3930
f 3073 5369 3056
f 3056 5369 3938
f 3167 3057 6496
f 6496 3057 3937
f 3069 3058 4808
f 4808 3058 3943
f 411 3166 3851
f 3851 3166 3748
f 3059 3163 3951
f 3951 3163 6493
f 336 3164 3772
f 3772 3164 3771
f 3053 3911 3162
f 3162 3911 6494
f 3054 3168 3929
f 3929 3168 3952
f 3165 830 3920
f 3920 830 3945
f 3170 3169 6497
f 6497 3169 6498
f 3171 1354 5005
f 5005 1354 4830
f 3172 3170 6503
f 6503 3170 6497
f 3169 3061 6498
f 6498 3061 4060
f 3173 3171 5006
f 5006 3171 5005
f 3079 3172 6334
f 6334 3172 6503
f 3174 3025 6299
f 6299 3025 6300
f 6576 6577 6575
f 6575 6577 6578
f 4612 4611 6579
f 6579 4611 6580
f 6582 6583 6581
f 6581 6583 6584
f 6584 6585 4618
f 4618 6585 4621
f 6586 6587 6589
f 6589 6587 6588
f 6588 6587 6590
f 6590 6587 6591
f 6592 4606 6590
f 6590 4606 4623
f 6594 6576 6593
f 6593 6576 6575
f 6595 6582 6579
f 6579 6582 6581
f 6580 6597 6596
f 6596 6597 6598
f 6577 6576 6599
f 6599 6576 6600
f 6595 6596 6601
f 6601 6596 6602
f 6583 6582 6603
f 6603 6582 6604
f 6586 6606 6605
f 6605 6606 6607
f 6587 6586 6608
f 6608 6586 6605
f 6587 6608 6591
f 6591 6608 6609
f 6576 6594 6600
f 6600 6594 6610
f 6582 6595 6604
f 6604 6595 6601
f 6599 6611 6577
f 6577 6611 6598
f 6613 6614 6612
f 6612 6614 6615
f 6617 6618 6616
f 6616 6618 6619
f 6621 6622 6620
f 6620 6622 6623
f 6625 6626 6624
f 6624 6626 6627
f 6629 6630 6628
f 6628 6630 6631
f 6633 6634 6632
f 6632 6634 6635
f 6637 6638 6636
f 6636 6638 6639
f 6640 6641 6637
f 6637 6641 6638
f 6643 6633 6642
f 6642 6633 6632
f 6645 6646 6644
f 6644 6646 6647
f 6646 6648 6647
f 6647 6648 6649
f 6651 6652 6650
f 6650 6652 6653
f 6653 6652 6654
f 6654 6652 6655
f 6656 6657 6659
f 6659 6657 6658
f 6661 6662 6660
f 6660 6662 6663
f 6662 6661 6664
f 6664 6661 6665
f 6667 6657 6666
f 6666 6657 6656
f 6669 6670 6668
f 6668 6670 6671
f 6672 6673 6670
f 6670 6673 6671
f 6674 6675 6677
f 6677 6675 6676
f 6675 6678 6676
f 6676 6678 6679
f 6681 6682 6680
f 6680 6682 6683
f 6684 6685 6683
f 6683 6685 6680
f 6687 6688 6686
f 6686 6688 6689
f 6687 6690 6688
f 6688 6690 6691
f 6619 6618 6633
f 6633 6618 6634
f 6632 6635 6693
f 6693 6635 6692
f 6617 6694 6636
f 6636 6694 6637
f 6695 6692 6639
f 6639 6692 6635
f 6637 6694 6640
f 6640 6694 6696
f 6698 6638 6697
f 6697 6638 6641
f 6643 6616 6633
f 6633 6616 6619
f 6642 6699 6641
f 6641 6699 6697
f 6646 6645 6700
f 6700 6645 6621
f 6644 6701 6654
f 6654 6701 6702
f 6700 6703 6646
f 6646 6703 6648
f 6693 6704 6649
f 6649 6704 6647
f 6620 6623 6651
f 6651 6623 6652
f 6693 6649 6699
f 6699 6649 6650
f 6652 6623 6655
f 6655 6623 6622
f 6654 6702 6653
f 6653 6702 6697
f 6615 6614 6657
f 6657 6614 6658
f 6705 6656 6704
f 6704 6656 6659
f 6613 6706 6660
f 6660 6706 6661
f 6704 6659 6701
f 6701 6659 6663
f 6661 6706 6665
f 6665 6706 6707
f 6708 6702 6664
f 6664 6702 6662
f 6612 6615 6667
f 6667 6615 6657
f 6666 6709 6664
f 6664 6709 6708
f 6629 6710 6669
f 6669 6710 6670
f 6668 6711 6679
f 6679 6711 6712
f 6713 6672 6710
f 6710 6672 6670
f 6714 6671 6705
f 6705 6671 6673
f 6628 6631 6674
f 6674 6631 6675
f 6705 6673 6709
f 6709 6673 6677
f 6631 6630 6675
f 6675 6630 6678
f 6712 6708 6679
f 6679 6708 6676
f 6625 6715 6682
f 6682 6715 6683
f 6716 6717 6681
f 6681 6717 6691
f 6718 6684 6715
f 6715 6684 6683
f 6719 6680 6714
f 6714 6680 6685
f 6624 6627 6686
f 6686 6627 6687
f 6689 6711 6685
f 6685 6711 6714
f 6627 6626 6687
f 6687 6626 6690
f 6717 6712 6691
f 6691 6712 6688
f 6612 6707 6613
f 6613 6707 6706
f 6616 6696 6617
f 6617 6696 6694
f 6703 6700 6620
f 6620 6700 6621
f 6715 6625 6718
f 6718 6625 6624
f 6710 6629 6713
f 6713 6629 6628
f 6639 6635 6636
f 6636 6635 6634
f 6641 6640 6642
f 6642 6640 6643
f 6654 6655 6644
f 6644 6655 6645
f 6651 6650 6648
f 6648 6650 6649
f 6659 6658 6663
f 6663 6658 6660
f 6665 6667 6664
f 6664 6667 6666
f 6678 6669 6679
f 6679 6669 6668
f 6673 6672 6677
f 6677 6672 6674
f 6690 6682 6691
f 6691 6682 6681
f 6685 6684 6689
f 6689 6684 6686
f 6636 6634 6617
f 6617 6634 6618
f 6638 6698 6639
f 6639 6698 6695
f 6640 6696 6643
f 6643 6696 6616
f 6693 6699 6632
f 6632 6699 6642
f 6655 6622 6645
f 6645 6622 6621
f 6704 6701 6647
f 6647 6701 6644
f 6651 6648 6620
f 6620 6648 6703
f 6650 6653 6699
f 6699 6653 6697
f 6613 6660 6614
f 6614 6660 6658
f 6663 6662 6701
f 6701 6662 6702
f 6665 6707 6667
f 6667 6707 6612
f 6705 6709 6656
f 6656 6709 6666
f 6630 6629 6678
f 6678 6629 6669
f 6714 6711 6671
f 6671 6711 6668
f 6672 6713 6674
f 6674 6713 6628
f 6677 6676 6709
f 6709 6676 6708
f 6626 6625 6690
f 6690 6625 6682
f 6680 6719 6681
f 6681 6719 6716
f 6684 6718 6686
f 6686 6718 6624
f 6711 6689 6712
f 6689 6688 6712
f 6593 6720 6594
f 6594 6720 6721
f 6722 6720 4607
f 4607 6720 4849
f 6592 6723 6722
f 6722 6723 6724
f 4610 4609 6578
f 6578 4609 6575
f 6596 6595 6580
f 6580 6595 6579
f 4618 4617 6584
f 6584 4617 6581
f 6589 6585 6586
f 6586 6585 6606
f 4622 4619 6588
f 6588 4619 6589
f 4622 6588 4623
f 4623 6588 6590
f 4609 4645 6575
f 6575 4645 6593
f 4617 4612 6581
f 6581 4612 6579
f 5004 4610 6597
f 6597 4610 6578
f 4645 4849 6593
f 6593 4849 6720
f 6724 6721 6722
f 6722 6721 6720
f 6722 4607 6592
f 6592 4607 4606
f 6725 6610 6721
f 6721 6610 6594
f 6723 6726 6724
f 6724 6726 6727
f 6727 6725 6724
f 6724 6725 6721
f 6728 6729 6605
f 6605 6729 6608
f 6605 6607 6728
f 6728 6607 6730
f 6731 6732 6604
f 6604 6732 6603
f 6733 6734 6725
f 6725 6734 6610
f 6735 6733 6727
f 6727 6733 6725
f 6735 6727 6736
f 6736 6727 6726
f 6591 6609 6723
f 6723 6609 6726
f 6723 6592 6591
f 6591 6592 6590
f 6738 6739 6737
f 6737 6739 6740
f 6740 6739 6742
f 6742 6739 6741
f 6743 6744 6741
f 6741 6744 6742
f 6745 6746 6743
f 6743 6746 6744
f 6747 6748 6745
f 6745 6748 6746
f 6749 6750 6747
f 6747 6750 6748
f 6752 6738 6751
f 6751 6738 6737
f 6754 6752 6753
f 6753 6752 6751
f 6756 6754 6755
f 6755 6754 6753
f 6758 6750 6757
f 6757 6750 6749
f 6760 6756 6759
f 6759 6756 6755
f 6762 6760 6761
f 6761 6760 6759
f 6764 6762 6763
f 6763 6762 6761
f 6757 6764 6758
f 6758 6764 6763
f 6766 6741 6765
f 6765 6741 6739
f 6767 6743 6766
f 6766 6743 6741
f 6768 6745 6767
f 6767 6745 6743
f 6769 6747 6768
f 6768 6747 6745
f 6770 6749 6769
f 6769 6749 6747
f 6772 6769 6771
f 6771 6769 6768
f 6773 6770 6772
f 6772 6770 6769
f 6774 6775 6772
f 6772 6775 6773
f 6777 6778 6776
f 6776 6778 6779
f 6775 6774 6778
f 6778 6774 6779
f 6771 6780 6772
f 6772 6780 6774
f 6780 6781 6774
f 6774 6781 6779
f 6781 6782 6779
f 6779 6782 6776
f 6784 6785 6783
f 6783 6785 6786
f 6786 6787 6783
f 6783 6787 6788
f 6790 6788 6789
f 6789 6788 6787
f 6786 6785 6791
f 6791 6785 6792
f 6791 6793 6786
f 6786 6793 6787
f 6793 6794 6787
f 6787 6794 6789
f 6795 6796 6794
f 6794 6796 6789
f 6790 6789 6797
f 6797 6789 6796
f 6798 6765 6738
f 6738 6765 6739
f 6799 6798 6752
f 6752 6798 6738
f 6767 6800 6768
f 6768 6800 6771
f 6766 6801 6767
f 6767 6801 6800
f 6802 6801 6765
f 6765 6801 6766
f 6798 6803 6765
f 6765 6803 6802
f 6804 6803 6799
f 6799 6803 6798
f 6805 6806 6804
f 6804 6806 6803
f 6807 6799 6754
f 6754 6799 6752
f 6808 6804 6807
f 6807 6804 6799
f 6809 6805 6808
f 6808 6805 6804
f 6810 6811 6805
f 6805 6811 6806
f 6812 6813 6810
f 6810 6813 6811
f 6814 6815 6796
f 6796 6815 6797
f 6813 6814 6816
f 6816 6814 6817
f 6816 6818 6813
f 6813 6818 6811
f 6819 6806 6818
f 6818 6806 6811
f 6802 6803 6819
f 6819 6803 6806
f 6757 6749 6820
f 6820 6749 6770
f 6820 6770 6821
f 6821 6770 6773
f 6821 6773 6822
f 6822 6773 6775
f 6822 6775 6823
f 6823 6775 6778
f 6824 6823 6777
f 6777 6823 6778
f 6784 6825 6777
f 6777 6825 6824
f 6826 6827 6788
f 6788 6827 6783
f 6828 6826 6790
f 6790 6826 6788
f 6829 6828 6797
f 6797 6828 6790
f 6815 6830 6797
f 6797 6830 6829
f 6832 6812 6831
f 6831 6812 6810
f 6831 6810 6809
f 6809 6810 6805
f 6736 6800 6735
f 6735 6800 6801
f 6733 6735 6802
f 6802 6735 6801
f 6734 6733 6819
f 6819 6733 6802
f 6833 6734 6818
f 6818 6734 6819
f 6834 6833 6816
f 6816 6833 6818
f 6816 6817 6834
f 6834 6817 6835
f 6837 6795 6836
f 6836 6795 6794
f 6836 6794 6731
f 6731 6794 6793
f 6732 6731 6791
f 6791 6731 6793
f 6791 6792 6732
f 6732 6792 6730
f 6729 6728 6781
f 6781 6728 6782
f 6838 6807 6756
f 6756 6807 6754
f 6839 6838 6760
f 6760 6838 6756
f 6840 6839 6762
f 6762 6839 6760
f 6841 6840 6764
f 6764 6840 6762
f 6820 6841 6757
f 6757 6841 6764
f 6841 6820 6842
f 6842 6820 6821
f 6840 6841 6843
f 6843 6841 6842
f 6839 6840 6844
f 6844 6840 6843
f 6838 6839 6845
f 6845 6839 6844
f 6807 6838 6808
f 6808 6838 6845
f 6842 6821 6846
f 6846 6821 6822
f 6843 6842 6847
f 6847 6842 6846
f 6844 6843 6848
f 6848 6843 6847
f 6845 6844 6849
f 6849 6844 6848
f 6808 6845 6809
f 6809 6845 6849
f 6850 6831 6849
f 6849 6831 6809
f 6851 6850 6848
f 6848 6850 6849
f 6847 6852 6848
f 6848 6852 6851
f 6853 6852 6846
f 6846 6852 6847
f 6846 6822 6853
f 6853 6822 6823
f 6853 6823 6854
f 6854 6823 6824
f 6854 6855 6853
f 6853 6855 6852
f 6856 6851 6855
f 6855 6851 6852
f 6856 6857 6851
f 6851 6857 6850
f 6857 6832 6850
f 6850 6832 6831
f 6825 6858 6824
f 6824 6858 6854
f 6860 6827 6859
f 6859 6827 6826
f 6859 6826 6861
f 6861 6826 6828
f 6862 6861 6829
f 6829 6861 6828
f 6830 6863 6829
f 6829 6863 6862
f 6863 6864 6862
f 6862 6864 6865
f 6858 6866 6854
f 6854 6866 6855
f 6867 6865 6866
f 6866 6865 6864
f 6869 6859 6868
f 6868 6859 6861
f 6867 6869 6865
f 6865 6869 6868
f 6861 6862 6868
f 6868 6862 6865
f 6867 6860 6869
f 6869 6860 6859
f 6753 6751 6698
f 6698 6751 6695
f 6697 6755 6698
f 6698 6755 6753
f 6759 6755 6702
f 6702 6755 6697
f 6761 6759 6708
f 6708 6759 6702
f 6763 6761 6712
f 6712 6761 6708
f 6758 6763 6717
f 6717 6763 6712
f 6750 6758 6716
f 6716 6758 6717
f 6719 6748 6716
f 6716 6748 6750
f 6714 6746 6719
f 6719 6746 6748
f 6705 6744 6714
f 6714 6744 6746
f 6704 6742 6705
f 6705 6742 6744
f 6740 6742 6693
f 6693 6742 6704
f 6737 6740 6692
f 6692 6740 6693
f 6751 6737 6695
f 6695 6737 6692
f 6601 6602 6836
f 6836 6602 6837
f 6604 6601 6731
f 6731 6601 6836
f 6599 6600 6834
f 6834 6600 6833
f 6834 6835 6599
f 6599 6835 6611
f 6600 6610 6833
f 6833 6610 6734
f 6780 6771 6870
f 6870 6771 6736
f 6736 6771 6800
f 6870 6729 6780
f 6780 6729 6781
f 6608 6729 6609
f 6609 6729 6870
f 6609 6870 6726
f 6726 6870 6736
f 5014 5015 5229
f 5229 5015 5230
f 4258 5015 4259
f 4259 5015 4878
f 3471 3013 4703
f 4703 3013 4704
f 2879 6337 1306
f 1306 6337 4785
f 829 3471 4316
f 4316 3471 4703
f 4702 3472 5223
f 5223 3472 1756
f 6871 6872 4534
f 4534 6872 4535
f 6871 4665 6872
f 6872 4665 4844
f 6871 6873 4665
f 4665 6873 4559
f 6871 4534 6873
f 6873 4534 4542
f 4153 4152 4822
f 4822 4152 4407
f 4152 4168 4407
f 4407 4168 4342
f 4343 4168 4923
f 4923 4168 4167
f 4363 4362 4972
f 4972 4362 4840
f 4362 4394 4840
f 4840 4394 4839
f 4401 4400 4986
f 4986 4400 4984
f 4435 4434 4841
f 4841 4434 4842
f 4506 4505 4530
f 4530 4505 4531
f 4506 4535 4507
f 4507 4535 4843
f 4661 4660 4516
f 4516 4660 4517
f 4673 4672 4937
f 4937 4672 6547
f 4400 4924 4984
f 4984 4924 5263
f 4673 4660 4674
f 4674 4660 4659
f 4505 4661 4531
f 4531 4661 4516
f 4952 4401 6874
f 6874 4401 4986
f 4954 4153 6875
f 6875 4153 4822
f 4363 4973 4364
f 4364 4973 4974
f 5264 4924 5267
f 5267 4924 4691
f 6293 6292 6876
f 6876 6292 6877
f 6380 4343 6387
f 6387 4343 4923
f 4394 4435 4839
f 4839 4435 4841
f 4672 4434 6547
f 6547 4434 4433
f 4973 6556 4974
f 4974 6556 6878
f 6567 6380 6574
f 6574 6380 6387
f 6292 4954 6877
f 6877 4954 6875
f 6567 5264 6568
f 6568 5264 5267
f 4145 4144 4154
f 4154 4144 4151
f 4194 4144 4425
f 4425 4144 4143
f 4355 4354 5263
f 5263 4354 4984
f 4360 4359 4364
f 4364 4359 4361
f 4444 4359 4392
f 4392 4359 4337
f 4447 4446 4432
f 4432 4446 4433
f 4464 4463 6547
f 6547 4463 4937
f 4519 4518 4654
f 4654 4518 4509
f 4533 4532 4499
f 4499 4532 4498
f 4533 4542 4530
f 4530 4542 4534
f 4519 4532 4516
f 4516 4532 4531
f 4922 4194 4426
f 4426 4194 4425
f 4463 4518 4937
f 4937 4518 4517
f 6555 4951 6874
f 6874 4951 6878
f 4958 4957 6290
f 6290 4957 6291
f 4334 4360 4712
f 4712 4360 4950
f 4985 4354 4419
f 4419 4354 4353
f 5262 4355 5265
f 5265 4355 5263
f 6294 4958 4804
f 4804 4958 6290
f 6386 4922 6384
f 6384 4922 4426
f 4444 4447 4393
f 4393 4447 4432
f 4464 4446 4465
f 4465 4446 4445
f 4985 6555 4986
f 4986 6555 6874
f 6573 6386 6571
f 6571 6386 6384
f 4145 6294 4146
f 4146 6294 4804
f 6573 5262 6574
f 6574 5262 5265
f 4542 4541 6873
f 6873 4541 4559
f 4535 6872 4843
f 4843 6872 4844
f 4104 4103 6879
f 6879 4103 6343
f 4105 6293 6307
f 6307 6293 6876
f 4104 4956 4105
f 4105 4956 6293
f 4956 4104 4957
f 4957 4104 6879
f 4957 6879 6291
f 6291 6879 6309
f 4648 4988 4649
f 4649 4988 4953
f 4802 4803 4928
f 4928 4803 6550
f 6550 4803 6555
f 6555 4803 4951
f 1516 3173 4987
f 4987 3173 5006
f 6519 6518 6558
f 6558 6518 6510
f 6527 6519 6559
f 6559 6519 6558
f 6528 6560 6529
f 6529 6560 6541
f 6548 4625 6549
f 6549 4625 4624
f 6551 6552 4746
f 4746 6552 6505
f 6553 4711 6554
f 6554 4711 4710
f 4802 6551 4713
f 4713 6551 4746
f 6556 4973 4649
f 4649 4973 4646
f 6557 4949 6548
f 6548 4949 4625
f 4648 4647 6553
f 6553 4647 4711
f 6549 4624 4987
f 4987 4624 4838
f 6552 6518 6505
f 6505 6518 6507
f 6561 4372 6529
f 6529 4372 6514
f 6562 4369 6561
f 6561 4369 4372
f 3142 3482 6562
f 6562 3482 4369
f 6556 4952 6878
f 6878 4952 6874
f 4951 4950 6878
f 6878 4950 4974
f 3168 440 3952
f 4204 4203 5341
f 5341 4203 6364
f 4219 4222 6429
f 6429 4222 4383
f 4319 4322 6506
f 6506 4322 4747
f 4340 4714 4341
f 4341 4714 4384
f 4375 4377 6388
f 6388 4377 6546
f 4378 4381 6311
f 6311 4381 4720
f 4449 4341 4387
f 4387 4341 4384
f 4473 4472 4477
f 4477 4472 4474
f 4492 4491 4487
f 4487 4491 4488
f 4523 4491 4522
f 4522 4491 4490
f 4492 4538 4493
f 4493 4538 4555
f 4538 4553 4555
f 4555 4553 4556
f 4620 4615 4621
f 4621 4615 4618
f 4652 4651 4368
f 4368 4651 4365
f 4523 4655 4524
f 4524 4655 4656
f 4553 4667 4556
f 4556 4667 4571
f 4651 1210 4365
f 4365 1210 1209
f 4698 4697 5223
f 5223 4697 6344
f 4340 4339 4322
f 4322 4339 4747
f 4726 4729 5287
f 5287 4729 4198
f 4381 4380 4737
f 4737 4380 6368
f 4836 4835 4451
f 4451 4835 4709
f 4910 6367 4911
f 4911 6367 6366
f 4912 4915 6450
f 6450 4915 6449
f 4927 4836 4450
f 4450 4836 4451
f 4930 4929 4439
f 4439 4929 4436
f 4936 4935 4459
f 4459 4935 4456
f 4473 4655 4470
f 4470 4655 4510
f 4942 4583 4943
f 4943 4583 4572
f 4948 4601 4947
f 4947 4601 4584
f 4949 4835 4625
f 4625 4835 4626
f 4966 4969 6289
f 6289 4969 4695
f 4971 4652 4926
f 4926 4652 4368
f 4203 4977 6364
f 6364 4977 6365
f 4990 4989 4443
f 4443 4989 4440
f 4990 4991 4478
f 4478 4991 4512
f 4992 4991 4528
f 4528 4991 4515
f 4992 4993 4527
f 4527 4993 4485
f 4994 4993 4502
f 4502 4993 4503
f 4994 4995 4482
f 4482 4995 4550
f 4543 4996 4544
f 4544 4996 4995
f 4999 4998 4567
f 4567 4998 4578
f 5000 4998 4575
f 4575 4998 4997
f 5002 5001 4592
f 4592 5001 4574
f 5003 5004 4614
f 4614 5004 4611
f 3483 4215 1755
f 1755 4215 4698
f 5274 5277 4195
f 4195 5277 4223
f 4726 5295 4727
f 4727 5295 6350
f 5309 5342 5310
f 5310 5342 6363
f 5315 5314 5316
f 5316 5314 5317
f 5339 6362 5340
f 5340 6362 5363
f 5310 6363 5339
f 5339 6363 6362
f 4204 5309 4201
f 4201 5309 5308
f 4915 5345 6449
f 6449 5345 6448
f 5345 5315 6448
f 6448 5315 5316
f 5348 5347 6351
f 6351 5347 6352
f 5365 4263 5340
f 5340 4263 4262
f 6295 6298 4733
f 4733 6298 4734
f 4969 6306 4695
f 4695 6306 4696
f 6306 4378 4696
f 4696 4378 6311
f 6369 6372 6544
f 6544 6372 6545
f 4375 6390 4373
f 4373 6390 4374
f 6421 6422 4911
f 4911 6422 4908
f 4910 4909 4737
f 4737 4909 4736
f 5277 4219 4223
f 4223 4219 6429
f 4697 4222 6344
f 6344 4222 4221
f 6436 6361 6437
f 6437 6361 6360
f 6438 6440 6437
f 6437 6440 6434
f 6438 6359 6441
f 6441 6359 6358
f 6442 6441 6357
f 6357 6441 6358
f 6442 6444 6443
f 6443 6444 6445
f 6446 6444 6355
f 6355 6444 6356
f 6446 4912 6447
f 6447 4912 6450
f 6436 6435 5365
f 5365 6435 4263
f 5314 5347 5317
f 5317 5347 5346
f 4319 6512 4320
f 4320 6512 6513
f 6520 6512 6521
f 6521 6512 6508
f 6528 6520 6527
f 6527 6520 6521
f 6532 6539 6533
f 6533 6539 6535
f 6533 6535 6537
f 6537 6535 6534
f 6538 6543 6537
f 6537 6543 6536
f 6295 4377 6296
f 6296 4377 4376
f 4989 4930 4440
f 4440 4930 4439
f 4927 4929 4422
f 4422 4929 4455
f 4449 4936 4388
f 4388 4936 4459
f 4472 4935 4474
f 4474 4935 4932
f 4942 4940 4947
f 4947 4940 4939
f 5001 5000 4574
f 4574 5000 4575
f 4669 4943 4666
f 4666 4943 4667
f 4996 4999 4547
f 4547 4999 4567
f 4948 4946 4620
f 4620 4946 4615
f 5003 5002 4591
f 4591 5002 4592
f 6557 4971 6554
f 6554 4971 4926
f 6532 6560 6539
f 6539 6560 6559
f 6390 6372 4374
f 4374 6372 6371
f 4966 6298 4967
f 4967 6298 6297
f 6538 6526 6369
f 6369 6526 6370
f 6585 6589 4621
f 4621 6589 4619
f 6597 6578 6598
f 6598 6578 6577
f 6606 6583 6607
f 6607 6583 6603
f 6611 6602 6598
f 6598 6602 6596
f 6585 6584 6606
f 6606 6584 6583
f 6597 6580 5004
f 5004 6580 4611
f 6607 6603 6730
f 6730 6603 6732
f 6776 6785 6777
f 6777 6785 6784
f 6785 6776 6792
f 6792 6776 6782
f 6815 6814 6812
f 6812 6814 6813
f 6817 6814 6795
f 6795 6814 6796
f 6825 6784 6827
f 6827 6784 6783
f 6830 6815 6832
f 6832 6815 6812
f 6817 6795 6835
f 6835 6795 6837
f 6792 6782 6730
f 6730 6782 6728
f 6858 6825 6860
f 6860 6825 6827
f 6863 6830 6857
f 6857 6830 6832
f 6864 6863 6856
f 6856 6863 6857
f 6866 6858 6867
f 6867 6858 6860
f 6866 6864 6855
f 6855 6864 6856
f 6835 6837 6611
f 6611 6837 6602
f 6560 6528 6559
f 6559 6528 6527
f 4949 6557 4710
f 4710 6557 6554
f 4430 4090 4175
f 4175 4090 4089
f 4777 4113 4155
f 4155 4113 4086
f 4175 4089 4176
f 4176 4089 4142
f 4199 4271 4200
f 4200 4271 4798
f 4199 4095 4272
f 4272 4095 5273
f 4406 4405 4404
f 4404 4405 4346
f 4410 4409 6877
f 6877 4409 6876
f 4409 4413 6876
f 6876 4413 6307
f 4415 4148 4416
f 4416 4148 4147
f 4690 4405 4344
f 4344 4405 4342
f 4693 4692 4352
f 4352 4692 4349
f 4701 4700 6337
f 6337 4700 6338
f 4778 4777 4081
f 4081 4777 4155
f 4821 4406 4809
f 4809 4406 4404
f 4176 4142 4181
f 4181 4142 4415
f 4760 4970 4399
f 4399 4970 4692
f 4200 5007 4096
f 4096 5007 4078
f 5266 4693 5269
f 5269 4693 4352
f 5270 5007 5361
f 5361 5007 4797
f 4778 5270 4779
f 4779 5270 5361
f 6285 4410 6875
f 6875 4410 6877
f 6308 4413 4687
f 4687 4413 4412
f 6480 6320 6481
f 6481 6320 6880
f 4701 2878 4702
f 4702 2878 3472
f 6339 6347 6340
f 6340 6347 6348
f 6341 6342 6346
f 6346 6342 6345
f 4416 6308 4414
f 4414 6308 4687
f 6385 4690 6381
f 6381 4690 4344
f 5282 6341 5280
f 5280 6341 6339
f 4700 6342 6338
f 6338 6342 5281
f 6340 6348 4272
f 4272 6348 4270
f 6480 6479 4828
f 4828 6479 4829
f 6490 6479 6489
f 6489 6479 6478
f 4090 4430 6490
f 6490 4430 4429
f 6563 6564 4970
f 4970 6564 4815
f 4694 6566 4366
f 4366 6566 6563
f 6572 6385 6568
f 6568 6385 6381
f 4821 6285 4822
f 4822 6285 6875
f 6572 5266 6569
f 6569 5266 5269
f 3482 3103 4369
f 4369 3103 4370
f 3121 4730 3485
f 3485 4730 4327
f 6277 6280 6273
f 6273 6280 6272
f 6267 6276 6278
f 6278 6276 6279
f 6278 6279 6277
f 6277 6279 6280
f 6279 6256 6280
f 6280 6256 6255
f 6256 3857 6255
f 6255 3857 3754
f 3857 3856 3754
f 3754 3856 3755
f 3856 3703 3755
f 3755 3703 3863
f 3703 3702 3863
f 3863 3702 3759
f 3702 3706 3759
f 3759 3706 3670
f 3706 3705 3670
f 3670 3705 3668
f 3705 3773 3668
f 3668 3773 3882
f 3882 3773 3883
f 3883 3773 3707
f 3707 3708 3883
f 3883 3708 3880
f 3708 3710 3880
f 3880 3710 3881
f 3709 5241 3710
f 3710 5241 3881
f 5241 3709 5234
f 5234 3709 3786
f 3693 3712 3786
f 3786 3712 5234
f 4051 4055 4052
f 4052 4055 4056
f 4056 4055 4057
f 4057 4055 4054
f 4066 5238 5236
f 5236 5238 3989
f 4066 4069 5238
f 5238 4069 4035
f 6881 3962 3960
f 3960 3962 3957
f 6883 4070 6882
f 6882 4070 3941
f 4070 6883 4071
f 4071 6883 6884
f 4071 6884 4072
f 4072 6884 6885
f 6885 6886 4072
f 4072 6886 4031
f 3955 6881 3956
f 3956 6881 3960
f 6884 3991 6885
f 6885 3991 3990
f 6883 6887 6884
f 6884 6887 3991
f 6887 6888 3991
f 3991 6888 3992
f 6888 6887 6889
f 6889 6887 6890
f 6887 6883 6890
f 6890 6883 6882
f 4058 5240 3953
f 3953 5240 3954
f 5236 6888 5239
f 5239 6888 6889
f 5237 6886 3990
f 3990 6886 6885
f 4034 4031 5237
f 5237 4031 6886
f 6881 6882 3962
f 3962 6882 3941
f 6881 3955 6882
f 6882 3955 6890
f 3955 3954 6890
f 6890 3954 6889
f 5239 6889 5240
f 5240 6889 3954
f 6888 5236 3992
f 3992 5236 3989
f 3869 3868 3888
f 3888 3868 4015
f 3868 4012 4015
f 4015 4012 4010
f 4012 4022 4010
f 4010 4022 4009
f 4022 4021 4009
f 4009 4021 4018
f 4020 3974 4001
f 4001 3974 3996
f 4021 4020 4029
f 4029 4020 4001
f 4085 4156 4086
f 4086 4156 4155
f 4113 4777 4114
f 4114 4777 4776
f 4130 4129 4094
f 4094 4129 4091
f 4139 4773 4140
f 4140 4773 4772
f 4149 4178 4150
f 4150 4178 5225
f 4160 4159 4087
f 4087 4159 4088
f 4149 4148 4179
f 4179 4148 4141
f 4085 4084 4183
f 4183 4084 6315
f 4179 4141 4159
f 4159 4141 4088
f 4192 4130 4162
f 4162 4130 4094
f 4197 5288 4198
f 4198 5288 5287
f 4229 4766 4230
f 4230 4766 4771
f 4245 4246 4242
f 4242 4246 4249
f 4183 6315 4418
f 4418 6315 6314
f 4679 4178 4680
f 4680 4178 4177
f 4724 4798 4725
f 4725 4798 4271
f 4728 5275 4729
f 4729 5275 5274
f 4230 4771 4249
f 4249 4771 4242
f 4724 4723 4799
f 4799 4723 5355
f 4823 4824 4891
f 4891 4824 6327
f 4823 4192 4161
f 4161 4192 4162
f 4893 4767 4229
f 4229 4767 4766
f 4894 4895 4898
f 4898 4895 4899
f 4106 4150 4103
f 4103 4150 5225
f 4680 4894 4677
f 4677 4894 4898
f 6420 4977 5301
f 5301 4977 4976
f 4679 4678 5226
f 5226 4678 4427
f 5228 5008 4893
f 4893 5008 4767
f 5285 6354 5286
f 5286 6354 5343
f 5289 5352 5290
f 5290 5352 5349
f 5290 5349 5295
f 5295 5349 5348
f 5302 5299 4202
f 4202 5299 4976
f 4725 4271 5311
f 5311 4271 4270
f 5325 4723 5326
f 5326 4723 4722
f 5335 5355 5325
f 5325 5355 4723
f 5326 4722 5286
f 5286 4722 5283
f 4799 5357 4797
f 4797 5357 5361
f 5359 5356 5335
f 5335 5356 5355
f 4775 4774 5356
f 5356 4774 5357
f 5359 5358 4092
f 4092 5358 4093
f 6316 4740 6317
f 6317 4740 4739
f 6318 4827 6316
f 6316 4827 4740
f 6319 4828 6318
f 6318 4828 4827
f 6320 6480 6319
f 6319 6480 4828
f 6484 6322 6485
f 6485 6322 6321
f 6487 6324 6331
f 6331 6324 6323
f 6331 6323 6330
f 6330 6323 6325
f 6325 6326 6330
f 6330 6326 6329
f 6326 6328 6329
f 6329 6328 5231
f 4824 4685 5228
f 5228 4685 5008
f 5226 6343 5225
f 5225 6343 4103
f 4728 4727 6349
f 6349 4727 5284
f 6350 6351 5285
f 5285 6351 6354
f 4247 4246 6418
f 6418 4246 6365
f 6400 6402 6401
f 6401 6402 6459
f 4197 4196 6409
f 6409 4196 6426
f 6412 4897 6328
f 6328 4897 5231
f 6413 4133 6412
f 6412 4133 4897
f 6414 4134 6413
f 6413 4134 4133
f 6415 4225 6414
f 6414 4225 4134
f 6416 4252 6415
f 6415 4252 4225
f 6417 4253 6416
f 6416 4253 4252
f 4253 6417 6366
f 6366 6417 6419
f 6366 6419 4911
f 4911 6419 6421
f 6422 6423 4908
f 4908 6423 5298
f 5298 6423 6396
f 6396 6423 6424
f 6409 6426 6425
f 6425 6426 6397
f 5300 5299 6399
f 6399 5299 6400
f 6465 6408 6401
f 6401 6408 6398
f 6424 6399 6425
f 6425 6399 6398
f 6349 5284 5311
f 5311 5284 5283
f 6465 6464 5289
f 5289 6464 5352
f 6488 6483 6492
f 6492 6483 6482
f 6486 6491 6482
f 6482 6491 6492
f 6491 4895 6492
f 6492 4895 4157
f 6488 4160 6489
f 6489 4160 4087
f 6501 6502 4418
f 4418 6502 4417
f 6504 6500 6317
f 6317 6500 6314
f 3497 3496 6501
f 6501 3496 6502
f 3499 3498 6504
f 6504 3498 6500
f 4729 5274 4198
f 4198 5274 4195
f 6418 6365 6420
f 6420 6365 4977
f 5295 5348 6350
f 6350 5348 6351
f 5301 6422 6420
f 6420 6422 6421
f 4113 4112 4086
f 4086 4112 4083
f 6320 4112 6880
f 6880 4112 4111
f 4091 4772 4092
f 4092 4772 4775
f 4129 4140 4091
f 4091 4140 4772
f 4137 4140 4128
f 4128 4140 4129
f 4128 6324 4137
f 4137 6324 6321
f 6324 6487 6321
f 6321 6487 6485
f 6487 6486 6485
f 6485 6486 6482
f 4774 4773 4779
f 4779 4773 4776
f 4773 4139 4776
f 4776 4139 4114
f 4139 4138 4114
f 4114 4138 4111
f 4138 6322 4111
f 4111 6322 6880
f 6322 6484 6880
f 6880 6484 6481
f 6484 6483 6481
f 6481 6483 6478
f 6879 6343 6309
f 6309 6343 4428
f 4106 4105 4900
f 4900 4105 6307
f 3500 3167 6495
f 6495 3167 6496
f 3500 6495 3070
f 3070 6495 5368
f 3502 5235 3501
f 3501 5235 4813
f 3024 3503 6473
f 6473 3503 6474
f 3503 3023 6474
f 6474 3023 6374
f 3504 1770 4348
f 4348 1770 4345
f 3502 3505 5235
f 5235 3505 4810
f 3498 3497 6500
f 6500 3497 6501
f 3496 3075 6502
f 6502 3075 6275
f 6299 4254 3174
f 3174 4254 3017
f 1769 3501 4814
f 4814 3501 4813
f 3506 3018 6476
f 6476 3018 4257
f 3507 3499 6499
f 6499 3499 6504
f 3030 4216 3483
f 3483 4216 4215
f 3077 3507 6333
f 6333 3507 6499
f 1784 3160 5249
f 5249 3160 6523
f 3015 3506 4240
f 4240 3506 6476
f 3508 3504 6383
f 6383 3504 4348
f 3509 3016 6477
f 6477 3016 4239
f 3028 3509 6467
f 6467 3509 6477
f 3022 1785 5246
f 5246 1785 5247
f 3161 3508 6570
f 6570 3508 6383
f 3150 3149 4694
f 4694 3149 6566
f 1327 4807 3510
f 3510 4807 4811
f 3510 4811 3505
f 3505 4811 4810
f 3146 3511 4816
f 4816 3511 4350
f 3511 1808 4350
f 4350 1808 4351
f 3485 4327 3159
f 3159 4327 4330
f 1326 3512 4806
f 4806 3512 6310
f 3512 1331 6310
f 6310 1331 4688
