subject,sequence,tracker,num_gt_frames,num_pred_frames,num_matched_frames,coverage,match_strategy,num_dropped,mean_accel,mpvpe,pa_mpvpe,per_frame_pa_mpvpe,mpjpe,pa_mpjpe,per_frame_pa_mpjpe,status,error
00032,longshort_flying_eagle,wham,284,284,284,1.0,frame_ids,0,44.33287811279297,6410.8662109375,47.21025848388672,"[58.030018 45.921524 42.532017 43.395054 43.09111  42.013855 41.829666
 41.60578  41.05992  41.003105 41.191933 41.23925  42.578957 44.76141
 47.700356 51.308296 55.817368 55.500347 51.245197 48.691994 45.98359
 41.349922 36.82156  30.479342 28.399942 28.0995   29.440496 32.40057
 34.694923 35.42021  36.552666 37.03743  37.25624  38.67929  38.706463
 39.029247 39.729145 39.735184 39.40478  38.990704 38.437405 39.48365
 39.869576 40.705627 41.68102  42.847656 42.78968  41.61543  41.02376
 40.39413  39.24416  39.608456 38.748882 38.875034 40.72213  40.554806
 42.540802 42.988186 41.466278 39.8536   41.21091  39.3698   40.853687
 40.74544  42.30753  49.813297 56.0138   58.367695 59.54546  60.673615
 60.023266 59.808388 58.266052 56.816235 53.852352 52.439926 50.99138
 48.41811  46.181644 45.171406 46.11406  47.83064  49.89911  51.837414
 52.440605 51.769203 52.900368 51.791092 49.54934  51.09149  49.990936
 48.953735 45.511677 43.834454 42.81864  43.63909  45.39197  47.327415
 49.103767 50.69861  53.24532  56.23691  56.872086 57.11768  61.614277
 59.332413 57.858864 56.75403  55.634384 54.33706  53.934635 54.4452
 56.14937  55.464752 55.524887 55.406475 56.796368 57.696106 59.021458
 60.64063  61.53227  62.594055 60.89407  60.983044 61.950375 62.44611
 64.928055 63.35135  66.76431  67.58747  64.786804 61.848793 58.726974
 55.334343 55.159286 58.50503  61.647316 65.117325 67.92322  68.8943
 69.94787  69.59426  69.41537  68.10324  65.77971  61.216785 57.044403
 49.214058 43.78017  40.96647  38.270363 36.907173 36.369873 37.8708
 40.00601  45.318813 48.10766  50.59669  52.64123  52.943195 50.84487
 47.552876 45.15878  44.316193 43.975506 43.562134 44.3846   45.34426
 46.335487 47.3078   48.56249  49.280846 51.968216 51.789173 52.79797
 53.645874 55.410316 55.14678  56.010612 56.91249  57.618965 56.995228
 57.317165 56.446194 55.58858  55.40628  55.45744  56.625492 56.509396
 56.913734 57.430744 57.492813 58.39666  57.81401  56.22838  55.192665
 52.82377  51.303314 49.961704 49.08443  48.833492 48.773304 47.596756
 46.99062  45.523243 45.170307 44.389687 44.40057  44.47922  44.298264
 44.279327 44.380775 44.848812 46.11536  46.42085  47.773994 48.346268
 48.37655  47.82992  47.751133 47.360348 46.864025 46.834145 45.8647
 44.99682  43.051983 42.293827 41.141407 41.115673 40.208378 40.740314
 39.986378 40.52887  39.922543 39.908962 40.10178  38.785988 38.18855
 38.534447 38.257233 37.002888 36.47168  36.00716  35.57686  35.15311
 34.3648   34.60751  34.795876 35.236042 35.25956  35.970467 35.905743
 36.67148  37.00015  37.421436 38.021263 38.536045 38.237    38.901424
 38.816322 38.955235 38.619358 38.885235 39.14283  39.044876 39.44278
 39.388508 38.951733 38.775143 38.956837 39.26632  39.05355  39.184383
 39.17417  39.731037 39.45895  39.413155 39.448017 39.375557 39.57291
 39.67035  39.531693 39.025467 38.81635 ]",6453.02978515625,38.673736572265625,"[48.49712  38.372646 35.174625 34.969357 34.339478 33.425034 32.85936
 32.50067  31.821754 31.865808 31.60848  31.340834 31.636078 31.931017
 32.286724 32.41202  33.259823 31.804207 28.879496 27.394508 26.696346
 25.065718 23.58015  21.859022 22.214375 22.812614 24.342253 26.309288
 27.531904 27.314383 28.58101  28.38015  28.59409  30.039467 30.100723
 30.769388 30.996391 31.039282 30.612112 30.606916 29.765898 29.924223
 29.79106  30.033821 30.5331   31.267126 31.81525  32.237648 32.905273
 33.208298 32.769604 33.24013  32.268417 31.881071 33.197823 33.520844
 35.235195 36.455677 35.87439  35.447884 36.968018 36.693043 37.651093
 36.785107 35.496662 36.97707  39.253185 40.034508 40.20925  40.732845
 40.17869  40.331203 39.64668  39.293972 38.16118  37.956196 37.71784
 37.21634  37.094215 37.687416 40.173904 42.380543 43.894497 45.32809
 45.412575 44.835327 45.250465 44.4392   42.231117 43.892365 43.946636
 43.87304  41.660442 39.706295 37.905975 38.046047 38.894623 40.021805
 41.38368  42.779507 44.818398 46.52673  47.569653 48.313663 50.73556
 49.945724 49.827312 50.409748 50.278427 50.251457 50.807644 51.389694
 52.59164  52.75944  53.30181  53.378075 54.073418 54.274033 54.843273
 56.3076   57.467113 59.34148  58.90273  59.506298 60.515884 62.662193
 64.74493  64.063065 66.08114  65.84842  62.091957 58.194786 54.57954
 50.291687 48.442837 48.088207 48.122746 48.533337 48.54876  47.996758
 48.083286 47.412636 47.368195 46.27106  45.085026 42.922302 40.77213
 36.921875 34.028103 32.473747 30.874918 30.55122  30.801825 32.261112
 33.901302 36.96975  38.207333 39.796604 41.336704 41.817944 41.661343
 40.30304  39.356956 39.169506 39.849823 40.096317 41.629387 42.889687
 43.690567 44.593098 45.376    46.059723 47.92169  47.850292 48.547646
 49.44742  51.145645 51.417385 52.397747 53.815807 55.122826 55.233654
 55.40767  54.45663  53.517025 52.66981  52.15607  52.480057 52.472393
 52.529816 52.53507  52.046165 52.14044  51.435787 50.408695 49.28455
 47.433895 45.81653  44.062542 41.692394 40.46705  39.74995  38.11129
 37.202263 35.803356 34.898346 33.945557 32.982704 32.227573 31.474363
 31.040373 30.653492 30.8791   32.079582 32.777905 34.143597 34.89417
 35.339012 35.516903 36.10706  36.552204 36.47721  36.74455  36.149292
 35.5306   33.887466 33.175465 32.30255  32.083206 30.942417 31.465027
 30.890865 31.358969 31.063171 31.255424 31.467505 29.588741 29.256725
 29.149303 28.479105 27.79644  27.379726 27.051405 26.595413 26.632524
 26.230633 26.603245 26.675528 26.873901 27.20558  28.162996 28.371305
 29.01434  29.133074 29.283642 29.324263 29.807732 30.061056 30.549755
 30.552395 30.605108 30.684767 30.77213  30.857065 30.82566  31.077833
 30.919617 30.793129 30.36439  30.755728 30.913399 30.530306 30.954437
 30.821785 31.42529  30.782581 31.257578 31.071259 31.0579   31.367994
 31.08546  30.944221 30.196733 30.114971]",ok,
00032,shortlong_hips,wham,293,293,293,1.0,frame_ids,0,14.811654090881348,5923.6826171875,34.0901985168457,"[31.550076 26.057074 24.19133  24.524586 24.5771   24.687557 24.921415
 25.031637 24.90939  25.226368 25.340239 25.419565 25.616858 25.813343
 25.989937 26.3619   26.58003  26.97406  27.581362 28.545975 29.559477
 30.52834  31.512053 32.49432  33.59388  34.61645  35.63199  36.553246
 37.250618 37.988937 38.59037  39.122192 39.32303  39.342075 39.53656
 39.906986 40.148823 40.33897  40.482273 40.279083 39.675785 39.276474
 38.2036   36.62493  35.193985 33.82493  32.240494 30.832561 29.469728
 28.110386 26.92686  25.896534 25.091743 24.323654 23.840721 23.593967
 23.670877 24.077795 24.898058 25.469166 26.817999 27.364267 27.893736
 28.92478  29.815065 29.99731  30.294424 30.74727  31.01245  31.297743
 31.469822 32.268326 32.869926 33.965794 34.94355  36.021523 36.544666
 36.775856 37.672523 38.49064  39.11357  39.92177  40.36606  40.447693
 39.943188 39.088497 38.474255 37.69668  37.044716 36.475002 35.434494
 34.11248  33.23564  31.998173 30.601124 29.53614  28.709593 28.218618
 28.03166  27.775278 27.82024  28.038324 28.507986 29.029226 30.196342
 31.16569  32.4929   33.60941  34.84814  36.155075 37.458225 38.58583
 39.582012 40.438328 41.21709  41.601982 41.49401  41.504585 41.03915
 40.473415 40.02111  39.60898  39.36235  39.58883  40.073715 40.43635
 40.251728 40.25624  40.063248 40.04617  40.106373 40.326233 40.512684
 41.09324  41.062355 40.86856  40.489155 39.82464  39.59781  38.32331
 37.37405  36.393803 35.203804 34.03867  32.963852 32.246887 31.637321
 31.119402 30.336508 30.136961 29.357174 29.105616 28.730824 28.70157
 28.720123 28.84587  28.975508 29.755766 30.78477  32.03981  33.241585
 34.506386 35.920517 36.557076 37.43428  37.821217 37.922222 38.128483
 38.71015  39.12308  39.450462 39.892845 39.999004 40.25879  40.45871
 40.60384  40.822765 40.863506 41.40957  41.252357 41.397343 41.279953
 41.28647  40.739323 40.661125 40.39742  40.244453 40.046078 40.052753
 39.9433   39.985508 39.51368  39.459343 39.7015   39.56544  39.66026
 40.131886 40.910324 41.223476 41.0485   40.546135 40.54556  39.877712
 39.861435 39.127956 38.48182  38.201458 37.469177 36.49689  35.53653
 34.54078  33.407978 32.31904  31.269949 30.668177 30.047329 29.300594
 28.686813 28.354914 28.173607 27.919865 27.607769 27.507322 27.220707
 27.17691  27.230652 27.389973 27.465916 27.503736 27.59407  27.688797
 28.025436 28.39124  28.921347 29.783766 30.232386 30.995243 31.338032
 32.000336 32.724716 33.47454  33.866474 34.564465 35.134296 35.738903
 36.392853 36.880585 37.34494  37.639748 37.904327 38.23512  38.29691
 38.204758 38.38788  38.2632   38.185986 37.91582  37.607162 37.258217
 36.830036 36.363907 35.951447 35.550682 35.127773 34.88426  34.410908
 34.225163 33.902313 33.63138  33.577263 33.41842  33.59033  33.39484
 33.028652 32.89199  32.57082  32.466736 32.189964 31.88765  31.772707
 31.497595 31.266577 31.001238 30.911266 30.635273 30.431625 30.2019
 29.988422 29.789719 29.65325  29.399406 29.242287 29.194332]",5975.19873046875,28.897497177124023,"[28.829283 23.503685 21.374504 21.179758 20.940908 20.798662 20.762573
 20.695908 20.581232 20.721523 20.810822 20.861626 21.067312 21.249079
 21.511019 21.98135  22.418638 22.968874 23.78197  24.742418 25.590544
 26.571608 27.455917 28.406197 29.376844 30.414818 31.474133 32.406723
 33.206207 33.984432 34.665237 35.1249   35.273483 35.25041  35.101265
 35.080616 35.114773 35.003136 34.919548 34.76362  34.24732  33.914845
 33.09379  31.937681 30.819221 29.754454 28.543638 27.536793 26.459843
 25.235891 24.281567 23.460136 22.622107 21.973944 21.475513 21.169712
 21.072493 21.305887 21.827883 22.260164 23.185482 23.583687 24.237976
 24.988567 25.72983  26.05051  26.553648 27.096294 27.595192 28.067
 28.310856 29.040724 29.5444   30.395622 31.168797 32.20275  32.71535
 33.030308 33.696617 34.369305 34.859344 35.406826 35.658577 35.62981
 35.282585 34.612736 34.140324 33.567047 33.069393 32.571587 31.63059
 30.327625 29.486135 28.19814  26.762062 25.507406 24.360186 23.485891
 22.931711 22.41651  22.217346 22.4384   22.981375 23.665167 24.704025
 25.848463 27.288166 28.643328 29.96851  31.414997 32.577892 33.70334
 34.666424 35.53321  36.20908  36.57418  36.497845 36.55554  36.164875
 35.738487 35.351833 34.947353 34.71099  34.687054 34.799194 34.931156
 34.63893  34.421085 34.13957  33.863243 33.677204 33.400173 33.087116
 33.013878 32.586483 31.832714 31.007061 29.873661 28.892294 27.425123
 26.251966 24.965902 23.882113 23.061298 22.610554 22.499668 22.333244
 22.27127  22.101612 22.3393   22.203848 22.451675 22.649221 23.044436
 23.489902 24.19807  24.761267 25.55302  26.584387 27.821243 29.06085
 30.291838 31.730965 32.289886 33.317204 33.9139   34.12506  34.55973
 35.356617 36.147354 36.69556  37.390778 37.786285 38.24858  38.54548
 38.816067 39.111897 39.176006 39.726185 39.559875 39.566082 39.23977
 39.280888 38.570427 38.12966  37.55479  37.03615  36.188477 35.59669
 34.913033 34.63731  33.807713 33.20077  33.006905 32.64175  32.294678
 32.347992 32.42436  32.39233  32.08758  31.463236 31.15405  30.143728
 29.576342 28.37796  27.371027 26.58986  25.586174 24.554453 23.731289
 22.836134 22.082132 21.423258 21.006456 20.846752 20.749184 20.482058
 20.441393 20.414858 20.628124 20.614044 20.504868 20.454449 20.22321
 20.107578 20.087206 20.243685 20.435215 20.46899  20.517836 20.63864
 20.951057 21.319603 21.99918  23.026743 23.723139 24.746767 25.39869
 26.340944 27.34415  28.461376 29.229538 30.162798 31.034088 32.05785
 33.035446 33.67673  34.510216 35.016727 35.304913 35.604137 35.68624
 35.566216 35.576935 35.368996 35.23709  34.88184  34.455467 34.10883
 33.55925  33.05487  32.519493 32.03923  31.563192 31.022825 30.494099
 30.129492 29.598394 29.169321 28.884253 28.557928 28.527824 28.165386
 27.782984 27.515242 27.14733  26.973896 26.581055 26.328295 26.210102
 25.851711 25.544067 25.289288 25.072134 24.766481 24.636244 24.462297
 24.193913 24.066904 23.942904 23.747154 23.559029 23.48732 ]",ok,
00032,shortshort_punching,wham,185,185,185,1.0,frame_ids,0,30.617483139038086,6066.07568359375,41.549373626708984,"[34.932903 28.055752 24.820457 25.095118 24.96605  24.184668 23.97212
 23.420765 22.9275   22.598597 22.226192 21.630095 21.579782 21.637522
 22.121777 23.067804 24.774662 28.914566 33.225056 36.259655 37.103264
 36.555782 34.095184 33.502636 35.104946 35.872784 36.268806 36.871487
 37.732777 39.31308  41.518173 44.004204 48.29828  50.49162  55.242302
 58.31785  58.604507 59.588497 58.605976 57.74669  57.53785  58.68532
 60.860714 63.31832  61.76212  61.147385 63.623764 68.20611  76.20853
 81.640785 83.98733  86.77989  87.702934 88.329926 85.242195 80.9305
 75.95169  70.988945 64.91601  58.93613  52.940025 48.301994 44.736713
 40.519535 38.79767  37.956955 37.50345  37.49756  37.90478  38.052998
 37.928036 38.3867   39.190815 41.26222  44.19234  46.354855 49.53946
 53.983982 56.329685 61.04964  65.81424  74.21922  82.91086  90.04997
 92.2907   86.6208   81.571846 79.844536 71.89298  64.31889  59.604313
 58.722534 60.68551  67.05294  77.347725 88.02407  89.56917  79.37105
 69.01013  58.551468 49.39125  42.831978 42.25826  46.062866 51.07941
 49.631332 48.10376  45.44419  41.312138 34.826893 30.667625 27.625103
 24.230795 22.04446  21.998917 22.754526 21.201967 20.246822 20.078234
 20.77806  21.849287 22.608662 23.125822 25.573984 25.955141 28.151302
 30.984467 32.976017 32.921406 31.821728 30.25542  28.087166 27.36503
 26.794283 26.149698 25.828243 25.633715 25.39161  25.223478 25.305065
 25.260195 25.15074  25.081928 25.03852  25.025446 25.343742 25.529516
 25.9107   25.961763 26.559683 27.002113 27.263342 27.616896 28.205334
 29.132988 29.771072 29.999872 31.033373 31.289455 31.155237 31.732082
 31.764668 31.86379  31.053637 30.886013 30.724619 30.244139 29.628916
 28.998524 28.34056  27.61925  27.54356  27.178345 26.757343 26.346022
 25.88885  25.783356 25.544245 25.55445  25.221611 25.012114 24.85898
 24.690823 24.74047  24.847078]",6118.8310546875,32.726566314697266,"[31.98721  26.095432 23.460114 23.035988 22.617943 21.870567 21.539263
 21.084614 20.752935 20.507015 20.164646 19.628836 19.537489 19.580652
 19.891726 20.593388 21.863396 24.538477 27.002798 28.56163  29.273548
 29.283434 28.223227 28.406769 29.68233  30.545414 31.203682 31.62857
 31.962547 32.630287 33.63462  34.866093 36.738632 37.63444  40.088787
 41.83779  41.61     41.920216 40.36331  38.84197  39.558804 41.29637
 43.65397  47.219322 47.358517 48.808235 53.021057 57.99526  64.69775
 68.11184  68.99703  71.267555 72.19542  73.25667  70.837585 67.94688
 64.17356  60.03332  54.417145 47.956932 41.796837 37.149445 33.389812
 29.341026 27.919485 27.237108 27.136663 27.449974 27.165987 27.41818
 27.770609 28.277985 29.706945 31.956326 34.25717  36.064194 38.365562
 41.506355 43.586815 47.17934  51.317642 57.559    63.65562  68.34611
 70.141594 66.43396  62.895565 62.610416 56.996864 51.513687 47.40961
 47.48645  48.749332 53.28966  60.701202 67.981514 69.21199  62.433006
 55.415173 48.280594 42.070927 36.8575   35.13859  35.733643 37.336613
 35.358006 33.49507  31.06137  28.263874 24.907434 23.258345 22.384832
 19.658651 18.291918 16.376616 17.674904 17.203352 16.65479  16.783094
 18.127083 18.804192 19.388853 19.767076 21.663582 21.239584 22.029179
 23.660103 24.947515 24.87059  24.238045 23.286392 21.900745 21.48862
 21.352446 21.023922 20.789639 20.687292 20.420008 20.273746 20.16068
 20.230335 20.084494 19.851973 19.780249 19.73377  19.792755 19.797512
 19.95168  19.919695 20.312195 20.558327 20.730042 20.942581 21.30987
 21.93921  22.32606  22.437265 23.074305 23.237469 23.172983 23.471163
 23.639647 23.650913 23.127773 22.974566 22.879808 22.60018  22.29336
 21.966137 21.53234  21.192184 21.127975 20.928009 20.754272 20.550076
 20.366983 20.317722 20.124489 20.098633 19.880495 19.774498 19.71967
 19.626541 19.658466 19.749605]",ok,
00096,jerseyshort_chicken_wings,wham,228,228,228,1.0,frame_ids,0,35.26163101196289,6498.3623046875,49.41007995605469,"[74.653244 51.983505 43.633926 42.387188 42.02725  40.985523 40.20819
 39.349964 37.879826 36.15739  34.65325  32.45812  29.655102 27.465786
 25.881416 26.320107 29.305494 33.957993 40.223515 45.28542  47.41302
 38.59239  29.685247 26.82985  27.816715 28.126747 27.316376 28.203617
 30.970158 33.467686 35.648384 36.658756 37.09368  36.600815 38.28698
 40.821747 38.413456 38.617058 41.20318  40.660587 37.48979  39.086445
 40.561962 40.649002 41.427803 42.023926 43.7323   45.37537  46.396545
 47.28841  48.596493 49.669144 49.753586 50.87336  53.75228  55.462402
 55.054295 53.35811  52.59491  52.70277  53.5862   55.07385  55.86147
 58.623455 60.294785 63.091785 64.904175 68.08873  69.44681  70.11759
 70.07999  69.87161  66.4253   67.188515 69.447495 67.34889  65.43635
 59.94271  55.08292  51.627052 49.532814 50.33773  52.329098 52.59315
 52.402676 53.673824 54.48388  56.73645  58.92088  60.100525 61.59699
 62.487984 62.791214 64.469475 65.21127  68.165276 69.233116 70.50574
 71.200714 72.60211  73.67027  74.2792   74.09252  72.4692   71.511986
 71.410774 73.282326 71.212036 70.29819  71.28022  69.07303  64.2616
 60.36785  57.61073  55.77919  54.888077 52.47209  50.455666 50.95667
 52.819416 55.53933  58.073917 60.406853 62.407536 63.729435 67.49462
 70.204796 73.30025  76.11911  76.46801  73.5686   71.04938  70.00688
 69.62701  69.36059  70.04251  70.9584   70.00812  69.473    69.16395
 66.88084  66.37939  62.361713 61.37874  56.882816 45.168682 38.27228
 31.292185 28.784496 29.079428 28.303148 27.723194 27.488415 27.633131
 28.492552 29.23223  30.07853  31.8238   35.384846 39.78634  45.539986
 49.755306 54.782784 56.699055 59.34739  62.95731  62.904083 66.0865
 65.62389  66.294525 68.35185  64.64409  62.509254 60.447464 54.95397
 52.06249  48.865303 46.17835  43.640614 37.70728  34.31213  32.82049
 32.422836 32.73556  32.90306  32.643612 33.312374 34.391525 34.947327
 35.96105  36.386623 37.63065  37.90327  38.02172  38.91328  39.12405
 39.71219  39.648666 39.9962   40.962013 41.1864   42.21839  42.51705
 41.81733  40.90858  41.463127 40.986637 41.067398 40.566486 40.221947
 39.43712  37.884155 37.617596 37.65065  37.34348  37.304558 36.724957
 36.387474 35.65845  35.360218 35.483055 35.496246 35.227238 35.262184
 35.153923 35.21104  35.240498 34.71896 ]",6564.7919921875,39.00544738769531,"[57.73015  42.218506 36.584663 35.25691  34.56581  33.68428  32.943214
 32.307545 31.38984  30.30069  29.290281 27.98049  26.175789 24.761244
 23.612688 23.682608 25.046968 27.323246 30.737862 33.186775 33.78254
 27.721575 23.149149 22.362785 23.53401  24.144186 23.865244 24.254114
 25.76943  27.816423 29.675978 30.857489 31.668932 31.353195 32.344643
 33.87112  32.7584   33.04348  34.65113  33.248173 30.368523 31.006197
 31.791176 32.445896 33.976456 34.943935 37.272842 39.356834 40.397865
 40.580933 41.02527  41.103703 40.81434  41.305645 43.30794  44.410725
 43.708767 42.885426 43.50843  44.95269  45.66733  46.5136   46.31761
 47.713448 48.53628  50.819633 52.126915 54.232944 54.79364  54.546227
 53.76242  52.94762  49.656307 49.15913  50.43715  49.49994  49.175095
 47.46239  45.19208  43.007523 41.36259  42.627125 45.085644 45.225014
 44.92649  45.566437 45.386272 46.140434 47.361256 47.41384  47.9835
 48.88329  48.856285 49.60395  50.978424 54.237103 54.96465  55.928974
 55.95972  56.56712  57.209656 57.528507 57.024555 55.20743  53.87077
 52.805576 53.667187 52.77334  52.8179   54.825516 53.90105  51.060333
 48.738155 46.93073  46.25747  46.264244 45.137955 44.428577 45.645546
 47.53376  49.7282   51.04831  52.04451  52.105785 51.58349  53.32907
 54.126934 55.63231  57.555588 57.37206  54.552094 53.548992 53.989594
 54.599403 54.708282 54.996517 55.57708  54.827694 54.270576 54.002327
 52.295986 51.678284 49.127537 48.230637 44.713978 36.53635  31.414017
 26.056051 23.911764 23.094103 22.558615 22.221857 22.323927 22.69817
 23.527885 23.978016 24.256329 25.133244 27.18771  29.85934  33.29659
 35.693283 38.477806 39.29696  40.31361  42.188393 41.38152  42.955456
 42.325447 42.49045  43.68912  41.020473 39.818657 38.87463  35.873753
 34.6828   33.38199  32.151054 31.17013  28.231138 26.693174 26.350275
 26.574965 27.103243 27.56244  27.581057 28.326214 29.054047 29.479372
 30.038933 30.333511 30.960684 31.026741 30.95683  31.510267 31.638458
 31.873253 31.740993 31.84833  32.29926  32.393425 32.796326 32.833855
 32.42518  31.727139 31.997719 31.759176 31.881142 31.583826 31.388514
 30.963158 29.950586 29.902065 29.88519  29.768312 29.779432 29.388166
 29.037834 28.745583 28.60187  28.642754 28.630623 28.477053 28.476862
 28.358622 28.425804 28.433025 28.25324 ]",ok,
00096,jerseyshort_shoulders_mill,wham,320,320,320,1.0,frame_ids,0,17.376094818115234,6214.2978515625,45.01192092895508,"[51.07993  38.666874 34.125267 33.598774 33.460724 32.516342 31.794134
 31.447765 30.86895  30.37771  30.027437 29.105082 28.690758 28.042925
 27.812944 27.769028 28.01884  27.634409 27.618248 27.576323 27.57302
 27.811386 28.018719 28.230646 28.550264 28.833294 29.05492  29.672495
 30.385117 30.90757  31.674534 32.139343 32.97405  33.702827 34.542324
 35.176647 36.01381  36.44941  36.868427 37.419373 37.576015 37.678833
 38.15532  38.737022 39.60255  40.973972 42.752132 45.053135 47.224007
 49.750385 51.988373 56.40371  57.967155 60.988365 63.43612  67.479774
 70.121315 73.00647  74.56787  77.792435 79.382515 82.28021  84.58672
 84.56309  84.21919  82.560486 81.30412  79.52299  76.947586 75.492065
 73.62837  72.35262  70.50101  68.80416  67.73971  65.62037  64.06964
 62.069164 61.305004 60.581165 59.73944  59.00972  58.073048 57.172894
 55.64329  54.026966 52.972588 51.995125 50.880676 50.047825 49.181347
 46.763737 44.946712 43.23002  41.29035  39.19831  36.802757 34.780964
 33.63535  32.8664   32.409687 31.952396 31.66198  30.566544 30.160458
 30.196363 34.542603 37.59231  41.652023 46.513878 45.93015  48.46997
 48.86141  48.98203  48.90395  50.429386 50.24919  50.313892 51.689133
 51.803215 52.194008 52.940224 53.574993 54.16849  53.619984 53.15743
 50.682896 47.520355 44.752876 42.342247 41.478657 43.04853  45.308815
 48.506237 51.35745  53.15035  53.698383 54.174477 55.3215   55.580315
 54.432934 56.83024  57.274845 57.27702  58.26481  57.704098 57.687332
 58.9533   60.318016 61.61424  62.586807 64.0316   64.11681  64.441795
 64.014    64.18557  64.501755 65.19537  65.502846 64.9789   64.399506
 64.048645 63.1236   63.00482  62.718884 62.23967  62.4583   62.42989
 62.025352 61.043518 59.84396  58.494713 57.042645 55.080334 53.830284
 51.30198  49.108673 47.04327  45.703262 43.97704  41.897923 40.611603
 38.99474  37.58788  36.47315  34.96499  34.940407 35.078793 35.423565
 35.23837  34.697315 35.516685 37.1583   38.15444  40.792908 42.512177
 45.257042 47.1712   47.613224 48.3881   48.241585 48.003654 47.978256
 48.65819  49.890854 51.46497  51.7905   52.655968 54.378273 55.10402
 53.532795 51.49366  48.79172  45.983948 44.112366 42.764496 41.658653
 41.160587 41.544064 41.95554  41.67292  42.472713 42.17323  43.262997
 42.6894   42.508896 41.89348  41.317383 41.514587 42.433598 44.613556
 47.092567 48.6041   49.817398 50.481796 52.105057 53.38697  55.034065
 54.845646 54.166496 54.622017 53.668938 53.645218 52.075172 50.844437
 49.26944  47.98026  46.795776 44.969288 43.576893 44.442196 43.62689
 43.72212  42.968147 43.281567 43.35411  42.95135  41.366554 40.35246
 40.018627 37.350178 36.341267 34.440586 32.81865  32.119343 31.654795
 31.057486 30.693537 31.718414 31.98237  31.603031 31.736452 31.401247
 30.812485 30.606943 30.10975  30.331333 30.061352 29.928812 29.567125
 30.518677 29.748465 30.029741 30.489517 30.592743 30.214434 30.455069
 30.3038   29.75537  29.275787 29.190065 29.345884 29.312965 29.424238
 29.59522  29.679472 29.114882 29.556017 29.884937 29.288671 29.430567
 29.456789 28.94125  28.99929  29.049438 28.52414  28.880484 28.964172
 29.096603 28.737114 28.680843 28.755682 28.947714 28.8699   28.51002
 28.615948 28.622488 28.462772 28.809404 28.531946]",6263.3134765625,36.53730392456055,"[45.118614 35.94875  32.270645 31.349857 30.811844 29.898481 29.2887
 28.991823 28.464905 28.029663 27.757132 27.087992 26.72581  26.243982
 25.886795 25.617748 25.55207  25.191238 25.008629 24.607054 24.326288
 24.153532 23.897787 23.78122  23.75932  23.868284 24.08544  24.42628
 24.945044 25.34374  25.798964 26.161402 26.651344 26.930616 27.33404
 27.626192 27.942    28.260897 28.58619  29.098864 29.407164 29.821657
 30.385696 30.967646 31.595488 32.805027 34.170696 36.023453 37.628876
 39.568054 41.166004 44.666817 45.73025  47.972992 49.930576 52.99144
 55.131535 57.29693  58.65461  60.98129  62.21621  64.39314  66.296875
 66.54122  66.77003  66.18572  65.72135  64.89827  63.21857  62.316376
 61.00247  60.166985 58.96798  57.651043 56.638668 54.877384 53.46246
 51.71661  50.89374  49.692097 48.574547 47.405613 46.153706 45.076443
 43.359737 41.817215 40.686447 39.462166 38.475735 38.048107 37.43337
 35.63693  34.852787 33.733444 32.652042 31.606537 30.210693 28.646154
 28.063452 27.571836 27.28329  26.933126 26.960627 25.555113 24.697641
 24.039457 27.768957 30.288979 33.323048 36.75055  36.245373 38.04024
 38.271915 38.29979  38.47762  40.102085 40.275845 40.705475 41.881054
 42.004738 42.357307 42.894733 43.5287   44.028675 43.891144 43.806213
 41.96042  39.342598 37.067596 34.758614 33.658627 34.485626 36.275314
 39.35876  41.99612  44.1822   45.34362  46.912586 49.0699   49.58421
 48.401688 50.4201   50.896008 50.896572 51.73692  51.128616 51.11833
 52.176563 52.929638 54.04507  54.739048 55.806385 55.824043 55.991245
 55.434765 55.140064 55.17735  55.541096 55.74362  55.168484 54.63538
 53.91239  52.662582 52.332977 51.92719  51.232082 50.988735 50.60676
 49.923645 48.90902  47.829914 46.5838   45.19519  43.597054 42.45038
 40.260513 38.47845  36.957043 36.464493 35.233696 33.7969   32.71957
 31.498714 30.406641 29.502512 28.173565 28.055817 27.74728  27.530804
 27.035654 26.41149  26.945038 28.168335 29.313944 31.630404 33.21382
 35.66378  37.636963 38.20515  39.174435 39.435356 39.508404 39.67192
 40.293842 41.19635  42.08434  42.189095 42.68259  43.691517 44.17093
 42.879074 41.324966 39.021755 36.594288 34.93412  33.268364 32.03459
 31.432617 31.656176 32.200912 32.241226 33.16298  33.336643 34.37435
 34.45245  35.22895  35.985256 36.632862 37.79574  38.987522 40.895416
 43.188614 44.595837 45.562965 45.96123  46.901833 47.601242 48.357716
 47.94177  46.93195  46.89649  45.705612 45.35307  43.84401  42.424007
 40.945274 39.803635 38.799034 37.587193 36.630676 37.133045 36.442272
 36.38171  35.66704  35.431202 35.07443  34.474274 32.753498 31.924955
 31.435314 29.344315 28.284575 26.925407 25.365253 24.397263 23.667065
 23.700617 23.019081 23.34453  23.358437 22.938444 22.67004  22.26849
 21.934343 21.604    21.457628 21.339563 21.255108 21.09686  21.100834
 21.50257  21.308737 21.427433 21.726082 21.910719 21.89946  21.929174
 21.77061  21.562935 21.505854 21.27935  21.182312 21.075571 21.098642
 20.928087 21.042398 20.953375 21.133484 21.332258 21.087288 21.199322
 21.019064 21.267773 21.289982 20.904938 21.000362 21.243246 20.914639
 20.938484 20.72372  20.950542 20.866499 20.849638 20.808357 20.77987
 20.941193 21.054348 21.07067  20.818209 20.898872]",ok,
00096,longshort_ballerina_spin,wham,336,336,336,1.0,frame_ids,0,41.187744140625,6870.181640625,55.1515007019043,"[97.4995   71.02583  64.596214 62.57256  62.416576 61.339615 60.533985
 59.853024 59.35348  58.76154  58.89495  58.67808  58.033062 57.58892
 57.398224 57.21545  56.314705 56.21104  55.148666 54.649654 53.32602
 53.29633  52.25857  52.124943 51.285007 48.47277  45.997738 42.483246
 39.34396  38.84749  40.68769  44.218918 47.115757 47.81645  48.560177
 49.56894  50.182983 49.23404  48.72593  49.903915 50.951607 50.80584
 54.788998 57.364372 60.35733  62.536793 64.66844  67.28884  69.47188
 70.6783   72.681946 74.04301  75.31336  75.316734 74.92292  75.006454
 75.66242  75.40489  76.351685 75.97414  75.15224  73.85715  73.29448
 73.44814  74.074066 74.00306  74.03335  73.442276 73.49992  72.24039
 72.5308   72.70721  72.456825 72.907555 72.75385  72.76259  72.273865
 72.362564 72.266106 71.71091  71.13794  71.98081  72.72419  73.20406
 72.85166  72.311    69.686226 69.53587  67.970276 65.33421  61.705482
 58.061737 55.5254   54.66167  57.31878  58.981743 57.42396  54.0004
 54.07863  57.29503  57.30851  58.446045 61.341755 63.084095 65.98617
 66.48734  66.60252  67.310394 68.02064  68.691505 68.98134  69.48154
 69.659966 70.075836 69.51554  69.0537   67.94023  66.25795  65.44693
 65.00209  63.529404 62.60602  61.8164   60.592735 60.368813 59.3468
 59.02095  59.050747 59.13219  58.199764 58.876705 59.83449  59.400772
 58.906994 59.367306 59.895737 59.921013 59.644333 59.866158 59.67986
 59.25631  59.253002 59.296684 59.2822   58.966564 58.585655 57.994812
 57.3907   56.645386 56.014843 55.575836 55.014957 54.458904 53.409073
 53.089405 53.18813  52.62662  52.642773 53.979893 53.95793  54.82525
 55.75329  56.389362 57.137276 57.535053 57.402508 57.23304  56.951023
 57.393875 57.599766 58.263332 58.260403 58.384975 58.908012 59.12871
 58.865055 58.046947 58.219154 57.92006  57.921787 57.593864 57.410015
 57.792645 57.023075 57.037148 56.9416   56.591934 56.514305 56.055122
 55.808533 56.1489   56.16432  57.044456 57.795414 58.347733 59.30095
 60.469925 61.923496 63.12347  64.45748  66.54442  66.6978   65.71125
 63.517406 59.53839  55.592342 52.643112 50.856213 50.25098  50.096416
 50.276836 50.754307 50.797375 50.05359  49.932117 48.987553 48.784996
 49.26181  50.080524 51.570847 52.804047 54.054672 54.6394   55.21317
 55.5279   55.74192  55.5444   55.42117  55.3467   55.379295 55.60609
 55.639717 55.467175 55.392967 55.414066 55.28708  55.00921  54.49869
 54.196495 53.814354 53.149403 52.234417 51.65015  51.0437   50.151505
 49.388165 48.79876  48.124153 47.591045 47.0204   46.27922  46.15464
 45.747154 45.416542 45.32476  45.164165 45.15488  44.725307 44.294037
 44.654003 44.637745 44.68379  44.25049  43.817215 43.789017 42.870323
 42.151802 40.990974 39.875904 39.242744 39.245224 38.91378  39.42726
 39.903076 41.205315 42.03197  43.228035 43.535427 44.055714 44.3234
 44.425232 43.9448   43.00347  43.10829  42.8085   41.14487  42.15026
 44.197437 41.357487 39.029472 37.55832  34.07246  32.308666 30.890947
 29.945807 28.413088 29.4795   31.160416 33.53077  34.052315 34.836517
 36.232    38.467384 41.171837 43.201508 42.856224 42.888515 45.236977
 44.923744 46.541576 46.62678  47.472427 48.782745 48.310795 47.9025
 48.281586 47.62925  46.98025  47.387558 46.671593 45.783634 45.96453
 45.300972 45.57598  44.112568 44.328613 42.737644 41.34337  41.49382
 40.868484 41.06327  40.504917 39.875412 39.546417 39.306423 39.16648 ]",6851.162109375,41.211395263671875,"[73.09236  55.022316 50.16512  48.436817 48.12335  47.32727  46.618725
 46.104313 45.707504 45.179825 45.02683  44.843704 44.245304 43.99373
 43.640217 43.451206 42.80463  42.787422 42.010624 41.583927 40.656654
 40.537914 39.86957  39.81536  38.861134 37.226154 35.989887 33.392017
 32.244617 32.87834  35.05406  37.924686 40.13115  40.856434 41.68805
 42.951393 44.988495 44.210865 43.89567  44.213665 45.223473 45.362537
 47.652546 49.163628 50.824863 52.66857  54.179295 55.717903 56.714474
 57.344017 59.355896 59.173004 60.878338 59.756428 59.070824 58.278294
 58.360447 58.388634 58.027515 57.433647 56.842747 56.10219  55.007378
 54.35661  55.720444 55.76082  56.2674   56.14766  56.825397 56.69139
 57.3317   57.207386 57.164978 57.23345  56.89722  56.623314 55.889244
 55.11007  54.476868 53.95845  53.14668  53.48446  53.66036  53.987953
 54.136078 54.353024 53.497044 53.923847 54.069008 52.864494 51.46983
 49.908493 48.098976 45.488556 44.042107 44.75395  44.027905 42.82006
 43.261932 44.967693 44.71031  44.759823 46.163918 46.90504  48.128845
 48.478127 48.644512 49.28648  50.024    50.803978 51.220375 51.63729
 51.807343 52.29562  52.055435 51.654827 50.95852  49.661    48.91049
 48.411037 47.152374 46.507492 45.67058  44.995903 44.3124   43.611137
 43.451477 43.467552 43.395454 43.02763  43.18911  43.832836 44.177647
 44.52501  45.286045 46.24245  46.44813  46.72567  47.078644 47.03945
 46.443382 46.20108  45.95756  45.407654 44.810684 43.86842  42.760715
 41.49151  40.15701  38.686275 37.378883 36.02243  34.89713  33.874546
 33.538567 33.33977  33.010647 33.134163 33.66825  33.99508  34.862568
 35.97633  36.75672  37.670494 37.908398 37.946182 37.948097 37.74927
 38.08541  38.40482  39.189552 39.80112  40.357113 41.152134 41.340076
 41.3109   41.188923 41.519115 41.204514 41.791832 41.922005 42.41863
 43.1191   43.589962 44.455345 44.88789  44.926643 45.101093 44.60518
 44.675602 45.086777 45.21873  46.06597  46.678585 46.81647  47.16103
 47.554882 48.173595 48.96426  49.66287  51.14096  51.504055 50.806522
 48.68998  45.135017 41.979176 39.248993 37.360283 35.929077 34.93452
 34.4213   34.27841  34.14176  33.893993 34.04546  33.58895  33.58941
 33.859016 34.82057  36.418358 37.95216  39.217407 40.20867  40.553253
 40.481125 40.383774 39.86242  39.2833   38.962917 38.916573 38.966587
 39.19511  39.018494 39.30834  39.584106 39.80661  40.179565 40.134823
 39.948273 39.297848 38.772312 37.757416 37.008812 36.009956 34.831688
 33.733025 32.87049  31.859358 31.434994 30.833876 30.414095 30.011246
 29.389648 29.081762 28.772324 28.633924 28.59141  28.635988 28.947035
 29.30151  29.580294 29.861794 30.020426 30.152992 30.387743 30.612028
 30.785011 29.956682 28.919817 27.74965  27.197815 26.010012 25.733458
 25.59554  26.351639 27.32034  27.948223 28.386719 29.142982 29.840448
 30.254446 30.209501 29.83173  29.555283 29.57394  28.752747 29.338844
 30.54733  28.814295 27.544329 26.756203 24.91924  24.212784 24.093048
 23.905619 23.393282 25.140978 26.484041 28.154394 28.648968 29.201044
 30.142113 31.644505 33.441776 34.715054 34.540054 34.46882  36.002945
 35.87515  36.826    36.941555 37.18594  37.733738 37.251617 36.74119
 36.663708 36.154663 35.644066 35.657425 35.026375 34.37536  34.435246
 33.988674 34.22699  33.385773 33.49824  32.405045 31.461739 31.262007
 30.692167 30.642979 30.21921  29.760204 29.543398 29.268824 29.134995]",ok,
00096,shirtlong_basketball,wham,235,235,235,1.0,frame_ids,0,55.491172790527344,6427.52392578125,38.56434631347656,"[68.50011  47.02524  41.619392 40.12719  40.708767 40.043713 39.962296
 39.870106 39.530083 39.617836 39.235764 38.840405 38.705738 38.382626
 37.839188 37.27377  36.767044 36.258263 35.78733  34.755226 34.0049
 33.584812 32.74082  32.326904 32.196117 32.13968  32.36185  32.275593
 32.065197 32.185158 31.9691   32.335968 33.081566 33.639862 34.07698
 35.66193  37.424526 39.42476  42.019764 44.524544 43.882656 43.238064
 41.52585  38.76148  36.22197  33.75638  32.61125  33.98651  33.0506
 31.914902 32.280804 33.246902 33.469654 35.036396 35.02581  34.484707
 35.8308   36.783596 38.39209  38.175953 38.05398  38.385727 40.813183
 43.90407  45.036045 48.86806  46.79415  46.601704 45.478065 44.806732
 45.00831  45.631844 44.754738 44.518627 43.041645 40.73542  39.38571
 37.65244  39.394253 40.2758   40.966618 41.572865 40.92838  39.29536
 35.81626  34.924824 36.078583 38.138226 40.22381  41.41143  42.16257
 42.308445 42.684975 41.937996 41.609608 42.835632 44.359142 45.582207
 45.11648  44.64144  43.846935 45.45319  48.909203 53.292683 52.551395
 47.353584 39.83277  40.41826  45.376194 52.327053 51.760117 52.40353
 45.69105  44.542416 44.98594  48.778267 51.97871  53.86029  52.238598
 49.25243  48.863243 51.370712 51.251537 50.660267 49.755966 48.29988
 47.83832  47.369278 47.14267  47.297295 47.36029  45.604034 45.345932
 46.696484 45.710987 44.223797 43.660053 43.261658 42.364845 42.807068
 42.42831  42.012314 44.646954 49.46648  52.03538  55.69674  55.112656
 54.82891  52.889263 48.45953  45.509514 44.298416 43.243618 41.38508
 40.942917 42.132595 39.226757 38.737278 39.080063 37.932808 36.59135
 39.9958   39.86331  39.58566  36.120197 35.140026 32.267967 30.101007
 29.926212 29.153147 29.39357  29.616064 30.312267 32.049416 33.73236
 35.30303  36.636322 38.129135 38.62597  40.377964 40.416252 39.18323
 38.30277  37.747063 37.37879  36.96756  35.88579  34.736816 33.10333
 32.211113 31.39071  30.735851 30.636604 30.286257 30.418533 29.931183
 29.932703 29.80155  29.569225 29.480532 29.459887 29.234785 29.058147
 28.772717 28.609528 28.616426 28.656643 28.110672 28.29813  28.391226
 28.293476 27.980715 27.963333 27.943645 27.903826 27.869772 27.691872
 27.589943 27.73278  27.798737 27.696417 27.895937 27.74704  27.869976
 27.919836 27.786995 27.865927 28.03071  27.919878 27.994265 28.235472
 28.144886 28.064302 28.202885 28.130072]",6504.4169921875,30.866846084594727,"[55.85295  40.35705  35.763603 34.14762  34.124493 33.39438  33.12997
 32.872066 32.51998  32.464264 32.134117 31.79375  31.56427  31.202435
 30.759207 30.280182 29.916098 29.486956 29.12479  28.411001 27.71037
 27.409313 26.731281 26.451035 26.402987 26.45958  26.893675 27.085394
 27.045944 27.1715   26.999891 27.062155 27.440613 27.605661 27.662264
 28.383398 29.301786 30.212517 31.642128 32.740017 32.25271  32.321686
 31.42472  30.406466 29.417074 27.59985  26.788252 27.549236 26.38852
 25.476372 25.456642 25.937067 25.321207 25.653114 25.521124 25.268778
 26.289558 27.088186 28.44661  28.307    28.37263  28.50498  29.960266
 31.136003 31.007244 32.97549  32.1529   32.755917 32.954662 33.205116
 33.84502  33.64614  32.24126  31.337582 30.01199  28.678427 28.305439
 27.010756 28.163456 29.15098  29.596924 31.01179  31.346355 30.668383
 28.123772 27.51462  28.649858 31.229275 33.92411  35.497734 35.950478
 35.4422   35.030453 34.08639  34.19455  35.44979  36.402786 37.274357
 36.71426  35.46151  33.74934  33.66047  36.033955 39.269512 38.77946
 35.04     29.78249  30.826061 36.04747  41.386383 40.30529  40.177937
 35.583046 34.484627 35.164303 36.272617 37.179333 37.77703  37.12663
 35.626587 35.685127 37.06867  36.911983 36.64219  36.3412   36.035786
 35.889782 35.591232 35.197216 35.04158  34.88842  33.51811  33.317787
 33.645775 32.460037 31.126976 30.697933 30.54323  30.963173 32.94208
 34.51601  34.85132  37.038723 40.342453 42.907925 46.440823 47.732162
 47.776012 46.730873 44.651802 42.993237 41.36115  39.941807 37.920067
 37.076836 37.488316 34.664352 33.8706   33.53602  32.330227 30.676632
 32.396587 32.093765 31.65834  29.143192 28.664574 26.747538 25.009016
 24.35784  23.444466 23.590832 23.536255 23.880703 24.931694 26.361986
 27.616585 28.683146 29.657011 29.935257 30.612394 30.409788 29.664204
 28.95408  28.385778 27.953863 27.502888 26.926199 26.352013 25.885141
 25.718287 25.497004 25.504763 25.86637  25.882349 26.049973 25.938696
 25.966068 25.853346 25.946917 25.832745 25.944859 25.763826 25.77359
 25.960495 25.992706 25.793737 26.01365  25.632238 25.6567   25.701006
 25.57377  25.430193 25.427187 25.332788 25.284166 25.37881  25.248148
 25.404846 25.447079 25.415026 25.48057  25.648855 25.6392   25.679062
 25.820919 25.919735 25.936619 26.012207 26.055525 26.149055 26.234182
 26.237076 26.235888 26.384264 26.450478]",ok,
00096,shirtlong_punching,wham,346,346,346,1.0,frame_ids,0,38.9361572265625,6325.6689453125,48.57212829589844,"[ 53.819115  35.075333  32.66463   31.78222   31.97221   31.366388
  31.052704  30.370228  30.212063  29.665794  29.094288  28.455204
  27.464159  26.77249   27.110731  28.412205  31.28069   35.31278
  40.018875  44.238705  48.118725  50.114643  46.346935  34.155186
  28.42899   30.342278  35.01492   37.033817  40.103622  46.169064
  48.040607  45.5092    45.081738  43.225815  43.258392  45.396038
  46.58151   47.30944   48.096268  47.13318   45.33294   45.845554
  44.8364    45.833736  47.514324  50.62889   55.784992  60.452904
  67.1004    71.97256   76.60048   82.78691   89.25149   94.53258
  98.91096  100.507645 101.14569   96.77383   95.10437   88.54485
  80.71293   71.50737   60.6261    46.868305  36.85479   31.585205
  33.06678   41.265057  49.685684  53.708637  46.172318  48.305485
  55.896397  57.58855   58.941727  60.61194   62.22195   60.32965
  58.84471   58.71749   59.66475   59.599957  59.000957  55.207912
  50.355133  44.951305  39.50056   34.637737  32.05754   33.082706
  35.883858  39.976467  42.56351   46.787132  49.382412  51.043484
  52.391354  56.421665  60.168427  62.82454   65.70004   70.73253
  77.352875  82.78159   88.79106   95.94067  101.70781  108.01229
 111.03464  114.26933  105.85712   97.64429   90.21187   77.93575
  66.141045  57.261856  47.865128  38.95928   35.995613  39.93881
  47.92968   53.616264  55.344177  52.411503  49.499844  54.35392
  54.90412   56.77566   59.023876  60.023014  60.454887  60.66785
  60.778797  60.493557  59.469532  58.106457  55.64111   52.796116
  48.962093  44.29952   40.76666   37.594265  33.29472   30.398695
  28.821333  28.462433  29.005888  30.29599   31.294733  32.808517
  34.94977   36.715782  37.651535  39.453617  42.320934  43.759277
  44.359432  44.687546  44.37322   43.569466  42.557365  40.51957
  38.151474  35.638798  35.10924   35.306744  34.50237   33.714558
  33.36991   32.52599   32.45059   36.366947  43.9262    53.936306
  63.373955  71.02476   66.06169   53.739487  46.08269   40.517715
  36.873253  34.552223  37.272533  43.383953  49.253704  52.3394
  52.239983  47.89922   42.991573  39.203815  36.14256   34.579254
  33.77499   34.703167  35.983692  38.712646  41.946754  43.635353
  45.15154   46.918285  47.65629   49.290607  48.97468   48.400642
  46.456913  43.102592  39.331554  35.66559   32.236317  30.414377
  29.661331  29.483746  30.385218  31.335249  32.189663  32.63101
  33.82      37.548035  44.423725  53.527576  65.40703   75.39371
  77.01707   72.60685   66.0858    53.643787  58.009964  56.705666
  60.65086   59.5826    65.55011   67.196144  66.052246  67.69182
  68.29719   65.37023   61.42384   60.283474  58.305336  59.20493
  57.588104  55.45656   55.38389   55.361877  53.60501   52.15095
  50.66061   48.34378   46.31233   47.696938  45.73887   43.855656
  50.584007  56.627686  58.47363   60.237385  59.87989   60.37097
  57.031326  50.762844  46.431396  35.4722    27.768261  24.93277
  23.174852  24.762726  27.040613  29.141115  33.157974  35.054905
  35.00798   35.540485  35.898563  37.877884  40.61392   41.902035
  43.96768   43.94892   44.91504   45.810802  46.004944  44.643944
  44.983833  44.804268  45.31583   45.139973  45.697533  44.57351
  45.322815  44.21299   44.35069   44.568157  45.5003    46.619522
  47.22682   47.11259   46.07839   45.165356  44.605686  44.915386
  44.200825  43.137753  43.55303   43.685883  43.80949   44.244358
  43.880344  44.435955  43.86286   43.276703  43.034607  42.42252
  41.97683   41.41393   41.610527  41.43875   40.947495  40.735928
  40.292366  39.86901   40.391914  41.391834  41.07894   40.96655
  41.556305  41.91148   40.990532  41.126125  41.768467  42.14001
  42.265472  42.462044  42.3716    42.17653   41.862423  41.574577
  41.497093  41.90452   41.55078   41.733727  42.05585   42.12558
  42.34265   42.735165  42.297382  42.672035]",6406.6796875,38.905364990234375,"[45.2916   31.205544 27.787668 26.622637 26.317368 25.822512 25.619774
 25.229494 25.204823 24.944284 24.805313 24.560274 24.281769 23.984528
 24.28247  24.677341 25.878674 27.792    29.870674 32.13164  34.123093
 35.15596  32.356525 25.61335  22.469206 24.607157 28.569042 29.693752
 31.621426 36.54428  37.387955 33.74338  33.133408 32.985676 33.97921
 36.2674   37.42241  37.982372 38.269424 37.416527 36.037903 36.447945
 36.334934 37.194466 38.60282  40.661026 44.421757 47.81616  52.32921
 55.560326 58.65254  62.23622  66.05821  68.91851  71.360596 71.66961
 71.52702  68.98213  67.83101  63.54417  58.04291  51.51238  44.654514
 35.356106 27.995224 24.304642 27.046017 34.27101  41.500576 45.452133
 40.759445 42.199387 49.066814 50.134647 50.435886 51.533585 52.789528
 51.13709  50.14926  50.39208  51.00951  50.968964 50.95935  47.923435
 43.82122  39.1835   33.59823  28.568754 25.693945 25.613447 27.287764
 30.778547 33.200424 36.61945  38.652596 39.768536 40.508995 43.203022
 45.487682 46.80444  48.59094  51.855865 56.127907 59.129288 62.627583
 66.326126 69.65952  73.60414  75.64538  77.49408  71.71297  65.977974
 60.70758  51.870937 43.882015 37.397045 30.851604 27.041883 28.047626
 33.39201  40.719288 45.06046  46.34285  44.089306 40.871834 45.001293
 46.24181  48.15386  50.495495 51.741123 53.140194 54.047096 54.839413
 54.871098 53.740158 52.69636  50.76578  48.630547 45.290928 41.59052
 38.242455 34.70852  30.29832  27.076887 25.166311 24.33272  24.09005
 24.857307 25.471647 26.38627  28.150194 29.930643 30.937677 33.175774
 36.188755 38.259884 39.481613 40.25216  40.024952 39.69561  39.13619
 37.556858 35.250835 32.326492 30.768267 29.748457 28.099573 26.7388
 25.336063 24.09784  24.701296 29.545471 36.042896 44.260483 50.60924
 54.317635 48.599754 38.614754 32.25255  28.382334 26.173212 25.329603
 28.56847  34.15453  38.2942   39.57933  39.27229  35.519985 32.08976
 30.103783 27.709154 26.99848  26.378922 26.63756  27.272142 29.015722
 31.068514 32.092194 33.485844 35.36486  36.78645  38.574253 38.952587
 39.59159  38.937805 37.305923 34.262585 30.894863 27.226397 24.422432
 22.86117  22.95606  23.464893 24.471176 26.18774  27.645334 30.006191
 34.47376  41.688877 49.510433 58.825817 64.86221  64.9628   60.48684
 54.28471  44.393955 47.496574 45.86791  49.157764 47.122746 51.869213
 54.157764 52.767525 54.75788  55.495216 52.48608  49.038143 48.565655
 46.662403 47.68702  46.742584 46.41363  47.889397 49.3733   48.88448
 48.206806 47.048588 45.577007 43.28658  44.20327  41.555847 39.098976
 42.825756 45.81979  46.17992  46.911003 46.58684  46.73593  45.20155
 41.57448  39.149204 32.363155 27.212782 25.027552 23.30357  22.918924
 23.787386 24.662128 26.594652 27.570246 27.691418 28.16351  28.291912
 29.255285 30.988173 31.743076 33.20153  33.099686 33.815933 34.35842
 34.313305 33.26051  33.273758 33.234676 33.794514 33.90552  34.388645
 33.98343  34.591484 34.279945 34.412506 34.49352  34.85402  35.41362
 35.846058 35.89283  35.711674 35.694138 35.803432 36.49192  36.449417
 36.204075 36.536922 36.539516 36.731087 36.858124 36.51427  36.664894
 36.087933 35.83616  35.704224 35.2509   34.865856 34.542465 34.82597
 34.635845 34.397736 34.143898 33.801407 33.500088 33.66133  34.064686
 33.865368 33.831264 34.167133 34.317154 33.87164  33.816177 33.928444
 33.939144 33.686344 33.756542 33.702087 33.680435 33.470924 33.344727
 33.56251  33.960407 33.927605 33.90867  34.25588  34.35746  34.548714
 34.936657 34.784508 34.978695]",ok,
00096,shirtshort_ATUsquat,wham,266,266,266,1.0,frame_ids,0,26.41569709777832,6472.86962890625,42.46030044555664,"[58.221897 43.355103 40.115276 39.2666   39.906086 38.824757 38.107048
 37.56799  36.89325  36.456844 35.875362 35.733055 35.437794 35.237274
 34.805096 34.314114 33.838573 33.25963  32.976894 32.467205 32.097298
 31.967413 31.960066 32.31187  32.764988 33.49266  34.320644 35.02625
 36.371464 37.649426 38.476906 38.53122  39.79125  39.433357 39.50761
 40.0003   39.88636  38.737267 39.770046 39.968323 38.98778  38.806374
 37.13038  36.185818 33.03695  29.461992 28.531141 28.759747 30.350636
 32.671978 32.678734 31.078295 30.175295 30.632063 30.098469 29.823406
 29.378498 28.790815 28.353334 27.499874 26.963638 27.35178  26.795076
 26.699661 27.086071 27.12042  27.69717  28.474237 29.303438 31.155014
 33.80368  36.458126 39.464596 42.815296 47.257637 51.987114 55.999386
 59.761143 63.972107 67.363174 71.03949  72.51917  73.136086 74.33328
 73.37924  72.9007   75.5199   73.95118  73.63611  74.102295 72.912865
 72.52841  70.31179  68.11059  66.57654  67.069084 66.94937  67.3142
 66.811455 65.84212  65.43652  64.17884  62.964676 61.882545 60.307888
 59.11762  57.83852  56.279053 54.6331   53.407593 52.88586  51.675194
 51.214077 50.40954  49.516514 49.26085  48.71912  47.444786 47.842285
 47.703094 46.782963 46.33989  46.557354 46.177906 45.132965 43.947865
 43.41283  42.362835 41.62959  41.621708 41.764595 41.358322 41.490086
 41.754166 42.4208   42.461506 43.09283  43.653725 44.379803 44.821785
 45.434036 45.64264  46.140877 46.213005 46.424316 46.157295 46.53766
 47.62022  48.109016 48.382664 48.706318 48.74534  48.555283 48.6188
 49.03056  49.399124 49.447353 49.36328  49.494377 49.521404 49.889347
 50.383602 50.669304 51.041126 51.38714  51.927025 52.84599  53.304268
 53.31992  53.493374 53.504707 54.357662 55.1737   55.50361  55.8309
 55.714527 56.265713 56.443947 57.352726 57.58598  58.74279  58.912975
 58.859047 59.17415  58.530376 57.875477 57.142075 56.012337 54.34754
 52.863373 49.880596 47.73839  45.978863 44.385708 42.366035 40.797493
 39.121758 38.42015  37.6536   36.39089  35.102043 34.230244 33.927116
 33.07872  32.262    31.778555 31.351461 31.142344 30.81657  30.662891
 29.95293  29.66911  29.60647  29.255424 29.060219 28.28245  28.050858
 28.32269  28.886866 29.276175 29.697268 29.778753 29.99279  29.382948
 28.857853 28.033434 27.565084 27.486128 28.573402 29.275616 32.195
 35.120483 36.217785 37.03079  37.40073  37.635822 37.79571  38.544186
 38.35588  37.913406 36.76697  35.53435  34.470104 33.096237 31.541128
 31.147478 30.70993  29.498775 29.031471 28.401293 27.929035 27.353891
 26.841078 26.164297 25.715256 24.855556 24.656454 24.43592  24.316017
 23.869755 23.427164 23.404873 23.265501 23.35694  23.364645 23.475544]",6500.28466796875,33.57752227783203,"[50.71076  39.31935  36.256138 35.170475 35.227665 34.20544  33.56738
 33.088894 32.477837 32.165318 31.71045  31.540823 31.261984 31.101585
 30.778109 30.382092 30.083796 29.685726 29.568249 29.184004 28.854979
 28.667738 28.593227 28.655722 28.776743 29.115467 29.374382 29.795095
 30.625755 31.407825 31.96268  31.980003 32.673138 32.48882  32.69286
 32.75119  32.667873 32.133957 32.987606 33.07532  32.243076 31.940426
 30.55782  29.995478 27.85618  25.60714  25.030268 25.522396 26.57064
 28.576918 29.134207 28.205366 27.669662 28.109737 27.797314 27.544
 27.38082  27.06479  26.940435 26.371176 26.089186 26.402308 26.067524
 25.675104 25.905958 25.759384 25.79482  25.99638  26.16947  27.090847
 28.032364 29.215858 30.54077  31.96315  33.96411  36.649284 39.46424
 42.309746 46.160954 48.551094 51.1238   52.253826 52.861557 53.466515
 53.220806 53.10743  55.00342  54.25269  54.561913 54.587215 53.719727
 53.952587 52.35169  50.87098  49.60042  49.863293 49.79254  50.04321
 49.63554  48.746674 48.312828 47.232796 46.21874  45.544754 44.733295
 43.982056 43.110374 41.98101  41.14139  40.244507 39.93179  39.176693
 39.031265 38.645733 38.058872 38.0061   37.92767  37.127712 37.520805
 37.459373 36.532055 35.79013  35.553547 34.946434 33.5934   32.186615
 31.671722 30.684406 30.07707  30.496048 31.279068 31.30899  31.845707
 32.63277  33.80888  34.073967 34.83421  35.645832 36.37234  36.945385
 37.393906 37.643703 38.1932   38.145157 38.31548  38.069668 38.186256
 38.81641  39.03184  38.8748   38.97754  38.995026 38.876553 38.908127
 39.20128  39.697918 39.788525 39.848087 40.07606  40.295834 40.587936
 40.817486 40.837074 40.773582 41.00822  41.044243 41.4854   41.751907
 41.731316 41.69145  41.550304 42.115448 42.855812 43.24885  43.46172
 43.57389  43.942184 44.288834 44.94723  45.142567 46.161118 46.20429
 46.100246 46.38172  45.92979  45.415413 44.741016 43.479996 41.92126
 40.512314 37.846313 35.75726  34.334694 32.586514 30.7281   29.341698
 27.950115 26.93472  26.141758 25.136751 24.20915  23.577162 23.59063
 23.34056  22.930199 22.542353 22.610397 22.550583 22.2376   22.382318
 22.155859 21.69358  20.984823 20.710983 20.613178 20.375057 20.460924
 20.884043 21.490538 21.932938 22.40093  22.932806 23.376694 23.419476
 23.51962  23.794556 23.380674 23.034811 23.431128 23.611063 25.303156
 26.973202 27.485764 27.636917 27.764761 27.973593 28.170465 28.528126
 28.429647 28.138811 27.455484 26.83739  26.31663  25.637339 24.940273
 24.84037  24.684713 24.02364  23.715027 23.449568 23.121231 22.784239
 22.5007   22.150806 21.7957   21.273407 21.098927 20.871037 20.828218
 20.506638 20.247566 20.235222 20.096542 20.115383 20.125776 20.225433]",ok,
00096,shortshort_soccer,wham,295,295,295,1.0,frame_ids,0,51.627864837646484,6407.5517578125,45.58393478393555,"[ 46.44377   29.381445  26.502462  25.698729  25.597897  24.900305
  24.33258   23.990698  23.645042  23.516361  23.35672   23.184666
  23.23776   23.130213  23.082058  23.037092  23.150303  23.1743
  23.441067  23.8232    24.401226  25.396387  26.073906  27.266335
  28.239042  30.18749   32.145794  35.001057  37.927776  40.453297
  43.03887   45.416508  48.374516  51.40201   54.32133   55.12533
  56.714592  57.098007  55.91074   55.479416  54.045116  50.550663
  48.199554  45.83372   42.501144  41.44652   40.375385  38.891144
  37.370884  35.591053  35.601986  35.983597  36.12862   36.605457
  37.43257   37.87058   37.656395  38.53665   38.6971    39.30153
  39.753162  40.306465  40.73661   41.00357   40.63289   40.522568
  39.424423  37.13873   35.316082  34.196285  33.057392  32.546104
  31.597466  30.960579  30.795778  31.342213  32.169193  32.53238
  33.19339   33.23177   33.59244   33.93572   36.208138  40.326267
  46.879204  53.906796  57.170982  57.901146  58.776848  61.948326
  63.746037  65.30192   66.99317   69.79608   72.08208   74.34253
  68.40993   58.481216  46.83077   41.466682  41.186893  42.09422
  43.47963   43.940033  45.655975  48.851402  59.061184  59.6354
  63.525074  66.95843   71.46455   76.01756   83.57486   80.699486
  61.102688  61.021164  64.64445   63.528202  63.925385  60.129917
  58.464626  60.216434  62.968464  70.16119   77.687035  87.29712
  94.09929   97.73706   99.38273  105.04669  107.0346   106.746216
 107.78786  110.088715 114.45057  114.343666 118.35974  114.76753
 109.01044   97.98546   90.327156  81.10202   69.60327   62.29025
  52.910267  50.22273   53.87797   56.609764  60.9699    64.421844
  67.61304   74.10273   78.46976   80.706245  84.024704  85.30213
  90.33791  100.74396  107.50199  111.98137  102.15441   85.34087
  77.15022   70.94571   67.99146   68.61699   64.11318   59.514816
  58.022182  62.48884   66.71983   69.139336  72.34844   73.25441
  71.28034   65.81797   57.825363  51.4848    46.874054  44.642197
  43.984383  42.788815  41.99273   38.48786   37.206417  37.49959
  40.36488   42.428143  42.854298  42.958336  45.22919   44.81249
  46.81909   47.81742   49.71641   48.40095   48.67884   48.477898
  46.373848  45.92888   45.48334   43.38517   41.69957   37.646557
  34.72965   30.342497  27.335392  26.287445  25.222416  25.282232
  25.430792  27.021866  27.497238  28.334963  27.699095  25.100302
  24.958954  23.656271  24.027355  25.223673  29.052534  32.02044
  33.40223   34.964222  34.483627  34.622005  33.406475  32.78428
  31.446985  30.91116   29.770788  29.124807  29.194643  28.806526
  28.097942  28.428284  28.55963   29.411774  29.903229  30.44612
  30.599905  30.05005   30.283892  30.281013  31.098066  31.183748
  30.610237  30.653458  30.62159   30.60913   30.571672  31.512468
  31.288296  31.307194  31.334036  31.650848  30.786087  29.650557
  29.550228  29.234707  28.233128  27.886267  27.414839  26.928705
  26.49015   25.664377  25.090527  24.259798  23.690403  22.828987
  22.513279  22.260149  22.17665   22.216326  22.131535  21.900476
  21.771574  21.80921   21.613628  21.737015  21.613558  21.481586
  21.365843  21.223747  21.33844   21.173595  21.327532  21.317947
  21.332272  21.365135  21.356594  21.331362  21.582067  21.543594
  21.640266]",6451.99658203125,40.064842224121094,"[ 40.4887    28.856401  26.410168  25.188074  24.539717  23.741896
  23.150795  22.863905  22.453123  22.261984  22.103712  21.985172
  21.866224  21.768139  21.69304   21.615168  21.706818  21.742313
  22.125774  22.513859  23.19481   24.076483  24.874403  25.76427
  26.302822  27.479969  28.730803  30.601784  32.8619    35.057472
  37.207794  39.52225   42.534035  45.737457  48.802326  50.148666
  52.104103  53.028244  52.663853  52.530376  51.731464  49.27351
  47.885193  45.93189   42.64565   41.917336  40.380825  38.458225
  35.876976  33.309322  33.26048   33.620255  33.665348  33.753956
  34.1508    34.45498   34.32497   34.64341   34.526302  34.467842
  35.07694   35.41666   35.810932  35.722824  35.806026  35.874622
  35.41239   33.762634  32.559185  31.777386  31.064997  30.717743
  29.78214   28.906258  28.678753  28.764301  29.230947  29.842081
  30.970112  32.097126  33.095936  33.339413  34.665073  37.622894
  41.99363   46.72037   48.44032   48.359055  48.175217  49.39513
  49.979347  50.49217   51.140903  52.63692   54.137676  55.611874
  51.39984   44.4566    37.404297  35.901413  37.16591   38.897457
  40.57801   41.207897  41.598816  41.053276  43.118164  45.358536
  49.921303  54.728638  60.433193  65.755745  71.84397   66.28681
  48.12358   43.14885   45.215595  46.832245  49.94127   50.84971
  51.779423  53.96506   56.57493   61.930195  68.18957   76.56203
  82.80913   86.808716  89.05482   93.17987   94.47343   92.68991
  92.01043   92.47177   96.85441   97.81032  104.353615 102.362404
  98.73872   89.23766   81.6004    73.31171   64.299736  55.902245
  43.30593   43.423565  52.77673   61.29572   66.61287   69.05386
  72.04151   78.4144    82.75976   82.93032   86.36447   86.512535
  88.01184   93.19671   94.70043   94.27949   83.38093   66.287544
  55.81282   47.536312  43.810444  45.818794  45.483677  44.94706
  46.231274  52.8674    57.898655  61.273945  64.1722    64.36697
  61.959435  55.42201   47.591644  41.954575  37.170452  34.078835
  33.04684   31.856682  31.30855   29.495483  28.208733  28.200905
  30.013134  31.180927  31.346697  31.79419   33.80788   33.954052
  36.379147  37.596058  39.33128   38.315346  38.115253  37.09506
  35.286236  34.71862   34.448967  33.33382   32.266026  29.745033
  27.793953  25.172482  23.579828  23.730532  24.14164   24.758734
  25.193668  26.578346  28.077213  28.982868  28.038593  25.247156
  24.681704  23.710354  23.998922  24.647081  26.274788  27.701283
  28.45346   29.201553  29.09792   29.004747  28.533474  28.109087
  27.327093  27.025024  26.57687   26.368185  26.501432  26.607588
  26.71102   26.95763   27.071617  27.535746  27.655163  27.648369
  27.344337  26.742285  26.587996  26.536993  26.934116  27.05335
  26.836842  26.869028  26.930853  26.766068  26.895798  27.342812
  27.292547  27.4755    27.57229   27.576685  27.03558   26.440235
  26.591085  26.413351  25.789543  25.287235  24.799252  24.48164
  24.100624  23.566736  23.176922  22.796383  22.500717  22.146957
  22.08098   22.049686  21.961233  22.035906  21.985449  21.8979
  21.803082  21.807095  21.584496  21.613522  21.484293  21.398605
  21.285603  21.142298  21.133537  21.00835   21.07441   21.037775
  21.119984  21.08938   21.026962  20.912367  21.084345  21.121214
  21.372952]",ok,
00127,shortlong_ATUsquat,wham,260,260,260,1.0,frame_ids,0,28.95174789428711,6311.9921875,37.466861724853516,"[43.273846 29.143784 23.857119 23.50865  23.067549 22.880146 22.715965
 22.431067 22.258312 21.958206 21.61834  21.367931 21.150711 20.85075
 20.479406 20.24219  20.460857 20.212303 20.061695 19.743196 19.599108
 19.356855 19.04371  18.732883 18.819399 18.78094  18.814306 18.928247
 18.940891 19.18867  18.72152  18.58696  18.609274 18.797155 18.853788
 19.345007 19.303093 19.72075  19.661922 19.923416 20.372515 20.980986
 21.323805 21.710615 22.515152 22.880424 22.792034 22.78908  22.769154
 22.561304 22.583197 22.487703 22.423943 22.577017 22.819408 23.469433
 23.936972 24.59208  25.076857 25.787905 26.226704 26.951027 27.47912
 27.502945 27.678137 27.817495 27.668486 27.89106  27.883492 27.970364
 28.06537  28.436419 28.727558 29.342611 29.856108 30.076145 30.553722
 31.151436 31.606089 32.284355 32.64052  33.012093 33.758896 34.57599
 35.21703  36.25523  37.949524 40.192116 42.953365 45.14525  45.797234
 44.4354   44.636806 44.804447 45.954247 43.77119  42.250664 42.00752
 41.078926 41.197098 41.913216 43.66745  44.92928  45.763203 47.30626
 47.84277  48.531746 48.732113 48.993137 48.90709  48.276604 47.672832
 46.860447 46.406017 45.901203 45.610256 45.07216  44.950813 44.840122
 44.812256 45.010635 44.976673 44.97601  44.85755  44.919895 44.704556
 44.442017 43.696533 42.505325 41.03044  40.973698 41.207573 42.137947
 42.20262  43.64506  44.62286  44.58454  44.529667 43.819942 43.707645
 43.594128 43.306854 43.20809  43.41809  43.224403 43.376266 43.45678
 43.64154  43.4144   43.79672  43.8203   43.710667 43.512653 43.514637
 43.644634 43.797874 44.00552  44.3021   44.705795 45.249413 45.63152
 46.116055 46.462242 47.083332 47.724617 48.47706  48.792305 49.52842
 50.085037 50.768333 51.78702  52.521008 53.09459  53.41167  53.47461
 53.77216  53.95308  53.289787 52.514347 51.344822 50.015846 49.030293
 48.389168 48.015453 48.214718 47.659576 47.107048 47.065292 46.890415
 46.187336 45.247356 43.939026 42.694347 41.632088 40.45098  39.657413
 38.685123 38.122177 38.068714 37.12514  37.031887 37.009735 36.70678
 36.236683 36.253193 38.33701  38.560123 40.086235 41.068905 43.986996
 45.66081  48.221478 50.263245 53.24223  56.870197 58.985367 59.28493
 58.5558   56.864326 48.633755 43.34021  39.79888  39.16198  37.984837
 37.959328 39.30842  39.995785 40.29344  40.42025  40.155785 40.43771
 39.82445  39.772507 40.306057 40.678524 41.29731  41.332634 41.203087
 41.089436 40.26696  39.680984 39.780994 39.77137  39.458885 39.233765
 39.07246  38.940487 38.68407  38.130825 38.18297  37.902245 37.805477
 37.73504  37.685066 37.035694 37.068134 37.002518 36.95397  36.90995
 37.329956]",6361.69140625,31.565467834472656,"[37.66698  27.940315 23.825119 22.786848 22.054226 21.51844  21.11297
 20.783274 20.562666 20.260485 20.00104  19.78896  19.607998 19.38768
 19.129349 19.004377 19.107246 18.911118 18.823496 18.584213 18.478626
 18.281887 18.07549  17.895111 17.982668 17.87051  17.861137 17.957851
 18.105984 18.461796 18.14294  18.00386  18.061518 18.101885 18.648724
 19.545881 19.72282  20.520365 20.372732 20.827986 21.018637 21.13325
 21.821493 21.879559 21.878786 21.672169 21.780285 21.788279 21.650547
 21.645397 22.050709 22.079147 22.335176 22.619652 22.91155  23.581589
 24.026783 24.572872 24.874268 25.43965  25.704197 26.199291 26.516174
 26.549757 26.56082  26.608072 26.46575  26.580774 26.582031 26.687607
 26.68207  26.917913 26.873852 27.171778 27.41243  27.373692 27.60495
 27.868553 28.118929 28.39086  28.377813 28.332298 28.43135  28.486362
 28.454634 28.589092 29.02673  29.775126 30.967491 32.18236  33.321033
 33.952023 36.41472  37.4932   39.07295  37.87492  36.77543  36.78502
 36.23979  36.48513  37.237617 38.47288  38.98724  39.71566  40.615837
 40.857265 41.373375 41.345505 41.482742 41.21107  40.59488  40.11929
 39.5825   39.23149  38.964565 38.69194  38.33698  38.30381  38.34583
 38.25303  38.453716 38.752632 39.18553  39.53365  40.016945 40.101753
 40.292675 40.080433 39.382374 37.96721  37.521225 37.021633 37.323982
 37.007553 37.81449  38.392166 38.650116 38.895947 38.722034 39.068592
 39.790764 40.14897  40.493454 41.02395  41.134148 41.499126 41.744354
 41.929016 41.916565 42.3467   42.609806 42.88208  42.95857  43.07786
 43.21105  43.438774 43.645023 43.85261  43.98411  44.30221  44.550003
 44.723694 44.90998  45.37937  45.699078 46.266167 46.65615  47.263653
 47.734406 48.300167 49.024998 49.593655 50.11299  50.470055 50.535942
 50.62166  50.407475 49.245056 47.762146 45.997936 44.12585  42.447746
 41.233433 40.21849  39.77774  39.209953 38.559998 38.523575 38.488354
 37.73057  36.95631  36.018356 34.901474 33.922886 32.896503 32.24424
 31.283848 30.60203  30.294737 29.724218 29.542433 29.47086  29.187998
 28.854109 28.901218 29.8268   29.516846 30.012516 30.34613  31.294678
 31.510904 32.29177  32.980526 34.17569  35.946888 37.020977 37.173317
 36.556557 35.440502 30.145617 26.653915 24.597025 24.251244 23.68194
 23.94045  25.100664 25.595928 25.989086 26.099817 26.287498 26.716747
 26.473396 26.444437 26.828678 26.84018  27.037306 27.058907 27.104584
 27.10431  26.494118 26.08681  26.073195 26.080767 25.842974 25.770157
 25.654242 25.523169 25.240557 24.91382  24.93219  24.70425  24.705698
 24.627464 24.606218 24.15028  24.137548 24.180063 24.0599   24.11393
 24.36536 ]",ok,
00127,shortlong_ballerina_spin,wham,280,280,280,1.0,frame_ids,0,57.60911560058594,6210.20263671875,38.83221435546875,"[ 43.843384  27.632122  24.96064   24.016487  23.718483  23.111006
  22.558996  22.024492  21.570969  21.181744  20.801903  20.786537
  20.57593   20.418648  20.356325  20.369629  20.256386  20.309944
  20.403978  20.235607  20.225557  20.20593   20.138985  20.278618
  20.353527  20.46311   20.514372  20.587364  21.118338  22.216825
  23.269821  25.24659   27.835344  31.245892  35.3982    40.185432
  45.990322  51.97683   58.5306    65.26404   70.18598   71.99793
  67.26711   76.14192   67.854065  53.664993  53.780193  51.232044
  51.058037 159.996     75.29341   37.408123  34.25707   41.26168
  43.61547   39.8785    35.948048  33.70365   31.867434  31.343195
  30.070932  29.694674  29.603363  29.55187   29.292927  29.266792
  29.856531  30.806816  31.719275  32.333492  34.28177   35.3767
  36.965057  38.02606   39.575546  40.693302  41.497948  41.30434
  40.81355   40.93022   40.02158   39.797924  38.908672  38.07476
  36.728077  35.48746   34.47773   33.511486  33.44201   34.420746
  33.86341   33.913593  35.399956  36.025597  36.55268   38.091415
  40.927128  40.74296   41.636925  42.19006   42.358875  42.26377
  43.487087  44.106815  45.509365  46.444748  46.637043  46.314255
  45.986923  45.792603  45.6524    45.204285  45.293694  45.76784
  46.237     47.25642   47.824036  48.620846  48.73343   48.839954
  48.783783  48.568012  48.509407  48.24528   48.456917  48.585888
  48.19152   47.569862  47.656635  46.855385  46.30893   46.794468
  47.14851   47.230637  47.370167  47.351734  47.643024  47.846085
  48.528484  49.221745  49.956852  50.258812  50.319576  50.5824
  50.56534   50.202015  49.340782  48.68129   48.01741   47.661617
  47.0393    46.39649   46.311474  45.967953  45.399487  44.48323
  43.4196    42.40363   41.045223  40.13727   39.07881   38.14796
  37.35535   36.81913   36.5094    37.166817  38.30056   38.69433
  38.349205  38.62151   39.36001   41.299423  43.25903   43.816795
  44.841953  45.247017  45.730915  46.354805  46.901752  46.90751
  46.27851   46.27649   46.33058   45.804417  45.379894  45.18161
  44.694252  44.789963  44.25216   43.842026  43.69377   43.45041
  42.59032   42.11547   41.216076  40.296104  39.857544  39.12906
  38.7501    38.532314  38.307888  37.8537    36.897125  35.763428
  35.297585  34.5253    33.82185   33.576336  33.37868   33.317783
  32.924473  32.60133   32.577663  32.707954  32.791317  33.592567
  34.94059   36.899403  39.32158   41.247852  44.38494   47.606834
  51.094     50.71783   52.582207  51.290222  48.192123  45.95521
  41.91094   36.832157  35.047733  35.153736  35.7677    37.0455
  36.903057  33.41085   33.221493  32.57445   35.085518  42.335823
  40.710247  41.746204  41.54747   39.26263   36.279877  33.16102
  30.795773  29.734596  28.361282  28.332977  28.32848   27.917927
  27.716095  27.73899   27.78916   27.478094  27.011889  26.970106
  27.145197  27.408464  27.729782  28.223846  28.914442  28.887009
  29.251911  29.946245  30.069687  30.13182   30.166704  29.80662
  29.703955  29.639942  29.583893  29.472864  29.58135   29.452364
  29.215118  28.96787   28.641445  28.31909 ]",6217.87255859375,31.403839111328125,"[ 39.94169   28.235973  26.138119  24.751156  24.031399  23.17636
  22.663752  22.027119  21.512342  21.07769   20.778355  20.631945
  20.339203  20.112461  20.026634  19.972406  19.821898  19.84986
  19.872559  19.717793  19.699709  19.656128  19.61799   19.640917
  19.662905  19.715727  19.721397  19.686377  19.871744  20.582962
  21.180735  22.314781  23.947393  26.102205  28.827206  31.773697
  35.60856   39.61558   44.071625  48.49803   51.9848    53.104668
  49.76506   55.1898    49.96934   40.950184  41.275448  39.43689
  39.025505 118.94191   57.971626  28.996063  26.658884  32.633972
  34.727913  32.458755  29.893757  28.82491   28.07726   27.977179
  27.637943  27.738108  28.111105  28.338678  28.33532   28.77733
  29.519438  30.49609   31.650324  32.557915  34.094383  35.190243
  36.61808   37.540745  38.5216    39.196598  39.096943  38.430897
  37.71526   37.41047   37.08132   37.25637   37.147064  37.087692
  36.27551   34.630337  33.484314  32.27299   31.93691   32.648106
  31.43185   30.33372   29.921165  29.879555  30.52882   30.799381
  33.71327   31.804453  32.67898   33.03306   33.441803  33.982132
  35.464947  36.619347  38.056137  38.655598  38.540905  38.278595
  38.012646  37.709087  37.299465  36.766956  36.637077  36.768486
  36.76033   37.00596   37.111805  37.245102  37.131264  36.917828
  36.546066  36.041157  35.91634   35.797943  35.822227  35.40425
  34.54033   33.508266  32.641026  30.980839  29.581837  29.207842
  29.045172  28.75183   28.809198  28.896555  29.290035  29.90821
  31.265114  32.272915  33.48026   34.3698    34.961197  35.66594
  36.17474   36.153873  35.164093  34.43265   34.07127   34.139988
  34.329937  34.393295  34.888596  35.50077   35.608555  35.68968
  35.61343   35.221794  34.392456  33.84808   33.179886  32.61559
  32.472954  32.50391   32.69232   33.400097  34.384197  34.742195
  34.41044   33.92209   32.923534  32.584755  32.616646  32.143967
  31.847786  31.462465  31.21294   31.428364  31.923498  32.460583
  32.61174   32.95869   33.234715  33.121357  32.98922   32.692135
  32.291664  32.34562   31.68341   31.17346   31.029348  30.886465
  30.387335  30.407862  30.491467  30.666159  30.923897  30.947239
  30.980043  30.957773  30.852316  30.572548  30.067497  29.314312
  29.154161  28.874157  28.758928  29.019058  29.444149  30.15013
  30.780783  31.259987  31.825342  32.35334   32.064228  32.3242
  32.697933  33.625397  34.7734    35.756668  37.254337  38.906673
  40.300232  39.26942   39.74447   38.404984  35.90199   33.87594
  31.158646  28.222248  28.214968  29.577621  31.71821   33.246723
  33.018272  29.606422  28.099537  25.809795  26.430248  30.843706
  30.04502   30.818506  30.93891   29.699902  27.842684  26.035303
  24.531773  23.871881  22.592733  22.35051   22.171972  21.733688
  21.677092  22.041014  22.295311  22.217455  21.91598   21.80657
  21.945366  22.273012  22.582747  22.908129  23.514944  23.388655
  23.630997  24.241957  24.406513  24.467066  24.609163  24.452637
  24.406612  24.318745  24.328196  24.27215   24.431595  24.204311
  24.051756  23.88721   23.744753  23.448105]",ok,
00127,shortlong_bend_back_and_front,wham,310,310,310,1.0,frame_ids,0,27.04384422302246,5977.26806640625,43.45066833496094,"[ 36.47765   25.563955  23.448612  22.299517  21.744957  21.26733
  20.817015  20.408115  20.151516  19.960972  19.891813  19.784554
  19.686026  19.541021  19.470335  19.394035  19.379642  19.275663
  19.341167  19.424467  19.414104  19.45603   19.398552  19.581717
  19.600254  19.981546  20.27309   20.637293  21.081507  21.612238
  21.93453   22.435753  23.05363   23.448051  24.002712  24.66052
  25.474167  26.307352  27.011173  27.804586  28.554724  29.29059
  30.368057  31.424393  32.413082  33.330105  34.653164  35.93254
  36.858967  38.534298  39.94353   41.549347  43.19838   45.81165
  48.185085  50.631798  53.64435   56.492664  60.0772    64.302284
  68.737175  73.85459   77.14815   81.080696  81.67929   82.034065
  75.880684  73.06704   69.47837   67.742424  68.98487   72.82232
  75.488625  79.58454   84.741005  91.30709   95.57293   98.66438
 101.77447  102.5751   101.71414  100.423546  98.94044   95.60827
  92.276115  87.881714  84.20163   80.06407   74.205666  69.24725
  65.18785   62.162525  58.99033   57.314465  55.127075  53.006535
  50.72614   49.25467   47.993664  47.376095  48.12746   49.545826
  51.498173  53.314793  55.505764  57.25728   58.6945    60.13087
  61.555832  62.569878  63.58809   64.694145  66.01225   66.65329
  67.53426   68.32705   69.07426   69.40566   69.579575  69.7087
  69.82964   69.54803   69.35194   68.96417   68.70898   68.06354
  67.42592   67.093285  66.24158   65.7162    65.00489   63.786694
  62.323734  60.714924  58.654575  57.210175  55.309643  53.787716
  51.73431   50.016533  47.88136   46.13177   44.31823   42.606224
  41.339874  40.14413   38.959934  38.066864  36.761982  35.88885
  34.95784   34.46252   33.98256   33.35049   33.293137  32.873695
  32.88901   32.9835    33.23862   33.894684  34.601826  36.209793
  37.13925   40.84499   41.71959   42.038876  42.909557  43.46617
  44.27132   43.894073  44.297195  43.570366  44.08647   43.965233
  44.177265  43.72353   43.169716  42.87552   42.72097   42.203564
  41.60859   40.867435  40.42703   40.5794    40.055473  39.921524
  39.363106  39.12307   39.071877  38.744473  38.48318   38.009087
  38.224457  38.186626  37.92112   37.53582   37.13942   36.75332
  36.41136   36.110115  35.87183   35.588352  35.475273  35.22799
  35.3384    35.3758    35.315796  35.10552   35.226482  34.897526
  34.79339   34.673542  34.42553   34.406258  34.310143  34.36149
  34.135284  34.074417  34.08268   34.041294  34.005352  34.07258
  34.0646    34.08679   33.85338   33.787205  33.719563  33.646305
  33.521465  33.709225  34.15853   34.265465  33.53999   33.44488
  33.13634   32.818043  32.569023  31.030542  29.733168  29.045753
  28.597     27.39283   25.885458  24.664446  23.783297  23.407646
  24.097874  22.94777   25.278587  25.565302  25.221064  26.362019
  25.731274  28.283373  35.14258   37.33529   42.4811    45.213882
  45.934692  50.389095  52.333652  54.52259   55.334717  56.41172
  57.056602  58.95988   59.051796  55.29457   53.390766  49.61603
  46.703423  44.0092    41.8944    40.08576   37.750843  36.488403
  35.917446  35.519295  35.327183  34.632824  34.165466  33.93857
  34.39143   33.938927  34.06914   33.792442  33.58707   33.787285
  33.38745   33.31925   33.034615  33.055466  32.16503   31.894989
  31.525991  31.013058  30.792475  30.398706  29.860537  29.775333
  29.50531   29.40794   29.155455  28.89609   28.604464  28.172976
  27.932606  27.643883  27.719212  27.501434]",6041.9326171875,39.43312072753906,"[33.831867 25.776482 23.870945 22.23885  21.545393 20.835728 20.254688
 19.683489 19.420902 19.097345 19.015596 18.858099 18.761972 18.578882
 18.501875 18.424828 18.348331 18.20773  18.227722 18.17643  18.171322
 18.073013 17.988316 18.0852   18.002396 18.420336 18.757164 19.289562
 19.908508 20.673544 21.156982 21.909172 22.777414 23.440754 24.225183
 25.041191 26.00332  27.011482 27.867796 28.846136 29.665257 30.507034
 31.579655 32.66853  33.60523  34.50122  35.7959   37.018078 38.00806
 39.56067  40.8655   42.351265 43.776917 45.937912 47.88205  49.726246
 51.923767 54.00773  56.654217 59.462337 62.45883  65.70283  67.576744
 69.93814  70.57252  70.52397  66.532196 64.27728  61.343243 59.657948
 59.82433  61.68312  62.887928 64.07715  66.35109  69.89016  71.54528
 73.00115  74.66035  74.83764  74.08007  73.538025 72.72746  70.67829
 68.94381  66.63465  64.80998  62.781246 59.738384 57.43998  55.717716
 54.44249  53.26097  52.94438  52.32952  51.92283  51.75232  52.44014
 53.559494 55.289078 57.280426 59.234848 61.265903 62.96483  64.77382
 66.244995 67.3506   68.40237  69.39901  70.05788  70.76706  71.497536
 72.30201  72.80279  73.243256 73.72231  74.09461  74.10691  74.16496
 74.167114 74.157425 73.727844 73.4004   73.09042  72.79376  72.28194
 71.76771  71.40258  70.702225 70.22705  69.655266 68.761635 67.76499
 66.613174 65.069046 63.984245 62.521435 61.290657 59.48043  57.843697
 55.84143  54.054573 51.880836 49.55016  47.738373 45.803787 43.654488
 41.582172 39.35614  37.38177  35.666264 34.14111  32.659416 31.40137
 30.470175 29.56213  28.948935 28.577587 28.262884 28.331348 28.543995
 29.886559 30.86555  35.141598 35.96486  36.365208 37.041412 37.503407
 38.335476 38.167828 38.521675 37.8482   38.315426 38.13978  38.117546
 37.54948  36.74712  36.26634  35.652836 34.838318 34.09276  33.283463
 33.05954  33.38107  33.079716 33.293167 33.191696 33.382984 33.61938
 33.62418  33.65485  33.679184 34.041836 34.229797 34.163876 33.947502
 33.69279  33.347263 33.098442 32.828884 32.58763  32.45057  32.408463
 32.0927   32.19022  32.246258 32.04695  31.96073  31.966557 31.889301
 31.711493 31.750902 31.615316 31.489748 31.475983 31.381037 31.05523
 30.922243 30.671814 30.41189  30.080194 30.021595 29.93101  29.773859
 29.392159 29.136    28.880028 28.459782 28.029799 27.869404 27.776278
 27.42835  26.508137 26.248009 25.712593 25.00003  24.37699  22.77016
 21.59033  21.244669 20.866314 19.847645 18.805084 18.33526  18.295311
 19.082743 20.85319  21.47422  23.340097 23.31467  21.967516 21.560713
 21.063643 21.69791  25.777212 26.804104 30.072056 31.911417 32.512104
 35.42264  36.601856 37.893276 38.528328 39.587364 40.290672 41.683186
 41.974545 39.76587  38.882183 36.640594 34.836243 33.279945 32.115417
 31.085909 29.739618 28.936123 28.49302  28.213299 28.040606 27.56455
 27.202154 26.971737 27.421833 27.112206 27.105564 26.895006 26.701859
 26.763206 26.408329 26.350798 26.141329 26.119366 25.478394 25.27066
 25.172888 24.800728 24.67136  24.372137 23.98657  23.765759 23.708405
 23.617193 23.41452  23.18056  23.060078 22.674576 22.50263  22.27362
 22.335707 22.152811]",ok,
00145,shortlong_hips,wham,220,220,220,1.0,frame_ids,0,30.449819564819336,6625.56103515625,44.97188949584961,"[56.428524 36.935284 31.208061 30.813482 30.773203 31.286608 32.74314
 33.349667 34.7643   36.090652 36.69078  36.91065  37.21271  37.104877
 37.248695 36.461464 36.587986 36.05212  35.25036  34.741165 34.50465
 34.600384 33.92041  34.011787 33.56996  33.233803 32.881454 32.83089
 32.026695 31.754423 31.279285 30.985033 30.938633 30.94298  31.220453
 31.797186 32.17313  32.501812 32.664837 32.79907  32.59411  32.634743
 32.54378  32.449547 32.71664  32.794693 32.564762 32.731068 32.93347
 33.31561  32.990494 33.205227 33.243683 33.41969  33.828884 33.948856
 34.16972  34.431366 34.985798 35.492466 35.687996 36.172813 36.761513
 36.830208 37.498337 37.495846 37.87163  37.802036 37.80395  37.90223
 37.968624 38.490738 39.74027  41.12115  42.761566 44.711136 45.734524
 46.90133  47.667774 48.739086 49.611946 50.508224 51.350792 51.124577
 51.574802 51.545986 51.990482 51.55457  52.13639  52.772793 53.785885
 54.381878 54.944134 54.14341  54.641838 55.004433 55.57894  56.005493
 56.957302 57.60348  57.851112 58.174488 58.28314  58.86498  58.860806
 58.76602  58.78377  58.941612 59.03436  59.307793 59.873466 59.694912
 59.95498  60.51     61.17455  61.94379  61.902744 61.998074 62.04324
 61.817993 61.387966 61.534378 61.352325 60.660454 60.566883 60.460983
 60.02775  59.595573 59.050346 58.15434  57.605606 56.855072 55.9213
 54.94922  54.12579  53.17762  52.167156 50.85979  49.68088  48.67726
 46.716446 45.845585 44.337795 41.976383 39.70621  39.147446 38.098892
 37.61344  38.382313 38.729454 38.91935  39.06572  39.231472 39.269352
 39.437916 39.780304 39.595524 39.941643 40.036324 40.157284 40.63513
 41.286835 41.87816  42.011097 42.598347 43.059162 43.466625 43.708656
 43.689335 44.142838 44.382965 44.62263  44.929016 45.55701  46.14256
 46.590385 47.379005 48.083435 48.525356 49.27182  49.511322 50.036022
 49.973663 50.39282  50.641388 51.183678 50.70111  50.62135  50.700417
 50.553917 50.51381  50.688198 50.645172 51.73874  52.26203  52.440483
 52.703674 51.909275 51.285564 51.08926  50.875008 51.01148  50.350567
 50.191906 50.0347   49.808353 49.117977 48.46723  47.888805 47.148743
 46.34002  45.74764  45.329105 44.851242 44.076313 43.665676 42.893986
 41.979595 41.72292  41.015324]",6679.4423828125,36.56938171386719,"[46.88101  32.65205  28.277365 27.153418 26.4769   26.446722 27.262278
 27.770473 28.912746 29.929615 30.516123 30.695131 30.518976 30.170567
 29.99111  28.893938 28.756739 28.373436 27.759514 27.399443 27.284204
 27.364872 26.882431 27.030415 26.778856 26.623314 26.576124 26.676765
 26.238272 26.155441 26.046785 25.954237 26.03651  26.165047 26.383251
 26.818434 27.111235 27.376852 27.463848 27.460897 27.264565 27.264095
 27.125128 27.018478 27.164927 27.244738 26.927464 27.090603 27.355843
 27.65982  27.396402 27.704529 27.728832 27.872606 28.27434  28.263472
 28.445852 28.767673 29.309303 29.847504 30.159025 30.730766 31.633474
 31.918756 32.729153 32.822933 33.26655  33.461826 33.65513  33.341732
 33.42707  33.89858  34.5896   35.602856 36.670723 38.067715 38.657574
 39.510887 40.02172  40.710567 41.252514 42.075726 42.327496 42.41547
 42.744358 43.160957 43.70296  43.668594 44.219105 44.700268 45.51958
 46.410862 46.98841  46.84293  47.460144 47.99068  48.56966  49.258392
 49.89604  50.54355  50.686424 51.022957 51.17741  51.46515  51.035122
 50.751984 50.503967 50.38829  50.226917 50.040005 50.01974  49.408733
 49.120872 48.997837 48.77602  48.65387  48.212677 47.77616  47.385693
 46.924446 46.398    46.312702 46.113564 45.69352  45.53702  45.221966
 44.986988 44.569775 44.10008  43.427307 42.960716 42.348488 41.6676
 41.007584 40.62478  39.787663 38.891216 37.614357 36.360634 35.287735
 33.808983 33.042988 32.072956 30.820877 29.925888 30.227692 30.100935
 30.680954 31.806078 32.41409  32.967674 33.384453 33.756855 34.17729
 34.854675 35.360348 35.602177 35.79612  35.8594   36.05209  36.025265
 36.416824 36.73513  36.71156  36.966724 37.01109  37.259426 37.353626
 36.764137 37.13016  37.053917 37.013103 37.224236 37.65679  37.937576
 38.380634 38.64273  39.143078 39.42479  39.92533  40.22938  40.75102
 40.65084  41.173046 41.229664 41.42796  41.104046 41.050068 41.00233
 40.95932  41.015526 41.127296 41.15313  41.543926 41.79713  41.713905
 41.54261  40.95431  40.233025 39.636368 39.17679  38.862522 38.141876
 37.533287 37.114372 36.273155 35.367    34.72217  34.028637 33.419373
 32.9372   32.353474 32.187477 31.749855 31.532768 31.412207 31.209848
 31.014084 30.851006 30.491447]",ok,
00145,shortlong_punching,wham,177,177,177,1.0,frame_ids,0,43.95704650878906,6289.63427734375,49.84157180786133,"[57.821526 41.82073  34.77923  34.139416 32.358517 31.414103 31.101316
 30.65999  31.616653 33.549747 36.65628  40.949387 46.297153 49.476433
 49.734653 42.16504  38.18924  32.481236 33.11811  37.33484  41.171665
 43.97579  46.154182 48.159767 50.14425  51.77565  52.78114  54.26741
 56.285065 57.967712 60.636612 63.086674 66.54628  69.44379  70.48954
 71.04607  71.52478  71.21982  69.97658  68.32036  65.861755 63.547813
 60.903492 56.96301  52.85418  48.778103 44.9561   42.88796  42.685833
 42.907303 41.741947 39.45438  38.060726 37.01306  36.377796 35.705757
 34.944622 34.39329  33.162434 33.768456 36.063053 39.16774  43.472214
 48.834644 53.828472 58.442303 62.336823 66.26569  68.55178  64.92484
 58.467945 53.662346 52.161583 51.269474 51.95424  52.337322 51.480335
 50.82532  49.792637 47.8391   45.907658 42.76052  38.29121  35.41972
 34.392475 35.4036   37.38375  34.266266 35.467773 36.280087 35.10483
 33.692585 33.534313 35.584274 38.948563 40.607548 40.68427  38.974323
 37.91023  38.9845   42.101826 44.67859  46.762146 46.4593   51.857708
 55.046036 60.582603 66.310745 70.225204 75.15702  78.716774 76.817986
 72.501366 78.58071  59.52369  46.22058  42.86361  43.52514  43.663887
 46.67022  49.79151  50.9698   48.765907 45.096844 44.598354 52.149124
 60.158123 66.394165 73.51154  79.78126  82.91455  84.02272  84.48542
 83.256226 81.6318   79.69219  77.82676  76.25587  75.57526  73.44663
 70.20299  65.63153  61.158096 55.05962  51.168133 47.987907 47.424614
 47.633797 47.087124 45.983963 44.795265 43.52912  42.39797  41.118614
 39.85006  38.340233 36.702347 35.19203  34.89318  37.532562 42.5531
 47.891277 54.915043 61.170113 58.9131   39.250744 34.976845 37.432808
 44.034374 42.50755  45.236267 43.537304 41.96718  37.710308 32.980522
 28.3221   27.399767]",6353.72802734375,34.8395881652832,"[49.257084 38.02677  32.939728 31.779203 29.988453 29.090101 28.645685
 27.987959 28.020264 28.328642 29.029005 30.483404 32.85681  34.25358
 34.008175 29.784044 28.19305  26.419516 25.899597 28.943054 31.656067
 33.70446  35.322697 36.27452  37.14153  37.039253 36.450203 36.00398
 36.5132   36.99897  38.381847 39.95472  41.612823 43.45195  44.002235
 44.473873 44.860615 44.746597 43.998447 42.99277  41.482224 40.190865
 38.63345  36.44352  34.101162 31.93111  29.655571 28.657692 28.607616
 28.950394 28.120987 26.680416 25.823036 25.25814  25.030891 24.878355
 24.603794 24.73993  24.53983  25.187344 26.760607 28.572603 31.222776
 33.885406 35.82422  38.014126 40.25326  42.11399  43.455822 41.180565
 37.80116  35.890705 36.039803 35.92546  36.896233 37.892456 37.497032
 37.33798  36.982925 35.924675 34.491524 32.5301   30.192629 29.049448
 28.94835  29.665964 31.238197 29.754122 29.730064 29.581377 28.09936
 26.164686 24.765396 25.37244  27.011282 27.704714 27.49598  26.12178
 24.910883 24.694632 26.097824 27.906065 29.038094 28.600124 32.2606
 34.37196  38.34271  42.536663 45.29851  48.703785 51.18553  49.766674
 46.982254 51.054413 38.23387  29.885794 28.807747 30.71744  32.675293
 36.41733  39.193447 39.774982 37.58982  33.8385   31.850573 34.609596
 38.45921  41.578    45.541157 49.052788 50.66947  51.04531  51.432358
 50.878746 50.16775  49.277573 48.7358   48.556923 48.988953 48.515457
 47.46124  45.32534  43.369263 39.789516 37.2536   35.530914 35.348812
 35.30255  35.05853  34.14983  33.617336 32.629414 31.756311 30.439583
 28.926886 28.09879  27.119577 26.594995 26.75596  28.764933 31.832245
 34.796913 38.73365  41.95616  43.082153 28.552109 26.263542 28.652578
 33.50261  32.958992 34.95158  33.974384 32.737087 29.79256  26.76764
 23.628359 22.466475]",ok,
00145,shortlong_simple,wham,163,163,163,1.0,frame_ids,0,49.18123245239258,6339.77197265625,44.41313934326172,"[65.01957  40.593517 33.13527  33.40686  33.15973  32.230625 30.277292
 27.553646 27.021248 27.00645  27.53511  26.216269 25.756964 25.46296
 25.343676 25.70852  26.036592 26.069603 26.42106  26.875803 26.990385
 27.119137 27.518223 27.620825 27.993845 28.02854  27.777927 27.863943
 27.49756  27.443445 28.352585 30.37414  32.896687 34.9546   38.44479
 39.38294  35.456135 35.75636  34.752655 34.299084 34.199615 36.22872
 40.748825 45.35852  49.292496 53.28712  57.18602  60.771828 62.54347
 63.22109  63.134106 62.89777  63.36224  62.775368 62.623745 61.561146
 61.267647 60.616814 60.21219  59.61723  58.514553 57.855892 57.00719
 56.19808  55.41846  54.350006 53.45448  52.614883 51.454895 50.666424
 49.563717 49.09336  48.033638 47.522858 47.457817 47.932365 48.513023
 49.73205  50.165066 50.78901  51.268032 51.692623 52.131847 52.017353
 51.7236   51.808037 52.010883 51.5545   50.98899  50.23742  50.015278
 49.507935 48.892326 48.58953  48.328983 48.113117 48.241024 48.61971
 48.709526 48.909233 49.368755 50.40279  51.196922 52.298077 52.910378
 53.396694 54.064045 54.513817 54.896862 55.57729  55.299015 55.174168
 55.00168  54.537533 54.110634 53.958202 53.093735 52.920982 52.147446
 52.24472  51.799973 51.10641  51.048096 51.240234 50.730957 49.5815
 48.70769  48.325287 48.226303 47.37799  47.198833 45.915943 46.01148
 46.20624  45.993565 45.90128  45.8809   44.88763  44.12553  43.525627
 42.409817 42.181114 41.102108 38.58302  35.581646 32.699074 30.394829
 30.105076 30.108799 30.511133 30.232151 30.799791 32.102375 33.360306
 34.048992 34.97919  35.52842  36.076412 37.362072 39.834023 41.359764
 42.497375 44.62097 ]",6374.974609375,37.84075164794922,"[53.415985 36.427578 31.62348  30.905998 30.279036 29.444962 28.380043
 26.836256 26.640718 26.70052  26.907125 26.36191  26.074217 25.833132
 25.554195 25.89695  25.934214 25.904894 26.098639 26.518898 26.531643
 26.588743 26.883202 26.979671 27.172333 27.216648 26.901731 27.002602
 26.578436 26.062983 25.910414 26.452682 27.696907 29.007168 30.936377
 31.665161 30.891304 31.813253 31.02406  30.588129 30.4279   31.881348
 35.032597 37.96369  40.368008 42.751503 45.19078  47.185974 47.946934
 48.065697 47.79587  47.64246  47.89025  47.610363 47.590603 47.00887
 47.01687  46.67668  46.436775 46.091286 45.247097 44.659843 44.07813
 43.407734 42.663162 41.73848  40.95922  40.108105 39.323013 38.870785
 38.39285  38.244892 37.733963 37.624172 38.03449  38.825657 39.488873
 40.790718 41.472313 42.05324  42.465527 42.74383  42.932297 42.95313
 42.918865 43.06212  43.21437  42.722763 42.28681  41.945934 41.667294
 41.589333 41.47316  41.554573 41.61599  41.53097  41.66508  42.140213
 42.549652 43.01643  43.660213 44.738503 45.503872 46.470734 46.983795
 47.42747  47.976177 48.345802 48.711452 49.25856  48.957466 48.88026
 49.05645  48.602654 48.300762 48.56244  47.746693 47.60531  46.945076
 46.835175 46.198948 45.36964  45.040237 44.68805  43.950047 42.99433
 41.911545 41.49718  41.134758 40.649963 41.041122 40.140774 40.43023
 40.64651  40.616947 40.54274  40.14088  39.429054 39.033836 38.965942
 38.58061  38.259743 38.183002 37.064816 35.279648 33.77835  31.89203
 30.477314 29.090586 28.659386 27.699211 27.10941  27.04035  26.945473
 26.617676 26.48222  26.249516 26.216805 26.516323 27.816221 28.596022
 29.478294 31.035997]",ok,
00145,shortlong_twist_tilt_left,wham,348,348,348,1.0,frame_ids,0,49.637939453125,6170.70703125,48.23479080200195,"[52.518703 38.532314 32.103767 30.622314 30.127296 32.994926 39.164497
 52.122322 66.800514 82.51268  88.8355   86.967186 75.95403  65.888596
 63.284092 60.112873 57.27044  52.76918  47.36215  42.908924 40.591927
 39.014194 37.26395  36.323963 35.09737  34.71285  33.79662  33.747025
 33.61668  33.207253 32.445614 32.052868 31.699915 31.81934  31.73884
 31.391863 31.3026   31.178638 31.732782 32.302185 32.8002   33.70568
 34.438953 35.63777  36.625244 37.709934 38.585278 40.315903 41.941822
 43.092484 46.824978 49.28526  51.809307 55.38075  59.663353 61.84947
 54.479736 54.751015 50.77475  50.34268  49.528904 47.81319  45.956036
 44.60341  43.414024 42.917503 42.794113 42.226856 42.43416  42.465214
 42.58425  42.657932 42.55901  42.34736  42.144768 42.215458 43.577183
 45.113007 47.086605 45.86863  46.492565 47.547344 48.254112 66.114044
 65.427086 61.397415 57.43446  53.93878  50.624756 49.993393 47.935375
 46.635433 45.753788 44.02277  41.90657  40.195152 39.18896  38.44594
 38.049694 37.848156 37.62728  38.061943 38.300194 38.696587 38.639664
 38.954525 38.76992  38.892582 39.138508 39.380196 39.380005 39.069904
 38.861233 39.010796 39.117496 39.437405 39.491734 40.534264 41.733543
 42.43085  43.34452  44.26882  45.022507 45.872986 47.22692  47.3802
 48.03109  48.146847 48.41328  48.658432 49.057446 49.305412 49.26149
 50.245785 50.509712 50.445305 51.140503 51.770195 52.083637 52.037064
 52.233723 52.253605 52.107494 51.86879  51.57007  51.190685 50.70967
 50.327618 50.14368  49.948673 49.700085 49.32407  48.990112 48.68452
 48.29349  47.739838 46.89808  46.13833  45.344917 44.359077 44.016323
 44.56472  43.81597  42.842735 42.989002 42.926025 43.30969  43.558743
 43.91809  43.922592 43.874153 43.770348 43.679577 43.18922  42.809917
 42.458225 42.330914 42.08646  41.187706 41.246025 41.558777 42.46912
 43.546986 44.196064 45.195057 47.00052  48.126743 50.005363 51.23562
 53.9401   53.952354 54.98642  56.563026 57.828884 54.085358 53.82503
 54.157032 53.328808 52.013206 51.203766 50.222466 48.879307 46.746902
 45.51643  44.5938   43.568043 42.55373  41.896854 41.32411  41.214546
 40.811428 40.840298 40.959923 40.93485  40.887177 40.575832 40.305504
 39.9887   39.948887 41.19583  42.15148  41.98347  41.31358  41.196693
 41.921963 45.2805   84.657524 60.069424 54.681454 54.197796 54.92374
 50.87549  49.899586 48.369877 46.782482 46.921146 46.44522  44.837852
 44.300335 44.20654  43.907738 43.867302 43.904953 44.652714 44.767067
 44.69372  45.127083 45.13397  45.710026 45.784996 45.9268   46.14874
 46.344254 46.861782 47.306503 47.707676 47.97182  48.018337 48.236534
 49.684376 51.854282 53.53838  55.195744 57.135212 57.685402 59.132515
 60.91091  61.128605 61.945583 62.93264  63.8735   64.68095  65.40392
 65.49328  66.12429  66.490456 66.918076 67.01179  67.12985  67.3775
 67.300385 67.22825  67.2988   67.16256  67.33157  67.05118  67.01381
 66.573906 66.19929  66.03897  65.693565 65.63932  65.811066 65.99567
 66.09239  66.44551  66.90487  67.52322  67.003235 65.82038  63.711285
 63.179672 62.48928  60.186832 58.403572 55.82288  53.807117 51.77523
 50.92466  49.76806  49.33244  48.9614   47.23087  45.72231  44.469204
 43.367466 42.95707  42.717808 41.978317 41.237453 40.421734 39.38151
 38.10155  36.73116  35.299038 35.023155 35.237095 36.98126  41.31827
 46.056347 51.550453 57.473618 62.57233  64.54216  63.860603 61.10799
 57.11662  50.64629  42.99817  37.76097  36.08271  37.96739  40.267574
 42.306126 44.613045 47.621887 49.61084  52.478355]",6165.47900390625,39.54206848144531,"[47.765984 37.074036 32.300682 30.984396 30.382723 31.836163 35.144924
 42.209114 50.118443 58.95427  62.437218 61.238598 54.528286 48.78987
 47.991035 45.762245 44.224663 41.501873 38.006306 35.359116 34.64066
 34.063866 33.34513  33.030975 32.244873 32.17398  31.52503  31.384256
 31.076902 30.699787 29.854017 29.454416 29.045189 29.133892 29.067755
 28.802797 28.964489 29.024525 29.573849 30.227373 31.097687 31.994234
 32.9264   33.923473 34.428646 34.441578 34.12051  34.34378  34.67235
 35.0744   36.994053 38.217304 39.875057 42.23174  44.231144 44.928837
 40.350307 41.277313 39.093193 39.486195 39.962704 39.454548 38.82636
 38.290646 37.662933 37.28694  37.27036  36.817646 36.854225 36.61608
 36.16723  35.73051  35.363224 35.01107  34.738342 34.68139  35.50173
 36.204315 37.22728  35.770313 34.990887 34.96845  34.746082 44.966724
 44.44763  41.564625 39.28926  37.677498 36.27163  36.351288 35.35686
 34.82941  34.447628 33.50079  32.734585 32.114758 31.824627 31.782322
 32.2262   32.561707 32.663216 33.300285 33.493633 33.905434 34.05186
 34.296196 34.021797 33.9786   34.086178 34.01019  34.076412 34.012028
 33.920696 34.155704 34.4397   34.842182 35.193867 36.06998  36.860558
 37.492294 38.15526  38.654556 39.304634 39.78625  40.59259  40.295135
 40.39518  39.994724 39.92851  39.631634 39.437317 39.428864 39.433357
 39.71161  39.6097   39.546494 39.789013 40.06711  40.34927  40.292236
 40.422367 40.4993   40.434395 40.338013 40.13645  40.06053  39.978188
 40.220078 40.554222 41.17086  41.626213 42.0986   42.340664 42.361233
 42.105835 41.58983  41.310204 40.723587 39.894184 38.966778 38.57132
 38.721676 37.8995   37.189087 37.274864 37.495712 38.099926 38.480583
 38.968956 38.933266 38.936462 38.87364  38.630726 38.212822 37.668606
 37.166958 36.79448  36.27139  35.52125  35.267345 35.16798  35.61341
 36.044712 36.362144 36.880894 37.83728  38.693848 40.035652 41.073334
 43.083984 43.344288 43.993595 44.70903  45.15926  41.322426 40.692524
 42.013985 41.929337 41.26618  41.28573  41.23108  40.930798 39.90092
 39.251415 38.95863  38.598602 38.29195  38.18289  38.013176 37.73546
 37.43997  37.17127  36.731384 36.080864 35.818863 35.35815  34.895054
 34.546074 34.288437 35.299267 36.18086  36.12871  35.816967 35.104115
 34.278397 32.996494 58.87766  40.69571  37.57022  38.586765 40.063503
 38.76644  39.04325  38.790596 38.013878 38.202705 37.98998  37.1789
 36.808647 36.77135  36.675934 36.769028 36.804024 37.515938 37.711292
 37.628006 38.07483  38.083393 38.406765 38.46272  38.360516 38.582798
 38.7897   39.003746 39.360638 39.72386  40.02424  40.08807  40.306213
 41.34994  42.977333 44.2911   45.411667 46.626675 47.18113  48.05542
 49.703255 49.956543 50.51843  51.23102  52.111076 52.917797 53.747345
 54.106342 54.75086  55.02832  55.297474 55.323196 55.17358  55.05815
 54.99811  54.629025 54.64245  54.335983 54.503227 54.207863 54.015057
 53.735157 53.43172  53.32595  53.20386  53.207737 53.47109  53.762596
 53.93377  54.321026 54.695812 55.36966  54.799507 53.455624 51.551624
 51.04515  50.05901  47.67047  46.024178 43.980526 42.052837 40.40754
 39.81415  38.86765  38.665565 38.46157  37.464954 36.400364 35.59962
 34.943687 34.80427  34.79068  34.64707  34.451298 34.02588  33.85444
 33.404778 32.856705 32.489265 32.90179  33.72099  34.58453  36.43696
 38.465355 41.171146 44.204548 46.32472  46.87627  45.84882  43.55487
 40.8655   36.34862  31.369139 28.013239 27.067686 28.759403 30.325703
 31.69075  33.22859  34.995014 36.228012 38.165535]",ok,
00215,jerseyshort_flying_eagle,wham,172,172,172,1.0,frame_ids,0,97.3529281616211,6254.3125,53.39153289794922,"[ 51.131664  36.08744   32.343243  32.114666  33.023983  32.775963
  32.95954   32.941494  32.746243  32.73154   32.187225  32.42144
  32.003372  31.664062  31.278986  31.254202  31.024845  30.651014
  29.745087  30.260378  29.509886  29.232979  28.690388  29.277594
  29.79164   30.595345  31.908133  32.90917   35.862545  38.764442
  41.694435  43.95815   45.632103  47.269543  48.7428    50.380558
  52.54897   53.39018   53.212402  53.51672   52.969887  51.798172
  51.586384  50.78194   49.272427  49.010952  48.02559   47.640766
  47.265034  45.990444  45.08437   44.920395  44.85618   45.69768
  47.53866   49.18878   50.649033  52.2592    52.3053    51.65779
  49.507286  48.63558   47.19865   46.089474  45.797962  44.85019
  43.52316   41.741276  40.505295  40.84869   39.319466  39.81975
  41.79384   41.84452   41.441998  41.006668  41.10255   40.24543
  39.93178   39.317375  40.085423  40.50971   39.341377  38.581417
  40.733513  44.539234  47.291485  51.932064  55.383915  58.070442
  59.64341   62.4459    64.88593   68.48962   69.44875   70.70226
  69.09242   68.3363    65.212135  64.29262   62.98836   62.36148
  63.157394  64.258255  64.20522   64.697845  63.966423  61.47477
  56.793125  53.337715  48.23526   45.917023  44.13045   42.83853
  42.23355   40.984283  40.650196  40.05355   39.586777  53.389034
  59.841694  55.49693   50.551426  56.514248  73.78798   79.484924
  79.62877   93.33529  104.01084  113.021484 113.66556  109.38208
 107.89356  105.02804   99.81047  100.62362   95.06612   93.210106
  85.3288    76.76324   72.57784   68.84061   69.78243   72.15723
  70.887665  72.45909   73.23062   69.64476   67.64799   65.079185
  61.26335   58.036015  53.360855  50.155704  47.559135  44.8166
  43.28585   43.00445   43.51301  115.10452   94.75574   82.01165
  70.90981   61.04556   56.02045   52.138046  49.426903  47.244278
  46.094463  45.25065   44.250237  43.81183 ]",6288.23974609375,44.11193084716797,"[41.685062 31.533968 28.85001  28.324673 28.841553 28.899664 29.057356
 29.48983  29.294079 29.195374 29.033394 29.158623 28.980234 28.541466
 28.508553 28.280205 28.191072 27.73964  26.988522 27.045212 26.021032
 25.66851  24.310493 23.91462  23.320162 22.921473 23.079416 23.365395
 24.411003 25.728529 27.308783 28.390697 29.94584  31.81133  33.678493
 35.444473 37.092094 38.784843 38.628063 38.557533 39.14542  40.069324
 40.11461  40.727726 40.969223 41.69336  43.310326 44.27216  43.68785
 44.055733 43.80093  44.267418 44.58985  44.216858 45.05211  45.002926
 44.695293 44.521133 43.478428 42.11216  39.92751  38.52318  37.04516
 35.829918 35.03231  34.227673 33.348667 32.422924 32.138985 33.08527
 33.583042 35.397957 37.897182 39.382782 39.974606 40.745914 41.795788
 42.171703 42.334686 42.037342 42.570557 42.235683 41.544697 40.523193
 38.89217  39.308716 37.09343  37.544933 39.334923 41.199654 43.25541
 46.66351  49.328995 51.613873 51.59111  52.592384 50.235447 48.679962
 44.710953 44.45307  43.916092 43.645958 45.28797  45.65517  44.962467
 43.199997 41.72944  40.43319  37.813545 35.98911  33.262054 31.99022
 31.211868 30.769913 31.429026 31.860617 33.7856   35.180305 37.470127
 47.64543  54.091484 53.23054  51.262672 55.429535 66.171    70.092
 70.049286 79.01463  85.94069  91.58234  91.14582  88.84609  88.200294
 86.83884  83.91473  84.90396  82.1195   81.28722  76.84355  72.3468
 69.441    65.080246 63.29606  63.382133 61.705353 62.084396 61.835854
 58.6751   55.736435 51.896015 47.91827  44.994553 41.45226  39.648045
 38.288734 37.595444 37.93366  40.265957 42.797794 97.69801  80.60969
 67.41724  57.320793 50.124195 45.902596 42.55672  39.85456  37.773792
 36.685688 36.296707 35.317627 35.03842 ]",ok,
00215,jerseyshort_hips,wham,233,233,233,1.0,frame_ids,0,28.479328155517578,6562.869140625,51.86716842651367,"[58.783154 40.965702 35.290546 35.039597 34.742687 33.962025 33.63788
 33.568077 33.146194 33.147903 32.809963 32.672237 31.790323 31.761524
 31.285055 30.710114 30.583992 30.814817 30.554073 30.543701 30.711071
 30.402233 30.60076  30.861954 30.955402 31.22696  31.638899 31.937014
 32.127705 32.792355 33.703094 34.327877 34.830826 35.75911  36.80957
 37.892113 39.365105 40.48321  42.174    44.105087 45.824413 48.294044
 50.025475 52.792255 55.520077 58.701435 61.24055  64.41755  67.28141
 70.03581  72.11997  74.09669  76.21566  78.03842  79.44536  80.39671
 81.20477  82.09251  82.45335  82.773155 82.30044  81.40577  80.116005
 77.93061  76.544876 75.24956  73.821106 73.016945 72.45347  71.7294
 70.590096 69.16845  69.68573  68.66668  69.06785  64.47584  63.302742
 61.931892 61.275047 62.031727 61.703194 60.888542 62.254753 61.920807
 61.920326 62.296314 60.977985 59.96776  58.55229  56.72702  55.35121
 53.63091  52.167995 50.61329  49.896152 48.81805  47.986893 47.18347
 47.31642  48.335922 49.057846 49.444923 50.46069  51.52588  52.432346
 53.497566 54.925102 55.563232 56.235325 56.75567  57.288567 57.697716
 58.692856 59.343685 59.64871  60.327408 61.879845 62.766663 64.30665
 65.82369  66.41374  67.05271  68.43872  69.10836  69.81809  70.22779
 70.5102   71.34154  71.45987  71.90221  72.34261  74.1937   74.96007
 75.01797  74.45188  73.807465 72.849236 71.55109  69.81879  69.872
 69.16213  68.46028  66.41017  54.391262 46.907387 44.01729  45.217503
 46.74376  47.88388  48.63001  49.067085 48.928486 49.17812  48.576687
 49.06976  49.37784  49.94582  50.09955  49.97628  50.097206 50.609512
 50.808064 51.389988 51.703022 51.767204 51.74977  51.915363 52.035793
 52.09632  52.090736 52.176884 52.56009  52.4172   52.301384 52.30742
 52.03191  51.645115 51.16999  50.709923 50.395233 50.062187 49.7272
 49.47112  49.11662  48.826244 48.49674  47.880344 47.27032  46.962402
 45.524403 44.99904  44.301777 43.45415  42.746384 42.38943  42.268883
 41.580452 41.328743 40.85242  40.30434  40.095905 39.592743 39.298992
 38.857716 38.76779  38.676483 38.451927 38.186687 37.8745   38.104095
 37.90294  37.960003 38.19802  37.858036 37.97832  37.63291  37.846283
 38.303913 38.22125  38.314735 38.740376 38.983162 38.891804 38.934074
 38.878155 39.205    39.02595  39.2068   39.288494 39.036304 38.653553
 38.548157 38.38066 ]",6614.13232421875,43.770992279052734,"[45.900387 34.031746 30.540466 30.47531  30.251389 29.858955 29.966703
 30.08301  29.938316 29.75671  29.700895 29.650017 29.15749  29.347397
 28.914494 28.751627 28.662746 28.856897 28.444952 28.622633 28.669159
 28.448612 28.868229 29.168793 29.08683  29.151873 29.20576  29.357819
 29.515041 29.586403 30.711466 30.706018 30.824331 31.38097  31.993475
 32.961803 33.843437 34.905525 35.945053 37.154053 38.625053 40.354492
 41.90104  44.329792 46.23325  48.848446 51.068653 53.837    56.522022
 58.83302  60.818058 62.289234 63.699856 65.12263  66.02759  66.66577
 67.0125   67.44779  67.35628  67.275276 66.73518  66.084206 65.12696
 63.65909  62.484722 61.27737  60.19449  59.511185 58.978798 58.500557
 57.798866 56.91239  57.058876 56.07846  61.31443  58.59464  57.85835
 57.031975 56.52462  56.841595 56.43493  55.739815 56.81021  56.754307
 56.806004 57.29789  56.709347 56.147877 54.758663 53.398182 52.31269
 50.955048 49.912273 48.207195 47.645626 46.220284 44.63226  42.716877
 41.76129  42.165382 42.42462  41.549538 41.618862 41.84614  41.88095
 42.235672 43.584373 43.72747  44.07738  44.255558 44.78037  44.93463
 45.652805 46.201572 46.32306  46.919476 47.887604 48.02932  49.084915
 50.10544  50.34858  50.604244 50.939873 51.14625  51.40327  51.40233
 51.665386 52.486164 52.426636 52.745144 53.376053 54.83208  55.7566
 55.473415 55.45351  55.09166  54.70484  54.047478 53.524582 53.73228
 53.322254 53.007748 51.576157 46.221714 39.076126 35.283234 34.206963
 34.15686  34.77492  34.836445 35.765812 36.371258 37.65734  37.363956
 38.831596 39.69672  40.543556 41.32531  41.79487  42.19061  43.374702
 43.765965 44.61865  45.122177 45.683804 46.324272 46.2962   47.2049
 47.713573 47.64886  48.086315 48.813763 48.744114 48.38207  48.49738
 48.162373 47.522102 46.728443 45.8925   45.853374 44.95872  44.343513
 43.5486   42.676956 41.62689  41.461487 40.52933  40.05989  39.386986
 38.0217   37.047684 37.273037 36.33264  36.578705 35.18542  35.332367
 34.503204 35.032364 34.83115  33.83939  33.44713  33.493126 33.10535
 32.86004  33.511696 33.802525 33.06779  33.15238  32.4486   33.345547
 33.044567 33.491726 34.125504 34.019302 34.494717 33.479    33.669537
 34.359417 34.328506 34.420048 34.955997 35.476116 35.509346 35.56956
 35.40556  36.02172  35.55018  35.91892  36.127964 35.896843 35.204296
 34.872513 34.559612]",ok,
00215,poloshort_bend_back_and_front,wham,341,341,341,1.0,frame_ids,0,58.27763366699219,6180.0712890625,43.336265563964844,"[28.859499 23.9702   23.754553 23.349924 23.256544 23.083607 23.14311
 23.21896  22.780546 22.957901 22.742708 23.038055 22.865545 22.966673
 23.051025 22.865656 23.049006 23.107029 23.576538 24.033234 24.229248
 24.585213 24.843838 25.143072 25.419483 26.550133 27.796827 29.662416
 32.38172  36.767426 42.17979  48.00638  56.962376 64.27225  71.588356
 78.8543   83.24344  87.153595 92.59339  91.75283  85.66416  76.20124
 77.9181   70.90652  68.77061  65.60265  60.54763  60.63865  59.493904
 62.850677 67.21751  67.828804 69.45738  68.84112  65.4661   62.9272
 60.82057  57.90802  55.61771  52.920654 49.596123 44.92089  41.1818
 37.328625 34.43777  32.17012  30.327217 29.314224 28.260492 27.852724
 27.295856 27.202206 27.552456 27.47055  27.329708 27.37758  27.69845
 27.77156  27.821346 28.031624 28.571457 29.414799 29.641478 29.925787
 30.350107 30.907593 31.606138 32.501102 33.184113 33.950283 34.509148
 35.501316 36.293957 37.060844 37.537933 38.147358 38.76169  39.54086
 40.460186 40.992657 42.097446 42.71069  43.619972 44.485928 45.340405
 46.51889  47.60085  48.657356 49.700874 50.660866 51.85477  53.060978
 54.518616 55.488174 56.593983 58.008007 59.003925 60.338947 61.515064
 62.521465 63.65326  64.67297  65.8348   66.87105  68.02611  69.29803
 70.7498   71.71604  73.00747  74.36586  75.26428  76.80289  77.88085
 78.736855 79.56998  79.80677  80.23393  79.427635 79.2567   78.747185
 77.60892  76.53221  75.00325  73.251724 71.33122  68.94986  66.35024
 63.862667 61.168587 58.44289  55.73452  52.771152 50.007812 47.346848
 44.726963 42.176327 40.20239  37.58773  35.745926 33.31156  31.909817
 30.881445 30.28621  30.192183 30.827055 31.97403  33.61167  35.629402
 37.639664 39.689114 41.816288 43.859592 45.248474 46.42274  47.367424
 47.751053 48.761936 49.97821  50.684906 52.02296  53.030685 53.403465
 53.768394 53.1322   51.949177 48.818626 45.84851  44.067223 43.841286
 90.643036 62.11903  58.630405 66.926834 67.20978  66.1991   62.236782
 58.519985 54.229572 50.597733 48.506977 46.637566 45.807796 44.69496
 43.91822  43.242496 43.044136 42.2559   41.240883 45.307865 59.776154
 52.843536 46.50132  42.826614 40.635735 40.67124  40.472847 40.10024
 38.781868 36.73805  35.731434 34.321674 33.627743 33.77156  33.873135
 33.789448 33.93615  33.63587  32.979305 32.084877 31.80822  31.205475
 30.865582 30.636566 30.306585 30.094015 29.682398 29.579454 29.461468
 29.688904 30.046963 30.196747 30.713175 31.497225 32.714973 33.48221
 34.35866  35.42294  36.26791  36.89943  37.988586 38.499256 38.902554
 39.468296 39.77141  39.486412 39.19356  39.06593  38.333908 37.547993
 37.069614 36.78843  36.208767 35.33398  34.623756 34.170776 33.763664
 29.178251 30.174416 29.852322 29.09338  28.709927 28.058538 27.467897
 26.966427 26.94332  27.092316 27.730408 28.555557 30.354258 31.804003
 34.039394 37.62828  40.57681  45.313683 50.476307 51.40348  52.97176
 56.766068 58.82393  57.79743  57.605312 57.686024 56.979366 54.423183
 52.571476 48.70103  43.958294 40.06531  36.050564 34.077335 32.16917
 31.390406 31.396158 31.772058 32.278263 32.16894  32.757175 32.5106
 32.680073 32.776306 32.72175  33.13404  33.226807 33.181908 33.138462
 32.70151  32.588276 31.961945 31.659864 31.80088  31.778694 31.79698
 31.640093 31.524122 31.428455 30.831156 30.688257 30.645649 30.297874
 30.251461 30.014568 30.00092  30.006493 29.625822 29.370815 29.268263
 29.329155 29.054502 28.870049 28.821724 28.494825]",6221.1640625,38.81840896606445,"[28.141594 24.732374 24.715527 23.977345 23.607159 23.239536 23.05829
 22.86662  22.690119 22.756502 22.824554 22.993675 22.718876 22.787584
 22.722294 22.446556 22.874683 22.724882 23.279926 23.567612 23.363049
 23.736757 23.826485 24.069622 24.57991  25.352282 26.362394 27.676813
 29.701859 33.038643 36.424923 40.490456 46.77345  51.995983 57.32403
 62.392895 65.15241  67.789764 71.28096  71.59557  68.28082  62.600693
 63.886658 59.764038 58.947166 56.955013 53.031307 52.87817  51.704346
 54.075386 56.905094 56.962376 57.665108 56.778313 54.134834 52.19522
 50.74841  48.204166 46.563026 44.7433   42.510864 39.135063 36.02623
 32.984425 30.681213 28.86253  27.241318 26.318272 25.327923 24.908178
 24.023855 23.585833 23.727814 23.593761 23.265787 23.307932 23.630972
 24.130293 24.314022 24.87565  25.703913 26.903248 27.442669 28.182129
 28.839483 29.471039 30.353456 31.307604 32.522312 33.48899  34.334667
 35.577656 36.701332 37.669903 38.499226 39.53547  40.377514 41.39992
 42.543636 43.301746 44.679832 45.34345  46.45251  47.27916  48.379807
 49.753307 50.754356 51.896347 52.899555 53.76978  54.995552 56.136368
 57.60731  58.505142 59.5198   60.866295 61.66005  62.96324  63.999557
 64.94276  65.99721  66.9524   67.88959  68.87681  69.716385 70.96571
 72.29223  73.0654   74.2747   75.30965  76.02972  77.41413  78.25167
 78.84203  79.51406  79.601425 79.81182  78.991295 78.636444 77.986664
 76.68042  75.3169   73.82911  71.93156  69.81599  67.55609  64.85876
 62.278877 59.472572 56.795506 53.84202  50.77752  47.767048 44.868504
 41.888325 38.926765 36.131985 33.10776  30.366728 27.4191   25.360323
 23.730473 22.537338 22.159594 22.653023 23.846485 25.822876 28.462107
 31.02848  34.087677 37.013653 39.96282  42.25807  44.400497 46.29777
 47.71072  49.23943  51.25128  52.524002 54.292942 55.459393 55.952152
 55.87906  54.49074  51.79465  47.965687 43.903454 40.949314 38.916924
 95.30442  56.596535 41.190247 45.33605  49.173916 49.787666 47.02993
 43.890907 40.01167  37.31996  35.67518  34.847485 34.041233 34.43241
 33.97205  33.77813  33.699806 33.537453 33.184437 35.42738  42.65351
 38.824818 35.95907  33.964554 32.582535 32.0357   31.610247 31.118141
 29.977058 28.692253 28.212597 27.379692 26.870691 27.065685 27.093096
 26.646654 26.70528  26.265501 25.638132 25.129827 24.969763 24.27609
 24.021955 23.759583 23.223312 23.093313 22.609032 22.5781   22.321117
 22.490894 22.703955 22.740097 23.174679 23.774902 24.649216 25.161003
 25.93296  27.22629  28.185368 29.08497  30.526707 31.02433  31.69683
 32.54263  33.04928  33.008457 32.96015  32.872986 32.125557 31.521074
 31.284716 31.007671 30.494253 29.65723  29.108261 28.364254 27.553753
 26.156866 25.957832 24.959074 24.176136 23.41088  22.981749 22.581367
 22.419909 22.406303 22.434597 23.048832 24.129892 25.782375 27.138063
 29.159824 31.59147  33.719135 36.730976 40.123936 40.78965  42.072628
 44.397385 45.920776 45.56504  45.70487  46.13259  46.100533 44.784756
 44.041824 41.99474  39.38873  37.299988 35.014572 34.058643 32.905872
 32.29364  32.21753  32.50508  32.575127 32.30561  32.184902 31.866894
 31.494125 31.23849  30.833763 30.835052 30.409336 30.105762 29.618164
 28.979614 28.551971 28.065556 27.711546 27.51707  27.277058 27.009243
 26.697405 26.616125 26.343609 25.676517 25.627111 25.605383 25.500143
 25.31918  25.035463 24.958527 24.875036 24.711164 24.596376 24.539047
 24.528446 24.334162 24.176657 24.03801  24.0934  ]",ok,
00215,poloshort_soccer,wham,285,285,285,1.0,frame_ids,0,33.0954704284668,6600.0888671875,41.0654411315918,"[32.200012 39.397873 42.569138 42.691605 42.515972 42.38128  42.437183
 42.857178 42.66321  42.68603  42.958885 43.20027  43.32498  43.415787
 43.56552  42.975494 43.43424  43.735447 43.77167  44.067757 44.656677
 44.272724 44.134876 44.518135 44.706528 45.789486 46.213688 47.07686
 47.22925  47.995193 49.44406  51.03094  52.490227 54.15975  56.420105
 57.884857 57.192276 56.471302 53.808125 52.432636 52.773415 51.243683
 49.609703 49.58845  46.766705 43.68674  43.78443  45.315586 45.02726
 42.60261  42.644485 42.432167 42.170002 42.775215 40.737667 38.81404
 38.57071  38.754154 39.218796 40.32962  41.451637 41.68701  41.104607
 40.859478 40.998863 40.04774  39.628647 40.47414  42.393486 43.411373
 46.027214 48.6439   51.052994 53.373806 53.014603 54.445858 51.57122
 49.180904 47.92452  47.393135 48.20613  50.27645  56.985447 58.5366
 59.550488 58.351078 57.820587 59.259197 55.181732 53.536697 52.94347
 51.462082 50.341965 47.96813  47.338127 44.52547  42.47521  40.852818
 40.610584 40.71851  39.58073  38.52183  37.85435  38.402695 39.321125
 41.726887 42.854362 43.585434 44.031178 44.09548  44.699646 44.48352
 44.458996 44.894707 45.443916 45.969765 45.954662 45.11394  44.45036
 43.334766 42.70458  42.631947 42.957672 43.219666 42.956993 42.657295
 41.94216  40.376434 39.534485 39.173855 38.804573 38.61432  39.574585
 40.98292  42.677944 43.927475 45.137833 47.7444   49.51811  51.61512
 52.483715 54.76626  57.157276 57.76027  58.076553 57.31691  56.36615
 54.996563 54.027832 52.550617 50.827072 48.713493 46.55748  45.52943
 44.343613 43.662735 43.329258 42.412537 41.742977 41.035355 40.332783
 38.960884 37.912674 36.908634 36.42689  36.993668 37.100666 37.682182
 38.131992 38.649605 39.306572 40.332153 40.45412  40.150673 39.44729
 39.061012 38.10023  37.23417  36.63527  35.8953   35.0291   34.2339
 32.4434   30.884842 29.681322 28.73912  28.747023 29.893066 31.403072
 32.68111  34.354244 35.80942  37.69632  39.397533 40.208836 41.70691
 44.001976 45.43341  47.804455 48.1663   48.67921  49.625473 50.14876
 49.78605  48.66395  48.878456 48.491467 49.002274 52.203777 53.290745
 53.126583 52.260483 50.972507 49.60569  47.181717 44.160877 43.585266
 41.61389  40.630913 40.60202  39.680733 39.46904  38.722515 39.2672
 38.114796 36.42562  36.316505 36.012383 35.20489  35.159927 34.709118
 33.889187 32.91939  31.483944 30.892729 30.335297 29.645645 29.332361
 28.983791 28.65702  28.89053  28.727411 29.032228 29.101793 29.256884
 29.27835  29.349108 29.441154 29.048433 28.630857 27.987728 27.213614
 26.36784  25.579172 25.385813 25.440374 25.489422 25.726255 25.900398
 26.08212  26.058516 26.159819 25.72179  25.746851 25.637062 25.505234
 25.3332   25.27882  25.133022 25.093357 25.199818 25.137697 25.226934
 25.335857 25.23861  25.36957  25.418331 25.35395  25.459757 25.494158
 25.717472 25.615417 25.759417 25.802769 25.722687]",6657.2236328125,35.26909637451172,"[31.787258 35.535145 37.414463 37.0311   36.762524 36.491333 36.349304
 36.54776  36.26405  36.211433 36.34806  36.463936 36.499107 36.50927
 36.620403 36.182384 36.39223  36.507977 36.361336 36.371616 36.59293
 36.275658 36.027115 36.232243 36.294716 36.879677 37.032898 37.651394
 37.712162 38.12503  39.03644  40.052956 41.11729  42.090355 43.450535
 44.495415 43.72959  43.171642 41.13003  40.071915 41.005386 40.643444
 40.02195  40.958473 39.563557 37.79785  38.346752 39.807976 40.25719
 39.207382 40.073658 40.302708 40.71526  41.884674 40.71491  38.993572
 38.67764  39.353085 39.942314 41.090786 42.42326  42.42758  41.478455
 41.477974 42.143433 40.64891  38.302834 38.55436  38.816288 39.61424
 41.14272  43.67103  46.14393  48.81568  50.458046 51.63789  46.953392
 42.75407  40.245075 38.776413 38.116962 40.155766 48.317238 50.48017
 50.16424  47.465847 45.337723 44.887577 40.510582 38.859566 38.54433
 37.90482  39.516094 39.58212  40.455364 39.541874 39.21263  39.455647
 40.876064 42.080147 41.88249  40.112106 37.73392  35.774906 34.570683
 34.988064 35.209743 35.839317 36.620525 37.97221  40.177654 41.18005
 41.970318 42.72147  43.391663 43.852943 43.713215 42.811768 41.689564
 40.31047  39.708153 39.93277  40.479515 41.00914  40.807922 40.670876
 39.63991  37.60953  35.890903 34.59285  33.56549  32.96742  33.432793
 34.110573 35.144512 35.91822  36.704094 38.641396 40.09856  41.13422
 41.165813 42.576862 43.788235 43.878807 44.326977 44.018536 43.272537
 42.15021  40.855366 38.9753   37.25649  35.35305  33.409927 32.870045
 32.3763   32.357815 32.47736  32.078537 31.633873 31.217224 30.640331
 29.55819  28.393208 27.746218 27.40565  27.74339  27.849674 28.175636
 28.541967 28.725958 28.909733 29.080793 28.901907 28.568613 28.205305
 28.338007 28.212065 28.18284  27.993484 27.243092 26.489697 25.37278
 23.861893 22.893192 22.614758 22.941656 24.108374 26.247784 28.455465
 30.16989  31.941374 33.38939  34.84092  36.26295  36.810978 38.233288
 40.124245 41.576252 43.398376 44.075687 45.12489  46.179325 46.820724
 46.629948 45.824757 45.727764 45.17959  45.181213 47.799183 48.655373
 48.738827 48.157932 47.08185  45.670155 43.52088  40.648293 39.88032
 37.942173 36.67851  36.33764  35.398445 34.817867 33.9073   34.278484
 33.423428 32.21416  32.30091  32.324696 31.631622 31.569794 31.193676
 30.64908  29.82395  28.544367 27.950386 27.504435 26.700466 26.344156
 25.875738 25.499468 25.565567 25.274105 25.28199  25.309309 25.22221
 25.131687 25.24338  25.379642 25.013626 24.692566 24.160467 23.523693
 22.90377  21.969622 21.560995 21.60565  21.464535 21.471718 21.494864
 21.493507 21.447023 21.744257 21.600447 21.885822 21.853434 21.911911
 21.757679 21.904474 22.02099  21.930738 22.096945 22.128323 22.336037
 22.642395 22.637093 22.92638  23.15861  23.219912 23.466003 23.528143
 23.904718 23.814997 24.04108  24.172836 24.092167]",ok,
00215,shortlong_tilt_twist_left,wham,360,360,360,1.0,frame_ids,0,37.194061279296875,6283.47509765625,47.948421478271484,"[ 42.512794  32.130497  29.171127  29.202616  29.556702  29.03612
  28.969048  28.718792  28.265368  27.854967  27.108597  26.817488
  27.468687  29.672264  33.01583   36.941383  41.747013  47.99743
  54.218845  59.89606   66.28527   68.30484   69.24449   67.15378
  61.76148   60.579323  58.10807   56.0385    52.364086  50.832237
  50.481075  50.655193  54.023846  55.97311   54.114494  58.57855
  60.458763  61.840897  61.989384  61.43331   59.45989   57.616714
  54.756683  51.87238   49.25266   46.391293  43.861618  41.039154
  38.192978  35.5712    33.15423   30.957129  28.968153  27.425169
  26.434233  27.012262  27.975965  29.027575  31.231804  33.714035
  36.456074  39.20996   41.124992  42.574078  43.74862   44.93476
  45.03185   45.30172   45.000774  44.61087   43.95073   43.26321
  42.829773  42.464832  41.798748  41.459053  40.823635  40.517555
  40.03378   39.409718  39.296543  39.08128   39.144653  39.31853
  39.28864   39.62653   39.695843  40.08113   40.47644   40.764412
  41.807213  42.764175  43.54283   42.71202   41.255596  40.320587
  39.207096  38.39039   35.951378  35.209576  33.613544  32.08576
  31.322136  30.40419   28.083033  28.409895  28.838476  31.359394
  35.878365  39.69955   60.297195 120.32483  167.92534  187.04874
 191.99367  192.38872  186.76523  182.25926  180.9979   172.85431
 165.68141  146.42601  101.57432   69.57052   55.138187  47.78608
  43.65571   40.963215  39.119858  38.446148  37.856686  37.56711
  37.240147  37.13798   36.75331   36.10907   35.51368   34.62516
  34.09886   33.9582    34.331223  36.268303  45.761875  66.88746
 116.61976  152.33514  173.80411  184.75587  191.67328  194.88026
 197.46376  196.99562  196.75731  182.06685  131.73985   93.29877
  73.88317   59.72275   52.72788   48.31669   46.958866  45.613205
  45.188793  44.095657  42.87802   41.445328  38.797493  37.76809
  37.07767   36.4663    35.589413  35.21637   34.31381   34.112095
  34.064373  34.05013   34.368885  34.612694  34.651684  34.467094
  34.131454  34.233074  34.31141   34.133327  34.222103  34.248383
  34.572296  34.56226   34.418495  34.274265  34.10283   34.234135
  34.100216  34.21602   34.293564  34.303326  34.25677   33.776203
  33.7737    33.652878  32.629005  32.36083   32.080853  32.360237
  32.772533  33.130775  33.525692  33.914562  34.269917  33.937984
  33.61085   33.358364  33.279057  32.84517   31.671085  31.392094
  31.72636   31.308596  30.948341  30.379925  30.007694  29.987835
  29.52064   29.433151  29.338587  29.658098  30.106571  30.793514
  32.0125    33.298405  34.683693  35.807945  36.435696  37.361027
  37.735363  38.33251   38.370087  38.51795   38.475567  38.270363
  37.960365  37.781597  37.364933  36.973328  36.829468  36.803375
  36.47737   36.403927  35.869656  35.308136  35.056305  40.29676
  66.95916   55.66512   41.541508  34.934227  35.397675  37.23193
  37.703934  37.594162  37.881477  38.195004  38.588802  38.918415
  39.223503  39.547733  39.977646  39.328278  38.890747  38.284122
  38.24713   37.83685   38.20668   34.485428  35.754536  35.432312
  35.51079   35.841984  35.293713  35.796597  35.890553  36.269806
  36.77896   37.006763  37.029266  36.72116   36.9739    36.819527
  36.638905  36.33234   36.19641   36.108818  35.95217   35.830647
  35.62308   35.657368  36.043705  36.138626  35.737476  35.742886
  36.345726  36.14924   36.08017   36.068634  36.366467  36.90475
  38.0644    39.3801    43.13493   46.143917  47.191826  51.100674
  53.47621   55.54468   56.572975  61.848568  62.380383  63.84457
  60.958652  56.906548  52.148773  47.067326  42.49181   37.815693
  34.972866  32.90516   32.14921   31.990692  32.05149   32.88213
  33.765507  35.09966   35.967804  36.197624  35.843674  36.529915
  36.62725   36.752457  36.887787  36.69922   37.23645   37.735725
  37.792927  38.55193   38.23831   38.769684  38.836296  39.299377
  38.764668  38.57119   38.23634   37.839024  37.03802   36.445423
  35.015785  34.8121    34.35512   34.02489   33.817352  33.673786]",6312.6123046875,39.585784912109375,"[ 39.58002   31.61912   28.599106  28.061842  27.828     27.33355
  27.017944  26.711264  26.40359   26.056751  25.68698   25.743967
  26.469305  28.323294  30.78468   33.607674  36.94639   41.370678
  45.717346  49.51532   53.60432   55.225765  55.798767  54.58954
  51.801968  51.208843  49.923172  48.61677   46.421055  45.407116
  45.259018  45.315174  47.78331   48.895847  47.390495  50.4576
  51.72448   52.477364  52.498356  52.201763  50.560177  49.275894
  47.146347  44.848724  42.816925  40.803684  38.96512   36.91874
  34.919968  32.969673  31.078398  29.173037  27.25629   25.844872
  24.664288  24.403656  24.997217  25.447584  27.272915  29.266851
  31.523037  33.55073   34.95538   36.09372   37.05699   38.296463
  38.49692   38.865936  38.73403   38.48947   38.03668   37.525948
  37.15681   36.845276  36.291706  35.806892  35.485664  35.22666
  34.96047   34.528008  34.607273  34.687508  34.88336   35.088715
  35.446213  36.164528  36.647076  37.415016  38.07377   38.782475
  39.97314   40.993374  41.58343   40.938515  39.839226  38.950176
  38.011208  37.070026  34.602974  33.42379   31.690403  29.885033
  28.516924  27.168034  25.411057  25.685347  25.544495  27.026525
  30.386112  32.782097  44.339508  83.47285  116.301506 130.19258
 134.13972  134.62334  130.32819  127.07438  126.074135 120.00054
 114.8039   102.189064  72.54595   51.877243  42.914803  38.72807
  36.383827  34.925465  33.807766  33.373024  33.029575  32.987003
  32.810806  32.684578  32.35004   32.00322   31.428356  31.024212
  30.64844   30.394943  30.559547  31.813599  37.625957  50.74335
  83.10019  106.80939  121.58933  129.4232   134.66855  136.91548
 138.3236   137.7065   137.35085  126.335754  89.36586   64.02174
  53.84444   45.280975  40.517532  37.434135  36.87805   36.24172
  36.33957   35.618183  35.149048  34.256565  32.14984   31.61269
  31.11927   30.606962  30.043581  29.986427  29.2159    29.108107
  29.092783  29.050737  29.27654   29.304686  29.419384  29.315973
  29.127195  29.352964  29.672878  29.430777  29.523214  29.5816
  29.934355  29.9836    29.853338  29.583633  29.454327  29.488338
  29.38716   29.42993   29.948452  30.362358  30.568356  30.407297
  30.609652  30.62997   29.865221  29.87577   29.67921   30.292263
  30.647203  30.936481  31.353672  31.62137   31.815228  31.583391
  31.276815  31.03983   30.892653  30.361933  29.1811    29.01002
  29.3097    28.808346  28.42479   27.581484  26.974304  26.71362
  25.877312  25.404207  24.759525  24.33042   24.338287  24.81329
  25.864273  26.929502  28.107561  29.043434  29.445627  30.210495
  30.546217  30.877287  30.89334   31.097122  30.846996  30.521637
  30.030943  29.719845  29.021067  28.419344  28.151     27.933659
  27.70064   27.716795  27.369783  27.243757  27.339184  32.834595
  60.959976  52.128147  37.29033   30.733149  30.478905  31.510466
  31.575191  31.454142  31.701971  31.632856  32.055836  32.281223
  32.58331   32.82913   33.27241   32.94647   32.828316  32.733067
  32.827984  32.63666   32.9862    30.406841  31.865534  31.882334
  32.09573   32.442192  32.521706  33.023506  33.34607   33.77867
  34.18968   34.34937   34.350086  34.345028  34.62068   34.591736
  34.49859   34.51553   34.461605  34.674767  34.637962  34.642166
  34.60177   34.943092  35.43793   35.753777  35.77387   35.984856
  36.6713    36.535694  36.44313   36.402946  36.638077  36.76544
  37.32469   37.920555  39.4609    40.763714  41.083584  42.68202
  43.813736  44.663074  44.97744   48.046875  48.26522   49.040302
  47.426105  45.025963  41.941692  38.57922   35.460983  32.146675
  30.028976  28.272396  27.286997  26.8515    26.758535  27.178362
  27.735598  28.297813  28.792     28.885817  28.728523  29.108116
  29.08066   28.878153  29.15355   29.069393  29.426188  29.66551
  29.871086  30.263447  30.067533  30.504623  30.438656  30.740482
  30.44451   30.339064  30.132444  29.944708  29.455177  29.134174
  28.333025  28.211145  27.982487  27.737059  27.689137  27.689697]",ok,
03331,longshort_chicken_wings,wham,112,112,112,1.0,frame_ids,0,45.7140998840332,6376.8984375,39.8372802734375,"[49.619385 27.482687 23.398945 20.465322 21.670906 28.131334 35.71436
 40.82082  35.272457 28.697035 34.19223  35.774136 38.91751  37.958828
 43.88966  46.626232 43.934387 46.22973  48.70866  45.8637   45.04204
 47.972584 52.169098 57.563488 61.126625 64.0858   61.53077  55.404167
 49.45971  47.210976 46.59835  43.80313  40.702076 40.361362 42.30763
 39.400043 39.04576  40.583744 38.861046 39.931328 39.68793  40.622147
 42.12195  46.14296  51.912254 55.210743 58.31938  59.31945  60.713432
 63.035652 64.62075  64.47435  62.927677 59.618862 58.216663 56.82794
 55.768597 51.943424 49.60814  49.910767 48.957348 46.90022  45.044178
 43.19439  40.654064 39.966408 39.10247  37.574455 33.945866 28.96514
 28.745508 29.574083 30.834557 31.376116 32.308178 30.051153 30.516235
 26.080673 20.73328  19.478306 22.132015 22.462336 20.738195 19.302704
 18.99195  19.900545 21.238281 29.209557 32.871822 38.640152 42.337063
 46.13981  47.727196 44.29518  41.90316  41.17689  41.025814 40.624283
 40.435127 40.83942  41.213615 41.36098  39.533276 33.889908 31.998678
 23.523264 20.590645 18.737682 18.576849 18.998096 19.81153  20.015461]",6413.68603515625,29.341629028320312,"[40.018852 23.995108 20.886208 18.536816 18.623075 21.874891 25.857584
 27.990767 26.676796 24.442648 26.841433 27.6857   30.150146 28.931536
 33.042778 36.457172 36.004368 36.9185   37.413975 35.16597  34.71793
 36.04809  37.174908 38.78356  40.087906 40.433117 38.039963 33.71023
 30.13777  29.671618 30.065725 29.804903 29.864115 29.420973 30.858711
 29.298372 28.267368 29.153229 28.137148 28.721834 28.707148 29.40066
 30.457998 33.06378  36.687855 39.283504 41.293617 41.893925 41.809235
 41.975777 42.08498  41.458057 41.341473 40.09696  39.576218 38.55288
 38.01812  34.76189  32.89471  33.426643 33.240955 32.59268  31.238443
 29.66167  28.421215 27.867315 27.202576 25.518606 22.824987 19.43372
 18.83681  19.242188 20.419088 21.556961 22.644972 21.98693  22.837132
 20.885057 17.530771 16.125782 19.063244 19.121634 18.249971 17.870695
 18.318687 19.571787 20.644257 25.57756  27.799803 31.493391 33.607197
 35.71217  36.24901  33.698776 31.610828 30.548712 30.271313 30.306866
 31.041027 31.788252 32.206993 32.642113 31.497616 28.650938 27.342087
 21.792368 19.668007 18.968653 18.695452 18.48678  18.57599  18.42502 ]",ok,
03331,shortshort_punching,wham,206,206,206,1.0,frame_ids,0,44.88846969604492,6257.8447265625,43.297603607177734,"[ 59.686436  31.935062  28.122963  26.365473  26.120525  25.099295
  24.993408  24.470688  24.092066  23.656818  23.712873  23.392553
  23.12005   23.14324   23.622723  25.944761  31.076199  38.825863
  45.9186    46.116158  42.10084   38.00985   38.119247  40.43594
  44.015446  47.56482   52.124714  54.0019    52.732346  57.79555
  64.24514   70.120056  70.98224   69.39269   63.426197  58.783287
  52.14073   48.28642   46.51535   47.42789   48.62329   48.4386
  48.4035    48.623096  48.711277  48.070904  46.024323  43.302727
  40.09277   38.760754  38.018642  37.212524  36.867775  39.8929
  46.146152  55.887463  67.0964    80.75855   91.67261  103.68475
 104.08788   91.43202   85.09881   71.8034    62.169388  50.944378
  43.175125  40.226418  44.32122   47.126236  46.330765  41.796913
  34.37672   30.158102  30.233013  32.01448   34.92729   36.37946
  35.479317  31.953074  35.242783  41.5671    42.198315  43.751286
  41.53772   39.316757  36.418118  33.293114  30.941582  28.000427
  26.982447  28.51234   33.242153  40.775368  45.35788   43.911606
  38.25953   34.83434   35.692234  37.962322  38.948612  41.01619
  40.00049   39.1301    37.530315  36.204132  45.052555  65.28836
  74.78171   82.70234   86.20122   86.442825  84.23407   82.306206
  79.27253   75.334816  68.3484    59.578938  56.00049   49.453407
  45.474144  41.242805  39.02625   38.96985   39.041718  39.55706
  40.006985  39.309406  39.159443  37.56602   38.592224  39.937546
  43.28975   47.11316   51.24028   57.697216  65.014725  73.09387
  80.48333   86.950455  82.75695   73.27517   65.81578   60.671947
  55.708378  50.113613  45.529976  43.69979   40.218113  37.25277
  38.922516  39.33517   38.04209   34.7352    30.022192  29.524597
  31.816349  34.69409   34.399582  33.918728  32.80405   33.05327
  32.05187   33.21976   32.84911   32.601696  32.584553  31.02405
  26.785246  26.402027  30.172325  33.510952  32.755844  30.861933
  30.722775  28.196833  26.713146  25.592728  25.031687  24.607937
  24.816181  25.247171  25.871813  26.897478  27.692158  27.792078
  27.575783  27.77389   27.84504   28.395313  28.662628  29.123436
  29.228003  29.243084  29.502398  29.277914  29.974943  30.199228
  30.8853    31.476236  31.997875  32.466488  32.274734  32.425907
  32.16825   32.147346]",6303.34765625,32.63777160644531,"[48.108547 28.831415 25.940983 24.4924   24.202585 23.34004  22.906055
 22.401793 22.2266   21.818987 21.62117  21.467077 21.49742  21.647295
 21.895626 23.391626 26.36449  30.711174 34.65246  34.21371  31.933586
 29.517756 29.66922  31.414806 36.38504  40.267056 42.92628  42.882534
 40.296246 40.903717 43.167667 45.926765 46.2506   45.12359  41.53541
 38.936275 34.70168  33.230183 33.41238  34.8898   36.362404 36.897243
 37.12761  37.41249  37.629658 37.522884 36.876007 36.56454  35.432648
 34.98584  34.39553  33.786385 32.772884 33.298923 35.670307 40.240433
 46.52366  54.99244  62.874622 71.8431   72.7224   65.389435 61.69477
 52.92226  46.28442  38.12351  32.868107 30.539215 32.394882 33.305992
 32.58514  29.592817 25.412426 24.009415 24.929256 26.771902 28.51483
 29.343252 28.723429 26.417265 27.638449 30.46768  30.809843 31.710855
 30.064064 28.407639 26.373968 24.391132 23.218102 21.378239 20.607395
 21.042213 22.9535   26.082752 27.748892 26.572721 24.060448 22.43782
 23.509207 25.261248 26.09577  28.521688 28.783249 28.600395 27.642763
 26.259676 30.57626  43.0616   49.357906 54.604218 56.992275 57.329895
 56.163086 55.175037 53.523663 51.255836 46.93089  41.55558  38.830395
 34.519268 31.85941  28.725714 26.733837 26.110128 26.154871 26.805887
 27.564598 28.010725 28.475494 28.115519 28.664038 28.23929  29.122787
 30.448286 32.74904  37.13297  41.978912 47.41844  53.1657   58.103798
 56.200165 51.36845  47.790436 45.33429  42.229267 38.03475  34.23326
 32.68784  30.903736 30.504658 30.840387 30.232742 30.191555 28.85838
 26.179136 26.042744 28.052011 30.8164   31.451445 31.174994 30.258923
 29.75308  28.69754  30.283451 29.2419   28.441721 28.310366 26.664377
 23.446297 22.085972 23.289295 24.708138 24.878933 24.570955 24.527714
 23.47602  23.058784 22.983154 22.63447  22.233704 21.899818 22.21849
 22.62673  23.327866 23.809494 24.04256  24.04506  24.076017 24.101942
 24.423065 24.59202  24.77038  24.66049  24.76534  24.884003 24.797985
 25.235693 25.391535 25.935032 26.31507  26.772255 27.269627 27.303656
 27.567923 27.414143 27.511782]",ok,
03375,blazerlong_babysit_trial2,wham,172,172,172,1.0,frame_ids,0,47.5970573425293,6248.4462890625,67.5535659790039,"[ 36.84097   54.06502   63.326008  66.58201   74.02454   71.01253
  57.708767  44.151382  44.026367  49.616444  52.194263  55.875862
  60.756355  61.387657  59.64824   59.286026  56.489677  57.760967
  61.8645    68.205986  72.62046   77.632256  78.10623   77.82817
  77.25546   74.86014   71.684364  68.90561   67.34159   67.27857
  67.55897   67.94048   67.06297   64.69607   60.39391   54.302486
  47.666847  42.61555   40.176308  39.84726   43.828815  51.165855
  65.38598   82.71242   89.63416   97.985466 104.03991  100.2309
 100.30683   96.83995   99.585594 108.310135 117.62281  129.77715
 136.76334  131.32451  132.03172  132.21832  128.56294  113.84563
  95.182785  85.5641    73.90664   62.961937  61.13831   61.804993
  61.3893    62.850014  62.044178  63.777336  65.37364   65.052666
  65.184616  67.42861   68.67131   69.918594  70.86847   72.51342
  73.48193   72.73086   72.003685  71.09036   68.89923   67.398865
  65.74637   65.4424    65.58291   66.01363   65.42133   65.723976
  66.50009   66.8242    67.67149   67.955284  68.41704   66.986855
  65.60693   55.296436  56.84828   57.88184   54.737682  53.535183
  50.581142  52.327595  54.861412  58.45162   61.75615   64.50286
  67.135056  69.21823   71.18639   72.49683   71.659805  70.73584
  69.35578   68.76516   66.74625   64.718796  61.415882  59.856823
  58.24489   57.957283  57.13344   55.81947   56.88614   53.98176
  53.75247   56.40747   60.12133   63.499355  63.87049   64.946724
  62.815063  60.886463  60.36322   54.386948  46.16526   45.83246
  46.954403  46.0402    46.388084  49.668076  52.96403   56.986485
  62.536606  64.82206   67.11142   69.301445  69.787636  70.79339
  70.550865  69.08377   68.24412   67.24836   65.580986  63.37907
  63.029057  60.477222  58.796223  55.95798   55.552197  54.88016
  54.970387  56.080627  58.7188    61.84844   66.63623   75.23182
  79.18107   76.0546    71.05827   68.25914 ]",6346.25,45.43208312988281,"[37.370342 46.78006  50.53402  51.112785 55.308403 53.536972 45.452896
 36.618587 35.568615 38.185608 38.550873 39.839725 42.90675  43.38524
 43.51707  45.40802  44.63459  46.286423 49.479862 53.959187 55.862595
 58.283955 58.18071  57.76831  57.381947 55.957626 54.200695 52.630577
 51.710125 51.59153  51.465843 50.628548 49.226345 46.595444 43.488403
 40.458183 36.567993 32.813824 30.217993 29.752136 32.29839  37.979446
 47.354874 58.050365 60.979794 65.757385 68.457954 64.636765 63.917896
 61.033684 62.516815 68.10268  74.22717  82.681656 87.848755 84.323845
 85.1117   85.473946 83.27366  73.17069  60.14553  53.615154 45.40433
 38.36405  37.80639  38.677963 37.752068 38.237915 37.507626 38.663948
 39.87763  39.764465 39.55453  40.97036  41.74733  42.149734 42.41009
 43.023365 43.197453 42.521996 41.956375 41.52218  40.150387 39.18816
 38.779034 38.925617 38.931217 39.228424 39.011192 39.272022 40.0477
 40.85635  42.04778  42.41087  43.107723 42.935844 42.54262  35.866516
 37.836845 38.035774 36.576225 36.589146 35.246468 37.434315 40.012775
 42.635174 45.568493 47.323643 48.797455 50.84449  52.653164 53.190414
 53.129093 52.096645 51.102562 50.9934   49.043667 47.23535  44.20729
 42.272484 40.251568 39.54317  38.145405 37.168976 38.083466 36.566177
 37.092445 40.25985  43.897892 46.350243 46.838593 47.82509  45.7616
 43.52263  42.156857 36.659676 28.721636 28.067806 28.860746 28.485695
 28.29431  29.88241  31.838577 34.505608 37.953735 39.48857  41.0603
 42.504684 42.758274 43.33211  43.343277 42.12896  41.401405 40.716034
 39.696007 38.594097 38.441437 36.745747 35.77078  34.31436  34.50355
 34.506535 34.532333 35.575504 37.213036 39.360413 42.762173 49.16831
 52.51168  50.182117 47.847137 47.71175 ]",ok,
03375,blazerlong_volleyball_trial1,wham,162,162,162,1.0,frame_ids,0,58.640159606933594,5986.32177734375,54.45155334472656,"[ 30.421862  47.37051   65.6142    79.81536   90.05625  101.75377
 111.84973  118.381355 111.266685 114.651215 103.32568   95.693146
  87.91421   83.852516  72.15043   63.834347  62.17991   59.720634
  59.636036  50.792435  44.264908  42.645813  42.686924  42.589493
  42.79781   43.345486  43.321583  42.299843  40.300835  39.714993
  41.885303  45.139153  48.03302   42.837673  36.266922  37.674667
  40.30675   38.54171   39.197773  35.55409   37.30743   45.079453
  48.01911   54.120693  53.541077  54.07862   52.044918  52.332115
  52.46695   57.65298   63.754776  70.07822   74.50132   68.37753
  61.10597   53.108738  51.513035  53.723125  54.7469    47.67898
  38.439228  38.37714   38.612682  37.249958  35.67017   38.725502
  44.647705  54.345215  63.233776  71.659294  79.56922   79.93529
  79.41548   76.36317   72.40292   68.560005  65.82104   63.061214
  63.09381   61.03598   60.134106  60.615803  57.869347  55.931004
  52.629166  44.806816  40.164455  39.991528  39.485077  37.84185
  37.397915  38.522324  40.90649   45.387108  46.88697   45.598343
  44.323715  42.527096  41.558006  40.555943  38.752792  38.33275
  39.755756  40.57008   43.35132   46.22668   48.873127  51.885197
  54.38585   55.642834  54.690533  54.77613   54.650482  54.16413
  51.97421   48.477776  45.474277  45.871548  47.310173  48.68004
  46.23209   44.210945  43.46747   46.30379   47.508938  45.044373
  39.95448   39.274162  40.718422  39.911545  40.86402   40.753674
  41.929222  44.028843  44.74946   45.350193  43.589058  41.841335
  39.770905  40.055565  42.65586   48.56581   53.538555  56.664593
  60.097443  62.915028  64.02027   63.75144   63.469715  61.362568
  60.856613  58.525978  58.582798  60.67148   61.870106  63.80865
  66.969475  68.436615  70.17023   72.48141   75.342804  78.721146]",6027.52685546875,44.509552001953125,"[34.800472 44.289986 54.16469  63.803993 71.36793  80.742744 88.95296
 94.75287  89.44932  92.22504  84.010185 78.16731  71.43658  67.56523
 57.166367 48.840736 44.998276 41.476715 40.89699  35.81384  33.429226
 31.413074 30.54121  29.530043 29.265163 29.681705 29.89242  29.045254
 28.070831 28.606138 31.032001 34.30583  36.86616  34.48279  30.578888
 31.086931 32.461147 32.972378 34.312626 31.723667 32.683403 38.85143
 41.878696 47.206013 47.17404  47.719975 46.140987 46.301617 46.594193
 50.43173  55.004936 60.07166  63.405117 58.67563  53.139824 45.208946
 40.977535 40.221783 39.085594 34.138264 29.134861 29.842459 29.39567
 27.963728 28.034828 31.20309  35.95035  42.383606 48.082798 53.910767
 59.184685 59.27206  59.152523 57.52361  55.284138 52.96399  51.50458
 50.03975  50.454205 49.47178  49.751747 51.06538  50.067184 48.49736
 45.948086 40.511787 38.262196 38.945206 39.75374  38.56286  38.104576
 38.06411  37.946465 41.369595 43.532204 43.013317 42.350063 41.522205
 40.76271  39.747604 38.296116 37.98467  38.326893 38.298492 39.34316
 40.49419  41.23252  42.064125 42.544323 42.210236 40.720135 39.955486
 39.55282  39.406174 38.52569  37.14669  36.146317 37.076054 37.56377
 37.519062 35.223736 33.52868  34.289547 38.001244 39.66492  39.019493
 36.53292  36.529213 37.030293 36.13132  36.260967 35.107883 33.86601
 33.34396  33.005016 33.012184 32.22881  31.771765 30.37416  31.038473
 33.32805  38.17651  42.81443  46.009544 49.857018 53.00581  54.70759
 55.826992 56.392445 55.497665 55.375275 52.947475 51.810738 51.907707
 51.468727 51.35092  52.408684 52.41085  53.249138 54.72995  57.53566
 61.706173]",ok,
03375,longlong_basketball_trial2,wham,207,207,207,1.0,frame_ids,0,70.00157928466797,6179.08984375,58.75426483154297,"[ 54.33742   41.37856   36.560024  36.490734  36.551506  37.42306
  40.3293    45.42854   51.97909   56.99495   58.195194  54.842857
  52.953014  53.42348   54.323593  57.197697  57.349266  56.975563
  57.516933  57.923023  57.119358  56.733963  55.321583  53.358322
  51.76328   48.286762  43.95178   39.187515  37.854107  42.598633
  46.479332  52.575974  53.12225   51.649635  49.219902  49.38232
  46.85057   46.284557  48.339813  53.17927   58.51333   64.70169
  70.04545   71.34295   71.988205  66.99937   62.431     54.79439
  46.172672  39.748535  34.982998  34.849865  38.29714   43.875553
  51.56508   57.984455  63.96131   70.684326  78.18881   85.6335
  92.99345   98.068275 100.5647   102.08579  102.36566  101.828064
  96.29988   91.48384   87.78137   85.96745   80.48822   73.33584
  67.4058    63.39112   60.007206  55.166172  51.431637  41.826607
  33.486965  37.44501   52.1125    63.576447  69.86428   73.77244
  73.99496   71.11431   70.51596   70.201385  72.62019   75.50326
  84.13163   92.606705 102.498505 110.60089  120.51979  129.23093
 128.61446  123.61289   99.29496   71.27254   57.99292   50.886604
  47.660038  50.405468  51.77697   53.672527  60.741505  67.41349
  72.01917   66.81992   59.10819   50.212807  42.682514  35.310955
  33.471737  36.005634  39.692883  42.999332  45.03155   45.196407
  46.11326   46.171345  45.8175    43.444     41.00231   39.237698
  41.65703   46.408157  49.666176  54.923313  62.806034  72.083435
  77.734665  82.69084   80.351364  71.97746   64.10181   52.376312
  46.201324  46.749268  42.82989   41.178055  42.042606  42.119377
  45.32718   50.624126  55.837505  58.27795   61.672047  65.34668
  67.49465   68.80931   69.94536   70.79592   71.41516   70.90744
  69.55701   67.5725    65.64711   63.075207  59.800156  57.641727
  53.306637  49.207493  46.406242  43.7128    43.09358   43.210205
  44.09429   46.078312  49.21862   53.595474  57.469944  60.90254
  63.726543  69.74115   74.03949   76.8257    79.062355  77.13419
  77.28683   76.16162   72.474785  66.03947   58.07647   50.7489
  46.13635   39.87978   37.15733   35.81064   37.18795   35.872284
  34.181713  38.07647   43.663754  44.117214  46.716064  52.31463
  50.472656  52.312153  52.24745   48.6532    47.36806   43.012085
  35.367912  28.72519   25.439928]",6249.1533203125,45.93255615234375,"[48.25594  37.45793  32.77505  31.64941  30.98256  30.973852 32.350857
 34.865868 38.619923 41.481308 41.888878 39.7244   39.107323 39.37229
 40.173283 42.903942 43.65242  44.24954  45.559566 46.696026 46.985123
 47.429577 47.178226 46.349655 44.881252 41.9045   38.97945  36.294052
 35.96058  39.859573 42.895542 47.569263 49.136726 49.513195 48.57589
 48.659424 46.0429   43.994415 43.916878 47.01672  50.79254  55.51791
 59.16573  60.022984 61.332966 58.831917 56.09581  50.2387   43.1304
 37.442554 32.41838  30.345638 32.51769  36.598858 42.216972 46.47085
 50.43643  54.913578 60.297966 65.6749   71.0909   74.759224 76.769196
 77.90881  77.787346 76.981064 72.5835   68.9415   66.398575 65.04391
 61.27731  56.453495 52.050743 49.101513 46.910954 43.895573 41.724216
 35.799328 30.628336 32.26043  40.53074  47.272713 51.666786 55.292473
 56.854893 56.406956 56.810295 57.427082 59.462925 61.689484 66.90867
 71.999    78.10362  83.4499   89.50616  95.2447   94.87106  91.61324
 75.78455  57.997185 50.10731  45.485214 42.30269  44.435696 44.39765
 44.358997 48.142254 51.970596 55.203995 51.412155 47.25162  41.173183
 34.96983  28.983646 27.14766  28.761715 31.74935  33.730244 34.868313
 35.02647  35.827335 36.048576 36.05524  34.013298 31.326532 29.628252
 30.565344 33.272945 35.352325 39.471428 45.582447 52.85381  57.559658
 61.636803 59.608265 53.03671  47.00731  37.023014 31.67652  33.30067
 29.977116 28.14587  28.862839 28.51542  30.774519 35.219585 39.830605
 41.887756 44.445515 47.648907 49.085556 50.279305 51.34887  52.515762
 53.42008  53.348858 52.599545 51.645264 50.85528  49.632553 47.613266
 46.138035 43.156937 39.976532 37.14843  34.263668 32.959763 31.998392
 31.90188  32.854954 34.492603 36.974026 39.225292 41.24002  43.13201
 46.89316  49.0419   50.64587  52.128975 51.026    51.090668 49.998524
 47.62146  43.41555  38.642803 34.680656 32.07771  28.274305 27.069628
 26.848166 28.046078 27.494484 27.616522 31.683561 37.834007 38.762703
 40.892715 45.489235 43.825108 44.836876 44.004013 40.700737 39.771084
 36.230118 30.93745  25.7971   21.617458]",ok,
03375,longlong_climb_trial1,wham,182,182,182,1.0,frame_ids,0,74.99932861328125,6185.87548828125,47.22098922729492,"[36.327984 24.327723 25.72271  29.4758   35.74052  43.79017  48.852203
 45.45972  31.765074 24.75442  24.943249 28.307167 31.69159  34.02018
 36.074482 34.29584  30.11786  30.354523 35.10632  40.13342  45.6477
 47.180477 46.732346 45.51838  44.218624 43.12624  43.89933  45.80949
 47.699024 51.317463 56.54487  54.986675 48.776585 43.78352  40.601303
 39.180954 37.75497  37.445595 38.04634  39.075157 40.161232 39.732075
 41.398308 43.784447 44.143505 44.310894 45.011337 45.75493  47.79423
 49.30657  52.53278  54.43715  55.460476 56.12521  55.203995 55.41444
 54.724518 53.978104 53.427074 52.649803 51.573563 51.3043   51.34604
 50.730392 51.307735 51.76576  51.74155  52.45958  53.060307 54.14303
 56.281723 56.833904 57.1203   57.92227  57.307568 55.067772 52.609978
 50.263683 48.766857 45.552685 42.730816 45.40789  49.718662 51.774036
 52.819397 53.887825 55.448376 58.38434  63.167774 66.836205 69.36473
 69.113396 69.829796 70.39819  69.79883  68.508934 66.83429  64.114685
 61.783844 59.459866 56.784782 54.62654  52.716465 50.666477 49.227352
 48.257355 48.1317   47.486576 46.41204  45.02974  45.045284 43.27722
 42.734318 42.419342 44.393044 46.24322  48.468384 49.94948  51.451653
 51.271038 50.134396 47.81485  45.00935  42.113136 39.06053  39.297913
 41.017506 43.20806  45.107685 45.216038 45.074875 46.057896 47.08057
 48.20551  49.143646 50.283813 51.500595 52.295742 54.823086 56.154434
 58.154755 61.089096 62.309677 63.522465 61.625393 61.741734 58.957584
 53.48804  48.661335 46.868973 46.513992 47.09136  48.014893 47.768177
 45.747585 44.871887 44.67335  44.495754 48.21889  48.32606  47.593502
 50.028923 50.967518 49.798573 45.842083 40.964897 35.79066  31.575176
 27.472275 27.31969  29.51605  31.284012 33.694416 36.03831  35.71235
 36.44428  36.56649  35.571926 35.84507  36.00069  36.848362 37.514156]",6235.47802734375,37.71444320678711,"[34.215282 26.463882 25.7032   27.187006 30.483028 35.076595 37.662743
 35.73175  27.26542  22.348558 21.4923   24.776117 28.019407 29.305937
 30.039219 29.110691 25.574177 24.612152 26.203497 28.803663 32.251183
 33.414948 34.040215 34.26155  34.724    34.927895 36.36025  39.017387
 42.34709  47.105396 53.136414 53.897102 50.1819   46.30147  42.397736
 39.83154  36.852238 35.620113 35.52875  35.859608 35.698494 35.017445
 36.11104  37.47787  36.759113 36.190197 36.53482  36.84475  38.08809
 38.93501  41.017273 42.567978 43.88313  44.67364  44.27306  44.961403
 44.54496  44.038933 43.28158  41.777725 39.95031  38.388443 37.601097
 36.436317 36.89316  36.906673 37.441154 38.50234  39.589233 40.066532
 40.86173  40.741714 40.902912 41.50262  41.57332  41.379883 42.07069
 43.467445 44.88184  40.397686 35.363625 34.703247 36.613426 37.93855
 38.5098   39.06588  40.78689  43.294827 47.201157 50.89556  53.681343
 54.463634 55.44119  56.533783 57.23263  57.04996  56.02151  54.336475
 52.65381  50.898773 48.59126  46.777676 44.591164 42.880848 41.073154
 40.264614 39.975624 39.838985 39.41243  38.468227 38.016666 36.283764
 36.06987  35.665813 37.17154  39.471325 41.868626 44.6839   45.82742
 45.36979  43.906662 41.284283 38.058605 33.905468 29.13536  26.807936
 26.982063 28.455282 30.390083 31.595018 32.451145 34.23299  36.19233
 37.76983  38.60571  39.50458  39.59424  39.25993  40.56104  41.0824
 42.272118 44.09686  44.638527 45.45949  44.14157  43.640522 42.307167
 39.78958  37.978584 39.508507 39.212917 38.799446 40.14483  40.23084
 37.199398 34.83538  34.11746  33.933968 36.64026  36.103058 34.8976
 36.435326 37.464787 36.94563  34.9508   32.12463  28.832035 25.872683
 22.680185 22.218267 23.01105  24.07354  25.225294 26.468224 25.838175
 25.537447 25.173977 24.191446 24.549467 25.037127 25.836363 26.487486]",ok,
03375,longlong_golf_trial1,wham,183,183,183,1.0,frame_ids,0,82.57038116455078,6240.9833984375,56.12805938720703,"[ 29.406548  33.29041   39.493538  44.678368  49.1227    57.065033
  56.864487  55.193718  55.390484  56.64578   59.94329   61.713257
  65.561134  66.8802    71.17065   74.672195  73.794136  73.80365
  73.42411   73.70421   74.731224  72.405945  70.527054  66.473015
  64.144196  60.639385  57.60496   57.085945  56.627045  52.937172
  70.30679   96.04128  113.18355  123.53763   94.519775  66.437126
  62.55462   66.21418   75.40083   59.15022   57.942215  64.51837
  54.750732  49.589493  52.839634  54.91851   54.440186  54.645878
  58.616417  67.01439   75.56691   84.897545  95.01426   97.20365
  86.81149   67.84883   50.842686  46.999126  46.510075  45.149067
  42.65454   37.229103  34.796444  36.69672   40.35769   43.645584
  45.479828  48.39051   51.23231   53.147243  55.45116   56.11878
  57.034096  56.319233  54.318924  55.92116   56.687176  57.59546
  56.624332  55.5065    54.735897  54.280834  53.685005  53.06967
  52.63961   52.10532   51.779797  50.586784  50.056248  49.325005
  48.61929   47.368126  46.638695  47.007027  47.946606  49.95136
  53.009415  57.767197  60.44428   61.183544  62.395298  64.22991
  66.18396   69.16902   73.04187   76.64543   78.09642   76.72387
  73.38246   69.32819   69.33548   69.721985  64.770584  42.962463
  41.26602   39.280552  45.779457  49.78943   53.621323  55.453583
  55.388905  51.74619   51.04916   50.995693  51.32518   57.531075
  63.71624   63.251236  66.019516  73.84686   71.79654   63.59291
  50.782074  40.60427   39.066643  38.003693  36.8407    37.805794
  36.810158  36.64221   37.452286  38.13556   38.790817  38.852764
  37.774902  38.12096   37.536194  37.97852   38.41681   39.044727
  40.670326  41.03941   42.58507   43.576286  46.00911   46.670994
  47.460663  47.508667  48.588352  48.728527  51.49034   54.132908
  55.94684   58.622524  63.68591   66.58947   65.03673   64.20114
  68.87542   68.1773    63.774445  56.567234  47.024956  39.887253
  33.98371   31.392296  31.09517   36.94699   44.25691   49.16938
  51.916306  57.38746   62.474457]",6275.4697265625,40.78192138671875,"[30.304127 30.809877 32.659485 34.48053  36.689083 42.161617 42.163696
 41.355423 41.669025 42.138428 43.861176 44.077198 46.01149  46.270805
 48.710022 50.675156 49.59894  49.62183  49.057766 48.921833 49.741524
 48.415203 47.082157 44.086533 43.160973 41.64892  40.65017  41.550556
 42.295288 37.68976  45.085175 62.11537  74.899055 82.827354 61.720383
 43.339897 42.459015 45.707462 53.169544 40.614773 41.33355  46.94165
 41.61179  41.830303 45.579674 46.02808  44.244034 43.533314 47.696968
 53.793205 60.062664 66.52776  73.62129  75.57464  67.89984  52.793026
 37.957848 33.276413 34.192097 33.845867 31.75357  27.192556 23.81443
 23.573124 24.548641 25.416553 25.471111 26.98032  28.99853  31.0488
 33.033966 34.55635  35.94646  36.660027 35.898273 35.445892 34.54788
 34.422054 33.410633 32.711853 33.135704 34.15856  35.232574 36.32447
 36.82078  36.75868  36.608746 36.24074  36.552017 36.274704 35.731583
 34.495426 34.218838 34.600307 35.90497  38.02486  40.946724 45.180843
 47.4138   47.83172  48.71048  49.98948  51.263187 53.96052  57.249207
 59.315857 59.704224 57.65518  54.138493 49.59005  49.495533 50.896065
 48.535824 35.09385  32.618504 30.350744 36.558773 40.3732   43.535282
 45.04151  45.930016 43.8232   45.442257 47.118694 47.994804 52.770878
 57.80978  57.24153  58.354122 62.40587  61.38076  55.09919  42.303364
 30.055805 26.924053 25.985785 24.488403 25.928577 24.735987 24.691542
 25.242159 25.973806 26.588818 26.924973 26.750816 27.407862 26.970207
 27.321255 27.588741 27.887606 28.64286  29.102194 30.168926 30.83993
 32.031773 32.450687 32.94388  33.09836  33.828156 33.744434 35.260273
 36.799988 37.835438 39.11586  42.15744  44.036358 43.204353 42.82754
 45.928535 45.884953 43.067287 38.68035  32.94679  28.792    25.942066
 25.561115 25.72604  30.416862 35.40243  38.69738  39.60247  43.142956
 46.267574]",ok,
03375,longlong_handball_trial1,wham,169,169,169,1.0,frame_ids,0,75.97724914550781,6144.3330078125,63.237586975097656,"[ 42.85289   29.949615  25.744871  27.998066  34.21544   38.844337
  39.961296  41.23778   41.18095   46.047157  52.878147  52.60677
  51.855698  50.65247   46.12655   43.95214   45.06366   46.101715
  48.576416  46.630573  49.453686  54.608963  57.07543   57.29063
  55.08298   52.67388   49.04392   48.17882   48.12161   48.718616
  48.491432  45.40775   45.36109   47.18437   49.40398   54.017326
  55.89179   50.146095  44.134365  37.38814   31.940434  28.701303
  26.02575   25.295933  25.098394  26.758472  28.3483    30.914576
  33.27475   35.072887  37.899242  41.10535   44.21087   45.88051
  47.21624   47.982452  49.189217  48.86597   48.421883  48.954353
  49.179256  51.35203   53.687798  56.251373  60.01553   63.83036
  64.81022   67.88189   70.93843   74.79596   71.80701   73.89806
  73.714485  75.5617    69.6677    58.44257   45.90446   39.421288
  39.395836  44.99313   50.698833  52.50678   55.669838  59.16063
  57.05013   54.438297  53.627422  49.04003   48.09146   49.254936
  51.957058  54.967438  55.821644  58.500816  60.93055   62.115273
  63.458614  63.974262  65.29432   68.563614  71.98983   78.09461
  90.07091   94.01125  100.154564 100.57366  101.27122  100.33184
  97.64047  117.574486 155.84338  179.20494  156.64699  164.08484
 162.66782  150.23242  148.57948  151.41722  152.06412  152.88228
 150.79967  149.71194  151.10245  169.73466  170.45349  158.34749
 143.1044   128.6342   116.669014 108.51886  101.31305   90.4618
  83.95235   77.219124  73.88777   64.59518   60.070637  54.323463
  43.125347  37.06838   52.00604   60.156612  62.201405  56.662453
  46.72027   37.37405   34.349247  32.327545  30.010473  28.140102
  26.77042   26.865194  27.637392  27.171156  27.482555  28.396696
  29.712597  29.967422  29.656559  31.16169   34.14868   41.03127
  40.113525  41.69748   41.340183  40.614956  41.02629   41.05486
  40.946587]",6189.19287109375,45.625450134277344,"[ 39.300728  28.921833  25.029676  26.213793  29.499943  31.730011
  32.20306   33.018078  33.100098  35.95114   40.603806  38.580345
  39.4308    38.912426  34.428318  33.4495    34.34405   35.13642
  36.24594   36.415596  38.75057   42.569042  44.67369   44.487595
  42.303707  39.4794    35.942104  36.75272   35.76716   36.587734
  37.232533  36.221855  37.272423  38.330753  39.50892   41.29228
  42.132523  37.863792  33.69983   29.3215    25.972971  24.500393
  22.57701   21.980015  22.103886  23.049873  23.967505  25.960424
  27.538607  28.895237  30.583122  32.72826   35.472603  36.73419
  37.72554   38.721416  39.78424   40.212418  40.77313   41.914997
  42.762264  44.997707  46.967777  48.436436  49.727306  51.843136
  52.35045   55.210392  57.64066   59.559177  55.35114   55.352272
  54.342865  55.135426  50.900818  42.994957  34.123127  30.32794
  31.068151  35.32991   39.01227   39.62598   42.147984  44.4479
  42.520237  40.727566  39.29693   36.172947  35.21559   35.99741
  37.75561   39.16173   39.145153  40.180393  41.458282  41.799065
  42.77641   43.312134  44.3045    46.721375  48.767174  52.796898
  60.179363  62.59501   66.87724   67.465416  67.93136   68.55711
  66.17656   76.32044   99.14473  114.68452   98.25584  102.6499
 101.8633    94.86465   97.56235  102.91811  104.28729  105.125755
 103.520454 100.27311   96.297806 108.44979  110.512634 103.67474
  92.50238   81.9552    73.89787   68.87423   65.47536   59.712368
  56.266968  52.69591   50.75717   45.70721   43.547733  39.586
  32.20741   29.441252  40.355118  44.459476  44.809044  41.4483
  36.03706   30.519289  28.72828   26.200422  23.760767  21.805294
  21.042072  21.139904  21.866096  20.88715   20.29412   20.400654
  21.406202  20.587954  20.181557  21.346464  23.353218  28.871477
  28.154306  28.615234  28.51438   27.778784  28.076359  27.789352
  27.791302]",ok,
03375,longlong_music_trial1,wham,159,159,159,1.0,frame_ids,0,30.64821434020996,6131.53515625,47.42821502685547,"[30.425865 38.544636 52.615543 58.608234 62.090984 60.711678 61.328064
 59.46418  54.87505  51.60421  51.00949  49.808678 48.684452 48.2841
 46.703102 47.398067 47.49343  48.1655   49.61354  50.841167 51.483086
 52.812943 55.047108 57.05314  61.45272  62.96008  64.88181  66.840675
 66.54466  65.88714  64.28309  61.77068  58.506485 55.098877 51.50577
 48.581    47.21417  46.58914  46.68384  46.82692  47.47598  48.38909
 48.220848 47.52683  46.910843 45.485973 43.975803 42.634766 42.309162
 43.340473 46.10587  50.555454 54.938633 58.869083 62.21553  63.59238
 64.73812  65.258415 64.97037  64.03921  62.474907 59.952583 56.202885
 51.04173  46.83581  45.55827  47.006916 48.705585 50.786133 52.744297
 54.22994  55.604046 55.328865 54.39955  52.989956 51.244648 49.3056
 48.662636 48.723522 48.651093 48.066788 48.666813 47.472153 46.63512
 45.946507 43.789    41.751057 39.697105 39.378674 41.751427 43.528873
 45.403522 46.77076  46.90736  46.792267 44.774822 43.298607 43.24712
 43.248287 44.604927 43.291805 42.1575   41.07696  41.265385 42.594265
 44.78093  47.221264 48.287994 49.82098  49.197075 47.990707 48.328053
 49.138252 51.37438  51.493496 51.73793  49.051    44.83926  41.60954
 40.67198  40.416218 40.03248  39.022446 37.376724 37.05304  36.334526
 35.0352   34.98855  33.507732 35.147    35.657574 30.033316 34.191784
 40.53105  45.796104 48.844467 48.586353 45.379845 43.446945 41.801838
 42.69509  42.134705 39.96209  39.002476 36.744404 34.20579  34.29928
 33.89499  33.764774 34.80274  34.484768 35.29799  35.394115 34.713455
 35.204426 35.900513 36.872086 38.680065 39.894   ]",6208.01708984375,35.38395309448242,"[33.680737 37.170807 44.901806 47.995655 49.193455 46.932434 45.714523
 42.916954 39.55281  36.593006 35.00596  34.200153 33.553913 33.393894
 32.691944 33.693684 33.73076  34.2675   35.362316 36.17753  36.821842
 38.714607 41.410816 43.87653  47.807884 48.689648 50.681908 52.832703
 52.850914 52.870407 52.17539  50.42605  47.988693 45.211422 41.928207
 38.650276 36.231213 34.680202 34.176754 33.98867  34.42998  35.175602
 35.082993 34.64941  34.19652  33.201183 32.31613  32.074715 33.00823
 34.936863 36.947662 39.894913 42.61265  45.245502 47.48611  48.495758
 49.442635 49.82543  49.837723 49.47154  48.68074  47.41165  44.782894
 40.60394  37.826084 37.35834  38.230213 38.85911  39.514366 39.62743
 39.2585   38.993176 38.300117 37.885178 37.433464 36.934082 36.151897
 35.99216  35.875458 35.811672 35.276684 35.204163 33.87013  32.53906
 30.790022 28.978199 28.004168 27.22885  27.328016 29.103035 30.341953
 31.321247 32.00393  32.083275 32.295135 31.39947  30.779642 30.845737
 30.77133  31.181871 29.280144 28.888857 28.963865 29.59755  30.949562
 32.39056  33.98839  34.724693 35.829586 36.022728 36.16987  36.73841
 37.455048 38.998264 38.295387 38.259266 36.144573 33.03066  30.74319
 29.889717 29.674583 29.217655 28.303238 27.00972  26.602297 26.13835
 25.095383 25.012674 23.95205  25.495895 25.98753  23.69773  25.51175
 29.653162 33.063595 35.24454  35.026344 32.397354 31.507696 29.944027
 30.679403 30.087896 28.844036 28.82035  27.648134 26.045843 26.892214
 26.959917 26.713425 27.118889 26.659334 27.044086 26.387587 25.917177
 26.638557 27.233318 28.160036 29.225937 30.12483 ]",ok,
03375,shortlong_soccer_trial2,wham,216,216,216,1.0,frame_ids,0,63.36301040649414,6383.255859375,56.737892150878906,"[44.435562 30.268414 24.711334 25.211973 24.927097 26.24583  29.251255
 33.114403 35.86764  39.62714  42.475563 43.8396   43.87905  44.49276
 43.593452 44.365433 44.24125  44.90034  44.556416 46.125614 47.44806
 48.01406  49.229755 51.300358 53.244835 54.54202  55.040123 54.19779
 53.3497   53.644917 54.54946  53.775158 52.293697 52.007298 53.78306
 54.22054  55.722874 56.240826 55.01709  54.433834 52.8554   52.095646
 51.47218  49.338226 47.781227 45.712807 44.46911  43.76914  43.434574
 45.616566 47.58315  50.47743  53.232468 56.418465 57.681934 59.399097
 60.632824 63.29281  64.27219  67.81389  70.398926 71.28143  68.59875
 69.227936 69.102646 70.354706 71.04165  70.70921  73.340385 75.380936
 74.37939  74.522575 74.60419  70.217514 67.41667  62.582165 61.213
 59.756554 59.75143  59.73912  59.25157  58.562912 60.003128 60.075367
 59.18097  61.16395  59.628468 58.61934  57.141796 54.82549  50.999535
 47.697784 45.495358 44.416996 45.586773 46.40007  48.916252 50.907536
 56.081394 58.529175 61.509724 62.718773 62.07154  58.761063 54.7443
 50.447144 47.677616 49.7068   53.126923 57.644672 63.913433 71.77393
 77.62297  82.94331  86.21613  86.829735 85.851166 83.53124  81.157745
 79.14571  78.37358  76.66114  73.5215   70.21475  66.52103  63.44549
 60.629128 60.215637 63.387127 65.03037  62.767506 60.165348 57.545532
 57.626118 60.432045 62.52049  64.16439  64.65249  62.333393 57.45807
 50.514023 42.44145  35.644276 30.4198   27.630812 29.4282   35.69623
 43.628796 50.08788  53.429478 54.670113 54.63368  55.17353  56.933575
 57.228443 56.995544 58.4154   57.069084 54.690426 54.74556  56.0182
 57.73985  59.727726 63.080555 66.49103  69.4037   72.27419  74.25504
 75.819305 77.13723  78.24321  79.44224  80.08186  80.83081  80.951256
 80.17653  79.076614 78.4346   77.42904  76.799675 75.41774  75.199814
 73.92245  72.15533  71.108315 69.585625 68.001144 67.70512  64.98849
 62.806686 60.638634 60.589394 60.914516 60.60082  60.94814  60.64033
 60.2054   58.54866  57.328484 55.564438 54.1681   52.026337 48.96736
 45.42679  40.845478 36.261925 32.726196 31.44802  30.20488  28.94544
 28.016136 27.21043  26.542486 25.965288 24.857513 24.316397]",6435.876953125,45.60150909423828,"[40.367283 30.638544 25.624134 24.073032 22.71509  23.078104 25.347725
 28.756844 31.803862 35.47416  38.293022 39.72846  40.22659  40.68552
 39.141903 38.479237 37.1076   36.703552 35.649136 35.846317 35.753365
 35.053623 35.4535   37.376503 39.269154 40.827263 41.973007 41.967426
 41.45324  41.81035  42.767315 42.80788  42.16515  41.96471  42.63797
 42.29905  42.228672 41.9926   40.238373 39.32375  38.98194  39.341564
 40.042877 39.171177 38.338604 36.13296  35.04141  34.35907  34.46523
 35.23321  35.398663 36.37058  38.100197 41.205166 42.565334 44.392292
 45.894756 48.59149  49.970577 52.571667 54.05578  53.32615  50.400642
 50.089878 49.801647 50.785866 51.293835 50.780815 52.295025 52.89696
 51.909004 51.954422 52.282467 49.675545 47.43882  44.145763 43.22666
 41.900307 41.561012 40.899822 40.310764 39.85106  40.834393 40.90668
 40.28994  41.832848 41.133587 40.591362 39.6458   37.86064  35.114426
 32.533573 30.596346 29.647783 30.94297  31.75072  33.832535 35.523167
 40.423553 43.359753 46.360394 48.74995  50.249325 49.06035  46.113644
 42.48978  41.383255 45.920593 52.396194 59.376102 69.094215 77.59695
 81.93675  86.38143  88.32657  87.84729  86.39793  83.77246  81.35561
 78.978516 77.64626  75.212975 71.28391  67.249016 62.974335 59.241673
 55.84965  55.167053 58.288475 61.098236 58.85406  56.824448 54.38461
 55.415524 58.52531  60.000683 60.148357 58.157146 53.522964 47.240463
 40.090324 33.2065   28.337433 24.629503 22.99296  23.73381  26.892805
 32.15667  36.23765  38.03428  38.23606  37.19349  36.124928 36.026726
 35.367413 34.989925 37.061314 35.486248 33.56943  34.12379  36.69561
 40.314953 44.340435 50.527782 57.330524 62.05145  67.646866 69.78051
 70.24989  69.999306 69.42519  69.31089  68.922226 68.6927   68.343605
 67.57278  66.50188  66.25912  65.847305 65.29222  63.664257 63.07383
 61.88409  59.898365 57.646988 55.853355 52.89246  51.97533  47.546413
 45.0604   42.90445  42.53427  43.229176 42.9983   43.710247 43.899757
 43.873993 42.536583 41.221195 39.806587 38.991554 37.88771  35.744316
 33.645554 30.803635 27.875128 26.078058 25.924501 24.744051 23.50173
 22.882936 21.98521  21.275356 20.575518 19.450129 18.90848 ]",ok,
03375,shortshort_run_trial2,wham,178,178,178,1.0,frame_ids,0,70.41828155517578,6213.70556640625,50.04844284057617,"[58.051487 43.618183 36.11184  33.0792   29.937763 27.234808 24.00577
 22.791508 24.121344 29.026445 34.191673 39.904552 45.95947  48.144283
 43.90239  43.130756 40.441933 43.484486 45.703922 45.126545 43.623898
 43.24259  46.11305  46.823273 46.79662  46.602943 46.02079  44.997635
 46.560047 43.093006 40.03959  37.087784 33.895374 32.945385 34.058613
 38.140594 43.084206 43.110363 45.90613  47.810726 45.516296 44.623436
 45.860683 46.867542 46.83354  47.30248  48.022186 49.981647 52.808147
 55.599674 57.138363 56.947308 57.77533  56.30065  53.578224 49.439907
 42.925175 39.45418  38.8606   42.1682   46.54538  48.55682  49.623005
 48.7164   48.67992  48.33912  48.281944 50.39237  52.9238   55.545803
 58.01836  61.22731  62.261    61.882423 57.822075 51.874767 48.839104
 50.74691  52.51988  55.229973 57.623894 57.132137 58.30389  59.10133
 59.714527 62.70719  65.86932  68.39235  72.94234  77.53756  81.798706
 82.38134  78.183586 73.92972  74.038506 76.85199  78.75014  82.039894
 80.276955 77.294785 74.25191  70.82733  68.005646 67.9603   63.321404
 56.408993 52.298645 49.247284 47.80754  46.766422 44.760998 42.741844
 40.234337 40.033882 42.562424 46.996315 51.05022  57.829067 64.840675
 64.278404 59.67126  55.20552  52.54724  46.841614 50.77323  55.754135
 61.036392 65.691536 64.67766  62.211212 58.82243  54.289726 50.710423
 47.438293 44.321312 44.117794 44.21725  45.966114 46.952656 48.95571
 48.54111  50.465523 53.02525  55.964027 58.27951  57.34347  53.594208
 48.552956 44.717304 42.015198 36.905663 31.762909 28.25232  25.187258
 27.182873 32.316494 39.81979  45.48396  52.066902 54.958645 55.902992
 53.252144 48.561016 45.265736 42.2713   38.68254  37.590603 36.542625
 37.285355 39.906532 44.328426 44.848045 49.75448  50.388012 46.7955
 47.403835 42.921364 39.240524]",6266.94091796875,42.79473114013672,"[49.840008 39.38232  33.711185 31.457146 29.490696 27.74165  25.824373
 24.55934  24.815664 27.14296  29.385069 31.624247 33.674847 34.20557
 32.23325  33.832924 34.775997 39.163742 43.455273 43.09991  41.459377
 39.56018  41.62367  42.726067 43.83223  45.046734 46.322594 46.877216
 48.571667 44.435547 39.89439  35.69824  31.40312  29.975796 31.306963
 36.39679  43.868195 46.192852 46.088993 45.61284  41.913082 37.801624
 37.58412  38.119476 37.907505 37.93029  38.39684  39.75159  42.491142
 45.73538  49.091255 49.986164 51.56448  50.952106 48.359333 44.580593
 38.913498 35.219337 36.425377 42.854313 48.7863   51.127327 51.65499
 48.364292 46.897945 45.748085 44.753944 46.2629   48.362877 50.89924
 55.090458 60.30918  63.33878  63.602962 58.748577 50.83703  45.075
 43.947308 43.699432 45.38281  48.278137 48.431496 48.156143 46.865612
 46.471428 47.86695  50.2537   51.207123 53.12455  55.200706 57.176907
 58.29219  58.573742 59.886078 64.43134  68.70945  70.53529  72.7965
 69.51634  63.94802  59.85922  58.059376 58.378624 59.060905 55.60729
 49.574867 45.975597 44.08139  42.764156 42.09095  40.51272  39.0366
 36.811893 35.208645 35.16303  37.441174 40.011387 47.887146 58.4051
 61.093483 57.719032 52.89801  49.299362 43.419285 43.67694  47.634674
 53.149326 57.74102  56.903286 53.204773 49.96826  45.543377 42.473892
 39.163395 36.714436 36.795395 37.468193 38.28024  37.96055  39.17713
 40.403343 44.417145 48.174736 52.15502  56.718975 55.8112   51.568954
 45.92504  41.2912   37.145813 32.069016 27.086323 23.613081 19.970228
 20.338207 22.527218 26.432251 29.499577 33.384914 35.055187 35.456924
 33.637936 30.24065  27.90006  25.763077 23.685873 23.088707 22.70068
 23.456089 25.682865 29.130795 29.662306 32.925835 33.311737 30.606174
 31.256973 28.443836 26.211838]",ok,
